ContestOrder,Contest,Contest ID,Choice,Precinct,BallotsWith Contest,Votes,Overvoted WithVote for this Choice,Undervoted WithoutVote for this Choice,Ballots WithVotes for Others
1,US President and Vice President (Vote for 1),38,Robert F Kennedy Jr/Nicole Shanahan,301,"1,727",15,1,18,"1,693"
1,US President and Vice President (Vote for 1),38,Robert F Kennedy Jr/Nicole Shanahan,302,"2,559",50,3,20,"2,486"
1,US President and Vice President (Vote for 1),38,Robert F Kennedy Jr/Nicole Shanahan,303,332,2,0,3,327
1,US President and Vice President (Vote for 1),38,Robert F Kennedy Jr/Nicole Shanahan,304,"1,077",14,0,13,"1,050"
1,US President and Vice President (Vote for 1),38,Robert F Kennedy Jr/Nicole Shanahan,305,954,22,0,8,924
1,US President and Vice President (Vote for 1),38,Robert F Kennedy Jr/Nicole Shanahan,306,581,8,0,7,566
1,US President and Vice President (Vote for 1),38,Robert F Kennedy Jr/Nicole Shanahan,307,"4,511",71,0,36,"4,404"
1,US President and Vice President (Vote for 1),38,Robert F Kennedy Jr/Nicole Shanahan,308,149,0,0,4,145
1,US President and Vice President (Vote for 1),38,Robert F Kennedy Jr/Nicole Shanahan,309,"4,322",72,2,46,"4,202"
1,US President and Vice President (Vote for 1),38,Robert F Kennedy Jr/Nicole Shanahan,310,616,13,0,4,599
1,US President and Vice President (Vote for 1),38,Robert F Kennedy Jr/Nicole Shanahan,311,688,13,0,7,668
1,US President and Vice President (Vote for 1),38,Robert F Kennedy Jr/Nicole Shanahan,312,"1,707",31,0,13,"1,663"
1,US President and Vice President (Vote for 1),38,Robert F Kennedy Jr/Nicole Shanahan,313,3,0,0,0,3
1,US President and Vice President (Vote for 1),38,Robert F Kennedy Jr/Nicole Shanahan,314,311,4,0,6,301
1,US President and Vice President (Vote for 1),38,Robert F Kennedy Jr/Nicole Shanahan,315,493,9,0,7,477
1,US President and Vice President (Vote for 1),38,Robert F Kennedy Jr/Nicole Shanahan,316,"1,728",34,1,21,"1,672"
1,US President and Vice President (Vote for 1),38,Robert F Kennedy Jr/Nicole Shanahan,317,170,3,0,3,164
1,US President and Vice President (Vote for 1),38,Robert F Kennedy Jr/Nicole Shanahan,318,"3,767",64,0,30,"3,673"
1,US President and Vice President (Vote for 1),38,Robert F Kennedy Jr/Nicole Shanahan,319,"5,213",69,1,38,"5,105"
1,US President and Vice President (Vote for 1),38,Robert F Kennedy Jr/Nicole Shanahan,320,"1,780",38,0,20,"1,722"
1,US President and Vice President (Vote for 1),38,Robert F Kennedy Jr/Nicole Shanahan,321,328,11,0,7,310
1,US President and Vice President (Vote for 1),38,Robert F Kennedy Jr/Nicole Shanahan,322,269,6,0,2,261
1,US President and Vice President (Vote for 1),38,Robert F Kennedy Jr/Nicole Shanahan,324,520,4,0,3,513
1,US President and Vice President (Vote for 1),38,Robert F Kennedy Jr/Nicole Shanahan,325,156,2,0,1,153
1,US President and Vice President (Vote for 1),38,Robert F Kennedy Jr/Nicole Shanahan,326,"1,900",30,2,16,"1,852"
1,US President and Vice President (Vote for 1),38,Robert F Kennedy Jr/Nicole Shanahan,327,"5,329",77,3,42,"5,207"
1,US President and Vice President (Vote for 1),38,Robert F Kennedy Jr/Nicole Shanahan,328,933,16,1,9,907
1,US President and Vice President (Vote for 1),38,Robert F Kennedy Jr/Nicole Shanahan,329,"7,717",120,2,65,"7,530"
1,US President and Vice President (Vote for 1),38,Robert F Kennedy Jr/Nicole Shanahan,330,"2,157",43,0,19,"2,095"
1,US President and Vice President (Vote for 1),38,Robert F Kennedy Jr/Nicole Shanahan,331,"2,404",17,0,20,"2,367"
1,US President and Vice President (Vote for 1),38,Robert F Kennedy Jr/Nicole Shanahan,332,"2,555",32,0,21,"2,502"
1,US President and Vice President (Vote for 1),38,Robert F Kennedy Jr/Nicole Shanahan,333,"3,631",43,1,20,"3,567"
1,US President and Vice President (Vote for 1),38,Robert F Kennedy Jr/Nicole Shanahan,334,137,2,0,0,135
1,US President and Vice President (Vote for 1),38,Robert F Kennedy Jr/Nicole Shanahan,335,"4,278",86,0,53,"4,139"
1,US President and Vice President (Vote for 1),38,Robert F Kennedy Jr/Nicole Shanahan,336,"2,958",58,1,28,"2,871"
1,US President and Vice President (Vote for 1),38,Robert F Kennedy Jr/Nicole Shanahan,337,"1,089",19,3,9,"1,058"
1,US President and Vice President (Vote for 1),38,Robert F Kennedy Jr/Nicole Shanahan,338,"5,188",92,4,36,"5,056"
1,US President and Vice President (Vote for 1),38,Robert F Kennedy Jr/Nicole Shanahan,339,"4,834",89,4,33,"4,708"
1,US President and Vice President (Vote for 1),38,Robert F Kennedy Jr/Nicole Shanahan,340,"6,965",118,2,71,"6,774"
1,US President and Vice President (Vote for 1),38,Robert F Kennedy Jr/Nicole Shanahan,341,306,1,0,2,303
1,US President and Vice President (Vote for 1),38,Robert F Kennedy Jr/Nicole Shanahan,342,63,1,0,0,62
1,US President and Vice President (Vote for 1),38,Robert F Kennedy Jr/Nicole Shanahan,343,"2,616",49,2,23,"2,542"
1,US President and Vice President (Vote for 1),38,Robert F Kennedy Jr/Nicole Shanahan,344,"2,809",54,1,22,"2,732"
1,US President and Vice President (Vote for 1),38,Robert F Kennedy Jr/Nicole Shanahan,345,27,0,0,0,27
1,US President and Vice President (Vote for 1),38,Robert F Kennedy Jr/Nicole Shanahan,346,275,4,0,2,269
1,US President and Vice President (Vote for 1),38,Robert F Kennedy Jr/Nicole Shanahan,347,55,0,0,0,55
1,US President and Vice President (Vote for 1),38,Robert F Kennedy Jr/Nicole Shanahan,348,27,1,0,1,25
1,US President and Vice President (Vote for 1),38,Robert F Kennedy Jr/Nicole Shanahan,349,577,4,1,2,570
1,US President and Vice President (Vote for 1),38,Robert F Kennedy Jr/Nicole Shanahan,350,"6,380",100,1,40,"6,239"
1,US President and Vice President (Vote for 1),38,Robert F Kennedy Jr/Nicole Shanahan,351,"3,182",41,3,20,"3,118"
1,US President and Vice President (Vote for 1),38,Robert F Kennedy Jr/Nicole Shanahan,352,"1,141",15,1,8,"1,117"
1,US President and Vice President (Vote for 1),38,Robert F Kennedy Jr/Nicole Shanahan,353,"2,235",26,1,25,"2,183"
1,US President and Vice President (Vote for 1),38,Robert F Kennedy Jr/Nicole Shanahan,354,"1,816",12,1,15,"1,788"
1,US President and Vice President (Vote for 1),38,Robert F Kennedy Jr/Nicole Shanahan,355,"1,370",16,0,12,"1,342"
1,US President and Vice President (Vote for 1),38,Robert F Kennedy Jr/Nicole Shanahan,356,"1,668",24,2,14,"1,628"
1,US President and Vice President (Vote for 1),38,Robert F Kennedy Jr/Nicole Shanahan,357,814,6,1,5,802
1,US President and Vice President (Vote for 1),38,Robert F Kennedy Jr/Nicole Shanahan,358,"2,537",23,0,23,"2,491"
1,US President and Vice President (Vote for 1),38,Robert F Kennedy Jr/Nicole Shanahan,359,"2,336",23,4,20,"2,289"
1,US President and Vice President (Vote for 1),38,Robert F Kennedy Jr/Nicole Shanahan,360,"2,850",35,0,25,"2,790"
1,US President and Vice President (Vote for 1),38,Robert F Kennedy Jr/Nicole Shanahan,361,"2,064",25,1,17,"2,021"
1,US President and Vice President (Vote for 1),38,Robert F Kennedy Jr/Nicole Shanahan,362,"6,348",87,0,61,"6,200"
1,US President and Vice President (Vote for 1),38,Robert F Kennedy Jr/Nicole Shanahan,363,"2,946",35,3,33,"2,875"
1,US President and Vice President (Vote for 1),38,Robert F Kennedy Jr/Nicole Shanahan,364,"4,497",63,1,64,"4,369"
1,US President and Vice President (Vote for 1),38,Robert F Kennedy Jr/Nicole Shanahan,365,"4,651",49,0,59,"4,543"
1,US President and Vice President (Vote for 1),38,Robert F Kennedy Jr/Nicole Shanahan,366,"1,650",21,0,21,"1,608"
1,US President and Vice President (Vote for 1),38,Robert F Kennedy Jr/Nicole Shanahan,367,"4,294",44,0,42,"4,208"
1,US President and Vice President (Vote for 1),38,Robert F Kennedy Jr/Nicole Shanahan,368,"3,813",40,1,28,"3,744"
1,US President and Vice President (Vote for 1),38,Robert F Kennedy Jr/Nicole Shanahan,369,"1,665",23,0,24,"1,618"
1,US President and Vice President (Vote for 1),38,Robert F Kennedy Jr/Nicole Shanahan,370,"2,108",24,0,29,"2,055"
1,US President and Vice President (Vote for 1),38,Robert F Kennedy Jr/Nicole Shanahan,371,"2,044",29,1,21,"1,993"
1,US President and Vice President (Vote for 1),38,Robert F Kennedy Jr/Nicole Shanahan,372,"1,712",20,2,21,"1,669"
1,US President and Vice President (Vote for 1),38,Robert F Kennedy Jr/Nicole Shanahan,373,330,5,0,4,321
1,US President and Vice President (Vote for 1),38,Robert F Kennedy Jr/Nicole Shanahan,374,9,0,0,0,9
1,US President and Vice President (Vote for 1),38,Robert F Kennedy Jr/Nicole Shanahan,375,279,3,0,6,270
1,US President and Vice President (Vote for 1),38,Robert F Kennedy Jr/Nicole Shanahan,376,"1,786",16,1,21,"1,748"
1,US President and Vice President (Vote for 1),38,Robert F Kennedy Jr/Nicole Shanahan,377,"2,275",25,1,20,"2,229"
1,US President and Vice President (Vote for 1),38,Robert F Kennedy Jr/Nicole Shanahan,378,947,10,1,6,930
1,US President and Vice President (Vote for 1),38,Robert F Kennedy Jr/Nicole Shanahan,379,"3,866",54,4,45,"3,763"
1,US President and Vice President (Vote for 1),38,Robert F Kennedy Jr/Nicole Shanahan,380,"3,035",30,1,32,"2,972"
1,US President and Vice President (Vote for 1),38,Robert F Kennedy Jr/Nicole Shanahan,381,476,5,0,9,462
1,US President and Vice President (Vote for 1),38,Robert F Kennedy Jr/Nicole Shanahan,382,"3,911",74,5,34,"3,798"
1,US President and Vice President (Vote for 1),38,Robert F Kennedy Jr/Nicole Shanahan,383,"1,576",17,3,13,"1,543"
1,US President and Vice President (Vote for 1),38,Robert F Kennedy Jr/Nicole Shanahan,384,"4,511",60,0,39,"4,412"
1,US President and Vice President (Vote for 1),38,Robert F Kennedy Jr/Nicole Shanahan,385,776,8,0,14,754
1,US President and Vice President (Vote for 1),38,Robert F Kennedy Jr/Nicole Shanahan,386,"1,955",15,0,27,"1,913"
1,US President and Vice President (Vote for 1),38,Robert F Kennedy Jr/Nicole Shanahan,387,21,0,0,0,21
1,US President and Vice President (Vote for 1),38,Robert F Kennedy Jr/Nicole Shanahan,388,250,1,0,2,247
1,US President and Vice President (Vote for 1),38,Robert F Kennedy Jr/Nicole Shanahan,389,"7,683",88,0,78,"7,517"
1,US President and Vice President (Vote for 1),38,Robert F Kennedy Jr/Nicole Shanahan,390,"2,109",26,2,27,"2,054"
1,US President and Vice President (Vote for 1),38,Robert F Kennedy Jr/Nicole Shanahan,391,406,1,0,4,401
1,US President and Vice President (Vote for 1),38,Robert F Kennedy Jr/Nicole Shanahan,392,112,1,0,3,108
1,US President and Vice President (Vote for 1),38,Robert F Kennedy Jr/Nicole Shanahan,393,631,5,0,9,617
1,US President and Vice President (Vote for 1),38,Robert F Kennedy Jr/Nicole Shanahan,394,249,7,0,0,242
1,US President and Vice President (Vote for 1),38,Robert F Kennedy Jr/Nicole Shanahan,395,"5,420",58,1,48,"5,313"
1,US President and Vice President (Vote for 1),38,Robert F Kennedy Jr/Nicole Shanahan,396,837,9,0,14,814
1,US President and Vice President (Vote for 1),38,Robert F Kennedy Jr/Nicole Shanahan,397,"2,944",64,0,23,"2,857"
1,US President and Vice President (Vote for 1),38,Robert F Kennedy Jr/Nicole Shanahan,398,"1,774",26,0,20,"1,728"
1,US President and Vice President (Vote for 1),38,Robert F Kennedy Jr/Nicole Shanahan,399,"2,222",20,0,17,"2,185"
1,US President and Vice President (Vote for 1),38,Robert F Kennedy Jr/Nicole Shanahan,400,"3,530",45,2,40,"3,443"
1,US President and Vice President (Vote for 1),38,Robert F Kennedy Jr/Nicole Shanahan,401,"1,868",22,0,18,"1,828"
1,US President and Vice President (Vote for 1),38,Robert F Kennedy Jr/Nicole Shanahan,402,"6,434",95,0,78,"6,261"
1,US President and Vice President (Vote for 1),38,Robert F Kennedy Jr/Nicole Shanahan,403,"1,378",14,0,11,"1,353"
1,US President and Vice President (Vote for 1),38,Robert F Kennedy Jr/Nicole Shanahan,404,"5,930",92,3,62,"5,773"
1,US President and Vice President (Vote for 1),38,Robert F Kennedy Jr/Nicole Shanahan,405,"7,583",114,4,86,"7,379"
1,US President and Vice President (Vote for 1),38,Robert F Kennedy Jr/Nicole Shanahan,406,"2,042",31,0,20,"1,991"
1,US President and Vice President (Vote for 1),38,Robert F Kennedy Jr/Nicole Shanahan,407,873,5,0,15,853
1,US President and Vice President (Vote for 1),38,Robert F Kennedy Jr/Nicole Shanahan,408,322,5,0,6,311
1,US President and Vice President (Vote for 1),38,Robert F Kennedy Jr/Nicole Shanahan,409,"4,527",46,4,44,"4,433"
1,US President and Vice President (Vote for 1),38,Robert F Kennedy Jr/Nicole Shanahan,410,"1,324",14,0,12,"1,298"
1,US President and Vice President (Vote for 1),38,Robert F Kennedy Jr/Nicole Shanahan,411,"1,313",26,1,7,"1,279"
1,US President and Vice President (Vote for 1),38,Robert F Kennedy Jr/Nicole Shanahan,412,"1,762",25,0,21,"1,716"
1,US President and Vice President (Vote for 1),38,Robert F Kennedy Jr/Nicole Shanahan,413,"1,460",22,0,16,"1,422"
1,US President and Vice President (Vote for 1),38,Robert F Kennedy Jr/Nicole Shanahan,414,527,8,0,3,516
1,US President and Vice President (Vote for 1),38,Robert F Kennedy Jr/Nicole Shanahan,415,852,13,0,9,830
1,US President and Vice President (Vote for 1),38,Robert F Kennedy Jr/Nicole Shanahan,416,847,7,0,7,833
1,US President and Vice President (Vote for 1),38,Robert F Kennedy Jr/Nicole Shanahan,417,409,12,0,4,393
1,US President and Vice President (Vote for 1),38,Robert F Kennedy Jr/Nicole Shanahan,418,"3,034",51,0,26,"2,957"
1,US President and Vice President (Vote for 1),38,Robert F Kennedy Jr/Nicole Shanahan,419,"1,800",25,4,20,"1,751"
1,US President and Vice President (Vote for 1),38,Robert F Kennedy Jr/Nicole Shanahan,420,"3,232",64,0,38,"3,130"
1,US President and Vice President (Vote for 1),38,Robert F Kennedy Jr/Nicole Shanahan,421,500,6,1,9,484
1,US President and Vice President (Vote for 1),38,Robert F Kennedy Jr/Nicole Shanahan,422,17,0,0,0,17
1,US President and Vice President (Vote for 1),38,Robert F Kennedy Jr/Nicole Shanahan,423,"3,059",53,0,39,"2,967"
1,US President and Vice President (Vote for 1),38,Robert F Kennedy Jr/Nicole Shanahan,424,"4,668",78,0,67,"4,523"
1,US President and Vice President (Vote for 1),38,Robert F Kennedy Jr/Nicole Shanahan,425,683,7,0,9,667
1,US President and Vice President (Vote for 1),38,Robert F Kennedy Jr/Nicole Shanahan,426,438,8,0,7,423
1,US President and Vice President (Vote for 1),38,Robert F Kennedy Jr/Nicole Shanahan,427,"1,303",18,0,20,"1,265"
1,US President and Vice President (Vote for 1),38,Robert F Kennedy Jr/Nicole Shanahan,428,"1,361",16,0,10,"1,335"
1,US President and Vice President (Vote for 1),38,Robert F Kennedy Jr/Nicole Shanahan,429,"2,703",42,1,21,"2,639"
1,US President and Vice President (Vote for 1),38,Robert F Kennedy Jr/Nicole Shanahan,430,"2,319",45,0,32,"2,242"
1,US President and Vice President (Vote for 1),38,Robert F Kennedy Jr/Nicole Shanahan,431,776,12,0,12,752
1,US President and Vice President (Vote for 1),38,Robert F Kennedy Jr/Nicole Shanahan,432,306,6,0,1,299
1,US President and Vice President (Vote for 1),38,Robert F Kennedy Jr/Nicole Shanahan,433,"2,174",35,1,25,"2,113"
1,US President and Vice President (Vote for 1),38,Robert F Kennedy Jr/Nicole Shanahan,434,"4,411",52,1,33,"4,325"
1,US President and Vice President (Vote for 1),38,Robert F Kennedy Jr/Nicole Shanahan,435,"4,142",78,0,44,"4,020"
1,US President and Vice President (Vote for 1),38,Robert F Kennedy Jr/Nicole Shanahan,436,"2,244",32,0,33,"2,179"
1,US President and Vice President (Vote for 1),38,Robert F Kennedy Jr/Nicole Shanahan,437,63,3,0,2,58
1,US President and Vice President (Vote for 1),38,Robert F Kennedy Jr/Nicole Shanahan,438,494,3,0,3,488
1,US President and Vice President (Vote for 1),38,Robert F Kennedy Jr/Nicole Shanahan,439,"2,379",29,0,16,"2,334"
1,US President and Vice President (Vote for 1),38,Robert F Kennedy Jr/Nicole Shanahan,440,"1,466",21,1,16,"1,428"
1,US President and Vice President (Vote for 1),38,Robert F Kennedy Jr/Nicole Shanahan,441,70,1,0,0,69
1,US President and Vice President (Vote for 1),38,Robert F Kennedy Jr/Nicole Shanahan,442,"2,719",54,1,38,"2,626"
1,US President and Vice President (Vote for 1),38,Robert F Kennedy Jr/Nicole Shanahan,443,11,0,0,0,11
1,US President and Vice President (Vote for 1),38,Robert F Kennedy Jr/Nicole Shanahan,444,121,1,0,2,118
1,US President and Vice President (Vote for 1),38,Robert F Kennedy Jr/Nicole Shanahan,445,1,0,0,0,1
1,US President and Vice President (Vote for 1),38,Robert F Kennedy Jr/Nicole Shanahan,446,107,1,0,1,105
1,US President and Vice President (Vote for 1),38,Robert F Kennedy Jr/Nicole Shanahan,447,285,6,1,6,272
1,US President and Vice President (Vote for 1),38,Robert F Kennedy Jr/Nicole Shanahan,448,773,10,0,9,754
1,US President and Vice President (Vote for 1),38,Robert F Kennedy Jr/Nicole Shanahan,449,293,4,0,2,287
1,US President and Vice President (Vote for 1),38,Robert F Kennedy Jr/Nicole Shanahan,450,170,4,0,1,165
1,US President and Vice President (Vote for 1),38,Robert F Kennedy Jr/Nicole Shanahan,451,"1,071",9,0,16,"1,046"
1,US President and Vice President (Vote for 1),38,Robert F Kennedy Jr/Nicole Shanahan,452,100,1,0,2,97
1,US President and Vice President (Vote for 1),38,Robert F Kennedy Jr/Nicole Shanahan,453,11,0,0,0,11
1,US President and Vice President (Vote for 1),38,Robert F Kennedy Jr/Nicole Shanahan,454,19,0,0,0,19
1,US President and Vice President (Vote for 1),38,Robert F Kennedy Jr/Nicole Shanahan,455,"1,491",21,2,13,"1,455"
1,US President and Vice President (Vote for 1),38,Robert F Kennedy Jr/Nicole Shanahan,456,7,0,0,0,7
1,US President and Vice President (Vote for 1),38,Cornel West,301,"1,727",1,1,18,"1,707"
1,US President and Vice President (Vote for 1),38,Cornel West,302,"2,559",6,1,20,"2,532"
1,US President and Vice President (Vote for 1),38,Cornel West,303,332,0,0,3,329
1,US President and Vice President (Vote for 1),38,Cornel West,304,"1,077",0,0,13,"1,064"
1,US President and Vice President (Vote for 1),38,Cornel West,305,954,1,0,8,945
1,US President and Vice President (Vote for 1),38,Cornel West,306,581,1,0,7,573
1,US President and Vice President (Vote for 1),38,Cornel West,307,"4,511",8,0,36,"4,467"
1,US President and Vice President (Vote for 1),38,Cornel West,308,149,0,0,4,145
1,US President and Vice President (Vote for 1),38,Cornel West,309,"4,322",8,0,46,"4,268"
1,US President and Vice President (Vote for 1),38,Cornel West,310,616,0,0,4,612
1,US President and Vice President (Vote for 1),38,Cornel West,311,688,5,0,7,676
1,US President and Vice President (Vote for 1),38,Cornel West,312,"1,707",2,0,13,"1,692"
1,US President and Vice President (Vote for 1),38,Cornel West,313,3,0,0,0,3
1,US President and Vice President (Vote for 1),38,Cornel West,314,311,0,0,6,305
1,US President and Vice President (Vote for 1),38,Cornel West,315,493,3,0,7,483
1,US President and Vice President (Vote for 1),38,Cornel West,316,"1,728",2,0,21,"1,705"
1,US President and Vice President (Vote for 1),38,Cornel West,317,170,1,0,3,166
1,US President and Vice President (Vote for 1),38,Cornel West,318,"3,767",6,0,30,"3,731"
1,US President and Vice President (Vote for 1),38,Cornel West,319,"5,213",10,2,38,"5,163"
1,US President and Vice President (Vote for 1),38,Cornel West,320,"1,780",4,0,20,"1,756"
1,US President and Vice President (Vote for 1),38,Cornel West,321,328,0,0,7,321
1,US President and Vice President (Vote for 1),38,Cornel West,322,269,1,0,2,266
1,US President and Vice President (Vote for 1),38,Cornel West,324,520,0,0,3,517
1,US President and Vice President (Vote for 1),38,Cornel West,325,156,0,0,1,155
1,US President and Vice President (Vote for 1),38,Cornel West,326,"1,900",1,0,16,"1,883"
1,US President and Vice President (Vote for 1),38,Cornel West,327,"5,329",11,2,42,"5,274"
1,US President and Vice President (Vote for 1),38,Cornel West,328,933,1,0,9,923
1,US President and Vice President (Vote for 1),38,Cornel West,329,"7,717",18,0,65,"7,634"
1,US President and Vice President (Vote for 1),38,Cornel West,330,"2,157",6,1,19,"2,131"
1,US President and Vice President (Vote for 1),38,Cornel West,331,"2,404",7,1,20,"2,376"
1,US President and Vice President (Vote for 1),38,Cornel West,332,"2,555",8,0,21,"2,526"
1,US President and Vice President (Vote for 1),38,Cornel West,333,"3,631",15,1,20,"3,595"
1,US President and Vice President (Vote for 1),38,Cornel West,334,137,1,0,0,136
1,US President and Vice President (Vote for 1),38,Cornel West,335,"4,278",7,0,53,"4,218"
1,US President and Vice President (Vote for 1),38,Cornel West,336,"2,958",7,0,28,"2,923"
1,US President and Vice President (Vote for 1),38,Cornel West,337,"1,089",4,2,9,"1,074"
1,US President and Vice President (Vote for 1),38,Cornel West,338,"5,188",6,0,36,"5,146"
1,US President and Vice President (Vote for 1),38,Cornel West,339,"4,834",7,1,33,"4,793"
1,US President and Vice President (Vote for 1),38,Cornel West,340,"6,965",13,0,71,"6,881"
1,US President and Vice President (Vote for 1),38,Cornel West,341,306,1,0,2,303
1,US President and Vice President (Vote for 1),38,Cornel West,342,63,1,0,0,62
1,US President and Vice President (Vote for 1),38,Cornel West,343,"2,616",5,0,23,"2,588"
1,US President and Vice President (Vote for 1),38,Cornel West,344,"2,809",10,0,22,"2,777"
1,US President and Vice President (Vote for 1),38,Cornel West,345,27,0,0,0,27
1,US President and Vice President (Vote for 1),38,Cornel West,346,275,1,0,2,272
1,US President and Vice President (Vote for 1),38,Cornel West,347,55,0,0,0,55
1,US President and Vice President (Vote for 1),38,Cornel West,348,27,0,0,1,26
1,US President and Vice President (Vote for 1),38,Cornel West,349,577,1,0,2,574
1,US President and Vice President (Vote for 1),38,Cornel West,350,"6,380",18,1,40,"6,321"
1,US President and Vice President (Vote for 1),38,Cornel West,351,"3,182",6,0,20,"3,156"
1,US President and Vice President (Vote for 1),38,Cornel West,352,"1,141",9,0,8,"1,124"
1,US President and Vice President (Vote for 1),38,Cornel West,353,"2,235",7,0,25,"2,203"
1,US President and Vice President (Vote for 1),38,Cornel West,354,"1,816",2,1,15,"1,798"
1,US President and Vice President (Vote for 1),38,Cornel West,355,"1,370",4,0,12,"1,354"
1,US President and Vice President (Vote for 1),38,Cornel West,356,"1,668",7,2,14,"1,645"
1,US President and Vice President (Vote for 1),38,Cornel West,357,814,2,1,5,806
1,US President and Vice President (Vote for 1),38,Cornel West,358,"2,537",3,0,23,"2,511"
1,US President and Vice President (Vote for 1),38,Cornel West,359,"2,336",8,3,20,"2,305"
1,US President and Vice President (Vote for 1),38,Cornel West,360,"2,850",10,0,25,"2,815"
1,US President and Vice President (Vote for 1),38,Cornel West,361,"2,064",3,0,17,"2,044"
1,US President and Vice President (Vote for 1),38,Cornel West,362,"6,348",23,0,61,"6,264"
1,US President and Vice President (Vote for 1),38,Cornel West,363,"2,946",9,0,33,"2,904"
1,US President and Vice President (Vote for 1),38,Cornel West,364,"4,497",13,0,64,"4,420"
1,US President and Vice President (Vote for 1),38,Cornel West,365,"4,651",13,0,59,"4,579"
1,US President and Vice President (Vote for 1),38,Cornel West,366,"1,650",4,0,21,"1,625"
1,US President and Vice President (Vote for 1),38,Cornel West,367,"4,294",8,0,42,"4,244"
1,US President and Vice President (Vote for 1),38,Cornel West,368,"3,813",9,0,28,"3,776"
1,US President and Vice President (Vote for 1),38,Cornel West,369,"1,665",2,0,24,"1,639"
1,US President and Vice President (Vote for 1),38,Cornel West,370,"2,108",4,0,29,"2,075"
1,US President and Vice President (Vote for 1),38,Cornel West,371,"2,044",7,0,21,"2,016"
1,US President and Vice President (Vote for 1),38,Cornel West,372,"1,712",4,0,21,"1,687"
1,US President and Vice President (Vote for 1),38,Cornel West,373,330,0,0,4,326
1,US President and Vice President (Vote for 1),38,Cornel West,374,9,0,0,0,9
1,US President and Vice President (Vote for 1),38,Cornel West,375,279,0,0,6,273
1,US President and Vice President (Vote for 1),38,Cornel West,376,"1,786",5,0,21,"1,760"
1,US President and Vice President (Vote for 1),38,Cornel West,377,"2,275",6,1,20,"2,248"
1,US President and Vice President (Vote for 1),38,Cornel West,378,947,1,0,6,940
1,US President and Vice President (Vote for 1),38,Cornel West,379,"3,866",10,2,45,"3,809"
1,US President and Vice President (Vote for 1),38,Cornel West,380,"3,035",4,0,32,"2,999"
1,US President and Vice President (Vote for 1),38,Cornel West,381,476,1,0,9,466
1,US President and Vice President (Vote for 1),38,Cornel West,382,"3,911",10,2,34,"3,865"
1,US President and Vice President (Vote for 1),38,Cornel West,383,"1,576",6,0,13,"1,557"
1,US President and Vice President (Vote for 1),38,Cornel West,384,"4,511",16,0,39,"4,456"
1,US President and Vice President (Vote for 1),38,Cornel West,385,776,1,0,14,761
1,US President and Vice President (Vote for 1),38,Cornel West,386,"1,955",5,0,27,"1,923"
1,US President and Vice President (Vote for 1),38,Cornel West,387,21,0,0,0,21
1,US President and Vice President (Vote for 1),38,Cornel West,388,250,2,0,2,246
1,US President and Vice President (Vote for 1),38,Cornel West,389,"7,683",11,0,78,"7,594"
1,US President and Vice President (Vote for 1),38,Cornel West,390,"2,109",1,0,27,"2,081"
1,US President and Vice President (Vote for 1),38,Cornel West,391,406,0,0,4,402
1,US President and Vice President (Vote for 1),38,Cornel West,392,112,0,0,3,109
1,US President and Vice President (Vote for 1),38,Cornel West,393,631,2,0,9,620
1,US President and Vice President (Vote for 1),38,Cornel West,394,249,0,0,0,249
1,US President and Vice President (Vote for 1),38,Cornel West,395,"5,420",12,0,48,"5,360"
1,US President and Vice President (Vote for 1),38,Cornel West,396,837,3,0,14,820
1,US President and Vice President (Vote for 1),38,Cornel West,397,"2,944",1,0,23,"2,920"
1,US President and Vice President (Vote for 1),38,Cornel West,398,"1,774",4,0,20,"1,750"
1,US President and Vice President (Vote for 1),38,Cornel West,399,"2,222",6,0,17,"2,199"
1,US President and Vice President (Vote for 1),38,Cornel West,400,"3,530",8,0,40,"3,482"
1,US President and Vice President (Vote for 1),38,Cornel West,401,"1,868",4,1,18,"1,845"
1,US President and Vice President (Vote for 1),38,Cornel West,402,"6,434",2,0,78,"6,354"
1,US President and Vice President (Vote for 1),38,Cornel West,403,"1,378",2,0,11,"1,365"
1,US President and Vice President (Vote for 1),38,Cornel West,404,"5,930",17,1,62,"5,850"
1,US President and Vice President (Vote for 1),38,Cornel West,405,"7,583",16,2,86,"7,479"
1,US President and Vice President (Vote for 1),38,Cornel West,406,"2,042",9,0,20,"2,013"
1,US President and Vice President (Vote for 1),38,Cornel West,407,873,1,0,15,857
1,US President and Vice President (Vote for 1),38,Cornel West,408,322,3,1,6,312
1,US President and Vice President (Vote for 1),38,Cornel West,409,"4,527",9,2,44,"4,472"
1,US President and Vice President (Vote for 1),38,Cornel West,410,"1,324",10,0,12,"1,302"
1,US President and Vice President (Vote for 1),38,Cornel West,411,"1,313",0,0,7,"1,306"
1,US President and Vice President (Vote for 1),38,Cornel West,412,"1,762",3,0,21,"1,738"
1,US President and Vice President (Vote for 1),38,Cornel West,413,"1,460",2,0,16,"1,442"
1,US President and Vice President (Vote for 1),38,Cornel West,414,527,0,0,3,524
1,US President and Vice President (Vote for 1),38,Cornel West,415,852,0,0,9,843
1,US President and Vice President (Vote for 1),38,Cornel West,416,847,2,0,7,838
1,US President and Vice President (Vote for 1),38,Cornel West,417,409,2,0,4,403
1,US President and Vice President (Vote for 1),38,Cornel West,418,"3,034",8,0,26,"3,000"
1,US President and Vice President (Vote for 1),38,Cornel West,419,"1,800",3,1,20,"1,776"
1,US President and Vice President (Vote for 1),38,Cornel West,420,"3,232",2,0,38,"3,192"
1,US President and Vice President (Vote for 1),38,Cornel West,421,500,3,1,9,487
1,US President and Vice President (Vote for 1),38,Cornel West,422,17,0,0,0,17
1,US President and Vice President (Vote for 1),38,Cornel West,423,"3,059",9,0,39,"3,011"
1,US President and Vice President (Vote for 1),38,Cornel West,424,"4,668",5,0,67,"4,596"
1,US President and Vice President (Vote for 1),38,Cornel West,425,683,0,0,9,674
1,US President and Vice President (Vote for 1),38,Cornel West,426,438,2,0,7,429
1,US President and Vice President (Vote for 1),38,Cornel West,427,"1,303",0,0,20,"1,283"
1,US President and Vice President (Vote for 1),38,Cornel West,428,"1,361",3,0,10,"1,348"
1,US President and Vice President (Vote for 1),38,Cornel West,429,"2,703",7,0,21,"2,675"
1,US President and Vice President (Vote for 1),38,Cornel West,430,"2,319",2,0,32,"2,285"
1,US President and Vice President (Vote for 1),38,Cornel West,431,776,2,0,12,762
1,US President and Vice President (Vote for 1),38,Cornel West,432,306,3,0,1,302
1,US President and Vice President (Vote for 1),38,Cornel West,433,"2,174",1,0,25,"2,148"
1,US President and Vice President (Vote for 1),38,Cornel West,434,"4,411",10,0,33,"4,368"
1,US President and Vice President (Vote for 1),38,Cornel West,435,"4,142",6,0,44,"4,092"
1,US President and Vice President (Vote for 1),38,Cornel West,436,"2,244",4,0,33,"2,207"
1,US President and Vice President (Vote for 1),38,Cornel West,437,63,0,0,2,61
1,US President and Vice President (Vote for 1),38,Cornel West,438,494,2,0,3,489
1,US President and Vice President (Vote for 1),38,Cornel West,439,"2,379",3,0,16,"2,360"
1,US President and Vice President (Vote for 1),38,Cornel West,440,"1,466",3,0,16,"1,447"
1,US President and Vice President (Vote for 1),38,Cornel West,441,70,0,0,0,70
1,US President and Vice President (Vote for 1),38,Cornel West,442,"2,719",2,1,38,"2,678"
1,US President and Vice President (Vote for 1),38,Cornel West,443,11,0,0,0,11
1,US President and Vice President (Vote for 1),38,Cornel West,444,121,1,0,2,118
1,US President and Vice President (Vote for 1),38,Cornel West,445,1,0,0,0,1
1,US President and Vice President (Vote for 1),38,Cornel West,446,107,0,0,1,106
1,US President and Vice President (Vote for 1),38,Cornel West,447,285,0,0,6,279
1,US President and Vice President (Vote for 1),38,Cornel West,448,773,2,0,9,762
1,US President and Vice President (Vote for 1),38,Cornel West,449,293,0,0,2,291
1,US President and Vice President (Vote for 1),38,Cornel West,450,170,0,0,1,169
1,US President and Vice President (Vote for 1),38,Cornel West,451,"1,071",0,0,16,"1,055"
1,US President and Vice President (Vote for 1),38,Cornel West,452,100,4,0,2,94
1,US President and Vice President (Vote for 1),38,Cornel West,453,11,0,0,0,11
1,US President and Vice President (Vote for 1),38,Cornel West,454,19,0,0,0,19
1,US President and Vice President (Vote for 1),38,Cornel West,455,"1,491",4,1,13,"1,473"
1,US President and Vice President (Vote for 1),38,Cornel West,456,7,0,0,0,7
1,US President and Vice President (Vote for 1),38,Chase Oliver/Mike ter Maat,301,"1,727",15,1,18,"1,693"
1,US President and Vice President (Vote for 1),38,Chase Oliver/Mike ter Maat,302,"2,559",10,1,20,"2,528"
1,US President and Vice President (Vote for 1),38,Chase Oliver/Mike ter Maat,303,332,0,0,3,329
1,US President and Vice President (Vote for 1),38,Chase Oliver/Mike ter Maat,304,"1,077",5,0,13,"1,059"
1,US President and Vice President (Vote for 1),38,Chase Oliver/Mike ter Maat,305,954,7,0,8,939
1,US President and Vice President (Vote for 1),38,Chase Oliver/Mike ter Maat,306,581,2,0,7,572
1,US President and Vice President (Vote for 1),38,Chase Oliver/Mike ter Maat,307,"4,511",25,0,36,"4,450"
1,US President and Vice President (Vote for 1),38,Chase Oliver/Mike ter Maat,308,149,0,0,4,145
1,US President and Vice President (Vote for 1),38,Chase Oliver/Mike ter Maat,309,"4,322",26,0,46,"4,250"
1,US President and Vice President (Vote for 1),38,Chase Oliver/Mike ter Maat,310,616,3,1,4,608
1,US President and Vice President (Vote for 1),38,Chase Oliver/Mike ter Maat,311,688,4,0,7,677
1,US President and Vice President (Vote for 1),38,Chase Oliver/Mike ter Maat,312,"1,707",8,0,13,"1,686"
1,US President and Vice President (Vote for 1),38,Chase Oliver/Mike ter Maat,313,3,0,0,0,3
1,US President and Vice President (Vote for 1),38,Chase Oliver/Mike ter Maat,314,311,0,0,6,305
1,US President and Vice President (Vote for 1),38,Chase Oliver/Mike ter Maat,315,493,1,0,7,485
1,US President and Vice President (Vote for 1),38,Chase Oliver/Mike ter Maat,316,"1,728",6,0,21,"1,701"
1,US President and Vice President (Vote for 1),38,Chase Oliver/Mike ter Maat,317,170,2,0,3,165
1,US President and Vice President (Vote for 1),38,Chase Oliver/Mike ter Maat,318,"3,767",23,0,30,"3,714"
1,US President and Vice President (Vote for 1),38,Chase Oliver/Mike ter Maat,319,"5,213",15,1,38,"5,159"
1,US President and Vice President (Vote for 1),38,Chase Oliver/Mike ter Maat,320,"1,780",12,0,20,"1,748"
1,US President and Vice President (Vote for 1),38,Chase Oliver/Mike ter Maat,321,328,4,0,7,317
1,US President and Vice President (Vote for 1),38,Chase Oliver/Mike ter Maat,322,269,4,0,2,263
1,US President and Vice President (Vote for 1),38,Chase Oliver/Mike ter Maat,324,520,3,0,3,514
1,US President and Vice President (Vote for 1),38,Chase Oliver/Mike ter Maat,325,156,1,0,1,154
1,US President and Vice President (Vote for 1),38,Chase Oliver/Mike ter Maat,326,"1,900",13,1,16,"1,870"
1,US President and Vice President (Vote for 1),38,Chase Oliver/Mike ter Maat,327,"5,329",32,2,42,"5,253"
1,US President and Vice President (Vote for 1),38,Chase Oliver/Mike ter Maat,328,933,7,0,9,917
1,US President and Vice President (Vote for 1),38,Chase Oliver/Mike ter Maat,329,"7,717",56,0,65,"7,596"
1,US President and Vice President (Vote for 1),38,Chase Oliver/Mike ter Maat,330,"2,157",8,0,19,"2,130"
1,US President and Vice President (Vote for 1),38,Chase Oliver/Mike ter Maat,331,"2,404",14,0,20,"2,370"
1,US President and Vice President (Vote for 1),38,Chase Oliver/Mike ter Maat,332,"2,555",18,0,21,"2,516"
1,US President and Vice President (Vote for 1),38,Chase Oliver/Mike ter Maat,333,"3,631",9,1,20,"3,601"
1,US President and Vice President (Vote for 1),38,Chase Oliver/Mike ter Maat,334,137,1,0,0,136
1,US President and Vice President (Vote for 1),38,Chase Oliver/Mike ter Maat,335,"4,278",26,0,53,"4,199"
1,US President and Vice President (Vote for 1),38,Chase Oliver/Mike ter Maat,336,"2,958",14,1,28,"2,915"
1,US President and Vice President (Vote for 1),38,Chase Oliver/Mike ter Maat,337,"1,089",6,4,9,"1,070"
1,US President and Vice President (Vote for 1),38,Chase Oliver/Mike ter Maat,338,"5,188",24,2,36,"5,126"
1,US President and Vice President (Vote for 1),38,Chase Oliver/Mike ter Maat,339,"4,834",17,1,33,"4,783"
1,US President and Vice President (Vote for 1),38,Chase Oliver/Mike ter Maat,340,"6,965",35,0,71,"6,859"
1,US President and Vice President (Vote for 1),38,Chase Oliver/Mike ter Maat,341,306,4,0,2,300
1,US President and Vice President (Vote for 1),38,Chase Oliver/Mike ter Maat,342,63,0,0,0,63
1,US President and Vice President (Vote for 1),38,Chase Oliver/Mike ter Maat,343,"2,616",9,0,23,"2,584"
1,US President and Vice President (Vote for 1),38,Chase Oliver/Mike ter Maat,344,"2,809",15,0,22,"2,772"
1,US President and Vice President (Vote for 1),38,Chase Oliver/Mike ter Maat,345,27,0,0,0,27
1,US President and Vice President (Vote for 1),38,Chase Oliver/Mike ter Maat,346,275,1,0,2,272
1,US President and Vice President (Vote for 1),38,Chase Oliver/Mike ter Maat,347,55,0,0,0,55
1,US President and Vice President (Vote for 1),38,Chase Oliver/Mike ter Maat,348,27,1,0,1,25
1,US President and Vice President (Vote for 1),38,Chase Oliver/Mike ter Maat,349,577,1,0,2,574
1,US President and Vice President (Vote for 1),38,Chase Oliver/Mike ter Maat,350,"6,380",28,1,40,"6,311"
1,US President and Vice President (Vote for 1),38,Chase Oliver/Mike ter Maat,351,"3,182",15,0,20,"3,147"
1,US President and Vice President (Vote for 1),38,Chase Oliver/Mike ter Maat,352,"1,141",4,1,8,"1,128"
1,US President and Vice President (Vote for 1),38,Chase Oliver/Mike ter Maat,353,"2,235",12,0,25,"2,198"
1,US President and Vice President (Vote for 1),38,Chase Oliver/Mike ter Maat,354,"1,816",7,1,15,"1,793"
1,US President and Vice President (Vote for 1),38,Chase Oliver/Mike ter Maat,355,"1,370",10,0,12,"1,348"
1,US President and Vice President (Vote for 1),38,Chase Oliver/Mike ter Maat,356,"1,668",8,2,14,"1,644"
1,US President and Vice President (Vote for 1),38,Chase Oliver/Mike ter Maat,357,814,1,1,5,807
1,US President and Vice President (Vote for 1),38,Chase Oliver/Mike ter Maat,358,"2,537",14,0,23,"2,500"
1,US President and Vice President (Vote for 1),38,Chase Oliver/Mike ter Maat,359,"2,336",9,3,20,"2,304"
1,US President and Vice President (Vote for 1),38,Chase Oliver/Mike ter Maat,360,"2,850",17,0,25,"2,808"
1,US President and Vice President (Vote for 1),38,Chase Oliver/Mike ter Maat,361,"2,064",8,0,17,"2,039"
1,US President and Vice President (Vote for 1),38,Chase Oliver/Mike ter Maat,362,"6,348",43,0,61,"6,244"
1,US President and Vice President (Vote for 1),38,Chase Oliver/Mike ter Maat,363,"2,946",20,0,33,"2,893"
1,US President and Vice President (Vote for 1),38,Chase Oliver/Mike ter Maat,364,"4,497",25,0,64,"4,408"
1,US President and Vice President (Vote for 1),38,Chase Oliver/Mike ter Maat,365,"4,651",24,0,59,"4,568"
1,US President and Vice President (Vote for 1),38,Chase Oliver/Mike ter Maat,366,"1,650",7,0,21,"1,622"
1,US President and Vice President (Vote for 1),38,Chase Oliver/Mike ter Maat,367,"4,294",24,0,42,"4,228"
1,US President and Vice President (Vote for 1),38,Chase Oliver/Mike ter Maat,368,"3,813",22,0,28,"3,763"
1,US President and Vice President (Vote for 1),38,Chase Oliver/Mike ter Maat,369,"1,665",11,0,24,"1,630"
1,US President and Vice President (Vote for 1),38,Chase Oliver/Mike ter Maat,370,"2,108",7,0,29,"2,072"
1,US President and Vice President (Vote for 1),38,Chase Oliver/Mike ter Maat,371,"2,044",12,0,21,"2,011"
1,US President and Vice President (Vote for 1),38,Chase Oliver/Mike ter Maat,372,"1,712",8,0,21,"1,683"
1,US President and Vice President (Vote for 1),38,Chase Oliver/Mike ter Maat,373,330,2,0,4,324
1,US President and Vice President (Vote for 1),38,Chase Oliver/Mike ter Maat,374,9,0,0,0,9
1,US President and Vice President (Vote for 1),38,Chase Oliver/Mike ter Maat,375,279,0,0,6,273
1,US President and Vice President (Vote for 1),38,Chase Oliver/Mike ter Maat,376,"1,786",7,0,21,"1,758"
1,US President and Vice President (Vote for 1),38,Chase Oliver/Mike ter Maat,377,"2,275",15,1,20,"2,239"
1,US President and Vice President (Vote for 1),38,Chase Oliver/Mike ter Maat,378,947,2,0,6,939
1,US President and Vice President (Vote for 1),38,Chase Oliver/Mike ter Maat,379,"3,866",15,0,45,"3,806"
1,US President and Vice President (Vote for 1),38,Chase Oliver/Mike ter Maat,380,"3,035",14,0,32,"2,989"
1,US President and Vice President (Vote for 1),38,Chase Oliver/Mike ter Maat,381,476,1,0,9,466
1,US President and Vice President (Vote for 1),38,Chase Oliver/Mike ter Maat,382,"3,911",18,2,34,"3,857"
1,US President and Vice President (Vote for 1),38,Chase Oliver/Mike ter Maat,383,"1,576",3,0,13,"1,560"
1,US President and Vice President (Vote for 1),38,Chase Oliver/Mike ter Maat,384,"4,511",20,0,39,"4,452"
1,US President and Vice President (Vote for 1),38,Chase Oliver/Mike ter Maat,385,776,4,0,14,758
1,US President and Vice President (Vote for 1),38,Chase Oliver/Mike ter Maat,386,"1,955",6,0,27,"1,922"
1,US President and Vice President (Vote for 1),38,Chase Oliver/Mike ter Maat,387,21,0,0,0,21
1,US President and Vice President (Vote for 1),38,Chase Oliver/Mike ter Maat,388,250,0,0,2,248
1,US President and Vice President (Vote for 1),38,Chase Oliver/Mike ter Maat,389,"7,683",39,0,78,"7,566"
1,US President and Vice President (Vote for 1),38,Chase Oliver/Mike ter Maat,390,"2,109",6,0,27,"2,076"
1,US President and Vice President (Vote for 1),38,Chase Oliver/Mike ter Maat,391,406,0,0,4,402
1,US President and Vice President (Vote for 1),38,Chase Oliver/Mike ter Maat,392,112,1,0,3,108
1,US President and Vice President (Vote for 1),38,Chase Oliver/Mike ter Maat,393,631,3,0,9,619
1,US President and Vice President (Vote for 1),38,Chase Oliver/Mike ter Maat,394,249,2,0,0,247
1,US President and Vice President (Vote for 1),38,Chase Oliver/Mike ter Maat,395,"5,420",33,1,48,"5,338"
1,US President and Vice President (Vote for 1),38,Chase Oliver/Mike ter Maat,396,837,8,0,14,815
1,US President and Vice President (Vote for 1),38,Chase Oliver/Mike ter Maat,397,"2,944",10,0,23,"2,911"
1,US President and Vice President (Vote for 1),38,Chase Oliver/Mike ter Maat,398,"1,774",12,0,20,"1,742"
1,US President and Vice President (Vote for 1),38,Chase Oliver/Mike ter Maat,399,"2,222",12,0,17,"2,193"
1,US President and Vice President (Vote for 1),38,Chase Oliver/Mike ter Maat,400,"3,530",14,0,40,"3,476"
1,US President and Vice President (Vote for 1),38,Chase Oliver/Mike ter Maat,401,"1,868",10,0,18,"1,840"
1,US President and Vice President (Vote for 1),38,Chase Oliver/Mike ter Maat,402,"6,434",26,0,78,"6,330"
1,US President and Vice President (Vote for 1),38,Chase Oliver/Mike ter Maat,403,"1,378",6,0,11,"1,361"
1,US President and Vice President (Vote for 1),38,Chase Oliver/Mike ter Maat,404,"5,930",35,1,62,"5,832"
1,US President and Vice President (Vote for 1),38,Chase Oliver/Mike ter Maat,405,"7,583",37,3,86,"7,457"
1,US President and Vice President (Vote for 1),38,Chase Oliver/Mike ter Maat,406,"2,042",10,0,20,"2,012"
1,US President and Vice President (Vote for 1),38,Chase Oliver/Mike ter Maat,407,873,4,0,15,854
1,US President and Vice President (Vote for 1),38,Chase Oliver/Mike ter Maat,408,322,1,0,6,315
1,US President and Vice President (Vote for 1),38,Chase Oliver/Mike ter Maat,409,"4,527",23,2,44,"4,458"
1,US President and Vice President (Vote for 1),38,Chase Oliver/Mike ter Maat,410,"1,324",6,0,12,"1,306"
1,US President and Vice President (Vote for 1),38,Chase Oliver/Mike ter Maat,411,"1,313",8,0,7,"1,298"
1,US President and Vice President (Vote for 1),38,Chase Oliver/Mike ter Maat,412,"1,762",15,0,21,"1,726"
1,US President and Vice President (Vote for 1),38,Chase Oliver/Mike ter Maat,413,"1,460",13,0,16,"1,431"
1,US President and Vice President (Vote for 1),38,Chase Oliver/Mike ter Maat,414,527,1,0,3,523
1,US President and Vice President (Vote for 1),38,Chase Oliver/Mike ter Maat,415,852,5,0,9,838
1,US President and Vice President (Vote for 1),38,Chase Oliver/Mike ter Maat,416,847,1,0,7,839
1,US President and Vice President (Vote for 1),38,Chase Oliver/Mike ter Maat,417,409,0,0,4,405
1,US President and Vice President (Vote for 1),38,Chase Oliver/Mike ter Maat,418,"3,034",15,0,26,"2,993"
1,US President and Vice President (Vote for 1),38,Chase Oliver/Mike ter Maat,419,"1,800",5,1,20,"1,774"
1,US President and Vice President (Vote for 1),38,Chase Oliver/Mike ter Maat,420,"3,232",18,0,38,"3,176"
1,US President and Vice President (Vote for 1),38,Chase Oliver/Mike ter Maat,421,500,1,1,9,489
1,US President and Vice President (Vote for 1),38,Chase Oliver/Mike ter Maat,422,17,0,0,0,17
1,US President and Vice President (Vote for 1),38,Chase Oliver/Mike ter Maat,423,"3,059",16,0,39,"3,004"
1,US President and Vice President (Vote for 1),38,Chase Oliver/Mike ter Maat,424,"4,668",14,0,67,"4,587"
1,US President and Vice President (Vote for 1),38,Chase Oliver/Mike ter Maat,425,683,1,0,9,673
1,US President and Vice President (Vote for 1),38,Chase Oliver/Mike ter Maat,426,438,2,0,7,429
1,US President and Vice President (Vote for 1),38,Chase Oliver/Mike ter Maat,427,"1,303",9,0,20,"1,274"
1,US President and Vice President (Vote for 1),38,Chase Oliver/Mike ter Maat,428,"1,361",11,0,10,"1,340"
1,US President and Vice President (Vote for 1),38,Chase Oliver/Mike ter Maat,429,"2,703",19,0,21,"2,663"
1,US President and Vice President (Vote for 1),38,Chase Oliver/Mike ter Maat,430,"2,319",11,0,32,"2,276"
1,US President and Vice President (Vote for 1),38,Chase Oliver/Mike ter Maat,431,776,5,0,12,759
1,US President and Vice President (Vote for 1),38,Chase Oliver/Mike ter Maat,432,306,1,0,1,304
1,US President and Vice President (Vote for 1),38,Chase Oliver/Mike ter Maat,433,"2,174",16,0,25,"2,133"
1,US President and Vice President (Vote for 1),38,Chase Oliver/Mike ter Maat,434,"4,411",20,0,33,"4,358"
1,US President and Vice President (Vote for 1),38,Chase Oliver/Mike ter Maat,435,"4,142",24,0,44,"4,074"
1,US President and Vice President (Vote for 1),38,Chase Oliver/Mike ter Maat,436,"2,244",11,0,33,"2,200"
1,US President and Vice President (Vote for 1),38,Chase Oliver/Mike ter Maat,437,63,0,0,2,61
1,US President and Vice President (Vote for 1),38,Chase Oliver/Mike ter Maat,438,494,4,0,3,487
1,US President and Vice President (Vote for 1),38,Chase Oliver/Mike ter Maat,439,"2,379",6,0,16,"2,357"
1,US President and Vice President (Vote for 1),38,Chase Oliver/Mike ter Maat,440,"1,466",11,0,16,"1,439"
1,US President and Vice President (Vote for 1),38,Chase Oliver/Mike ter Maat,441,70,0,0,0,70
1,US President and Vice President (Vote for 1),38,Chase Oliver/Mike ter Maat,442,"2,719",7,1,38,"2,673"
1,US President and Vice President (Vote for 1),38,Chase Oliver/Mike ter Maat,443,11,0,0,0,11
1,US President and Vice President (Vote for 1),38,Chase Oliver/Mike ter Maat,444,121,0,0,2,119
1,US President and Vice President (Vote for 1),38,Chase Oliver/Mike ter Maat,445,1,0,0,0,1
1,US President and Vice President (Vote for 1),38,Chase Oliver/Mike ter Maat,446,107,0,0,1,106
1,US President and Vice President (Vote for 1),38,Chase Oliver/Mike ter Maat,447,285,1,0,6,278
1,US President and Vice President (Vote for 1),38,Chase Oliver/Mike ter Maat,448,773,6,0,9,758
1,US President and Vice President (Vote for 1),38,Chase Oliver/Mike ter Maat,449,293,1,0,2,290
1,US President and Vice President (Vote for 1),38,Chase Oliver/Mike ter Maat,450,170,0,0,1,169
1,US President and Vice President (Vote for 1),38,Chase Oliver/Mike ter Maat,451,"1,071",5,0,16,"1,050"
1,US President and Vice President (Vote for 1),38,Chase Oliver/Mike ter Maat,452,100,1,0,2,97
1,US President and Vice President (Vote for 1),38,Chase Oliver/Mike ter Maat,453,11,0,0,0,11
1,US President and Vice President (Vote for 1),38,Chase Oliver/Mike ter Maat,454,19,0,0,0,19
1,US President and Vice President (Vote for 1),38,Chase Oliver/Mike ter Maat,455,"1,491",8,0,13,"1,470"
1,US President and Vice President (Vote for 1),38,Chase Oliver/Mike ter Maat,456,7,0,0,0,7
1,US President and Vice President (Vote for 1),38,Randall Terry,301,"1,727",3,0,18,"1,706"
1,US President and Vice President (Vote for 1),38,Randall Terry,302,"2,559",0,1,20,"2,538"
1,US President and Vice President (Vote for 1),38,Randall Terry,303,332,0,0,3,329
1,US President and Vice President (Vote for 1),38,Randall Terry,304,"1,077",1,0,13,"1,063"
1,US President and Vice President (Vote for 1),38,Randall Terry,305,954,1,0,8,945
1,US President and Vice President (Vote for 1),38,Randall Terry,306,581,0,0,7,574
1,US President and Vice President (Vote for 1),38,Randall Terry,307,"4,511",5,1,36,"4,469"
1,US President and Vice President (Vote for 1),38,Randall Terry,308,149,2,0,4,143
1,US President and Vice President (Vote for 1),38,Randall Terry,309,"4,322",3,0,46,"4,273"
1,US President and Vice President (Vote for 1),38,Randall Terry,310,616,0,1,4,611
1,US President and Vice President (Vote for 1),38,Randall Terry,311,688,0,0,7,681
1,US President and Vice President (Vote for 1),38,Randall Terry,312,"1,707",2,0,13,"1,692"
1,US President and Vice President (Vote for 1),38,Randall Terry,313,3,0,0,0,3
1,US President and Vice President (Vote for 1),38,Randall Terry,314,311,0,0,6,305
1,US President and Vice President (Vote for 1),38,Randall Terry,315,493,0,0,7,486
1,US President and Vice President (Vote for 1),38,Randall Terry,316,"1,728",3,0,21,"1,704"
1,US President and Vice President (Vote for 1),38,Randall Terry,317,170,0,0,3,167
1,US President and Vice President (Vote for 1),38,Randall Terry,318,"3,767",4,0,30,"3,733"
1,US President and Vice President (Vote for 1),38,Randall Terry,319,"5,213",8,1,38,"5,166"
1,US President and Vice President (Vote for 1),38,Randall Terry,320,"1,780",3,0,20,"1,757"
1,US President and Vice President (Vote for 1),38,Randall Terry,321,328,0,0,7,321
1,US President and Vice President (Vote for 1),38,Randall Terry,322,269,0,0,2,267
1,US President and Vice President (Vote for 1),38,Randall Terry,324,520,0,0,3,517
1,US President and Vice President (Vote for 1),38,Randall Terry,325,156,1,0,1,154
1,US President and Vice President (Vote for 1),38,Randall Terry,326,"1,900",4,1,16,"1,879"
1,US President and Vice President (Vote for 1),38,Randall Terry,327,"5,329",5,3,42,"5,279"
1,US President and Vice President (Vote for 1),38,Randall Terry,328,933,1,0,9,923
1,US President and Vice President (Vote for 1),38,Randall Terry,329,"7,717",7,0,65,"7,645"
1,US President and Vice President (Vote for 1),38,Randall Terry,330,"2,157",0,0,19,"2,138"
1,US President and Vice President (Vote for 1),38,Randall Terry,331,"2,404",1,0,20,"2,383"
1,US President and Vice President (Vote for 1),38,Randall Terry,332,"2,555",5,0,21,"2,529"
1,US President and Vice President (Vote for 1),38,Randall Terry,333,"3,631",3,0,20,"3,608"
1,US President and Vice President (Vote for 1),38,Randall Terry,334,137,0,0,0,137
1,US President and Vice President (Vote for 1),38,Randall Terry,335,"4,278",7,0,53,"4,218"
1,US President and Vice President (Vote for 1),38,Randall Terry,336,"2,958",3,0,28,"2,927"
1,US President and Vice President (Vote for 1),38,Randall Terry,337,"1,089",0,1,9,"1,079"
1,US President and Vice President (Vote for 1),38,Randall Terry,338,"5,188",7,1,36,"5,144"
1,US President and Vice President (Vote for 1),38,Randall Terry,339,"4,834",4,2,33,"4,795"
1,US President and Vice President (Vote for 1),38,Randall Terry,340,"6,965",9,1,71,"6,884"
1,US President and Vice President (Vote for 1),38,Randall Terry,341,306,0,0,2,304
1,US President and Vice President (Vote for 1),38,Randall Terry,342,63,0,0,0,63
1,US President and Vice President (Vote for 1),38,Randall Terry,343,"2,616",1,1,23,"2,591"
1,US President and Vice President (Vote for 1),38,Randall Terry,344,"2,809",2,0,22,"2,785"
1,US President and Vice President (Vote for 1),38,Randall Terry,345,27,0,0,0,27
1,US President and Vice President (Vote for 1),38,Randall Terry,346,275,0,0,2,273
1,US President and Vice President (Vote for 1),38,Randall Terry,347,55,0,0,0,55
1,US President and Vice President (Vote for 1),38,Randall Terry,348,27,0,0,1,26
1,US President and Vice President (Vote for 1),38,Randall Terry,349,577,0,0,2,575
1,US President and Vice President (Vote for 1),38,Randall Terry,350,"6,380",3,1,40,"6,336"
1,US President and Vice President (Vote for 1),38,Randall Terry,351,"3,182",2,0,20,"3,160"
1,US President and Vice President (Vote for 1),38,Randall Terry,352,"1,141",1,0,8,"1,132"
1,US President and Vice President (Vote for 1),38,Randall Terry,353,"2,235",0,0,25,"2,210"
1,US President and Vice President (Vote for 1),38,Randall Terry,354,"1,816",0,0,15,"1,801"
1,US President and Vice President (Vote for 1),38,Randall Terry,355,"1,370",4,0,12,"1,354"
1,US President and Vice President (Vote for 1),38,Randall Terry,356,"1,668",5,2,14,"1,647"
1,US President and Vice President (Vote for 1),38,Randall Terry,357,814,0,1,5,808
1,US President and Vice President (Vote for 1),38,Randall Terry,358,"2,537",0,0,23,"2,514"
1,US President and Vice President (Vote for 1),38,Randall Terry,359,"2,336",4,3,20,"2,309"
1,US President and Vice President (Vote for 1),38,Randall Terry,360,"2,850",1,0,25,"2,824"
1,US President and Vice President (Vote for 1),38,Randall Terry,361,"2,064",1,0,17,"2,046"
1,US President and Vice President (Vote for 1),38,Randall Terry,362,"6,348",2,2,61,"6,283"
1,US President and Vice President (Vote for 1),38,Randall Terry,363,"2,946",1,0,33,"2,912"
1,US President and Vice President (Vote for 1),38,Randall Terry,364,"4,497",4,0,64,"4,429"
1,US President and Vice President (Vote for 1),38,Randall Terry,365,"4,651",1,0,59,"4,591"
1,US President and Vice President (Vote for 1),38,Randall Terry,366,"1,650",0,0,21,"1,629"
1,US President and Vice President (Vote for 1),38,Randall Terry,367,"4,294",2,0,42,"4,250"
1,US President and Vice President (Vote for 1),38,Randall Terry,368,"3,813",8,0,28,"3,777"
1,US President and Vice President (Vote for 1),38,Randall Terry,369,"1,665",1,0,24,"1,640"
1,US President and Vice President (Vote for 1),38,Randall Terry,370,"2,108",1,0,29,"2,078"
1,US President and Vice President (Vote for 1),38,Randall Terry,371,"2,044",6,0,21,"2,017"
1,US President and Vice President (Vote for 1),38,Randall Terry,372,"1,712",1,0,21,"1,690"
1,US President and Vice President (Vote for 1),38,Randall Terry,373,330,0,0,4,326
1,US President and Vice President (Vote for 1),38,Randall Terry,374,9,0,0,0,9
1,US President and Vice President (Vote for 1),38,Randall Terry,375,279,0,0,6,273
1,US President and Vice President (Vote for 1),38,Randall Terry,376,"1,786",3,0,21,"1,762"
1,US President and Vice President (Vote for 1),38,Randall Terry,377,"2,275",2,1,20,"2,252"
1,US President and Vice President (Vote for 1),38,Randall Terry,378,947,0,0,6,941
1,US President and Vice President (Vote for 1),38,Randall Terry,379,"3,866",1,0,45,"3,820"
1,US President and Vice President (Vote for 1),38,Randall Terry,380,"3,035",2,0,32,"3,001"
1,US President and Vice President (Vote for 1),38,Randall Terry,381,476,0,0,9,467
1,US President and Vice President (Vote for 1),38,Randall Terry,382,"3,911",5,2,34,"3,870"
1,US President and Vice President (Vote for 1),38,Randall Terry,383,"1,576",0,0,13,"1,563"
1,US President and Vice President (Vote for 1),38,Randall Terry,384,"4,511",3,0,39,"4,469"
1,US President and Vice President (Vote for 1),38,Randall Terry,385,776,1,0,14,761
1,US President and Vice President (Vote for 1),38,Randall Terry,386,"1,955",1,0,27,"1,927"
1,US President and Vice President (Vote for 1),38,Randall Terry,387,21,0,0,0,21
1,US President and Vice President (Vote for 1),38,Randall Terry,388,250,0,0,2,248
1,US President and Vice President (Vote for 1),38,Randall Terry,389,"7,683",3,0,78,"7,602"
1,US President and Vice President (Vote for 1),38,Randall Terry,390,"2,109",0,0,27,"2,082"
1,US President and Vice President (Vote for 1),38,Randall Terry,391,406,0,0,4,402
1,US President and Vice President (Vote for 1),38,Randall Terry,392,112,0,0,3,109
1,US President and Vice President (Vote for 1),38,Randall Terry,393,631,0,0,9,622
1,US President and Vice President (Vote for 1),38,Randall Terry,394,249,0,0,0,249
1,US President and Vice President (Vote for 1),38,Randall Terry,395,"5,420",3,1,48,"5,368"
1,US President and Vice President (Vote for 1),38,Randall Terry,396,837,0,0,14,823
1,US President and Vice President (Vote for 1),38,Randall Terry,397,"2,944",2,0,23,"2,919"
1,US President and Vice President (Vote for 1),38,Randall Terry,398,"1,774",1,0,20,"1,753"
1,US President and Vice President (Vote for 1),38,Randall Terry,399,"2,222",4,0,17,"2,201"
1,US President and Vice President (Vote for 1),38,Randall Terry,400,"3,530",3,1,40,"3,486"
1,US President and Vice President (Vote for 1),38,Randall Terry,401,"1,868",0,0,18,"1,850"
1,US President and Vice President (Vote for 1),38,Randall Terry,402,"6,434",2,0,78,"6,354"
1,US President and Vice President (Vote for 1),38,Randall Terry,403,"1,378",1,0,11,"1,366"
1,US President and Vice President (Vote for 1),38,Randall Terry,404,"5,930",5,1,62,"5,862"
1,US President and Vice President (Vote for 1),38,Randall Terry,405,"7,583",6,1,86,"7,490"
1,US President and Vice President (Vote for 1),38,Randall Terry,406,"2,042",1,0,20,"2,021"
1,US President and Vice President (Vote for 1),38,Randall Terry,407,873,1,0,15,857
1,US President and Vice President (Vote for 1),38,Randall Terry,408,322,0,1,6,315
1,US President and Vice President (Vote for 1),38,Randall Terry,409,"4,527",4,2,44,"4,477"
1,US President and Vice President (Vote for 1),38,Randall Terry,410,"1,324",0,0,12,"1,312"
1,US President and Vice President (Vote for 1),38,Randall Terry,411,"1,313",2,0,7,"1,304"
1,US President and Vice President (Vote for 1),38,Randall Terry,412,"1,762",1,0,21,"1,740"
1,US President and Vice President (Vote for 1),38,Randall Terry,413,"1,460",7,0,16,"1,437"
1,US President and Vice President (Vote for 1),38,Randall Terry,414,527,0,0,3,524
1,US President and Vice President (Vote for 1),38,Randall Terry,415,852,2,0,9,841
1,US President and Vice President (Vote for 1),38,Randall Terry,416,847,0,0,7,840
1,US President and Vice President (Vote for 1),38,Randall Terry,417,409,0,0,4,405
1,US President and Vice President (Vote for 1),38,Randall Terry,418,"3,034",2,0,26,"3,006"
1,US President and Vice President (Vote for 1),38,Randall Terry,419,"1,800",0,2,20,"1,778"
1,US President and Vice President (Vote for 1),38,Randall Terry,420,"3,232",3,1,38,"3,190"
1,US President and Vice President (Vote for 1),38,Randall Terry,421,500,0,1,9,490
1,US President and Vice President (Vote for 1),38,Randall Terry,422,17,0,0,0,17
1,US President and Vice President (Vote for 1),38,Randall Terry,423,"3,059",5,0,39,"3,015"
1,US President and Vice President (Vote for 1),38,Randall Terry,424,"4,668",7,0,67,"4,594"
1,US President and Vice President (Vote for 1),38,Randall Terry,425,683,0,0,9,674
1,US President and Vice President (Vote for 1),38,Randall Terry,426,438,0,0,7,431
1,US President and Vice President (Vote for 1),38,Randall Terry,427,"1,303",0,0,20,"1,283"
1,US President and Vice President (Vote for 1),38,Randall Terry,428,"1,361",1,0,10,"1,350"
1,US President and Vice President (Vote for 1),38,Randall Terry,429,"2,703",1,0,21,"2,681"
1,US President and Vice President (Vote for 1),38,Randall Terry,430,"2,319",2,0,32,"2,285"
1,US President and Vice President (Vote for 1),38,Randall Terry,431,776,0,0,12,764
1,US President and Vice President (Vote for 1),38,Randall Terry,432,306,0,0,1,305
1,US President and Vice President (Vote for 1),38,Randall Terry,433,"2,174",1,0,25,"2,148"
1,US President and Vice President (Vote for 1),38,Randall Terry,434,"4,411",2,0,33,"4,376"
1,US President and Vice President (Vote for 1),38,Randall Terry,435,"4,142",8,0,44,"4,090"
1,US President and Vice President (Vote for 1),38,Randall Terry,436,"2,244",0,0,33,"2,211"
1,US President and Vice President (Vote for 1),38,Randall Terry,437,63,0,0,2,61
1,US President and Vice President (Vote for 1),38,Randall Terry,438,494,0,0,3,491
1,US President and Vice President (Vote for 1),38,Randall Terry,439,"2,379",2,0,16,"2,361"
1,US President and Vice President (Vote for 1),38,Randall Terry,440,"1,466",0,0,16,"1,450"
1,US President and Vice President (Vote for 1),38,Randall Terry,441,70,0,0,0,70
1,US President and Vice President (Vote for 1),38,Randall Terry,442,"2,719",3,1,38,"2,677"
1,US President and Vice President (Vote for 1),38,Randall Terry,443,11,0,0,0,11
1,US President and Vice President (Vote for 1),38,Randall Terry,444,121,0,0,2,119
1,US President and Vice President (Vote for 1),38,Randall Terry,445,1,0,0,0,1
1,US President and Vice President (Vote for 1),38,Randall Terry,446,107,0,0,1,106
1,US President and Vice President (Vote for 1),38,Randall Terry,447,285,2,0,6,277
1,US President and Vice President (Vote for 1),38,Randall Terry,448,773,0,0,9,764
1,US President and Vice President (Vote for 1),38,Randall Terry,449,293,0,0,2,291
1,US President and Vice President (Vote for 1),38,Randall Terry,450,170,0,0,1,169
1,US President and Vice President (Vote for 1),38,Randall Terry,451,"1,071",0,0,16,"1,055"
1,US President and Vice President (Vote for 1),38,Randall Terry,452,100,1,0,2,97
1,US President and Vice President (Vote for 1),38,Randall Terry,453,11,0,0,0,11
1,US President and Vice President (Vote for 1),38,Randall Terry,454,19,0,0,0,19
1,US President and Vice President (Vote for 1),38,Randall Terry,455,"1,491",2,2,13,"1,474"
1,US President and Vice President (Vote for 1),38,Randall Terry,456,7,0,0,0,7
1,US President and Vice President (Vote for 1),38,Donald J Trump/JD Vance,301,"1,727",974,2,18,733
1,US President and Vice President (Vote for 1),38,Donald J Trump/JD Vance,302,"2,559",943,3,20,"1,593"
1,US President and Vice President (Vote for 1),38,Donald J Trump/JD Vance,303,332,209,0,3,120
1,US President and Vice President (Vote for 1),38,Donald J Trump/JD Vance,304,"1,077",411,0,13,653
1,US President and Vice President (Vote for 1),38,Donald J Trump/JD Vance,305,954,527,0,8,419
1,US President and Vice President (Vote for 1),38,Donald J Trump/JD Vance,306,581,115,0,7,459
1,US President and Vice President (Vote for 1),38,Donald J Trump/JD Vance,307,"4,511","1,710",1,36,"2,764"
1,US President and Vice President (Vote for 1),38,Donald J Trump/JD Vance,308,149,67,0,4,78
1,US President and Vice President (Vote for 1),38,Donald J Trump/JD Vance,309,"4,322","1,440",2,46,"2,834"
1,US President and Vice President (Vote for 1),38,Donald J Trump/JD Vance,310,616,307,1,4,304
1,US President and Vice President (Vote for 1),38,Donald J Trump/JD Vance,311,688,359,0,7,322
1,US President and Vice President (Vote for 1),38,Donald J Trump/JD Vance,312,"1,707",959,0,13,735
1,US President and Vice President (Vote for 1),38,Donald J Trump/JD Vance,313,3,1,0,0,2
1,US President and Vice President (Vote for 1),38,Donald J Trump/JD Vance,314,311,190,0,6,115
1,US President and Vice President (Vote for 1),38,Donald J Trump/JD Vance,315,493,228,0,7,258
1,US President and Vice President (Vote for 1),38,Donald J Trump/JD Vance,316,"1,728",933,0,21,774
1,US President and Vice President (Vote for 1),38,Donald J Trump/JD Vance,317,170,83,0,3,84
1,US President and Vice President (Vote for 1),38,Donald J Trump/JD Vance,318,"3,767","1,250",2,30,"2,485"
1,US President and Vice President (Vote for 1),38,Donald J Trump/JD Vance,319,"5,213","1,627",2,38,"3,546"
1,US President and Vice President (Vote for 1),38,Donald J Trump/JD Vance,320,"1,780",549,0,20,"1,211"
1,US President and Vice President (Vote for 1),38,Donald J Trump/JD Vance,321,328,190,0,7,131
1,US President and Vice President (Vote for 1),38,Donald J Trump/JD Vance,322,269,134,0,2,133
1,US President and Vice President (Vote for 1),38,Donald J Trump/JD Vance,324,520,295,0,3,222
1,US President and Vice President (Vote for 1),38,Donald J Trump/JD Vance,325,156,36,0,1,119
1,US President and Vice President (Vote for 1),38,Donald J Trump/JD Vance,326,"1,900","1,147",2,16,735
1,US President and Vice President (Vote for 1),38,Donald J Trump/JD Vance,327,"5,329","1,624",0,42,"3,663"
1,US President and Vice President (Vote for 1),38,Donald J Trump/JD Vance,328,933,487,1,9,436
1,US President and Vice President (Vote for 1),38,Donald J Trump/JD Vance,329,"7,717","2,087",3,65,"5,562"
1,US President and Vice President (Vote for 1),38,Donald J Trump/JD Vance,330,"2,157",976,1,19,"1,161"
1,US President and Vice President (Vote for 1),38,Donald J Trump/JD Vance,331,"2,404",608,1,20,"1,775"
1,US President and Vice President (Vote for 1),38,Donald J Trump/JD Vance,332,"2,555",576,1,21,"1,957"
1,US President and Vice President (Vote for 1),38,Donald J Trump/JD Vance,333,"3,631",816,1,20,"2,794"
1,US President and Vice President (Vote for 1),38,Donald J Trump/JD Vance,334,137,80,0,0,57
1,US President and Vice President (Vote for 1),38,Donald J Trump/JD Vance,335,"4,278","1,516",1,53,"2,708"
1,US President and Vice President (Vote for 1),38,Donald J Trump/JD Vance,336,"2,958","1,066",0,28,"1,864"
1,US President and Vice President (Vote for 1),38,Donald J Trump/JD Vance,337,"1,089",375,3,9,702
1,US President and Vice President (Vote for 1),38,Donald J Trump/JD Vance,338,"5,188","2,104",3,36,"3,045"
1,US President and Vice President (Vote for 1),38,Donald J Trump/JD Vance,339,"4,834","1,963",1,33,"2,837"
1,US President and Vice President (Vote for 1),38,Donald J Trump/JD Vance,340,"6,965","2,835",1,71,"4,058"
1,US President and Vice President (Vote for 1),38,Donald J Trump/JD Vance,341,306,163,0,2,141
1,US President and Vice President (Vote for 1),38,Donald J Trump/JD Vance,342,63,33,0,0,30
1,US President and Vice President (Vote for 1),38,Donald J Trump/JD Vance,343,"2,616",938,1,23,"1,654"
1,US President and Vice President (Vote for 1),38,Donald J Trump/JD Vance,344,"2,809",877,2,22,"1,908"
1,US President and Vice President (Vote for 1),38,Donald J Trump/JD Vance,345,27,13,0,0,14
1,US President and Vice President (Vote for 1),38,Donald J Trump/JD Vance,346,275,141,0,2,132
1,US President and Vice President (Vote for 1),38,Donald J Trump/JD Vance,347,55,30,0,0,25
1,US President and Vice President (Vote for 1),38,Donald J Trump/JD Vance,348,27,8,0,1,18
1,US President and Vice President (Vote for 1),38,Donald J Trump/JD Vance,349,577,150,0,2,425
1,US President and Vice President (Vote for 1),38,Donald J Trump/JD Vance,350,"6,380","1,520",1,40,"4,819"
1,US President and Vice President (Vote for 1),38,Donald J Trump/JD Vance,351,"3,182",953,4,20,"2,205"
1,US President and Vice President (Vote for 1),38,Donald J Trump/JD Vance,352,"1,141",208,1,8,924
1,US President and Vice President (Vote for 1),38,Donald J Trump/JD Vance,353,"2,235",424,0,25,"1,786"
1,US President and Vice President (Vote for 1),38,Donald J Trump/JD Vance,354,"1,816",464,0,15,"1,337"
1,US President and Vice President (Vote for 1),38,Donald J Trump/JD Vance,355,"1,370",309,0,12,"1,049"
1,US President and Vice President (Vote for 1),38,Donald J Trump/JD Vance,356,"1,668",530,2,14,"1,122"
1,US President and Vice President (Vote for 1),38,Donald J Trump/JD Vance,357,814,256,0,5,553
1,US President and Vice President (Vote for 1),38,Donald J Trump/JD Vance,358,"2,537",672,0,23,"1,842"
1,US President and Vice President (Vote for 1),38,Donald J Trump/JD Vance,359,"2,336",551,4,20,"1,761"
1,US President and Vice President (Vote for 1),38,Donald J Trump/JD Vance,360,"2,850",720,1,25,"2,104"
1,US President and Vice President (Vote for 1),38,Donald J Trump/JD Vance,361,"2,064",412,1,17,"1,634"
1,US President and Vice President (Vote for 1),38,Donald J Trump/JD Vance,362,"6,348","1,537",4,61,"4,746"
1,US President and Vice President (Vote for 1),38,Donald J Trump/JD Vance,363,"2,946",698,1,33,"2,214"
1,US President and Vice President (Vote for 1),38,Donald J Trump/JD Vance,364,"4,497",997,0,64,"3,436"
1,US President and Vice President (Vote for 1),38,Donald J Trump/JD Vance,365,"4,651",915,0,59,"3,677"
1,US President and Vice President (Vote for 1),38,Donald J Trump/JD Vance,366,"1,650",287,0,21,"1,342"
1,US President and Vice President (Vote for 1),38,Donald J Trump/JD Vance,367,"4,294","1,024",1,42,"3,227"
1,US President and Vice President (Vote for 1),38,Donald J Trump/JD Vance,368,"3,813",980,0,28,"2,805"
1,US President and Vice President (Vote for 1),38,Donald J Trump/JD Vance,369,"1,665",496,2,24,"1,143"
1,US President and Vice President (Vote for 1),38,Donald J Trump/JD Vance,370,"2,108",613,1,29,"1,465"
1,US President and Vice President (Vote for 1),38,Donald J Trump/JD Vance,371,"2,044",475,1,21,"1,547"
1,US President and Vice President (Vote for 1),38,Donald J Trump/JD Vance,372,"1,712",356,2,21,"1,333"
1,US President and Vice President (Vote for 1),38,Donald J Trump/JD Vance,373,330,132,0,4,194
1,US President and Vice President (Vote for 1),38,Donald J Trump/JD Vance,374,9,4,0,0,5
1,US President and Vice President (Vote for 1),38,Donald J Trump/JD Vance,375,279,52,0,6,221
1,US President and Vice President (Vote for 1),38,Donald J Trump/JD Vance,376,"1,786",492,1,21,"1,272"
1,US President and Vice President (Vote for 1),38,Donald J Trump/JD Vance,377,"2,275",595,1,20,"1,659"
1,US President and Vice President (Vote for 1),38,Donald J Trump/JD Vance,378,947,176,1,6,764
1,US President and Vice President (Vote for 1),38,Donald J Trump/JD Vance,379,"3,866",975,4,45,"2,842"
1,US President and Vice President (Vote for 1),38,Donald J Trump/JD Vance,380,"3,035",815,0,32,"2,188"
1,US President and Vice President (Vote for 1),38,Donald J Trump/JD Vance,381,476,120,0,9,347
1,US President and Vice President (Vote for 1),38,Donald J Trump/JD Vance,382,"3,911","1,313",0,34,"2,564"
1,US President and Vice President (Vote for 1),38,Donald J Trump/JD Vance,383,"1,576",318,2,13,"1,243"
1,US President and Vice President (Vote for 1),38,Donald J Trump/JD Vance,384,"4,511",830,0,39,"3,642"
1,US President and Vice President (Vote for 1),38,Donald J Trump/JD Vance,385,776,158,0,14,604
1,US President and Vice President (Vote for 1),38,Donald J Trump/JD Vance,386,"1,955",366,0,27,"1,562"
1,US President and Vice President (Vote for 1),38,Donald J Trump/JD Vance,387,21,9,0,0,12
1,US President and Vice President (Vote for 1),38,Donald J Trump/JD Vance,388,250,61,0,2,187
1,US President and Vice President (Vote for 1),38,Donald J Trump/JD Vance,389,"7,683","2,026",1,78,"5,578"
1,US President and Vice President (Vote for 1),38,Donald J Trump/JD Vance,390,"2,109",584,2,27,"1,496"
1,US President and Vice President (Vote for 1),38,Donald J Trump/JD Vance,391,406,69,0,4,333
1,US President and Vice President (Vote for 1),38,Donald J Trump/JD Vance,392,112,19,0,3,90
1,US President and Vice President (Vote for 1),38,Donald J Trump/JD Vance,393,631,97,0,9,525
1,US President and Vice President (Vote for 1),38,Donald J Trump/JD Vance,394,249,67,0,0,182
1,US President and Vice President (Vote for 1),38,Donald J Trump/JD Vance,395,"5,420","1,433",1,48,"3,938"
1,US President and Vice President (Vote for 1),38,Donald J Trump/JD Vance,396,837,228,0,14,595
1,US President and Vice President (Vote for 1),38,Donald J Trump/JD Vance,397,"2,944","1,023",1,23,"1,897"
1,US President and Vice President (Vote for 1),38,Donald J Trump/JD Vance,398,"1,774",618,0,20,"1,136"
1,US President and Vice President (Vote for 1),38,Donald J Trump/JD Vance,399,"2,222",605,0,17,"1,600"
1,US President and Vice President (Vote for 1),38,Donald J Trump/JD Vance,400,"3,530",954,2,40,"2,534"
1,US President and Vice President (Vote for 1),38,Donald J Trump/JD Vance,401,"1,868",345,0,18,"1,505"
1,US President and Vice President (Vote for 1),38,Donald J Trump/JD Vance,402,"6,434","2,125",0,78,"4,231"
1,US President and Vice President (Vote for 1),38,Donald J Trump/JD Vance,403,"1,378",395,0,11,972
1,US President and Vice President (Vote for 1),38,Donald J Trump/JD Vance,404,"5,930","1,688",2,62,"4,178"
1,US President and Vice President (Vote for 1),38,Donald J Trump/JD Vance,405,"7,583","2,175",2,86,"5,320"
1,US President and Vice President (Vote for 1),38,Donald J Trump/JD Vance,406,"2,042",351,0,20,"1,671"
1,US President and Vice President (Vote for 1),38,Donald J Trump/JD Vance,407,873,191,0,15,667
1,US President and Vice President (Vote for 1),38,Donald J Trump/JD Vance,408,322,66,0,6,250
1,US President and Vice President (Vote for 1),38,Donald J Trump/JD Vance,409,"4,527","1,300",2,44,"3,181"
1,US President and Vice President (Vote for 1),38,Donald J Trump/JD Vance,410,"1,324",433,0,12,879
1,US President and Vice President (Vote for 1),38,Donald J Trump/JD Vance,411,"1,313",359,1,7,946
1,US President and Vice President (Vote for 1),38,Donald J Trump/JD Vance,412,"1,762",556,1,21,"1,184"
1,US President and Vice President (Vote for 1),38,Donald J Trump/JD Vance,413,"1,460",427,1,16,"1,016"
1,US President and Vice President (Vote for 1),38,Donald J Trump/JD Vance,414,527,177,0,3,347
1,US President and Vice President (Vote for 1),38,Donald J Trump/JD Vance,415,852,265,0,9,578
1,US President and Vice President (Vote for 1),38,Donald J Trump/JD Vance,416,847,239,0,7,601
1,US President and Vice President (Vote for 1),38,Donald J Trump/JD Vance,417,409,135,0,4,270
1,US President and Vice President (Vote for 1),38,Donald J Trump/JD Vance,418,"3,034",868,0,26,"2,140"
1,US President and Vice President (Vote for 1),38,Donald J Trump/JD Vance,419,"1,800",534,2,20,"1,244"
1,US President and Vice President (Vote for 1),38,Donald J Trump/JD Vance,420,"3,232","1,058",0,38,"2,136"
1,US President and Vice President (Vote for 1),38,Donald J Trump/JD Vance,421,500,132,1,9,358
1,US President and Vice President (Vote for 1),38,Donald J Trump/JD Vance,422,17,14,0,0,3
1,US President and Vice President (Vote for 1),38,Donald J Trump/JD Vance,423,"3,059",906,1,39,"2,113"
1,US President and Vice President (Vote for 1),38,Donald J Trump/JD Vance,424,"4,668","1,845",1,67,"2,755"
1,US President and Vice President (Vote for 1),38,Donald J Trump/JD Vance,425,683,364,0,9,310
1,US President and Vice President (Vote for 1),38,Donald J Trump/JD Vance,426,438,224,0,7,207
1,US President and Vice President (Vote for 1),38,Donald J Trump/JD Vance,427,"1,303",402,0,20,881
1,US President and Vice President (Vote for 1),38,Donald J Trump/JD Vance,428,"1,361",437,0,10,914
1,US President and Vice President (Vote for 1),38,Donald J Trump/JD Vance,429,"2,703",870,1,21,"1,811"
1,US President and Vice President (Vote for 1),38,Donald J Trump/JD Vance,430,"2,319","1,143",0,32,"1,144"
1,US President and Vice President (Vote for 1),38,Donald J Trump/JD Vance,431,776,400,0,12,364
1,US President and Vice President (Vote for 1),38,Donald J Trump/JD Vance,432,306,97,0,1,208
1,US President and Vice President (Vote for 1),38,Donald J Trump/JD Vance,433,"2,174",761,0,25,"1,388"
1,US President and Vice President (Vote for 1),38,Donald J Trump/JD Vance,434,"4,411","1,372",2,33,"3,004"
1,US President and Vice President (Vote for 1),38,Donald J Trump/JD Vance,435,"4,142","1,519",0,44,"2,579"
1,US President and Vice President (Vote for 1),38,Donald J Trump/JD Vance,436,"2,244",824,0,33,"1,387"
1,US President and Vice President (Vote for 1),38,Donald J Trump/JD Vance,437,63,17,0,2,44
1,US President and Vice President (Vote for 1),38,Donald J Trump/JD Vance,438,494,292,0,3,199
1,US President and Vice President (Vote for 1),38,Donald J Trump/JD Vance,439,"2,379",592,0,16,"1,771"
1,US President and Vice President (Vote for 1),38,Donald J Trump/JD Vance,440,"1,466",455,0,16,995
1,US President and Vice President (Vote for 1),38,Donald J Trump/JD Vance,441,70,12,0,0,58
1,US President and Vice President (Vote for 1),38,Donald J Trump/JD Vance,442,"2,719","1,042",1,38,"1,638"
1,US President and Vice President (Vote for 1),38,Donald J Trump/JD Vance,443,11,11,0,0,0
1,US President and Vice President (Vote for 1),38,Donald J Trump/JD Vance,444,121,65,0,2,54
1,US President and Vice President (Vote for 1),38,Donald J Trump/JD Vance,445,1,1,0,0,0
1,US President and Vice President (Vote for 1),38,Donald J Trump/JD Vance,446,107,36,0,1,70
1,US President and Vice President (Vote for 1),38,Donald J Trump/JD Vance,447,285,150,1,6,128
1,US President and Vice President (Vote for 1),38,Donald J Trump/JD Vance,448,773,253,1,9,510
1,US President and Vice President (Vote for 1),38,Donald J Trump/JD Vance,449,293,147,0,2,144
1,US President and Vice President (Vote for 1),38,Donald J Trump/JD Vance,450,170,117,0,1,52
1,US President and Vice President (Vote for 1),38,Donald J Trump/JD Vance,451,"1,071",303,0,16,752
1,US President and Vice President (Vote for 1),38,Donald J Trump/JD Vance,452,100,45,1,2,52
1,US President and Vice President (Vote for 1),38,Donald J Trump/JD Vance,453,11,6,0,0,5
1,US President and Vice President (Vote for 1),38,Donald J Trump/JD Vance,454,19,17,0,0,2
1,US President and Vice President (Vote for 1),38,Donald J Trump/JD Vance,455,"1,491",346,1,13,"1,131"
1,US President and Vice President (Vote for 1),38,Donald J Trump/JD Vance,456,7,0,0,0,7
1,US President and Vice President (Vote for 1),38,Jill Stein/Rudolph Ware,301,"1,727",11,2,18,"1,696"
1,US President and Vice President (Vote for 1),38,Jill Stein/Rudolph Ware,302,"2,559",28,1,20,"2,510"
1,US President and Vice President (Vote for 1),38,Jill Stein/Rudolph Ware,303,332,1,0,3,328
1,US President and Vice President (Vote for 1),38,Jill Stein/Rudolph Ware,304,"1,077",3,0,13,"1,061"
1,US President and Vice President (Vote for 1),38,Jill Stein/Rudolph Ware,305,954,5,0,8,941
1,US President and Vice President (Vote for 1),38,Jill Stein/Rudolph Ware,306,581,9,0,7,565
1,US President and Vice President (Vote for 1),38,Jill Stein/Rudolph Ware,307,"4,511",39,0,36,"4,436"
1,US President and Vice President (Vote for 1),38,Jill Stein/Rudolph Ware,308,149,1,0,4,144
1,US President and Vice President (Vote for 1),38,Jill Stein/Rudolph Ware,309,"4,322",47,1,46,"4,228"
1,US President and Vice President (Vote for 1),38,Jill Stein/Rudolph Ware,310,616,5,1,4,606
1,US President and Vice President (Vote for 1),38,Jill Stein/Rudolph Ware,311,688,5,0,7,676
1,US President and Vice President (Vote for 1),38,Jill Stein/Rudolph Ware,312,"1,707",12,0,13,"1,682"
1,US President and Vice President (Vote for 1),38,Jill Stein/Rudolph Ware,313,3,0,0,0,3
1,US President and Vice President (Vote for 1),38,Jill Stein/Rudolph Ware,314,311,2,0,6,303
1,US President and Vice President (Vote for 1),38,Jill Stein/Rudolph Ware,315,493,5,0,7,481
1,US President and Vice President (Vote for 1),38,Jill Stein/Rudolph Ware,316,"1,728",13,0,21,"1,694"
1,US President and Vice President (Vote for 1),38,Jill Stein/Rudolph Ware,317,170,0,0,3,167
1,US President and Vice President (Vote for 1),38,Jill Stein/Rudolph Ware,318,"3,767",37,2,30,"3,698"
1,US President and Vice President (Vote for 1),38,Jill Stein/Rudolph Ware,319,"5,213",75,0,38,"5,100"
1,US President and Vice President (Vote for 1),38,Jill Stein/Rudolph Ware,320,"1,780",20,0,20,"1,740"
1,US President and Vice President (Vote for 1),38,Jill Stein/Rudolph Ware,321,328,0,0,7,321
1,US President and Vice President (Vote for 1),38,Jill Stein/Rudolph Ware,322,269,0,0,2,267
1,US President and Vice President (Vote for 1),38,Jill Stein/Rudolph Ware,324,520,1,0,3,516
1,US President and Vice President (Vote for 1),38,Jill Stein/Rudolph Ware,325,156,1,0,1,154
1,US President and Vice President (Vote for 1),38,Jill Stein/Rudolph Ware,326,"1,900",10,1,16,"1,873"
1,US President and Vice President (Vote for 1),38,Jill Stein/Rudolph Ware,327,"5,329",67,0,42,"5,220"
1,US President and Vice President (Vote for 1),38,Jill Stein/Rudolph Ware,328,933,6,0,9,918
1,US President and Vice President (Vote for 1),38,Jill Stein/Rudolph Ware,329,"7,717",88,0,65,"7,564"
1,US President and Vice President (Vote for 1),38,Jill Stein/Rudolph Ware,330,"2,157",21,0,19,"2,117"
1,US President and Vice President (Vote for 1),38,Jill Stein/Rudolph Ware,331,"2,404",42,0,20,"2,342"
1,US President and Vice President (Vote for 1),38,Jill Stein/Rudolph Ware,332,"2,555",37,1,21,"2,496"
1,US President and Vice President (Vote for 1),38,Jill Stein/Rudolph Ware,333,"3,631",60,0,20,"3,551"
1,US President and Vice President (Vote for 1),38,Jill Stein/Rudolph Ware,334,137,0,0,0,137
1,US President and Vice President (Vote for 1),38,Jill Stein/Rudolph Ware,335,"4,278",39,0,53,"4,186"
1,US President and Vice President (Vote for 1),38,Jill Stein/Rudolph Ware,336,"2,958",36,0,28,"2,894"
1,US President and Vice President (Vote for 1),38,Jill Stein/Rudolph Ware,337,"1,089",14,3,9,"1,063"
1,US President and Vice President (Vote for 1),38,Jill Stein/Rudolph Ware,338,"5,188",34,2,36,"5,116"
1,US President and Vice President (Vote for 1),38,Jill Stein/Rudolph Ware,339,"4,834",39,2,33,"4,760"
1,US President and Vice President (Vote for 1),38,Jill Stein/Rudolph Ware,340,"6,965",48,1,71,"6,845"
1,US President and Vice President (Vote for 1),38,Jill Stein/Rudolph Ware,341,306,2,0,2,302
1,US President and Vice President (Vote for 1),38,Jill Stein/Rudolph Ware,342,63,0,0,0,63
1,US President and Vice President (Vote for 1),38,Jill Stein/Rudolph Ware,343,"2,616",28,0,23,"2,565"
1,US President and Vice President (Vote for 1),38,Jill Stein/Rudolph Ware,344,"2,809",38,1,22,"2,748"
1,US President and Vice President (Vote for 1),38,Jill Stein/Rudolph Ware,345,27,0,0,0,27
1,US President and Vice President (Vote for 1),38,Jill Stein/Rudolph Ware,346,275,1,0,2,272
1,US President and Vice President (Vote for 1),38,Jill Stein/Rudolph Ware,347,55,0,0,0,55
1,US President and Vice President (Vote for 1),38,Jill Stein/Rudolph Ware,348,27,0,0,1,26
1,US President and Vice President (Vote for 1),38,Jill Stein/Rudolph Ware,349,577,5,0,2,570
1,US President and Vice President (Vote for 1),38,Jill Stein/Rudolph Ware,350,"6,380",70,0,40,"6,270"
1,US President and Vice President (Vote for 1),38,Jill Stein/Rudolph Ware,351,"3,182",50,0,20,"3,112"
1,US President and Vice President (Vote for 1),38,Jill Stein/Rudolph Ware,352,"1,141",20,0,8,"1,113"
1,US President and Vice President (Vote for 1),38,Jill Stein/Rudolph Ware,353,"2,235",18,0,25,"2,192"
1,US President and Vice President (Vote for 1),38,Jill Stein/Rudolph Ware,354,"1,816",16,1,15,"1,784"
1,US President and Vice President (Vote for 1),38,Jill Stein/Rudolph Ware,355,"1,370",14,1,12,"1,343"
1,US President and Vice President (Vote for 1),38,Jill Stein/Rudolph Ware,356,"1,668",20,2,14,"1,632"
1,US President and Vice President (Vote for 1),38,Jill Stein/Rudolph Ware,357,814,10,2,5,797
1,US President and Vice President (Vote for 1),38,Jill Stein/Rudolph Ware,358,"2,537",25,0,23,"2,489"
1,US President and Vice President (Vote for 1),38,Jill Stein/Rudolph Ware,359,"2,336",30,0,20,"2,286"
1,US President and Vice President (Vote for 1),38,Jill Stein/Rudolph Ware,360,"2,850",47,0,25,"2,778"
1,US President and Vice President (Vote for 1),38,Jill Stein/Rudolph Ware,361,"2,064",30,0,17,"2,017"
1,US President and Vice President (Vote for 1),38,Jill Stein/Rudolph Ware,362,"6,348",60,1,61,"6,226"
1,US President and Vice President (Vote for 1),38,Jill Stein/Rudolph Ware,363,"2,946",31,0,33,"2,882"
1,US President and Vice President (Vote for 1),38,Jill Stein/Rudolph Ware,364,"4,497",69,0,64,"4,364"
1,US President and Vice President (Vote for 1),38,Jill Stein/Rudolph Ware,365,"4,651",46,0,59,"4,546"
1,US President and Vice President (Vote for 1),38,Jill Stein/Rudolph Ware,366,"1,650",26,0,21,"1,603"
1,US President and Vice President (Vote for 1),38,Jill Stein/Rudolph Ware,367,"4,294",85,0,42,"4,167"
1,US President and Vice President (Vote for 1),38,Jill Stein/Rudolph Ware,368,"3,813",54,0,28,"3,731"
1,US President and Vice President (Vote for 1),38,Jill Stein/Rudolph Ware,369,"1,665",19,0,24,"1,622"
1,US President and Vice President (Vote for 1),38,Jill Stein/Rudolph Ware,370,"2,108",12,0,29,"2,067"
1,US President and Vice President (Vote for 1),38,Jill Stein/Rudolph Ware,371,"2,044",5,0,21,"2,018"
1,US President and Vice President (Vote for 1),38,Jill Stein/Rudolph Ware,372,"1,712",8,0,21,"1,683"
1,US President and Vice President (Vote for 1),38,Jill Stein/Rudolph Ware,373,330,4,0,4,322
1,US President and Vice President (Vote for 1),38,Jill Stein/Rudolph Ware,374,9,0,0,0,9
1,US President and Vice President (Vote for 1),38,Jill Stein/Rudolph Ware,375,279,8,1,6,264
1,US President and Vice President (Vote for 1),38,Jill Stein/Rudolph Ware,376,"1,786",31,0,21,"1,734"
1,US President and Vice President (Vote for 1),38,Jill Stein/Rudolph Ware,377,"2,275",31,1,20,"2,223"
1,US President and Vice President (Vote for 1),38,Jill Stein/Rudolph Ware,378,947,6,0,6,935
1,US President and Vice President (Vote for 1),38,Jill Stein/Rudolph Ware,379,"3,866",29,1,45,"3,791"
1,US President and Vice President (Vote for 1),38,Jill Stein/Rudolph Ware,380,"3,035",35,0,32,"2,968"
1,US President and Vice President (Vote for 1),38,Jill Stein/Rudolph Ware,381,476,4,0,9,463
1,US President and Vice President (Vote for 1),38,Jill Stein/Rudolph Ware,382,"3,911",39,0,34,"3,838"
1,US President and Vice President (Vote for 1),38,Jill Stein/Rudolph Ware,383,"1,576",20,0,13,"1,543"
1,US President and Vice President (Vote for 1),38,Jill Stein/Rudolph Ware,384,"4,511",36,0,39,"4,436"
1,US President and Vice President (Vote for 1),38,Jill Stein/Rudolph Ware,385,776,7,0,14,755
1,US President and Vice President (Vote for 1),38,Jill Stein/Rudolph Ware,386,"1,955",17,0,27,"1,911"
1,US President and Vice President (Vote for 1),38,Jill Stein/Rudolph Ware,387,21,0,0,0,21
1,US President and Vice President (Vote for 1),38,Jill Stein/Rudolph Ware,388,250,2,0,2,246
1,US President and Vice President (Vote for 1),38,Jill Stein/Rudolph Ware,389,"7,683",110,1,78,"7,494"
1,US President and Vice President (Vote for 1),38,Jill Stein/Rudolph Ware,390,"2,109",13,0,27,"2,069"
1,US President and Vice President (Vote for 1),38,Jill Stein/Rudolph Ware,391,406,2,0,4,400
1,US President and Vice President (Vote for 1),38,Jill Stein/Rudolph Ware,392,112,1,0,3,108
1,US President and Vice President (Vote for 1),38,Jill Stein/Rudolph Ware,393,631,8,0,9,614
1,US President and Vice President (Vote for 1),38,Jill Stein/Rudolph Ware,394,249,3,0,0,246
1,US President and Vice President (Vote for 1),38,Jill Stein/Rudolph Ware,395,"5,420",57,1,48,"5,314"
1,US President and Vice President (Vote for 1),38,Jill Stein/Rudolph Ware,396,837,9,0,14,814
1,US President and Vice President (Vote for 1),38,Jill Stein/Rudolph Ware,397,"2,944",28,0,23,"2,893"
1,US President and Vice President (Vote for 1),38,Jill Stein/Rudolph Ware,398,"1,774",34,0,20,"1,720"
1,US President and Vice President (Vote for 1),38,Jill Stein/Rudolph Ware,399,"2,222",20,0,17,"2,185"
1,US President and Vice President (Vote for 1),38,Jill Stein/Rudolph Ware,400,"3,530",40,1,40,"3,449"
1,US President and Vice President (Vote for 1),38,Jill Stein/Rudolph Ware,401,"1,868",14,1,18,"1,835"
1,US President and Vice President (Vote for 1),38,Jill Stein/Rudolph Ware,402,"6,434",79,0,78,"6,277"
1,US President and Vice President (Vote for 1),38,Jill Stein/Rudolph Ware,403,"1,378",31,0,11,"1,336"
1,US President and Vice President (Vote for 1),38,Jill Stein/Rudolph Ware,404,"5,930",61,0,62,"5,807"
1,US President and Vice President (Vote for 1),38,Jill Stein/Rudolph Ware,405,"7,583",50,2,86,"7,445"
1,US President and Vice President (Vote for 1),38,Jill Stein/Rudolph Ware,406,"2,042",25,0,20,"1,997"
1,US President and Vice President (Vote for 1),38,Jill Stein/Rudolph Ware,407,873,4,0,15,854
1,US President and Vice President (Vote for 1),38,Jill Stein/Rudolph Ware,408,322,3,1,6,312
1,US President and Vice President (Vote for 1),38,Jill Stein/Rudolph Ware,409,"4,527",59,2,44,"4,422"
1,US President and Vice President (Vote for 1),38,Jill Stein/Rudolph Ware,410,"1,324",26,0,12,"1,286"
1,US President and Vice President (Vote for 1),38,Jill Stein/Rudolph Ware,411,"1,313",34,1,7,"1,271"
1,US President and Vice President (Vote for 1),38,Jill Stein/Rudolph Ware,412,"1,762",30,0,21,"1,711"
1,US President and Vice President (Vote for 1),38,Jill Stein/Rudolph Ware,413,"1,460",14,1,16,"1,429"
1,US President and Vice President (Vote for 1),38,Jill Stein/Rudolph Ware,414,527,4,0,3,520
1,US President and Vice President (Vote for 1),38,Jill Stein/Rudolph Ware,415,852,7,0,9,836
1,US President and Vice President (Vote for 1),38,Jill Stein/Rudolph Ware,416,847,24,0,7,816
1,US President and Vice President (Vote for 1),38,Jill Stein/Rudolph Ware,417,409,4,0,4,401
1,US President and Vice President (Vote for 1),38,Jill Stein/Rudolph Ware,418,"3,034",43,0,26,"2,965"
1,US President and Vice President (Vote for 1),38,Jill Stein/Rudolph Ware,419,"1,800",3,1,20,"1,776"
1,US President and Vice President (Vote for 1),38,Jill Stein/Rudolph Ware,420,"3,232",20,0,38,"3,174"
1,US President and Vice President (Vote for 1),38,Jill Stein/Rudolph Ware,421,500,18,1,9,472
1,US President and Vice President (Vote for 1),38,Jill Stein/Rudolph Ware,422,17,0,0,0,17
1,US President and Vice President (Vote for 1),38,Jill Stein/Rudolph Ware,423,"3,059",25,0,39,"2,995"
1,US President and Vice President (Vote for 1),38,Jill Stein/Rudolph Ware,424,"4,668",39,0,67,"4,562"
1,US President and Vice President (Vote for 1),38,Jill Stein/Rudolph Ware,425,683,4,0,9,670
1,US President and Vice President (Vote for 1),38,Jill Stein/Rudolph Ware,426,438,2,0,7,429
1,US President and Vice President (Vote for 1),38,Jill Stein/Rudolph Ware,427,"1,303",30,0,20,"1,253"
1,US President and Vice President (Vote for 1),38,Jill Stein/Rudolph Ware,428,"1,361",15,0,10,"1,336"
1,US President and Vice President (Vote for 1),38,Jill Stein/Rudolph Ware,429,"2,703",32,0,21,"2,650"
1,US President and Vice President (Vote for 1),38,Jill Stein/Rudolph Ware,430,"2,319",19,0,32,"2,268"
1,US President and Vice President (Vote for 1),38,Jill Stein/Rudolph Ware,431,776,4,0,12,760
1,US President and Vice President (Vote for 1),38,Jill Stein/Rudolph Ware,432,306,3,0,1,302
1,US President and Vice President (Vote for 1),38,Jill Stein/Rudolph Ware,433,"2,174",12,0,25,"2,137"
1,US President and Vice President (Vote for 1),38,Jill Stein/Rudolph Ware,434,"4,411",61,1,33,"4,316"
1,US President and Vice President (Vote for 1),38,Jill Stein/Rudolph Ware,435,"4,142",31,0,44,"4,067"
1,US President and Vice President (Vote for 1),38,Jill Stein/Rudolph Ware,436,"2,244",12,0,33,"2,199"
1,US President and Vice President (Vote for 1),38,Jill Stein/Rudolph Ware,437,63,1,0,2,60
1,US President and Vice President (Vote for 1),38,Jill Stein/Rudolph Ware,438,494,1,0,3,490
1,US President and Vice President (Vote for 1),38,Jill Stein/Rudolph Ware,439,"2,379",44,0,16,"2,319"
1,US President and Vice President (Vote for 1),38,Jill Stein/Rudolph Ware,440,"1,466",24,0,16,"1,426"
1,US President and Vice President (Vote for 1),38,Jill Stein/Rudolph Ware,441,70,3,0,0,67
1,US President and Vice President (Vote for 1),38,Jill Stein/Rudolph Ware,442,"2,719",32,2,38,"2,647"
1,US President and Vice President (Vote for 1),38,Jill Stein/Rudolph Ware,443,11,0,0,0,11
1,US President and Vice President (Vote for 1),38,Jill Stein/Rudolph Ware,444,121,1,0,2,118
1,US President and Vice President (Vote for 1),38,Jill Stein/Rudolph Ware,445,1,0,0,0,1
1,US President and Vice President (Vote for 1),38,Jill Stein/Rudolph Ware,446,107,2,0,1,104
1,US President and Vice President (Vote for 1),38,Jill Stein/Rudolph Ware,447,285,1,0,6,278
1,US President and Vice President (Vote for 1),38,Jill Stein/Rudolph Ware,448,773,5,1,9,758
1,US President and Vice President (Vote for 1),38,Jill Stein/Rudolph Ware,449,293,1,0,2,290
1,US President and Vice President (Vote for 1),38,Jill Stein/Rudolph Ware,450,170,1,0,1,168
1,US President and Vice President (Vote for 1),38,Jill Stein/Rudolph Ware,451,"1,071",11,0,16,"1,044"
1,US President and Vice President (Vote for 1),38,Jill Stein/Rudolph Ware,452,100,0,0,2,98
1,US President and Vice President (Vote for 1),38,Jill Stein/Rudolph Ware,453,11,0,0,0,11
1,US President and Vice President (Vote for 1),38,Jill Stein/Rudolph Ware,454,19,0,0,0,19
1,US President and Vice President (Vote for 1),38,Jill Stein/Rudolph Ware,455,"1,491",10,0,13,"1,468"
1,US President and Vice President (Vote for 1),38,Jill Stein/Rudolph Ware,456,7,0,0,0,7
1,US President and Vice President (Vote for 1),38,Kamala D Harris/Tim Walz,301,"1,727",679,0,18,"1,030"
1,US President and Vice President (Vote for 1),38,Kamala D Harris/Tim Walz,302,"2,559","1,484",0,20,"1,055"
1,US President and Vice President (Vote for 1),38,Kamala D Harris/Tim Walz,303,332,116,0,3,213
1,US President and Vice President (Vote for 1),38,Kamala D Harris/Tim Walz,304,"1,077",627,0,13,437
1,US President and Vice President (Vote for 1),38,Kamala D Harris/Tim Walz,305,954,380,0,8,566
1,US President and Vice President (Vote for 1),38,Kamala D Harris/Tim Walz,306,581,433,0,7,141
1,US President and Vice President (Vote for 1),38,Kamala D Harris/Tim Walz,307,"4,511","2,577",0,36,"1,898"
1,US President and Vice President (Vote for 1),38,Kamala D Harris/Tim Walz,308,149,73,0,4,72
1,US President and Vice President (Vote for 1),38,Kamala D Harris/Tim Walz,309,"4,322","2,639",1,46,"1,636"
1,US President and Vice President (Vote for 1),38,Kamala D Harris/Tim Walz,310,616,278,0,4,334
1,US President and Vice President (Vote for 1),38,Kamala D Harris/Tim Walz,311,688,291,0,7,390
1,US President and Vice President (Vote for 1),38,Kamala D Harris/Tim Walz,312,"1,707",670,0,13,"1,024"
1,US President and Vice President (Vote for 1),38,Kamala D Harris/Tim Walz,313,3,2,0,0,1
1,US President and Vice President (Vote for 1),38,Kamala D Harris/Tim Walz,314,311,105,0,6,200
1,US President and Vice President (Vote for 1),38,Kamala D Harris/Tim Walz,315,493,232,0,7,254
1,US President and Vice President (Vote for 1),38,Kamala D Harris/Tim Walz,316,"1,728",704,1,21,"1,002"
1,US President and Vice President (Vote for 1),38,Kamala D Harris/Tim Walz,317,170,77,0,3,90
1,US President and Vice President (Vote for 1),38,Kamala D Harris/Tim Walz,318,"3,767","2,324",0,30,"1,413"
1,US President and Vice President (Vote for 1),38,Kamala D Harris/Tim Walz,319,"5,213","3,335",3,38,"1,837"
1,US President and Vice President (Vote for 1),38,Kamala D Harris/Tim Walz,320,"1,780","1,121",0,20,639
1,US President and Vice President (Vote for 1),38,Kamala D Harris/Tim Walz,321,328,111,0,7,210
1,US President and Vice President (Vote for 1),38,Kamala D Harris/Tim Walz,322,269,122,0,2,145
1,US President and Vice President (Vote for 1),38,Kamala D Harris/Tim Walz,324,520,208,0,3,309
1,US President and Vice President (Vote for 1),38,Kamala D Harris/Tim Walz,325,156,114,0,1,41
1,US President and Vice President (Vote for 1),38,Kamala D Harris/Tim Walz,326,"1,900",661,0,16,"1,223"
1,US President and Vice President (Vote for 1),38,Kamala D Harris/Tim Walz,327,"5,329","3,427",4,42,"1,856"
1,US President and Vice President (Vote for 1),38,Kamala D Harris/Tim Walz,328,933,398,0,9,526
1,US President and Vice President (Vote for 1),38,Kamala D Harris/Tim Walz,329,"7,717","5,222",1,65,"2,429"
1,US President and Vice President (Vote for 1),38,Kamala D Harris/Tim Walz,330,"2,157","1,071",0,19,"1,067"
1,US President and Vice President (Vote for 1),38,Kamala D Harris/Tim Walz,331,"2,404","1,678",0,20,706
1,US President and Vice President (Vote for 1),38,Kamala D Harris/Tim Walz,332,"2,555","1,846",0,21,688
1,US President and Vice President (Vote for 1),38,Kamala D Harris/Tim Walz,333,"3,631","2,646",0,20,965
1,US President and Vice President (Vote for 1),38,Kamala D Harris/Tim Walz,334,137,53,0,0,84
1,US President and Vice President (Vote for 1),38,Kamala D Harris/Tim Walz,335,"4,278","2,504",1,53,"1,720"
1,US President and Vice President (Vote for 1),38,Kamala D Harris/Tim Walz,336,"2,958","1,714",1,28,"1,215"
1,US President and Vice President (Vote for 1),38,Kamala D Harris/Tim Walz,337,"1,089",647,3,9,430
1,US President and Vice President (Vote for 1),38,Kamala D Harris/Tim Walz,338,"5,188","2,854",4,36,"2,294"
1,US President and Vice President (Vote for 1),38,Kamala D Harris/Tim Walz,339,"4,834","2,654",3,33,"2,144"
1,US President and Vice President (Vote for 1),38,Kamala D Harris/Tim Walz,340,"6,965","3,797",2,71,"3,095"
1,US President and Vice President (Vote for 1),38,Kamala D Harris/Tim Walz,341,306,131,0,2,173
1,US President and Vice President (Vote for 1),38,Kamala D Harris/Tim Walz,342,63,28,0,0,35
1,US President and Vice President (Vote for 1),38,Kamala D Harris/Tim Walz,343,"2,616","1,531",2,23,"1,060"
1,US President and Vice President (Vote for 1),38,Kamala D Harris/Tim Walz,344,"2,809","1,767",0,22,"1,020"
1,US President and Vice President (Vote for 1),38,Kamala D Harris/Tim Walz,345,27,14,0,0,13
1,US President and Vice President (Vote for 1),38,Kamala D Harris/Tim Walz,346,275,125,0,2,148
1,US President and Vice President (Vote for 1),38,Kamala D Harris/Tim Walz,347,55,25,0,0,30
1,US President and Vice President (Vote for 1),38,Kamala D Harris/Tim Walz,348,27,16,0,1,10
1,US President and Vice President (Vote for 1),38,Kamala D Harris/Tim Walz,349,577,408,1,2,166
1,US President and Vice President (Vote for 1),38,Kamala D Harris/Tim Walz,350,"6,380","4,548",0,40,"1,792"
1,US President and Vice President (Vote for 1),38,Kamala D Harris/Tim Walz,351,"3,182","2,062",1,20,"1,099"
1,US President and Vice President (Vote for 1),38,Kamala D Harris/Tim Walz,352,"1,141",869,0,8,264
1,US President and Vice President (Vote for 1),38,Kamala D Harris/Tim Walz,353,"2,235","1,705",1,25,504
1,US President and Vice President (Vote for 1),38,Kamala D Harris/Tim Walz,354,"1,816","1,286",2,15,513
1,US President and Vice President (Vote for 1),38,Kamala D Harris/Tim Walz,355,"1,370",992,1,12,365
1,US President and Vice President (Vote for 1),38,Kamala D Harris/Tim Walz,356,"1,668","1,045",2,14,607
1,US President and Vice President (Vote for 1),38,Kamala D Harris/Tim Walz,357,814,531,2,5,276
1,US President and Vice President (Vote for 1),38,Kamala D Harris/Tim Walz,358,"2,537","1,756",0,23,758
1,US President and Vice President (Vote for 1),38,Kamala D Harris/Tim Walz,359,"2,336","1,663",0,20,653
1,US President and Vice President (Vote for 1),38,Kamala D Harris/Tim Walz,360,"2,850","1,979",0,25,846
1,US President and Vice President (Vote for 1),38,Kamala D Harris/Tim Walz,361,"2,064","1,558",0,17,489
1,US President and Vice President (Vote for 1),38,Kamala D Harris/Tim Walz,362,"6,348","4,471",1,61,"1,815"
1,US President and Vice President (Vote for 1),38,Kamala D Harris/Tim Walz,363,"2,946","2,097",2,33,814
1,US President and Vice President (Vote for 1),38,Kamala D Harris/Tim Walz,364,"4,497","3,215",0,64,"1,218"
1,US President and Vice President (Vote for 1),38,Kamala D Harris/Tim Walz,365,"4,651","3,510",0,59,"1,082"
1,US President and Vice President (Vote for 1),38,Kamala D Harris/Tim Walz,366,"1,650","1,268",0,21,361
1,US President and Vice President (Vote for 1),38,Kamala D Harris/Tim Walz,367,"4,294","3,030",1,42,"1,221"
1,US President and Vice President (Vote for 1),38,Kamala D Harris/Tim Walz,368,"3,813","2,639",2,28,"1,144"
1,US President and Vice President (Vote for 1),38,Kamala D Harris/Tim Walz,369,"1,665","1,074",1,24,566
1,US President and Vice President (Vote for 1),38,Kamala D Harris/Tim Walz,370,"2,108","1,392",1,29,686
1,US President and Vice President (Vote for 1),38,Kamala D Harris/Tim Walz,371,"2,044","1,461",0,21,562
1,US President and Vice President (Vote for 1),38,Kamala D Harris/Tim Walz,372,"1,712","1,275",0,21,416
1,US President and Vice President (Vote for 1),38,Kamala D Harris/Tim Walz,373,330,177,0,4,149
1,US President and Vice President (Vote for 1),38,Kamala D Harris/Tim Walz,374,9,5,0,0,4
1,US President and Vice President (Vote for 1),38,Kamala D Harris/Tim Walz,375,279,206,1,6,66
1,US President and Vice President (Vote for 1),38,Kamala D Harris/Tim Walz,376,"1,786","1,199",0,21,566
1,US President and Vice President (Vote for 1),38,Kamala D Harris/Tim Walz,377,"2,275","1,558",1,20,696
1,US President and Vice President (Vote for 1),38,Kamala D Harris/Tim Walz,378,947,743,0,6,198
1,US President and Vice President (Vote for 1),38,Kamala D Harris/Tim Walz,379,"3,866","2,705",2,45,"1,114"
1,US President and Vice President (Vote for 1),38,Kamala D Harris/Tim Walz,380,"3,035","2,083",1,32,919
1,US President and Vice President (Vote for 1),38,Kamala D Harris/Tim Walz,381,476,333,0,9,134
1,US President and Vice President (Vote for 1),38,Kamala D Harris/Tim Walz,382,"3,911","2,394",5,34,"1,478"
1,US President and Vice President (Vote for 1),38,Kamala D Harris/Tim Walz,383,"1,576","1,178",1,13,384
1,US President and Vice President (Vote for 1),38,Kamala D Harris/Tim Walz,384,"4,511","3,478",0,39,994
1,US President and Vice President (Vote for 1),38,Kamala D Harris/Tim Walz,385,776,562,0,14,200
1,US President and Vice President (Vote for 1),38,Kamala D Harris/Tim Walz,386,"1,955","1,495",0,27,433
1,US President and Vice President (Vote for 1),38,Kamala D Harris/Tim Walz,387,21,12,0,0,9
1,US President and Vice President (Vote for 1),38,Kamala D Harris/Tim Walz,388,250,181,0,2,67
1,US President and Vice President (Vote for 1),38,Kamala D Harris/Tim Walz,389,"7,683","5,246",0,78,"2,359"
1,US President and Vice President (Vote for 1),38,Kamala D Harris/Tim Walz,390,"2,109","1,432",2,27,648
1,US President and Vice President (Vote for 1),38,Kamala D Harris/Tim Walz,391,406,327,0,4,75
1,US President and Vice President (Vote for 1),38,Kamala D Harris/Tim Walz,392,112,86,0,3,23
1,US President and Vice President (Vote for 1),38,Kamala D Harris/Tim Walz,393,631,503,0,9,119
1,US President and Vice President (Vote for 1),38,Kamala D Harris/Tim Walz,394,249,164,0,0,85
1,US President and Vice President (Vote for 1),38,Kamala D Harris/Tim Walz,395,"5,420","3,714",0,48,"1,658"
1,US President and Vice President (Vote for 1),38,Kamala D Harris/Tim Walz,396,837,558,0,14,265
1,US President and Vice President (Vote for 1),38,Kamala D Harris/Tim Walz,397,"2,944","1,773",1,23,"1,147"
1,US President and Vice President (Vote for 1),38,Kamala D Harris/Tim Walz,398,"1,774","1,032",0,20,722
1,US President and Vice President (Vote for 1),38,Kamala D Harris/Tim Walz,399,"2,222","1,526",0,17,679
1,US President and Vice President (Vote for 1),38,Kamala D Harris/Tim Walz,400,"3,530","2,400",4,40,"1,086"
1,US President and Vice President (Vote for 1),38,Kamala D Harris/Tim Walz,401,"1,868","1,449",0,18,401
1,US President and Vice President (Vote for 1),38,Kamala D Harris/Tim Walz,402,"6,434","3,973",0,78,"2,383"
1,US President and Vice President (Vote for 1),38,Kamala D Harris/Tim Walz,403,"1,378",904,0,11,463
1,US President and Vice President (Vote for 1),38,Kamala D Harris/Tim Walz,404,"5,930","3,926",1,62,"1,941"
1,US President and Vice President (Vote for 1),38,Kamala D Harris/Tim Walz,405,"7,583","5,037",5,86,"2,455"
1,US President and Vice President (Vote for 1),38,Kamala D Harris/Tim Walz,406,"2,042","1,575",0,20,447
1,US President and Vice President (Vote for 1),38,Kamala D Harris/Tim Walz,407,873,637,0,15,221
1,US President and Vice President (Vote for 1),38,Kamala D Harris/Tim Walz,408,322,235,0,6,81
1,US President and Vice President (Vote for 1),38,Kamala D Harris/Tim Walz,409,"4,527","3,006",3,44,"1,474"
1,US President and Vice President (Vote for 1),38,Kamala D Harris/Tim Walz,410,"1,324",810,0,12,502
1,US President and Vice President (Vote for 1),38,Kamala D Harris/Tim Walz,411,"1,313",866,1,7,439
1,US President and Vice President (Vote for 1),38,Kamala D Harris/Tim Walz,412,"1,762","1,102",1,21,638
1,US President and Vice President (Vote for 1),38,Kamala D Harris/Tim Walz,413,"1,460",949,0,16,495
1,US President and Vice President (Vote for 1),38,Kamala D Harris/Tim Walz,414,527,331,0,3,193
1,US President and Vice President (Vote for 1),38,Kamala D Harris/Tim Walz,415,852,544,0,9,299
1,US President and Vice President (Vote for 1),38,Kamala D Harris/Tim Walz,416,847,564,0,7,276
1,US President and Vice President (Vote for 1),38,Kamala D Harris/Tim Walz,417,409,252,0,4,153
1,US President and Vice President (Vote for 1),38,Kamala D Harris/Tim Walz,418,"3,034","1,990",0,26,"1,018"
1,US President and Vice President (Vote for 1),38,Kamala D Harris/Tim Walz,419,"1,800","1,194",1,20,585
1,US President and Vice President (Vote for 1),38,Kamala D Harris/Tim Walz,420,"3,232","1,998",1,38,"1,195"
1,US President and Vice President (Vote for 1),38,Kamala D Harris/Tim Walz,421,500,322,1,9,168
1,US President and Vice President (Vote for 1),38,Kamala D Harris/Tim Walz,422,17,3,0,0,14
1,US President and Vice President (Vote for 1),38,Kamala D Harris/Tim Walz,423,"3,059","1,985",0,39,"1,035"
1,US President and Vice President (Vote for 1),38,Kamala D Harris/Tim Walz,424,"4,668","2,566",1,67,"2,034"
1,US President and Vice President (Vote for 1),38,Kamala D Harris/Tim Walz,425,683,293,0,9,381
1,US President and Vice President (Vote for 1),38,Kamala D Harris/Tim Walz,426,438,191,0,7,240
1,US President and Vice President (Vote for 1),38,Kamala D Harris/Tim Walz,427,"1,303",816,0,20,467
1,US President and Vice President (Vote for 1),38,Kamala D Harris/Tim Walz,428,"1,361",859,0,10,492
1,US President and Vice President (Vote for 1),38,Kamala D Harris/Tim Walz,429,"2,703","1,689",0,21,993
1,US President and Vice President (Vote for 1),38,Kamala D Harris/Tim Walz,430,"2,319","1,039",0,32,"1,248"
1,US President and Vice President (Vote for 1),38,Kamala D Harris/Tim Walz,431,776,331,0,12,433
1,US President and Vice President (Vote for 1),38,Kamala D Harris/Tim Walz,432,306,194,0,1,111
1,US President and Vice President (Vote for 1),38,Kamala D Harris/Tim Walz,433,"2,174","1,312",1,25,836
1,US President and Vice President (Vote for 1),38,Kamala D Harris/Tim Walz,434,"4,411","2,835",0,33,"1,543"
1,US President and Vice President (Vote for 1),38,Kamala D Harris/Tim Walz,435,"4,142","2,393",0,44,"1,705"
1,US President and Vice President (Vote for 1),38,Kamala D Harris/Tim Walz,436,"2,244","1,302",0,33,909
1,US President and Vice President (Vote for 1),38,Kamala D Harris/Tim Walz,437,63,40,0,2,21
1,US President and Vice President (Vote for 1),38,Kamala D Harris/Tim Walz,438,494,186,0,3,305
1,US President and Vice President (Vote for 1),38,Kamala D Harris/Tim Walz,439,"2,379","1,667",0,16,696
1,US President and Vice President (Vote for 1),38,Kamala D Harris/Tim Walz,440,"1,466",928,1,16,521
1,US President and Vice President (Vote for 1),38,Kamala D Harris/Tim Walz,441,70,52,0,0,18
1,US President and Vice President (Vote for 1),38,Kamala D Harris/Tim Walz,442,"2,719","1,513",2,38,"1,166"
1,US President and Vice President (Vote for 1),38,Kamala D Harris/Tim Walz,443,11,0,0,0,11
1,US President and Vice President (Vote for 1),38,Kamala D Harris/Tim Walz,444,121,51,0,2,68
1,US President and Vice President (Vote for 1),38,Kamala D Harris/Tim Walz,445,1,0,0,0,1
1,US President and Vice President (Vote for 1),38,Kamala D Harris/Tim Walz,446,107,66,0,1,40
1,US President and Vice President (Vote for 1),38,Kamala D Harris/Tim Walz,447,285,115,0,6,164
1,US President and Vice President (Vote for 1),38,Kamala D Harris/Tim Walz,448,773,478,0,9,286
1,US President and Vice President (Vote for 1),38,Kamala D Harris/Tim Walz,449,293,133,0,2,158
1,US President and Vice President (Vote for 1),38,Kamala D Harris/Tim Walz,450,170,47,0,1,122
1,US President and Vice President (Vote for 1),38,Kamala D Harris/Tim Walz,451,"1,071",717,0,16,338
1,US President and Vice President (Vote for 1),38,Kamala D Harris/Tim Walz,452,100,45,0,2,53
1,US President and Vice President (Vote for 1),38,Kamala D Harris/Tim Walz,453,11,5,0,0,6
1,US President and Vice President (Vote for 1),38,Kamala D Harris/Tim Walz,454,19,2,0,0,17
1,US President and Vice President (Vote for 1),38,Kamala D Harris/Tim Walz,455,"1,491","1,074",3,13,401
1,US President and Vice President (Vote for 1),38,Kamala D Harris/Tim Walz,456,7,7,0,0,0
1,US President and Vice President (Vote for 1),38,Write-in,301,"1,727",9,0,18,"1,700"
1,US President and Vice President (Vote for 1),38,Write-in,302,"2,559",15,0,20,"2,524"
1,US President and Vice President (Vote for 1),38,Write-in,303,332,1,0,3,328
1,US President and Vice President (Vote for 1),38,Write-in,304,"1,077",3,0,13,"1,061"
1,US President and Vice President (Vote for 1),38,Write-in,305,954,3,0,8,943
1,US President and Vice President (Vote for 1),38,Write-in,306,581,6,0,7,568
1,US President and Vice President (Vote for 1),38,Write-in,307,"4,511",39,0,36,"4,436"
1,US President and Vice President (Vote for 1),38,Write-in,308,149,2,0,4,143
1,US President and Vice President (Vote for 1),38,Write-in,309,"4,322",38,0,46,"4,238"
1,US President and Vice President (Vote for 1),38,Write-in,310,616,5,0,4,607
1,US President and Vice President (Vote for 1),38,Write-in,311,688,4,0,7,677
1,US President and Vice President (Vote for 1),38,Write-in,312,"1,707",10,0,13,"1,684"
1,US President and Vice President (Vote for 1),38,Write-in,313,3,0,0,0,3
1,US President and Vice President (Vote for 1),38,Write-in,314,311,4,0,6,301
1,US President and Vice President (Vote for 1),38,Write-in,315,493,8,0,7,478
1,US President and Vice President (Vote for 1),38,Write-in,316,"1,728",11,0,21,"1,696"
1,US President and Vice President (Vote for 1),38,Write-in,317,170,1,0,3,166
1,US President and Vice President (Vote for 1),38,Write-in,318,"3,767",27,0,30,"3,710"
1,US President and Vice President (Vote for 1),38,Write-in,319,"5,213",32,0,38,"5,143"
1,US President and Vice President (Vote for 1),38,Write-in,320,"1,780",13,0,20,"1,747"
1,US President and Vice President (Vote for 1),38,Write-in,321,328,5,0,7,316
1,US President and Vice President (Vote for 1),38,Write-in,322,269,0,0,2,267
1,US President and Vice President (Vote for 1),38,Write-in,324,520,6,0,3,511
1,US President and Vice President (Vote for 1),38,Write-in,325,156,0,0,1,155
1,US President and Vice President (Vote for 1),38,Write-in,326,"1,900",16,0,16,"1,868"
1,US President and Vice President (Vote for 1),38,Write-in,327,"5,329",40,0,42,"5,247"
1,US President and Vice President (Vote for 1),38,Write-in,328,933,7,0,9,917
1,US President and Vice President (Vote for 1),38,Write-in,329,"7,717",51,0,65,"7,601"
1,US President and Vice President (Vote for 1),38,Write-in,330,"2,157",12,0,19,"2,126"
1,US President and Vice President (Vote for 1),38,Write-in,331,"2,404",16,0,20,"2,368"
1,US President and Vice President (Vote for 1),38,Write-in,332,"2,555",11,0,21,"2,523"
1,US President and Vice President (Vote for 1),38,Write-in,333,"3,631",18,0,20,"3,593"
1,US President and Vice President (Vote for 1),38,Write-in,334,137,0,0,0,137
1,US President and Vice President (Vote for 1),38,Write-in,335,"4,278",39,0,53,"4,186"
1,US President and Vice President (Vote for 1),38,Write-in,336,"2,958",31,0,28,"2,899"
1,US President and Vice President (Vote for 1),38,Write-in,337,"1,089",9,0,9,"1,071"
1,US President and Vice President (Vote for 1),38,Write-in,338,"5,188",25,1,36,"5,126"
1,US President and Vice President (Vote for 1),38,Write-in,339,"4,834",23,0,33,"4,778"
1,US President and Vice President (Vote for 1),38,Write-in,340,"6,965",36,0,71,"6,858"
1,US President and Vice President (Vote for 1),38,Write-in,341,306,2,0,2,302
1,US President and Vice President (Vote for 1),38,Write-in,342,63,0,0,0,63
1,US President and Vice President (Vote for 1),38,Write-in,343,"2,616",29,1,23,"2,563"
1,US President and Vice President (Vote for 1),38,Write-in,344,"2,809",22,0,22,"2,765"
1,US President and Vice President (Vote for 1),38,Write-in,345,27,0,0,0,27
1,US President and Vice President (Vote for 1),38,Write-in,346,275,0,0,2,273
1,US President and Vice President (Vote for 1),38,Write-in,347,55,0,0,0,55
1,US President and Vice President (Vote for 1),38,Write-in,348,27,0,0,1,26
1,US President and Vice President (Vote for 1),38,Write-in,349,577,5,0,2,570
1,US President and Vice President (Vote for 1),38,Write-in,350,"6,380",52,0,40,"6,288"
1,US President and Vice President (Vote for 1),38,Write-in,351,"3,182",29,0,20,"3,133"
1,US President and Vice President (Vote for 1),38,Write-in,352,"1,141",6,0,8,"1,127"
1,US President and Vice President (Vote for 1),38,Write-in,353,"2,235",17,0,25,"2,193"
1,US President and Vice President (Vote for 1),38,Write-in,354,"1,816",11,0,15,"1,790"
1,US President and Vice President (Vote for 1),38,Write-in,355,"1,370",8,0,12,"1,350"
1,US President and Vice President (Vote for 1),38,Write-in,356,"1,668",13,0,14,"1,641"
1,US President and Vice President (Vote for 1),38,Write-in,357,814,1,0,5,808
1,US President and Vice President (Vote for 1),38,Write-in,358,"2,537",21,0,23,"2,493"
1,US President and Vice President (Vote for 1),38,Write-in,359,"2,336",24,0,20,"2,292"
1,US President and Vice President (Vote for 1),38,Write-in,360,"2,850",15,1,25,"2,809"
1,US President and Vice President (Vote for 1),38,Write-in,361,"2,064",9,0,17,"2,038"
1,US President and Vice President (Vote for 1),38,Write-in,362,"6,348",60,0,61,"6,227"
1,US President and Vice President (Vote for 1),38,Write-in,363,"2,946",19,0,33,"2,894"
1,US President and Vice President (Vote for 1),38,Write-in,364,"4,497",46,1,64,"4,386"
1,US President and Vice President (Vote for 1),38,Write-in,365,"4,651",34,0,59,"4,558"
1,US President and Vice President (Vote for 1),38,Write-in,366,"1,650",16,0,21,"1,613"
1,US President and Vice President (Vote for 1),38,Write-in,367,"4,294",34,0,42,"4,218"
1,US President and Vice President (Vote for 1),38,Write-in,368,"3,813",31,1,28,"3,753"
1,US President and Vice President (Vote for 1),38,Write-in,369,"1,665",13,1,24,"1,627"
1,US President and Vice President (Vote for 1),38,Write-in,370,"2,108",25,0,29,"2,054"
1,US President and Vice President (Vote for 1),38,Write-in,371,"2,044",27,0,21,"1,996"
1,US President and Vice President (Vote for 1),38,Write-in,372,"1,712",17,0,21,"1,674"
1,US President and Vice President (Vote for 1),38,Write-in,373,330,6,0,4,320
1,US President and Vice President (Vote for 1),38,Write-in,374,9,0,0,0,9
1,US President and Vice President (Vote for 1),38,Write-in,375,279,3,0,6,270
1,US President and Vice President (Vote for 1),38,Write-in,376,"1,786",11,0,21,"1,754"
1,US President and Vice President (Vote for 1),38,Write-in,377,"2,275",22,1,20,"2,232"
1,US President and Vice President (Vote for 1),38,Write-in,378,947,2,0,6,939
1,US President and Vice President (Vote for 1),38,Write-in,379,"3,866",26,0,45,"3,795"
1,US President and Vice President (Vote for 1),38,Write-in,380,"3,035",19,0,32,"2,984"
1,US President and Vice President (Vote for 1),38,Write-in,381,476,3,0,9,464
1,US President and Vice President (Vote for 1),38,Write-in,382,"3,911",19,0,34,"3,858"
1,US President and Vice President (Vote for 1),38,Write-in,383,"1,576",18,0,13,"1,545"
1,US President and Vice President (Vote for 1),38,Write-in,384,"4,511",29,0,39,"4,443"
1,US President and Vice President (Vote for 1),38,Write-in,385,776,21,0,14,741
1,US President and Vice President (Vote for 1),38,Write-in,386,"1,955",23,0,27,"1,905"
1,US President and Vice President (Vote for 1),38,Write-in,387,21,0,0,0,21
1,US President and Vice President (Vote for 1),38,Write-in,388,250,1,0,2,247
1,US President and Vice President (Vote for 1),38,Write-in,389,"7,683",81,0,78,"7,524"
1,US President and Vice President (Vote for 1),38,Write-in,390,"2,109",17,0,27,"2,065"
1,US President and Vice President (Vote for 1),38,Write-in,391,406,3,0,4,399
1,US President and Vice President (Vote for 1),38,Write-in,392,112,1,0,3,108
1,US President and Vice President (Vote for 1),38,Write-in,393,631,4,0,9,618
1,US President and Vice President (Vote for 1),38,Write-in,394,249,6,0,0,243
1,US President and Vice President (Vote for 1),38,Write-in,395,"5,420",61,0,48,"5,311"
1,US President and Vice President (Vote for 1),38,Write-in,396,837,8,0,14,815
1,US President and Vice President (Vote for 1),38,Write-in,397,"2,944",19,0,23,"2,902"
1,US President and Vice President (Vote for 1),38,Write-in,398,"1,774",27,0,20,"1,727"
1,US President and Vice President (Vote for 1),38,Write-in,399,"2,222",12,0,17,"2,193"
1,US President and Vice President (Vote for 1),38,Write-in,400,"3,530",21,0,40,"3,469"
1,US President and Vice President (Vote for 1),38,Write-in,401,"1,868",5,0,18,"1,845"
1,US President and Vice President (Vote for 1),38,Write-in,402,"6,434",54,0,78,"6,302"
1,US President and Vice President (Vote for 1),38,Write-in,403,"1,378",14,0,11,"1,353"
1,US President and Vice President (Vote for 1),38,Write-in,404,"5,930",40,0,62,"5,828"
1,US President and Vice President (Vote for 1),38,Write-in,405,"7,583",55,0,86,"7,442"
1,US President and Vice President (Vote for 1),38,Write-in,406,"2,042",20,0,20,"2,002"
1,US President and Vice President (Vote for 1),38,Write-in,407,873,15,0,15,843
1,US President and Vice President (Vote for 1),38,Write-in,408,322,2,0,6,314
1,US President and Vice President (Vote for 1),38,Write-in,409,"4,527",32,0,44,"4,451"
1,US President and Vice President (Vote for 1),38,Write-in,410,"1,324",13,0,12,"1,299"
1,US President and Vice President (Vote for 1),38,Write-in,411,"1,313",9,0,7,"1,297"
1,US President and Vice President (Vote for 1),38,Write-in,412,"1,762",8,0,21,"1,733"
1,US President and Vice President (Vote for 1),38,Write-in,413,"1,460",9,0,16,"1,435"
1,US President and Vice President (Vote for 1),38,Write-in,414,527,3,0,3,521
1,US President and Vice President (Vote for 1),38,Write-in,415,852,7,0,9,836
1,US President and Vice President (Vote for 1),38,Write-in,416,847,3,0,7,837
1,US President and Vice President (Vote for 1),38,Write-in,417,409,0,0,4,405
1,US President and Vice President (Vote for 1),38,Write-in,418,"3,034",31,0,26,"2,977"
1,US President and Vice President (Vote for 1),38,Write-in,419,"1,800",12,0,20,"1,768"
1,US President and Vice President (Vote for 1),38,Write-in,420,"3,232",30,0,38,"3,164"
1,US President and Vice President (Vote for 1),38,Write-in,421,500,8,0,9,483
1,US President and Vice President (Vote for 1),38,Write-in,422,17,0,0,0,17
1,US President and Vice President (Vote for 1),38,Write-in,423,"3,059",20,1,39,"2,999"
1,US President and Vice President (Vote for 1),38,Write-in,424,"4,668",46,0,67,"4,555"
1,US President and Vice President (Vote for 1),38,Write-in,425,683,5,0,9,669
1,US President and Vice President (Vote for 1),38,Write-in,426,438,2,0,7,429
1,US President and Vice President (Vote for 1),38,Write-in,427,"1,303",8,0,20,"1,275"
1,US President and Vice President (Vote for 1),38,Write-in,428,"1,361",9,0,10,"1,342"
1,US President and Vice President (Vote for 1),38,Write-in,429,"2,703",21,0,21,"2,661"
1,US President and Vice President (Vote for 1),38,Write-in,430,"2,319",26,0,32,"2,261"
1,US President and Vice President (Vote for 1),38,Write-in,431,776,10,0,12,754
1,US President and Vice President (Vote for 1),38,Write-in,432,306,1,0,1,304
1,US President and Vice President (Vote for 1),38,Write-in,433,"2,174",10,0,25,"2,139"
1,US President and Vice President (Vote for 1),38,Write-in,434,"4,411",24,0,33,"4,354"
1,US President and Vice President (Vote for 1),38,Write-in,435,"4,142",39,0,44,"4,059"
1,US President and Vice President (Vote for 1),38,Write-in,436,"2,244",26,0,33,"2,185"
1,US President and Vice President (Vote for 1),38,Write-in,437,63,0,0,2,61
1,US President and Vice President (Vote for 1),38,Write-in,438,494,3,0,3,488
1,US President and Vice President (Vote for 1),38,Write-in,439,"2,379",20,0,16,"2,343"
1,US President and Vice President (Vote for 1),38,Write-in,440,"1,466",7,0,16,"1,443"
1,US President and Vice President (Vote for 1),38,Write-in,441,70,2,0,0,68
1,US President and Vice President (Vote for 1),38,Write-in,442,"2,719",26,0,38,"2,655"
1,US President and Vice President (Vote for 1),38,Write-in,443,11,0,0,0,11
1,US President and Vice President (Vote for 1),38,Write-in,444,121,0,0,2,119
1,US President and Vice President (Vote for 1),38,Write-in,445,1,0,0,0,1
1,US President and Vice President (Vote for 1),38,Write-in,446,107,1,0,1,105
1,US President and Vice President (Vote for 1),38,Write-in,447,285,3,0,6,276
1,US President and Vice President (Vote for 1),38,Write-in,448,773,9,0,9,755
1,US President and Vice President (Vote for 1),38,Write-in,449,293,5,0,2,286
1,US President and Vice President (Vote for 1),38,Write-in,450,170,0,0,1,169
1,US President and Vice President (Vote for 1),38,Write-in,451,"1,071",10,0,16,"1,045"
1,US President and Vice President (Vote for 1),38,Write-in,452,100,0,1,2,97
1,US President and Vice President (Vote for 1),38,Write-in,453,11,0,0,0,11
1,US President and Vice President (Vote for 1),38,Write-in,454,19,0,0,0,19
1,US President and Vice President (Vote for 1),38,Write-in,455,"1,491",9,0,13,"1,469"
1,US President and Vice President (Vote for 1),38,Write-in,456,7,0,0,0,7
5,"US Representative, 1st District (Vote for 1)",58,Suzanne Bonamici,301,"1,727",653,0,78,996
5,"US Representative, 1st District (Vote for 1)",58,Suzanne Bonamici,302,"2,559","1,460",0,152,947
5,"US Representative, 1st District (Vote for 1)",58,Suzanne Bonamici,303,332,116,0,19,197
5,"US Representative, 1st District (Vote for 1)",58,Suzanne Bonamici,304,"1,077",618,0,43,416
5,"US Representative, 1st District (Vote for 1)",58,Suzanne Bonamici,305,954,381,0,61,512
5,"US Representative, 1st District (Vote for 1)",58,Suzanne Bonamici,306,581,430,0,26,125
5,"US Representative, 1st District (Vote for 1)",58,Suzanne Bonamici,307,"4,511","2,522",1,284,"1,704"
5,"US Representative, 1st District (Vote for 1)",58,Suzanne Bonamici,308,149,63,0,14,72
5,"US Representative, 1st District (Vote for 1)",58,Suzanne Bonamici,309,"4,322","2,582",0,226,"1,514"
5,"US Representative, 1st District (Vote for 1)",58,Suzanne Bonamici,310,616,272,0,40,304
5,"US Representative, 1st District (Vote for 1)",58,Suzanne Bonamici,311,688,299,0,27,362
5,"US Representative, 1st District (Vote for 1)",58,Suzanne Bonamici,312,"1,707",667,0,93,947
5,"US Representative, 1st District (Vote for 1)",58,Suzanne Bonamici,313,3,2,0,1,0
5,"US Representative, 1st District (Vote for 1)",58,Suzanne Bonamici,314,311,107,0,22,182
5,"US Representative, 1st District (Vote for 1)",58,Suzanne Bonamici,315,493,226,0,39,228
5,"US Representative, 1st District (Vote for 1)",58,Suzanne Bonamici,316,"1,728",702,0,100,926
5,"US Representative, 1st District (Vote for 1)",58,Suzanne Bonamici,317,170,74,0,7,89
5,"US Representative, 1st District (Vote for 1)",58,Suzanne Bonamici,318,"3,767","2,259",0,208,"1,300"
5,"US Representative, 1st District (Vote for 1)",58,Suzanne Bonamici,319,"5,213","3,249",0,283,"1,681"
5,"US Representative, 1st District (Vote for 1)",58,Suzanne Bonamici,320,"1,780","1,110",0,117,553
5,"US Representative, 1st District (Vote for 1)",58,Suzanne Bonamici,321,328,106,0,25,197
5,"US Representative, 1st District (Vote for 1)",58,Suzanne Bonamici,322,269,125,0,17,127
5,"US Representative, 1st District (Vote for 1)",58,Suzanne Bonamici,324,520,203,0,37,280
5,"US Representative, 1st District (Vote for 1)",58,Suzanne Bonamici,325,156,107,0,11,38
5,"US Representative, 1st District (Vote for 1)",58,Suzanne Bonamici,326,"1,900",671,0,108,"1,121"
5,"US Representative, 1st District (Vote for 1)",58,Suzanne Bonamici,327,"5,329","3,373",0,348,"1,608"
5,"US Representative, 1st District (Vote for 1)",58,Suzanne Bonamici,328,933,411,0,49,473
5,"US Representative, 1st District (Vote for 1)",58,Suzanne Bonamici,329,"7,717","5,100",0,446,"2,171"
5,"US Representative, 1st District (Vote for 1)",58,Suzanne Bonamici,330,"2,157","1,031",0,154,972
5,"US Representative, 1st District (Vote for 1)",58,Suzanne Bonamici,331,"2,404","1,632",0,132,640
5,"US Representative, 1st District (Vote for 1)",58,Suzanne Bonamici,332,"2,555","1,797",0,157,601
5,"US Representative, 1st District (Vote for 1)",58,Suzanne Bonamici,333,"3,631","2,531",0,259,841
5,"US Representative, 1st District (Vote for 1)",58,Suzanne Bonamici,334,137,55,0,7,75
5,"US Representative, 1st District (Vote for 1)",58,Suzanne Bonamici,335,"4,278","2,404",0,269,"1,605"
5,"US Representative, 1st District (Vote for 1)",58,Suzanne Bonamici,336,"2,958","1,664",1,202,"1,091"
5,"US Representative, 1st District (Vote for 1)",58,Suzanne Bonamici,337,"1,089",635,0,94,360
5,"US Representative, 1st District (Vote for 1)",58,Suzanne Bonamici,338,"5,188","2,831",0,332,"2,025"
5,"US Representative, 1st District (Vote for 1)",58,Suzanne Bonamici,339,"4,834","2,633",1,301,"1,899"
5,"US Representative, 1st District (Vote for 1)",58,Suzanne Bonamici,340,"6,965","3,745",0,349,"2,871"
5,"US Representative, 1st District (Vote for 1)",58,Suzanne Bonamici,341,306,126,0,17,163
5,"US Representative, 1st District (Vote for 1)",58,Suzanne Bonamici,342,63,29,0,2,32
5,"US Representative, 1st District (Vote for 1)",58,Suzanne Bonamici,343,"2,616","1,510",1,141,964
5,"US Representative, 1st District (Vote for 1)",58,Suzanne Bonamici,344,"2,809","1,747",0,174,888
5,"US Representative, 1st District (Vote for 1)",58,Suzanne Bonamici,345,27,14,0,1,12
5,"US Representative, 1st District (Vote for 1)",58,Suzanne Bonamici,346,275,133,0,10,132
5,"US Representative, 1st District (Vote for 1)",58,Suzanne Bonamici,347,55,26,0,2,27
5,"US Representative, 1st District (Vote for 1)",58,Suzanne Bonamici,349,577,395,0,25,157
5,"US Representative, 1st District (Vote for 1)",58,Suzanne Bonamici,350,"6,380","4,457",0,356,"1,567"
5,"US Representative, 1st District (Vote for 1)",58,Suzanne Bonamici,351,"3,182","1,988",0,216,978
5,"US Representative, 1st District (Vote for 1)",58,Suzanne Bonamici,352,"1,141",845,0,79,217
5,"US Representative, 1st District (Vote for 1)",58,Suzanne Bonamici,353,"2,235","1,642",0,130,463
5,"US Representative, 1st District (Vote for 1)",58,Suzanne Bonamici,354,"1,816","1,276",0,78,462
5,"US Representative, 1st District (Vote for 1)",58,Suzanne Bonamici,355,"1,370",965,0,59,346
5,"US Representative, 1st District (Vote for 1)",58,Suzanne Bonamici,356,"1,668","1,020",1,100,547
5,"US Representative, 1st District (Vote for 1)",58,Suzanne Bonamici,357,814,503,0,70,241
5,"US Representative, 1st District (Vote for 1)",58,Suzanne Bonamici,358,"2,537","1,712",0,111,714
5,"US Representative, 1st District (Vote for 1)",58,Suzanne Bonamici,359,"2,336","1,604",0,138,594
5,"US Representative, 1st District (Vote for 1)",58,Suzanne Bonamici,360,"2,850","1,952",0,146,752
5,"US Representative, 1st District (Vote for 1)",58,Suzanne Bonamici,361,"2,064","1,522",0,114,428
5,"US Representative, 1st District (Vote for 1)",58,Suzanne Bonamici,362,"6,348","4,397",0,331,"1,620"
5,"US Representative, 1st District (Vote for 1)",58,Suzanne Bonamici,363,"2,946","2,044",0,172,730
5,"US Representative, 1st District (Vote for 1)",58,Suzanne Bonamici,364,"4,497","3,079",0,263,"1,155"
5,"US Representative, 1st District (Vote for 1)",58,Suzanne Bonamici,365,"4,651","3,434",0,218,999
5,"US Representative, 1st District (Vote for 1)",58,Suzanne Bonamici,366,"1,650","1,237",0,80,333
5,"US Representative, 1st District (Vote for 1)",58,Suzanne Bonamici,367,"4,294","2,927",0,243,"1,124"
5,"US Representative, 1st District (Vote for 1)",58,Suzanne Bonamici,368,"3,813","2,571",1,224,"1,017"
5,"US Representative, 1st District (Vote for 1)",58,Suzanne Bonamici,369,"1,665","1,050",0,84,531
5,"US Representative, 1st District (Vote for 1)",58,Suzanne Bonamici,370,"2,108","1,348",0,109,651
5,"US Representative, 1st District (Vote for 1)",58,Suzanne Bonamici,371,"2,044","1,416",2,98,528
5,"US Representative, 1st District (Vote for 1)",58,Suzanne Bonamici,372,"1,712","1,271",0,76,365
5,"US Representative, 1st District (Vote for 1)",58,Suzanne Bonamici,373,330,166,0,16,148
5,"US Representative, 1st District (Vote for 1)",58,Suzanne Bonamici,374,9,6,0,1,2
5,"US Representative, 1st District (Vote for 1)",58,Suzanne Bonamici,375,279,201,0,18,60
5,"US Representative, 1st District (Vote for 1)",58,Suzanne Bonamici,376,"1,786","1,159",0,99,528
5,"US Representative, 1st District (Vote for 1)",58,Suzanne Bonamici,377,"2,275","1,516",0,142,617
5,"US Representative, 1st District (Vote for 1)",58,Suzanne Bonamici,378,947,707,0,48,192
5,"US Representative, 1st District (Vote for 1)",58,Suzanne Bonamici,381,476,334,0,24,118
5,"US Representative, 1st District (Vote for 1)",58,Suzanne Bonamici,382,"3,911","2,343",1,233,"1,334"
5,"US Representative, 1st District (Vote for 1)",58,Suzanne Bonamici,386,"1,955","1,435",0,97,423
5,"US Representative, 1st District (Vote for 1)",58,Suzanne Bonamici,387,21,10,0,0,11
5,"US Representative, 1st District (Vote for 1)",58,Suzanne Bonamici,390,"2,109","1,399",0,113,597
5,"US Representative, 1st District (Vote for 1)",58,Suzanne Bonamici,392,112,83,0,8,21
5,"US Representative, 1st District (Vote for 1)",58,Suzanne Bonamici,398,"1,774","1,024",0,96,654
5,"US Representative, 1st District (Vote for 1)",58,Suzanne Bonamici,403,"1,378",881,0,97,400
5,"US Representative, 1st District (Vote for 1)",58,Suzanne Bonamici,406,"2,042","1,536",0,122,384
5,"US Representative, 1st District (Vote for 1)",58,Suzanne Bonamici,407,873,630,0,40,203
5,"US Representative, 1st District (Vote for 1)",58,Suzanne Bonamici,408,322,229,0,16,77
5,"US Representative, 1st District (Vote for 1)",58,Suzanne Bonamici,410,"1,324",809,0,96,419
5,"US Representative, 1st District (Vote for 1)",58,Suzanne Bonamici,411,"1,313",851,0,86,376
5,"US Representative, 1st District (Vote for 1)",58,Suzanne Bonamici,412,"1,762","1,076",0,93,593
5,"US Representative, 1st District (Vote for 1)",58,Suzanne Bonamici,413,3,3,0,0,0
5,"US Representative, 1st District (Vote for 1)",58,Suzanne Bonamici,416,847,541,0,55,251
5,"US Representative, 1st District (Vote for 1)",58,Suzanne Bonamici,418,"3,034","1,941",0,152,941
5,"US Representative, 1st District (Vote for 1)",58,Suzanne Bonamici,422,17,2,0,0,15
5,"US Representative, 1st District (Vote for 1)",58,Suzanne Bonamici,426,438,186,0,16,236
5,"US Representative, 1st District (Vote for 1)",58,Suzanne Bonamici,429,"2,703","1,641",0,157,905
5,"US Representative, 1st District (Vote for 1)",58,Suzanne Bonamici,430,"2,319",996,0,143,"1,180"
5,"US Representative, 1st District (Vote for 1)",58,Suzanne Bonamici,431,776,312,0,42,422
5,"US Representative, 1st District (Vote for 1)",58,Suzanne Bonamici,434,"4,411","2,766",0,222,"1,423"
5,"US Representative, 1st District (Vote for 1)",58,Suzanne Bonamici,439,"2,379","1,616",0,145,618
5,"US Representative, 1st District (Vote for 1)",58,Suzanne Bonamici,440,"1,466",888,0,103,475
5,"US Representative, 1st District (Vote for 1)",58,Suzanne Bonamici,443,11,0,0,0,11
5,"US Representative, 1st District (Vote for 1)",58,Suzanne Bonamici,445,1,0,0,0,1
5,"US Representative, 1st District (Vote for 1)",58,Suzanne Bonamici,446,107,65,0,8,34
5,"US Representative, 1st District (Vote for 1)",58,Suzanne Bonamici,448,773,461,0,55,257
5,"US Representative, 1st District (Vote for 1)",58,Suzanne Bonamici,450,170,50,0,9,111
5,"US Representative, 1st District (Vote for 1)",58,Suzanne Bonamici,451,"1,071",683,0,70,318
5,"US Representative, 1st District (Vote for 1)",58,Suzanne Bonamici,452,100,48,0,3,49
5,"US Representative, 1st District (Vote for 1)",58,Suzanne Bonamici,453,11,5,0,0,6
5,"US Representative, 1st District (Vote for 1)",58,Suzanne Bonamici,454,19,1,0,0,18
5,"US Representative, 1st District (Vote for 1)",58,Suzanne Bonamici,455,"1,491","1,055",0,91,345
5,"US Representative, 1st District (Vote for 1)",58,Bob Todd,301,"1,727",937,0,78,712
5,"US Representative, 1st District (Vote for 1)",58,Bob Todd,302,"2,559",841,0,152,"1,566"
5,"US Representative, 1st District (Vote for 1)",58,Bob Todd,303,332,187,0,19,126
5,"US Representative, 1st District (Vote for 1)",58,Bob Todd,304,"1,077",377,0,43,657
5,"US Representative, 1st District (Vote for 1)",58,Bob Todd,305,954,462,0,61,431
5,"US Representative, 1st District (Vote for 1)",58,Bob Todd,306,581,105,0,26,450
5,"US Representative, 1st District (Vote for 1)",58,Bob Todd,307,"4,511","1,530",1,284,"2,696"
5,"US Representative, 1st District (Vote for 1)",58,Bob Todd,308,149,69,0,14,66
5,"US Representative, 1st District (Vote for 1)",58,Bob Todd,309,"4,322","1,348",0,226,"2,748"
5,"US Representative, 1st District (Vote for 1)",58,Bob Todd,310,616,285,0,40,291
5,"US Representative, 1st District (Vote for 1)",58,Bob Todd,311,688,323,0,27,338
5,"US Representative, 1st District (Vote for 1)",58,Bob Todd,312,"1,707",886,0,93,728
5,"US Representative, 1st District (Vote for 1)",58,Bob Todd,313,3,0,0,1,2
5,"US Representative, 1st District (Vote for 1)",58,Bob Todd,314,311,174,0,22,115
5,"US Representative, 1st District (Vote for 1)",58,Bob Todd,315,493,213,0,39,241
5,"US Representative, 1st District (Vote for 1)",58,Bob Todd,316,"1,728",876,0,100,752
5,"US Representative, 1st District (Vote for 1)",58,Bob Todd,317,170,84,0,7,79
5,"US Representative, 1st District (Vote for 1)",58,Bob Todd,318,"3,767","1,143",0,208,"2,416"
5,"US Representative, 1st District (Vote for 1)",58,Bob Todd,319,"5,213","1,484",0,283,"3,446"
5,"US Representative, 1st District (Vote for 1)",58,Bob Todd,320,"1,780",496,0,117,"1,167"
5,"US Representative, 1st District (Vote for 1)",58,Bob Todd,321,328,184,0,25,119
5,"US Representative, 1st District (Vote for 1)",58,Bob Todd,322,269,119,0,17,133
5,"US Representative, 1st District (Vote for 1)",58,Bob Todd,324,520,257,0,37,226
5,"US Representative, 1st District (Vote for 1)",58,Bob Todd,325,156,32,0,11,113
5,"US Representative, 1st District (Vote for 1)",58,Bob Todd,326,"1,900","1,059",0,108,733
5,"US Representative, 1st District (Vote for 1)",58,Bob Todd,327,"5,329","1,425",0,348,"3,556"
5,"US Representative, 1st District (Vote for 1)",58,Bob Todd,328,933,440,0,49,444
5,"US Representative, 1st District (Vote for 1)",58,Bob Todd,329,"7,717","1,905",0,446,"5,366"
5,"US Representative, 1st District (Vote for 1)",58,Bob Todd,330,"2,157",899,0,154,"1,104"
5,"US Representative, 1st District (Vote for 1)",58,Bob Todd,331,"2,404",559,0,132,"1,713"
5,"US Representative, 1st District (Vote for 1)",58,Bob Todd,332,"2,555",482,0,157,"1,916"
5,"US Representative, 1st District (Vote for 1)",58,Bob Todd,333,"3,631",696,1,259,"2,675"
5,"US Representative, 1st District (Vote for 1)",58,Bob Todd,334,137,71,0,7,59
5,"US Representative, 1st District (Vote for 1)",58,Bob Todd,335,"4,278","1,459",0,269,"2,550"
5,"US Representative, 1st District (Vote for 1)",58,Bob Todd,336,"2,958",961,1,202,"1,794"
5,"US Representative, 1st District (Vote for 1)",58,Bob Todd,337,"1,089",321,0,94,674
5,"US Representative, 1st District (Vote for 1)",58,Bob Todd,338,"5,188","1,827",0,332,"3,029"
5,"US Representative, 1st District (Vote for 1)",58,Bob Todd,339,"4,834","1,699",1,301,"2,833"
5,"US Representative, 1st District (Vote for 1)",58,Bob Todd,340,"6,965","2,634",0,349,"3,982"
5,"US Representative, 1st District (Vote for 1)",58,Bob Todd,341,306,152,0,17,137
5,"US Representative, 1st District (Vote for 1)",58,Bob Todd,342,63,31,0,2,30
5,"US Representative, 1st District (Vote for 1)",58,Bob Todd,343,"2,616",872,0,141,"1,603"
5,"US Representative, 1st District (Vote for 1)",58,Bob Todd,344,"2,809",749,1,174,"1,885"
5,"US Representative, 1st District (Vote for 1)",58,Bob Todd,345,27,12,0,1,14
5,"US Representative, 1st District (Vote for 1)",58,Bob Todd,346,275,123,0,10,142
5,"US Representative, 1st District (Vote for 1)",58,Bob Todd,347,55,24,0,2,29
5,"US Representative, 1st District (Vote for 1)",58,Bob Todd,349,577,135,0,25,417
5,"US Representative, 1st District (Vote for 1)",58,Bob Todd,350,"6,380","1,347",0,356,"4,677"
5,"US Representative, 1st District (Vote for 1)",58,Bob Todd,351,"3,182",843,0,216,"2,123"
5,"US Representative, 1st District (Vote for 1)",58,Bob Todd,352,"1,141",177,0,79,885
5,"US Representative, 1st District (Vote for 1)",58,Bob Todd,353,"2,235",397,0,130,"1,708"
5,"US Representative, 1st District (Vote for 1)",58,Bob Todd,354,"1,816",415,0,78,"1,323"
5,"US Representative, 1st District (Vote for 1)",58,Bob Todd,355,"1,370",297,0,59,"1,014"
5,"US Representative, 1st District (Vote for 1)",58,Bob Todd,356,"1,668",500,1,100,"1,067"
5,"US Representative, 1st District (Vote for 1)",58,Bob Todd,357,814,212,0,70,532
5,"US Representative, 1st District (Vote for 1)",58,Bob Todd,358,"2,537",644,0,111,"1,782"
5,"US Representative, 1st District (Vote for 1)",58,Bob Todd,359,"2,336",526,0,138,"1,672"
5,"US Representative, 1st District (Vote for 1)",58,Bob Todd,360,"2,850",641,0,146,"2,063"
5,"US Representative, 1st District (Vote for 1)",58,Bob Todd,361,"2,064",362,0,114,"1,588"
5,"US Representative, 1st District (Vote for 1)",58,Bob Todd,362,"6,348","1,421",0,331,"4,596"
5,"US Representative, 1st District (Vote for 1)",58,Bob Todd,363,"2,946",638,0,172,"2,136"
5,"US Representative, 1st District (Vote for 1)",58,Bob Todd,364,"4,497","1,032",0,263,"3,202"
5,"US Representative, 1st District (Vote for 1)",58,Bob Todd,365,"4,651",917,0,218,"3,516"
5,"US Representative, 1st District (Vote for 1)",58,Bob Todd,366,"1,650",283,0,80,"1,287"
5,"US Representative, 1st District (Vote for 1)",58,Bob Todd,367,"4,294",994,0,243,"3,057"
5,"US Representative, 1st District (Vote for 1)",58,Bob Todd,368,"3,813",909,2,224,"2,678"
5,"US Representative, 1st District (Vote for 1)",58,Bob Todd,369,"1,665",479,0,84,"1,102"
5,"US Representative, 1st District (Vote for 1)",58,Bob Todd,370,"2,108",585,0,109,"1,414"
5,"US Representative, 1st District (Vote for 1)",58,Bob Todd,371,"2,044",473,2,98,"1,471"
5,"US Representative, 1st District (Vote for 1)",58,Bob Todd,372,"1,712",328,0,76,"1,308"
5,"US Representative, 1st District (Vote for 1)",58,Bob Todd,373,330,139,0,16,175
5,"US Representative, 1st District (Vote for 1)",58,Bob Todd,374,9,2,0,1,6
5,"US Representative, 1st District (Vote for 1)",58,Bob Todd,375,279,54,0,18,207
5,"US Representative, 1st District (Vote for 1)",58,Bob Todd,376,"1,786",479,0,99,"1,208"
5,"US Representative, 1st District (Vote for 1)",58,Bob Todd,377,"2,275",564,0,142,"1,569"
5,"US Representative, 1st District (Vote for 1)",58,Bob Todd,378,947,162,0,48,737
5,"US Representative, 1st District (Vote for 1)",58,Bob Todd,381,476,100,0,24,352
5,"US Representative, 1st District (Vote for 1)",58,Bob Todd,382,"3,911","1,175",1,233,"2,502"
5,"US Representative, 1st District (Vote for 1)",58,Bob Todd,386,"1,955",378,0,97,"1,480"
5,"US Representative, 1st District (Vote for 1)",58,Bob Todd,387,21,10,0,0,11
5,"US Representative, 1st District (Vote for 1)",58,Bob Todd,390,"2,109",552,0,113,"1,444"
5,"US Representative, 1st District (Vote for 1)",58,Bob Todd,392,112,14,0,8,90
5,"US Representative, 1st District (Vote for 1)",58,Bob Todd,398,"1,774",592,0,96,"1,086"
5,"US Representative, 1st District (Vote for 1)",58,Bob Todd,403,"1,378",367,0,97,914
5,"US Representative, 1st District (Vote for 1)",58,Bob Todd,406,"2,042",315,0,122,"1,605"
5,"US Representative, 1st District (Vote for 1)",58,Bob Todd,407,873,192,0,40,641
5,"US Representative, 1st District (Vote for 1)",58,Bob Todd,408,322,67,0,16,239
5,"US Representative, 1st District (Vote for 1)",58,Bob Todd,410,"1,324",379,0,96,849
5,"US Representative, 1st District (Vote for 1)",58,Bob Todd,411,"1,313",334,0,86,893
5,"US Representative, 1st District (Vote for 1)",58,Bob Todd,412,"1,762",534,0,93,"1,135"
5,"US Representative, 1st District (Vote for 1)",58,Bob Todd,413,3,0,0,0,3
5,"US Representative, 1st District (Vote for 1)",58,Bob Todd,416,847,222,0,55,570
5,"US Representative, 1st District (Vote for 1)",58,Bob Todd,418,"3,034",848,0,152,"2,034"
5,"US Representative, 1st District (Vote for 1)",58,Bob Todd,422,17,15,0,0,2
5,"US Representative, 1st District (Vote for 1)",58,Bob Todd,426,438,219,0,16,203
5,"US Representative, 1st District (Vote for 1)",58,Bob Todd,429,"2,703",814,0,157,"1,732"
5,"US Representative, 1st District (Vote for 1)",58,Bob Todd,430,"2,319","1,103",0,143,"1,073"
5,"US Representative, 1st District (Vote for 1)",58,Bob Todd,431,776,398,1,42,335
5,"US Representative, 1st District (Vote for 1)",58,Bob Todd,434,"4,411","1,269",0,222,"2,920"
5,"US Representative, 1st District (Vote for 1)",58,Bob Todd,439,"2,379",529,0,145,"1,705"
5,"US Representative, 1st District (Vote for 1)",58,Bob Todd,440,"1,466",404,0,103,959
5,"US Representative, 1st District (Vote for 1)",58,Bob Todd,443,11,10,0,0,1
5,"US Representative, 1st District (Vote for 1)",58,Bob Todd,445,1,1,0,0,0
5,"US Representative, 1st District (Vote for 1)",58,Bob Todd,446,107,29,0,8,70
5,"US Representative, 1st District (Vote for 1)",58,Bob Todd,448,773,235,0,55,483
5,"US Representative, 1st District (Vote for 1)",58,Bob Todd,450,170,109,0,9,52
5,"US Representative, 1st District (Vote for 1)",58,Bob Todd,451,"1,071",272,0,70,729
5,"US Representative, 1st District (Vote for 1)",58,Bob Todd,452,100,47,0,3,50
5,"US Representative, 1st District (Vote for 1)",58,Bob Todd,453,11,6,0,0,5
5,"US Representative, 1st District (Vote for 1)",58,Bob Todd,454,19,18,0,0,1
5,"US Representative, 1st District (Vote for 1)",58,Bob Todd,455,"1,491",292,0,91,"1,108"
5,"US Representative, 1st District (Vote for 1)",58,Joe Christman,301,"1,727",53,0,78,"1,596"
5,"US Representative, 1st District (Vote for 1)",58,Joe Christman,302,"2,559",99,0,152,"2,308"
5,"US Representative, 1st District (Vote for 1)",58,Joe Christman,303,332,9,0,19,304
5,"US Representative, 1st District (Vote for 1)",58,Joe Christman,304,"1,077",37,0,43,997
5,"US Representative, 1st District (Vote for 1)",58,Joe Christman,305,954,49,0,61,844
5,"US Representative, 1st District (Vote for 1)",58,Joe Christman,306,581,19,0,26,536
5,"US Representative, 1st District (Vote for 1)",58,Joe Christman,307,"4,511",165,0,284,"4,062"
5,"US Representative, 1st District (Vote for 1)",58,Joe Christman,308,149,3,0,14,132
5,"US Representative, 1st District (Vote for 1)",58,Joe Christman,309,"4,322",158,0,226,"3,938"
5,"US Representative, 1st District (Vote for 1)",58,Joe Christman,310,616,18,0,40,558
5,"US Representative, 1st District (Vote for 1)",58,Joe Christman,311,688,39,0,27,622
5,"US Representative, 1st District (Vote for 1)",58,Joe Christman,312,"1,707",55,0,93,"1,559"
5,"US Representative, 1st District (Vote for 1)",58,Joe Christman,313,3,0,0,1,2
5,"US Representative, 1st District (Vote for 1)",58,Joe Christman,314,311,6,0,22,283
5,"US Representative, 1st District (Vote for 1)",58,Joe Christman,315,493,15,0,39,439
5,"US Representative, 1st District (Vote for 1)",58,Joe Christman,316,"1,728",44,0,100,"1,584"
5,"US Representative, 1st District (Vote for 1)",58,Joe Christman,317,170,5,0,7,158
5,"US Representative, 1st District (Vote for 1)",58,Joe Christman,318,"3,767",149,0,208,"3,410"
5,"US Representative, 1st District (Vote for 1)",58,Joe Christman,319,"5,213",194,0,283,"4,736"
5,"US Representative, 1st District (Vote for 1)",58,Joe Christman,320,"1,780",56,0,117,"1,607"
5,"US Representative, 1st District (Vote for 1)",58,Joe Christman,321,328,11,0,25,292
5,"US Representative, 1st District (Vote for 1)",58,Joe Christman,322,269,8,0,17,244
5,"US Representative, 1st District (Vote for 1)",58,Joe Christman,324,520,23,0,37,460
5,"US Representative, 1st District (Vote for 1)",58,Joe Christman,325,156,5,0,11,140
5,"US Representative, 1st District (Vote for 1)",58,Joe Christman,326,"1,900",60,0,108,"1,732"
5,"US Representative, 1st District (Vote for 1)",58,Joe Christman,327,"5,329",177,0,348,"4,804"
5,"US Representative, 1st District (Vote for 1)",58,Joe Christman,328,933,32,0,49,852
5,"US Representative, 1st District (Vote for 1)",58,Joe Christman,329,"7,717",249,0,446,"7,022"
5,"US Representative, 1st District (Vote for 1)",58,Joe Christman,330,"2,157",70,0,154,"1,933"
5,"US Representative, 1st District (Vote for 1)",58,Joe Christman,331,"2,404",76,0,132,"2,196"
5,"US Representative, 1st District (Vote for 1)",58,Joe Christman,332,"2,555",113,0,157,"2,285"
5,"US Representative, 1st District (Vote for 1)",58,Joe Christman,333,"3,631",133,1,259,"3,238"
5,"US Representative, 1st District (Vote for 1)",58,Joe Christman,334,137,4,0,7,126
5,"US Representative, 1st District (Vote for 1)",58,Joe Christman,335,"4,278",132,0,269,"3,877"
5,"US Representative, 1st District (Vote for 1)",58,Joe Christman,336,"2,958",126,1,202,"2,629"
5,"US Representative, 1st District (Vote for 1)",58,Joe Christman,337,"1,089",36,0,94,959
5,"US Representative, 1st District (Vote for 1)",58,Joe Christman,338,"5,188",188,0,332,"4,668"
5,"US Representative, 1st District (Vote for 1)",58,Joe Christman,339,"4,834",190,0,301,"4,343"
5,"US Representative, 1st District (Vote for 1)",58,Joe Christman,340,"6,965",221,0,349,"6,395"
5,"US Representative, 1st District (Vote for 1)",58,Joe Christman,341,306,11,0,17,278
5,"US Representative, 1st District (Vote for 1)",58,Joe Christman,342,63,1,0,2,60
5,"US Representative, 1st District (Vote for 1)",58,Joe Christman,343,"2,616",87,0,141,"2,388"
5,"US Representative, 1st District (Vote for 1)",58,Joe Christman,344,"2,809",130,1,174,"2,504"
5,"US Representative, 1st District (Vote for 1)",58,Joe Christman,345,27,0,0,1,26
5,"US Representative, 1st District (Vote for 1)",58,Joe Christman,346,275,7,0,10,258
5,"US Representative, 1st District (Vote for 1)",58,Joe Christman,347,55,3,0,2,50
5,"US Representative, 1st District (Vote for 1)",58,Joe Christman,349,577,21,0,25,531
5,"US Representative, 1st District (Vote for 1)",58,Joe Christman,350,"6,380",212,0,356,"5,812"
5,"US Representative, 1st District (Vote for 1)",58,Joe Christman,351,"3,182",126,0,216,"2,840"
5,"US Representative, 1st District (Vote for 1)",58,Joe Christman,352,"1,141",38,0,79,"1,024"
5,"US Representative, 1st District (Vote for 1)",58,Joe Christman,353,"2,235",62,0,130,"2,043"
5,"US Representative, 1st District (Vote for 1)",58,Joe Christman,354,"1,816",46,0,78,"1,692"
5,"US Representative, 1st District (Vote for 1)",58,Joe Christman,355,"1,370",47,0,59,"1,264"
5,"US Representative, 1st District (Vote for 1)",58,Joe Christman,356,"1,668",44,1,100,"1,523"
5,"US Representative, 1st District (Vote for 1)",58,Joe Christman,357,814,28,0,70,716
5,"US Representative, 1st District (Vote for 1)",58,Joe Christman,358,"2,537",63,0,111,"2,363"
5,"US Representative, 1st District (Vote for 1)",58,Joe Christman,359,"2,336",67,0,138,"2,131"
5,"US Representative, 1st District (Vote for 1)",58,Joe Christman,360,"2,850",107,0,146,"2,597"
5,"US Representative, 1st District (Vote for 1)",58,Joe Christman,361,"2,064",64,0,114,"1,886"
5,"US Representative, 1st District (Vote for 1)",58,Joe Christman,362,"6,348",188,0,331,"5,829"
5,"US Representative, 1st District (Vote for 1)",58,Joe Christman,363,"2,946",90,0,172,"2,684"
5,"US Representative, 1st District (Vote for 1)",58,Joe Christman,364,"4,497",112,0,263,"4,122"
5,"US Representative, 1st District (Vote for 1)",58,Joe Christman,365,"4,651",78,0,218,"4,355"
5,"US Representative, 1st District (Vote for 1)",58,Joe Christman,366,"1,650",46,0,80,"1,524"
5,"US Representative, 1st District (Vote for 1)",58,Joe Christman,367,"4,294",125,0,243,"3,926"
5,"US Representative, 1st District (Vote for 1)",58,Joe Christman,368,"3,813",96,0,224,"3,493"
5,"US Representative, 1st District (Vote for 1)",58,Joe Christman,369,"1,665",46,0,84,"1,535"
5,"US Representative, 1st District (Vote for 1)",58,Joe Christman,370,"2,108",56,0,109,"1,943"
5,"US Representative, 1st District (Vote for 1)",58,Joe Christman,371,"2,044",51,0,98,"1,895"
5,"US Representative, 1st District (Vote for 1)",58,Joe Christman,372,"1,712",35,0,76,"1,601"
5,"US Representative, 1st District (Vote for 1)",58,Joe Christman,373,330,9,0,16,305
5,"US Representative, 1st District (Vote for 1)",58,Joe Christman,374,9,0,0,1,8
5,"US Representative, 1st District (Vote for 1)",58,Joe Christman,375,279,6,0,18,255
5,"US Representative, 1st District (Vote for 1)",58,Joe Christman,376,"1,786",45,0,99,"1,642"
5,"US Representative, 1st District (Vote for 1)",58,Joe Christman,377,"2,275",49,0,142,"2,084"
5,"US Representative, 1st District (Vote for 1)",58,Joe Christman,378,947,26,0,48,873
5,"US Representative, 1st District (Vote for 1)",58,Joe Christman,381,476,17,0,24,435
5,"US Representative, 1st District (Vote for 1)",58,Joe Christman,382,"3,911",155,1,233,"3,522"
5,"US Representative, 1st District (Vote for 1)",58,Joe Christman,386,"1,955",37,0,97,"1,821"
5,"US Representative, 1st District (Vote for 1)",58,Joe Christman,387,21,1,0,0,20
5,"US Representative, 1st District (Vote for 1)",58,Joe Christman,390,"2,109",44,0,113,"1,952"
5,"US Representative, 1st District (Vote for 1)",58,Joe Christman,392,112,7,0,8,97
5,"US Representative, 1st District (Vote for 1)",58,Joe Christman,398,"1,774",59,0,96,"1,619"
5,"US Representative, 1st District (Vote for 1)",58,Joe Christman,403,"1,378",31,0,97,"1,250"
5,"US Representative, 1st District (Vote for 1)",58,Joe Christman,406,"2,042",65,0,122,"1,855"
5,"US Representative, 1st District (Vote for 1)",58,Joe Christman,407,873,11,0,40,822
5,"US Representative, 1st District (Vote for 1)",58,Joe Christman,408,322,10,0,16,296
5,"US Representative, 1st District (Vote for 1)",58,Joe Christman,410,"1,324",35,0,96,"1,193"
5,"US Representative, 1st District (Vote for 1)",58,Joe Christman,411,"1,313",36,0,86,"1,191"
5,"US Representative, 1st District (Vote for 1)",58,Joe Christman,412,"1,762",58,0,93,"1,611"
5,"US Representative, 1st District (Vote for 1)",58,Joe Christman,413,3,0,0,0,3
5,"US Representative, 1st District (Vote for 1)",58,Joe Christman,416,847,29,0,55,763
5,"US Representative, 1st District (Vote for 1)",58,Joe Christman,418,"3,034",91,0,152,"2,791"
5,"US Representative, 1st District (Vote for 1)",58,Joe Christman,422,17,0,0,0,17
5,"US Representative, 1st District (Vote for 1)",58,Joe Christman,426,438,14,0,16,408
5,"US Representative, 1st District (Vote for 1)",58,Joe Christman,429,"2,703",85,0,157,"2,461"
5,"US Representative, 1st District (Vote for 1)",58,Joe Christman,430,"2,319",68,0,143,"2,108"
5,"US Representative, 1st District (Vote for 1)",58,Joe Christman,431,776,22,1,42,711
5,"US Representative, 1st District (Vote for 1)",58,Joe Christman,434,"4,411",145,0,222,"4,044"
5,"US Representative, 1st District (Vote for 1)",58,Joe Christman,439,"2,379",87,0,145,"2,147"
5,"US Representative, 1st District (Vote for 1)",58,Joe Christman,440,"1,466",67,0,103,"1,296"
5,"US Representative, 1st District (Vote for 1)",58,Joe Christman,443,11,0,0,0,11
5,"US Representative, 1st District (Vote for 1)",58,Joe Christman,445,1,0,0,0,1
5,"US Representative, 1st District (Vote for 1)",58,Joe Christman,446,107,5,0,8,94
5,"US Representative, 1st District (Vote for 1)",58,Joe Christman,448,773,20,0,55,698
5,"US Representative, 1st District (Vote for 1)",58,Joe Christman,450,170,2,0,9,159
5,"US Representative, 1st District (Vote for 1)",58,Joe Christman,451,"1,071",41,0,70,960
5,"US Representative, 1st District (Vote for 1)",58,Joe Christman,452,100,2,0,3,95
5,"US Representative, 1st District (Vote for 1)",58,Joe Christman,453,11,0,0,0,11
5,"US Representative, 1st District (Vote for 1)",58,Joe Christman,454,19,0,0,0,19
5,"US Representative, 1st District (Vote for 1)",58,Joe Christman,455,"1,491",49,0,91,"1,351"
5,"US Representative, 1st District (Vote for 1)",58,Write-in,301,"1,727",6,0,78,"1,643"
5,"US Representative, 1st District (Vote for 1)",58,Write-in,302,"2,559",7,0,152,"2,400"
5,"US Representative, 1st District (Vote for 1)",58,Write-in,303,332,1,0,19,312
5,"US Representative, 1st District (Vote for 1)",58,Write-in,304,"1,077",2,0,43,"1,032"
5,"US Representative, 1st District (Vote for 1)",58,Write-in,305,954,1,0,61,892
5,"US Representative, 1st District (Vote for 1)",58,Write-in,306,581,1,0,26,554
5,"US Representative, 1st District (Vote for 1)",58,Write-in,307,"4,511",9,0,284,"4,218"
5,"US Representative, 1st District (Vote for 1)",58,Write-in,308,149,0,0,14,135
5,"US Representative, 1st District (Vote for 1)",58,Write-in,309,"4,322",8,0,226,"4,088"
5,"US Representative, 1st District (Vote for 1)",58,Write-in,310,616,1,0,40,575
5,"US Representative, 1st District (Vote for 1)",58,Write-in,311,688,0,0,27,661
5,"US Representative, 1st District (Vote for 1)",58,Write-in,312,"1,707",6,0,93,"1,608"
5,"US Representative, 1st District (Vote for 1)",58,Write-in,313,3,0,0,1,2
5,"US Representative, 1st District (Vote for 1)",58,Write-in,314,311,2,0,22,287
5,"US Representative, 1st District (Vote for 1)",58,Write-in,315,493,0,0,39,454
5,"US Representative, 1st District (Vote for 1)",58,Write-in,316,"1,728",6,0,100,"1,622"
5,"US Representative, 1st District (Vote for 1)",58,Write-in,317,170,0,0,7,163
5,"US Representative, 1st District (Vote for 1)",58,Write-in,318,"3,767",8,0,208,"3,551"
5,"US Representative, 1st District (Vote for 1)",58,Write-in,319,"5,213",3,0,283,"4,927"
5,"US Representative, 1st District (Vote for 1)",58,Write-in,320,"1,780",1,0,117,"1,662"
5,"US Representative, 1st District (Vote for 1)",58,Write-in,321,328,2,0,25,301
5,"US Representative, 1st District (Vote for 1)",58,Write-in,322,269,0,0,17,252
5,"US Representative, 1st District (Vote for 1)",58,Write-in,324,520,0,0,37,483
5,"US Representative, 1st District (Vote for 1)",58,Write-in,325,156,1,0,11,144
5,"US Representative, 1st District (Vote for 1)",58,Write-in,326,"1,900",2,0,108,"1,790"
5,"US Representative, 1st District (Vote for 1)",58,Write-in,327,"5,329",6,0,348,"4,975"
5,"US Representative, 1st District (Vote for 1)",58,Write-in,328,933,1,0,49,883
5,"US Representative, 1st District (Vote for 1)",58,Write-in,329,"7,717",17,0,446,"7,254"
5,"US Representative, 1st District (Vote for 1)",58,Write-in,330,"2,157",3,0,154,"2,000"
5,"US Representative, 1st District (Vote for 1)",58,Write-in,331,"2,404",5,0,132,"2,267"
5,"US Representative, 1st District (Vote for 1)",58,Write-in,332,"2,555",6,0,157,"2,392"
5,"US Representative, 1st District (Vote for 1)",58,Write-in,333,"3,631",11,0,259,"3,361"
5,"US Representative, 1st District (Vote for 1)",58,Write-in,334,137,0,0,7,130
5,"US Representative, 1st District (Vote for 1)",58,Write-in,335,"4,278",14,0,269,"3,995"
5,"US Representative, 1st District (Vote for 1)",58,Write-in,336,"2,958",4,0,202,"2,752"
5,"US Representative, 1st District (Vote for 1)",58,Write-in,337,"1,089",3,0,94,992
5,"US Representative, 1st District (Vote for 1)",58,Write-in,338,"5,188",10,0,332,"4,846"
5,"US Representative, 1st District (Vote for 1)",58,Write-in,339,"4,834",10,0,301,"4,523"
5,"US Representative, 1st District (Vote for 1)",58,Write-in,340,"6,965",16,0,349,"6,600"
5,"US Representative, 1st District (Vote for 1)",58,Write-in,341,306,0,0,17,289
5,"US Representative, 1st District (Vote for 1)",58,Write-in,342,63,0,0,2,61
5,"US Representative, 1st District (Vote for 1)",58,Write-in,343,"2,616",5,1,141,"2,469"
5,"US Representative, 1st District (Vote for 1)",58,Write-in,344,"2,809",8,0,174,"2,627"
5,"US Representative, 1st District (Vote for 1)",58,Write-in,345,27,0,0,1,26
5,"US Representative, 1st District (Vote for 1)",58,Write-in,346,275,2,0,10,263
5,"US Representative, 1st District (Vote for 1)",58,Write-in,347,55,0,0,2,53
5,"US Representative, 1st District (Vote for 1)",58,Write-in,349,577,1,0,25,551
5,"US Representative, 1st District (Vote for 1)",58,Write-in,350,"6,380",8,0,356,"6,016"
5,"US Representative, 1st District (Vote for 1)",58,Write-in,351,"3,182",9,0,216,"2,957"
5,"US Representative, 1st District (Vote for 1)",58,Write-in,352,"1,141",2,0,79,"1,060"
5,"US Representative, 1st District (Vote for 1)",58,Write-in,353,"2,235",4,0,130,"2,101"
5,"US Representative, 1st District (Vote for 1)",58,Write-in,354,"1,816",1,0,78,"1,737"
5,"US Representative, 1st District (Vote for 1)",58,Write-in,355,"1,370",2,0,59,"1,309"
5,"US Representative, 1st District (Vote for 1)",58,Write-in,356,"1,668",3,0,100,"1,565"
5,"US Representative, 1st District (Vote for 1)",58,Write-in,357,814,1,0,70,743
5,"US Representative, 1st District (Vote for 1)",58,Write-in,358,"2,537",7,0,111,"2,419"
5,"US Representative, 1st District (Vote for 1)",58,Write-in,359,"2,336",1,0,138,"2,197"
5,"US Representative, 1st District (Vote for 1)",58,Write-in,360,"2,850",4,0,146,"2,700"
5,"US Representative, 1st District (Vote for 1)",58,Write-in,361,"2,064",2,0,114,"1,948"
5,"US Representative, 1st District (Vote for 1)",58,Write-in,362,"6,348",11,0,331,"6,006"
5,"US Representative, 1st District (Vote for 1)",58,Write-in,363,"2,946",2,0,172,"2,772"
5,"US Representative, 1st District (Vote for 1)",58,Write-in,364,"4,497",11,0,263,"4,223"
5,"US Representative, 1st District (Vote for 1)",58,Write-in,365,"4,651",4,0,218,"4,429"
5,"US Representative, 1st District (Vote for 1)",58,Write-in,366,"1,650",4,0,80,"1,566"
5,"US Representative, 1st District (Vote for 1)",58,Write-in,367,"4,294",5,0,243,"4,046"
5,"US Representative, 1st District (Vote for 1)",58,Write-in,368,"3,813",11,1,224,"3,577"
5,"US Representative, 1st District (Vote for 1)",58,Write-in,369,"1,665",6,0,84,"1,575"
5,"US Representative, 1st District (Vote for 1)",58,Write-in,370,"2,108",10,0,109,"1,989"
5,"US Representative, 1st District (Vote for 1)",58,Write-in,371,"2,044",4,0,98,"1,942"
5,"US Representative, 1st District (Vote for 1)",58,Write-in,372,"1,712",2,0,76,"1,634"
5,"US Representative, 1st District (Vote for 1)",58,Write-in,373,330,0,0,16,314
5,"US Representative, 1st District (Vote for 1)",58,Write-in,374,9,0,0,1,8
5,"US Representative, 1st District (Vote for 1)",58,Write-in,375,279,0,0,18,261
5,"US Representative, 1st District (Vote for 1)",58,Write-in,376,"1,786",4,0,99,"1,683"
5,"US Representative, 1st District (Vote for 1)",58,Write-in,377,"2,275",4,0,142,"2,129"
5,"US Representative, 1st District (Vote for 1)",58,Write-in,378,947,4,0,48,895
5,"US Representative, 1st District (Vote for 1)",58,Write-in,381,476,1,0,24,451
5,"US Representative, 1st District (Vote for 1)",58,Write-in,382,"3,911",4,0,233,"3,674"
5,"US Representative, 1st District (Vote for 1)",58,Write-in,386,"1,955",8,0,97,"1,850"
5,"US Representative, 1st District (Vote for 1)",58,Write-in,387,21,0,0,0,21
5,"US Representative, 1st District (Vote for 1)",58,Write-in,390,"2,109",1,0,113,"1,995"
5,"US Representative, 1st District (Vote for 1)",58,Write-in,392,112,0,0,8,104
5,"US Representative, 1st District (Vote for 1)",58,Write-in,398,"1,774",3,0,96,"1,675"
5,"US Representative, 1st District (Vote for 1)",58,Write-in,403,"1,378",2,0,97,"1,279"
5,"US Representative, 1st District (Vote for 1)",58,Write-in,406,"2,042",4,0,122,"1,916"
5,"US Representative, 1st District (Vote for 1)",58,Write-in,407,873,0,0,40,833
5,"US Representative, 1st District (Vote for 1)",58,Write-in,408,322,0,0,16,306
5,"US Representative, 1st District (Vote for 1)",58,Write-in,410,"1,324",5,0,96,"1,223"
5,"US Representative, 1st District (Vote for 1)",58,Write-in,411,"1,313",6,0,86,"1,221"
5,"US Representative, 1st District (Vote for 1)",58,Write-in,412,"1,762",1,0,93,"1,668"
5,"US Representative, 1st District (Vote for 1)",58,Write-in,413,3,0,0,0,3
5,"US Representative, 1st District (Vote for 1)",58,Write-in,416,847,0,0,55,792
5,"US Representative, 1st District (Vote for 1)",58,Write-in,418,"3,034",2,0,152,"2,880"
5,"US Representative, 1st District (Vote for 1)",58,Write-in,422,17,0,0,0,17
5,"US Representative, 1st District (Vote for 1)",58,Write-in,426,438,3,0,16,419
5,"US Representative, 1st District (Vote for 1)",58,Write-in,429,"2,703",6,0,157,"2,540"
5,"US Representative, 1st District (Vote for 1)",58,Write-in,430,"2,319",9,0,143,"2,167"
5,"US Representative, 1st District (Vote for 1)",58,Write-in,431,776,1,0,42,733
5,"US Representative, 1st District (Vote for 1)",58,Write-in,434,"4,411",9,0,222,"4,180"
5,"US Representative, 1st District (Vote for 1)",58,Write-in,439,"2,379",2,0,145,"2,232"
5,"US Representative, 1st District (Vote for 1)",58,Write-in,440,"1,466",4,0,103,"1,359"
5,"US Representative, 1st District (Vote for 1)",58,Write-in,443,11,1,0,0,10
5,"US Representative, 1st District (Vote for 1)",58,Write-in,445,1,0,0,0,1
5,"US Representative, 1st District (Vote for 1)",58,Write-in,446,107,0,0,8,99
5,"US Representative, 1st District (Vote for 1)",58,Write-in,448,773,2,0,55,716
5,"US Representative, 1st District (Vote for 1)",58,Write-in,450,170,0,0,9,161
5,"US Representative, 1st District (Vote for 1)",58,Write-in,451,"1,071",5,0,70,996
5,"US Representative, 1st District (Vote for 1)",58,Write-in,452,100,0,0,3,97
5,"US Representative, 1st District (Vote for 1)",58,Write-in,453,11,0,0,0,11
5,"US Representative, 1st District (Vote for 1)",58,Write-in,454,19,0,0,0,19
5,"US Representative, 1st District (Vote for 1)",58,Write-in,455,"1,491",4,0,91,"1,396"
10,"US Representative, 6th District (Vote for 1)",59,Mike Erickson,348,27,11,0,0,16
10,"US Representative, 6th District (Vote for 1)",59,Mike Erickson,379,"3,866","1,073",0,184,"2,609"
10,"US Representative, 6th District (Vote for 1)",59,Mike Erickson,380,"3,035",920,0,131,"1,984"
10,"US Representative, 6th District (Vote for 1)",59,Mike Erickson,383,"1,576",358,0,77,"1,141"
10,"US Representative, 6th District (Vote for 1)",59,Mike Erickson,384,"4,511",983,0,205,"3,323"
10,"US Representative, 6th District (Vote for 1)",59,Mike Erickson,385,776,214,0,32,530
10,"US Representative, 6th District (Vote for 1)",59,Mike Erickson,388,250,63,0,10,177
10,"US Representative, 6th District (Vote for 1)",59,Mike Erickson,389,"7,683","2,320",0,389,"4,974"
10,"US Representative, 6th District (Vote for 1)",59,Mike Erickson,391,406,72,0,28,306
10,"US Representative, 6th District (Vote for 1)",59,Mike Erickson,393,631,118,0,37,476
10,"US Representative, 6th District (Vote for 1)",59,Mike Erickson,394,249,75,0,18,156
10,"US Representative, 6th District (Vote for 1)",59,Mike Erickson,395,"5,420","1,608",0,272,"3,540"
10,"US Representative, 6th District (Vote for 1)",59,Mike Erickson,396,837,270,0,33,534
10,"US Representative, 6th District (Vote for 1)",59,Mike Erickson,397,"2,944","1,177",0,100,"1,667"
10,"US Representative, 6th District (Vote for 1)",59,Mike Erickson,399,"2,222",665,0,112,"1,445"
10,"US Representative, 6th District (Vote for 1)",59,Mike Erickson,400,"3,530","1,047",0,171,"2,312"
10,"US Representative, 6th District (Vote for 1)",59,Mike Erickson,401,"1,868",419,0,76,"1,373"
10,"US Representative, 6th District (Vote for 1)",59,Mike Erickson,402,"6,434","2,434",0,261,"3,739"
10,"US Representative, 6th District (Vote for 1)",59,Mike Erickson,404,"5,930","1,856",0,251,"3,823"
10,"US Representative, 6th District (Vote for 1)",59,Mike Erickson,405,"7,583","2,509",0,301,"4,773"
10,"US Representative, 6th District (Vote for 1)",59,Mike Erickson,409,"4,527","1,456",1,223,"2,847"
10,"US Representative, 6th District (Vote for 1)",59,Mike Erickson,413,"1,457",502,0,74,881
10,"US Representative, 6th District (Vote for 1)",59,Mike Erickson,414,527,193,0,19,315
10,"US Representative, 6th District (Vote for 1)",59,Mike Erickson,415,852,299,0,42,511
10,"US Representative, 6th District (Vote for 1)",59,Mike Erickson,417,409,150,0,26,233
10,"US Representative, 6th District (Vote for 1)",59,Mike Erickson,419,"1,800",586,1,87,"1,126"
10,"US Representative, 6th District (Vote for 1)",59,Mike Erickson,420,"3,232","1,197",0,131,"1,904"
10,"US Representative, 6th District (Vote for 1)",59,Mike Erickson,421,500,157,0,33,310
10,"US Representative, 6th District (Vote for 1)",59,Mike Erickson,423,"3,059",991,0,144,"1,924"
10,"US Representative, 6th District (Vote for 1)",59,Mike Erickson,424,"4,668","2,076",0,216,"2,376"
10,"US Representative, 6th District (Vote for 1)",59,Mike Erickson,425,683,383,1,25,274
10,"US Representative, 6th District (Vote for 1)",59,Mike Erickson,427,"1,303",486,0,56,761
10,"US Representative, 6th District (Vote for 1)",59,Mike Erickson,428,"1,361",476,0,61,824
10,"US Representative, 6th District (Vote for 1)",59,Mike Erickson,432,306,96,0,11,199
10,"US Representative, 6th District (Vote for 1)",59,Mike Erickson,433,"2,174",835,0,81,"1,258"
10,"US Representative, 6th District (Vote for 1)",59,Mike Erickson,435,"4,142","1,696",0,178,"2,268"
10,"US Representative, 6th District (Vote for 1)",59,Mike Erickson,436,"2,244",973,0,99,"1,172"
10,"US Representative, 6th District (Vote for 1)",59,Mike Erickson,437,63,22,0,3,38
10,"US Representative, 6th District (Vote for 1)",59,Mike Erickson,438,494,302,0,14,178
10,"US Representative, 6th District (Vote for 1)",59,Mike Erickson,441,70,11,0,1,58
10,"US Representative, 6th District (Vote for 1)",59,Mike Erickson,442,"2,719","1,164",1,141,"1,413"
10,"US Representative, 6th District (Vote for 1)",59,Mike Erickson,444,121,67,0,6,48
10,"US Representative, 6th District (Vote for 1)",59,Mike Erickson,447,285,166,0,11,108
10,"US Representative, 6th District (Vote for 1)",59,Mike Erickson,449,293,166,0,4,123
10,"US Representative, 6th District (Vote for 1)",59,Mike Erickson,456,7,0,0,0,7
10,"US Representative, 6th District (Vote for 1)",59,Andrea Salinas,348,27,16,0,0,11
10,"US Representative, 6th District (Vote for 1)",59,Andrea Salinas,379,"3,866","2,601",0,184,"1,081"
10,"US Representative, 6th District (Vote for 1)",59,Andrea Salinas,380,"3,035","1,984",0,131,920
10,"US Representative, 6th District (Vote for 1)",59,Andrea Salinas,383,"1,576","1,140",0,77,359
10,"US Representative, 6th District (Vote for 1)",59,Andrea Salinas,384,"4,511","3,320",0,205,986
10,"US Representative, 6th District (Vote for 1)",59,Andrea Salinas,385,776,530,0,32,214
10,"US Representative, 6th District (Vote for 1)",59,Andrea Salinas,388,250,177,0,10,63
10,"US Representative, 6th District (Vote for 1)",59,Andrea Salinas,389,"7,683","4,965",0,389,"2,329"
10,"US Representative, 6th District (Vote for 1)",59,Andrea Salinas,391,406,304,0,28,74
10,"US Representative, 6th District (Vote for 1)",59,Andrea Salinas,393,631,475,0,37,119
10,"US Representative, 6th District (Vote for 1)",59,Andrea Salinas,394,249,155,0,18,76
10,"US Representative, 6th District (Vote for 1)",59,Andrea Salinas,395,"5,420","3,530",0,272,"1,618"
10,"US Representative, 6th District (Vote for 1)",59,Andrea Salinas,396,837,534,0,33,270
10,"US Representative, 6th District (Vote for 1)",59,Andrea Salinas,397,"2,944","1,663",0,100,"1,181"
10,"US Representative, 6th District (Vote for 1)",59,Andrea Salinas,399,"2,222","1,441",0,112,669
10,"US Representative, 6th District (Vote for 1)",59,Andrea Salinas,400,"3,530","2,305",0,171,"1,054"
10,"US Representative, 6th District (Vote for 1)",59,Andrea Salinas,401,"1,868","1,372",0,76,420
10,"US Representative, 6th District (Vote for 1)",59,Andrea Salinas,402,"6,434","3,733",0,261,"2,440"
10,"US Representative, 6th District (Vote for 1)",59,Andrea Salinas,404,"5,930","3,816",0,251,"1,863"
10,"US Representative, 6th District (Vote for 1)",59,Andrea Salinas,405,"7,583","4,758",0,301,"2,524"
10,"US Representative, 6th District (Vote for 1)",59,Andrea Salinas,409,"4,527","2,842",1,223,"1,461"
10,"US Representative, 6th District (Vote for 1)",59,Andrea Salinas,413,"1,457",879,0,74,504
10,"US Representative, 6th District (Vote for 1)",59,Andrea Salinas,414,527,315,0,19,193
10,"US Representative, 6th District (Vote for 1)",59,Andrea Salinas,415,852,510,0,42,300
10,"US Representative, 6th District (Vote for 1)",59,Andrea Salinas,417,409,232,0,26,151
10,"US Representative, 6th District (Vote for 1)",59,Andrea Salinas,419,"1,800","1,125",1,87,587
10,"US Representative, 6th District (Vote for 1)",59,Andrea Salinas,420,"3,232","1,895",0,131,"1,206"
10,"US Representative, 6th District (Vote for 1)",59,Andrea Salinas,421,500,310,0,33,157
10,"US Representative, 6th District (Vote for 1)",59,Andrea Salinas,423,"3,059","1,920",0,144,995
10,"US Representative, 6th District (Vote for 1)",59,Andrea Salinas,424,"4,668","2,373",0,216,"2,079"
10,"US Representative, 6th District (Vote for 1)",59,Andrea Salinas,425,683,271,1,25,386
10,"US Representative, 6th District (Vote for 1)",59,Andrea Salinas,427,"1,303",759,0,56,488
10,"US Representative, 6th District (Vote for 1)",59,Andrea Salinas,428,"1,361",821,0,61,479
10,"US Representative, 6th District (Vote for 1)",59,Andrea Salinas,432,306,199,0,11,96
10,"US Representative, 6th District (Vote for 1)",59,Andrea Salinas,433,"2,174","1,253",0,81,840
10,"US Representative, 6th District (Vote for 1)",59,Andrea Salinas,435,"4,142","2,262",0,178,"1,702"
10,"US Representative, 6th District (Vote for 1)",59,Andrea Salinas,436,"2,244","1,171",0,99,974
10,"US Representative, 6th District (Vote for 1)",59,Andrea Salinas,437,63,38,0,3,22
10,"US Representative, 6th District (Vote for 1)",59,Andrea Salinas,438,494,177,0,14,303
10,"US Representative, 6th District (Vote for 1)",59,Andrea Salinas,441,70,57,0,1,12
10,"US Representative, 6th District (Vote for 1)",59,Andrea Salinas,442,"2,719","1,408",1,141,"1,169"
10,"US Representative, 6th District (Vote for 1)",59,Andrea Salinas,444,121,48,0,6,67
10,"US Representative, 6th District (Vote for 1)",59,Andrea Salinas,447,285,108,0,11,166
10,"US Representative, 6th District (Vote for 1)",59,Andrea Salinas,449,293,123,0,4,166
10,"US Representative, 6th District (Vote for 1)",59,Andrea Salinas,456,7,7,0,0,0
10,"US Representative, 6th District (Vote for 1)",59,Write-in,348,27,0,0,0,27
10,"US Representative, 6th District (Vote for 1)",59,Write-in,379,"3,866",8,0,184,"3,674"
10,"US Representative, 6th District (Vote for 1)",59,Write-in,380,"3,035",0,0,131,"2,904"
10,"US Representative, 6th District (Vote for 1)",59,Write-in,383,"1,576",1,0,77,"1,498"
10,"US Representative, 6th District (Vote for 1)",59,Write-in,384,"4,511",3,0,205,"4,303"
10,"US Representative, 6th District (Vote for 1)",59,Write-in,385,776,0,0,32,744
10,"US Representative, 6th District (Vote for 1)",59,Write-in,388,250,0,0,10,240
10,"US Representative, 6th District (Vote for 1)",59,Write-in,389,"7,683",9,0,389,"7,285"
10,"US Representative, 6th District (Vote for 1)",59,Write-in,391,406,2,0,28,376
10,"US Representative, 6th District (Vote for 1)",59,Write-in,393,631,1,0,37,593
10,"US Representative, 6th District (Vote for 1)",59,Write-in,394,249,1,0,18,230
10,"US Representative, 6th District (Vote for 1)",59,Write-in,395,"5,420",10,0,272,"5,138"
10,"US Representative, 6th District (Vote for 1)",59,Write-in,396,837,0,0,33,804
10,"US Representative, 6th District (Vote for 1)",59,Write-in,397,"2,944",4,0,100,"2,840"
10,"US Representative, 6th District (Vote for 1)",59,Write-in,399,"2,222",4,0,112,"2,106"
10,"US Representative, 6th District (Vote for 1)",59,Write-in,400,"3,530",7,0,171,"3,352"
10,"US Representative, 6th District (Vote for 1)",59,Write-in,401,"1,868",1,0,76,"1,791"
10,"US Representative, 6th District (Vote for 1)",59,Write-in,402,"6,434",6,0,261,"6,167"
10,"US Representative, 6th District (Vote for 1)",59,Write-in,404,"5,930",7,0,251,"5,672"
10,"US Representative, 6th District (Vote for 1)",59,Write-in,405,"7,583",15,0,301,"7,267"
10,"US Representative, 6th District (Vote for 1)",59,Write-in,409,"4,527",5,0,223,"4,299"
10,"US Representative, 6th District (Vote for 1)",59,Write-in,413,"1,457",2,0,74,"1,381"
10,"US Representative, 6th District (Vote for 1)",59,Write-in,414,527,0,0,19,508
10,"US Representative, 6th District (Vote for 1)",59,Write-in,415,852,1,0,42,809
10,"US Representative, 6th District (Vote for 1)",59,Write-in,417,409,1,0,26,382
10,"US Representative, 6th District (Vote for 1)",59,Write-in,419,"1,800",1,0,87,"1,712"
10,"US Representative, 6th District (Vote for 1)",59,Write-in,420,"3,232",9,0,131,"3,092"
10,"US Representative, 6th District (Vote for 1)",59,Write-in,421,500,0,0,33,467
10,"US Representative, 6th District (Vote for 1)",59,Write-in,423,"3,059",4,0,144,"2,911"
10,"US Representative, 6th District (Vote for 1)",59,Write-in,424,"4,668",3,0,216,"4,449"
10,"US Representative, 6th District (Vote for 1)",59,Write-in,425,683,3,0,25,655
10,"US Representative, 6th District (Vote for 1)",59,Write-in,427,"1,303",2,0,56,"1,245"
10,"US Representative, 6th District (Vote for 1)",59,Write-in,428,"1,361",3,0,61,"1,297"
10,"US Representative, 6th District (Vote for 1)",59,Write-in,432,306,0,0,11,295
10,"US Representative, 6th District (Vote for 1)",59,Write-in,433,"2,174",5,0,81,"2,088"
10,"US Representative, 6th District (Vote for 1)",59,Write-in,435,"4,142",6,0,178,"3,958"
10,"US Representative, 6th District (Vote for 1)",59,Write-in,436,"2,244",1,0,99,"2,144"
10,"US Representative, 6th District (Vote for 1)",59,Write-in,437,63,0,0,3,60
10,"US Representative, 6th District (Vote for 1)",59,Write-in,438,494,1,0,14,479
10,"US Representative, 6th District (Vote for 1)",59,Write-in,441,70,1,0,1,68
10,"US Representative, 6th District (Vote for 1)",59,Write-in,442,"2,719",5,0,141,"2,573"
10,"US Representative, 6th District (Vote for 1)",59,Write-in,444,121,0,0,6,115
10,"US Representative, 6th District (Vote for 1)",59,Write-in,447,285,0,0,11,274
10,"US Representative, 6th District (Vote for 1)",59,Write-in,449,293,0,0,4,289
10,"US Representative, 6th District (Vote for 1)",59,Write-in,456,7,0,0,0,7
15,Secretary of State (Vote for 1),39,Nathalie Paravicini,301,"1,724",36,0,81,"1,607"
15,Secretary of State (Vote for 1),39,Nathalie Paravicini,302,"2,551",124,0,144,"2,283"
15,Secretary of State (Vote for 1),39,Nathalie Paravicini,303,330,7,0,15,308
15,Secretary of State (Vote for 1),39,Nathalie Paravicini,304,"1,076",39,0,47,990
15,Secretary of State (Vote for 1),39,Nathalie Paravicini,305,953,37,0,54,862
15,Secretary of State (Vote for 1),39,Nathalie Paravicini,306,579,35,0,27,517
15,Secretary of State (Vote for 1),39,Nathalie Paravicini,307,"4,494",169,0,279,"4,046"
15,Secretary of State (Vote for 1),39,Nathalie Paravicini,308,148,3,0,10,135
15,Secretary of State (Vote for 1),39,Nathalie Paravicini,309,"4,308",209,0,225,"3,874"
15,Secretary of State (Vote for 1),39,Nathalie Paravicini,310,614,14,0,35,565
15,Secretary of State (Vote for 1),39,Nathalie Paravicini,311,684,22,0,29,633
15,Secretary of State (Vote for 1),39,Nathalie Paravicini,312,"1,703",42,0,92,"1,569"
15,Secretary of State (Vote for 1),39,Nathalie Paravicini,313,3,0,0,1,2
15,Secretary of State (Vote for 1),39,Nathalie Paravicini,314,310,10,0,20,280
15,Secretary of State (Vote for 1),39,Nathalie Paravicini,315,493,13,0,32,448
15,Secretary of State (Vote for 1),39,Nathalie Paravicini,316,"1,719",36,0,98,"1,585"
15,Secretary of State (Vote for 1),39,Nathalie Paravicini,317,169,4,0,6,159
15,Secretary of State (Vote for 1),39,Nathalie Paravicini,318,"3,750",167,0,184,"3,399"
15,Secretary of State (Vote for 1),39,Nathalie Paravicini,319,"5,196",262,0,302,"4,632"
15,Secretary of State (Vote for 1),39,Nathalie Paravicini,320,"1,778",72,0,110,"1,596"
15,Secretary of State (Vote for 1),39,Nathalie Paravicini,321,328,9,0,24,295
15,Secretary of State (Vote for 1),39,Nathalie Paravicini,322,269,11,0,14,244
15,Secretary of State (Vote for 1),39,Nathalie Paravicini,324,519,16,0,32,471
15,Secretary of State (Vote for 1),39,Nathalie Paravicini,325,155,15,0,6,134
15,Secretary of State (Vote for 1),39,Nathalie Paravicini,326,"1,898",34,0,102,"1,762"
15,Secretary of State (Vote for 1),39,Nathalie Paravicini,327,"5,317",214,0,328,"4,775"
15,Secretary of State (Vote for 1),39,Nathalie Paravicini,328,931,39,0,45,847
15,Secretary of State (Vote for 1),39,Nathalie Paravicini,329,"7,692",343,0,427,"6,922"
15,Secretary of State (Vote for 1),39,Nathalie Paravicini,330,"2,150",78,0,139,"1,933"
15,Secretary of State (Vote for 1),39,Nathalie Paravicini,331,"2,399",108,0,136,"2,155"
15,Secretary of State (Vote for 1),39,Nathalie Paravicini,332,"2,550",176,0,137,"2,237"
15,Secretary of State (Vote for 1),39,Nathalie Paravicini,333,"3,626",241,0,256,"3,129"
15,Secretary of State (Vote for 1),39,Nathalie Paravicini,334,137,4,0,5,128
15,Secretary of State (Vote for 1),39,Nathalie Paravicini,335,"4,268",120,0,253,"3,895"
15,Secretary of State (Vote for 1),39,Nathalie Paravicini,336,"2,948",136,0,187,"2,625"
15,Secretary of State (Vote for 1),39,Nathalie Paravicini,337,"1,086",57,0,97,932
15,Secretary of State (Vote for 1),39,Nathalie Paravicini,338,"5,180",236,0,342,"4,602"
15,Secretary of State (Vote for 1),39,Nathalie Paravicini,339,"4,822",232,0,326,"4,264"
15,Secretary of State (Vote for 1),39,Nathalie Paravicini,340,"6,948",252,1,338,"6,357"
15,Secretary of State (Vote for 1),39,Nathalie Paravicini,341,305,14,0,22,269
15,Secretary of State (Vote for 1),39,Nathalie Paravicini,342,63,4,0,2,57
15,Secretary of State (Vote for 1),39,Nathalie Paravicini,343,"2,608",122,0,147,"2,339"
15,Secretary of State (Vote for 1),39,Nathalie Paravicini,344,"2,806",171,0,192,"2,443"
15,Secretary of State (Vote for 1),39,Nathalie Paravicini,345,27,0,0,1,26
15,Secretary of State (Vote for 1),39,Nathalie Paravicini,346,274,5,0,17,252
15,Secretary of State (Vote for 1),39,Nathalie Paravicini,347,55,0,0,2,53
15,Secretary of State (Vote for 1),39,Nathalie Paravicini,348,27,0,0,1,26
15,Secretary of State (Vote for 1),39,Nathalie Paravicini,349,573,29,0,29,515
15,Secretary of State (Vote for 1),39,Nathalie Paravicini,350,"6,361",329,1,342,"5,689"
15,Secretary of State (Vote for 1),39,Nathalie Paravicini,351,"3,169",189,0,212,"2,768"
15,Secretary of State (Vote for 1),39,Nathalie Paravicini,352,"1,138",91,0,75,972
15,Secretary of State (Vote for 1),39,Nathalie Paravicini,353,"2,219",103,0,119,"1,997"
15,Secretary of State (Vote for 1),39,Nathalie Paravicini,354,"1,811",69,0,78,"1,664"
15,Secretary of State (Vote for 1),39,Nathalie Paravicini,355,"1,364",60,0,59,"1,245"
15,Secretary of State (Vote for 1),39,Nathalie Paravicini,356,"1,662",84,2,99,"1,477"
15,Secretary of State (Vote for 1),39,Nathalie Paravicini,357,813,44,0,71,698
15,Secretary of State (Vote for 1),39,Nathalie Paravicini,358,"2,526",126,0,117,"2,283"
15,Secretary of State (Vote for 1),39,Nathalie Paravicini,359,"2,324",115,0,131,"2,078"
15,Secretary of State (Vote for 1),39,Nathalie Paravicini,360,"2,836",162,0,139,"2,535"
15,Secretary of State (Vote for 1),39,Nathalie Paravicini,361,"2,052",141,0,110,"1,801"
15,Secretary of State (Vote for 1),39,Nathalie Paravicini,362,"6,315",320,0,317,"5,678"
15,Secretary of State (Vote for 1),39,Nathalie Paravicini,363,"2,925",132,0,168,"2,625"
15,Secretary of State (Vote for 1),39,Nathalie Paravicini,364,"4,460",139,0,269,"4,052"
15,Secretary of State (Vote for 1),39,Nathalie Paravicini,365,"4,622",143,0,246,"4,233"
15,Secretary of State (Vote for 1),39,Nathalie Paravicini,366,"1,641",107,0,74,"1,460"
15,Secretary of State (Vote for 1),39,Nathalie Paravicini,367,"4,269",197,0,257,"3,815"
15,Secretary of State (Vote for 1),39,Nathalie Paravicini,368,"3,793",174,0,224,"3,395"
15,Secretary of State (Vote for 1),39,Nathalie Paravicini,369,"1,660",71,0,87,"1,502"
15,Secretary of State (Vote for 1),39,Nathalie Paravicini,370,"2,096",67,0,127,"1,902"
15,Secretary of State (Vote for 1),39,Nathalie Paravicini,371,"2,037",74,0,110,"1,853"
15,Secretary of State (Vote for 1),39,Nathalie Paravicini,372,"1,701",47,0,80,"1,574"
15,Secretary of State (Vote for 1),39,Nathalie Paravicini,373,328,14,0,23,291
15,Secretary of State (Vote for 1),39,Nathalie Paravicini,374,9,0,0,1,8
15,Secretary of State (Vote for 1),39,Nathalie Paravicini,375,279,9,0,18,252
15,Secretary of State (Vote for 1),39,Nathalie Paravicini,376,"1,779",70,0,89,"1,620"
15,Secretary of State (Vote for 1),39,Nathalie Paravicini,377,"2,251",76,0,131,"2,044"
15,Secretary of State (Vote for 1),39,Nathalie Paravicini,378,937,34,0,54,849
15,Secretary of State (Vote for 1),39,Nathalie Paravicini,379,"3,854",177,0,179,"3,498"
15,Secretary of State (Vote for 1),39,Nathalie Paravicini,380,"3,025",101,0,135,"2,789"
15,Secretary of State (Vote for 1),39,Nathalie Paravicini,381,475,15,0,28,432
15,Secretary of State (Vote for 1),39,Nathalie Paravicini,382,"3,905",216,0,229,"3,460"
15,Secretary of State (Vote for 1),39,Nathalie Paravicini,383,"1,566",66,0,74,"1,426"
15,Secretary of State (Vote for 1),39,Nathalie Paravicini,384,"4,477",174,0,187,"4,116"
15,Secretary of State (Vote for 1),39,Nathalie Paravicini,385,770,17,0,33,720
15,Secretary of State (Vote for 1),39,Nathalie Paravicini,386,"1,936",55,0,106,"1,775"
15,Secretary of State (Vote for 1),39,Nathalie Paravicini,387,21,1,0,0,20
15,Secretary of State (Vote for 1),39,Nathalie Paravicini,388,250,17,0,10,223
15,Secretary of State (Vote for 1),39,Nathalie Paravicini,389,"7,639",270,0,410,"6,959"
15,Secretary of State (Vote for 1),39,Nathalie Paravicini,390,"2,098",58,0,120,"1,920"
15,Secretary of State (Vote for 1),39,Nathalie Paravicini,391,405,23,0,23,359
15,Secretary of State (Vote for 1),39,Nathalie Paravicini,392,112,6,0,8,98
15,Secretary of State (Vote for 1),39,Nathalie Paravicini,393,626,15,0,24,587
15,Secretary of State (Vote for 1),39,Nathalie Paravicini,394,248,18,0,23,207
15,Secretary of State (Vote for 1),39,Nathalie Paravicini,395,"5,402",250,0,286,"4,866"
15,Secretary of State (Vote for 1),39,Nathalie Paravicini,396,830,35,0,27,768
15,Secretary of State (Vote for 1),39,Nathalie Paravicini,397,"2,943",90,0,117,"2,736"
15,Secretary of State (Vote for 1),39,Nathalie Paravicini,398,"1,773",63,0,96,"1,614"
15,Secretary of State (Vote for 1),39,Nathalie Paravicini,399,"2,213",83,0,128,"2,002"
15,Secretary of State (Vote for 1),39,Nathalie Paravicini,400,"3,519",193,0,167,"3,159"
15,Secretary of State (Vote for 1),39,Nathalie Paravicini,401,"1,860",67,0,70,"1,723"
15,Secretary of State (Vote for 1),39,Nathalie Paravicini,402,"6,413",216,1,313,"5,883"
15,Secretary of State (Vote for 1),39,Nathalie Paravicini,403,"1,374",50,0,98,"1,226"
15,Secretary of State (Vote for 1),39,Nathalie Paravicini,404,"5,913",271,0,302,"5,340"
15,Secretary of State (Vote for 1),39,Nathalie Paravicini,405,"7,546",222,1,356,"6,967"
15,Secretary of State (Vote for 1),39,Nathalie Paravicini,406,"2,033",122,0,122,"1,789"
15,Secretary of State (Vote for 1),39,Nathalie Paravicini,407,870,16,0,59,795
15,Secretary of State (Vote for 1),39,Nathalie Paravicini,408,322,12,0,19,291
15,Secretary of State (Vote for 1),39,Nathalie Paravicini,409,"4,511",182,2,245,"4,082"
15,Secretary of State (Vote for 1),39,Nathalie Paravicini,410,"1,322",46,0,87,"1,189"
15,Secretary of State (Vote for 1),39,Nathalie Paravicini,411,"1,311",44,0,83,"1,184"
15,Secretary of State (Vote for 1),39,Nathalie Paravicini,412,"1,749",77,0,97,"1,575"
15,Secretary of State (Vote for 1),39,Nathalie Paravicini,413,"1,455",42,0,80,"1,333"
15,Secretary of State (Vote for 1),39,Nathalie Paravicini,414,525,18,0,29,478
15,Secretary of State (Vote for 1),39,Nathalie Paravicini,415,850,26,0,39,785
15,Secretary of State (Vote for 1),39,Nathalie Paravicini,416,846,43,0,59,744
15,Secretary of State (Vote for 1),39,Nathalie Paravicini,417,408,8,0,23,377
15,Secretary of State (Vote for 1),39,Nathalie Paravicini,418,"3,030",105,0,159,"2,766"
15,Secretary of State (Vote for 1),39,Nathalie Paravicini,419,"1,789",24,0,96,"1,669"
15,Secretary of State (Vote for 1),39,Nathalie Paravicini,420,"3,223",142,0,146,"2,935"
15,Secretary of State (Vote for 1),39,Nathalie Paravicini,421,499,36,0,29,434
15,Secretary of State (Vote for 1),39,Nathalie Paravicini,422,17,0,0,0,17
15,Secretary of State (Vote for 1),39,Nathalie Paravicini,423,"3,051",156,1,142,"2,752"
15,Secretary of State (Vote for 1),39,Nathalie Paravicini,424,"4,657",121,0,275,"4,261"
15,Secretary of State (Vote for 1),39,Nathalie Paravicini,425,683,11,0,36,636
15,Secretary of State (Vote for 1),39,Nathalie Paravicini,426,436,12,0,12,412
15,Secretary of State (Vote for 1),39,Nathalie Paravicini,427,"1,301",60,0,76,"1,165"
15,Secretary of State (Vote for 1),39,Nathalie Paravicini,428,"1,359",46,0,83,"1,230"
15,Secretary of State (Vote for 1),39,Nathalie Paravicini,429,"2,699",113,0,146,"2,440"
15,Secretary of State (Vote for 1),39,Nathalie Paravicini,430,"2,310",68,0,116,"2,126"
15,Secretary of State (Vote for 1),39,Nathalie Paravicini,431,775,26,0,29,720
15,Secretary of State (Vote for 1),39,Nathalie Paravicini,432,306,18,0,13,275
15,Secretary of State (Vote for 1),39,Nathalie Paravicini,433,"2,171",72,0,102,"1,997"
15,Secretary of State (Vote for 1),39,Nathalie Paravicini,434,"4,401",171,0,226,"4,004"
15,Secretary of State (Vote for 1),39,Nathalie Paravicini,435,"4,132",139,0,231,"3,762"
15,Secretary of State (Vote for 1),39,Nathalie Paravicini,436,"2,242",43,0,123,"2,076"
15,Secretary of State (Vote for 1),39,Nathalie Paravicini,437,63,1,0,2,60
15,Secretary of State (Vote for 1),39,Nathalie Paravicini,438,493,15,0,17,461
15,Secretary of State (Vote for 1),39,Nathalie Paravicini,439,"2,375",112,0,140,"2,123"
15,Secretary of State (Vote for 1),39,Nathalie Paravicini,440,"1,461",97,0,90,"1,274"
15,Secretary of State (Vote for 1),39,Nathalie Paravicini,441,70,4,0,0,66
15,Secretary of State (Vote for 1),39,Nathalie Paravicini,442,"2,708",85,0,175,"2,448"
15,Secretary of State (Vote for 1),39,Nathalie Paravicini,443,11,0,0,0,11
15,Secretary of State (Vote for 1),39,Nathalie Paravicini,444,121,3,0,5,113
15,Secretary of State (Vote for 1),39,Nathalie Paravicini,445,1,0,0,0,1
15,Secretary of State (Vote for 1),39,Nathalie Paravicini,446,107,6,0,8,93
15,Secretary of State (Vote for 1),39,Nathalie Paravicini,447,285,13,0,6,266
15,Secretary of State (Vote for 1),39,Nathalie Paravicini,448,771,20,0,50,701
15,Secretary of State (Vote for 1),39,Nathalie Paravicini,449,293,1,0,6,286
15,Secretary of State (Vote for 1),39,Nathalie Paravicini,450,170,1,0,9,160
15,Secretary of State (Vote for 1),39,Nathalie Paravicini,451,"1,066",46,0,63,957
15,Secretary of State (Vote for 1),39,Nathalie Paravicini,452,99,4,0,8,87
15,Secretary of State (Vote for 1),39,Nathalie Paravicini,453,11,0,0,0,11
15,Secretary of State (Vote for 1),39,Nathalie Paravicini,454,19,0,0,0,19
15,Secretary of State (Vote for 1),39,Nathalie Paravicini,455,"1,486",78,0,94,"1,314"
15,Secretary of State (Vote for 1),39,Nathalie Paravicini,456,7,0,0,0,7
15,Secretary of State (Vote for 1),39,Dennis Linthicum,301,"1,724",995,0,81,648
15,Secretary of State (Vote for 1),39,Dennis Linthicum,302,"2,551",883,0,144,"1,524"
15,Secretary of State (Vote for 1),39,Dennis Linthicum,303,330,199,0,15,116
15,Secretary of State (Vote for 1),39,Dennis Linthicum,304,"1,076",405,0,47,624
15,Secretary of State (Vote for 1),39,Dennis Linthicum,305,953,506,0,54,393
15,Secretary of State (Vote for 1),39,Dennis Linthicum,306,579,121,0,27,431
15,Secretary of State (Vote for 1),39,Dennis Linthicum,307,"4,494","1,655",0,279,"2,560"
15,Secretary of State (Vote for 1),39,Dennis Linthicum,308,148,71,0,10,67
15,Secretary of State (Vote for 1),39,Dennis Linthicum,309,"4,308","1,467",0,225,"2,616"
15,Secretary of State (Vote for 1),39,Dennis Linthicum,310,614,305,0,35,274
15,Secretary of State (Vote for 1),39,Dennis Linthicum,311,684,352,0,29,303
15,Secretary of State (Vote for 1),39,Dennis Linthicum,312,"1,703",931,0,92,680
15,Secretary of State (Vote for 1),39,Dennis Linthicum,313,3,0,0,1,2
15,Secretary of State (Vote for 1),39,Dennis Linthicum,314,310,192,0,20,98
15,Secretary of State (Vote for 1),39,Dennis Linthicum,315,493,233,0,32,228
15,Secretary of State (Vote for 1),39,Dennis Linthicum,316,"1,719",945,0,98,676
15,Secretary of State (Vote for 1),39,Dennis Linthicum,317,169,90,0,6,73
15,Secretary of State (Vote for 1),39,Dennis Linthicum,318,"3,750","1,239",0,184,"2,327"
15,Secretary of State (Vote for 1),39,Dennis Linthicum,319,"5,196","1,581",0,302,"3,313"
15,Secretary of State (Vote for 1),39,Dennis Linthicum,320,"1,778",544,0,110,"1,124"
15,Secretary of State (Vote for 1),39,Dennis Linthicum,321,328,188,0,24,116
15,Secretary of State (Vote for 1),39,Dennis Linthicum,322,269,122,0,14,133
15,Secretary of State (Vote for 1),39,Dennis Linthicum,324,519,274,0,32,213
15,Secretary of State (Vote for 1),39,Dennis Linthicum,325,155,41,0,6,108
15,Secretary of State (Vote for 1),39,Dennis Linthicum,326,"1,898","1,140",0,102,656
15,Secretary of State (Vote for 1),39,Dennis Linthicum,327,"5,317","1,595",0,328,"3,394"
15,Secretary of State (Vote for 1),39,Dennis Linthicum,328,931,464,0,45,422
15,Secretary of State (Vote for 1),39,Dennis Linthicum,329,"7,692","2,109",0,427,"5,156"
15,Secretary of State (Vote for 1),39,Dennis Linthicum,330,"2,150",946,0,139,"1,065"
15,Secretary of State (Vote for 1),39,Dennis Linthicum,331,"2,399",618,0,136,"1,645"
15,Secretary of State (Vote for 1),39,Dennis Linthicum,332,"2,550",546,0,137,"1,867"
15,Secretary of State (Vote for 1),39,Dennis Linthicum,333,"3,626",743,0,256,"2,627"
15,Secretary of State (Vote for 1),39,Dennis Linthicum,334,137,79,0,5,53
15,Secretary of State (Vote for 1),39,Dennis Linthicum,335,"4,268","1,617",0,253,"2,398"
15,Secretary of State (Vote for 1),39,Dennis Linthicum,336,"2,948","1,038",0,187,"1,723"
15,Secretary of State (Vote for 1),39,Dennis Linthicum,337,"1,086",333,1,97,655
15,Secretary of State (Vote for 1),39,Dennis Linthicum,338,"5,180","1,921",0,342,"2,917"
15,Secretary of State (Vote for 1),39,Dennis Linthicum,339,"4,822","1,814",0,326,"2,682"
15,Secretary of State (Vote for 1),39,Dennis Linthicum,340,"6,948","2,820",1,338,"3,789"
15,Secretary of State (Vote for 1),39,Dennis Linthicum,341,305,163,0,22,120
15,Secretary of State (Vote for 1),39,Dennis Linthicum,342,63,30,0,2,31
15,Secretary of State (Vote for 1),39,Dennis Linthicum,343,"2,608",944,0,147,"1,517"
15,Secretary of State (Vote for 1),39,Dennis Linthicum,344,"2,806",832,0,192,"1,782"
15,Secretary of State (Vote for 1),39,Dennis Linthicum,345,27,13,0,1,13
15,Secretary of State (Vote for 1),39,Dennis Linthicum,346,274,133,0,17,124
15,Secretary of State (Vote for 1),39,Dennis Linthicum,347,55,29,0,2,24
15,Secretary of State (Vote for 1),39,Dennis Linthicum,348,27,12,0,1,14
15,Secretary of State (Vote for 1),39,Dennis Linthicum,349,573,141,0,29,403
15,Secretary of State (Vote for 1),39,Dennis Linthicum,350,"6,361","1,491",1,342,"4,527"
15,Secretary of State (Vote for 1),39,Dennis Linthicum,351,"3,169",893,0,212,"2,064"
15,Secretary of State (Vote for 1),39,Dennis Linthicum,352,"1,138",185,0,75,878
15,Secretary of State (Vote for 1),39,Dennis Linthicum,353,"2,219",448,0,119,"1,652"
15,Secretary of State (Vote for 1),39,Dennis Linthicum,354,"1,811",462,1,78,"1,270"
15,Secretary of State (Vote for 1),39,Dennis Linthicum,355,"1,364",332,0,59,973
15,Secretary of State (Vote for 1),39,Dennis Linthicum,356,"1,662",521,1,99,"1,041"
15,Secretary of State (Vote for 1),39,Dennis Linthicum,357,813,231,0,71,511
15,Secretary of State (Vote for 1),39,Dennis Linthicum,358,"2,526",716,0,117,"1,693"
15,Secretary of State (Vote for 1),39,Dennis Linthicum,359,"2,324",557,0,131,"1,636"
15,Secretary of State (Vote for 1),39,Dennis Linthicum,360,"2,836",688,0,139,"2,009"
15,Secretary of State (Vote for 1),39,Dennis Linthicum,361,"2,052",398,0,110,"1,544"
15,Secretary of State (Vote for 1),39,Dennis Linthicum,362,"6,315","1,595",0,317,"4,403"
15,Secretary of State (Vote for 1),39,Dennis Linthicum,363,"2,925",746,0,168,"2,011"
15,Secretary of State (Vote for 1),39,Dennis Linthicum,364,"4,460","1,194",0,269,"2,997"
15,Secretary of State (Vote for 1),39,Dennis Linthicum,365,"4,622","1,056",0,246,"3,320"
15,Secretary of State (Vote for 1),39,Dennis Linthicum,366,"1,641",311,0,74,"1,256"
15,Secretary of State (Vote for 1),39,Dennis Linthicum,367,"4,269","1,148",0,257,"2,864"
15,Secretary of State (Vote for 1),39,Dennis Linthicum,368,"3,793","1,043",1,224,"2,525"
15,Secretary of State (Vote for 1),39,Dennis Linthicum,369,"1,660",530,0,87,"1,043"
15,Secretary of State (Vote for 1),39,Dennis Linthicum,370,"2,096",640,0,127,"1,329"
15,Secretary of State (Vote for 1),39,Dennis Linthicum,371,"2,037",550,0,110,"1,377"
15,Secretary of State (Vote for 1),39,Dennis Linthicum,372,"1,701",401,0,80,"1,220"
15,Secretary of State (Vote for 1),39,Dennis Linthicum,373,328,146,0,23,159
15,Secretary of State (Vote for 1),39,Dennis Linthicum,374,9,2,0,1,6
15,Secretary of State (Vote for 1),39,Dennis Linthicum,375,279,61,0,18,200
15,Secretary of State (Vote for 1),39,Dennis Linthicum,376,"1,779",511,0,89,"1,179"
15,Secretary of State (Vote for 1),39,Dennis Linthicum,377,"2,251",644,0,131,"1,476"
15,Secretary of State (Vote for 1),39,Dennis Linthicum,378,937,191,0,54,692
15,Secretary of State (Vote for 1),39,Dennis Linthicum,379,"3,854",957,0,179,"2,718"
15,Secretary of State (Vote for 1),39,Dennis Linthicum,380,"3,025",823,0,135,"2,067"
15,Secretary of State (Vote for 1),39,Dennis Linthicum,381,475,117,0,28,330
15,Secretary of State (Vote for 1),39,Dennis Linthicum,382,"3,905","1,232",0,229,"2,444"
15,Secretary of State (Vote for 1),39,Dennis Linthicum,383,"1,566",315,0,74,"1,177"
15,Secretary of State (Vote for 1),39,Dennis Linthicum,384,"4,477",856,0,187,"3,434"
15,Secretary of State (Vote for 1),39,Dennis Linthicum,385,770,190,0,33,547
15,Secretary of State (Vote for 1),39,Dennis Linthicum,386,"1,936",419,0,106,"1,411"
15,Secretary of State (Vote for 1),39,Dennis Linthicum,387,21,8,0,0,13
15,Secretary of State (Vote for 1),39,Dennis Linthicum,388,250,57,0,10,183
15,Secretary of State (Vote for 1),39,Dennis Linthicum,389,"7,639","2,115",0,410,"5,114"
15,Secretary of State (Vote for 1),39,Dennis Linthicum,390,"2,098",608,0,120,"1,370"
15,Secretary of State (Vote for 1),39,Dennis Linthicum,391,405,65,0,23,317
15,Secretary of State (Vote for 1),39,Dennis Linthicum,392,112,18,0,8,86
15,Secretary of State (Vote for 1),39,Dennis Linthicum,393,626,110,0,24,492
15,Secretary of State (Vote for 1),39,Dennis Linthicum,394,248,64,0,23,161
15,Secretary of State (Vote for 1),39,Dennis Linthicum,395,"5,402","1,433",0,286,"3,683"
15,Secretary of State (Vote for 1),39,Dennis Linthicum,396,830,250,0,27,553
15,Secretary of State (Vote for 1),39,Dennis Linthicum,397,"2,943","1,098",0,117,"1,728"
15,Secretary of State (Vote for 1),39,Dennis Linthicum,398,"1,773",656,0,96,"1,021"
15,Secretary of State (Vote for 1),39,Dennis Linthicum,399,"2,213",603,0,128,"1,482"
15,Secretary of State (Vote for 1),39,Dennis Linthicum,400,"3,519",922,0,167,"2,430"
15,Secretary of State (Vote for 1),39,Dennis Linthicum,401,"1,860",367,0,70,"1,423"
15,Secretary of State (Vote for 1),39,Dennis Linthicum,402,"6,413","2,224",0,313,"3,876"
15,Secretary of State (Vote for 1),39,Dennis Linthicum,403,"1,374",401,0,98,875
15,Secretary of State (Vote for 1),39,Dennis Linthicum,404,"5,913","1,685",0,302,"3,926"
15,Secretary of State (Vote for 1),39,Dennis Linthicum,405,"7,546","2,293",0,356,"4,897"
15,Secretary of State (Vote for 1),39,Dennis Linthicum,406,"2,033",367,0,122,"1,544"
15,Secretary of State (Vote for 1),39,Dennis Linthicum,407,870,210,0,59,601
15,Secretary of State (Vote for 1),39,Dennis Linthicum,408,322,78,0,19,225
15,Secretary of State (Vote for 1),39,Dennis Linthicum,409,"4,511","1,306",2,245,"2,958"
15,Secretary of State (Vote for 1),39,Dennis Linthicum,410,"1,322",426,0,87,809
15,Secretary of State (Vote for 1),39,Dennis Linthicum,411,"1,311",372,0,83,856
15,Secretary of State (Vote for 1),39,Dennis Linthicum,412,"1,749",579,0,97,"1,073"
15,Secretary of State (Vote for 1),39,Dennis Linthicum,413,"1,455",453,0,80,922
15,Secretary of State (Vote for 1),39,Dennis Linthicum,414,525,170,0,29,326
15,Secretary of State (Vote for 1),39,Dennis Linthicum,415,850,271,0,39,540
15,Secretary of State (Vote for 1),39,Dennis Linthicum,416,846,245,0,59,542
15,Secretary of State (Vote for 1),39,Dennis Linthicum,417,408,129,0,23,256
15,Secretary of State (Vote for 1),39,Dennis Linthicum,418,"3,030",935,0,159,"1,936"
15,Secretary of State (Vote for 1),39,Dennis Linthicum,419,"1,789",547,0,96,"1,146"
15,Secretary of State (Vote for 1),39,Dennis Linthicum,420,"3,223","1,100",0,146,"1,977"
15,Secretary of State (Vote for 1),39,Dennis Linthicum,421,499,140,0,29,330
15,Secretary of State (Vote for 1),39,Dennis Linthicum,422,17,14,0,0,3
15,Secretary of State (Vote for 1),39,Dennis Linthicum,423,"3,051",908,0,142,"2,001"
15,Secretary of State (Vote for 1),39,Dennis Linthicum,424,"4,657","1,926",0,275,"2,456"
15,Secretary of State (Vote for 1),39,Dennis Linthicum,425,683,362,0,36,285
15,Secretary of State (Vote for 1),39,Dennis Linthicum,426,436,238,0,12,186
15,Secretary of State (Vote for 1),39,Dennis Linthicum,427,"1,301",405,0,76,820
15,Secretary of State (Vote for 1),39,Dennis Linthicum,428,"1,359",425,0,83,851
15,Secretary of State (Vote for 1),39,Dennis Linthicum,429,"2,699",880,0,146,"1,673"
15,Secretary of State (Vote for 1),39,Dennis Linthicum,430,"2,310","1,208",0,116,986
15,Secretary of State (Vote for 1),39,Dennis Linthicum,431,775,431,0,29,315
15,Secretary of State (Vote for 1),39,Dennis Linthicum,432,306,92,0,13,201
15,Secretary of State (Vote for 1),39,Dennis Linthicum,433,"2,171",762,0,102,"1,307"
15,Secretary of State (Vote for 1),39,Dennis Linthicum,434,"4,401","1,366",0,226,"2,809"
15,Secretary of State (Vote for 1),39,Dennis Linthicum,435,"4,132","1,568",0,231,"2,333"
15,Secretary of State (Vote for 1),39,Dennis Linthicum,436,"2,242",900,0,123,"1,219"
15,Secretary of State (Vote for 1),39,Dennis Linthicum,437,63,22,0,2,39
15,Secretary of State (Vote for 1),39,Dennis Linthicum,438,493,289,0,17,187
15,Secretary of State (Vote for 1),39,Dennis Linthicum,439,"2,375",601,0,140,"1,634"
15,Secretary of State (Vote for 1),39,Dennis Linthicum,440,"1,461",435,0,90,936
15,Secretary of State (Vote for 1),39,Dennis Linthicum,441,70,9,0,0,61
15,Secretary of State (Vote for 1),39,Dennis Linthicum,442,"2,708","1,061",0,175,"1,472"
15,Secretary of State (Vote for 1),39,Dennis Linthicum,443,11,11,0,0,0
15,Secretary of State (Vote for 1),39,Dennis Linthicum,444,121,67,0,5,49
15,Secretary of State (Vote for 1),39,Dennis Linthicum,445,1,1,0,0,0
15,Secretary of State (Vote for 1),39,Dennis Linthicum,446,107,29,0,8,70
15,Secretary of State (Vote for 1),39,Dennis Linthicum,447,285,157,0,6,122
15,Secretary of State (Vote for 1),39,Dennis Linthicum,448,771,264,0,50,457
15,Secretary of State (Vote for 1),39,Dennis Linthicum,449,293,155,0,6,132
15,Secretary of State (Vote for 1),39,Dennis Linthicum,450,170,112,0,9,49
15,Secretary of State (Vote for 1),39,Dennis Linthicum,451,"1,066",293,0,63,710
15,Secretary of State (Vote for 1),39,Dennis Linthicum,452,99,47,0,8,44
15,Secretary of State (Vote for 1),39,Dennis Linthicum,453,11,6,0,0,5
15,Secretary of State (Vote for 1),39,Dennis Linthicum,454,19,16,0,0,3
15,Secretary of State (Vote for 1),39,Dennis Linthicum,455,"1,486",330,0,94,"1,062"
15,Secretary of State (Vote for 1),39,Dennis Linthicum,456,7,0,0,0,7
15,Secretary of State (Vote for 1),39,Tobias Read,301,"1,724",609,0,81,"1,034"
15,Secretary of State (Vote for 1),39,Tobias Read,302,"2,551","1,398",0,144,"1,009"
15,Secretary of State (Vote for 1),39,Tobias Read,303,330,109,0,15,206
15,Secretary of State (Vote for 1),39,Tobias Read,304,"1,076",585,0,47,444
15,Secretary of State (Vote for 1),39,Tobias Read,305,953,355,0,54,544
15,Secretary of State (Vote for 1),39,Tobias Read,306,579,396,0,27,156
15,Secretary of State (Vote for 1),39,Tobias Read,307,"4,494","2,386",0,279,"1,829"
15,Secretary of State (Vote for 1),39,Tobias Read,308,148,64,0,10,74
15,Secretary of State (Vote for 1),39,Tobias Read,309,"4,308","2,403",0,225,"1,680"
15,Secretary of State (Vote for 1),39,Tobias Read,310,614,259,0,35,320
15,Secretary of State (Vote for 1),39,Tobias Read,311,684,281,0,29,374
15,Secretary of State (Vote for 1),39,Tobias Read,312,"1,703",636,0,92,975
15,Secretary of State (Vote for 1),39,Tobias Read,313,3,2,0,1,0
15,Secretary of State (Vote for 1),39,Tobias Read,314,310,87,0,20,203
15,Secretary of State (Vote for 1),39,Tobias Read,315,493,215,0,32,246
15,Secretary of State (Vote for 1),39,Tobias Read,316,"1,719",636,0,98,985
15,Secretary of State (Vote for 1),39,Tobias Read,317,169,69,0,6,94
15,Secretary of State (Vote for 1),39,Tobias Read,318,"3,750","2,159",0,184,"1,407"
15,Secretary of State (Vote for 1),39,Tobias Read,319,"5,196","3,050",0,302,"1,844"
15,Secretary of State (Vote for 1),39,Tobias Read,320,"1,778","1,052",0,110,616
15,Secretary of State (Vote for 1),39,Tobias Read,321,328,106,0,24,198
15,Secretary of State (Vote for 1),39,Tobias Read,322,269,122,0,14,133
15,Secretary of State (Vote for 1),39,Tobias Read,324,519,197,0,32,290
15,Secretary of State (Vote for 1),39,Tobias Read,325,155,93,0,6,56
15,Secretary of State (Vote for 1),39,Tobias Read,326,"1,898",621,0,102,"1,175"
15,Secretary of State (Vote for 1),39,Tobias Read,327,"5,317","3,174",0,328,"1,815"
15,Secretary of State (Vote for 1),39,Tobias Read,328,931,382,0,45,504
15,Secretary of State (Vote for 1),39,Tobias Read,329,"7,692","4,812",0,427,"2,453"
15,Secretary of State (Vote for 1),39,Tobias Read,330,"2,150",986,0,139,"1,025"
15,Secretary of State (Vote for 1),39,Tobias Read,331,"2,399","1,531",0,136,732
15,Secretary of State (Vote for 1),39,Tobias Read,332,"2,550","1,688",0,137,725
15,Secretary of State (Vote for 1),39,Tobias Read,333,"3,626","2,385",0,256,985
15,Secretary of State (Vote for 1),39,Tobias Read,334,137,49,0,5,83
15,Secretary of State (Vote for 1),39,Tobias Read,335,"4,268","2,277",0,253,"1,738"
15,Secretary of State (Vote for 1),39,Tobias Read,336,"2,948","1,585",0,187,"1,176"
15,Secretary of State (Vote for 1),39,Tobias Read,337,"1,086",596,0,97,393
15,Secretary of State (Vote for 1),39,Tobias Read,338,"5,180","2,680",0,342,"2,158"
15,Secretary of State (Vote for 1),39,Tobias Read,339,"4,822","2,447",0,326,"2,049"
15,Secretary of State (Vote for 1),39,Tobias Read,340,"6,948","3,530",0,338,"3,080"
15,Secretary of State (Vote for 1),39,Tobias Read,341,305,105,0,22,178
15,Secretary of State (Vote for 1),39,Tobias Read,342,63,27,0,2,34
15,Secretary of State (Vote for 1),39,Tobias Read,343,"2,608","1,393",1,147,"1,067"
15,Secretary of State (Vote for 1),39,Tobias Read,344,"2,806","1,608",0,192,"1,006"
15,Secretary of State (Vote for 1),39,Tobias Read,345,27,13,0,1,13
15,Secretary of State (Vote for 1),39,Tobias Read,346,274,119,0,17,138
15,Secretary of State (Vote for 1),39,Tobias Read,347,55,24,0,2,29
15,Secretary of State (Vote for 1),39,Tobias Read,348,27,14,0,1,12
15,Secretary of State (Vote for 1),39,Tobias Read,349,573,373,0,29,171
15,Secretary of State (Vote for 1),39,Tobias Read,350,"6,361","4,196",0,342,"1,823"
15,Secretary of State (Vote for 1),39,Tobias Read,351,"3,169","1,872",0,212,"1,085"
15,Secretary of State (Vote for 1),39,Tobias Read,352,"1,138",785,0,75,278
15,Secretary of State (Vote for 1),39,Tobias Read,353,"2,219","1,548",0,119,552
15,Secretary of State (Vote for 1),39,Tobias Read,354,"1,811","1,200",1,78,532
15,Secretary of State (Vote for 1),39,Tobias Read,355,"1,364",913,0,59,392
15,Secretary of State (Vote for 1),39,Tobias Read,356,"1,662",952,2,99,609
15,Secretary of State (Vote for 1),39,Tobias Read,357,813,467,0,71,275
15,Secretary of State (Vote for 1),39,Tobias Read,358,"2,526","1,567",0,117,842
15,Secretary of State (Vote for 1),39,Tobias Read,359,"2,324","1,520",0,131,673
15,Secretary of State (Vote for 1),39,Tobias Read,360,"2,836","1,846",0,139,851
15,Secretary of State (Vote for 1),39,Tobias Read,361,"2,052","1,401",0,110,541
15,Secretary of State (Vote for 1),39,Tobias Read,362,"6,315","4,083",0,317,"1,915"
15,Secretary of State (Vote for 1),39,Tobias Read,363,"2,925","1,878",0,168,879
15,Secretary of State (Vote for 1),39,Tobias Read,364,"4,460","2,855",0,269,"1,336"
15,Secretary of State (Vote for 1),39,Tobias Read,365,"4,622","3,174",0,246,"1,202"
15,Secretary of State (Vote for 1),39,Tobias Read,366,"1,641","1,147",0,74,420
15,Secretary of State (Vote for 1),39,Tobias Read,367,"4,269","2,666",0,257,"1,346"
15,Secretary of State (Vote for 1),39,Tobias Read,368,"3,793","2,348",1,224,"1,220"
15,Secretary of State (Vote for 1),39,Tobias Read,369,"1,660",971,0,87,602
15,Secretary of State (Vote for 1),39,Tobias Read,370,"2,096","1,258",0,127,711
15,Secretary of State (Vote for 1),39,Tobias Read,371,"2,037","1,302",0,110,625
15,Secretary of State (Vote for 1),39,Tobias Read,372,"1,701","1,173",0,80,448
15,Secretary of State (Vote for 1),39,Tobias Read,373,328,145,0,23,160
15,Secretary of State (Vote for 1),39,Tobias Read,374,9,6,0,1,2
15,Secretary of State (Vote for 1),39,Tobias Read,375,279,191,0,18,70
15,Secretary of State (Vote for 1),39,Tobias Read,376,"1,779","1,106",0,89,584
15,Secretary of State (Vote for 1),39,Tobias Read,377,"2,251","1,400",0,131,720
15,Secretary of State (Vote for 1),39,Tobias Read,378,937,658,0,54,225
15,Secretary of State (Vote for 1),39,Tobias Read,379,"3,854","2,539",0,179,"1,136"
15,Secretary of State (Vote for 1),39,Tobias Read,380,"3,025","1,966",0,135,924
15,Secretary of State (Vote for 1),39,Tobias Read,381,475,315,0,28,132
15,Secretary of State (Vote for 1),39,Tobias Read,382,"3,905","2,221",0,229,"1,455"
15,Secretary of State (Vote for 1),39,Tobias Read,383,"1,566","1,111",0,74,381
15,Secretary of State (Vote for 1),39,Tobias Read,384,"4,477","3,260",0,187,"1,030"
15,Secretary of State (Vote for 1),39,Tobias Read,385,770,529,0,33,208
15,Secretary of State (Vote for 1),39,Tobias Read,386,"1,936","1,355",0,106,475
15,Secretary of State (Vote for 1),39,Tobias Read,387,21,12,0,0,9
15,Secretary of State (Vote for 1),39,Tobias Read,388,250,166,0,10,74
15,Secretary of State (Vote for 1),39,Tobias Read,389,"7,639","4,841",0,410,"2,388"
15,Secretary of State (Vote for 1),39,Tobias Read,390,"2,098","1,310",0,120,668
15,Secretary of State (Vote for 1),39,Tobias Read,391,405,294,0,23,88
15,Secretary of State (Vote for 1),39,Tobias Read,392,112,80,0,8,24
15,Secretary of State (Vote for 1),39,Tobias Read,393,626,477,0,24,125
15,Secretary of State (Vote for 1),39,Tobias Read,394,248,142,0,23,83
15,Secretary of State (Vote for 1),39,Tobias Read,395,"5,402","3,429",0,286,"1,687"
15,Secretary of State (Vote for 1),39,Tobias Read,396,830,518,0,27,285
15,Secretary of State (Vote for 1),39,Tobias Read,397,"2,943","1,637",0,117,"1,189"
15,Secretary of State (Vote for 1),39,Tobias Read,398,"1,773",958,0,96,719
15,Secretary of State (Vote for 1),39,Tobias Read,399,"2,213","1,395",0,128,690
15,Secretary of State (Vote for 1),39,Tobias Read,400,"3,519","2,236",0,167,"1,116"
15,Secretary of State (Vote for 1),39,Tobias Read,401,"1,860","1,354",0,70,436
15,Secretary of State (Vote for 1),39,Tobias Read,402,"6,413","3,656",1,313,"2,443"
15,Secretary of State (Vote for 1),39,Tobias Read,403,"1,374",824,0,98,452
15,Secretary of State (Vote for 1),39,Tobias Read,404,"5,913","3,650",0,302,"1,961"
15,Secretary of State (Vote for 1),39,Tobias Read,405,"7,546","4,670",1,356,"2,519"
15,Secretary of State (Vote for 1),39,Tobias Read,406,"2,033","1,422",0,122,489
15,Secretary of State (Vote for 1),39,Tobias Read,407,870,585,0,59,226
15,Secretary of State (Vote for 1),39,Tobias Read,408,322,213,0,19,90
15,Secretary of State (Vote for 1),39,Tobias Read,409,"4,511","2,771",2,245,"1,493"
15,Secretary of State (Vote for 1),39,Tobias Read,410,"1,322",762,0,87,473
15,Secretary of State (Vote for 1),39,Tobias Read,411,"1,311",812,0,83,416
15,Secretary of State (Vote for 1),39,Tobias Read,412,"1,749",996,0,97,656
15,Secretary of State (Vote for 1),39,Tobias Read,413,"1,455",880,0,80,495
15,Secretary of State (Vote for 1),39,Tobias Read,414,525,308,0,29,188
15,Secretary of State (Vote for 1),39,Tobias Read,415,850,513,0,39,298
15,Secretary of State (Vote for 1),39,Tobias Read,416,846,499,0,59,288
15,Secretary of State (Vote for 1),39,Tobias Read,417,408,248,0,23,137
15,Secretary of State (Vote for 1),39,Tobias Read,418,"3,030","1,831",0,159,"1,040"
15,Secretary of State (Vote for 1),39,Tobias Read,419,"1,789","1,122",0,96,571
15,Secretary of State (Vote for 1),39,Tobias Read,420,"3,223","1,832",0,146,"1,245"
15,Secretary of State (Vote for 1),39,Tobias Read,421,499,294,0,29,176
15,Secretary of State (Vote for 1),39,Tobias Read,422,17,3,0,0,14
15,Secretary of State (Vote for 1),39,Tobias Read,423,"3,051","1,843",1,142,"1,065"
15,Secretary of State (Vote for 1),39,Tobias Read,424,"4,657","2,332",0,275,"2,050"
15,Secretary of State (Vote for 1),39,Tobias Read,425,683,270,0,36,377
15,Secretary of State (Vote for 1),39,Tobias Read,426,436,174,0,12,250
15,Secretary of State (Vote for 1),39,Tobias Read,427,"1,301",759,0,76,466
15,Secretary of State (Vote for 1),39,Tobias Read,428,"1,359",805,0,83,471
15,Secretary of State (Vote for 1),39,Tobias Read,429,"2,699","1,560",0,146,993
15,Secretary of State (Vote for 1),39,Tobias Read,430,"2,310",914,0,116,"1,280"
15,Secretary of State (Vote for 1),39,Tobias Read,431,775,289,0,29,457
15,Secretary of State (Vote for 1),39,Tobias Read,432,306,183,0,13,110
15,Secretary of State (Vote for 1),39,Tobias Read,433,"2,171","1,234",0,102,835
15,Secretary of State (Vote for 1),39,Tobias Read,434,"4,401","2,632",0,226,"1,543"
15,Secretary of State (Vote for 1),39,Tobias Read,435,"4,132","2,191",0,231,"1,710"
15,Secretary of State (Vote for 1),39,Tobias Read,436,"2,242","1,175",0,123,944
15,Secretary of State (Vote for 1),39,Tobias Read,437,63,38,0,2,23
15,Secretary of State (Vote for 1),39,Tobias Read,438,493,171,0,17,305
15,Secretary of State (Vote for 1),39,Tobias Read,439,"2,375","1,522",0,140,713
15,Secretary of State (Vote for 1),39,Tobias Read,440,"1,461",839,0,90,532
15,Secretary of State (Vote for 1),39,Tobias Read,441,70,57,0,0,13
15,Secretary of State (Vote for 1),39,Tobias Read,442,"2,708","1,385",0,175,"1,148"
15,Secretary of State (Vote for 1),39,Tobias Read,443,11,0,0,0,11
15,Secretary of State (Vote for 1),39,Tobias Read,444,121,46,0,5,70
15,Secretary of State (Vote for 1),39,Tobias Read,445,1,0,0,0,1
15,Secretary of State (Vote for 1),39,Tobias Read,446,107,64,0,8,35
15,Secretary of State (Vote for 1),39,Tobias Read,447,285,108,0,6,171
15,Secretary of State (Vote for 1),39,Tobias Read,448,771,436,0,50,285
15,Secretary of State (Vote for 1),39,Tobias Read,449,293,131,0,6,156
15,Secretary of State (Vote for 1),39,Tobias Read,450,170,48,0,9,113
15,Secretary of State (Vote for 1),39,Tobias Read,451,"1,066",662,0,63,341
15,Secretary of State (Vote for 1),39,Tobias Read,452,99,40,0,8,51
15,Secretary of State (Vote for 1),39,Tobias Read,453,11,5,0,0,6
15,Secretary of State (Vote for 1),39,Tobias Read,454,19,3,0,0,16
15,Secretary of State (Vote for 1),39,Tobias Read,455,"1,486",983,0,94,409
15,Secretary of State (Vote for 1),39,Tobias Read,456,7,7,0,0,0
15,Secretary of State (Vote for 1),39,Write-in,301,"1,724",3,0,81,"1,640"
15,Secretary of State (Vote for 1),39,Write-in,302,"2,551",2,0,144,"2,405"
15,Secretary of State (Vote for 1),39,Write-in,303,330,0,0,15,315
15,Secretary of State (Vote for 1),39,Write-in,304,"1,076",0,0,47,"1,029"
15,Secretary of State (Vote for 1),39,Write-in,305,953,1,0,54,898
15,Secretary of State (Vote for 1),39,Write-in,306,579,0,0,27,552
15,Secretary of State (Vote for 1),39,Write-in,307,"4,494",5,0,279,"4,210"
15,Secretary of State (Vote for 1),39,Write-in,308,148,0,0,10,138
15,Secretary of State (Vote for 1),39,Write-in,309,"4,308",4,0,225,"4,079"
15,Secretary of State (Vote for 1),39,Write-in,310,614,1,0,35,578
15,Secretary of State (Vote for 1),39,Write-in,311,684,0,0,29,655
15,Secretary of State (Vote for 1),39,Write-in,312,"1,703",2,0,92,"1,609"
15,Secretary of State (Vote for 1),39,Write-in,313,3,0,0,1,2
15,Secretary of State (Vote for 1),39,Write-in,314,310,1,0,20,289
15,Secretary of State (Vote for 1),39,Write-in,315,493,0,0,32,461
15,Secretary of State (Vote for 1),39,Write-in,316,"1,719",4,0,98,"1,617"
15,Secretary of State (Vote for 1),39,Write-in,317,169,0,0,6,163
15,Secretary of State (Vote for 1),39,Write-in,318,"3,750",1,0,184,"3,565"
15,Secretary of State (Vote for 1),39,Write-in,319,"5,196",1,0,302,"4,893"
15,Secretary of State (Vote for 1),39,Write-in,320,"1,778",0,0,110,"1,668"
15,Secretary of State (Vote for 1),39,Write-in,321,328,1,0,24,303
15,Secretary of State (Vote for 1),39,Write-in,322,269,0,0,14,255
15,Secretary of State (Vote for 1),39,Write-in,324,519,0,0,32,487
15,Secretary of State (Vote for 1),39,Write-in,325,155,0,0,6,149
15,Secretary of State (Vote for 1),39,Write-in,326,"1,898",1,0,102,"1,795"
15,Secretary of State (Vote for 1),39,Write-in,327,"5,317",6,0,328,"4,983"
15,Secretary of State (Vote for 1),39,Write-in,328,931,1,0,45,885
15,Secretary of State (Vote for 1),39,Write-in,329,"7,692",1,0,427,"7,264"
15,Secretary of State (Vote for 1),39,Write-in,330,"2,150",1,0,139,"2,010"
15,Secretary of State (Vote for 1),39,Write-in,331,"2,399",6,0,136,"2,257"
15,Secretary of State (Vote for 1),39,Write-in,332,"2,550",3,0,137,"2,410"
15,Secretary of State (Vote for 1),39,Write-in,333,"3,626",1,0,256,"3,369"
15,Secretary of State (Vote for 1),39,Write-in,334,137,0,0,5,132
15,Secretary of State (Vote for 1),39,Write-in,335,"4,268",1,0,253,"4,014"
15,Secretary of State (Vote for 1),39,Write-in,336,"2,948",2,0,187,"2,759"
15,Secretary of State (Vote for 1),39,Write-in,337,"1,086",2,1,97,986
15,Secretary of State (Vote for 1),39,Write-in,338,"5,180",1,0,342,"4,837"
15,Secretary of State (Vote for 1),39,Write-in,339,"4,822",3,0,326,"4,493"
15,Secretary of State (Vote for 1),39,Write-in,340,"6,948",7,0,338,"6,603"
15,Secretary of State (Vote for 1),39,Write-in,341,305,1,0,22,282
15,Secretary of State (Vote for 1),39,Write-in,342,63,0,0,2,61
15,Secretary of State (Vote for 1),39,Write-in,343,"2,608",1,1,147,"2,459"
15,Secretary of State (Vote for 1),39,Write-in,344,"2,806",3,0,192,"2,611"
15,Secretary of State (Vote for 1),39,Write-in,345,27,0,0,1,26
15,Secretary of State (Vote for 1),39,Write-in,346,274,0,0,17,257
15,Secretary of State (Vote for 1),39,Write-in,347,55,0,0,2,53
15,Secretary of State (Vote for 1),39,Write-in,348,27,0,0,1,26
15,Secretary of State (Vote for 1),39,Write-in,349,573,1,0,29,543
15,Secretary of State (Vote for 1),39,Write-in,350,"6,361",2,0,342,"6,017"
15,Secretary of State (Vote for 1),39,Write-in,351,"3,169",3,0,212,"2,954"
15,Secretary of State (Vote for 1),39,Write-in,352,"1,138",2,0,75,"1,061"
15,Secretary of State (Vote for 1),39,Write-in,353,"2,219",1,0,119,"2,099"
15,Secretary of State (Vote for 1),39,Write-in,354,"1,811",1,0,78,"1,732"
15,Secretary of State (Vote for 1),39,Write-in,355,"1,364",0,0,59,"1,305"
15,Secretary of State (Vote for 1),39,Write-in,356,"1,662",4,0,99,"1,559"
15,Secretary of State (Vote for 1),39,Write-in,357,813,0,0,71,742
15,Secretary of State (Vote for 1),39,Write-in,358,"2,526",0,0,117,"2,409"
15,Secretary of State (Vote for 1),39,Write-in,359,"2,324",1,0,131,"2,192"
15,Secretary of State (Vote for 1),39,Write-in,360,"2,836",1,0,139,"2,696"
15,Secretary of State (Vote for 1),39,Write-in,361,"2,052",2,0,110,"1,940"
15,Secretary of State (Vote for 1),39,Write-in,362,"6,315",0,0,317,"5,998"
15,Secretary of State (Vote for 1),39,Write-in,363,"2,925",1,0,168,"2,756"
15,Secretary of State (Vote for 1),39,Write-in,364,"4,460",3,0,269,"4,188"
15,Secretary of State (Vote for 1),39,Write-in,365,"4,622",3,0,246,"4,373"
15,Secretary of State (Vote for 1),39,Write-in,366,"1,641",2,0,74,"1,565"
15,Secretary of State (Vote for 1),39,Write-in,367,"4,269",1,0,257,"4,011"
15,Secretary of State (Vote for 1),39,Write-in,368,"3,793",3,0,224,"3,566"
15,Secretary of State (Vote for 1),39,Write-in,369,"1,660",1,0,87,"1,572"
15,Secretary of State (Vote for 1),39,Write-in,370,"2,096",4,0,127,"1,965"
15,Secretary of State (Vote for 1),39,Write-in,371,"2,037",1,0,110,"1,926"
15,Secretary of State (Vote for 1),39,Write-in,372,"1,701",0,0,80,"1,621"
15,Secretary of State (Vote for 1),39,Write-in,373,328,0,0,23,305
15,Secretary of State (Vote for 1),39,Write-in,374,9,0,0,1,8
15,Secretary of State (Vote for 1),39,Write-in,375,279,0,0,18,261
15,Secretary of State (Vote for 1),39,Write-in,376,"1,779",3,0,89,"1,687"
15,Secretary of State (Vote for 1),39,Write-in,377,"2,251",0,0,131,"2,120"
15,Secretary of State (Vote for 1),39,Write-in,378,937,0,0,54,883
15,Secretary of State (Vote for 1),39,Write-in,379,"3,854",2,0,179,"3,673"
15,Secretary of State (Vote for 1),39,Write-in,380,"3,025",0,0,135,"2,890"
15,Secretary of State (Vote for 1),39,Write-in,381,475,0,0,28,447
15,Secretary of State (Vote for 1),39,Write-in,382,"3,905",7,0,229,"3,669"
15,Secretary of State (Vote for 1),39,Write-in,383,"1,566",0,0,74,"1,492"
15,Secretary of State (Vote for 1),39,Write-in,384,"4,477",0,0,187,"4,290"
15,Secretary of State (Vote for 1),39,Write-in,385,770,1,0,33,736
15,Secretary of State (Vote for 1),39,Write-in,386,"1,936",1,0,106,"1,829"
15,Secretary of State (Vote for 1),39,Write-in,387,21,0,0,0,21
15,Secretary of State (Vote for 1),39,Write-in,388,250,0,0,10,240
15,Secretary of State (Vote for 1),39,Write-in,389,"7,639",3,0,410,"7,226"
15,Secretary of State (Vote for 1),39,Write-in,390,"2,098",2,0,120,"1,976"
15,Secretary of State (Vote for 1),39,Write-in,391,405,0,0,23,382
15,Secretary of State (Vote for 1),39,Write-in,392,112,0,0,8,104
15,Secretary of State (Vote for 1),39,Write-in,393,626,0,0,24,602
15,Secretary of State (Vote for 1),39,Write-in,394,248,1,0,23,224
15,Secretary of State (Vote for 1),39,Write-in,395,"5,402",4,0,286,"5,112"
15,Secretary of State (Vote for 1),39,Write-in,396,830,0,0,27,803
15,Secretary of State (Vote for 1),39,Write-in,397,"2,943",1,0,117,"2,825"
15,Secretary of State (Vote for 1),39,Write-in,398,"1,773",0,0,96,"1,677"
15,Secretary of State (Vote for 1),39,Write-in,399,"2,213",4,0,128,"2,081"
15,Secretary of State (Vote for 1),39,Write-in,400,"3,519",1,0,167,"3,351"
15,Secretary of State (Vote for 1),39,Write-in,401,"1,860",2,0,70,"1,788"
15,Secretary of State (Vote for 1),39,Write-in,402,"6,413",3,0,313,"6,097"
15,Secretary of State (Vote for 1),39,Write-in,403,"1,374",1,0,98,"1,275"
15,Secretary of State (Vote for 1),39,Write-in,404,"5,913",5,0,302,"5,606"
15,Secretary of State (Vote for 1),39,Write-in,405,"7,546",4,0,356,"7,186"
15,Secretary of State (Vote for 1),39,Write-in,406,"2,033",0,0,122,"1,911"
15,Secretary of State (Vote for 1),39,Write-in,407,870,0,0,59,811
15,Secretary of State (Vote for 1),39,Write-in,408,322,0,0,19,303
15,Secretary of State (Vote for 1),39,Write-in,409,"4,511",5,0,245,"4,261"
15,Secretary of State (Vote for 1),39,Write-in,410,"1,322",1,0,87,"1,234"
15,Secretary of State (Vote for 1),39,Write-in,411,"1,311",0,0,83,"1,228"
15,Secretary of State (Vote for 1),39,Write-in,412,"1,749",0,0,97,"1,652"
15,Secretary of State (Vote for 1),39,Write-in,413,"1,455",0,0,80,"1,375"
15,Secretary of State (Vote for 1),39,Write-in,414,525,0,0,29,496
15,Secretary of State (Vote for 1),39,Write-in,415,850,1,0,39,810
15,Secretary of State (Vote for 1),39,Write-in,416,846,0,0,59,787
15,Secretary of State (Vote for 1),39,Write-in,417,408,0,0,23,385
15,Secretary of State (Vote for 1),39,Write-in,418,"3,030",0,0,159,"2,871"
15,Secretary of State (Vote for 1),39,Write-in,419,"1,789",0,0,96,"1,693"
15,Secretary of State (Vote for 1),39,Write-in,420,"3,223",3,0,146,"3,074"
15,Secretary of State (Vote for 1),39,Write-in,421,499,0,0,29,470
15,Secretary of State (Vote for 1),39,Write-in,422,17,0,0,0,17
15,Secretary of State (Vote for 1),39,Write-in,423,"3,051",1,0,142,"2,908"
15,Secretary of State (Vote for 1),39,Write-in,424,"4,657",3,0,275,"4,379"
15,Secretary of State (Vote for 1),39,Write-in,425,683,4,0,36,643
15,Secretary of State (Vote for 1),39,Write-in,426,436,0,0,12,424
15,Secretary of State (Vote for 1),39,Write-in,427,"1,301",1,0,76,"1,224"
15,Secretary of State (Vote for 1),39,Write-in,428,"1,359",0,0,83,"1,276"
15,Secretary of State (Vote for 1),39,Write-in,429,"2,699",0,0,146,"2,553"
15,Secretary of State (Vote for 1),39,Write-in,430,"2,310",4,0,116,"2,190"
15,Secretary of State (Vote for 1),39,Write-in,431,775,0,0,29,746
15,Secretary of State (Vote for 1),39,Write-in,432,306,0,0,13,293
15,Secretary of State (Vote for 1),39,Write-in,433,"2,171",1,0,102,"2,068"
15,Secretary of State (Vote for 1),39,Write-in,434,"4,401",6,0,226,"4,169"
15,Secretary of State (Vote for 1),39,Write-in,435,"4,132",3,0,231,"3,898"
15,Secretary of State (Vote for 1),39,Write-in,436,"2,242",1,0,123,"2,118"
15,Secretary of State (Vote for 1),39,Write-in,437,63,0,0,2,61
15,Secretary of State (Vote for 1),39,Write-in,438,493,1,0,17,475
15,Secretary of State (Vote for 1),39,Write-in,439,"2,375",0,0,140,"2,235"
15,Secretary of State (Vote for 1),39,Write-in,440,"1,461",0,0,90,"1,371"
15,Secretary of State (Vote for 1),39,Write-in,441,70,0,0,0,70
15,Secretary of State (Vote for 1),39,Write-in,442,"2,708",2,0,175,"2,531"
15,Secretary of State (Vote for 1),39,Write-in,443,11,0,0,0,11
15,Secretary of State (Vote for 1),39,Write-in,444,121,0,0,5,116
15,Secretary of State (Vote for 1),39,Write-in,445,1,0,0,0,1
15,Secretary of State (Vote for 1),39,Write-in,446,107,0,0,8,99
15,Secretary of State (Vote for 1),39,Write-in,447,285,1,0,6,278
15,Secretary of State (Vote for 1),39,Write-in,448,771,1,0,50,720
15,Secretary of State (Vote for 1),39,Write-in,449,293,0,0,6,287
15,Secretary of State (Vote for 1),39,Write-in,450,170,0,0,9,161
15,Secretary of State (Vote for 1),39,Write-in,451,"1,066",2,0,63,"1,001"
15,Secretary of State (Vote for 1),39,Write-in,452,99,0,0,8,91
15,Secretary of State (Vote for 1),39,Write-in,453,11,0,0,0,11
15,Secretary of State (Vote for 1),39,Write-in,454,19,0,0,0,19
15,Secretary of State (Vote for 1),39,Write-in,455,"1,486",1,0,94,"1,391"
15,Secretary of State (Vote for 1),39,Write-in,456,7,0,0,0,7
20,State Treasurer (Vote for 1),54,Mary King,301,"1,724",63,0,90,"1,571"
20,State Treasurer (Vote for 1),54,Mary King,302,"2,551",208,0,174,"2,169"
20,State Treasurer (Vote for 1),54,Mary King,303,330,18,0,17,295
20,State Treasurer (Vote for 1),54,Mary King,304,"1,076",90,0,57,929
20,State Treasurer (Vote for 1),54,Mary King,305,953,71,0,66,816
20,State Treasurer (Vote for 1),54,Mary King,306,579,74,0,31,474
20,State Treasurer (Vote for 1),54,Mary King,307,"4,494",345,0,321,"3,828"
20,State Treasurer (Vote for 1),54,Mary King,308,148,8,0,12,128
20,State Treasurer (Vote for 1),54,Mary King,309,"4,308",381,0,256,"3,671"
20,State Treasurer (Vote for 1),54,Mary King,310,614,35,0,36,543
20,State Treasurer (Vote for 1),54,Mary King,311,684,39,0,35,610
20,State Treasurer (Vote for 1),54,Mary King,312,"1,703",103,0,104,"1,496"
20,State Treasurer (Vote for 1),54,Mary King,313,3,0,0,1,2
20,State Treasurer (Vote for 1),54,Mary King,314,310,13,0,26,271
20,State Treasurer (Vote for 1),54,Mary King,315,493,27,0,37,429
20,State Treasurer (Vote for 1),54,Mary King,316,"1,719",69,0,114,"1,536"
20,State Treasurer (Vote for 1),54,Mary King,317,169,12,0,8,149
20,State Treasurer (Vote for 1),54,Mary King,318,"3,750",335,0,214,"3,201"
20,State Treasurer (Vote for 1),54,Mary King,319,"5,196",476,0,347,"4,373"
20,State Treasurer (Vote for 1),54,Mary King,320,"1,778",155,0,113,"1,510"
20,State Treasurer (Vote for 1),54,Mary King,321,328,22,0,24,282
20,State Treasurer (Vote for 1),54,Mary King,322,269,21,0,16,232
20,State Treasurer (Vote for 1),54,Mary King,324,519,35,0,38,446
20,State Treasurer (Vote for 1),54,Mary King,325,155,13,0,6,136
20,State Treasurer (Vote for 1),54,Mary King,326,"1,898",61,0,119,"1,718"
20,State Treasurer (Vote for 1),54,Mary King,327,"5,317",439,0,360,"4,518"
20,State Treasurer (Vote for 1),54,Mary King,328,931,56,0,55,820
20,State Treasurer (Vote for 1),54,Mary King,329,"7,692",641,0,501,"6,550"
20,State Treasurer (Vote for 1),54,Mary King,330,"2,150",160,0,153,"1,837"
20,State Treasurer (Vote for 1),54,Mary King,331,"2,399",213,0,167,"2,019"
20,State Treasurer (Vote for 1),54,Mary King,332,"2,550",303,0,166,"2,081"
20,State Treasurer (Vote for 1),54,Mary King,333,"3,626",451,0,254,"2,921"
20,State Treasurer (Vote for 1),54,Mary King,334,137,5,0,6,126
20,State Treasurer (Vote for 1),54,Mary King,335,"4,268",252,0,312,"3,704"
20,State Treasurer (Vote for 1),54,Mary King,336,"2,948",236,0,213,"2,499"
20,State Treasurer (Vote for 1),54,Mary King,337,"1,086",99,0,103,884
20,State Treasurer (Vote for 1),54,Mary King,338,"5,180",471,0,382,"4,327"
20,State Treasurer (Vote for 1),54,Mary King,339,"4,822",422,0,351,"4,049"
20,State Treasurer (Vote for 1),54,Mary King,340,"6,948",519,0,373,"6,056"
20,State Treasurer (Vote for 1),54,Mary King,341,305,17,0,28,260
20,State Treasurer (Vote for 1),54,Mary King,342,63,5,0,3,55
20,State Treasurer (Vote for 1),54,Mary King,343,"2,608",190,0,167,"2,251"
20,State Treasurer (Vote for 1),54,Mary King,344,"2,806",268,0,205,"2,333"
20,State Treasurer (Vote for 1),54,Mary King,345,27,1,0,2,24
20,State Treasurer (Vote for 1),54,Mary King,346,274,15,0,17,242
20,State Treasurer (Vote for 1),54,Mary King,347,55,6,0,2,47
20,State Treasurer (Vote for 1),54,Mary King,348,27,2,0,2,23
20,State Treasurer (Vote for 1),54,Mary King,349,573,57,1,25,490
20,State Treasurer (Vote for 1),54,Mary King,350,"6,361",618,0,393,"5,350"
20,State Treasurer (Vote for 1),54,Mary King,351,"3,169",358,1,239,"2,571"
20,State Treasurer (Vote for 1),54,Mary King,352,"1,138",157,0,86,895
20,State Treasurer (Vote for 1),54,Mary King,353,"2,219",191,0,137,"1,891"
20,State Treasurer (Vote for 1),54,Mary King,354,"1,811",137,0,94,"1,580"
20,State Treasurer (Vote for 1),54,Mary King,355,"1,364",125,0,72,"1,167"
20,State Treasurer (Vote for 1),54,Mary King,356,"1,662",160,1,110,"1,391"
20,State Treasurer (Vote for 1),54,Mary King,357,813,80,0,75,658
20,State Treasurer (Vote for 1),54,Mary King,358,"2,526",202,0,148,"2,176"
20,State Treasurer (Vote for 1),54,Mary King,359,"2,324",197,0,154,"1,973"
20,State Treasurer (Vote for 1),54,Mary King,360,"2,836",318,0,155,"2,363"
20,State Treasurer (Vote for 1),54,Mary King,361,"2,052",233,0,120,"1,699"
20,State Treasurer (Vote for 1),54,Mary King,362,"6,315",466,0,372,"5,477"
20,State Treasurer (Vote for 1),54,Mary King,363,"2,925",228,0,192,"2,505"
20,State Treasurer (Vote for 1),54,Mary King,364,"4,460",246,1,304,"3,909"
20,State Treasurer (Vote for 1),54,Mary King,365,"4,622",259,0,279,"4,084"
20,State Treasurer (Vote for 1),54,Mary King,366,"1,641",143,0,98,"1,400"
20,State Treasurer (Vote for 1),54,Mary King,367,"4,269",276,0,297,"3,696"
20,State Treasurer (Vote for 1),54,Mary King,368,"3,793",281,0,253,"3,259"
20,State Treasurer (Vote for 1),54,Mary King,369,"1,660",120,0,105,"1,435"
20,State Treasurer (Vote for 1),54,Mary King,370,"2,096",132,0,136,"1,828"
20,State Treasurer (Vote for 1),54,Mary King,371,"2,037",141,0,128,"1,768"
20,State Treasurer (Vote for 1),54,Mary King,372,"1,701",78,0,92,"1,531"
20,State Treasurer (Vote for 1),54,Mary King,373,328,25,0,24,279
20,State Treasurer (Vote for 1),54,Mary King,374,9,0,0,2,7
20,State Treasurer (Vote for 1),54,Mary King,375,279,31,0,20,228
20,State Treasurer (Vote for 1),54,Mary King,376,"1,779",146,0,106,"1,527"
20,State Treasurer (Vote for 1),54,Mary King,377,"2,251",136,0,147,"1,968"
20,State Treasurer (Vote for 1),54,Mary King,378,937,63,0,55,819
20,State Treasurer (Vote for 1),54,Mary King,379,"3,854",289,1,213,"3,351"
20,State Treasurer (Vote for 1),54,Mary King,380,"3,025",188,0,180,"2,657"
20,State Treasurer (Vote for 1),54,Mary King,381,475,25,0,28,422
20,State Treasurer (Vote for 1),54,Mary King,382,"3,905",395,0,251,"3,259"
20,State Treasurer (Vote for 1),54,Mary King,383,"1,566",121,0,89,"1,356"
20,State Treasurer (Vote for 1),54,Mary King,384,"4,477",301,0,253,"3,923"
20,State Treasurer (Vote for 1),54,Mary King,385,770,31,0,51,688
20,State Treasurer (Vote for 1),54,Mary King,386,"1,936",109,0,135,"1,692"
20,State Treasurer (Vote for 1),54,Mary King,387,21,3,0,0,18
20,State Treasurer (Vote for 1),54,Mary King,388,250,24,0,12,214
20,State Treasurer (Vote for 1),54,Mary King,389,"7,639",478,1,502,"6,658"
20,State Treasurer (Vote for 1),54,Mary King,390,"2,098",102,0,132,"1,864"
20,State Treasurer (Vote for 1),54,Mary King,391,405,26,0,27,352
20,State Treasurer (Vote for 1),54,Mary King,392,112,18,0,11,83
20,State Treasurer (Vote for 1),54,Mary King,393,626,25,0,33,568
20,State Treasurer (Vote for 1),54,Mary King,394,248,26,0,24,198
20,State Treasurer (Vote for 1),54,Mary King,395,"5,402",388,0,344,"4,670"
20,State Treasurer (Vote for 1),54,Mary King,396,830,59,0,42,729
20,State Treasurer (Vote for 1),54,Mary King,397,"2,943",161,0,146,"2,636"
20,State Treasurer (Vote for 1),54,Mary King,398,"1,773",89,0,107,"1,577"
20,State Treasurer (Vote for 1),54,Mary King,399,"2,213",159,0,147,"1,907"
20,State Treasurer (Vote for 1),54,Mary King,400,"3,519",318,0,204,"2,997"
20,State Treasurer (Vote for 1),54,Mary King,401,"1,860",134,0,85,"1,641"
20,State Treasurer (Vote for 1),54,Mary King,402,"6,413",399,0,383,"5,631"
20,State Treasurer (Vote for 1),54,Mary King,403,"1,374",85,0,108,"1,181"
20,State Treasurer (Vote for 1),54,Mary King,404,"5,913",509,0,354,"5,050"
20,State Treasurer (Vote for 1),54,Mary King,405,"7,546",441,1,428,"6,676"
20,State Treasurer (Vote for 1),54,Mary King,406,"2,033",225,0,140,"1,668"
20,State Treasurer (Vote for 1),54,Mary King,407,870,31,0,64,775
20,State Treasurer (Vote for 1),54,Mary King,408,322,28,0,21,273
20,State Treasurer (Vote for 1),54,Mary King,409,"4,511",336,1,287,"3,887"
20,State Treasurer (Vote for 1),54,Mary King,410,"1,322",79,0,104,"1,139"
20,State Treasurer (Vote for 1),54,Mary King,411,"1,311",95,0,95,"1,121"
20,State Treasurer (Vote for 1),54,Mary King,412,"1,749",115,0,107,"1,527"
20,State Treasurer (Vote for 1),54,Mary King,413,"1,455",96,1,90,"1,268"
20,State Treasurer (Vote for 1),54,Mary King,414,525,33,0,39,453
20,State Treasurer (Vote for 1),54,Mary King,415,850,61,0,50,739
20,State Treasurer (Vote for 1),54,Mary King,416,846,79,0,69,698
20,State Treasurer (Vote for 1),54,Mary King,417,408,26,0,31,351
20,State Treasurer (Vote for 1),54,Mary King,418,"3,030",211,0,178,"2,641"
20,State Treasurer (Vote for 1),54,Mary King,419,"1,789",80,0,114,"1,595"
20,State Treasurer (Vote for 1),54,Mary King,420,"3,223",212,0,179,"2,832"
20,State Treasurer (Vote for 1),54,Mary King,421,499,55,0,35,409
20,State Treasurer (Vote for 1),54,Mary King,422,17,0,0,0,17
20,State Treasurer (Vote for 1),54,Mary King,423,"3,051",270,0,154,"2,627"
20,State Treasurer (Vote for 1),54,Mary King,424,"4,657",265,0,335,"4,057"
20,State Treasurer (Vote for 1),54,Mary King,425,683,29,0,39,615
20,State Treasurer (Vote for 1),54,Mary King,426,436,30,0,17,389
20,State Treasurer (Vote for 1),54,Mary King,427,"1,301",102,0,78,"1,121"
20,State Treasurer (Vote for 1),54,Mary King,428,"1,359",94,0,92,"1,173"
20,State Treasurer (Vote for 1),54,Mary King,429,"2,699",218,0,176,"2,305"
20,State Treasurer (Vote for 1),54,Mary King,430,"2,310",110,0,132,"2,068"
20,State Treasurer (Vote for 1),54,Mary King,431,775,35,0,29,711
20,State Treasurer (Vote for 1),54,Mary King,432,306,25,0,13,268
20,State Treasurer (Vote for 1),54,Mary King,433,"2,171",114,0,111,"1,946"
20,State Treasurer (Vote for 1),54,Mary King,434,"4,401",364,0,264,"3,773"
20,State Treasurer (Vote for 1),54,Mary King,435,"4,132",277,0,267,"3,588"
20,State Treasurer (Vote for 1),54,Mary King,436,"2,242",86,0,148,"2,008"
20,State Treasurer (Vote for 1),54,Mary King,437,63,3,0,4,56
20,State Treasurer (Vote for 1),54,Mary King,438,493,26,0,24,443
20,State Treasurer (Vote for 1),54,Mary King,439,"2,375",177,0,152,"2,046"
20,State Treasurer (Vote for 1),54,Mary King,440,"1,461",157,0,97,"1,207"
20,State Treasurer (Vote for 1),54,Mary King,441,70,9,0,0,61
20,State Treasurer (Vote for 1),54,Mary King,442,"2,708",183,0,193,"2,332"
20,State Treasurer (Vote for 1),54,Mary King,443,11,0,0,0,11
20,State Treasurer (Vote for 1),54,Mary King,444,121,2,0,4,115
20,State Treasurer (Vote for 1),54,Mary King,445,1,0,0,0,1
20,State Treasurer (Vote for 1),54,Mary King,446,107,4,0,10,93
20,State Treasurer (Vote for 1),54,Mary King,447,285,15,0,9,261
20,State Treasurer (Vote for 1),54,Mary King,448,771,42,0,54,675
20,State Treasurer (Vote for 1),54,Mary King,449,293,12,0,10,271
20,State Treasurer (Vote for 1),54,Mary King,450,170,3,0,9,158
20,State Treasurer (Vote for 1),54,Mary King,451,"1,066",83,0,72,911
20,State Treasurer (Vote for 1),54,Mary King,452,99,3,0,10,86
20,State Treasurer (Vote for 1),54,Mary King,453,11,0,0,1,10
20,State Treasurer (Vote for 1),54,Mary King,454,19,0,0,0,19
20,State Treasurer (Vote for 1),54,Mary King,455,"1,486",147,0,99,"1,240"
20,State Treasurer (Vote for 1),54,Mary King,456,7,0,0,0,7
20,State Treasurer (Vote for 1),54,Brian J Boquist,301,"1,724","1,003",1,90,630
20,State Treasurer (Vote for 1),54,Brian J Boquist,302,"2,551",919,0,174,"1,458"
20,State Treasurer (Vote for 1),54,Brian J Boquist,303,330,200,0,17,113
20,State Treasurer (Vote for 1),54,Brian J Boquist,304,"1,076",417,0,57,602
20,State Treasurer (Vote for 1),54,Brian J Boquist,305,953,511,0,66,376
20,State Treasurer (Vote for 1),54,Brian J Boquist,306,579,123,0,31,425
20,State Treasurer (Vote for 1),54,Brian J Boquist,307,"4,494","1,680",0,321,"2,493"
20,State Treasurer (Vote for 1),54,Brian J Boquist,308,148,75,0,12,61
20,State Treasurer (Vote for 1),54,Brian J Boquist,309,"4,308","1,493",0,256,"2,559"
20,State Treasurer (Vote for 1),54,Brian J Boquist,310,614,312,1,36,265
20,State Treasurer (Vote for 1),54,Brian J Boquist,311,684,359,0,35,290
20,State Treasurer (Vote for 1),54,Brian J Boquist,312,"1,703",941,0,104,658
20,State Treasurer (Vote for 1),54,Brian J Boquist,313,3,0,0,1,2
20,State Treasurer (Vote for 1),54,Brian J Boquist,314,310,188,0,26,96
20,State Treasurer (Vote for 1),54,Brian J Boquist,315,493,237,0,37,219
20,State Treasurer (Vote for 1),54,Brian J Boquist,316,"1,719",950,0,114,655
20,State Treasurer (Vote for 1),54,Brian J Boquist,317,169,92,0,8,69
20,State Treasurer (Vote for 1),54,Brian J Boquist,318,"3,750","1,251",0,214,"2,285"
20,State Treasurer (Vote for 1),54,Brian J Boquist,319,"5,196","1,636",1,347,"3,212"
20,State Treasurer (Vote for 1),54,Brian J Boquist,320,"1,778",578,0,113,"1,087"
20,State Treasurer (Vote for 1),54,Brian J Boquist,321,328,187,0,24,117
20,State Treasurer (Vote for 1),54,Brian J Boquist,322,269,124,0,16,129
20,State Treasurer (Vote for 1),54,Brian J Boquist,324,519,282,0,38,199
20,State Treasurer (Vote for 1),54,Brian J Boquist,325,155,44,0,6,105
20,State Treasurer (Vote for 1),54,Brian J Boquist,326,"1,898","1,156",0,119,623
20,State Treasurer (Vote for 1),54,Brian J Boquist,327,"5,317","1,645",0,360,"3,312"
20,State Treasurer (Vote for 1),54,Brian J Boquist,328,931,486,0,55,390
20,State Treasurer (Vote for 1),54,Brian J Boquist,329,"7,692","2,151",0,501,"5,040"
20,State Treasurer (Vote for 1),54,Brian J Boquist,330,"2,150",957,0,153,"1,040"
20,State Treasurer (Vote for 1),54,Brian J Boquist,331,"2,399",639,0,167,"1,593"
20,State Treasurer (Vote for 1),54,Brian J Boquist,332,"2,550",566,0,166,"1,818"
20,State Treasurer (Vote for 1),54,Brian J Boquist,333,"3,626",801,0,254,"2,571"
20,State Treasurer (Vote for 1),54,Brian J Boquist,334,137,83,0,6,48
20,State Treasurer (Vote for 1),54,Brian J Boquist,335,"4,268","1,658",0,312,"2,298"
20,State Treasurer (Vote for 1),54,Brian J Boquist,336,"2,948","1,085",0,213,"1,650"
20,State Treasurer (Vote for 1),54,Brian J Boquist,337,"1,086",347,0,103,636
20,State Treasurer (Vote for 1),54,Brian J Boquist,338,"5,180","1,983",0,382,"2,815"
20,State Treasurer (Vote for 1),54,Brian J Boquist,339,"4,822","1,860",0,351,"2,611"
20,State Treasurer (Vote for 1),54,Brian J Boquist,340,"6,948","2,907",0,373,"3,668"
20,State Treasurer (Vote for 1),54,Brian J Boquist,341,305,167,0,28,110
20,State Treasurer (Vote for 1),54,Brian J Boquist,342,63,33,0,3,27
20,State Treasurer (Vote for 1),54,Brian J Boquist,343,"2,608",964,0,167,"1,477"
20,State Treasurer (Vote for 1),54,Brian J Boquist,344,"2,806",862,0,205,"1,739"
20,State Treasurer (Vote for 1),54,Brian J Boquist,345,27,13,0,2,12
20,State Treasurer (Vote for 1),54,Brian J Boquist,346,274,137,0,17,120
20,State Treasurer (Vote for 1),54,Brian J Boquist,347,55,26,0,2,27
20,State Treasurer (Vote for 1),54,Brian J Boquist,348,27,12,0,2,13
20,State Treasurer (Vote for 1),54,Brian J Boquist,349,573,147,0,25,401
20,State Treasurer (Vote for 1),54,Brian J Boquist,350,"6,361","1,573",0,393,"4,395"
20,State Treasurer (Vote for 1),54,Brian J Boquist,351,"3,169",901,0,239,"2,029"
20,State Treasurer (Vote for 1),54,Brian J Boquist,352,"1,138",185,0,86,867
20,State Treasurer (Vote for 1),54,Brian J Boquist,353,"2,219",482,0,137,"1,600"
20,State Treasurer (Vote for 1),54,Brian J Boquist,354,"1,811",491,0,94,"1,226"
20,State Treasurer (Vote for 1),54,Brian J Boquist,355,"1,364",350,0,72,942
20,State Treasurer (Vote for 1),54,Brian J Boquist,356,"1,662",544,1,110,"1,007"
20,State Treasurer (Vote for 1),54,Brian J Boquist,357,813,210,0,75,528
20,State Treasurer (Vote for 1),54,Brian J Boquist,358,"2,526",731,0,148,"1,647"
20,State Treasurer (Vote for 1),54,Brian J Boquist,359,"2,324",576,0,154,"1,594"
20,State Treasurer (Vote for 1),54,Brian J Boquist,360,"2,836",731,0,155,"1,950"
20,State Treasurer (Vote for 1),54,Brian J Boquist,361,"2,052",408,0,120,"1,524"
20,State Treasurer (Vote for 1),54,Brian J Boquist,362,"6,315","1,694",0,372,"4,249"
20,State Treasurer (Vote for 1),54,Brian J Boquist,363,"2,925",769,0,192,"1,964"
20,State Treasurer (Vote for 1),54,Brian J Boquist,364,"4,460","1,224",0,304,"2,932"
20,State Treasurer (Vote for 1),54,Brian J Boquist,365,"4,622","1,088",0,279,"3,255"
20,State Treasurer (Vote for 1),54,Brian J Boquist,366,"1,641",348,0,98,"1,195"
20,State Treasurer (Vote for 1),54,Brian J Boquist,367,"4,269","1,158",0,297,"2,814"
20,State Treasurer (Vote for 1),54,Brian J Boquist,368,"3,793","1,055",1,253,"2,484"
20,State Treasurer (Vote for 1),54,Brian J Boquist,369,"1,660",550,0,105,"1,005"
20,State Treasurer (Vote for 1),54,Brian J Boquist,370,"2,096",672,0,136,"1,288"
20,State Treasurer (Vote for 1),54,Brian J Boquist,371,"2,037",575,0,128,"1,334"
20,State Treasurer (Vote for 1),54,Brian J Boquist,372,"1,701",422,0,92,"1,187"
20,State Treasurer (Vote for 1),54,Brian J Boquist,373,328,150,0,24,154
20,State Treasurer (Vote for 1),54,Brian J Boquist,374,9,3,0,2,4
20,State Treasurer (Vote for 1),54,Brian J Boquist,375,279,57,0,20,202
20,State Treasurer (Vote for 1),54,Brian J Boquist,376,"1,779",532,0,106,"1,141"
20,State Treasurer (Vote for 1),54,Brian J Boquist,377,"2,251",680,1,147,"1,423"
20,State Treasurer (Vote for 1),54,Brian J Boquist,378,937,194,0,55,688
20,State Treasurer (Vote for 1),54,Brian J Boquist,379,"3,854",994,0,213,"2,647"
20,State Treasurer (Vote for 1),54,Brian J Boquist,380,"3,025",871,0,180,"1,974"
20,State Treasurer (Vote for 1),54,Brian J Boquist,381,475,120,0,28,327
20,State Treasurer (Vote for 1),54,Brian J Boquist,382,"3,905","1,267",0,251,"2,387"
20,State Treasurer (Vote for 1),54,Brian J Boquist,383,"1,566",333,0,89,"1,144"
20,State Treasurer (Vote for 1),54,Brian J Boquist,384,"4,477",946,0,253,"3,278"
20,State Treasurer (Vote for 1),54,Brian J Boquist,385,770,208,0,51,511
20,State Treasurer (Vote for 1),54,Brian J Boquist,386,"1,936",454,0,135,"1,347"
20,State Treasurer (Vote for 1),54,Brian J Boquist,387,21,7,0,0,14
20,State Treasurer (Vote for 1),54,Brian J Boquist,388,250,60,0,12,178
20,State Treasurer (Vote for 1),54,Brian J Boquist,389,"7,639","2,205",1,502,"4,931"
20,State Treasurer (Vote for 1),54,Brian J Boquist,390,"2,098",641,0,132,"1,325"
20,State Treasurer (Vote for 1),54,Brian J Boquist,391,405,66,0,27,312
20,State Treasurer (Vote for 1),54,Brian J Boquist,392,112,21,0,11,80
20,State Treasurer (Vote for 1),54,Brian J Boquist,393,626,120,0,33,473
20,State Treasurer (Vote for 1),54,Brian J Boquist,394,248,67,0,24,157
20,State Treasurer (Vote for 1),54,Brian J Boquist,395,"5,402","1,545",0,344,"3,513"
20,State Treasurer (Vote for 1),54,Brian J Boquist,396,830,253,0,42,535
20,State Treasurer (Vote for 1),54,Brian J Boquist,397,"2,943","1,140",0,146,"1,657"
20,State Treasurer (Vote for 1),54,Brian J Boquist,398,"1,773",686,0,107,980
20,State Treasurer (Vote for 1),54,Brian J Boquist,399,"2,213",628,0,147,"1,438"
20,State Treasurer (Vote for 1),54,Brian J Boquist,400,"3,519",958,0,204,"2,357"
20,State Treasurer (Vote for 1),54,Brian J Boquist,401,"1,860",403,0,85,"1,372"
20,State Treasurer (Vote for 1),54,Brian J Boquist,402,"6,413","2,330",0,383,"3,700"
20,State Treasurer (Vote for 1),54,Brian J Boquist,403,"1,374",413,0,108,853
20,State Treasurer (Vote for 1),54,Brian J Boquist,404,"5,913","1,758",0,354,"3,801"
20,State Treasurer (Vote for 1),54,Brian J Boquist,405,"7,546","2,401",0,428,"4,717"
20,State Treasurer (Vote for 1),54,Brian J Boquist,406,"2,033",397,0,140,"1,496"
20,State Treasurer (Vote for 1),54,Brian J Boquist,407,870,228,0,64,578
20,State Treasurer (Vote for 1),54,Brian J Boquist,408,322,81,0,21,220
20,State Treasurer (Vote for 1),54,Brian J Boquist,409,"4,511","1,353",1,287,"2,870"
20,State Treasurer (Vote for 1),54,Brian J Boquist,410,"1,322",439,0,104,779
20,State Treasurer (Vote for 1),54,Brian J Boquist,411,"1,311",379,0,95,837
20,State Treasurer (Vote for 1),54,Brian J Boquist,412,"1,749",629,0,107,"1,013"
20,State Treasurer (Vote for 1),54,Brian J Boquist,413,"1,455",478,1,90,886
20,State Treasurer (Vote for 1),54,Brian J Boquist,414,525,169,0,39,317
20,State Treasurer (Vote for 1),54,Brian J Boquist,415,850,285,0,50,515
20,State Treasurer (Vote for 1),54,Brian J Boquist,416,846,236,0,69,541
20,State Treasurer (Vote for 1),54,Brian J Boquist,417,408,136,0,31,241
20,State Treasurer (Vote for 1),54,Brian J Boquist,418,"3,030",979,0,178,"1,873"
20,State Treasurer (Vote for 1),54,Brian J Boquist,419,"1,789",557,0,114,"1,118"
20,State Treasurer (Vote for 1),54,Brian J Boquist,420,"3,223","1,131",0,179,"1,913"
20,State Treasurer (Vote for 1),54,Brian J Boquist,421,499,148,0,35,316
20,State Treasurer (Vote for 1),54,Brian J Boquist,422,17,14,0,0,3
20,State Treasurer (Vote for 1),54,Brian J Boquist,423,"3,051",950,0,154,"1,947"
20,State Treasurer (Vote for 1),54,Brian J Boquist,424,"4,657","1,985",0,335,"2,337"
20,State Treasurer (Vote for 1),54,Brian J Boquist,425,683,381,0,39,263
20,State Treasurer (Vote for 1),54,Brian J Boquist,426,436,238,0,17,181
20,State Treasurer (Vote for 1),54,Brian J Boquist,427,"1,301",433,0,78,790
20,State Treasurer (Vote for 1),54,Brian J Boquist,428,"1,359",451,0,92,816
20,State Treasurer (Vote for 1),54,Brian J Boquist,429,"2,699",886,0,176,"1,637"
20,State Treasurer (Vote for 1),54,Brian J Boquist,430,"2,310","1,232",0,132,946
20,State Treasurer (Vote for 1),54,Brian J Boquist,431,775,448,0,29,298
20,State Treasurer (Vote for 1),54,Brian J Boquist,432,306,97,0,13,196
20,State Treasurer (Vote for 1),54,Brian J Boquist,433,"2,171",807,0,111,"1,253"
20,State Treasurer (Vote for 1),54,Brian J Boquist,434,"4,401","1,428",0,264,"2,709"
20,State Treasurer (Vote for 1),54,Brian J Boquist,435,"4,132","1,622",0,267,"2,243"
20,State Treasurer (Vote for 1),54,Brian J Boquist,436,"2,242",930,0,148,"1,164"
20,State Treasurer (Vote for 1),54,Brian J Boquist,437,63,22,0,4,37
20,State Treasurer (Vote for 1),54,Brian J Boquist,438,493,295,0,24,174
20,State Treasurer (Vote for 1),54,Brian J Boquist,439,"2,375",631,1,152,"1,591"
20,State Treasurer (Vote for 1),54,Brian J Boquist,440,"1,461",463,0,97,901
20,State Treasurer (Vote for 1),54,Brian J Boquist,441,70,13,0,0,57
20,State Treasurer (Vote for 1),54,Brian J Boquist,442,"2,708","1,091",0,193,"1,424"
20,State Treasurer (Vote for 1),54,Brian J Boquist,443,11,11,0,0,0
20,State Treasurer (Vote for 1),54,Brian J Boquist,444,121,68,0,4,49
20,State Treasurer (Vote for 1),54,Brian J Boquist,445,1,1,0,0,0
20,State Treasurer (Vote for 1),54,Brian J Boquist,446,107,29,0,10,68
20,State Treasurer (Vote for 1),54,Brian J Boquist,447,285,169,0,9,107
20,State Treasurer (Vote for 1),54,Brian J Boquist,448,771,273,0,54,444
20,State Treasurer (Vote for 1),54,Brian J Boquist,449,293,159,0,10,124
20,State Treasurer (Vote for 1),54,Brian J Boquist,450,170,117,0,9,44
20,State Treasurer (Vote for 1),54,Brian J Boquist,451,"1,066",302,0,72,692
20,State Treasurer (Vote for 1),54,Brian J Boquist,452,99,51,0,10,38
20,State Treasurer (Vote for 1),54,Brian J Boquist,453,11,6,0,1,4
20,State Treasurer (Vote for 1),54,Brian J Boquist,454,19,16,0,0,3
20,State Treasurer (Vote for 1),54,Brian J Boquist,455,"1,486",325,0,99,"1,062"
20,State Treasurer (Vote for 1),54,Brian J Boquist,456,7,0,0,0,7
20,State Treasurer (Vote for 1),54,Elizabeth Steiner,301,"1,724",565,1,90,"1,068"
20,State Treasurer (Vote for 1),54,Elizabeth Steiner,302,"2,551","1,248",0,174,"1,129"
20,State Treasurer (Vote for 1),54,Elizabeth Steiner,303,330,95,0,17,218
20,State Treasurer (Vote for 1),54,Elizabeth Steiner,304,"1,076",512,0,57,507
20,State Treasurer (Vote for 1),54,Elizabeth Steiner,305,953,304,0,66,583
20,State Treasurer (Vote for 1),54,Elizabeth Steiner,306,579,351,0,31,197
20,State Treasurer (Vote for 1),54,Elizabeth Steiner,307,"4,494","2,145",0,321,"2,028"
20,State Treasurer (Vote for 1),54,Elizabeth Steiner,308,148,53,0,12,83
20,State Treasurer (Vote for 1),54,Elizabeth Steiner,309,"4,308","2,175",0,256,"1,877"
20,State Treasurer (Vote for 1),54,Elizabeth Steiner,310,614,229,1,36,348
20,State Treasurer (Vote for 1),54,Elizabeth Steiner,311,684,251,0,35,398
20,State Treasurer (Vote for 1),54,Elizabeth Steiner,312,"1,703",553,0,104,"1,046"
20,State Treasurer (Vote for 1),54,Elizabeth Steiner,313,3,2,0,1,0
20,State Treasurer (Vote for 1),54,Elizabeth Steiner,314,310,82,0,26,202
20,State Treasurer (Vote for 1),54,Elizabeth Steiner,315,493,192,0,37,264
20,State Treasurer (Vote for 1),54,Elizabeth Steiner,316,"1,719",582,0,114,"1,023"
20,State Treasurer (Vote for 1),54,Elizabeth Steiner,317,169,57,0,8,104
20,State Treasurer (Vote for 1),54,Elizabeth Steiner,318,"3,750","1,949",0,214,"1,587"
20,State Treasurer (Vote for 1),54,Elizabeth Steiner,319,"5,196","2,735",1,347,"2,113"
20,State Treasurer (Vote for 1),54,Elizabeth Steiner,320,"1,778",931,0,113,734
20,State Treasurer (Vote for 1),54,Elizabeth Steiner,321,328,94,0,24,210
20,State Treasurer (Vote for 1),54,Elizabeth Steiner,322,269,108,0,16,145
20,State Treasurer (Vote for 1),54,Elizabeth Steiner,324,519,164,0,38,317
20,State Treasurer (Vote for 1),54,Elizabeth Steiner,325,155,92,0,6,57
20,State Treasurer (Vote for 1),54,Elizabeth Steiner,326,"1,898",561,0,119,"1,218"
20,State Treasurer (Vote for 1),54,Elizabeth Steiner,327,"5,317","2,869",0,360,"2,088"
20,State Treasurer (Vote for 1),54,Elizabeth Steiner,328,931,332,0,55,544
20,State Treasurer (Vote for 1),54,Elizabeth Steiner,329,"7,692","4,398",0,501,"2,793"
20,State Treasurer (Vote for 1),54,Elizabeth Steiner,330,"2,150",879,0,153,"1,118"
20,State Treasurer (Vote for 1),54,Elizabeth Steiner,331,"2,399","1,378",0,167,854
20,State Treasurer (Vote for 1),54,Elizabeth Steiner,332,"2,550","1,512",0,166,872
20,State Treasurer (Vote for 1),54,Elizabeth Steiner,333,"3,626","2,119",0,254,"1,253"
20,State Treasurer (Vote for 1),54,Elizabeth Steiner,334,137,43,0,6,88
20,State Treasurer (Vote for 1),54,Elizabeth Steiner,335,"4,268","2,044",0,312,"1,912"
20,State Treasurer (Vote for 1),54,Elizabeth Steiner,336,"2,948","1,410",0,213,"1,325"
20,State Treasurer (Vote for 1),54,Elizabeth Steiner,337,"1,086",536,0,103,447
20,State Treasurer (Vote for 1),54,Elizabeth Steiner,338,"5,180","2,340",0,382,"2,458"
20,State Treasurer (Vote for 1),54,Elizabeth Steiner,339,"4,822","2,186",0,351,"2,285"
20,State Treasurer (Vote for 1),54,Elizabeth Steiner,340,"6,948","3,143",0,373,"3,432"
20,State Treasurer (Vote for 1),54,Elizabeth Steiner,341,305,93,0,28,184
20,State Treasurer (Vote for 1),54,Elizabeth Steiner,342,63,22,0,3,38
20,State Treasurer (Vote for 1),54,Elizabeth Steiner,343,"2,608","1,284",1,167,"1,156"
20,State Treasurer (Vote for 1),54,Elizabeth Steiner,344,"2,806","1,470",0,205,"1,131"
20,State Treasurer (Vote for 1),54,Elizabeth Steiner,345,27,11,0,2,14
20,State Treasurer (Vote for 1),54,Elizabeth Steiner,346,274,105,0,17,152
20,State Treasurer (Vote for 1),54,Elizabeth Steiner,347,55,21,0,2,32
20,State Treasurer (Vote for 1),54,Elizabeth Steiner,348,27,11,0,2,14
20,State Treasurer (Vote for 1),54,Elizabeth Steiner,349,573,342,1,25,205
20,State Treasurer (Vote for 1),54,Elizabeth Steiner,350,"6,361","3,773",0,393,"2,195"
20,State Treasurer (Vote for 1),54,Elizabeth Steiner,351,"3,169","1,667",1,239,"1,262"
20,State Treasurer (Vote for 1),54,Elizabeth Steiner,352,"1,138",709,0,86,343
20,State Treasurer (Vote for 1),54,Elizabeth Steiner,353,"2,219","1,409",0,137,673
20,State Treasurer (Vote for 1),54,Elizabeth Steiner,354,"1,811","1,089",0,94,628
20,State Treasurer (Vote for 1),54,Elizabeth Steiner,355,"1,364",817,0,72,475
20,State Treasurer (Vote for 1),54,Elizabeth Steiner,356,"1,662",845,1,110,706
20,State Treasurer (Vote for 1),54,Elizabeth Steiner,357,813,448,0,75,290
20,State Treasurer (Vote for 1),54,Elizabeth Steiner,358,"2,526","1,444",0,148,934
20,State Treasurer (Vote for 1),54,Elizabeth Steiner,359,"2,324","1,395",0,154,775
20,State Treasurer (Vote for 1),54,Elizabeth Steiner,360,"2,836","1,632",0,155,"1,049"
20,State Treasurer (Vote for 1),54,Elizabeth Steiner,361,"2,052","1,288",0,120,644
20,State Treasurer (Vote for 1),54,Elizabeth Steiner,362,"6,315","3,783",0,372,"2,160"
20,State Treasurer (Vote for 1),54,Elizabeth Steiner,363,"2,925","1,735",0,192,998
20,State Treasurer (Vote for 1),54,Elizabeth Steiner,364,"4,460","2,681",1,304,"1,474"
20,State Treasurer (Vote for 1),54,Elizabeth Steiner,365,"4,622","2,993",0,279,"1,350"
20,State Treasurer (Vote for 1),54,Elizabeth Steiner,366,"1,641","1,051",0,98,492
20,State Treasurer (Vote for 1),54,Elizabeth Steiner,367,"4,269","2,534",0,297,"1,438"
20,State Treasurer (Vote for 1),54,Elizabeth Steiner,368,"3,793","2,199",2,253,"1,339"
20,State Treasurer (Vote for 1),54,Elizabeth Steiner,369,"1,660",882,0,105,673
20,State Treasurer (Vote for 1),54,Elizabeth Steiner,370,"2,096","1,153",0,136,807
20,State Treasurer (Vote for 1),54,Elizabeth Steiner,371,"2,037","1,192",0,128,717
20,State Treasurer (Vote for 1),54,Elizabeth Steiner,372,"1,701","1,109",0,92,500
20,State Treasurer (Vote for 1),54,Elizabeth Steiner,373,328,129,0,24,175
20,State Treasurer (Vote for 1),54,Elizabeth Steiner,374,9,4,0,2,3
20,State Treasurer (Vote for 1),54,Elizabeth Steiner,375,279,171,0,20,88
20,State Treasurer (Vote for 1),54,Elizabeth Steiner,376,"1,779",994,0,106,679
20,State Treasurer (Vote for 1),54,Elizabeth Steiner,377,"2,251","1,287",1,147,816
20,State Treasurer (Vote for 1),54,Elizabeth Steiner,378,937,624,0,55,258
20,State Treasurer (Vote for 1),54,Elizabeth Steiner,379,"3,854","2,355",1,213,"1,285"
20,State Treasurer (Vote for 1),54,Elizabeth Steiner,380,"3,025","1,786",0,180,"1,059"
20,State Treasurer (Vote for 1),54,Elizabeth Steiner,381,475,302,0,28,145
20,State Treasurer (Vote for 1),54,Elizabeth Steiner,382,"3,905","1,987",0,251,"1,667"
20,State Treasurer (Vote for 1),54,Elizabeth Steiner,383,"1,566","1,022",0,89,455
20,State Treasurer (Vote for 1),54,Elizabeth Steiner,384,"4,477","2,974",0,253,"1,250"
20,State Treasurer (Vote for 1),54,Elizabeth Steiner,385,770,480,0,51,239
20,State Treasurer (Vote for 1),54,Elizabeth Steiner,386,"1,936","1,237",0,135,564
20,State Treasurer (Vote for 1),54,Elizabeth Steiner,387,21,11,0,0,10
20,State Treasurer (Vote for 1),54,Elizabeth Steiner,388,250,154,0,12,84
20,State Treasurer (Vote for 1),54,Elizabeth Steiner,389,"7,639","4,451",0,502,"2,686"
20,State Treasurer (Vote for 1),54,Elizabeth Steiner,390,"2,098","1,222",0,132,744
20,State Treasurer (Vote for 1),54,Elizabeth Steiner,391,405,286,0,27,92
20,State Treasurer (Vote for 1),54,Elizabeth Steiner,392,112,62,0,11,39
20,State Treasurer (Vote for 1),54,Elizabeth Steiner,393,626,448,0,33,145
20,State Treasurer (Vote for 1),54,Elizabeth Steiner,394,248,129,0,24,95
20,State Treasurer (Vote for 1),54,Elizabeth Steiner,395,"5,402","3,118",0,344,"1,940"
20,State Treasurer (Vote for 1),54,Elizabeth Steiner,396,830,476,0,42,312
20,State Treasurer (Vote for 1),54,Elizabeth Steiner,397,"2,943","1,495",0,146,"1,302"
20,State Treasurer (Vote for 1),54,Elizabeth Steiner,398,"1,773",889,0,107,777
20,State Treasurer (Vote for 1),54,Elizabeth Steiner,399,"2,213","1,275",0,147,791
20,State Treasurer (Vote for 1),54,Elizabeth Steiner,400,"3,519","2,038",0,204,"1,277"
20,State Treasurer (Vote for 1),54,Elizabeth Steiner,401,"1,860","1,237",0,85,538
20,State Treasurer (Vote for 1),54,Elizabeth Steiner,402,"6,413","3,299",0,383,"2,731"
20,State Treasurer (Vote for 1),54,Elizabeth Steiner,403,"1,374",767,0,108,499
20,State Treasurer (Vote for 1),54,Elizabeth Steiner,404,"5,913","3,289",0,354,"2,270"
20,State Treasurer (Vote for 1),54,Elizabeth Steiner,405,"7,546","4,273",1,428,"2,844"
20,State Treasurer (Vote for 1),54,Elizabeth Steiner,406,"2,033","1,271",0,140,622
20,State Treasurer (Vote for 1),54,Elizabeth Steiner,407,870,546,0,64,260
20,State Treasurer (Vote for 1),54,Elizabeth Steiner,408,322,192,0,21,109
20,State Treasurer (Vote for 1),54,Elizabeth Steiner,409,"4,511","2,529",1,287,"1,694"
20,State Treasurer (Vote for 1),54,Elizabeth Steiner,410,"1,322",699,0,104,519
20,State Treasurer (Vote for 1),54,Elizabeth Steiner,411,"1,311",742,0,95,474
20,State Treasurer (Vote for 1),54,Elizabeth Steiner,412,"1,749",898,0,107,744
20,State Treasurer (Vote for 1),54,Elizabeth Steiner,413,"1,455",790,0,90,575
20,State Treasurer (Vote for 1),54,Elizabeth Steiner,414,525,284,0,39,202
20,State Treasurer (Vote for 1),54,Elizabeth Steiner,415,850,453,0,50,347
20,State Treasurer (Vote for 1),54,Elizabeth Steiner,416,846,461,0,69,316
20,State Treasurer (Vote for 1),54,Elizabeth Steiner,417,408,215,0,31,162
20,State Treasurer (Vote for 1),54,Elizabeth Steiner,418,"3,030","1,660",0,178,"1,192"
20,State Treasurer (Vote for 1),54,Elizabeth Steiner,419,"1,789","1,036",0,114,639
20,State Treasurer (Vote for 1),54,Elizabeth Steiner,420,"3,223","1,698",0,179,"1,346"
20,State Treasurer (Vote for 1),54,Elizabeth Steiner,421,499,259,0,35,205
20,State Treasurer (Vote for 1),54,Elizabeth Steiner,422,17,3,0,0,14
20,State Treasurer (Vote for 1),54,Elizabeth Steiner,423,"3,051","1,675",0,154,"1,222"
20,State Treasurer (Vote for 1),54,Elizabeth Steiner,424,"4,657","2,069",0,335,"2,253"
20,State Treasurer (Vote for 1),54,Elizabeth Steiner,425,683,233,0,39,411
20,State Treasurer (Vote for 1),54,Elizabeth Steiner,426,436,151,0,17,268
20,State Treasurer (Vote for 1),54,Elizabeth Steiner,427,"1,301",688,0,78,535
20,State Treasurer (Vote for 1),54,Elizabeth Steiner,428,"1,359",722,0,92,545
20,State Treasurer (Vote for 1),54,Elizabeth Steiner,429,"2,699","1,417",0,176,"1,106"
20,State Treasurer (Vote for 1),54,Elizabeth Steiner,430,"2,310",831,0,132,"1,347"
20,State Treasurer (Vote for 1),54,Elizabeth Steiner,431,775,263,0,29,483
20,State Treasurer (Vote for 1),54,Elizabeth Steiner,432,306,171,0,13,122
20,State Treasurer (Vote for 1),54,Elizabeth Steiner,433,"2,171","1,138",0,111,922
20,State Treasurer (Vote for 1),54,Elizabeth Steiner,434,"4,401","2,336",0,264,"1,801"
20,State Treasurer (Vote for 1),54,Elizabeth Steiner,435,"4,132","1,964",0,267,"1,901"
20,State Treasurer (Vote for 1),54,Elizabeth Steiner,436,"2,242","1,076",0,148,"1,018"
20,State Treasurer (Vote for 1),54,Elizabeth Steiner,437,63,34,0,4,25
20,State Treasurer (Vote for 1),54,Elizabeth Steiner,438,493,147,0,24,322
20,State Treasurer (Vote for 1),54,Elizabeth Steiner,439,"2,375","1,414",1,152,808
20,State Treasurer (Vote for 1),54,Elizabeth Steiner,440,"1,461",744,0,97,620
20,State Treasurer (Vote for 1),54,Elizabeth Steiner,441,70,48,0,0,22
20,State Treasurer (Vote for 1),54,Elizabeth Steiner,442,"2,708","1,238",0,193,"1,277"
20,State Treasurer (Vote for 1),54,Elizabeth Steiner,443,11,0,0,0,11
20,State Treasurer (Vote for 1),54,Elizabeth Steiner,444,121,47,0,4,70
20,State Treasurer (Vote for 1),54,Elizabeth Steiner,445,1,0,0,0,1
20,State Treasurer (Vote for 1),54,Elizabeth Steiner,446,107,64,0,10,33
20,State Treasurer (Vote for 1),54,Elizabeth Steiner,447,285,92,0,9,184
20,State Treasurer (Vote for 1),54,Elizabeth Steiner,448,771,400,0,54,317
20,State Treasurer (Vote for 1),54,Elizabeth Steiner,449,293,112,0,10,171
20,State Treasurer (Vote for 1),54,Elizabeth Steiner,450,170,41,0,9,120
20,State Treasurer (Vote for 1),54,Elizabeth Steiner,451,"1,066",608,0,72,386
20,State Treasurer (Vote for 1),54,Elizabeth Steiner,452,99,35,0,10,54
20,State Treasurer (Vote for 1),54,Elizabeth Steiner,453,11,4,0,1,6
20,State Treasurer (Vote for 1),54,Elizabeth Steiner,454,19,3,0,0,16
20,State Treasurer (Vote for 1),54,Elizabeth Steiner,455,"1,486",915,0,99,472
20,State Treasurer (Vote for 1),54,Elizabeth Steiner,456,7,7,0,0,0
20,State Treasurer (Vote for 1),54,Write-in,301,"1,724",2,0,90,"1,632"
20,State Treasurer (Vote for 1),54,Write-in,302,"2,551",2,0,174,"2,375"
20,State Treasurer (Vote for 1),54,Write-in,303,330,0,0,17,313
20,State Treasurer (Vote for 1),54,Write-in,304,"1,076",0,0,57,"1,019"
20,State Treasurer (Vote for 1),54,Write-in,305,953,1,0,66,886
20,State Treasurer (Vote for 1),54,Write-in,306,579,0,0,31,548
20,State Treasurer (Vote for 1),54,Write-in,307,"4,494",3,0,321,"4,170"
20,State Treasurer (Vote for 1),54,Write-in,308,148,0,0,12,136
20,State Treasurer (Vote for 1),54,Write-in,309,"4,308",3,0,256,"4,049"
20,State Treasurer (Vote for 1),54,Write-in,310,614,1,0,36,577
20,State Treasurer (Vote for 1),54,Write-in,311,684,0,0,35,649
20,State Treasurer (Vote for 1),54,Write-in,312,"1,703",2,0,104,"1,597"
20,State Treasurer (Vote for 1),54,Write-in,313,3,0,0,1,2
20,State Treasurer (Vote for 1),54,Write-in,314,310,1,0,26,283
20,State Treasurer (Vote for 1),54,Write-in,315,493,0,0,37,456
20,State Treasurer (Vote for 1),54,Write-in,316,"1,719",4,0,114,"1,601"
20,State Treasurer (Vote for 1),54,Write-in,317,169,0,0,8,161
20,State Treasurer (Vote for 1),54,Write-in,318,"3,750",1,0,214,"3,535"
20,State Treasurer (Vote for 1),54,Write-in,319,"5,196",1,0,347,"4,848"
20,State Treasurer (Vote for 1),54,Write-in,320,"1,778",1,0,113,"1,664"
20,State Treasurer (Vote for 1),54,Write-in,321,328,1,0,24,303
20,State Treasurer (Vote for 1),54,Write-in,322,269,0,0,16,253
20,State Treasurer (Vote for 1),54,Write-in,324,519,0,0,38,481
20,State Treasurer (Vote for 1),54,Write-in,325,155,0,0,6,149
20,State Treasurer (Vote for 1),54,Write-in,326,"1,898",1,0,119,"1,778"
20,State Treasurer (Vote for 1),54,Write-in,327,"5,317",4,0,360,"4,953"
20,State Treasurer (Vote for 1),54,Write-in,328,931,2,0,55,874
20,State Treasurer (Vote for 1),54,Write-in,329,"7,692",1,0,501,"7,190"
20,State Treasurer (Vote for 1),54,Write-in,330,"2,150",1,0,153,"1,996"
20,State Treasurer (Vote for 1),54,Write-in,331,"2,399",2,0,167,"2,230"
20,State Treasurer (Vote for 1),54,Write-in,332,"2,550",3,0,166,"2,381"
20,State Treasurer (Vote for 1),54,Write-in,333,"3,626",1,0,254,"3,371"
20,State Treasurer (Vote for 1),54,Write-in,334,137,0,0,6,131
20,State Treasurer (Vote for 1),54,Write-in,335,"4,268",2,0,312,"3,954"
20,State Treasurer (Vote for 1),54,Write-in,336,"2,948",4,0,213,"2,731"
20,State Treasurer (Vote for 1),54,Write-in,337,"1,086",1,0,103,982
20,State Treasurer (Vote for 1),54,Write-in,338,"5,180",4,0,382,"4,794"
20,State Treasurer (Vote for 1),54,Write-in,339,"4,822",3,0,351,"4,468"
20,State Treasurer (Vote for 1),54,Write-in,340,"6,948",6,0,373,"6,569"
20,State Treasurer (Vote for 1),54,Write-in,341,305,0,0,28,277
20,State Treasurer (Vote for 1),54,Write-in,342,63,0,0,3,60
20,State Treasurer (Vote for 1),54,Write-in,343,"2,608",2,1,167,"2,438"
20,State Treasurer (Vote for 1),54,Write-in,344,"2,806",1,0,205,"2,600"
20,State Treasurer (Vote for 1),54,Write-in,345,27,0,0,2,25
20,State Treasurer (Vote for 1),54,Write-in,346,274,0,0,17,257
20,State Treasurer (Vote for 1),54,Write-in,347,55,0,0,2,53
20,State Treasurer (Vote for 1),54,Write-in,348,27,0,0,2,25
20,State Treasurer (Vote for 1),54,Write-in,349,573,1,0,25,547
20,State Treasurer (Vote for 1),54,Write-in,350,"6,361",4,0,393,"5,964"
20,State Treasurer (Vote for 1),54,Write-in,351,"3,169",3,0,239,"2,927"
20,State Treasurer (Vote for 1),54,Write-in,352,"1,138",1,0,86,"1,051"
20,State Treasurer (Vote for 1),54,Write-in,353,"2,219",0,0,137,"2,082"
20,State Treasurer (Vote for 1),54,Write-in,354,"1,811",0,0,94,"1,717"
20,State Treasurer (Vote for 1),54,Write-in,355,"1,364",0,0,72,"1,292"
20,State Treasurer (Vote for 1),54,Write-in,356,"1,662",2,0,110,"1,550"
20,State Treasurer (Vote for 1),54,Write-in,357,813,0,0,75,738
20,State Treasurer (Vote for 1),54,Write-in,358,"2,526",1,0,148,"2,377"
20,State Treasurer (Vote for 1),54,Write-in,359,"2,324",2,0,154,"2,168"
20,State Treasurer (Vote for 1),54,Write-in,360,"2,836",0,0,155,"2,681"
20,State Treasurer (Vote for 1),54,Write-in,361,"2,052",3,0,120,"1,929"
20,State Treasurer (Vote for 1),54,Write-in,362,"6,315",0,0,372,"5,943"
20,State Treasurer (Vote for 1),54,Write-in,363,"2,925",1,0,192,"2,732"
20,State Treasurer (Vote for 1),54,Write-in,364,"4,460",4,0,304,"4,152"
20,State Treasurer (Vote for 1),54,Write-in,365,"4,622",3,0,279,"4,340"
20,State Treasurer (Vote for 1),54,Write-in,366,"1,641",1,0,98,"1,542"
20,State Treasurer (Vote for 1),54,Write-in,367,"4,269",4,0,297,"3,968"
20,State Treasurer (Vote for 1),54,Write-in,368,"3,793",3,1,253,"3,536"
20,State Treasurer (Vote for 1),54,Write-in,369,"1,660",3,0,105,"1,552"
20,State Treasurer (Vote for 1),54,Write-in,370,"2,096",3,0,136,"1,957"
20,State Treasurer (Vote for 1),54,Write-in,371,"2,037",1,0,128,"1,908"
20,State Treasurer (Vote for 1),54,Write-in,372,"1,701",0,0,92,"1,609"
20,State Treasurer (Vote for 1),54,Write-in,373,328,0,0,24,304
20,State Treasurer (Vote for 1),54,Write-in,374,9,0,0,2,7
20,State Treasurer (Vote for 1),54,Write-in,375,279,0,0,20,259
20,State Treasurer (Vote for 1),54,Write-in,376,"1,779",1,0,106,"1,672"
20,State Treasurer (Vote for 1),54,Write-in,377,"2,251",0,0,147,"2,104"
20,State Treasurer (Vote for 1),54,Write-in,378,937,1,0,55,881
20,State Treasurer (Vote for 1),54,Write-in,379,"3,854",2,0,213,"3,639"
20,State Treasurer (Vote for 1),54,Write-in,380,"3,025",0,0,180,"2,845"
20,State Treasurer (Vote for 1),54,Write-in,381,475,0,0,28,447
20,State Treasurer (Vote for 1),54,Write-in,382,"3,905",5,0,251,"3,649"
20,State Treasurer (Vote for 1),54,Write-in,383,"1,566",1,0,89,"1,476"
20,State Treasurer (Vote for 1),54,Write-in,384,"4,477",3,0,253,"4,221"
20,State Treasurer (Vote for 1),54,Write-in,385,770,0,0,51,719
20,State Treasurer (Vote for 1),54,Write-in,386,"1,936",1,0,135,"1,800"
20,State Treasurer (Vote for 1),54,Write-in,387,21,0,0,0,21
20,State Treasurer (Vote for 1),54,Write-in,388,250,0,0,12,238
20,State Treasurer (Vote for 1),54,Write-in,389,"7,639",2,0,502,"7,135"
20,State Treasurer (Vote for 1),54,Write-in,390,"2,098",1,0,132,"1,965"
20,State Treasurer (Vote for 1),54,Write-in,391,405,0,0,27,378
20,State Treasurer (Vote for 1),54,Write-in,392,112,0,0,11,101
20,State Treasurer (Vote for 1),54,Write-in,393,626,0,0,33,593
20,State Treasurer (Vote for 1),54,Write-in,394,248,2,0,24,222
20,State Treasurer (Vote for 1),54,Write-in,395,"5,402",7,0,344,"5,051"
20,State Treasurer (Vote for 1),54,Write-in,396,830,0,0,42,788
20,State Treasurer (Vote for 1),54,Write-in,397,"2,943",1,0,146,"2,796"
20,State Treasurer (Vote for 1),54,Write-in,398,"1,773",2,0,107,"1,664"
20,State Treasurer (Vote for 1),54,Write-in,399,"2,213",4,0,147,"2,062"
20,State Treasurer (Vote for 1),54,Write-in,400,"3,519",1,0,204,"3,314"
20,State Treasurer (Vote for 1),54,Write-in,401,"1,860",1,0,85,"1,774"
20,State Treasurer (Vote for 1),54,Write-in,402,"6,413",2,0,383,"6,028"
20,State Treasurer (Vote for 1),54,Write-in,403,"1,374",1,0,108,"1,265"
20,State Treasurer (Vote for 1),54,Write-in,404,"5,913",3,0,354,"5,556"
20,State Treasurer (Vote for 1),54,Write-in,405,"7,546",2,0,428,"7,116"
20,State Treasurer (Vote for 1),54,Write-in,406,"2,033",0,0,140,"1,893"
20,State Treasurer (Vote for 1),54,Write-in,407,870,1,0,64,805
20,State Treasurer (Vote for 1),54,Write-in,408,322,0,0,21,301
20,State Treasurer (Vote for 1),54,Write-in,409,"4,511",5,0,287,"4,219"
20,State Treasurer (Vote for 1),54,Write-in,410,"1,322",1,0,104,"1,217"
20,State Treasurer (Vote for 1),54,Write-in,411,"1,311",0,0,95,"1,216"
20,State Treasurer (Vote for 1),54,Write-in,412,"1,749",0,0,107,"1,642"
20,State Treasurer (Vote for 1),54,Write-in,413,"1,455",0,0,90,"1,365"
20,State Treasurer (Vote for 1),54,Write-in,414,525,0,0,39,486
20,State Treasurer (Vote for 1),54,Write-in,415,850,1,0,50,799
20,State Treasurer (Vote for 1),54,Write-in,416,846,1,0,69,776
20,State Treasurer (Vote for 1),54,Write-in,417,408,0,0,31,377
20,State Treasurer (Vote for 1),54,Write-in,418,"3,030",2,0,178,"2,850"
20,State Treasurer (Vote for 1),54,Write-in,419,"1,789",2,0,114,"1,673"
20,State Treasurer (Vote for 1),54,Write-in,420,"3,223",3,0,179,"3,041"
20,State Treasurer (Vote for 1),54,Write-in,421,499,2,0,35,462
20,State Treasurer (Vote for 1),54,Write-in,422,17,0,0,0,17
20,State Treasurer (Vote for 1),54,Write-in,423,"3,051",2,0,154,"2,895"
20,State Treasurer (Vote for 1),54,Write-in,424,"4,657",3,0,335,"4,319"
20,State Treasurer (Vote for 1),54,Write-in,425,683,1,0,39,643
20,State Treasurer (Vote for 1),54,Write-in,426,436,0,0,17,419
20,State Treasurer (Vote for 1),54,Write-in,427,"1,301",0,0,78,"1,223"
20,State Treasurer (Vote for 1),54,Write-in,428,"1,359",0,0,92,"1,267"
20,State Treasurer (Vote for 1),54,Write-in,429,"2,699",2,0,176,"2,521"
20,State Treasurer (Vote for 1),54,Write-in,430,"2,310",5,0,132,"2,173"
20,State Treasurer (Vote for 1),54,Write-in,431,775,0,0,29,746
20,State Treasurer (Vote for 1),54,Write-in,432,306,0,0,13,293
20,State Treasurer (Vote for 1),54,Write-in,433,"2,171",1,0,111,"2,059"
20,State Treasurer (Vote for 1),54,Write-in,434,"4,401",9,0,264,"4,128"
20,State Treasurer (Vote for 1),54,Write-in,435,"4,132",2,0,267,"3,863"
20,State Treasurer (Vote for 1),54,Write-in,436,"2,242",2,0,148,"2,092"
20,State Treasurer (Vote for 1),54,Write-in,437,63,0,0,4,59
20,State Treasurer (Vote for 1),54,Write-in,438,493,1,0,24,468
20,State Treasurer (Vote for 1),54,Write-in,439,"2,375",0,0,152,"2,223"
20,State Treasurer (Vote for 1),54,Write-in,440,"1,461",0,0,97,"1,364"
20,State Treasurer (Vote for 1),54,Write-in,441,70,0,0,0,70
20,State Treasurer (Vote for 1),54,Write-in,442,"2,708",3,0,193,"2,512"
20,State Treasurer (Vote for 1),54,Write-in,443,11,0,0,0,11
20,State Treasurer (Vote for 1),54,Write-in,444,121,0,0,4,117
20,State Treasurer (Vote for 1),54,Write-in,445,1,0,0,0,1
20,State Treasurer (Vote for 1),54,Write-in,446,107,0,0,10,97
20,State Treasurer (Vote for 1),54,Write-in,447,285,0,0,9,276
20,State Treasurer (Vote for 1),54,Write-in,448,771,2,0,54,715
20,State Treasurer (Vote for 1),54,Write-in,449,293,0,0,10,283
20,State Treasurer (Vote for 1),54,Write-in,450,170,0,0,9,161
20,State Treasurer (Vote for 1),54,Write-in,451,"1,066",1,0,72,993
20,State Treasurer (Vote for 1),54,Write-in,452,99,0,0,10,89
20,State Treasurer (Vote for 1),54,Write-in,453,11,0,0,1,10
20,State Treasurer (Vote for 1),54,Write-in,454,19,0,0,0,19
20,State Treasurer (Vote for 1),54,Write-in,455,"1,486",0,0,99,"1,387"
20,State Treasurer (Vote for 1),54,Write-in,456,7,0,0,0,7
25,Attorney General (Vote for 1),1,Will Lathrop,301,"1,724","1,024",1,93,606
25,Attorney General (Vote for 1),1,Will Lathrop,302,"2,551",955,1,159,"1,436"
25,Attorney General (Vote for 1),1,Will Lathrop,303,330,207,0,16,107
25,Attorney General (Vote for 1),1,Will Lathrop,304,"1,076",443,0,52,581
25,Attorney General (Vote for 1),1,Will Lathrop,305,953,550,0,60,343
25,Attorney General (Vote for 1),1,Will Lathrop,306,579,128,0,27,424
25,Attorney General (Vote for 1),1,Will Lathrop,307,"4,494","1,792",0,324,"2,378"
25,Attorney General (Vote for 1),1,Will Lathrop,308,148,72,0,14,62
25,Attorney General (Vote for 1),1,Will Lathrop,309,"4,308","1,619",0,264,"2,425"
25,Attorney General (Vote for 1),1,Will Lathrop,310,614,328,0,45,241
25,Attorney General (Vote for 1),1,Will Lathrop,311,684,375,0,32,277
25,Attorney General (Vote for 1),1,Will Lathrop,312,"1,703",988,0,107,608
25,Attorney General (Vote for 1),1,Will Lathrop,313,3,0,0,1,2
25,Attorney General (Vote for 1),1,Will Lathrop,314,310,199,0,27,84
25,Attorney General (Vote for 1),1,Will Lathrop,315,493,252,0,35,206
25,Attorney General (Vote for 1),1,Will Lathrop,316,"1,719","1,014",0,104,601
25,Attorney General (Vote for 1),1,Will Lathrop,317,169,95,0,8,66
25,Attorney General (Vote for 1),1,Will Lathrop,318,"3,750","1,350",0,210,"2,190"
25,Attorney General (Vote for 1),1,Will Lathrop,319,"5,196","1,778",0,324,"3,094"
25,Attorney General (Vote for 1),1,Will Lathrop,320,"1,778",629,0,109,"1,040"
25,Attorney General (Vote for 1),1,Will Lathrop,321,328,198,0,23,107
25,Attorney General (Vote for 1),1,Will Lathrop,322,269,139,0,13,117
25,Attorney General (Vote for 1),1,Will Lathrop,324,519,293,0,34,192
25,Attorney General (Vote for 1),1,Will Lathrop,325,155,49,0,9,97
25,Attorney General (Vote for 1),1,Will Lathrop,326,"1,898","1,175",0,122,601
25,Attorney General (Vote for 1),1,Will Lathrop,327,"5,317","1,780",0,362,"3,175"
25,Attorney General (Vote for 1),1,Will Lathrop,328,931,493,0,55,383
25,Attorney General (Vote for 1),1,Will Lathrop,329,"7,692","2,376",0,510,"4,806"
25,Attorney General (Vote for 1),1,Will Lathrop,330,"2,150","1,031",0,153,966
25,Attorney General (Vote for 1),1,Will Lathrop,331,"2,399",691,0,171,"1,537"
25,Attorney General (Vote for 1),1,Will Lathrop,332,"2,550",651,0,159,"1,740"
25,Attorney General (Vote for 1),1,Will Lathrop,333,"3,626",868,0,265,"2,493"
25,Attorney General (Vote for 1),1,Will Lathrop,334,137,81,0,8,48
25,Attorney General (Vote for 1),1,Will Lathrop,335,"4,268","1,771",0,291,"2,206"
25,Attorney General (Vote for 1),1,Will Lathrop,336,"2,948","1,159",0,226,"1,563"
25,Attorney General (Vote for 1),1,Will Lathrop,337,"1,086",369,0,111,606
25,Attorney General (Vote for 1),1,Will Lathrop,338,"5,180","2,103",0,383,"2,694"
25,Attorney General (Vote for 1),1,Will Lathrop,339,"4,822","1,969",0,379,"2,474"
25,Attorney General (Vote for 1),1,Will Lathrop,340,"6,948","3,102",1,420,"3,425"
25,Attorney General (Vote for 1),1,Will Lathrop,341,305,168,0,22,115
25,Attorney General (Vote for 1),1,Will Lathrop,342,63,35,0,2,26
25,Attorney General (Vote for 1),1,Will Lathrop,343,"2,608","1,030",0,177,"1,401"
25,Attorney General (Vote for 1),1,Will Lathrop,344,"2,806",933,0,204,"1,669"
25,Attorney General (Vote for 1),1,Will Lathrop,345,27,13,0,2,12
25,Attorney General (Vote for 1),1,Will Lathrop,346,274,141,0,17,116
25,Attorney General (Vote for 1),1,Will Lathrop,347,55,30,0,3,22
25,Attorney General (Vote for 1),1,Will Lathrop,348,27,13,0,1,13
25,Attorney General (Vote for 1),1,Will Lathrop,349,573,175,0,27,371
25,Attorney General (Vote for 1),1,Will Lathrop,350,"6,361","1,671",0,392,"4,298"
25,Attorney General (Vote for 1),1,Will Lathrop,351,"3,169",982,0,238,"1,949"
25,Attorney General (Vote for 1),1,Will Lathrop,352,"1,138",222,0,74,842
25,Attorney General (Vote for 1),1,Will Lathrop,353,"2,219",553,0,136,"1,530"
25,Attorney General (Vote for 1),1,Will Lathrop,354,"1,811",515,0,96,"1,200"
25,Attorney General (Vote for 1),1,Will Lathrop,355,"1,364",377,0,70,917
25,Attorney General (Vote for 1),1,Will Lathrop,356,"1,662",575,0,105,982
25,Attorney General (Vote for 1),1,Will Lathrop,357,813,251,0,74,488
25,Attorney General (Vote for 1),1,Will Lathrop,358,"2,526",799,0,142,"1,585"
25,Attorney General (Vote for 1),1,Will Lathrop,359,"2,324",639,0,161,"1,524"
25,Attorney General (Vote for 1),1,Will Lathrop,360,"2,836",812,0,160,"1,864"
25,Attorney General (Vote for 1),1,Will Lathrop,361,"2,052",466,0,117,"1,469"
25,Attorney General (Vote for 1),1,Will Lathrop,362,"6,315","1,851",0,354,"4,110"
25,Attorney General (Vote for 1),1,Will Lathrop,363,"2,925",838,0,189,"1,898"
25,Attorney General (Vote for 1),1,Will Lathrop,364,"4,460","1,444",0,285,"2,731"
25,Attorney General (Vote for 1),1,Will Lathrop,365,"4,622","1,286",0,271,"3,065"
25,Attorney General (Vote for 1),1,Will Lathrop,366,"1,641",385,0,95,"1,161"
25,Attorney General (Vote for 1),1,Will Lathrop,367,"4,269","1,347",0,290,"2,632"
25,Attorney General (Vote for 1),1,Will Lathrop,368,"3,793","1,210",1,240,"2,342"
25,Attorney General (Vote for 1),1,Will Lathrop,369,"1,660",599,0,101,960
25,Attorney General (Vote for 1),1,Will Lathrop,370,"2,096",731,0,138,"1,227"
25,Attorney General (Vote for 1),1,Will Lathrop,371,"2,037",666,0,124,"1,247"
25,Attorney General (Vote for 1),1,Will Lathrop,372,"1,701",482,0,95,"1,124"
25,Attorney General (Vote for 1),1,Will Lathrop,373,328,158,0,27,143
25,Attorney General (Vote for 1),1,Will Lathrop,374,9,3,0,2,4
25,Attorney General (Vote for 1),1,Will Lathrop,375,279,73,0,17,189
25,Attorney General (Vote for 1),1,Will Lathrop,376,"1,779",597,0,108,"1,074"
25,Attorney General (Vote for 1),1,Will Lathrop,377,"2,251",740,0,159,"1,352"
25,Attorney General (Vote for 1),1,Will Lathrop,378,937,215,0,54,668
25,Attorney General (Vote for 1),1,Will Lathrop,379,"3,854","1,105",0,216,"2,533"
25,Attorney General (Vote for 1),1,Will Lathrop,380,"3,025",972,0,169,"1,884"
25,Attorney General (Vote for 1),1,Will Lathrop,381,475,144,0,28,303
25,Attorney General (Vote for 1),1,Will Lathrop,382,"3,905","1,393",0,243,"2,269"
25,Attorney General (Vote for 1),1,Will Lathrop,383,"1,566",369,0,88,"1,109"
25,Attorney General (Vote for 1),1,Will Lathrop,384,"4,477","1,072",0,233,"3,172"
25,Attorney General (Vote for 1),1,Will Lathrop,385,770,242,0,50,478
25,Attorney General (Vote for 1),1,Will Lathrop,386,"1,936",561,0,117,"1,258"
25,Attorney General (Vote for 1),1,Will Lathrop,387,21,7,0,0,14
25,Attorney General (Vote for 1),1,Will Lathrop,388,250,68,0,6,176
25,Attorney General (Vote for 1),1,Will Lathrop,389,"7,639","2,463",0,474,"4,702"
25,Attorney General (Vote for 1),1,Will Lathrop,390,"2,098",692,0,137,"1,269"
25,Attorney General (Vote for 1),1,Will Lathrop,391,405,73,0,24,308
25,Attorney General (Vote for 1),1,Will Lathrop,392,112,27,0,13,72
25,Attorney General (Vote for 1),1,Will Lathrop,393,626,140,0,27,459
25,Attorney General (Vote for 1),1,Will Lathrop,394,248,76,0,17,155
25,Attorney General (Vote for 1),1,Will Lathrop,395,"5,402","1,666",1,335,"3,400"
25,Attorney General (Vote for 1),1,Will Lathrop,396,830,274,0,45,511
25,Attorney General (Vote for 1),1,Will Lathrop,397,"2,943","1,239",0,135,"1,569"
25,Attorney General (Vote for 1),1,Will Lathrop,398,"1,773",748,0,95,930
25,Attorney General (Vote for 1),1,Will Lathrop,399,"2,213",672,0,148,"1,393"
25,Attorney General (Vote for 1),1,Will Lathrop,400,"3,519","1,076",0,197,"2,246"
25,Attorney General (Vote for 1),1,Will Lathrop,401,"1,860",455,0,85,"1,320"
25,Attorney General (Vote for 1),1,Will Lathrop,402,"6,413","2,560",0,348,"3,505"
25,Attorney General (Vote for 1),1,Will Lathrop,403,"1,374",482,0,104,788
25,Attorney General (Vote for 1),1,Will Lathrop,404,"5,913","1,909",0,338,"3,666"
25,Attorney General (Vote for 1),1,Will Lathrop,405,"7,546","2,547",1,459,"4,539"
25,Attorney General (Vote for 1),1,Will Lathrop,406,"2,033",439,0,147,"1,447"
25,Attorney General (Vote for 1),1,Will Lathrop,407,870,263,0,60,547
25,Attorney General (Vote for 1),1,Will Lathrop,408,322,95,0,23,204
25,Attorney General (Vote for 1),1,Will Lathrop,409,"4,511","1,486",1,294,"2,730"
25,Attorney General (Vote for 1),1,Will Lathrop,410,"1,322",485,0,96,741
25,Attorney General (Vote for 1),1,Will Lathrop,411,"1,311",425,0,99,787
25,Attorney General (Vote for 1),1,Will Lathrop,412,"1,749",663,0,115,971
25,Attorney General (Vote for 1),1,Will Lathrop,413,"1,455",501,0,86,868
25,Attorney General (Vote for 1),1,Will Lathrop,414,525,199,0,36,290
25,Attorney General (Vote for 1),1,Will Lathrop,415,850,298,0,54,498
25,Attorney General (Vote for 1),1,Will Lathrop,416,846,264,0,75,507
25,Attorney General (Vote for 1),1,Will Lathrop,417,408,150,0,27,231
25,Attorney General (Vote for 1),1,Will Lathrop,418,"3,030","1,060",0,170,"1,800"
25,Attorney General (Vote for 1),1,Will Lathrop,419,"1,789",593,0,113,"1,083"
25,Attorney General (Vote for 1),1,Will Lathrop,420,"3,223","1,235",0,156,"1,832"
25,Attorney General (Vote for 1),1,Will Lathrop,421,499,166,0,36,297
25,Attorney General (Vote for 1),1,Will Lathrop,422,17,15,0,0,2
25,Attorney General (Vote for 1),1,Will Lathrop,423,"3,051","1,021",0,159,"1,871"
25,Attorney General (Vote for 1),1,Will Lathrop,424,"4,657","2,152",0,349,"2,156"
25,Attorney General (Vote for 1),1,Will Lathrop,425,683,404,0,40,239
25,Attorney General (Vote for 1),1,Will Lathrop,426,436,259,0,14,163
25,Attorney General (Vote for 1),1,Will Lathrop,427,"1,301",489,0,81,731
25,Attorney General (Vote for 1),1,Will Lathrop,428,"1,359",485,0,97,777
25,Attorney General (Vote for 1),1,Will Lathrop,429,"2,699",973,0,173,"1,553"
25,Attorney General (Vote for 1),1,Will Lathrop,430,"2,310","1,278",0,136,896
25,Attorney General (Vote for 1),1,Will Lathrop,431,775,465,1,26,283
25,Attorney General (Vote for 1),1,Will Lathrop,432,306,101,0,11,194
25,Attorney General (Vote for 1),1,Will Lathrop,433,"2,171",857,1,115,"1,198"
25,Attorney General (Vote for 1),1,Will Lathrop,434,"4,401","1,541",0,245,"2,615"
25,Attorney General (Vote for 1),1,Will Lathrop,435,"4,132","1,784",0,274,"2,074"
25,Attorney General (Vote for 1),1,Will Lathrop,436,"2,242","1,010",0,131,"1,101"
25,Attorney General (Vote for 1),1,Will Lathrop,437,63,21,0,5,37
25,Attorney General (Vote for 1),1,Will Lathrop,438,493,311,0,16,166
25,Attorney General (Vote for 1),1,Will Lathrop,439,"2,375",720,0,148,"1,507"
25,Attorney General (Vote for 1),1,Will Lathrop,440,"1,461",514,0,94,853
25,Attorney General (Vote for 1),1,Will Lathrop,441,70,13,0,3,54
25,Attorney General (Vote for 1),1,Will Lathrop,442,"2,708","1,217",0,176,"1,315"
25,Attorney General (Vote for 1),1,Will Lathrop,443,11,11,0,0,0
25,Attorney General (Vote for 1),1,Will Lathrop,444,121,72,0,3,46
25,Attorney General (Vote for 1),1,Will Lathrop,445,1,1,0,0,0
25,Attorney General (Vote for 1),1,Will Lathrop,446,107,34,0,9,64
25,Attorney General (Vote for 1),1,Will Lathrop,447,285,166,0,12,107
25,Attorney General (Vote for 1),1,Will Lathrop,448,771,303,0,54,414
25,Attorney General (Vote for 1),1,Will Lathrop,449,293,165,0,9,119
25,Attorney General (Vote for 1),1,Will Lathrop,450,170,119,0,8,43
25,Attorney General (Vote for 1),1,Will Lathrop,451,"1,066",330,0,81,655
25,Attorney General (Vote for 1),1,Will Lathrop,452,99,54,0,5,40
25,Attorney General (Vote for 1),1,Will Lathrop,453,11,6,0,0,5
25,Attorney General (Vote for 1),1,Will Lathrop,454,19,18,0,0,1
25,Attorney General (Vote for 1),1,Will Lathrop,455,"1,486",367,0,95,"1,024"
25,Attorney General (Vote for 1),1,Will Lathrop,456,7,0,0,0,7
25,Attorney General (Vote for 1),1,Dan Rayfield,301,"1,724",600,1,93,"1,030"
25,Attorney General (Vote for 1),1,Dan Rayfield,302,"2,551","1,432",0,159,960
25,Attorney General (Vote for 1),1,Dan Rayfield,303,330,107,0,16,207
25,Attorney General (Vote for 1),1,Dan Rayfield,304,"1,076",581,0,52,443
25,Attorney General (Vote for 1),1,Dan Rayfield,305,953,341,0,60,552
25,Attorney General (Vote for 1),1,Dan Rayfield,306,579,423,0,27,129
25,Attorney General (Vote for 1),1,Dan Rayfield,307,"4,494","2,373",0,324,"1,797"
25,Attorney General (Vote for 1),1,Dan Rayfield,308,148,62,0,14,72
25,Attorney General (Vote for 1),1,Dan Rayfield,309,"4,308","2,421",0,264,"1,623"
25,Attorney General (Vote for 1),1,Dan Rayfield,310,614,240,0,45,329
25,Attorney General (Vote for 1),1,Dan Rayfield,311,684,276,0,32,376
25,Attorney General (Vote for 1),1,Dan Rayfield,312,"1,703",603,0,107,993
25,Attorney General (Vote for 1),1,Dan Rayfield,313,3,2,0,1,0
25,Attorney General (Vote for 1),1,Dan Rayfield,314,310,83,0,27,200
25,Attorney General (Vote for 1),1,Dan Rayfield,315,493,206,0,35,252
25,Attorney General (Vote for 1),1,Dan Rayfield,316,"1,719",597,0,104,"1,018"
25,Attorney General (Vote for 1),1,Dan Rayfield,317,169,66,0,8,95
25,Attorney General (Vote for 1),1,Dan Rayfield,318,"3,750","2,187",0,210,"1,353"
25,Attorney General (Vote for 1),1,Dan Rayfield,319,"5,196","3,090",0,324,"1,782"
25,Attorney General (Vote for 1),1,Dan Rayfield,320,"1,778","1,040",0,109,629
25,Attorney General (Vote for 1),1,Dan Rayfield,321,328,106,0,23,199
25,Attorney General (Vote for 1),1,Dan Rayfield,322,269,117,0,13,139
25,Attorney General (Vote for 1),1,Dan Rayfield,324,519,191,0,34,294
25,Attorney General (Vote for 1),1,Dan Rayfield,325,155,97,0,9,49
25,Attorney General (Vote for 1),1,Dan Rayfield,326,"1,898",599,0,122,"1,177"
25,Attorney General (Vote for 1),1,Dan Rayfield,327,"5,317","3,168",0,362,"1,787"
25,Attorney General (Vote for 1),1,Dan Rayfield,328,931,382,0,55,494
25,Attorney General (Vote for 1),1,Dan Rayfield,329,"7,692","4,794",0,510,"2,388"
25,Attorney General (Vote for 1),1,Dan Rayfield,330,"2,150",963,0,153,"1,034"
25,Attorney General (Vote for 1),1,Dan Rayfield,331,"2,399","1,532",0,171,696
25,Attorney General (Vote for 1),1,Dan Rayfield,332,"2,550","1,738",0,159,653
25,Attorney General (Vote for 1),1,Dan Rayfield,333,"3,626","2,490",0,265,871
25,Attorney General (Vote for 1),1,Dan Rayfield,334,137,48,0,8,81
25,Attorney General (Vote for 1),1,Dan Rayfield,335,"4,268","2,204",0,291,"1,773"
25,Attorney General (Vote for 1),1,Dan Rayfield,336,"2,948","1,560",0,226,"1,162"
25,Attorney General (Vote for 1),1,Dan Rayfield,337,"1,086",604,0,111,371
25,Attorney General (Vote for 1),1,Dan Rayfield,338,"5,180","2,691",0,383,"2,106"
25,Attorney General (Vote for 1),1,Dan Rayfield,339,"4,822","2,468",0,379,"1,975"
25,Attorney General (Vote for 1),1,Dan Rayfield,340,"6,948","3,420",1,420,"3,107"
25,Attorney General (Vote for 1),1,Dan Rayfield,341,305,115,0,22,168
25,Attorney General (Vote for 1),1,Dan Rayfield,342,63,26,0,2,35
25,Attorney General (Vote for 1),1,Dan Rayfield,343,"2,608","1,399",1,177,"1,031"
25,Attorney General (Vote for 1),1,Dan Rayfield,344,"2,806","1,664",0,204,938
25,Attorney General (Vote for 1),1,Dan Rayfield,345,27,12,0,2,13
25,Attorney General (Vote for 1),1,Dan Rayfield,346,274,116,0,17,141
25,Attorney General (Vote for 1),1,Dan Rayfield,347,55,22,0,3,30
25,Attorney General (Vote for 1),1,Dan Rayfield,348,27,13,0,1,13
25,Attorney General (Vote for 1),1,Dan Rayfield,349,573,369,0,27,177
25,Attorney General (Vote for 1),1,Dan Rayfield,350,"6,361","4,296",0,392,"1,673"
25,Attorney General (Vote for 1),1,Dan Rayfield,351,"3,169","1,943",0,238,988
25,Attorney General (Vote for 1),1,Dan Rayfield,352,"1,138",841,0,74,223
25,Attorney General (Vote for 1),1,Dan Rayfield,353,"2,219","1,528",0,136,555
25,Attorney General (Vote for 1),1,Dan Rayfield,354,"1,811","1,200",0,96,515
25,Attorney General (Vote for 1),1,Dan Rayfield,355,"1,364",916,0,70,378
25,Attorney General (Vote for 1),1,Dan Rayfield,356,"1,662",981,0,105,576
25,Attorney General (Vote for 1),1,Dan Rayfield,357,813,488,0,74,251
25,Attorney General (Vote for 1),1,Dan Rayfield,358,"2,526","1,582",0,142,802
25,Attorney General (Vote for 1),1,Dan Rayfield,359,"2,324","1,524",0,161,639
25,Attorney General (Vote for 1),1,Dan Rayfield,360,"2,836","1,859",0,160,817
25,Attorney General (Vote for 1),1,Dan Rayfield,361,"2,052","1,465",0,117,470
25,Attorney General (Vote for 1),1,Dan Rayfield,362,"6,315","4,101",0,354,"1,860"
25,Attorney General (Vote for 1),1,Dan Rayfield,363,"2,925","1,896",0,189,840
25,Attorney General (Vote for 1),1,Dan Rayfield,364,"4,460","2,723",0,285,"1,452"
25,Attorney General (Vote for 1),1,Dan Rayfield,365,"4,622","3,065",0,271,"1,286"
25,Attorney General (Vote for 1),1,Dan Rayfield,366,"1,641","1,158",0,95,388
25,Attorney General (Vote for 1),1,Dan Rayfield,367,"4,269","2,627",0,290,"1,352"
25,Attorney General (Vote for 1),1,Dan Rayfield,368,"3,793","2,336",2,240,"1,215"
25,Attorney General (Vote for 1),1,Dan Rayfield,369,"1,660",959,0,101,600
25,Attorney General (Vote for 1),1,Dan Rayfield,370,"2,096","1,221",0,138,737
25,Attorney General (Vote for 1),1,Dan Rayfield,371,"2,037","1,247",0,124,666
25,Attorney General (Vote for 1),1,Dan Rayfield,372,"1,701","1,123",0,95,483
25,Attorney General (Vote for 1),1,Dan Rayfield,373,328,143,0,27,158
25,Attorney General (Vote for 1),1,Dan Rayfield,374,9,4,0,2,3
25,Attorney General (Vote for 1),1,Dan Rayfield,375,279,189,0,17,73
25,Attorney General (Vote for 1),1,Dan Rayfield,376,"1,779","1,070",0,108,601
25,Attorney General (Vote for 1),1,Dan Rayfield,377,"2,251","1,348",0,159,744
25,Attorney General (Vote for 1),1,Dan Rayfield,378,937,667,0,54,216
25,Attorney General (Vote for 1),1,Dan Rayfield,379,"3,854","2,531",0,216,"1,107"
25,Attorney General (Vote for 1),1,Dan Rayfield,380,"3,025","1,881",0,169,975
25,Attorney General (Vote for 1),1,Dan Rayfield,381,475,302,0,28,145
25,Attorney General (Vote for 1),1,Dan Rayfield,382,"3,905","2,263",0,243,"1,399"
25,Attorney General (Vote for 1),1,Dan Rayfield,383,"1,566","1,109",0,88,369
25,Attorney General (Vote for 1),1,Dan Rayfield,384,"4,477","3,171",0,233,"1,073"
25,Attorney General (Vote for 1),1,Dan Rayfield,385,770,478,0,50,242
25,Attorney General (Vote for 1),1,Dan Rayfield,386,"1,936","1,255",0,117,564
25,Attorney General (Vote for 1),1,Dan Rayfield,387,21,14,0,0,7
25,Attorney General (Vote for 1),1,Dan Rayfield,388,250,176,0,6,68
25,Attorney General (Vote for 1),1,Dan Rayfield,389,"7,639","4,693",0,474,"2,472"
25,Attorney General (Vote for 1),1,Dan Rayfield,390,"2,098","1,268",0,137,693
25,Attorney General (Vote for 1),1,Dan Rayfield,391,405,307,0,24,74
25,Attorney General (Vote for 1),1,Dan Rayfield,392,112,72,0,13,27
25,Attorney General (Vote for 1),1,Dan Rayfield,393,626,459,0,27,140
25,Attorney General (Vote for 1),1,Dan Rayfield,394,248,154,0,17,77
25,Attorney General (Vote for 1),1,Dan Rayfield,395,"5,402","3,393",0,335,"1,674"
25,Attorney General (Vote for 1),1,Dan Rayfield,396,830,511,0,45,274
25,Attorney General (Vote for 1),1,Dan Rayfield,397,"2,943","1,567",0,135,"1,241"
25,Attorney General (Vote for 1),1,Dan Rayfield,398,"1,773",928,0,95,750
25,Attorney General (Vote for 1),1,Dan Rayfield,399,"2,213","1,387",0,148,678
25,Attorney General (Vote for 1),1,Dan Rayfield,400,"3,519","2,241",0,197,"1,081"
25,Attorney General (Vote for 1),1,Dan Rayfield,401,"1,860","1,317",0,85,458
25,Attorney General (Vote for 1),1,Dan Rayfield,402,"6,413","3,501",0,348,"2,564"
25,Attorney General (Vote for 1),1,Dan Rayfield,403,"1,374",788,0,104,482
25,Attorney General (Vote for 1),1,Dan Rayfield,404,"5,913","3,661",0,338,"1,914"
25,Attorney General (Vote for 1),1,Dan Rayfield,405,"7,546","4,532",1,459,"2,554"
25,Attorney General (Vote for 1),1,Dan Rayfield,406,"2,033","1,446",0,147,440
25,Attorney General (Vote for 1),1,Dan Rayfield,407,870,547,0,60,263
25,Attorney General (Vote for 1),1,Dan Rayfield,408,322,204,0,23,95
25,Attorney General (Vote for 1),1,Dan Rayfield,409,"4,511","2,724",1,294,"1,492"
25,Attorney General (Vote for 1),1,Dan Rayfield,410,"1,322",741,0,96,485
25,Attorney General (Vote for 1),1,Dan Rayfield,411,"1,311",786,0,99,426
25,Attorney General (Vote for 1),1,Dan Rayfield,412,"1,749",969,0,115,665
25,Attorney General (Vote for 1),1,Dan Rayfield,413,"1,455",867,0,86,502
25,Attorney General (Vote for 1),1,Dan Rayfield,414,525,290,0,36,199
25,Attorney General (Vote for 1),1,Dan Rayfield,415,850,497,0,54,299
25,Attorney General (Vote for 1),1,Dan Rayfield,416,846,507,0,75,264
25,Attorney General (Vote for 1),1,Dan Rayfield,417,408,231,0,27,150
25,Attorney General (Vote for 1),1,Dan Rayfield,418,"3,030","1,800",0,170,"1,060"
25,Attorney General (Vote for 1),1,Dan Rayfield,419,"1,789","1,083",0,113,593
25,Attorney General (Vote for 1),1,Dan Rayfield,420,"3,223","1,828",0,156,"1,239"
25,Attorney General (Vote for 1),1,Dan Rayfield,421,499,296,0,36,167
25,Attorney General (Vote for 1),1,Dan Rayfield,422,17,2,0,0,15
25,Attorney General (Vote for 1),1,Dan Rayfield,423,"3,051","1,868",0,159,"1,024"
25,Attorney General (Vote for 1),1,Dan Rayfield,424,"4,657","2,155",0,349,"2,153"
25,Attorney General (Vote for 1),1,Dan Rayfield,425,683,237,0,40,406
25,Attorney General (Vote for 1),1,Dan Rayfield,426,436,162,0,14,260
25,Attorney General (Vote for 1),1,Dan Rayfield,427,"1,301",730,0,81,490
25,Attorney General (Vote for 1),1,Dan Rayfield,428,"1,359",776,0,97,486
25,Attorney General (Vote for 1),1,Dan Rayfield,429,"2,699","1,551",0,173,975
25,Attorney General (Vote for 1),1,Dan Rayfield,430,"2,310",892,0,136,"1,282"
25,Attorney General (Vote for 1),1,Dan Rayfield,431,775,283,1,26,465
25,Attorney General (Vote for 1),1,Dan Rayfield,432,306,194,0,11,101
25,Attorney General (Vote for 1),1,Dan Rayfield,433,"2,171","1,196",1,115,859
25,Attorney General (Vote for 1),1,Dan Rayfield,434,"4,401","2,609",0,245,"1,547"
25,Attorney General (Vote for 1),1,Dan Rayfield,435,"4,132","2,071",0,274,"1,787"
25,Attorney General (Vote for 1),1,Dan Rayfield,436,"2,242","1,100",0,131,"1,011"
25,Attorney General (Vote for 1),1,Dan Rayfield,437,63,37,0,5,21
25,Attorney General (Vote for 1),1,Dan Rayfield,438,493,165,0,16,312
25,Attorney General (Vote for 1),1,Dan Rayfield,439,"2,375","1,506",0,148,721
25,Attorney General (Vote for 1),1,Dan Rayfield,440,"1,461",849,0,94,518
25,Attorney General (Vote for 1),1,Dan Rayfield,441,70,54,0,3,13
25,Attorney General (Vote for 1),1,Dan Rayfield,442,"2,708","1,312",0,176,"1,220"
25,Attorney General (Vote for 1),1,Dan Rayfield,443,11,0,0,0,11
25,Attorney General (Vote for 1),1,Dan Rayfield,444,121,46,0,3,72
25,Attorney General (Vote for 1),1,Dan Rayfield,445,1,0,0,0,1
25,Attorney General (Vote for 1),1,Dan Rayfield,446,107,64,0,9,34
25,Attorney General (Vote for 1),1,Dan Rayfield,447,285,107,0,12,166
25,Attorney General (Vote for 1),1,Dan Rayfield,448,771,413,0,54,304
25,Attorney General (Vote for 1),1,Dan Rayfield,449,293,119,0,9,165
25,Attorney General (Vote for 1),1,Dan Rayfield,450,170,43,0,8,119
25,Attorney General (Vote for 1),1,Dan Rayfield,451,"1,066",654,0,81,331
25,Attorney General (Vote for 1),1,Dan Rayfield,452,99,40,0,5,54
25,Attorney General (Vote for 1),1,Dan Rayfield,453,11,5,0,0,6
25,Attorney General (Vote for 1),1,Dan Rayfield,454,19,1,0,0,18
25,Attorney General (Vote for 1),1,Dan Rayfield,455,"1,486","1,023",0,95,368
25,Attorney General (Vote for 1),1,Dan Rayfield,456,7,7,0,0,0
25,Attorney General (Vote for 1),1,Write-in,301,"1,724",6,0,93,"1,625"
25,Attorney General (Vote for 1),1,Write-in,302,"2,551",4,1,159,"2,387"
25,Attorney General (Vote for 1),1,Write-in,303,330,0,0,16,314
25,Attorney General (Vote for 1),1,Write-in,304,"1,076",0,0,52,"1,024"
25,Attorney General (Vote for 1),1,Write-in,305,953,2,0,60,891
25,Attorney General (Vote for 1),1,Write-in,306,579,1,0,27,551
25,Attorney General (Vote for 1),1,Write-in,307,"4,494",5,0,324,"4,165"
25,Attorney General (Vote for 1),1,Write-in,308,148,0,0,14,134
25,Attorney General (Vote for 1),1,Write-in,309,"4,308",4,0,264,"4,040"
25,Attorney General (Vote for 1),1,Write-in,310,614,1,0,45,568
25,Attorney General (Vote for 1),1,Write-in,311,684,1,0,32,651
25,Attorney General (Vote for 1),1,Write-in,312,"1,703",5,0,107,"1,591"
25,Attorney General (Vote for 1),1,Write-in,313,3,0,0,1,2
25,Attorney General (Vote for 1),1,Write-in,314,310,1,0,27,282
25,Attorney General (Vote for 1),1,Write-in,315,493,0,0,35,458
25,Attorney General (Vote for 1),1,Write-in,316,"1,719",4,0,104,"1,611"
25,Attorney General (Vote for 1),1,Write-in,317,169,0,0,8,161
25,Attorney General (Vote for 1),1,Write-in,318,"3,750",3,0,210,"3,537"
25,Attorney General (Vote for 1),1,Write-in,319,"5,196",4,0,324,"4,868"
25,Attorney General (Vote for 1),1,Write-in,320,"1,778",0,0,109,"1,669"
25,Attorney General (Vote for 1),1,Write-in,321,328,1,0,23,304
25,Attorney General (Vote for 1),1,Write-in,322,269,0,0,13,256
25,Attorney General (Vote for 1),1,Write-in,324,519,1,0,34,484
25,Attorney General (Vote for 1),1,Write-in,325,155,0,0,9,146
25,Attorney General (Vote for 1),1,Write-in,326,"1,898",2,0,122,"1,774"
25,Attorney General (Vote for 1),1,Write-in,327,"5,317",7,0,362,"4,948"
25,Attorney General (Vote for 1),1,Write-in,328,931,1,0,55,875
25,Attorney General (Vote for 1),1,Write-in,329,"7,692",12,0,510,"7,170"
25,Attorney General (Vote for 1),1,Write-in,330,"2,150",3,0,153,"1,994"
25,Attorney General (Vote for 1),1,Write-in,331,"2,399",5,0,171,"2,223"
25,Attorney General (Vote for 1),1,Write-in,332,"2,550",2,0,159,"2,389"
25,Attorney General (Vote for 1),1,Write-in,333,"3,626",3,0,265,"3,358"
25,Attorney General (Vote for 1),1,Write-in,334,137,0,0,8,129
25,Attorney General (Vote for 1),1,Write-in,335,"4,268",2,0,291,"3,975"
25,Attorney General (Vote for 1),1,Write-in,336,"2,948",3,0,226,"2,719"
25,Attorney General (Vote for 1),1,Write-in,337,"1,086",2,0,111,973
25,Attorney General (Vote for 1),1,Write-in,338,"5,180",3,0,383,"4,794"
25,Attorney General (Vote for 1),1,Write-in,339,"4,822",6,0,379,"4,437"
25,Attorney General (Vote for 1),1,Write-in,340,"6,948",5,0,420,"6,523"
25,Attorney General (Vote for 1),1,Write-in,341,305,0,0,22,283
25,Attorney General (Vote for 1),1,Write-in,342,63,0,0,2,61
25,Attorney General (Vote for 1),1,Write-in,343,"2,608",1,1,177,"2,429"
25,Attorney General (Vote for 1),1,Write-in,344,"2,806",5,0,204,"2,597"
25,Attorney General (Vote for 1),1,Write-in,345,27,0,0,2,25
25,Attorney General (Vote for 1),1,Write-in,346,274,0,0,17,257
25,Attorney General (Vote for 1),1,Write-in,347,55,0,0,3,52
25,Attorney General (Vote for 1),1,Write-in,348,27,0,0,1,26
25,Attorney General (Vote for 1),1,Write-in,349,573,2,0,27,544
25,Attorney General (Vote for 1),1,Write-in,350,"6,361",2,0,392,"5,967"
25,Attorney General (Vote for 1),1,Write-in,351,"3,169",6,0,238,"2,925"
25,Attorney General (Vote for 1),1,Write-in,352,"1,138",1,0,74,"1,063"
25,Attorney General (Vote for 1),1,Write-in,353,"2,219",2,0,136,"2,081"
25,Attorney General (Vote for 1),1,Write-in,354,"1,811",0,0,96,"1,715"
25,Attorney General (Vote for 1),1,Write-in,355,"1,364",1,0,70,"1,293"
25,Attorney General (Vote for 1),1,Write-in,356,"1,662",1,0,105,"1,556"
25,Attorney General (Vote for 1),1,Write-in,357,813,0,0,74,739
25,Attorney General (Vote for 1),1,Write-in,358,"2,526",3,0,142,"2,381"
25,Attorney General (Vote for 1),1,Write-in,359,"2,324",0,0,161,"2,163"
25,Attorney General (Vote for 1),1,Write-in,360,"2,836",5,0,160,"2,671"
25,Attorney General (Vote for 1),1,Write-in,361,"2,052",4,0,117,"1,931"
25,Attorney General (Vote for 1),1,Write-in,362,"6,315",9,0,354,"5,952"
25,Attorney General (Vote for 1),1,Write-in,363,"2,925",2,0,189,"2,734"
25,Attorney General (Vote for 1),1,Write-in,364,"4,460",8,0,285,"4,167"
25,Attorney General (Vote for 1),1,Write-in,365,"4,622",0,0,271,"4,351"
25,Attorney General (Vote for 1),1,Write-in,366,"1,641",3,0,95,"1,543"
25,Attorney General (Vote for 1),1,Write-in,367,"4,269",5,0,290,"3,974"
25,Attorney General (Vote for 1),1,Write-in,368,"3,793",5,1,240,"3,547"
25,Attorney General (Vote for 1),1,Write-in,369,"1,660",1,0,101,"1,558"
25,Attorney General (Vote for 1),1,Write-in,370,"2,096",6,0,138,"1,952"
25,Attorney General (Vote for 1),1,Write-in,371,"2,037",0,0,124,"1,913"
25,Attorney General (Vote for 1),1,Write-in,372,"1,701",1,0,95,"1,605"
25,Attorney General (Vote for 1),1,Write-in,373,328,0,0,27,301
25,Attorney General (Vote for 1),1,Write-in,374,9,0,0,2,7
25,Attorney General (Vote for 1),1,Write-in,375,279,0,0,17,262
25,Attorney General (Vote for 1),1,Write-in,376,"1,779",4,0,108,"1,667"
25,Attorney General (Vote for 1),1,Write-in,377,"2,251",4,0,159,"2,088"
25,Attorney General (Vote for 1),1,Write-in,378,937,1,0,54,882
25,Attorney General (Vote for 1),1,Write-in,379,"3,854",2,0,216,"3,636"
25,Attorney General (Vote for 1),1,Write-in,380,"3,025",3,0,169,"2,853"
25,Attorney General (Vote for 1),1,Write-in,381,475,1,0,28,446
25,Attorney General (Vote for 1),1,Write-in,382,"3,905",6,0,243,"3,656"
25,Attorney General (Vote for 1),1,Write-in,383,"1,566",0,0,88,"1,478"
25,Attorney General (Vote for 1),1,Write-in,384,"4,477",1,0,233,"4,243"
25,Attorney General (Vote for 1),1,Write-in,385,770,0,0,50,720
25,Attorney General (Vote for 1),1,Write-in,386,"1,936",3,0,117,"1,816"
25,Attorney General (Vote for 1),1,Write-in,387,21,0,0,0,21
25,Attorney General (Vote for 1),1,Write-in,388,250,0,0,6,244
25,Attorney General (Vote for 1),1,Write-in,389,"7,639",9,0,474,"7,156"
25,Attorney General (Vote for 1),1,Write-in,390,"2,098",1,0,137,"1,960"
25,Attorney General (Vote for 1),1,Write-in,391,405,1,0,24,380
25,Attorney General (Vote for 1),1,Write-in,392,112,0,0,13,99
25,Attorney General (Vote for 1),1,Write-in,393,626,0,0,27,599
25,Attorney General (Vote for 1),1,Write-in,394,248,1,0,17,230
25,Attorney General (Vote for 1),1,Write-in,395,"5,402",7,1,335,"5,059"
25,Attorney General (Vote for 1),1,Write-in,396,830,0,0,45,785
25,Attorney General (Vote for 1),1,Write-in,397,"2,943",2,0,135,"2,806"
25,Attorney General (Vote for 1),1,Write-in,398,"1,773",2,0,95,"1,676"
25,Attorney General (Vote for 1),1,Write-in,399,"2,213",6,0,148,"2,059"
25,Attorney General (Vote for 1),1,Write-in,400,"3,519",5,0,197,"3,317"
25,Attorney General (Vote for 1),1,Write-in,401,"1,860",3,0,85,"1,772"
25,Attorney General (Vote for 1),1,Write-in,402,"6,413",4,0,348,"6,061"
25,Attorney General (Vote for 1),1,Write-in,403,"1,374",0,0,104,"1,270"
25,Attorney General (Vote for 1),1,Write-in,404,"5,913",5,0,338,"5,570"
25,Attorney General (Vote for 1),1,Write-in,405,"7,546",7,0,459,"7,080"
25,Attorney General (Vote for 1),1,Write-in,406,"2,033",1,0,147,"1,885"
25,Attorney General (Vote for 1),1,Write-in,407,870,0,0,60,810
25,Attorney General (Vote for 1),1,Write-in,408,322,0,0,23,299
25,Attorney General (Vote for 1),1,Write-in,409,"4,511",6,0,294,"4,211"
25,Attorney General (Vote for 1),1,Write-in,410,"1,322",0,0,96,"1,226"
25,Attorney General (Vote for 1),1,Write-in,411,"1,311",1,0,99,"1,211"
25,Attorney General (Vote for 1),1,Write-in,412,"1,749",2,0,115,"1,632"
25,Attorney General (Vote for 1),1,Write-in,413,"1,455",1,0,86,"1,368"
25,Attorney General (Vote for 1),1,Write-in,414,525,0,0,36,489
25,Attorney General (Vote for 1),1,Write-in,415,850,1,0,54,795
25,Attorney General (Vote for 1),1,Write-in,416,846,0,0,75,771
25,Attorney General (Vote for 1),1,Write-in,417,408,0,0,27,381
25,Attorney General (Vote for 1),1,Write-in,418,"3,030",0,0,170,"2,860"
25,Attorney General (Vote for 1),1,Write-in,419,"1,789",0,0,113,"1,676"
25,Attorney General (Vote for 1),1,Write-in,420,"3,223",4,0,156,"3,063"
25,Attorney General (Vote for 1),1,Write-in,421,499,1,0,36,462
25,Attorney General (Vote for 1),1,Write-in,422,17,0,0,0,17
25,Attorney General (Vote for 1),1,Write-in,423,"3,051",3,0,159,"2,889"
25,Attorney General (Vote for 1),1,Write-in,424,"4,657",1,0,349,"4,307"
25,Attorney General (Vote for 1),1,Write-in,425,683,2,0,40,641
25,Attorney General (Vote for 1),1,Write-in,426,436,1,0,14,421
25,Attorney General (Vote for 1),1,Write-in,427,"1,301",1,0,81,"1,219"
25,Attorney General (Vote for 1),1,Write-in,428,"1,359",1,0,97,"1,261"
25,Attorney General (Vote for 1),1,Write-in,429,"2,699",2,0,173,"2,524"
25,Attorney General (Vote for 1),1,Write-in,430,"2,310",4,0,136,"2,170"
25,Attorney General (Vote for 1),1,Write-in,431,775,0,0,26,749
25,Attorney General (Vote for 1),1,Write-in,432,306,0,0,11,295
25,Attorney General (Vote for 1),1,Write-in,433,"2,171",2,0,115,"2,054"
25,Attorney General (Vote for 1),1,Write-in,434,"4,401",6,0,245,"4,150"
25,Attorney General (Vote for 1),1,Write-in,435,"4,132",3,0,274,"3,855"
25,Attorney General (Vote for 1),1,Write-in,436,"2,242",1,0,131,"2,110"
25,Attorney General (Vote for 1),1,Write-in,437,63,0,0,5,58
25,Attorney General (Vote for 1),1,Write-in,438,493,1,0,16,476
25,Attorney General (Vote for 1),1,Write-in,439,"2,375",1,0,148,"2,226"
25,Attorney General (Vote for 1),1,Write-in,440,"1,461",4,0,94,"1,363"
25,Attorney General (Vote for 1),1,Write-in,441,70,0,0,3,67
25,Attorney General (Vote for 1),1,Write-in,442,"2,708",3,0,176,"2,529"
25,Attorney General (Vote for 1),1,Write-in,443,11,0,0,0,11
25,Attorney General (Vote for 1),1,Write-in,444,121,0,0,3,118
25,Attorney General (Vote for 1),1,Write-in,445,1,0,0,0,1
25,Attorney General (Vote for 1),1,Write-in,446,107,0,0,9,98
25,Attorney General (Vote for 1),1,Write-in,447,285,0,0,12,273
25,Attorney General (Vote for 1),1,Write-in,448,771,1,0,54,716
25,Attorney General (Vote for 1),1,Write-in,449,293,0,0,9,284
25,Attorney General (Vote for 1),1,Write-in,450,170,0,0,8,162
25,Attorney General (Vote for 1),1,Write-in,451,"1,066",1,0,81,984
25,Attorney General (Vote for 1),1,Write-in,452,99,0,0,5,94
25,Attorney General (Vote for 1),1,Write-in,453,11,0,0,0,11
25,Attorney General (Vote for 1),1,Write-in,454,19,0,0,0,19
25,Attorney General (Vote for 1),1,Write-in,455,"1,486",1,0,95,"1,390"
25,Attorney General (Vote for 1),1,Write-in,456,7,0,0,0,7
30,"State Senator, 14th District (Vote for 1)",52,Katy Brumbelow,349,573,103,0,69,401
30,"State Senator, 14th District (Vote for 1)",52,Katy Brumbelow,350,"6,361","1,083",1,841,"4,436"
30,"State Senator, 14th District (Vote for 1)",52,Katy Brumbelow,353,"2,219",325,1,263,"1,630"
30,"State Senator, 14th District (Vote for 1)",52,Katy Brumbelow,354,"1,811",277,0,260,"1,274"
30,"State Senator, 14th District (Vote for 1)",52,Katy Brumbelow,362,"6,315","1,149",1,830,"4,335"
30,"State Senator, 14th District (Vote for 1)",52,Katy Brumbelow,365,"4,622",670,0,593,"3,359"
30,"State Senator, 14th District (Vote for 1)",52,Katy Brumbelow,372,"1,701",240,0,233,"1,228"
30,"State Senator, 14th District (Vote for 1)",52,Katy Brumbelow,375,279,37,0,35,207
30,"State Senator, 14th District (Vote for 1)",52,Katy Brumbelow,378,937,115,0,130,692
30,"State Senator, 14th District (Vote for 1)",52,Katy Brumbelow,379,"3,854",672,1,506,"2,675"
30,"State Senator, 14th District (Vote for 1)",52,Katy Brumbelow,380,"3,025",559,0,418,"2,048"
30,"State Senator, 14th District (Vote for 1)",52,Katy Brumbelow,383,"1,566",249,0,191,"1,126"
30,"State Senator, 14th District (Vote for 1)",52,Katy Brumbelow,384,"4,477",621,0,514,"3,342"
30,"State Senator, 14th District (Vote for 1)",52,Katy Brumbelow,385,770,115,0,128,527
30,"State Senator, 14th District (Vote for 1)",52,Katy Brumbelow,386,"1,936",241,0,264,"1,431"
30,"State Senator, 14th District (Vote for 1)",52,Katy Brumbelow,388,250,45,0,27,178
30,"State Senator, 14th District (Vote for 1)",52,Katy Brumbelow,391,405,45,0,40,320
30,"State Senator, 14th District (Vote for 1)",52,Katy Brumbelow,392,112,14,0,21,77
30,"State Senator, 14th District (Vote for 1)",52,Katy Brumbelow,393,626,72,0,58,496
30,"State Senator, 14th District (Vote for 1)",52,Katy Brumbelow,401,"1,860",246,0,216,"1,398"
30,"State Senator, 14th District (Vote for 1)",52,Katy Brumbelow,406,"2,033",255,0,245,"1,533"
30,"State Senator, 14th District (Vote for 1)",52,Katy Brumbelow,408,322,39,0,55,228
30,"State Senator, 14th District (Vote for 1)",52,Katy Brumbelow,455,"1,486",234,0,194,"1,058"
30,"State Senator, 14th District (Vote for 1)",52,Kate Lieber,349,573,393,0,69,111
30,"State Senator, 14th District (Vote for 1)",52,Kate Lieber,350,"6,361","4,401",1,841,"1,118"
30,"State Senator, 14th District (Vote for 1)",52,Kate Lieber,353,"2,219","1,614",0,263,342
30,"State Senator, 14th District (Vote for 1)",52,Kate Lieber,354,"1,811","1,260",0,260,291
30,"State Senator, 14th District (Vote for 1)",52,Kate Lieber,362,"6,315","4,297",1,830,"1,187"
30,"State Senator, 14th District (Vote for 1)",52,Kate Lieber,365,"4,622","3,333",0,593,696
30,"State Senator, 14th District (Vote for 1)",52,Kate Lieber,372,"1,701","1,224",0,233,244
30,"State Senator, 14th District (Vote for 1)",52,Kate Lieber,375,279,206,0,35,38
30,"State Senator, 14th District (Vote for 1)",52,Kate Lieber,378,937,679,0,130,128
30,"State Senator, 14th District (Vote for 1)",52,Kate Lieber,379,"3,854","2,643",1,506,704
30,"State Senator, 14th District (Vote for 1)",52,Kate Lieber,380,"3,025","2,015",0,418,592
30,"State Senator, 14th District (Vote for 1)",52,Kate Lieber,383,"1,566","1,121",0,191,254
30,"State Senator, 14th District (Vote for 1)",52,Kate Lieber,384,"4,477","3,324",0,514,639
30,"State Senator, 14th District (Vote for 1)",52,Kate Lieber,385,770,522,0,128,120
30,"State Senator, 14th District (Vote for 1)",52,Kate Lieber,386,"1,936","1,410",0,264,262
30,"State Senator, 14th District (Vote for 1)",52,Kate Lieber,388,250,177,0,27,46
30,"State Senator, 14th District (Vote for 1)",52,Kate Lieber,391,405,318,0,40,47
30,"State Senator, 14th District (Vote for 1)",52,Kate Lieber,392,112,77,0,21,14
30,"State Senator, 14th District (Vote for 1)",52,Kate Lieber,393,626,493,0,58,75
30,"State Senator, 14th District (Vote for 1)",52,Kate Lieber,401,"1,860","1,388",0,216,256
30,"State Senator, 14th District (Vote for 1)",52,Kate Lieber,406,"2,033","1,521",0,245,267
30,"State Senator, 14th District (Vote for 1)",52,Kate Lieber,408,322,221,0,55,46
30,"State Senator, 14th District (Vote for 1)",52,Kate Lieber,455,"1,486","1,047",0,194,245
30,"State Senator, 14th District (Vote for 1)",52,Write-in,349,573,8,0,69,496
30,"State Senator, 14th District (Vote for 1)",52,Write-in,350,"6,361",35,0,841,"5,485"
30,"State Senator, 14th District (Vote for 1)",52,Write-in,353,"2,219",16,1,263,"1,939"
30,"State Senator, 14th District (Vote for 1)",52,Write-in,354,"1,811",14,0,260,"1,537"
30,"State Senator, 14th District (Vote for 1)",52,Write-in,362,"6,315",38,0,830,"5,447"
30,"State Senator, 14th District (Vote for 1)",52,Write-in,365,"4,622",26,0,593,"4,003"
30,"State Senator, 14th District (Vote for 1)",52,Write-in,372,"1,701",4,0,233,"1,464"
30,"State Senator, 14th District (Vote for 1)",52,Write-in,375,279,1,0,35,243
30,"State Senator, 14th District (Vote for 1)",52,Write-in,378,937,13,0,130,794
30,"State Senator, 14th District (Vote for 1)",52,Write-in,379,"3,854",32,0,506,"3,316"
30,"State Senator, 14th District (Vote for 1)",52,Write-in,380,"3,025",33,0,418,"2,574"
30,"State Senator, 14th District (Vote for 1)",52,Write-in,383,"1,566",5,0,191,"1,370"
30,"State Senator, 14th District (Vote for 1)",52,Write-in,384,"4,477",18,0,514,"3,945"
30,"State Senator, 14th District (Vote for 1)",52,Write-in,385,770,5,0,128,637
30,"State Senator, 14th District (Vote for 1)",52,Write-in,386,"1,936",21,0,264,"1,651"
30,"State Senator, 14th District (Vote for 1)",52,Write-in,388,250,1,0,27,222
30,"State Senator, 14th District (Vote for 1)",52,Write-in,391,405,2,0,40,363
30,"State Senator, 14th District (Vote for 1)",52,Write-in,392,112,0,0,21,91
30,"State Senator, 14th District (Vote for 1)",52,Write-in,393,626,3,0,58,565
30,"State Senator, 14th District (Vote for 1)",52,Write-in,401,"1,860",10,0,216,"1,634"
30,"State Senator, 14th District (Vote for 1)",52,Write-in,406,"2,033",12,0,245,"1,776"
30,"State Senator, 14th District (Vote for 1)",52,Write-in,408,322,7,0,55,260
30,"State Senator, 14th District (Vote for 1)",52,Write-in,455,"1,486",11,0,194,"1,281"
35,"State Senator, 18th District (Vote for 1)",53,Brian Pierson,302,"2,551",948,1,182,"1,420"
35,"State Senator, 18th District (Vote for 1)",53,Brian Pierson,303,330,205,0,21,104
35,"State Senator, 18th District (Vote for 1)",53,Brian Pierson,304,"1,076",449,0,67,560
35,"State Senator, 18th District (Vote for 1)",53,Brian Pierson,318,"3,750","1,343",0,249,"2,158"
35,"State Senator, 18th District (Vote for 1)",53,Brian Pierson,319,"5,196","1,710",0,387,"3,099"
35,"State Senator, 18th District (Vote for 1)",53,Brian Pierson,320,"1,778",598,0,133,"1,047"
35,"State Senator, 18th District (Vote for 1)",53,Brian Pierson,322,269,138,0,17,114
35,"State Senator, 18th District (Vote for 1)",53,Brian Pierson,327,"5,317","1,757",0,427,"3,133"
35,"State Senator, 18th District (Vote for 1)",53,Brian Pierson,351,"3,169",964,0,278,"1,927"
35,"State Senator, 18th District (Vote for 1)",53,Brian Pierson,352,"1,138",207,0,82,849
35,"State Senator, 18th District (Vote for 1)",53,Brian Pierson,355,"1,364",376,0,92,896
35,"State Senator, 18th District (Vote for 1)",53,Brian Pierson,356,"1,662",579,0,128,955
35,"State Senator, 18th District (Vote for 1)",53,Brian Pierson,357,813,237,0,89,487
35,"State Senator, 18th District (Vote for 1)",53,Brian Pierson,359,"2,324",634,0,185,"1,505"
35,"State Senator, 18th District (Vote for 1)",53,Brian Pierson,360,"2,836",805,1,189,"1,841"
35,"State Senator, 18th District (Vote for 1)",53,Brian Pierson,361,"2,052",446,0,148,"1,458"
35,"State Senator, 18th District (Vote for 1)",53,Brian Pierson,382,"3,905","1,356",0,308,"2,241"
35,"State Senator, 18th District (Vote for 1)",53,Brian Pierson,389,"7,639","2,441",0,608,"4,590"
35,"State Senator, 18th District (Vote for 1)",53,Brian Pierson,398,"1,773",748,0,129,896
35,"State Senator, 18th District (Vote for 1)",53,Brian Pierson,412,"1,749",658,0,139,952
35,"State Senator, 18th District (Vote for 1)",53,Brian Pierson,416,846,276,0,73,497
35,"State Senator, 18th District (Vote for 1)",53,Brian Pierson,418,"3,030","1,075",0,209,"1,746"
35,"State Senator, 18th District (Vote for 1)",53,Brian Pierson,426,436,254,0,23,159
35,"State Senator, 18th District (Vote for 1)",53,Brian Pierson,429,"2,699",949,0,203,"1,547"
35,"State Senator, 18th District (Vote for 1)",53,Brian Pierson,430,"2,310","1,243",0,178,889
35,"State Senator, 18th District (Vote for 1)",53,Brian Pierson,431,775,474,0,38,263
35,"State Senator, 18th District (Vote for 1)",53,Brian Pierson,434,"4,401","1,510",1,291,"2,599"
35,"State Senator, 18th District (Vote for 1)",53,Brian Pierson,440,"1,461",474,0,115,872
35,"State Senator, 18th District (Vote for 1)",53,Brian Pierson,446,107,36,0,11,60
35,"State Senator, 18th District (Vote for 1)",53,Brian Pierson,449,293,174,0,10,109
35,"State Senator, 18th District (Vote for 1)",53,Brian Pierson,452,99,50,0,8,41
35,"State Senator, 18th District (Vote for 1)",53,Brian Pierson,456,7,0,0,0,7
35,"State Senator, 18th District (Vote for 1)",53,Wlnsvey E Campos,302,"2,551","1,418",0,182,951
35,"State Senator, 18th District (Vote for 1)",53,Wlnsvey E Campos,303,330,104,0,21,205
35,"State Senator, 18th District (Vote for 1)",53,Wlnsvey E Campos,304,"1,076",560,0,67,449
35,"State Senator, 18th District (Vote for 1)",53,Wlnsvey E Campos,318,"3,750","2,156",0,249,"1,345"
35,"State Senator, 18th District (Vote for 1)",53,Wlnsvey E Campos,319,"5,196","3,094",0,387,"1,715"
35,"State Senator, 18th District (Vote for 1)",53,Wlnsvey E Campos,320,"1,778","1,046",0,133,599
35,"State Senator, 18th District (Vote for 1)",53,Wlnsvey E Campos,322,269,113,0,17,139
35,"State Senator, 18th District (Vote for 1)",53,Wlnsvey E Campos,327,"5,317","3,124",0,427,"1,766"
35,"State Senator, 18th District (Vote for 1)",53,Wlnsvey E Campos,351,"3,169","1,924",0,278,967
35,"State Senator, 18th District (Vote for 1)",53,Wlnsvey E Campos,352,"1,138",848,0,82,208
35,"State Senator, 18th District (Vote for 1)",53,Wlnsvey E Campos,355,"1,364",895,0,92,377
35,"State Senator, 18th District (Vote for 1)",53,Wlnsvey E Campos,356,"1,662",953,0,128,581
35,"State Senator, 18th District (Vote for 1)",53,Wlnsvey E Campos,357,813,487,0,89,237
35,"State Senator, 18th District (Vote for 1)",53,Wlnsvey E Campos,359,"2,324","1,502",0,185,637
35,"State Senator, 18th District (Vote for 1)",53,Wlnsvey E Campos,360,"2,836","1,838",0,189,809
35,"State Senator, 18th District (Vote for 1)",53,Wlnsvey E Campos,361,"2,052","1,456",0,148,448
35,"State Senator, 18th District (Vote for 1)",53,Wlnsvey E Campos,382,"3,905","2,237",0,308,"1,360"
35,"State Senator, 18th District (Vote for 1)",53,Wlnsvey E Campos,389,"7,639","4,584",0,608,"2,447"
35,"State Senator, 18th District (Vote for 1)",53,Wlnsvey E Campos,398,"1,773",896,0,129,748
35,"State Senator, 18th District (Vote for 1)",53,Wlnsvey E Campos,412,"1,749",952,0,139,658
35,"State Senator, 18th District (Vote for 1)",53,Wlnsvey E Campos,416,846,497,0,73,276
35,"State Senator, 18th District (Vote for 1)",53,Wlnsvey E Campos,418,"3,030","1,745",0,209,"1,076"
35,"State Senator, 18th District (Vote for 1)",53,Wlnsvey E Campos,426,436,157,0,23,256
35,"State Senator, 18th District (Vote for 1)",53,Wlnsvey E Campos,429,"2,699","1,545",0,203,951
35,"State Senator, 18th District (Vote for 1)",53,Wlnsvey E Campos,430,"2,310",885,0,178,"1,247"
35,"State Senator, 18th District (Vote for 1)",53,Wlnsvey E Campos,431,775,263,0,38,474
35,"State Senator, 18th District (Vote for 1)",53,Wlnsvey E Campos,434,"4,401","2,592",1,291,"1,517"
35,"State Senator, 18th District (Vote for 1)",53,Wlnsvey E Campos,440,"1,461",868,0,115,478
35,"State Senator, 18th District (Vote for 1)",53,Wlnsvey E Campos,446,107,60,0,11,36
35,"State Senator, 18th District (Vote for 1)",53,Wlnsvey E Campos,449,293,109,0,10,174
35,"State Senator, 18th District (Vote for 1)",53,Wlnsvey E Campos,452,99,41,0,8,50
35,"State Senator, 18th District (Vote for 1)",53,Wlnsvey E Campos,456,7,7,0,0,0
35,"State Senator, 18th District (Vote for 1)",53,Write-in,302,"2,551",2,1,182,"2,366"
35,"State Senator, 18th District (Vote for 1)",53,Write-in,303,330,0,0,21,309
35,"State Senator, 18th District (Vote for 1)",53,Write-in,304,"1,076",0,0,67,"1,009"
35,"State Senator, 18th District (Vote for 1)",53,Write-in,318,"3,750",2,0,249,"3,499"
35,"State Senator, 18th District (Vote for 1)",53,Write-in,319,"5,196",5,0,387,"4,804"
35,"State Senator, 18th District (Vote for 1)",53,Write-in,320,"1,778",1,0,133,"1,644"
35,"State Senator, 18th District (Vote for 1)",53,Write-in,322,269,1,0,17,251
35,"State Senator, 18th District (Vote for 1)",53,Write-in,327,"5,317",9,0,427,"4,881"
35,"State Senator, 18th District (Vote for 1)",53,Write-in,351,"3,169",3,0,278,"2,888"
35,"State Senator, 18th District (Vote for 1)",53,Write-in,352,"1,138",1,0,82,"1,055"
35,"State Senator, 18th District (Vote for 1)",53,Write-in,355,"1,364",1,0,92,"1,271"
35,"State Senator, 18th District (Vote for 1)",53,Write-in,356,"1,662",2,0,128,"1,532"
35,"State Senator, 18th District (Vote for 1)",53,Write-in,357,813,0,0,89,724
35,"State Senator, 18th District (Vote for 1)",53,Write-in,359,"2,324",3,0,185,"2,136"
35,"State Senator, 18th District (Vote for 1)",53,Write-in,360,"2,836",3,1,189,"2,643"
35,"State Senator, 18th District (Vote for 1)",53,Write-in,361,"2,052",2,0,148,"1,902"
35,"State Senator, 18th District (Vote for 1)",53,Write-in,382,"3,905",4,0,308,"3,593"
35,"State Senator, 18th District (Vote for 1)",53,Write-in,389,"7,639",6,0,608,"7,025"
35,"State Senator, 18th District (Vote for 1)",53,Write-in,398,"1,773",0,0,129,"1,644"
35,"State Senator, 18th District (Vote for 1)",53,Write-in,412,"1,749",0,0,139,"1,610"
35,"State Senator, 18th District (Vote for 1)",53,Write-in,416,846,0,0,73,773
35,"State Senator, 18th District (Vote for 1)",53,Write-in,418,"3,030",1,0,209,"2,820"
35,"State Senator, 18th District (Vote for 1)",53,Write-in,426,436,2,0,23,411
35,"State Senator, 18th District (Vote for 1)",53,Write-in,429,"2,699",2,0,203,"2,494"
35,"State Senator, 18th District (Vote for 1)",53,Write-in,430,"2,310",4,0,178,"2,128"
35,"State Senator, 18th District (Vote for 1)",53,Write-in,431,775,0,0,38,737
35,"State Senator, 18th District (Vote for 1)",53,Write-in,434,"4,401",7,0,291,"4,103"
35,"State Senator, 18th District (Vote for 1)",53,Write-in,440,"1,461",4,0,115,"1,342"
35,"State Senator, 18th District (Vote for 1)",53,Write-in,446,107,0,0,11,96
35,"State Senator, 18th District (Vote for 1)",53,Write-in,449,293,0,0,10,283
35,"State Senator, 18th District (Vote for 1)",53,Write-in,452,99,0,0,8,91
35,"State Senator, 18th District (Vote for 1)",53,Write-in,456,7,0,0,0,7
40,"State Representative, 25th District (Vote for 1)",40,Ben Bowman,395,"5,402","3,510",0,411,"1,481"
40,"State Representative, 25th District (Vote for 1)",40,Ben Bowman,399,"2,213","1,429",0,174,610
40,"State Representative, 25th District (Vote for 1)",40,Ben Bowman,400,"3,519","2,330",0,238,951
40,"State Representative, 25th District (Vote for 1)",40,Ben Bowman,402,"6,413","3,756",0,413,"2,244"
40,"State Representative, 25th District (Vote for 1)",40,Ben Bowman,404,"5,913","3,802",0,398,"1,713"
40,"State Representative, 25th District (Vote for 1)",40,Ben Bowman,405,"7,546","4,707",1,519,"2,319"
40,"State Representative, 25th District (Vote for 1)",40,Ben Bowman,409,"4,511","2,859",1,325,"1,326"
40,"State Representative, 25th District (Vote for 1)",40,Ben Bowman,410,"1,322",790,0,105,427
40,"State Representative, 25th District (Vote for 1)",40,Ben Bowman,414,525,309,0,43,173
40,"State Representative, 25th District (Vote for 1)",40,Ben Bowman,417,408,240,0,35,133
40,"State Representative, 25th District (Vote for 1)",40,Ben Bowman,421,499,308,0,48,143
40,"State Representative, 25th District (Vote for 1)",40,Ben Bowman,441,70,56,0,1,13
40,"State Representative, 25th District (Vote for 1)",40,Bob Niemeyer,395,"5,402","1,471",0,411,"3,520"
40,"State Representative, 25th District (Vote for 1)",40,Bob Niemeyer,399,"2,213",604,0,174,"1,435"
40,"State Representative, 25th District (Vote for 1)",40,Bob Niemeyer,400,"3,519",948,0,238,"2,333"
40,"State Representative, 25th District (Vote for 1)",40,Bob Niemeyer,402,"6,413","2,241",0,413,"3,759"
40,"State Representative, 25th District (Vote for 1)",40,Bob Niemeyer,404,"5,913","1,704",0,398,"3,811"
40,"State Representative, 25th District (Vote for 1)",40,Bob Niemeyer,405,"7,546","2,305",0,519,"4,722"
40,"State Representative, 25th District (Vote for 1)",40,Bob Niemeyer,409,"4,511","1,319",1,325,"2,866"
40,"State Representative, 25th District (Vote for 1)",40,Bob Niemeyer,410,"1,322",420,0,105,797
40,"State Representative, 25th District (Vote for 1)",40,Bob Niemeyer,414,525,173,0,43,309
40,"State Representative, 25th District (Vote for 1)",40,Bob Niemeyer,417,408,132,0,35,241
40,"State Representative, 25th District (Vote for 1)",40,Bob Niemeyer,421,499,143,0,48,308
40,"State Representative, 25th District (Vote for 1)",40,Bob Niemeyer,441,70,13,0,1,56
40,"State Representative, 25th District (Vote for 1)",40,Write-in,395,"5,402",10,0,411,"4,981"
40,"State Representative, 25th District (Vote for 1)",40,Write-in,399,"2,213",6,0,174,"2,033"
40,"State Representative, 25th District (Vote for 1)",40,Write-in,400,"3,519",3,0,238,"3,278"
40,"State Representative, 25th District (Vote for 1)",40,Write-in,402,"6,413",3,0,413,"5,997"
40,"State Representative, 25th District (Vote for 1)",40,Write-in,404,"5,913",9,0,398,"5,506"
40,"State Representative, 25th District (Vote for 1)",40,Write-in,405,"7,546",14,1,519,"7,012"
40,"State Representative, 25th District (Vote for 1)",40,Write-in,409,"4,511",7,0,325,"4,179"
40,"State Representative, 25th District (Vote for 1)",40,Write-in,410,"1,322",7,0,105,"1,210"
40,"State Representative, 25th District (Vote for 1)",40,Write-in,414,525,0,0,43,482
40,"State Representative, 25th District (Vote for 1)",40,Write-in,417,408,1,0,35,372
40,"State Representative, 25th District (Vote for 1)",40,Write-in,421,499,0,0,48,451
40,"State Representative, 25th District (Vote for 1)",40,Write-in,441,70,0,0,1,69
45,"State Representative, 26th District (Vote for 1)",41,Courtney Neron,397,"2,943","1,599",0,150,"1,194"
45,"State Representative, 26th District (Vote for 1)",41,Courtney Neron,411,"1,311",807,0,108,396
45,"State Representative, 26th District (Vote for 1)",41,Courtney Neron,413,"1,455",869,1,90,495
45,"State Representative, 26th District (Vote for 1)",41,Courtney Neron,415,850,505,0,55,290
45,"State Representative, 26th District (Vote for 1)",41,Courtney Neron,419,"1,789","1,062",0,119,608
45,"State Representative, 26th District (Vote for 1)",41,Courtney Neron,424,"4,657","2,302",0,294,"2,061"
45,"State Representative, 26th District (Vote for 1)",41,Courtney Neron,425,683,264,0,30,389
45,"State Representative, 26th District (Vote for 1)",41,Courtney Neron,427,"1,301",757,0,89,455
45,"State Representative, 26th District (Vote for 1)",41,Courtney Neron,432,306,192,0,17,97
45,"State Representative, 26th District (Vote for 1)",41,Courtney Neron,435,"4,132","2,195",0,239,"1,698"
45,"State Representative, 26th District (Vote for 1)",41,Courtney Neron,442,"2,708","1,376",0,162,"1,170"
45,"State Representative, 26th District (Vote for 1)",41,Courtney Neron,447,285,106,0,12,167
45,"State Representative, 26th District (Vote for 1)",41,Courtney Neron,448,771,422,0,73,276
45,"State Representative, 26th District (Vote for 1)",41,Courtney Neron,453,11,5,0,0,6
45,"State Representative, 26th District (Vote for 1)",41,Courtney Neron,454,19,1,0,0,18
45,"State Representative, 26th District (Vote for 1)",41,Jason E Fields,397,"2,943","1,190",0,150,"1,603"
45,"State Representative, 26th District (Vote for 1)",41,Jason E Fields,411,"1,311",395,0,108,808
45,"State Representative, 26th District (Vote for 1)",41,Jason E Fields,413,"1,455",495,1,90,869
45,"State Representative, 26th District (Vote for 1)",41,Jason E Fields,415,850,288,0,55,507
45,"State Representative, 26th District (Vote for 1)",41,Jason E Fields,419,"1,789",607,0,119,"1,063"
45,"State Representative, 26th District (Vote for 1)",41,Jason E Fields,424,"4,657","2,059",0,294,"2,304"
45,"State Representative, 26th District (Vote for 1)",41,Jason E Fields,425,683,389,0,30,264
45,"State Representative, 26th District (Vote for 1)",41,Jason E Fields,427,"1,301",455,0,89,757
45,"State Representative, 26th District (Vote for 1)",41,Jason E Fields,432,306,97,0,17,192
45,"State Representative, 26th District (Vote for 1)",41,Jason E Fields,435,"4,132","1,692",0,239,"2,201"
45,"State Representative, 26th District (Vote for 1)",41,Jason E Fields,442,"2,708","1,167",0,162,"1,379"
45,"State Representative, 26th District (Vote for 1)",41,Jason E Fields,447,285,166,0,12,107
45,"State Representative, 26th District (Vote for 1)",41,Jason E Fields,448,771,276,0,73,422
45,"State Representative, 26th District (Vote for 1)",41,Jason E Fields,453,11,6,0,0,5
45,"State Representative, 26th District (Vote for 1)",41,Jason E Fields,454,19,18,0,0,1
45,"State Representative, 26th District (Vote for 1)",41,Write-in,397,"2,943",4,0,150,"2,789"
45,"State Representative, 26th District (Vote for 1)",41,Write-in,411,"1,311",1,0,108,"1,202"
45,"State Representative, 26th District (Vote for 1)",41,Write-in,413,"1,455",0,0,90,"1,365"
45,"State Representative, 26th District (Vote for 1)",41,Write-in,415,850,2,0,55,793
45,"State Representative, 26th District (Vote for 1)",41,Write-in,419,"1,789",1,0,119,"1,669"
45,"State Representative, 26th District (Vote for 1)",41,Write-in,424,"4,657",2,0,294,"4,361"
45,"State Representative, 26th District (Vote for 1)",41,Write-in,425,683,0,0,30,653
45,"State Representative, 26th District (Vote for 1)",41,Write-in,427,"1,301",0,0,89,"1,212"
45,"State Representative, 26th District (Vote for 1)",41,Write-in,432,306,0,0,17,289
45,"State Representative, 26th District (Vote for 1)",41,Write-in,435,"4,132",6,0,239,"3,887"
45,"State Representative, 26th District (Vote for 1)",41,Write-in,442,"2,708",3,0,162,"2,543"
45,"State Representative, 26th District (Vote for 1)",41,Write-in,447,285,1,0,12,272
45,"State Representative, 26th District (Vote for 1)",41,Write-in,448,771,0,0,73,698
45,"State Representative, 26th District (Vote for 1)",41,Write-in,453,11,0,0,0,11
45,"State Representative, 26th District (Vote for 1)",41,Write-in,454,19,0,0,0,19
50,"State Representative, 27th District (Vote for 1)",42,Victoria Kingsbury,349,573,141,0,43,389
50,"State Representative, 27th District (Vote for 1)",42,Victoria Kingsbury,350,"6,361","1,501",1,548,"4,311"
50,"State Representative, 27th District (Vote for 1)",42,Victoria Kingsbury,353,"2,219",456,0,177,"1,586"
50,"State Representative, 27th District (Vote for 1)",42,Victoria Kingsbury,354,"1,811",454,0,139,"1,218"
50,"State Representative, 27th District (Vote for 1)",42,Victoria Kingsbury,362,"6,315","1,609",0,489,"4,217"
50,"State Representative, 27th District (Vote for 1)",42,Victoria Kingsbury,365,"4,622","1,045",0,354,"3,223"
50,"State Representative, 27th District (Vote for 1)",42,Victoria Kingsbury,372,"1,701",391,0,124,"1,186"
50,"State Representative, 27th District (Vote for 1)",42,Victoria Kingsbury,375,279,60,0,25,194
50,"State Representative, 27th District (Vote for 1)",42,Victoria Kingsbury,379,"3,854",950,0,316,"2,588"
50,"State Representative, 27th District (Vote for 1)",42,Victoria Kingsbury,380,"3,025",855,0,216,"1,954"
50,"State Representative, 27th District (Vote for 1)",42,Victoria Kingsbury,383,"1,566",330,0,134,"1,102"
50,"State Representative, 27th District (Vote for 1)",42,Victoria Kingsbury,385,770,192,0,83,495
50,"State Representative, 27th District (Vote for 1)",42,Victoria Kingsbury,406,"2,033",373,0,171,"1,489"
50,"State Representative, 27th District (Vote for 1)",42,Victoria Kingsbury,408,322,79,0,30,213
50,"State Representative, 27th District (Vote for 1)",42,Victoria Kingsbury,455,"1,486",344,0,130,"1,012"
50,"State Representative, 27th District (Vote for 1)",42,Ken Helm,349,573,388,0,43,142
50,"State Representative, 27th District (Vote for 1)",42,Ken Helm,350,"6,361","4,303",0,548,"1,510"
50,"State Representative, 27th District (Vote for 1)",42,Ken Helm,353,"2,219","1,581",0,177,461
50,"State Representative, 27th District (Vote for 1)",42,Ken Helm,354,"1,811","1,217",0,139,455
50,"State Representative, 27th District (Vote for 1)",42,Ken Helm,362,"6,315","4,210",0,489,"1,616"
50,"State Representative, 27th District (Vote for 1)",42,Ken Helm,365,"4,622","3,220",0,354,"1,048"
50,"State Representative, 27th District (Vote for 1)",42,Ken Helm,372,"1,701","1,186",0,124,391
50,"State Representative, 27th District (Vote for 1)",42,Ken Helm,375,279,194,0,25,60
50,"State Representative, 27th District (Vote for 1)",42,Ken Helm,379,"3,854","2,587",0,316,951
50,"State Representative, 27th District (Vote for 1)",42,Ken Helm,380,"3,025","1,950",0,216,859
50,"State Representative, 27th District (Vote for 1)",42,Ken Helm,383,"1,566","1,101",0,134,331
50,"State Representative, 27th District (Vote for 1)",42,Ken Helm,385,770,493,0,83,194
50,"State Representative, 27th District (Vote for 1)",42,Ken Helm,406,"2,033","1,488",0,171,374
50,"State Representative, 27th District (Vote for 1)",42,Ken Helm,408,322,212,0,30,80
50,"State Representative, 27th District (Vote for 1)",42,Ken Helm,455,"1,486","1,012",0,130,344
50,"State Representative, 27th District (Vote for 1)",42,Write-in,349,573,1,0,43,529
50,"State Representative, 27th District (Vote for 1)",42,Write-in,350,"6,361",8,1,548,"5,804"
50,"State Representative, 27th District (Vote for 1)",42,Write-in,353,"2,219",5,0,177,"2,037"
50,"State Representative, 27th District (Vote for 1)",42,Write-in,354,"1,811",1,0,139,"1,671"
50,"State Representative, 27th District (Vote for 1)",42,Write-in,362,"6,315",7,0,489,"5,819"
50,"State Representative, 27th District (Vote for 1)",42,Write-in,365,"4,622",3,0,354,"4,265"
50,"State Representative, 27th District (Vote for 1)",42,Write-in,372,"1,701",0,0,124,"1,577"
50,"State Representative, 27th District (Vote for 1)",42,Write-in,375,279,0,0,25,254
50,"State Representative, 27th District (Vote for 1)",42,Write-in,379,"3,854",1,0,316,"3,537"
50,"State Representative, 27th District (Vote for 1)",42,Write-in,380,"3,025",4,0,216,"2,805"
50,"State Representative, 27th District (Vote for 1)",42,Write-in,383,"1,566",1,0,134,"1,431"
50,"State Representative, 27th District (Vote for 1)",42,Write-in,385,770,2,0,83,685
50,"State Representative, 27th District (Vote for 1)",42,Write-in,406,"2,033",1,0,171,"1,861"
50,"State Representative, 27th District (Vote for 1)",42,Write-in,408,322,1,0,30,291
50,"State Representative, 27th District (Vote for 1)",42,Write-in,455,"1,486",0,0,130,"1,356"
55,"State Representative, 28th District (Vote for 1)",43,Dacia Grayber,378,937,679,0,86,172
55,"State Representative, 28th District (Vote for 1)",43,Dacia Grayber,384,"4,477","3,302",0,325,850
55,"State Representative, 28th District (Vote for 1)",43,Dacia Grayber,386,"1,936","1,367",0,173,396
55,"State Representative, 28th District (Vote for 1)",43,Dacia Grayber,388,250,175,0,14,61
55,"State Representative, 28th District (Vote for 1)",43,Dacia Grayber,391,405,316,0,26,63
55,"State Representative, 28th District (Vote for 1)",43,Dacia Grayber,392,112,77,0,19,16
55,"State Representative, 28th District (Vote for 1)",43,Dacia Grayber,393,626,488,0,40,98
55,"State Representative, 28th District (Vote for 1)",43,Dacia Grayber,401,"1,860","1,378",0,120,362
55,"State Representative, 28th District (Vote for 1)",43,Charles (Chick) Mengis,378,937,169,0,86,682
55,"State Representative, 28th District (Vote for 1)",43,Charles (Chick) Mengis,384,"4,477",847,0,325,"3,305"
55,"State Representative, 28th District (Vote for 1)",43,Charles (Chick) Mengis,386,"1,936",392,0,173,"1,371"
55,"State Representative, 28th District (Vote for 1)",43,Charles (Chick) Mengis,388,250,61,0,14,175
55,"State Representative, 28th District (Vote for 1)",43,Charles (Chick) Mengis,391,405,63,0,26,316
55,"State Representative, 28th District (Vote for 1)",43,Charles (Chick) Mengis,392,112,16,0,19,77
55,"State Representative, 28th District (Vote for 1)",43,Charles (Chick) Mengis,393,626,98,0,40,488
55,"State Representative, 28th District (Vote for 1)",43,Charles (Chick) Mengis,401,"1,860",361,0,120,"1,379"
55,"State Representative, 28th District (Vote for 1)",43,Write-in,378,937,3,0,86,848
55,"State Representative, 28th District (Vote for 1)",43,Write-in,384,"4,477",3,0,325,"4,149"
55,"State Representative, 28th District (Vote for 1)",43,Write-in,386,"1,936",4,0,173,"1,759"
55,"State Representative, 28th District (Vote for 1)",43,Write-in,388,250,0,0,14,236
55,"State Representative, 28th District (Vote for 1)",43,Write-in,391,405,0,0,26,379
55,"State Representative, 28th District (Vote for 1)",43,Write-in,392,112,0,0,19,93
55,"State Representative, 28th District (Vote for 1)",43,Write-in,393,626,0,0,40,586
55,"State Representative, 28th District (Vote for 1)",43,Write-in,401,"1,860",1,0,120,"1,739"
60,"State Representative, 29th District (Vote for 1)",44,Susan McLain,308,148,78,0,67,3
60,"State Representative, 29th District (Vote for 1)",44,Susan McLain,310,614,347,0,241,26
60,"State Representative, 29th District (Vote for 1)",44,Susan McLain,314,310,164,0,136,10
60,"State Representative, 29th District (Vote for 1)",44,Susan McLain,328,931,517,0,391,23
60,"State Representative, 29th District (Vote for 1)",44,Susan McLain,335,"4,268","2,749",0,"1,415",104
60,"State Representative, 29th District (Vote for 1)",44,Susan McLain,336,"2,948","1,929",0,956,63
60,"State Representative, 29th District (Vote for 1)",44,Susan McLain,337,"1,086",739,0,327,20
60,"State Representative, 29th District (Vote for 1)",44,Susan McLain,338,"5,180","3,532",0,"1,515",133
60,"State Representative, 29th District (Vote for 1)",44,Susan McLain,339,"4,822","3,226",0,"1,474",122
60,"State Representative, 29th District (Vote for 1)",44,Susan McLain,340,"6,948","4,592",0,"2,186",170
60,"State Representative, 29th District (Vote for 1)",44,Susan McLain,341,305,153,0,140,12
60,"State Representative, 29th District (Vote for 1)",44,Susan McLain,342,63,44,0,15,4
60,"State Representative, 29th District (Vote for 1)",44,Susan McLain,344,"2,806","1,899",0,851,56
60,"State Representative, 29th District (Vote for 1)",44,Susan McLain,345,27,17,0,10,0
60,"State Representative, 29th District (Vote for 1)",44,Susan McLain,346,274,157,0,109,8
60,"State Representative, 29th District (Vote for 1)",44,Susan McLain,347,55,29,0,22,4
60,"State Representative, 29th District (Vote for 1)",44,Susan McLain,422,17,3,0,14,0
60,"State Representative, 29th District (Vote for 1)",44,Susan McLain,445,1,1,0,0,0
60,"State Representative, 29th District (Vote for 1)",44,Write-in,308,148,3,0,67,78
60,"State Representative, 29th District (Vote for 1)",44,Write-in,310,614,26,0,241,347
60,"State Representative, 29th District (Vote for 1)",44,Write-in,314,310,10,0,136,164
60,"State Representative, 29th District (Vote for 1)",44,Write-in,328,931,23,0,391,517
60,"State Representative, 29th District (Vote for 1)",44,Write-in,335,"4,268",104,0,"1,415","2,749"
60,"State Representative, 29th District (Vote for 1)",44,Write-in,336,"2,948",63,0,956,"1,929"
60,"State Representative, 29th District (Vote for 1)",44,Write-in,337,"1,086",20,0,327,739
60,"State Representative, 29th District (Vote for 1)",44,Write-in,338,"5,180",133,0,"1,515","3,532"
60,"State Representative, 29th District (Vote for 1)",44,Write-in,339,"4,822",122,0,"1,474","3,226"
60,"State Representative, 29th District (Vote for 1)",44,Write-in,340,"6,948",170,0,"2,186","4,592"
60,"State Representative, 29th District (Vote for 1)",44,Write-in,341,305,12,0,140,153
60,"State Representative, 29th District (Vote for 1)",44,Write-in,342,63,4,0,15,44
60,"State Representative, 29th District (Vote for 1)",44,Write-in,344,"2,806",56,0,851,"1,899"
60,"State Representative, 29th District (Vote for 1)",44,Write-in,345,27,0,0,10,17
60,"State Representative, 29th District (Vote for 1)",44,Write-in,346,274,8,0,109,157
60,"State Representative, 29th District (Vote for 1)",44,Write-in,347,55,4,0,22,29
60,"State Representative, 29th District (Vote for 1)",44,Write-in,422,17,0,0,14,3
60,"State Representative, 29th District (Vote for 1)",44,Write-in,445,1,0,0,0,1
65,"State Representative, 30th District (Vote for 1)",45,Nathan Sosa,307,"4,494","2,734",0,"1,631",129
65,"State Representative, 30th District (Vote for 1)",45,Nathan Sosa,309,"4,308","2,762",0,"1,437",109
65,"State Representative, 30th District (Vote for 1)",45,Nathan Sosa,313,3,1,0,2,0
65,"State Representative, 30th District (Vote for 1)",45,Nathan Sosa,315,493,220,0,255,18
65,"State Representative, 30th District (Vote for 1)",45,Nathan Sosa,317,169,83,0,77,9
65,"State Representative, 30th District (Vote for 1)",45,Nathan Sosa,329,"7,692","5,157",0,"2,351",184
65,"State Representative, 30th District (Vote for 1)",45,Nathan Sosa,332,"2,550","1,858",0,642,50
65,"State Representative, 30th District (Vote for 1)",45,Nathan Sosa,333,"3,626","2,599",0,965,62
65,"State Representative, 30th District (Vote for 1)",45,Nathan Sosa,343,"2,608","1,598",1,942,67
65,"State Representative, 30th District (Vote for 1)",45,Nathan Sosa,369,"1,660","1,040",0,576,44
65,"State Representative, 30th District (Vote for 1)",45,Nathan Sosa,370,"2,096","1,317",0,745,34
65,"State Representative, 30th District (Vote for 1)",45,Nathan Sosa,373,328,165,0,150,13
65,"State Representative, 30th District (Vote for 1)",45,Nathan Sosa,374,9,6,0,3,0
65,"State Representative, 30th District (Vote for 1)",45,Nathan Sosa,451,"1,066",714,0,321,31
65,"State Representative, 30th District (Vote for 1)",45,Write-in,307,"4,494",129,0,"1,631","2,734"
65,"State Representative, 30th District (Vote for 1)",45,Write-in,309,"4,308",109,0,"1,437","2,762"
65,"State Representative, 30th District (Vote for 1)",45,Write-in,313,3,0,0,2,1
65,"State Representative, 30th District (Vote for 1)",45,Write-in,315,493,18,0,255,220
65,"State Representative, 30th District (Vote for 1)",45,Write-in,317,169,9,0,77,83
65,"State Representative, 30th District (Vote for 1)",45,Write-in,329,"7,692",184,0,"2,351","5,157"
65,"State Representative, 30th District (Vote for 1)",45,Write-in,332,"2,550",50,0,642,"1,858"
65,"State Representative, 30th District (Vote for 1)",45,Write-in,333,"3,626",62,0,965,"2,599"
65,"State Representative, 30th District (Vote for 1)",45,Write-in,343,"2,608",67,1,942,"1,598"
65,"State Representative, 30th District (Vote for 1)",45,Write-in,369,"1,660",44,0,576,"1,040"
65,"State Representative, 30th District (Vote for 1)",45,Write-in,370,"2,096",34,0,745,"1,317"
65,"State Representative, 30th District (Vote for 1)",45,Write-in,373,328,13,0,150,165
65,"State Representative, 30th District (Vote for 1)",45,Write-in,374,9,0,0,3,6
65,"State Representative, 30th District (Vote for 1)",45,Write-in,451,"1,066",31,0,321,714
70,"State Representative, 31st District (Vote for 1)",46,Jordan Gutierrez,301,"1,724",516,0,128,"1,080"
70,"State Representative, 31st District (Vote for 1)",46,Jordan Gutierrez,305,953,286,0,80,587
70,"State Representative, 31st District (Vote for 1)",46,Jordan Gutierrez,311,684,248,0,46,390
70,"State Representative, 31st District (Vote for 1)",46,Jordan Gutierrez,312,"1,703",537,0,133,"1,033"
70,"State Representative, 31st District (Vote for 1)",46,Jordan Gutierrez,316,"1,719",520,0,145,"1,054"
70,"State Representative, 31st District (Vote for 1)",46,Jordan Gutierrez,321,328,95,1,27,205
70,"State Representative, 31st District (Vote for 1)",46,Jordan Gutierrez,324,519,166,0,53,300
70,"State Representative, 31st District (Vote for 1)",46,Jordan Gutierrez,326,"1,898",522,0,151,"1,225"
70,"State Representative, 31st District (Vote for 1)",46,Jordan Gutierrez,330,"2,150",848,0,206,"1,096"
70,"State Representative, 31st District (Vote for 1)",46,Jordan Gutierrez,334,137,42,0,8,87
70,"State Representative, 31st District (Vote for 1)",46,Jordan Gutierrez,443,11,0,0,0,11
70,"State Representative, 31st District (Vote for 1)",46,Jordan Gutierrez,450,170,36,0,12,122
70,"State Representative, 31st District (Vote for 1)",46,Darcey Edwards,301,"1,724","1,040",0,128,556
70,"State Representative, 31st District (Vote for 1)",46,Darcey Edwards,305,953,559,0,80,314
70,"State Representative, 31st District (Vote for 1)",46,Darcey Edwards,311,684,366,0,46,272
70,"State Representative, 31st District (Vote for 1)",46,Darcey Edwards,312,"1,703",996,0,133,574
70,"State Representative, 31st District (Vote for 1)",46,Darcey Edwards,316,"1,719","1,016",0,145,558
70,"State Representative, 31st District (Vote for 1)",46,Darcey Edwards,321,328,193,1,27,107
70,"State Representative, 31st District (Vote for 1)",46,Darcey Edwards,324,519,282,0,53,184
70,"State Representative, 31st District (Vote for 1)",46,Darcey Edwards,326,"1,898","1,189",0,151,558
70,"State Representative, 31st District (Vote for 1)",46,Darcey Edwards,330,"2,150","1,025",0,206,919
70,"State Representative, 31st District (Vote for 1)",46,Darcey Edwards,334,137,80,0,8,49
70,"State Representative, 31st District (Vote for 1)",46,Darcey Edwards,443,11,11,0,0,0
70,"State Representative, 31st District (Vote for 1)",46,Darcey Edwards,450,170,121,0,12,37
70,"State Representative, 31st District (Vote for 1)",46,Robert Miller,301,"1,724",32,0,128,"1,564"
70,"State Representative, 31st District (Vote for 1)",46,Robert Miller,305,953,26,0,80,847
70,"State Representative, 31st District (Vote for 1)",46,Robert Miller,311,684,24,0,46,614
70,"State Representative, 31st District (Vote for 1)",46,Robert Miller,312,"1,703",35,0,133,"1,535"
70,"State Representative, 31st District (Vote for 1)",46,Robert Miller,316,"1,719",33,0,145,"1,541"
70,"State Representative, 31st District (Vote for 1)",46,Robert Miller,321,328,11,0,27,290
70,"State Representative, 31st District (Vote for 1)",46,Robert Miller,324,519,17,0,53,449
70,"State Representative, 31st District (Vote for 1)",46,Robert Miller,326,"1,898",33,0,151,"1,714"
70,"State Representative, 31st District (Vote for 1)",46,Robert Miller,330,"2,150",69,0,206,"1,875"
70,"State Representative, 31st District (Vote for 1)",46,Robert Miller,334,137,7,0,8,122
70,"State Representative, 31st District (Vote for 1)",46,Robert Miller,443,11,0,0,0,11
70,"State Representative, 31st District (Vote for 1)",46,Robert Miller,450,170,1,0,12,157
70,"State Representative, 31st District (Vote for 1)",46,Write-in,301,"1,724",8,0,128,"1,588"
70,"State Representative, 31st District (Vote for 1)",46,Write-in,305,953,2,0,80,871
70,"State Representative, 31st District (Vote for 1)",46,Write-in,311,684,0,0,46,638
70,"State Representative, 31st District (Vote for 1)",46,Write-in,312,"1,703",2,0,133,"1,568"
70,"State Representative, 31st District (Vote for 1)",46,Write-in,316,"1,719",5,0,145,"1,569"
70,"State Representative, 31st District (Vote for 1)",46,Write-in,321,328,1,0,27,300
70,"State Representative, 31st District (Vote for 1)",46,Write-in,324,519,1,0,53,465
70,"State Representative, 31st District (Vote for 1)",46,Write-in,326,"1,898",3,0,151,"1,744"
70,"State Representative, 31st District (Vote for 1)",46,Write-in,330,"2,150",2,0,206,"1,942"
70,"State Representative, 31st District (Vote for 1)",46,Write-in,334,137,0,0,8,129
70,"State Representative, 31st District (Vote for 1)",46,Write-in,443,11,0,0,0,11
70,"State Representative, 31st District (Vote for 1)",46,Write-in,450,170,0,0,12,158
75,"State Representative, 33rd District (Vote for 1)",47,Stan Baumhofer,366,"1,641",319,0,122,"1,200"
75,"State Representative, 33rd District (Vote for 1)",47,Stan Baumhofer,407,870,236,0,88,546
75,"State Representative, 33rd District (Vote for 1)",47,Thomas J Busse,366,"1,641",53,0,122,"1,466"
75,"State Representative, 33rd District (Vote for 1)",47,Thomas J Busse,407,870,15,0,88,767
75,"State Representative, 33rd District (Vote for 1)",47,Shannon Jones Isadore,366,"1,641","1,146",0,122,373
75,"State Representative, 33rd District (Vote for 1)",47,Shannon Jones Isadore,407,870,531,0,88,251
75,"State Representative, 33rd District (Vote for 1)",47,Write-in,366,"1,641",1,0,122,"1,518"
75,"State Representative, 33rd District (Vote for 1)",47,Write-in,407,870,0,0,88,782
80,"State Representative, 34th District (Vote for 1)",48,John Verbeek,306,579,122,0,28,429
80,"State Representative, 34th District (Vote for 1)",48,John Verbeek,325,155,36,0,15,104
80,"State Representative, 34th District (Vote for 1)",48,John Verbeek,331,"2,399",602,0,191,"1,606"
80,"State Representative, 34th District (Vote for 1)",48,John Verbeek,358,"2,526",685,0,195,"1,646"
80,"State Representative, 34th District (Vote for 1)",48,John Verbeek,363,"2,925",709,0,236,"1,980"
80,"State Representative, 34th District (Vote for 1)",48,John Verbeek,364,"4,460","1,142",0,366,"2,952"
80,"State Representative, 34th District (Vote for 1)",48,John Verbeek,367,"4,269","1,099",0,344,"2,826"
80,"State Representative, 34th District (Vote for 1)",48,John Verbeek,368,"3,793","1,016",1,313,"2,463"
80,"State Representative, 34th District (Vote for 1)",48,John Verbeek,371,"2,037",536,0,149,"1,352"
80,"State Representative, 34th District (Vote for 1)",48,John Verbeek,376,"1,779",508,0,151,"1,120"
80,"State Representative, 34th District (Vote for 1)",48,John Verbeek,377,"2,251",637,0,173,"1,441"
80,"State Representative, 34th District (Vote for 1)",48,John Verbeek,381,475,110,0,34,331
80,"State Representative, 34th District (Vote for 1)",48,John Verbeek,387,21,10,0,0,11
80,"State Representative, 34th District (Vote for 1)",48,John Verbeek,390,"2,098",614,0,173,"1,311"
80,"State Representative, 34th District (Vote for 1)",48,John Verbeek,403,"1,374",411,0,132,831
80,"State Representative, 34th District (Vote for 1)",48,John Verbeek,439,"2,375",598,0,175,"1,602"
80,"State Representative, 34th District (Vote for 1)",48,Lisa Reynolds,306,579,429,0,28,122
80,"State Representative, 34th District (Vote for 1)",48,Lisa Reynolds,325,155,103,0,15,37
80,"State Representative, 34th District (Vote for 1)",48,Lisa Reynolds,331,"2,399","1,597",0,191,611
80,"State Representative, 34th District (Vote for 1)",48,Lisa Reynolds,358,"2,526","1,644",0,195,687
80,"State Representative, 34th District (Vote for 1)",48,Lisa Reynolds,363,"2,925","1,977",0,236,712
80,"State Representative, 34th District (Vote for 1)",48,Lisa Reynolds,364,"4,460","2,948",0,366,"1,146"
80,"State Representative, 34th District (Vote for 1)",48,Lisa Reynolds,367,"4,269","2,821",0,344,"1,104"
80,"State Representative, 34th District (Vote for 1)",48,Lisa Reynolds,368,"3,793","2,457",2,313,"1,021"
80,"State Representative, 34th District (Vote for 1)",48,Lisa Reynolds,371,"2,037","1,351",1,149,536
80,"State Representative, 34th District (Vote for 1)",48,Lisa Reynolds,376,"1,779","1,115",0,151,513
80,"State Representative, 34th District (Vote for 1)",48,Lisa Reynolds,377,"2,251","1,439",0,173,639
80,"State Representative, 34th District (Vote for 1)",48,Lisa Reynolds,381,475,331,0,34,110
80,"State Representative, 34th District (Vote for 1)",48,Lisa Reynolds,387,21,11,0,0,10
80,"State Representative, 34th District (Vote for 1)",48,Lisa Reynolds,390,"2,098","1,307",0,173,618
80,"State Representative, 34th District (Vote for 1)",48,Lisa Reynolds,403,"1,374",830,0,132,412
80,"State Representative, 34th District (Vote for 1)",48,Lisa Reynolds,439,"2,375","1,600",0,175,600
80,"State Representative, 34th District (Vote for 1)",48,Write-in,306,579,0,0,28,551
80,"State Representative, 34th District (Vote for 1)",48,Write-in,325,155,1,0,15,139
80,"State Representative, 34th District (Vote for 1)",48,Write-in,331,"2,399",9,0,191,"2,199"
80,"State Representative, 34th District (Vote for 1)",48,Write-in,358,"2,526",2,0,195,"2,329"
80,"State Representative, 34th District (Vote for 1)",48,Write-in,363,"2,925",3,0,236,"2,686"
80,"State Representative, 34th District (Vote for 1)",48,Write-in,364,"4,460",4,0,366,"4,090"
80,"State Representative, 34th District (Vote for 1)",48,Write-in,367,"4,269",5,0,344,"3,920"
80,"State Representative, 34th District (Vote for 1)",48,Write-in,368,"3,793",5,1,313,"3,474"
80,"State Representative, 34th District (Vote for 1)",48,Write-in,371,"2,037",0,1,149,"1,887"
80,"State Representative, 34th District (Vote for 1)",48,Write-in,376,"1,779",5,0,151,"1,623"
80,"State Representative, 34th District (Vote for 1)",48,Write-in,377,"2,251",2,0,173,"2,076"
80,"State Representative, 34th District (Vote for 1)",48,Write-in,381,475,0,0,34,441
80,"State Representative, 34th District (Vote for 1)",48,Write-in,387,21,0,0,0,21
80,"State Representative, 34th District (Vote for 1)",48,Write-in,390,"2,098",4,0,173,"1,921"
80,"State Representative, 34th District (Vote for 1)",48,Write-in,403,"1,374",1,0,132,"1,241"
80,"State Representative, 34th District (Vote for 1)",48,Write-in,439,"2,375",2,0,175,"2,198"
85,"State Representative, 35th District (Vote for 1)",49,Dan Martin,302,"2,551",895,2,209,"1,445"
85,"State Representative, 35th District (Vote for 1)",49,Dan Martin,319,"5,196","1,599",0,446,"3,151"
85,"State Representative, 35th District (Vote for 1)",49,Dan Martin,351,"3,169",884,0,314,"1,971"
85,"State Representative, 35th District (Vote for 1)",49,Dan Martin,352,"1,138",188,0,101,849
85,"State Representative, 35th District (Vote for 1)",49,Dan Martin,355,"1,364",338,0,108,918
85,"State Representative, 35th District (Vote for 1)",49,Dan Martin,356,"1,662",536,0,140,986
85,"State Representative, 35th District (Vote for 1)",49,Dan Martin,357,813,234,0,94,485
85,"State Representative, 35th District (Vote for 1)",49,Dan Martin,359,"2,324",560,0,220,"1,544"
85,"State Representative, 35th District (Vote for 1)",49,Dan Martin,360,"2,836",710,1,215,"1,910"
85,"State Representative, 35th District (Vote for 1)",49,Dan Martin,361,"2,052",390,0,160,"1,502"
85,"State Representative, 35th District (Vote for 1)",49,Dan Martin,382,"3,905","1,266",0,347,"2,292"
85,"State Representative, 35th District (Vote for 1)",49,Dan Martin,446,107,31,0,12,64
85,"State Representative, 35th District (Vote for 1)",49,Farrah Chaichi,302,"2,551","1,443",1,209,898
85,"State Representative, 35th District (Vote for 1)",49,Farrah Chaichi,319,"5,196","3,143",0,446,"1,607"
85,"State Representative, 35th District (Vote for 1)",49,Farrah Chaichi,351,"3,169","1,963",0,314,892
85,"State Representative, 35th District (Vote for 1)",49,Farrah Chaichi,352,"1,138",847,0,101,190
85,"State Representative, 35th District (Vote for 1)",49,Farrah Chaichi,355,"1,364",916,0,108,340
85,"State Representative, 35th District (Vote for 1)",49,Farrah Chaichi,356,"1,662",984,0,140,538
85,"State Representative, 35th District (Vote for 1)",49,Farrah Chaichi,357,813,485,0,94,234
85,"State Representative, 35th District (Vote for 1)",49,Farrah Chaichi,359,"2,324","1,538",0,220,566
85,"State Representative, 35th District (Vote for 1)",49,Farrah Chaichi,360,"2,836","1,903",0,215,718
85,"State Representative, 35th District (Vote for 1)",49,Farrah Chaichi,361,"2,052","1,499",0,160,393
85,"State Representative, 35th District (Vote for 1)",49,Farrah Chaichi,382,"3,905","2,287",0,347,"1,271"
85,"State Representative, 35th District (Vote for 1)",49,Farrah Chaichi,446,107,64,0,12,31
85,"State Representative, 35th District (Vote for 1)",49,Write-in,302,"2,551",2,1,209,"2,339"
85,"State Representative, 35th District (Vote for 1)",49,Write-in,319,"5,196",8,0,446,"4,742"
85,"State Representative, 35th District (Vote for 1)",49,Write-in,351,"3,169",8,0,314,"2,847"
85,"State Representative, 35th District (Vote for 1)",49,Write-in,352,"1,138",2,0,101,"1,035"
85,"State Representative, 35th District (Vote for 1)",49,Write-in,355,"1,364",2,0,108,"1,254"
85,"State Representative, 35th District (Vote for 1)",49,Write-in,356,"1,662",2,0,140,"1,520"
85,"State Representative, 35th District (Vote for 1)",49,Write-in,357,813,0,0,94,719
85,"State Representative, 35th District (Vote for 1)",49,Write-in,359,"2,324",6,0,220,"2,098"
85,"State Representative, 35th District (Vote for 1)",49,Write-in,360,"2,836",7,1,215,"2,613"
85,"State Representative, 35th District (Vote for 1)",49,Write-in,361,"2,052",3,0,160,"1,889"
85,"State Representative, 35th District (Vote for 1)",49,Write-in,382,"3,905",5,0,347,"3,553"
85,"State Representative, 35th District (Vote for 1)",49,Write-in,446,107,0,0,12,95
90,"State Representative, 36th District (Vote for 1)",50,Hai Pham,303,330,99,0,23,208
90,"State Representative, 36th District (Vote for 1)",50,Hai Pham,304,"1,076",596,0,66,414
90,"State Representative, 36th District (Vote for 1)",50,Hai Pham,318,"3,750","2,214",0,274,"1,262"
90,"State Representative, 36th District (Vote for 1)",50,Hai Pham,320,"1,778","1,083",0,138,557
90,"State Representative, 36th District (Vote for 1)",50,Hai Pham,322,269,121,0,19,129
90,"State Representative, 36th District (Vote for 1)",50,Hai Pham,327,"5,317","3,260",0,448,"1,609"
90,"State Representative, 36th District (Vote for 1)",50,Hai Pham,389,"7,639","4,818",0,638,"2,183"
90,"State Representative, 36th District (Vote for 1)",50,Hai Pham,398,"1,773",959,0,126,688
90,"State Representative, 36th District (Vote for 1)",50,Hai Pham,412,"1,749","1,014",0,137,598
90,"State Representative, 36th District (Vote for 1)",50,Hai Pham,416,846,534,0,75,237
90,"State Representative, 36th District (Vote for 1)",50,Hai Pham,418,"3,030","1,847",0,212,971
90,"State Representative, 36th District (Vote for 1)",50,Hai Pham,426,436,162,0,30,244
90,"State Representative, 36th District (Vote for 1)",50,Hai Pham,429,"2,699","1,594",0,215,890
90,"State Representative, 36th District (Vote for 1)",50,Hai Pham,430,"2,310",941,0,168,"1,201"
90,"State Representative, 36th District (Vote for 1)",50,Hai Pham,431,775,289,0,46,440
90,"State Representative, 36th District (Vote for 1)",50,Hai Pham,434,"4,401","2,666",0,303,"1,432"
90,"State Representative, 36th District (Vote for 1)",50,Hai Pham,440,"1,461",889,0,122,450
90,"State Representative, 36th District (Vote for 1)",50,Hai Pham,449,293,119,0,14,160
90,"State Representative, 36th District (Vote for 1)",50,Hai Pham,452,99,38,0,9,52
90,"State Representative, 36th District (Vote for 1)",50,Hai Pham,456,7,7,0,0,0
90,"State Representative, 36th District (Vote for 1)",50,Shawn Chummar,303,330,208,0,23,99
90,"State Representative, 36th District (Vote for 1)",50,Shawn Chummar,304,"1,076",414,0,66,596
90,"State Representative, 36th District (Vote for 1)",50,Shawn Chummar,318,"3,750","1,259",0,274,"2,217"
90,"State Representative, 36th District (Vote for 1)",50,Shawn Chummar,320,"1,778",557,0,138,"1,083"
90,"State Representative, 36th District (Vote for 1)",50,Shawn Chummar,322,269,127,0,19,123
90,"State Representative, 36th District (Vote for 1)",50,Shawn Chummar,327,"5,317","1,605",0,448,"3,264"
90,"State Representative, 36th District (Vote for 1)",50,Shawn Chummar,389,"7,639","2,177",0,638,"4,824"
90,"State Representative, 36th District (Vote for 1)",50,Shawn Chummar,398,"1,773",685,0,126,962
90,"State Representative, 36th District (Vote for 1)",50,Shawn Chummar,412,"1,749",597,0,137,"1,015"
90,"State Representative, 36th District (Vote for 1)",50,Shawn Chummar,416,846,237,0,75,534
90,"State Representative, 36th District (Vote for 1)",50,Shawn Chummar,418,"3,030",970,0,212,"1,848"
90,"State Representative, 36th District (Vote for 1)",50,Shawn Chummar,426,436,244,0,30,162
90,"State Representative, 36th District (Vote for 1)",50,Shawn Chummar,429,"2,699",884,0,215,"1,600"
90,"State Representative, 36th District (Vote for 1)",50,Shawn Chummar,430,"2,310","1,197",0,168,945
90,"State Representative, 36th District (Vote for 1)",50,Shawn Chummar,431,775,440,0,46,289
90,"State Representative, 36th District (Vote for 1)",50,Shawn Chummar,434,"4,401","1,425",0,303,"2,673"
90,"State Representative, 36th District (Vote for 1)",50,Shawn Chummar,440,"1,461",447,0,122,892
90,"State Representative, 36th District (Vote for 1)",50,Shawn Chummar,449,293,160,0,14,119
90,"State Representative, 36th District (Vote for 1)",50,Shawn Chummar,452,99,52,0,9,38
90,"State Representative, 36th District (Vote for 1)",50,Shawn Chummar,456,7,0,0,0,7
90,"State Representative, 36th District (Vote for 1)",50,Write-in,303,330,0,0,23,307
90,"State Representative, 36th District (Vote for 1)",50,Write-in,304,"1,076",0,0,66,"1,010"
90,"State Representative, 36th District (Vote for 1)",50,Write-in,318,"3,750",3,0,274,"3,473"
90,"State Representative, 36th District (Vote for 1)",50,Write-in,320,"1,778",0,0,138,"1,640"
90,"State Representative, 36th District (Vote for 1)",50,Write-in,322,269,2,0,19,248
90,"State Representative, 36th District (Vote for 1)",50,Write-in,327,"5,317",4,0,448,"4,865"
90,"State Representative, 36th District (Vote for 1)",50,Write-in,389,"7,639",6,0,638,"6,995"
90,"State Representative, 36th District (Vote for 1)",50,Write-in,398,"1,773",3,0,126,"1,644"
90,"State Representative, 36th District (Vote for 1)",50,Write-in,412,"1,749",1,0,137,"1,611"
90,"State Representative, 36th District (Vote for 1)",50,Write-in,416,846,0,0,75,771
90,"State Representative, 36th District (Vote for 1)",50,Write-in,418,"3,030",1,0,212,"2,817"
90,"State Representative, 36th District (Vote for 1)",50,Write-in,426,436,0,0,30,406
90,"State Representative, 36th District (Vote for 1)",50,Write-in,429,"2,699",6,0,215,"2,478"
90,"State Representative, 36th District (Vote for 1)",50,Write-in,430,"2,310",4,0,168,"2,138"
90,"State Representative, 36th District (Vote for 1)",50,Write-in,431,775,0,0,46,729
90,"State Representative, 36th District (Vote for 1)",50,Write-in,434,"4,401",7,0,303,"4,091"
90,"State Representative, 36th District (Vote for 1)",50,Write-in,440,"1,461",3,0,122,"1,336"
90,"State Representative, 36th District (Vote for 1)",50,Write-in,449,293,0,0,14,279
90,"State Representative, 36th District (Vote for 1)",50,Write-in,452,99,0,0,9,90
90,"State Representative, 36th District (Vote for 1)",50,Write-in,456,7,0,0,0,7
95,"State Representative, 37th District (Vote for 1)",51,Jules Walters,348,27,13,0,3,11
95,"State Representative, 37th District (Vote for 1)",51,Jules Walters,394,248,145,0,25,78
95,"State Representative, 37th District (Vote for 1)",51,Jules Walters,396,830,510,0,59,261
95,"State Representative, 37th District (Vote for 1)",51,Jules Walters,420,"3,223","1,880",0,176,"1,167"
95,"State Representative, 37th District (Vote for 1)",51,Jules Walters,423,"3,051","1,898",0,189,964
95,"State Representative, 37th District (Vote for 1)",51,Jules Walters,428,"1,359",793,0,113,453
95,"State Representative, 37th District (Vote for 1)",51,Jules Walters,433,"2,171","1,215",0,135,821
95,"State Representative, 37th District (Vote for 1)",51,Jules Walters,436,"2,242","1,164",0,163,915
95,"State Representative, 37th District (Vote for 1)",51,Jules Walters,437,63,36,0,4,23
95,"State Representative, 37th District (Vote for 1)",51,Jules Walters,438,493,172,0,24,297
95,"State Representative, 37th District (Vote for 1)",51,Jules Walters,444,121,50,0,5,66
95,"State Representative, 37th District (Vote for 1)",51,Ben Edtl,348,27,11,0,3,13
95,"State Representative, 37th District (Vote for 1)",51,Ben Edtl,394,248,77,0,25,146
95,"State Representative, 37th District (Vote for 1)",51,Ben Edtl,396,830,261,0,59,510
95,"State Representative, 37th District (Vote for 1)",51,Ben Edtl,420,"3,223","1,162",0,176,"1,885"
95,"State Representative, 37th District (Vote for 1)",51,Ben Edtl,423,"3,051",959,0,189,"1,903"
95,"State Representative, 37th District (Vote for 1)",51,Ben Edtl,428,"1,359",453,0,113,793
95,"State Representative, 37th District (Vote for 1)",51,Ben Edtl,433,"2,171",816,0,135,"1,220"
95,"State Representative, 37th District (Vote for 1)",51,Ben Edtl,436,"2,242",912,0,163,"1,167"
95,"State Representative, 37th District (Vote for 1)",51,Ben Edtl,437,63,23,0,4,36
95,"State Representative, 37th District (Vote for 1)",51,Ben Edtl,438,493,296,0,24,173
95,"State Representative, 37th District (Vote for 1)",51,Ben Edtl,444,121,66,0,5,50
95,"State Representative, 37th District (Vote for 1)",51,Write-in,348,27,0,0,3,24
95,"State Representative, 37th District (Vote for 1)",51,Write-in,394,248,1,0,25,222
95,"State Representative, 37th District (Vote for 1)",51,Write-in,396,830,0,0,59,771
95,"State Representative, 37th District (Vote for 1)",51,Write-in,420,"3,223",5,0,176,"3,042"
95,"State Representative, 37th District (Vote for 1)",51,Write-in,423,"3,051",5,0,189,"2,857"
95,"State Representative, 37th District (Vote for 1)",51,Write-in,428,"1,359",0,0,113,"1,246"
95,"State Representative, 37th District (Vote for 1)",51,Write-in,433,"2,171",5,0,135,"2,031"
95,"State Representative, 37th District (Vote for 1)",51,Write-in,436,"2,242",3,0,163,"2,076"
95,"State Representative, 37th District (Vote for 1)",51,Write-in,437,63,0,0,4,59
95,"State Representative, 37th District (Vote for 1)",51,Write-in,438,493,1,0,24,468
95,"State Representative, 37th District (Vote for 1)",51,Write-in,444,121,0,0,5,116
100,"Judge of the Supreme Court, Position 1 (Vote for 1)",36,Stephen K Bushong,301,"1,724",803,0,891,30
100,"Judge of the Supreme Court, Position 1 (Vote for 1)",36,Stephen K Bushong,302,"2,551","1,421",0,"1,101",29
100,"Judge of the Supreme Court, Position 1 (Vote for 1)",36,Stephen K Bushong,303,330,150,0,177,3
100,"Judge of the Supreme Court, Position 1 (Vote for 1)",36,Stephen K Bushong,304,"1,076",604,0,452,20
100,"Judge of the Supreme Court, Position 1 (Vote for 1)",36,Stephen K Bushong,305,953,534,0,411,8
100,"Judge of the Supreme Court, Position 1 (Vote for 1)",36,Stephen K Bushong,306,579,361,0,210,8
100,"Judge of the Supreme Court, Position 1 (Vote for 1)",36,Stephen K Bushong,307,"4,494","2,596",0,"1,836",62
100,"Judge of the Supreme Court, Position 1 (Vote for 1)",36,Stephen K Bushong,308,148,83,0,64,1
100,"Judge of the Supreme Court, Position 1 (Vote for 1)",36,Stephen K Bushong,309,"4,308","2,485",0,"1,786",37
100,"Judge of the Supreme Court, Position 1 (Vote for 1)",36,Stephen K Bushong,310,614,305,0,299,10
100,"Judge of the Supreme Court, Position 1 (Vote for 1)",36,Stephen K Bushong,311,684,373,0,303,8
100,"Judge of the Supreme Court, Position 1 (Vote for 1)",36,Stephen K Bushong,312,"1,703",779,0,902,22
100,"Judge of the Supreme Court, Position 1 (Vote for 1)",36,Stephen K Bushong,313,3,0,0,3,0
100,"Judge of the Supreme Court, Position 1 (Vote for 1)",36,Stephen K Bushong,314,310,146,0,164,0
100,"Judge of the Supreme Court, Position 1 (Vote for 1)",36,Stephen K Bushong,315,493,202,0,281,10
100,"Judge of the Supreme Court, Position 1 (Vote for 1)",36,Stephen K Bushong,316,"1,719",776,0,922,21
100,"Judge of the Supreme Court, Position 1 (Vote for 1)",36,Stephen K Bushong,317,169,92,0,72,5
100,"Judge of the Supreme Court, Position 1 (Vote for 1)",36,Stephen K Bushong,318,"3,750","2,221",0,"1,493",36
100,"Judge of the Supreme Court, Position 1 (Vote for 1)",36,Stephen K Bushong,319,"5,196","3,119",0,"2,026",51
100,"Judge of the Supreme Court, Position 1 (Vote for 1)",36,Stephen K Bushong,320,"1,778","1,033",0,736,9
100,"Judge of the Supreme Court, Position 1 (Vote for 1)",36,Stephen K Bushong,321,328,173,0,152,3
100,"Judge of the Supreme Court, Position 1 (Vote for 1)",36,Stephen K Bushong,322,269,145,0,120,4
100,"Judge of the Supreme Court, Position 1 (Vote for 1)",36,Stephen K Bushong,324,519,260,0,250,9
100,"Judge of the Supreme Court, Position 1 (Vote for 1)",36,Stephen K Bushong,325,155,94,0,59,2
100,"Judge of the Supreme Court, Position 1 (Vote for 1)",36,Stephen K Bushong,326,"1,898",892,0,989,17
100,"Judge of the Supreme Court, Position 1 (Vote for 1)",36,Stephen K Bushong,327,"5,317","3,264",0,"2,009",44
100,"Judge of the Supreme Court, Position 1 (Vote for 1)",36,Stephen K Bushong,328,931,479,0,438,14
100,"Judge of the Supreme Court, Position 1 (Vote for 1)",36,Stephen K Bushong,329,"7,692","4,572",0,"3,037",83
100,"Judge of the Supreme Court, Position 1 (Vote for 1)",36,Stephen K Bushong,330,"2,150","1,223",0,889,38
100,"Judge of the Supreme Court, Position 1 (Vote for 1)",36,Stephen K Bushong,331,"2,399","1,443",0,935,21
100,"Judge of the Supreme Court, Position 1 (Vote for 1)",36,Stephen K Bushong,332,"2,550","1,618",0,909,23
100,"Judge of the Supreme Court, Position 1 (Vote for 1)",36,Stephen K Bushong,333,"3,626","2,253",0,"1,338",35
100,"Judge of the Supreme Court, Position 1 (Vote for 1)",36,Stephen K Bushong,334,137,68,0,66,3
100,"Judge of the Supreme Court, Position 1 (Vote for 1)",36,Stephen K Bushong,335,"4,268","2,492",0,"1,731",45
100,"Judge of the Supreme Court, Position 1 (Vote for 1)",36,Stephen K Bushong,336,"2,948","1,704",0,"1,215",29
100,"Judge of the Supreme Court, Position 1 (Vote for 1)",36,Stephen K Bushong,337,"1,086",633,1,445,7
100,"Judge of the Supreme Court, Position 1 (Vote for 1)",36,Stephen K Bushong,338,"5,180","3,214",0,"1,917",49
100,"Judge of the Supreme Court, Position 1 (Vote for 1)",36,Stephen K Bushong,339,"4,822","2,813",0,"1,951",58
100,"Judge of the Supreme Court, Position 1 (Vote for 1)",36,Stephen K Bushong,340,"6,948","4,011",0,"2,865",72
100,"Judge of the Supreme Court, Position 1 (Vote for 1)",36,Stephen K Bushong,341,305,144,0,156,5
100,"Judge of the Supreme Court, Position 1 (Vote for 1)",36,Stephen K Bushong,342,63,41,0,20,2
100,"Judge of the Supreme Court, Position 1 (Vote for 1)",36,Stephen K Bushong,343,"2,608","1,494",0,"1,090",24
100,"Judge of the Supreme Court, Position 1 (Vote for 1)",36,Stephen K Bushong,344,"2,806","1,578",0,"1,193",35
100,"Judge of the Supreme Court, Position 1 (Vote for 1)",36,Stephen K Bushong,345,27,14,0,13,0
100,"Judge of the Supreme Court, Position 1 (Vote for 1)",36,Stephen K Bushong,346,274,140,0,131,3
100,"Judge of the Supreme Court, Position 1 (Vote for 1)",36,Stephen K Bushong,347,55,29,0,25,1
100,"Judge of the Supreme Court, Position 1 (Vote for 1)",36,Stephen K Bushong,348,27,10,0,17,0
100,"Judge of the Supreme Court, Position 1 (Vote for 1)",36,Stephen K Bushong,349,573,328,0,232,13
100,"Judge of the Supreme Court, Position 1 (Vote for 1)",36,Stephen K Bushong,350,"6,361","3,551",0,"2,743",67
100,"Judge of the Supreme Court, Position 1 (Vote for 1)",36,Stephen K Bushong,351,"3,169","1,876",0,"1,260",33
100,"Judge of the Supreme Court, Position 1 (Vote for 1)",36,Stephen K Bushong,352,"1,138",682,0,441,15
100,"Judge of the Supreme Court, Position 1 (Vote for 1)",36,Stephen K Bushong,353,"2,219","1,230",0,961,28
100,"Judge of the Supreme Court, Position 1 (Vote for 1)",36,Stephen K Bushong,354,"1,811","1,050",0,749,12
100,"Judge of the Supreme Court, Position 1 (Vote for 1)",36,Stephen K Bushong,355,"1,364",777,0,576,11
100,"Judge of the Supreme Court, Position 1 (Vote for 1)",36,Stephen K Bushong,356,"1,662",975,0,666,21
100,"Judge of the Supreme Court, Position 1 (Vote for 1)",36,Stephen K Bushong,357,813,486,0,321,6
100,"Judge of the Supreme Court, Position 1 (Vote for 1)",36,Stephen K Bushong,358,"2,526","1,498",0,"1,006",22
100,"Judge of the Supreme Court, Position 1 (Vote for 1)",36,Stephen K Bushong,359,"2,324","1,355",0,947,22
100,"Judge of the Supreme Court, Position 1 (Vote for 1)",36,Stephen K Bushong,360,"2,836","1,687",0,"1,114",35
100,"Judge of the Supreme Court, Position 1 (Vote for 1)",36,Stephen K Bushong,361,"2,052","1,270",0,748,34
100,"Judge of the Supreme Court, Position 1 (Vote for 1)",36,Stephen K Bushong,362,"6,315","3,651",0,"2,609",55
100,"Judge of the Supreme Court, Position 1 (Vote for 1)",36,Stephen K Bushong,363,"2,925","1,620",0,"1,282",23
100,"Judge of the Supreme Court, Position 1 (Vote for 1)",36,Stephen K Bushong,364,"4,460","2,464",0,"1,960",36
100,"Judge of the Supreme Court, Position 1 (Vote for 1)",36,Stephen K Bushong,365,"4,622","2,621",0,"1,977",24
100,"Judge of the Supreme Court, Position 1 (Vote for 1)",36,Stephen K Bushong,366,"1,641",933,0,686,22
100,"Judge of the Supreme Court, Position 1 (Vote for 1)",36,Stephen K Bushong,367,"4,269","2,562",0,"1,678",29
100,"Judge of the Supreme Court, Position 1 (Vote for 1)",36,Stephen K Bushong,368,"3,793","2,190",1,"1,566",36
100,"Judge of the Supreme Court, Position 1 (Vote for 1)",36,Stephen K Bushong,369,"1,660",933,0,712,15
100,"Judge of the Supreme Court, Position 1 (Vote for 1)",36,Stephen K Bushong,370,"2,096","1,159",0,918,19
100,"Judge of the Supreme Court, Position 1 (Vote for 1)",36,Stephen K Bushong,371,"2,037","1,215",0,799,23
100,"Judge of the Supreme Court, Position 1 (Vote for 1)",36,Stephen K Bushong,372,"1,701",970,0,716,15
100,"Judge of the Supreme Court, Position 1 (Vote for 1)",36,Stephen K Bushong,373,328,166,0,160,2
100,"Judge of the Supreme Court, Position 1 (Vote for 1)",36,Stephen K Bushong,374,9,5,0,3,1
100,"Judge of the Supreme Court, Position 1 (Vote for 1)",36,Stephen K Bushong,375,279,164,0,113,2
100,"Judge of the Supreme Court, Position 1 (Vote for 1)",36,Stephen K Bushong,376,"1,779","1,003",0,754,22
100,"Judge of the Supreme Court, Position 1 (Vote for 1)",36,Stephen K Bushong,377,"2,251","1,321",0,915,15
100,"Judge of the Supreme Court, Position 1 (Vote for 1)",36,Stephen K Bushong,378,937,517,0,412,8
100,"Judge of the Supreme Court, Position 1 (Vote for 1)",36,Stephen K Bushong,379,"3,854","2,223",0,"1,602",29
100,"Judge of the Supreme Court, Position 1 (Vote for 1)",36,Stephen K Bushong,380,"3,025","1,675",0,"1,336",14
100,"Judge of the Supreme Court, Position 1 (Vote for 1)",36,Stephen K Bushong,381,475,280,0,193,2
100,"Judge of the Supreme Court, Position 1 (Vote for 1)",36,Stephen K Bushong,382,"3,905","2,331",0,"1,532",42
100,"Judge of the Supreme Court, Position 1 (Vote for 1)",36,Stephen K Bushong,383,"1,566",891,0,660,15
100,"Judge of the Supreme Court, Position 1 (Vote for 1)",36,Stephen K Bushong,384,"4,477","2,567",0,"1,879",31
100,"Judge of the Supreme Court, Position 1 (Vote for 1)",36,Stephen K Bushong,385,770,449,0,320,1
100,"Judge of the Supreme Court, Position 1 (Vote for 1)",36,Stephen K Bushong,386,"1,936","1,085",0,832,19
100,"Judge of the Supreme Court, Position 1 (Vote for 1)",36,Stephen K Bushong,387,21,16,0,5,0
100,"Judge of the Supreme Court, Position 1 (Vote for 1)",36,Stephen K Bushong,388,250,157,0,91,2
100,"Judge of the Supreme Court, Position 1 (Vote for 1)",36,Stephen K Bushong,389,"7,639","4,370",0,"3,197",72
100,"Judge of the Supreme Court, Position 1 (Vote for 1)",36,Stephen K Bushong,390,"2,098","1,220",0,865,13
100,"Judge of the Supreme Court, Position 1 (Vote for 1)",36,Stephen K Bushong,391,405,226,0,174,5
100,"Judge of the Supreme Court, Position 1 (Vote for 1)",36,Stephen K Bushong,392,112,61,0,47,4
100,"Judge of the Supreme Court, Position 1 (Vote for 1)",36,Stephen K Bushong,393,626,352,0,268,6
100,"Judge of the Supreme Court, Position 1 (Vote for 1)",36,Stephen K Bushong,394,248,142,0,105,1
100,"Judge of the Supreme Court, Position 1 (Vote for 1)",36,Stephen K Bushong,395,"5,402","3,140",0,"2,220",42
100,"Judge of the Supreme Court, Position 1 (Vote for 1)",36,Stephen K Bushong,396,830,492,0,335,3
100,"Judge of the Supreme Court, Position 1 (Vote for 1)",36,Stephen K Bushong,397,"2,943","1,661",0,"1,254",28
100,"Judge of the Supreme Court, Position 1 (Vote for 1)",36,Stephen K Bushong,398,"1,773",991,0,772,10
100,"Judge of the Supreme Court, Position 1 (Vote for 1)",36,Stephen K Bushong,399,"2,213","1,244",0,936,33
100,"Judge of the Supreme Court, Position 1 (Vote for 1)",36,Stephen K Bushong,400,"3,519","2,024",0,"1,462",33
100,"Judge of the Supreme Court, Position 1 (Vote for 1)",36,Stephen K Bushong,401,"1,860","1,063",0,780,17
100,"Judge of the Supreme Court, Position 1 (Vote for 1)",36,Stephen K Bushong,402,"6,413","3,671",0,"2,691",51
100,"Judge of the Supreme Court, Position 1 (Vote for 1)",36,Stephen K Bushong,403,"1,374",759,0,604,11
100,"Judge of the Supreme Court, Position 1 (Vote for 1)",36,Stephen K Bushong,404,"5,913","3,454",0,"2,393",66
100,"Judge of the Supreme Court, Position 1 (Vote for 1)",36,Stephen K Bushong,405,"7,546","4,351",0,"3,142",53
100,"Judge of the Supreme Court, Position 1 (Vote for 1)",36,Stephen K Bushong,406,"2,033","1,221",0,797,15
100,"Judge of the Supreme Court, Position 1 (Vote for 1)",36,Stephen K Bushong,407,870,500,0,367,3
100,"Judge of the Supreme Court, Position 1 (Vote for 1)",36,Stephen K Bushong,408,322,187,0,129,6
100,"Judge of the Supreme Court, Position 1 (Vote for 1)",36,Stephen K Bushong,409,"4,511","2,694",0,"1,771",46
100,"Judge of the Supreme Court, Position 1 (Vote for 1)",36,Stephen K Bushong,410,"1,322",745,0,568,9
100,"Judge of the Supreme Court, Position 1 (Vote for 1)",36,Stephen K Bushong,411,"1,311",842,0,464,5
100,"Judge of the Supreme Court, Position 1 (Vote for 1)",36,Stephen K Bushong,412,"1,749",967,0,768,14
100,"Judge of the Supreme Court, Position 1 (Vote for 1)",36,Stephen K Bushong,413,"1,455",890,0,552,13
100,"Judge of the Supreme Court, Position 1 (Vote for 1)",36,Stephen K Bushong,414,525,279,0,240,6
100,"Judge of the Supreme Court, Position 1 (Vote for 1)",36,Stephen K Bushong,415,850,505,0,339,6
100,"Judge of the Supreme Court, Position 1 (Vote for 1)",36,Stephen K Bushong,416,846,526,0,312,8
100,"Judge of the Supreme Court, Position 1 (Vote for 1)",36,Stephen K Bushong,417,408,246,0,160,2
100,"Judge of the Supreme Court, Position 1 (Vote for 1)",36,Stephen K Bushong,418,"3,030","1,769",0,"1,235",26
100,"Judge of the Supreme Court, Position 1 (Vote for 1)",36,Stephen K Bushong,419,"1,789","1,025",0,754,10
100,"Judge of the Supreme Court, Position 1 (Vote for 1)",36,Stephen K Bushong,420,"3,223","1,827",0,"1,377",19
100,"Judge of the Supreme Court, Position 1 (Vote for 1)",36,Stephen K Bushong,421,499,276,0,217,6
100,"Judge of the Supreme Court, Position 1 (Vote for 1)",36,Stephen K Bushong,422,17,3,0,14,0
100,"Judge of the Supreme Court, Position 1 (Vote for 1)",36,Stephen K Bushong,423,"3,051","1,856",0,"1,163",32
100,"Judge of the Supreme Court, Position 1 (Vote for 1)",36,Stephen K Bushong,424,"4,657","2,688",0,"1,927",42
100,"Judge of the Supreme Court, Position 1 (Vote for 1)",36,Stephen K Bushong,425,683,330,0,344,9
100,"Judge of the Supreme Court, Position 1 (Vote for 1)",36,Stephen K Bushong,426,436,218,0,215,3
100,"Judge of the Supreme Court, Position 1 (Vote for 1)",36,Stephen K Bushong,427,"1,301",785,0,507,9
100,"Judge of the Supreme Court, Position 1 (Vote for 1)",36,Stephen K Bushong,428,"1,359",838,0,513,8
100,"Judge of the Supreme Court, Position 1 (Vote for 1)",36,Stephen K Bushong,429,"2,699","1,550",0,"1,123",26
100,"Judge of the Supreme Court, Position 1 (Vote for 1)",36,Stephen K Bushong,430,"2,310","1,054",0,"1,219",37
100,"Judge of the Supreme Court, Position 1 (Vote for 1)",36,Stephen K Bushong,431,775,399,0,370,6
100,"Judge of the Supreme Court, Position 1 (Vote for 1)",36,Stephen K Bushong,432,306,185,0,120,1
100,"Judge of the Supreme Court, Position 1 (Vote for 1)",36,Stephen K Bushong,433,"2,171","1,214",0,938,19
100,"Judge of the Supreme Court, Position 1 (Vote for 1)",36,Stephen K Bushong,434,"4,401","2,574",0,"1,788",39
100,"Judge of the Supreme Court, Position 1 (Vote for 1)",36,Stephen K Bushong,435,"4,132","2,377",0,"1,722",33
100,"Judge of the Supreme Court, Position 1 (Vote for 1)",36,Stephen K Bushong,436,"2,242","1,240",0,979,23
100,"Judge of the Supreme Court, Position 1 (Vote for 1)",36,Stephen K Bushong,437,63,26,0,37,0
100,"Judge of the Supreme Court, Position 1 (Vote for 1)",36,Stephen K Bushong,438,493,256,0,233,4
100,"Judge of the Supreme Court, Position 1 (Vote for 1)",36,Stephen K Bushong,439,"2,375","1,544",0,825,6
100,"Judge of the Supreme Court, Position 1 (Vote for 1)",36,Stephen K Bushong,440,"1,461",908,0,540,13
100,"Judge of the Supreme Court, Position 1 (Vote for 1)",36,Stephen K Bushong,441,70,41,0,29,0
100,"Judge of the Supreme Court, Position 1 (Vote for 1)",36,Stephen K Bushong,442,"2,708","1,630",0,"1,061",17
100,"Judge of the Supreme Court, Position 1 (Vote for 1)",36,Stephen K Bushong,443,11,6,0,5,0
100,"Judge of the Supreme Court, Position 1 (Vote for 1)",36,Stephen K Bushong,444,121,76,0,45,0
100,"Judge of the Supreme Court, Position 1 (Vote for 1)",36,Stephen K Bushong,445,1,1,0,0,0
100,"Judge of the Supreme Court, Position 1 (Vote for 1)",36,Stephen K Bushong,446,107,69,0,37,1
100,"Judge of the Supreme Court, Position 1 (Vote for 1)",36,Stephen K Bushong,447,285,138,0,138,9
100,"Judge of the Supreme Court, Position 1 (Vote for 1)",36,Stephen K Bushong,448,771,449,0,319,3
100,"Judge of the Supreme Court, Position 1 (Vote for 1)",36,Stephen K Bushong,449,293,146,0,140,7
100,"Judge of the Supreme Court, Position 1 (Vote for 1)",36,Stephen K Bushong,450,170,62,0,105,3
100,"Judge of the Supreme Court, Position 1 (Vote for 1)",36,Stephen K Bushong,451,"1,066",628,0,422,16
100,"Judge of the Supreme Court, Position 1 (Vote for 1)",36,Stephen K Bushong,452,99,47,0,51,1
100,"Judge of the Supreme Court, Position 1 (Vote for 1)",36,Stephen K Bushong,453,11,2,0,9,0
100,"Judge of the Supreme Court, Position 1 (Vote for 1)",36,Stephen K Bushong,454,19,7,0,11,1
100,"Judge of the Supreme Court, Position 1 (Vote for 1)",36,Stephen K Bushong,455,"1,486",863,0,617,6
100,"Judge of the Supreme Court, Position 1 (Vote for 1)",36,Stephen K Bushong,456,7,3,0,4,0
100,"Judge of the Supreme Court, Position 1 (Vote for 1)",36,Write-in,301,"1,724",30,0,891,803
100,"Judge of the Supreme Court, Position 1 (Vote for 1)",36,Write-in,302,"2,551",29,0,"1,101","1,421"
100,"Judge of the Supreme Court, Position 1 (Vote for 1)",36,Write-in,303,330,3,0,177,150
100,"Judge of the Supreme Court, Position 1 (Vote for 1)",36,Write-in,304,"1,076",20,0,452,604
100,"Judge of the Supreme Court, Position 1 (Vote for 1)",36,Write-in,305,953,8,0,411,534
100,"Judge of the Supreme Court, Position 1 (Vote for 1)",36,Write-in,306,579,8,0,210,361
100,"Judge of the Supreme Court, Position 1 (Vote for 1)",36,Write-in,307,"4,494",62,0,"1,836","2,596"
100,"Judge of the Supreme Court, Position 1 (Vote for 1)",36,Write-in,308,148,1,0,64,83
100,"Judge of the Supreme Court, Position 1 (Vote for 1)",36,Write-in,309,"4,308",37,0,"1,786","2,485"
100,"Judge of the Supreme Court, Position 1 (Vote for 1)",36,Write-in,310,614,10,0,299,305
100,"Judge of the Supreme Court, Position 1 (Vote for 1)",36,Write-in,311,684,8,0,303,373
100,"Judge of the Supreme Court, Position 1 (Vote for 1)",36,Write-in,312,"1,703",22,0,902,779
100,"Judge of the Supreme Court, Position 1 (Vote for 1)",36,Write-in,313,3,0,0,3,0
100,"Judge of the Supreme Court, Position 1 (Vote for 1)",36,Write-in,314,310,0,0,164,146
100,"Judge of the Supreme Court, Position 1 (Vote for 1)",36,Write-in,315,493,10,0,281,202
100,"Judge of the Supreme Court, Position 1 (Vote for 1)",36,Write-in,316,"1,719",21,0,922,776
100,"Judge of the Supreme Court, Position 1 (Vote for 1)",36,Write-in,317,169,5,0,72,92
100,"Judge of the Supreme Court, Position 1 (Vote for 1)",36,Write-in,318,"3,750",36,0,"1,493","2,221"
100,"Judge of the Supreme Court, Position 1 (Vote for 1)",36,Write-in,319,"5,196",51,0,"2,026","3,119"
100,"Judge of the Supreme Court, Position 1 (Vote for 1)",36,Write-in,320,"1,778",9,0,736,"1,033"
100,"Judge of the Supreme Court, Position 1 (Vote for 1)",36,Write-in,321,328,3,0,152,173
100,"Judge of the Supreme Court, Position 1 (Vote for 1)",36,Write-in,322,269,4,0,120,145
100,"Judge of the Supreme Court, Position 1 (Vote for 1)",36,Write-in,324,519,9,0,250,260
100,"Judge of the Supreme Court, Position 1 (Vote for 1)",36,Write-in,325,155,2,0,59,94
100,"Judge of the Supreme Court, Position 1 (Vote for 1)",36,Write-in,326,"1,898",17,0,989,892
100,"Judge of the Supreme Court, Position 1 (Vote for 1)",36,Write-in,327,"5,317",44,0,"2,009","3,264"
100,"Judge of the Supreme Court, Position 1 (Vote for 1)",36,Write-in,328,931,14,0,438,479
100,"Judge of the Supreme Court, Position 1 (Vote for 1)",36,Write-in,329,"7,692",83,0,"3,037","4,572"
100,"Judge of the Supreme Court, Position 1 (Vote for 1)",36,Write-in,330,"2,150",38,0,889,"1,223"
100,"Judge of the Supreme Court, Position 1 (Vote for 1)",36,Write-in,331,"2,399",21,0,935,"1,443"
100,"Judge of the Supreme Court, Position 1 (Vote for 1)",36,Write-in,332,"2,550",23,0,909,"1,618"
100,"Judge of the Supreme Court, Position 1 (Vote for 1)",36,Write-in,333,"3,626",35,0,"1,338","2,253"
100,"Judge of the Supreme Court, Position 1 (Vote for 1)",36,Write-in,334,137,3,0,66,68
100,"Judge of the Supreme Court, Position 1 (Vote for 1)",36,Write-in,335,"4,268",45,0,"1,731","2,492"
100,"Judge of the Supreme Court, Position 1 (Vote for 1)",36,Write-in,336,"2,948",29,0,"1,215","1,704"
100,"Judge of the Supreme Court, Position 1 (Vote for 1)",36,Write-in,337,"1,086",7,1,445,633
100,"Judge of the Supreme Court, Position 1 (Vote for 1)",36,Write-in,338,"5,180",49,0,"1,917","3,214"
100,"Judge of the Supreme Court, Position 1 (Vote for 1)",36,Write-in,339,"4,822",58,0,"1,951","2,813"
100,"Judge of the Supreme Court, Position 1 (Vote for 1)",36,Write-in,340,"6,948",72,0,"2,865","4,011"
100,"Judge of the Supreme Court, Position 1 (Vote for 1)",36,Write-in,341,305,5,0,156,144
100,"Judge of the Supreme Court, Position 1 (Vote for 1)",36,Write-in,342,63,2,0,20,41
100,"Judge of the Supreme Court, Position 1 (Vote for 1)",36,Write-in,343,"2,608",24,0,"1,090","1,494"
100,"Judge of the Supreme Court, Position 1 (Vote for 1)",36,Write-in,344,"2,806",35,0,"1,193","1,578"
100,"Judge of the Supreme Court, Position 1 (Vote for 1)",36,Write-in,345,27,0,0,13,14
100,"Judge of the Supreme Court, Position 1 (Vote for 1)",36,Write-in,346,274,3,0,131,140
100,"Judge of the Supreme Court, Position 1 (Vote for 1)",36,Write-in,347,55,1,0,25,29
100,"Judge of the Supreme Court, Position 1 (Vote for 1)",36,Write-in,348,27,0,0,17,10
100,"Judge of the Supreme Court, Position 1 (Vote for 1)",36,Write-in,349,573,13,0,232,328
100,"Judge of the Supreme Court, Position 1 (Vote for 1)",36,Write-in,350,"6,361",67,0,"2,743","3,551"
100,"Judge of the Supreme Court, Position 1 (Vote for 1)",36,Write-in,351,"3,169",33,0,"1,260","1,876"
100,"Judge of the Supreme Court, Position 1 (Vote for 1)",36,Write-in,352,"1,138",15,0,441,682
100,"Judge of the Supreme Court, Position 1 (Vote for 1)",36,Write-in,353,"2,219",28,0,961,"1,230"
100,"Judge of the Supreme Court, Position 1 (Vote for 1)",36,Write-in,354,"1,811",12,0,749,"1,050"
100,"Judge of the Supreme Court, Position 1 (Vote for 1)",36,Write-in,355,"1,364",11,0,576,777
100,"Judge of the Supreme Court, Position 1 (Vote for 1)",36,Write-in,356,"1,662",21,0,666,975
100,"Judge of the Supreme Court, Position 1 (Vote for 1)",36,Write-in,357,813,6,0,321,486
100,"Judge of the Supreme Court, Position 1 (Vote for 1)",36,Write-in,358,"2,526",22,0,"1,006","1,498"
100,"Judge of the Supreme Court, Position 1 (Vote for 1)",36,Write-in,359,"2,324",22,0,947,"1,355"
100,"Judge of the Supreme Court, Position 1 (Vote for 1)",36,Write-in,360,"2,836",35,0,"1,114","1,687"
100,"Judge of the Supreme Court, Position 1 (Vote for 1)",36,Write-in,361,"2,052",34,0,748,"1,270"
100,"Judge of the Supreme Court, Position 1 (Vote for 1)",36,Write-in,362,"6,315",55,0,"2,609","3,651"
100,"Judge of the Supreme Court, Position 1 (Vote for 1)",36,Write-in,363,"2,925",23,0,"1,282","1,620"
100,"Judge of the Supreme Court, Position 1 (Vote for 1)",36,Write-in,364,"4,460",36,0,"1,960","2,464"
100,"Judge of the Supreme Court, Position 1 (Vote for 1)",36,Write-in,365,"4,622",24,0,"1,977","2,621"
100,"Judge of the Supreme Court, Position 1 (Vote for 1)",36,Write-in,366,"1,641",22,0,686,933
100,"Judge of the Supreme Court, Position 1 (Vote for 1)",36,Write-in,367,"4,269",29,0,"1,678","2,562"
100,"Judge of the Supreme Court, Position 1 (Vote for 1)",36,Write-in,368,"3,793",36,1,"1,566","2,190"
100,"Judge of the Supreme Court, Position 1 (Vote for 1)",36,Write-in,369,"1,660",15,0,712,933
100,"Judge of the Supreme Court, Position 1 (Vote for 1)",36,Write-in,370,"2,096",19,0,918,"1,159"
100,"Judge of the Supreme Court, Position 1 (Vote for 1)",36,Write-in,371,"2,037",23,0,799,"1,215"
100,"Judge of the Supreme Court, Position 1 (Vote for 1)",36,Write-in,372,"1,701",15,0,716,970
100,"Judge of the Supreme Court, Position 1 (Vote for 1)",36,Write-in,373,328,2,0,160,166
100,"Judge of the Supreme Court, Position 1 (Vote for 1)",36,Write-in,374,9,1,0,3,5
100,"Judge of the Supreme Court, Position 1 (Vote for 1)",36,Write-in,375,279,2,0,113,164
100,"Judge of the Supreme Court, Position 1 (Vote for 1)",36,Write-in,376,"1,779",22,0,754,"1,003"
100,"Judge of the Supreme Court, Position 1 (Vote for 1)",36,Write-in,377,"2,251",15,0,915,"1,321"
100,"Judge of the Supreme Court, Position 1 (Vote for 1)",36,Write-in,378,937,8,0,412,517
100,"Judge of the Supreme Court, Position 1 (Vote for 1)",36,Write-in,379,"3,854",29,0,"1,602","2,223"
100,"Judge of the Supreme Court, Position 1 (Vote for 1)",36,Write-in,380,"3,025",14,0,"1,336","1,675"
100,"Judge of the Supreme Court, Position 1 (Vote for 1)",36,Write-in,381,475,2,0,193,280
100,"Judge of the Supreme Court, Position 1 (Vote for 1)",36,Write-in,382,"3,905",42,0,"1,532","2,331"
100,"Judge of the Supreme Court, Position 1 (Vote for 1)",36,Write-in,383,"1,566",15,0,660,891
100,"Judge of the Supreme Court, Position 1 (Vote for 1)",36,Write-in,384,"4,477",31,0,"1,879","2,567"
100,"Judge of the Supreme Court, Position 1 (Vote for 1)",36,Write-in,385,770,1,0,320,449
100,"Judge of the Supreme Court, Position 1 (Vote for 1)",36,Write-in,386,"1,936",19,0,832,"1,085"
100,"Judge of the Supreme Court, Position 1 (Vote for 1)",36,Write-in,387,21,0,0,5,16
100,"Judge of the Supreme Court, Position 1 (Vote for 1)",36,Write-in,388,250,2,0,91,157
100,"Judge of the Supreme Court, Position 1 (Vote for 1)",36,Write-in,389,"7,639",72,0,"3,197","4,370"
100,"Judge of the Supreme Court, Position 1 (Vote for 1)",36,Write-in,390,"2,098",13,0,865,"1,220"
100,"Judge of the Supreme Court, Position 1 (Vote for 1)",36,Write-in,391,405,5,0,174,226
100,"Judge of the Supreme Court, Position 1 (Vote for 1)",36,Write-in,392,112,4,0,47,61
100,"Judge of the Supreme Court, Position 1 (Vote for 1)",36,Write-in,393,626,6,0,268,352
100,"Judge of the Supreme Court, Position 1 (Vote for 1)",36,Write-in,394,248,1,0,105,142
100,"Judge of the Supreme Court, Position 1 (Vote for 1)",36,Write-in,395,"5,402",42,0,"2,220","3,140"
100,"Judge of the Supreme Court, Position 1 (Vote for 1)",36,Write-in,396,830,3,0,335,492
100,"Judge of the Supreme Court, Position 1 (Vote for 1)",36,Write-in,397,"2,943",28,0,"1,254","1,661"
100,"Judge of the Supreme Court, Position 1 (Vote for 1)",36,Write-in,398,"1,773",10,0,772,991
100,"Judge of the Supreme Court, Position 1 (Vote for 1)",36,Write-in,399,"2,213",33,0,936,"1,244"
100,"Judge of the Supreme Court, Position 1 (Vote for 1)",36,Write-in,400,"3,519",33,0,"1,462","2,024"
100,"Judge of the Supreme Court, Position 1 (Vote for 1)",36,Write-in,401,"1,860",17,0,780,"1,063"
100,"Judge of the Supreme Court, Position 1 (Vote for 1)",36,Write-in,402,"6,413",51,0,"2,691","3,671"
100,"Judge of the Supreme Court, Position 1 (Vote for 1)",36,Write-in,403,"1,374",11,0,604,759
100,"Judge of the Supreme Court, Position 1 (Vote for 1)",36,Write-in,404,"5,913",66,0,"2,393","3,454"
100,"Judge of the Supreme Court, Position 1 (Vote for 1)",36,Write-in,405,"7,546",53,0,"3,142","4,351"
100,"Judge of the Supreme Court, Position 1 (Vote for 1)",36,Write-in,406,"2,033",15,0,797,"1,221"
100,"Judge of the Supreme Court, Position 1 (Vote for 1)",36,Write-in,407,870,3,0,367,500
100,"Judge of the Supreme Court, Position 1 (Vote for 1)",36,Write-in,408,322,6,0,129,187
100,"Judge of the Supreme Court, Position 1 (Vote for 1)",36,Write-in,409,"4,511",46,0,"1,771","2,694"
100,"Judge of the Supreme Court, Position 1 (Vote for 1)",36,Write-in,410,"1,322",9,0,568,745
100,"Judge of the Supreme Court, Position 1 (Vote for 1)",36,Write-in,411,"1,311",5,0,464,842
100,"Judge of the Supreme Court, Position 1 (Vote for 1)",36,Write-in,412,"1,749",14,0,768,967
100,"Judge of the Supreme Court, Position 1 (Vote for 1)",36,Write-in,413,"1,455",13,0,552,890
100,"Judge of the Supreme Court, Position 1 (Vote for 1)",36,Write-in,414,525,6,0,240,279
100,"Judge of the Supreme Court, Position 1 (Vote for 1)",36,Write-in,415,850,6,0,339,505
100,"Judge of the Supreme Court, Position 1 (Vote for 1)",36,Write-in,416,846,8,0,312,526
100,"Judge of the Supreme Court, Position 1 (Vote for 1)",36,Write-in,417,408,2,0,160,246
100,"Judge of the Supreme Court, Position 1 (Vote for 1)",36,Write-in,418,"3,030",26,0,"1,235","1,769"
100,"Judge of the Supreme Court, Position 1 (Vote for 1)",36,Write-in,419,"1,789",10,0,754,"1,025"
100,"Judge of the Supreme Court, Position 1 (Vote for 1)",36,Write-in,420,"3,223",19,0,"1,377","1,827"
100,"Judge of the Supreme Court, Position 1 (Vote for 1)",36,Write-in,421,499,6,0,217,276
100,"Judge of the Supreme Court, Position 1 (Vote for 1)",36,Write-in,422,17,0,0,14,3
100,"Judge of the Supreme Court, Position 1 (Vote for 1)",36,Write-in,423,"3,051",32,0,"1,163","1,856"
100,"Judge of the Supreme Court, Position 1 (Vote for 1)",36,Write-in,424,"4,657",42,0,"1,927","2,688"
100,"Judge of the Supreme Court, Position 1 (Vote for 1)",36,Write-in,425,683,9,0,344,330
100,"Judge of the Supreme Court, Position 1 (Vote for 1)",36,Write-in,426,436,3,0,215,218
100,"Judge of the Supreme Court, Position 1 (Vote for 1)",36,Write-in,427,"1,301",9,0,507,785
100,"Judge of the Supreme Court, Position 1 (Vote for 1)",36,Write-in,428,"1,359",8,0,513,838
100,"Judge of the Supreme Court, Position 1 (Vote for 1)",36,Write-in,429,"2,699",26,0,"1,123","1,550"
100,"Judge of the Supreme Court, Position 1 (Vote for 1)",36,Write-in,430,"2,310",37,0,"1,219","1,054"
100,"Judge of the Supreme Court, Position 1 (Vote for 1)",36,Write-in,431,775,6,0,370,399
100,"Judge of the Supreme Court, Position 1 (Vote for 1)",36,Write-in,432,306,1,0,120,185
100,"Judge of the Supreme Court, Position 1 (Vote for 1)",36,Write-in,433,"2,171",19,0,938,"1,214"
100,"Judge of the Supreme Court, Position 1 (Vote for 1)",36,Write-in,434,"4,401",39,0,"1,788","2,574"
100,"Judge of the Supreme Court, Position 1 (Vote for 1)",36,Write-in,435,"4,132",33,0,"1,722","2,377"
100,"Judge of the Supreme Court, Position 1 (Vote for 1)",36,Write-in,436,"2,242",23,0,979,"1,240"
100,"Judge of the Supreme Court, Position 1 (Vote for 1)",36,Write-in,437,63,0,0,37,26
100,"Judge of the Supreme Court, Position 1 (Vote for 1)",36,Write-in,438,493,4,0,233,256
100,"Judge of the Supreme Court, Position 1 (Vote for 1)",36,Write-in,439,"2,375",6,0,825,"1,544"
100,"Judge of the Supreme Court, Position 1 (Vote for 1)",36,Write-in,440,"1,461",13,0,540,908
100,"Judge of the Supreme Court, Position 1 (Vote for 1)",36,Write-in,441,70,0,0,29,41
100,"Judge of the Supreme Court, Position 1 (Vote for 1)",36,Write-in,442,"2,708",17,0,"1,061","1,630"
100,"Judge of the Supreme Court, Position 1 (Vote for 1)",36,Write-in,443,11,0,0,5,6
100,"Judge of the Supreme Court, Position 1 (Vote for 1)",36,Write-in,444,121,0,0,45,76
100,"Judge of the Supreme Court, Position 1 (Vote for 1)",36,Write-in,445,1,0,0,0,1
100,"Judge of the Supreme Court, Position 1 (Vote for 1)",36,Write-in,446,107,1,0,37,69
100,"Judge of the Supreme Court, Position 1 (Vote for 1)",36,Write-in,447,285,9,0,138,138
100,"Judge of the Supreme Court, Position 1 (Vote for 1)",36,Write-in,448,771,3,0,319,449
100,"Judge of the Supreme Court, Position 1 (Vote for 1)",36,Write-in,449,293,7,0,140,146
100,"Judge of the Supreme Court, Position 1 (Vote for 1)",36,Write-in,450,170,3,0,105,62
100,"Judge of the Supreme Court, Position 1 (Vote for 1)",36,Write-in,451,"1,066",16,0,422,628
100,"Judge of the Supreme Court, Position 1 (Vote for 1)",36,Write-in,452,99,1,0,51,47
100,"Judge of the Supreme Court, Position 1 (Vote for 1)",36,Write-in,453,11,0,0,9,2
100,"Judge of the Supreme Court, Position 1 (Vote for 1)",36,Write-in,454,19,1,0,11,7
100,"Judge of the Supreme Court, Position 1 (Vote for 1)",36,Write-in,455,"1,486",6,0,617,863
100,"Judge of the Supreme Court, Position 1 (Vote for 1)",36,Write-in,456,7,0,0,4,3
105,"Judge of the Supreme Court, Position 7 (Vote for 1)",37,Bronson D James,301,"1,724",803,0,896,25
105,"Judge of the Supreme Court, Position 7 (Vote for 1)",37,Bronson D James,302,"2,551","1,420",0,"1,106",25
105,"Judge of the Supreme Court, Position 7 (Vote for 1)",37,Bronson D James,303,330,152,0,175,3
105,"Judge of the Supreme Court, Position 7 (Vote for 1)",37,Bronson D James,304,"1,076",611,0,449,16
105,"Judge of the Supreme Court, Position 7 (Vote for 1)",37,Bronson D James,305,953,534,0,413,6
105,"Judge of the Supreme Court, Position 7 (Vote for 1)",37,Bronson D James,306,579,364,0,211,4
105,"Judge of the Supreme Court, Position 7 (Vote for 1)",37,Bronson D James,307,"4,494","2,557",0,"1,884",53
105,"Judge of the Supreme Court, Position 7 (Vote for 1)",37,Bronson D James,308,148,84,0,63,1
105,"Judge of the Supreme Court, Position 7 (Vote for 1)",37,Bronson D James,309,"4,308","2,454",0,"1,818",36
105,"Judge of the Supreme Court, Position 7 (Vote for 1)",37,Bronson D James,310,614,302,0,303,9
105,"Judge of the Supreme Court, Position 7 (Vote for 1)",37,Bronson D James,311,684,371,0,306,7
105,"Judge of the Supreme Court, Position 7 (Vote for 1)",37,Bronson D James,312,"1,703",788,0,899,16
105,"Judge of the Supreme Court, Position 7 (Vote for 1)",37,Bronson D James,313,3,0,0,3,0
105,"Judge of the Supreme Court, Position 7 (Vote for 1)",37,Bronson D James,314,310,143,0,167,0
105,"Judge of the Supreme Court, Position 7 (Vote for 1)",37,Bronson D James,315,493,198,0,287,8
105,"Judge of the Supreme Court, Position 7 (Vote for 1)",37,Bronson D James,316,"1,719",774,0,927,18
105,"Judge of the Supreme Court, Position 7 (Vote for 1)",37,Bronson D James,317,169,92,0,72,5
105,"Judge of the Supreme Court, Position 7 (Vote for 1)",37,Bronson D James,318,"3,750","2,216",0,"1,506",28
105,"Judge of the Supreme Court, Position 7 (Vote for 1)",37,Bronson D James,319,"5,196","3,110",0,"2,037",49
105,"Judge of the Supreme Court, Position 7 (Vote for 1)",37,Bronson D James,320,"1,778","1,026",0,743,9
105,"Judge of the Supreme Court, Position 7 (Vote for 1)",37,Bronson D James,321,328,175,0,151,2
105,"Judge of the Supreme Court, Position 7 (Vote for 1)",37,Bronson D James,322,269,142,0,122,5
105,"Judge of the Supreme Court, Position 7 (Vote for 1)",37,Bronson D James,324,519,254,0,255,10
105,"Judge of the Supreme Court, Position 7 (Vote for 1)",37,Bronson D James,325,155,95,0,59,1
105,"Judge of the Supreme Court, Position 7 (Vote for 1)",37,Bronson D James,326,"1,898",872,0,"1,008",18
105,"Judge of the Supreme Court, Position 7 (Vote for 1)",37,Bronson D James,327,"5,317","3,232",0,"2,045",40
105,"Judge of the Supreme Court, Position 7 (Vote for 1)",37,Bronson D James,328,931,475,0,441,15
105,"Judge of the Supreme Court, Position 7 (Vote for 1)",37,Bronson D James,329,"7,692","4,538",0,"3,081",73
105,"Judge of the Supreme Court, Position 7 (Vote for 1)",37,Bronson D James,330,"2,150","1,229",0,887,34
105,"Judge of the Supreme Court, Position 7 (Vote for 1)",37,Bronson D James,331,"2,399","1,428",0,953,18
105,"Judge of the Supreme Court, Position 7 (Vote for 1)",37,Bronson D James,332,"2,550","1,614",0,916,20
105,"Judge of the Supreme Court, Position 7 (Vote for 1)",37,Bronson D James,333,"3,626","2,249",0,"1,350",27
105,"Judge of the Supreme Court, Position 7 (Vote for 1)",37,Bronson D James,334,137,65,0,69,3
105,"Judge of the Supreme Court, Position 7 (Vote for 1)",37,Bronson D James,335,"4,268","2,465",0,"1,765",38
105,"Judge of the Supreme Court, Position 7 (Vote for 1)",37,Bronson D James,336,"2,948","1,696",0,"1,225",27
105,"Judge of the Supreme Court, Position 7 (Vote for 1)",37,Bronson D James,337,"1,086",632,0,449,5
105,"Judge of the Supreme Court, Position 7 (Vote for 1)",37,Bronson D James,338,"5,180","3,197",0,"1,940",43
105,"Judge of the Supreme Court, Position 7 (Vote for 1)",37,Bronson D James,339,"4,822","2,789",0,"1,976",57
105,"Judge of the Supreme Court, Position 7 (Vote for 1)",37,Bronson D James,340,"6,948","3,982",0,"2,897",69
105,"Judge of the Supreme Court, Position 7 (Vote for 1)",37,Bronson D James,341,305,141,0,159,5
105,"Judge of the Supreme Court, Position 7 (Vote for 1)",37,Bronson D James,342,63,37,0,26,0
105,"Judge of the Supreme Court, Position 7 (Vote for 1)",37,Bronson D James,343,"2,608","1,463",0,"1,120",25
105,"Judge of the Supreme Court, Position 7 (Vote for 1)",37,Bronson D James,344,"2,806","1,565",0,"1,208",33
105,"Judge of the Supreme Court, Position 7 (Vote for 1)",37,Bronson D James,345,27,15,0,12,0
105,"Judge of the Supreme Court, Position 7 (Vote for 1)",37,Bronson D James,346,274,137,0,135,2
105,"Judge of the Supreme Court, Position 7 (Vote for 1)",37,Bronson D James,347,55,30,0,24,1
105,"Judge of the Supreme Court, Position 7 (Vote for 1)",37,Bronson D James,348,27,10,0,17,0
105,"Judge of the Supreme Court, Position 7 (Vote for 1)",37,Bronson D James,349,573,325,0,237,11
105,"Judge of the Supreme Court, Position 7 (Vote for 1)",37,Bronson D James,350,"6,361","3,548",0,"2,759",54
105,"Judge of the Supreme Court, Position 7 (Vote for 1)",37,Bronson D James,351,"3,169","1,859",0,"1,277",33
105,"Judge of the Supreme Court, Position 7 (Vote for 1)",37,Bronson D James,352,"1,138",685,0,440,13
105,"Judge of the Supreme Court, Position 7 (Vote for 1)",37,Bronson D James,353,"2,219","1,214",0,980,25
105,"Judge of the Supreme Court, Position 7 (Vote for 1)",37,Bronson D James,354,"1,811","1,052",0,749,10
105,"Judge of the Supreme Court, Position 7 (Vote for 1)",37,Bronson D James,355,"1,364",771,0,585,8
105,"Judge of the Supreme Court, Position 7 (Vote for 1)",37,Bronson D James,356,"1,662",977,1,664,20
105,"Judge of the Supreme Court, Position 7 (Vote for 1)",37,Bronson D James,357,813,482,0,324,7
105,"Judge of the Supreme Court, Position 7 (Vote for 1)",37,Bronson D James,358,"2,526","1,504",0,"1,003",19
105,"Judge of the Supreme Court, Position 7 (Vote for 1)",37,Bronson D James,359,"2,324","1,357",0,948,19
105,"Judge of the Supreme Court, Position 7 (Vote for 1)",37,Bronson D James,360,"2,836","1,678",0,"1,136",22
105,"Judge of the Supreme Court, Position 7 (Vote for 1)",37,Bronson D James,361,"2,052","1,274",0,749,29
105,"Judge of the Supreme Court, Position 7 (Vote for 1)",37,Bronson D James,362,"6,315","3,636",0,"2,631",48
105,"Judge of the Supreme Court, Position 7 (Vote for 1)",37,Bronson D James,363,"2,925","1,612",0,"1,290",23
105,"Judge of the Supreme Court, Position 7 (Vote for 1)",37,Bronson D James,364,"4,460","2,463",0,"1,965",32
105,"Judge of the Supreme Court, Position 7 (Vote for 1)",37,Bronson D James,365,"4,622","2,595",0,"2,008",19
105,"Judge of the Supreme Court, Position 7 (Vote for 1)",37,Bronson D James,366,"1,641",923,0,697,21
105,"Judge of the Supreme Court, Position 7 (Vote for 1)",37,Bronson D James,367,"4,269","2,551",0,"1,691",27
105,"Judge of the Supreme Court, Position 7 (Vote for 1)",37,Bronson D James,368,"3,793","2,187",2,"1,570",34
105,"Judge of the Supreme Court, Position 7 (Vote for 1)",37,Bronson D James,369,"1,660",917,0,725,18
105,"Judge of the Supreme Court, Position 7 (Vote for 1)",37,Bronson D James,370,"2,096","1,149",0,929,18
105,"Judge of the Supreme Court, Position 7 (Vote for 1)",37,Bronson D James,371,"2,037","1,199",0,817,21
105,"Judge of the Supreme Court, Position 7 (Vote for 1)",37,Bronson D James,372,"1,701",948,0,740,13
105,"Judge of the Supreme Court, Position 7 (Vote for 1)",37,Bronson D James,373,328,165,0,161,2
105,"Judge of the Supreme Court, Position 7 (Vote for 1)",37,Bronson D James,374,9,6,0,3,0
105,"Judge of the Supreme Court, Position 7 (Vote for 1)",37,Bronson D James,375,279,165,0,111,3
105,"Judge of the Supreme Court, Position 7 (Vote for 1)",37,Bronson D James,376,"1,779",993,0,764,22
105,"Judge of the Supreme Court, Position 7 (Vote for 1)",37,Bronson D James,377,"2,251","1,317",0,918,16
105,"Judge of the Supreme Court, Position 7 (Vote for 1)",37,Bronson D James,378,937,516,0,415,6
105,"Judge of the Supreme Court, Position 7 (Vote for 1)",37,Bronson D James,379,"3,854","2,207",0,"1,624",23
105,"Judge of the Supreme Court, Position 7 (Vote for 1)",37,Bronson D James,380,"3,025","1,658",0,"1,346",21
105,"Judge of the Supreme Court, Position 7 (Vote for 1)",37,Bronson D James,381,475,282,0,192,1
105,"Judge of the Supreme Court, Position 7 (Vote for 1)",37,Bronson D James,382,"3,905","2,312",0,"1,554",39
105,"Judge of the Supreme Court, Position 7 (Vote for 1)",37,Bronson D James,383,"1,566",885,0,661,20
105,"Judge of the Supreme Court, Position 7 (Vote for 1)",37,Bronson D James,384,"4,477","2,555",0,"1,902",20
105,"Judge of the Supreme Court, Position 7 (Vote for 1)",37,Bronson D James,385,770,445,0,324,1
105,"Judge of the Supreme Court, Position 7 (Vote for 1)",37,Bronson D James,386,"1,936","1,067",0,850,19
105,"Judge of the Supreme Court, Position 7 (Vote for 1)",37,Bronson D James,387,21,17,0,4,0
105,"Judge of the Supreme Court, Position 7 (Vote for 1)",37,Bronson D James,388,250,153,0,95,2
105,"Judge of the Supreme Court, Position 7 (Vote for 1)",37,Bronson D James,389,"7,639","4,340",0,"3,232",67
105,"Judge of the Supreme Court, Position 7 (Vote for 1)",37,Bronson D James,390,"2,098","1,196",0,889,13
105,"Judge of the Supreme Court, Position 7 (Vote for 1)",37,Bronson D James,391,405,227,0,174,4
105,"Judge of the Supreme Court, Position 7 (Vote for 1)",37,Bronson D James,392,112,62,0,47,3
105,"Judge of the Supreme Court, Position 7 (Vote for 1)",37,Bronson D James,393,626,350,0,270,6
105,"Judge of the Supreme Court, Position 7 (Vote for 1)",37,Bronson D James,394,248,142,0,105,1
105,"Judge of the Supreme Court, Position 7 (Vote for 1)",37,Bronson D James,395,"5,402","3,125",0,"2,239",38
105,"Judge of the Supreme Court, Position 7 (Vote for 1)",37,Bronson D James,396,830,488,0,340,2
105,"Judge of the Supreme Court, Position 7 (Vote for 1)",37,Bronson D James,397,"2,943","1,649",0,"1,266",28
105,"Judge of the Supreme Court, Position 7 (Vote for 1)",37,Bronson D James,398,"1,773",981,0,778,14
105,"Judge of the Supreme Court, Position 7 (Vote for 1)",37,Bronson D James,399,"2,213","1,225",0,958,30
105,"Judge of the Supreme Court, Position 7 (Vote for 1)",37,Bronson D James,400,"3,519","2,017",0,"1,475",27
105,"Judge of the Supreme Court, Position 7 (Vote for 1)",37,Bronson D James,401,"1,860","1,053",0,793,14
105,"Judge of the Supreme Court, Position 7 (Vote for 1)",37,Bronson D James,402,"6,413","3,622",0,"2,743",48
105,"Judge of the Supreme Court, Position 7 (Vote for 1)",37,Bronson D James,403,"1,374",761,0,604,9
105,"Judge of the Supreme Court, Position 7 (Vote for 1)",37,Bronson D James,404,"5,913","3,439",0,"2,416",58
105,"Judge of the Supreme Court, Position 7 (Vote for 1)",37,Bronson D James,405,"7,546","4,293",0,"3,205",48
105,"Judge of the Supreme Court, Position 7 (Vote for 1)",37,Bronson D James,406,"2,033","1,213",0,805,15
105,"Judge of the Supreme Court, Position 7 (Vote for 1)",37,Bronson D James,407,870,489,0,379,2
105,"Judge of the Supreme Court, Position 7 (Vote for 1)",37,Bronson D James,408,322,195,0,124,3
105,"Judge of the Supreme Court, Position 7 (Vote for 1)",37,Bronson D James,409,"4,511","2,681",0,"1,787",43
105,"Judge of the Supreme Court, Position 7 (Vote for 1)",37,Bronson D James,410,"1,322",738,0,574,10
105,"Judge of the Supreme Court, Position 7 (Vote for 1)",37,Bronson D James,411,"1,311",834,0,475,2
105,"Judge of the Supreme Court, Position 7 (Vote for 1)",37,Bronson D James,412,"1,749",957,0,782,10
105,"Judge of the Supreme Court, Position 7 (Vote for 1)",37,Bronson D James,413,"1,455",892,0,550,13
105,"Judge of the Supreme Court, Position 7 (Vote for 1)",37,Bronson D James,414,525,275,0,242,8
105,"Judge of the Supreme Court, Position 7 (Vote for 1)",37,Bronson D James,415,850,493,0,352,5
105,"Judge of the Supreme Court, Position 7 (Vote for 1)",37,Bronson D James,416,846,527,0,313,6
105,"Judge of the Supreme Court, Position 7 (Vote for 1)",37,Bronson D James,417,408,242,0,164,2
105,"Judge of the Supreme Court, Position 7 (Vote for 1)",37,Bronson D James,418,"3,030","1,762",0,"1,242",26
105,"Judge of the Supreme Court, Position 7 (Vote for 1)",37,Bronson D James,419,"1,789","1,020",0,762,7
105,"Judge of the Supreme Court, Position 7 (Vote for 1)",37,Bronson D James,420,"3,223","1,824",0,"1,379",20
105,"Judge of the Supreme Court, Position 7 (Vote for 1)",37,Bronson D James,421,499,274,0,218,7
105,"Judge of the Supreme Court, Position 7 (Vote for 1)",37,Bronson D James,422,17,4,0,13,0
105,"Judge of the Supreme Court, Position 7 (Vote for 1)",37,Bronson D James,423,"3,051","1,868",0,"1,150",33
105,"Judge of the Supreme Court, Position 7 (Vote for 1)",37,Bronson D James,424,"4,657","2,686",0,"1,935",36
105,"Judge of the Supreme Court, Position 7 (Vote for 1)",37,Bronson D James,425,683,328,0,344,11
105,"Judge of the Supreme Court, Position 7 (Vote for 1)",37,Bronson D James,426,436,223,0,210,3
105,"Judge of the Supreme Court, Position 7 (Vote for 1)",37,Bronson D James,427,"1,301",775,0,518,8
105,"Judge of the Supreme Court, Position 7 (Vote for 1)",37,Bronson D James,428,"1,359",831,0,525,3
105,"Judge of the Supreme Court, Position 7 (Vote for 1)",37,Bronson D James,429,"2,699","1,545",0,"1,132",22
105,"Judge of the Supreme Court, Position 7 (Vote for 1)",37,Bronson D James,430,"2,310","1,050",0,"1,232",28
105,"Judge of the Supreme Court, Position 7 (Vote for 1)",37,Bronson D James,431,775,393,0,377,5
105,"Judge of the Supreme Court, Position 7 (Vote for 1)",37,Bronson D James,432,306,184,0,122,0
105,"Judge of the Supreme Court, Position 7 (Vote for 1)",37,Bronson D James,433,"2,171","1,217",0,936,18
105,"Judge of the Supreme Court, Position 7 (Vote for 1)",37,Bronson D James,434,"4,401","2,536",0,"1,832",33
105,"Judge of the Supreme Court, Position 7 (Vote for 1)",37,Bronson D James,435,"4,132","2,359",0,"1,742",31
105,"Judge of the Supreme Court, Position 7 (Vote for 1)",37,Bronson D James,436,"2,242","1,220",0,999,23
105,"Judge of the Supreme Court, Position 7 (Vote for 1)",37,Bronson D James,437,63,26,0,37,0
105,"Judge of the Supreme Court, Position 7 (Vote for 1)",37,Bronson D James,438,493,257,0,231,5
105,"Judge of the Supreme Court, Position 7 (Vote for 1)",37,Bronson D James,439,"2,375","1,526",0,842,7
105,"Judge of the Supreme Court, Position 7 (Vote for 1)",37,Bronson D James,440,"1,461",911,0,539,11
105,"Judge of the Supreme Court, Position 7 (Vote for 1)",37,Bronson D James,441,70,41,0,29,0
105,"Judge of the Supreme Court, Position 7 (Vote for 1)",37,Bronson D James,442,"2,708","1,601",0,"1,086",21
105,"Judge of the Supreme Court, Position 7 (Vote for 1)",37,Bronson D James,443,11,6,0,5,0
105,"Judge of the Supreme Court, Position 7 (Vote for 1)",37,Bronson D James,444,121,76,0,45,0
105,"Judge of the Supreme Court, Position 7 (Vote for 1)",37,Bronson D James,445,1,1,0,0,0
105,"Judge of the Supreme Court, Position 7 (Vote for 1)",37,Bronson D James,446,107,69,0,37,1
105,"Judge of the Supreme Court, Position 7 (Vote for 1)",37,Bronson D James,447,285,137,0,141,7
105,"Judge of the Supreme Court, Position 7 (Vote for 1)",37,Bronson D James,448,771,446,0,322,3
105,"Judge of the Supreme Court, Position 7 (Vote for 1)",37,Bronson D James,449,293,144,0,142,7
105,"Judge of the Supreme Court, Position 7 (Vote for 1)",37,Bronson D James,450,170,62,0,105,3
105,"Judge of the Supreme Court, Position 7 (Vote for 1)",37,Bronson D James,451,"1,066",627,0,429,10
105,"Judge of the Supreme Court, Position 7 (Vote for 1)",37,Bronson D James,452,99,47,0,51,1
105,"Judge of the Supreme Court, Position 7 (Vote for 1)",37,Bronson D James,453,11,2,0,9,0
105,"Judge of the Supreme Court, Position 7 (Vote for 1)",37,Bronson D James,454,19,7,0,11,1
105,"Judge of the Supreme Court, Position 7 (Vote for 1)",37,Bronson D James,455,"1,486",865,0,615,6
105,"Judge of the Supreme Court, Position 7 (Vote for 1)",37,Bronson D James,456,7,3,0,4,0
105,"Judge of the Supreme Court, Position 7 (Vote for 1)",37,Write-in,301,"1,724",25,0,896,803
105,"Judge of the Supreme Court, Position 7 (Vote for 1)",37,Write-in,302,"2,551",25,0,"1,106","1,420"
105,"Judge of the Supreme Court, Position 7 (Vote for 1)",37,Write-in,303,330,3,0,175,152
105,"Judge of the Supreme Court, Position 7 (Vote for 1)",37,Write-in,304,"1,076",16,0,449,611
105,"Judge of the Supreme Court, Position 7 (Vote for 1)",37,Write-in,305,953,6,0,413,534
105,"Judge of the Supreme Court, Position 7 (Vote for 1)",37,Write-in,306,579,4,0,211,364
105,"Judge of the Supreme Court, Position 7 (Vote for 1)",37,Write-in,307,"4,494",53,0,"1,884","2,557"
105,"Judge of the Supreme Court, Position 7 (Vote for 1)",37,Write-in,308,148,1,0,63,84
105,"Judge of the Supreme Court, Position 7 (Vote for 1)",37,Write-in,309,"4,308",36,0,"1,818","2,454"
105,"Judge of the Supreme Court, Position 7 (Vote for 1)",37,Write-in,310,614,9,0,303,302
105,"Judge of the Supreme Court, Position 7 (Vote for 1)",37,Write-in,311,684,7,0,306,371
105,"Judge of the Supreme Court, Position 7 (Vote for 1)",37,Write-in,312,"1,703",16,0,899,788
105,"Judge of the Supreme Court, Position 7 (Vote for 1)",37,Write-in,313,3,0,0,3,0
105,"Judge of the Supreme Court, Position 7 (Vote for 1)",37,Write-in,314,310,0,0,167,143
105,"Judge of the Supreme Court, Position 7 (Vote for 1)",37,Write-in,315,493,8,0,287,198
105,"Judge of the Supreme Court, Position 7 (Vote for 1)",37,Write-in,316,"1,719",18,0,927,774
105,"Judge of the Supreme Court, Position 7 (Vote for 1)",37,Write-in,317,169,5,0,72,92
105,"Judge of the Supreme Court, Position 7 (Vote for 1)",37,Write-in,318,"3,750",28,0,"1,506","2,216"
105,"Judge of the Supreme Court, Position 7 (Vote for 1)",37,Write-in,319,"5,196",49,0,"2,037","3,110"
105,"Judge of the Supreme Court, Position 7 (Vote for 1)",37,Write-in,320,"1,778",9,0,743,"1,026"
105,"Judge of the Supreme Court, Position 7 (Vote for 1)",37,Write-in,321,328,2,0,151,175
105,"Judge of the Supreme Court, Position 7 (Vote for 1)",37,Write-in,322,269,5,0,122,142
105,"Judge of the Supreme Court, Position 7 (Vote for 1)",37,Write-in,324,519,10,0,255,254
105,"Judge of the Supreme Court, Position 7 (Vote for 1)",37,Write-in,325,155,1,0,59,95
105,"Judge of the Supreme Court, Position 7 (Vote for 1)",37,Write-in,326,"1,898",18,0,"1,008",872
105,"Judge of the Supreme Court, Position 7 (Vote for 1)",37,Write-in,327,"5,317",40,0,"2,045","3,232"
105,"Judge of the Supreme Court, Position 7 (Vote for 1)",37,Write-in,328,931,15,0,441,475
105,"Judge of the Supreme Court, Position 7 (Vote for 1)",37,Write-in,329,"7,692",73,0,"3,081","4,538"
105,"Judge of the Supreme Court, Position 7 (Vote for 1)",37,Write-in,330,"2,150",34,0,887,"1,229"
105,"Judge of the Supreme Court, Position 7 (Vote for 1)",37,Write-in,331,"2,399",18,0,953,"1,428"
105,"Judge of the Supreme Court, Position 7 (Vote for 1)",37,Write-in,332,"2,550",20,0,916,"1,614"
105,"Judge of the Supreme Court, Position 7 (Vote for 1)",37,Write-in,333,"3,626",27,0,"1,350","2,249"
105,"Judge of the Supreme Court, Position 7 (Vote for 1)",37,Write-in,334,137,3,0,69,65
105,"Judge of the Supreme Court, Position 7 (Vote for 1)",37,Write-in,335,"4,268",38,0,"1,765","2,465"
105,"Judge of the Supreme Court, Position 7 (Vote for 1)",37,Write-in,336,"2,948",27,0,"1,225","1,696"
105,"Judge of the Supreme Court, Position 7 (Vote for 1)",37,Write-in,337,"1,086",5,0,449,632
105,"Judge of the Supreme Court, Position 7 (Vote for 1)",37,Write-in,338,"5,180",43,0,"1,940","3,197"
105,"Judge of the Supreme Court, Position 7 (Vote for 1)",37,Write-in,339,"4,822",57,0,"1,976","2,789"
105,"Judge of the Supreme Court, Position 7 (Vote for 1)",37,Write-in,340,"6,948",69,0,"2,897","3,982"
105,"Judge of the Supreme Court, Position 7 (Vote for 1)",37,Write-in,341,305,5,0,159,141
105,"Judge of the Supreme Court, Position 7 (Vote for 1)",37,Write-in,342,63,0,0,26,37
105,"Judge of the Supreme Court, Position 7 (Vote for 1)",37,Write-in,343,"2,608",25,0,"1,120","1,463"
105,"Judge of the Supreme Court, Position 7 (Vote for 1)",37,Write-in,344,"2,806",33,0,"1,208","1,565"
105,"Judge of the Supreme Court, Position 7 (Vote for 1)",37,Write-in,345,27,0,0,12,15
105,"Judge of the Supreme Court, Position 7 (Vote for 1)",37,Write-in,346,274,2,0,135,137
105,"Judge of the Supreme Court, Position 7 (Vote for 1)",37,Write-in,347,55,1,0,24,30
105,"Judge of the Supreme Court, Position 7 (Vote for 1)",37,Write-in,348,27,0,0,17,10
105,"Judge of the Supreme Court, Position 7 (Vote for 1)",37,Write-in,349,573,11,0,237,325
105,"Judge of the Supreme Court, Position 7 (Vote for 1)",37,Write-in,350,"6,361",54,0,"2,759","3,548"
105,"Judge of the Supreme Court, Position 7 (Vote for 1)",37,Write-in,351,"3,169",33,0,"1,277","1,859"
105,"Judge of the Supreme Court, Position 7 (Vote for 1)",37,Write-in,352,"1,138",13,0,440,685
105,"Judge of the Supreme Court, Position 7 (Vote for 1)",37,Write-in,353,"2,219",25,0,980,"1,214"
105,"Judge of the Supreme Court, Position 7 (Vote for 1)",37,Write-in,354,"1,811",10,0,749,"1,052"
105,"Judge of the Supreme Court, Position 7 (Vote for 1)",37,Write-in,355,"1,364",8,0,585,771
105,"Judge of the Supreme Court, Position 7 (Vote for 1)",37,Write-in,356,"1,662",20,1,664,977
105,"Judge of the Supreme Court, Position 7 (Vote for 1)",37,Write-in,357,813,7,0,324,482
105,"Judge of the Supreme Court, Position 7 (Vote for 1)",37,Write-in,358,"2,526",19,0,"1,003","1,504"
105,"Judge of the Supreme Court, Position 7 (Vote for 1)",37,Write-in,359,"2,324",19,0,948,"1,357"
105,"Judge of the Supreme Court, Position 7 (Vote for 1)",37,Write-in,360,"2,836",22,0,"1,136","1,678"
105,"Judge of the Supreme Court, Position 7 (Vote for 1)",37,Write-in,361,"2,052",29,0,749,"1,274"
105,"Judge of the Supreme Court, Position 7 (Vote for 1)",37,Write-in,362,"6,315",48,0,"2,631","3,636"
105,"Judge of the Supreme Court, Position 7 (Vote for 1)",37,Write-in,363,"2,925",23,0,"1,290","1,612"
105,"Judge of the Supreme Court, Position 7 (Vote for 1)",37,Write-in,364,"4,460",32,0,"1,965","2,463"
105,"Judge of the Supreme Court, Position 7 (Vote for 1)",37,Write-in,365,"4,622",19,0,"2,008","2,595"
105,"Judge of the Supreme Court, Position 7 (Vote for 1)",37,Write-in,366,"1,641",21,0,697,923
105,"Judge of the Supreme Court, Position 7 (Vote for 1)",37,Write-in,367,"4,269",27,0,"1,691","2,551"
105,"Judge of the Supreme Court, Position 7 (Vote for 1)",37,Write-in,368,"3,793",34,2,"1,570","2,187"
105,"Judge of the Supreme Court, Position 7 (Vote for 1)",37,Write-in,369,"1,660",18,0,725,917
105,"Judge of the Supreme Court, Position 7 (Vote for 1)",37,Write-in,370,"2,096",18,0,929,"1,149"
105,"Judge of the Supreme Court, Position 7 (Vote for 1)",37,Write-in,371,"2,037",21,0,817,"1,199"
105,"Judge of the Supreme Court, Position 7 (Vote for 1)",37,Write-in,372,"1,701",13,0,740,948
105,"Judge of the Supreme Court, Position 7 (Vote for 1)",37,Write-in,373,328,2,0,161,165
105,"Judge of the Supreme Court, Position 7 (Vote for 1)",37,Write-in,374,9,0,0,3,6
105,"Judge of the Supreme Court, Position 7 (Vote for 1)",37,Write-in,375,279,3,0,111,165
105,"Judge of the Supreme Court, Position 7 (Vote for 1)",37,Write-in,376,"1,779",22,0,764,993
105,"Judge of the Supreme Court, Position 7 (Vote for 1)",37,Write-in,377,"2,251",16,0,918,"1,317"
105,"Judge of the Supreme Court, Position 7 (Vote for 1)",37,Write-in,378,937,6,0,415,516
105,"Judge of the Supreme Court, Position 7 (Vote for 1)",37,Write-in,379,"3,854",23,0,"1,624","2,207"
105,"Judge of the Supreme Court, Position 7 (Vote for 1)",37,Write-in,380,"3,025",21,0,"1,346","1,658"
105,"Judge of the Supreme Court, Position 7 (Vote for 1)",37,Write-in,381,475,1,0,192,282
105,"Judge of the Supreme Court, Position 7 (Vote for 1)",37,Write-in,382,"3,905",39,0,"1,554","2,312"
105,"Judge of the Supreme Court, Position 7 (Vote for 1)",37,Write-in,383,"1,566",20,0,661,885
105,"Judge of the Supreme Court, Position 7 (Vote for 1)",37,Write-in,384,"4,477",20,0,"1,902","2,555"
105,"Judge of the Supreme Court, Position 7 (Vote for 1)",37,Write-in,385,770,1,0,324,445
105,"Judge of the Supreme Court, Position 7 (Vote for 1)",37,Write-in,386,"1,936",19,0,850,"1,067"
105,"Judge of the Supreme Court, Position 7 (Vote for 1)",37,Write-in,387,21,0,0,4,17
105,"Judge of the Supreme Court, Position 7 (Vote for 1)",37,Write-in,388,250,2,0,95,153
105,"Judge of the Supreme Court, Position 7 (Vote for 1)",37,Write-in,389,"7,639",67,0,"3,232","4,340"
105,"Judge of the Supreme Court, Position 7 (Vote for 1)",37,Write-in,390,"2,098",13,0,889,"1,196"
105,"Judge of the Supreme Court, Position 7 (Vote for 1)",37,Write-in,391,405,4,0,174,227
105,"Judge of the Supreme Court, Position 7 (Vote for 1)",37,Write-in,392,112,3,0,47,62
105,"Judge of the Supreme Court, Position 7 (Vote for 1)",37,Write-in,393,626,6,0,270,350
105,"Judge of the Supreme Court, Position 7 (Vote for 1)",37,Write-in,394,248,1,0,105,142
105,"Judge of the Supreme Court, Position 7 (Vote for 1)",37,Write-in,395,"5,402",38,0,"2,239","3,125"
105,"Judge of the Supreme Court, Position 7 (Vote for 1)",37,Write-in,396,830,2,0,340,488
105,"Judge of the Supreme Court, Position 7 (Vote for 1)",37,Write-in,397,"2,943",28,0,"1,266","1,649"
105,"Judge of the Supreme Court, Position 7 (Vote for 1)",37,Write-in,398,"1,773",14,0,778,981
105,"Judge of the Supreme Court, Position 7 (Vote for 1)",37,Write-in,399,"2,213",30,0,958,"1,225"
105,"Judge of the Supreme Court, Position 7 (Vote for 1)",37,Write-in,400,"3,519",27,0,"1,475","2,017"
105,"Judge of the Supreme Court, Position 7 (Vote for 1)",37,Write-in,401,"1,860",14,0,793,"1,053"
105,"Judge of the Supreme Court, Position 7 (Vote for 1)",37,Write-in,402,"6,413",48,0,"2,743","3,622"
105,"Judge of the Supreme Court, Position 7 (Vote for 1)",37,Write-in,403,"1,374",9,0,604,761
105,"Judge of the Supreme Court, Position 7 (Vote for 1)",37,Write-in,404,"5,913",58,0,"2,416","3,439"
105,"Judge of the Supreme Court, Position 7 (Vote for 1)",37,Write-in,405,"7,546",48,0,"3,205","4,293"
105,"Judge of the Supreme Court, Position 7 (Vote for 1)",37,Write-in,406,"2,033",15,0,805,"1,213"
105,"Judge of the Supreme Court, Position 7 (Vote for 1)",37,Write-in,407,870,2,0,379,489
105,"Judge of the Supreme Court, Position 7 (Vote for 1)",37,Write-in,408,322,3,0,124,195
105,"Judge of the Supreme Court, Position 7 (Vote for 1)",37,Write-in,409,"4,511",43,0,"1,787","2,681"
105,"Judge of the Supreme Court, Position 7 (Vote for 1)",37,Write-in,410,"1,322",10,0,574,738
105,"Judge of the Supreme Court, Position 7 (Vote for 1)",37,Write-in,411,"1,311",2,0,475,834
105,"Judge of the Supreme Court, Position 7 (Vote for 1)",37,Write-in,412,"1,749",10,0,782,957
105,"Judge of the Supreme Court, Position 7 (Vote for 1)",37,Write-in,413,"1,455",13,0,550,892
105,"Judge of the Supreme Court, Position 7 (Vote for 1)",37,Write-in,414,525,8,0,242,275
105,"Judge of the Supreme Court, Position 7 (Vote for 1)",37,Write-in,415,850,5,0,352,493
105,"Judge of the Supreme Court, Position 7 (Vote for 1)",37,Write-in,416,846,6,0,313,527
105,"Judge of the Supreme Court, Position 7 (Vote for 1)",37,Write-in,417,408,2,0,164,242
105,"Judge of the Supreme Court, Position 7 (Vote for 1)",37,Write-in,418,"3,030",26,0,"1,242","1,762"
105,"Judge of the Supreme Court, Position 7 (Vote for 1)",37,Write-in,419,"1,789",7,0,762,"1,020"
105,"Judge of the Supreme Court, Position 7 (Vote for 1)",37,Write-in,420,"3,223",20,0,"1,379","1,824"
105,"Judge of the Supreme Court, Position 7 (Vote for 1)",37,Write-in,421,499,7,0,218,274
105,"Judge of the Supreme Court, Position 7 (Vote for 1)",37,Write-in,422,17,0,0,13,4
105,"Judge of the Supreme Court, Position 7 (Vote for 1)",37,Write-in,423,"3,051",33,0,"1,150","1,868"
105,"Judge of the Supreme Court, Position 7 (Vote for 1)",37,Write-in,424,"4,657",36,0,"1,935","2,686"
105,"Judge of the Supreme Court, Position 7 (Vote for 1)",37,Write-in,425,683,11,0,344,328
105,"Judge of the Supreme Court, Position 7 (Vote for 1)",37,Write-in,426,436,3,0,210,223
105,"Judge of the Supreme Court, Position 7 (Vote for 1)",37,Write-in,427,"1,301",8,0,518,775
105,"Judge of the Supreme Court, Position 7 (Vote for 1)",37,Write-in,428,"1,359",3,0,525,831
105,"Judge of the Supreme Court, Position 7 (Vote for 1)",37,Write-in,429,"2,699",22,0,"1,132","1,545"
105,"Judge of the Supreme Court, Position 7 (Vote for 1)",37,Write-in,430,"2,310",28,0,"1,232","1,050"
105,"Judge of the Supreme Court, Position 7 (Vote for 1)",37,Write-in,431,775,5,0,377,393
105,"Judge of the Supreme Court, Position 7 (Vote for 1)",37,Write-in,432,306,0,0,122,184
105,"Judge of the Supreme Court, Position 7 (Vote for 1)",37,Write-in,433,"2,171",18,0,936,"1,217"
105,"Judge of the Supreme Court, Position 7 (Vote for 1)",37,Write-in,434,"4,401",33,0,"1,832","2,536"
105,"Judge of the Supreme Court, Position 7 (Vote for 1)",37,Write-in,435,"4,132",31,0,"1,742","2,359"
105,"Judge of the Supreme Court, Position 7 (Vote for 1)",37,Write-in,436,"2,242",23,0,999,"1,220"
105,"Judge of the Supreme Court, Position 7 (Vote for 1)",37,Write-in,437,63,0,0,37,26
105,"Judge of the Supreme Court, Position 7 (Vote for 1)",37,Write-in,438,493,5,0,231,257
105,"Judge of the Supreme Court, Position 7 (Vote for 1)",37,Write-in,439,"2,375",7,0,842,"1,526"
105,"Judge of the Supreme Court, Position 7 (Vote for 1)",37,Write-in,440,"1,461",11,0,539,911
105,"Judge of the Supreme Court, Position 7 (Vote for 1)",37,Write-in,441,70,0,0,29,41
105,"Judge of the Supreme Court, Position 7 (Vote for 1)",37,Write-in,442,"2,708",21,0,"1,086","1,601"
105,"Judge of the Supreme Court, Position 7 (Vote for 1)",37,Write-in,443,11,0,0,5,6
105,"Judge of the Supreme Court, Position 7 (Vote for 1)",37,Write-in,444,121,0,0,45,76
105,"Judge of the Supreme Court, Position 7 (Vote for 1)",37,Write-in,445,1,0,0,0,1
105,"Judge of the Supreme Court, Position 7 (Vote for 1)",37,Write-in,446,107,1,0,37,69
105,"Judge of the Supreme Court, Position 7 (Vote for 1)",37,Write-in,447,285,7,0,141,137
105,"Judge of the Supreme Court, Position 7 (Vote for 1)",37,Write-in,448,771,3,0,322,446
105,"Judge of the Supreme Court, Position 7 (Vote for 1)",37,Write-in,449,293,7,0,142,144
105,"Judge of the Supreme Court, Position 7 (Vote for 1)",37,Write-in,450,170,3,0,105,62
105,"Judge of the Supreme Court, Position 7 (Vote for 1)",37,Write-in,451,"1,066",10,0,429,627
105,"Judge of the Supreme Court, Position 7 (Vote for 1)",37,Write-in,452,99,1,0,51,47
105,"Judge of the Supreme Court, Position 7 (Vote for 1)",37,Write-in,453,11,0,0,9,2
105,"Judge of the Supreme Court, Position 7 (Vote for 1)",37,Write-in,454,19,1,0,11,7
105,"Judge of the Supreme Court, Position 7 (Vote for 1)",37,Write-in,455,"1,486",6,0,615,865
105,"Judge of the Supreme Court, Position 7 (Vote for 1)",37,Write-in,456,7,0,0,4,3
110,"Judge of the Circuit Court, 20th District, Position 6 (Vote for 1)",35,D Charles Bailey Jr,301,"1,724",757,1,591,375
110,"Judge of the Circuit Court, 20th District, Position 6 (Vote for 1)",35,D Charles Bailey Jr,302,"2,551","1,089",1,726,735
110,"Judge of the Circuit Court, 20th District, Position 6 (Vote for 1)",35,D Charles Bailey Jr,303,330,142,0,109,79
110,"Judge of the Circuit Court, 20th District, Position 6 (Vote for 1)",35,D Charles Bailey Jr,304,"1,076",451,0,302,323
110,"Judge of the Circuit Court, 20th District, Position 6 (Vote for 1)",35,D Charles Bailey Jr,305,953,428,0,294,231
110,"Judge of the Circuit Court, 20th District, Position 6 (Vote for 1)",35,D Charles Bailey Jr,306,579,214,0,146,219
110,"Judge of the Circuit Court, 20th District, Position 6 (Vote for 1)",35,D Charles Bailey Jr,307,"4,494","1,935",1,"1,262","1,296"
110,"Judge of the Circuit Court, 20th District, Position 6 (Vote for 1)",35,D Charles Bailey Jr,308,148,61,0,55,32
110,"Judge of the Circuit Court, 20th District, Position 6 (Vote for 1)",35,D Charles Bailey Jr,309,"4,308","1,787",0,"1,171","1,350"
110,"Judge of the Circuit Court, 20th District, Position 6 (Vote for 1)",35,D Charles Bailey Jr,310,614,262,1,198,153
110,"Judge of the Circuit Court, 20th District, Position 6 (Vote for 1)",35,D Charles Bailey Jr,311,684,301,0,229,154
110,"Judge of the Circuit Court, 20th District, Position 6 (Vote for 1)",35,D Charles Bailey Jr,312,"1,703",739,0,585,379
110,"Judge of the Circuit Court, 20th District, Position 6 (Vote for 1)",35,D Charles Bailey Jr,313,3,0,0,3,0
110,"Judge of the Circuit Court, 20th District, Position 6 (Vote for 1)",35,D Charles Bailey Jr,314,310,126,0,126,58
110,"Judge of the Circuit Court, 20th District, Position 6 (Vote for 1)",35,D Charles Bailey Jr,315,493,183,0,193,117
110,"Judge of the Circuit Court, 20th District, Position 6 (Vote for 1)",35,D Charles Bailey Jr,316,"1,719",727,0,642,350
110,"Judge of the Circuit Court, 20th District, Position 6 (Vote for 1)",35,D Charles Bailey Jr,317,169,80,0,54,35
110,"Judge of the Circuit Court, 20th District, Position 6 (Vote for 1)",35,D Charles Bailey Jr,318,"3,750","1,617",0,987,"1,146"
110,"Judge of the Circuit Court, 20th District, Position 6 (Vote for 1)",35,D Charles Bailey Jr,319,"5,196","2,163",0,"1,489","1,544"
110,"Judge of the Circuit Court, 20th District, Position 6 (Vote for 1)",35,D Charles Bailey Jr,320,"1,778",749,0,499,530
110,"Judge of the Circuit Court, 20th District, Position 6 (Vote for 1)",35,D Charles Bailey Jr,321,328,131,0,113,84
110,"Judge of the Circuit Court, 20th District, Position 6 (Vote for 1)",35,D Charles Bailey Jr,322,269,119,0,85,65
110,"Judge of the Circuit Court, 20th District, Position 6 (Vote for 1)",35,D Charles Bailey Jr,324,519,216,0,180,123
110,"Judge of the Circuit Court, 20th District, Position 6 (Vote for 1)",35,D Charles Bailey Jr,325,155,68,0,42,45
110,"Judge of the Circuit Court, 20th District, Position 6 (Vote for 1)",35,D Charles Bailey Jr,326,"1,898",832,0,670,396
110,"Judge of the Circuit Court, 20th District, Position 6 (Vote for 1)",35,D Charles Bailey Jr,327,"5,317","2,255",1,"1,427","1,634"
110,"Judge of the Circuit Court, 20th District, Position 6 (Vote for 1)",35,D Charles Bailey Jr,328,931,414,0,307,210
110,"Judge of the Circuit Court, 20th District, Position 6 (Vote for 1)",35,D Charles Bailey Jr,329,"7,692","3,042",0,"2,094","2,556"
110,"Judge of the Circuit Court, 20th District, Position 6 (Vote for 1)",35,D Charles Bailey Jr,330,"2,150",961,0,629,560
110,"Judge of the Circuit Court, 20th District, Position 6 (Vote for 1)",35,D Charles Bailey Jr,331,"2,399",923,0,719,757
110,"Judge of the Circuit Court, 20th District, Position 6 (Vote for 1)",35,D Charles Bailey Jr,332,"2,550",978,0,617,955
110,"Judge of the Circuit Court, 20th District, Position 6 (Vote for 1)",35,D Charles Bailey Jr,333,"3,626","1,354",0,"1,002","1,270"
110,"Judge of the Circuit Court, 20th District, Position 6 (Vote for 1)",35,D Charles Bailey Jr,334,137,58,0,34,45
110,"Judge of the Circuit Court, 20th District, Position 6 (Vote for 1)",35,D Charles Bailey Jr,335,"4,268","1,988",0,"1,122","1,158"
110,"Judge of the Circuit Court, 20th District, Position 6 (Vote for 1)",35,D Charles Bailey Jr,336,"2,948","1,254",0,810,884
110,"Judge of the Circuit Court, 20th District, Position 6 (Vote for 1)",35,D Charles Bailey Jr,337,"1,086",412,0,330,344
110,"Judge of the Circuit Court, 20th District, Position 6 (Vote for 1)",35,D Charles Bailey Jr,338,"5,180","2,335",0,"1,425","1,420"
110,"Judge of the Circuit Court, 20th District, Position 6 (Vote for 1)",35,D Charles Bailey Jr,339,"4,822","2,056",0,"1,456","1,310"
110,"Judge of the Circuit Court, 20th District, Position 6 (Vote for 1)",35,D Charles Bailey Jr,340,"6,948","3,051",0,"1,971","1,926"
110,"Judge of the Circuit Court, 20th District, Position 6 (Vote for 1)",35,D Charles Bailey Jr,341,305,129,0,118,58
110,"Judge of the Circuit Court, 20th District, Position 6 (Vote for 1)",35,D Charles Bailey Jr,342,63,33,0,18,12
110,"Judge of the Circuit Court, 20th District, Position 6 (Vote for 1)",35,D Charles Bailey Jr,343,"2,608","1,089",1,740,778
110,"Judge of the Circuit Court, 20th District, Position 6 (Vote for 1)",35,D Charles Bailey Jr,344,"2,806","1,014",0,821,971
110,"Judge of the Circuit Court, 20th District, Position 6 (Vote for 1)",35,D Charles Bailey Jr,345,27,10,0,14,3
110,"Judge of the Circuit Court, 20th District, Position 6 (Vote for 1)",35,D Charles Bailey Jr,346,274,133,0,76,65
110,"Judge of the Circuit Court, 20th District, Position 6 (Vote for 1)",35,D Charles Bailey Jr,347,55,21,0,20,14
110,"Judge of the Circuit Court, 20th District, Position 6 (Vote for 1)",35,D Charles Bailey Jr,348,27,10,0,10,7
110,"Judge of the Circuit Court, 20th District, Position 6 (Vote for 1)",35,D Charles Bailey Jr,349,573,242,0,162,169
110,"Judge of the Circuit Court, 20th District, Position 6 (Vote for 1)",35,D Charles Bailey Jr,350,"6,361","2,281",0,"1,917","2,163"
110,"Judge of the Circuit Court, 20th District, Position 6 (Vote for 1)",35,D Charles Bailey Jr,351,"3,169","1,248",0,914,"1,007"
110,"Judge of the Circuit Court, 20th District, Position 6 (Vote for 1)",35,D Charles Bailey Jr,352,"1,138",369,0,342,427
110,"Judge of the Circuit Court, 20th District, Position 6 (Vote for 1)",35,D Charles Bailey Jr,353,"2,219",786,0,695,738
110,"Judge of the Circuit Court, 20th District, Position 6 (Vote for 1)",35,D Charles Bailey Jr,354,"1,811",757,0,529,525
110,"Judge of the Circuit Court, 20th District, Position 6 (Vote for 1)",35,D Charles Bailey Jr,355,"1,364",521,0,388,455
110,"Judge of the Circuit Court, 20th District, Position 6 (Vote for 1)",35,D Charles Bailey Jr,356,"1,662",709,0,478,475
110,"Judge of the Circuit Court, 20th District, Position 6 (Vote for 1)",35,D Charles Bailey Jr,357,813,340,0,241,232
110,"Judge of the Circuit Court, 20th District, Position 6 (Vote for 1)",35,D Charles Bailey Jr,358,"2,526","1,051",0,676,799
110,"Judge of the Circuit Court, 20th District, Position 6 (Vote for 1)",35,D Charles Bailey Jr,359,"2,324",936,0,688,700
110,"Judge of the Circuit Court, 20th District, Position 6 (Vote for 1)",35,D Charles Bailey Jr,360,"2,836","1,107",0,782,947
110,"Judge of the Circuit Court, 20th District, Position 6 (Vote for 1)",35,D Charles Bailey Jr,361,"2,052",736,0,537,779
110,"Judge of the Circuit Court, 20th District, Position 6 (Vote for 1)",35,D Charles Bailey Jr,362,"6,315","2,490",0,"1,827","1,998"
110,"Judge of the Circuit Court, 20th District, Position 6 (Vote for 1)",35,D Charles Bailey Jr,363,"2,925","1,115",0,910,900
110,"Judge of the Circuit Court, 20th District, Position 6 (Vote for 1)",35,D Charles Bailey Jr,364,"4,460","1,828",0,"1,461","1,171"
110,"Judge of the Circuit Court, 20th District, Position 6 (Vote for 1)",35,D Charles Bailey Jr,365,"4,622","1,900",1,"1,448","1,273"
110,"Judge of the Circuit Court, 20th District, Position 6 (Vote for 1)",35,D Charles Bailey Jr,366,"1,641",538,0,523,580
110,"Judge of the Circuit Court, 20th District, Position 6 (Vote for 1)",35,D Charles Bailey Jr,367,"4,269","1,899",1,"1,284","1,085"
110,"Judge of the Circuit Court, 20th District, Position 6 (Vote for 1)",35,D Charles Bailey Jr,368,"3,793","1,557",3,"1,134","1,099"
110,"Judge of the Circuit Court, 20th District, Position 6 (Vote for 1)",35,D Charles Bailey Jr,369,"1,660",636,0,512,512
110,"Judge of the Circuit Court, 20th District, Position 6 (Vote for 1)",35,D Charles Bailey Jr,370,"2,096",793,0,662,641
110,"Judge of the Circuit Court, 20th District, Position 6 (Vote for 1)",35,D Charles Bailey Jr,371,"2,037",852,0,551,634
110,"Judge of the Circuit Court, 20th District, Position 6 (Vote for 1)",35,D Charles Bailey Jr,372,"1,701",684,0,546,471
110,"Judge of the Circuit Court, 20th District, Position 6 (Vote for 1)",35,D Charles Bailey Jr,373,328,131,0,118,79
110,"Judge of the Circuit Court, 20th District, Position 6 (Vote for 1)",35,D Charles Bailey Jr,374,9,2,0,2,5
110,"Judge of the Circuit Court, 20th District, Position 6 (Vote for 1)",35,D Charles Bailey Jr,375,279,116,0,90,73
110,"Judge of the Circuit Court, 20th District, Position 6 (Vote for 1)",35,D Charles Bailey Jr,376,"1,779",735,0,528,516
110,"Judge of the Circuit Court, 20th District, Position 6 (Vote for 1)",35,D Charles Bailey Jr,377,"2,251","1,012",0,674,565
110,"Judge of the Circuit Court, 20th District, Position 6 (Vote for 1)",35,D Charles Bailey Jr,378,937,358,0,280,299
110,"Judge of the Circuit Court, 20th District, Position 6 (Vote for 1)",35,D Charles Bailey Jr,379,"3,854","1,539",1,"1,107","1,207"
110,"Judge of the Circuit Court, 20th District, Position 6 (Vote for 1)",35,D Charles Bailey Jr,380,"3,025","1,185",1,882,957
110,"Judge of the Circuit Court, 20th District, Position 6 (Vote for 1)",35,D Charles Bailey Jr,381,475,201,0,169,105
110,"Judge of the Circuit Court, 20th District, Position 6 (Vote for 1)",35,D Charles Bailey Jr,382,"3,905","1,624",0,"1,107","1,174"
110,"Judge of the Circuit Court, 20th District, Position 6 (Vote for 1)",35,D Charles Bailey Jr,383,"1,566",573,0,477,516
110,"Judge of the Circuit Court, 20th District, Position 6 (Vote for 1)",35,D Charles Bailey Jr,384,"4,477","1,648",0,"1,361","1,468"
110,"Judge of the Circuit Court, 20th District, Position 6 (Vote for 1)",35,D Charles Bailey Jr,385,770,342,0,236,192
110,"Judge of the Circuit Court, 20th District, Position 6 (Vote for 1)",35,D Charles Bailey Jr,386,"1,936",817,0,573,546
110,"Judge of the Circuit Court, 20th District, Position 6 (Vote for 1)",35,D Charles Bailey Jr,387,21,14,0,4,3
110,"Judge of the Circuit Court, 20th District, Position 6 (Vote for 1)",35,D Charles Bailey Jr,388,250,96,1,72,81
110,"Judge of the Circuit Court, 20th District, Position 6 (Vote for 1)",35,D Charles Bailey Jr,389,"7,639","3,137",0,"2,293","2,209"
110,"Judge of the Circuit Court, 20th District, Position 6 (Vote for 1)",35,D Charles Bailey Jr,390,"2,098",935,0,651,512
110,"Judge of the Circuit Court, 20th District, Position 6 (Vote for 1)",35,D Charles Bailey Jr,391,405,131,0,106,168
110,"Judge of the Circuit Court, 20th District, Position 6 (Vote for 1)",35,D Charles Bailey Jr,392,112,39,0,36,37
110,"Judge of the Circuit Court, 20th District, Position 6 (Vote for 1)",35,D Charles Bailey Jr,393,626,226,0,178,222
110,"Judge of the Circuit Court, 20th District, Position 6 (Vote for 1)",35,D Charles Bailey Jr,394,248,81,0,83,84
110,"Judge of the Circuit Court, 20th District, Position 6 (Vote for 1)",35,D Charles Bailey Jr,395,"5,402","2,160",0,"1,587","1,655"
110,"Judge of the Circuit Court, 20th District, Position 6 (Vote for 1)",35,D Charles Bailey Jr,396,830,348,0,241,241
110,"Judge of the Circuit Court, 20th District, Position 6 (Vote for 1)",35,D Charles Bailey Jr,397,"2,943","1,306",0,868,769
110,"Judge of the Circuit Court, 20th District, Position 6 (Vote for 1)",35,D Charles Bailey Jr,398,"1,773",806,0,550,417
110,"Judge of the Circuit Court, 20th District, Position 6 (Vote for 1)",35,D Charles Bailey Jr,399,"2,213",855,0,667,691
110,"Judge of the Circuit Court, 20th District, Position 6 (Vote for 1)",35,D Charles Bailey Jr,400,"3,519","1,313",0,"1,031","1,175"
110,"Judge of the Circuit Court, 20th District, Position 6 (Vote for 1)",35,D Charles Bailey Jr,401,"1,860",671,1,494,694
110,"Judge of the Circuit Court, 20th District, Position 6 (Vote for 1)",35,D Charles Bailey Jr,402,"6,413","2,728",0,"1,898","1,787"
110,"Judge of the Circuit Court, 20th District, Position 6 (Vote for 1)",35,D Charles Bailey Jr,403,"1,374",573,0,459,342
110,"Judge of the Circuit Court, 20th District, Position 6 (Vote for 1)",35,D Charles Bailey Jr,404,"5,913","2,371",2,"1,635","1,905"
110,"Judge of the Circuit Court, 20th District, Position 6 (Vote for 1)",35,D Charles Bailey Jr,405,"7,546","3,186",0,"2,270","2,090"
110,"Judge of the Circuit Court, 20th District, Position 6 (Vote for 1)",35,D Charles Bailey Jr,406,"2,033",714,0,600,719
110,"Judge of the Circuit Court, 20th District, Position 6 (Vote for 1)",35,D Charles Bailey Jr,407,870,363,0,283,224
110,"Judge of the Circuit Court, 20th District, Position 6 (Vote for 1)",35,D Charles Bailey Jr,408,322,127,0,95,100
110,"Judge of the Circuit Court, 20th District, Position 6 (Vote for 1)",35,D Charles Bailey Jr,409,"4,511","1,864",1,"1,263","1,383"
110,"Judge of the Circuit Court, 20th District, Position 6 (Vote for 1)",35,D Charles Bailey Jr,410,"1,322",560,0,439,323
110,"Judge of the Circuit Court, 20th District, Position 6 (Vote for 1)",35,D Charles Bailey Jr,411,"1,311",603,0,373,335
110,"Judge of the Circuit Court, 20th District, Position 6 (Vote for 1)",35,D Charles Bailey Jr,412,"1,749",749,0,530,470
110,"Judge of the Circuit Court, 20th District, Position 6 (Vote for 1)",35,D Charles Bailey Jr,413,"1,455",645,0,436,374
110,"Judge of the Circuit Court, 20th District, Position 6 (Vote for 1)",35,D Charles Bailey Jr,414,525,236,0,157,132
110,"Judge of the Circuit Court, 20th District, Position 6 (Vote for 1)",35,D Charles Bailey Jr,415,850,347,1,252,250
110,"Judge of the Circuit Court, 20th District, Position 6 (Vote for 1)",35,D Charles Bailey Jr,416,846,324,0,260,262
110,"Judge of the Circuit Court, 20th District, Position 6 (Vote for 1)",35,D Charles Bailey Jr,417,408,166,0,124,118
110,"Judge of the Circuit Court, 20th District, Position 6 (Vote for 1)",35,D Charles Bailey Jr,418,"3,030","1,337",0,775,918
110,"Judge of the Circuit Court, 20th District, Position 6 (Vote for 1)",35,D Charles Bailey Jr,419,"1,789",768,0,550,471
110,"Judge of the Circuit Court, 20th District, Position 6 (Vote for 1)",35,D Charles Bailey Jr,420,"3,223","1,388",0,816,"1,019"
110,"Judge of the Circuit Court, 20th District, Position 6 (Vote for 1)",35,D Charles Bailey Jr,421,499,217,0,156,126
110,"Judge of the Circuit Court, 20th District, Position 6 (Vote for 1)",35,D Charles Bailey Jr,422,17,6,0,10,1
110,"Judge of the Circuit Court, 20th District, Position 6 (Vote for 1)",35,D Charles Bailey Jr,423,"3,051","1,222",0,777,"1,052"
110,"Judge of the Circuit Court, 20th District, Position 6 (Vote for 1)",35,D Charles Bailey Jr,424,"4,657","2,139",0,"1,436","1,082"
110,"Judge of the Circuit Court, 20th District, Position 6 (Vote for 1)",35,D Charles Bailey Jr,425,683,329,0,234,120
110,"Judge of the Circuit Court, 20th District, Position 6 (Vote for 1)",35,D Charles Bailey Jr,426,436,204,0,156,76
110,"Judge of the Circuit Court, 20th District, Position 6 (Vote for 1)",35,D Charles Bailey Jr,427,"1,301",565,0,388,348
110,"Judge of the Circuit Court, 20th District, Position 6 (Vote for 1)",35,D Charles Bailey Jr,428,"1,359",551,0,371,437
110,"Judge of the Circuit Court, 20th District, Position 6 (Vote for 1)",35,D Charles Bailey Jr,429,"2,699","1,125",0,786,788
110,"Judge of the Circuit Court, 20th District, Position 6 (Vote for 1)",35,D Charles Bailey Jr,430,"2,310",976,1,818,515
110,"Judge of the Circuit Court, 20th District, Position 6 (Vote for 1)",35,D Charles Bailey Jr,431,775,367,0,255,153
110,"Judge of the Circuit Court, 20th District, Position 6 (Vote for 1)",35,D Charles Bailey Jr,432,306,119,0,83,104
110,"Judge of the Circuit Court, 20th District, Position 6 (Vote for 1)",35,D Charles Bailey Jr,433,"2,171",925,0,563,683
110,"Judge of the Circuit Court, 20th District, Position 6 (Vote for 1)",35,D Charles Bailey Jr,434,"4,401","1,876",0,"1,244","1,281"
110,"Judge of the Circuit Court, 20th District, Position 6 (Vote for 1)",35,D Charles Bailey Jr,435,"4,132","1,811",0,"1,289","1,032"
110,"Judge of the Circuit Court, 20th District, Position 6 (Vote for 1)",35,D Charles Bailey Jr,436,"2,242","1,047",0,650,545
110,"Judge of the Circuit Court, 20th District, Position 6 (Vote for 1)",35,D Charles Bailey Jr,437,63,16,0,22,25
110,"Judge of the Circuit Court, 20th District, Position 6 (Vote for 1)",35,D Charles Bailey Jr,438,493,212,0,153,128
110,"Judge of the Circuit Court, 20th District, Position 6 (Vote for 1)",35,D Charles Bailey Jr,439,"2,375","1,021",1,619,734
110,"Judge of the Circuit Court, 20th District, Position 6 (Vote for 1)",35,D Charles Bailey Jr,440,"1,461",606,1,357,497
110,"Judge of the Circuit Court, 20th District, Position 6 (Vote for 1)",35,D Charles Bailey Jr,441,70,28,0,17,25
110,"Judge of the Circuit Court, 20th District, Position 6 (Vote for 1)",35,D Charles Bailey Jr,442,"2,708","1,266",0,765,677
110,"Judge of the Circuit Court, 20th District, Position 6 (Vote for 1)",35,D Charles Bailey Jr,443,11,5,0,2,4
110,"Judge of the Circuit Court, 20th District, Position 6 (Vote for 1)",35,D Charles Bailey Jr,444,121,61,0,33,27
110,"Judge of the Circuit Court, 20th District, Position 6 (Vote for 1)",35,D Charles Bailey Jr,445,1,1,0,0,0
110,"Judge of the Circuit Court, 20th District, Position 6 (Vote for 1)",35,D Charles Bailey Jr,446,107,42,0,29,36
110,"Judge of the Circuit Court, 20th District, Position 6 (Vote for 1)",35,D Charles Bailey Jr,447,285,133,0,83,69
110,"Judge of the Circuit Court, 20th District, Position 6 (Vote for 1)",35,D Charles Bailey Jr,448,771,365,0,213,193
110,"Judge of the Circuit Court, 20th District, Position 6 (Vote for 1)",35,D Charles Bailey Jr,449,293,122,0,100,71
110,"Judge of the Circuit Court, 20th District, Position 6 (Vote for 1)",35,D Charles Bailey Jr,450,170,76,0,64,30
110,"Judge of the Circuit Court, 20th District, Position 6 (Vote for 1)",35,D Charles Bailey Jr,451,"1,066",422,0,303,341
110,"Judge of the Circuit Court, 20th District, Position 6 (Vote for 1)",35,D Charles Bailey Jr,452,99,45,0,37,17
110,"Judge of the Circuit Court, 20th District, Position 6 (Vote for 1)",35,D Charles Bailey Jr,453,11,4,0,5,2
110,"Judge of the Circuit Court, 20th District, Position 6 (Vote for 1)",35,D Charles Bailey Jr,454,19,5,0,8,6
110,"Judge of the Circuit Court, 20th District, Position 6 (Vote for 1)",35,D Charles Bailey Jr,455,"1,486",543,1,466,476
110,"Judge of the Circuit Court, 20th District, Position 6 (Vote for 1)",35,D Charles Bailey Jr,456,7,3,0,0,4
110,"Judge of the Circuit Court, 20th District, Position 6 (Vote for 1)",35,KC LeDell,301,"1,724",364,1,591,768
110,"Judge of the Circuit Court, 20th District, Position 6 (Vote for 1)",35,KC LeDell,302,"2,551",725,1,726,"1,099"
110,"Judge of the Circuit Court, 20th District, Position 6 (Vote for 1)",35,KC LeDell,303,330,78,0,109,143
110,"Judge of the Circuit Court, 20th District, Position 6 (Vote for 1)",35,KC LeDell,304,"1,076",316,0,302,458
110,"Judge of the Circuit Court, 20th District, Position 6 (Vote for 1)",35,KC LeDell,305,953,229,0,294,430
110,"Judge of the Circuit Court, 20th District, Position 6 (Vote for 1)",35,KC LeDell,306,579,218,0,146,215
110,"Judge of the Circuit Court, 20th District, Position 6 (Vote for 1)",35,KC LeDell,307,"4,494","1,267",1,"1,262","1,964"
110,"Judge of the Circuit Court, 20th District, Position 6 (Vote for 1)",35,KC LeDell,308,148,32,0,55,61
110,"Judge of the Circuit Court, 20th District, Position 6 (Vote for 1)",35,KC LeDell,309,"4,308","1,327",0,"1,171","1,810"
110,"Judge of the Circuit Court, 20th District, Position 6 (Vote for 1)",35,KC LeDell,310,614,149,1,198,266
110,"Judge of the Circuit Court, 20th District, Position 6 (Vote for 1)",35,KC LeDell,311,684,151,0,229,304
110,"Judge of the Circuit Court, 20th District, Position 6 (Vote for 1)",35,KC LeDell,312,"1,703",371,0,585,747
110,"Judge of the Circuit Court, 20th District, Position 6 (Vote for 1)",35,KC LeDell,313,3,0,0,3,0
110,"Judge of the Circuit Court, 20th District, Position 6 (Vote for 1)",35,KC LeDell,314,310,58,0,126,126
110,"Judge of the Circuit Court, 20th District, Position 6 (Vote for 1)",35,KC LeDell,315,493,113,0,193,187
110,"Judge of the Circuit Court, 20th District, Position 6 (Vote for 1)",35,KC LeDell,316,"1,719",340,0,642,737
110,"Judge of the Circuit Court, 20th District, Position 6 (Vote for 1)",35,KC LeDell,317,169,33,0,54,82
110,"Judge of the Circuit Court, 20th District, Position 6 (Vote for 1)",35,KC LeDell,318,"3,750","1,131",0,987,"1,632"
110,"Judge of the Circuit Court, 20th District, Position 6 (Vote for 1)",35,KC LeDell,319,"5,196","1,526",0,"1,489","2,181"
110,"Judge of the Circuit Court, 20th District, Position 6 (Vote for 1)",35,KC LeDell,320,"1,778",528,0,499,751
110,"Judge of the Circuit Court, 20th District, Position 6 (Vote for 1)",35,KC LeDell,321,328,82,0,113,133
110,"Judge of the Circuit Court, 20th District, Position 6 (Vote for 1)",35,KC LeDell,322,269,63,0,85,121
110,"Judge of the Circuit Court, 20th District, Position 6 (Vote for 1)",35,KC LeDell,324,519,117,0,180,222
110,"Judge of the Circuit Court, 20th District, Position 6 (Vote for 1)",35,KC LeDell,325,155,45,0,42,68
110,"Judge of the Circuit Court, 20th District, Position 6 (Vote for 1)",35,KC LeDell,326,"1,898",386,0,670,842
110,"Judge of the Circuit Court, 20th District, Position 6 (Vote for 1)",35,KC LeDell,327,"5,317","1,611",1,"1,427","2,278"
110,"Judge of the Circuit Court, 20th District, Position 6 (Vote for 1)",35,KC LeDell,328,931,208,0,307,416
110,"Judge of the Circuit Court, 20th District, Position 6 (Vote for 1)",35,KC LeDell,329,"7,692","2,523",0,"2,094","3,075"
110,"Judge of the Circuit Court, 20th District, Position 6 (Vote for 1)",35,KC LeDell,330,"2,150",546,0,629,975
110,"Judge of the Circuit Court, 20th District, Position 6 (Vote for 1)",35,KC LeDell,331,"2,399",748,0,719,932
110,"Judge of the Circuit Court, 20th District, Position 6 (Vote for 1)",35,KC LeDell,332,"2,550",947,0,617,986
110,"Judge of the Circuit Court, 20th District, Position 6 (Vote for 1)",35,KC LeDell,333,"3,626","1,254",0,"1,002","1,370"
110,"Judge of the Circuit Court, 20th District, Position 6 (Vote for 1)",35,KC LeDell,334,137,43,0,34,60
110,"Judge of the Circuit Court, 20th District, Position 6 (Vote for 1)",35,KC LeDell,335,"4,268","1,146",0,"1,122","2,000"
110,"Judge of the Circuit Court, 20th District, Position 6 (Vote for 1)",35,KC LeDell,336,"2,948",869,0,810,"1,269"
110,"Judge of the Circuit Court, 20th District, Position 6 (Vote for 1)",35,KC LeDell,337,"1,086",340,0,330,416
110,"Judge of the Circuit Court, 20th District, Position 6 (Vote for 1)",35,KC LeDell,338,"5,180","1,401",0,"1,425","2,354"
110,"Judge of the Circuit Court, 20th District, Position 6 (Vote for 1)",35,KC LeDell,339,"4,822","1,292",0,"1,456","2,074"
110,"Judge of the Circuit Court, 20th District, Position 6 (Vote for 1)",35,KC LeDell,340,"6,948","1,896",1,"1,971","3,080"
110,"Judge of the Circuit Court, 20th District, Position 6 (Vote for 1)",35,KC LeDell,341,305,53,0,118,134
110,"Judge of the Circuit Court, 20th District, Position 6 (Vote for 1)",35,KC LeDell,342,63,12,0,18,33
110,"Judge of the Circuit Court, 20th District, Position 6 (Vote for 1)",35,KC LeDell,343,"2,608",764,0,740,"1,104"
110,"Judge of the Circuit Court, 20th District, Position 6 (Vote for 1)",35,KC LeDell,344,"2,806",957,0,821,"1,028"
110,"Judge of the Circuit Court, 20th District, Position 6 (Vote for 1)",35,KC LeDell,345,27,3,0,14,10
110,"Judge of the Circuit Court, 20th District, Position 6 (Vote for 1)",35,KC LeDell,346,274,65,0,76,133
110,"Judge of the Circuit Court, 20th District, Position 6 (Vote for 1)",35,KC LeDell,347,55,14,0,20,21
110,"Judge of the Circuit Court, 20th District, Position 6 (Vote for 1)",35,KC LeDell,348,27,7,0,10,10
110,"Judge of the Circuit Court, 20th District, Position 6 (Vote for 1)",35,KC LeDell,349,573,164,0,162,247
110,"Judge of the Circuit Court, 20th District, Position 6 (Vote for 1)",35,KC LeDell,350,"6,361","2,139",0,"1,917","2,305"
110,"Judge of the Circuit Court, 20th District, Position 6 (Vote for 1)",35,KC LeDell,351,"3,169",996,0,914,"1,259"
110,"Judge of the Circuit Court, 20th District, Position 6 (Vote for 1)",35,KC LeDell,352,"1,138",422,0,342,374
110,"Judge of the Circuit Court, 20th District, Position 6 (Vote for 1)",35,KC LeDell,353,"2,219",732,0,695,792
110,"Judge of the Circuit Court, 20th District, Position 6 (Vote for 1)",35,KC LeDell,354,"1,811",516,0,529,766
110,"Judge of the Circuit Court, 20th District, Position 6 (Vote for 1)",35,KC LeDell,355,"1,364",451,0,388,525
110,"Judge of the Circuit Court, 20th District, Position 6 (Vote for 1)",35,KC LeDell,356,"1,662",465,0,478,719
110,"Judge of the Circuit Court, 20th District, Position 6 (Vote for 1)",35,KC LeDell,357,813,229,0,241,343
110,"Judge of the Circuit Court, 20th District, Position 6 (Vote for 1)",35,KC LeDell,358,"2,526",790,0,676,"1,060"
110,"Judge of the Circuit Court, 20th District, Position 6 (Vote for 1)",35,KC LeDell,359,"2,324",691,0,688,945
110,"Judge of the Circuit Court, 20th District, Position 6 (Vote for 1)",35,KC LeDell,360,"2,836",936,0,782,"1,118"
110,"Judge of the Circuit Court, 20th District, Position 6 (Vote for 1)",35,KC LeDell,361,"2,052",766,0,537,749
110,"Judge of the Circuit Court, 20th District, Position 6 (Vote for 1)",35,KC LeDell,362,"6,315","1,975",0,"1,827","2,513"
110,"Judge of the Circuit Court, 20th District, Position 6 (Vote for 1)",35,KC LeDell,363,"2,925",889,0,910,"1,126"
110,"Judge of the Circuit Court, 20th District, Position 6 (Vote for 1)",35,KC LeDell,364,"4,460","1,156",0,"1,461","1,843"
110,"Judge of the Circuit Court, 20th District, Position 6 (Vote for 1)",35,KC LeDell,365,"4,622","1,264",1,"1,448","1,909"
110,"Judge of the Circuit Court, 20th District, Position 6 (Vote for 1)",35,KC LeDell,366,"1,641",570,0,523,548
110,"Judge of the Circuit Court, 20th District, Position 6 (Vote for 1)",35,KC LeDell,367,"4,269","1,078",1,"1,284","1,906"
110,"Judge of the Circuit Court, 20th District, Position 6 (Vote for 1)",35,KC LeDell,368,"3,793","1,085",2,"1,134","1,572"
110,"Judge of the Circuit Court, 20th District, Position 6 (Vote for 1)",35,KC LeDell,369,"1,660",501,0,512,647
110,"Judge of the Circuit Court, 20th District, Position 6 (Vote for 1)",35,KC LeDell,370,"2,096",634,0,662,800
110,"Judge of the Circuit Court, 20th District, Position 6 (Vote for 1)",35,KC LeDell,371,"2,037",629,0,551,857
110,"Judge of the Circuit Court, 20th District, Position 6 (Vote for 1)",35,KC LeDell,372,"1,701",462,0,546,693
110,"Judge of the Circuit Court, 20th District, Position 6 (Vote for 1)",35,KC LeDell,373,328,77,0,118,133
110,"Judge of the Circuit Court, 20th District, Position 6 (Vote for 1)",35,KC LeDell,374,9,5,0,2,2
110,"Judge of the Circuit Court, 20th District, Position 6 (Vote for 1)",35,KC LeDell,375,279,73,0,90,116
110,"Judge of the Circuit Court, 20th District, Position 6 (Vote for 1)",35,KC LeDell,376,"1,779",510,0,528,741
110,"Judge of the Circuit Court, 20th District, Position 6 (Vote for 1)",35,KC LeDell,377,"2,251",561,0,674,"1,016"
110,"Judge of the Circuit Court, 20th District, Position 6 (Vote for 1)",35,KC LeDell,378,937,294,0,280,363
110,"Judge of the Circuit Court, 20th District, Position 6 (Vote for 1)",35,KC LeDell,379,"3,854","1,196",1,"1,107","1,550"
110,"Judge of the Circuit Court, 20th District, Position 6 (Vote for 1)",35,KC LeDell,380,"3,025",951,1,882,"1,191"
110,"Judge of the Circuit Court, 20th District, Position 6 (Vote for 1)",35,KC LeDell,381,475,105,0,169,201
110,"Judge of the Circuit Court, 20th District, Position 6 (Vote for 1)",35,KC LeDell,382,"3,905","1,160",1,"1,107","1,637"
110,"Judge of the Circuit Court, 20th District, Position 6 (Vote for 1)",35,KC LeDell,383,"1,566",508,0,477,581
110,"Judge of the Circuit Court, 20th District, Position 6 (Vote for 1)",35,KC LeDell,384,"4,477","1,457",0,"1,361","1,659"
110,"Judge of the Circuit Court, 20th District, Position 6 (Vote for 1)",35,KC LeDell,385,770,191,0,236,343
110,"Judge of the Circuit Court, 20th District, Position 6 (Vote for 1)",35,KC LeDell,386,"1,936",529,0,573,834
110,"Judge of the Circuit Court, 20th District, Position 6 (Vote for 1)",35,KC LeDell,387,21,3,0,4,14
110,"Judge of the Circuit Court, 20th District, Position 6 (Vote for 1)",35,KC LeDell,388,250,81,1,72,96
110,"Judge of the Circuit Court, 20th District, Position 6 (Vote for 1)",35,KC LeDell,389,"7,639","2,174",0,"2,293","3,172"
110,"Judge of the Circuit Court, 20th District, Position 6 (Vote for 1)",35,KC LeDell,390,"2,098",506,0,651,941
110,"Judge of the Circuit Court, 20th District, Position 6 (Vote for 1)",35,KC LeDell,391,405,166,0,106,133
110,"Judge of the Circuit Court, 20th District, Position 6 (Vote for 1)",35,KC LeDell,392,112,37,0,36,39
110,"Judge of the Circuit Court, 20th District, Position 6 (Vote for 1)",35,KC LeDell,393,626,222,0,178,226
110,"Judge of the Circuit Court, 20th District, Position 6 (Vote for 1)",35,KC LeDell,394,248,84,0,83,81
110,"Judge of the Circuit Court, 20th District, Position 6 (Vote for 1)",35,KC LeDell,395,"5,402","1,643",0,"1,587","2,172"
110,"Judge of the Circuit Court, 20th District, Position 6 (Vote for 1)",35,KC LeDell,396,830,240,0,241,349
110,"Judge of the Circuit Court, 20th District, Position 6 (Vote for 1)",35,KC LeDell,397,"2,943",758,0,868,"1,317"
110,"Judge of the Circuit Court, 20th District, Position 6 (Vote for 1)",35,KC LeDell,398,"1,773",414,0,550,809
110,"Judge of the Circuit Court, 20th District, Position 6 (Vote for 1)",35,KC LeDell,399,"2,213",674,0,667,872
110,"Judge of the Circuit Court, 20th District, Position 6 (Vote for 1)",35,KC LeDell,400,"3,519","1,164",0,"1,031","1,324"
110,"Judge of the Circuit Court, 20th District, Position 6 (Vote for 1)",35,KC LeDell,401,"1,860",688,1,494,677
110,"Judge of the Circuit Court, 20th District, Position 6 (Vote for 1)",35,KC LeDell,402,"6,413","1,765",0,"1,898","2,750"
110,"Judge of the Circuit Court, 20th District, Position 6 (Vote for 1)",35,KC LeDell,403,"1,374",340,0,459,575
110,"Judge of the Circuit Court, 20th District, Position 6 (Vote for 1)",35,KC LeDell,404,"5,913","1,878",1,"1,635","2,399"
110,"Judge of the Circuit Court, 20th District, Position 6 (Vote for 1)",35,KC LeDell,405,"7,546","2,069",0,"2,270","3,207"
110,"Judge of the Circuit Court, 20th District, Position 6 (Vote for 1)",35,KC LeDell,406,"2,033",712,0,600,721
110,"Judge of the Circuit Court, 20th District, Position 6 (Vote for 1)",35,KC LeDell,407,870,222,0,283,365
110,"Judge of the Circuit Court, 20th District, Position 6 (Vote for 1)",35,KC LeDell,408,322,100,0,95,127
110,"Judge of the Circuit Court, 20th District, Position 6 (Vote for 1)",35,KC LeDell,409,"4,511","1,359",1,"1,263","1,888"
110,"Judge of the Circuit Court, 20th District, Position 6 (Vote for 1)",35,KC LeDell,410,"1,322",321,0,439,562
110,"Judge of the Circuit Court, 20th District, Position 6 (Vote for 1)",35,KC LeDell,411,"1,311",333,0,373,605
110,"Judge of the Circuit Court, 20th District, Position 6 (Vote for 1)",35,KC LeDell,412,"1,749",467,0,530,752
110,"Judge of the Circuit Court, 20th District, Position 6 (Vote for 1)",35,KC LeDell,413,"1,455",365,0,436,654
110,"Judge of the Circuit Court, 20th District, Position 6 (Vote for 1)",35,KC LeDell,414,525,131,0,157,237
110,"Judge of the Circuit Court, 20th District, Position 6 (Vote for 1)",35,KC LeDell,415,850,247,1,252,350
110,"Judge of the Circuit Court, 20th District, Position 6 (Vote for 1)",35,KC LeDell,416,846,261,0,260,325
110,"Judge of the Circuit Court, 20th District, Position 6 (Vote for 1)",35,KC LeDell,417,408,118,0,124,166
110,"Judge of the Circuit Court, 20th District, Position 6 (Vote for 1)",35,KC LeDell,418,"3,030",906,0,775,"1,349"
110,"Judge of the Circuit Court, 20th District, Position 6 (Vote for 1)",35,KC LeDell,419,"1,789",468,0,550,771
110,"Judge of the Circuit Court, 20th District, Position 6 (Vote for 1)",35,KC LeDell,420,"3,223","1,011",0,816,"1,396"
110,"Judge of the Circuit Court, 20th District, Position 6 (Vote for 1)",35,KC LeDell,421,499,124,0,156,219
110,"Judge of the Circuit Court, 20th District, Position 6 (Vote for 1)",35,KC LeDell,422,17,1,0,10,6
110,"Judge of the Circuit Court, 20th District, Position 6 (Vote for 1)",35,KC LeDell,423,"3,051","1,036",0,777,"1,238"
110,"Judge of the Circuit Court, 20th District, Position 6 (Vote for 1)",35,KC LeDell,424,"4,657","1,064",0,"1,436","2,157"
110,"Judge of the Circuit Court, 20th District, Position 6 (Vote for 1)",35,KC LeDell,425,683,117,0,234,332
110,"Judge of the Circuit Court, 20th District, Position 6 (Vote for 1)",35,KC LeDell,426,436,73,0,156,207
110,"Judge of the Circuit Court, 20th District, Position 6 (Vote for 1)",35,KC LeDell,427,"1,301",343,0,388,570
110,"Judge of the Circuit Court, 20th District, Position 6 (Vote for 1)",35,KC LeDell,428,"1,359",437,0,371,551
110,"Judge of the Circuit Court, 20th District, Position 6 (Vote for 1)",35,KC LeDell,429,"2,699",779,0,786,"1,134"
110,"Judge of the Circuit Court, 20th District, Position 6 (Vote for 1)",35,KC LeDell,430,"2,310",493,1,818,998
110,"Judge of the Circuit Court, 20th District, Position 6 (Vote for 1)",35,KC LeDell,431,775,147,0,255,373
110,"Judge of the Circuit Court, 20th District, Position 6 (Vote for 1)",35,KC LeDell,432,306,104,0,83,119
110,"Judge of the Circuit Court, 20th District, Position 6 (Vote for 1)",35,KC LeDell,433,"2,171",674,0,563,934
110,"Judge of the Circuit Court, 20th District, Position 6 (Vote for 1)",35,KC LeDell,434,"4,401","1,264",0,"1,244","1,893"
110,"Judge of the Circuit Court, 20th District, Position 6 (Vote for 1)",35,KC LeDell,435,"4,132","1,016",0,"1,289","1,827"
110,"Judge of the Circuit Court, 20th District, Position 6 (Vote for 1)",35,KC LeDell,436,"2,242",532,0,650,"1,060"
110,"Judge of the Circuit Court, 20th District, Position 6 (Vote for 1)",35,KC LeDell,437,63,25,0,22,16
110,"Judge of the Circuit Court, 20th District, Position 6 (Vote for 1)",35,KC LeDell,438,493,124,0,153,216
110,"Judge of the Circuit Court, 20th District, Position 6 (Vote for 1)",35,KC LeDell,439,"2,375",733,1,619,"1,022"
110,"Judge of the Circuit Court, 20th District, Position 6 (Vote for 1)",35,KC LeDell,440,"1,461",493,1,357,610
110,"Judge of the Circuit Court, 20th District, Position 6 (Vote for 1)",35,KC LeDell,441,70,25,0,17,28
110,"Judge of the Circuit Court, 20th District, Position 6 (Vote for 1)",35,KC LeDell,442,"2,708",669,0,765,"1,274"
110,"Judge of the Circuit Court, 20th District, Position 6 (Vote for 1)",35,KC LeDell,443,11,4,0,2,5
110,"Judge of the Circuit Court, 20th District, Position 6 (Vote for 1)",35,KC LeDell,444,121,27,0,33,61
110,"Judge of the Circuit Court, 20th District, Position 6 (Vote for 1)",35,KC LeDell,445,1,0,0,0,1
110,"Judge of the Circuit Court, 20th District, Position 6 (Vote for 1)",35,KC LeDell,446,107,36,0,29,42
110,"Judge of the Circuit Court, 20th District, Position 6 (Vote for 1)",35,KC LeDell,447,285,68,0,83,134
110,"Judge of the Circuit Court, 20th District, Position 6 (Vote for 1)",35,KC LeDell,448,771,191,0,213,367
110,"Judge of the Circuit Court, 20th District, Position 6 (Vote for 1)",35,KC LeDell,449,293,68,0,100,125
110,"Judge of the Circuit Court, 20th District, Position 6 (Vote for 1)",35,KC LeDell,450,170,28,0,64,78
110,"Judge of the Circuit Court, 20th District, Position 6 (Vote for 1)",35,KC LeDell,451,"1,066",336,0,303,427
110,"Judge of the Circuit Court, 20th District, Position 6 (Vote for 1)",35,KC LeDell,452,99,17,0,37,45
110,"Judge of the Circuit Court, 20th District, Position 6 (Vote for 1)",35,KC LeDell,453,11,2,0,5,4
110,"Judge of the Circuit Court, 20th District, Position 6 (Vote for 1)",35,KC LeDell,454,19,6,0,8,5
110,"Judge of the Circuit Court, 20th District, Position 6 (Vote for 1)",35,KC LeDell,455,"1,486",472,1,466,547
110,"Judge of the Circuit Court, 20th District, Position 6 (Vote for 1)",35,KC LeDell,456,7,4,0,0,3
110,"Judge of the Circuit Court, 20th District, Position 6 (Vote for 1)",35,Write-in,301,"1,724",11,0,591,"1,122"
110,"Judge of the Circuit Court, 20th District, Position 6 (Vote for 1)",35,Write-in,302,"2,551",10,0,726,"1,815"
110,"Judge of the Circuit Court, 20th District, Position 6 (Vote for 1)",35,Write-in,303,330,1,0,109,220
110,"Judge of the Circuit Court, 20th District, Position 6 (Vote for 1)",35,Write-in,304,"1,076",7,0,302,767
110,"Judge of the Circuit Court, 20th District, Position 6 (Vote for 1)",35,Write-in,305,953,2,0,294,657
110,"Judge of the Circuit Court, 20th District, Position 6 (Vote for 1)",35,Write-in,306,579,1,0,146,432
110,"Judge of the Circuit Court, 20th District, Position 6 (Vote for 1)",35,Write-in,307,"4,494",29,0,"1,262","3,203"
110,"Judge of the Circuit Court, 20th District, Position 6 (Vote for 1)",35,Write-in,308,148,0,0,55,93
110,"Judge of the Circuit Court, 20th District, Position 6 (Vote for 1)",35,Write-in,309,"4,308",23,0,"1,171","3,114"
110,"Judge of the Circuit Court, 20th District, Position 6 (Vote for 1)",35,Write-in,310,614,4,0,198,412
110,"Judge of the Circuit Court, 20th District, Position 6 (Vote for 1)",35,Write-in,311,684,3,0,229,452
110,"Judge of the Circuit Court, 20th District, Position 6 (Vote for 1)",35,Write-in,312,"1,703",8,0,585,"1,110"
110,"Judge of the Circuit Court, 20th District, Position 6 (Vote for 1)",35,Write-in,313,3,0,0,3,0
110,"Judge of the Circuit Court, 20th District, Position 6 (Vote for 1)",35,Write-in,314,310,0,0,126,184
110,"Judge of the Circuit Court, 20th District, Position 6 (Vote for 1)",35,Write-in,315,493,4,0,193,296
110,"Judge of the Circuit Court, 20th District, Position 6 (Vote for 1)",35,Write-in,316,"1,719",10,0,642,"1,067"
110,"Judge of the Circuit Court, 20th District, Position 6 (Vote for 1)",35,Write-in,317,169,2,0,54,113
110,"Judge of the Circuit Court, 20th District, Position 6 (Vote for 1)",35,Write-in,318,"3,750",15,0,987,"2,748"
110,"Judge of the Circuit Court, 20th District, Position 6 (Vote for 1)",35,Write-in,319,"5,196",18,0,"1,489","3,689"
110,"Judge of the Circuit Court, 20th District, Position 6 (Vote for 1)",35,Write-in,320,"1,778",2,0,499,"1,277"
110,"Judge of the Circuit Court, 20th District, Position 6 (Vote for 1)",35,Write-in,321,328,2,0,113,213
110,"Judge of the Circuit Court, 20th District, Position 6 (Vote for 1)",35,Write-in,322,269,2,0,85,182
110,"Judge of the Circuit Court, 20th District, Position 6 (Vote for 1)",35,Write-in,324,519,6,0,180,333
110,"Judge of the Circuit Court, 20th District, Position 6 (Vote for 1)",35,Write-in,325,155,0,0,42,113
110,"Judge of the Circuit Court, 20th District, Position 6 (Vote for 1)",35,Write-in,326,"1,898",10,0,670,"1,218"
110,"Judge of the Circuit Court, 20th District, Position 6 (Vote for 1)",35,Write-in,327,"5,317",23,0,"1,427","3,867"
110,"Judge of the Circuit Court, 20th District, Position 6 (Vote for 1)",35,Write-in,328,931,2,0,307,622
110,"Judge of the Circuit Court, 20th District, Position 6 (Vote for 1)",35,Write-in,329,"7,692",33,0,"2,094","5,565"
110,"Judge of the Circuit Court, 20th District, Position 6 (Vote for 1)",35,Write-in,330,"2,150",14,0,629,"1,507"
110,"Judge of the Circuit Court, 20th District, Position 6 (Vote for 1)",35,Write-in,331,"2,399",9,0,719,"1,671"
110,"Judge of the Circuit Court, 20th District, Position 6 (Vote for 1)",35,Write-in,332,"2,550",8,0,617,"1,925"
110,"Judge of the Circuit Court, 20th District, Position 6 (Vote for 1)",35,Write-in,333,"3,626",16,0,"1,002","2,608"
110,"Judge of the Circuit Court, 20th District, Position 6 (Vote for 1)",35,Write-in,334,137,2,0,34,101
110,"Judge of the Circuit Court, 20th District, Position 6 (Vote for 1)",35,Write-in,335,"4,268",12,0,"1,122","3,134"
110,"Judge of the Circuit Court, 20th District, Position 6 (Vote for 1)",35,Write-in,336,"2,948",15,0,810,"2,123"
110,"Judge of the Circuit Court, 20th District, Position 6 (Vote for 1)",35,Write-in,337,"1,086",4,0,330,752
110,"Judge of the Circuit Court, 20th District, Position 6 (Vote for 1)",35,Write-in,338,"5,180",19,0,"1,425","3,736"
110,"Judge of the Circuit Court, 20th District, Position 6 (Vote for 1)",35,Write-in,339,"4,822",18,0,"1,456","3,348"
110,"Judge of the Circuit Court, 20th District, Position 6 (Vote for 1)",35,Write-in,340,"6,948",29,1,"1,971","4,947"
110,"Judge of the Circuit Court, 20th District, Position 6 (Vote for 1)",35,Write-in,341,305,5,0,118,182
110,"Judge of the Circuit Court, 20th District, Position 6 (Vote for 1)",35,Write-in,342,63,0,0,18,45
110,"Judge of the Circuit Court, 20th District, Position 6 (Vote for 1)",35,Write-in,343,"2,608",14,1,740,"1,853"
110,"Judge of the Circuit Court, 20th District, Position 6 (Vote for 1)",35,Write-in,344,"2,806",14,0,821,"1,971"
110,"Judge of the Circuit Court, 20th District, Position 6 (Vote for 1)",35,Write-in,345,27,0,0,14,13
110,"Judge of the Circuit Court, 20th District, Position 6 (Vote for 1)",35,Write-in,346,274,0,0,76,198
110,"Judge of the Circuit Court, 20th District, Position 6 (Vote for 1)",35,Write-in,347,55,0,0,20,35
110,"Judge of the Circuit Court, 20th District, Position 6 (Vote for 1)",35,Write-in,348,27,0,0,10,17
110,"Judge of the Circuit Court, 20th District, Position 6 (Vote for 1)",35,Write-in,349,573,5,0,162,406
110,"Judge of the Circuit Court, 20th District, Position 6 (Vote for 1)",35,Write-in,350,"6,361",24,0,"1,917","4,420"
110,"Judge of the Circuit Court, 20th District, Position 6 (Vote for 1)",35,Write-in,351,"3,169",11,0,914,"2,244"
110,"Judge of the Circuit Court, 20th District, Position 6 (Vote for 1)",35,Write-in,352,"1,138",5,0,342,791
110,"Judge of the Circuit Court, 20th District, Position 6 (Vote for 1)",35,Write-in,353,"2,219",6,0,695,"1,518"
110,"Judge of the Circuit Court, 20th District, Position 6 (Vote for 1)",35,Write-in,354,"1,811",9,0,529,"1,273"
110,"Judge of the Circuit Court, 20th District, Position 6 (Vote for 1)",35,Write-in,355,"1,364",4,0,388,972
110,"Judge of the Circuit Court, 20th District, Position 6 (Vote for 1)",35,Write-in,356,"1,662",10,0,478,"1,174"
110,"Judge of the Circuit Court, 20th District, Position 6 (Vote for 1)",35,Write-in,357,813,3,0,241,569
110,"Judge of the Circuit Court, 20th District, Position 6 (Vote for 1)",35,Write-in,358,"2,526",9,0,676,"1,841"
110,"Judge of the Circuit Court, 20th District, Position 6 (Vote for 1)",35,Write-in,359,"2,324",9,0,688,"1,627"
110,"Judge of the Circuit Court, 20th District, Position 6 (Vote for 1)",35,Write-in,360,"2,836",11,0,782,"2,043"
110,"Judge of the Circuit Court, 20th District, Position 6 (Vote for 1)",35,Write-in,361,"2,052",13,0,537,"1,502"
110,"Judge of the Circuit Court, 20th District, Position 6 (Vote for 1)",35,Write-in,362,"6,315",23,0,"1,827","4,465"
110,"Judge of the Circuit Court, 20th District, Position 6 (Vote for 1)",35,Write-in,363,"2,925",11,0,910,"2,004"
110,"Judge of the Circuit Court, 20th District, Position 6 (Vote for 1)",35,Write-in,364,"4,460",15,0,"1,461","2,984"
110,"Judge of the Circuit Court, 20th District, Position 6 (Vote for 1)",35,Write-in,365,"4,622",9,0,"1,448","3,165"
110,"Judge of the Circuit Court, 20th District, Position 6 (Vote for 1)",35,Write-in,366,"1,641",10,0,523,"1,108"
110,"Judge of the Circuit Court, 20th District, Position 6 (Vote for 1)",35,Write-in,367,"4,269",7,0,"1,284","2,978"
110,"Judge of the Circuit Court, 20th District, Position 6 (Vote for 1)",35,Write-in,368,"3,793",14,1,"1,134","2,644"
110,"Judge of the Circuit Court, 20th District, Position 6 (Vote for 1)",35,Write-in,369,"1,660",11,0,512,"1,137"
110,"Judge of the Circuit Court, 20th District, Position 6 (Vote for 1)",35,Write-in,370,"2,096",7,0,662,"1,427"
110,"Judge of the Circuit Court, 20th District, Position 6 (Vote for 1)",35,Write-in,371,"2,037",5,0,551,"1,481"
110,"Judge of the Circuit Court, 20th District, Position 6 (Vote for 1)",35,Write-in,372,"1,701",9,0,546,"1,146"
110,"Judge of the Circuit Court, 20th District, Position 6 (Vote for 1)",35,Write-in,373,328,2,0,118,208
110,"Judge of the Circuit Court, 20th District, Position 6 (Vote for 1)",35,Write-in,374,9,0,0,2,7
110,"Judge of the Circuit Court, 20th District, Position 6 (Vote for 1)",35,Write-in,375,279,0,0,90,189
110,"Judge of the Circuit Court, 20th District, Position 6 (Vote for 1)",35,Write-in,376,"1,779",6,0,528,"1,245"
110,"Judge of the Circuit Court, 20th District, Position 6 (Vote for 1)",35,Write-in,377,"2,251",4,0,674,"1,573"
110,"Judge of the Circuit Court, 20th District, Position 6 (Vote for 1)",35,Write-in,378,937,5,0,280,652
110,"Judge of the Circuit Court, 20th District, Position 6 (Vote for 1)",35,Write-in,379,"3,854",11,0,"1,107","2,736"
110,"Judge of the Circuit Court, 20th District, Position 6 (Vote for 1)",35,Write-in,380,"3,025",6,0,882,"2,137"
110,"Judge of the Circuit Court, 20th District, Position 6 (Vote for 1)",35,Write-in,381,475,0,0,169,306
110,"Judge of the Circuit Court, 20th District, Position 6 (Vote for 1)",35,Write-in,382,"3,905",13,1,"1,107","2,784"
110,"Judge of the Circuit Court, 20th District, Position 6 (Vote for 1)",35,Write-in,383,"1,566",8,0,477,"1,081"
110,"Judge of the Circuit Court, 20th District, Position 6 (Vote for 1)",35,Write-in,384,"4,477",11,0,"1,361","3,105"
110,"Judge of the Circuit Court, 20th District, Position 6 (Vote for 1)",35,Write-in,385,770,1,0,236,533
110,"Judge of the Circuit Court, 20th District, Position 6 (Vote for 1)",35,Write-in,386,"1,936",17,0,573,"1,346"
110,"Judge of the Circuit Court, 20th District, Position 6 (Vote for 1)",35,Write-in,387,21,0,0,4,17
110,"Judge of the Circuit Court, 20th District, Position 6 (Vote for 1)",35,Write-in,388,250,0,0,72,178
110,"Judge of the Circuit Court, 20th District, Position 6 (Vote for 1)",35,Write-in,389,"7,639",35,0,"2,293","5,311"
110,"Judge of the Circuit Court, 20th District, Position 6 (Vote for 1)",35,Write-in,390,"2,098",6,0,651,"1,441"
110,"Judge of the Circuit Court, 20th District, Position 6 (Vote for 1)",35,Write-in,391,405,2,0,106,297
110,"Judge of the Circuit Court, 20th District, Position 6 (Vote for 1)",35,Write-in,392,112,0,0,36,76
110,"Judge of the Circuit Court, 20th District, Position 6 (Vote for 1)",35,Write-in,393,626,0,0,178,448
110,"Judge of the Circuit Court, 20th District, Position 6 (Vote for 1)",35,Write-in,394,248,0,0,83,165
110,"Judge of the Circuit Court, 20th District, Position 6 (Vote for 1)",35,Write-in,395,"5,402",12,0,"1,587","3,803"
110,"Judge of the Circuit Court, 20th District, Position 6 (Vote for 1)",35,Write-in,396,830,1,0,241,588
110,"Judge of the Circuit Court, 20th District, Position 6 (Vote for 1)",35,Write-in,397,"2,943",11,0,868,"2,064"
110,"Judge of the Circuit Court, 20th District, Position 6 (Vote for 1)",35,Write-in,398,"1,773",3,0,550,"1,220"
110,"Judge of the Circuit Court, 20th District, Position 6 (Vote for 1)",35,Write-in,399,"2,213",17,0,667,"1,529"
110,"Judge of the Circuit Court, 20th District, Position 6 (Vote for 1)",35,Write-in,400,"3,519",11,0,"1,031","2,477"
110,"Judge of the Circuit Court, 20th District, Position 6 (Vote for 1)",35,Write-in,401,"1,860",6,0,494,"1,360"
110,"Judge of the Circuit Court, 20th District, Position 6 (Vote for 1)",35,Write-in,402,"6,413",22,0,"1,898","4,493"
110,"Judge of the Circuit Court, 20th District, Position 6 (Vote for 1)",35,Write-in,403,"1,374",2,0,459,913
110,"Judge of the Circuit Court, 20th District, Position 6 (Vote for 1)",35,Write-in,404,"5,913",27,1,"1,635","4,250"
110,"Judge of the Circuit Court, 20th District, Position 6 (Vote for 1)",35,Write-in,405,"7,546",21,0,"2,270","5,255"
110,"Judge of the Circuit Court, 20th District, Position 6 (Vote for 1)",35,Write-in,406,"2,033",7,0,600,"1,426"
110,"Judge of the Circuit Court, 20th District, Position 6 (Vote for 1)",35,Write-in,407,870,2,0,283,585
110,"Judge of the Circuit Court, 20th District, Position 6 (Vote for 1)",35,Write-in,408,322,0,0,95,227
110,"Judge of the Circuit Court, 20th District, Position 6 (Vote for 1)",35,Write-in,409,"4,511",24,0,"1,263","3,224"
110,"Judge of the Circuit Court, 20th District, Position 6 (Vote for 1)",35,Write-in,410,"1,322",2,0,439,881
110,"Judge of the Circuit Court, 20th District, Position 6 (Vote for 1)",35,Write-in,411,"1,311",2,0,373,936
110,"Judge of the Circuit Court, 20th District, Position 6 (Vote for 1)",35,Write-in,412,"1,749",3,0,530,"1,216"
110,"Judge of the Circuit Court, 20th District, Position 6 (Vote for 1)",35,Write-in,413,"1,455",9,0,436,"1,010"
110,"Judge of the Circuit Court, 20th District, Position 6 (Vote for 1)",35,Write-in,414,525,1,0,157,367
110,"Judge of the Circuit Court, 20th District, Position 6 (Vote for 1)",35,Write-in,415,850,3,0,252,595
110,"Judge of the Circuit Court, 20th District, Position 6 (Vote for 1)",35,Write-in,416,846,1,0,260,585
110,"Judge of the Circuit Court, 20th District, Position 6 (Vote for 1)",35,Write-in,417,408,0,0,124,284
110,"Judge of the Circuit Court, 20th District, Position 6 (Vote for 1)",35,Write-in,418,"3,030",12,0,775,"2,243"
110,"Judge of the Circuit Court, 20th District, Position 6 (Vote for 1)",35,Write-in,419,"1,789",3,0,550,"1,236"
110,"Judge of the Circuit Court, 20th District, Position 6 (Vote for 1)",35,Write-in,420,"3,223",8,0,816,"2,399"
110,"Judge of the Circuit Court, 20th District, Position 6 (Vote for 1)",35,Write-in,421,499,2,0,156,341
110,"Judge of the Circuit Court, 20th District, Position 6 (Vote for 1)",35,Write-in,422,17,0,0,10,7
110,"Judge of the Circuit Court, 20th District, Position 6 (Vote for 1)",35,Write-in,423,"3,051",16,0,777,"2,258"
110,"Judge of the Circuit Court, 20th District, Position 6 (Vote for 1)",35,Write-in,424,"4,657",18,0,"1,436","3,203"
110,"Judge of the Circuit Court, 20th District, Position 6 (Vote for 1)",35,Write-in,425,683,3,0,234,446
110,"Judge of the Circuit Court, 20th District, Position 6 (Vote for 1)",35,Write-in,426,436,3,0,156,277
110,"Judge of the Circuit Court, 20th District, Position 6 (Vote for 1)",35,Write-in,427,"1,301",5,0,388,908
110,"Judge of the Circuit Court, 20th District, Position 6 (Vote for 1)",35,Write-in,428,"1,359",0,0,371,988
110,"Judge of the Circuit Court, 20th District, Position 6 (Vote for 1)",35,Write-in,429,"2,699",9,0,786,"1,904"
110,"Judge of the Circuit Court, 20th District, Position 6 (Vote for 1)",35,Write-in,430,"2,310",22,0,818,"1,470"
110,"Judge of the Circuit Court, 20th District, Position 6 (Vote for 1)",35,Write-in,431,775,6,0,255,514
110,"Judge of the Circuit Court, 20th District, Position 6 (Vote for 1)",35,Write-in,432,306,0,0,83,223
110,"Judge of the Circuit Court, 20th District, Position 6 (Vote for 1)",35,Write-in,433,"2,171",9,0,563,"1,599"
110,"Judge of the Circuit Court, 20th District, Position 6 (Vote for 1)",35,Write-in,434,"4,401",17,0,"1,244","3,140"
110,"Judge of the Circuit Court, 20th District, Position 6 (Vote for 1)",35,Write-in,435,"4,132",16,0,"1,289","2,827"
110,"Judge of the Circuit Court, 20th District, Position 6 (Vote for 1)",35,Write-in,436,"2,242",13,0,650,"1,579"
110,"Judge of the Circuit Court, 20th District, Position 6 (Vote for 1)",35,Write-in,437,63,0,0,22,41
110,"Judge of the Circuit Court, 20th District, Position 6 (Vote for 1)",35,Write-in,438,493,4,0,153,336
110,"Judge of the Circuit Court, 20th District, Position 6 (Vote for 1)",35,Write-in,439,"2,375",1,0,619,"1,755"
110,"Judge of the Circuit Court, 20th District, Position 6 (Vote for 1)",35,Write-in,440,"1,461",4,0,357,"1,100"
110,"Judge of the Circuit Court, 20th District, Position 6 (Vote for 1)",35,Write-in,441,70,0,0,17,53
110,"Judge of the Circuit Court, 20th District, Position 6 (Vote for 1)",35,Write-in,442,"2,708",8,0,765,"1,935"
110,"Judge of the Circuit Court, 20th District, Position 6 (Vote for 1)",35,Write-in,443,11,0,0,2,9
110,"Judge of the Circuit Court, 20th District, Position 6 (Vote for 1)",35,Write-in,444,121,0,0,33,88
110,"Judge of the Circuit Court, 20th District, Position 6 (Vote for 1)",35,Write-in,445,1,0,0,0,1
110,"Judge of the Circuit Court, 20th District, Position 6 (Vote for 1)",35,Write-in,446,107,0,0,29,78
110,"Judge of the Circuit Court, 20th District, Position 6 (Vote for 1)",35,Write-in,447,285,1,0,83,201
110,"Judge of the Circuit Court, 20th District, Position 6 (Vote for 1)",35,Write-in,448,771,2,0,213,556
110,"Judge of the Circuit Court, 20th District, Position 6 (Vote for 1)",35,Write-in,449,293,3,0,100,190
110,"Judge of the Circuit Court, 20th District, Position 6 (Vote for 1)",35,Write-in,450,170,2,0,64,104
110,"Judge of the Circuit Court, 20th District, Position 6 (Vote for 1)",35,Write-in,451,"1,066",5,0,303,758
110,"Judge of the Circuit Court, 20th District, Position 6 (Vote for 1)",35,Write-in,452,99,0,0,37,62
110,"Judge of the Circuit Court, 20th District, Position 6 (Vote for 1)",35,Write-in,453,11,0,0,5,6
110,"Judge of the Circuit Court, 20th District, Position 6 (Vote for 1)",35,Write-in,454,19,0,0,8,11
110,"Judge of the Circuit Court, 20th District, Position 6 (Vote for 1)",35,Write-in,455,"1,486",4,0,466,"1,016"
110,"Judge of the Circuit Court, 20th District, Position 6 (Vote for 1)",35,Write-in,456,7,0,0,0,7
115,"Judge of the Circuit Court, 20th District, Position 12 (Vote for 1)",33,Hafez Daraee,301,"1,724",750,0,944,30
115,"Judge of the Circuit Court, 20th District, Position 12 (Vote for 1)",33,Hafez Daraee,302,"2,551","1,347",0,"1,175",29
115,"Judge of the Circuit Court, 20th District, Position 12 (Vote for 1)",33,Hafez Daraee,303,330,134,0,193,3
115,"Judge of the Circuit Court, 20th District, Position 12 (Vote for 1)",33,Hafez Daraee,304,"1,076",589,0,473,14
115,"Judge of the Circuit Court, 20th District, Position 12 (Vote for 1)",33,Hafez Daraee,305,953,515,0,430,8
115,"Judge of the Circuit Court, 20th District, Position 12 (Vote for 1)",33,Hafez Daraee,306,579,345,0,229,5
115,"Judge of the Circuit Court, 20th District, Position 12 (Vote for 1)",33,Hafez Daraee,307,"4,494","2,413",0,"2,027",54
115,"Judge of the Circuit Court, 20th District, Position 12 (Vote for 1)",33,Hafez Daraee,308,148,76,0,71,1
115,"Judge of the Circuit Court, 20th District, Position 12 (Vote for 1)",33,Hafez Daraee,309,"4,308","2,340",0,"1,927",41
115,"Judge of the Circuit Court, 20th District, Position 12 (Vote for 1)",33,Hafez Daraee,310,614,281,0,323,10
115,"Judge of the Circuit Court, 20th District, Position 12 (Vote for 1)",33,Hafez Daraee,311,684,346,0,330,8
115,"Judge of the Circuit Court, 20th District, Position 12 (Vote for 1)",33,Hafez Daraee,312,"1,703",744,0,947,12
115,"Judge of the Circuit Court, 20th District, Position 12 (Vote for 1)",33,Hafez Daraee,313,3,0,0,3,0
115,"Judge of the Circuit Court, 20th District, Position 12 (Vote for 1)",33,Hafez Daraee,314,310,136,0,174,0
115,"Judge of the Circuit Court, 20th District, Position 12 (Vote for 1)",33,Hafez Daraee,315,493,188,0,295,10
115,"Judge of the Circuit Court, 20th District, Position 12 (Vote for 1)",33,Hafez Daraee,316,"1,719",728,0,975,16
115,"Judge of the Circuit Court, 20th District, Position 12 (Vote for 1)",33,Hafez Daraee,317,169,89,0,75,5
115,"Judge of the Circuit Court, 20th District, Position 12 (Vote for 1)",33,Hafez Daraee,318,"3,750","2,118",0,"1,599",33
115,"Judge of the Circuit Court, 20th District, Position 12 (Vote for 1)",33,Hafez Daraee,319,"5,196","2,992",0,"2,152",52
115,"Judge of the Circuit Court, 20th District, Position 12 (Vote for 1)",33,Hafez Daraee,320,"1,778",977,0,793,8
115,"Judge of the Circuit Court, 20th District, Position 12 (Vote for 1)",33,Hafez Daraee,321,328,165,0,160,3
115,"Judge of the Circuit Court, 20th District, Position 12 (Vote for 1)",33,Hafez Daraee,322,269,133,0,132,4
115,"Judge of the Circuit Court, 20th District, Position 12 (Vote for 1)",33,Hafez Daraee,324,519,249,0,261,9
115,"Judge of the Circuit Court, 20th District, Position 12 (Vote for 1)",33,Hafez Daraee,325,155,91,0,63,1
115,"Judge of the Circuit Court, 20th District, Position 12 (Vote for 1)",33,Hafez Daraee,326,"1,898",827,0,"1,052",19
115,"Judge of the Circuit Court, 20th District, Position 12 (Vote for 1)",33,Hafez Daraee,327,"5,317","3,106",0,"2,179",32
115,"Judge of the Circuit Court, 20th District, Position 12 (Vote for 1)",33,Hafez Daraee,328,931,444,0,475,12
115,"Judge of the Circuit Court, 20th District, Position 12 (Vote for 1)",33,Hafez Daraee,329,"7,692","4,268",0,"3,344",80
115,"Judge of the Circuit Court, 20th District, Position 12 (Vote for 1)",33,Hafez Daraee,330,"2,150","1,185",0,932,33
115,"Judge of the Circuit Court, 20th District, Position 12 (Vote for 1)",33,Hafez Daraee,331,"2,399","1,372",0,"1,008",19
115,"Judge of the Circuit Court, 20th District, Position 12 (Vote for 1)",33,Hafez Daraee,332,"2,550","1,526",0,998,26
115,"Judge of the Circuit Court, 20th District, Position 12 (Vote for 1)",33,Hafez Daraee,333,"3,626","2,132",0,"1,462",32
115,"Judge of the Circuit Court, 20th District, Position 12 (Vote for 1)",33,Hafez Daraee,334,137,64,0,70,3
115,"Judge of the Circuit Court, 20th District, Position 12 (Vote for 1)",33,Hafez Daraee,335,"4,268","2,333",0,"1,889",46
115,"Judge of the Circuit Court, 20th District, Position 12 (Vote for 1)",33,Hafez Daraee,336,"2,948","1,617",0,"1,301",30
115,"Judge of the Circuit Court, 20th District, Position 12 (Vote for 1)",33,Hafez Daraee,337,"1,086",606,0,472,8
115,"Judge of the Circuit Court, 20th District, Position 12 (Vote for 1)",33,Hafez Daraee,338,"5,180","3,101",0,"2,026",53
115,"Judge of the Circuit Court, 20th District, Position 12 (Vote for 1)",33,Hafez Daraee,339,"4,822","2,667",0,"2,103",52
115,"Judge of the Circuit Court, 20th District, Position 12 (Vote for 1)",33,Hafez Daraee,340,"6,948","3,783",0,"3,078",87
115,"Judge of the Circuit Court, 20th District, Position 12 (Vote for 1)",33,Hafez Daraee,341,305,135,0,165,5
115,"Judge of the Circuit Court, 20th District, Position 12 (Vote for 1)",33,Hafez Daraee,342,63,35,0,27,1
115,"Judge of the Circuit Court, 20th District, Position 12 (Vote for 1)",33,Hafez Daraee,343,"2,608","1,398",0,"1,190",20
115,"Judge of the Circuit Court, 20th District, Position 12 (Vote for 1)",33,Hafez Daraee,344,"2,806","1,469",0,"1,293",44
115,"Judge of the Circuit Court, 20th District, Position 12 (Vote for 1)",33,Hafez Daraee,345,27,14,0,13,0
115,"Judge of the Circuit Court, 20th District, Position 12 (Vote for 1)",33,Hafez Daraee,346,274,125,0,147,2
115,"Judge of the Circuit Court, 20th District, Position 12 (Vote for 1)",33,Hafez Daraee,347,55,27,0,27,1
115,"Judge of the Circuit Court, 20th District, Position 12 (Vote for 1)",33,Hafez Daraee,348,27,12,0,15,0
115,"Judge of the Circuit Court, 20th District, Position 12 (Vote for 1)",33,Hafez Daraee,349,573,303,0,258,12
115,"Judge of the Circuit Court, 20th District, Position 12 (Vote for 1)",33,Hafez Daraee,350,"6,361","3,345",0,"2,949",67
115,"Judge of the Circuit Court, 20th District, Position 12 (Vote for 1)",33,Hafez Daraee,351,"3,169","1,799",0,"1,329",41
115,"Judge of the Circuit Court, 20th District, Position 12 (Vote for 1)",33,Hafez Daraee,352,"1,138",651,0,475,12
115,"Judge of the Circuit Court, 20th District, Position 12 (Vote for 1)",33,Hafez Daraee,353,"2,219","1,137",0,"1,061",21
115,"Judge of the Circuit Court, 20th District, Position 12 (Vote for 1)",33,Hafez Daraee,354,"1,811",980,0,813,18
115,"Judge of the Circuit Court, 20th District, Position 12 (Vote for 1)",33,Hafez Daraee,355,"1,364",734,0,619,11
115,"Judge of the Circuit Court, 20th District, Position 12 (Vote for 1)",33,Hafez Daraee,356,"1,662",941,0,700,21
115,"Judge of the Circuit Court, 20th District, Position 12 (Vote for 1)",33,Hafez Daraee,357,813,472,0,334,7
115,"Judge of the Circuit Court, 20th District, Position 12 (Vote for 1)",33,Hafez Daraee,358,"2,526","1,437",0,"1,070",19
115,"Judge of the Circuit Court, 20th District, Position 12 (Vote for 1)",33,Hafez Daraee,359,"2,324","1,297",0,"1,010",17
115,"Judge of the Circuit Court, 20th District, Position 12 (Vote for 1)",33,Hafez Daraee,360,"2,836","1,626",0,"1,191",19
115,"Judge of the Circuit Court, 20th District, Position 12 (Vote for 1)",33,Hafez Daraee,361,"2,052","1,203",0,819,30
115,"Judge of the Circuit Court, 20th District, Position 12 (Vote for 1)",33,Hafez Daraee,362,"6,315","3,404",0,"2,866",45
115,"Judge of the Circuit Court, 20th District, Position 12 (Vote for 1)",33,Hafez Daraee,363,"2,925","1,528",0,"1,377",20
115,"Judge of the Circuit Court, 20th District, Position 12 (Vote for 1)",33,Hafez Daraee,364,"4,460","2,351",0,"2,069",40
115,"Judge of the Circuit Court, 20th District, Position 12 (Vote for 1)",33,Hafez Daraee,365,"4,622","2,465",0,"2,134",23
115,"Judge of the Circuit Court, 20th District, Position 12 (Vote for 1)",33,Hafez Daraee,366,"1,641",865,0,758,18
115,"Judge of the Circuit Court, 20th District, Position 12 (Vote for 1)",33,Hafez Daraee,367,"4,269","2,448",0,"1,799",22
115,"Judge of the Circuit Court, 20th District, Position 12 (Vote for 1)",33,Hafez Daraee,368,"3,793","2,079",1,"1,666",47
115,"Judge of the Circuit Court, 20th District, Position 12 (Vote for 1)",33,Hafez Daraee,369,"1,660",861,0,779,20
115,"Judge of the Circuit Court, 20th District, Position 12 (Vote for 1)",33,Hafez Daraee,370,"2,096","1,065",0,"1,011",20
115,"Judge of the Circuit Court, 20th District, Position 12 (Vote for 1)",33,Hafez Daraee,371,"2,037","1,144",0,878,15
115,"Judge of the Circuit Court, 20th District, Position 12 (Vote for 1)",33,Hafez Daraee,372,"1,701",877,0,813,11
115,"Judge of the Circuit Court, 20th District, Position 12 (Vote for 1)",33,Hafez Daraee,373,328,148,0,178,2
115,"Judge of the Circuit Court, 20th District, Position 12 (Vote for 1)",33,Hafez Daraee,374,9,5,0,4,0
115,"Judge of the Circuit Court, 20th District, Position 12 (Vote for 1)",33,Hafez Daraee,375,279,148,0,129,2
115,"Judge of the Circuit Court, 20th District, Position 12 (Vote for 1)",33,Hafez Daraee,376,"1,779",950,0,811,18
115,"Judge of the Circuit Court, 20th District, Position 12 (Vote for 1)",33,Hafez Daraee,377,"2,251","1,236",0,"1,000",15
115,"Judge of the Circuit Court, 20th District, Position 12 (Vote for 1)",33,Hafez Daraee,378,937,480,0,449,8
115,"Judge of the Circuit Court, 20th District, Position 12 (Vote for 1)",33,Hafez Daraee,379,"3,854","2,091",0,"1,733",30
115,"Judge of the Circuit Court, 20th District, Position 12 (Vote for 1)",33,Hafez Daraee,380,"3,025","1,567",0,"1,439",19
115,"Judge of the Circuit Court, 20th District, Position 12 (Vote for 1)",33,Hafez Daraee,381,475,267,0,207,1
115,"Judge of the Circuit Court, 20th District, Position 12 (Vote for 1)",33,Hafez Daraee,382,"3,905","2,251",0,"1,611",43
115,"Judge of the Circuit Court, 20th District, Position 12 (Vote for 1)",33,Hafez Daraee,383,"1,566",845,0,707,14
115,"Judge of the Circuit Court, 20th District, Position 12 (Vote for 1)",33,Hafez Daraee,384,"4,477","2,381",0,"2,072",24
115,"Judge of the Circuit Court, 20th District, Position 12 (Vote for 1)",33,Hafez Daraee,385,770,404,0,362,4
115,"Judge of the Circuit Court, 20th District, Position 12 (Vote for 1)",33,Hafez Daraee,386,"1,936","1,010",0,911,15
115,"Judge of the Circuit Court, 20th District, Position 12 (Vote for 1)",33,Hafez Daraee,387,21,14,0,7,0
115,"Judge of the Circuit Court, 20th District, Position 12 (Vote for 1)",33,Hafez Daraee,388,250,146,0,102,2
115,"Judge of the Circuit Court, 20th District, Position 12 (Vote for 1)",33,Hafez Daraee,389,"7,639","4,138",0,"3,426",75
115,"Judge of the Circuit Court, 20th District, Position 12 (Vote for 1)",33,Hafez Daraee,390,"2,098","1,129",0,957,12
115,"Judge of the Circuit Court, 20th District, Position 12 (Vote for 1)",33,Hafez Daraee,391,405,217,0,183,5
115,"Judge of the Circuit Court, 20th District, Position 12 (Vote for 1)",33,Hafez Daraee,392,112,59,0,53,0
115,"Judge of the Circuit Court, 20th District, Position 12 (Vote for 1)",33,Hafez Daraee,393,626,333,0,287,6
115,"Judge of the Circuit Court, 20th District, Position 12 (Vote for 1)",33,Hafez Daraee,394,248,135,0,111,2
115,"Judge of the Circuit Court, 20th District, Position 12 (Vote for 1)",33,Hafez Daraee,395,"5,402","2,998",0,"2,354",50
115,"Judge of the Circuit Court, 20th District, Position 12 (Vote for 1)",33,Hafez Daraee,396,830,473,0,353,4
115,"Judge of the Circuit Court, 20th District, Position 12 (Vote for 1)",33,Hafez Daraee,397,"2,943","1,585",0,"1,322",36
115,"Judge of the Circuit Court, 20th District, Position 12 (Vote for 1)",33,Hafez Daraee,398,"1,773",951,0,809,13
115,"Judge of the Circuit Court, 20th District, Position 12 (Vote for 1)",33,Hafez Daraee,399,"2,213","1,166",0,"1,016",31
115,"Judge of the Circuit Court, 20th District, Position 12 (Vote for 1)",33,Hafez Daraee,400,"3,519","1,929",0,"1,561",29
115,"Judge of the Circuit Court, 20th District, Position 12 (Vote for 1)",33,Hafez Daraee,401,"1,860",986,0,858,16
115,"Judge of the Circuit Court, 20th District, Position 12 (Vote for 1)",33,Hafez Daraee,402,"6,413","3,476",0,"2,884",53
115,"Judge of the Circuit Court, 20th District, Position 12 (Vote for 1)",33,Hafez Daraee,403,"1,374",725,0,641,8
115,"Judge of the Circuit Court, 20th District, Position 12 (Vote for 1)",33,Hafez Daraee,404,"5,913","3,291",0,"2,558",64
115,"Judge of the Circuit Court, 20th District, Position 12 (Vote for 1)",33,Hafez Daraee,405,"7,546","4,087",1,"3,406",52
115,"Judge of the Circuit Court, 20th District, Position 12 (Vote for 1)",33,Hafez Daraee,406,"2,033","1,158",0,862,13
115,"Judge of the Circuit Court, 20th District, Position 12 (Vote for 1)",33,Hafez Daraee,407,870,462,0,403,5
115,"Judge of the Circuit Court, 20th District, Position 12 (Vote for 1)",33,Hafez Daraee,408,322,178,0,139,5
115,"Judge of the Circuit Court, 20th District, Position 12 (Vote for 1)",33,Hafez Daraee,409,"4,511","2,513",0,"1,956",42
115,"Judge of the Circuit Court, 20th District, Position 12 (Vote for 1)",33,Hafez Daraee,410,"1,322",712,0,602,8
115,"Judge of the Circuit Court, 20th District, Position 12 (Vote for 1)",33,Hafez Daraee,411,"1,311",802,0,506,3
115,"Judge of the Circuit Court, 20th District, Position 12 (Vote for 1)",33,Hafez Daraee,412,"1,749",923,0,814,12
115,"Judge of the Circuit Court, 20th District, Position 12 (Vote for 1)",33,Hafez Daraee,413,"1,455",857,0,581,17
115,"Judge of the Circuit Court, 20th District, Position 12 (Vote for 1)",33,Hafez Daraee,414,525,258,0,260,7
115,"Judge of the Circuit Court, 20th District, Position 12 (Vote for 1)",33,Hafez Daraee,415,850,472,0,374,4
115,"Judge of the Circuit Court, 20th District, Position 12 (Vote for 1)",33,Hafez Daraee,416,846,521,0,320,5
115,"Judge of the Circuit Court, 20th District, Position 12 (Vote for 1)",33,Hafez Daraee,417,408,234,0,173,1
115,"Judge of the Circuit Court, 20th District, Position 12 (Vote for 1)",33,Hafez Daraee,418,"3,030","1,670",0,"1,336",24
115,"Judge of the Circuit Court, 20th District, Position 12 (Vote for 1)",33,Hafez Daraee,419,"1,789",957,0,822,10
115,"Judge of the Circuit Court, 20th District, Position 12 (Vote for 1)",33,Hafez Daraee,420,"3,223","1,716",0,"1,485",22
115,"Judge of the Circuit Court, 20th District, Position 12 (Vote for 1)",33,Hafez Daraee,421,499,267,0,227,5
115,"Judge of the Circuit Court, 20th District, Position 12 (Vote for 1)",33,Hafez Daraee,422,17,1,0,16,0
115,"Judge of the Circuit Court, 20th District, Position 12 (Vote for 1)",33,Hafez Daraee,423,"3,051","1,778",0,"1,242",31
115,"Judge of the Circuit Court, 20th District, Position 12 (Vote for 1)",33,Hafez Daraee,424,"4,657","2,586",0,"2,042",29
115,"Judge of the Circuit Court, 20th District, Position 12 (Vote for 1)",33,Hafez Daraee,425,683,300,0,375,8
115,"Judge of the Circuit Court, 20th District, Position 12 (Vote for 1)",33,Hafez Daraee,426,436,205,0,227,4
115,"Judge of the Circuit Court, 20th District, Position 12 (Vote for 1)",33,Hafez Daraee,427,"1,301",761,0,530,10
115,"Judge of the Circuit Court, 20th District, Position 12 (Vote for 1)",33,Hafez Daraee,428,"1,359",798,0,558,3
115,"Judge of the Circuit Court, 20th District, Position 12 (Vote for 1)",33,Hafez Daraee,429,"2,699","1,482",0,"1,195",22
115,"Judge of the Circuit Court, 20th District, Position 12 (Vote for 1)",33,Hafez Daraee,430,"2,310",994,0,"1,286",30
115,"Judge of the Circuit Court, 20th District, Position 12 (Vote for 1)",33,Hafez Daraee,431,775,384,0,384,7
115,"Judge of the Circuit Court, 20th District, Position 12 (Vote for 1)",33,Hafez Daraee,432,306,175,0,131,0
115,"Judge of the Circuit Court, 20th District, Position 12 (Vote for 1)",33,Hafez Daraee,433,"2,171","1,149",0,"1,003",19
115,"Judge of the Circuit Court, 20th District, Position 12 (Vote for 1)",33,Hafez Daraee,434,"4,401","2,441",0,"1,921",39
115,"Judge of the Circuit Court, 20th District, Position 12 (Vote for 1)",33,Hafez Daraee,435,"4,132","2,266",0,"1,833",33
115,"Judge of the Circuit Court, 20th District, Position 12 (Vote for 1)",33,Hafez Daraee,436,"2,242","1,193",0,"1,031",18
115,"Judge of the Circuit Court, 20th District, Position 12 (Vote for 1)",33,Hafez Daraee,437,63,25,0,38,0
115,"Judge of the Circuit Court, 20th District, Position 12 (Vote for 1)",33,Hafez Daraee,438,493,245,0,244,4
115,"Judge of the Circuit Court, 20th District, Position 12 (Vote for 1)",33,Hafez Daraee,439,"2,375","1,467",0,899,9
115,"Judge of the Circuit Court, 20th District, Position 12 (Vote for 1)",33,Hafez Daraee,440,"1,461",879,0,569,13
115,"Judge of the Circuit Court, 20th District, Position 12 (Vote for 1)",33,Hafez Daraee,441,70,40,0,30,0
115,"Judge of the Circuit Court, 20th District, Position 12 (Vote for 1)",33,Hafez Daraee,442,"2,708","1,561",0,"1,127",20
115,"Judge of the Circuit Court, 20th District, Position 12 (Vote for 1)",33,Hafez Daraee,443,11,6,0,5,0
115,"Judge of the Circuit Court, 20th District, Position 12 (Vote for 1)",33,Hafez Daraee,444,121,68,0,53,0
115,"Judge of the Circuit Court, 20th District, Position 12 (Vote for 1)",33,Hafez Daraee,445,1,1,0,0,0
115,"Judge of the Circuit Court, 20th District, Position 12 (Vote for 1)",33,Hafez Daraee,446,107,62,0,44,1
115,"Judge of the Circuit Court, 20th District, Position 12 (Vote for 1)",33,Hafez Daraee,447,285,137,0,144,4
115,"Judge of the Circuit Court, 20th District, Position 12 (Vote for 1)",33,Hafez Daraee,448,771,437,0,330,4
115,"Judge of the Circuit Court, 20th District, Position 12 (Vote for 1)",33,Hafez Daraee,449,293,141,0,146,6
115,"Judge of the Circuit Court, 20th District, Position 12 (Vote for 1)",33,Hafez Daraee,450,170,56,0,111,3
115,"Judge of the Circuit Court, 20th District, Position 12 (Vote for 1)",33,Hafez Daraee,451,"1,066",612,0,442,12
115,"Judge of the Circuit Court, 20th District, Position 12 (Vote for 1)",33,Hafez Daraee,452,99,46,0,52,1
115,"Judge of the Circuit Court, 20th District, Position 12 (Vote for 1)",33,Hafez Daraee,453,11,2,0,9,0
115,"Judge of the Circuit Court, 20th District, Position 12 (Vote for 1)",33,Hafez Daraee,454,19,6,0,12,1
115,"Judge of the Circuit Court, 20th District, Position 12 (Vote for 1)",33,Hafez Daraee,455,"1,486",830,0,647,9
115,"Judge of the Circuit Court, 20th District, Position 12 (Vote for 1)",33,Hafez Daraee,456,7,3,0,4,0
115,"Judge of the Circuit Court, 20th District, Position 12 (Vote for 1)",33,Write-in,301,"1,724",30,0,944,750
115,"Judge of the Circuit Court, 20th District, Position 12 (Vote for 1)",33,Write-in,302,"2,551",29,0,"1,175","1,347"
115,"Judge of the Circuit Court, 20th District, Position 12 (Vote for 1)",33,Write-in,303,330,3,0,193,134
115,"Judge of the Circuit Court, 20th District, Position 12 (Vote for 1)",33,Write-in,304,"1,076",14,0,473,589
115,"Judge of the Circuit Court, 20th District, Position 12 (Vote for 1)",33,Write-in,305,953,8,0,430,515
115,"Judge of the Circuit Court, 20th District, Position 12 (Vote for 1)",33,Write-in,306,579,5,0,229,345
115,"Judge of the Circuit Court, 20th District, Position 12 (Vote for 1)",33,Write-in,307,"4,494",54,0,"2,027","2,413"
115,"Judge of the Circuit Court, 20th District, Position 12 (Vote for 1)",33,Write-in,308,148,1,0,71,76
115,"Judge of the Circuit Court, 20th District, Position 12 (Vote for 1)",33,Write-in,309,"4,308",41,0,"1,927","2,340"
115,"Judge of the Circuit Court, 20th District, Position 12 (Vote for 1)",33,Write-in,310,614,10,0,323,281
115,"Judge of the Circuit Court, 20th District, Position 12 (Vote for 1)",33,Write-in,311,684,8,0,330,346
115,"Judge of the Circuit Court, 20th District, Position 12 (Vote for 1)",33,Write-in,312,"1,703",12,0,947,744
115,"Judge of the Circuit Court, 20th District, Position 12 (Vote for 1)",33,Write-in,313,3,0,0,3,0
115,"Judge of the Circuit Court, 20th District, Position 12 (Vote for 1)",33,Write-in,314,310,0,0,174,136
115,"Judge of the Circuit Court, 20th District, Position 12 (Vote for 1)",33,Write-in,315,493,10,0,295,188
115,"Judge of the Circuit Court, 20th District, Position 12 (Vote for 1)",33,Write-in,316,"1,719",16,0,975,728
115,"Judge of the Circuit Court, 20th District, Position 12 (Vote for 1)",33,Write-in,317,169,5,0,75,89
115,"Judge of the Circuit Court, 20th District, Position 12 (Vote for 1)",33,Write-in,318,"3,750",33,0,"1,599","2,118"
115,"Judge of the Circuit Court, 20th District, Position 12 (Vote for 1)",33,Write-in,319,"5,196",52,0,"2,152","2,992"
115,"Judge of the Circuit Court, 20th District, Position 12 (Vote for 1)",33,Write-in,320,"1,778",8,0,793,977
115,"Judge of the Circuit Court, 20th District, Position 12 (Vote for 1)",33,Write-in,321,328,3,0,160,165
115,"Judge of the Circuit Court, 20th District, Position 12 (Vote for 1)",33,Write-in,322,269,4,0,132,133
115,"Judge of the Circuit Court, 20th District, Position 12 (Vote for 1)",33,Write-in,324,519,9,0,261,249
115,"Judge of the Circuit Court, 20th District, Position 12 (Vote for 1)",33,Write-in,325,155,1,0,63,91
115,"Judge of the Circuit Court, 20th District, Position 12 (Vote for 1)",33,Write-in,326,"1,898",19,0,"1,052",827
115,"Judge of the Circuit Court, 20th District, Position 12 (Vote for 1)",33,Write-in,327,"5,317",32,0,"2,179","3,106"
115,"Judge of the Circuit Court, 20th District, Position 12 (Vote for 1)",33,Write-in,328,931,12,0,475,444
115,"Judge of the Circuit Court, 20th District, Position 12 (Vote for 1)",33,Write-in,329,"7,692",80,0,"3,344","4,268"
115,"Judge of the Circuit Court, 20th District, Position 12 (Vote for 1)",33,Write-in,330,"2,150",33,0,932,"1,185"
115,"Judge of the Circuit Court, 20th District, Position 12 (Vote for 1)",33,Write-in,331,"2,399",19,0,"1,008","1,372"
115,"Judge of the Circuit Court, 20th District, Position 12 (Vote for 1)",33,Write-in,332,"2,550",26,0,998,"1,526"
115,"Judge of the Circuit Court, 20th District, Position 12 (Vote for 1)",33,Write-in,333,"3,626",32,0,"1,462","2,132"
115,"Judge of the Circuit Court, 20th District, Position 12 (Vote for 1)",33,Write-in,334,137,3,0,70,64
115,"Judge of the Circuit Court, 20th District, Position 12 (Vote for 1)",33,Write-in,335,"4,268",46,0,"1,889","2,333"
115,"Judge of the Circuit Court, 20th District, Position 12 (Vote for 1)",33,Write-in,336,"2,948",30,0,"1,301","1,617"
115,"Judge of the Circuit Court, 20th District, Position 12 (Vote for 1)",33,Write-in,337,"1,086",8,0,472,606
115,"Judge of the Circuit Court, 20th District, Position 12 (Vote for 1)",33,Write-in,338,"5,180",53,0,"2,026","3,101"
115,"Judge of the Circuit Court, 20th District, Position 12 (Vote for 1)",33,Write-in,339,"4,822",52,0,"2,103","2,667"
115,"Judge of the Circuit Court, 20th District, Position 12 (Vote for 1)",33,Write-in,340,"6,948",87,0,"3,078","3,783"
115,"Judge of the Circuit Court, 20th District, Position 12 (Vote for 1)",33,Write-in,341,305,5,0,165,135
115,"Judge of the Circuit Court, 20th District, Position 12 (Vote for 1)",33,Write-in,342,63,1,0,27,35
115,"Judge of the Circuit Court, 20th District, Position 12 (Vote for 1)",33,Write-in,343,"2,608",20,0,"1,190","1,398"
115,"Judge of the Circuit Court, 20th District, Position 12 (Vote for 1)",33,Write-in,344,"2,806",44,0,"1,293","1,469"
115,"Judge of the Circuit Court, 20th District, Position 12 (Vote for 1)",33,Write-in,345,27,0,0,13,14
115,"Judge of the Circuit Court, 20th District, Position 12 (Vote for 1)",33,Write-in,346,274,2,0,147,125
115,"Judge of the Circuit Court, 20th District, Position 12 (Vote for 1)",33,Write-in,347,55,1,0,27,27
115,"Judge of the Circuit Court, 20th District, Position 12 (Vote for 1)",33,Write-in,348,27,0,0,15,12
115,"Judge of the Circuit Court, 20th District, Position 12 (Vote for 1)",33,Write-in,349,573,12,0,258,303
115,"Judge of the Circuit Court, 20th District, Position 12 (Vote for 1)",33,Write-in,350,"6,361",67,0,"2,949","3,345"
115,"Judge of the Circuit Court, 20th District, Position 12 (Vote for 1)",33,Write-in,351,"3,169",41,0,"1,329","1,799"
115,"Judge of the Circuit Court, 20th District, Position 12 (Vote for 1)",33,Write-in,352,"1,138",12,0,475,651
115,"Judge of the Circuit Court, 20th District, Position 12 (Vote for 1)",33,Write-in,353,"2,219",21,0,"1,061","1,137"
115,"Judge of the Circuit Court, 20th District, Position 12 (Vote for 1)",33,Write-in,354,"1,811",18,0,813,980
115,"Judge of the Circuit Court, 20th District, Position 12 (Vote for 1)",33,Write-in,355,"1,364",11,0,619,734
115,"Judge of the Circuit Court, 20th District, Position 12 (Vote for 1)",33,Write-in,356,"1,662",21,0,700,941
115,"Judge of the Circuit Court, 20th District, Position 12 (Vote for 1)",33,Write-in,357,813,7,0,334,472
115,"Judge of the Circuit Court, 20th District, Position 12 (Vote for 1)",33,Write-in,358,"2,526",19,0,"1,070","1,437"
115,"Judge of the Circuit Court, 20th District, Position 12 (Vote for 1)",33,Write-in,359,"2,324",17,0,"1,010","1,297"
115,"Judge of the Circuit Court, 20th District, Position 12 (Vote for 1)",33,Write-in,360,"2,836",19,0,"1,191","1,626"
115,"Judge of the Circuit Court, 20th District, Position 12 (Vote for 1)",33,Write-in,361,"2,052",30,0,819,"1,203"
115,"Judge of the Circuit Court, 20th District, Position 12 (Vote for 1)",33,Write-in,362,"6,315",45,0,"2,866","3,404"
115,"Judge of the Circuit Court, 20th District, Position 12 (Vote for 1)",33,Write-in,363,"2,925",20,0,"1,377","1,528"
115,"Judge of the Circuit Court, 20th District, Position 12 (Vote for 1)",33,Write-in,364,"4,460",40,0,"2,069","2,351"
115,"Judge of the Circuit Court, 20th District, Position 12 (Vote for 1)",33,Write-in,365,"4,622",23,0,"2,134","2,465"
115,"Judge of the Circuit Court, 20th District, Position 12 (Vote for 1)",33,Write-in,366,"1,641",18,0,758,865
115,"Judge of the Circuit Court, 20th District, Position 12 (Vote for 1)",33,Write-in,367,"4,269",22,0,"1,799","2,448"
115,"Judge of the Circuit Court, 20th District, Position 12 (Vote for 1)",33,Write-in,368,"3,793",47,1,"1,666","2,079"
115,"Judge of the Circuit Court, 20th District, Position 12 (Vote for 1)",33,Write-in,369,"1,660",20,0,779,861
115,"Judge of the Circuit Court, 20th District, Position 12 (Vote for 1)",33,Write-in,370,"2,096",20,0,"1,011","1,065"
115,"Judge of the Circuit Court, 20th District, Position 12 (Vote for 1)",33,Write-in,371,"2,037",15,0,878,"1,144"
115,"Judge of the Circuit Court, 20th District, Position 12 (Vote for 1)",33,Write-in,372,"1,701",11,0,813,877
115,"Judge of the Circuit Court, 20th District, Position 12 (Vote for 1)",33,Write-in,373,328,2,0,178,148
115,"Judge of the Circuit Court, 20th District, Position 12 (Vote for 1)",33,Write-in,374,9,0,0,4,5
115,"Judge of the Circuit Court, 20th District, Position 12 (Vote for 1)",33,Write-in,375,279,2,0,129,148
115,"Judge of the Circuit Court, 20th District, Position 12 (Vote for 1)",33,Write-in,376,"1,779",18,0,811,950
115,"Judge of the Circuit Court, 20th District, Position 12 (Vote for 1)",33,Write-in,377,"2,251",15,0,"1,000","1,236"
115,"Judge of the Circuit Court, 20th District, Position 12 (Vote for 1)",33,Write-in,378,937,8,0,449,480
115,"Judge of the Circuit Court, 20th District, Position 12 (Vote for 1)",33,Write-in,379,"3,854",30,0,"1,733","2,091"
115,"Judge of the Circuit Court, 20th District, Position 12 (Vote for 1)",33,Write-in,380,"3,025",19,0,"1,439","1,567"
115,"Judge of the Circuit Court, 20th District, Position 12 (Vote for 1)",33,Write-in,381,475,1,0,207,267
115,"Judge of the Circuit Court, 20th District, Position 12 (Vote for 1)",33,Write-in,382,"3,905",43,0,"1,611","2,251"
115,"Judge of the Circuit Court, 20th District, Position 12 (Vote for 1)",33,Write-in,383,"1,566",14,0,707,845
115,"Judge of the Circuit Court, 20th District, Position 12 (Vote for 1)",33,Write-in,384,"4,477",24,0,"2,072","2,381"
115,"Judge of the Circuit Court, 20th District, Position 12 (Vote for 1)",33,Write-in,385,770,4,0,362,404
115,"Judge of the Circuit Court, 20th District, Position 12 (Vote for 1)",33,Write-in,386,"1,936",15,0,911,"1,010"
115,"Judge of the Circuit Court, 20th District, Position 12 (Vote for 1)",33,Write-in,387,21,0,0,7,14
115,"Judge of the Circuit Court, 20th District, Position 12 (Vote for 1)",33,Write-in,388,250,2,0,102,146
115,"Judge of the Circuit Court, 20th District, Position 12 (Vote for 1)",33,Write-in,389,"7,639",75,0,"3,426","4,138"
115,"Judge of the Circuit Court, 20th District, Position 12 (Vote for 1)",33,Write-in,390,"2,098",12,0,957,"1,129"
115,"Judge of the Circuit Court, 20th District, Position 12 (Vote for 1)",33,Write-in,391,405,5,0,183,217
115,"Judge of the Circuit Court, 20th District, Position 12 (Vote for 1)",33,Write-in,392,112,0,0,53,59
115,"Judge of the Circuit Court, 20th District, Position 12 (Vote for 1)",33,Write-in,393,626,6,0,287,333
115,"Judge of the Circuit Court, 20th District, Position 12 (Vote for 1)",33,Write-in,394,248,2,0,111,135
115,"Judge of the Circuit Court, 20th District, Position 12 (Vote for 1)",33,Write-in,395,"5,402",50,0,"2,354","2,998"
115,"Judge of the Circuit Court, 20th District, Position 12 (Vote for 1)",33,Write-in,396,830,4,0,353,473
115,"Judge of the Circuit Court, 20th District, Position 12 (Vote for 1)",33,Write-in,397,"2,943",36,0,"1,322","1,585"
115,"Judge of the Circuit Court, 20th District, Position 12 (Vote for 1)",33,Write-in,398,"1,773",13,0,809,951
115,"Judge of the Circuit Court, 20th District, Position 12 (Vote for 1)",33,Write-in,399,"2,213",31,0,"1,016","1,166"
115,"Judge of the Circuit Court, 20th District, Position 12 (Vote for 1)",33,Write-in,400,"3,519",29,0,"1,561","1,929"
115,"Judge of the Circuit Court, 20th District, Position 12 (Vote for 1)",33,Write-in,401,"1,860",16,0,858,986
115,"Judge of the Circuit Court, 20th District, Position 12 (Vote for 1)",33,Write-in,402,"6,413",53,0,"2,884","3,476"
115,"Judge of the Circuit Court, 20th District, Position 12 (Vote for 1)",33,Write-in,403,"1,374",8,0,641,725
115,"Judge of the Circuit Court, 20th District, Position 12 (Vote for 1)",33,Write-in,404,"5,913",64,0,"2,558","3,291"
115,"Judge of the Circuit Court, 20th District, Position 12 (Vote for 1)",33,Write-in,405,"7,546",52,1,"3,406","4,087"
115,"Judge of the Circuit Court, 20th District, Position 12 (Vote for 1)",33,Write-in,406,"2,033",13,0,862,"1,158"
115,"Judge of the Circuit Court, 20th District, Position 12 (Vote for 1)",33,Write-in,407,870,5,0,403,462
115,"Judge of the Circuit Court, 20th District, Position 12 (Vote for 1)",33,Write-in,408,322,5,0,139,178
115,"Judge of the Circuit Court, 20th District, Position 12 (Vote for 1)",33,Write-in,409,"4,511",42,0,"1,956","2,513"
115,"Judge of the Circuit Court, 20th District, Position 12 (Vote for 1)",33,Write-in,410,"1,322",8,0,602,712
115,"Judge of the Circuit Court, 20th District, Position 12 (Vote for 1)",33,Write-in,411,"1,311",3,0,506,802
115,"Judge of the Circuit Court, 20th District, Position 12 (Vote for 1)",33,Write-in,412,"1,749",12,0,814,923
115,"Judge of the Circuit Court, 20th District, Position 12 (Vote for 1)",33,Write-in,413,"1,455",17,0,581,857
115,"Judge of the Circuit Court, 20th District, Position 12 (Vote for 1)",33,Write-in,414,525,7,0,260,258
115,"Judge of the Circuit Court, 20th District, Position 12 (Vote for 1)",33,Write-in,415,850,4,0,374,472
115,"Judge of the Circuit Court, 20th District, Position 12 (Vote for 1)",33,Write-in,416,846,5,0,320,521
115,"Judge of the Circuit Court, 20th District, Position 12 (Vote for 1)",33,Write-in,417,408,1,0,173,234
115,"Judge of the Circuit Court, 20th District, Position 12 (Vote for 1)",33,Write-in,418,"3,030",24,0,"1,336","1,670"
115,"Judge of the Circuit Court, 20th District, Position 12 (Vote for 1)",33,Write-in,419,"1,789",10,0,822,957
115,"Judge of the Circuit Court, 20th District, Position 12 (Vote for 1)",33,Write-in,420,"3,223",22,0,"1,485","1,716"
115,"Judge of the Circuit Court, 20th District, Position 12 (Vote for 1)",33,Write-in,421,499,5,0,227,267
115,"Judge of the Circuit Court, 20th District, Position 12 (Vote for 1)",33,Write-in,422,17,0,0,16,1
115,"Judge of the Circuit Court, 20th District, Position 12 (Vote for 1)",33,Write-in,423,"3,051",31,0,"1,242","1,778"
115,"Judge of the Circuit Court, 20th District, Position 12 (Vote for 1)",33,Write-in,424,"4,657",29,0,"2,042","2,586"
115,"Judge of the Circuit Court, 20th District, Position 12 (Vote for 1)",33,Write-in,425,683,8,0,375,300
115,"Judge of the Circuit Court, 20th District, Position 12 (Vote for 1)",33,Write-in,426,436,4,0,227,205
115,"Judge of the Circuit Court, 20th District, Position 12 (Vote for 1)",33,Write-in,427,"1,301",10,0,530,761
115,"Judge of the Circuit Court, 20th District, Position 12 (Vote for 1)",33,Write-in,428,"1,359",3,0,558,798
115,"Judge of the Circuit Court, 20th District, Position 12 (Vote for 1)",33,Write-in,429,"2,699",22,0,"1,195","1,482"
115,"Judge of the Circuit Court, 20th District, Position 12 (Vote for 1)",33,Write-in,430,"2,310",30,0,"1,286",994
115,"Judge of the Circuit Court, 20th District, Position 12 (Vote for 1)",33,Write-in,431,775,7,0,384,384
115,"Judge of the Circuit Court, 20th District, Position 12 (Vote for 1)",33,Write-in,432,306,0,0,131,175
115,"Judge of the Circuit Court, 20th District, Position 12 (Vote for 1)",33,Write-in,433,"2,171",19,0,"1,003","1,149"
115,"Judge of the Circuit Court, 20th District, Position 12 (Vote for 1)",33,Write-in,434,"4,401",39,0,"1,921","2,441"
115,"Judge of the Circuit Court, 20th District, Position 12 (Vote for 1)",33,Write-in,435,"4,132",33,0,"1,833","2,266"
115,"Judge of the Circuit Court, 20th District, Position 12 (Vote for 1)",33,Write-in,436,"2,242",18,0,"1,031","1,193"
115,"Judge of the Circuit Court, 20th District, Position 12 (Vote for 1)",33,Write-in,437,63,0,0,38,25
115,"Judge of the Circuit Court, 20th District, Position 12 (Vote for 1)",33,Write-in,438,493,4,0,244,245
115,"Judge of the Circuit Court, 20th District, Position 12 (Vote for 1)",33,Write-in,439,"2,375",9,0,899,"1,467"
115,"Judge of the Circuit Court, 20th District, Position 12 (Vote for 1)",33,Write-in,440,"1,461",13,0,569,879
115,"Judge of the Circuit Court, 20th District, Position 12 (Vote for 1)",33,Write-in,441,70,0,0,30,40
115,"Judge of the Circuit Court, 20th District, Position 12 (Vote for 1)",33,Write-in,442,"2,708",20,0,"1,127","1,561"
115,"Judge of the Circuit Court, 20th District, Position 12 (Vote for 1)",33,Write-in,443,11,0,0,5,6
115,"Judge of the Circuit Court, 20th District, Position 12 (Vote for 1)",33,Write-in,444,121,0,0,53,68
115,"Judge of the Circuit Court, 20th District, Position 12 (Vote for 1)",33,Write-in,445,1,0,0,0,1
115,"Judge of the Circuit Court, 20th District, Position 12 (Vote for 1)",33,Write-in,446,107,1,0,44,62
115,"Judge of the Circuit Court, 20th District, Position 12 (Vote for 1)",33,Write-in,447,285,4,0,144,137
115,"Judge of the Circuit Court, 20th District, Position 12 (Vote for 1)",33,Write-in,448,771,4,0,330,437
115,"Judge of the Circuit Court, 20th District, Position 12 (Vote for 1)",33,Write-in,449,293,6,0,146,141
115,"Judge of the Circuit Court, 20th District, Position 12 (Vote for 1)",33,Write-in,450,170,3,0,111,56
115,"Judge of the Circuit Court, 20th District, Position 12 (Vote for 1)",33,Write-in,451,"1,066",12,0,442,612
115,"Judge of the Circuit Court, 20th District, Position 12 (Vote for 1)",33,Write-in,452,99,1,0,52,46
115,"Judge of the Circuit Court, 20th District, Position 12 (Vote for 1)",33,Write-in,453,11,0,0,9,2
115,"Judge of the Circuit Court, 20th District, Position 12 (Vote for 1)",33,Write-in,454,19,1,0,12,6
115,"Judge of the Circuit Court, 20th District, Position 12 (Vote for 1)",33,Write-in,455,"1,486",9,0,647,830
115,"Judge of the Circuit Court, 20th District, Position 12 (Vote for 1)",33,Write-in,456,7,0,0,4,3
120,"Judge of the Circuit Court, 20th District, Position 16 (Vote for 1)",34,Elizabeth R Lemoine,301,"1,724",783,0,910,31
120,"Judge of the Circuit Court, 20th District, Position 16 (Vote for 1)",34,Elizabeth R Lemoine,302,"2,551","1,420",0,"1,110",21
120,"Judge of the Circuit Court, 20th District, Position 16 (Vote for 1)",34,Elizabeth R Lemoine,303,330,148,0,180,2
120,"Judge of the Circuit Court, 20th District, Position 16 (Vote for 1)",34,Elizabeth R Lemoine,304,"1,076",613,0,450,13
120,"Judge of the Circuit Court, 20th District, Position 16 (Vote for 1)",34,Elizabeth R Lemoine,305,953,528,0,417,8
120,"Judge of the Circuit Court, 20th District, Position 16 (Vote for 1)",34,Elizabeth R Lemoine,306,579,357,0,217,5
120,"Judge of the Circuit Court, 20th District, Position 16 (Vote for 1)",34,Elizabeth R Lemoine,307,"4,494","2,556",0,"1,893",45
120,"Judge of the Circuit Court, 20th District, Position 16 (Vote for 1)",34,Elizabeth R Lemoine,308,148,80,0,67,1
120,"Judge of the Circuit Court, 20th District, Position 16 (Vote for 1)",34,Elizabeth R Lemoine,309,"4,308","2,427",0,"1,845",36
120,"Judge of the Circuit Court, 20th District, Position 16 (Vote for 1)",34,Elizabeth R Lemoine,310,614,292,0,313,9
120,"Judge of the Circuit Court, 20th District, Position 16 (Vote for 1)",34,Elizabeth R Lemoine,311,684,367,0,310,7
120,"Judge of the Circuit Court, 20th District, Position 16 (Vote for 1)",34,Elizabeth R Lemoine,312,"1,703",782,0,909,12
120,"Judge of the Circuit Court, 20th District, Position 16 (Vote for 1)",34,Elizabeth R Lemoine,313,3,0,0,3,0
120,"Judge of the Circuit Court, 20th District, Position 16 (Vote for 1)",34,Elizabeth R Lemoine,314,310,145,0,165,0
120,"Judge of the Circuit Court, 20th District, Position 16 (Vote for 1)",34,Elizabeth R Lemoine,315,493,200,0,286,7
120,"Judge of the Circuit Court, 20th District, Position 16 (Vote for 1)",34,Elizabeth R Lemoine,316,"1,719",766,0,937,16
120,"Judge of the Circuit Court, 20th District, Position 16 (Vote for 1)",34,Elizabeth R Lemoine,317,169,92,0,74,3
120,"Judge of the Circuit Court, 20th District, Position 16 (Vote for 1)",34,Elizabeth R Lemoine,318,"3,750","2,224",0,"1,499",27
120,"Judge of the Circuit Court, 20th District, Position 16 (Vote for 1)",34,Elizabeth R Lemoine,319,"5,196","3,099",0,"2,051",46
120,"Judge of the Circuit Court, 20th District, Position 16 (Vote for 1)",34,Elizabeth R Lemoine,320,"1,778","1,017",0,747,14
120,"Judge of the Circuit Court, 20th District, Position 16 (Vote for 1)",34,Elizabeth R Lemoine,321,328,171,0,155,2
120,"Judge of the Circuit Court, 20th District, Position 16 (Vote for 1)",34,Elizabeth R Lemoine,322,269,142,0,124,3
120,"Judge of the Circuit Court, 20th District, Position 16 (Vote for 1)",34,Elizabeth R Lemoine,324,519,256,0,254,9
120,"Judge of the Circuit Court, 20th District, Position 16 (Vote for 1)",34,Elizabeth R Lemoine,325,155,95,0,59,1
120,"Judge of the Circuit Court, 20th District, Position 16 (Vote for 1)",34,Elizabeth R Lemoine,326,"1,898",866,0,"1,016",16
120,"Judge of the Circuit Court, 20th District, Position 16 (Vote for 1)",34,Elizabeth R Lemoine,327,"5,317","3,217",0,"2,070",30
120,"Judge of the Circuit Court, 20th District, Position 16 (Vote for 1)",34,Elizabeth R Lemoine,328,931,473,0,447,11
120,"Judge of the Circuit Court, 20th District, Position 16 (Vote for 1)",34,Elizabeth R Lemoine,329,"7,692","4,504",0,"3,119",69
120,"Judge of the Circuit Court, 20th District, Position 16 (Vote for 1)",34,Elizabeth R Lemoine,330,"2,150","1,229",0,888,33
120,"Judge of the Circuit Court, 20th District, Position 16 (Vote for 1)",34,Elizabeth R Lemoine,331,"2,399","1,425",0,957,17
120,"Judge of the Circuit Court, 20th District, Position 16 (Vote for 1)",34,Elizabeth R Lemoine,332,"2,550","1,608",0,928,14
120,"Judge of the Circuit Court, 20th District, Position 16 (Vote for 1)",34,Elizabeth R Lemoine,333,"3,626","2,221",0,"1,383",22
120,"Judge of the Circuit Court, 20th District, Position 16 (Vote for 1)",34,Elizabeth R Lemoine,334,137,67,0,67,3
120,"Judge of the Circuit Court, 20th District, Position 16 (Vote for 1)",34,Elizabeth R Lemoine,335,"4,268","2,447",0,"1,780",41
120,"Judge of the Circuit Court, 20th District, Position 16 (Vote for 1)",34,Elizabeth R Lemoine,336,"2,948","1,704",0,"1,216",28
120,"Judge of the Circuit Court, 20th District, Position 16 (Vote for 1)",34,Elizabeth R Lemoine,337,"1,086",634,0,448,4
120,"Judge of the Circuit Court, 20th District, Position 16 (Vote for 1)",34,Elizabeth R Lemoine,338,"5,180","3,197",0,"1,941",42
120,"Judge of the Circuit Court, 20th District, Position 16 (Vote for 1)",34,Elizabeth R Lemoine,339,"4,822","2,819",0,"1,954",49
120,"Judge of the Circuit Court, 20th District, Position 16 (Vote for 1)",34,Elizabeth R Lemoine,340,"6,948","3,953",0,"2,929",66
120,"Judge of the Circuit Court, 20th District, Position 16 (Vote for 1)",34,Elizabeth R Lemoine,341,305,142,0,160,3
120,"Judge of the Circuit Court, 20th District, Position 16 (Vote for 1)",34,Elizabeth R Lemoine,342,63,37,0,26,0
120,"Judge of the Circuit Court, 20th District, Position 16 (Vote for 1)",34,Elizabeth R Lemoine,343,"2,608","1,464",0,"1,127",17
120,"Judge of the Circuit Court, 20th District, Position 16 (Vote for 1)",34,Elizabeth R Lemoine,344,"2,806","1,541",0,"1,236",29
120,"Judge of the Circuit Court, 20th District, Position 16 (Vote for 1)",34,Elizabeth R Lemoine,345,27,15,0,12,0
120,"Judge of the Circuit Court, 20th District, Position 16 (Vote for 1)",34,Elizabeth R Lemoine,346,274,133,0,138,3
120,"Judge of the Circuit Court, 20th District, Position 16 (Vote for 1)",34,Elizabeth R Lemoine,347,55,28,0,26,1
120,"Judge of the Circuit Court, 20th District, Position 16 (Vote for 1)",34,Elizabeth R Lemoine,348,27,10,0,17,0
120,"Judge of the Circuit Court, 20th District, Position 16 (Vote for 1)",34,Elizabeth R Lemoine,349,573,318,0,243,12
120,"Judge of the Circuit Court, 20th District, Position 16 (Vote for 1)",34,Elizabeth R Lemoine,350,"6,361","3,527",0,"2,771",63
120,"Judge of the Circuit Court, 20th District, Position 16 (Vote for 1)",34,Elizabeth R Lemoine,351,"3,169","1,858",0,"1,270",41
120,"Judge of the Circuit Court, 20th District, Position 16 (Vote for 1)",34,Elizabeth R Lemoine,352,"1,138",677,0,452,9
120,"Judge of the Circuit Court, 20th District, Position 16 (Vote for 1)",34,Elizabeth R Lemoine,353,"2,219","1,211",0,988,20
120,"Judge of the Circuit Court, 20th District, Position 16 (Vote for 1)",34,Elizabeth R Lemoine,354,"1,811","1,035",0,765,11
120,"Judge of the Circuit Court, 20th District, Position 16 (Vote for 1)",34,Elizabeth R Lemoine,355,"1,364",769,0,589,6
120,"Judge of the Circuit Court, 20th District, Position 16 (Vote for 1)",34,Elizabeth R Lemoine,356,"1,662",982,0,664,16
120,"Judge of the Circuit Court, 20th District, Position 16 (Vote for 1)",34,Elizabeth R Lemoine,357,813,488,0,318,7
120,"Judge of the Circuit Court, 20th District, Position 16 (Vote for 1)",34,Elizabeth R Lemoine,358,"2,526","1,512",0,994,20
120,"Judge of the Circuit Court, 20th District, Position 16 (Vote for 1)",34,Elizabeth R Lemoine,359,"2,324","1,353",0,957,14
120,"Judge of the Circuit Court, 20th District, Position 16 (Vote for 1)",34,Elizabeth R Lemoine,360,"2,836","1,678",0,"1,139",19
120,"Judge of the Circuit Court, 20th District, Position 16 (Vote for 1)",34,Elizabeth R Lemoine,361,"2,052","1,262",0,761,29
120,"Judge of the Circuit Court, 20th District, Position 16 (Vote for 1)",34,Elizabeth R Lemoine,362,"6,315","3,600",0,"2,675",40
120,"Judge of the Circuit Court, 20th District, Position 16 (Vote for 1)",34,Elizabeth R Lemoine,363,"2,925","1,596",0,"1,309",20
120,"Judge of the Circuit Court, 20th District, Position 16 (Vote for 1)",34,Elizabeth R Lemoine,364,"4,460","2,452",0,"1,975",33
120,"Judge of the Circuit Court, 20th District, Position 16 (Vote for 1)",34,Elizabeth R Lemoine,365,"4,622","2,594",0,"2,012",16
120,"Judge of the Circuit Court, 20th District, Position 16 (Vote for 1)",34,Elizabeth R Lemoine,366,"1,641",915,0,712,14
120,"Judge of the Circuit Court, 20th District, Position 16 (Vote for 1)",34,Elizabeth R Lemoine,367,"4,269","2,542",0,"1,699",28
120,"Judge of the Circuit Court, 20th District, Position 16 (Vote for 1)",34,Elizabeth R Lemoine,368,"3,793","2,185",1,"1,580",27
120,"Judge of the Circuit Court, 20th District, Position 16 (Vote for 1)",34,Elizabeth R Lemoine,369,"1,660",919,0,726,15
120,"Judge of the Circuit Court, 20th District, Position 16 (Vote for 1)",34,Elizabeth R Lemoine,370,"2,096","1,139",0,943,14
120,"Judge of the Circuit Court, 20th District, Position 16 (Vote for 1)",34,Elizabeth R Lemoine,371,"2,037","1,201",0,819,17
120,"Judge of the Circuit Court, 20th District, Position 16 (Vote for 1)",34,Elizabeth R Lemoine,372,"1,701",942,0,752,7
120,"Judge of the Circuit Court, 20th District, Position 16 (Vote for 1)",34,Elizabeth R Lemoine,373,328,162,0,164,2
120,"Judge of the Circuit Court, 20th District, Position 16 (Vote for 1)",34,Elizabeth R Lemoine,374,9,6,0,3,0
120,"Judge of the Circuit Court, 20th District, Position 16 (Vote for 1)",34,Elizabeth R Lemoine,375,279,156,0,121,2
120,"Judge of the Circuit Court, 20th District, Position 16 (Vote for 1)",34,Elizabeth R Lemoine,376,"1,779",996,0,765,18
120,"Judge of the Circuit Court, 20th District, Position 16 (Vote for 1)",34,Elizabeth R Lemoine,377,"2,251","1,306",0,936,9
120,"Judge of the Circuit Court, 20th District, Position 16 (Vote for 1)",34,Elizabeth R Lemoine,378,937,507,0,420,10
120,"Judge of the Circuit Court, 20th District, Position 16 (Vote for 1)",34,Elizabeth R Lemoine,379,"3,854","2,192",0,"1,640",22
120,"Judge of the Circuit Court, 20th District, Position 16 (Vote for 1)",34,Elizabeth R Lemoine,380,"3,025","1,643",0,"1,364",18
120,"Judge of the Circuit Court, 20th District, Position 16 (Vote for 1)",34,Elizabeth R Lemoine,381,475,280,0,194,1
120,"Judge of the Circuit Court, 20th District, Position 16 (Vote for 1)",34,Elizabeth R Lemoine,382,"3,905","2,309",0,"1,565",31
120,"Judge of the Circuit Court, 20th District, Position 16 (Vote for 1)",34,Elizabeth R Lemoine,383,"1,566",886,0,666,14
120,"Judge of the Circuit Court, 20th District, Position 16 (Vote for 1)",34,Elizabeth R Lemoine,384,"4,477","2,516",0,"1,942",19
120,"Judge of the Circuit Court, 20th District, Position 16 (Vote for 1)",34,Elizabeth R Lemoine,385,770,435,0,332,3
120,"Judge of the Circuit Court, 20th District, Position 16 (Vote for 1)",34,Elizabeth R Lemoine,386,"1,936","1,063",0,856,17
120,"Judge of the Circuit Court, 20th District, Position 16 (Vote for 1)",34,Elizabeth R Lemoine,387,21,16,0,5,0
120,"Judge of the Circuit Court, 20th District, Position 16 (Vote for 1)",34,Elizabeth R Lemoine,388,250,159,0,89,2
120,"Judge of the Circuit Court, 20th District, Position 16 (Vote for 1)",34,Elizabeth R Lemoine,389,"7,639","4,325",0,"3,257",57
120,"Judge of the Circuit Court, 20th District, Position 16 (Vote for 1)",34,Elizabeth R Lemoine,390,"2,098","1,195",0,893,10
120,"Judge of the Circuit Court, 20th District, Position 16 (Vote for 1)",34,Elizabeth R Lemoine,391,405,227,0,174,4
120,"Judge of the Circuit Court, 20th District, Position 16 (Vote for 1)",34,Elizabeth R Lemoine,392,112,60,0,52,0
120,"Judge of the Circuit Court, 20th District, Position 16 (Vote for 1)",34,Elizabeth R Lemoine,393,626,350,0,273,3
120,"Judge of the Circuit Court, 20th District, Position 16 (Vote for 1)",34,Elizabeth R Lemoine,394,248,139,0,108,1
120,"Judge of the Circuit Court, 20th District, Position 16 (Vote for 1)",34,Elizabeth R Lemoine,395,"5,402","3,130",0,"2,238",34
120,"Judge of the Circuit Court, 20th District, Position 16 (Vote for 1)",34,Elizabeth R Lemoine,396,830,496,0,332,2
120,"Judge of the Circuit Court, 20th District, Position 16 (Vote for 1)",34,Elizabeth R Lemoine,397,"2,943","1,644",0,"1,274",25
120,"Judge of the Circuit Court, 20th District, Position 16 (Vote for 1)",34,Elizabeth R Lemoine,398,"1,773",981,0,780,12
120,"Judge of the Circuit Court, 20th District, Position 16 (Vote for 1)",34,Elizabeth R Lemoine,399,"2,213","1,220",0,962,31
120,"Judge of the Circuit Court, 20th District, Position 16 (Vote for 1)",34,Elizabeth R Lemoine,400,"3,519","2,025",0,"1,470",24
120,"Judge of the Circuit Court, 20th District, Position 16 (Vote for 1)",34,Elizabeth R Lemoine,401,"1,860","1,047",0,800,13
120,"Judge of the Circuit Court, 20th District, Position 16 (Vote for 1)",34,Elizabeth R Lemoine,402,"6,413","3,620",0,"2,748",45
120,"Judge of the Circuit Court, 20th District, Position 16 (Vote for 1)",34,Elizabeth R Lemoine,403,"1,374",761,0,608,5
120,"Judge of the Circuit Court, 20th District, Position 16 (Vote for 1)",34,Elizabeth R Lemoine,404,"5,913","3,426",0,"2,431",56
120,"Judge of the Circuit Court, 20th District, Position 16 (Vote for 1)",34,Elizabeth R Lemoine,405,"7,546","4,273",0,"3,228",45
120,"Judge of the Circuit Court, 20th District, Position 16 (Vote for 1)",34,Elizabeth R Lemoine,406,"2,033","1,206",0,818,9
120,"Judge of the Circuit Court, 20th District, Position 16 (Vote for 1)",34,Elizabeth R Lemoine,407,870,487,0,378,5
120,"Judge of the Circuit Court, 20th District, Position 16 (Vote for 1)",34,Elizabeth R Lemoine,408,322,187,0,131,4
120,"Judge of the Circuit Court, 20th District, Position 16 (Vote for 1)",34,Elizabeth R Lemoine,409,"4,511","2,643",0,"1,831",37
120,"Judge of the Circuit Court, 20th District, Position 16 (Vote for 1)",34,Elizabeth R Lemoine,410,"1,322",733,0,579,10
120,"Judge of the Circuit Court, 20th District, Position 16 (Vote for 1)",34,Elizabeth R Lemoine,411,"1,311",825,0,484,2
120,"Judge of the Circuit Court, 20th District, Position 16 (Vote for 1)",34,Elizabeth R Lemoine,412,"1,749",954,0,786,9
120,"Judge of the Circuit Court, 20th District, Position 16 (Vote for 1)",34,Elizabeth R Lemoine,413,"1,455",878,0,562,15
120,"Judge of the Circuit Court, 20th District, Position 16 (Vote for 1)",34,Elizabeth R Lemoine,414,525,265,0,253,7
120,"Judge of the Circuit Court, 20th District, Position 16 (Vote for 1)",34,Elizabeth R Lemoine,415,850,493,0,354,3
120,"Judge of the Circuit Court, 20th District, Position 16 (Vote for 1)",34,Elizabeth R Lemoine,416,846,518,0,323,5
120,"Judge of the Circuit Court, 20th District, Position 16 (Vote for 1)",34,Elizabeth R Lemoine,417,408,246,0,161,1
120,"Judge of the Circuit Court, 20th District, Position 16 (Vote for 1)",34,Elizabeth R Lemoine,418,"3,030","1,751",0,"1,258",21
120,"Judge of the Circuit Court, 20th District, Position 16 (Vote for 1)",34,Elizabeth R Lemoine,419,"1,789","1,008",0,770,11
120,"Judge of the Circuit Court, 20th District, Position 16 (Vote for 1)",34,Elizabeth R Lemoine,420,"3,223","1,814",0,"1,394",15
120,"Judge of the Circuit Court, 20th District, Position 16 (Vote for 1)",34,Elizabeth R Lemoine,421,499,272,0,223,4
120,"Judge of the Circuit Court, 20th District, Position 16 (Vote for 1)",34,Elizabeth R Lemoine,422,17,1,0,16,0
120,"Judge of the Circuit Court, 20th District, Position 16 (Vote for 1)",34,Elizabeth R Lemoine,423,"3,051","1,842",0,"1,177",32
120,"Judge of the Circuit Court, 20th District, Position 16 (Vote for 1)",34,Elizabeth R Lemoine,424,"4,657","2,687",0,"1,943",27
120,"Judge of the Circuit Court, 20th District, Position 16 (Vote for 1)",34,Elizabeth R Lemoine,425,683,312,0,364,7
120,"Judge of the Circuit Court, 20th District, Position 16 (Vote for 1)",34,Elizabeth R Lemoine,426,436,214,0,218,4
120,"Judge of the Circuit Court, 20th District, Position 16 (Vote for 1)",34,Elizabeth R Lemoine,427,"1,301",771,0,521,9
120,"Judge of the Circuit Court, 20th District, Position 16 (Vote for 1)",34,Elizabeth R Lemoine,428,"1,359",823,0,532,4
120,"Judge of the Circuit Court, 20th District, Position 16 (Vote for 1)",34,Elizabeth R Lemoine,429,"2,699","1,552",0,"1,129",18
120,"Judge of the Circuit Court, 20th District, Position 16 (Vote for 1)",34,Elizabeth R Lemoine,430,"2,310","1,060",0,"1,221",29
120,"Judge of the Circuit Court, 20th District, Position 16 (Vote for 1)",34,Elizabeth R Lemoine,431,775,397,0,369,9
120,"Judge of the Circuit Court, 20th District, Position 16 (Vote for 1)",34,Elizabeth R Lemoine,432,306,182,0,124,0
120,"Judge of the Circuit Court, 20th District, Position 16 (Vote for 1)",34,Elizabeth R Lemoine,433,"2,171","1,193",0,959,19
120,"Judge of the Circuit Court, 20th District, Position 16 (Vote for 1)",34,Elizabeth R Lemoine,434,"4,401","2,541",0,"1,832",28
120,"Judge of the Circuit Court, 20th District, Position 16 (Vote for 1)",34,Elizabeth R Lemoine,435,"4,132","2,341",0,"1,762",29
120,"Judge of the Circuit Court, 20th District, Position 16 (Vote for 1)",34,Elizabeth R Lemoine,436,"2,242","1,225",0,999,18
120,"Judge of the Circuit Court, 20th District, Position 16 (Vote for 1)",34,Elizabeth R Lemoine,437,63,27,0,36,0
120,"Judge of the Circuit Court, 20th District, Position 16 (Vote for 1)",34,Elizabeth R Lemoine,438,493,247,0,242,4
120,"Judge of the Circuit Court, 20th District, Position 16 (Vote for 1)",34,Elizabeth R Lemoine,439,"2,375","1,517",0,851,7
120,"Judge of the Circuit Court, 20th District, Position 16 (Vote for 1)",34,Elizabeth R Lemoine,440,"1,461",905,0,544,12
120,"Judge of the Circuit Court, 20th District, Position 16 (Vote for 1)",34,Elizabeth R Lemoine,441,70,45,0,25,0
120,"Judge of the Circuit Court, 20th District, Position 16 (Vote for 1)",34,Elizabeth R Lemoine,442,"2,708","1,605",0,"1,088",15
120,"Judge of the Circuit Court, 20th District, Position 16 (Vote for 1)",34,Elizabeth R Lemoine,443,11,6,0,5,0
120,"Judge of the Circuit Court, 20th District, Position 16 (Vote for 1)",34,Elizabeth R Lemoine,444,121,74,0,47,0
120,"Judge of the Circuit Court, 20th District, Position 16 (Vote for 1)",34,Elizabeth R Lemoine,445,1,1,0,0,0
120,"Judge of the Circuit Court, 20th District, Position 16 (Vote for 1)",34,Elizabeth R Lemoine,446,107,69,0,37,1
120,"Judge of the Circuit Court, 20th District, Position 16 (Vote for 1)",34,Elizabeth R Lemoine,447,285,140,0,142,3
120,"Judge of the Circuit Court, 20th District, Position 16 (Vote for 1)",34,Elizabeth R Lemoine,448,771,451,0,317,3
120,"Judge of the Circuit Court, 20th District, Position 16 (Vote for 1)",34,Elizabeth R Lemoine,449,293,147,0,142,4
120,"Judge of the Circuit Court, 20th District, Position 16 (Vote for 1)",34,Elizabeth R Lemoine,450,170,59,0,108,3
120,"Judge of the Circuit Court, 20th District, Position 16 (Vote for 1)",34,Elizabeth R Lemoine,451,"1,066",640,0,415,11
120,"Judge of the Circuit Court, 20th District, Position 16 (Vote for 1)",34,Elizabeth R Lemoine,452,99,45,0,53,1
120,"Judge of the Circuit Court, 20th District, Position 16 (Vote for 1)",34,Elizabeth R Lemoine,453,11,2,0,9,0
120,"Judge of the Circuit Court, 20th District, Position 16 (Vote for 1)",34,Elizabeth R Lemoine,454,19,7,0,11,1
120,"Judge of the Circuit Court, 20th District, Position 16 (Vote for 1)",34,Elizabeth R Lemoine,455,"1,486",863,0,617,6
120,"Judge of the Circuit Court, 20th District, Position 16 (Vote for 1)",34,Elizabeth R Lemoine,456,7,4,0,3,0
120,"Judge of the Circuit Court, 20th District, Position 16 (Vote for 1)",34,Write-in,301,"1,724",31,0,910,783
120,"Judge of the Circuit Court, 20th District, Position 16 (Vote for 1)",34,Write-in,302,"2,551",21,0,"1,110","1,420"
120,"Judge of the Circuit Court, 20th District, Position 16 (Vote for 1)",34,Write-in,303,330,2,0,180,148
120,"Judge of the Circuit Court, 20th District, Position 16 (Vote for 1)",34,Write-in,304,"1,076",13,0,450,613
120,"Judge of the Circuit Court, 20th District, Position 16 (Vote for 1)",34,Write-in,305,953,8,0,417,528
120,"Judge of the Circuit Court, 20th District, Position 16 (Vote for 1)",34,Write-in,306,579,5,0,217,357
120,"Judge of the Circuit Court, 20th District, Position 16 (Vote for 1)",34,Write-in,307,"4,494",45,0,"1,893","2,556"
120,"Judge of the Circuit Court, 20th District, Position 16 (Vote for 1)",34,Write-in,308,148,1,0,67,80
120,"Judge of the Circuit Court, 20th District, Position 16 (Vote for 1)",34,Write-in,309,"4,308",36,0,"1,845","2,427"
120,"Judge of the Circuit Court, 20th District, Position 16 (Vote for 1)",34,Write-in,310,614,9,0,313,292
120,"Judge of the Circuit Court, 20th District, Position 16 (Vote for 1)",34,Write-in,311,684,7,0,310,367
120,"Judge of the Circuit Court, 20th District, Position 16 (Vote for 1)",34,Write-in,312,"1,703",12,0,909,782
120,"Judge of the Circuit Court, 20th District, Position 16 (Vote for 1)",34,Write-in,313,3,0,0,3,0
120,"Judge of the Circuit Court, 20th District, Position 16 (Vote for 1)",34,Write-in,314,310,0,0,165,145
120,"Judge of the Circuit Court, 20th District, Position 16 (Vote for 1)",34,Write-in,315,493,7,0,286,200
120,"Judge of the Circuit Court, 20th District, Position 16 (Vote for 1)",34,Write-in,316,"1,719",16,0,937,766
120,"Judge of the Circuit Court, 20th District, Position 16 (Vote for 1)",34,Write-in,317,169,3,0,74,92
120,"Judge of the Circuit Court, 20th District, Position 16 (Vote for 1)",34,Write-in,318,"3,750",27,0,"1,499","2,224"
120,"Judge of the Circuit Court, 20th District, Position 16 (Vote for 1)",34,Write-in,319,"5,196",46,0,"2,051","3,099"
120,"Judge of the Circuit Court, 20th District, Position 16 (Vote for 1)",34,Write-in,320,"1,778",14,0,747,"1,017"
120,"Judge of the Circuit Court, 20th District, Position 16 (Vote for 1)",34,Write-in,321,328,2,0,155,171
120,"Judge of the Circuit Court, 20th District, Position 16 (Vote for 1)",34,Write-in,322,269,3,0,124,142
120,"Judge of the Circuit Court, 20th District, Position 16 (Vote for 1)",34,Write-in,324,519,9,0,254,256
120,"Judge of the Circuit Court, 20th District, Position 16 (Vote for 1)",34,Write-in,325,155,1,0,59,95
120,"Judge of the Circuit Court, 20th District, Position 16 (Vote for 1)",34,Write-in,326,"1,898",16,0,"1,016",866
120,"Judge of the Circuit Court, 20th District, Position 16 (Vote for 1)",34,Write-in,327,"5,317",30,0,"2,070","3,217"
120,"Judge of the Circuit Court, 20th District, Position 16 (Vote for 1)",34,Write-in,328,931,11,0,447,473
120,"Judge of the Circuit Court, 20th District, Position 16 (Vote for 1)",34,Write-in,329,"7,692",69,0,"3,119","4,504"
120,"Judge of the Circuit Court, 20th District, Position 16 (Vote for 1)",34,Write-in,330,"2,150",33,0,888,"1,229"
120,"Judge of the Circuit Court, 20th District, Position 16 (Vote for 1)",34,Write-in,331,"2,399",17,0,957,"1,425"
120,"Judge of the Circuit Court, 20th District, Position 16 (Vote for 1)",34,Write-in,332,"2,550",14,0,928,"1,608"
120,"Judge of the Circuit Court, 20th District, Position 16 (Vote for 1)",34,Write-in,333,"3,626",22,0,"1,383","2,221"
120,"Judge of the Circuit Court, 20th District, Position 16 (Vote for 1)",34,Write-in,334,137,3,0,67,67
120,"Judge of the Circuit Court, 20th District, Position 16 (Vote for 1)",34,Write-in,335,"4,268",41,0,"1,780","2,447"
120,"Judge of the Circuit Court, 20th District, Position 16 (Vote for 1)",34,Write-in,336,"2,948",28,0,"1,216","1,704"
120,"Judge of the Circuit Court, 20th District, Position 16 (Vote for 1)",34,Write-in,337,"1,086",4,0,448,634
120,"Judge of the Circuit Court, 20th District, Position 16 (Vote for 1)",34,Write-in,338,"5,180",42,0,"1,941","3,197"
120,"Judge of the Circuit Court, 20th District, Position 16 (Vote for 1)",34,Write-in,339,"4,822",49,0,"1,954","2,819"
120,"Judge of the Circuit Court, 20th District, Position 16 (Vote for 1)",34,Write-in,340,"6,948",66,0,"2,929","3,953"
120,"Judge of the Circuit Court, 20th District, Position 16 (Vote for 1)",34,Write-in,341,305,3,0,160,142
120,"Judge of the Circuit Court, 20th District, Position 16 (Vote for 1)",34,Write-in,342,63,0,0,26,37
120,"Judge of the Circuit Court, 20th District, Position 16 (Vote for 1)",34,Write-in,343,"2,608",17,0,"1,127","1,464"
120,"Judge of the Circuit Court, 20th District, Position 16 (Vote for 1)",34,Write-in,344,"2,806",29,0,"1,236","1,541"
120,"Judge of the Circuit Court, 20th District, Position 16 (Vote for 1)",34,Write-in,345,27,0,0,12,15
120,"Judge of the Circuit Court, 20th District, Position 16 (Vote for 1)",34,Write-in,346,274,3,0,138,133
120,"Judge of the Circuit Court, 20th District, Position 16 (Vote for 1)",34,Write-in,347,55,1,0,26,28
120,"Judge of the Circuit Court, 20th District, Position 16 (Vote for 1)",34,Write-in,348,27,0,0,17,10
120,"Judge of the Circuit Court, 20th District, Position 16 (Vote for 1)",34,Write-in,349,573,12,0,243,318
120,"Judge of the Circuit Court, 20th District, Position 16 (Vote for 1)",34,Write-in,350,"6,361",63,0,"2,771","3,527"
120,"Judge of the Circuit Court, 20th District, Position 16 (Vote for 1)",34,Write-in,351,"3,169",41,0,"1,270","1,858"
120,"Judge of the Circuit Court, 20th District, Position 16 (Vote for 1)",34,Write-in,352,"1,138",9,0,452,677
120,"Judge of the Circuit Court, 20th District, Position 16 (Vote for 1)",34,Write-in,353,"2,219",20,0,988,"1,211"
120,"Judge of the Circuit Court, 20th District, Position 16 (Vote for 1)",34,Write-in,354,"1,811",11,0,765,"1,035"
120,"Judge of the Circuit Court, 20th District, Position 16 (Vote for 1)",34,Write-in,355,"1,364",6,0,589,769
120,"Judge of the Circuit Court, 20th District, Position 16 (Vote for 1)",34,Write-in,356,"1,662",16,0,664,982
120,"Judge of the Circuit Court, 20th District, Position 16 (Vote for 1)",34,Write-in,357,813,7,0,318,488
120,"Judge of the Circuit Court, 20th District, Position 16 (Vote for 1)",34,Write-in,358,"2,526",20,0,994,"1,512"
120,"Judge of the Circuit Court, 20th District, Position 16 (Vote for 1)",34,Write-in,359,"2,324",14,0,957,"1,353"
120,"Judge of the Circuit Court, 20th District, Position 16 (Vote for 1)",34,Write-in,360,"2,836",19,0,"1,139","1,678"
120,"Judge of the Circuit Court, 20th District, Position 16 (Vote for 1)",34,Write-in,361,"2,052",29,0,761,"1,262"
120,"Judge of the Circuit Court, 20th District, Position 16 (Vote for 1)",34,Write-in,362,"6,315",40,0,"2,675","3,600"
120,"Judge of the Circuit Court, 20th District, Position 16 (Vote for 1)",34,Write-in,363,"2,925",20,0,"1,309","1,596"
120,"Judge of the Circuit Court, 20th District, Position 16 (Vote for 1)",34,Write-in,364,"4,460",33,0,"1,975","2,452"
120,"Judge of the Circuit Court, 20th District, Position 16 (Vote for 1)",34,Write-in,365,"4,622",16,0,"2,012","2,594"
120,"Judge of the Circuit Court, 20th District, Position 16 (Vote for 1)",34,Write-in,366,"1,641",14,0,712,915
120,"Judge of the Circuit Court, 20th District, Position 16 (Vote for 1)",34,Write-in,367,"4,269",28,0,"1,699","2,542"
120,"Judge of the Circuit Court, 20th District, Position 16 (Vote for 1)",34,Write-in,368,"3,793",27,1,"1,580","2,185"
120,"Judge of the Circuit Court, 20th District, Position 16 (Vote for 1)",34,Write-in,369,"1,660",15,0,726,919
120,"Judge of the Circuit Court, 20th District, Position 16 (Vote for 1)",34,Write-in,370,"2,096",14,0,943,"1,139"
120,"Judge of the Circuit Court, 20th District, Position 16 (Vote for 1)",34,Write-in,371,"2,037",17,0,819,"1,201"
120,"Judge of the Circuit Court, 20th District, Position 16 (Vote for 1)",34,Write-in,372,"1,701",7,0,752,942
120,"Judge of the Circuit Court, 20th District, Position 16 (Vote for 1)",34,Write-in,373,328,2,0,164,162
120,"Judge of the Circuit Court, 20th District, Position 16 (Vote for 1)",34,Write-in,374,9,0,0,3,6
120,"Judge of the Circuit Court, 20th District, Position 16 (Vote for 1)",34,Write-in,375,279,2,0,121,156
120,"Judge of the Circuit Court, 20th District, Position 16 (Vote for 1)",34,Write-in,376,"1,779",18,0,765,996
120,"Judge of the Circuit Court, 20th District, Position 16 (Vote for 1)",34,Write-in,377,"2,251",9,0,936,"1,306"
120,"Judge of the Circuit Court, 20th District, Position 16 (Vote for 1)",34,Write-in,378,937,10,0,420,507
120,"Judge of the Circuit Court, 20th District, Position 16 (Vote for 1)",34,Write-in,379,"3,854",22,0,"1,640","2,192"
120,"Judge of the Circuit Court, 20th District, Position 16 (Vote for 1)",34,Write-in,380,"3,025",18,0,"1,364","1,643"
120,"Judge of the Circuit Court, 20th District, Position 16 (Vote for 1)",34,Write-in,381,475,1,0,194,280
120,"Judge of the Circuit Court, 20th District, Position 16 (Vote for 1)",34,Write-in,382,"3,905",31,0,"1,565","2,309"
120,"Judge of the Circuit Court, 20th District, Position 16 (Vote for 1)",34,Write-in,383,"1,566",14,0,666,886
120,"Judge of the Circuit Court, 20th District, Position 16 (Vote for 1)",34,Write-in,384,"4,477",19,0,"1,942","2,516"
120,"Judge of the Circuit Court, 20th District, Position 16 (Vote for 1)",34,Write-in,385,770,3,0,332,435
120,"Judge of the Circuit Court, 20th District, Position 16 (Vote for 1)",34,Write-in,386,"1,936",17,0,856,"1,063"
120,"Judge of the Circuit Court, 20th District, Position 16 (Vote for 1)",34,Write-in,387,21,0,0,5,16
120,"Judge of the Circuit Court, 20th District, Position 16 (Vote for 1)",34,Write-in,388,250,2,0,89,159
120,"Judge of the Circuit Court, 20th District, Position 16 (Vote for 1)",34,Write-in,389,"7,639",57,0,"3,257","4,325"
120,"Judge of the Circuit Court, 20th District, Position 16 (Vote for 1)",34,Write-in,390,"2,098",10,0,893,"1,195"
120,"Judge of the Circuit Court, 20th District, Position 16 (Vote for 1)",34,Write-in,391,405,4,0,174,227
120,"Judge of the Circuit Court, 20th District, Position 16 (Vote for 1)",34,Write-in,392,112,0,0,52,60
120,"Judge of the Circuit Court, 20th District, Position 16 (Vote for 1)",34,Write-in,393,626,3,0,273,350
120,"Judge of the Circuit Court, 20th District, Position 16 (Vote for 1)",34,Write-in,394,248,1,0,108,139
120,"Judge of the Circuit Court, 20th District, Position 16 (Vote for 1)",34,Write-in,395,"5,402",34,0,"2,238","3,130"
120,"Judge of the Circuit Court, 20th District, Position 16 (Vote for 1)",34,Write-in,396,830,2,0,332,496
120,"Judge of the Circuit Court, 20th District, Position 16 (Vote for 1)",34,Write-in,397,"2,943",25,0,"1,274","1,644"
120,"Judge of the Circuit Court, 20th District, Position 16 (Vote for 1)",34,Write-in,398,"1,773",12,0,780,981
120,"Judge of the Circuit Court, 20th District, Position 16 (Vote for 1)",34,Write-in,399,"2,213",31,0,962,"1,220"
120,"Judge of the Circuit Court, 20th District, Position 16 (Vote for 1)",34,Write-in,400,"3,519",24,0,"1,470","2,025"
120,"Judge of the Circuit Court, 20th District, Position 16 (Vote for 1)",34,Write-in,401,"1,860",13,0,800,"1,047"
120,"Judge of the Circuit Court, 20th District, Position 16 (Vote for 1)",34,Write-in,402,"6,413",45,0,"2,748","3,620"
120,"Judge of the Circuit Court, 20th District, Position 16 (Vote for 1)",34,Write-in,403,"1,374",5,0,608,761
120,"Judge of the Circuit Court, 20th District, Position 16 (Vote for 1)",34,Write-in,404,"5,913",56,0,"2,431","3,426"
120,"Judge of the Circuit Court, 20th District, Position 16 (Vote for 1)",34,Write-in,405,"7,546",45,0,"3,228","4,273"
120,"Judge of the Circuit Court, 20th District, Position 16 (Vote for 1)",34,Write-in,406,"2,033",9,0,818,"1,206"
120,"Judge of the Circuit Court, 20th District, Position 16 (Vote for 1)",34,Write-in,407,870,5,0,378,487
120,"Judge of the Circuit Court, 20th District, Position 16 (Vote for 1)",34,Write-in,408,322,4,0,131,187
120,"Judge of the Circuit Court, 20th District, Position 16 (Vote for 1)",34,Write-in,409,"4,511",37,0,"1,831","2,643"
120,"Judge of the Circuit Court, 20th District, Position 16 (Vote for 1)",34,Write-in,410,"1,322",10,0,579,733
120,"Judge of the Circuit Court, 20th District, Position 16 (Vote for 1)",34,Write-in,411,"1,311",2,0,484,825
120,"Judge of the Circuit Court, 20th District, Position 16 (Vote for 1)",34,Write-in,412,"1,749",9,0,786,954
120,"Judge of the Circuit Court, 20th District, Position 16 (Vote for 1)",34,Write-in,413,"1,455",15,0,562,878
120,"Judge of the Circuit Court, 20th District, Position 16 (Vote for 1)",34,Write-in,414,525,7,0,253,265
120,"Judge of the Circuit Court, 20th District, Position 16 (Vote for 1)",34,Write-in,415,850,3,0,354,493
120,"Judge of the Circuit Court, 20th District, Position 16 (Vote for 1)",34,Write-in,416,846,5,0,323,518
120,"Judge of the Circuit Court, 20th District, Position 16 (Vote for 1)",34,Write-in,417,408,1,0,161,246
120,"Judge of the Circuit Court, 20th District, Position 16 (Vote for 1)",34,Write-in,418,"3,030",21,0,"1,258","1,751"
120,"Judge of the Circuit Court, 20th District, Position 16 (Vote for 1)",34,Write-in,419,"1,789",11,0,770,"1,008"
120,"Judge of the Circuit Court, 20th District, Position 16 (Vote for 1)",34,Write-in,420,"3,223",15,0,"1,394","1,814"
120,"Judge of the Circuit Court, 20th District, Position 16 (Vote for 1)",34,Write-in,421,499,4,0,223,272
120,"Judge of the Circuit Court, 20th District, Position 16 (Vote for 1)",34,Write-in,422,17,0,0,16,1
120,"Judge of the Circuit Court, 20th District, Position 16 (Vote for 1)",34,Write-in,423,"3,051",32,0,"1,177","1,842"
120,"Judge of the Circuit Court, 20th District, Position 16 (Vote for 1)",34,Write-in,424,"4,657",27,0,"1,943","2,687"
120,"Judge of the Circuit Court, 20th District, Position 16 (Vote for 1)",34,Write-in,425,683,7,0,364,312
120,"Judge of the Circuit Court, 20th District, Position 16 (Vote for 1)",34,Write-in,426,436,4,0,218,214
120,"Judge of the Circuit Court, 20th District, Position 16 (Vote for 1)",34,Write-in,427,"1,301",9,0,521,771
120,"Judge of the Circuit Court, 20th District, Position 16 (Vote for 1)",34,Write-in,428,"1,359",4,0,532,823
120,"Judge of the Circuit Court, 20th District, Position 16 (Vote for 1)",34,Write-in,429,"2,699",18,0,"1,129","1,552"
120,"Judge of the Circuit Court, 20th District, Position 16 (Vote for 1)",34,Write-in,430,"2,310",29,0,"1,221","1,060"
120,"Judge of the Circuit Court, 20th District, Position 16 (Vote for 1)",34,Write-in,431,775,9,0,369,397
120,"Judge of the Circuit Court, 20th District, Position 16 (Vote for 1)",34,Write-in,432,306,0,0,124,182
120,"Judge of the Circuit Court, 20th District, Position 16 (Vote for 1)",34,Write-in,433,"2,171",19,0,959,"1,193"
120,"Judge of the Circuit Court, 20th District, Position 16 (Vote for 1)",34,Write-in,434,"4,401",28,0,"1,832","2,541"
120,"Judge of the Circuit Court, 20th District, Position 16 (Vote for 1)",34,Write-in,435,"4,132",29,0,"1,762","2,341"
120,"Judge of the Circuit Court, 20th District, Position 16 (Vote for 1)",34,Write-in,436,"2,242",18,0,999,"1,225"
120,"Judge of the Circuit Court, 20th District, Position 16 (Vote for 1)",34,Write-in,437,63,0,0,36,27
120,"Judge of the Circuit Court, 20th District, Position 16 (Vote for 1)",34,Write-in,438,493,4,0,242,247
120,"Judge of the Circuit Court, 20th District, Position 16 (Vote for 1)",34,Write-in,439,"2,375",7,0,851,"1,517"
120,"Judge of the Circuit Court, 20th District, Position 16 (Vote for 1)",34,Write-in,440,"1,461",12,0,544,905
120,"Judge of the Circuit Court, 20th District, Position 16 (Vote for 1)",34,Write-in,441,70,0,0,25,45
120,"Judge of the Circuit Court, 20th District, Position 16 (Vote for 1)",34,Write-in,442,"2,708",15,0,"1,088","1,605"
120,"Judge of the Circuit Court, 20th District, Position 16 (Vote for 1)",34,Write-in,443,11,0,0,5,6
120,"Judge of the Circuit Court, 20th District, Position 16 (Vote for 1)",34,Write-in,444,121,0,0,47,74
120,"Judge of the Circuit Court, 20th District, Position 16 (Vote for 1)",34,Write-in,445,1,0,0,0,1
120,"Judge of the Circuit Court, 20th District, Position 16 (Vote for 1)",34,Write-in,446,107,1,0,37,69
120,"Judge of the Circuit Court, 20th District, Position 16 (Vote for 1)",34,Write-in,447,285,3,0,142,140
120,"Judge of the Circuit Court, 20th District, Position 16 (Vote for 1)",34,Write-in,448,771,3,0,317,451
120,"Judge of the Circuit Court, 20th District, Position 16 (Vote for 1)",34,Write-in,449,293,4,0,142,147
120,"Judge of the Circuit Court, 20th District, Position 16 (Vote for 1)",34,Write-in,450,170,3,0,108,59
120,"Judge of the Circuit Court, 20th District, Position 16 (Vote for 1)",34,Write-in,451,"1,066",11,0,415,640
120,"Judge of the Circuit Court, 20th District, Position 16 (Vote for 1)",34,Write-in,452,99,1,0,53,45
120,"Judge of the Circuit Court, 20th District, Position 16 (Vote for 1)",34,Write-in,453,11,0,0,9,2
120,"Judge of the Circuit Court, 20th District, Position 16 (Vote for 1)",34,Write-in,454,19,1,0,11,7
120,"Judge of the Circuit Court, 20th District, Position 16 (Vote for 1)",34,Write-in,455,"1,486",6,0,617,863
120,"Judge of the Circuit Court, 20th District, Position 16 (Vote for 1)",34,Write-in,456,7,0,0,3,4
200,"City of Banks, Mayor (Vote for 1)",5,Marsha Kirk,305,953,460,0,117,376
200,"City of Banks, Mayor (Vote for 1)",5,Marsha Kirk,443,11,3,0,2,6
200,"City of Banks, Mayor (Vote for 1)",5,Stephanie Jones,305,953,359,0,117,477
200,"City of Banks, Mayor (Vote for 1)",5,Stephanie Jones,443,11,4,0,2,5
200,"City of Banks, Mayor (Vote for 1)",5,Write-in,305,953,17,0,117,819
200,"City of Banks, Mayor (Vote for 1)",5,Write-in,443,11,2,0,2,7
300,"City of Banks, Council Member, Position 2 (Vote for 1)",2,Don Giannetti,305,953,564,0,376,13
300,"City of Banks, Council Member, Position 2 (Vote for 1)",2,Don Giannetti,443,11,7,0,4,0
300,"City of Banks, Council Member, Position 2 (Vote for 1)",2,Write-in,305,953,13,0,376,564
300,"City of Banks, Council Member, Position 2 (Vote for 1)",2,Write-in,443,11,0,0,4,7
400,"City of Banks, Council Member, Position 4 (Vote for 1)",3,Peter Edison,305,953,523,0,379,51
400,"City of Banks, Council Member, Position 4 (Vote for 1)",3,Peter Edison,443,11,8,0,3,0
400,"City of Banks, Council Member, Position 4 (Vote for 1)",3,Write-in,305,953,51,0,379,523
400,"City of Banks, Council Member, Position 4 (Vote for 1)",3,Write-in,443,11,0,0,3,8
500,"City of Banks, Council Member, Position 6 (Vote for 1)",4,Debra L Berry,305,953,224,0,226,503
500,"City of Banks, Council Member, Position 6 (Vote for 1)",4,Debra L Berry,443,11,4,0,2,5
500,"City of Banks, Council Member, Position 6 (Vote for 1)",4,Marilyn McCalister,305,953,495,0,226,232
500,"City of Banks, Council Member, Position 6 (Vote for 1)",4,Marilyn McCalister,443,11,5,0,2,4
500,"City of Banks, Council Member, Position 6 (Vote for 1)",4,Write-in,305,953,8,0,226,719
500,"City of Banks, Council Member, Position 6 (Vote for 1)",4,Write-in,443,11,0,0,2,9
600,"City of Cornelius, Mayor (Vote for 1)",7,Jeffrey Dalin,338,"5,180","3,569",0,"1,494",117
600,"City of Cornelius, Mayor (Vote for 1)",7,Write-in,338,"5,180",117,0,"1,494","3,569"
700,"City of Cornelius, Council Members (Vote for 2)",6,Goldstar Yim,338,"5,180",997,5,"1,838","2,340"
700,"City of Cornelius, Council Members (Vote for 2)",6,Gregory Vaughn,338,"5,180","1,898",5,"1,731","1,546"
700,"City of Cornelius, Council Members (Vote for 2)",6,Angeles Godinez-Valencia,338,"5,180","2,683",6,"1,618",873
700,"City of Cornelius, Council Members (Vote for 2)",6,Citlalli Nunez-Barragan,338,"5,180","1,766",6,"1,728","1,680"
700,"City of Cornelius, Council Members (Vote for 2)",6,Write-in,338,"5,180",53,0,"1,986","3,141"
700,"City of Cornelius, Council Members (Vote for 2)",6,Write-in,338,"5,180",24,0,"1,992","3,164"
800,"City of Durham, Council Members, 4 Year (Vote for 3)",9,Leslie Gifford,396,830,489,0,333,8
800,"City of Durham, Council Members, 4 Year (Vote for 3)",9,Gary Paul,396,830,476,0,342,12
800,"City of Durham, Council Members, 4 Year (Vote for 3)",9,David Streicher,396,830,521,0,300,9
800,"City of Durham, Council Members, 4 Year (Vote for 3)",9,Write-in,396,830,25,0,363,442
800,"City of Durham, Council Members, 4 Year (Vote for 3)",9,Write-in,396,830,8,0,369,453
800,"City of Durham, Council Members, 4 Year (Vote for 3)",9,Write-in,396,830,2,0,369,459
900,"City of Durham, Council Member (Vote for 1)",8,Sean Lee,396,830,519,0,302,9
900,"City of Durham, Council Member (Vote for 1)",8,Write-in,396,830,9,0,302,519
1000,"City of Forest Grove, Council Members (Vote for 3)",10,Donna Gustafson,339,"4,822","2,065",4,"1,477","1,276"
1000,"City of Forest Grove, Council Members (Vote for 3)",10,Donna Gustafson,340,"6,948","2,943",6,"1,829","2,170"
1000,"City of Forest Grove, Council Members (Vote for 3)",10,Donna Gustafson,445,1,1,0,0,0
1000,"City of Forest Grove, Council Members (Vote for 3)",10,Wolanda Koko Groombridge,339,"4,822","1,416",1,"1,559","1,846"
1000,"City of Forest Grove, Council Members (Vote for 3)",10,Wolanda Koko Groombridge,340,"6,948","1,967",5,"1,918","3,058"
1000,"City of Forest Grove, Council Members (Vote for 3)",10,Wolanda Koko Groombridge,445,1,1,0,0,0
1000,"City of Forest Grove, Council Members (Vote for 3)",10,Jordan W Miller,339,"4,822","1,381",2,"1,533","1,906"
1000,"City of Forest Grove, Council Members (Vote for 3)",10,Jordan W Miller,340,"6,948","2,088",4,"1,787","3,069"
1000,"City of Forest Grove, Council Members (Vote for 3)",10,Jordan W Miller,445,1,1,0,0,0
1000,"City of Forest Grove, Council Members (Vote for 3)",10,Peter Truax,339,"4,822","1,716",2,"1,494","1,610"
1000,"City of Forest Grove, Council Members (Vote for 3)",10,Peter Truax,340,"6,948","2,938",4,"1,746","2,260"
1000,"City of Forest Grove, Council Members (Vote for 3)",10,Peter Truax,445,1,0,0,0,1
1000,"City of Forest Grove, Council Members (Vote for 3)",10,Angel Falconer,339,"4,822","1,880",4,"1,519","1,419"
1000,"City of Forest Grove, Council Members (Vote for 3)",10,Angel Falconer,340,"6,948","2,937",3,"1,855","2,153"
1000,"City of Forest Grove, Council Members (Vote for 3)",10,Angel Falconer,445,1,0,0,0,1
1000,"City of Forest Grove, Council Members (Vote for 3)",10,Brian Schimmel,339,"4,822","1,799",3,"1,528","1,492"
1000,"City of Forest Grove, Council Members (Vote for 3)",10,Brian Schimmel,340,"6,948","2,965",6,"1,861","2,116"
1000,"City of Forest Grove, Council Members (Vote for 3)",10,Brian Schimmel,445,1,0,0,0,1
1000,"City of Forest Grove, Council Members (Vote for 3)",10,Write-in,339,"4,822",65,0,"1,651","3,106"
1000,"City of Forest Grove, Council Members (Vote for 3)",10,Write-in,340,"6,948",120,0,"2,026","4,802"
1000,"City of Forest Grove, Council Members (Vote for 3)",10,Write-in,445,1,0,0,0,1
1000,"City of Forest Grove, Council Members (Vote for 3)",10,Write-in,339,"4,822",23,0,"1,662","3,137"
1000,"City of Forest Grove, Council Members (Vote for 3)",10,Write-in,340,"6,948",38,0,"2,046","4,864"
1000,"City of Forest Grove, Council Members (Vote for 3)",10,Write-in,445,1,0,0,0,1
1000,"City of Forest Grove, Council Members (Vote for 3)",10,Write-in,339,"4,822",12,0,"1,664","3,146"
1000,"City of Forest Grove, Council Members (Vote for 3)",10,Write-in,340,"6,948",18,0,"2,050","4,880"
1000,"City of Forest Grove, Council Members (Vote for 3)",10,Write-in,445,1,0,0,0,1
1100,"City of Gaston, Council Member, Position 1 (Vote for 1)",11,Donald Richter,321,328,184,0,124,20
1100,"City of Gaston, Council Member, Position 1 (Vote for 1)",11,Write-in,321,328,20,0,124,184
1200,"City of Gaston, Council Member, Position 2 (Vote for 1)",12,Albert Holcomb,321,328,143,0,62,123
1200,"City of Gaston, Council Member, Position 2 (Vote for 1)",12,Robert Dooley,321,328,112,0,62,154
1200,"City of Gaston, Council Member, Position 2 (Vote for 1)",12,Write-in,321,328,11,0,62,255
1300,"City of Gaston, Council Member, Position 3 (Vote for 1)",13,Brian Wilhelm,321,328,126,0,58,144
1300,"City of Gaston, Council Member, Position 3 (Vote for 1)",13,Jerry Hoodenpyl,321,328,139,0,58,131
1300,"City of Gaston, Council Member, Position 3 (Vote for 1)",13,Write-in,321,328,5,0,58,265
1400,"City of Hillsboro, Mayor (Vote for 1)",17,Beach Nicole Pace,307,"4,494","2,529",0,859,"1,106"
1400,"City of Hillsboro, Mayor (Vote for 1)",17,Beach Nicole Pace,309,"4,308","2,584",1,771,952
1400,"City of Hillsboro, Mayor (Vote for 1)",17,Beach Nicole Pace,318,"3,750","2,156",0,624,970
1400,"City of Hillsboro, Mayor (Vote for 1)",17,Beach Nicole Pace,325,155,77,0,36,42
1400,"City of Hillsboro, Mayor (Vote for 1)",17,Beach Nicole Pace,327,"5,317","3,174",0,967,"1,176"
1400,"City of Hillsboro, Mayor (Vote for 1)",17,Beach Nicole Pace,329,"7,692","4,734",0,"1,439","1,519"
1400,"City of Hillsboro, Mayor (Vote for 1)",17,Beach Nicole Pace,332,"2,550","1,467",0,447,636
1400,"City of Hillsboro, Mayor (Vote for 1)",17,Beach Nicole Pace,333,"3,626","1,986",1,732,907
1400,"City of Hillsboro, Mayor (Vote for 1)",17,Beach Nicole Pace,335,"4,268","2,675",0,665,928
1400,"City of Hillsboro, Mayor (Vote for 1)",17,Beach Nicole Pace,336,"2,948","1,693",0,546,709
1400,"City of Hillsboro, Mayor (Vote for 1)",17,Beach Nicole Pace,337,"1,086",540,0,225,321
1400,"City of Hillsboro, Mayor (Vote for 1)",17,Beach Nicole Pace,343,"2,608","1,590",0,445,573
1400,"City of Hillsboro, Mayor (Vote for 1)",17,Beach Nicole Pace,344,"2,806","1,623",0,511,672
1400,"City of Hillsboro, Mayor (Vote for 1)",17,Beach Nicole Pace,374,9,7,0,1,1
1400,"City of Hillsboro, Mayor (Vote for 1)",17,Beach Nicole Pace,440,"1,461",814,0,241,406
1400,"City of Hillsboro, Mayor (Vote for 1)",17,Beach Nicole Pace,446,107,59,0,25,23
1400,"City of Hillsboro, Mayor (Vote for 1)",17,Taneshia Redmond,307,"4,494","1,050",1,859,"2,584"
1400,"City of Hillsboro, Mayor (Vote for 1)",17,Taneshia Redmond,309,"4,308",909,1,771,"2,627"
1400,"City of Hillsboro, Mayor (Vote for 1)",17,Taneshia Redmond,318,"3,750",930,0,624,"2,196"
1400,"City of Hillsboro, Mayor (Vote for 1)",17,Taneshia Redmond,325,155,40,0,36,79
1400,"City of Hillsboro, Mayor (Vote for 1)",17,Taneshia Redmond,327,"5,317","1,124",0,967,"3,226"
1400,"City of Hillsboro, Mayor (Vote for 1)",17,Taneshia Redmond,329,"7,692","1,451",0,"1,439","4,802"
1400,"City of Hillsboro, Mayor (Vote for 1)",17,Taneshia Redmond,332,"2,550",610,0,447,"1,493"
1400,"City of Hillsboro, Mayor (Vote for 1)",17,Taneshia Redmond,333,"3,626",874,1,732,"2,019"
1400,"City of Hillsboro, Mayor (Vote for 1)",17,Taneshia Redmond,335,"4,268",870,0,665,"2,733"
1400,"City of Hillsboro, Mayor (Vote for 1)",17,Taneshia Redmond,336,"2,948",676,1,546,"1,725"
1400,"City of Hillsboro, Mayor (Vote for 1)",17,Taneshia Redmond,337,"1,086",314,0,225,547
1400,"City of Hillsboro, Mayor (Vote for 1)",17,Taneshia Redmond,343,"2,608",543,0,445,"1,620"
1400,"City of Hillsboro, Mayor (Vote for 1)",17,Taneshia Redmond,344,"2,806",641,0,511,"1,654"
1400,"City of Hillsboro, Mayor (Vote for 1)",17,Taneshia Redmond,374,9,1,0,1,7
1400,"City of Hillsboro, Mayor (Vote for 1)",17,Taneshia Redmond,440,"1,461",391,0,241,829
1400,"City of Hillsboro, Mayor (Vote for 1)",17,Taneshia Redmond,446,107,23,0,25,59
1400,"City of Hillsboro, Mayor (Vote for 1)",17,Write-in,307,"4,494",55,1,859,"3,579"
1400,"City of Hillsboro, Mayor (Vote for 1)",17,Write-in,309,"4,308",43,0,771,"3,494"
1400,"City of Hillsboro, Mayor (Vote for 1)",17,Write-in,318,"3,750",40,0,624,"3,086"
1400,"City of Hillsboro, Mayor (Vote for 1)",17,Write-in,325,155,2,0,36,117
1400,"City of Hillsboro, Mayor (Vote for 1)",17,Write-in,327,"5,317",52,0,967,"4,298"
1400,"City of Hillsboro, Mayor (Vote for 1)",17,Write-in,329,"7,692",68,0,"1,439","6,185"
1400,"City of Hillsboro, Mayor (Vote for 1)",17,Write-in,332,"2,550",26,0,447,"2,077"
1400,"City of Hillsboro, Mayor (Vote for 1)",17,Write-in,333,"3,626",33,0,732,"2,861"
1400,"City of Hillsboro, Mayor (Vote for 1)",17,Write-in,335,"4,268",58,0,665,"3,545"
1400,"City of Hillsboro, Mayor (Vote for 1)",17,Write-in,336,"2,948",32,1,546,"2,369"
1400,"City of Hillsboro, Mayor (Vote for 1)",17,Write-in,337,"1,086",7,0,225,854
1400,"City of Hillsboro, Mayor (Vote for 1)",17,Write-in,343,"2,608",30,0,445,"2,133"
1400,"City of Hillsboro, Mayor (Vote for 1)",17,Write-in,344,"2,806",31,0,511,"2,264"
1400,"City of Hillsboro, Mayor (Vote for 1)",17,Write-in,374,9,0,0,1,8
1400,"City of Hillsboro, Mayor (Vote for 1)",17,Write-in,440,"1,461",15,0,241,"1,205"
1400,"City of Hillsboro, Mayor (Vote for 1)",17,Write-in,446,107,0,0,25,82
1500,"City of Hillsboro, Council Member, Ward 1, Position B (Vote for 1)",14,Saba Anvery,307,"4,494","2,621",0,"1,810",63
1500,"City of Hillsboro, Council Member, Ward 1, Position B (Vote for 1)",14,Saba Anvery,309,"4,308","2,571",0,"1,680",57
1500,"City of Hillsboro, Council Member, Ward 1, Position B (Vote for 1)",14,Saba Anvery,318,"3,750","2,281",0,"1,425",44
1500,"City of Hillsboro, Council Member, Ward 1, Position B (Vote for 1)",14,Saba Anvery,325,155,97,0,56,2
1500,"City of Hillsboro, Council Member, Ward 1, Position B (Vote for 1)",14,Saba Anvery,327,"5,317","3,296",0,"1,972",49
1500,"City of Hillsboro, Council Member, Ward 1, Position B (Vote for 1)",14,Saba Anvery,329,"7,692","4,690",0,"2,911",91
1500,"City of Hillsboro, Council Member, Ward 1, Position B (Vote for 1)",14,Saba Anvery,332,"2,550","1,658",0,862,30
1500,"City of Hillsboro, Council Member, Ward 1, Position B (Vote for 1)",14,Saba Anvery,333,"3,626","2,286",0,"1,314",26
1500,"City of Hillsboro, Council Member, Ward 1, Position B (Vote for 1)",14,Saba Anvery,335,"4,268","2,525",0,"1,682",61
1500,"City of Hillsboro, Council Member, Ward 1, Position B (Vote for 1)",14,Saba Anvery,336,"2,948","1,737",0,"1,181",30
1500,"City of Hillsboro, Council Member, Ward 1, Position B (Vote for 1)",14,Saba Anvery,337,"1,086",654,0,424,8
1500,"City of Hillsboro, Council Member, Ward 1, Position B (Vote for 1)",14,Saba Anvery,343,"2,608","1,519",0,"1,059",30
1500,"City of Hillsboro, Council Member, Ward 1, Position B (Vote for 1)",14,Saba Anvery,344,"2,806","1,609",0,"1,159",38
1500,"City of Hillsboro, Council Member, Ward 1, Position B (Vote for 1)",14,Saba Anvery,374,9,6,0,3,0
1500,"City of Hillsboro, Council Member, Ward 1, Position B (Vote for 1)",14,Saba Anvery,440,"1,461",925,0,519,17
1500,"City of Hillsboro, Council Member, Ward 1, Position B (Vote for 1)",14,Saba Anvery,446,107,68,0,36,3
1500,"City of Hillsboro, Council Member, Ward 1, Position B (Vote for 1)",14,Write-in,307,"4,494",63,0,"1,810","2,621"
1500,"City of Hillsboro, Council Member, Ward 1, Position B (Vote for 1)",14,Write-in,309,"4,308",57,0,"1,680","2,571"
1500,"City of Hillsboro, Council Member, Ward 1, Position B (Vote for 1)",14,Write-in,318,"3,750",44,0,"1,425","2,281"
1500,"City of Hillsboro, Council Member, Ward 1, Position B (Vote for 1)",14,Write-in,325,155,2,0,56,97
1500,"City of Hillsboro, Council Member, Ward 1, Position B (Vote for 1)",14,Write-in,327,"5,317",49,0,"1,972","3,296"
1500,"City of Hillsboro, Council Member, Ward 1, Position B (Vote for 1)",14,Write-in,329,"7,692",91,0,"2,911","4,690"
1500,"City of Hillsboro, Council Member, Ward 1, Position B (Vote for 1)",14,Write-in,332,"2,550",30,0,862,"1,658"
1500,"City of Hillsboro, Council Member, Ward 1, Position B (Vote for 1)",14,Write-in,333,"3,626",26,0,"1,314","2,286"
1500,"City of Hillsboro, Council Member, Ward 1, Position B (Vote for 1)",14,Write-in,335,"4,268",61,0,"1,682","2,525"
1500,"City of Hillsboro, Council Member, Ward 1, Position B (Vote for 1)",14,Write-in,336,"2,948",30,0,"1,181","1,737"
1500,"City of Hillsboro, Council Member, Ward 1, Position B (Vote for 1)",14,Write-in,337,"1,086",8,0,424,654
1500,"City of Hillsboro, Council Member, Ward 1, Position B (Vote for 1)",14,Write-in,343,"2,608",30,0,"1,059","1,519"
1500,"City of Hillsboro, Council Member, Ward 1, Position B (Vote for 1)",14,Write-in,344,"2,806",38,0,"1,159","1,609"
1500,"City of Hillsboro, Council Member, Ward 1, Position B (Vote for 1)",14,Write-in,374,9,0,0,3,6
1500,"City of Hillsboro, Council Member, Ward 1, Position B (Vote for 1)",14,Write-in,440,"1,461",17,0,519,925
1500,"City of Hillsboro, Council Member, Ward 1, Position B (Vote for 1)",14,Write-in,446,107,3,0,36,68
1600,"City of Hillsboro, Council Member, Ward 2, Position B (Vote for 1)",15,Jacob (Jake) Mead,307,"4,494","1,180",1,"1,057","2,256"
1600,"City of Hillsboro, Council Member, Ward 2, Position B (Vote for 1)",15,Jacob (Jake) Mead,309,"4,308","1,158",0,925,"2,225"
1600,"City of Hillsboro, Council Member, Ward 2, Position B (Vote for 1)",15,Jacob (Jake) Mead,318,"3,750","1,108",0,757,"1,885"
1600,"City of Hillsboro, Council Member, Ward 2, Position B (Vote for 1)",15,Jacob (Jake) Mead,325,155,26,0,40,89
1600,"City of Hillsboro, Council Member, Ward 2, Position B (Vote for 1)",15,Jacob (Jake) Mead,327,"5,317","1,528",0,"1,181","2,608"
1600,"City of Hillsboro, Council Member, Ward 2, Position B (Vote for 1)",15,Jacob (Jake) Mead,329,"7,692","2,110",1,"1,691","3,890"
1600,"City of Hillsboro, Council Member, Ward 2, Position B (Vote for 1)",15,Jacob (Jake) Mead,332,"2,550",756,0,550,"1,244"
1600,"City of Hillsboro, Council Member, Ward 2, Position B (Vote for 1)",15,Jacob (Jake) Mead,333,"3,626","1,089",1,924,"1,612"
1600,"City of Hillsboro, Council Member, Ward 2, Position B (Vote for 1)",15,Jacob (Jake) Mead,335,"4,268","1,154",3,878,"2,233"
1600,"City of Hillsboro, Council Member, Ward 2, Position B (Vote for 1)",15,Jacob (Jake) Mead,336,"2,948",811,0,680,"1,457"
1600,"City of Hillsboro, Council Member, Ward 2, Position B (Vote for 1)",15,Jacob (Jake) Mead,337,"1,086",279,0,269,538
1600,"City of Hillsboro, Council Member, Ward 2, Position B (Vote for 1)",15,Jacob (Jake) Mead,343,"2,608",636,1,622,"1,349"
1600,"City of Hillsboro, Council Member, Ward 2, Position B (Vote for 1)",15,Jacob (Jake) Mead,344,"2,806",801,0,633,"1,372"
1600,"City of Hillsboro, Council Member, Ward 2, Position B (Vote for 1)",15,Jacob (Jake) Mead,374,9,6,0,2,1
1600,"City of Hillsboro, Council Member, Ward 2, Position B (Vote for 1)",15,Jacob (Jake) Mead,440,"1,461",472,0,299,690
1600,"City of Hillsboro, Council Member, Ward 2, Position B (Vote for 1)",15,Jacob (Jake) Mead,446,107,31,0,28,48
1600,"City of Hillsboro, Council Member, Ward 2, Position B (Vote for 1)",15,Mike McTernan,307,"4,494",514,2,"1,057","2,921"
1600,"City of Hillsboro, Council Member, Ward 2, Position B (Vote for 1)",15,Mike McTernan,309,"4,308",467,0,925,"2,916"
1600,"City of Hillsboro, Council Member, Ward 2, Position B (Vote for 1)",15,Mike McTernan,318,"3,750",473,1,757,"2,519"
1600,"City of Hillsboro, Council Member, Ward 2, Position B (Vote for 1)",15,Mike McTernan,325,155,23,0,40,92
1600,"City of Hillsboro, Council Member, Ward 2, Position B (Vote for 1)",15,Mike McTernan,327,"5,317",578,0,"1,181","3,558"
1600,"City of Hillsboro, Council Member, Ward 2, Position B (Vote for 1)",15,Mike McTernan,329,"7,692",788,0,"1,691","5,213"
1600,"City of Hillsboro, Council Member, Ward 2, Position B (Vote for 1)",15,Mike McTernan,332,"2,550",273,0,550,"1,727"
1600,"City of Hillsboro, Council Member, Ward 2, Position B (Vote for 1)",15,Mike McTernan,333,"3,626",341,1,924,"2,360"
1600,"City of Hillsboro, Council Member, Ward 2, Position B (Vote for 1)",15,Mike McTernan,335,"4,268",501,0,878,"2,889"
1600,"City of Hillsboro, Council Member, Ward 2, Position B (Vote for 1)",15,Mike McTernan,336,"2,948",370,0,680,"1,898"
1600,"City of Hillsboro, Council Member, Ward 2, Position B (Vote for 1)",15,Mike McTernan,337,"1,086",159,1,269,657
1600,"City of Hillsboro, Council Member, Ward 2, Position B (Vote for 1)",15,Mike McTernan,343,"2,608",280,0,622,"1,706"
1600,"City of Hillsboro, Council Member, Ward 2, Position B (Vote for 1)",15,Mike McTernan,344,"2,806",327,0,633,"1,846"
1600,"City of Hillsboro, Council Member, Ward 2, Position B (Vote for 1)",15,Mike McTernan,374,9,0,0,2,7
1600,"City of Hillsboro, Council Member, Ward 2, Position B (Vote for 1)",15,Mike McTernan,440,"1,461",173,0,299,989
1600,"City of Hillsboro, Council Member, Ward 2, Position B (Vote for 1)",15,Mike McTernan,446,107,18,0,28,61
1600,"City of Hillsboro, Council Member, Ward 2, Position B (Vote for 1)",15,Elizabeth Case,307,"4,494","1,707",1,"1,057","1,729"
1600,"City of Hillsboro, Council Member, Ward 2, Position B (Vote for 1)",15,Elizabeth Case,309,"4,308","1,729",0,925,"1,654"
1600,"City of Hillsboro, Council Member, Ward 2, Position B (Vote for 1)",15,Elizabeth Case,318,"3,750","1,393",1,757,"1,599"
1600,"City of Hillsboro, Council Member, Ward 2, Position B (Vote for 1)",15,Elizabeth Case,325,155,66,0,40,49
1600,"City of Hillsboro, Council Member, Ward 2, Position B (Vote for 1)",15,Elizabeth Case,327,"5,317","2,014",0,"1,181","2,122"
1600,"City of Hillsboro, Council Member, Ward 2, Position B (Vote for 1)",15,Elizabeth Case,329,"7,692","3,069",1,"1,691","2,931"
1600,"City of Hillsboro, Council Member, Ward 2, Position B (Vote for 1)",15,Elizabeth Case,332,"2,550",954,0,550,"1,046"
1600,"City of Hillsboro, Council Member, Ward 2, Position B (Vote for 1)",15,Elizabeth Case,333,"3,626","1,257",0,924,"1,445"
1600,"City of Hillsboro, Council Member, Ward 2, Position B (Vote for 1)",15,Elizabeth Case,335,"4,268","1,715",3,878,"1,672"
1600,"City of Hillsboro, Council Member, Ward 2, Position B (Vote for 1)",15,Elizabeth Case,336,"2,948","1,075",0,680,"1,193"
1600,"City of Hillsboro, Council Member, Ward 2, Position B (Vote for 1)",15,Elizabeth Case,337,"1,086",374,1,269,442
1600,"City of Hillsboro, Council Member, Ward 2, Position B (Vote for 1)",15,Elizabeth Case,343,"2,608","1,044",1,622,941
1600,"City of Hillsboro, Council Member, Ward 2, Position B (Vote for 1)",15,Elizabeth Case,344,"2,806","1,032",0,633,"1,141"
1600,"City of Hillsboro, Council Member, Ward 2, Position B (Vote for 1)",15,Elizabeth Case,374,9,1,0,2,6
1600,"City of Hillsboro, Council Member, Ward 2, Position B (Vote for 1)",15,Elizabeth Case,440,"1,461",517,0,299,645
1600,"City of Hillsboro, Council Member, Ward 2, Position B (Vote for 1)",15,Elizabeth Case,446,107,30,0,28,49
1600,"City of Hillsboro, Council Member, Ward 2, Position B (Vote for 1)",15,Write-in,307,"4,494",34,0,"1,057","3,403"
1600,"City of Hillsboro, Council Member, Ward 2, Position B (Vote for 1)",15,Write-in,309,"4,308",29,0,925,"3,354"
1600,"City of Hillsboro, Council Member, Ward 2, Position B (Vote for 1)",15,Write-in,318,"3,750",18,0,757,"2,975"
1600,"City of Hillsboro, Council Member, Ward 2, Position B (Vote for 1)",15,Write-in,325,155,0,0,40,115
1600,"City of Hillsboro, Council Member, Ward 2, Position B (Vote for 1)",15,Write-in,327,"5,317",16,0,"1,181","4,120"
1600,"City of Hillsboro, Council Member, Ward 2, Position B (Vote for 1)",15,Write-in,329,"7,692",33,0,"1,691","5,968"
1600,"City of Hillsboro, Council Member, Ward 2, Position B (Vote for 1)",15,Write-in,332,"2,550",17,0,550,"1,983"
1600,"City of Hillsboro, Council Member, Ward 2, Position B (Vote for 1)",15,Write-in,333,"3,626",14,0,924,"2,688"
1600,"City of Hillsboro, Council Member, Ward 2, Position B (Vote for 1)",15,Write-in,335,"4,268",17,0,878,"3,373"
1600,"City of Hillsboro, Council Member, Ward 2, Position B (Vote for 1)",15,Write-in,336,"2,948",12,0,680,"2,256"
1600,"City of Hillsboro, Council Member, Ward 2, Position B (Vote for 1)",15,Write-in,337,"1,086",4,0,269,813
1600,"City of Hillsboro, Council Member, Ward 2, Position B (Vote for 1)",15,Write-in,343,"2,608",25,0,622,"1,961"
1600,"City of Hillsboro, Council Member, Ward 2, Position B (Vote for 1)",15,Write-in,344,"2,806",13,0,633,"2,160"
1600,"City of Hillsboro, Council Member, Ward 2, Position B (Vote for 1)",15,Write-in,374,9,0,0,2,7
1600,"City of Hillsboro, Council Member, Ward 2, Position B (Vote for 1)",15,Write-in,440,"1,461",0,0,299,"1,162"
1600,"City of Hillsboro, Council Member, Ward 2, Position B (Vote for 1)",15,Write-in,446,107,0,0,28,79
1700,"City of Hillsboro, Council Member, Ward 3, Position B (Vote for 1)",16,Marc Grambo,307,"4,494","1,119",1,"1,100","2,274"
1700,"City of Hillsboro, Council Member, Ward 3, Position B (Vote for 1)",16,Marc Grambo,309,"4,308","1,150",0,"1,005","2,153"
1700,"City of Hillsboro, Council Member, Ward 3, Position B (Vote for 1)",16,Marc Grambo,318,"3,750","1,141",1,819,"1,789"
1700,"City of Hillsboro, Council Member, Ward 3, Position B (Vote for 1)",16,Marc Grambo,325,155,56,0,44,55
1700,"City of Hillsboro, Council Member, Ward 3, Position B (Vote for 1)",16,Marc Grambo,327,"5,317","1,602",1,"1,255","2,459"
1700,"City of Hillsboro, Council Member, Ward 3, Position B (Vote for 1)",16,Marc Grambo,329,"7,692","2,174",0,"1,869","3,649"
1700,"City of Hillsboro, Council Member, Ward 3, Position B (Vote for 1)",16,Marc Grambo,332,"2,550",941,1,580,"1,028"
1700,"City of Hillsboro, Council Member, Ward 3, Position B (Vote for 1)",16,Marc Grambo,333,"3,626","1,333",0,974,"1,319"
1700,"City of Hillsboro, Council Member, Ward 3, Position B (Vote for 1)",16,Marc Grambo,335,"4,268",953,1,875,"2,439"
1700,"City of Hillsboro, Council Member, Ward 3, Position B (Vote for 1)",16,Marc Grambo,336,"2,948",753,0,686,"1,509"
1700,"City of Hillsboro, Council Member, Ward 3, Position B (Vote for 1)",16,Marc Grambo,337,"1,086",331,1,288,466
1700,"City of Hillsboro, Council Member, Ward 3, Position B (Vote for 1)",16,Marc Grambo,343,"2,608",612,0,640,"1,356"
1700,"City of Hillsboro, Council Member, Ward 3, Position B (Vote for 1)",16,Marc Grambo,344,"2,806",755,0,649,"1,402"
1700,"City of Hillsboro, Council Member, Ward 3, Position B (Vote for 1)",16,Marc Grambo,374,9,3,0,2,4
1700,"City of Hillsboro, Council Member, Ward 3, Position B (Vote for 1)",16,Marc Grambo,440,"1,461",476,0,294,691
1700,"City of Hillsboro, Council Member, Ward 3, Position B (Vote for 1)",16,Marc Grambo,446,107,44,0,30,33
1700,"City of Hillsboro, Council Member, Ward 3, Position B (Vote for 1)",16,Rob Harris,307,"4,494","2,240",1,"1,100","1,153"
1700,"City of Hillsboro, Council Member, Ward 3, Position B (Vote for 1)",16,Rob Harris,309,"4,308","2,125",0,"1,005","1,178"
1700,"City of Hillsboro, Council Member, Ward 3, Position B (Vote for 1)",16,Rob Harris,318,"3,750","1,767",1,819,"1,163"
1700,"City of Hillsboro, Council Member, Ward 3, Position B (Vote for 1)",16,Rob Harris,325,155,55,0,44,56
1700,"City of Hillsboro, Council Member, Ward 3, Position B (Vote for 1)",16,Rob Harris,327,"5,317","2,435",1,"1,255","1,626"
1700,"City of Hillsboro, Council Member, Ward 3, Position B (Vote for 1)",16,Rob Harris,329,"7,692","3,600",0,"1,869","2,223"
1700,"City of Hillsboro, Council Member, Ward 3, Position B (Vote for 1)",16,Rob Harris,332,"2,550","1,015",1,580,954
1700,"City of Hillsboro, Council Member, Ward 3, Position B (Vote for 1)",16,Rob Harris,333,"3,626","1,302",0,974,"1,350"
1700,"City of Hillsboro, Council Member, Ward 3, Position B (Vote for 1)",16,Rob Harris,335,"4,268","2,426",1,875,966
1700,"City of Hillsboro, Council Member, Ward 3, Position B (Vote for 1)",16,Rob Harris,336,"2,948","1,493",0,686,769
1700,"City of Hillsboro, Council Member, Ward 3, Position B (Vote for 1)",16,Rob Harris,337,"1,086",461,1,288,336
1700,"City of Hillsboro, Council Member, Ward 3, Position B (Vote for 1)",16,Rob Harris,343,"2,608","1,336",0,640,632
1700,"City of Hillsboro, Council Member, Ward 3, Position B (Vote for 1)",16,Rob Harris,344,"2,806","1,387",0,649,770
1700,"City of Hillsboro, Council Member, Ward 3, Position B (Vote for 1)",16,Rob Harris,374,9,4,0,2,3
1700,"City of Hillsboro, Council Member, Ward 3, Position B (Vote for 1)",16,Rob Harris,440,"1,461",684,0,294,483
1700,"City of Hillsboro, Council Member, Ward 3, Position B (Vote for 1)",16,Rob Harris,446,107,33,0,30,44
1700,"City of Hillsboro, Council Member, Ward 3, Position B (Vote for 1)",16,Write-in,307,"4,494",34,0,"1,100","3,360"
1700,"City of Hillsboro, Council Member, Ward 3, Position B (Vote for 1)",16,Write-in,309,"4,308",28,0,"1,005","3,275"
1700,"City of Hillsboro, Council Member, Ward 3, Position B (Vote for 1)",16,Write-in,318,"3,750",22,0,819,"2,909"
1700,"City of Hillsboro, Council Member, Ward 3, Position B (Vote for 1)",16,Write-in,325,155,0,0,44,111
1700,"City of Hillsboro, Council Member, Ward 3, Position B (Vote for 1)",16,Write-in,327,"5,317",24,0,"1,255","4,038"
1700,"City of Hillsboro, Council Member, Ward 3, Position B (Vote for 1)",16,Write-in,329,"7,692",49,0,"1,869","5,774"
1700,"City of Hillsboro, Council Member, Ward 3, Position B (Vote for 1)",16,Write-in,332,"2,550",13,0,580,"1,957"
1700,"City of Hillsboro, Council Member, Ward 3, Position B (Vote for 1)",16,Write-in,333,"3,626",17,0,974,"2,635"
1700,"City of Hillsboro, Council Member, Ward 3, Position B (Vote for 1)",16,Write-in,335,"4,268",13,0,875,"3,380"
1700,"City of Hillsboro, Council Member, Ward 3, Position B (Vote for 1)",16,Write-in,336,"2,948",16,0,686,"2,246"
1700,"City of Hillsboro, Council Member, Ward 3, Position B (Vote for 1)",16,Write-in,337,"1,086",5,0,288,793
1700,"City of Hillsboro, Council Member, Ward 3, Position B (Vote for 1)",16,Write-in,343,"2,608",20,0,640,"1,948"
1700,"City of Hillsboro, Council Member, Ward 3, Position B (Vote for 1)",16,Write-in,344,"2,806",15,0,649,"2,142"
1700,"City of Hillsboro, Council Member, Ward 3, Position B (Vote for 1)",16,Write-in,374,9,0,0,2,7
1700,"City of Hillsboro, Council Member, Ward 3, Position B (Vote for 1)",16,Write-in,440,"1,461",7,0,294,"1,160"
1700,"City of Hillsboro, Council Member, Ward 3, Position B (Vote for 1)",16,Write-in,446,107,0,0,30,77
1800,"City of King City, Council Members (Vote for 3)",18,Rachel Kazmierski,413,"1,455",716,6,371,362
1800,"City of King City, Council Members (Vote for 3)",18,Rachel Kazmierski,419,"1,789",656,5,575,553
1800,"City of King City, Council Members (Vote for 3)",18,Gretchen E Buehner,413,"1,455",488,1,369,597
1800,"City of King City, Council Members (Vote for 3)",18,Gretchen E Buehner,419,"1,789",759,2,504,524
1800,"City of King City, Council Members (Vote for 3)",18,Jessica Braverman,413,"1,455",715,6,381,353
1800,"City of King City, Council Members (Vote for 3)",18,Jessica Braverman,419,"1,789",733,5,567,484
1800,"City of King City, Council Members (Vote for 3)",18,Steve Gearhart,413,"1,455",532,6,391,526
1800,"City of King City, Council Members (Vote for 3)",18,Steve Gearhart,419,"1,789",766,6,524,493
1800,"City of King City, Council Members (Vote for 3)",18,Vince Arditi,413,"1,455",650,4,365,436
1800,"City of King City, Council Members (Vote for 3)",18,Vince Arditi,419,"1,789",655,5,564,565
1800,"City of King City, Council Members (Vote for 3)",18,Karl Swanson,413,"1,455",168,1,402,884
1800,"City of King City, Council Members (Vote for 3)",18,Karl Swanson,419,"1,789",250,1,581,957
1800,"City of King City, Council Members (Vote for 3)",18,Write-in,413,"1,455",22,0,403,"1,030"
1800,"City of King City, Council Members (Vote for 3)",18,Write-in,419,"1,789",14,0,596,"1,179"
1800,"City of King City, Council Members (Vote for 3)",18,Write-in,413,"1,455",11,0,411,"1,033"
1800,"City of King City, Council Members (Vote for 3)",18,Write-in,419,"1,789",5,0,599,"1,185"
1800,"City of King City, Council Members (Vote for 3)",18,Write-in,413,"1,455",7,0,411,"1,037"
1800,"City of King City, Council Members (Vote for 3)",18,Write-in,419,"1,789",1,0,600,"1,188"
1900,"City of Lake Oswego, Mayor (Vote for 1)",20,Joe Buck,348,2,0,0,2,0
1900,"City of Lake Oswego, Mayor (Vote for 1)",20,Write-in,348,2,0,0,2,0
2000,"City of Lake Oswego, Councilor (Vote for 3)",19,Rachel Verdick,348,2,0,0,2,0
2000,"City of Lake Oswego, Councilor (Vote for 3)",19,Massene Mboup,348,2,0,0,2,0
2000,"City of Lake Oswego, Councilor (Vote for 3)",19,Aaron Rapf,348,2,0,0,2,0
2000,"City of Lake Oswego, Councilor (Vote for 3)",19,Write-in,348,2,0,0,2,0
2000,"City of Lake Oswego, Councilor (Vote for 3)",19,Write-in,348,2,0,0,2,0
2000,"City of Lake Oswego, Councilor (Vote for 3)",19,Write-in,348,2,0,0,2,0
2100,"City of North Plains, Mayor (Vote for 1)",22,Ariel Goodwin,330,"2,150","1,066",0,193,891
2100,"City of North Plains, Mayor (Vote for 1)",22,Russ Sheldon,330,"2,150",884,0,193,"1,073"
2100,"City of North Plains, Mayor (Vote for 1)",22,Write-in,330,"2,150",7,0,193,"1,950"
2200,"City of North Plains, Council Members (Vote for 3)",21,Robert (Butch) Kindel,330,"2,150",835,2,271,"1,042"
2200,"City of North Plains, Council Members (Vote for 3)",21,Teri Lenahan,330,"2,150",873,4,282,991
2200,"City of North Plains, Council Members (Vote for 3)",21,Lisa Fry,330,"2,150",872,5,301,972
2200,"City of North Plains, Council Members (Vote for 3)",21,Mandy Hagedorn,330,"2,150",987,7,310,846
2200,"City of North Plains, Council Members (Vote for 3)",21,Katie Reding,330,"2,150",972,7,314,857
2200,"City of North Plains, Council Members (Vote for 3)",21,Aaron Dumbrow,330,"2,150","1,060",9,297,784
2200,"City of North Plains, Council Members (Vote for 3)",21,Write-in,330,"2,150",21,1,325,"1,803"
2200,"City of North Plains, Council Members (Vote for 3)",21,Write-in,330,"2,150",6,1,327,"1,816"
2200,"City of North Plains, Council Members (Vote for 3)",21,Write-in,330,"2,150",5,0,327,"1,818"
2300,"City of Rivergrove, Councilor (Vote for 3)",23,Chris Barhyte,348,25,9,0,14,2
2300,"City of Rivergrove, Councilor (Vote for 3)",23,Curt Taylor,348,25,8,0,15,2
2300,"City of Rivergrove, Councilor (Vote for 3)",23,William K Tuttle,348,25,14,0,11,0
2300,"City of Rivergrove, Councilor (Vote for 3)",23,Write-in,348,25,5,0,12,8
2300,"City of Rivergrove, Councilor (Vote for 3)",23,Write-in,348,25,3,0,14,8
2300,"City of Rivergrove, Councilor (Vote for 3)",23,Write-in,348,25,0,0,15,10
2400,"City of Sherwood, Mayor (Vote for 1)",25,Tim Rosener,424,"4,657","3,115",0,"1,466",76
2400,"City of Sherwood, Mayor (Vote for 1)",25,Tim Rosener,435,"4,132","2,674",0,"1,348",110
2400,"City of Sherwood, Mayor (Vote for 1)",25,Tim Rosener,442,"2,708","1,831",0,824,53
2400,"City of Sherwood, Mayor (Vote for 1)",25,Write-in,424,"4,657",76,0,"1,466","3,115"
2400,"City of Sherwood, Mayor (Vote for 1)",25,Write-in,435,"4,132",110,0,"1,348","2,674"
2400,"City of Sherwood, Mayor (Vote for 1)",25,Write-in,442,"2,708",53,0,824,"1,831"
2500,"City of Sherwood, Council Members (Vote for 3)",24,Kim Young,424,"4,657","2,773",0,"1,849",35
2500,"City of Sherwood, Council Members (Vote for 3)",24,Kim Young,435,"4,132","2,484",0,"1,610",38
2500,"City of Sherwood, Council Members (Vote for 3)",24,Kim Young,442,"2,708","1,671",0,"1,014",23
2500,"City of Sherwood, Council Members (Vote for 3)",24,Renee E Brouse,424,"4,657","2,679",0,"1,933",45
2500,"City of Sherwood, Council Members (Vote for 3)",24,Renee E Brouse,435,"4,132","2,446",0,"1,638",48
2500,"City of Sherwood, Council Members (Vote for 3)",24,Renee E Brouse,442,"2,708","1,626",0,"1,065",17
2500,"City of Sherwood, Council Members (Vote for 3)",24,Dan Standke,424,"4,657","2,670",0,"1,932",55
2500,"City of Sherwood, Council Members (Vote for 3)",24,Dan Standke,435,"4,132","2,462",1,"1,626",43
2500,"City of Sherwood, Council Members (Vote for 3)",24,Dan Standke,442,"2,708","1,617",1,"1,072",18
2500,"City of Sherwood, Council Members (Vote for 3)",24,Write-in,424,"4,657",104,0,"2,123","2,430"
2500,"City of Sherwood, Council Members (Vote for 3)",24,Write-in,435,"4,132",108,1,"1,808","2,215"
2500,"City of Sherwood, Council Members (Vote for 3)",24,Write-in,442,"2,708",56,1,"1,152","1,499"
2500,"City of Sherwood, Council Members (Vote for 3)",24,Write-in,424,"4,657",35,0,"2,144","2,478"
2500,"City of Sherwood, Council Members (Vote for 3)",24,Write-in,435,"4,132",32,1,"1,830","2,269"
2500,"City of Sherwood, Council Members (Vote for 3)",24,Write-in,442,"2,708",17,1,"1,172","1,518"
2500,"City of Sherwood, Council Members (Vote for 3)",24,Write-in,424,"4,657",22,0,"2,145","2,490"
2500,"City of Sherwood, Council Members (Vote for 3)",24,Write-in,435,"4,132",16,1,"1,832","2,283"
2500,"City of Sherwood, Council Members (Vote for 3)",24,Write-in,442,"2,708",9,1,"1,175","1,523"
2600,"City of Tigard, Council Members, 2 Yr Term (Vote for 2)",26,Gabriel Elijio Velasquez,400,"3,519","1,228",27,"1,118","1,146"
2600,"City of Tigard, Council Members, 2 Yr Term (Vote for 2)",26,Gabriel Elijio Velasquez,402,"6,413","1,916",43,"1,961","2,493"
2600,"City of Tigard, Council Members, 2 Yr Term (Vote for 2)",26,Gabriel Elijio Velasquez,404,"5,913","2,043",35,"1,782","2,053"
2600,"City of Tigard, Council Members, 2 Yr Term (Vote for 2)",26,Gabriel Elijio Velasquez,405,"7,546","2,423",52,"2,324","2,747"
2600,"City of Tigard, Council Members, 2 Yr Term (Vote for 2)",26,Gabriel Elijio Velasquez,409,"4,511","1,467",39,"1,402","1,603"
2600,"City of Tigard, Council Members, 2 Yr Term (Vote for 2)",26,Gabriel Elijio Velasquez,411,"1,311",385,6,449,471
2600,"City of Tigard, Council Members, 2 Yr Term (Vote for 2)",26,Gabriel Elijio Velasquez,427,"1,301",389,11,434,467
2600,"City of Tigard, Council Members, 2 Yr Term (Vote for 2)",26,Shar Banerjee,400,"3,519",873,24,"1,157","1,465"
2600,"City of Tigard, Council Members, 2 Yr Term (Vote for 2)",26,Shar Banerjee,402,"6,413","1,333",47,"2,027","3,006"
2600,"City of Tigard, Council Members, 2 Yr Term (Vote for 2)",26,Shar Banerjee,404,"5,913","1,415",30,"1,851","2,617"
2600,"City of Tigard, Council Members, 2 Yr Term (Vote for 2)",26,Shar Banerjee,405,"7,546","1,578",54,"2,439","3,475"
2600,"City of Tigard, Council Members, 2 Yr Term (Vote for 2)",26,Shar Banerjee,409,"4,511","1,098",32,"1,456","1,925"
2600,"City of Tigard, Council Members, 2 Yr Term (Vote for 2)",26,Shar Banerjee,411,"1,311",347,7,458,499
2600,"City of Tigard, Council Members, 2 Yr Term (Vote for 2)",26,Shar Banerjee,427,"1,301",278,6,444,573
2600,"City of Tigard, Council Members, 2 Yr Term (Vote for 2)",26,Faraz Ghoddusi,400,"3,519","1,164",20,"1,103","1,232"
2600,"City of Tigard, Council Members, 2 Yr Term (Vote for 2)",26,Faraz Ghoddusi,402,"6,413","2,561",48,"1,919","1,885"
2600,"City of Tigard, Council Members, 2 Yr Term (Vote for 2)",26,Faraz Ghoddusi,404,"5,913","2,048",29,"1,754","2,082"
2600,"City of Tigard, Council Members, 2 Yr Term (Vote for 2)",26,Faraz Ghoddusi,405,"7,546","2,786",36,"2,335","2,389"
2600,"City of Tigard, Council Members, 2 Yr Term (Vote for 2)",26,Faraz Ghoddusi,409,"4,511","1,623",26,"1,403","1,459"
2600,"City of Tigard, Council Members, 2 Yr Term (Vote for 2)",26,Faraz Ghoddusi,411,"1,311",474,6,426,405
2600,"City of Tigard, Council Members, 2 Yr Term (Vote for 2)",26,Faraz Ghoddusi,427,"1,301",544,5,400,352
2600,"City of Tigard, Council Members, 2 Yr Term (Vote for 2)",26,Rafael Palacios,400,"3,519",432,14,"1,143","1,930"
2600,"City of Tigard, Council Members, 2 Yr Term (Vote for 2)",26,Rafael Palacios,402,"6,413",872,33,"2,007","3,501"
2600,"City of Tigard, Council Members, 2 Yr Term (Vote for 2)",26,Rafael Palacios,404,"5,913",848,23,"1,827","3,215"
2600,"City of Tigard, Council Members, 2 Yr Term (Vote for 2)",26,Rafael Palacios,405,"7,546","1,028",24,"2,414","4,080"
2600,"City of Tigard, Council Members, 2 Yr Term (Vote for 2)",26,Rafael Palacios,409,"4,511",562,16,"1,466","2,467"
2600,"City of Tigard, Council Members, 2 Yr Term (Vote for 2)",26,Rafael Palacios,411,"1,311",181,1,460,669
2600,"City of Tigard, Council Members, 2 Yr Term (Vote for 2)",26,Rafael Palacios,427,"1,301",177,3,430,691
2600,"City of Tigard, Council Members, 2 Yr Term (Vote for 2)",26,Heather Robbins,400,"3,519","1,235",25,"1,070","1,189"
2600,"City of Tigard, Council Members, 2 Yr Term (Vote for 2)",26,Heather Robbins,402,"6,413","2,458",49,"1,837","2,069"
2600,"City of Tigard, Council Members, 2 Yr Term (Vote for 2)",26,Heather Robbins,404,"5,913","2,115",32,"1,711","2,055"
2600,"City of Tigard, Council Members, 2 Yr Term (Vote for 2)",26,Heather Robbins,405,"7,546","2,839",67,"2,228","2,412"
2600,"City of Tigard, Council Members, 2 Yr Term (Vote for 2)",26,Heather Robbins,409,"4,511","1,618",34,"1,340","1,519"
2600,"City of Tigard, Council Members, 2 Yr Term (Vote for 2)",26,Heather Robbins,411,"1,311",429,5,417,460
2600,"City of Tigard, Council Members, 2 Yr Term (Vote for 2)",26,Heather Robbins,427,"1,301",416,11,411,463
2600,"City of Tigard, Council Members, 2 Yr Term (Vote for 2)",26,Write-in,400,"3,519",26,2,"1,191","2,300"
2600,"City of Tigard, Council Members, 2 Yr Term (Vote for 2)",26,Write-in,402,"6,413",40,0,"2,078","4,295"
2600,"City of Tigard, Council Members, 2 Yr Term (Vote for 2)",26,Write-in,404,"5,913",57,3,"1,889","3,964"
2600,"City of Tigard, Council Members, 2 Yr Term (Vote for 2)",26,Write-in,405,"7,546",66,1,"2,484","4,995"
2600,"City of Tigard, Council Members, 2 Yr Term (Vote for 2)",26,Write-in,409,"4,511",33,0,"1,504","2,974"
2600,"City of Tigard, Council Members, 2 Yr Term (Vote for 2)",26,Write-in,411,"1,311",2,0,473,836
2600,"City of Tigard, Council Members, 2 Yr Term (Vote for 2)",26,Write-in,427,"1,301",11,0,453,837
2600,"City of Tigard, Council Members, 2 Yr Term (Vote for 2)",26,Write-in,400,"3,519",8,1,"1,196","2,314"
2600,"City of Tigard, Council Members, 2 Yr Term (Vote for 2)",26,Write-in,402,"6,413",16,0,"2,085","4,312"
2600,"City of Tigard, Council Members, 2 Yr Term (Vote for 2)",26,Write-in,404,"5,913",20,2,"1,909","3,982"
2600,"City of Tigard, Council Members, 2 Yr Term (Vote for 2)",26,Write-in,405,"7,546",12,0,"2,505","5,029"
2600,"City of Tigard, Council Members, 2 Yr Term (Vote for 2)",26,Write-in,409,"4,511",11,0,"1,513","2,987"
2600,"City of Tigard, Council Members, 2 Yr Term (Vote for 2)",26,Write-in,411,"1,311",1,0,474,836
2600,"City of Tigard, Council Members, 2 Yr Term (Vote for 2)",26,Write-in,427,"1,301",3,0,453,845
2700,"City of Tigard, Council Members (Vote for 3)",27,Maureen Wolf,400,"3,519","2,106",3,"1,161",249
2700,"City of Tigard, Council Members (Vote for 3)",27,Maureen Wolf,402,"6,413","3,845",0,"1,997",571
2700,"City of Tigard, Council Members (Vote for 3)",27,Maureen Wolf,404,"5,913","3,529",3,"1,912",469
2700,"City of Tigard, Council Members (Vote for 3)",27,Maureen Wolf,405,"7,546","4,586",0,"2,469",491
2700,"City of Tigard, Council Members (Vote for 3)",27,Maureen Wolf,409,"4,511","2,699",3,"1,487",322
2700,"City of Tigard, Council Members (Vote for 3)",27,Maureen Wolf,411,"1,311",748,0,471,92
2700,"City of Tigard, Council Members (Vote for 3)",27,Maureen Wolf,427,"1,301",767,0,445,89
2700,"City of Tigard, Council Members (Vote for 3)",27,Bret A Lieuallen,400,"3,519",999,3,"1,228","1,289"
2700,"City of Tigard, Council Members (Vote for 3)",27,Bret A Lieuallen,402,"6,413","2,045",0,"2,115","2,253"
2700,"City of Tigard, Council Members (Vote for 3)",27,Bret A Lieuallen,404,"5,913","1,882",3,"1,946","2,082"
2700,"City of Tigard, Council Members (Vote for 3)",27,Bret A Lieuallen,405,"7,546","2,167",1,"2,579","2,799"
2700,"City of Tigard, Council Members (Vote for 3)",27,Bret A Lieuallen,409,"4,511","1,352",3,"1,567","1,589"
2700,"City of Tigard, Council Members (Vote for 3)",27,Bret A Lieuallen,411,"1,311",373,0,507,431
2700,"City of Tigard, Council Members (Vote for 3)",27,Bret A Lieuallen,427,"1,301",378,0,468,455
2700,"City of Tigard, Council Members (Vote for 3)",27,Jake Schlack,400,"3,519","1,928",3,"1,261",327
2700,"City of Tigard, Council Members (Vote for 3)",27,Jake Schlack,402,"6,413","3,542",0,"2,234",637
2700,"City of Tigard, Council Members (Vote for 3)",27,Jake Schlack,404,"5,913","3,175",3,"2,094",641
2700,"City of Tigard, Council Members (Vote for 3)",27,Jake Schlack,405,"7,546","4,076",0,"2,684",786
2700,"City of Tigard, Council Members (Vote for 3)",27,Jake Schlack,409,"4,511","2,439",3,"1,626",443
2700,"City of Tigard, Council Members (Vote for 3)",27,Jake Schlack,411,"1,311",699,0,493,119
2700,"City of Tigard, Council Members (Vote for 3)",27,Jake Schlack,427,"1,301",696,0,472,133
2700,"City of Tigard, Council Members (Vote for 3)",27,Jeanette Shaw,400,"3,519","2,019",3,"1,232",265
2700,"City of Tigard, Council Members (Vote for 3)",27,Jeanette Shaw,402,"6,413","3,769",0,"2,163",481
2700,"City of Tigard, Council Members (Vote for 3)",27,Jeanette Shaw,404,"5,913","3,424",3,"2,034",452
2700,"City of Tigard, Council Members (Vote for 3)",27,Jeanette Shaw,405,"7,546","4,436",0,"2,590",520
2700,"City of Tigard, Council Members (Vote for 3)",27,Jeanette Shaw,409,"4,511","2,574",3,"1,588",346
2700,"City of Tigard, Council Members (Vote for 3)",27,Jeanette Shaw,411,"1,311",715,0,492,104
2700,"City of Tigard, Council Members (Vote for 3)",27,Jeanette Shaw,427,"1,301",740,0,455,106
2700,"City of Tigard, Council Members (Vote for 3)",27,Write-in,400,"3,519",38,0,"1,426","2,055"
2700,"City of Tigard, Council Members (Vote for 3)",27,Write-in,402,"6,413",74,0,"2,539","3,800"
2700,"City of Tigard, Council Members (Vote for 3)",27,Write-in,404,"5,913",86,0,"2,359","3,468"
2700,"City of Tigard, Council Members (Vote for 3)",27,Write-in,405,"7,546",84,1,"3,024","4,437"
2700,"City of Tigard, Council Members (Vote for 3)",27,Write-in,409,"4,511",38,0,"1,843","2,630"
2700,"City of Tigard, Council Members (Vote for 3)",27,Write-in,411,"1,311",7,0,567,737
2700,"City of Tigard, Council Members (Vote for 3)",27,Write-in,427,"1,301",14,0,538,749
2700,"City of Tigard, Council Members (Vote for 3)",27,Write-in,400,"3,519",15,0,"1,434","2,070"
2700,"City of Tigard, Council Members (Vote for 3)",27,Write-in,402,"6,413",27,0,"2,557","3,829"
2700,"City of Tigard, Council Members (Vote for 3)",27,Write-in,404,"5,913",34,0,"2,374","3,505"
2700,"City of Tigard, Council Members (Vote for 3)",27,Write-in,405,"7,546",30,1,"3,043","4,472"
2700,"City of Tigard, Council Members (Vote for 3)",27,Write-in,409,"4,511",12,0,"1,852","2,647"
2700,"City of Tigard, Council Members (Vote for 3)",27,Write-in,411,"1,311",2,0,569,740
2700,"City of Tigard, Council Members (Vote for 3)",27,Write-in,427,"1,301",9,0,540,752
2700,"City of Tigard, Council Members (Vote for 3)",27,Write-in,400,"3,519",6,0,"1,435","2,078"
2700,"City of Tigard, Council Members (Vote for 3)",27,Write-in,402,"6,413",14,0,"2,558","3,841"
2700,"City of Tigard, Council Members (Vote for 3)",27,Write-in,404,"5,913",19,0,"2,378","3,516"
2700,"City of Tigard, Council Members (Vote for 3)",27,Write-in,405,"7,546",8,1,"3,047","4,490"
2700,"City of Tigard, Council Members (Vote for 3)",27,Write-in,409,"4,511",7,0,"1,852","2,652"
2700,"City of Tigard, Council Members (Vote for 3)",27,Write-in,411,"1,311",0,0,570,741
2700,"City of Tigard, Council Members (Vote for 3)",27,Write-in,427,"1,301",1,0,540,760
2800,"City of Tualatin, Council Member, Position 2 (Vote for 1)",28,Christen Sacco,394,248,140,0,107,1
2800,"City of Tualatin, Council Member, Position 2 (Vote for 1)",28,Christen Sacco,420,"3,223","1,901",0,"1,284",38
2800,"City of Tualatin, Council Member, Position 2 (Vote for 1)",28,Christen Sacco,423,"3,051","1,931",0,"1,087",33
2800,"City of Tualatin, Council Member, Position 2 (Vote for 1)",28,Christen Sacco,428,"1,359",848,0,497,14
2800,"City of Tualatin, Council Member, Position 2 (Vote for 1)",28,Christen Sacco,433,"2,171","1,248",1,886,36
2800,"City of Tualatin, Council Member, Position 2 (Vote for 1)",28,Christen Sacco,436,"2,242","1,274",1,941,26
2800,"City of Tualatin, Council Member, Position 2 (Vote for 1)",28,Christen Sacco,444,121,77,0,44,0
2800,"City of Tualatin, Council Member, Position 2 (Vote for 1)",28,Write-in,394,248,1,0,107,140
2800,"City of Tualatin, Council Member, Position 2 (Vote for 1)",28,Write-in,420,"3,223",38,0,"1,284","1,901"
2800,"City of Tualatin, Council Member, Position 2 (Vote for 1)",28,Write-in,423,"3,051",33,0,"1,087","1,931"
2800,"City of Tualatin, Council Member, Position 2 (Vote for 1)",28,Write-in,428,"1,359",14,0,497,848
2800,"City of Tualatin, Council Member, Position 2 (Vote for 1)",28,Write-in,433,"2,171",36,1,886,"1,248"
2800,"City of Tualatin, Council Member, Position 2 (Vote for 1)",28,Write-in,436,"2,242",26,1,941,"1,274"
2800,"City of Tualatin, Council Member, Position 2 (Vote for 1)",28,Write-in,444,121,0,0,44,77
2900,"City of Tualatin, Council Member, Position 4 (Vote for 1)",29,Danny O'Neal,394,248,46,0,75,127
2900,"City of Tualatin, Council Member, Position 4 (Vote for 1)",29,Danny O'Neal,420,"3,223",898,0,600,"1,725"
2900,"City of Tualatin, Council Member, Position 4 (Vote for 1)",29,Danny O'Neal,423,"3,051",783,0,612,"1,656"
2900,"City of Tualatin, Council Member, Position 4 (Vote for 1)",29,Danny O'Neal,428,"1,359",341,0,310,708
2900,"City of Tualatin, Council Member, Position 4 (Vote for 1)",29,Danny O'Neal,433,"2,171",637,0,374,"1,160"
2900,"City of Tualatin, Council Member, Position 4 (Vote for 1)",29,Danny O'Neal,436,"2,242",645,0,399,"1,198"
2900,"City of Tualatin, Council Member, Position 4 (Vote for 1)",29,Danny O'Neal,444,121,47,0,29,45
2900,"City of Tualatin, Council Member, Position 4 (Vote for 1)",29,Cyndy Hillier,394,248,126,0,75,47
2900,"City of Tualatin, Council Member, Position 4 (Vote for 1)",29,Cyndy Hillier,420,"3,223","1,713",0,600,910
2900,"City of Tualatin, Council Member, Position 4 (Vote for 1)",29,Cyndy Hillier,423,"3,051","1,637",0,612,802
2900,"City of Tualatin, Council Member, Position 4 (Vote for 1)",29,Cyndy Hillier,428,"1,359",707,0,310,342
2900,"City of Tualatin, Council Member, Position 4 (Vote for 1)",29,Cyndy Hillier,433,"2,171","1,150",0,374,647
2900,"City of Tualatin, Council Member, Position 4 (Vote for 1)",29,Cyndy Hillier,436,"2,242","1,190",0,399,653
2900,"City of Tualatin, Council Member, Position 4 (Vote for 1)",29,Cyndy Hillier,444,121,45,0,29,47
2900,"City of Tualatin, Council Member, Position 4 (Vote for 1)",29,Write-in,394,248,1,0,75,172
2900,"City of Tualatin, Council Member, Position 4 (Vote for 1)",29,Write-in,420,"3,223",12,0,600,"2,611"
2900,"City of Tualatin, Council Member, Position 4 (Vote for 1)",29,Write-in,423,"3,051",19,0,612,"2,420"
2900,"City of Tualatin, Council Member, Position 4 (Vote for 1)",29,Write-in,428,"1,359",1,0,310,"1,048"
2900,"City of Tualatin, Council Member, Position 4 (Vote for 1)",29,Write-in,433,"2,171",10,0,374,"1,787"
2900,"City of Tualatin, Council Member, Position 4 (Vote for 1)",29,Write-in,436,"2,242",8,0,399,"1,835"
2900,"City of Tualatin, Council Member, Position 4 (Vote for 1)",29,Write-in,444,121,0,0,29,92
3000,"City of Tualatin, Council Member, Position 6 (Vote for 1)",30,Valerie Pratt,394,248,141,0,104,3
3000,"City of Tualatin, Council Member, Position 6 (Vote for 1)",30,Valerie Pratt,420,"3,223","1,920",0,"1,279",24
3000,"City of Tualatin, Council Member, Position 6 (Vote for 1)",30,Valerie Pratt,423,"3,051","1,947",0,"1,076",28
3000,"City of Tualatin, Council Member, Position 6 (Vote for 1)",30,Valerie Pratt,428,"1,359",848,0,503,8
3000,"City of Tualatin, Council Member, Position 6 (Vote for 1)",30,Valerie Pratt,433,"2,171","1,292",0,856,23
3000,"City of Tualatin, Council Member, Position 6 (Vote for 1)",30,Valerie Pratt,436,"2,242","1,292",0,933,17
3000,"City of Tualatin, Council Member, Position 6 (Vote for 1)",30,Valerie Pratt,444,121,74,0,47,0
3000,"City of Tualatin, Council Member, Position 6 (Vote for 1)",30,Write-in,394,248,3,0,104,141
3000,"City of Tualatin, Council Member, Position 6 (Vote for 1)",30,Write-in,420,"3,223",24,0,"1,279","1,920"
3000,"City of Tualatin, Council Member, Position 6 (Vote for 1)",30,Write-in,423,"3,051",28,0,"1,076","1,947"
3000,"City of Tualatin, Council Member, Position 6 (Vote for 1)",30,Write-in,428,"1,359",8,0,503,848
3000,"City of Tualatin, Council Member, Position 6 (Vote for 1)",30,Write-in,433,"2,171",23,0,856,"1,292"
3000,"City of Tualatin, Council Member, Position 6 (Vote for 1)",30,Write-in,436,"2,242",17,0,933,"1,292"
3000,"City of Tualatin, Council Member, Position 6 (Vote for 1)",30,Write-in,444,121,0,0,47,74
3100,"City of Wilsonville, Mayor (Vote for 1)",32,Shawn O'Neil,432,306,140,0,46,120
3100,"City of Wilsonville, Mayor (Vote for 1)",32,Glenn Lancaster,432,306,64,0,46,196
3100,"City of Wilsonville, Mayor (Vote for 1)",32,Rob Candrian,432,306,54,0,46,206
3100,"City of Wilsonville, Mayor (Vote for 1)",32,Write-in,432,306,2,0,46,258
3200,"City of Wilsonville, Councilor (Vote for 2)",31,Elizabeth Peters,432,306,102,0,143,61
3200,"City of Wilsonville, Councilor (Vote for 2)",31,Adam Cunningham,432,306,104,0,121,81
3200,"City of Wilsonville, Councilor (Vote for 2)",31,Ginger Fitch,432,306,93,0,134,79
3200,"City of Wilsonville, Councilor (Vote for 2)",31,Anne Shevlin,432,306,99,0,133,74
3200,"City of Wilsonville, Councilor (Vote for 2)",31,Write-in,432,306,2,0,158,146
3200,"City of Wilsonville, Councilor (Vote for 2)",31,Write-in,432,306,0,0,159,147
3300,"Tualatin Soil & Water Conservation Dis, Dir, At-Large, Pos 1 (Vote for 1)",55,Steve M Vangrunsven,301,"1,724",862,0,840,22
3300,"Tualatin Soil & Water Conservation Dis, Dir, At-Large, Pos 1 (Vote for 1)",55,Steve M Vangrunsven,302,"2,551","1,414",0,"1,116",21
3300,"Tualatin Soil & Water Conservation Dis, Dir, At-Large, Pos 1 (Vote for 1)",55,Steve M Vangrunsven,303,330,151,0,176,3
3300,"Tualatin Soil & Water Conservation Dis, Dir, At-Large, Pos 1 (Vote for 1)",55,Steve M Vangrunsven,304,"1,076",611,0,454,11
3300,"Tualatin Soil & Water Conservation Dis, Dir, At-Large, Pos 1 (Vote for 1)",55,Steve M Vangrunsven,305,953,538,0,412,3
3300,"Tualatin Soil & Water Conservation Dis, Dir, At-Large, Pos 1 (Vote for 1)",55,Steve M Vangrunsven,306,579,360,0,216,3
3300,"Tualatin Soil & Water Conservation Dis, Dir, At-Large, Pos 1 (Vote for 1)",55,Steve M Vangrunsven,307,"4,494","2,619",0,"1,841",34
3300,"Tualatin Soil & Water Conservation Dis, Dir, At-Large, Pos 1 (Vote for 1)",55,Steve M Vangrunsven,308,148,93,0,54,1
3300,"Tualatin Soil & Water Conservation Dis, Dir, At-Large, Pos 1 (Vote for 1)",55,Steve M Vangrunsven,309,"4,308","2,451",0,"1,827",30
3300,"Tualatin Soil & Water Conservation Dis, Dir, At-Large, Pos 1 (Vote for 1)",55,Steve M Vangrunsven,310,614,340,0,270,4
3300,"Tualatin Soil & Water Conservation Dis, Dir, At-Large, Pos 1 (Vote for 1)",55,Steve M Vangrunsven,311,684,390,0,285,9
3300,"Tualatin Soil & Water Conservation Dis, Dir, At-Large, Pos 1 (Vote for 1)",55,Steve M Vangrunsven,312,"1,703",860,0,831,12
3300,"Tualatin Soil & Water Conservation Dis, Dir, At-Large, Pos 1 (Vote for 1)",55,Steve M Vangrunsven,313,3,0,0,3,0
3300,"Tualatin Soil & Water Conservation Dis, Dir, At-Large, Pos 1 (Vote for 1)",55,Steve M Vangrunsven,314,310,181,0,129,0
3300,"Tualatin Soil & Water Conservation Dis, Dir, At-Large, Pos 1 (Vote for 1)",55,Steve M Vangrunsven,315,493,211,0,275,7
3300,"Tualatin Soil & Water Conservation Dis, Dir, At-Large, Pos 1 (Vote for 1)",55,Steve M Vangrunsven,316,"1,719",897,0,811,11
3300,"Tualatin Soil & Water Conservation Dis, Dir, At-Large, Pos 1 (Vote for 1)",55,Steve M Vangrunsven,317,169,93,0,73,3
3300,"Tualatin Soil & Water Conservation Dis, Dir, At-Large, Pos 1 (Vote for 1)",55,Steve M Vangrunsven,318,"3,750","2,204",0,"1,525",21
3300,"Tualatin Soil & Water Conservation Dis, Dir, At-Large, Pos 1 (Vote for 1)",55,Steve M Vangrunsven,319,"5,196","3,075",0,"2,079",42
3300,"Tualatin Soil & Water Conservation Dis, Dir, At-Large, Pos 1 (Vote for 1)",55,Steve M Vangrunsven,320,"1,778","1,010",0,759,9
3300,"Tualatin Soil & Water Conservation Dis, Dir, At-Large, Pos 1 (Vote for 1)",55,Steve M Vangrunsven,321,328,181,0,146,1
3300,"Tualatin Soil & Water Conservation Dis, Dir, At-Large, Pos 1 (Vote for 1)",55,Steve M Vangrunsven,322,269,149,0,120,0
3300,"Tualatin Soil & Water Conservation Dis, Dir, At-Large, Pos 1 (Vote for 1)",55,Steve M Vangrunsven,324,519,275,0,238,6
3300,"Tualatin Soil & Water Conservation Dis, Dir, At-Large, Pos 1 (Vote for 1)",55,Steve M Vangrunsven,325,155,92,0,62,1
3300,"Tualatin Soil & Water Conservation Dis, Dir, At-Large, Pos 1 (Vote for 1)",55,Steve M Vangrunsven,326,"1,898",939,0,946,13
3300,"Tualatin Soil & Water Conservation Dis, Dir, At-Large, Pos 1 (Vote for 1)",55,Steve M Vangrunsven,327,"5,317","3,180",0,"2,113",24
3300,"Tualatin Soil & Water Conservation Dis, Dir, At-Large, Pos 1 (Vote for 1)",55,Steve M Vangrunsven,328,931,486,0,439,6
3300,"Tualatin Soil & Water Conservation Dis, Dir, At-Large, Pos 1 (Vote for 1)",55,Steve M Vangrunsven,329,"7,692","4,475",0,"3,175",42
3300,"Tualatin Soil & Water Conservation Dis, Dir, At-Large, Pos 1 (Vote for 1)",55,Steve M Vangrunsven,330,"2,150","1,255",0,877,18
3300,"Tualatin Soil & Water Conservation Dis, Dir, At-Large, Pos 1 (Vote for 1)",55,Steve M Vangrunsven,331,"2,399","1,412",0,972,15
3300,"Tualatin Soil & Water Conservation Dis, Dir, At-Large, Pos 1 (Vote for 1)",55,Steve M Vangrunsven,332,"2,550","1,605",0,930,15
3300,"Tualatin Soil & Water Conservation Dis, Dir, At-Large, Pos 1 (Vote for 1)",55,Steve M Vangrunsven,333,"3,626","2,171",0,"1,434",21
3300,"Tualatin Soil & Water Conservation Dis, Dir, At-Large, Pos 1 (Vote for 1)",55,Steve M Vangrunsven,334,137,75,0,59,3
3300,"Tualatin Soil & Water Conservation Dis, Dir, At-Large, Pos 1 (Vote for 1)",55,Steve M Vangrunsven,335,"4,268","2,470",0,"1,769",29
3300,"Tualatin Soil & Water Conservation Dis, Dir, At-Large, Pos 1 (Vote for 1)",55,Steve M Vangrunsven,336,"2,948","1,697",0,"1,238",13
3300,"Tualatin Soil & Water Conservation Dis, Dir, At-Large, Pos 1 (Vote for 1)",55,Steve M Vangrunsven,337,"1,086",643,0,437,6
3300,"Tualatin Soil & Water Conservation Dis, Dir, At-Large, Pos 1 (Vote for 1)",55,Steve M Vangrunsven,338,"5,180","3,217",0,"1,935",28
3300,"Tualatin Soil & Water Conservation Dis, Dir, At-Large, Pos 1 (Vote for 1)",55,Steve M Vangrunsven,339,"4,822","2,845",0,"1,941",36
3300,"Tualatin Soil & Water Conservation Dis, Dir, At-Large, Pos 1 (Vote for 1)",55,Steve M Vangrunsven,340,"6,948","4,061",0,"2,854",33
3300,"Tualatin Soil & Water Conservation Dis, Dir, At-Large, Pos 1 (Vote for 1)",55,Steve M Vangrunsven,341,305,175,0,124,6
3300,"Tualatin Soil & Water Conservation Dis, Dir, At-Large, Pos 1 (Vote for 1)",55,Steve M Vangrunsven,342,63,47,0,16,0
3300,"Tualatin Soil & Water Conservation Dis, Dir, At-Large, Pos 1 (Vote for 1)",55,Steve M Vangrunsven,343,"2,608","1,462",0,"1,133",13
3300,"Tualatin Soil & Water Conservation Dis, Dir, At-Large, Pos 1 (Vote for 1)",55,Steve M Vangrunsven,344,"2,806","1,543",0,"1,242",21
3300,"Tualatin Soil & Water Conservation Dis, Dir, At-Large, Pos 1 (Vote for 1)",55,Steve M Vangrunsven,345,27,17,0,10,0
3300,"Tualatin Soil & Water Conservation Dis, Dir, At-Large, Pos 1 (Vote for 1)",55,Steve M Vangrunsven,346,274,140,0,131,3
3300,"Tualatin Soil & Water Conservation Dis, Dir, At-Large, Pos 1 (Vote for 1)",55,Steve M Vangrunsven,347,55,34,0,21,0
3300,"Tualatin Soil & Water Conservation Dis, Dir, At-Large, Pos 1 (Vote for 1)",55,Steve M Vangrunsven,348,27,9,0,18,0
3300,"Tualatin Soil & Water Conservation Dis, Dir, At-Large, Pos 1 (Vote for 1)",55,Steve M Vangrunsven,349,573,325,0,242,6
3300,"Tualatin Soil & Water Conservation Dis, Dir, At-Large, Pos 1 (Vote for 1)",55,Steve M Vangrunsven,350,"6,361","3,479",0,"2,834",48
3300,"Tualatin Soil & Water Conservation Dis, Dir, At-Large, Pos 1 (Vote for 1)",55,Steve M Vangrunsven,351,"3,169","1,868",0,"1,276",25
3300,"Tualatin Soil & Water Conservation Dis, Dir, At-Large, Pos 1 (Vote for 1)",55,Steve M Vangrunsven,352,"1,138",672,0,459,7
3300,"Tualatin Soil & Water Conservation Dis, Dir, At-Large, Pos 1 (Vote for 1)",55,Steve M Vangrunsven,353,"2,219","1,184",0,"1,019",16
3300,"Tualatin Soil & Water Conservation Dis, Dir, At-Large, Pos 1 (Vote for 1)",55,Steve M Vangrunsven,354,"1,811","1,019",0,781,11
3300,"Tualatin Soil & Water Conservation Dis, Dir, At-Large, Pos 1 (Vote for 1)",55,Steve M Vangrunsven,355,"1,364",762,0,595,7
3300,"Tualatin Soil & Water Conservation Dis, Dir, At-Large, Pos 1 (Vote for 1)",55,Steve M Vangrunsven,356,"1,662",976,0,671,15
3300,"Tualatin Soil & Water Conservation Dis, Dir, At-Large, Pos 1 (Vote for 1)",55,Steve M Vangrunsven,357,813,482,0,327,4
3300,"Tualatin Soil & Water Conservation Dis, Dir, At-Large, Pos 1 (Vote for 1)",55,Steve M Vangrunsven,358,"2,526","1,502",0,"1,007",17
3300,"Tualatin Soil & Water Conservation Dis, Dir, At-Large, Pos 1 (Vote for 1)",55,Steve M Vangrunsven,359,"2,324","1,332",0,984,8
3300,"Tualatin Soil & Water Conservation Dis, Dir, At-Large, Pos 1 (Vote for 1)",55,Steve M Vangrunsven,360,"2,836","1,678",0,"1,144",14
3300,"Tualatin Soil & Water Conservation Dis, Dir, At-Large, Pos 1 (Vote for 1)",55,Steve M Vangrunsven,361,"2,052","1,245",0,789,18
3300,"Tualatin Soil & Water Conservation Dis, Dir, At-Large, Pos 1 (Vote for 1)",55,Steve M Vangrunsven,362,"6,315","3,573",0,"2,707",35
3300,"Tualatin Soil & Water Conservation Dis, Dir, At-Large, Pos 1 (Vote for 1)",55,Steve M Vangrunsven,363,"2,925","1,560",0,"1,345",20
3300,"Tualatin Soil & Water Conservation Dis, Dir, At-Large, Pos 1 (Vote for 1)",55,Steve M Vangrunsven,364,"4,460","2,418",0,"2,013",29
3300,"Tualatin Soil & Water Conservation Dis, Dir, At-Large, Pos 1 (Vote for 1)",55,Steve M Vangrunsven,365,"4,622","2,511",0,"2,085",26
3300,"Tualatin Soil & Water Conservation Dis, Dir, At-Large, Pos 1 (Vote for 1)",55,Steve M Vangrunsven,366,"1,641",889,0,735,17
3300,"Tualatin Soil & Water Conservation Dis, Dir, At-Large, Pos 1 (Vote for 1)",55,Steve M Vangrunsven,367,"4,269","2,509",0,"1,738",22
3300,"Tualatin Soil & Water Conservation Dis, Dir, At-Large, Pos 1 (Vote for 1)",55,Steve M Vangrunsven,368,"3,793","2,130",1,"1,625",37
3300,"Tualatin Soil & Water Conservation Dis, Dir, At-Large, Pos 1 (Vote for 1)",55,Steve M Vangrunsven,369,"1,660",909,0,736,15
3300,"Tualatin Soil & Water Conservation Dis, Dir, At-Large, Pos 1 (Vote for 1)",55,Steve M Vangrunsven,370,"2,096","1,137",0,940,19
3300,"Tualatin Soil & Water Conservation Dis, Dir, At-Large, Pos 1 (Vote for 1)",55,Steve M Vangrunsven,371,"2,037","1,176",0,843,18
3300,"Tualatin Soil & Water Conservation Dis, Dir, At-Large, Pos 1 (Vote for 1)",55,Steve M Vangrunsven,372,"1,701",911,0,781,9
3300,"Tualatin Soil & Water Conservation Dis, Dir, At-Large, Pos 1 (Vote for 1)",55,Steve M Vangrunsven,373,328,166,0,159,3
3300,"Tualatin Soil & Water Conservation Dis, Dir, At-Large, Pos 1 (Vote for 1)",55,Steve M Vangrunsven,374,9,6,0,3,0
3300,"Tualatin Soil & Water Conservation Dis, Dir, At-Large, Pos 1 (Vote for 1)",55,Steve M Vangrunsven,375,279,153,0,121,5
3300,"Tualatin Soil & Water Conservation Dis, Dir, At-Large, Pos 1 (Vote for 1)",55,Steve M Vangrunsven,376,"1,779",988,0,776,15
3300,"Tualatin Soil & Water Conservation Dis, Dir, At-Large, Pos 1 (Vote for 1)",55,Steve M Vangrunsven,377,"2,251","1,298",0,944,9
3300,"Tualatin Soil & Water Conservation Dis, Dir, At-Large, Pos 1 (Vote for 1)",55,Steve M Vangrunsven,378,937,502,0,433,2
3300,"Tualatin Soil & Water Conservation Dis, Dir, At-Large, Pos 1 (Vote for 1)",55,Steve M Vangrunsven,379,"3,854","2,170",0,"1,662",22
3300,"Tualatin Soil & Water Conservation Dis, Dir, At-Large, Pos 1 (Vote for 1)",55,Steve M Vangrunsven,380,"3,025","1,624",0,"1,387",14
3300,"Tualatin Soil & Water Conservation Dis, Dir, At-Large, Pos 1 (Vote for 1)",55,Steve M Vangrunsven,382,"3,905","2,283",0,"1,583",39
3300,"Tualatin Soil & Water Conservation Dis, Dir, At-Large, Pos 1 (Vote for 1)",55,Steve M Vangrunsven,383,"1,566",869,0,681,16
3300,"Tualatin Soil & Water Conservation Dis, Dir, At-Large, Pos 1 (Vote for 1)",55,Steve M Vangrunsven,384,"4,477","2,442",0,"2,021",14
3300,"Tualatin Soil & Water Conservation Dis, Dir, At-Large, Pos 1 (Vote for 1)",55,Steve M Vangrunsven,385,770,421,0,344,5
3300,"Tualatin Soil & Water Conservation Dis, Dir, At-Large, Pos 1 (Vote for 1)",55,Steve M Vangrunsven,386,"1,936","1,027",0,901,8
3300,"Tualatin Soil & Water Conservation Dis, Dir, At-Large, Pos 1 (Vote for 1)",55,Steve M Vangrunsven,387,21,15,0,6,0
3300,"Tualatin Soil & Water Conservation Dis, Dir, At-Large, Pos 1 (Vote for 1)",55,Steve M Vangrunsven,388,250,155,0,93,2
3300,"Tualatin Soil & Water Conservation Dis, Dir, At-Large, Pos 1 (Vote for 1)",55,Steve M Vangrunsven,389,"7,639","4,250",0,"3,333",56
3300,"Tualatin Soil & Water Conservation Dis, Dir, At-Large, Pos 1 (Vote for 1)",55,Steve M Vangrunsven,390,"2,098","1,203",0,886,9
3300,"Tualatin Soil & Water Conservation Dis, Dir, At-Large, Pos 1 (Vote for 1)",55,Steve M Vangrunsven,391,405,224,0,178,3
3300,"Tualatin Soil & Water Conservation Dis, Dir, At-Large, Pos 1 (Vote for 1)",55,Steve M Vangrunsven,392,112,59,0,52,1
3300,"Tualatin Soil & Water Conservation Dis, Dir, At-Large, Pos 1 (Vote for 1)",55,Steve M Vangrunsven,393,626,336,0,289,1
3300,"Tualatin Soil & Water Conservation Dis, Dir, At-Large, Pos 1 (Vote for 1)",55,Steve M Vangrunsven,394,248,136,0,110,2
3300,"Tualatin Soil & Water Conservation Dis, Dir, At-Large, Pos 1 (Vote for 1)",55,Steve M Vangrunsven,395,"5,402","3,085",0,"2,283",34
3300,"Tualatin Soil & Water Conservation Dis, Dir, At-Large, Pos 1 (Vote for 1)",55,Steve M Vangrunsven,396,830,490,0,337,3
3300,"Tualatin Soil & Water Conservation Dis, Dir, At-Large, Pos 1 (Vote for 1)",55,Steve M Vangrunsven,397,"2,943","1,629",0,"1,292",22
3300,"Tualatin Soil & Water Conservation Dis, Dir, At-Large, Pos 1 (Vote for 1)",55,Steve M Vangrunsven,398,"1,773",969,0,796,8
3300,"Tualatin Soil & Water Conservation Dis, Dir, At-Large, Pos 1 (Vote for 1)",55,Steve M Vangrunsven,399,"2,213","1,230",0,957,26
3300,"Tualatin Soil & Water Conservation Dis, Dir, At-Large, Pos 1 (Vote for 1)",55,Steve M Vangrunsven,400,"3,519","1,999",0,"1,495",25
3300,"Tualatin Soil & Water Conservation Dis, Dir, At-Large, Pos 1 (Vote for 1)",55,Steve M Vangrunsven,401,"1,860","1,030",0,820,10
3300,"Tualatin Soil & Water Conservation Dis, Dir, At-Large, Pos 1 (Vote for 1)",55,Steve M Vangrunsven,402,"6,413","3,630",0,"2,758",25
3300,"Tualatin Soil & Water Conservation Dis, Dir, At-Large, Pos 1 (Vote for 1)",55,Steve M Vangrunsven,403,"1,374",738,0,626,10
3300,"Tualatin Soil & Water Conservation Dis, Dir, At-Large, Pos 1 (Vote for 1)",55,Steve M Vangrunsven,404,"5,913","3,431",0,"2,440",42
3300,"Tualatin Soil & Water Conservation Dis, Dir, At-Large, Pos 1 (Vote for 1)",55,Steve M Vangrunsven,405,"7,546","4,286",0,"3,225",35
3300,"Tualatin Soil & Water Conservation Dis, Dir, At-Large, Pos 1 (Vote for 1)",55,Steve M Vangrunsven,406,"2,033","1,176",0,845,12
3300,"Tualatin Soil & Water Conservation Dis, Dir, At-Large, Pos 1 (Vote for 1)",55,Steve M Vangrunsven,407,870,474,0,395,1
3300,"Tualatin Soil & Water Conservation Dis, Dir, At-Large, Pos 1 (Vote for 1)",55,Steve M Vangrunsven,408,322,184,0,136,2
3300,"Tualatin Soil & Water Conservation Dis, Dir, At-Large, Pos 1 (Vote for 1)",55,Steve M Vangrunsven,409,"4,511","2,619",0,"1,865",27
3300,"Tualatin Soil & Water Conservation Dis, Dir, At-Large, Pos 1 (Vote for 1)",55,Steve M Vangrunsven,410,"1,322",729,0,585,8
3300,"Tualatin Soil & Water Conservation Dis, Dir, At-Large, Pos 1 (Vote for 1)",55,Steve M Vangrunsven,411,"1,311",800,0,505,6
3300,"Tualatin Soil & Water Conservation Dis, Dir, At-Large, Pos 1 (Vote for 1)",55,Steve M Vangrunsven,412,"1,749",941,0,800,8
3300,"Tualatin Soil & Water Conservation Dis, Dir, At-Large, Pos 1 (Vote for 1)",55,Steve M Vangrunsven,413,"1,455",880,0,562,13
3300,"Tualatin Soil & Water Conservation Dis, Dir, At-Large, Pos 1 (Vote for 1)",55,Steve M Vangrunsven,414,525,275,0,249,1
3300,"Tualatin Soil & Water Conservation Dis, Dir, At-Large, Pos 1 (Vote for 1)",55,Steve M Vangrunsven,415,850,505,0,342,3
3300,"Tualatin Soil & Water Conservation Dis, Dir, At-Large, Pos 1 (Vote for 1)",55,Steve M Vangrunsven,416,846,509,0,329,8
3300,"Tualatin Soil & Water Conservation Dis, Dir, At-Large, Pos 1 (Vote for 1)",55,Steve M Vangrunsven,417,408,252,0,154,2
3300,"Tualatin Soil & Water Conservation Dis, Dir, At-Large, Pos 1 (Vote for 1)",55,Steve M Vangrunsven,418,"3,030","1,742",0,"1,265",23
3300,"Tualatin Soil & Water Conservation Dis, Dir, At-Large, Pos 1 (Vote for 1)",55,Steve M Vangrunsven,419,"1,789","1,016",0,771,2
3300,"Tualatin Soil & Water Conservation Dis, Dir, At-Large, Pos 1 (Vote for 1)",55,Steve M Vangrunsven,420,"3,223","1,824",0,"1,384",15
3300,"Tualatin Soil & Water Conservation Dis, Dir, At-Large, Pos 1 (Vote for 1)",55,Steve M Vangrunsven,421,499,279,0,215,5
3300,"Tualatin Soil & Water Conservation Dis, Dir, At-Large, Pos 1 (Vote for 1)",55,Steve M Vangrunsven,422,17,7,0,10,0
3300,"Tualatin Soil & Water Conservation Dis, Dir, At-Large, Pos 1 (Vote for 1)",55,Steve M Vangrunsven,423,"3,051","1,877",0,"1,155",19
3300,"Tualatin Soil & Water Conservation Dis, Dir, At-Large, Pos 1 (Vote for 1)",55,Steve M Vangrunsven,424,"4,657","2,690",0,"1,954",13
3300,"Tualatin Soil & Water Conservation Dis, Dir, At-Large, Pos 1 (Vote for 1)",55,Steve M Vangrunsven,425,683,325,0,350,8
3300,"Tualatin Soil & Water Conservation Dis, Dir, At-Large, Pos 1 (Vote for 1)",55,Steve M Vangrunsven,426,436,225,0,208,3
3300,"Tualatin Soil & Water Conservation Dis, Dir, At-Large, Pos 1 (Vote for 1)",55,Steve M Vangrunsven,427,"1,301",751,0,543,7
3300,"Tualatin Soil & Water Conservation Dis, Dir, At-Large, Pos 1 (Vote for 1)",55,Steve M Vangrunsven,428,"1,359",827,0,530,2
3300,"Tualatin Soil & Water Conservation Dis, Dir, At-Large, Pos 1 (Vote for 1)",55,Steve M Vangrunsven,429,"2,699","1,543",0,"1,140",16
3300,"Tualatin Soil & Water Conservation Dis, Dir, At-Large, Pos 1 (Vote for 1)",55,Steve M Vangrunsven,430,"2,310","1,095",0,"1,195",20
3300,"Tualatin Soil & Water Conservation Dis, Dir, At-Large, Pos 1 (Vote for 1)",55,Steve M Vangrunsven,431,775,399,0,370,6
3300,"Tualatin Soil & Water Conservation Dis, Dir, At-Large, Pos 1 (Vote for 1)",55,Steve M Vangrunsven,432,306,180,0,125,1
3300,"Tualatin Soil & Water Conservation Dis, Dir, At-Large, Pos 1 (Vote for 1)",55,Steve M Vangrunsven,433,"2,171","1,220",0,937,14
3300,"Tualatin Soil & Water Conservation Dis, Dir, At-Large, Pos 1 (Vote for 1)",55,Steve M Vangrunsven,434,"4,401","2,521",0,"1,852",28
3300,"Tualatin Soil & Water Conservation Dis, Dir, At-Large, Pos 1 (Vote for 1)",55,Steve M Vangrunsven,435,"4,132","2,336",0,"1,774",22
3300,"Tualatin Soil & Water Conservation Dis, Dir, At-Large, Pos 1 (Vote for 1)",55,Steve M Vangrunsven,436,"2,242","1,249",0,981,12
3300,"Tualatin Soil & Water Conservation Dis, Dir, At-Large, Pos 1 (Vote for 1)",55,Steve M Vangrunsven,437,63,27,0,35,1
3300,"Tualatin Soil & Water Conservation Dis, Dir, At-Large, Pos 1 (Vote for 1)",55,Steve M Vangrunsven,438,493,256,0,232,5
3300,"Tualatin Soil & Water Conservation Dis, Dir, At-Large, Pos 1 (Vote for 1)",55,Steve M Vangrunsven,439,"2,375","1,502",0,861,12
3300,"Tualatin Soil & Water Conservation Dis, Dir, At-Large, Pos 1 (Vote for 1)",55,Steve M Vangrunsven,440,"1,461",920,0,537,4
3300,"Tualatin Soil & Water Conservation Dis, Dir, At-Large, Pos 1 (Vote for 1)",55,Steve M Vangrunsven,441,70,38,0,32,0
3300,"Tualatin Soil & Water Conservation Dis, Dir, At-Large, Pos 1 (Vote for 1)",55,Steve M Vangrunsven,442,"2,708","1,625",0,"1,073",10
3300,"Tualatin Soil & Water Conservation Dis, Dir, At-Large, Pos 1 (Vote for 1)",55,Steve M Vangrunsven,443,11,7,0,4,0
3300,"Tualatin Soil & Water Conservation Dis, Dir, At-Large, Pos 1 (Vote for 1)",55,Steve M Vangrunsven,444,121,78,0,43,0
3300,"Tualatin Soil & Water Conservation Dis, Dir, At-Large, Pos 1 (Vote for 1)",55,Steve M Vangrunsven,445,1,1,0,0,0
3300,"Tualatin Soil & Water Conservation Dis, Dir, At-Large, Pos 1 (Vote for 1)",55,Steve M Vangrunsven,446,107,67,0,39,1
3300,"Tualatin Soil & Water Conservation Dis, Dir, At-Large, Pos 1 (Vote for 1)",55,Steve M Vangrunsven,447,285,142,0,139,4
3300,"Tualatin Soil & Water Conservation Dis, Dir, At-Large, Pos 1 (Vote for 1)",55,Steve M Vangrunsven,448,771,452,0,316,3
3300,"Tualatin Soil & Water Conservation Dis, Dir, At-Large, Pos 1 (Vote for 1)",55,Steve M Vangrunsven,449,293,147,0,142,4
3300,"Tualatin Soil & Water Conservation Dis, Dir, At-Large, Pos 1 (Vote for 1)",55,Steve M Vangrunsven,450,170,120,0,48,2
3300,"Tualatin Soil & Water Conservation Dis, Dir, At-Large, Pos 1 (Vote for 1)",55,Steve M Vangrunsven,451,"1,066",645,0,413,8
3300,"Tualatin Soil & Water Conservation Dis, Dir, At-Large, Pos 1 (Vote for 1)",55,Steve M Vangrunsven,452,99,45,0,51,3
3300,"Tualatin Soil & Water Conservation Dis, Dir, At-Large, Pos 1 (Vote for 1)",55,Steve M Vangrunsven,453,11,3,0,8,0
3300,"Tualatin Soil & Water Conservation Dis, Dir, At-Large, Pos 1 (Vote for 1)",55,Steve M Vangrunsven,454,19,7,0,11,1
3300,"Tualatin Soil & Water Conservation Dis, Dir, At-Large, Pos 1 (Vote for 1)",55,Steve M Vangrunsven,455,"1,486",859,0,620,7
3300,"Tualatin Soil & Water Conservation Dis, Dir, At-Large, Pos 1 (Vote for 1)",55,Steve M Vangrunsven,456,7,4,0,3,0
3300,"Tualatin Soil & Water Conservation Dis, Dir, At-Large, Pos 1 (Vote for 1)",55,Write-in,301,"1,724",22,0,840,862
3300,"Tualatin Soil & Water Conservation Dis, Dir, At-Large, Pos 1 (Vote for 1)",55,Write-in,302,"2,551",21,0,"1,116","1,414"
3300,"Tualatin Soil & Water Conservation Dis, Dir, At-Large, Pos 1 (Vote for 1)",55,Write-in,303,330,3,0,176,151
3300,"Tualatin Soil & Water Conservation Dis, Dir, At-Large, Pos 1 (Vote for 1)",55,Write-in,304,"1,076",11,0,454,611
3300,"Tualatin Soil & Water Conservation Dis, Dir, At-Large, Pos 1 (Vote for 1)",55,Write-in,305,953,3,0,412,538
3300,"Tualatin Soil & Water Conservation Dis, Dir, At-Large, Pos 1 (Vote for 1)",55,Write-in,306,579,3,0,216,360
3300,"Tualatin Soil & Water Conservation Dis, Dir, At-Large, Pos 1 (Vote for 1)",55,Write-in,307,"4,494",34,0,"1,841","2,619"
3300,"Tualatin Soil & Water Conservation Dis, Dir, At-Large, Pos 1 (Vote for 1)",55,Write-in,308,148,1,0,54,93
3300,"Tualatin Soil & Water Conservation Dis, Dir, At-Large, Pos 1 (Vote for 1)",55,Write-in,309,"4,308",30,0,"1,827","2,451"
3300,"Tualatin Soil & Water Conservation Dis, Dir, At-Large, Pos 1 (Vote for 1)",55,Write-in,310,614,4,0,270,340
3300,"Tualatin Soil & Water Conservation Dis, Dir, At-Large, Pos 1 (Vote for 1)",55,Write-in,311,684,9,0,285,390
3300,"Tualatin Soil & Water Conservation Dis, Dir, At-Large, Pos 1 (Vote for 1)",55,Write-in,312,"1,703",12,0,831,860
3300,"Tualatin Soil & Water Conservation Dis, Dir, At-Large, Pos 1 (Vote for 1)",55,Write-in,313,3,0,0,3,0
3300,"Tualatin Soil & Water Conservation Dis, Dir, At-Large, Pos 1 (Vote for 1)",55,Write-in,314,310,0,0,129,181
3300,"Tualatin Soil & Water Conservation Dis, Dir, At-Large, Pos 1 (Vote for 1)",55,Write-in,315,493,7,0,275,211
3300,"Tualatin Soil & Water Conservation Dis, Dir, At-Large, Pos 1 (Vote for 1)",55,Write-in,316,"1,719",11,0,811,897
3300,"Tualatin Soil & Water Conservation Dis, Dir, At-Large, Pos 1 (Vote for 1)",55,Write-in,317,169,3,0,73,93
3300,"Tualatin Soil & Water Conservation Dis, Dir, At-Large, Pos 1 (Vote for 1)",55,Write-in,318,"3,750",21,0,"1,525","2,204"
3300,"Tualatin Soil & Water Conservation Dis, Dir, At-Large, Pos 1 (Vote for 1)",55,Write-in,319,"5,196",42,0,"2,079","3,075"
3300,"Tualatin Soil & Water Conservation Dis, Dir, At-Large, Pos 1 (Vote for 1)",55,Write-in,320,"1,778",9,0,759,"1,010"
3300,"Tualatin Soil & Water Conservation Dis, Dir, At-Large, Pos 1 (Vote for 1)",55,Write-in,321,328,1,0,146,181
3300,"Tualatin Soil & Water Conservation Dis, Dir, At-Large, Pos 1 (Vote for 1)",55,Write-in,322,269,0,0,120,149
3300,"Tualatin Soil & Water Conservation Dis, Dir, At-Large, Pos 1 (Vote for 1)",55,Write-in,324,519,6,0,238,275
3300,"Tualatin Soil & Water Conservation Dis, Dir, At-Large, Pos 1 (Vote for 1)",55,Write-in,325,155,1,0,62,92
3300,"Tualatin Soil & Water Conservation Dis, Dir, At-Large, Pos 1 (Vote for 1)",55,Write-in,326,"1,898",13,0,946,939
3300,"Tualatin Soil & Water Conservation Dis, Dir, At-Large, Pos 1 (Vote for 1)",55,Write-in,327,"5,317",24,0,"2,113","3,180"
3300,"Tualatin Soil & Water Conservation Dis, Dir, At-Large, Pos 1 (Vote for 1)",55,Write-in,328,931,6,0,439,486
3300,"Tualatin Soil & Water Conservation Dis, Dir, At-Large, Pos 1 (Vote for 1)",55,Write-in,329,"7,692",42,0,"3,175","4,475"
3300,"Tualatin Soil & Water Conservation Dis, Dir, At-Large, Pos 1 (Vote for 1)",55,Write-in,330,"2,150",18,0,877,"1,255"
3300,"Tualatin Soil & Water Conservation Dis, Dir, At-Large, Pos 1 (Vote for 1)",55,Write-in,331,"2,399",15,0,972,"1,412"
3300,"Tualatin Soil & Water Conservation Dis, Dir, At-Large, Pos 1 (Vote for 1)",55,Write-in,332,"2,550",15,0,930,"1,605"
3300,"Tualatin Soil & Water Conservation Dis, Dir, At-Large, Pos 1 (Vote for 1)",55,Write-in,333,"3,626",21,0,"1,434","2,171"
3300,"Tualatin Soil & Water Conservation Dis, Dir, At-Large, Pos 1 (Vote for 1)",55,Write-in,334,137,3,0,59,75
3300,"Tualatin Soil & Water Conservation Dis, Dir, At-Large, Pos 1 (Vote for 1)",55,Write-in,335,"4,268",29,0,"1,769","2,470"
3300,"Tualatin Soil & Water Conservation Dis, Dir, At-Large, Pos 1 (Vote for 1)",55,Write-in,336,"2,948",13,0,"1,238","1,697"
3300,"Tualatin Soil & Water Conservation Dis, Dir, At-Large, Pos 1 (Vote for 1)",55,Write-in,337,"1,086",6,0,437,643
3300,"Tualatin Soil & Water Conservation Dis, Dir, At-Large, Pos 1 (Vote for 1)",55,Write-in,338,"5,180",28,0,"1,935","3,217"
3300,"Tualatin Soil & Water Conservation Dis, Dir, At-Large, Pos 1 (Vote for 1)",55,Write-in,339,"4,822",36,0,"1,941","2,845"
3300,"Tualatin Soil & Water Conservation Dis, Dir, At-Large, Pos 1 (Vote for 1)",55,Write-in,340,"6,948",33,0,"2,854","4,061"
3300,"Tualatin Soil & Water Conservation Dis, Dir, At-Large, Pos 1 (Vote for 1)",55,Write-in,341,305,6,0,124,175
3300,"Tualatin Soil & Water Conservation Dis, Dir, At-Large, Pos 1 (Vote for 1)",55,Write-in,342,63,0,0,16,47
3300,"Tualatin Soil & Water Conservation Dis, Dir, At-Large, Pos 1 (Vote for 1)",55,Write-in,343,"2,608",13,0,"1,133","1,462"
3300,"Tualatin Soil & Water Conservation Dis, Dir, At-Large, Pos 1 (Vote for 1)",55,Write-in,344,"2,806",21,0,"1,242","1,543"
3300,"Tualatin Soil & Water Conservation Dis, Dir, At-Large, Pos 1 (Vote for 1)",55,Write-in,345,27,0,0,10,17
3300,"Tualatin Soil & Water Conservation Dis, Dir, At-Large, Pos 1 (Vote for 1)",55,Write-in,346,274,3,0,131,140
3300,"Tualatin Soil & Water Conservation Dis, Dir, At-Large, Pos 1 (Vote for 1)",55,Write-in,347,55,0,0,21,34
3300,"Tualatin Soil & Water Conservation Dis, Dir, At-Large, Pos 1 (Vote for 1)",55,Write-in,348,27,0,0,18,9
3300,"Tualatin Soil & Water Conservation Dis, Dir, At-Large, Pos 1 (Vote for 1)",55,Write-in,349,573,6,0,242,325
3300,"Tualatin Soil & Water Conservation Dis, Dir, At-Large, Pos 1 (Vote for 1)",55,Write-in,350,"6,361",48,0,"2,834","3,479"
3300,"Tualatin Soil & Water Conservation Dis, Dir, At-Large, Pos 1 (Vote for 1)",55,Write-in,351,"3,169",25,0,"1,276","1,868"
3300,"Tualatin Soil & Water Conservation Dis, Dir, At-Large, Pos 1 (Vote for 1)",55,Write-in,352,"1,138",7,0,459,672
3300,"Tualatin Soil & Water Conservation Dis, Dir, At-Large, Pos 1 (Vote for 1)",55,Write-in,353,"2,219",16,0,"1,019","1,184"
3300,"Tualatin Soil & Water Conservation Dis, Dir, At-Large, Pos 1 (Vote for 1)",55,Write-in,354,"1,811",11,0,781,"1,019"
3300,"Tualatin Soil & Water Conservation Dis, Dir, At-Large, Pos 1 (Vote for 1)",55,Write-in,355,"1,364",7,0,595,762
3300,"Tualatin Soil & Water Conservation Dis, Dir, At-Large, Pos 1 (Vote for 1)",55,Write-in,356,"1,662",15,0,671,976
3300,"Tualatin Soil & Water Conservation Dis, Dir, At-Large, Pos 1 (Vote for 1)",55,Write-in,357,813,4,0,327,482
3300,"Tualatin Soil & Water Conservation Dis, Dir, At-Large, Pos 1 (Vote for 1)",55,Write-in,358,"2,526",17,0,"1,007","1,502"
3300,"Tualatin Soil & Water Conservation Dis, Dir, At-Large, Pos 1 (Vote for 1)",55,Write-in,359,"2,324",8,0,984,"1,332"
3300,"Tualatin Soil & Water Conservation Dis, Dir, At-Large, Pos 1 (Vote for 1)",55,Write-in,360,"2,836",14,0,"1,144","1,678"
3300,"Tualatin Soil & Water Conservation Dis, Dir, At-Large, Pos 1 (Vote for 1)",55,Write-in,361,"2,052",18,0,789,"1,245"
3300,"Tualatin Soil & Water Conservation Dis, Dir, At-Large, Pos 1 (Vote for 1)",55,Write-in,362,"6,315",35,0,"2,707","3,573"
3300,"Tualatin Soil & Water Conservation Dis, Dir, At-Large, Pos 1 (Vote for 1)",55,Write-in,363,"2,925",20,0,"1,345","1,560"
3300,"Tualatin Soil & Water Conservation Dis, Dir, At-Large, Pos 1 (Vote for 1)",55,Write-in,364,"4,460",29,0,"2,013","2,418"
3300,"Tualatin Soil & Water Conservation Dis, Dir, At-Large, Pos 1 (Vote for 1)",55,Write-in,365,"4,622",26,0,"2,085","2,511"
3300,"Tualatin Soil & Water Conservation Dis, Dir, At-Large, Pos 1 (Vote for 1)",55,Write-in,366,"1,641",17,0,735,889
3300,"Tualatin Soil & Water Conservation Dis, Dir, At-Large, Pos 1 (Vote for 1)",55,Write-in,367,"4,269",22,0,"1,738","2,509"
3300,"Tualatin Soil & Water Conservation Dis, Dir, At-Large, Pos 1 (Vote for 1)",55,Write-in,368,"3,793",37,1,"1,625","2,130"
3300,"Tualatin Soil & Water Conservation Dis, Dir, At-Large, Pos 1 (Vote for 1)",55,Write-in,369,"1,660",15,0,736,909
3300,"Tualatin Soil & Water Conservation Dis, Dir, At-Large, Pos 1 (Vote for 1)",55,Write-in,370,"2,096",19,0,940,"1,137"
3300,"Tualatin Soil & Water Conservation Dis, Dir, At-Large, Pos 1 (Vote for 1)",55,Write-in,371,"2,037",18,0,843,"1,176"
3300,"Tualatin Soil & Water Conservation Dis, Dir, At-Large, Pos 1 (Vote for 1)",55,Write-in,372,"1,701",9,0,781,911
3300,"Tualatin Soil & Water Conservation Dis, Dir, At-Large, Pos 1 (Vote for 1)",55,Write-in,373,328,3,0,159,166
3300,"Tualatin Soil & Water Conservation Dis, Dir, At-Large, Pos 1 (Vote for 1)",55,Write-in,374,9,0,0,3,6
3300,"Tualatin Soil & Water Conservation Dis, Dir, At-Large, Pos 1 (Vote for 1)",55,Write-in,375,279,5,0,121,153
3300,"Tualatin Soil & Water Conservation Dis, Dir, At-Large, Pos 1 (Vote for 1)",55,Write-in,376,"1,779",15,0,776,988
3300,"Tualatin Soil & Water Conservation Dis, Dir, At-Large, Pos 1 (Vote for 1)",55,Write-in,377,"2,251",9,0,944,"1,298"
3300,"Tualatin Soil & Water Conservation Dis, Dir, At-Large, Pos 1 (Vote for 1)",55,Write-in,378,937,2,0,433,502
3300,"Tualatin Soil & Water Conservation Dis, Dir, At-Large, Pos 1 (Vote for 1)",55,Write-in,379,"3,854",22,0,"1,662","2,170"
3300,"Tualatin Soil & Water Conservation Dis, Dir, At-Large, Pos 1 (Vote for 1)",55,Write-in,380,"3,025",14,0,"1,387","1,624"
3300,"Tualatin Soil & Water Conservation Dis, Dir, At-Large, Pos 1 (Vote for 1)",55,Write-in,382,"3,905",39,0,"1,583","2,283"
3300,"Tualatin Soil & Water Conservation Dis, Dir, At-Large, Pos 1 (Vote for 1)",55,Write-in,383,"1,566",16,0,681,869
3300,"Tualatin Soil & Water Conservation Dis, Dir, At-Large, Pos 1 (Vote for 1)",55,Write-in,384,"4,477",14,0,"2,021","2,442"
3300,"Tualatin Soil & Water Conservation Dis, Dir, At-Large, Pos 1 (Vote for 1)",55,Write-in,385,770,5,0,344,421
3300,"Tualatin Soil & Water Conservation Dis, Dir, At-Large, Pos 1 (Vote for 1)",55,Write-in,386,"1,936",8,0,901,"1,027"
3300,"Tualatin Soil & Water Conservation Dis, Dir, At-Large, Pos 1 (Vote for 1)",55,Write-in,387,21,0,0,6,15
3300,"Tualatin Soil & Water Conservation Dis, Dir, At-Large, Pos 1 (Vote for 1)",55,Write-in,388,250,2,0,93,155
3300,"Tualatin Soil & Water Conservation Dis, Dir, At-Large, Pos 1 (Vote for 1)",55,Write-in,389,"7,639",56,0,"3,333","4,250"
3300,"Tualatin Soil & Water Conservation Dis, Dir, At-Large, Pos 1 (Vote for 1)",55,Write-in,390,"2,098",9,0,886,"1,203"
3300,"Tualatin Soil & Water Conservation Dis, Dir, At-Large, Pos 1 (Vote for 1)",55,Write-in,391,405,3,0,178,224
3300,"Tualatin Soil & Water Conservation Dis, Dir, At-Large, Pos 1 (Vote for 1)",55,Write-in,392,112,1,0,52,59
3300,"Tualatin Soil & Water Conservation Dis, Dir, At-Large, Pos 1 (Vote for 1)",55,Write-in,393,626,1,0,289,336
3300,"Tualatin Soil & Water Conservation Dis, Dir, At-Large, Pos 1 (Vote for 1)",55,Write-in,394,248,2,0,110,136
3300,"Tualatin Soil & Water Conservation Dis, Dir, At-Large, Pos 1 (Vote for 1)",55,Write-in,395,"5,402",34,0,"2,283","3,085"
3300,"Tualatin Soil & Water Conservation Dis, Dir, At-Large, Pos 1 (Vote for 1)",55,Write-in,396,830,3,0,337,490
3300,"Tualatin Soil & Water Conservation Dis, Dir, At-Large, Pos 1 (Vote for 1)",55,Write-in,397,"2,943",22,0,"1,292","1,629"
3300,"Tualatin Soil & Water Conservation Dis, Dir, At-Large, Pos 1 (Vote for 1)",55,Write-in,398,"1,773",8,0,796,969
3300,"Tualatin Soil & Water Conservation Dis, Dir, At-Large, Pos 1 (Vote for 1)",55,Write-in,399,"2,213",26,0,957,"1,230"
3300,"Tualatin Soil & Water Conservation Dis, Dir, At-Large, Pos 1 (Vote for 1)",55,Write-in,400,"3,519",25,0,"1,495","1,999"
3300,"Tualatin Soil & Water Conservation Dis, Dir, At-Large, Pos 1 (Vote for 1)",55,Write-in,401,"1,860",10,0,820,"1,030"
3300,"Tualatin Soil & Water Conservation Dis, Dir, At-Large, Pos 1 (Vote for 1)",55,Write-in,402,"6,413",25,0,"2,758","3,630"
3300,"Tualatin Soil & Water Conservation Dis, Dir, At-Large, Pos 1 (Vote for 1)",55,Write-in,403,"1,374",10,0,626,738
3300,"Tualatin Soil & Water Conservation Dis, Dir, At-Large, Pos 1 (Vote for 1)",55,Write-in,404,"5,913",42,0,"2,440","3,431"
3300,"Tualatin Soil & Water Conservation Dis, Dir, At-Large, Pos 1 (Vote for 1)",55,Write-in,405,"7,546",35,0,"3,225","4,286"
3300,"Tualatin Soil & Water Conservation Dis, Dir, At-Large, Pos 1 (Vote for 1)",55,Write-in,406,"2,033",12,0,845,"1,176"
3300,"Tualatin Soil & Water Conservation Dis, Dir, At-Large, Pos 1 (Vote for 1)",55,Write-in,407,870,1,0,395,474
3300,"Tualatin Soil & Water Conservation Dis, Dir, At-Large, Pos 1 (Vote for 1)",55,Write-in,408,322,2,0,136,184
3300,"Tualatin Soil & Water Conservation Dis, Dir, At-Large, Pos 1 (Vote for 1)",55,Write-in,409,"4,511",27,0,"1,865","2,619"
3300,"Tualatin Soil & Water Conservation Dis, Dir, At-Large, Pos 1 (Vote for 1)",55,Write-in,410,"1,322",8,0,585,729
3300,"Tualatin Soil & Water Conservation Dis, Dir, At-Large, Pos 1 (Vote for 1)",55,Write-in,411,"1,311",6,0,505,800
3300,"Tualatin Soil & Water Conservation Dis, Dir, At-Large, Pos 1 (Vote for 1)",55,Write-in,412,"1,749",8,0,800,941
3300,"Tualatin Soil & Water Conservation Dis, Dir, At-Large, Pos 1 (Vote for 1)",55,Write-in,413,"1,455",13,0,562,880
3300,"Tualatin Soil & Water Conservation Dis, Dir, At-Large, Pos 1 (Vote for 1)",55,Write-in,414,525,1,0,249,275
3300,"Tualatin Soil & Water Conservation Dis, Dir, At-Large, Pos 1 (Vote for 1)",55,Write-in,415,850,3,0,342,505
3300,"Tualatin Soil & Water Conservation Dis, Dir, At-Large, Pos 1 (Vote for 1)",55,Write-in,416,846,8,0,329,509
3300,"Tualatin Soil & Water Conservation Dis, Dir, At-Large, Pos 1 (Vote for 1)",55,Write-in,417,408,2,0,154,252
3300,"Tualatin Soil & Water Conservation Dis, Dir, At-Large, Pos 1 (Vote for 1)",55,Write-in,418,"3,030",23,0,"1,265","1,742"
3300,"Tualatin Soil & Water Conservation Dis, Dir, At-Large, Pos 1 (Vote for 1)",55,Write-in,419,"1,789",2,0,771,"1,016"
3300,"Tualatin Soil & Water Conservation Dis, Dir, At-Large, Pos 1 (Vote for 1)",55,Write-in,420,"3,223",15,0,"1,384","1,824"
3300,"Tualatin Soil & Water Conservation Dis, Dir, At-Large, Pos 1 (Vote for 1)",55,Write-in,421,499,5,0,215,279
3300,"Tualatin Soil & Water Conservation Dis, Dir, At-Large, Pos 1 (Vote for 1)",55,Write-in,422,17,0,0,10,7
3300,"Tualatin Soil & Water Conservation Dis, Dir, At-Large, Pos 1 (Vote for 1)",55,Write-in,423,"3,051",19,0,"1,155","1,877"
3300,"Tualatin Soil & Water Conservation Dis, Dir, At-Large, Pos 1 (Vote for 1)",55,Write-in,424,"4,657",13,0,"1,954","2,690"
3300,"Tualatin Soil & Water Conservation Dis, Dir, At-Large, Pos 1 (Vote for 1)",55,Write-in,425,683,8,0,350,325
3300,"Tualatin Soil & Water Conservation Dis, Dir, At-Large, Pos 1 (Vote for 1)",55,Write-in,426,436,3,0,208,225
3300,"Tualatin Soil & Water Conservation Dis, Dir, At-Large, Pos 1 (Vote for 1)",55,Write-in,427,"1,301",7,0,543,751
3300,"Tualatin Soil & Water Conservation Dis, Dir, At-Large, Pos 1 (Vote for 1)",55,Write-in,428,"1,359",2,0,530,827
3300,"Tualatin Soil & Water Conservation Dis, Dir, At-Large, Pos 1 (Vote for 1)",55,Write-in,429,"2,699",16,0,"1,140","1,543"
3300,"Tualatin Soil & Water Conservation Dis, Dir, At-Large, Pos 1 (Vote for 1)",55,Write-in,430,"2,310",20,0,"1,195","1,095"
3300,"Tualatin Soil & Water Conservation Dis, Dir, At-Large, Pos 1 (Vote for 1)",55,Write-in,431,775,6,0,370,399
3300,"Tualatin Soil & Water Conservation Dis, Dir, At-Large, Pos 1 (Vote for 1)",55,Write-in,432,306,1,0,125,180
3300,"Tualatin Soil & Water Conservation Dis, Dir, At-Large, Pos 1 (Vote for 1)",55,Write-in,433,"2,171",14,0,937,"1,220"
3300,"Tualatin Soil & Water Conservation Dis, Dir, At-Large, Pos 1 (Vote for 1)",55,Write-in,434,"4,401",28,0,"1,852","2,521"
3300,"Tualatin Soil & Water Conservation Dis, Dir, At-Large, Pos 1 (Vote for 1)",55,Write-in,435,"4,132",22,0,"1,774","2,336"
3300,"Tualatin Soil & Water Conservation Dis, Dir, At-Large, Pos 1 (Vote for 1)",55,Write-in,436,"2,242",12,0,981,"1,249"
3300,"Tualatin Soil & Water Conservation Dis, Dir, At-Large, Pos 1 (Vote for 1)",55,Write-in,437,63,1,0,35,27
3300,"Tualatin Soil & Water Conservation Dis, Dir, At-Large, Pos 1 (Vote for 1)",55,Write-in,438,493,5,0,232,256
3300,"Tualatin Soil & Water Conservation Dis, Dir, At-Large, Pos 1 (Vote for 1)",55,Write-in,439,"2,375",12,0,861,"1,502"
3300,"Tualatin Soil & Water Conservation Dis, Dir, At-Large, Pos 1 (Vote for 1)",55,Write-in,440,"1,461",4,0,537,920
3300,"Tualatin Soil & Water Conservation Dis, Dir, At-Large, Pos 1 (Vote for 1)",55,Write-in,441,70,0,0,32,38
3300,"Tualatin Soil & Water Conservation Dis, Dir, At-Large, Pos 1 (Vote for 1)",55,Write-in,442,"2,708",10,0,"1,073","1,625"
3300,"Tualatin Soil & Water Conservation Dis, Dir, At-Large, Pos 1 (Vote for 1)",55,Write-in,443,11,0,0,4,7
3300,"Tualatin Soil & Water Conservation Dis, Dir, At-Large, Pos 1 (Vote for 1)",55,Write-in,444,121,0,0,43,78
3300,"Tualatin Soil & Water Conservation Dis, Dir, At-Large, Pos 1 (Vote for 1)",55,Write-in,445,1,0,0,0,1
3300,"Tualatin Soil & Water Conservation Dis, Dir, At-Large, Pos 1 (Vote for 1)",55,Write-in,446,107,1,0,39,67
3300,"Tualatin Soil & Water Conservation Dis, Dir, At-Large, Pos 1 (Vote for 1)",55,Write-in,447,285,4,0,139,142
3300,"Tualatin Soil & Water Conservation Dis, Dir, At-Large, Pos 1 (Vote for 1)",55,Write-in,448,771,3,0,316,452
3300,"Tualatin Soil & Water Conservation Dis, Dir, At-Large, Pos 1 (Vote for 1)",55,Write-in,449,293,4,0,142,147
3300,"Tualatin Soil & Water Conservation Dis, Dir, At-Large, Pos 1 (Vote for 1)",55,Write-in,450,170,2,0,48,120
3300,"Tualatin Soil & Water Conservation Dis, Dir, At-Large, Pos 1 (Vote for 1)",55,Write-in,451,"1,066",8,0,413,645
3300,"Tualatin Soil & Water Conservation Dis, Dir, At-Large, Pos 1 (Vote for 1)",55,Write-in,452,99,3,0,51,45
3300,"Tualatin Soil & Water Conservation Dis, Dir, At-Large, Pos 1 (Vote for 1)",55,Write-in,453,11,0,0,8,3
3300,"Tualatin Soil & Water Conservation Dis, Dir, At-Large, Pos 1 (Vote for 1)",55,Write-in,454,19,1,0,11,7
3300,"Tualatin Soil & Water Conservation Dis, Dir, At-Large, Pos 1 (Vote for 1)",55,Write-in,455,"1,486",7,0,620,859
3300,"Tualatin Soil & Water Conservation Dis, Dir, At-Large, Pos 1 (Vote for 1)",55,Write-in,456,7,0,0,3,4
3400,"Tualatin Soil & Water Conservation Dis, Dir, Zone 1 (Vote for 1)",56,Jerry Ward,301,"1,724",569,0,691,464
3400,"Tualatin Soil & Water Conservation Dis, Dir, Zone 1 (Vote for 1)",56,Jerry Ward,302,"2,551",642,0,828,"1,081"
3400,"Tualatin Soil & Water Conservation Dis, Dir, Zone 1 (Vote for 1)",56,Jerry Ward,303,330,123,0,119,88
3400,"Tualatin Soil & Water Conservation Dis, Dir, Zone 1 (Vote for 1)",56,Jerry Ward,304,"1,076",286,0,345,445
3400,"Tualatin Soil & Water Conservation Dis, Dir, Zone 1 (Vote for 1)",56,Jerry Ward,305,953,312,0,334,307
3400,"Tualatin Soil & Water Conservation Dis, Dir, Zone 1 (Vote for 1)",56,Jerry Ward,306,579,103,0,159,317
3400,"Tualatin Soil & Water Conservation Dis, Dir, Zone 1 (Vote for 1)",56,Jerry Ward,307,"4,494","1,216",0,"1,354","1,924"
3400,"Tualatin Soil & Water Conservation Dis, Dir, Zone 1 (Vote for 1)",56,Jerry Ward,308,148,48,0,55,45
3400,"Tualatin Soil & Water Conservation Dis, Dir, Zone 1 (Vote for 1)",56,Jerry Ward,309,"4,308","1,057",0,"1,274","1,977"
3400,"Tualatin Soil & Water Conservation Dis, Dir, Zone 1 (Vote for 1)",56,Jerry Ward,310,614,208,0,218,188
3400,"Tualatin Soil & Water Conservation Dis, Dir, Zone 1 (Vote for 1)",56,Jerry Ward,311,684,210,0,238,236
3400,"Tualatin Soil & Water Conservation Dis, Dir, Zone 1 (Vote for 1)",56,Jerry Ward,312,"1,703",561,0,686,456
3400,"Tualatin Soil & Water Conservation Dis, Dir, Zone 1 (Vote for 1)",56,Jerry Ward,313,3,0,0,3,0
3400,"Tualatin Soil & Water Conservation Dis, Dir, Zone 1 (Vote for 1)",56,Jerry Ward,314,310,110,0,125,75
3400,"Tualatin Soil & Water Conservation Dis, Dir, Zone 1 (Vote for 1)",56,Jerry Ward,315,493,116,0,215,162
3400,"Tualatin Soil & Water Conservation Dis, Dir, Zone 1 (Vote for 1)",56,Jerry Ward,316,"1,719",542,0,734,443
3400,"Tualatin Soil & Water Conservation Dis, Dir, Zone 1 (Vote for 1)",56,Jerry Ward,317,169,51,0,60,58
3400,"Tualatin Soil & Water Conservation Dis, Dir, Zone 1 (Vote for 1)",56,Jerry Ward,318,"3,750",997,0,"1,063","1,690"
3400,"Tualatin Soil & Water Conservation Dis, Dir, Zone 1 (Vote for 1)",56,Jerry Ward,319,"5,196","1,210",0,"1,694","2,292"
3400,"Tualatin Soil & Water Conservation Dis, Dir, Zone 1 (Vote for 1)",56,Jerry Ward,320,"1,778",395,0,607,776
3400,"Tualatin Soil & Water Conservation Dis, Dir, Zone 1 (Vote for 1)",56,Jerry Ward,321,328,106,0,127,95
3400,"Tualatin Soil & Water Conservation Dis, Dir, Zone 1 (Vote for 1)",56,Jerry Ward,322,269,91,0,99,79
3400,"Tualatin Soil & Water Conservation Dis, Dir, Zone 1 (Vote for 1)",56,Jerry Ward,324,519,177,0,187,155
3400,"Tualatin Soil & Water Conservation Dis, Dir, Zone 1 (Vote for 1)",56,Jerry Ward,325,155,32,0,44,79
3400,"Tualatin Soil & Water Conservation Dis, Dir, Zone 1 (Vote for 1)",56,Jerry Ward,326,"1,898",635,0,802,461
3400,"Tualatin Soil & Water Conservation Dis, Dir, Zone 1 (Vote for 1)",56,Jerry Ward,327,"5,317","1,255",0,"1,554","2,508"
3400,"Tualatin Soil & Water Conservation Dis, Dir, Zone 1 (Vote for 1)",56,Jerry Ward,328,931,292,0,326,313
3400,"Tualatin Soil & Water Conservation Dis, Dir, Zone 1 (Vote for 1)",56,Jerry Ward,329,"7,692","1,650",1,"2,312","3,729"
3400,"Tualatin Soil & Water Conservation Dis, Dir, Zone 1 (Vote for 1)",56,Jerry Ward,330,"2,150",601,1,708,840
3400,"Tualatin Soil & Water Conservation Dis, Dir, Zone 1 (Vote for 1)",56,Jerry Ward,331,"2,399",487,0,808,"1,104"
3400,"Tualatin Soil & Water Conservation Dis, Dir, Zone 1 (Vote for 1)",56,Jerry Ward,332,"2,550",443,0,734,"1,373"
3400,"Tualatin Soil & Water Conservation Dis, Dir, Zone 1 (Vote for 1)",56,Jerry Ward,333,"3,626",625,0,"1,142","1,859"
3400,"Tualatin Soil & Water Conservation Dis, Dir, Zone 1 (Vote for 1)",56,Jerry Ward,334,137,39,0,50,48
3400,"Tualatin Soil & Water Conservation Dis, Dir, Zone 1 (Vote for 1)",56,Jerry Ward,335,"4,268","1,219",0,"1,255","1,794"
3400,"Tualatin Soil & Water Conservation Dis, Dir, Zone 1 (Vote for 1)",56,Jerry Ward,336,"2,948",821,0,922,"1,205"
3400,"Tualatin Soil & Water Conservation Dis, Dir, Zone 1 (Vote for 1)",56,Jerry Ward,337,"1,086",278,0,335,473
3400,"Tualatin Soil & Water Conservation Dis, Dir, Zone 1 (Vote for 1)",56,Jerry Ward,338,"5,180","1,418",3,"1,628","2,131"
3400,"Tualatin Soil & Water Conservation Dis, Dir, Zone 1 (Vote for 1)",56,Jerry Ward,339,"4,822","1,244",2,"1,584","1,992"
3400,"Tualatin Soil & Water Conservation Dis, Dir, Zone 1 (Vote for 1)",56,Jerry Ward,340,"6,948","1,902",2,"2,241","2,803"
3400,"Tualatin Soil & Water Conservation Dis, Dir, Zone 1 (Vote for 1)",56,Jerry Ward,341,305,113,0,117,75
3400,"Tualatin Soil & Water Conservation Dis, Dir, Zone 1 (Vote for 1)",56,Jerry Ward,342,63,25,0,17,21
3400,"Tualatin Soil & Water Conservation Dis, Dir, Zone 1 (Vote for 1)",56,Jerry Ward,343,"2,608",641,0,823,"1,144"
3400,"Tualatin Soil & Water Conservation Dis, Dir, Zone 1 (Vote for 1)",56,Jerry Ward,344,"2,806",634,0,901,"1,271"
3400,"Tualatin Soil & Water Conservation Dis, Dir, Zone 1 (Vote for 1)",56,Jerry Ward,345,27,7,0,6,14
3400,"Tualatin Soil & Water Conservation Dis, Dir, Zone 1 (Vote for 1)",56,Jerry Ward,346,274,84,0,103,87
3400,"Tualatin Soil & Water Conservation Dis, Dir, Zone 1 (Vote for 1)",56,Jerry Ward,347,55,24,0,18,13
3400,"Tualatin Soil & Water Conservation Dis, Dir, Zone 1 (Vote for 1)",56,Jerry Ward,348,27,4,0,14,9
3400,"Tualatin Soil & Water Conservation Dis, Dir, Zone 1 (Vote for 1)",56,Jerry Ward,349,573,114,0,194,265
3400,"Tualatin Soil & Water Conservation Dis, Dir, Zone 1 (Vote for 1)",56,Jerry Ward,350,"6,361","1,129",1,"2,211","3,020"
3400,"Tualatin Soil & Water Conservation Dis, Dir, Zone 1 (Vote for 1)",56,Jerry Ward,351,"3,169",635,0,"1,015","1,519"
3400,"Tualatin Soil & Water Conservation Dis, Dir, Zone 1 (Vote for 1)",56,Jerry Ward,352,"1,138",173,0,386,579
3400,"Tualatin Soil & Water Conservation Dis, Dir, Zone 1 (Vote for 1)",56,Jerry Ward,353,"2,219",376,0,826,"1,017"
3400,"Tualatin Soil & Water Conservation Dis, Dir, Zone 1 (Vote for 1)",56,Jerry Ward,354,"1,811",339,0,633,839
3400,"Tualatin Soil & Water Conservation Dis, Dir, Zone 1 (Vote for 1)",56,Jerry Ward,355,"1,364",251,0,460,653
3400,"Tualatin Soil & Water Conservation Dis, Dir, Zone 1 (Vote for 1)",56,Jerry Ward,356,"1,662",410,0,550,702
3400,"Tualatin Soil & Water Conservation Dis, Dir, Zone 1 (Vote for 1)",56,Jerry Ward,357,813,197,0,269,347
3400,"Tualatin Soil & Water Conservation Dis, Dir, Zone 1 (Vote for 1)",56,Jerry Ward,358,"2,526",582,1,764,"1,179"
3400,"Tualatin Soil & Water Conservation Dis, Dir, Zone 1 (Vote for 1)",56,Jerry Ward,359,"2,324",449,0,793,"1,082"
3400,"Tualatin Soil & Water Conservation Dis, Dir, Zone 1 (Vote for 1)",56,Jerry Ward,360,"2,836",553,0,921,"1,362"
3400,"Tualatin Soil & Water Conservation Dis, Dir, Zone 1 (Vote for 1)",56,Jerry Ward,361,"2,052",346,0,601,"1,105"
3400,"Tualatin Soil & Water Conservation Dis, Dir, Zone 1 (Vote for 1)",56,Jerry Ward,362,"6,315","1,146",0,"2,159","3,010"
3400,"Tualatin Soil & Water Conservation Dis, Dir, Zone 1 (Vote for 1)",56,Jerry Ward,363,"2,925",558,0,"1,075","1,292"
3400,"Tualatin Soil & Water Conservation Dis, Dir, Zone 1 (Vote for 1)",56,Jerry Ward,364,"4,460",838,0,"1,684","1,938"
3400,"Tualatin Soil & Water Conservation Dis, Dir, Zone 1 (Vote for 1)",56,Jerry Ward,365,"4,622",805,0,"1,670","2,147"
3400,"Tualatin Soil & Water Conservation Dis, Dir, Zone 1 (Vote for 1)",56,Jerry Ward,366,"1,641",236,0,596,809
3400,"Tualatin Soil & Water Conservation Dis, Dir, Zone 1 (Vote for 1)",56,Jerry Ward,367,"4,269",905,1,"1,516","1,847"
3400,"Tualatin Soil & Water Conservation Dis, Dir, Zone 1 (Vote for 1)",56,Jerry Ward,368,"3,793",835,2,"1,306","1,650"
3400,"Tualatin Soil & Water Conservation Dis, Dir, Zone 1 (Vote for 1)",56,Jerry Ward,369,"1,660",382,0,579,699
3400,"Tualatin Soil & Water Conservation Dis, Dir, Zone 1 (Vote for 1)",56,Jerry Ward,370,"2,096",448,0,779,869
3400,"Tualatin Soil & Water Conservation Dis, Dir, Zone 1 (Vote for 1)",56,Jerry Ward,371,"2,037",424,0,687,926
3400,"Tualatin Soil & Water Conservation Dis, Dir, Zone 1 (Vote for 1)",56,Jerry Ward,372,"1,701",273,0,675,753
3400,"Tualatin Soil & Water Conservation Dis, Dir, Zone 1 (Vote for 1)",56,Jerry Ward,373,328,77,0,125,126
3400,"Tualatin Soil & Water Conservation Dis, Dir, Zone 1 (Vote for 1)",56,Jerry Ward,374,9,2,0,2,5
3400,"Tualatin Soil & Water Conservation Dis, Dir, Zone 1 (Vote for 1)",56,Jerry Ward,375,279,58,0,119,102
3400,"Tualatin Soil & Water Conservation Dis, Dir, Zone 1 (Vote for 1)",56,Jerry Ward,376,"1,779",415,0,612,752
3400,"Tualatin Soil & Water Conservation Dis, Dir, Zone 1 (Vote for 1)",56,Jerry Ward,377,"2,251",480,0,804,967
3400,"Tualatin Soil & Water Conservation Dis, Dir, Zone 1 (Vote for 1)",56,Jerry Ward,378,937,143,1,356,437
3400,"Tualatin Soil & Water Conservation Dis, Dir, Zone 1 (Vote for 1)",56,Jerry Ward,379,"3,854",741,0,"1,293","1,820"
3400,"Tualatin Soil & Water Conservation Dis, Dir, Zone 1 (Vote for 1)",56,Jerry Ward,380,"3,025",598,0,"1,039","1,388"
3400,"Tualatin Soil & Water Conservation Dis, Dir, Zone 1 (Vote for 1)",56,Jerry Ward,382,"3,905",927,0,"1,278","1,700"
3400,"Tualatin Soil & Water Conservation Dis, Dir, Zone 1 (Vote for 1)",56,Jerry Ward,383,"1,566",264,0,526,776
3400,"Tualatin Soil & Water Conservation Dis, Dir, Zone 1 (Vote for 1)",56,Jerry Ward,384,"4,477",713,0,"1,594","2,170"
3400,"Tualatin Soil & Water Conservation Dis, Dir, Zone 1 (Vote for 1)",56,Jerry Ward,385,770,155,0,292,323
3400,"Tualatin Soil & Water Conservation Dis, Dir, Zone 1 (Vote for 1)",56,Jerry Ward,386,"1,936",336,0,737,863
3400,"Tualatin Soil & Water Conservation Dis, Dir, Zone 1 (Vote for 1)",56,Jerry Ward,387,21,4,0,6,11
3400,"Tualatin Soil & Water Conservation Dis, Dir, Zone 1 (Vote for 1)",56,Jerry Ward,388,250,44,0,77,129
3400,"Tualatin Soil & Water Conservation Dis, Dir, Zone 1 (Vote for 1)",56,Jerry Ward,389,"7,639","1,554",0,"2,717","3,368"
3400,"Tualatin Soil & Water Conservation Dis, Dir, Zone 1 (Vote for 1)",56,Jerry Ward,390,"2,098",458,0,771,869
3400,"Tualatin Soil & Water Conservation Dis, Dir, Zone 1 (Vote for 1)",56,Jerry Ward,391,405,55,0,131,219
3400,"Tualatin Soil & Water Conservation Dis, Dir, Zone 1 (Vote for 1)",56,Jerry Ward,392,112,17,0,45,50
3400,"Tualatin Soil & Water Conservation Dis, Dir, Zone 1 (Vote for 1)",56,Jerry Ward,393,626,98,0,225,303
3400,"Tualatin Soil & Water Conservation Dis, Dir, Zone 1 (Vote for 1)",56,Jerry Ward,394,248,37,0,92,119
3400,"Tualatin Soil & Water Conservation Dis, Dir, Zone 1 (Vote for 1)",56,Jerry Ward,395,"5,402","1,059",1,"1,800","2,542"
3400,"Tualatin Soil & Water Conservation Dis, Dir, Zone 1 (Vote for 1)",56,Jerry Ward,396,830,180,0,281,369
3400,"Tualatin Soil & Water Conservation Dis, Dir, Zone 1 (Vote for 1)",56,Jerry Ward,397,"2,943",743,0,986,"1,214"
3400,"Tualatin Soil & Water Conservation Dis, Dir, Zone 1 (Vote for 1)",56,Jerry Ward,398,"1,773",467,0,646,660
3400,"Tualatin Soil & Water Conservation Dis, Dir, Zone 1 (Vote for 1)",56,Jerry Ward,399,"2,213",449,1,758,"1,005"
3400,"Tualatin Soil & Water Conservation Dis, Dir, Zone 1 (Vote for 1)",56,Jerry Ward,400,"3,519",729,0,"1,097","1,693"
3400,"Tualatin Soil & Water Conservation Dis, Dir, Zone 1 (Vote for 1)",56,Jerry Ward,401,"1,860",283,0,609,968
3400,"Tualatin Soil & Water Conservation Dis, Dir, Zone 1 (Vote for 1)",56,Jerry Ward,402,"6,413","1,660",1,"2,096","2,656"
3400,"Tualatin Soil & Water Conservation Dis, Dir, Zone 1 (Vote for 1)",56,Jerry Ward,403,"1,374",309,0,512,553
3400,"Tualatin Soil & Water Conservation Dis, Dir, Zone 1 (Vote for 1)",56,Jerry Ward,404,"5,913","1,329",1,"1,805","2,778"
3400,"Tualatin Soil & Water Conservation Dis, Dir, Zone 1 (Vote for 1)",56,Jerry Ward,405,"7,546","1,677",0,"2,519","3,350"
3400,"Tualatin Soil & Water Conservation Dis, Dir, Zone 1 (Vote for 1)",56,Jerry Ward,406,"2,033",299,0,691,"1,043"
3400,"Tualatin Soil & Water Conservation Dis, Dir, Zone 1 (Vote for 1)",56,Jerry Ward,407,870,161,0,340,369
3400,"Tualatin Soil & Water Conservation Dis, Dir, Zone 1 (Vote for 1)",56,Jerry Ward,408,322,61,0,120,141
3400,"Tualatin Soil & Water Conservation Dis, Dir, Zone 1 (Vote for 1)",56,Jerry Ward,409,"4,511","1,061",1,"1,419","2,030"
3400,"Tualatin Soil & Water Conservation Dis, Dir, Zone 1 (Vote for 1)",56,Jerry Ward,410,"1,322",309,0,469,544
3400,"Tualatin Soil & Water Conservation Dis, Dir, Zone 1 (Vote for 1)",56,Jerry Ward,411,"1,311",306,0,423,582
3400,"Tualatin Soil & Water Conservation Dis, Dir, Zone 1 (Vote for 1)",56,Jerry Ward,412,"1,749",364,0,652,733
3400,"Tualatin Soil & Water Conservation Dis, Dir, Zone 1 (Vote for 1)",56,Jerry Ward,413,"1,455",383,1,464,607
3400,"Tualatin Soil & Water Conservation Dis, Dir, Zone 1 (Vote for 1)",56,Jerry Ward,414,525,111,0,192,222
3400,"Tualatin Soil & Water Conservation Dis, Dir, Zone 1 (Vote for 1)",56,Jerry Ward,415,850,198,0,277,375
3400,"Tualatin Soil & Water Conservation Dis, Dir, Zone 1 (Vote for 1)",56,Jerry Ward,416,846,152,0,297,397
3400,"Tualatin Soil & Water Conservation Dis, Dir, Zone 1 (Vote for 1)",56,Jerry Ward,417,408,105,0,126,177
3400,"Tualatin Soil & Water Conservation Dis, Dir, Zone 1 (Vote for 1)",56,Jerry Ward,418,"3,030",672,0,970,"1,388"
3400,"Tualatin Soil & Water Conservation Dis, Dir, Zone 1 (Vote for 1)",56,Jerry Ward,419,"1,789",394,0,615,780
3400,"Tualatin Soil & Water Conservation Dis, Dir, Zone 1 (Vote for 1)",56,Jerry Ward,420,"3,223",886,0,886,"1,451"
3400,"Tualatin Soil & Water Conservation Dis, Dir, Zone 1 (Vote for 1)",56,Jerry Ward,421,499,113,0,161,225
3400,"Tualatin Soil & Water Conservation Dis, Dir, Zone 1 (Vote for 1)",56,Jerry Ward,422,17,11,0,5,1
3400,"Tualatin Soil & Water Conservation Dis, Dir, Zone 1 (Vote for 1)",56,Jerry Ward,423,"3,051",692,0,837,"1,522"
3400,"Tualatin Soil & Water Conservation Dis, Dir, Zone 1 (Vote for 1)",56,Jerry Ward,424,"4,657","1,230",4,"1,663","1,760"
3400,"Tualatin Soil & Water Conservation Dis, Dir, Zone 1 (Vote for 1)",56,Jerry Ward,425,683,217,0,268,198
3400,"Tualatin Soil & Water Conservation Dis, Dir, Zone 1 (Vote for 1)",56,Jerry Ward,426,436,131,0,164,141
3400,"Tualatin Soil & Water Conservation Dis, Dir, Zone 1 (Vote for 1)",56,Jerry Ward,427,"1,301",284,0,450,567
3400,"Tualatin Soil & Water Conservation Dis, Dir, Zone 1 (Vote for 1)",56,Jerry Ward,428,"1,359",332,0,369,658
3400,"Tualatin Soil & Water Conservation Dis, Dir, Zone 1 (Vote for 1)",56,Jerry Ward,429,"2,699",589,0,915,"1,195"
3400,"Tualatin Soil & Water Conservation Dis, Dir, Zone 1 (Vote for 1)",56,Jerry Ward,430,"2,310",690,0,883,737
3400,"Tualatin Soil & Water Conservation Dis, Dir, Zone 1 (Vote for 1)",56,Jerry Ward,431,775,248,0,291,236
3400,"Tualatin Soil & Water Conservation Dis, Dir, Zone 1 (Vote for 1)",56,Jerry Ward,432,306,61,0,93,152
3400,"Tualatin Soil & Water Conservation Dis, Dir, Zone 1 (Vote for 1)",56,Jerry Ward,433,"2,171",585,0,597,989
3400,"Tualatin Soil & Water Conservation Dis, Dir, Zone 1 (Vote for 1)",56,Jerry Ward,434,"4,401",960,1,"1,484","1,956"
3400,"Tualatin Soil & Water Conservation Dis, Dir, Zone 1 (Vote for 1)",56,Jerry Ward,435,"4,132","1,025",2,"1,498","1,607"
3400,"Tualatin Soil & Water Conservation Dis, Dir, Zone 1 (Vote for 1)",56,Jerry Ward,436,"2,242",689,0,666,887
3400,"Tualatin Soil & Water Conservation Dis, Dir, Zone 1 (Vote for 1)",56,Jerry Ward,437,63,13,0,21,29
3400,"Tualatin Soil & Water Conservation Dis, Dir, Zone 1 (Vote for 1)",56,Jerry Ward,438,493,173,0,171,149
3400,"Tualatin Soil & Water Conservation Dis, Dir, Zone 1 (Vote for 1)",56,Jerry Ward,439,"2,375",522,0,718,"1,135"
3400,"Tualatin Soil & Water Conservation Dis, Dir, Zone 1 (Vote for 1)",56,Jerry Ward,440,"1,461",398,0,386,677
3400,"Tualatin Soil & Water Conservation Dis, Dir, Zone 1 (Vote for 1)",56,Jerry Ward,441,70,14,0,19,37
3400,"Tualatin Soil & Water Conservation Dis, Dir, Zone 1 (Vote for 1)",56,Jerry Ward,442,"2,708",702,6,912,"1,088"
3400,"Tualatin Soil & Water Conservation Dis, Dir, Zone 1 (Vote for 1)",56,Jerry Ward,443,11,7,0,2,2
3400,"Tualatin Soil & Water Conservation Dis, Dir, Zone 1 (Vote for 1)",56,Jerry Ward,444,121,41,0,40,40
3400,"Tualatin Soil & Water Conservation Dis, Dir, Zone 1 (Vote for 1)",56,Jerry Ward,445,1,1,0,0,0
3400,"Tualatin Soil & Water Conservation Dis, Dir, Zone 1 (Vote for 1)",56,Jerry Ward,446,107,26,0,37,44
3400,"Tualatin Soil & Water Conservation Dis, Dir, Zone 1 (Vote for 1)",56,Jerry Ward,447,285,93,0,95,97
3400,"Tualatin Soil & Water Conservation Dis, Dir, Zone 1 (Vote for 1)",56,Jerry Ward,448,771,186,0,253,332
3400,"Tualatin Soil & Water Conservation Dis, Dir, Zone 1 (Vote for 1)",56,Jerry Ward,449,293,81,0,109,103
3400,"Tualatin Soil & Water Conservation Dis, Dir, Zone 1 (Vote for 1)",56,Jerry Ward,450,170,81,0,55,34
3400,"Tualatin Soil & Water Conservation Dis, Dir, Zone 1 (Vote for 1)",56,Jerry Ward,451,"1,066",199,0,329,538
3400,"Tualatin Soil & Water Conservation Dis, Dir, Zone 1 (Vote for 1)",56,Jerry Ward,452,99,31,0,40,28
3400,"Tualatin Soil & Water Conservation Dis, Dir, Zone 1 (Vote for 1)",56,Jerry Ward,453,11,4,0,5,2
3400,"Tualatin Soil & Water Conservation Dis, Dir, Zone 1 (Vote for 1)",56,Jerry Ward,454,19,5,0,10,4
3400,"Tualatin Soil & Water Conservation Dis, Dir, Zone 1 (Vote for 1)",56,Jerry Ward,455,"1,486",264,0,520,702
3400,"Tualatin Soil & Water Conservation Dis, Dir, Zone 1 (Vote for 1)",56,Jerry Ward,456,7,1,0,0,6
3400,"Tualatin Soil & Water Conservation Dis, Dir, Zone 1 (Vote for 1)",56,Elaine M Stewart,301,"1,724",449,0,691,584
3400,"Tualatin Soil & Water Conservation Dis, Dir, Zone 1 (Vote for 1)",56,Elaine M Stewart,302,"2,551","1,074",0,828,649
3400,"Tualatin Soil & Water Conservation Dis, Dir, Zone 1 (Vote for 1)",56,Elaine M Stewart,303,330,87,0,119,124
3400,"Tualatin Soil & Water Conservation Dis, Dir, Zone 1 (Vote for 1)",56,Elaine M Stewart,304,"1,076",437,0,345,294
3400,"Tualatin Soil & Water Conservation Dis, Dir, Zone 1 (Vote for 1)",56,Elaine M Stewart,305,953,304,0,334,315
3400,"Tualatin Soil & Water Conservation Dis, Dir, Zone 1 (Vote for 1)",56,Elaine M Stewart,306,579,316,0,159,104
3400,"Tualatin Soil & Water Conservation Dis, Dir, Zone 1 (Vote for 1)",56,Elaine M Stewart,307,"4,494","1,899",0,"1,354","1,241"
3400,"Tualatin Soil & Water Conservation Dis, Dir, Zone 1 (Vote for 1)",56,Elaine M Stewart,308,148,45,0,55,48
3400,"Tualatin Soil & Water Conservation Dis, Dir, Zone 1 (Vote for 1)",56,Elaine M Stewart,309,"4,308","1,956",0,"1,274","1,078"
3400,"Tualatin Soil & Water Conservation Dis, Dir, Zone 1 (Vote for 1)",56,Elaine M Stewart,310,614,185,0,218,211
3400,"Tualatin Soil & Water Conservation Dis, Dir, Zone 1 (Vote for 1)",56,Elaine M Stewart,311,684,234,0,238,212
3400,"Tualatin Soil & Water Conservation Dis, Dir, Zone 1 (Vote for 1)",56,Elaine M Stewart,312,"1,703",447,0,686,570
3400,"Tualatin Soil & Water Conservation Dis, Dir, Zone 1 (Vote for 1)",56,Elaine M Stewart,313,3,0,0,3,0
3400,"Tualatin Soil & Water Conservation Dis, Dir, Zone 1 (Vote for 1)",56,Elaine M Stewart,314,310,75,0,125,110
3400,"Tualatin Soil & Water Conservation Dis, Dir, Zone 1 (Vote for 1)",56,Elaine M Stewart,315,493,159,0,215,119
3400,"Tualatin Soil & Water Conservation Dis, Dir, Zone 1 (Vote for 1)",56,Elaine M Stewart,316,"1,719",435,0,734,550
3400,"Tualatin Soil & Water Conservation Dis, Dir, Zone 1 (Vote for 1)",56,Elaine M Stewart,317,169,54,0,60,55
3400,"Tualatin Soil & Water Conservation Dis, Dir, Zone 1 (Vote for 1)",56,Elaine M Stewart,318,"3,750","1,673",0,"1,063","1,014"
3400,"Tualatin Soil & Water Conservation Dis, Dir, Zone 1 (Vote for 1)",56,Elaine M Stewart,319,"5,196","2,270",0,"1,694","1,232"
3400,"Tualatin Soil & Water Conservation Dis, Dir, Zone 1 (Vote for 1)",56,Elaine M Stewart,320,"1,778",772,0,607,399
3400,"Tualatin Soil & Water Conservation Dis, Dir, Zone 1 (Vote for 1)",56,Elaine M Stewart,321,328,94,0,127,107
3400,"Tualatin Soil & Water Conservation Dis, Dir, Zone 1 (Vote for 1)",56,Elaine M Stewart,322,269,79,0,99,91
3400,"Tualatin Soil & Water Conservation Dis, Dir, Zone 1 (Vote for 1)",56,Elaine M Stewart,324,519,152,0,187,180
3400,"Tualatin Soil & Water Conservation Dis, Dir, Zone 1 (Vote for 1)",56,Elaine M Stewart,325,155,79,0,44,32
3400,"Tualatin Soil & Water Conservation Dis, Dir, Zone 1 (Vote for 1)",56,Elaine M Stewart,326,"1,898",452,0,802,644
3400,"Tualatin Soil & Water Conservation Dis, Dir, Zone 1 (Vote for 1)",56,Elaine M Stewart,327,"5,317","2,488",0,"1,554","1,275"
3400,"Tualatin Soil & Water Conservation Dis, Dir, Zone 1 (Vote for 1)",56,Elaine M Stewart,328,931,308,0,326,297
3400,"Tualatin Soil & Water Conservation Dis, Dir, Zone 1 (Vote for 1)",56,Elaine M Stewart,329,"7,692","3,701",1,"2,312","1,678"
3400,"Tualatin Soil & Water Conservation Dis, Dir, Zone 1 (Vote for 1)",56,Elaine M Stewart,330,"2,150",825,1,708,616
3400,"Tualatin Soil & Water Conservation Dis, Dir, Zone 1 (Vote for 1)",56,Elaine M Stewart,331,"2,399","1,092",0,808,499
3400,"Tualatin Soil & Water Conservation Dis, Dir, Zone 1 (Vote for 1)",56,Elaine M Stewart,332,"2,550","1,361",0,734,455
3400,"Tualatin Soil & Water Conservation Dis, Dir, Zone 1 (Vote for 1)",56,Elaine M Stewart,333,"3,626","1,845",0,"1,142",639
3400,"Tualatin Soil & Water Conservation Dis, Dir, Zone 1 (Vote for 1)",56,Elaine M Stewart,334,137,45,0,50,42
3400,"Tualatin Soil & Water Conservation Dis, Dir, Zone 1 (Vote for 1)",56,Elaine M Stewart,335,"4,268","1,783",0,"1,255","1,230"
3400,"Tualatin Soil & Water Conservation Dis, Dir, Zone 1 (Vote for 1)",56,Elaine M Stewart,336,"2,948","1,199",0,922,827
3400,"Tualatin Soil & Water Conservation Dis, Dir, Zone 1 (Vote for 1)",56,Elaine M Stewart,337,"1,086",470,0,335,281
3400,"Tualatin Soil & Water Conservation Dis, Dir, Zone 1 (Vote for 1)",56,Elaine M Stewart,338,"5,180","2,116",3,"1,628","1,433"
3400,"Tualatin Soil & Water Conservation Dis, Dir, Zone 1 (Vote for 1)",56,Elaine M Stewart,339,"4,822","1,969",2,"1,584","1,267"
3400,"Tualatin Soil & Water Conservation Dis, Dir, Zone 1 (Vote for 1)",56,Elaine M Stewart,340,"6,948","2,784",2,"2,241","1,921"
3400,"Tualatin Soil & Water Conservation Dis, Dir, Zone 1 (Vote for 1)",56,Elaine M Stewart,341,305,73,0,117,115
3400,"Tualatin Soil & Water Conservation Dis, Dir, Zone 1 (Vote for 1)",56,Elaine M Stewart,342,63,21,0,17,25
3400,"Tualatin Soil & Water Conservation Dis, Dir, Zone 1 (Vote for 1)",56,Elaine M Stewart,343,"2,608","1,135",0,823,650
3400,"Tualatin Soil & Water Conservation Dis, Dir, Zone 1 (Vote for 1)",56,Elaine M Stewart,344,"2,806","1,263",0,901,642
3400,"Tualatin Soil & Water Conservation Dis, Dir, Zone 1 (Vote for 1)",56,Elaine M Stewart,345,27,14,0,6,7
3400,"Tualatin Soil & Water Conservation Dis, Dir, Zone 1 (Vote for 1)",56,Elaine M Stewart,346,274,87,0,103,84
3400,"Tualatin Soil & Water Conservation Dis, Dir, Zone 1 (Vote for 1)",56,Elaine M Stewart,347,55,13,0,18,24
3400,"Tualatin Soil & Water Conservation Dis, Dir, Zone 1 (Vote for 1)",56,Elaine M Stewart,348,27,9,0,14,4
3400,"Tualatin Soil & Water Conservation Dis, Dir, Zone 1 (Vote for 1)",56,Elaine M Stewart,349,573,260,0,194,119
3400,"Tualatin Soil & Water Conservation Dis, Dir, Zone 1 (Vote for 1)",56,Elaine M Stewart,350,"6,361","3,003",1,"2,211","1,146"
3400,"Tualatin Soil & Water Conservation Dis, Dir, Zone 1 (Vote for 1)",56,Elaine M Stewart,351,"3,169","1,501",0,"1,015",653
3400,"Tualatin Soil & Water Conservation Dis, Dir, Zone 1 (Vote for 1)",56,Elaine M Stewart,352,"1,138",574,0,386,178
3400,"Tualatin Soil & Water Conservation Dis, Dir, Zone 1 (Vote for 1)",56,Elaine M Stewart,353,"2,219","1,007",0,826,386
3400,"Tualatin Soil & Water Conservation Dis, Dir, Zone 1 (Vote for 1)",56,Elaine M Stewart,354,"1,811",831,0,633,347
3400,"Tualatin Soil & Water Conservation Dis, Dir, Zone 1 (Vote for 1)",56,Elaine M Stewart,355,"1,364",646,0,460,258
3400,"Tualatin Soil & Water Conservation Dis, Dir, Zone 1 (Vote for 1)",56,Elaine M Stewart,356,"1,662",693,0,550,419
3400,"Tualatin Soil & Water Conservation Dis, Dir, Zone 1 (Vote for 1)",56,Elaine M Stewart,357,813,344,0,269,200
3400,"Tualatin Soil & Water Conservation Dis, Dir, Zone 1 (Vote for 1)",56,Elaine M Stewart,358,"2,526","1,169",1,764,592
3400,"Tualatin Soil & Water Conservation Dis, Dir, Zone 1 (Vote for 1)",56,Elaine M Stewart,359,"2,324","1,072",0,793,459
3400,"Tualatin Soil & Water Conservation Dis, Dir, Zone 1 (Vote for 1)",56,Elaine M Stewart,360,"2,836","1,355",0,921,560
3400,"Tualatin Soil & Water Conservation Dis, Dir, Zone 1 (Vote for 1)",56,Elaine M Stewart,361,"2,052","1,093",0,601,358
3400,"Tualatin Soil & Water Conservation Dis, Dir, Zone 1 (Vote for 1)",56,Elaine M Stewart,362,"6,315","2,982",0,"2,159","1,174"
3400,"Tualatin Soil & Water Conservation Dis, Dir, Zone 1 (Vote for 1)",56,Elaine M Stewart,363,"2,925","1,281",0,"1,075",569
3400,"Tualatin Soil & Water Conservation Dis, Dir, Zone 1 (Vote for 1)",56,Elaine M Stewart,364,"4,460","1,924",0,"1,684",852
3400,"Tualatin Soil & Water Conservation Dis, Dir, Zone 1 (Vote for 1)",56,Elaine M Stewart,365,"4,622","2,127",0,"1,670",825
3400,"Tualatin Soil & Water Conservation Dis, Dir, Zone 1 (Vote for 1)",56,Elaine M Stewart,366,"1,641",801,0,596,244
3400,"Tualatin Soil & Water Conservation Dis, Dir, Zone 1 (Vote for 1)",56,Elaine M Stewart,367,"4,269","1,832",1,"1,516",920
3400,"Tualatin Soil & Water Conservation Dis, Dir, Zone 1 (Vote for 1)",56,Elaine M Stewart,368,"3,793","1,632",1,"1,306",854
3400,"Tualatin Soil & Water Conservation Dis, Dir, Zone 1 (Vote for 1)",56,Elaine M Stewart,369,"1,660",694,0,579,387
3400,"Tualatin Soil & Water Conservation Dis, Dir, Zone 1 (Vote for 1)",56,Elaine M Stewart,370,"2,096",852,0,779,465
3400,"Tualatin Soil & Water Conservation Dis, Dir, Zone 1 (Vote for 1)",56,Elaine M Stewart,371,"2,037",918,0,687,432
3400,"Tualatin Soil & Water Conservation Dis, Dir, Zone 1 (Vote for 1)",56,Elaine M Stewart,372,"1,701",751,0,675,275
3400,"Tualatin Soil & Water Conservation Dis, Dir, Zone 1 (Vote for 1)",56,Elaine M Stewart,373,328,123,0,125,80
3400,"Tualatin Soil & Water Conservation Dis, Dir, Zone 1 (Vote for 1)",56,Elaine M Stewart,374,9,5,0,2,2
3400,"Tualatin Soil & Water Conservation Dis, Dir, Zone 1 (Vote for 1)",56,Elaine M Stewart,375,279,101,0,119,59
3400,"Tualatin Soil & Water Conservation Dis, Dir, Zone 1 (Vote for 1)",56,Elaine M Stewart,376,"1,779",747,0,612,420
3400,"Tualatin Soil & Water Conservation Dis, Dir, Zone 1 (Vote for 1)",56,Elaine M Stewart,377,"2,251",964,0,804,483
3400,"Tualatin Soil & Water Conservation Dis, Dir, Zone 1 (Vote for 1)",56,Elaine M Stewart,378,937,436,1,356,144
3400,"Tualatin Soil & Water Conservation Dis, Dir, Zone 1 (Vote for 1)",56,Elaine M Stewart,379,"3,854","1,803",0,"1,293",758
3400,"Tualatin Soil & Water Conservation Dis, Dir, Zone 1 (Vote for 1)",56,Elaine M Stewart,380,"3,025","1,380",0,"1,039",606
3400,"Tualatin Soil & Water Conservation Dis, Dir, Zone 1 (Vote for 1)",56,Elaine M Stewart,382,"3,905","1,688",0,"1,278",939
3400,"Tualatin Soil & Water Conservation Dis, Dir, Zone 1 (Vote for 1)",56,Elaine M Stewart,383,"1,566",768,0,526,272
3400,"Tualatin Soil & Water Conservation Dis, Dir, Zone 1 (Vote for 1)",56,Elaine M Stewart,384,"4,477","2,162",0,"1,594",721
3400,"Tualatin Soil & Water Conservation Dis, Dir, Zone 1 (Vote for 1)",56,Elaine M Stewart,385,770,317,0,292,161
3400,"Tualatin Soil & Water Conservation Dis, Dir, Zone 1 (Vote for 1)",56,Elaine M Stewart,386,"1,936",854,0,737,345
3400,"Tualatin Soil & Water Conservation Dis, Dir, Zone 1 (Vote for 1)",56,Elaine M Stewart,387,21,11,0,6,4
3400,"Tualatin Soil & Water Conservation Dis, Dir, Zone 1 (Vote for 1)",56,Elaine M Stewart,388,250,129,0,77,44
3400,"Tualatin Soil & Water Conservation Dis, Dir, Zone 1 (Vote for 1)",56,Elaine M Stewart,389,"7,639","3,331",0,"2,717","1,591"
3400,"Tualatin Soil & Water Conservation Dis, Dir, Zone 1 (Vote for 1)",56,Elaine M Stewart,390,"2,098",864,0,771,463
3400,"Tualatin Soil & Water Conservation Dis, Dir, Zone 1 (Vote for 1)",56,Elaine M Stewart,391,405,217,0,131,57
3400,"Tualatin Soil & Water Conservation Dis, Dir, Zone 1 (Vote for 1)",56,Elaine M Stewart,392,112,50,0,45,17
3400,"Tualatin Soil & Water Conservation Dis, Dir, Zone 1 (Vote for 1)",56,Elaine M Stewart,393,626,302,0,225,99
3400,"Tualatin Soil & Water Conservation Dis, Dir, Zone 1 (Vote for 1)",56,Elaine M Stewart,394,248,118,0,92,38
3400,"Tualatin Soil & Water Conservation Dis, Dir, Zone 1 (Vote for 1)",56,Elaine M Stewart,395,"5,402","2,518",1,"1,800","1,083"
3400,"Tualatin Soil & Water Conservation Dis, Dir, Zone 1 (Vote for 1)",56,Elaine M Stewart,396,830,368,0,281,181
3400,"Tualatin Soil & Water Conservation Dis, Dir, Zone 1 (Vote for 1)",56,Elaine M Stewart,397,"2,943","1,197",0,986,760
3400,"Tualatin Soil & Water Conservation Dis, Dir, Zone 1 (Vote for 1)",56,Elaine M Stewart,398,"1,773",655,0,646,472
3400,"Tualatin Soil & Water Conservation Dis, Dir, Zone 1 (Vote for 1)",56,Elaine M Stewart,399,"2,213",989,1,758,465
3400,"Tualatin Soil & Water Conservation Dis, Dir, Zone 1 (Vote for 1)",56,Elaine M Stewart,400,"3,519","1,681",0,"1,097",741
3400,"Tualatin Soil & Water Conservation Dis, Dir, Zone 1 (Vote for 1)",56,Elaine M Stewart,401,"1,860",959,0,609,292
3400,"Tualatin Soil & Water Conservation Dis, Dir, Zone 1 (Vote for 1)",56,Elaine M Stewart,402,"6,413","2,638",1,"2,096","1,678"
3400,"Tualatin Soil & Water Conservation Dis, Dir, Zone 1 (Vote for 1)",56,Elaine M Stewart,403,"1,374",548,0,512,314
3400,"Tualatin Soil & Water Conservation Dis, Dir, Zone 1 (Vote for 1)",56,Elaine M Stewart,404,"5,913","2,744",1,"1,805","1,363"
3400,"Tualatin Soil & Water Conservation Dis, Dir, Zone 1 (Vote for 1)",56,Elaine M Stewart,405,"7,546","3,330",0,"2,519","1,697"
3400,"Tualatin Soil & Water Conservation Dis, Dir, Zone 1 (Vote for 1)",56,Elaine M Stewart,406,"2,033","1,035",0,691,307
3400,"Tualatin Soil & Water Conservation Dis, Dir, Zone 1 (Vote for 1)",56,Elaine M Stewart,407,870,368,0,340,162
3400,"Tualatin Soil & Water Conservation Dis, Dir, Zone 1 (Vote for 1)",56,Elaine M Stewart,408,322,141,0,120,61
3400,"Tualatin Soil & Water Conservation Dis, Dir, Zone 1 (Vote for 1)",56,Elaine M Stewart,409,"4,511","2,010",1,"1,419","1,081"
3400,"Tualatin Soil & Water Conservation Dis, Dir, Zone 1 (Vote for 1)",56,Elaine M Stewart,410,"1,322",540,0,469,313
3400,"Tualatin Soil & Water Conservation Dis, Dir, Zone 1 (Vote for 1)",56,Elaine M Stewart,411,"1,311",580,0,423,308
3400,"Tualatin Soil & Water Conservation Dis, Dir, Zone 1 (Vote for 1)",56,Elaine M Stewart,412,"1,749",730,0,652,367
3400,"Tualatin Soil & Water Conservation Dis, Dir, Zone 1 (Vote for 1)",56,Elaine M Stewart,413,"1,455",601,1,464,389
3400,"Tualatin Soil & Water Conservation Dis, Dir, Zone 1 (Vote for 1)",56,Elaine M Stewart,414,525,220,0,192,113
3400,"Tualatin Soil & Water Conservation Dis, Dir, Zone 1 (Vote for 1)",56,Elaine M Stewart,415,850,373,0,277,200
3400,"Tualatin Soil & Water Conservation Dis, Dir, Zone 1 (Vote for 1)",56,Elaine M Stewart,416,846,392,0,297,157
3400,"Tualatin Soil & Water Conservation Dis, Dir, Zone 1 (Vote for 1)",56,Elaine M Stewart,417,408,176,0,126,106
3400,"Tualatin Soil & Water Conservation Dis, Dir, Zone 1 (Vote for 1)",56,Elaine M Stewart,418,"3,030","1,374",0,970,686
3400,"Tualatin Soil & Water Conservation Dis, Dir, Zone 1 (Vote for 1)",56,Elaine M Stewart,419,"1,789",778,0,615,396
3400,"Tualatin Soil & Water Conservation Dis, Dir, Zone 1 (Vote for 1)",56,Elaine M Stewart,420,"3,223","1,447",0,886,890
3400,"Tualatin Soil & Water Conservation Dis, Dir, Zone 1 (Vote for 1)",56,Elaine M Stewart,421,499,222,0,161,116
3400,"Tualatin Soil & Water Conservation Dis, Dir, Zone 1 (Vote for 1)",56,Elaine M Stewart,422,17,1,0,5,11
3400,"Tualatin Soil & Water Conservation Dis, Dir, Zone 1 (Vote for 1)",56,Elaine M Stewart,423,"3,051","1,508",0,837,706
3400,"Tualatin Soil & Water Conservation Dis, Dir, Zone 1 (Vote for 1)",56,Elaine M Stewart,424,"4,657","1,744",4,"1,663","1,246"
3400,"Tualatin Soil & Water Conservation Dis, Dir, Zone 1 (Vote for 1)",56,Elaine M Stewart,425,683,194,0,268,221
3400,"Tualatin Soil & Water Conservation Dis, Dir, Zone 1 (Vote for 1)",56,Elaine M Stewart,426,436,139,0,164,133
3400,"Tualatin Soil & Water Conservation Dis, Dir, Zone 1 (Vote for 1)",56,Elaine M Stewart,427,"1,301",563,0,450,288
3400,"Tualatin Soil & Water Conservation Dis, Dir, Zone 1 (Vote for 1)",56,Elaine M Stewart,428,"1,359",658,0,369,332
3400,"Tualatin Soil & Water Conservation Dis, Dir, Zone 1 (Vote for 1)",56,Elaine M Stewart,429,"2,699","1,188",0,915,596
3400,"Tualatin Soil & Water Conservation Dis, Dir, Zone 1 (Vote for 1)",56,Elaine M Stewart,430,"2,310",722,0,883,705
3400,"Tualatin Soil & Water Conservation Dis, Dir, Zone 1 (Vote for 1)",56,Elaine M Stewart,431,775,233,0,291,251
3400,"Tualatin Soil & Water Conservation Dis, Dir, Zone 1 (Vote for 1)",56,Elaine M Stewart,432,306,151,0,93,62
3400,"Tualatin Soil & Water Conservation Dis, Dir, Zone 1 (Vote for 1)",56,Elaine M Stewart,433,"2,171",984,0,597,590
3400,"Tualatin Soil & Water Conservation Dis, Dir, Zone 1 (Vote for 1)",56,Elaine M Stewart,434,"4,401","1,936",1,"1,484",980
3400,"Tualatin Soil & Water Conservation Dis, Dir, Zone 1 (Vote for 1)",56,Elaine M Stewart,435,"4,132","1,588",2,"1,498","1,044"
3400,"Tualatin Soil & Water Conservation Dis, Dir, Zone 1 (Vote for 1)",56,Elaine M Stewart,436,"2,242",877,0,666,699
3400,"Tualatin Soil & Water Conservation Dis, Dir, Zone 1 (Vote for 1)",56,Elaine M Stewart,437,63,28,0,21,14
3400,"Tualatin Soil & Water Conservation Dis, Dir, Zone 1 (Vote for 1)",56,Elaine M Stewart,438,493,146,0,171,176
3400,"Tualatin Soil & Water Conservation Dis, Dir, Zone 1 (Vote for 1)",56,Elaine M Stewart,439,"2,375","1,128",0,718,529
3400,"Tualatin Soil & Water Conservation Dis, Dir, Zone 1 (Vote for 1)",56,Elaine M Stewart,440,"1,461",673,0,386,402
3400,"Tualatin Soil & Water Conservation Dis, Dir, Zone 1 (Vote for 1)",56,Elaine M Stewart,441,70,37,0,19,14
3400,"Tualatin Soil & Water Conservation Dis, Dir, Zone 1 (Vote for 1)",56,Elaine M Stewart,442,"2,708","1,082",6,912,708
3400,"Tualatin Soil & Water Conservation Dis, Dir, Zone 1 (Vote for 1)",56,Elaine M Stewart,443,11,2,0,2,7
3400,"Tualatin Soil & Water Conservation Dis, Dir, Zone 1 (Vote for 1)",56,Elaine M Stewart,444,121,40,0,40,41
3400,"Tualatin Soil & Water Conservation Dis, Dir, Zone 1 (Vote for 1)",56,Elaine M Stewart,445,1,0,0,0,1
3400,"Tualatin Soil & Water Conservation Dis, Dir, Zone 1 (Vote for 1)",56,Elaine M Stewart,446,107,43,0,37,27
3400,"Tualatin Soil & Water Conservation Dis, Dir, Zone 1 (Vote for 1)",56,Elaine M Stewart,447,285,96,0,95,94
3400,"Tualatin Soil & Water Conservation Dis, Dir, Zone 1 (Vote for 1)",56,Elaine M Stewart,448,771,327,0,253,191
3400,"Tualatin Soil & Water Conservation Dis, Dir, Zone 1 (Vote for 1)",56,Elaine M Stewart,449,293,102,0,109,82
3400,"Tualatin Soil & Water Conservation Dis, Dir, Zone 1 (Vote for 1)",56,Elaine M Stewart,450,170,32,0,55,83
3400,"Tualatin Soil & Water Conservation Dis, Dir, Zone 1 (Vote for 1)",56,Elaine M Stewart,451,"1,066",533,0,329,204
3400,"Tualatin Soil & Water Conservation Dis, Dir, Zone 1 (Vote for 1)",56,Elaine M Stewart,452,99,26,0,40,33
3400,"Tualatin Soil & Water Conservation Dis, Dir, Zone 1 (Vote for 1)",56,Elaine M Stewart,453,11,2,0,5,4
3400,"Tualatin Soil & Water Conservation Dis, Dir, Zone 1 (Vote for 1)",56,Elaine M Stewart,454,19,3,0,10,6
3400,"Tualatin Soil & Water Conservation Dis, Dir, Zone 1 (Vote for 1)",56,Elaine M Stewart,455,"1,486",695,0,520,271
3400,"Tualatin Soil & Water Conservation Dis, Dir, Zone 1 (Vote for 1)",56,Elaine M Stewart,456,7,6,0,0,1
3400,"Tualatin Soil & Water Conservation Dis, Dir, Zone 1 (Vote for 1)",56,Write-in,301,"1,724",15,0,691,"1,018"
3400,"Tualatin Soil & Water Conservation Dis, Dir, Zone 1 (Vote for 1)",56,Write-in,302,"2,551",7,0,828,"1,716"
3400,"Tualatin Soil & Water Conservation Dis, Dir, Zone 1 (Vote for 1)",56,Write-in,303,330,1,0,119,210
3400,"Tualatin Soil & Water Conservation Dis, Dir, Zone 1 (Vote for 1)",56,Write-in,304,"1,076",8,0,345,723
3400,"Tualatin Soil & Water Conservation Dis, Dir, Zone 1 (Vote for 1)",56,Write-in,305,953,3,0,334,616
3400,"Tualatin Soil & Water Conservation Dis, Dir, Zone 1 (Vote for 1)",56,Write-in,306,579,1,0,159,419
3400,"Tualatin Soil & Water Conservation Dis, Dir, Zone 1 (Vote for 1)",56,Write-in,307,"4,494",25,0,"1,354","3,115"
3400,"Tualatin Soil & Water Conservation Dis, Dir, Zone 1 (Vote for 1)",56,Write-in,308,148,0,0,55,93
3400,"Tualatin Soil & Water Conservation Dis, Dir, Zone 1 (Vote for 1)",56,Write-in,309,"4,308",21,0,"1,274","3,013"
3400,"Tualatin Soil & Water Conservation Dis, Dir, Zone 1 (Vote for 1)",56,Write-in,310,614,3,0,218,393
3400,"Tualatin Soil & Water Conservation Dis, Dir, Zone 1 (Vote for 1)",56,Write-in,311,684,2,0,238,444
3400,"Tualatin Soil & Water Conservation Dis, Dir, Zone 1 (Vote for 1)",56,Write-in,312,"1,703",9,0,686,"1,008"
3400,"Tualatin Soil & Water Conservation Dis, Dir, Zone 1 (Vote for 1)",56,Write-in,313,3,0,0,3,0
3400,"Tualatin Soil & Water Conservation Dis, Dir, Zone 1 (Vote for 1)",56,Write-in,314,310,0,0,125,185
3400,"Tualatin Soil & Water Conservation Dis, Dir, Zone 1 (Vote for 1)",56,Write-in,315,493,3,0,215,275
3400,"Tualatin Soil & Water Conservation Dis, Dir, Zone 1 (Vote for 1)",56,Write-in,316,"1,719",8,0,734,977
3400,"Tualatin Soil & Water Conservation Dis, Dir, Zone 1 (Vote for 1)",56,Write-in,317,169,4,0,60,105
3400,"Tualatin Soil & Water Conservation Dis, Dir, Zone 1 (Vote for 1)",56,Write-in,318,"3,750",17,0,"1,063","2,670"
3400,"Tualatin Soil & Water Conservation Dis, Dir, Zone 1 (Vote for 1)",56,Write-in,319,"5,196",22,0,"1,694","3,480"
3400,"Tualatin Soil & Water Conservation Dis, Dir, Zone 1 (Vote for 1)",56,Write-in,320,"1,778",4,0,607,"1,167"
3400,"Tualatin Soil & Water Conservation Dis, Dir, Zone 1 (Vote for 1)",56,Write-in,321,328,1,0,127,200
3400,"Tualatin Soil & Water Conservation Dis, Dir, Zone 1 (Vote for 1)",56,Write-in,322,269,0,0,99,170
3400,"Tualatin Soil & Water Conservation Dis, Dir, Zone 1 (Vote for 1)",56,Write-in,324,519,3,0,187,329
3400,"Tualatin Soil & Water Conservation Dis, Dir, Zone 1 (Vote for 1)",56,Write-in,325,155,0,0,44,111
3400,"Tualatin Soil & Water Conservation Dis, Dir, Zone 1 (Vote for 1)",56,Write-in,326,"1,898",9,0,802,"1,087"
3400,"Tualatin Soil & Water Conservation Dis, Dir, Zone 1 (Vote for 1)",56,Write-in,327,"5,317",20,0,"1,554","3,743"
3400,"Tualatin Soil & Water Conservation Dis, Dir, Zone 1 (Vote for 1)",56,Write-in,328,931,5,0,326,600
3400,"Tualatin Soil & Water Conservation Dis, Dir, Zone 1 (Vote for 1)",56,Write-in,329,"7,692",28,0,"2,312","5,352"
3400,"Tualatin Soil & Water Conservation Dis, Dir, Zone 1 (Vote for 1)",56,Write-in,330,"2,150",15,0,708,"1,427"
3400,"Tualatin Soil & Water Conservation Dis, Dir, Zone 1 (Vote for 1)",56,Write-in,331,"2,399",12,0,808,"1,579"
3400,"Tualatin Soil & Water Conservation Dis, Dir, Zone 1 (Vote for 1)",56,Write-in,332,"2,550",12,0,734,"1,804"
3400,"Tualatin Soil & Water Conservation Dis, Dir, Zone 1 (Vote for 1)",56,Write-in,333,"3,626",14,0,"1,142","2,470"
3400,"Tualatin Soil & Water Conservation Dis, Dir, Zone 1 (Vote for 1)",56,Write-in,334,137,3,0,50,84
3400,"Tualatin Soil & Water Conservation Dis, Dir, Zone 1 (Vote for 1)",56,Write-in,335,"4,268",11,0,"1,255","3,002"
3400,"Tualatin Soil & Water Conservation Dis, Dir, Zone 1 (Vote for 1)",56,Write-in,336,"2,948",6,0,922,"2,020"
3400,"Tualatin Soil & Water Conservation Dis, Dir, Zone 1 (Vote for 1)",56,Write-in,337,"1,086",3,0,335,748
3400,"Tualatin Soil & Water Conservation Dis, Dir, Zone 1 (Vote for 1)",56,Write-in,338,"5,180",15,0,"1,628","3,537"
3400,"Tualatin Soil & Water Conservation Dis, Dir, Zone 1 (Vote for 1)",56,Write-in,339,"4,822",23,0,"1,584","3,215"
3400,"Tualatin Soil & Water Conservation Dis, Dir, Zone 1 (Vote for 1)",56,Write-in,340,"6,948",19,0,"2,241","4,688"
3400,"Tualatin Soil & Water Conservation Dis, Dir, Zone 1 (Vote for 1)",56,Write-in,341,305,2,0,117,186
3400,"Tualatin Soil & Water Conservation Dis, Dir, Zone 1 (Vote for 1)",56,Write-in,342,63,0,0,17,46
3400,"Tualatin Soil & Water Conservation Dis, Dir, Zone 1 (Vote for 1)",56,Write-in,343,"2,608",9,0,823,"1,776"
3400,"Tualatin Soil & Water Conservation Dis, Dir, Zone 1 (Vote for 1)",56,Write-in,344,"2,806",8,0,901,"1,897"
3400,"Tualatin Soil & Water Conservation Dis, Dir, Zone 1 (Vote for 1)",56,Write-in,345,27,0,0,6,21
3400,"Tualatin Soil & Water Conservation Dis, Dir, Zone 1 (Vote for 1)",56,Write-in,346,274,0,0,103,171
3400,"Tualatin Soil & Water Conservation Dis, Dir, Zone 1 (Vote for 1)",56,Write-in,347,55,0,0,18,37
3400,"Tualatin Soil & Water Conservation Dis, Dir, Zone 1 (Vote for 1)",56,Write-in,348,27,0,0,14,13
3400,"Tualatin Soil & Water Conservation Dis, Dir, Zone 1 (Vote for 1)",56,Write-in,349,573,5,0,194,374
3400,"Tualatin Soil & Water Conservation Dis, Dir, Zone 1 (Vote for 1)",56,Write-in,350,"6,361",17,0,"2,211","4,133"
3400,"Tualatin Soil & Water Conservation Dis, Dir, Zone 1 (Vote for 1)",56,Write-in,351,"3,169",18,0,"1,015","2,136"
3400,"Tualatin Soil & Water Conservation Dis, Dir, Zone 1 (Vote for 1)",56,Write-in,352,"1,138",5,0,386,747
3400,"Tualatin Soil & Water Conservation Dis, Dir, Zone 1 (Vote for 1)",56,Write-in,353,"2,219",10,0,826,"1,383"
3400,"Tualatin Soil & Water Conservation Dis, Dir, Zone 1 (Vote for 1)",56,Write-in,354,"1,811",8,0,633,"1,170"
3400,"Tualatin Soil & Water Conservation Dis, Dir, Zone 1 (Vote for 1)",56,Write-in,355,"1,364",7,0,460,897
3400,"Tualatin Soil & Water Conservation Dis, Dir, Zone 1 (Vote for 1)",56,Write-in,356,"1,662",9,0,550,"1,103"
3400,"Tualatin Soil & Water Conservation Dis, Dir, Zone 1 (Vote for 1)",56,Write-in,357,813,3,0,269,541
3400,"Tualatin Soil & Water Conservation Dis, Dir, Zone 1 (Vote for 1)",56,Write-in,358,"2,526",10,0,764,"1,752"
3400,"Tualatin Soil & Water Conservation Dis, Dir, Zone 1 (Vote for 1)",56,Write-in,359,"2,324",10,0,793,"1,521"
3400,"Tualatin Soil & Water Conservation Dis, Dir, Zone 1 (Vote for 1)",56,Write-in,360,"2,836",7,0,921,"1,908"
3400,"Tualatin Soil & Water Conservation Dis, Dir, Zone 1 (Vote for 1)",56,Write-in,361,"2,052",12,0,601,"1,439"
3400,"Tualatin Soil & Water Conservation Dis, Dir, Zone 1 (Vote for 1)",56,Write-in,362,"6,315",28,0,"2,159","4,128"
3400,"Tualatin Soil & Water Conservation Dis, Dir, Zone 1 (Vote for 1)",56,Write-in,363,"2,925",11,0,"1,075","1,839"
3400,"Tualatin Soil & Water Conservation Dis, Dir, Zone 1 (Vote for 1)",56,Write-in,364,"4,460",14,0,"1,684","2,762"
3400,"Tualatin Soil & Water Conservation Dis, Dir, Zone 1 (Vote for 1)",56,Write-in,365,"4,622",20,0,"1,670","2,932"
3400,"Tualatin Soil & Water Conservation Dis, Dir, Zone 1 (Vote for 1)",56,Write-in,366,"1,641",8,0,596,"1,037"
3400,"Tualatin Soil & Water Conservation Dis, Dir, Zone 1 (Vote for 1)",56,Write-in,367,"4,269",15,0,"1,516","2,738"
3400,"Tualatin Soil & Water Conservation Dis, Dir, Zone 1 (Vote for 1)",56,Write-in,368,"3,793",18,1,"1,306","2,468"
3400,"Tualatin Soil & Water Conservation Dis, Dir, Zone 1 (Vote for 1)",56,Write-in,369,"1,660",5,0,579,"1,076"
3400,"Tualatin Soil & Water Conservation Dis, Dir, Zone 1 (Vote for 1)",56,Write-in,370,"2,096",17,0,779,"1,300"
3400,"Tualatin Soil & Water Conservation Dis, Dir, Zone 1 (Vote for 1)",56,Write-in,371,"2,037",8,0,687,"1,342"
3400,"Tualatin Soil & Water Conservation Dis, Dir, Zone 1 (Vote for 1)",56,Write-in,372,"1,701",2,0,675,"1,024"
3400,"Tualatin Soil & Water Conservation Dis, Dir, Zone 1 (Vote for 1)",56,Write-in,373,328,3,0,125,200
3400,"Tualatin Soil & Water Conservation Dis, Dir, Zone 1 (Vote for 1)",56,Write-in,374,9,0,0,2,7
3400,"Tualatin Soil & Water Conservation Dis, Dir, Zone 1 (Vote for 1)",56,Write-in,375,279,1,0,119,159
3400,"Tualatin Soil & Water Conservation Dis, Dir, Zone 1 (Vote for 1)",56,Write-in,376,"1,779",5,0,612,"1,162"
3400,"Tualatin Soil & Water Conservation Dis, Dir, Zone 1 (Vote for 1)",56,Write-in,377,"2,251",3,0,804,"1,444"
3400,"Tualatin Soil & Water Conservation Dis, Dir, Zone 1 (Vote for 1)",56,Write-in,378,937,1,0,356,580
3400,"Tualatin Soil & Water Conservation Dis, Dir, Zone 1 (Vote for 1)",56,Write-in,379,"3,854",17,0,"1,293","2,544"
3400,"Tualatin Soil & Water Conservation Dis, Dir, Zone 1 (Vote for 1)",56,Write-in,380,"3,025",8,0,"1,039","1,978"
3400,"Tualatin Soil & Water Conservation Dis, Dir, Zone 1 (Vote for 1)",56,Write-in,382,"3,905",12,0,"1,278","2,615"
3400,"Tualatin Soil & Water Conservation Dis, Dir, Zone 1 (Vote for 1)",56,Write-in,383,"1,566",8,0,526,"1,032"
3400,"Tualatin Soil & Water Conservation Dis, Dir, Zone 1 (Vote for 1)",56,Write-in,384,"4,477",8,0,"1,594","2,875"
3400,"Tualatin Soil & Water Conservation Dis, Dir, Zone 1 (Vote for 1)",56,Write-in,385,770,6,0,292,472
3400,"Tualatin Soil & Water Conservation Dis, Dir, Zone 1 (Vote for 1)",56,Write-in,386,"1,936",9,0,737,"1,190"
3400,"Tualatin Soil & Water Conservation Dis, Dir, Zone 1 (Vote for 1)",56,Write-in,387,21,0,0,6,15
3400,"Tualatin Soil & Water Conservation Dis, Dir, Zone 1 (Vote for 1)",56,Write-in,388,250,0,0,77,173
3400,"Tualatin Soil & Water Conservation Dis, Dir, Zone 1 (Vote for 1)",56,Write-in,389,"7,639",37,0,"2,717","4,885"
3400,"Tualatin Soil & Water Conservation Dis, Dir, Zone 1 (Vote for 1)",56,Write-in,390,"2,098",5,0,771,"1,322"
3400,"Tualatin Soil & Water Conservation Dis, Dir, Zone 1 (Vote for 1)",56,Write-in,391,405,2,0,131,272
3400,"Tualatin Soil & Water Conservation Dis, Dir, Zone 1 (Vote for 1)",56,Write-in,392,112,0,0,45,67
3400,"Tualatin Soil & Water Conservation Dis, Dir, Zone 1 (Vote for 1)",56,Write-in,393,626,1,0,225,400
3400,"Tualatin Soil & Water Conservation Dis, Dir, Zone 1 (Vote for 1)",56,Write-in,394,248,1,0,92,155
3400,"Tualatin Soil & Water Conservation Dis, Dir, Zone 1 (Vote for 1)",56,Write-in,395,"5,402",24,0,"1,800","3,578"
3400,"Tualatin Soil & Water Conservation Dis, Dir, Zone 1 (Vote for 1)",56,Write-in,396,830,1,0,281,548
3400,"Tualatin Soil & Water Conservation Dis, Dir, Zone 1 (Vote for 1)",56,Write-in,397,"2,943",17,0,986,"1,940"
3400,"Tualatin Soil & Water Conservation Dis, Dir, Zone 1 (Vote for 1)",56,Write-in,398,"1,773",5,0,646,"1,122"
3400,"Tualatin Soil & Water Conservation Dis, Dir, Zone 1 (Vote for 1)",56,Write-in,399,"2,213",16,0,758,"1,439"
3400,"Tualatin Soil & Water Conservation Dis, Dir, Zone 1 (Vote for 1)",56,Write-in,400,"3,519",12,0,"1,097","2,410"
3400,"Tualatin Soil & Water Conservation Dis, Dir, Zone 1 (Vote for 1)",56,Write-in,401,"1,860",9,0,609,"1,242"
3400,"Tualatin Soil & Water Conservation Dis, Dir, Zone 1 (Vote for 1)",56,Write-in,402,"6,413",18,0,"2,096","4,299"
3400,"Tualatin Soil & Water Conservation Dis, Dir, Zone 1 (Vote for 1)",56,Write-in,403,"1,374",5,0,512,857
3400,"Tualatin Soil & Water Conservation Dis, Dir, Zone 1 (Vote for 1)",56,Write-in,404,"5,913",34,0,"1,805","4,074"
3400,"Tualatin Soil & Water Conservation Dis, Dir, Zone 1 (Vote for 1)",56,Write-in,405,"7,546",20,0,"2,519","5,007"
3400,"Tualatin Soil & Water Conservation Dis, Dir, Zone 1 (Vote for 1)",56,Write-in,406,"2,033",8,0,691,"1,334"
3400,"Tualatin Soil & Water Conservation Dis, Dir, Zone 1 (Vote for 1)",56,Write-in,407,870,1,0,340,529
3400,"Tualatin Soil & Water Conservation Dis, Dir, Zone 1 (Vote for 1)",56,Write-in,408,322,0,0,120,202
3400,"Tualatin Soil & Water Conservation Dis, Dir, Zone 1 (Vote for 1)",56,Write-in,409,"4,511",20,0,"1,419","3,072"
3400,"Tualatin Soil & Water Conservation Dis, Dir, Zone 1 (Vote for 1)",56,Write-in,410,"1,322",4,0,469,849
3400,"Tualatin Soil & Water Conservation Dis, Dir, Zone 1 (Vote for 1)",56,Write-in,411,"1,311",2,0,423,886
3400,"Tualatin Soil & Water Conservation Dis, Dir, Zone 1 (Vote for 1)",56,Write-in,412,"1,749",3,0,652,"1,094"
3400,"Tualatin Soil & Water Conservation Dis, Dir, Zone 1 (Vote for 1)",56,Write-in,413,"1,455",6,0,464,985
3400,"Tualatin Soil & Water Conservation Dis, Dir, Zone 1 (Vote for 1)",56,Write-in,414,525,2,0,192,331
3400,"Tualatin Soil & Water Conservation Dis, Dir, Zone 1 (Vote for 1)",56,Write-in,415,850,2,0,277,571
3400,"Tualatin Soil & Water Conservation Dis, Dir, Zone 1 (Vote for 1)",56,Write-in,416,846,5,0,297,544
3400,"Tualatin Soil & Water Conservation Dis, Dir, Zone 1 (Vote for 1)",56,Write-in,417,408,1,0,126,281
3400,"Tualatin Soil & Water Conservation Dis, Dir, Zone 1 (Vote for 1)",56,Write-in,418,"3,030",14,0,970,"2,046"
3400,"Tualatin Soil & Water Conservation Dis, Dir, Zone 1 (Vote for 1)",56,Write-in,419,"1,789",2,0,615,"1,172"
3400,"Tualatin Soil & Water Conservation Dis, Dir, Zone 1 (Vote for 1)",56,Write-in,420,"3,223",4,0,886,"2,333"
3400,"Tualatin Soil & Water Conservation Dis, Dir, Zone 1 (Vote for 1)",56,Write-in,421,499,3,0,161,335
3400,"Tualatin Soil & Water Conservation Dis, Dir, Zone 1 (Vote for 1)",56,Write-in,422,17,0,0,5,12
3400,"Tualatin Soil & Water Conservation Dis, Dir, Zone 1 (Vote for 1)",56,Write-in,423,"3,051",14,0,837,"2,200"
3400,"Tualatin Soil & Water Conservation Dis, Dir, Zone 1 (Vote for 1)",56,Write-in,424,"4,657",16,0,"1,663","2,978"
3400,"Tualatin Soil & Water Conservation Dis, Dir, Zone 1 (Vote for 1)",56,Write-in,425,683,4,0,268,411
3400,"Tualatin Soil & Water Conservation Dis, Dir, Zone 1 (Vote for 1)",56,Write-in,426,436,2,0,164,270
3400,"Tualatin Soil & Water Conservation Dis, Dir, Zone 1 (Vote for 1)",56,Write-in,427,"1,301",4,0,450,847
3400,"Tualatin Soil & Water Conservation Dis, Dir, Zone 1 (Vote for 1)",56,Write-in,428,"1,359",0,0,369,990
3400,"Tualatin Soil & Water Conservation Dis, Dir, Zone 1 (Vote for 1)",56,Write-in,429,"2,699",7,0,915,"1,777"
3400,"Tualatin Soil & Water Conservation Dis, Dir, Zone 1 (Vote for 1)",56,Write-in,430,"2,310",15,0,883,"1,412"
3400,"Tualatin Soil & Water Conservation Dis, Dir, Zone 1 (Vote for 1)",56,Write-in,431,775,3,0,291,481
3400,"Tualatin Soil & Water Conservation Dis, Dir, Zone 1 (Vote for 1)",56,Write-in,432,306,1,0,93,212
3400,"Tualatin Soil & Water Conservation Dis, Dir, Zone 1 (Vote for 1)",56,Write-in,433,"2,171",5,0,597,"1,569"
3400,"Tualatin Soil & Water Conservation Dis, Dir, Zone 1 (Vote for 1)",56,Write-in,434,"4,401",20,0,"1,484","2,897"
3400,"Tualatin Soil & Water Conservation Dis, Dir, Zone 1 (Vote for 1)",56,Write-in,435,"4,132",19,0,"1,498","2,615"
3400,"Tualatin Soil & Water Conservation Dis, Dir, Zone 1 (Vote for 1)",56,Write-in,436,"2,242",10,0,666,"1,566"
3400,"Tualatin Soil & Water Conservation Dis, Dir, Zone 1 (Vote for 1)",56,Write-in,437,63,1,0,21,41
3400,"Tualatin Soil & Water Conservation Dis, Dir, Zone 1 (Vote for 1)",56,Write-in,438,493,3,0,171,319
3400,"Tualatin Soil & Water Conservation Dis, Dir, Zone 1 (Vote for 1)",56,Write-in,439,"2,375",7,0,718,"1,650"
3400,"Tualatin Soil & Water Conservation Dis, Dir, Zone 1 (Vote for 1)",56,Write-in,440,"1,461",4,0,386,"1,071"
3400,"Tualatin Soil & Water Conservation Dis, Dir, Zone 1 (Vote for 1)",56,Write-in,441,70,0,0,19,51
3400,"Tualatin Soil & Water Conservation Dis, Dir, Zone 1 (Vote for 1)",56,Write-in,442,"2,708",6,0,912,"1,790"
3400,"Tualatin Soil & Water Conservation Dis, Dir, Zone 1 (Vote for 1)",56,Write-in,443,11,0,0,2,9
3400,"Tualatin Soil & Water Conservation Dis, Dir, Zone 1 (Vote for 1)",56,Write-in,444,121,0,0,40,81
3400,"Tualatin Soil & Water Conservation Dis, Dir, Zone 1 (Vote for 1)",56,Write-in,445,1,0,0,0,1
3400,"Tualatin Soil & Water Conservation Dis, Dir, Zone 1 (Vote for 1)",56,Write-in,446,107,1,0,37,69
3400,"Tualatin Soil & Water Conservation Dis, Dir, Zone 1 (Vote for 1)",56,Write-in,447,285,1,0,95,189
3400,"Tualatin Soil & Water Conservation Dis, Dir, Zone 1 (Vote for 1)",56,Write-in,448,771,5,0,253,513
3400,"Tualatin Soil & Water Conservation Dis, Dir, Zone 1 (Vote for 1)",56,Write-in,449,293,1,0,109,183
3400,"Tualatin Soil & Water Conservation Dis, Dir, Zone 1 (Vote for 1)",56,Write-in,450,170,2,0,55,113
3400,"Tualatin Soil & Water Conservation Dis, Dir, Zone 1 (Vote for 1)",56,Write-in,451,"1,066",5,0,329,732
3400,"Tualatin Soil & Water Conservation Dis, Dir, Zone 1 (Vote for 1)",56,Write-in,452,99,2,0,40,57
3400,"Tualatin Soil & Water Conservation Dis, Dir, Zone 1 (Vote for 1)",56,Write-in,453,11,0,0,5,6
3400,"Tualatin Soil & Water Conservation Dis, Dir, Zone 1 (Vote for 1)",56,Write-in,454,19,1,0,10,8
3400,"Tualatin Soil & Water Conservation Dis, Dir, Zone 1 (Vote for 1)",56,Write-in,455,"1,486",7,0,520,959
3400,"Tualatin Soil & Water Conservation Dis, Dir, Zone 1 (Vote for 1)",56,Write-in,456,7,0,0,0,7
3500,"Tualatin Soil & Water Conservation Dis, Dir, Zone 2 (Vote for 1)",57,Eldon Jossi,301,"1,724",799,0,902,23
3500,"Tualatin Soil & Water Conservation Dis, Dir, Zone 2 (Vote for 1)",57,Eldon Jossi,302,"2,551","1,341",0,"1,187",23
3500,"Tualatin Soil & Water Conservation Dis, Dir, Zone 2 (Vote for 1)",57,Eldon Jossi,303,330,142,0,186,2
3500,"Tualatin Soil & Water Conservation Dis, Dir, Zone 2 (Vote for 1)",57,Eldon Jossi,304,"1,076",569,0,494,13
3500,"Tualatin Soil & Water Conservation Dis, Dir, Zone 2 (Vote for 1)",57,Eldon Jossi,305,953,535,0,415,3
3500,"Tualatin Soil & Water Conservation Dis, Dir, Zone 2 (Vote for 1)",57,Eldon Jossi,306,579,339,0,238,2
3500,"Tualatin Soil & Water Conservation Dis, Dir, Zone 2 (Vote for 1)",57,Eldon Jossi,307,"4,494","2,447",0,"2,001",46
3500,"Tualatin Soil & Water Conservation Dis, Dir, Zone 2 (Vote for 1)",57,Eldon Jossi,308,148,88,0,59,1
3500,"Tualatin Soil & Water Conservation Dis, Dir, Zone 2 (Vote for 1)",57,Eldon Jossi,309,"4,308","2,341",0,"1,936",31
3500,"Tualatin Soil & Water Conservation Dis, Dir, Zone 2 (Vote for 1)",57,Eldon Jossi,310,614,320,0,289,5
3500,"Tualatin Soil & Water Conservation Dis, Dir, Zone 2 (Vote for 1)",57,Eldon Jossi,311,684,366,0,313,5
3500,"Tualatin Soil & Water Conservation Dis, Dir, Zone 2 (Vote for 1)",57,Eldon Jossi,312,"1,703",861,0,831,11
3500,"Tualatin Soil & Water Conservation Dis, Dir, Zone 2 (Vote for 1)",57,Eldon Jossi,313,3,0,0,3,0
3500,"Tualatin Soil & Water Conservation Dis, Dir, Zone 2 (Vote for 1)",57,Eldon Jossi,314,310,170,0,140,0
3500,"Tualatin Soil & Water Conservation Dis, Dir, Zone 2 (Vote for 1)",57,Eldon Jossi,315,493,213,0,275,5
3500,"Tualatin Soil & Water Conservation Dis, Dir, Zone 2 (Vote for 1)",57,Eldon Jossi,316,"1,719",840,0,866,13
3500,"Tualatin Soil & Water Conservation Dis, Dir, Zone 2 (Vote for 1)",57,Eldon Jossi,317,169,92,0,72,5
3500,"Tualatin Soil & Water Conservation Dis, Dir, Zone 2 (Vote for 1)",57,Eldon Jossi,318,"3,750","2,079",0,"1,645",26
3500,"Tualatin Soil & Water Conservation Dis, Dir, Zone 2 (Vote for 1)",57,Eldon Jossi,319,"5,196","2,928",0,"2,231",37
3500,"Tualatin Soil & Water Conservation Dis, Dir, Zone 2 (Vote for 1)",57,Eldon Jossi,320,"1,778",969,0,805,4
3500,"Tualatin Soil & Water Conservation Dis, Dir, Zone 2 (Vote for 1)",57,Eldon Jossi,321,328,173,0,153,2
3500,"Tualatin Soil & Water Conservation Dis, Dir, Zone 2 (Vote for 1)",57,Eldon Jossi,322,269,144,0,125,0
3500,"Tualatin Soil & Water Conservation Dis, Dir, Zone 2 (Vote for 1)",57,Eldon Jossi,324,519,269,0,244,6
3500,"Tualatin Soil & Water Conservation Dis, Dir, Zone 2 (Vote for 1)",57,Eldon Jossi,325,155,91,0,63,1
3500,"Tualatin Soil & Water Conservation Dis, Dir, Zone 2 (Vote for 1)",57,Eldon Jossi,326,"1,898",897,0,987,14
3500,"Tualatin Soil & Water Conservation Dis, Dir, Zone 2 (Vote for 1)",57,Eldon Jossi,327,"5,317","3,062",0,"2,225",30
3500,"Tualatin Soil & Water Conservation Dis, Dir, Zone 2 (Vote for 1)",57,Eldon Jossi,328,931,472,0,453,6
3500,"Tualatin Soil & Water Conservation Dis, Dir, Zone 2 (Vote for 1)",57,Eldon Jossi,329,"7,692","4,235",0,"3,404",53
3500,"Tualatin Soil & Water Conservation Dis, Dir, Zone 2 (Vote for 1)",57,Eldon Jossi,330,"2,150","1,200",0,932,18
3500,"Tualatin Soil & Water Conservation Dis, Dir, Zone 2 (Vote for 1)",57,Eldon Jossi,331,"2,399","1,339",0,"1,043",17
3500,"Tualatin Soil & Water Conservation Dis, Dir, Zone 2 (Vote for 1)",57,Eldon Jossi,332,"2,550","1,507",0,"1,020",23
3500,"Tualatin Soil & Water Conservation Dis, Dir, Zone 2 (Vote for 1)",57,Eldon Jossi,333,"3,626","2,075",0,"1,528",23
3500,"Tualatin Soil & Water Conservation Dis, Dir, Zone 2 (Vote for 1)",57,Eldon Jossi,334,137,70,0,65,2
3500,"Tualatin Soil & Water Conservation Dis, Dir, Zone 2 (Vote for 1)",57,Eldon Jossi,335,"4,268","2,340",0,"1,888",40
3500,"Tualatin Soil & Water Conservation Dis, Dir, Zone 2 (Vote for 1)",57,Eldon Jossi,336,"2,948","1,627",0,"1,303",18
3500,"Tualatin Soil & Water Conservation Dis, Dir, Zone 2 (Vote for 1)",57,Eldon Jossi,337,"1,086",616,0,462,8
3500,"Tualatin Soil & Water Conservation Dis, Dir, Zone 2 (Vote for 1)",57,Eldon Jossi,338,"5,180","3,102",0,"2,045",33
3500,"Tualatin Soil & Water Conservation Dis, Dir, Zone 2 (Vote for 1)",57,Eldon Jossi,339,"4,822","2,731",0,"2,051",40
3500,"Tualatin Soil & Water Conservation Dis, Dir, Zone 2 (Vote for 1)",57,Eldon Jossi,340,"6,948","3,875",0,"3,024",49
3500,"Tualatin Soil & Water Conservation Dis, Dir, Zone 2 (Vote for 1)",57,Eldon Jossi,341,305,164,0,140,1
3500,"Tualatin Soil & Water Conservation Dis, Dir, Zone 2 (Vote for 1)",57,Eldon Jossi,342,63,43,0,20,0
3500,"Tualatin Soil & Water Conservation Dis, Dir, Zone 2 (Vote for 1)",57,Eldon Jossi,343,"2,608","1,372",0,"1,220",16
3500,"Tualatin Soil & Water Conservation Dis, Dir, Zone 2 (Vote for 1)",57,Eldon Jossi,344,"2,806","1,466",0,"1,319",21
3500,"Tualatin Soil & Water Conservation Dis, Dir, Zone 2 (Vote for 1)",57,Eldon Jossi,345,27,14,0,13,0
3500,"Tualatin Soil & Water Conservation Dis, Dir, Zone 2 (Vote for 1)",57,Eldon Jossi,346,274,135,0,137,2
3500,"Tualatin Soil & Water Conservation Dis, Dir, Zone 2 (Vote for 1)",57,Eldon Jossi,347,55,27,0,27,1
3500,"Tualatin Soil & Water Conservation Dis, Dir, Zone 2 (Vote for 1)",57,Eldon Jossi,348,27,8,0,19,0
3500,"Tualatin Soil & Water Conservation Dis, Dir, Zone 2 (Vote for 1)",57,Eldon Jossi,349,573,298,0,265,10
3500,"Tualatin Soil & Water Conservation Dis, Dir, Zone 2 (Vote for 1)",57,Eldon Jossi,350,"6,361","3,295",0,"3,024",42
3500,"Tualatin Soil & Water Conservation Dis, Dir, Zone 2 (Vote for 1)",57,Eldon Jossi,351,"3,169","1,776",0,"1,362",31
3500,"Tualatin Soil & Water Conservation Dis, Dir, Zone 2 (Vote for 1)",57,Eldon Jossi,352,"1,138",648,0,481,9
3500,"Tualatin Soil & Water Conservation Dis, Dir, Zone 2 (Vote for 1)",57,Eldon Jossi,353,"2,219","1,101",0,"1,097",21
3500,"Tualatin Soil & Water Conservation Dis, Dir, Zone 2 (Vote for 1)",57,Eldon Jossi,354,"1,811",952,0,842,17
3500,"Tualatin Soil & Water Conservation Dis, Dir, Zone 2 (Vote for 1)",57,Eldon Jossi,355,"1,364",719,0,637,8
3500,"Tualatin Soil & Water Conservation Dis, Dir, Zone 2 (Vote for 1)",57,Eldon Jossi,356,"1,662",941,0,704,17
3500,"Tualatin Soil & Water Conservation Dis, Dir, Zone 2 (Vote for 1)",57,Eldon Jossi,357,813,469,0,341,3
3500,"Tualatin Soil & Water Conservation Dis, Dir, Zone 2 (Vote for 1)",57,Eldon Jossi,358,"2,526","1,405",0,"1,104",17
3500,"Tualatin Soil & Water Conservation Dis, Dir, Zone 2 (Vote for 1)",57,Eldon Jossi,359,"2,324","1,276",0,"1,037",11
3500,"Tualatin Soil & Water Conservation Dis, Dir, Zone 2 (Vote for 1)",57,Eldon Jossi,360,"2,836","1,608",0,"1,207",21
3500,"Tualatin Soil & Water Conservation Dis, Dir, Zone 2 (Vote for 1)",57,Eldon Jossi,361,"2,052","1,187",0,842,23
3500,"Tualatin Soil & Water Conservation Dis, Dir, Zone 2 (Vote for 1)",57,Eldon Jossi,362,"6,315","3,297",0,"2,979",39
3500,"Tualatin Soil & Water Conservation Dis, Dir, Zone 2 (Vote for 1)",57,Eldon Jossi,363,"2,925","1,480",0,"1,429",16
3500,"Tualatin Soil & Water Conservation Dis, Dir, Zone 2 (Vote for 1)",57,Eldon Jossi,364,"4,460","2,245",0,"2,194",21
3500,"Tualatin Soil & Water Conservation Dis, Dir, Zone 2 (Vote for 1)",57,Eldon Jossi,365,"4,622","2,352",0,"2,244",26
3500,"Tualatin Soil & Water Conservation Dis, Dir, Zone 2 (Vote for 1)",57,Eldon Jossi,366,"1,641",824,0,800,17
3500,"Tualatin Soil & Water Conservation Dis, Dir, Zone 2 (Vote for 1)",57,Eldon Jossi,367,"4,269","2,393",0,"1,848",28
3500,"Tualatin Soil & Water Conservation Dis, Dir, Zone 2 (Vote for 1)",57,Eldon Jossi,368,"3,793","2,012",1,"1,745",35
3500,"Tualatin Soil & Water Conservation Dis, Dir, Zone 2 (Vote for 1)",57,Eldon Jossi,369,"1,660",864,0,786,10
3500,"Tualatin Soil & Water Conservation Dis, Dir, Zone 2 (Vote for 1)",57,Eldon Jossi,370,"2,096","1,053",0,"1,024",19
3500,"Tualatin Soil & Water Conservation Dis, Dir, Zone 2 (Vote for 1)",57,Eldon Jossi,371,"2,037","1,091",0,928,18
3500,"Tualatin Soil & Water Conservation Dis, Dir, Zone 2 (Vote for 1)",57,Eldon Jossi,372,"1,701",851,0,842,8
3500,"Tualatin Soil & Water Conservation Dis, Dir, Zone 2 (Vote for 1)",57,Eldon Jossi,373,328,161,0,164,3
3500,"Tualatin Soil & Water Conservation Dis, Dir, Zone 2 (Vote for 1)",57,Eldon Jossi,374,9,6,0,3,0
3500,"Tualatin Soil & Water Conservation Dis, Dir, Zone 2 (Vote for 1)",57,Eldon Jossi,375,279,140,0,135,4
3500,"Tualatin Soil & Water Conservation Dis, Dir, Zone 2 (Vote for 1)",57,Eldon Jossi,376,"1,779",924,0,842,13
3500,"Tualatin Soil & Water Conservation Dis, Dir, Zone 2 (Vote for 1)",57,Eldon Jossi,377,"2,251","1,209",0,"1,035",7
3500,"Tualatin Soil & Water Conservation Dis, Dir, Zone 2 (Vote for 1)",57,Eldon Jossi,378,937,462,0,471,4
3500,"Tualatin Soil & Water Conservation Dis, Dir, Zone 2 (Vote for 1)",57,Eldon Jossi,379,"3,854","2,065",0,"1,763",26
3500,"Tualatin Soil & Water Conservation Dis, Dir, Zone 2 (Vote for 1)",57,Eldon Jossi,380,"3,025","1,518",0,"1,488",19
3500,"Tualatin Soil & Water Conservation Dis, Dir, Zone 2 (Vote for 1)",57,Eldon Jossi,382,"3,905","2,225",0,"1,655",25
3500,"Tualatin Soil & Water Conservation Dis, Dir, Zone 2 (Vote for 1)",57,Eldon Jossi,383,"1,566",818,0,737,11
3500,"Tualatin Soil & Water Conservation Dis, Dir, Zone 2 (Vote for 1)",57,Eldon Jossi,384,"4,477","2,272",0,"2,187",18
3500,"Tualatin Soil & Water Conservation Dis, Dir, Zone 2 (Vote for 1)",57,Eldon Jossi,385,770,388,0,376,6
3500,"Tualatin Soil & Water Conservation Dis, Dir, Zone 2 (Vote for 1)",57,Eldon Jossi,386,"1,936",943,0,981,12
3500,"Tualatin Soil & Water Conservation Dis, Dir, Zone 2 (Vote for 1)",57,Eldon Jossi,387,21,15,0,6,0
3500,"Tualatin Soil & Water Conservation Dis, Dir, Zone 2 (Vote for 1)",57,Eldon Jossi,388,250,147,0,101,2
3500,"Tualatin Soil & Water Conservation Dis, Dir, Zone 2 (Vote for 1)",57,Eldon Jossi,389,"7,639","4,017",0,"3,571",51
3500,"Tualatin Soil & Water Conservation Dis, Dir, Zone 2 (Vote for 1)",57,Eldon Jossi,390,"2,098","1,115",0,975,8
3500,"Tualatin Soil & Water Conservation Dis, Dir, Zone 2 (Vote for 1)",57,Eldon Jossi,391,405,210,0,193,2
3500,"Tualatin Soil & Water Conservation Dis, Dir, Zone 2 (Vote for 1)",57,Eldon Jossi,392,112,50,0,62,0
3500,"Tualatin Soil & Water Conservation Dis, Dir, Zone 2 (Vote for 1)",57,Eldon Jossi,393,626,306,0,317,3
3500,"Tualatin Soil & Water Conservation Dis, Dir, Zone 2 (Vote for 1)",57,Eldon Jossi,394,248,132,0,113,3
3500,"Tualatin Soil & Water Conservation Dis, Dir, Zone 2 (Vote for 1)",57,Eldon Jossi,395,"5,402","2,925",0,"2,439",38
3500,"Tualatin Soil & Water Conservation Dis, Dir, Zone 2 (Vote for 1)",57,Eldon Jossi,396,830,465,0,362,3
3500,"Tualatin Soil & Water Conservation Dis, Dir, Zone 2 (Vote for 1)",57,Eldon Jossi,397,"2,943","1,553",0,"1,367",23
3500,"Tualatin Soil & Water Conservation Dis, Dir, Zone 2 (Vote for 1)",57,Eldon Jossi,398,"1,773",914,0,845,14
3500,"Tualatin Soil & Water Conservation Dis, Dir, Zone 2 (Vote for 1)",57,Eldon Jossi,399,"2,213","1,145",0,"1,045",23
3500,"Tualatin Soil & Water Conservation Dis, Dir, Zone 2 (Vote for 1)",57,Eldon Jossi,400,"3,519","1,887",0,"1,601",31
3500,"Tualatin Soil & Water Conservation Dis, Dir, Zone 2 (Vote for 1)",57,Eldon Jossi,401,"1,860",959,0,885,16
3500,"Tualatin Soil & Water Conservation Dis, Dir, Zone 2 (Vote for 1)",57,Eldon Jossi,402,"6,413","3,408",0,"2,975",30
3500,"Tualatin Soil & Water Conservation Dis, Dir, Zone 2 (Vote for 1)",57,Eldon Jossi,403,"1,374",680,0,678,16
3500,"Tualatin Soil & Water Conservation Dis, Dir, Zone 2 (Vote for 1)",57,Eldon Jossi,404,"5,913","3,256",0,"2,613",44
3500,"Tualatin Soil & Water Conservation Dis, Dir, Zone 2 (Vote for 1)",57,Eldon Jossi,405,"7,546","4,007",0,"3,499",40
3500,"Tualatin Soil & Water Conservation Dis, Dir, Zone 2 (Vote for 1)",57,Eldon Jossi,406,"2,033","1,117",0,905,11
3500,"Tualatin Soil & Water Conservation Dis, Dir, Zone 2 (Vote for 1)",57,Eldon Jossi,407,870,429,0,437,4
3500,"Tualatin Soil & Water Conservation Dis, Dir, Zone 2 (Vote for 1)",57,Eldon Jossi,408,322,170,0,149,3
3500,"Tualatin Soil & Water Conservation Dis, Dir, Zone 2 (Vote for 1)",57,Eldon Jossi,409,"4,511","2,461",0,"2,023",27
3500,"Tualatin Soil & Water Conservation Dis, Dir, Zone 2 (Vote for 1)",57,Eldon Jossi,410,"1,322",698,0,618,6
3500,"Tualatin Soil & Water Conservation Dis, Dir, Zone 2 (Vote for 1)",57,Eldon Jossi,411,"1,311",772,0,536,3
3500,"Tualatin Soil & Water Conservation Dis, Dir, Zone 2 (Vote for 1)",57,Eldon Jossi,412,"1,749",858,0,883,8
3500,"Tualatin Soil & Water Conservation Dis, Dir, Zone 2 (Vote for 1)",57,Eldon Jossi,413,"1,455",830,0,611,14
3500,"Tualatin Soil & Water Conservation Dis, Dir, Zone 2 (Vote for 1)",57,Eldon Jossi,414,525,254,0,267,4
3500,"Tualatin Soil & Water Conservation Dis, Dir, Zone 2 (Vote for 1)",57,Eldon Jossi,415,850,470,0,377,3
3500,"Tualatin Soil & Water Conservation Dis, Dir, Zone 2 (Vote for 1)",57,Eldon Jossi,416,846,499,0,340,7
3500,"Tualatin Soil & Water Conservation Dis, Dir, Zone 2 (Vote for 1)",57,Eldon Jossi,417,408,232,0,172,4
3500,"Tualatin Soil & Water Conservation Dis, Dir, Zone 2 (Vote for 1)",57,Eldon Jossi,418,"3,030","1,662",0,"1,351",17
3500,"Tualatin Soil & Water Conservation Dis, Dir, Zone 2 (Vote for 1)",57,Eldon Jossi,419,"1,789",962,1,823,3
3500,"Tualatin Soil & Water Conservation Dis, Dir, Zone 2 (Vote for 1)",57,Eldon Jossi,420,"3,223","1,734",0,"1,474",15
3500,"Tualatin Soil & Water Conservation Dis, Dir, Zone 2 (Vote for 1)",57,Eldon Jossi,421,499,263,0,232,4
3500,"Tualatin Soil & Water Conservation Dis, Dir, Zone 2 (Vote for 1)",57,Eldon Jossi,422,17,4,0,13,0
3500,"Tualatin Soil & Water Conservation Dis, Dir, Zone 2 (Vote for 1)",57,Eldon Jossi,423,"3,051","1,774",0,"1,256",21
3500,"Tualatin Soil & Water Conservation Dis, Dir, Zone 2 (Vote for 1)",57,Eldon Jossi,424,"4,657","2,563",0,"2,075",19
3500,"Tualatin Soil & Water Conservation Dis, Dir, Zone 2 (Vote for 1)",57,Eldon Jossi,425,683,308,0,369,6
3500,"Tualatin Soil & Water Conservation Dis, Dir, Zone 2 (Vote for 1)",57,Eldon Jossi,426,436,213,0,219,4
3500,"Tualatin Soil & Water Conservation Dis, Dir, Zone 2 (Vote for 1)",57,Eldon Jossi,427,"1,301",723,0,568,10
3500,"Tualatin Soil & Water Conservation Dis, Dir, Zone 2 (Vote for 1)",57,Eldon Jossi,428,"1,359",791,0,564,4
3500,"Tualatin Soil & Water Conservation Dis, Dir, Zone 2 (Vote for 1)",57,Eldon Jossi,429,"2,699","1,473",0,"1,210",16
3500,"Tualatin Soil & Water Conservation Dis, Dir, Zone 2 (Vote for 1)",57,Eldon Jossi,430,"2,310","1,058",0,"1,232",20
3500,"Tualatin Soil & Water Conservation Dis, Dir, Zone 2 (Vote for 1)",57,Eldon Jossi,431,775,383,0,387,5
3500,"Tualatin Soil & Water Conservation Dis, Dir, Zone 2 (Vote for 1)",57,Eldon Jossi,432,306,171,0,134,1
3500,"Tualatin Soil & Water Conservation Dis, Dir, Zone 2 (Vote for 1)",57,Eldon Jossi,433,"2,171","1,161",0,995,15
3500,"Tualatin Soil & Water Conservation Dis, Dir, Zone 2 (Vote for 1)",57,Eldon Jossi,434,"4,401","2,386",0,"1,978",37
3500,"Tualatin Soil & Water Conservation Dis, Dir, Zone 2 (Vote for 1)",57,Eldon Jossi,435,"4,132","2,230",0,"1,874",28
3500,"Tualatin Soil & Water Conservation Dis, Dir, Zone 2 (Vote for 1)",57,Eldon Jossi,436,"2,242","1,187",0,"1,043",12
3500,"Tualatin Soil & Water Conservation Dis, Dir, Zone 2 (Vote for 1)",57,Eldon Jossi,437,63,26,0,36,1
3500,"Tualatin Soil & Water Conservation Dis, Dir, Zone 2 (Vote for 1)",57,Eldon Jossi,438,493,240,0,249,4
3500,"Tualatin Soil & Water Conservation Dis, Dir, Zone 2 (Vote for 1)",57,Eldon Jossi,439,"2,375","1,445",0,921,9
3500,"Tualatin Soil & Water Conservation Dis, Dir, Zone 2 (Vote for 1)",57,Eldon Jossi,440,"1,461",876,0,577,8
3500,"Tualatin Soil & Water Conservation Dis, Dir, Zone 2 (Vote for 1)",57,Eldon Jossi,441,70,39,0,31,0
3500,"Tualatin Soil & Water Conservation Dis, Dir, Zone 2 (Vote for 1)",57,Eldon Jossi,442,"2,708","1,561",0,"1,139",8
3500,"Tualatin Soil & Water Conservation Dis, Dir, Zone 2 (Vote for 1)",57,Eldon Jossi,443,11,7,0,4,0
3500,"Tualatin Soil & Water Conservation Dis, Dir, Zone 2 (Vote for 1)",57,Eldon Jossi,444,121,72,0,49,0
3500,"Tualatin Soil & Water Conservation Dis, Dir, Zone 2 (Vote for 1)",57,Eldon Jossi,445,1,1,0,0,0
3500,"Tualatin Soil & Water Conservation Dis, Dir, Zone 2 (Vote for 1)",57,Eldon Jossi,446,107,62,0,43,2
3500,"Tualatin Soil & Water Conservation Dis, Dir, Zone 2 (Vote for 1)",57,Eldon Jossi,447,285,139,0,141,5
3500,"Tualatin Soil & Water Conservation Dis, Dir, Zone 2 (Vote for 1)",57,Eldon Jossi,448,771,422,0,344,5
3500,"Tualatin Soil & Water Conservation Dis, Dir, Zone 2 (Vote for 1)",57,Eldon Jossi,449,293,141,0,148,4
3500,"Tualatin Soil & Water Conservation Dis, Dir, Zone 2 (Vote for 1)",57,Eldon Jossi,450,170,92,0,76,2
3500,"Tualatin Soil & Water Conservation Dis, Dir, Zone 2 (Vote for 1)",57,Eldon Jossi,451,"1,066",603,0,453,10
3500,"Tualatin Soil & Water Conservation Dis, Dir, Zone 2 (Vote for 1)",57,Eldon Jossi,452,99,47,0,49,3
3500,"Tualatin Soil & Water Conservation Dis, Dir, Zone 2 (Vote for 1)",57,Eldon Jossi,453,11,2,0,9,0
3500,"Tualatin Soil & Water Conservation Dis, Dir, Zone 2 (Vote for 1)",57,Eldon Jossi,454,19,7,0,11,1
3500,"Tualatin Soil & Water Conservation Dis, Dir, Zone 2 (Vote for 1)",57,Eldon Jossi,455,"1,486",809,0,672,5
3500,"Tualatin Soil & Water Conservation Dis, Dir, Zone 2 (Vote for 1)",57,Eldon Jossi,456,7,3,0,4,0
3500,"Tualatin Soil & Water Conservation Dis, Dir, Zone 2 (Vote for 1)",57,Write-in,301,"1,724",23,0,902,799
3500,"Tualatin Soil & Water Conservation Dis, Dir, Zone 2 (Vote for 1)",57,Write-in,302,"2,551",23,0,"1,187","1,341"
3500,"Tualatin Soil & Water Conservation Dis, Dir, Zone 2 (Vote for 1)",57,Write-in,303,330,2,0,186,142
3500,"Tualatin Soil & Water Conservation Dis, Dir, Zone 2 (Vote for 1)",57,Write-in,304,"1,076",13,0,494,569
3500,"Tualatin Soil & Water Conservation Dis, Dir, Zone 2 (Vote for 1)",57,Write-in,305,953,3,0,415,535
3500,"Tualatin Soil & Water Conservation Dis, Dir, Zone 2 (Vote for 1)",57,Write-in,306,579,2,0,238,339
3500,"Tualatin Soil & Water Conservation Dis, Dir, Zone 2 (Vote for 1)",57,Write-in,307,"4,494",46,0,"2,001","2,447"
3500,"Tualatin Soil & Water Conservation Dis, Dir, Zone 2 (Vote for 1)",57,Write-in,308,148,1,0,59,88
3500,"Tualatin Soil & Water Conservation Dis, Dir, Zone 2 (Vote for 1)",57,Write-in,309,"4,308",31,0,"1,936","2,341"
3500,"Tualatin Soil & Water Conservation Dis, Dir, Zone 2 (Vote for 1)",57,Write-in,310,614,5,0,289,320
3500,"Tualatin Soil & Water Conservation Dis, Dir, Zone 2 (Vote for 1)",57,Write-in,311,684,5,0,313,366
3500,"Tualatin Soil & Water Conservation Dis, Dir, Zone 2 (Vote for 1)",57,Write-in,312,"1,703",11,0,831,861
3500,"Tualatin Soil & Water Conservation Dis, Dir, Zone 2 (Vote for 1)",57,Write-in,313,3,0,0,3,0
3500,"Tualatin Soil & Water Conservation Dis, Dir, Zone 2 (Vote for 1)",57,Write-in,314,310,0,0,140,170
3500,"Tualatin Soil & Water Conservation Dis, Dir, Zone 2 (Vote for 1)",57,Write-in,315,493,5,0,275,213
3500,"Tualatin Soil & Water Conservation Dis, Dir, Zone 2 (Vote for 1)",57,Write-in,316,"1,719",13,0,866,840
3500,"Tualatin Soil & Water Conservation Dis, Dir, Zone 2 (Vote for 1)",57,Write-in,317,169,5,0,72,92
3500,"Tualatin Soil & Water Conservation Dis, Dir, Zone 2 (Vote for 1)",57,Write-in,318,"3,750",26,0,"1,645","2,079"
3500,"Tualatin Soil & Water Conservation Dis, Dir, Zone 2 (Vote for 1)",57,Write-in,319,"5,196",37,0,"2,231","2,928"
3500,"Tualatin Soil & Water Conservation Dis, Dir, Zone 2 (Vote for 1)",57,Write-in,320,"1,778",4,0,805,969
3500,"Tualatin Soil & Water Conservation Dis, Dir, Zone 2 (Vote for 1)",57,Write-in,321,328,2,0,153,173
3500,"Tualatin Soil & Water Conservation Dis, Dir, Zone 2 (Vote for 1)",57,Write-in,322,269,0,0,125,144
3500,"Tualatin Soil & Water Conservation Dis, Dir, Zone 2 (Vote for 1)",57,Write-in,324,519,6,0,244,269
3500,"Tualatin Soil & Water Conservation Dis, Dir, Zone 2 (Vote for 1)",57,Write-in,325,155,1,0,63,91
3500,"Tualatin Soil & Water Conservation Dis, Dir, Zone 2 (Vote for 1)",57,Write-in,326,"1,898",14,0,987,897
3500,"Tualatin Soil & Water Conservation Dis, Dir, Zone 2 (Vote for 1)",57,Write-in,327,"5,317",30,0,"2,225","3,062"
3500,"Tualatin Soil & Water Conservation Dis, Dir, Zone 2 (Vote for 1)",57,Write-in,328,931,6,0,453,472
3500,"Tualatin Soil & Water Conservation Dis, Dir, Zone 2 (Vote for 1)",57,Write-in,329,"7,692",53,0,"3,404","4,235"
3500,"Tualatin Soil & Water Conservation Dis, Dir, Zone 2 (Vote for 1)",57,Write-in,330,"2,150",18,0,932,"1,200"
3500,"Tualatin Soil & Water Conservation Dis, Dir, Zone 2 (Vote for 1)",57,Write-in,331,"2,399",17,0,"1,043","1,339"
3500,"Tualatin Soil & Water Conservation Dis, Dir, Zone 2 (Vote for 1)",57,Write-in,332,"2,550",23,0,"1,020","1,507"
3500,"Tualatin Soil & Water Conservation Dis, Dir, Zone 2 (Vote for 1)",57,Write-in,333,"3,626",23,0,"1,528","2,075"
3500,"Tualatin Soil & Water Conservation Dis, Dir, Zone 2 (Vote for 1)",57,Write-in,334,137,2,0,65,70
3500,"Tualatin Soil & Water Conservation Dis, Dir, Zone 2 (Vote for 1)",57,Write-in,335,"4,268",40,0,"1,888","2,340"
3500,"Tualatin Soil & Water Conservation Dis, Dir, Zone 2 (Vote for 1)",57,Write-in,336,"2,948",18,0,"1,303","1,627"
3500,"Tualatin Soil & Water Conservation Dis, Dir, Zone 2 (Vote for 1)",57,Write-in,337,"1,086",8,0,462,616
3500,"Tualatin Soil & Water Conservation Dis, Dir, Zone 2 (Vote for 1)",57,Write-in,338,"5,180",33,0,"2,045","3,102"
3500,"Tualatin Soil & Water Conservation Dis, Dir, Zone 2 (Vote for 1)",57,Write-in,339,"4,822",40,0,"2,051","2,731"
3500,"Tualatin Soil & Water Conservation Dis, Dir, Zone 2 (Vote for 1)",57,Write-in,340,"6,948",49,0,"3,024","3,875"
3500,"Tualatin Soil & Water Conservation Dis, Dir, Zone 2 (Vote for 1)",57,Write-in,341,305,1,0,140,164
3500,"Tualatin Soil & Water Conservation Dis, Dir, Zone 2 (Vote for 1)",57,Write-in,342,63,0,0,20,43
3500,"Tualatin Soil & Water Conservation Dis, Dir, Zone 2 (Vote for 1)",57,Write-in,343,"2,608",16,0,"1,220","1,372"
3500,"Tualatin Soil & Water Conservation Dis, Dir, Zone 2 (Vote for 1)",57,Write-in,344,"2,806",21,0,"1,319","1,466"
3500,"Tualatin Soil & Water Conservation Dis, Dir, Zone 2 (Vote for 1)",57,Write-in,345,27,0,0,13,14
3500,"Tualatin Soil & Water Conservation Dis, Dir, Zone 2 (Vote for 1)",57,Write-in,346,274,2,0,137,135
3500,"Tualatin Soil & Water Conservation Dis, Dir, Zone 2 (Vote for 1)",57,Write-in,347,55,1,0,27,27
3500,"Tualatin Soil & Water Conservation Dis, Dir, Zone 2 (Vote for 1)",57,Write-in,348,27,0,0,19,8
3500,"Tualatin Soil & Water Conservation Dis, Dir, Zone 2 (Vote for 1)",57,Write-in,349,573,10,0,265,298
3500,"Tualatin Soil & Water Conservation Dis, Dir, Zone 2 (Vote for 1)",57,Write-in,350,"6,361",42,0,"3,024","3,295"
3500,"Tualatin Soil & Water Conservation Dis, Dir, Zone 2 (Vote for 1)",57,Write-in,351,"3,169",31,0,"1,362","1,776"
3500,"Tualatin Soil & Water Conservation Dis, Dir, Zone 2 (Vote for 1)",57,Write-in,352,"1,138",9,0,481,648
3500,"Tualatin Soil & Water Conservation Dis, Dir, Zone 2 (Vote for 1)",57,Write-in,353,"2,219",21,0,"1,097","1,101"
3500,"Tualatin Soil & Water Conservation Dis, Dir, Zone 2 (Vote for 1)",57,Write-in,354,"1,811",17,0,842,952
3500,"Tualatin Soil & Water Conservation Dis, Dir, Zone 2 (Vote for 1)",57,Write-in,355,"1,364",8,0,637,719
3500,"Tualatin Soil & Water Conservation Dis, Dir, Zone 2 (Vote for 1)",57,Write-in,356,"1,662",17,0,704,941
3500,"Tualatin Soil & Water Conservation Dis, Dir, Zone 2 (Vote for 1)",57,Write-in,357,813,3,0,341,469
3500,"Tualatin Soil & Water Conservation Dis, Dir, Zone 2 (Vote for 1)",57,Write-in,358,"2,526",17,0,"1,104","1,405"
3500,"Tualatin Soil & Water Conservation Dis, Dir, Zone 2 (Vote for 1)",57,Write-in,359,"2,324",11,0,"1,037","1,276"
3500,"Tualatin Soil & Water Conservation Dis, Dir, Zone 2 (Vote for 1)",57,Write-in,360,"2,836",21,0,"1,207","1,608"
3500,"Tualatin Soil & Water Conservation Dis, Dir, Zone 2 (Vote for 1)",57,Write-in,361,"2,052",23,0,842,"1,187"
3500,"Tualatin Soil & Water Conservation Dis, Dir, Zone 2 (Vote for 1)",57,Write-in,362,"6,315",39,0,"2,979","3,297"
3500,"Tualatin Soil & Water Conservation Dis, Dir, Zone 2 (Vote for 1)",57,Write-in,363,"2,925",16,0,"1,429","1,480"
3500,"Tualatin Soil & Water Conservation Dis, Dir, Zone 2 (Vote for 1)",57,Write-in,364,"4,460",21,0,"2,194","2,245"
3500,"Tualatin Soil & Water Conservation Dis, Dir, Zone 2 (Vote for 1)",57,Write-in,365,"4,622",26,0,"2,244","2,352"
3500,"Tualatin Soil & Water Conservation Dis, Dir, Zone 2 (Vote for 1)",57,Write-in,366,"1,641",17,0,800,824
3500,"Tualatin Soil & Water Conservation Dis, Dir, Zone 2 (Vote for 1)",57,Write-in,367,"4,269",28,0,"1,848","2,393"
3500,"Tualatin Soil & Water Conservation Dis, Dir, Zone 2 (Vote for 1)",57,Write-in,368,"3,793",35,1,"1,745","2,012"
3500,"Tualatin Soil & Water Conservation Dis, Dir, Zone 2 (Vote for 1)",57,Write-in,369,"1,660",10,0,786,864
3500,"Tualatin Soil & Water Conservation Dis, Dir, Zone 2 (Vote for 1)",57,Write-in,370,"2,096",19,0,"1,024","1,053"
3500,"Tualatin Soil & Water Conservation Dis, Dir, Zone 2 (Vote for 1)",57,Write-in,371,"2,037",18,0,928,"1,091"
3500,"Tualatin Soil & Water Conservation Dis, Dir, Zone 2 (Vote for 1)",57,Write-in,372,"1,701",8,0,842,851
3500,"Tualatin Soil & Water Conservation Dis, Dir, Zone 2 (Vote for 1)",57,Write-in,373,328,3,0,164,161
3500,"Tualatin Soil & Water Conservation Dis, Dir, Zone 2 (Vote for 1)",57,Write-in,374,9,0,0,3,6
3500,"Tualatin Soil & Water Conservation Dis, Dir, Zone 2 (Vote for 1)",57,Write-in,375,279,4,0,135,140
3500,"Tualatin Soil & Water Conservation Dis, Dir, Zone 2 (Vote for 1)",57,Write-in,376,"1,779",13,0,842,924
3500,"Tualatin Soil & Water Conservation Dis, Dir, Zone 2 (Vote for 1)",57,Write-in,377,"2,251",7,0,"1,035","1,209"
3500,"Tualatin Soil & Water Conservation Dis, Dir, Zone 2 (Vote for 1)",57,Write-in,378,937,4,0,471,462
3500,"Tualatin Soil & Water Conservation Dis, Dir, Zone 2 (Vote for 1)",57,Write-in,379,"3,854",26,0,"1,763","2,065"
3500,"Tualatin Soil & Water Conservation Dis, Dir, Zone 2 (Vote for 1)",57,Write-in,380,"3,025",19,0,"1,488","1,518"
3500,"Tualatin Soil & Water Conservation Dis, Dir, Zone 2 (Vote for 1)",57,Write-in,382,"3,905",25,0,"1,655","2,225"
3500,"Tualatin Soil & Water Conservation Dis, Dir, Zone 2 (Vote for 1)",57,Write-in,383,"1,566",11,0,737,818
3500,"Tualatin Soil & Water Conservation Dis, Dir, Zone 2 (Vote for 1)",57,Write-in,384,"4,477",18,0,"2,187","2,272"
3500,"Tualatin Soil & Water Conservation Dis, Dir, Zone 2 (Vote for 1)",57,Write-in,385,770,6,0,376,388
3500,"Tualatin Soil & Water Conservation Dis, Dir, Zone 2 (Vote for 1)",57,Write-in,386,"1,936",12,0,981,943
3500,"Tualatin Soil & Water Conservation Dis, Dir, Zone 2 (Vote for 1)",57,Write-in,387,21,0,0,6,15
3500,"Tualatin Soil & Water Conservation Dis, Dir, Zone 2 (Vote for 1)",57,Write-in,388,250,2,0,101,147
3500,"Tualatin Soil & Water Conservation Dis, Dir, Zone 2 (Vote for 1)",57,Write-in,389,"7,639",51,0,"3,571","4,017"
3500,"Tualatin Soil & Water Conservation Dis, Dir, Zone 2 (Vote for 1)",57,Write-in,390,"2,098",8,0,975,"1,115"
3500,"Tualatin Soil & Water Conservation Dis, Dir, Zone 2 (Vote for 1)",57,Write-in,391,405,2,0,193,210
3500,"Tualatin Soil & Water Conservation Dis, Dir, Zone 2 (Vote for 1)",57,Write-in,392,112,0,0,62,50
3500,"Tualatin Soil & Water Conservation Dis, Dir, Zone 2 (Vote for 1)",57,Write-in,393,626,3,0,317,306
3500,"Tualatin Soil & Water Conservation Dis, Dir, Zone 2 (Vote for 1)",57,Write-in,394,248,3,0,113,132
3500,"Tualatin Soil & Water Conservation Dis, Dir, Zone 2 (Vote for 1)",57,Write-in,395,"5,402",38,0,"2,439","2,925"
3500,"Tualatin Soil & Water Conservation Dis, Dir, Zone 2 (Vote for 1)",57,Write-in,396,830,3,0,362,465
3500,"Tualatin Soil & Water Conservation Dis, Dir, Zone 2 (Vote for 1)",57,Write-in,397,"2,943",23,0,"1,367","1,553"
3500,"Tualatin Soil & Water Conservation Dis, Dir, Zone 2 (Vote for 1)",57,Write-in,398,"1,773",14,0,845,914
3500,"Tualatin Soil & Water Conservation Dis, Dir, Zone 2 (Vote for 1)",57,Write-in,399,"2,213",23,0,"1,045","1,145"
3500,"Tualatin Soil & Water Conservation Dis, Dir, Zone 2 (Vote for 1)",57,Write-in,400,"3,519",31,0,"1,601","1,887"
3500,"Tualatin Soil & Water Conservation Dis, Dir, Zone 2 (Vote for 1)",57,Write-in,401,"1,860",16,0,885,959
3500,"Tualatin Soil & Water Conservation Dis, Dir, Zone 2 (Vote for 1)",57,Write-in,402,"6,413",30,0,"2,975","3,408"
3500,"Tualatin Soil & Water Conservation Dis, Dir, Zone 2 (Vote for 1)",57,Write-in,403,"1,374",16,0,678,680
3500,"Tualatin Soil & Water Conservation Dis, Dir, Zone 2 (Vote for 1)",57,Write-in,404,"5,913",44,0,"2,613","3,256"
3500,"Tualatin Soil & Water Conservation Dis, Dir, Zone 2 (Vote for 1)",57,Write-in,405,"7,546",40,0,"3,499","4,007"
3500,"Tualatin Soil & Water Conservation Dis, Dir, Zone 2 (Vote for 1)",57,Write-in,406,"2,033",11,0,905,"1,117"
3500,"Tualatin Soil & Water Conservation Dis, Dir, Zone 2 (Vote for 1)",57,Write-in,407,870,4,0,437,429
3500,"Tualatin Soil & Water Conservation Dis, Dir, Zone 2 (Vote for 1)",57,Write-in,408,322,3,0,149,170
3500,"Tualatin Soil & Water Conservation Dis, Dir, Zone 2 (Vote for 1)",57,Write-in,409,"4,511",27,0,"2,023","2,461"
3500,"Tualatin Soil & Water Conservation Dis, Dir, Zone 2 (Vote for 1)",57,Write-in,410,"1,322",6,0,618,698
3500,"Tualatin Soil & Water Conservation Dis, Dir, Zone 2 (Vote for 1)",57,Write-in,411,"1,311",3,0,536,772
3500,"Tualatin Soil & Water Conservation Dis, Dir, Zone 2 (Vote for 1)",57,Write-in,412,"1,749",8,0,883,858
3500,"Tualatin Soil & Water Conservation Dis, Dir, Zone 2 (Vote for 1)",57,Write-in,413,"1,455",14,0,611,830
3500,"Tualatin Soil & Water Conservation Dis, Dir, Zone 2 (Vote for 1)",57,Write-in,414,525,4,0,267,254
3500,"Tualatin Soil & Water Conservation Dis, Dir, Zone 2 (Vote for 1)",57,Write-in,415,850,3,0,377,470
3500,"Tualatin Soil & Water Conservation Dis, Dir, Zone 2 (Vote for 1)",57,Write-in,416,846,7,0,340,499
3500,"Tualatin Soil & Water Conservation Dis, Dir, Zone 2 (Vote for 1)",57,Write-in,417,408,4,0,172,232
3500,"Tualatin Soil & Water Conservation Dis, Dir, Zone 2 (Vote for 1)",57,Write-in,418,"3,030",17,0,"1,351","1,662"
3500,"Tualatin Soil & Water Conservation Dis, Dir, Zone 2 (Vote for 1)",57,Write-in,419,"1,789",3,1,823,962
3500,"Tualatin Soil & Water Conservation Dis, Dir, Zone 2 (Vote for 1)",57,Write-in,420,"3,223",15,0,"1,474","1,734"
3500,"Tualatin Soil & Water Conservation Dis, Dir, Zone 2 (Vote for 1)",57,Write-in,421,499,4,0,232,263
3500,"Tualatin Soil & Water Conservation Dis, Dir, Zone 2 (Vote for 1)",57,Write-in,422,17,0,0,13,4
3500,"Tualatin Soil & Water Conservation Dis, Dir, Zone 2 (Vote for 1)",57,Write-in,423,"3,051",21,0,"1,256","1,774"
3500,"Tualatin Soil & Water Conservation Dis, Dir, Zone 2 (Vote for 1)",57,Write-in,424,"4,657",19,0,"2,075","2,563"
3500,"Tualatin Soil & Water Conservation Dis, Dir, Zone 2 (Vote for 1)",57,Write-in,425,683,6,0,369,308
3500,"Tualatin Soil & Water Conservation Dis, Dir, Zone 2 (Vote for 1)",57,Write-in,426,436,4,0,219,213
3500,"Tualatin Soil & Water Conservation Dis, Dir, Zone 2 (Vote for 1)",57,Write-in,427,"1,301",10,0,568,723
3500,"Tualatin Soil & Water Conservation Dis, Dir, Zone 2 (Vote for 1)",57,Write-in,428,"1,359",4,0,564,791
3500,"Tualatin Soil & Water Conservation Dis, Dir, Zone 2 (Vote for 1)",57,Write-in,429,"2,699",16,0,"1,210","1,473"
3500,"Tualatin Soil & Water Conservation Dis, Dir, Zone 2 (Vote for 1)",57,Write-in,430,"2,310",20,0,"1,232","1,058"
3500,"Tualatin Soil & Water Conservation Dis, Dir, Zone 2 (Vote for 1)",57,Write-in,431,775,5,0,387,383
3500,"Tualatin Soil & Water Conservation Dis, Dir, Zone 2 (Vote for 1)",57,Write-in,432,306,1,0,134,171
3500,"Tualatin Soil & Water Conservation Dis, Dir, Zone 2 (Vote for 1)",57,Write-in,433,"2,171",15,0,995,"1,161"
3500,"Tualatin Soil & Water Conservation Dis, Dir, Zone 2 (Vote for 1)",57,Write-in,434,"4,401",37,0,"1,978","2,386"
3500,"Tualatin Soil & Water Conservation Dis, Dir, Zone 2 (Vote for 1)",57,Write-in,435,"4,132",28,0,"1,874","2,230"
3500,"Tualatin Soil & Water Conservation Dis, Dir, Zone 2 (Vote for 1)",57,Write-in,436,"2,242",12,0,"1,043","1,187"
3500,"Tualatin Soil & Water Conservation Dis, Dir, Zone 2 (Vote for 1)",57,Write-in,437,63,1,0,36,26
3500,"Tualatin Soil & Water Conservation Dis, Dir, Zone 2 (Vote for 1)",57,Write-in,438,493,4,0,249,240
3500,"Tualatin Soil & Water Conservation Dis, Dir, Zone 2 (Vote for 1)",57,Write-in,439,"2,375",9,0,921,"1,445"
3500,"Tualatin Soil & Water Conservation Dis, Dir, Zone 2 (Vote for 1)",57,Write-in,440,"1,461",8,0,577,876
3500,"Tualatin Soil & Water Conservation Dis, Dir, Zone 2 (Vote for 1)",57,Write-in,441,70,0,0,31,39
3500,"Tualatin Soil & Water Conservation Dis, Dir, Zone 2 (Vote for 1)",57,Write-in,442,"2,708",8,0,"1,139","1,561"
3500,"Tualatin Soil & Water Conservation Dis, Dir, Zone 2 (Vote for 1)",57,Write-in,443,11,0,0,4,7
3500,"Tualatin Soil & Water Conservation Dis, Dir, Zone 2 (Vote for 1)",57,Write-in,444,121,0,0,49,72
3500,"Tualatin Soil & Water Conservation Dis, Dir, Zone 2 (Vote for 1)",57,Write-in,445,1,0,0,0,1
3500,"Tualatin Soil & Water Conservation Dis, Dir, Zone 2 (Vote for 1)",57,Write-in,446,107,2,0,43,62
3500,"Tualatin Soil & Water Conservation Dis, Dir, Zone 2 (Vote for 1)",57,Write-in,447,285,5,0,141,139
3500,"Tualatin Soil & Water Conservation Dis, Dir, Zone 2 (Vote for 1)",57,Write-in,448,771,5,0,344,422
3500,"Tualatin Soil & Water Conservation Dis, Dir, Zone 2 (Vote for 1)",57,Write-in,449,293,4,0,148,141
3500,"Tualatin Soil & Water Conservation Dis, Dir, Zone 2 (Vote for 1)",57,Write-in,450,170,2,0,76,92
3500,"Tualatin Soil & Water Conservation Dis, Dir, Zone 2 (Vote for 1)",57,Write-in,451,"1,066",10,0,453,603
3500,"Tualatin Soil & Water Conservation Dis, Dir, Zone 2 (Vote for 1)",57,Write-in,452,99,3,0,49,47
3500,"Tualatin Soil & Water Conservation Dis, Dir, Zone 2 (Vote for 1)",57,Write-in,453,11,0,0,9,2
3500,"Tualatin Soil & Water Conservation Dis, Dir, Zone 2 (Vote for 1)",57,Write-in,454,19,1,0,11,7
3500,"Tualatin Soil & Water Conservation Dis, Dir, Zone 2 (Vote for 1)",57,Write-in,455,"1,486",5,0,672,809
3500,"Tualatin Soil & Water Conservation Dis, Dir, Zone 2 (Vote for 1)",57,Write-in,456,7,0,0,4,3
3600,"West Multnomah SWCD, Director, At Large, Pos. 1 (Vote for 1)",60,Michael Oliver,381,475,267,0,207,1
3600,"West Multnomah SWCD, Director, At Large, Pos. 1 (Vote for 1)",60,Write-in,381,475,1,0,207,267
3700,"West Multnomah SWCD, Director, Zone 1 (Vote for 1)",61,Jan Robert Hamer,381,475,267,0,208,0
3700,"West Multnomah SWCD, Director, Zone 1 (Vote for 1)",61,Write-in,381,475,0,0,208,267
3800,"West Multnomah SWCD, Director, Zone 2 (Vote for 1)",62,Write-in,381,475,18,0,457,0
3900,"West Multnomah SWCD, Director, Zone 3 (Vote for 1)",63,George A Sowder,381,475,267,0,207,1
3900,"West Multnomah SWCD, Director, Zone 3 (Vote for 1)",63,Write-in,381,475,1,0,207,267
5000,Question 115 (Vote for 1),64,Yes,301,"1,724",827,0,106,791
5000,Question 115 (Vote for 1),64,Yes,302,"2,551","1,594",0,183,774
5000,Question 115 (Vote for 1),64,Yes,303,330,180,0,24,126
5000,Question 115 (Vote for 1),64,Yes,304,"1,076",679,0,62,335
5000,Question 115 (Vote for 1),64,Yes,305,953,517,0,63,373
5000,Question 115 (Vote for 1),64,Yes,306,579,424,0,36,119
5000,Question 115 (Vote for 1),64,Yes,307,"4,494","2,805",0,300,"1,389"
5000,Question 115 (Vote for 1),64,Yes,308,148,84,0,12,52
5000,Question 115 (Vote for 1),64,Yes,309,"4,308","2,823",1,261,"1,223"
5000,Question 115 (Vote for 1),64,Yes,310,614,329,0,39,246
5000,Question 115 (Vote for 1),64,Yes,311,684,354,0,30,300
5000,Question 115 (Vote for 1),64,Yes,312,"1,703",828,1,113,761
5000,Question 115 (Vote for 1),64,Yes,313,3,1,0,0,2
5000,Question 115 (Vote for 1),64,Yes,314,310,145,0,36,129
5000,Question 115 (Vote for 1),64,Yes,315,493,252,0,43,198
5000,Question 115 (Vote for 1),64,Yes,316,"1,719",875,0,97,747
5000,Question 115 (Vote for 1),64,Yes,317,169,84,0,7,78
5000,Question 115 (Vote for 1),64,Yes,318,"3,750","2,406",0,204,"1,140"
5000,Question 115 (Vote for 1),64,Yes,319,"5,196","3,487",0,319,"1,390"
5000,Question 115 (Vote for 1),64,Yes,320,"1,778","1,181",0,101,496
5000,Question 115 (Vote for 1),64,Yes,321,328,164,1,22,141
5000,Question 115 (Vote for 1),64,Yes,322,269,167,0,20,82
5000,Question 115 (Vote for 1),64,Yes,324,519,247,0,32,240
5000,Question 115 (Vote for 1),64,Yes,325,155,114,0,9,32
5000,Question 115 (Vote for 1),64,Yes,326,"1,898",932,0,100,866
5000,Question 115 (Vote for 1),64,Yes,327,"5,317","3,591",1,378,"1,347"
5000,Question 115 (Vote for 1),64,Yes,328,931,499,0,66,366
5000,Question 115 (Vote for 1),64,Yes,329,"7,692","5,267",1,582,"1,842"
5000,Question 115 (Vote for 1),64,Yes,330,"2,150","1,265",1,163,721
5000,Question 115 (Vote for 1),64,Yes,331,"2,399","1,694",0,162,543
5000,Question 115 (Vote for 1),64,Yes,332,"2,550","1,877",0,173,500
5000,Question 115 (Vote for 1),64,Yes,333,"3,626","2,640",0,301,685
5000,Question 115 (Vote for 1),64,Yes,334,137,75,0,6,56
5000,Question 115 (Vote for 1),64,Yes,335,"4,268","2,545",1,277,"1,445"
5000,Question 115 (Vote for 1),64,Yes,336,"2,948","1,799",0,184,965
5000,Question 115 (Vote for 1),64,Yes,337,"1,086",679,0,104,303
5000,Question 115 (Vote for 1),64,Yes,338,"5,180","3,232",0,425,"1,523"
5000,Question 115 (Vote for 1),64,Yes,339,"4,822","2,972",0,431,"1,419"
5000,Question 115 (Vote for 1),64,Yes,340,"6,948","4,172",1,401,"2,374"
5000,Question 115 (Vote for 1),64,Yes,341,305,130,0,17,158
5000,Question 115 (Vote for 1),64,Yes,342,63,30,0,1,32
5000,Question 115 (Vote for 1),64,Yes,343,"2,608","1,668",0,170,770
5000,Question 115 (Vote for 1),64,Yes,344,"2,806","1,828",0,225,753
5000,Question 115 (Vote for 1),64,Yes,345,27,16,0,3,8
5000,Question 115 (Vote for 1),64,Yes,346,274,143,0,21,110
5000,Question 115 (Vote for 1),64,Yes,347,55,27,0,3,25
5000,Question 115 (Vote for 1),64,Yes,348,27,16,0,2,9
5000,Question 115 (Vote for 1),64,Yes,349,573,391,0,35,147
5000,Question 115 (Vote for 1),64,Yes,350,"6,361","4,422",1,448,"1,490"
5000,Question 115 (Vote for 1),64,Yes,351,"3,169","2,176",0,245,748
5000,Question 115 (Vote for 1),64,Yes,352,"1,138",828,0,90,220
5000,Question 115 (Vote for 1),64,Yes,353,"2,219","1,560",0,158,501
5000,Question 115 (Vote for 1),64,Yes,354,"1,811","1,228",0,121,462
5000,Question 115 (Vote for 1),64,Yes,355,"1,364",954,0,75,335
5000,Question 115 (Vote for 1),64,Yes,356,"1,662","1,106",0,109,447
5000,Question 115 (Vote for 1),64,Yes,357,813,554,0,69,190
5000,Question 115 (Vote for 1),64,Yes,358,"2,526","1,790",0,138,598
5000,Question 115 (Vote for 1),64,Yes,359,"2,324","1,677",0,171,476
5000,Question 115 (Vote for 1),64,Yes,360,"2,836","2,005",0,193,638
5000,Question 115 (Vote for 1),64,Yes,361,"2,052","1,518",0,155,379
5000,Question 115 (Vote for 1),64,Yes,362,"6,315","4,354",1,362,"1,598"
5000,Question 115 (Vote for 1),64,Yes,363,"2,925","2,011",0,209,705
5000,Question 115 (Vote for 1),64,Yes,364,"4,460","3,163",0,283,"1,014"
5000,Question 115 (Vote for 1),64,Yes,365,"4,622","3,290",0,305,"1,027"
5000,Question 115 (Vote for 1),64,Yes,366,"1,641","1,174",1,119,347
5000,Question 115 (Vote for 1),64,Yes,367,"4,269","3,024",3,303,939
5000,Question 115 (Vote for 1),64,Yes,368,"3,793","2,594",0,261,938
5000,Question 115 (Vote for 1),64,Yes,369,"1,660","1,114",0,100,446
5000,Question 115 (Vote for 1),64,Yes,370,"2,096","1,363",0,131,602
5000,Question 115 (Vote for 1),64,Yes,371,"2,037","1,356",0,100,581
5000,Question 115 (Vote for 1),64,Yes,372,"1,701","1,168",0,104,429
5000,Question 115 (Vote for 1),64,Yes,373,328,200,0,28,100
5000,Question 115 (Vote for 1),64,Yes,374,9,6,0,0,3
5000,Question 115 (Vote for 1),64,Yes,375,279,206,0,22,51
5000,Question 115 (Vote for 1),64,Yes,376,"1,779","1,186",0,112,481
5000,Question 115 (Vote for 1),64,Yes,377,"2,251","1,552",0,152,547
5000,Question 115 (Vote for 1),64,Yes,378,937,673,0,64,200
5000,Question 115 (Vote for 1),64,Yes,379,"3,854","2,653",0,253,948
5000,Question 115 (Vote for 1),64,Yes,380,"3,025","2,037",0,165,823
5000,Question 115 (Vote for 1),64,Yes,381,475,338,0,28,109
5000,Question 115 (Vote for 1),64,Yes,382,"3,905","2,559",0,278,"1,068"
5000,Question 115 (Vote for 1),64,Yes,383,"1,566","1,148",0,84,334
5000,Question 115 (Vote for 1),64,Yes,384,"4,477","3,179",0,288,"1,010"
5000,Question 115 (Vote for 1),64,Yes,385,770,523,0,46,201
5000,Question 115 (Vote for 1),64,Yes,386,"1,936","1,357",0,127,452
5000,Question 115 (Vote for 1),64,Yes,387,21,15,0,2,4
5000,Question 115 (Vote for 1),64,Yes,388,250,181,0,20,49
5000,Question 115 (Vote for 1),64,Yes,389,"7,639","5,131",0,558,"1,950"
5000,Question 115 (Vote for 1),64,Yes,390,"2,098","1,433",0,160,505
5000,Question 115 (Vote for 1),64,Yes,391,405,296,0,28,81
5000,Question 115 (Vote for 1),64,Yes,392,112,83,0,13,16
5000,Question 115 (Vote for 1),64,Yes,393,626,461,0,41,124
5000,Question 115 (Vote for 1),64,Yes,394,248,157,0,20,71
5000,Question 115 (Vote for 1),64,Yes,395,"5,402","3,621",0,403,"1,378"
5000,Question 115 (Vote for 1),64,Yes,396,830,554,0,59,217
5000,Question 115 (Vote for 1),64,Yes,397,"2,943","1,829",1,186,927
5000,Question 115 (Vote for 1),64,Yes,398,"1,773","1,120",0,111,542
5000,Question 115 (Vote for 1),64,Yes,399,"2,213","1,511",0,132,570
5000,Question 115 (Vote for 1),64,Yes,400,"3,519","2,411",0,252,856
5000,Question 115 (Vote for 1),64,Yes,401,"1,860","1,306",0,89,465
5000,Question 115 (Vote for 1),64,Yes,402,"6,413","3,983",0,414,"2,016"
5000,Question 115 (Vote for 1),64,Yes,403,"1,374",884,0,112,378
5000,Question 115 (Vote for 1),64,Yes,404,"5,913","3,949",1,427,"1,536"
5000,Question 115 (Vote for 1),64,Yes,405,"7,546","4,951",0,500,"2,095"
5000,Question 115 (Vote for 1),64,Yes,406,"2,033","1,503",0,157,373
5000,Question 115 (Vote for 1),64,Yes,407,870,598,0,64,208
5000,Question 115 (Vote for 1),64,Yes,408,322,215,0,29,78
5000,Question 115 (Vote for 1),64,Yes,409,"4,511","3,014",0,299,"1,198"
5000,Question 115 (Vote for 1),64,Yes,410,"1,322",851,0,79,392
5000,Question 115 (Vote for 1),64,Yes,411,"1,311",893,0,124,294
5000,Question 115 (Vote for 1),64,Yes,412,"1,749","1,150",0,93,506
5000,Question 115 (Vote for 1),64,Yes,413,"1,455",928,0,115,412
5000,Question 115 (Vote for 1),64,Yes,414,525,345,0,38,142
5000,Question 115 (Vote for 1),64,Yes,415,850,566,0,52,232
5000,Question 115 (Vote for 1),64,Yes,416,846,601,0,67,178
5000,Question 115 (Vote for 1),64,Yes,417,408,269,0,36,103
5000,Question 115 (Vote for 1),64,Yes,418,"3,030","2,053",0,173,804
5000,Question 115 (Vote for 1),64,Yes,419,"1,789","1,135",0,130,524
5000,Question 115 (Vote for 1),64,Yes,420,"3,223","1,971",0,192,"1,060"
5000,Question 115 (Vote for 1),64,Yes,421,499,334,0,50,115
5000,Question 115 (Vote for 1),64,Yes,422,17,5,0,1,11
5000,Question 115 (Vote for 1),64,Yes,423,"3,051","2,039",0,193,819
5000,Question 115 (Vote for 1),64,Yes,424,"4,657","2,807",0,394,"1,456"
5000,Question 115 (Vote for 1),64,Yes,425,683,343,0,42,298
5000,Question 115 (Vote for 1),64,Yes,426,436,246,0,20,170
5000,Question 115 (Vote for 1),64,Yes,427,"1,301",888,0,88,325
5000,Question 115 (Vote for 1),64,Yes,428,"1,359",847,0,104,408
5000,Question 115 (Vote for 1),64,Yes,429,"2,699","1,768",0,176,755
5000,Question 115 (Vote for 1),64,Yes,430,"2,310","1,194",0,133,983
5000,Question 115 (Vote for 1),64,Yes,431,775,425,0,46,304
5000,Question 115 (Vote for 1),64,Yes,432,306,213,0,27,66
5000,Question 115 (Vote for 1),64,Yes,433,"2,171","1,265",0,141,765
5000,Question 115 (Vote for 1),64,Yes,434,"4,401","2,832",0,279,"1,290"
5000,Question 115 (Vote for 1),64,Yes,435,"4,132","2,488",0,312,"1,332"
5000,Question 115 (Vote for 1),64,Yes,436,"2,242","1,315",0,135,792
5000,Question 115 (Vote for 1),64,Yes,437,63,36,0,6,21
5000,Question 115 (Vote for 1),64,Yes,438,493,267,0,24,202
5000,Question 115 (Vote for 1),64,Yes,439,"2,375","1,762",0,155,458
5000,Question 115 (Vote for 1),64,Yes,440,"1,461",986,0,86,389
5000,Question 115 (Vote for 1),64,Yes,441,70,51,0,4,15
5000,Question 115 (Vote for 1),64,Yes,442,"2,708","1,687",0,225,796
5000,Question 115 (Vote for 1),64,Yes,443,11,2,0,0,9
5000,Question 115 (Vote for 1),64,Yes,444,121,81,0,8,32
5000,Question 115 (Vote for 1),64,Yes,445,1,1,0,0,0
5000,Question 115 (Vote for 1),64,Yes,446,107,71,0,11,25
5000,Question 115 (Vote for 1),64,Yes,447,285,150,0,16,119
5000,Question 115 (Vote for 1),64,Yes,448,771,510,0,61,200
5000,Question 115 (Vote for 1),64,Yes,449,293,165,0,19,109
5000,Question 115 (Vote for 1),64,Yes,450,170,78,0,9,83
5000,Question 115 (Vote for 1),64,Yes,451,"1,066",757,0,75,234
5000,Question 115 (Vote for 1),64,Yes,452,99,47,0,8,44
5000,Question 115 (Vote for 1),64,Yes,453,11,4,0,0,7
5000,Question 115 (Vote for 1),64,Yes,454,19,4,0,1,14
5000,Question 115 (Vote for 1),64,Yes,455,"1,486","1,051",1,111,323
5000,Question 115 (Vote for 1),64,Yes,456,7,7,0,0,0
5000,Question 115 (Vote for 1),64,No,301,"1,724",791,0,106,827
5000,Question 115 (Vote for 1),64,No,302,"2,551",774,0,183,"1,594"
5000,Question 115 (Vote for 1),64,No,303,330,126,0,24,180
5000,Question 115 (Vote for 1),64,No,304,"1,076",335,0,62,679
5000,Question 115 (Vote for 1),64,No,305,953,373,0,63,517
5000,Question 115 (Vote for 1),64,No,306,579,119,0,36,424
5000,Question 115 (Vote for 1),64,No,307,"4,494","1,389",0,300,"2,805"
5000,Question 115 (Vote for 1),64,No,308,148,52,0,12,84
5000,Question 115 (Vote for 1),64,No,309,"4,308","1,223",1,261,"2,823"
5000,Question 115 (Vote for 1),64,No,310,614,246,0,39,329
5000,Question 115 (Vote for 1),64,No,311,684,300,0,30,354
5000,Question 115 (Vote for 1),64,No,312,"1,703",761,1,113,828
5000,Question 115 (Vote for 1),64,No,313,3,2,0,0,1
5000,Question 115 (Vote for 1),64,No,314,310,129,0,36,145
5000,Question 115 (Vote for 1),64,No,315,493,198,0,43,252
5000,Question 115 (Vote for 1),64,No,316,"1,719",747,0,97,875
5000,Question 115 (Vote for 1),64,No,317,169,78,0,7,84
5000,Question 115 (Vote for 1),64,No,318,"3,750","1,140",0,204,"2,406"
5000,Question 115 (Vote for 1),64,No,319,"5,196","1,390",0,319,"3,487"
5000,Question 115 (Vote for 1),64,No,320,"1,778",496,0,101,"1,181"
5000,Question 115 (Vote for 1),64,No,321,328,141,1,22,164
5000,Question 115 (Vote for 1),64,No,322,269,82,0,20,167
5000,Question 115 (Vote for 1),64,No,324,519,240,0,32,247
5000,Question 115 (Vote for 1),64,No,325,155,32,0,9,114
5000,Question 115 (Vote for 1),64,No,326,"1,898",866,0,100,932
5000,Question 115 (Vote for 1),64,No,327,"5,317","1,347",1,378,"3,591"
5000,Question 115 (Vote for 1),64,No,328,931,366,0,66,499
5000,Question 115 (Vote for 1),64,No,329,"7,692","1,842",1,582,"5,267"
5000,Question 115 (Vote for 1),64,No,330,"2,150",721,1,163,"1,265"
5000,Question 115 (Vote for 1),64,No,331,"2,399",543,0,162,"1,694"
5000,Question 115 (Vote for 1),64,No,332,"2,550",500,0,173,"1,877"
5000,Question 115 (Vote for 1),64,No,333,"3,626",685,0,301,"2,640"
5000,Question 115 (Vote for 1),64,No,334,137,56,0,6,75
5000,Question 115 (Vote for 1),64,No,335,"4,268","1,445",1,277,"2,545"
5000,Question 115 (Vote for 1),64,No,336,"2,948",965,0,184,"1,799"
5000,Question 115 (Vote for 1),64,No,337,"1,086",303,0,104,679
5000,Question 115 (Vote for 1),64,No,338,"5,180","1,523",0,425,"3,232"
5000,Question 115 (Vote for 1),64,No,339,"4,822","1,419",0,431,"2,972"
5000,Question 115 (Vote for 1),64,No,340,"6,948","2,374",1,401,"4,172"
5000,Question 115 (Vote for 1),64,No,341,305,158,0,17,130
5000,Question 115 (Vote for 1),64,No,342,63,32,0,1,30
5000,Question 115 (Vote for 1),64,No,343,"2,608",770,0,170,"1,668"
5000,Question 115 (Vote for 1),64,No,344,"2,806",753,0,225,"1,828"
5000,Question 115 (Vote for 1),64,No,345,27,8,0,3,16
5000,Question 115 (Vote for 1),64,No,346,274,110,0,21,143
5000,Question 115 (Vote for 1),64,No,347,55,25,0,3,27
5000,Question 115 (Vote for 1),64,No,348,27,9,0,2,16
5000,Question 115 (Vote for 1),64,No,349,573,147,0,35,391
5000,Question 115 (Vote for 1),64,No,350,"6,361","1,490",1,448,"4,422"
5000,Question 115 (Vote for 1),64,No,351,"3,169",748,0,245,"2,176"
5000,Question 115 (Vote for 1),64,No,352,"1,138",220,0,90,828
5000,Question 115 (Vote for 1),64,No,353,"2,219",501,0,158,"1,560"
5000,Question 115 (Vote for 1),64,No,354,"1,811",462,0,121,"1,228"
5000,Question 115 (Vote for 1),64,No,355,"1,364",335,0,75,954
5000,Question 115 (Vote for 1),64,No,356,"1,662",447,0,109,"1,106"
5000,Question 115 (Vote for 1),64,No,357,813,190,0,69,554
5000,Question 115 (Vote for 1),64,No,358,"2,526",598,0,138,"1,790"
5000,Question 115 (Vote for 1),64,No,359,"2,324",476,0,171,"1,677"
5000,Question 115 (Vote for 1),64,No,360,"2,836",638,0,193,"2,005"
5000,Question 115 (Vote for 1),64,No,361,"2,052",379,0,155,"1,518"
5000,Question 115 (Vote for 1),64,No,362,"6,315","1,598",1,362,"4,354"
5000,Question 115 (Vote for 1),64,No,363,"2,925",705,0,209,"2,011"
5000,Question 115 (Vote for 1),64,No,364,"4,460","1,014",0,283,"3,163"
5000,Question 115 (Vote for 1),64,No,365,"4,622","1,027",0,305,"3,290"
5000,Question 115 (Vote for 1),64,No,366,"1,641",347,1,119,"1,174"
5000,Question 115 (Vote for 1),64,No,367,"4,269",939,3,303,"3,024"
5000,Question 115 (Vote for 1),64,No,368,"3,793",938,0,261,"2,594"
5000,Question 115 (Vote for 1),64,No,369,"1,660",446,0,100,"1,114"
5000,Question 115 (Vote for 1),64,No,370,"2,096",602,0,131,"1,363"
5000,Question 115 (Vote for 1),64,No,371,"2,037",581,0,100,"1,356"
5000,Question 115 (Vote for 1),64,No,372,"1,701",429,0,104,"1,168"
5000,Question 115 (Vote for 1),64,No,373,328,100,0,28,200
5000,Question 115 (Vote for 1),64,No,374,9,3,0,0,6
5000,Question 115 (Vote for 1),64,No,375,279,51,0,22,206
5000,Question 115 (Vote for 1),64,No,376,"1,779",481,0,112,"1,186"
5000,Question 115 (Vote for 1),64,No,377,"2,251",547,0,152,"1,552"
5000,Question 115 (Vote for 1),64,No,378,937,200,0,64,673
5000,Question 115 (Vote for 1),64,No,379,"3,854",948,0,253,"2,653"
5000,Question 115 (Vote for 1),64,No,380,"3,025",823,0,165,"2,037"
5000,Question 115 (Vote for 1),64,No,381,475,109,0,28,338
5000,Question 115 (Vote for 1),64,No,382,"3,905","1,068",0,278,"2,559"
5000,Question 115 (Vote for 1),64,No,383,"1,566",334,0,84,"1,148"
5000,Question 115 (Vote for 1),64,No,384,"4,477","1,010",0,288,"3,179"
5000,Question 115 (Vote for 1),64,No,385,770,201,0,46,523
5000,Question 115 (Vote for 1),64,No,386,"1,936",452,0,127,"1,357"
5000,Question 115 (Vote for 1),64,No,387,21,4,0,2,15
5000,Question 115 (Vote for 1),64,No,388,250,49,0,20,181
5000,Question 115 (Vote for 1),64,No,389,"7,639","1,950",0,558,"5,131"
5000,Question 115 (Vote for 1),64,No,390,"2,098",505,0,160,"1,433"
5000,Question 115 (Vote for 1),64,No,391,405,81,0,28,296
5000,Question 115 (Vote for 1),64,No,392,112,16,0,13,83
5000,Question 115 (Vote for 1),64,No,393,626,124,0,41,461
5000,Question 115 (Vote for 1),64,No,394,248,71,0,20,157
5000,Question 115 (Vote for 1),64,No,395,"5,402","1,378",0,403,"3,621"
5000,Question 115 (Vote for 1),64,No,396,830,217,0,59,554
5000,Question 115 (Vote for 1),64,No,397,"2,943",927,1,186,"1,829"
5000,Question 115 (Vote for 1),64,No,398,"1,773",542,0,111,"1,120"
5000,Question 115 (Vote for 1),64,No,399,"2,213",570,0,132,"1,511"
5000,Question 115 (Vote for 1),64,No,400,"3,519",856,0,252,"2,411"
5000,Question 115 (Vote for 1),64,No,401,"1,860",465,0,89,"1,306"
5000,Question 115 (Vote for 1),64,No,402,"6,413","2,016",0,414,"3,983"
5000,Question 115 (Vote for 1),64,No,403,"1,374",378,0,112,884
5000,Question 115 (Vote for 1),64,No,404,"5,913","1,536",1,427,"3,949"
5000,Question 115 (Vote for 1),64,No,405,"7,546","2,095",0,500,"4,951"
5000,Question 115 (Vote for 1),64,No,406,"2,033",373,0,157,"1,503"
5000,Question 115 (Vote for 1),64,No,407,870,208,0,64,598
5000,Question 115 (Vote for 1),64,No,408,322,78,0,29,215
5000,Question 115 (Vote for 1),64,No,409,"4,511","1,198",0,299,"3,014"
5000,Question 115 (Vote for 1),64,No,410,"1,322",392,0,79,851
5000,Question 115 (Vote for 1),64,No,411,"1,311",294,0,124,893
5000,Question 115 (Vote for 1),64,No,412,"1,749",506,0,93,"1,150"
5000,Question 115 (Vote for 1),64,No,413,"1,455",412,0,115,928
5000,Question 115 (Vote for 1),64,No,414,525,142,0,38,345
5000,Question 115 (Vote for 1),64,No,415,850,232,0,52,566
5000,Question 115 (Vote for 1),64,No,416,846,178,0,67,601
5000,Question 115 (Vote for 1),64,No,417,408,103,0,36,269
5000,Question 115 (Vote for 1),64,No,418,"3,030",804,0,173,"2,053"
5000,Question 115 (Vote for 1),64,No,419,"1,789",524,0,130,"1,135"
5000,Question 115 (Vote for 1),64,No,420,"3,223","1,060",0,192,"1,971"
5000,Question 115 (Vote for 1),64,No,421,499,115,0,50,334
5000,Question 115 (Vote for 1),64,No,422,17,11,0,1,5
5000,Question 115 (Vote for 1),64,No,423,"3,051",819,0,193,"2,039"
5000,Question 115 (Vote for 1),64,No,424,"4,657","1,456",0,394,"2,807"
5000,Question 115 (Vote for 1),64,No,425,683,298,0,42,343
5000,Question 115 (Vote for 1),64,No,426,436,170,0,20,246
5000,Question 115 (Vote for 1),64,No,427,"1,301",325,0,88,888
5000,Question 115 (Vote for 1),64,No,428,"1,359",408,0,104,847
5000,Question 115 (Vote for 1),64,No,429,"2,699",755,0,176,"1,768"
5000,Question 115 (Vote for 1),64,No,430,"2,310",983,0,133,"1,194"
5000,Question 115 (Vote for 1),64,No,431,775,304,0,46,425
5000,Question 115 (Vote for 1),64,No,432,306,66,0,27,213
5000,Question 115 (Vote for 1),64,No,433,"2,171",765,0,141,"1,265"
5000,Question 115 (Vote for 1),64,No,434,"4,401","1,290",0,279,"2,832"
5000,Question 115 (Vote for 1),64,No,435,"4,132","1,332",0,312,"2,488"
5000,Question 115 (Vote for 1),64,No,436,"2,242",792,0,135,"1,315"
5000,Question 115 (Vote for 1),64,No,437,63,21,0,6,36
5000,Question 115 (Vote for 1),64,No,438,493,202,0,24,267
5000,Question 115 (Vote for 1),64,No,439,"2,375",458,0,155,"1,762"
5000,Question 115 (Vote for 1),64,No,440,"1,461",389,0,86,986
5000,Question 115 (Vote for 1),64,No,441,70,15,0,4,51
5000,Question 115 (Vote for 1),64,No,442,"2,708",796,0,225,"1,687"
5000,Question 115 (Vote for 1),64,No,443,11,9,0,0,2
5000,Question 115 (Vote for 1),64,No,444,121,32,0,8,81
5000,Question 115 (Vote for 1),64,No,445,1,0,0,0,1
5000,Question 115 (Vote for 1),64,No,446,107,25,0,11,71
5000,Question 115 (Vote for 1),64,No,447,285,119,0,16,150
5000,Question 115 (Vote for 1),64,No,448,771,200,0,61,510
5000,Question 115 (Vote for 1),64,No,449,293,109,0,19,165
5000,Question 115 (Vote for 1),64,No,450,170,83,0,9,78
5000,Question 115 (Vote for 1),64,No,451,"1,066",234,0,75,757
5000,Question 115 (Vote for 1),64,No,452,99,44,0,8,47
5000,Question 115 (Vote for 1),64,No,453,11,7,0,0,4
5000,Question 115 (Vote for 1),64,No,454,19,14,0,1,4
5000,Question 115 (Vote for 1),64,No,455,"1,486",323,1,111,"1,051"
5000,Question 115 (Vote for 1),64,No,456,7,0,0,0,7
5100,Question 116 (Vote for 1),65,Yes,301,"1,724",603,0,135,986
5100,Question 116 (Vote for 1),65,Yes,302,"2,551","1,248",0,191,"1,112"
5100,Question 116 (Vote for 1),65,Yes,303,330,127,0,22,181
5100,Question 116 (Vote for 1),65,Yes,304,"1,076",494,0,83,499
5100,Question 116 (Vote for 1),65,Yes,305,953,373,0,80,500
5100,Question 116 (Vote for 1),65,Yes,306,579,356,0,34,189
5100,Question 116 (Vote for 1),65,Yes,307,"4,494","2,156",1,370,"1,967"
5100,Question 116 (Vote for 1),65,Yes,308,148,60,0,16,72
5100,Question 116 (Vote for 1),65,Yes,309,"4,308","2,177",2,340,"1,789"
5100,Question 116 (Vote for 1),65,Yes,310,614,234,0,54,326
5100,Question 116 (Vote for 1),65,Yes,311,684,286,0,30,368
5100,Question 116 (Vote for 1),65,Yes,312,"1,703",606,0,120,977
5100,Question 116 (Vote for 1),65,Yes,313,3,1,0,0,2
5100,Question 116 (Vote for 1),65,Yes,314,310,98,0,29,183
5100,Question 116 (Vote for 1),65,Yes,315,493,179,0,47,267
5100,Question 116 (Vote for 1),65,Yes,316,"1,719",654,0,133,932
5100,Question 116 (Vote for 1),65,Yes,317,169,47,0,10,112
5100,Question 116 (Vote for 1),65,Yes,318,"3,750","1,874",0,269,"1,607"
5100,Question 116 (Vote for 1),65,Yes,319,"5,196","2,641",1,388,"2,166"
5100,Question 116 (Vote for 1),65,Yes,320,"1,778",904,0,112,762
5100,Question 116 (Vote for 1),65,Yes,321,328,128,0,26,174
5100,Question 116 (Vote for 1),65,Yes,322,269,106,0,21,142
5100,Question 116 (Vote for 1),65,Yes,324,519,177,0,40,302
5100,Question 116 (Vote for 1),65,Yes,325,155,82,0,14,59
5100,Question 116 (Vote for 1),65,Yes,326,"1,898",672,0,121,"1,105"
5100,Question 116 (Vote for 1),65,Yes,327,"5,317","2,793",0,477,"2,047"
5100,Question 116 (Vote for 1),65,Yes,328,931,394,0,62,475
5100,Question 116 (Vote for 1),65,Yes,329,"7,692","4,156",0,686,"2,850"
5100,Question 116 (Vote for 1),65,Yes,330,"2,150",941,1,188,"1,020"
5100,Question 116 (Vote for 1),65,Yes,331,"2,399","1,323",0,200,876
5100,Question 116 (Vote for 1),65,Yes,332,"2,550","1,471",0,232,847
5100,Question 116 (Vote for 1),65,Yes,333,"3,626","2,079",0,387,"1,160"
5100,Question 116 (Vote for 1),65,Yes,334,137,42,0,6,89
5100,Question 116 (Vote for 1),65,Yes,335,"4,268","1,983",1,324,"1,960"
5100,Question 116 (Vote for 1),65,Yes,336,"2,948","1,432",1,240,"1,275"
5100,Question 116 (Vote for 1),65,Yes,337,"1,086",536,0,127,423
5100,Question 116 (Vote for 1),65,Yes,338,"5,180","2,521",0,414,"2,245"
5100,Question 116 (Vote for 1),65,Yes,339,"4,822","2,297",0,485,"2,040"
5100,Question 116 (Vote for 1),65,Yes,340,"6,948","3,264",0,508,"3,176"
5100,Question 116 (Vote for 1),65,Yes,341,305,93,0,23,189
5100,Question 116 (Vote for 1),65,Yes,342,63,24,0,3,36
5100,Question 116 (Vote for 1),65,Yes,343,"2,608","1,245",0,221,"1,142"
5100,Question 116 (Vote for 1),65,Yes,344,"2,806","1,423",0,288,"1,095"
5100,Question 116 (Vote for 1),65,Yes,345,27,9,0,3,15
5100,Question 116 (Vote for 1),65,Yes,346,274,96,0,26,152
5100,Question 116 (Vote for 1),65,Yes,347,55,23,0,3,29
5100,Question 116 (Vote for 1),65,Yes,348,27,11,0,1,15
5100,Question 116 (Vote for 1),65,Yes,349,573,300,0,51,222
5100,Question 116 (Vote for 1),65,Yes,350,"6,361","3,545",2,515,"2,299"
5100,Question 116 (Vote for 1),65,Yes,351,"3,169","1,717",0,294,"1,158"
5100,Question 116 (Vote for 1),65,Yes,352,"1,138",700,0,108,330
5100,Question 116 (Vote for 1),65,Yes,353,"2,219","1,232",0,190,797
5100,Question 116 (Vote for 1),65,Yes,354,"1,811",940,0,147,724
5100,Question 116 (Vote for 1),65,Yes,355,"1,364",757,0,91,516
5100,Question 116 (Vote for 1),65,Yes,356,"1,662",840,1,120,701
5100,Question 116 (Vote for 1),65,Yes,357,813,409,0,94,310
5100,Question 116 (Vote for 1),65,Yes,358,"2,526","1,359",0,180,987
5100,Question 116 (Vote for 1),65,Yes,359,"2,324","1,225",0,223,876
5100,Question 116 (Vote for 1),65,Yes,360,"2,836","1,617",0,224,995
5100,Question 116 (Vote for 1),65,Yes,361,"2,052","1,275",0,168,609
5100,Question 116 (Vote for 1),65,Yes,362,"6,315","3,451",2,436,"2,426"
5100,Question 116 (Vote for 1),65,Yes,363,"2,925","1,589",0,257,"1,079"
5100,Question 116 (Vote for 1),65,Yes,364,"4,460","2,240",1,366,"1,853"
5100,Question 116 (Vote for 1),65,Yes,365,"4,622","2,494",0,355,"1,773"
5100,Question 116 (Vote for 1),65,Yes,366,"1,641",946,0,144,551
5100,Question 116 (Vote for 1),65,Yes,367,"4,269","2,128",1,361,"1,779"
5100,Question 116 (Vote for 1),65,Yes,368,"3,793","1,981",1,325,"1,486"
5100,Question 116 (Vote for 1),65,Yes,369,"1,660",816,0,129,715
5100,Question 116 (Vote for 1),65,Yes,370,"2,096","1,043",0,159,894
5100,Question 116 (Vote for 1),65,Yes,371,"2,037","1,059",0,127,851
5100,Question 116 (Vote for 1),65,Yes,372,"1,701",882,0,110,709
5100,Question 116 (Vote for 1),65,Yes,373,328,125,0,33,170
5100,Question 116 (Vote for 1),65,Yes,374,9,5,0,0,4
5100,Question 116 (Vote for 1),65,Yes,375,279,142,1,21,115
5100,Question 116 (Vote for 1),65,Yes,376,"1,779",876,0,125,778
5100,Question 116 (Vote for 1),65,Yes,377,"2,251","1,148",0,189,914
5100,Question 116 (Vote for 1),65,Yes,378,937,532,0,71,334
5100,Question 116 (Vote for 1),65,Yes,379,"3,854","2,058",0,308,"1,488"
5100,Question 116 (Vote for 1),65,Yes,380,"3,025","1,538",0,209,"1,278"
5100,Question 116 (Vote for 1),65,Yes,381,475,250,0,35,190
5100,Question 116 (Vote for 1),65,Yes,382,"3,905","2,018",1,313,"1,573"
5100,Question 116 (Vote for 1),65,Yes,383,"1,566",892,0,112,562
5100,Question 116 (Vote for 1),65,Yes,384,"4,477","2,514",1,345,"1,617"
5100,Question 116 (Vote for 1),65,Yes,385,770,392,1,51,326
5100,Question 116 (Vote for 1),65,Yes,386,"1,936",958,1,147,830
5100,Question 116 (Vote for 1),65,Yes,387,21,12,0,1,8
5100,Question 116 (Vote for 1),65,Yes,388,250,164,0,22,64
5100,Question 116 (Vote for 1),65,Yes,389,"7,639","3,885",1,663,"3,090"
5100,Question 116 (Vote for 1),65,Yes,390,"2,098","1,078",0,187,833
5100,Question 116 (Vote for 1),65,Yes,391,405,236,0,35,134
5100,Question 116 (Vote for 1),65,Yes,392,112,57,0,18,37
5100,Question 116 (Vote for 1),65,Yes,393,626,351,0,42,233
5100,Question 116 (Vote for 1),65,Yes,394,248,118,0,27,103
5100,Question 116 (Vote for 1),65,Yes,395,"5,402","2,876",0,456,"2,070"
5100,Question 116 (Vote for 1),65,Yes,396,830,430,0,67,333
5100,Question 116 (Vote for 1),65,Yes,397,"2,943","1,393",1,235,"1,314"
5100,Question 116 (Vote for 1),65,Yes,398,"1,773",813,1,133,826
5100,Question 116 (Vote for 1),65,Yes,399,"2,213","1,190",0,179,844
5100,Question 116 (Vote for 1),65,Yes,400,"3,519","1,853",0,298,"1,368"
5100,Question 116 (Vote for 1),65,Yes,401,"1,860","1,050",0,113,697
5100,Question 116 (Vote for 1),65,Yes,402,"6,413","3,017",1,531,"2,864"
5100,Question 116 (Vote for 1),65,Yes,403,"1,374",663,0,131,580
5100,Question 116 (Vote for 1),65,Yes,404,"5,913","2,988",1,578,"2,346"
5100,Question 116 (Vote for 1),65,Yes,405,"7,546","3,779",0,646,"3,121"
5100,Question 116 (Vote for 1),65,Yes,406,"2,033","1,191",0,182,660
5100,Question 116 (Vote for 1),65,Yes,407,870,431,0,74,365
5100,Question 116 (Vote for 1),65,Yes,408,322,160,0,28,134
5100,Question 116 (Vote for 1),65,Yes,409,"4,511","2,371",1,372,"1,767"
5100,Question 116 (Vote for 1),65,Yes,410,"1,322",648,1,111,562
5100,Question 116 (Vote for 1),65,Yes,411,"1,311",667,1,150,493
5100,Question 116 (Vote for 1),65,Yes,412,"1,749",825,0,116,808
5100,Question 116 (Vote for 1),65,Yes,413,"1,455",717,0,145,593
5100,Question 116 (Vote for 1),65,Yes,414,525,278,0,45,202
5100,Question 116 (Vote for 1),65,Yes,415,850,447,0,71,332
5100,Question 116 (Vote for 1),65,Yes,416,846,458,0,81,307
5100,Question 116 (Vote for 1),65,Yes,417,408,217,0,36,155
5100,Question 116 (Vote for 1),65,Yes,418,"3,030","1,618",1,193,"1,218"
5100,Question 116 (Vote for 1),65,Yes,419,"1,789",907,1,160,721
5100,Question 116 (Vote for 1),65,Yes,420,"3,223","1,547",0,230,"1,446"
5100,Question 116 (Vote for 1),65,Yes,421,499,237,0,55,207
5100,Question 116 (Vote for 1),65,Yes,422,17,3,0,1,13
5100,Question 116 (Vote for 1),65,Yes,423,"3,051","1,570",0,265,"1,216"
5100,Question 116 (Vote for 1),65,Yes,424,"4,657","2,031",0,421,"2,205"
5100,Question 116 (Vote for 1),65,Yes,425,683,268,0,54,361
5100,Question 116 (Vote for 1),65,Yes,426,436,164,0,28,244
5100,Question 116 (Vote for 1),65,Yes,427,"1,301",651,0,114,536
5100,Question 116 (Vote for 1),65,Yes,428,"1,359",712,0,114,533
5100,Question 116 (Vote for 1),65,Yes,429,"2,699","1,371",0,225,"1,103"
5100,Question 116 (Vote for 1),65,Yes,430,"2,310",907,1,138,"1,264"
5100,Question 116 (Vote for 1),65,Yes,431,775,296,0,52,427
5100,Question 116 (Vote for 1),65,Yes,432,306,171,0,28,107
5100,Question 116 (Vote for 1),65,Yes,433,"2,171",986,0,170,"1,015"
5100,Question 116 (Vote for 1),65,Yes,434,"4,401","2,227",0,352,"1,822"
5100,Question 116 (Vote for 1),65,Yes,435,"4,132","1,858",0,348,"1,926"
5100,Question 116 (Vote for 1),65,Yes,436,"2,242",997,0,195,"1,050"
5100,Question 116 (Vote for 1),65,Yes,437,63,26,0,3,34
5100,Question 116 (Vote for 1),65,Yes,438,493,181,0,34,278
5100,Question 116 (Vote for 1),65,Yes,439,"2,375","1,294",0,210,871
5100,Question 116 (Vote for 1),65,Yes,440,"1,461",799,0,111,551
5100,Question 116 (Vote for 1),65,Yes,441,70,34,0,2,34
5100,Question 116 (Vote for 1),65,Yes,442,"2,708","1,240",0,239,"1,229"
5100,Question 116 (Vote for 1),65,Yes,443,11,0,0,0,11
5100,Question 116 (Vote for 1),65,Yes,444,121,56,0,10,55
5100,Question 116 (Vote for 1),65,Yes,445,1,0,0,0,1
5100,Question 116 (Vote for 1),65,Yes,446,107,60,0,13,34
5100,Question 116 (Vote for 1),65,Yes,447,285,110,0,17,158
5100,Question 116 (Vote for 1),65,Yes,448,771,371,0,66,334
5100,Question 116 (Vote for 1),65,Yes,449,293,114,0,19,160
5100,Question 116 (Vote for 1),65,Yes,450,170,55,0,8,107
5100,Question 116 (Vote for 1),65,Yes,451,"1,066",597,0,92,377
5100,Question 116 (Vote for 1),65,Yes,452,99,31,0,7,61
5100,Question 116 (Vote for 1),65,Yes,453,11,6,0,0,5
5100,Question 116 (Vote for 1),65,Yes,454,19,7,0,1,11
5100,Question 116 (Vote for 1),65,Yes,455,"1,486",859,0,149,478
5100,Question 116 (Vote for 1),65,Yes,456,7,6,0,0,1
5100,Question 116 (Vote for 1),65,No,301,"1,724",986,0,135,603
5100,Question 116 (Vote for 1),65,No,302,"2,551","1,112",0,191,"1,248"
5100,Question 116 (Vote for 1),65,No,303,330,181,0,22,127
5100,Question 116 (Vote for 1),65,No,304,"1,076",499,0,83,494
5100,Question 116 (Vote for 1),65,No,305,953,500,0,80,373
5100,Question 116 (Vote for 1),65,No,306,579,189,0,34,356
5100,Question 116 (Vote for 1),65,No,307,"4,494","1,967",1,370,"2,156"
5100,Question 116 (Vote for 1),65,No,308,148,72,0,16,60
5100,Question 116 (Vote for 1),65,No,309,"4,308","1,789",2,340,"2,177"
5100,Question 116 (Vote for 1),65,No,310,614,326,0,54,234
5100,Question 116 (Vote for 1),65,No,311,684,368,0,30,286
5100,Question 116 (Vote for 1),65,No,312,"1,703",977,0,120,606
5100,Question 116 (Vote for 1),65,No,313,3,2,0,0,1
5100,Question 116 (Vote for 1),65,No,314,310,183,0,29,98
5100,Question 116 (Vote for 1),65,No,315,493,267,0,47,179
5100,Question 116 (Vote for 1),65,No,316,"1,719",932,0,133,654
5100,Question 116 (Vote for 1),65,No,317,169,112,0,10,47
5100,Question 116 (Vote for 1),65,No,318,"3,750","1,607",0,269,"1,874"
5100,Question 116 (Vote for 1),65,No,319,"5,196","2,166",1,388,"2,641"
5100,Question 116 (Vote for 1),65,No,320,"1,778",762,0,112,904
5100,Question 116 (Vote for 1),65,No,321,328,174,0,26,128
5100,Question 116 (Vote for 1),65,No,322,269,142,0,21,106
5100,Question 116 (Vote for 1),65,No,324,519,302,0,40,177
5100,Question 116 (Vote for 1),65,No,325,155,59,0,14,82
5100,Question 116 (Vote for 1),65,No,326,"1,898","1,105",0,121,672
5100,Question 116 (Vote for 1),65,No,327,"5,317","2,047",0,477,"2,793"
5100,Question 116 (Vote for 1),65,No,328,931,475,0,62,394
5100,Question 116 (Vote for 1),65,No,329,"7,692","2,850",0,686,"4,156"
5100,Question 116 (Vote for 1),65,No,330,"2,150","1,020",1,188,941
5100,Question 116 (Vote for 1),65,No,331,"2,399",876,0,200,"1,323"
5100,Question 116 (Vote for 1),65,No,332,"2,550",847,0,232,"1,471"
5100,Question 116 (Vote for 1),65,No,333,"3,626","1,160",0,387,"2,079"
5100,Question 116 (Vote for 1),65,No,334,137,89,0,6,42
5100,Question 116 (Vote for 1),65,No,335,"4,268","1,960",1,324,"1,983"
5100,Question 116 (Vote for 1),65,No,336,"2,948","1,275",1,240,"1,432"
5100,Question 116 (Vote for 1),65,No,337,"1,086",423,0,127,536
5100,Question 116 (Vote for 1),65,No,338,"5,180","2,245",0,414,"2,521"
5100,Question 116 (Vote for 1),65,No,339,"4,822","2,040",0,485,"2,297"
5100,Question 116 (Vote for 1),65,No,340,"6,948","3,176",0,508,"3,264"
5100,Question 116 (Vote for 1),65,No,341,305,189,0,23,93
5100,Question 116 (Vote for 1),65,No,342,63,36,0,3,24
5100,Question 116 (Vote for 1),65,No,343,"2,608","1,142",0,221,"1,245"
5100,Question 116 (Vote for 1),65,No,344,"2,806","1,095",0,288,"1,423"
5100,Question 116 (Vote for 1),65,No,345,27,15,0,3,9
5100,Question 116 (Vote for 1),65,No,346,274,152,0,26,96
5100,Question 116 (Vote for 1),65,No,347,55,29,0,3,23
5100,Question 116 (Vote for 1),65,No,348,27,15,0,1,11
5100,Question 116 (Vote for 1),65,No,349,573,222,0,51,300
5100,Question 116 (Vote for 1),65,No,350,"6,361","2,299",2,515,"3,545"
5100,Question 116 (Vote for 1),65,No,351,"3,169","1,158",0,294,"1,717"
5100,Question 116 (Vote for 1),65,No,352,"1,138",330,0,108,700
5100,Question 116 (Vote for 1),65,No,353,"2,219",797,0,190,"1,232"
5100,Question 116 (Vote for 1),65,No,354,"1,811",724,0,147,940
5100,Question 116 (Vote for 1),65,No,355,"1,364",516,0,91,757
5100,Question 116 (Vote for 1),65,No,356,"1,662",701,1,120,840
5100,Question 116 (Vote for 1),65,No,357,813,310,0,94,409
5100,Question 116 (Vote for 1),65,No,358,"2,526",987,0,180,"1,359"
5100,Question 116 (Vote for 1),65,No,359,"2,324",876,0,223,"1,225"
5100,Question 116 (Vote for 1),65,No,360,"2,836",995,0,224,"1,617"
5100,Question 116 (Vote for 1),65,No,361,"2,052",609,0,168,"1,275"
5100,Question 116 (Vote for 1),65,No,362,"6,315","2,426",2,436,"3,451"
5100,Question 116 (Vote for 1),65,No,363,"2,925","1,079",0,257,"1,589"
5100,Question 116 (Vote for 1),65,No,364,"4,460","1,853",1,366,"2,240"
5100,Question 116 (Vote for 1),65,No,365,"4,622","1,773",0,355,"2,494"
5100,Question 116 (Vote for 1),65,No,366,"1,641",551,0,144,946
5100,Question 116 (Vote for 1),65,No,367,"4,269","1,779",1,361,"2,128"
5100,Question 116 (Vote for 1),65,No,368,"3,793","1,486",1,325,"1,981"
5100,Question 116 (Vote for 1),65,No,369,"1,660",715,0,129,816
5100,Question 116 (Vote for 1),65,No,370,"2,096",894,0,159,"1,043"
5100,Question 116 (Vote for 1),65,No,371,"2,037",851,0,127,"1,059"
5100,Question 116 (Vote for 1),65,No,372,"1,701",709,0,110,882
5100,Question 116 (Vote for 1),65,No,373,328,170,0,33,125
5100,Question 116 (Vote for 1),65,No,374,9,4,0,0,5
5100,Question 116 (Vote for 1),65,No,375,279,115,1,21,142
5100,Question 116 (Vote for 1),65,No,376,"1,779",778,0,125,876
5100,Question 116 (Vote for 1),65,No,377,"2,251",914,0,189,"1,148"
5100,Question 116 (Vote for 1),65,No,378,937,334,0,71,532
5100,Question 116 (Vote for 1),65,No,379,"3,854","1,488",0,308,"2,058"
5100,Question 116 (Vote for 1),65,No,380,"3,025","1,278",0,209,"1,538"
5100,Question 116 (Vote for 1),65,No,381,475,190,0,35,250
5100,Question 116 (Vote for 1),65,No,382,"3,905","1,573",1,313,"2,018"
5100,Question 116 (Vote for 1),65,No,383,"1,566",562,0,112,892
5100,Question 116 (Vote for 1),65,No,384,"4,477","1,617",1,345,"2,514"
5100,Question 116 (Vote for 1),65,No,385,770,326,1,51,392
5100,Question 116 (Vote for 1),65,No,386,"1,936",830,1,147,958
5100,Question 116 (Vote for 1),65,No,387,21,8,0,1,12
5100,Question 116 (Vote for 1),65,No,388,250,64,0,22,164
5100,Question 116 (Vote for 1),65,No,389,"7,639","3,090",1,663,"3,885"
5100,Question 116 (Vote for 1),65,No,390,"2,098",833,0,187,"1,078"
5100,Question 116 (Vote for 1),65,No,391,405,134,0,35,236
5100,Question 116 (Vote for 1),65,No,392,112,37,0,18,57
5100,Question 116 (Vote for 1),65,No,393,626,233,0,42,351
5100,Question 116 (Vote for 1),65,No,394,248,103,0,27,118
5100,Question 116 (Vote for 1),65,No,395,"5,402","2,070",0,456,"2,876"
5100,Question 116 (Vote for 1),65,No,396,830,333,0,67,430
5100,Question 116 (Vote for 1),65,No,397,"2,943","1,314",1,235,"1,393"
5100,Question 116 (Vote for 1),65,No,398,"1,773",826,1,133,813
5100,Question 116 (Vote for 1),65,No,399,"2,213",844,0,179,"1,190"
5100,Question 116 (Vote for 1),65,No,400,"3,519","1,368",0,298,"1,853"
5100,Question 116 (Vote for 1),65,No,401,"1,860",697,0,113,"1,050"
5100,Question 116 (Vote for 1),65,No,402,"6,413","2,864",1,531,"3,017"
5100,Question 116 (Vote for 1),65,No,403,"1,374",580,0,131,663
5100,Question 116 (Vote for 1),65,No,404,"5,913","2,346",1,578,"2,988"
5100,Question 116 (Vote for 1),65,No,405,"7,546","3,121",0,646,"3,779"
5100,Question 116 (Vote for 1),65,No,406,"2,033",660,0,182,"1,191"
5100,Question 116 (Vote for 1),65,No,407,870,365,0,74,431
5100,Question 116 (Vote for 1),65,No,408,322,134,0,28,160
5100,Question 116 (Vote for 1),65,No,409,"4,511","1,767",1,372,"2,371"
5100,Question 116 (Vote for 1),65,No,410,"1,322",562,1,111,648
5100,Question 116 (Vote for 1),65,No,411,"1,311",493,1,150,667
5100,Question 116 (Vote for 1),65,No,412,"1,749",808,0,116,825
5100,Question 116 (Vote for 1),65,No,413,"1,455",593,0,145,717
5100,Question 116 (Vote for 1),65,No,414,525,202,0,45,278
5100,Question 116 (Vote for 1),65,No,415,850,332,0,71,447
5100,Question 116 (Vote for 1),65,No,416,846,307,0,81,458
5100,Question 116 (Vote for 1),65,No,417,408,155,0,36,217
5100,Question 116 (Vote for 1),65,No,418,"3,030","1,218",1,193,"1,618"
5100,Question 116 (Vote for 1),65,No,419,"1,789",721,1,160,907
5100,Question 116 (Vote for 1),65,No,420,"3,223","1,446",0,230,"1,547"
5100,Question 116 (Vote for 1),65,No,421,499,207,0,55,237
5100,Question 116 (Vote for 1),65,No,422,17,13,0,1,3
5100,Question 116 (Vote for 1),65,No,423,"3,051","1,216",0,265,"1,570"
5100,Question 116 (Vote for 1),65,No,424,"4,657","2,205",0,421,"2,031"
5100,Question 116 (Vote for 1),65,No,425,683,361,0,54,268
5100,Question 116 (Vote for 1),65,No,426,436,244,0,28,164
5100,Question 116 (Vote for 1),65,No,427,"1,301",536,0,114,651
5100,Question 116 (Vote for 1),65,No,428,"1,359",533,0,114,712
5100,Question 116 (Vote for 1),65,No,429,"2,699","1,103",0,225,"1,371"
5100,Question 116 (Vote for 1),65,No,430,"2,310","1,264",1,138,907
5100,Question 116 (Vote for 1),65,No,431,775,427,0,52,296
5100,Question 116 (Vote for 1),65,No,432,306,107,0,28,171
5100,Question 116 (Vote for 1),65,No,433,"2,171","1,015",0,170,986
5100,Question 116 (Vote for 1),65,No,434,"4,401","1,822",0,352,"2,227"
5100,Question 116 (Vote for 1),65,No,435,"4,132","1,926",0,348,"1,858"
5100,Question 116 (Vote for 1),65,No,436,"2,242","1,050",0,195,997
5100,Question 116 (Vote for 1),65,No,437,63,34,0,3,26
5100,Question 116 (Vote for 1),65,No,438,493,278,0,34,181
5100,Question 116 (Vote for 1),65,No,439,"2,375",871,0,210,"1,294"
5100,Question 116 (Vote for 1),65,No,440,"1,461",551,0,111,799
5100,Question 116 (Vote for 1),65,No,441,70,34,0,2,34
5100,Question 116 (Vote for 1),65,No,442,"2,708","1,229",0,239,"1,240"
5100,Question 116 (Vote for 1),65,No,443,11,11,0,0,0
5100,Question 116 (Vote for 1),65,No,444,121,55,0,10,56
5100,Question 116 (Vote for 1),65,No,445,1,1,0,0,0
5100,Question 116 (Vote for 1),65,No,446,107,34,0,13,60
5100,Question 116 (Vote for 1),65,No,447,285,158,0,17,110
5100,Question 116 (Vote for 1),65,No,448,771,334,0,66,371
5100,Question 116 (Vote for 1),65,No,449,293,160,0,19,114
5100,Question 116 (Vote for 1),65,No,450,170,107,0,8,55
5100,Question 116 (Vote for 1),65,No,451,"1,066",377,0,92,597
5100,Question 116 (Vote for 1),65,No,452,99,61,0,7,31
5100,Question 116 (Vote for 1),65,No,453,11,5,0,0,6
5100,Question 116 (Vote for 1),65,No,454,19,11,0,1,7
5100,Question 116 (Vote for 1),65,No,455,"1,486",478,0,149,859
5100,Question 116 (Vote for 1),65,No,456,7,1,0,0,6
5200,Question 117 (Vote for 1),66,Yes,301,"1,724",509,1,94,"1,120"
5200,Question 117 (Vote for 1),66,Yes,302,"2,551","1,125",0,141,"1,285"
5200,Question 117 (Vote for 1),66,Yes,303,330,107,0,15,208
5200,Question 117 (Vote for 1),66,Yes,304,"1,076",455,0,53,568
5200,Question 117 (Vote for 1),66,Yes,305,953,301,0,63,589
5200,Question 117 (Vote for 1),66,Yes,306,579,344,0,27,208
5200,Question 117 (Vote for 1),66,Yes,307,"4,494","1,897",0,272,"2,325"
5200,Question 117 (Vote for 1),66,Yes,308,148,61,0,12,75
5200,Question 117 (Vote for 1),66,Yes,309,"4,308","2,002",1,245,"2,060"
5200,Question 117 (Vote for 1),66,Yes,310,614,224,0,29,361
5200,Question 117 (Vote for 1),66,Yes,311,684,249,0,28,407
5200,Question 117 (Vote for 1),66,Yes,312,"1,703",552,0,92,"1,059"
5200,Question 117 (Vote for 1),66,Yes,313,3,1,0,0,2
5200,Question 117 (Vote for 1),66,Yes,314,310,86,0,30,194
5200,Question 117 (Vote for 1),66,Yes,315,493,175,0,33,285
5200,Question 117 (Vote for 1),66,Yes,316,"1,719",535,0,81,"1,103"
5200,Question 117 (Vote for 1),66,Yes,317,169,51,0,7,111
5200,Question 117 (Vote for 1),66,Yes,318,"3,750","1,690",1,215,"1,844"
5200,Question 117 (Vote for 1),66,Yes,319,"5,196","2,566",1,278,"2,351"
5200,Question 117 (Vote for 1),66,Yes,320,"1,778",874,0,79,825
5200,Question 117 (Vote for 1),66,Yes,321,328,117,0,19,192
5200,Question 117 (Vote for 1),66,Yes,322,269,100,0,20,149
5200,Question 117 (Vote for 1),66,Yes,324,519,164,0,28,327
5200,Question 117 (Vote for 1),66,Yes,325,155,94,0,6,55
5200,Question 117 (Vote for 1),66,Yes,326,"1,898",552,0,97,"1,249"
5200,Question 117 (Vote for 1),66,Yes,327,"5,317","2,578",1,357,"2,381"
5200,Question 117 (Vote for 1),66,Yes,328,931,309,0,53,569
5200,Question 117 (Vote for 1),66,Yes,329,"7,692","3,766",1,535,"3,390"
5200,Question 117 (Vote for 1),66,Yes,330,"2,150",842,0,151,"1,157"
5200,Question 117 (Vote for 1),66,Yes,331,"2,399","1,270",0,145,984
5200,Question 117 (Vote for 1),66,Yes,332,"2,550","1,447",0,172,931
5200,Question 117 (Vote for 1),66,Yes,333,"3,626","2,020",0,294,"1,312"
5200,Question 117 (Vote for 1),66,Yes,334,137,38,0,5,94
5200,Question 117 (Vote for 1),66,Yes,335,"4,268","1,750",0,249,"2,269"
5200,Question 117 (Vote for 1),66,Yes,336,"2,948","1,240",0,177,"1,531"
5200,Question 117 (Vote for 1),66,Yes,337,"1,086",507,0,95,484
5200,Question 117 (Vote for 1),66,Yes,338,"5,180","2,216",0,339,"2,625"
5200,Question 117 (Vote for 1),66,Yes,339,"4,822","2,108",0,371,"2,343"
5200,Question 117 (Vote for 1),66,Yes,340,"6,948","2,896",1,385,"3,666"
5200,Question 117 (Vote for 1),66,Yes,341,305,78,0,15,212
5200,Question 117 (Vote for 1),66,Yes,342,63,23,0,3,37
5200,Question 117 (Vote for 1),66,Yes,343,"2,608","1,153",1,164,"1,290"
5200,Question 117 (Vote for 1),66,Yes,344,"2,806","1,386",0,200,"1,220"
5200,Question 117 (Vote for 1),66,Yes,345,27,8,0,3,16
5200,Question 117 (Vote for 1),66,Yes,346,274,84,0,21,169
5200,Question 117 (Vote for 1),66,Yes,347,55,20,0,2,33
5200,Question 117 (Vote for 1),66,Yes,348,27,12,0,1,14
5200,Question 117 (Vote for 1),66,Yes,349,573,308,0,33,232
5200,Question 117 (Vote for 1),66,Yes,350,"6,361","3,326",0,381,"2,654"
5200,Question 117 (Vote for 1),66,Yes,351,"3,169","1,640",1,232,"1,296"
5200,Question 117 (Vote for 1),66,Yes,352,"1,138",700,0,86,352
5200,Question 117 (Vote for 1),66,Yes,353,"2,219","1,164",0,128,927
5200,Question 117 (Vote for 1),66,Yes,354,"1,811",882,1,107,821
5200,Question 117 (Vote for 1),66,Yes,355,"1,364",735,0,71,558
5200,Question 117 (Vote for 1),66,Yes,356,"1,662",788,2,83,789
5200,Question 117 (Vote for 1),66,Yes,357,813,410,0,76,327
5200,Question 117 (Vote for 1),66,Yes,358,"2,526","1,242",0,140,"1,144"
5200,Question 117 (Vote for 1),66,Yes,359,"2,324","1,167",0,173,984
5200,Question 117 (Vote for 1),66,Yes,360,"2,836","1,615",0,179,"1,042"
5200,Question 117 (Vote for 1),66,Yes,361,"2,052","1,223",0,123,706
5200,Question 117 (Vote for 1),66,Yes,362,"6,315","3,306",0,323,"2,686"
5200,Question 117 (Vote for 1),66,Yes,363,"2,925","1,511",0,183,"1,231"
5200,Question 117 (Vote for 1),66,Yes,364,"4,460","2,167",1,273,"2,019"
5200,Question 117 (Vote for 1),66,Yes,365,"4,622","2,359",0,265,"1,998"
5200,Question 117 (Vote for 1),66,Yes,366,"1,641",910,2,110,619
5200,Question 117 (Vote for 1),66,Yes,367,"4,269","2,109",0,277,"1,883"
5200,Question 117 (Vote for 1),66,Yes,368,"3,793","1,876",1,248,"1,668"
5200,Question 117 (Vote for 1),66,Yes,369,"1,660",732,0,89,839
5200,Question 117 (Vote for 1),66,Yes,370,"2,096",967,0,106,"1,023"
5200,Question 117 (Vote for 1),66,Yes,371,"2,037",972,1,89,975
5200,Question 117 (Vote for 1),66,Yes,372,"1,701",809,0,87,805
5200,Question 117 (Vote for 1),66,Yes,373,328,146,0,24,158
5200,Question 117 (Vote for 1),66,Yes,374,9,6,0,0,3
5200,Question 117 (Vote for 1),66,Yes,375,279,128,1,18,132
5200,Question 117 (Vote for 1),66,Yes,376,"1,779",818,0,99,862
5200,Question 117 (Vote for 1),66,Yes,377,"2,251","1,073",0,134,"1,044"
5200,Question 117 (Vote for 1),66,Yes,378,937,503,0,48,386
5200,Question 117 (Vote for 1),66,Yes,379,"3,854","1,897",0,201,"1,756"
5200,Question 117 (Vote for 1),66,Yes,380,"3,025","1,356",0,150,"1,519"
5200,Question 117 (Vote for 1),66,Yes,381,475,231,0,28,216
5200,Question 117 (Vote for 1),66,Yes,382,"3,905","1,907",1,250,"1,747"
5200,Question 117 (Vote for 1),66,Yes,383,"1,566",853,0,62,651
5200,Question 117 (Vote for 1),66,Yes,384,"4,477","2,356",0,250,"1,871"
5200,Question 117 (Vote for 1),66,Yes,385,770,339,0,39,392
5200,Question 117 (Vote for 1),66,Yes,386,"1,936",893,1,107,935
5200,Question 117 (Vote for 1),66,Yes,387,21,7,0,0,14
5200,Question 117 (Vote for 1),66,Yes,388,250,146,0,16,88
5200,Question 117 (Vote for 1),66,Yes,389,"7,639","3,611",1,505,"3,522"
5200,Question 117 (Vote for 1),66,Yes,390,"2,098",917,0,139,"1,042"
5200,Question 117 (Vote for 1),66,Yes,391,405,228,0,36,141
5200,Question 117 (Vote for 1),66,Yes,392,112,58,0,9,45
5200,Question 117 (Vote for 1),66,Yes,393,626,341,0,42,243
5200,Question 117 (Vote for 1),66,Yes,394,248,136,0,17,95
5200,Question 117 (Vote for 1),66,Yes,395,"5,402","2,583",1,363,"2,455"
5200,Question 117 (Vote for 1),66,Yes,396,830,378,0,53,399
5200,Question 117 (Vote for 1),66,Yes,397,"2,943","1,245",1,170,"1,527"
5200,Question 117 (Vote for 1),66,Yes,398,"1,773",735,1,88,949
5200,Question 117 (Vote for 1),66,Yes,399,"2,213","1,127",2,125,959
5200,Question 117 (Vote for 1),66,Yes,400,"3,519","1,756",0,232,"1,531"
5200,Question 117 (Vote for 1),66,Yes,401,"1,860",978,1,82,799
5200,Question 117 (Vote for 1),66,Yes,402,"6,413","2,726",0,401,"3,286"
5200,Question 117 (Vote for 1),66,Yes,403,"1,374",622,0,102,650
5200,Question 117 (Vote for 1),66,Yes,404,"5,913","2,893",0,410,"2,610"
5200,Question 117 (Vote for 1),66,Yes,405,"7,546","3,295",0,496,"3,755"
5200,Question 117 (Vote for 1),66,Yes,406,"2,033","1,230",0,126,677
5200,Question 117 (Vote for 1),66,Yes,407,870,394,0,51,425
5200,Question 117 (Vote for 1),66,Yes,408,322,152,0,23,147
5200,Question 117 (Vote for 1),66,Yes,409,"4,511","2,144",0,301,"2,066"
5200,Question 117 (Vote for 1),66,Yes,410,"1,322",597,0,85,640
5200,Question 117 (Vote for 1),66,Yes,411,"1,311",639,0,119,553
5200,Question 117 (Vote for 1),66,Yes,412,"1,749",755,3,82,909
5200,Question 117 (Vote for 1),66,Yes,413,"1,455",604,0,114,737
5200,Question 117 (Vote for 1),66,Yes,414,525,230,1,38,256
5200,Question 117 (Vote for 1),66,Yes,415,850,352,0,51,447
5200,Question 117 (Vote for 1),66,Yes,416,846,426,0,65,355
5200,Question 117 (Vote for 1),66,Yes,417,408,180,0,29,199
5200,Question 117 (Vote for 1),66,Yes,418,"3,030","1,440",0,151,"1,439"
5200,Question 117 (Vote for 1),66,Yes,419,"1,789",700,0,128,961
5200,Question 117 (Vote for 1),66,Yes,420,"3,223","1,312",0,181,"1,730"
5200,Question 117 (Vote for 1),66,Yes,421,499,244,0,32,223
5200,Question 117 (Vote for 1),66,Yes,422,17,1,0,0,16
5200,Question 117 (Vote for 1),66,Yes,423,"3,051","1,439",0,184,"1,428"
5200,Question 117 (Vote for 1),66,Yes,424,"4,657","1,877",0,322,"2,458"
5200,Question 117 (Vote for 1),66,Yes,425,683,192,0,38,453
5200,Question 117 (Vote for 1),66,Yes,426,436,148,0,19,269
5200,Question 117 (Vote for 1),66,Yes,427,"1,301",628,0,84,589
5200,Question 117 (Vote for 1),66,Yes,428,"1,359",634,0,104,621
5200,Question 117 (Vote for 1),66,Yes,429,"2,699","1,206",0,180,"1,313"
5200,Question 117 (Vote for 1),66,Yes,430,"2,310",760,1,111,"1,438"
5200,Question 117 (Vote for 1),66,Yes,431,775,265,0,30,480
5200,Question 117 (Vote for 1),66,Yes,432,306,151,0,24,131
5200,Question 117 (Vote for 1),66,Yes,433,"2,171",919,1,125,"1,126"
5200,Question 117 (Vote for 1),66,Yes,434,"4,401","2,020",1,258,"2,122"
5200,Question 117 (Vote for 1),66,Yes,435,"4,132","1,668",0,250,"2,214"
5200,Question 117 (Vote for 1),66,Yes,436,"2,242",809,0,150,"1,283"
5200,Question 117 (Vote for 1),66,Yes,437,63,31,0,3,29
5200,Question 117 (Vote for 1),66,Yes,438,493,152,0,18,323
5200,Question 117 (Vote for 1),66,Yes,439,"2,375","1,298",0,169,908
5200,Question 117 (Vote for 1),66,Yes,440,"1,461",751,0,82,628
5200,Question 117 (Vote for 1),66,Yes,441,70,46,0,3,21
5200,Question 117 (Vote for 1),66,Yes,442,"2,708","1,085",0,189,"1,434"
5200,Question 117 (Vote for 1),66,Yes,443,11,3,0,0,8
5200,Question 117 (Vote for 1),66,Yes,444,121,45,0,6,70
5200,Question 117 (Vote for 1),66,Yes,445,1,1,0,0,0
5200,Question 117 (Vote for 1),66,Yes,446,107,46,0,7,54
5200,Question 117 (Vote for 1),66,Yes,447,285,90,0,12,183
5200,Question 117 (Vote for 1),66,Yes,448,771,316,0,54,401
5200,Question 117 (Vote for 1),66,Yes,449,293,100,0,9,184
5200,Question 117 (Vote for 1),66,Yes,450,170,44,0,6,120
5200,Question 117 (Vote for 1),66,Yes,451,"1,066",544,0,66,456
5200,Question 117 (Vote for 1),66,Yes,452,99,32,0,6,61
5200,Question 117 (Vote for 1),66,Yes,453,11,1,0,0,10
5200,Question 117 (Vote for 1),66,Yes,454,19,7,0,1,11
5200,Question 117 (Vote for 1),66,Yes,455,"1,486",780,1,106,599
5200,Question 117 (Vote for 1),66,Yes,456,7,6,0,0,1
5200,Question 117 (Vote for 1),66,No,301,"1,724","1,120",1,94,509
5200,Question 117 (Vote for 1),66,No,302,"2,551","1,285",0,141,"1,125"
5200,Question 117 (Vote for 1),66,No,303,330,208,0,15,107
5200,Question 117 (Vote for 1),66,No,304,"1,076",568,0,53,455
5200,Question 117 (Vote for 1),66,No,305,953,589,0,63,301
5200,Question 117 (Vote for 1),66,No,306,579,208,0,27,344
5200,Question 117 (Vote for 1),66,No,307,"4,494","2,325",0,272,"1,897"
5200,Question 117 (Vote for 1),66,No,308,148,75,0,12,61
5200,Question 117 (Vote for 1),66,No,309,"4,308","2,060",1,245,"2,002"
5200,Question 117 (Vote for 1),66,No,310,614,361,0,29,224
5200,Question 117 (Vote for 1),66,No,311,684,407,0,28,249
5200,Question 117 (Vote for 1),66,No,312,"1,703","1,059",0,92,552
5200,Question 117 (Vote for 1),66,No,313,3,2,0,0,1
5200,Question 117 (Vote for 1),66,No,314,310,194,0,30,86
5200,Question 117 (Vote for 1),66,No,315,493,285,0,33,175
5200,Question 117 (Vote for 1),66,No,316,"1,719","1,103",0,81,535
5200,Question 117 (Vote for 1),66,No,317,169,111,0,7,51
5200,Question 117 (Vote for 1),66,No,318,"3,750","1,844",1,215,"1,690"
5200,Question 117 (Vote for 1),66,No,319,"5,196","2,351",1,278,"2,566"
5200,Question 117 (Vote for 1),66,No,320,"1,778",825,0,79,874
5200,Question 117 (Vote for 1),66,No,321,328,192,0,19,117
5200,Question 117 (Vote for 1),66,No,322,269,149,0,20,100
5200,Question 117 (Vote for 1),66,No,324,519,327,0,28,164
5200,Question 117 (Vote for 1),66,No,325,155,55,0,6,94
5200,Question 117 (Vote for 1),66,No,326,"1,898","1,249",0,97,552
5200,Question 117 (Vote for 1),66,No,327,"5,317","2,381",1,357,"2,578"
5200,Question 117 (Vote for 1),66,No,328,931,569,0,53,309
5200,Question 117 (Vote for 1),66,No,329,"7,692","3,390",1,535,"3,766"
5200,Question 117 (Vote for 1),66,No,330,"2,150","1,157",0,151,842
5200,Question 117 (Vote for 1),66,No,331,"2,399",984,0,145,"1,270"
5200,Question 117 (Vote for 1),66,No,332,"2,550",931,0,172,"1,447"
5200,Question 117 (Vote for 1),66,No,333,"3,626","1,312",0,294,"2,020"
5200,Question 117 (Vote for 1),66,No,334,137,94,0,5,38
5200,Question 117 (Vote for 1),66,No,335,"4,268","2,269",0,249,"1,750"
5200,Question 117 (Vote for 1),66,No,336,"2,948","1,531",0,177,"1,240"
5200,Question 117 (Vote for 1),66,No,337,"1,086",484,0,95,507
5200,Question 117 (Vote for 1),66,No,338,"5,180","2,625",0,339,"2,216"
5200,Question 117 (Vote for 1),66,No,339,"4,822","2,343",0,371,"2,108"
5200,Question 117 (Vote for 1),66,No,340,"6,948","3,666",1,385,"2,896"
5200,Question 117 (Vote for 1),66,No,341,305,212,0,15,78
5200,Question 117 (Vote for 1),66,No,342,63,37,0,3,23
5200,Question 117 (Vote for 1),66,No,343,"2,608","1,290",1,164,"1,153"
5200,Question 117 (Vote for 1),66,No,344,"2,806","1,220",0,200,"1,386"
5200,Question 117 (Vote for 1),66,No,345,27,16,0,3,8
5200,Question 117 (Vote for 1),66,No,346,274,169,0,21,84
5200,Question 117 (Vote for 1),66,No,347,55,33,0,2,20
5200,Question 117 (Vote for 1),66,No,348,27,14,0,1,12
5200,Question 117 (Vote for 1),66,No,349,573,232,0,33,308
5200,Question 117 (Vote for 1),66,No,350,"6,361","2,654",0,381,"3,326"
5200,Question 117 (Vote for 1),66,No,351,"3,169","1,296",1,232,"1,640"
5200,Question 117 (Vote for 1),66,No,352,"1,138",352,0,86,700
5200,Question 117 (Vote for 1),66,No,353,"2,219",927,0,128,"1,164"
5200,Question 117 (Vote for 1),66,No,354,"1,811",821,1,107,882
5200,Question 117 (Vote for 1),66,No,355,"1,364",558,0,71,735
5200,Question 117 (Vote for 1),66,No,356,"1,662",789,2,83,788
5200,Question 117 (Vote for 1),66,No,357,813,327,0,76,410
5200,Question 117 (Vote for 1),66,No,358,"2,526","1,144",0,140,"1,242"
5200,Question 117 (Vote for 1),66,No,359,"2,324",984,0,173,"1,167"
5200,Question 117 (Vote for 1),66,No,360,"2,836","1,042",0,179,"1,615"
5200,Question 117 (Vote for 1),66,No,361,"2,052",706,0,123,"1,223"
5200,Question 117 (Vote for 1),66,No,362,"6,315","2,686",0,323,"3,306"
5200,Question 117 (Vote for 1),66,No,363,"2,925","1,231",0,183,"1,511"
5200,Question 117 (Vote for 1),66,No,364,"4,460","2,019",1,273,"2,167"
5200,Question 117 (Vote for 1),66,No,365,"4,622","1,998",0,265,"2,359"
5200,Question 117 (Vote for 1),66,No,366,"1,641",619,2,110,910
5200,Question 117 (Vote for 1),66,No,367,"4,269","1,883",0,277,"2,109"
5200,Question 117 (Vote for 1),66,No,368,"3,793","1,668",1,248,"1,876"
5200,Question 117 (Vote for 1),66,No,369,"1,660",839,0,89,732
5200,Question 117 (Vote for 1),66,No,370,"2,096","1,023",0,106,967
5200,Question 117 (Vote for 1),66,No,371,"2,037",975,1,89,972
5200,Question 117 (Vote for 1),66,No,372,"1,701",805,0,87,809
5200,Question 117 (Vote for 1),66,No,373,328,158,0,24,146
5200,Question 117 (Vote for 1),66,No,374,9,3,0,0,6
5200,Question 117 (Vote for 1),66,No,375,279,132,1,18,128
5200,Question 117 (Vote for 1),66,No,376,"1,779",862,0,99,818
5200,Question 117 (Vote for 1),66,No,377,"2,251","1,044",0,134,"1,073"
5200,Question 117 (Vote for 1),66,No,378,937,386,0,48,503
5200,Question 117 (Vote for 1),66,No,379,"3,854","1,756",0,201,"1,897"
5200,Question 117 (Vote for 1),66,No,380,"3,025","1,519",0,150,"1,356"
5200,Question 117 (Vote for 1),66,No,381,475,216,0,28,231
5200,Question 117 (Vote for 1),66,No,382,"3,905","1,747",1,250,"1,907"
5200,Question 117 (Vote for 1),66,No,383,"1,566",651,0,62,853
5200,Question 117 (Vote for 1),66,No,384,"4,477","1,871",0,250,"2,356"
5200,Question 117 (Vote for 1),66,No,385,770,392,0,39,339
5200,Question 117 (Vote for 1),66,No,386,"1,936",935,1,107,893
5200,Question 117 (Vote for 1),66,No,387,21,14,0,0,7
5200,Question 117 (Vote for 1),66,No,388,250,88,0,16,146
5200,Question 117 (Vote for 1),66,No,389,"7,639","3,522",1,505,"3,611"
5200,Question 117 (Vote for 1),66,No,390,"2,098","1,042",0,139,917
5200,Question 117 (Vote for 1),66,No,391,405,141,0,36,228
5200,Question 117 (Vote for 1),66,No,392,112,45,0,9,58
5200,Question 117 (Vote for 1),66,No,393,626,243,0,42,341
5200,Question 117 (Vote for 1),66,No,394,248,95,0,17,136
5200,Question 117 (Vote for 1),66,No,395,"5,402","2,455",1,363,"2,583"
5200,Question 117 (Vote for 1),66,No,396,830,399,0,53,378
5200,Question 117 (Vote for 1),66,No,397,"2,943","1,527",1,170,"1,245"
5200,Question 117 (Vote for 1),66,No,398,"1,773",949,1,88,735
5200,Question 117 (Vote for 1),66,No,399,"2,213",959,2,125,"1,127"
5200,Question 117 (Vote for 1),66,No,400,"3,519","1,531",0,232,"1,756"
5200,Question 117 (Vote for 1),66,No,401,"1,860",799,1,82,978
5200,Question 117 (Vote for 1),66,No,402,"6,413","3,286",0,401,"2,726"
5200,Question 117 (Vote for 1),66,No,403,"1,374",650,0,102,622
5200,Question 117 (Vote for 1),66,No,404,"5,913","2,610",0,410,"2,893"
5200,Question 117 (Vote for 1),66,No,405,"7,546","3,755",0,496,"3,295"
5200,Question 117 (Vote for 1),66,No,406,"2,033",677,0,126,"1,230"
5200,Question 117 (Vote for 1),66,No,407,870,425,0,51,394
5200,Question 117 (Vote for 1),66,No,408,322,147,0,23,152
5200,Question 117 (Vote for 1),66,No,409,"4,511","2,066",0,301,"2,144"
5200,Question 117 (Vote for 1),66,No,410,"1,322",640,0,85,597
5200,Question 117 (Vote for 1),66,No,411,"1,311",553,0,119,639
5200,Question 117 (Vote for 1),66,No,412,"1,749",909,3,82,755
5200,Question 117 (Vote for 1),66,No,413,"1,455",737,0,114,604
5200,Question 117 (Vote for 1),66,No,414,525,256,1,38,230
5200,Question 117 (Vote for 1),66,No,415,850,447,0,51,352
5200,Question 117 (Vote for 1),66,No,416,846,355,0,65,426
5200,Question 117 (Vote for 1),66,No,417,408,199,0,29,180
5200,Question 117 (Vote for 1),66,No,418,"3,030","1,439",0,151,"1,440"
5200,Question 117 (Vote for 1),66,No,419,"1,789",961,0,128,700
5200,Question 117 (Vote for 1),66,No,420,"3,223","1,730",0,181,"1,312"
5200,Question 117 (Vote for 1),66,No,421,499,223,0,32,244
5200,Question 117 (Vote for 1),66,No,422,17,16,0,0,1
5200,Question 117 (Vote for 1),66,No,423,"3,051","1,428",0,184,"1,439"
5200,Question 117 (Vote for 1),66,No,424,"4,657","2,458",0,322,"1,877"
5200,Question 117 (Vote for 1),66,No,425,683,453,0,38,192
5200,Question 117 (Vote for 1),66,No,426,436,269,0,19,148
5200,Question 117 (Vote for 1),66,No,427,"1,301",589,0,84,628
5200,Question 117 (Vote for 1),66,No,428,"1,359",621,0,104,634
5200,Question 117 (Vote for 1),66,No,429,"2,699","1,313",0,180,"1,206"
5200,Question 117 (Vote for 1),66,No,430,"2,310","1,438",1,111,760
5200,Question 117 (Vote for 1),66,No,431,775,480,0,30,265
5200,Question 117 (Vote for 1),66,No,432,306,131,0,24,151
5200,Question 117 (Vote for 1),66,No,433,"2,171","1,126",1,125,919
5200,Question 117 (Vote for 1),66,No,434,"4,401","2,122",1,258,"2,020"
5200,Question 117 (Vote for 1),66,No,435,"4,132","2,214",0,250,"1,668"
5200,Question 117 (Vote for 1),66,No,436,"2,242","1,283",0,150,809
5200,Question 117 (Vote for 1),66,No,437,63,29,0,3,31
5200,Question 117 (Vote for 1),66,No,438,493,323,0,18,152
5200,Question 117 (Vote for 1),66,No,439,"2,375",908,0,169,"1,298"
5200,Question 117 (Vote for 1),66,No,440,"1,461",628,0,82,751
5200,Question 117 (Vote for 1),66,No,441,70,21,0,3,46
5200,Question 117 (Vote for 1),66,No,442,"2,708","1,434",0,189,"1,085"
5200,Question 117 (Vote for 1),66,No,443,11,8,0,0,3
5200,Question 117 (Vote for 1),66,No,444,121,70,0,6,45
5200,Question 117 (Vote for 1),66,No,445,1,0,0,0,1
5200,Question 117 (Vote for 1),66,No,446,107,54,0,7,46
5200,Question 117 (Vote for 1),66,No,447,285,183,0,12,90
5200,Question 117 (Vote for 1),66,No,448,771,401,0,54,316
5200,Question 117 (Vote for 1),66,No,449,293,184,0,9,100
5200,Question 117 (Vote for 1),66,No,450,170,120,0,6,44
5200,Question 117 (Vote for 1),66,No,451,"1,066",456,0,66,544
5200,Question 117 (Vote for 1),66,No,452,99,61,0,6,32
5200,Question 117 (Vote for 1),66,No,453,11,10,0,0,1
5200,Question 117 (Vote for 1),66,No,454,19,11,0,1,7
5200,Question 117 (Vote for 1),66,No,455,"1,486",599,1,106,780
5200,Question 117 (Vote for 1),66,No,456,7,1,0,0,6
5300,Question 118 (Vote for 1),67,Yes,301,"1,724",255,0,89,"1,380"
5300,Question 118 (Vote for 1),67,Yes,302,"2,551",644,0,146,"1,761"
5300,Question 118 (Vote for 1),67,Yes,303,330,43,0,16,271
5300,Question 118 (Vote for 1),67,Yes,304,"1,076",240,0,54,782
5300,Question 118 (Vote for 1),67,Yes,305,953,179,0,59,715
5300,Question 118 (Vote for 1),67,Yes,306,579,194,0,27,358
5300,Question 118 (Vote for 1),67,Yes,307,"4,494","1,026",1,273,"3,194"
5300,Question 118 (Vote for 1),67,Yes,308,148,27,0,10,111
5300,Question 118 (Vote for 1),67,Yes,309,"4,308","1,065",1,241,"3,001"
5300,Question 118 (Vote for 1),67,Yes,310,614,78,0,29,507
5300,Question 118 (Vote for 1),67,Yes,311,684,127,0,22,535
5300,Question 118 (Vote for 1),67,Yes,312,"1,703",271,0,94,"1,338"
5300,Question 118 (Vote for 1),67,Yes,313,3,0,0,0,3
5300,Question 118 (Vote for 1),67,Yes,314,310,46,0,25,239
5300,Question 118 (Vote for 1),67,Yes,315,493,49,0,32,412
5300,Question 118 (Vote for 1),67,Yes,316,"1,719",237,0,60,"1,422"
5300,Question 118 (Vote for 1),67,Yes,317,169,26,0,5,138
5300,Question 118 (Vote for 1),67,Yes,318,"3,750",926,0,195,"2,629"
5300,Question 118 (Vote for 1),67,Yes,319,"5,196","1,345",1,291,"3,559"
5300,Question 118 (Vote for 1),67,Yes,320,"1,778",498,0,88,"1,192"
5300,Question 118 (Vote for 1),67,Yes,321,328,48,0,24,256
5300,Question 118 (Vote for 1),67,Yes,322,269,63,0,17,189
5300,Question 118 (Vote for 1),67,Yes,324,519,74,0,20,425
5300,Question 118 (Vote for 1),67,Yes,325,155,54,0,7,94
5300,Question 118 (Vote for 1),67,Yes,326,"1,898",275,0,88,"1,535"
5300,Question 118 (Vote for 1),67,Yes,327,"5,317","1,433",0,353,"3,531"
5300,Question 118 (Vote for 1),67,Yes,328,931,150,0,45,736
5300,Question 118 (Vote for 1),67,Yes,329,"7,692","2,078",1,539,"5,074"
5300,Question 118 (Vote for 1),67,Yes,330,"2,150",436,0,129,"1,585"
5300,Question 118 (Vote for 1),67,Yes,331,"2,399",654,0,155,"1,590"
5300,Question 118 (Vote for 1),67,Yes,332,"2,550",876,0,175,"1,499"
5300,Question 118 (Vote for 1),67,Yes,333,"3,626","1,261",3,307,"2,055"
5300,Question 118 (Vote for 1),67,Yes,334,137,20,0,4,113
5300,Question 118 (Vote for 1),67,Yes,335,"4,268",848,1,240,"3,179"
5300,Question 118 (Vote for 1),67,Yes,336,"2,948",741,1,172,"2,034"
5300,Question 118 (Vote for 1),67,Yes,337,"1,086",291,0,96,699
5300,Question 118 (Vote for 1),67,Yes,338,"5,180","1,215",0,311,"3,654"
5300,Question 118 (Vote for 1),67,Yes,339,"4,822","1,116",0,361,"3,345"
5300,Question 118 (Vote for 1),67,Yes,340,"6,948","1,452",0,345,"5,151"
5300,Question 118 (Vote for 1),67,Yes,341,305,41,0,13,251
5300,Question 118 (Vote for 1),67,Yes,342,63,10,0,1,52
5300,Question 118 (Vote for 1),67,Yes,343,"2,608",601,1,157,"1,849"
5300,Question 118 (Vote for 1),67,Yes,344,"2,806",751,1,177,"1,877"
5300,Question 118 (Vote for 1),67,Yes,345,27,4,0,3,20
5300,Question 118 (Vote for 1),67,Yes,346,274,35,0,17,222
5300,Question 118 (Vote for 1),67,Yes,347,55,9,0,5,41
5300,Question 118 (Vote for 1),67,Yes,348,27,2,0,2,23
5300,Question 118 (Vote for 1),67,Yes,349,573,140,0,27,406
5300,Question 118 (Vote for 1),67,Yes,350,"6,361","1,693",2,387,"4,279"
5300,Question 118 (Vote for 1),67,Yes,351,"3,169","1,003",0,237,"1,929"
5300,Question 118 (Vote for 1),67,Yes,352,"1,138",422,0,88,628
5300,Question 118 (Vote for 1),67,Yes,353,"2,219",574,1,131,"1,513"
5300,Question 118 (Vote for 1),67,Yes,354,"1,811",449,0,124,"1,238"
5300,Question 118 (Vote for 1),67,Yes,355,"1,364",315,0,67,982
5300,Question 118 (Vote for 1),67,Yes,356,"1,662",476,0,86,"1,100"
5300,Question 118 (Vote for 1),67,Yes,357,813,247,1,80,485
5300,Question 118 (Vote for 1),67,Yes,358,"2,526",653,0,126,"1,747"
5300,Question 118 (Vote for 1),67,Yes,359,"2,324",645,0,164,"1,515"
5300,Question 118 (Vote for 1),67,Yes,360,"2,836",902,0,167,"1,767"
5300,Question 118 (Vote for 1),67,Yes,361,"2,052",747,0,138,"1,167"
5300,Question 118 (Vote for 1),67,Yes,362,"6,315","1,568",0,343,"4,404"
5300,Question 118 (Vote for 1),67,Yes,363,"2,925",704,0,201,"2,020"
5300,Question 118 (Vote for 1),67,Yes,364,"4,460",776,0,251,"3,433"
5300,Question 118 (Vote for 1),67,Yes,365,"4,622",860,0,264,"3,498"
5300,Question 118 (Vote for 1),67,Yes,366,"1,641",502,0,106,"1,033"
5300,Question 118 (Vote for 1),67,Yes,367,"4,269",907,0,285,"3,077"
5300,Question 118 (Vote for 1),67,Yes,368,"3,793",908,0,237,"2,648"
5300,Question 118 (Vote for 1),67,Yes,369,"1,660",388,1,102,"1,169"
5300,Question 118 (Vote for 1),67,Yes,370,"2,096",453,0,111,"1,532"
5300,Question 118 (Vote for 1),67,Yes,371,"2,037",439,1,97,"1,500"
5300,Question 118 (Vote for 1),67,Yes,372,"1,701",317,0,84,"1,300"
5300,Question 118 (Vote for 1),67,Yes,373,328,55,0,18,255
5300,Question 118 (Vote for 1),67,Yes,374,9,0,0,0,9
5300,Question 118 (Vote for 1),67,Yes,375,279,50,0,16,213
5300,Question 118 (Vote for 1),67,Yes,376,"1,779",369,0,87,"1,323"
5300,Question 118 (Vote for 1),67,Yes,377,"2,251",436,0,142,"1,673"
5300,Question 118 (Vote for 1),67,Yes,378,937,192,0,46,699
5300,Question 118 (Vote for 1),67,Yes,379,"3,854","1,121",1,231,"2,501"
5300,Question 118 (Vote for 1),67,Yes,380,"3,025",684,0,146,"2,195"
5300,Question 118 (Vote for 1),67,Yes,381,475,98,0,29,348
5300,Question 118 (Vote for 1),67,Yes,382,"3,905","1,034",0,246,"2,625"
5300,Question 118 (Vote for 1),67,Yes,383,"1,566",396,0,85,"1,085"
5300,Question 118 (Vote for 1),67,Yes,384,"4,477","1,029",0,266,"3,182"
5300,Question 118 (Vote for 1),67,Yes,385,770,143,0,30,597
5300,Question 118 (Vote for 1),67,Yes,386,"1,936",323,0,103,"1,510"
5300,Question 118 (Vote for 1),67,Yes,387,21,8,0,1,12
5300,Question 118 (Vote for 1),67,Yes,388,250,89,0,21,140
5300,Question 118 (Vote for 1),67,Yes,389,"7,639","1,777",1,499,"5,362"
5300,Question 118 (Vote for 1),67,Yes,390,"2,098",430,0,127,"1,541"
5300,Question 118 (Vote for 1),67,Yes,391,405,142,0,29,234
5300,Question 118 (Vote for 1),67,Yes,392,112,35,0,10,67
5300,Question 118 (Vote for 1),67,Yes,393,626,119,0,37,470
5300,Question 118 (Vote for 1),67,Yes,394,248,71,0,26,151
5300,Question 118 (Vote for 1),67,Yes,395,"5,402","1,465",0,351,"3,586"
5300,Question 118 (Vote for 1),67,Yes,396,830,177,1,40,612
5300,Question 118 (Vote for 1),67,Yes,397,"2,943",602,1,158,"2,182"
5300,Question 118 (Vote for 1),67,Yes,398,"1,773",322,0,81,"1,370"
5300,Question 118 (Vote for 1),67,Yes,399,"2,213",571,0,127,"1,515"
5300,Question 118 (Vote for 1),67,Yes,400,"3,519",950,1,225,"2,343"
5300,Question 118 (Vote for 1),67,Yes,401,"1,860",390,0,78,"1,392"
5300,Question 118 (Vote for 1),67,Yes,402,"6,413","1,291",0,358,"4,764"
5300,Question 118 (Vote for 1),67,Yes,403,"1,374",295,0,95,984
5300,Question 118 (Vote for 1),67,Yes,404,"5,913","1,590",2,392,"3,929"
5300,Question 118 (Vote for 1),67,Yes,405,"7,546","1,694",0,495,"5,357"
5300,Question 118 (Vote for 1),67,Yes,406,"2,033",573,0,152,"1,308"
5300,Question 118 (Vote for 1),67,Yes,407,870,162,0,51,657
5300,Question 118 (Vote for 1),67,Yes,408,322,62,0,18,242
5300,Question 118 (Vote for 1),67,Yes,409,"4,511","1,150",0,292,"3,069"
5300,Question 118 (Vote for 1),67,Yes,410,"1,322",290,1,83,948
5300,Question 118 (Vote for 1),67,Yes,411,"1,311",364,0,107,840
5300,Question 118 (Vote for 1),67,Yes,412,"1,749",353,2,82,"1,312"
5300,Question 118 (Vote for 1),67,Yes,413,"1,455",340,0,105,"1,010"
5300,Question 118 (Vote for 1),67,Yes,414,525,95,0,29,401
5300,Question 118 (Vote for 1),67,Yes,415,850,246,0,56,548
5300,Question 118 (Vote for 1),67,Yes,416,846,226,0,69,551
5300,Question 118 (Vote for 1),67,Yes,417,408,113,0,29,266
5300,Question 118 (Vote for 1),67,Yes,418,"3,030",680,0,132,"2,218"
5300,Question 118 (Vote for 1),67,Yes,419,"1,789",390,0,131,"1,268"
5300,Question 118 (Vote for 1),67,Yes,420,"3,223",698,1,183,"2,341"
5300,Question 118 (Vote for 1),67,Yes,421,499,124,0,37,338
5300,Question 118 (Vote for 1),67,Yes,422,17,1,0,1,15
5300,Question 118 (Vote for 1),67,Yes,423,"3,051",866,0,189,"1,996"
5300,Question 118 (Vote for 1),67,Yes,424,"4,657",947,0,340,"3,370"
5300,Question 118 (Vote for 1),67,Yes,425,683,90,0,30,563
5300,Question 118 (Vote for 1),67,Yes,426,436,58,0,16,362
5300,Question 118 (Vote for 1),67,Yes,427,"1,301",315,0,83,903
5300,Question 118 (Vote for 1),67,Yes,428,"1,359",372,0,101,886
5300,Question 118 (Vote for 1),67,Yes,429,"2,699",661,0,155,"1,883"
5300,Question 118 (Vote for 1),67,Yes,430,"2,310",330,1,101,"1,878"
5300,Question 118 (Vote for 1),67,Yes,431,775,107,0,17,651
5300,Question 118 (Vote for 1),67,Yes,432,306,97,0,21,188
5300,Question 118 (Vote for 1),67,Yes,433,"2,171",495,1,126,"1,549"
5300,Question 118 (Vote for 1),67,Yes,434,"4,401","1,051",0,251,"3,099"
5300,Question 118 (Vote for 1),67,Yes,435,"4,132",896,0,265,"2,971"
5300,Question 118 (Vote for 1),67,Yes,436,"2,242",317,0,126,"1,799"
5300,Question 118 (Vote for 1),67,Yes,437,63,4,0,5,54
5300,Question 118 (Vote for 1),67,Yes,438,493,75,0,23,395
5300,Question 118 (Vote for 1),67,Yes,439,"2,375",664,0,154,"1,557"
5300,Question 118 (Vote for 1),67,Yes,440,"1,461",399,0,74,988
5300,Question 118 (Vote for 1),67,Yes,441,70,13,0,3,54
5300,Question 118 (Vote for 1),67,Yes,442,"2,708",559,0,184,"1,965"
5300,Question 118 (Vote for 1),67,Yes,443,11,3,0,0,8
5300,Question 118 (Vote for 1),67,Yes,444,121,24,0,7,90
5300,Question 118 (Vote for 1),67,Yes,445,1,0,0,0,1
5300,Question 118 (Vote for 1),67,Yes,446,107,30,0,15,62
5300,Question 118 (Vote for 1),67,Yes,447,285,43,0,11,231
5300,Question 118 (Vote for 1),67,Yes,448,771,152,0,56,563
5300,Question 118 (Vote for 1),67,Yes,449,293,40,0,7,246
5300,Question 118 (Vote for 1),67,Yes,450,170,18,0,7,145
5300,Question 118 (Vote for 1),67,Yes,451,"1,066",288,0,66,712
5300,Question 118 (Vote for 1),67,Yes,452,99,11,0,7,81
5300,Question 118 (Vote for 1),67,Yes,453,11,3,0,1,7
5300,Question 118 (Vote for 1),67,Yes,454,19,0,0,0,19
5300,Question 118 (Vote for 1),67,Yes,455,"1,486",466,0,113,907
5300,Question 118 (Vote for 1),67,Yes,456,7,5,0,0,2
5300,Question 118 (Vote for 1),67,No,301,"1,724","1,380",0,89,255
5300,Question 118 (Vote for 1),67,No,302,"2,551","1,761",0,146,644
5300,Question 118 (Vote for 1),67,No,303,330,271,0,16,43
5300,Question 118 (Vote for 1),67,No,304,"1,076",782,0,54,240
5300,Question 118 (Vote for 1),67,No,305,953,715,0,59,179
5300,Question 118 (Vote for 1),67,No,306,579,358,0,27,194
5300,Question 118 (Vote for 1),67,No,307,"4,494","3,194",1,273,"1,026"
5300,Question 118 (Vote for 1),67,No,308,148,111,0,10,27
5300,Question 118 (Vote for 1),67,No,309,"4,308","3,001",1,241,"1,065"
5300,Question 118 (Vote for 1),67,No,310,614,507,0,29,78
5300,Question 118 (Vote for 1),67,No,311,684,535,0,22,127
5300,Question 118 (Vote for 1),67,No,312,"1,703","1,338",0,94,271
5300,Question 118 (Vote for 1),67,No,313,3,3,0,0,0
5300,Question 118 (Vote for 1),67,No,314,310,239,0,25,46
5300,Question 118 (Vote for 1),67,No,315,493,412,0,32,49
5300,Question 118 (Vote for 1),67,No,316,"1,719","1,422",0,60,237
5300,Question 118 (Vote for 1),67,No,317,169,138,0,5,26
5300,Question 118 (Vote for 1),67,No,318,"3,750","2,629",0,195,926
5300,Question 118 (Vote for 1),67,No,319,"5,196","3,559",1,291,"1,345"
5300,Question 118 (Vote for 1),67,No,320,"1,778","1,192",0,88,498
5300,Question 118 (Vote for 1),67,No,321,328,256,0,24,48
5300,Question 118 (Vote for 1),67,No,322,269,189,0,17,63
5300,Question 118 (Vote for 1),67,No,324,519,425,0,20,74
5300,Question 118 (Vote for 1),67,No,325,155,94,0,7,54
5300,Question 118 (Vote for 1),67,No,326,"1,898","1,535",0,88,275
5300,Question 118 (Vote for 1),67,No,327,"5,317","3,531",0,353,"1,433"
5300,Question 118 (Vote for 1),67,No,328,931,736,0,45,150
5300,Question 118 (Vote for 1),67,No,329,"7,692","5,074",1,539,"2,078"
5300,Question 118 (Vote for 1),67,No,330,"2,150","1,585",0,129,436
5300,Question 118 (Vote for 1),67,No,331,"2,399","1,590",0,155,654
5300,Question 118 (Vote for 1),67,No,332,"2,550","1,499",0,175,876
5300,Question 118 (Vote for 1),67,No,333,"3,626","2,055",3,307,"1,261"
5300,Question 118 (Vote for 1),67,No,334,137,113,0,4,20
5300,Question 118 (Vote for 1),67,No,335,"4,268","3,179",1,240,848
5300,Question 118 (Vote for 1),67,No,336,"2,948","2,034",1,172,741
5300,Question 118 (Vote for 1),67,No,337,"1,086",699,0,96,291
5300,Question 118 (Vote for 1),67,No,338,"5,180","3,654",0,311,"1,215"
5300,Question 118 (Vote for 1),67,No,339,"4,822","3,345",0,361,"1,116"
5300,Question 118 (Vote for 1),67,No,340,"6,948","5,151",0,345,"1,452"
5300,Question 118 (Vote for 1),67,No,341,305,251,0,13,41
5300,Question 118 (Vote for 1),67,No,342,63,52,0,1,10
5300,Question 118 (Vote for 1),67,No,343,"2,608","1,849",1,157,601
5300,Question 118 (Vote for 1),67,No,344,"2,806","1,877",1,177,751
5300,Question 118 (Vote for 1),67,No,345,27,20,0,3,4
5300,Question 118 (Vote for 1),67,No,346,274,222,0,17,35
5300,Question 118 (Vote for 1),67,No,347,55,41,0,5,9
5300,Question 118 (Vote for 1),67,No,348,27,23,0,2,2
5300,Question 118 (Vote for 1),67,No,349,573,406,0,27,140
5300,Question 118 (Vote for 1),67,No,350,"6,361","4,279",2,387,"1,693"
5300,Question 118 (Vote for 1),67,No,351,"3,169","1,929",0,237,"1,003"
5300,Question 118 (Vote for 1),67,No,352,"1,138",628,0,88,422
5300,Question 118 (Vote for 1),67,No,353,"2,219","1,513",1,131,574
5300,Question 118 (Vote for 1),67,No,354,"1,811","1,238",0,124,449
5300,Question 118 (Vote for 1),67,No,355,"1,364",982,0,67,315
5300,Question 118 (Vote for 1),67,No,356,"1,662","1,100",0,86,476
5300,Question 118 (Vote for 1),67,No,357,813,485,1,80,247
5300,Question 118 (Vote for 1),67,No,358,"2,526","1,747",0,126,653
5300,Question 118 (Vote for 1),67,No,359,"2,324","1,515",0,164,645
5300,Question 118 (Vote for 1),67,No,360,"2,836","1,767",0,167,902
5300,Question 118 (Vote for 1),67,No,361,"2,052","1,167",0,138,747
5300,Question 118 (Vote for 1),67,No,362,"6,315","4,404",0,343,"1,568"
5300,Question 118 (Vote for 1),67,No,363,"2,925","2,020",0,201,704
5300,Question 118 (Vote for 1),67,No,364,"4,460","3,433",0,251,776
5300,Question 118 (Vote for 1),67,No,365,"4,622","3,498",0,264,860
5300,Question 118 (Vote for 1),67,No,366,"1,641","1,033",0,106,502
5300,Question 118 (Vote for 1),67,No,367,"4,269","3,077",0,285,907
5300,Question 118 (Vote for 1),67,No,368,"3,793","2,648",0,237,908
5300,Question 118 (Vote for 1),67,No,369,"1,660","1,169",1,102,388
5300,Question 118 (Vote for 1),67,No,370,"2,096","1,532",0,111,453
5300,Question 118 (Vote for 1),67,No,371,"2,037","1,500",1,97,439
5300,Question 118 (Vote for 1),67,No,372,"1,701","1,300",0,84,317
5300,Question 118 (Vote for 1),67,No,373,328,255,0,18,55
5300,Question 118 (Vote for 1),67,No,374,9,9,0,0,0
5300,Question 118 (Vote for 1),67,No,375,279,213,0,16,50
5300,Question 118 (Vote for 1),67,No,376,"1,779","1,323",0,87,369
5300,Question 118 (Vote for 1),67,No,377,"2,251","1,673",0,142,436
5300,Question 118 (Vote for 1),67,No,378,937,699,0,46,192
5300,Question 118 (Vote for 1),67,No,379,"3,854","2,501",1,231,"1,121"
5300,Question 118 (Vote for 1),67,No,380,"3,025","2,195",0,146,684
5300,Question 118 (Vote for 1),67,No,381,475,348,0,29,98
5300,Question 118 (Vote for 1),67,No,382,"3,905","2,625",0,246,"1,034"
5300,Question 118 (Vote for 1),67,No,383,"1,566","1,085",0,85,396
5300,Question 118 (Vote for 1),67,No,384,"4,477","3,182",0,266,"1,029"
5300,Question 118 (Vote for 1),67,No,385,770,597,0,30,143
5300,Question 118 (Vote for 1),67,No,386,"1,936","1,510",0,103,323
5300,Question 118 (Vote for 1),67,No,387,21,12,0,1,8
5300,Question 118 (Vote for 1),67,No,388,250,140,0,21,89
5300,Question 118 (Vote for 1),67,No,389,"7,639","5,362",1,499,"1,777"
5300,Question 118 (Vote for 1),67,No,390,"2,098","1,541",0,127,430
5300,Question 118 (Vote for 1),67,No,391,405,234,0,29,142
5300,Question 118 (Vote for 1),67,No,392,112,67,0,10,35
5300,Question 118 (Vote for 1),67,No,393,626,470,0,37,119
5300,Question 118 (Vote for 1),67,No,394,248,151,0,26,71
5300,Question 118 (Vote for 1),67,No,395,"5,402","3,586",0,351,"1,465"
5300,Question 118 (Vote for 1),67,No,396,830,612,1,40,177
5300,Question 118 (Vote for 1),67,No,397,"2,943","2,182",1,158,602
5300,Question 118 (Vote for 1),67,No,398,"1,773","1,370",0,81,322
5300,Question 118 (Vote for 1),67,No,399,"2,213","1,515",0,127,571
5300,Question 118 (Vote for 1),67,No,400,"3,519","2,343",1,225,950
5300,Question 118 (Vote for 1),67,No,401,"1,860","1,392",0,78,390
5300,Question 118 (Vote for 1),67,No,402,"6,413","4,764",0,358,"1,291"
5300,Question 118 (Vote for 1),67,No,403,"1,374",984,0,95,295
5300,Question 118 (Vote for 1),67,No,404,"5,913","3,929",2,392,"1,590"
5300,Question 118 (Vote for 1),67,No,405,"7,546","5,357",0,495,"1,694"
5300,Question 118 (Vote for 1),67,No,406,"2,033","1,308",0,152,573
5300,Question 118 (Vote for 1),67,No,407,870,657,0,51,162
5300,Question 118 (Vote for 1),67,No,408,322,242,0,18,62
5300,Question 118 (Vote for 1),67,No,409,"4,511","3,069",0,292,"1,150"
5300,Question 118 (Vote for 1),67,No,410,"1,322",948,1,83,290
5300,Question 118 (Vote for 1),67,No,411,"1,311",840,0,107,364
5300,Question 118 (Vote for 1),67,No,412,"1,749","1,312",2,82,353
5300,Question 118 (Vote for 1),67,No,413,"1,455","1,010",0,105,340
5300,Question 118 (Vote for 1),67,No,414,525,401,0,29,95
5300,Question 118 (Vote for 1),67,No,415,850,548,0,56,246
5300,Question 118 (Vote for 1),67,No,416,846,551,0,69,226
5300,Question 118 (Vote for 1),67,No,417,408,266,0,29,113
5300,Question 118 (Vote for 1),67,No,418,"3,030","2,218",0,132,680
5300,Question 118 (Vote for 1),67,No,419,"1,789","1,268",0,131,390
5300,Question 118 (Vote for 1),67,No,420,"3,223","2,341",1,183,698
5300,Question 118 (Vote for 1),67,No,421,499,338,0,37,124
5300,Question 118 (Vote for 1),67,No,422,17,15,0,1,1
5300,Question 118 (Vote for 1),67,No,423,"3,051","1,996",0,189,866
5300,Question 118 (Vote for 1),67,No,424,"4,657","3,370",0,340,947
5300,Question 118 (Vote for 1),67,No,425,683,563,0,30,90
5300,Question 118 (Vote for 1),67,No,426,436,362,0,16,58
5300,Question 118 (Vote for 1),67,No,427,"1,301",903,0,83,315
5300,Question 118 (Vote for 1),67,No,428,"1,359",886,0,101,372
5300,Question 118 (Vote for 1),67,No,429,"2,699","1,883",0,155,661
5300,Question 118 (Vote for 1),67,No,430,"2,310","1,878",1,101,330
5300,Question 118 (Vote for 1),67,No,431,775,651,0,17,107
5300,Question 118 (Vote for 1),67,No,432,306,188,0,21,97
5300,Question 118 (Vote for 1),67,No,433,"2,171","1,549",1,126,495
5300,Question 118 (Vote for 1),67,No,434,"4,401","3,099",0,251,"1,051"
5300,Question 118 (Vote for 1),67,No,435,"4,132","2,971",0,265,896
5300,Question 118 (Vote for 1),67,No,436,"2,242","1,799",0,126,317
5300,Question 118 (Vote for 1),67,No,437,63,54,0,5,4
5300,Question 118 (Vote for 1),67,No,438,493,395,0,23,75
5300,Question 118 (Vote for 1),67,No,439,"2,375","1,557",0,154,664
5300,Question 118 (Vote for 1),67,No,440,"1,461",988,0,74,399
5300,Question 118 (Vote for 1),67,No,441,70,54,0,3,13
5300,Question 118 (Vote for 1),67,No,442,"2,708","1,965",0,184,559
5300,Question 118 (Vote for 1),67,No,443,11,8,0,0,3
5300,Question 118 (Vote for 1),67,No,444,121,90,0,7,24
5300,Question 118 (Vote for 1),67,No,445,1,1,0,0,0
5300,Question 118 (Vote for 1),67,No,446,107,62,0,15,30
5300,Question 118 (Vote for 1),67,No,447,285,231,0,11,43
5300,Question 118 (Vote for 1),67,No,448,771,563,0,56,152
5300,Question 118 (Vote for 1),67,No,449,293,246,0,7,40
5300,Question 118 (Vote for 1),67,No,450,170,145,0,7,18
5300,Question 118 (Vote for 1),67,No,451,"1,066",712,0,66,288
5300,Question 118 (Vote for 1),67,No,452,99,81,0,7,11
5300,Question 118 (Vote for 1),67,No,453,11,7,0,1,3
5300,Question 118 (Vote for 1),67,No,454,19,19,0,0,0
5300,Question 118 (Vote for 1),67,No,455,"1,486",907,0,113,466
5300,Question 118 (Vote for 1),67,No,456,7,2,0,0,5
5400,Question 119 (Vote for 1),68,Yes,301,"1,724",662,0,144,918
5400,Question 119 (Vote for 1),68,Yes,302,"2,551","1,435",1,204,911
5400,Question 119 (Vote for 1),68,Yes,303,330,113,0,18,199
5400,Question 119 (Vote for 1),68,Yes,304,"1,076",602,0,78,396
5400,Question 119 (Vote for 1),68,Yes,305,953,439,0,86,428
5400,Question 119 (Vote for 1),68,Yes,306,579,402,0,33,144
5400,Question 119 (Vote for 1),68,Yes,307,"4,494","2,380",0,397,"1,717"
5400,Question 119 (Vote for 1),68,Yes,308,148,62,0,18,68
5400,Question 119 (Vote for 1),68,Yes,309,"4,308","2,477",0,368,"1,463"
5400,Question 119 (Vote for 1),68,Yes,310,614,258,0,54,302
5400,Question 119 (Vote for 1),68,Yes,311,684,316,0,47,321
5400,Question 119 (Vote for 1),68,Yes,312,"1,703",701,0,140,862
5400,Question 119 (Vote for 1),68,Yes,313,3,3,0,0,0
5400,Question 119 (Vote for 1),68,Yes,314,310,115,0,46,149
5400,Question 119 (Vote for 1),68,Yes,315,493,192,0,59,242
5400,Question 119 (Vote for 1),68,Yes,316,"1,719",629,0,151,939
5400,Question 119 (Vote for 1),68,Yes,317,169,62,0,7,100
5400,Question 119 (Vote for 1),68,Yes,318,"3,750","2,189",0,276,"1,285"
5400,Question 119 (Vote for 1),68,Yes,319,"5,196","3,150",0,395,"1,651"
5400,Question 119 (Vote for 1),68,Yes,320,"1,778","1,071",0,122,585
5400,Question 119 (Vote for 1),68,Yes,321,328,141,0,33,154
5400,Question 119 (Vote for 1),68,Yes,322,269,130,0,23,116
5400,Question 119 (Vote for 1),68,Yes,324,519,230,0,40,249
5400,Question 119 (Vote for 1),68,Yes,325,155,103,0,11,41
5400,Question 119 (Vote for 1),68,Yes,326,"1,898",681,0,160,"1,057"
5400,Question 119 (Vote for 1),68,Yes,327,"5,317","3,207",0,465,"1,645"
5400,Question 119 (Vote for 1),68,Yes,328,931,389,0,75,467
5400,Question 119 (Vote for 1),68,Yes,329,"7,692","4,673",0,721,"2,298"
5400,Question 119 (Vote for 1),68,Yes,330,"2,150","1,077",0,207,866
5400,Question 119 (Vote for 1),68,Yes,331,"2,399","1,450",0,237,712
5400,Question 119 (Vote for 1),68,Yes,332,"2,550","1,701",0,234,615
5400,Question 119 (Vote for 1),68,Yes,333,"3,626","2,436",0,388,802
5400,Question 119 (Vote for 1),68,Yes,334,137,54,0,8,75
5400,Question 119 (Vote for 1),68,Yes,335,"4,268","2,200",0,376,"1,692"
5400,Question 119 (Vote for 1),68,Yes,336,"2,948","1,591",0,249,"1,108"
5400,Question 119 (Vote for 1),68,Yes,337,"1,086",588,0,131,367
5400,Question 119 (Vote for 1),68,Yes,338,"5,180","2,897",0,441,"1,842"
5400,Question 119 (Vote for 1),68,Yes,339,"4,822","2,652",1,497,"1,672"
5400,Question 119 (Vote for 1),68,Yes,340,"6,948","3,753",0,522,"2,673"
5400,Question 119 (Vote for 1),68,Yes,341,305,102,0,29,174
5400,Question 119 (Vote for 1),68,Yes,342,63,32,0,5,26
5400,Question 119 (Vote for 1),68,Yes,343,"2,608","1,439",1,210,958
5400,Question 119 (Vote for 1),68,Yes,344,"2,806","1,668",0,275,863
5400,Question 119 (Vote for 1),68,Yes,345,27,8,0,5,14
5400,Question 119 (Vote for 1),68,Yes,346,274,118,0,28,128
5400,Question 119 (Vote for 1),68,Yes,347,55,22,0,4,29
5400,Question 119 (Vote for 1),68,Yes,348,27,12,0,2,13
5400,Question 119 (Vote for 1),68,Yes,349,573,344,0,44,185
5400,Question 119 (Vote for 1),68,Yes,350,"6,361","4,045",0,512,"1,804"
5400,Question 119 (Vote for 1),68,Yes,351,"3,169","1,980",0,289,900
5400,Question 119 (Vote for 1),68,Yes,352,"1,138",808,0,104,226
5400,Question 119 (Vote for 1),68,Yes,353,"2,219","1,383",0,208,628
5400,Question 119 (Vote for 1),68,Yes,354,"1,811","1,083",0,146,582
5400,Question 119 (Vote for 1),68,Yes,355,"1,364",857,0,94,413
5400,Question 119 (Vote for 1),68,Yes,356,"1,662",955,0,134,573
5400,Question 119 (Vote for 1),68,Yes,357,813,470,0,89,254
5400,Question 119 (Vote for 1),68,Yes,358,"2,526","1,483",0,188,855
5400,Question 119 (Vote for 1),68,Yes,359,"2,324","1,439",0,215,670
5400,Question 119 (Vote for 1),68,Yes,360,"2,836","1,871",0,220,745
5400,Question 119 (Vote for 1),68,Yes,361,"2,052","1,487",0,166,399
5400,Question 119 (Vote for 1),68,Yes,362,"6,315","3,855",0,482,"1,978"
5400,Question 119 (Vote for 1),68,Yes,363,"2,925","1,778",0,290,857
5400,Question 119 (Vote for 1),68,Yes,364,"4,460","2,359",1,410,"1,690"
5400,Question 119 (Vote for 1),68,Yes,365,"4,622","2,698",0,396,"1,528"
5400,Question 119 (Vote for 1),68,Yes,366,"1,641","1,088",0,146,407
5400,Question 119 (Vote for 1),68,Yes,367,"4,269","2,359",0,430,"1,480"
5400,Question 119 (Vote for 1),68,Yes,368,"3,793","2,219",0,360,"1,214"
5400,Question 119 (Vote for 1),68,Yes,369,"1,660",948,1,152,559
5400,Question 119 (Vote for 1),68,Yes,370,"2,096","1,170",0,158,768
5400,Question 119 (Vote for 1),68,Yes,371,"2,037","1,228",0,127,682
5400,Question 119 (Vote for 1),68,Yes,372,"1,701","1,009",0,128,564
5400,Question 119 (Vote for 1),68,Yes,373,328,141,0,43,144
5400,Question 119 (Vote for 1),68,Yes,374,9,5,0,0,4
5400,Question 119 (Vote for 1),68,Yes,375,279,157,0,31,91
5400,Question 119 (Vote for 1),68,Yes,376,"1,779","1,021",0,128,630
5400,Question 119 (Vote for 1),68,Yes,377,"2,251","1,191",1,227,832
5400,Question 119 (Vote for 1),68,Yes,378,937,592,0,83,262
5400,Question 119 (Vote for 1),68,Yes,379,"3,854","2,349",0,321,"1,184"
5400,Question 119 (Vote for 1),68,Yes,380,"3,025","1,729",0,225,"1,071"
5400,Question 119 (Vote for 1),68,Yes,381,475,288,0,43,144
5400,Question 119 (Vote for 1),68,Yes,382,"3,905","2,284",0,331,"1,290"
5400,Question 119 (Vote for 1),68,Yes,383,"1,566","1,002",0,115,449
5400,Question 119 (Vote for 1),68,Yes,384,"4,477","2,853",1,352,"1,271"
5400,Question 119 (Vote for 1),68,Yes,385,770,421,0,59,290
5400,Question 119 (Vote for 1),68,Yes,386,"1,936","1,066",2,152,716
5400,Question 119 (Vote for 1),68,Yes,387,21,16,0,1,4
5400,Question 119 (Vote for 1),68,Yes,388,250,169,0,31,50
5400,Question 119 (Vote for 1),68,Yes,389,"7,639","4,326",0,709,"2,604"
5400,Question 119 (Vote for 1),68,Yes,390,"2,098","1,138",2,223,735
5400,Question 119 (Vote for 1),68,Yes,391,405,282,0,43,80
5400,Question 119 (Vote for 1),68,Yes,392,112,72,0,12,28
5400,Question 119 (Vote for 1),68,Yes,393,626,396,0,54,176
5400,Question 119 (Vote for 1),68,Yes,394,248,142,0,26,80
5400,Question 119 (Vote for 1),68,Yes,395,"5,402","3,222",0,516,"1,664"
5400,Question 119 (Vote for 1),68,Yes,396,830,446,0,71,313
5400,Question 119 (Vote for 1),68,Yes,397,"2,943","1,494",0,233,"1,216"
5400,Question 119 (Vote for 1),68,Yes,398,"1,773",812,0,149,812
5400,Question 119 (Vote for 1),68,Yes,399,"2,213","1,326",0,187,700
5400,Question 119 (Vote for 1),68,Yes,400,"3,519","2,147",1,301,"1,070"
5400,Question 119 (Vote for 1),68,Yes,401,"1,860","1,189",1,117,553
5400,Question 119 (Vote for 1),68,Yes,402,"6,413","3,340",0,579,"2,494"
5400,Question 119 (Vote for 1),68,Yes,403,"1,374",745,0,143,486
5400,Question 119 (Vote for 1),68,Yes,404,"5,913","3,539",0,524,"1,850"
5400,Question 119 (Vote for 1),68,Yes,405,"7,546","4,248",0,681,"2,617"
5400,Question 119 (Vote for 1),68,Yes,406,"2,033","1,341",0,196,496
5400,Question 119 (Vote for 1),68,Yes,407,870,461,0,83,326
5400,Question 119 (Vote for 1),68,Yes,408,322,192,0,30,100
5400,Question 119 (Vote for 1),68,Yes,409,"4,511","2,654",0,390,"1,467"
5400,Question 119 (Vote for 1),68,Yes,410,"1,322",718,1,113,490
5400,Question 119 (Vote for 1),68,Yes,411,"1,311",729,0,158,424
5400,Question 119 (Vote for 1),68,Yes,412,"1,749",933,1,136,679
5400,Question 119 (Vote for 1),68,Yes,413,"1,455",796,0,155,504
5400,Question 119 (Vote for 1),68,Yes,414,525,270,0,53,202
5400,Question 119 (Vote for 1),68,Yes,415,850,507,0,67,276
5400,Question 119 (Vote for 1),68,Yes,416,846,528,0,98,220
5400,Question 119 (Vote for 1),68,Yes,417,408,264,0,34,110
5400,Question 119 (Vote for 1),68,Yes,418,"3,030","1,744",0,215,"1,071"
5400,Question 119 (Vote for 1),68,Yes,419,"1,789",990,0,172,627
5400,Question 119 (Vote for 1),68,Yes,420,"3,223","1,713",0,263,"1,247"
5400,Question 119 (Vote for 1),68,Yes,421,499,259,0,52,188
5400,Question 119 (Vote for 1),68,Yes,422,17,3,0,1,13
5400,Question 119 (Vote for 1),68,Yes,423,"3,051","1,816",0,245,990
5400,Question 119 (Vote for 1),68,Yes,424,"4,657","2,338",0,472,"1,847"
5400,Question 119 (Vote for 1),68,Yes,425,683,246,0,54,383
5400,Question 119 (Vote for 1),68,Yes,426,436,172,0,31,233
5400,Question 119 (Vote for 1),68,Yes,427,"1,301",691,0,147,463
5400,Question 119 (Vote for 1),68,Yes,428,"1,359",777,0,133,449
5400,Question 119 (Vote for 1),68,Yes,429,"2,699","1,501",0,241,957
5400,Question 119 (Vote for 1),68,Yes,430,"2,310","1,011",0,176,"1,123"
5400,Question 119 (Vote for 1),68,Yes,431,775,309,0,47,419
5400,Question 119 (Vote for 1),68,Yes,432,306,189,0,28,89
5400,Question 119 (Vote for 1),68,Yes,433,"2,171","1,191",0,179,801
5400,Question 119 (Vote for 1),68,Yes,434,"4,401","2,549",1,340,"1,511"
5400,Question 119 (Vote for 1),68,Yes,435,"4,132","2,148",0,389,"1,595"
5400,Question 119 (Vote for 1),68,Yes,436,"2,242","1,020",0,211,"1,011"
5400,Question 119 (Vote for 1),68,Yes,437,63,35,0,3,25
5400,Question 119 (Vote for 1),68,Yes,438,493,185,0,36,272
5400,Question 119 (Vote for 1),68,Yes,439,"2,375","1,456",0,248,671
5400,Question 119 (Vote for 1),68,Yes,440,"1,461",885,0,102,474
5400,Question 119 (Vote for 1),68,Yes,441,70,42,0,2,26
5400,Question 119 (Vote for 1),68,Yes,442,"2,708","1,399",0,284,"1,025"
5400,Question 119 (Vote for 1),68,Yes,443,11,5,0,0,6
5400,Question 119 (Vote for 1),68,Yes,444,121,49,0,12,60
5400,Question 119 (Vote for 1),68,Yes,445,1,0,0,0,1
5400,Question 119 (Vote for 1),68,Yes,446,107,62,0,17,28
5400,Question 119 (Vote for 1),68,Yes,447,285,109,0,20,156
5400,Question 119 (Vote for 1),68,Yes,448,771,391,0,85,295
5400,Question 119 (Vote for 1),68,Yes,449,293,119,0,21,153
5400,Question 119 (Vote for 1),68,Yes,450,170,63,0,13,94
5400,Question 119 (Vote for 1),68,Yes,451,"1,066",656,0,98,312
5400,Question 119 (Vote for 1),68,Yes,452,99,40,0,8,51
5400,Question 119 (Vote for 1),68,Yes,453,11,6,0,0,5
5400,Question 119 (Vote for 1),68,Yes,454,19,3,0,0,16
5400,Question 119 (Vote for 1),68,Yes,455,"1,486",973,0,126,387
5400,Question 119 (Vote for 1),68,Yes,456,7,7,0,0,0
5400,Question 119 (Vote for 1),68,No,301,"1,724",918,0,144,662
5400,Question 119 (Vote for 1),68,No,302,"2,551",911,1,204,"1,435"
5400,Question 119 (Vote for 1),68,No,303,330,199,0,18,113
5400,Question 119 (Vote for 1),68,No,304,"1,076",396,0,78,602
5400,Question 119 (Vote for 1),68,No,305,953,428,0,86,439
5400,Question 119 (Vote for 1),68,No,306,579,144,0,33,402
5400,Question 119 (Vote for 1),68,No,307,"4,494","1,717",0,397,"2,380"
5400,Question 119 (Vote for 1),68,No,308,148,68,0,18,62
5400,Question 119 (Vote for 1),68,No,309,"4,308","1,463",0,368,"2,477"
5400,Question 119 (Vote for 1),68,No,310,614,302,0,54,258
5400,Question 119 (Vote for 1),68,No,311,684,321,0,47,316
5400,Question 119 (Vote for 1),68,No,312,"1,703",862,0,140,701
5400,Question 119 (Vote for 1),68,No,313,3,0,0,0,3
5400,Question 119 (Vote for 1),68,No,314,310,149,0,46,115
5400,Question 119 (Vote for 1),68,No,315,493,242,0,59,192
5400,Question 119 (Vote for 1),68,No,316,"1,719",939,0,151,629
5400,Question 119 (Vote for 1),68,No,317,169,100,0,7,62
5400,Question 119 (Vote for 1),68,No,318,"3,750","1,285",0,276,"2,189"
5400,Question 119 (Vote for 1),68,No,319,"5,196","1,651",0,395,"3,150"
5400,Question 119 (Vote for 1),68,No,320,"1,778",585,0,122,"1,071"
5400,Question 119 (Vote for 1),68,No,321,328,154,0,33,141
5400,Question 119 (Vote for 1),68,No,322,269,116,0,23,130
5400,Question 119 (Vote for 1),68,No,324,519,249,0,40,230
5400,Question 119 (Vote for 1),68,No,325,155,41,0,11,103
5400,Question 119 (Vote for 1),68,No,326,"1,898","1,057",0,160,681
5400,Question 119 (Vote for 1),68,No,327,"5,317","1,645",0,465,"3,207"
5400,Question 119 (Vote for 1),68,No,328,931,467,0,75,389
5400,Question 119 (Vote for 1),68,No,329,"7,692","2,298",0,721,"4,673"
5400,Question 119 (Vote for 1),68,No,330,"2,150",866,0,207,"1,077"
5400,Question 119 (Vote for 1),68,No,331,"2,399",712,0,237,"1,450"
5400,Question 119 (Vote for 1),68,No,332,"2,550",615,0,234,"1,701"
5400,Question 119 (Vote for 1),68,No,333,"3,626",802,0,388,"2,436"
5400,Question 119 (Vote for 1),68,No,334,137,75,0,8,54
5400,Question 119 (Vote for 1),68,No,335,"4,268","1,692",0,376,"2,200"
5400,Question 119 (Vote for 1),68,No,336,"2,948","1,108",0,249,"1,591"
5400,Question 119 (Vote for 1),68,No,337,"1,086",367,0,131,588
5400,Question 119 (Vote for 1),68,No,338,"5,180","1,842",0,441,"2,897"
5400,Question 119 (Vote for 1),68,No,339,"4,822","1,672",1,497,"2,652"
5400,Question 119 (Vote for 1),68,No,340,"6,948","2,673",0,522,"3,753"
5400,Question 119 (Vote for 1),68,No,341,305,174,0,29,102
5400,Question 119 (Vote for 1),68,No,342,63,26,0,5,32
5400,Question 119 (Vote for 1),68,No,343,"2,608",958,1,210,"1,439"
5400,Question 119 (Vote for 1),68,No,344,"2,806",863,0,275,"1,668"
5400,Question 119 (Vote for 1),68,No,345,27,14,0,5,8
5400,Question 119 (Vote for 1),68,No,346,274,128,0,28,118
5400,Question 119 (Vote for 1),68,No,347,55,29,0,4,22
5400,Question 119 (Vote for 1),68,No,348,27,13,0,2,12
5400,Question 119 (Vote for 1),68,No,349,573,185,0,44,344
5400,Question 119 (Vote for 1),68,No,350,"6,361","1,804",0,512,"4,045"
5400,Question 119 (Vote for 1),68,No,351,"3,169",900,0,289,"1,980"
5400,Question 119 (Vote for 1),68,No,352,"1,138",226,0,104,808
5400,Question 119 (Vote for 1),68,No,353,"2,219",628,0,208,"1,383"
5400,Question 119 (Vote for 1),68,No,354,"1,811",582,0,146,"1,083"
5400,Question 119 (Vote for 1),68,No,355,"1,364",413,0,94,857
5400,Question 119 (Vote for 1),68,No,356,"1,662",573,0,134,955
5400,Question 119 (Vote for 1),68,No,357,813,254,0,89,470
5400,Question 119 (Vote for 1),68,No,358,"2,526",855,0,188,"1,483"
5400,Question 119 (Vote for 1),68,No,359,"2,324",670,0,215,"1,439"
5400,Question 119 (Vote for 1),68,No,360,"2,836",745,0,220,"1,871"
5400,Question 119 (Vote for 1),68,No,361,"2,052",399,0,166,"1,487"
5400,Question 119 (Vote for 1),68,No,362,"6,315","1,978",0,482,"3,855"
5400,Question 119 (Vote for 1),68,No,363,"2,925",857,0,290,"1,778"
5400,Question 119 (Vote for 1),68,No,364,"4,460","1,690",1,410,"2,359"
5400,Question 119 (Vote for 1),68,No,365,"4,622","1,528",0,396,"2,698"
5400,Question 119 (Vote for 1),68,No,366,"1,641",407,0,146,"1,088"
5400,Question 119 (Vote for 1),68,No,367,"4,269","1,480",0,430,"2,359"
5400,Question 119 (Vote for 1),68,No,368,"3,793","1,214",0,360,"2,219"
5400,Question 119 (Vote for 1),68,No,369,"1,660",559,1,152,948
5400,Question 119 (Vote for 1),68,No,370,"2,096",768,0,158,"1,170"
5400,Question 119 (Vote for 1),68,No,371,"2,037",682,0,127,"1,228"
5400,Question 119 (Vote for 1),68,No,372,"1,701",564,0,128,"1,009"
5400,Question 119 (Vote for 1),68,No,373,328,144,0,43,141
5400,Question 119 (Vote for 1),68,No,374,9,4,0,0,5
5400,Question 119 (Vote for 1),68,No,375,279,91,0,31,157
5400,Question 119 (Vote for 1),68,No,376,"1,779",630,0,128,"1,021"
5400,Question 119 (Vote for 1),68,No,377,"2,251",832,1,227,"1,191"
5400,Question 119 (Vote for 1),68,No,378,937,262,0,83,592
5400,Question 119 (Vote for 1),68,No,379,"3,854","1,184",0,321,"2,349"
5400,Question 119 (Vote for 1),68,No,380,"3,025","1,071",0,225,"1,729"
5400,Question 119 (Vote for 1),68,No,381,475,144,0,43,288
5400,Question 119 (Vote for 1),68,No,382,"3,905","1,290",0,331,"2,284"
5400,Question 119 (Vote for 1),68,No,383,"1,566",449,0,115,"1,002"
5400,Question 119 (Vote for 1),68,No,384,"4,477","1,271",1,352,"2,853"
5400,Question 119 (Vote for 1),68,No,385,770,290,0,59,421
5400,Question 119 (Vote for 1),68,No,386,"1,936",716,2,152,"1,066"
5400,Question 119 (Vote for 1),68,No,387,21,4,0,1,16
5400,Question 119 (Vote for 1),68,No,388,250,50,0,31,169
5400,Question 119 (Vote for 1),68,No,389,"7,639","2,604",0,709,"4,326"
5400,Question 119 (Vote for 1),68,No,390,"2,098",735,2,223,"1,138"
5400,Question 119 (Vote for 1),68,No,391,405,80,0,43,282
5400,Question 119 (Vote for 1),68,No,392,112,28,0,12,72
5400,Question 119 (Vote for 1),68,No,393,626,176,0,54,396
5400,Question 119 (Vote for 1),68,No,394,248,80,0,26,142
5400,Question 119 (Vote for 1),68,No,395,"5,402","1,664",0,516,"3,222"
5400,Question 119 (Vote for 1),68,No,396,830,313,0,71,446
5400,Question 119 (Vote for 1),68,No,397,"2,943","1,216",0,233,"1,494"
5400,Question 119 (Vote for 1),68,No,398,"1,773",812,0,149,812
5400,Question 119 (Vote for 1),68,No,399,"2,213",700,0,187,"1,326"
5400,Question 119 (Vote for 1),68,No,400,"3,519","1,070",1,301,"2,147"
5400,Question 119 (Vote for 1),68,No,401,"1,860",553,1,117,"1,189"
5400,Question 119 (Vote for 1),68,No,402,"6,413","2,494",0,579,"3,340"
5400,Question 119 (Vote for 1),68,No,403,"1,374",486,0,143,745
5400,Question 119 (Vote for 1),68,No,404,"5,913","1,850",0,524,"3,539"
5400,Question 119 (Vote for 1),68,No,405,"7,546","2,617",0,681,"4,248"
5400,Question 119 (Vote for 1),68,No,406,"2,033",496,0,196,"1,341"
5400,Question 119 (Vote for 1),68,No,407,870,326,0,83,461
5400,Question 119 (Vote for 1),68,No,408,322,100,0,30,192
5400,Question 119 (Vote for 1),68,No,409,"4,511","1,467",0,390,"2,654"
5400,Question 119 (Vote for 1),68,No,410,"1,322",490,1,113,718
5400,Question 119 (Vote for 1),68,No,411,"1,311",424,0,158,729
5400,Question 119 (Vote for 1),68,No,412,"1,749",679,1,136,933
5400,Question 119 (Vote for 1),68,No,413,"1,455",504,0,155,796
5400,Question 119 (Vote for 1),68,No,414,525,202,0,53,270
5400,Question 119 (Vote for 1),68,No,415,850,276,0,67,507
5400,Question 119 (Vote for 1),68,No,416,846,220,0,98,528
5400,Question 119 (Vote for 1),68,No,417,408,110,0,34,264
5400,Question 119 (Vote for 1),68,No,418,"3,030","1,071",0,215,"1,744"
5400,Question 119 (Vote for 1),68,No,419,"1,789",627,0,172,990
5400,Question 119 (Vote for 1),68,No,420,"3,223","1,247",0,263,"1,713"
5400,Question 119 (Vote for 1),68,No,421,499,188,0,52,259
5400,Question 119 (Vote for 1),68,No,422,17,13,0,1,3
5400,Question 119 (Vote for 1),68,No,423,"3,051",990,0,245,"1,816"
5400,Question 119 (Vote for 1),68,No,424,"4,657","1,847",0,472,"2,338"
5400,Question 119 (Vote for 1),68,No,425,683,383,0,54,246
5400,Question 119 (Vote for 1),68,No,426,436,233,0,31,172
5400,Question 119 (Vote for 1),68,No,427,"1,301",463,0,147,691
5400,Question 119 (Vote for 1),68,No,428,"1,359",449,0,133,777
5400,Question 119 (Vote for 1),68,No,429,"2,699",957,0,241,"1,501"
5400,Question 119 (Vote for 1),68,No,430,"2,310","1,123",0,176,"1,011"
5400,Question 119 (Vote for 1),68,No,431,775,419,0,47,309
5400,Question 119 (Vote for 1),68,No,432,306,89,0,28,189
5400,Question 119 (Vote for 1),68,No,433,"2,171",801,0,179,"1,191"
5400,Question 119 (Vote for 1),68,No,434,"4,401","1,511",1,340,"2,549"
5400,Question 119 (Vote for 1),68,No,435,"4,132","1,595",0,389,"2,148"
5400,Question 119 (Vote for 1),68,No,436,"2,242","1,011",0,211,"1,020"
5400,Question 119 (Vote for 1),68,No,437,63,25,0,3,35
5400,Question 119 (Vote for 1),68,No,438,493,272,0,36,185
5400,Question 119 (Vote for 1),68,No,439,"2,375",671,0,248,"1,456"
5400,Question 119 (Vote for 1),68,No,440,"1,461",474,0,102,885
5400,Question 119 (Vote for 1),68,No,441,70,26,0,2,42
5400,Question 119 (Vote for 1),68,No,442,"2,708","1,025",0,284,"1,399"
5400,Question 119 (Vote for 1),68,No,443,11,6,0,0,5
5400,Question 119 (Vote for 1),68,No,444,121,60,0,12,49
5400,Question 119 (Vote for 1),68,No,445,1,1,0,0,0
5400,Question 119 (Vote for 1),68,No,446,107,28,0,17,62
5400,Question 119 (Vote for 1),68,No,447,285,156,0,20,109
5400,Question 119 (Vote for 1),68,No,448,771,295,0,85,391
5400,Question 119 (Vote for 1),68,No,449,293,153,0,21,119
5400,Question 119 (Vote for 1),68,No,450,170,94,0,13,63
5400,Question 119 (Vote for 1),68,No,451,"1,066",312,0,98,656
5400,Question 119 (Vote for 1),68,No,452,99,51,0,8,40
5400,Question 119 (Vote for 1),68,No,453,11,5,0,0,6
5400,Question 119 (Vote for 1),68,No,454,19,16,0,0,3
5400,Question 119 (Vote for 1),68,No,455,"1,486",387,0,126,973
5400,Question 119 (Vote for 1),68,No,456,7,0,0,0,7
5550,Question 3-612 (Vote for 1),78,Yes,348,25,18,0,1,6
5550,Question 3-612 (Vote for 1),78,No,348,25,6,0,1,18
5700,Question 3-618 (Vote for 1),71,Yes,348,2,2,0,0,0
5700,Question 3-618 (Vote for 1),71,No,348,2,0,0,0,2
5800,Question 3-619 (Vote for 1),72,Yes,348,2,1,0,0,1
5800,Question 3-619 (Vote for 1),72,No,348,2,1,0,0,1
5900,Question 26-249 (Vote for 1),73,Yes,366,12,9,0,1,2
5900,Question 26-249 (Vote for 1),73,Yes,375,279,201,0,46,32
5900,Question 26-249 (Vote for 1),73,Yes,391,405,293,0,62,50
5900,Question 26-249 (Vote for 1),73,Yes,392,81,55,0,14,12
5900,Question 26-249 (Vote for 1),73,Yes,441,70,56,0,5,9
5900,Question 26-249 (Vote for 1),73,No,366,12,2,0,1,9
5900,Question 26-249 (Vote for 1),73,No,375,279,32,0,46,201
5900,Question 26-249 (Vote for 1),73,No,391,405,50,0,62,293
5900,Question 26-249 (Vote for 1),73,No,392,81,12,0,14,55
5900,Question 26-249 (Vote for 1),73,No,441,70,9,0,5,56
6000,Question 26-250 (Vote for 1),74,Yes,366,12,10,0,2,0
6000,Question 26-250 (Vote for 1),74,Yes,375,279,142,0,48,89
6000,Question 26-250 (Vote for 1),74,Yes,391,405,238,0,57,110
6000,Question 26-250 (Vote for 1),74,Yes,392,81,51,0,15,15
6000,Question 26-250 (Vote for 1),74,Yes,441,70,47,0,5,18
6000,Question 26-250 (Vote for 1),74,No,366,12,0,0,2,10
6000,Question 26-250 (Vote for 1),74,No,375,279,89,0,48,142
6000,Question 26-250 (Vote for 1),74,No,391,405,110,0,57,238
6000,Question 26-250 (Vote for 1),74,No,392,81,15,0,15,51
6000,Question 26-250 (Vote for 1),74,No,441,70,18,0,5,47
6100,Question 26-251 (Vote for 1),75,Yes,366,12,10,0,1,1
6100,Question 26-251 (Vote for 1),75,Yes,375,279,193,0,50,36
6100,Question 26-251 (Vote for 1),75,Yes,391,405,307,0,60,38
6100,Question 26-251 (Vote for 1),75,Yes,392,81,52,0,17,12
6100,Question 26-251 (Vote for 1),75,Yes,441,70,56,0,5,9
6100,Question 26-251 (Vote for 1),75,No,366,12,1,0,1,10
6100,Question 26-251 (Vote for 1),75,No,375,279,36,0,50,193
6100,Question 26-251 (Vote for 1),75,No,391,405,38,0,60,307
6100,Question 26-251 (Vote for 1),75,No,392,81,12,0,17,52
6100,Question 26-251 (Vote for 1),75,No,441,70,9,0,5,56
6200,Question 26-252 (Vote for 1),76,Yes,366,12,10,0,1,1
6200,Question 26-252 (Vote for 1),76,Yes,375,279,195,0,44,40
6200,Question 26-252 (Vote for 1),76,Yes,391,405,287,1,54,63
6200,Question 26-252 (Vote for 1),76,Yes,392,81,56,0,14,11
6200,Question 26-252 (Vote for 1),76,Yes,441,70,56,0,3,11
6200,Question 26-252 (Vote for 1),76,No,366,12,1,0,1,10
6200,Question 26-252 (Vote for 1),76,No,375,279,40,0,44,195
6200,Question 26-252 (Vote for 1),76,No,391,405,63,1,54,287
6200,Question 26-252 (Vote for 1),76,No,392,81,11,0,14,56
6200,Question 26-252 (Vote for 1),76,No,441,70,11,0,3,56
6300,Question 26-253 (Vote for 1),77,Yes,366,12,10,0,1,1
6300,Question 26-253 (Vote for 1),77,Yes,375,279,136,0,49,94
6300,Question 26-253 (Vote for 1),77,Yes,391,405,217,0,52,136
6300,Question 26-253 (Vote for 1),77,Yes,392,81,46,0,16,19
6300,Question 26-253 (Vote for 1),77,Yes,441,70,36,0,2,32
6300,Question 26-253 (Vote for 1),77,No,366,12,1,0,1,10
6300,Question 26-253 (Vote for 1),77,No,375,279,94,0,49,136
6300,Question 26-253 (Vote for 1),77,No,391,405,136,0,52,217
6300,Question 26-253 (Vote for 1),77,No,392,81,19,0,16,46
6300,Question 26-253 (Vote for 1),77,No,441,70,32,0,2,36
6400,Question 34-338 (Vote for 1),70,Yes,307,"4,494","1,483",0,251,"2,760"
6400,Question 34-338 (Vote for 1),70,Yes,309,"4,308","1,627",0,230,"2,451"
6400,Question 34-338 (Vote for 1),70,Yes,318,"3,750","1,408",0,188,"2,154"
6400,Question 34-338 (Vote for 1),70,Yes,325,155,60,0,11,84
6400,Question 34-338 (Vote for 1),70,Yes,327,"5,317","2,178",0,350,"2,789"
6400,Question 34-338 (Vote for 1),70,Yes,329,"7,692","3,218",0,509,"3,965"
6400,Question 34-338 (Vote for 1),70,Yes,332,"2,550","1,240",0,175,"1,135"
6400,Question 34-338 (Vote for 1),70,Yes,333,"3,626","1,672",1,329,"1,624"
6400,Question 34-338 (Vote for 1),70,Yes,335,"4,268","1,630",0,208,"2,430"
6400,Question 34-338 (Vote for 1),70,Yes,336,"2,948","1,030",0,176,"1,742"
6400,Question 34-338 (Vote for 1),70,Yes,337,"1,086",356,0,91,639
6400,Question 34-338 (Vote for 1),70,Yes,343,"2,608",972,0,159,"1,477"
6400,Question 34-338 (Vote for 1),70,Yes,344,"2,806","1,011",0,158,"1,637"
6400,Question 34-338 (Vote for 1),70,Yes,374,9,7,0,0,2
6400,Question 34-338 (Vote for 1),70,Yes,440,"1,461",604,0,73,784
6400,Question 34-338 (Vote for 1),70,Yes,446,107,48,0,6,53
6400,Question 34-338 (Vote for 1),70,No,307,"4,494","2,760",0,251,"1,483"
6400,Question 34-338 (Vote for 1),70,No,309,"4,308","2,451",0,230,"1,627"
6400,Question 34-338 (Vote for 1),70,No,318,"3,750","2,154",0,188,"1,408"
6400,Question 34-338 (Vote for 1),70,No,325,155,84,0,11,60
6400,Question 34-338 (Vote for 1),70,No,327,"5,317","2,789",0,350,"2,178"
6400,Question 34-338 (Vote for 1),70,No,329,"7,692","3,965",0,509,"3,218"
6400,Question 34-338 (Vote for 1),70,No,332,"2,550","1,135",0,175,"1,240"
6400,Question 34-338 (Vote for 1),70,No,333,"3,626","1,624",1,329,"1,672"
6400,Question 34-338 (Vote for 1),70,No,335,"4,268","2,430",0,208,"1,630"
6400,Question 34-338 (Vote for 1),70,No,336,"2,948","1,742",0,176,"1,030"
6400,Question 34-338 (Vote for 1),70,No,337,"1,086",639,0,91,356
6400,Question 34-338 (Vote for 1),70,No,343,"2,608","1,477",0,159,972
6400,Question 34-338 (Vote for 1),70,No,344,"2,806","1,637",0,158,"1,011"
6400,Question 34-338 (Vote for 1),70,No,374,9,2,0,0,7
6400,Question 34-338 (Vote for 1),70,No,440,"1,461",784,0,73,604
6400,Question 34-338 (Vote for 1),70,No,446,107,53,0,6,48
6450,Question 34-339 (Vote for 1),69,Yes,339,"4,822","2,496",1,754,"1,571"
6450,Question 34-339 (Vote for 1),69,Yes,340,"6,948","3,734",0,759,"2,455"
6450,Question 34-339 (Vote for 1),69,Yes,445,1,1,0,0,0
6450,Question 34-339 (Vote for 1),69,No,339,"4,822","1,571",1,754,"2,496"
6450,Question 34-339 (Vote for 1),69,No,340,"6,948","2,455",0,759,"3,734"
6450,Question 34-339 (Vote for 1),69,No,445,1,0,0,0,1
6500,Question 34-340 (Vote for 1),79,Yes,424,"4,657","2,498",0,367,"1,792"
6500,Question 34-340 (Vote for 1),79,Yes,435,"4,132","2,217",0,341,"1,574"
6500,Question 34-340 (Vote for 1),79,Yes,442,"2,708","1,477",0,251,980
6500,Question 34-340 (Vote for 1),79,No,424,"4,657","1,792",0,367,"2,498"
6500,Question 34-340 (Vote for 1),79,No,435,"4,132","1,574",0,341,"2,217"
6500,Question 34-340 (Vote for 1),79,No,442,"2,708",980,0,251,"1,477"
6600,Question 34-341 (Vote for 1),80,Yes,394,99,74,0,12,13
6600,Question 34-341 (Vote for 1),80,Yes,396,830,566,0,75,189
6600,Question 34-341 (Vote for 1),80,Yes,397,"2,911","1,885",0,170,856
6600,Question 34-341 (Vote for 1),80,Yes,399,"2,213","1,556",0,146,511
6600,Question 34-341 (Vote for 1),80,Yes,400,"3,519","2,451",1,286,781
6600,Question 34-341 (Vote for 1),80,Yes,401,42,28,0,0,14
6600,Question 34-341 (Vote for 1),80,Yes,402,"6,413","4,223",0,418,"1,772"
6600,Question 34-341 (Vote for 1),80,Yes,404,"5,913","4,106",0,461,"1,346"
6600,Question 34-341 (Vote for 1),80,Yes,405,"7,546","5,160",1,551,"1,834"
6600,Question 34-341 (Vote for 1),80,Yes,410,334,203,0,27,104
6600,Question 34-341 (Vote for 1),80,Yes,411,649,443,0,58,148
6600,Question 34-341 (Vote for 1),80,Yes,413,"1,455",981,0,110,364
6600,Question 34-341 (Vote for 1),80,Yes,414,332,213,0,18,101
6600,Question 34-341 (Vote for 1),80,Yes,415,850,576,0,59,215
6600,Question 34-341 (Vote for 1),80,Yes,417,408,286,0,39,83
6600,Question 34-341 (Vote for 1),80,Yes,419,"1,789","1,147",0,180,462
6600,Question 34-341 (Vote for 1),80,Yes,420,"3,223","2,188",1,195,839
6600,Question 34-341 (Vote for 1),80,Yes,423,"3,051","2,121",0,231,699
6600,Question 34-341 (Vote for 1),80,Yes,426,18,6,0,1,11
6600,Question 34-341 (Vote for 1),80,Yes,427,"1,301",845,0,88,368
6600,Question 34-341 (Vote for 1),80,Yes,428,997,692,0,86,219
6600,Question 34-341 (Vote for 1),80,Yes,433,"2,170","1,343",0,130,697
6600,Question 34-341 (Vote for 1),80,Yes,436,"2,242","1,361",0,139,742
6600,Question 34-341 (Vote for 1),80,Yes,437,49,31,0,1,17
6600,Question 34-341 (Vote for 1),80,Yes,438,68,27,0,4,37
6600,Question 34-341 (Vote for 1),80,Yes,441,70,50,0,2,18
6600,Question 34-341 (Vote for 1),80,Yes,448,771,499,0,45,227
6600,Question 34-341 (Vote for 1),80,Yes,454,19,6,0,1,12
6600,Question 34-341 (Vote for 1),80,No,394,99,13,0,12,74
6600,Question 34-341 (Vote for 1),80,No,396,830,189,0,75,566
6600,Question 34-341 (Vote for 1),80,No,397,"2,911",856,0,170,"1,885"
6600,Question 34-341 (Vote for 1),80,No,399,"2,213",511,0,146,"1,556"
6600,Question 34-341 (Vote for 1),80,No,400,"3,519",781,1,286,"2,451"
6600,Question 34-341 (Vote for 1),80,No,401,42,14,0,0,28
6600,Question 34-341 (Vote for 1),80,No,402,"6,413","1,772",0,418,"4,223"
6600,Question 34-341 (Vote for 1),80,No,404,"5,913","1,346",0,461,"4,106"
6600,Question 34-341 (Vote for 1),80,No,405,"7,546","1,834",1,551,"5,160"
6600,Question 34-341 (Vote for 1),80,No,410,334,104,0,27,203
6600,Question 34-341 (Vote for 1),80,No,411,649,148,0,58,443
6600,Question 34-341 (Vote for 1),80,No,413,"1,455",364,0,110,981
6600,Question 34-341 (Vote for 1),80,No,414,332,101,0,18,213
6600,Question 34-341 (Vote for 1),80,No,415,850,215,0,59,576
6600,Question 34-341 (Vote for 1),80,No,417,408,83,0,39,286
6600,Question 34-341 (Vote for 1),80,No,419,"1,789",462,0,180,"1,147"
6600,Question 34-341 (Vote for 1),80,No,420,"3,223",839,1,195,"2,188"
6600,Question 34-341 (Vote for 1),80,No,423,"3,051",699,0,231,"2,121"
6600,Question 34-341 (Vote for 1),80,No,426,18,11,0,1,6
6600,Question 34-341 (Vote for 1),80,No,427,"1,301",368,0,88,845
6600,Question 34-341 (Vote for 1),80,No,428,997,219,0,86,692
6600,Question 34-341 (Vote for 1),80,No,433,"2,170",697,0,130,"1,343"
6600,Question 34-341 (Vote for 1),80,No,436,"2,242",742,0,139,"1,361"
6600,Question 34-341 (Vote for 1),80,No,437,49,17,0,1,31
6600,Question 34-341 (Vote for 1),80,No,438,68,37,0,4,27
6600,Question 34-341 (Vote for 1),80,No,441,70,18,0,2,50
6600,Question 34-341 (Vote for 1),80,No,448,771,227,0,45,499
6600,Question 34-341 (Vote for 1),80,No,454,19,12,0,1,6
