state,election_year,jurisdiction_code,jurisdiction_name,county,local_unit,level,ballots_cast,registered_voters,turnout_pct,denominator_type,denominator_timing,denominator_note,warning_required,source_url,source_title,source_status
ME,2024,23,UOCAVA-ME,,UOCAVA-ME,jurisdiction,6589,-99,,registeredVoters,eacReported,EAC-reported registered-voter denominator,true,https://www.eac.gov/research-and-data/studies-and-reports,U.S. EAC Election Administration and Voting Survey,candidate
ME,2024,2300102060,AUBURN,,AUBURN,jurisdiction,12531,18343,68.3149,registeredVoters,eacReported,EAC-reported registered-voter denominator,false,https://www.eac.gov/research-and-data/studies-and-reports,U.S. EAC Election Administration and Voting Survey,candidate
ME,2024,2300119105,DURHAM,,DURHAM,jurisdiction,3005,4099,73.3106,registeredVoters,eacReported,EAC-reported registered-voter denominator,false,https://www.eac.gov/research-and-data/studies-and-reports,U.S. EAC Election Administration and Voting Survey,candidate
ME,2024,2300129255,GREENE,,GREENE,jurisdiction,2696,3659,73.6813,registeredVoters,eacReported,EAC-reported registered-voter denominator,false,https://www.eac.gov/research-and-data/studies-and-reports,U.S. EAC Election Administration and Voting Survey,candidate
ME,2024,2300138565,LEEDS,,LEEDS,jurisdiction,1451,1992,72.8414,registeredVoters,eacReported,EAC-reported registered-voter denominator,false,https://www.eac.gov/research-and-data/studies-and-reports,U.S. EAC Election Administration and Voting Survey,candidate
ME,2024,2300138740,LEWISTON,,LEWISTON,jurisdiction,16850,31803,52.9824,registeredVoters,eacReported,EAC-reported registered-voter denominator,false,https://www.eac.gov/research-and-data/studies-and-reports,U.S. EAC Election Administration and Voting Survey,candidate
ME,2024,2300140035,LISBON,,LISBON,jurisdiction,5194,7729,67.2014,registeredVoters,eacReported,EAC-reported registered-voter denominator,false,https://www.eac.gov/research-and-data/studies-and-reports,U.S. EAC Election Administration and Voting Survey,candidate
ME,2024,2300140665,LIVERMORE,,LIVERMORE,jurisdiction,1441,2094,68.8157,registeredVoters,eacReported,EAC-reported registered-voter denominator,false,https://www.eac.gov/research-and-data/studies-and-reports,U.S. EAC Election Administration and Voting Survey,candidate
ME,2024,2300140770,LIVERMORE FALLS,,LIVERMORE FALLS,jurisdiction,1442,2215,65.1016,registeredVoters,eacReported,EAC-reported registered-voter denominator,false,https://www.eac.gov/research-and-data/studies-and-reports,U.S. EAC Election Administration and Voting Survey,candidate
ME,2024,2300144585,MECHANIC FALLS,,MECHANIC FALLS,jurisdiction,1817,2489,73.0012,registeredVoters,eacReported,EAC-reported registered-voter denominator,false,https://www.eac.gov/research-and-data/studies-and-reports,U.S. EAC Election Administration and Voting Survey,candidate
ME,2024,2300146160,MINOT,,MINOT,jurisdiction,1867,2315,80.6479,registeredVoters,eacReported,EAC-reported registered-voter denominator,false,https://www.eac.gov/research-and-data/studies-and-reports,U.S. EAC Election Administration and Voting Survey,candidate
ME,2024,2300160020,POLAND,,POLAND,jurisdiction,3600,4941,72.8597,registeredVoters,eacReported,EAC-reported registered-voter denominator,false,https://www.eac.gov/research-and-data/studies-and-reports,U.S. EAC Election Administration and Voting Survey,candidate
ME,2024,2300164570,SABATTUS,,SABATTUS,jurisdiction,3063,4426,69.2047,registeredVoters,eacReported,EAC-reported registered-voter denominator,false,https://www.eac.gov/research-and-data/studies-and-reports,U.S. EAC Election Administration and Voting Survey,candidate
ME,2024,2300177800,TURNER,,TURNER,jurisdiction,3671,5153,71.2401,registeredVoters,eacReported,EAC-reported registered-voter denominator,false,https://www.eac.gov/research-and-data/studies-and-reports,U.S. EAC Election Administration and Voting Survey,candidate
ME,2024,2300179585,WALES,,WALES,jurisdiction,987,1218,81.0345,registeredVoters,eacReported,EAC-reported registered-voter denominator,false,https://www.eac.gov/research-and-data/studies-and-reports,U.S. EAC Election Administration and Voting Survey,candidate
ME,2024,2300300800,ALLAGASH,,ALLAGASH,jurisdiction,154,251,61.3546,registeredVoters,eacReported,EAC-reported registered-voter denominator,false,https://www.eac.gov/research-and-data/studies-and-reports,U.S. EAC Election Administration and Voting Survey,candidate
ME,2024,2300301220,AMITY,,AMITY,jurisdiction,160,202,79.2079,registeredVoters,eacReported,EAC-reported registered-voter denominator,false,https://www.eac.gov/research-and-data/studies-and-reports,U.S. EAC Election Administration and Voting Survey,candidate
ME,2024,2300301710,ASHLAND,,ASHLAND,jurisdiction,681,999,68.1682,registeredVoters,eacReported,EAC-reported registered-voter denominator,false,https://www.eac.gov/research-and-data/studies-and-reports,U.S. EAC Election Administration and Voting Survey,candidate
ME,2024,2300305385,BLAINE,,BLAINE,jurisdiction,428,580,73.7931,registeredVoters,eacReported,EAC-reported registered-voter denominator,false,https://www.eac.gov/research-and-data/studies-and-reports,U.S. EAC Election Administration and Voting Survey,candidate
ME,2024,2300307065,BRIDGEWATER,,BRIDGEWATER,jurisdiction,309,419,73.7470,registeredVoters,eacReported,EAC-reported registered-voter denominator,false,https://www.eac.gov/research-and-data/studies-and-reports,U.S. EAC Election Administration and Voting Survey,candidate
ME,2024,2300310565,CARIBOU,,CARIBOU,jurisdiction,4017,6109,65.7554,registeredVoters,eacReported,EAC-reported registered-voter denominator,false,https://www.eac.gov/research-and-data/studies-and-reports,U.S. EAC Election Administration and Voting Survey,candidate
ME,2024,2300311300,CASTLE HILL,,CASTLE HILL,jurisdiction,242,343,70.5539,registeredVoters,eacReported,EAC-reported registered-voter denominator,false,https://www.eac.gov/research-and-data/studies-and-reports,U.S. EAC Election Administration and Voting Survey,candidate
ME,2024,2300311335,CASWELL,,CASWELL,jurisdiction,126,214,58.8785,registeredVoters,eacReported,EAC-reported registered-voter denominator,false,https://www.eac.gov/research-and-data/studies-and-reports,U.S. EAC Election Administration and Voting Survey,candidate
ME,2024,2300312000,CHAPMAN,,CHAPMAN,jurisdiction,274,362,75.6906,registeredVoters,eacReported,EAC-reported registered-voter denominator,false,https://www.eac.gov/research-and-data/studies-and-reports,U.S. EAC Election Administration and Voting Survey,candidate
ME,2024,2300313900,CONNOR TWP,,CONNOR TWP,jurisdiction,-88,-88,,registeredVoters,eacReported,EAC-reported registered-voter denominator,true,https://www.eac.gov/research-and-data/studies-and-reports,U.S. EAC Election Administration and Voting Survey,candidate
ME,2024,2300315395,CRYSTAL,,CRYSTAL,jurisdiction,160,222,72.0721,registeredVoters,eacReported,EAC-reported registered-voter denominator,false,https://www.eac.gov/research-and-data/studies-and-reports,U.S. EAC Election Administration and Voting Survey,candidate
ME,2024,2300315990,CYR PLT,,CYR PLT,jurisdiction,59,79,74.6835,registeredVoters,eacReported,EAC-reported registered-voter denominator,false,https://www.eac.gov/research-and-data/studies-and-reports,U.S. EAC Election Administration and Voting Survey,candidate
ME,2024,2300319210,DYER BROOK,,DYER BROOK,jurisdiction,152,215,70.6977,registeredVoters,eacReported,EAC-reported registered-voter denominator,false,https://www.eac.gov/research-and-data/studies-and-reports,U.S. EAC Election Administration and Voting Survey,candidate
ME,2024,2300319420,EAGLE LAKE,,EAGLE LAKE,jurisdiction,489,838,58.3532,registeredVoters,eacReported,EAC-reported registered-voter denominator,false,https://www.eac.gov/research-and-data/studies-and-reports,U.S. EAC Election Administration and Voting Survey,candidate
ME,2024,2300321380,EASTON,,EASTON,jurisdiction,718,992,72.3790,registeredVoters,eacReported,EAC-reported registered-voter denominator,false,https://www.eac.gov/research-and-data/studies-and-reports,U.S. EAC Election Administration and Voting Survey,candidate
ME,2024,2300325615,FORT FAIRFIELD,,FORT FAIRFIELD,jurisdiction,1696,2581,65.7110,registeredVoters,eacReported,EAC-reported registered-voter denominator,false,https://www.eac.gov/research-and-data/studies-and-reports,U.S. EAC Election Administration and Voting Survey,candidate
ME,2024,2300325755,FORT KENT,,FORT KENT,jurisdiction,2231,3290,67.8116,registeredVoters,eacReported,EAC-reported registered-voter denominator,false,https://www.eac.gov/research-and-data/studies-and-reports,U.S. EAC Election Administration and Voting Survey,candidate
ME,2024,2300326735,FRENCHVILLE,,FRENCHVILLE,jurisdiction,625,863,72.4218,registeredVoters,eacReported,EAC-reported registered-voter denominator,false,https://www.eac.gov/research-and-data/studies-and-reports,U.S. EAC Election Administration and Voting Survey,candidate
ME,2024,2300327120,GARFIELD PLT,,GARFIELD PLT,jurisdiction,56,73,76.7123,registeredVoters,eacReported,EAC-reported registered-voter denominator,false,https://www.eac.gov/research-and-data/studies-and-reports,U.S. EAC Election Administration and Voting Survey,candidate
ME,2024,2300327855,GLENWOOD PLT,,GLENWOOD PLT,jurisdiction,4,8,50.0000,registeredVoters,eacReported,EAC-reported registered-voter denominator,false,https://www.eac.gov/research-and-data/studies-and-reports,U.S. EAC Election Administration and Voting Survey,candidate
ME,2024,2300328590,GRAND ISLE,,GRAND ISLE,jurisdiction,237,353,67.1388,registeredVoters,eacReported,EAC-reported registered-voter denominator,false,https://www.eac.gov/research-and-data/studies-and-reports,U.S. EAC Election Administration and Voting Survey,candidate
ME,2024,2300330690,HAMLIN,,HAMLIN,jurisdiction,110,142,77.4648,registeredVoters,eacReported,EAC-reported registered-voter denominator,false,https://www.eac.gov/research-and-data/studies-and-reports,U.S. EAC Election Administration and Voting Survey,candidate
ME,2024,2300330725,HAMMOND,,HAMMOND,jurisdiction,55,73,75.3425,registeredVoters,eacReported,EAC-reported registered-voter denominator,false,https://www.eac.gov/research-and-data/studies-and-reports,U.S. EAC Election Administration and Voting Survey,candidate
ME,2024,2300332195,HAYNESVILLE,,HAYNESVILLE,jurisdiction,67,106,63.2075,registeredVoters,eacReported,EAC-reported registered-voter denominator,false,https://www.eac.gov/research-and-data/studies-and-reports,U.S. EAC Election Administration and Voting Survey,candidate
ME,2024,2300332685,HERSEY,,HERSEY,jurisdiction,42,78,53.8462,registeredVoters,eacReported,EAC-reported registered-voter denominator,false,https://www.eac.gov/research-and-data/studies-and-reports,U.S. EAC Election Administration and Voting Survey,candidate
ME,2024,2300333385,HODGDON,,HODGDON,jurisdiction,859,1233,69.6675,registeredVoters,eacReported,EAC-reported registered-voter denominator,false,https://www.eac.gov/research-and-data/studies-and-reports,U.S. EAC Election Administration and Voting Survey,candidate
ME,2024,2300333980,HOULTON,,HOULTON,jurisdiction,2730,4064,67.1752,registeredVoters,eacReported,EAC-reported registered-voter denominator,false,https://www.eac.gov/research-and-data/studies-and-reports,U.S. EAC Election Administration and Voting Survey,candidate
ME,2024,2300335065,ISLAND FALLS,,ISLAND FALLS,jurisdiction,446,621,71.8196,registeredVoters,eacReported,EAC-reported registered-voter denominator,false,https://www.eac.gov/research-and-data/studies-and-reports,U.S. EAC Election Administration and Voting Survey,candidate
ME,2024,2300339300,LIMESTONE,,LIMESTONE,jurisdiction,756,2027,37.2965,registeredVoters,eacReported,EAC-reported registered-voter denominator,false,https://www.eac.gov/research-and-data/studies-and-reports,U.S. EAC Election Administration and Voting Survey,candidate
ME,2024,2300339965,LINNEUS,,LINNEUS,jurisdiction,542,760,71.3158,registeredVoters,eacReported,EAC-reported registered-voter denominator,false,https://www.eac.gov/research-and-data/studies-and-reports,U.S. EAC Election Administration and Voting Survey,candidate
ME,2024,2300340595,LITTLETON,,LITTLETON,jurisdiction,545,669,81.4649,registeredVoters,eacReported,EAC-reported registered-voter denominator,false,https://www.eac.gov/research-and-data/studies-and-reports,U.S. EAC Election Administration and Voting Survey,candidate
ME,2024,2300341715,LUDLOW,,LUDLOW,jurisdiction,257,370,69.4595,registeredVoters,eacReported,EAC-reported registered-voter denominator,false,https://www.eac.gov/research-and-data/studies-and-reports,U.S. EAC Election Administration and Voting Survey,candidate
ME,2024,2300342450,MACWAHOC PLT,,MACWAHOC PLT,jurisdiction,42,52,80.7692,registeredVoters,eacReported,EAC-reported registered-voter denominator,false,https://www.eac.gov/research-and-data/studies-and-reports,U.S. EAC Election Administration and Voting Survey,candidate
ME,2024,2300342520,MADAWASKA,,MADAWASKA,jurisdiction,2151,3171,67.8335,registeredVoters,eacReported,EAC-reported registered-voter denominator,false,https://www.eac.gov/research-and-data/studies-and-reports,U.S. EAC Election Administration and Voting Survey,candidate
ME,2024,2300343255,MAPLETON,,MAPLETON,jurisdiction,1195,1562,76.5045,registeredVoters,eacReported,EAC-reported registered-voter denominator,false,https://www.eac.gov/research-and-data/studies-and-reports,U.S. EAC Election Administration and Voting Survey,candidate
ME,2024,2300343710,MARS HILL,,MARS HILL,jurisdiction,750,1103,67.9964,registeredVoters,eacReported,EAC-reported registered-voter denominator,false,https://www.eac.gov/research-and-data/studies-and-reports,U.S. EAC Election Administration and Voting Survey,candidate
ME,2024,2300343990,MASARDIS,,MASARDIS,jurisdiction,172,263,65.3992,registeredVoters,eacReported,EAC-reported registered-voter denominator,false,https://www.eac.gov/research-and-data/studies-and-reports,U.S. EAC Election Administration and Voting Survey,candidate
ME,2024,2300345180,MERRILL,,MERRILL,jurisdiction,141,179,78.7709,registeredVoters,eacReported,EAC-reported registered-voter denominator,false,https://www.eac.gov/research-and-data/studies-and-reports,U.S. EAC Election Administration and Voting Survey,candidate
ME,2024,2300346685,MONTICELLO,,MONTICELLO,jurisdiction,423,605,69.9174,registeredVoters,eacReported,EAC-reported registered-voter denominator,false,https://www.eac.gov/research-and-data/studies-and-reports,U.S. EAC Election Administration and Voting Survey,candidate
ME,2024,2300347175,MORO PLT,,MORO PLT,jurisdiction,26,44,59.0909,registeredVoters,eacReported,EAC-reported registered-voter denominator,false,https://www.eac.gov/research-and-data/studies-and-reports,U.S. EAC Election Administration and Voting Survey,candidate
ME,2024,2300348120,NASHVILLE PLT,,NASHVILLE PLT,jurisdiction,-88,-88,,registeredVoters,eacReported,EAC-reported registered-voter denominator,true,https://www.eac.gov/research-and-data/studies-and-reports,U.S. EAC Election Administration and Voting Survey,candidate
ME,2024,2300348575,NEW CANADA,,NEW CANADA,jurisdiction,339,384,88.2813,registeredVoters,eacReported,EAC-reported registered-voter denominator,false,https://www.eac.gov/research-and-data/studies-and-reports,U.S. EAC Election Administration and Voting Survey,candidate
ME,2024,2300348960,NEW LIMERICK,,NEW LIMERICK,jurisdiction,361,452,79.8673,registeredVoters,eacReported,EAC-reported registered-voter denominator,false,https://www.eac.gov/research-and-data/studies-and-reports,U.S. EAC Election Administration and Voting Survey,candidate
ME,2024,2300349415,NEW SWEDEN,,NEW SWEDEN,jurisdiction,347,525,66.0952,registeredVoters,eacReported,EAC-reported registered-voter denominator,false,https://www.eac.gov/research-and-data/studies-and-reports,U.S. EAC Election Administration and Voting Survey,candidate
ME,2024,2300354385,OAKFIELD,,OAKFIELD,jurisdiction,426,588,72.4490,registeredVoters,eacReported,EAC-reported registered-voter denominator,false,https://www.eac.gov/research-and-data/studies-and-reports,U.S. EAC Election Administration and Voting Survey,candidate
ME,2024,2300355435,ORIENT,,ORIENT,jurisdiction,85,124,68.5484,registeredVoters,eacReported,EAC-reported registered-voter denominator,false,https://www.eac.gov/research-and-data/studies-and-reports,U.S. EAC Election Administration and Voting Survey,candidate
ME,2024,2300356205,OXBOW NORTH TWP,,OXBOW NORTH TWP,jurisdiction,-88,-88,,registeredVoters,eacReported,EAC-reported registered-voter denominator,true,https://www.eac.gov/research-and-data/studies-and-reports,U.S. EAC Election Administration and Voting Survey,candidate
ME,2024,2300358060,PERHAM,,PERHAM,jurisdiction,242,351,68.9459,registeredVoters,eacReported,EAC-reported registered-voter denominator,false,https://www.eac.gov/research-and-data/studies-and-reports,U.S. EAC Election Administration and Voting Survey,candidate
ME,2024,2300360300,PORTAGE LAKE,,PORTAGE LAKE,jurisdiction,294,372,79.0323,registeredVoters,eacReported,EAC-reported registered-voter denominator,false,https://www.eac.gov/research-and-data/studies-and-reports,U.S. EAC Election Administration and Voting Survey,candidate
ME,2024,2300360825,PRESQUE ISLE,,PRESQUE ISLE,jurisdiction,4197,7234,58.0177,registeredVoters,eacReported,EAC-reported registered-voter denominator,false,https://www.eac.gov/research-and-data/studies-and-reports,U.S. EAC Election Administration and Voting Survey,candidate
ME,2024,2300362400,REED PLT,,REED PLT,jurisdiction,87,128,67.9688,registeredVoters,eacReported,EAC-reported registered-voter denominator,false,https://www.eac.gov/research-and-data/studies-and-reports,U.S. EAC Election Administration and Voting Survey,candidate
ME,2024,2300364780,SAINT AGATHA,,SAINT AGATHA,jurisdiction,641,1070,59.9065,registeredVoters,eacReported,EAC-reported registered-voter denominator,false,https://www.eac.gov/research-and-data/studies-and-reports,U.S. EAC Election Administration and Voting Survey,candidate
ME,2024,2300365025,SAINT FRANCIS,,SAINT FRANCIS,jurisdiction,233,355,65.6338,registeredVoters,eacReported,EAC-reported registered-voter denominator,false,https://www.eac.gov/research-and-data/studies-and-reports,U.S. EAC Election Administration and Voting Survey,candidate
ME,2024,2300365200,SAINT JOHN PLT,,SAINT JOHN PLT,jurisdiction,154,224,68.7500,registeredVoters,eacReported,EAC-reported registered-voter denominator,false,https://www.eac.gov/research-and-data/studies-and-reports,U.S. EAC Election Administration and Voting Survey,candidate
ME,2024,2300367790,SHERMAN,,SHERMAN,jurisdiction,492,619,79.4830,registeredVoters,eacReported,EAC-reported registered-voter denominator,false,https://www.eac.gov/research-and-data/studies-and-reports,U.S. EAC Election Administration and Voting Survey,candidate
ME,2024,2300369260,SMYRNA,,SMYRNA,jurisdiction,175,230,76.0870,registeredVoters,eacReported,EAC-reported registered-voter denominator,false,https://www.eac.gov/research-and-data/studies-and-reports,U.S. EAC Election Administration and Voting Survey,candidate
ME,2024,2300373472,MADAWASKA LAKE TWP,,MADAWASKA LAKE TWP,jurisdiction,114,137,83.2117,registeredVoters,eacReported,EAC-reported registered-voter denominator,false,https://www.eac.gov/research-and-data/studies-and-reports,U.S. EAC Election Administration and Voting Survey,candidate
ME,2024,2300374405,STOCKHOLM,,STOCKHOLM,jurisdiction,155,235,65.9574,registeredVoters,eacReported,EAC-reported registered-voter denominator,false,https://www.eac.gov/research-and-data/studies-and-reports,U.S. EAC Election Administration and Voting Survey,candidate
ME,2024,2300378570,VAN BUREN,,VAN BUREN,jurisdiction,914,1475,61.9661,registeredVoters,eacReported,EAC-reported registered-voter denominator,false,https://www.eac.gov/research-and-data/studies-and-reports,U.S. EAC Election Administration and Voting Survey,candidate
ME,2024,2300379270,WADE,,WADE,jurisdiction,174,231,75.3247,registeredVoters,eacReported,EAC-reported registered-voter denominator,false,https://www.eac.gov/research-and-data/studies-and-reports,U.S. EAC Election Administration and Voting Survey,candidate
ME,2024,2300379865,WALLAGRASS,,WALLAGRASS,jurisdiction,317,415,76.3855,registeredVoters,eacReported,EAC-reported registered-voter denominator,false,https://www.eac.gov/research-and-data/studies-and-reports,U.S. EAC Election Administration and Voting Survey,candidate
ME,2024,2300380285,WASHBURN,,WASHBURN,jurisdiction,799,1062,75.2354,registeredVoters,eacReported,EAC-reported registered-voter denominator,false,https://www.eac.gov/research-and-data/studies-and-reports,U.S. EAC Election Administration and Voting Survey,candidate
ME,2024,2300382770,WESTFIELD,,WESTFIELD,jurisdiction,278,439,63.3257,registeredVoters,eacReported,EAC-reported registered-voter denominator,false,https://www.eac.gov/research-and-data/studies-and-reports,U.S. EAC Election Administration and Voting Survey,candidate
ME,2024,2300383540,WESTMANLAND,,WESTMANLAND,jurisdiction,63,77,81.8182,registeredVoters,eacReported,EAC-reported registered-voter denominator,false,https://www.eac.gov/research-and-data/studies-and-reports,U.S. EAC Election Administration and Voting Survey,candidate
ME,2024,2300383785,WESTON,,WESTON,jurisdiction,212,303,69.9670,registeredVoters,eacReported,EAC-reported registered-voter denominator,false,https://www.eac.gov/research-and-data/studies-and-reports,U.S. EAC Election Administration and Voting Survey,candidate
ME,2024,2300386865,WINTERVILLE PLT,,WINTERVILLE PLT,jurisdiction,149,179,83.2402,registeredVoters,eacReported,EAC-reported registered-voter denominator,false,https://www.eac.gov/research-and-data/studies-and-reports,U.S. EAC Election Administration and Voting Survey,candidate
ME,2024,2300387215,WOODLAND,,WOODLAND,jurisdiction,700,1081,64.7549,registeredVoters,eacReported,EAC-reported registered-voter denominator,false,https://www.eac.gov/research-and-data/studies-and-reports,U.S. EAC Election Administration and Voting Survey,candidate
ME,2024,2300502655,BALDWIN,,BALDWIN,jurisdiction,1066,1526,69.8558,registeredVoters,eacReported,EAC-reported registered-voter denominator,false,https://www.eac.gov/research-and-data/studies-and-reports,U.S. EAC Election Administration and Voting Survey,candidate
ME,2024,2300507170,BRIDGTON,,BRIDGTON,jurisdiction,3618,5485,65.9617,registeredVoters,eacReported,EAC-reported registered-voter denominator,false,https://www.eac.gov/research-and-data/studies-and-reports,U.S. EAC Election Administration and Voting Survey,candidate
ME,2024,2300508430,BRUNSWICK,,BRUNSWICK,jurisdiction,14641,23376,62.6326,registeredVoters,eacReported,EAC-reported registered-voter denominator,false,https://www.eac.gov/research-and-data/studies-and-reports,U.S. EAC Election Administration and Voting Survey,candidate
ME,2024,2300510180,CAPE ELIZABETH,,CAPE ELIZABETH,jurisdiction,6933,9224,75.1626,registeredVoters,eacReported,EAC-reported registered-voter denominator,false,https://www.eac.gov/research-and-data/studies-and-reports,U.S. EAC Election Administration and Voting Survey,candidate
ME,2024,2300511125,CASCO,,CASCO,jurisdiction,2329,3628,64.1951,registeredVoters,eacReported,EAC-reported registered-voter denominator,false,https://www.eac.gov/research-and-data/studies-and-reports,U.S. EAC Election Administration and Voting Survey,candidate
ME,2024,2300515430,CUMBERLAND,,CUMBERLAND,jurisdiction,6130,8081,75.8569,registeredVoters,eacReported,EAC-reported registered-voter denominator,false,https://www.eac.gov/research-and-data/studies-and-reports,U.S. EAC Election Administration and Voting Survey,candidate
ME,2024,2300524495,FALMOUTH,,FALMOUTH,jurisdiction,9044,11200,80.7500,registeredVoters,eacReported,EAC-reported registered-voter denominator,false,https://www.eac.gov/research-and-data/studies-and-reports,U.S. EAC Election Administration and Voting Survey,candidate
ME,2024,2300526525,FREEPORT,,FREEPORT,jurisdiction,6283,8299,75.7079,registeredVoters,eacReported,EAC-reported registered-voter denominator,false,https://www.eac.gov/research-and-data/studies-and-reports,U.S. EAC Election Administration and Voting Survey,candidate
ME,2024,2300527025,FRYE ISLAND,,FRYE ISLAND,jurisdiction,49,150,32.6667,registeredVoters,eacReported,EAC-reported registered-voter denominator,false,https://www.eac.gov/research-and-data/studies-and-reports,U.S. EAC Election Administration and Voting Survey,candidate
ME,2024,2300528240,GORHAM,,GORHAM,jurisdiction,11560,16683,69.2921,registeredVoters,eacReported,EAC-reported registered-voter denominator,false,https://www.eac.gov/research-and-data/studies-and-reports,U.S. EAC Election Administration and Voting Survey,candidate
ME,2024,2300528870,GRAY,,GRAY,jurisdiction,5650,7735,73.0446,registeredVoters,eacReported,EAC-reported registered-voter denominator,false,https://www.eac.gov/research-and-data/studies-and-reports,U.S. EAC Election Administration and Voting Survey,candidate
ME,2024,2300531390,HARPSWELL,,HARPSWELL,jurisdiction,3921,4844,80.9455,registeredVoters,eacReported,EAC-reported registered-voter denominator,false,https://www.eac.gov/research-and-data/studies-and-reports,U.S. EAC Election Administration and Voting Survey,candidate
ME,2024,2300531600,HARRISON,,HARRISON,jurisdiction,1703,2267,75.1213,registeredVoters,eacReported,EAC-reported registered-voter denominator,false,https://www.eac.gov/research-and-data/studies-and-reports,U.S. EAC Election Administration and Voting Survey,candidate
ME,2024,2300541067,LONG ISLAND,,LONG ISLAND,jurisdiction,202,241,83.8174,registeredVoters,eacReported,EAC-reported registered-voter denominator,false,https://www.eac.gov/research-and-data/studies-and-reports,U.S. EAC Election Administration and Voting Survey,candidate
ME,2024,2300548085,NAPLES,,NAPLES,jurisdiction,2592,3920,66.1224,registeredVoters,eacReported,EAC-reported registered-voter denominator,false,https://www.eac.gov/research-and-data/studies-and-reports,U.S. EAC Election Administration and Voting Survey,candidate
ME,2024,2300548820,NEW GLOUCESTER,,NEW GLOUCESTER,jurisdiction,3799,4925,77.1371,registeredVoters,eacReported,EAC-reported registered-voter denominator,false,https://www.eac.gov/research-and-data/studies-and-reports,U.S. EAC Election Administration and Voting Survey,candidate
ME,2024,2300553860,NORTH YARMOUTH,,NORTH YARMOUTH,jurisdiction,3093,3988,77.5577,registeredVoters,eacReported,EAC-reported registered-voter denominator,false,https://www.eac.gov/research-and-data/studies-and-reports,U.S. EAC Election Administration and Voting Survey,candidate
ME,2024,2300560545,PORTLAND,,PORTLAND,jurisdiction,39834,68264,58.3529,registeredVoters,eacReported,EAC-reported registered-voter denominator,false,https://www.eac.gov/research-and-data/studies-and-reports,U.S. EAC Election Administration and Voting Survey,candidate
ME,2024,2300560685,POWNAL,,POWNAL,jurisdiction,1266,1663,76.1275,registeredVoters,eacReported,EAC-reported registered-voter denominator,false,https://www.eac.gov/research-and-data/studies-and-reports,U.S. EAC Election Administration and Voting Survey,candidate
ME,2024,2300561945,RAYMOND,,RAYMOND,jurisdiction,3277,4572,71.6754,registeredVoters,eacReported,EAC-reported registered-voter denominator,false,https://www.eac.gov/research-and-data/studies-and-reports,U.S. EAC Election Administration and Voting Survey,candidate
ME,2024,2300566145,SCARBOROUGH,,SCARBOROUGH,jurisdiction,15623,21411,72.9672,registeredVoters,eacReported,EAC-reported registered-voter denominator,false,https://www.eac.gov/research-and-data/studies-and-reports,U.S. EAC Election Administration and Voting Survey,candidate
ME,2024,2300566775,SEBAGO,,SEBAGO,jurisdiction,1321,1961,67.3636,registeredVoters,eacReported,EAC-reported registered-voter denominator,false,https://www.eac.gov/research-and-data/studies-and-reports,U.S. EAC Election Administration and Voting Survey,candidate
ME,2024,2300571990,SOUTH PORTLAND,,SOUTH PORTLAND,jurisdiction,16011,23834,67.1771,registeredVoters,eacReported,EAC-reported registered-voter denominator,false,https://www.eac.gov/research-and-data/studies-and-reports,U.S. EAC Election Administration and Voting Survey,candidate
ME,2024,2300573670,STANDISH,,STANDISH,jurisdiction,6355,9076,70.0198,registeredVoters,eacReported,EAC-reported registered-voter denominator,false,https://www.eac.gov/research-and-data/studies-and-reports,U.S. EAC Election Administration and Voting Survey,candidate
ME,2024,2300582105,WESTBROOK,,WESTBROOK,jurisdiction,10814,16301,66.3395,registeredVoters,eacReported,EAC-reported registered-voter denominator,false,https://www.eac.gov/research-and-data/studies-and-reports,U.S. EAC Election Administration and Voting Survey,candidate
ME,2024,2300586025,WINDHAM,,WINDHAM,jurisdiction,11595,15869,73.0670,registeredVoters,eacReported,EAC-reported registered-voter denominator,false,https://www.eac.gov/research-and-data/studies-and-reports,U.S. EAC Election Administration and Voting Survey,candidate
ME,2024,2300587845,YARMOUTH,,YARMOUTH,jurisdiction,6299,8911,70.6879,registeredVoters,eacReported,EAC-reported registered-voter denominator,false,https://www.eac.gov/research-and-data/studies-and-reports,U.S. EAC Election Administration and Voting Survey,candidate
ME,2024,2300702235,AVON,,AVON,jurisdiction,289,410,70.4878,registeredVoters,eacReported,EAC-reported registered-voter denominator,false,https://www.eac.gov/research-and-data/studies-and-reports,U.S. EAC Election Administration and Voting Survey,candidate
ME,2024,2300710740,CARRABASSETT VALLEY,,CARRABASSETT VALLEY,jurisdiction,553,795,69.5597,registeredVoters,eacReported,EAC-reported registered-voter denominator,false,https://www.eac.gov/research-and-data/studies-and-reports,U.S. EAC Election Administration and Voting Survey,candidate
ME,2024,2300710915,CARTHAGE,,CARTHAGE,jurisdiction,338,472,71.6102,registeredVoters,eacReported,EAC-reported registered-voter denominator,false,https://www.eac.gov/research-and-data/studies-and-reports,U.S. EAC Election Administration and Voting Survey,candidate
ME,2024,2300712595,CHESTERVILLE,,CHESTERVILLE,jurisdiction,846,1180,71.6949,registeredVoters,eacReported,EAC-reported registered-voter denominator,false,https://www.eac.gov/research-and-data/studies-and-reports,U.S. EAC Election Administration and Voting Survey,candidate
ME,2024,2300714205,COPLIN PLT,,COPLIN PLT,jurisdiction,125,140,89.2857,registeredVoters,eacReported,EAC-reported registered-voter denominator,false,https://www.eac.gov/research-and-data/studies-and-reports,U.S. EAC Election Administration and Voting Survey,candidate
ME,2024,2300716165,DALLAS PLT,,DALLAS PLT,jurisdiction,242,311,77.8135,registeredVoters,eacReported,EAC-reported registered-voter denominator,false,https://www.eac.gov/research-and-data/studies-and-reports,U.S. EAC Election Administration and Voting Survey,candidate
ME,2024,2300724005,EUSTIS,,EUSTIS,jurisdiction,522,755,69.1391,registeredVoters,eacReported,EAC-reported registered-voter denominator,false,https://www.eac.gov/research-and-data/studies-and-reports,U.S. EAC Election Administration and Voting Survey,candidate
ME,2024,2300724775,FARMINGTON,,FARMINGTON,jurisdiction,4020,6843,58.7462,registeredVoters,eacReported,EAC-reported registered-voter denominator,false,https://www.eac.gov/research-and-data/studies-and-reports,U.S. EAC Election Administration and Voting Survey,candidate
ME,2024,2300734820,INDUSTRY,,INDUSTRY,jurisdiction,522,737,70.8277,registeredVoters,eacReported,EAC-reported registered-voter denominator,false,https://www.eac.gov/research-and-data/studies-and-reports,U.S. EAC Election Administration and Voting Survey,candidate
ME,2024,2300735625,JAY,,JAY,jurisdiction,2707,3687,73.4201,registeredVoters,eacReported,EAC-reported registered-voter denominator,false,https://www.eac.gov/research-and-data/studies-and-reports,U.S. EAC Election Administration and Voting Survey,candidate
ME,2024,2300737025,KINGFIELD,,KINGFIELD,jurisdiction,886,1309,67.6853,registeredVoters,eacReported,EAC-reported registered-voter denominator,false,https://www.eac.gov/research-and-data/studies-and-reports,U.S. EAC Election Administration and Voting Survey,candidate
ME,2024,2300749345,NEW SHARON,,NEW SHARON,jurisdiction,1001,1393,71.8593,registeredVoters,eacReported,EAC-reported registered-voter denominator,false,https://www.eac.gov/research-and-data/studies-and-reports,U.S. EAC Election Administration and Voting Survey,candidate
ME,2024,2300749520,NEW VINEYARD,,NEW VINEYARD,jurisdiction,472,639,73.8654,registeredVoters,eacReported,EAC-reported registered-voter denominator,false,https://www.eac.gov/research-and-data/studies-and-reports,U.S. EAC Election Administration and Voting Survey,candidate
ME,2024,2300758445,PHILLIPS,,PHILLIPS,jurisdiction,688,1086,63.3517,registeredVoters,eacReported,EAC-reported registered-voter denominator,false,https://www.eac.gov/research-and-data/studies-and-reports,U.S. EAC Election Administration and Voting Survey,candidate
ME,2024,2300761840,RANGELEY,,RANGELEY,jurisdiction,889,1043,85.2349,registeredVoters,eacReported,EAC-reported registered-voter denominator,false,https://www.eac.gov/research-and-data/studies-and-reports,U.S. EAC Election Administration and Voting Survey,candidate
ME,2024,2300761875,RANGELEY PLT,,RANGELEY PLT,jurisdiction,158,211,74.8815,registeredVoters,eacReported,EAC-reported registered-voter denominator,false,https://www.eac.gov/research-and-data/studies-and-reports,U.S. EAC Election Administration and Voting Survey,candidate
ME,2024,2300765655,SANDY RIVER PLT,,SANDY RIVER PLT,jurisdiction,118,164,71.9512,registeredVoters,eacReported,EAC-reported registered-voter denominator,false,https://www.eac.gov/research-and-data/studies-and-reports,U.S. EAC Election Administration and Voting Survey,candidate
ME,2024,2300774825,STRONG,,STRONG,jurisdiction,857,1283,66.7966,registeredVoters,eacReported,EAC-reported registered-voter denominator,false,https://www.eac.gov/research-and-data/studies-and-reports,U.S. EAC Election Administration and Voting Survey,candidate
ME,2024,2300775980,TEMPLE,,TEMPLE,jurisdiction,335,507,66.0750,registeredVoters,eacReported,EAC-reported registered-voter denominator,false,https://www.eac.gov/research-and-data/studies-and-reports,U.S. EAC Election Administration and Voting Survey,candidate
ME,2024,2300781300,WELD,,WELD,jurisdiction,334,373,89.5442,registeredVoters,eacReported,EAC-reported registered-voter denominator,false,https://www.eac.gov/research-and-data/studies-and-reports,U.S. EAC Election Administration and Voting Survey,candidate
ME,2024,2300785850,WILTON,,WILTON,jurisdiction,2217,3214,68.9795,registeredVoters,eacReported,EAC-reported registered-voter denominator,false,https://www.eac.gov/research-and-data/studies-and-reports,U.S. EAC Election Administration and Voting Survey,candidate
ME,2024,2300901185,AMHERST,,AMHERST,jurisdiction,211,262,80.5344,registeredVoters,eacReported,EAC-reported registered-voter denominator,false,https://www.eac.gov/research-and-data/studies-and-reports,U.S. EAC Election Administration and Voting Survey,candidate
ME,2024,2300902165,AURORA,,AURORA,jurisdiction,76,107,71.0280,registeredVoters,eacReported,EAC-reported registered-voter denominator,false,https://www.eac.gov/research-and-data/studies-and-reports,U.S. EAC Election Administration and Voting Survey,candidate
ME,2024,2300902865,BAR HARBOR,,BAR HARBOR,jurisdiction,3658,5448,67.1439,registeredVoters,eacReported,EAC-reported registered-voter denominator,false,https://www.eac.gov/research-and-data/studies-and-reports,U.S. EAC Election Administration and Voting Survey,candidate
ME,2024,2300905700,BLUE HILL,,BLUE HILL,jurisdiction,2068,2865,72.1815,registeredVoters,eacReported,EAC-reported registered-voter denominator,false,https://www.eac.gov/research-and-data/studies-and-reports,U.S. EAC Election Administration and Voting Survey,candidate
ME,2024,2300907800,BROOKLIN,,BROOKLIN,jurisdiction,654,804,81.3433,registeredVoters,eacReported,EAC-reported registered-voter denominator,false,https://www.eac.gov/research-and-data/studies-and-reports,U.S. EAC Election Administration and Voting Survey,candidate
ME,2024,2300907975,BROOKSVILLE,,BROOKSVILLE,jurisdiction,690,916,75.3275,registeredVoters,eacReported,EAC-reported registered-voter denominator,false,https://www.eac.gov/research-and-data/studies-and-reports,U.S. EAC Election Administration and Voting Survey,candidate
ME,2024,2300908815,BUCKSPORT,,BUCKSPORT,jurisdiction,2955,4755,62.1451,registeredVoters,eacReported,EAC-reported registered-voter denominator,false,https://www.eac.gov/research-and-data/studies-and-reports,U.S. EAC Election Administration and Voting Survey,candidate
ME,2024,2300911265,CASTINE,,CASTINE,jurisdiction,552,1101,50.1362,registeredVoters,eacReported,EAC-reported registered-voter denominator,false,https://www.eac.gov/research-and-data/studies-and-reports,U.S. EAC Election Administration and Voting Survey,candidate
ME,2024,2300914905,CRANBERRY ISLES,,CRANBERRY ISLES,jurisdiction,131,171,76.6082,registeredVoters,eacReported,EAC-reported registered-voter denominator,false,https://www.eac.gov/research-and-data/studies-and-reports,U.S. EAC Election Administration and Voting Survey,candidate
ME,2024,2300916935,DEDHAM,,DEDHAM,jurisdiction,1200,1621,74.0284,registeredVoters,eacReported,EAC-reported registered-voter denominator,false,https://www.eac.gov/research-and-data/studies-and-reports,U.S. EAC Election Administration and Voting Survey,candidate
ME,2024,2300917145,DEER ISLE,,DEER ISLE,jurisdiction,1361,1881,72.3551,registeredVoters,eacReported,EAC-reported registered-voter denominator,false,https://www.eac.gov/research-and-data/studies-and-reports,U.S. EAC Election Administration and Voting Survey,candidate
ME,2024,2300919770,EASTBROOK,,EASTBROOK,jurisdiction,259,402,64.4279,registeredVoters,eacReported,EAC-reported registered-voter denominator,false,https://www.eac.gov/research-and-data/studies-and-reports,U.S. EAC Election Administration and Voting Survey,candidate
ME,2024,2300923200,ELLSWORTH,,ELLSWORTH,jurisdiction,5031,7544,66.6888,registeredVoters,eacReported,EAC-reported registered-voter denominator,false,https://www.eac.gov/research-and-data/studies-and-reports,U.S. EAC Election Administration and Voting Survey,candidate
ME,2024,2300926350,FRANKLIN,,FRANKLIN,jurisdiction,979,1357,72.1444,registeredVoters,eacReported,EAC-reported registered-voter denominator,false,https://www.eac.gov/research-and-data/studies-and-reports,U.S. EAC Election Administration and Voting Survey,candidate
ME,2024,2300926595,FRENCHBORO,,FRENCHBORO,jurisdiction,31,46,67.3913,registeredVoters,eacReported,EAC-reported registered-voter denominator,false,https://www.eac.gov/research-and-data/studies-and-reports,U.S. EAC Election Administration and Voting Survey,candidate
ME,2024,2300928450,GOULDSBORO,,GOULDSBORO,jurisdiction,1162,1800,64.5556,registeredVoters,eacReported,EAC-reported registered-voter denominator,false,https://www.eac.gov/research-and-data/studies-and-reports,U.S. EAC Election Administration and Voting Survey,candidate
ME,2024,2300928975,GREAT POND,,GREAT POND,jurisdiction,44,48,91.6667,registeredVoters,eacReported,EAC-reported registered-voter denominator,false,https://www.eac.gov/research-and-data/studies-and-reports,U.S. EAC Election Administration and Voting Survey,candidate
ME,2024,2300930970,HANCOCK,,HANCOCK,jurisdiction,1518,2289,66.3172,registeredVoters,eacReported,EAC-reported registered-voter denominator,false,https://www.eac.gov/research-and-data/studies-and-reports,U.S. EAC Election Administration and Voting Survey,candidate
ME,2024,2300938180,LAMOINE,,LAMOINE,jurisdiction,1240,1697,73.0701,registeredVoters,eacReported,EAC-reported registered-voter denominator,false,https://www.eac.gov/research-and-data/studies-and-reports,U.S. EAC Election Administration and Voting Survey,candidate
ME,2024,2300943430,MARIAVILLE,,MARIAVILLE,jurisdiction,342,468,73.0769,registeredVoters,eacReported,EAC-reported registered-voter denominator,false,https://www.eac.gov/research-and-data/studies-and-reports,U.S. EAC Election Administration and Voting Survey,candidate
ME,2024,2300947630,MOUNT DESERT,,MOUNT DESERT,jurisdiction,1412,2070,68.2126,registeredVoters,eacReported,EAC-reported registered-voter denominator,false,https://www.eac.gov/research-and-data/studies-and-reports,U.S. EAC Election Administration and Voting Survey,candidate
ME,2024,2300955505,ORLAND,,ORLAND,jurisdiction,1559,1982,78.6579,registeredVoters,eacReported,EAC-reported registered-voter denominator,false,https://www.eac.gov/research-and-data/studies-and-reports,U.S. EAC Election Administration and Voting Survey,candidate
ME,2024,2300955855,OSBORN,,OSBORN,jurisdiction,49,60,81.6667,registeredVoters,eacReported,EAC-reported registered-voter denominator,false,https://www.eac.gov/research-and-data/studies-and-reports,U.S. EAC Election Administration and Voting Survey,candidate
ME,2024,2300955890,OTIS,,OTIS,jurisdiction,508,720,70.5556,registeredVoters,eacReported,EAC-reported registered-voter denominator,false,https://www.eac.gov/research-and-data/studies-and-reports,U.S. EAC Election Administration and Voting Survey,candidate
ME,2024,2300957920,PENOBSCOT,,PENOBSCOT,jurisdiction,846,1203,70.3242,registeredVoters,eacReported,EAC-reported registered-voter denominator,false,https://www.eac.gov/research-and-data/studies-and-reports,U.S. EAC Election Administration and Voting Survey,candidate
ME,2024,2300967300,SEDGWICK,,SEDGWICK,jurisdiction,878,1159,75.7550,registeredVoters,eacReported,EAC-reported registered-voter denominator,false,https://www.eac.gov/research-and-data/studies-and-reports,U.S. EAC Election Administration and Voting Survey,candidate
ME,2024,2300969750,SORRENTO,,SORRENTO,jurisdiction,199,280,71.0714,registeredVoters,eacReported,EAC-reported registered-voter denominator,false,https://www.eac.gov/research-and-data/studies-and-reports,U.S. EAC Election Administration and Voting Survey,candidate
ME,2024,2300972865,SOUTHWEST HARBOR,,SOUTHWEST HARBOR,jurisdiction,1148,1736,66.1290,registeredVoters,eacReported,EAC-reported registered-voter denominator,false,https://www.eac.gov/research-and-data/studies-and-reports,U.S. EAC Election Administration and Voting Survey,candidate
ME,2024,2300974580,STONINGTON,,STONINGTON,jurisdiction,647,1106,58.4991,registeredVoters,eacReported,EAC-reported registered-voter denominator,false,https://www.eac.gov/research-and-data/studies-and-reports,U.S. EAC Election Administration and Voting Survey,candidate
ME,2024,2300974965,SULLIVAN,,SULLIVAN,jurisdiction,767,1087,70.5612,registeredVoters,eacReported,EAC-reported registered-voter denominator,false,https://www.eac.gov/research-and-data/studies-and-reports,U.S. EAC Election Administration and Voting Survey,candidate
ME,2024,2300975280,SURRY,,SURRY,jurisdiction,1168,1593,73.3208,registeredVoters,eacReported,EAC-reported registered-voter denominator,false,https://www.eac.gov/research-and-data/studies-and-reports,U.S. EAC Election Administration and Voting Survey,candidate
ME,2024,2300975455,SWANS ISLAND,,SWANS ISLAND,jurisdiction,294,363,80.9917,registeredVoters,eacReported,EAC-reported registered-voter denominator,false,https://www.eac.gov/research-and-data/studies-and-reports,U.S. EAC Election Administration and Voting Survey,candidate
ME,2024,2300977345,TREMONT,,TREMONT,jurisdiction,1060,1366,77.5988,registeredVoters,eacReported,EAC-reported registered-voter denominator,false,https://www.eac.gov/research-and-data/studies-and-reports,U.S. EAC Election Administration and Voting Survey,candidate
ME,2024,2300977415,TRENTON,,TRENTON,jurisdiction,1030,1571,65.5633,registeredVoters,eacReported,EAC-reported registered-voter denominator,false,https://www.eac.gov/research-and-data/studies-and-reports,U.S. EAC Election Administration and Voting Survey,candidate
ME,2024,2300978920,VERONA ISLAND,,VERONA ISLAND,jurisdiction,368,485,75.8763,registeredVoters,eacReported,EAC-reported registered-voter denominator,false,https://www.eac.gov/research-and-data/studies-and-reports,U.S. EAC Election Administration and Voting Survey,candidate
ME,2024,2300980040,WALTHAM,,WALTHAM,jurisdiction,257,302,85.0993,registeredVoters,eacReported,EAC-reported registered-voter denominator,false,https://www.eac.gov/research-and-data/studies-and-reports,U.S. EAC Election Administration and Voting Survey,candidate
ME,2024,2300986655,WINTER HARBOR,,WINTER HARBOR,jurisdiction,332,544,61.0294,registeredVoters,eacReported,EAC-reported registered-voter denominator,false,https://www.eac.gov/research-and-data/studies-and-reports,U.S. EAC Election Administration and Voting Survey,candidate
ME,2024,2301100590,ALBION,,ALBION,jurisdiction,1286,1695,75.8702,registeredVoters,eacReported,EAC-reported registered-voter denominator,false,https://www.eac.gov/research-and-data/studies-and-reports,U.S. EAC Election Administration and Voting Survey,candidate
ME,2024,2301102100,AUGUSTA,,AUGUSTA,jurisdiction,10112,16328,61.9304,registeredVoters,eacReported,EAC-reported registered-voter denominator,false,https://www.eac.gov/research-and-data/studies-and-reports,U.S. EAC Election Administration and Voting Survey,candidate
ME,2024,2301104020,BELGRADE,,BELGRADE,jurisdiction,2281,3089,73.8427,registeredVoters,eacReported,EAC-reported registered-voter denominator,false,https://www.eac.gov/research-and-data/studies-and-reports,U.S. EAC Election Administration and Voting Survey,candidate
ME,2024,2301104475,BENTON,,BENTON,jurisdiction,1586,2202,72.0254,registeredVoters,eacReported,EAC-reported registered-voter denominator,false,https://www.eac.gov/research-and-data/studies-and-reports,U.S. EAC Election Administration and Voting Survey,candidate
ME,2024,2301112350,CHELSEA,,CHELSEA,jurisdiction,1610,2376,67.7609,registeredVoters,eacReported,EAC-reported registered-voter denominator,false,https://www.eac.gov/research-and-data/studies-and-reports,U.S. EAC Election Administration and Voting Survey,candidate
ME,2024,2301112735,CHINA,,CHINA,jurisdiction,2656,3358,79.0947,registeredVoters,eacReported,EAC-reported registered-voter denominator,false,https://www.eac.gov/research-and-data/studies-and-reports,U.S. EAC Election Administration and Voting Survey,candidate
ME,2024,2301113470,CLINTON,,CLINTON,jurisdiction,1798,2687,66.9148,registeredVoters,eacReported,EAC-reported registered-voter denominator,false,https://www.eac.gov/research-and-data/studies-and-reports,U.S. EAC Election Administration and Voting Survey,candidate
ME,2024,2301124670,FARMINGDALE,,FARMINGDALE,jurisdiction,1855,2817,65.8502,registeredVoters,eacReported,EAC-reported registered-voter denominator,false,https://www.eac.gov/research-and-data/studies-and-reports,U.S. EAC Election Administration and Voting Survey,candidate
ME,2024,2301124950,FAYETTE,,FAYETTE,jurisdiction,881,960,91.7708,registeredVoters,eacReported,EAC-reported registered-voter denominator,false,https://www.eac.gov/research-and-data/studies-and-reports,U.S. EAC Election Administration and Voting Survey,candidate
ME,2024,2301127085,GARDINER,,GARDINER,jurisdiction,3387,5343,63.3914,registeredVoters,eacReported,EAC-reported registered-voter denominator,false,https://www.eac.gov/research-and-data/studies-and-reports,U.S. EAC Election Administration and Voting Survey,candidate
ME,2024,2301130550,HALLOWELL,,HALLOWELL,jurisdiction,1833,2485,73.7626,registeredVoters,eacReported,EAC-reported registered-voter denominator,false,https://www.eac.gov/research-and-data/studies-and-reports,U.S. EAC Election Administration and Voting Survey,candidate
ME,2024,2301140175,LITCHFIELD,,LITCHFIELD,jurisdiction,2329,3134,74.3140,registeredVoters,eacReported,EAC-reported registered-voter denominator,false,https://www.eac.gov/research-and-data/studies-and-reports,U.S. EAC Election Administration and Voting Survey,candidate
ME,2024,2301143080,MANCHESTER,,MANCHESTER,jurisdiction,1719,2377,72.3180,registeredVoters,eacReported,EAC-reported registered-voter denominator,false,https://www.eac.gov/research-and-data/studies-and-reports,U.S. EAC Election Administration and Voting Survey,candidate
ME,2024,2301146405,MONMOUTH,,MONMOUTH,jurisdiction,2640,3708,71.1974,registeredVoters,eacReported,EAC-reported registered-voter denominator,false,https://www.eac.gov/research-and-data/studies-and-reports,U.S. EAC Election Administration and Voting Survey,candidate
ME,2024,2301147770,MOUNT VERNON,,MOUNT VERNON,jurisdiction,1194,1652,72.2760,registeredVoters,eacReported,EAC-reported registered-voter denominator,false,https://www.eac.gov/research-and-data/studies-and-reports,U.S. EAC Election Administration and Voting Survey,candidate
ME,2024,2301154560,OAKLAND,,OAKLAND,jurisdiction,3761,5254,71.5836,registeredVoters,eacReported,EAC-reported registered-voter denominator,false,https://www.eac.gov/research-and-data/studies-and-reports,U.S. EAC Election Administration and Voting Survey,candidate
ME,2024,2301159110,PITTSTON,,PITTSTON,jurisdiction,1848,2586,71.4617,registeredVoters,eacReported,EAC-reported registered-voter denominator,false,https://www.eac.gov/research-and-data/studies-and-reports,U.S. EAC Election Administration and Voting Survey,candidate
ME,2024,2301161700,RANDOLPH,,RANDOLPH,jurisdiction,1034,1469,70.3880,registeredVoters,eacReported,EAC-reported registered-voter denominator,false,https://www.eac.gov/research-and-data/studies-and-reports,U.S. EAC Election Administration and Voting Survey,candidate
ME,2024,2301162190,READFIELD,,READFIELD,jurisdiction,1838,2435,75.4825,registeredVoters,eacReported,EAC-reported registered-voter denominator,false,https://www.eac.gov/research-and-data/studies-and-reports,U.S. EAC Election Administration and Voting Survey,candidate
ME,2024,2301163835,ROME,,ROME,jurisdiction,729,932,78.2189,registeredVoters,eacReported,EAC-reported registered-voter denominator,false,https://www.eac.gov/research-and-data/studies-and-reports,U.S. EAC Election Administration and Voting Survey,candidate
ME,2024,2301168385,SIDNEY,,SIDNEY,jurisdiction,3193,4014,79.5466,registeredVoters,eacReported,EAC-reported registered-voter denominator,false,https://www.eac.gov/research-and-data/studies-and-reports,U.S. EAC Election Administration and Voting Survey,candidate
ME,2024,2301178745,VASSALBORO,,VASSALBORO,jurisdiction,2707,3687,73.4201,registeredVoters,eacReported,EAC-reported registered-voter denominator,false,https://www.eac.gov/research-and-data/studies-and-reports,U.S. EAC Election Administration and Voting Survey,candidate
ME,2024,2301179025,VIENNA,,VIENNA,jurisdiction,440,566,77.7385,registeredVoters,eacReported,EAC-reported registered-voter denominator,false,https://www.eac.gov/research-and-data/studies-and-reports,U.S. EAC Election Administration and Voting Survey,candidate
ME,2024,2301180740,WATERVILLE,,WATERVILLE,jurisdiction,7514,15635,48.0588,registeredVoters,eacReported,EAC-reported registered-voter denominator,false,https://www.eac.gov/research-and-data/studies-and-reports,U.S. EAC Election Administration and Voting Survey,candidate
ME,2024,2301180880,WAYNE,,WAYNE,jurisdiction,878,1020,86.0784,registeredVoters,eacReported,EAC-reported registered-voter denominator,false,https://www.eac.gov/research-and-data/studies-and-reports,U.S. EAC Election Administration and Voting Survey,candidate
ME,2024,2301182945,WEST GARDINER,,WEST GARDINER,jurisdiction,2502,3341,74.8878,registeredVoters,eacReported,EAC-reported registered-voter denominator,false,https://www.eac.gov/research-and-data/studies-and-reports,U.S. EAC Election Administration and Voting Survey,candidate
ME,2024,2301186165,WINDSOR,,WINDSOR,jurisdiction,1587,2173,73.0327,registeredVoters,eacReported,EAC-reported registered-voter denominator,false,https://www.eac.gov/research-and-data/studies-and-reports,U.S. EAC Election Administration and Voting Survey,candidate
ME,2024,2301186515,WINSLOW,,WINSLOW,jurisdiction,4750,6680,71.1078,registeredVoters,eacReported,EAC-reported registered-voter denominator,false,https://www.eac.gov/research-and-data/studies-and-reports,U.S. EAC Election Administration and Voting Survey,candidate
ME,2024,2301186970,WINTHROP,,WINTHROP,jurisdiction,3953,5871,67.3309,registeredVoters,eacReported,EAC-reported registered-voter denominator,false,https://www.eac.gov/research-and-data/studies-and-reports,U.S. EAC Election Administration and Voting Survey,candidate
ME,2024,2301301465,APPLETON,,APPLETON,jurisdiction,934,1191,78.4215,registeredVoters,eacReported,EAC-reported registered-voter denominator,false,https://www.eac.gov/research-and-data/studies-and-reports,U.S. EAC Election Administration and Voting Survey,candidate
ME,2024,2301309725,CAMDEN,,CAMDEN,jurisdiction,3687,5088,72.4646,registeredVoters,eacReported,EAC-reported registered-voter denominator,false,https://www.eac.gov/research-and-data/studies-and-reports,U.S. EAC Election Administration and Voting Survey,candidate
ME,2024,2301315780,CUSHING,,CUSHING,jurisdiction,1042,1410,73.9007,registeredVoters,eacReported,EAC-reported registered-voter denominator,false,https://www.eac.gov/research-and-data/studies-and-reports,U.S. EAC Election Administration and Voting Survey,candidate
ME,2024,2301326805,FRIENDSHIP,,FRIENDSHIP,jurisdiction,848,1175,72.1702,registeredVoters,eacReported,EAC-reported registered-voter denominator,false,https://www.eac.gov/research-and-data/studies-and-reports,U.S. EAC Election Administration and Voting Survey,candidate
ME,2024,2301333840,HOPE,,HOPE,jurisdiction,1148,1437,79.8887,registeredVoters,eacReported,EAC-reported registered-voter denominator,false,https://www.eac.gov/research-and-data/studies-and-reports,U.S. EAC Election Administration and Voting Survey,candidate
ME,2024,2301335135,ISLE AU HAUT,,ISLE AU HAUT,jurisdiction,64,91,70.3297,registeredVoters,eacReported,EAC-reported registered-voter denominator,false,https://www.eac.gov/research-and-data/studies-and-reports,U.S. EAC Election Administration and Voting Survey,candidate
ME,2024,2301344165,MATINICUS ISLE PLT,,MATINICUS ISLE PLT,jurisdiction,48,66,72.7273,registeredVoters,eacReported,EAC-reported registered-voter denominator,false,https://www.eac.gov/research-and-data/studies-and-reports,U.S. EAC Election Administration and Voting Survey,candidate
ME,2024,2301351620,NORTH HAVEN,,NORTH HAVEN,jurisdiction,307,402,76.3682,registeredVoters,eacReported,EAC-reported registered-voter denominator,false,https://www.eac.gov/research-and-data/studies-and-reports,U.S. EAC Election Administration and Voting Survey,candidate
ME,2024,2301356135,OWLS HEAD,,OWLS HEAD,jurisdiction,1118,1489,75.0839,registeredVoters,eacReported,EAC-reported registered-voter denominator,false,https://www.eac.gov/research-and-data/studies-and-reports,U.S. EAC Election Administration and Voting Survey,candidate
ME,2024,2301363590,ROCKLAND,,ROCKLAND,jurisdiction,3942,6128,64.3277,registeredVoters,eacReported,EAC-reported registered-voter denominator,false,https://www.eac.gov/research-and-data/studies-and-reports,U.S. EAC Election Administration and Voting Survey,candidate
ME,2024,2301363660,ROCKPORT,,ROCKPORT,jurisdiction,2542,3457,73.5320,registeredVoters,eacReported,EAC-reported registered-voter denominator,false,https://www.eac.gov/research-and-data/studies-and-reports,U.S. EAC Election Administration and Voting Survey,candidate
ME,2024,2301365130,SAINT GEORGE,,SAINT GEORGE,jurisdiction,1847,2401,76.9263,registeredVoters,eacReported,EAC-reported registered-voter denominator,false,https://www.eac.gov/research-and-data/studies-and-reports,U.S. EAC Election Administration and Voting Survey,candidate
ME,2024,2301372585,SOUTH THOMASTON,,SOUTH THOMASTON,jurisdiction,1080,1483,72.8254,registeredVoters,eacReported,EAC-reported registered-voter denominator,false,https://www.eac.gov/research-and-data/studies-and-reports,U.S. EAC Election Administration and Voting Survey,candidate
ME,2024,2301376365,THOMASTON,,THOMASTON,jurisdiction,1624,2472,65.6958,registeredVoters,eacReported,EAC-reported registered-voter denominator,false,https://www.eac.gov/research-and-data/studies-and-reports,U.S. EAC Election Administration and Voting Survey,candidate
ME,2024,2301378115,UNION,,UNION,jurisdiction,1685,2095,80.4296,registeredVoters,eacReported,EAC-reported registered-voter denominator,false,https://www.eac.gov/research-and-data/studies-and-reports,U.S. EAC Election Administration and Voting Survey,candidate
ME,2024,2301379130,VINALHAVEN,,VINALHAVEN,jurisdiction,827,1058,78.1664,registeredVoters,eacReported,EAC-reported registered-voter denominator,false,https://www.eac.gov/research-and-data/studies-and-reports,U.S. EAC Election Administration and Voting Survey,candidate
ME,2024,2301380215,WARREN,,WARREN,jurisdiction,2423,3276,73.9621,registeredVoters,eacReported,EAC-reported registered-voter denominator,false,https://www.eac.gov/research-and-data/studies-and-reports,U.S. EAC Election Administration and Voting Survey,candidate
ME,2024,2301380425,WASHINGTON,,WASHINGTON,jurisdiction,1052,1356,77.5811,registeredVoters,eacReported,EAC-reported registered-voter denominator,false,https://www.eac.gov/research-and-data/studies-and-reports,U.S. EAC Election Administration and Voting Survey,candidate
ME,2024,2301501010,ALNA,,ALNA,jurisdiction,541,753,71.8459,registeredVoters,eacReported,EAC-reported registered-voter denominator,false,https://www.eac.gov/research-and-data/studies-and-reports,U.S. EAC Election Administration and Voting Survey,candidate
ME,2024,2301506050,BOOTHBAY,,BOOTHBAY,jurisdiction,2227,2925,76.1368,registeredVoters,eacReported,EAC-reported registered-voter denominator,false,https://www.eac.gov/research-and-data/studies-and-reports,U.S. EAC Election Administration and Voting Survey,candidate
ME,2024,2301506120,BOOTHBAY HARBOR,,BOOTHBAY HARBOR,jurisdiction,1422,2041,69.6717,registeredVoters,eacReported,EAC-reported registered-voter denominator,false,https://www.eac.gov/research-and-data/studies-and-reports,U.S. EAC Election Administration and Voting Survey,candidate
ME,2024,2301506855,BREMEN,,BREMEN,jurisdiction,611,853,71.6295,registeredVoters,eacReported,EAC-reported registered-voter denominator,false,https://www.eac.gov/research-and-data/studies-and-reports,U.S. EAC Election Administration and Voting Survey,candidate
ME,2024,2301507485,BRISTOL,,BRISTOL,jurisdiction,2193,2781,78.8565,registeredVoters,eacReported,EAC-reported registered-voter denominator,false,https://www.eac.gov/research-and-data/studies-and-reports,U.S. EAC Election Administration and Voting Survey,candidate
ME,2024,2301516235,DAMARISCOTTA,,DAMARISCOTTA,jurisdiction,1517,2214,68.5185,registeredVoters,eacReported,EAC-reported registered-voter denominator,false,https://www.eac.gov/research-and-data/studies-and-reports,U.S. EAC Election Administration and Voting Survey,candidate
ME,2024,2301518475,DRESDEN,,DRESDEN,jurisdiction,1236,1596,77.4436,registeredVoters,eacReported,EAC-reported registered-voter denominator,false,https://www.eac.gov/research-and-data/studies-and-reports,U.S. EAC Election Administration and Voting Survey,candidate
ME,2024,2301522675,EDGECOMB,,EDGECOMB,jurisdiction,889,1319,67.3995,registeredVoters,eacReported,EAC-reported registered-voter denominator,false,https://www.eac.gov/research-and-data/studies-and-reports,U.S. EAC Election Administration and Voting Survey,candidate
ME,2024,2301535695,JEFFERSON,,JEFFERSON,jurisdiction,1787,2453,72.8496,registeredVoters,eacReported,EAC-reported registered-voter denominator,false,https://www.eac.gov/research-and-data/studies-and-reports,U.S. EAC Election Administration and Voting Survey,candidate
ME,2024,2301546335,MONHEGAN ISLAND PLT,,MONHEGAN ISLAND PLT,jurisdiction,65,75,86.6667,registeredVoters,eacReported,EAC-reported registered-voter denominator,false,https://www.eac.gov/research-and-data/studies-and-reports,U.S. EAC Election Administration and Voting Survey,candidate
ME,2024,2301548645,NEWCASTLE,,NEWCASTLE,jurisdiction,1392,1817,76.6098,registeredVoters,eacReported,EAC-reported registered-voter denominator,false,https://www.eac.gov/research-and-data/studies-and-reports,U.S. EAC Election Administration and Voting Survey,candidate
ME,2024,2301549660,NOBLEBORO,,NOBLEBORO,jurisdiction,1368,1819,75.2062,registeredVoters,eacReported,EAC-reported registered-voter denominator,false,https://www.eac.gov/research-and-data/studies-and-reports,U.S. EAC Election Administration and Voting Survey,candidate
ME,2024,2301569645,SOMERVILLE,,SOMERVILLE,jurisdiction,366,496,73.7903,registeredVoters,eacReported,EAC-reported registered-voter denominator,false,https://www.eac.gov/research-and-data/studies-and-reports,U.S. EAC Election Administration and Voting Survey,candidate
ME,2024,2301570240,SOUTH BRISTOL,,SOUTH BRISTOL,jurisdiction,736,1046,70.3633,registeredVoters,eacReported,EAC-reported registered-voter denominator,false,https://www.eac.gov/research-and-data/studies-and-reports,U.S. EAC Election Administration and Voting Survey,candidate
ME,2024,2301571955,SOUTHPORT,,SOUTHPORT,jurisdiction,472,607,77.7595,registeredVoters,eacReported,EAC-reported registered-voter denominator,false,https://www.eac.gov/research-and-data/studies-and-reports,U.S. EAC Election Administration and Voting Survey,candidate
ME,2024,2301579550,WALDOBORO,,WALDOBORO,jurisdiction,3059,4476,68.3423,registeredVoters,eacReported,EAC-reported registered-voter denominator,false,https://www.eac.gov/research-and-data/studies-and-reports,U.S. EAC Election Administration and Voting Survey,candidate
ME,2024,2301584135,WESTPORT ISLAND,,WESTPORT ISLAND,jurisdiction,568,732,77.5956,registeredVoters,eacReported,EAC-reported registered-voter denominator,false,https://www.eac.gov/research-and-data/studies-and-reports,U.S. EAC Election Administration and Voting Survey,candidate
ME,2024,2301585010,WHITEFIELD,,WHITEFIELD,jurisdiction,1497,1924,77.8067,registeredVoters,eacReported,EAC-reported registered-voter denominator,false,https://www.eac.gov/research-and-data/studies-and-reports,U.S. EAC Election Administration and Voting Survey,candidate
ME,2024,2301587075,WISCASSET,,WISCASSET,jurisdiction,2384,3376,70.6161,registeredVoters,eacReported,EAC-reported registered-voter denominator,false,https://www.eac.gov/research-and-data/studies-and-reports,U.S. EAC Election Administration and Voting Survey,candidate
ME,2024,2301701325,ANDOVER,,ANDOVER,jurisdiction,539,718,75.0696,registeredVoters,eacReported,EAC-reported registered-voter denominator,false,https://www.eac.gov/research-and-data/studies-and-reports,U.S. EAC Election Administration and Voting Survey,candidate
ME,2024,2301704825,BETHEL,,BETHEL,jurisdiction,1833,2772,66.1255,registeredVoters,eacReported,EAC-reported registered-voter denominator,false,https://www.eac.gov/research-and-data/studies-and-reports,U.S. EAC Election Administration and Voting Survey,candidate
ME,2024,2301708150,BROWNFIELD,,BROWNFIELD,jurisdiction,1041,1437,72.4426,registeredVoters,eacReported,EAC-reported registered-voter denominator,false,https://www.eac.gov/research-and-data/studies-and-reports,U.S. EAC Election Administration and Voting Survey,candidate
ME,2024,2301708710,BUCKFIELD,,BUCKFIELD,jurisdiction,1256,1775,70.7606,registeredVoters,eacReported,EAC-reported registered-voter denominator,false,https://www.eac.gov/research-and-data/studies-and-reports,U.S. EAC Election Administration and Voting Survey,candidate
ME,2024,2301709550,BYRON,,BYRON,jurisdiction,106,133,79.6992,registeredVoters,eacReported,EAC-reported registered-voter denominator,false,https://www.eac.gov/research-and-data/studies-and-reports,U.S. EAC Election Administration and Voting Survey,candidate
ME,2024,2301710005,CANTON,,CANTON,jurisdiction,571,939,60.8094,registeredVoters,eacReported,EAC-reported registered-voter denominator,false,https://www.eac.gov/research-and-data/studies-and-reports,U.S. EAC Election Administration and Voting Survey,candidate
ME,2024,2301717250,DENMARK,,DENMARK,jurisdiction,838,1133,73.9629,registeredVoters,eacReported,EAC-reported registered-voter denominator,false,https://www.eac.gov/research-and-data/studies-and-reports,U.S. EAC Election Administration and Voting Survey,candidate
ME,2024,2301717740,DIXFIELD,,DIXFIELD,jurisdiction,1335,1906,70.0420,registeredVoters,eacReported,EAC-reported registered-voter denominator,false,https://www.eac.gov/research-and-data/studies-and-reports,U.S. EAC Election Administration and Voting Survey,candidate
ME,2024,2301726910,FRYEBURG,,FRYEBURG,jurisdiction,2084,3546,58.7704,registeredVoters,eacReported,EAC-reported registered-voter denominator,false,https://www.eac.gov/research-and-data/studies-and-reports,U.S. EAC Election Administration and Voting Survey,candidate
ME,2024,2301727505,GILEAD,,GILEAD,jurisdiction,133,178,74.7191,registeredVoters,eacReported,EAC-reported registered-voter denominator,false,https://www.eac.gov/research-and-data/studies-and-reports,U.S. EAC Election Administration and Voting Survey,candidate
ME,2024,2301729710,GREENWOOD,,GREENWOOD,jurisdiction,610,763,79.9476,registeredVoters,eacReported,EAC-reported registered-voter denominator,false,https://www.eac.gov/research-and-data/studies-and-reports,U.S. EAC Election Administration and Voting Survey,candidate
ME,2024,2301731110,HANOVER,,HANOVER,jurisdiction,204,294,69.3878,registeredVoters,eacReported,EAC-reported registered-voter denominator,false,https://www.eac.gov/research-and-data/studies-and-reports,U.S. EAC Election Administration and Voting Survey,candidate
ME,2024,2301731670,HARTFORD,,HARTFORD,jurisdiction,748,1021,73.2615,registeredVoters,eacReported,EAC-reported registered-voter denominator,false,https://www.eac.gov/research-and-data/studies-and-reports,U.S. EAC Election Administration and Voting Survey,candidate
ME,2024,2301732370,HEBRON,,HEBRON,jurisdiction,810,1113,72.7763,registeredVoters,eacReported,EAC-reported registered-voter denominator,false,https://www.eac.gov/research-and-data/studies-and-reports,U.S. EAC Election Administration and Voting Survey,candidate
ME,2024,2301733315,HIRAM,,HIRAM,jurisdiction,1002,1368,73.2456,registeredVoters,eacReported,EAC-reported registered-voter denominator,false,https://www.eac.gov/research-and-data/studies-and-reports,U.S. EAC Election Administration and Voting Survey,candidate
ME,2024,2301739422,LINCOLN PLT,,LINCOLN PLT,jurisdiction,58,78,74.3590,registeredVoters,eacReported,EAC-reported registered-voter denominator,false,https://www.eac.gov/research-and-data/studies-and-reports,U.S. EAC Election Administration and Voting Survey,candidate
ME,2024,2301741365,LOVELL,,LOVELL,jurisdiction,851,1180,72.1186,registeredVoters,eacReported,EAC-reported registered-voter denominator,false,https://www.eac.gov/research-and-data/studies-and-reports,U.S. EAC Election Administration and Voting Survey,candidate
ME,2024,2301742835,MAGALLOWAY TWP,,MAGALLOWAY TWP,jurisdiction,-88,-88,,registeredVoters,eacReported,EAC-reported registered-voter denominator,true,https://www.eac.gov/research-and-data/studies-and-reports,U.S. EAC Election Administration and Voting Survey,candidate
ME,2024,2301745285,MEXICO,,MEXICO,jurisdiction,1287,2047,62.8725,registeredVoters,eacReported,EAC-reported registered-voter denominator,false,https://www.eac.gov/research-and-data/studies-and-reports,U.S. EAC Election Administration and Voting Survey,candidate
ME,2024,2301749275,NEWRY,,NEWRY,jurisdiction,277,355,78.0282,registeredVoters,eacReported,EAC-reported registered-voter denominator,false,https://www.eac.gov/research-and-data/studies-and-reports,U.S. EAC Election Administration and Voting Survey,candidate
ME,2024,2301754000,NORWAY,,NORWAY,jurisdiction,3080,4565,67.4699,registeredVoters,eacReported,EAC-reported registered-voter denominator,false,https://www.eac.gov/research-and-data/studies-and-reports,U.S. EAC Election Administration and Voting Survey,candidate
ME,2024,2301755960,OTISFIELD,,OTISFIELD,jurisdiction,1246,1757,70.9163,registeredVoters,eacReported,EAC-reported registered-voter denominator,false,https://www.eac.gov/research-and-data/studies-and-reports,U.S. EAC Election Administration and Voting Survey,candidate
ME,2024,2301756310,OXFORD,,OXFORD,jurisdiction,2474,3721,66.4875,registeredVoters,eacReported,EAC-reported registered-voter denominator,false,https://www.eac.gov/research-and-data/studies-and-reports,U.S. EAC Election Administration and Voting Survey,candidate
ME,2024,2301756625,PARIS,,PARIS,jurisdiction,2974,4365,68.1329,registeredVoters,eacReported,EAC-reported registered-voter denominator,false,https://www.eac.gov/research-and-data/studies-and-reports,U.S. EAC Election Administration and Voting Survey,candidate
ME,2024,2301758270,PERU,,PERU,jurisdiction,900,1306,68.9127,registeredVoters,eacReported,EAC-reported registered-voter denominator,false,https://www.eac.gov/research-and-data/studies-and-reports,U.S. EAC Election Administration and Voting Survey,candidate
ME,2024,2301760405,PORTER,,PORTER,jurisdiction,948,1365,69.4505,registeredVoters,eacReported,EAC-reported registered-voter denominator,false,https://www.eac.gov/research-and-data/studies-and-reports,U.S. EAC Election Administration and Voting Survey,candidate
ME,2024,2301764185,ROXBURY,,ROXBURY,jurisdiction,262,342,76.6082,registeredVoters,eacReported,EAC-reported registered-voter denominator,false,https://www.eac.gov/research-and-data/studies-and-reports,U.S. EAC Election Administration and Voting Survey,candidate
ME,2024,2301764290,RUMFORD,,RUMFORD,jurisdiction,2788,4680,59.5726,registeredVoters,eacReported,EAC-reported registered-voter denominator,false,https://www.eac.gov/research-and-data/studies-and-reports,U.S. EAC Election Administration and Voting Survey,candidate
ME,2024,2301774510,STONEHAM,,STONEHAM,jurisdiction,202,251,80.4781,registeredVoters,eacReported,EAC-reported registered-voter denominator,false,https://www.eac.gov/research-and-data/studies-and-reports,U.S. EAC Election Administration and Voting Survey,candidate
ME,2024,2301774685,STOW,,STOW,jurisdiction,254,309,82.2006,registeredVoters,eacReported,EAC-reported registered-voter denominator,false,https://www.eac.gov/research-and-data/studies-and-reports,U.S. EAC Election Administration and Voting Survey,candidate
ME,2024,2301775035,SUMNER,,SUMNER,jurisdiction,613,851,72.0329,registeredVoters,eacReported,EAC-reported registered-voter denominator,false,https://www.eac.gov/research-and-data/studies-and-reports,U.S. EAC Election Administration and Voting Survey,candidate
ME,2024,2301775595,SWEDEN,,SWEDEN,jurisdiction,287,383,74.9347,registeredVoters,eacReported,EAC-reported registered-voter denominator,false,https://www.eac.gov/research-and-data/studies-and-reports,U.S. EAC Election Administration and Voting Survey,candidate
ME,2024,2301778465,UPTON,,UPTON,jurisdiction,57,81,70.3704,registeredVoters,eacReported,EAC-reported registered-voter denominator,false,https://www.eac.gov/research-and-data/studies-and-reports,U.S. EAC Election Administration and Voting Survey,candidate
ME,2024,2301780635,WATERFORD,,WATERFORD,jurisdiction,1057,1308,80.8104,registeredVoters,eacReported,EAC-reported registered-voter denominator,false,https://www.eac.gov/research-and-data/studies-and-reports,U.S. EAC Election Administration and Voting Survey,candidate
ME,2024,2301783890,WEST PARIS,,WEST PARIS,jurisdiction,1044,1444,72.2992,registeredVoters,eacReported,EAC-reported registered-voter denominator,false,https://www.eac.gov/research-and-data/studies-and-reports,U.S. EAC Election Administration and Voting Survey,candidate
ME,2024,2301787355,WOODSTOCK,,WOODSTOCK,jurisdiction,950,1327,71.5901,registeredVoters,eacReported,EAC-reported registered-voter denominator,false,https://www.eac.gov/research-and-data/studies-and-reports,U.S. EAC Election Administration and Voting Survey,candidate
ME,2024,2301901115,ALTON,,ALTON,jurisdiction,544,736,73.9130,registeredVoters,eacReported,EAC-reported registered-voter denominator,false,https://www.eac.gov/research-and-data/studies-and-reports,U.S. EAC Election Administration and Voting Survey,candidate
ME,2024,2301902795,BANGOR,,BANGOR,jurisdiction,16098,23566,68.3103,registeredVoters,eacReported,EAC-reported registered-voter denominator,false,https://www.eac.gov/research-and-data/studies-and-reports,U.S. EAC Election Administration and Voting Survey,candidate
ME,2024,2301906575,BRADFORD,,BRADFORD,jurisdiction,723,1052,68.7262,registeredVoters,eacReported,EAC-reported registered-voter denominator,false,https://www.eac.gov/research-and-data/studies-and-reports,U.S. EAC Election Administration and Voting Survey,candidate
ME,2024,2301906680,BRADLEY,,BRADLEY,jurisdiction,956,1381,69.2252,registeredVoters,eacReported,EAC-reported registered-voter denominator,false,https://www.eac.gov/research-and-data/studies-and-reports,U.S. EAC Election Administration and Voting Survey,candidate
ME,2024,2301906925,BREWER,,BREWER,jurisdiction,5377,8264,65.0653,registeredVoters,eacReported,EAC-reported registered-voter denominator,false,https://www.eac.gov/research-and-data/studies-and-reports,U.S. EAC Election Administration and Voting Survey,candidate
ME,2024,2301909200,BURLINGTON,,BURLINGTON,jurisdiction,257,377,68.1698,registeredVoters,eacReported,EAC-reported registered-voter denominator,false,https://www.eac.gov/research-and-data/studies-and-reports,U.S. EAC Election Administration and Voting Survey,candidate
ME,2024,2301910670,CARMEL,,CARMEL,jurisdiction,1847,2415,76.4803,registeredVoters,eacReported,EAC-reported registered-voter denominator,false,https://www.eac.gov/research-and-data/studies-and-reports,U.S. EAC Election Administration and Voting Survey,candidate
ME,2024,2301910810,CARROLL PLT,,CARROLL PLT,jurisdiction,86,126,68.2540,registeredVoters,eacReported,EAC-reported registered-voter denominator,false,https://www.eac.gov/research-and-data/studies-and-reports,U.S. EAC Election Administration and Voting Survey,candidate
ME,2024,2301912105,CHARLESTON,,CHARLESTON,jurisdiction,799,1119,71.4030,registeredVoters,eacReported,EAC-reported registered-voter denominator,false,https://www.eac.gov/research-and-data/studies-and-reports,U.S. EAC Election Administration and Voting Survey,candidate
ME,2024,2301912525,CHESTER,,CHESTER,jurisdiction,374,462,80.9524,registeredVoters,eacReported,EAC-reported registered-voter denominator,false,https://www.eac.gov/research-and-data/studies-and-reports,U.S. EAC Election Administration and Voting Survey,candidate
ME,2024,2301913365,CLIFTON,,CLIFTON,jurisdiction,544,870,62.5287,registeredVoters,eacReported,EAC-reported registered-voter denominator,false,https://www.eac.gov/research-and-data/studies-and-reports,U.S. EAC Election Administration and Voting Survey,candidate
ME,2024,2301914310,CORINNA,,CORINNA,jurisdiction,1242,1745,71.1748,registeredVoters,eacReported,EAC-reported registered-voter denominator,false,https://www.eac.gov/research-and-data/studies-and-reports,U.S. EAC Election Administration and Voting Survey,candidate
ME,2024,2301914380,CORINTH,,CORINTH,jurisdiction,1612,2232,72.2222,registeredVoters,eacReported,EAC-reported registered-voter denominator,false,https://www.eac.gov/research-and-data/studies-and-reports,U.S. EAC Election Administration and Voting Survey,candidate
ME,2024,2301917530,DEXTER,,DEXTER,jurisdiction,2015,2890,69.7232,registeredVoters,eacReported,EAC-reported registered-voter denominator,false,https://www.eac.gov/research-and-data/studies-and-reports,U.S. EAC Election Administration and Voting Survey,candidate
ME,2024,2301917950,DIXMONT,,DIXMONT,jurisdiction,760,966,78.6749,registeredVoters,eacReported,EAC-reported registered-voter denominator,false,https://www.eac.gov/research-and-data/studies-and-reports,U.S. EAC Election Administration and Voting Survey,candidate
ME,2024,2301918580,DREW TWP,,DREW TWP,jurisdiction,17,34,50.0000,registeredVoters,eacReported,EAC-reported registered-voter denominator,false,https://www.eac.gov/research-and-data/studies-and-reports,U.S. EAC Election Administration and Voting Survey,candidate
ME,2024,2301921030,EAST MILLINOCKET,,EAST MILLINOCKET,jurisdiction,924,1322,69.8941,registeredVoters,eacReported,EAC-reported registered-voter denominator,false,https://www.eac.gov/research-and-data/studies-and-reports,U.S. EAC Election Administration and Voting Survey,candidate
ME,2024,2301922535,EDDINGTON,,EDDINGTON,jurisdiction,1501,1901,78.9584,registeredVoters,eacReported,EAC-reported registered-voter denominator,false,https://www.eac.gov/research-and-data/studies-and-reports,U.S. EAC Election Administration and Voting Survey,candidate
ME,2024,2301922710,EDINBURG,,EDINBURG,jurisdiction,124,165,75.1515,registeredVoters,eacReported,EAC-reported registered-voter denominator,false,https://www.eac.gov/research-and-data/studies-and-reports,U.S. EAC Election Administration and Voting Survey,candidate
ME,2024,2301923620,ENFIELD,,ENFIELD,jurisdiction,912,1339,68.1105,registeredVoters,eacReported,EAC-reported registered-voter denominator,false,https://www.eac.gov/research-and-data/studies-and-reports,U.S. EAC Election Administration and Voting Survey,candidate
ME,2024,2301923865,ETNA,,ETNA,jurisdiction,731,1008,72.5198,registeredVoters,eacReported,EAC-reported registered-voter denominator,false,https://www.eac.gov/research-and-data/studies-and-reports,U.S. EAC Election Administration and Voting Survey,candidate
ME,2024,2301924110,EXETER,,EXETER,jurisdiction,562,837,67.1446,registeredVoters,eacReported,EAC-reported registered-voter denominator,false,https://www.eac.gov/research-and-data/studies-and-reports,U.S. EAC Election Administration and Voting Survey,candidate
ME,2024,2301927190,GARLAND,,GARLAND,jurisdiction,647,891,72.6150,registeredVoters,eacReported,EAC-reported registered-voter denominator,false,https://www.eac.gov/research-and-data/studies-and-reports,U.S. EAC Election Administration and Voting Survey,candidate
ME,2024,2301927645,GLENBURN,,GLENBURN,jurisdiction,2910,3885,74.9035,registeredVoters,eacReported,EAC-reported registered-voter denominator,false,https://www.eac.gov/research-and-data/studies-and-reports,U.S. EAC Election Administration and Voting Survey,candidate
ME,2024,2301929185,GREENBUSH,,GREENBUSH,jurisdiction,750,1089,68.8705,registeredVoters,eacReported,EAC-reported registered-voter denominator,false,https://www.eac.gov/research-and-data/studies-and-reports,U.S. EAC Election Administration and Voting Survey,candidate
ME,2024,2301930795,HAMPDEN,,HAMPDEN,jurisdiction,5141,7103,72.3779,registeredVoters,eacReported,EAC-reported registered-voter denominator,false,https://www.eac.gov/research-and-data/studies-and-reports,U.S. EAC Election Administration and Voting Survey,candidate
ME,2024,2301932510,HERMON,,HERMON,jurisdiction,4156,5656,73.4795,registeredVoters,eacReported,EAC-reported registered-voter denominator,false,https://www.eac.gov/research-and-data/studies-and-reports,U.S. EAC Election Administration and Voting Survey,candidate
ME,2024,2301933490,HOLDEN,,HOLDEN,jurisdiction,2147,2950,72.7797,registeredVoters,eacReported,EAC-reported registered-voter denominator,false,https://www.eac.gov/research-and-data/studies-and-reports,U.S. EAC Election Administration and Voting Survey,candidate
ME,2024,2301934190,HOWLAND,,HOWLAND,jurisdiction,691,936,73.8248,registeredVoters,eacReported,EAC-reported registered-voter denominator,false,https://www.eac.gov/research-and-data/studies-and-reports,U.S. EAC Election Administration and Voting Survey,candidate
ME,2024,2301934365,HUDSON,,HUDSON,jurisdiction,877,1234,71.0697,registeredVoters,eacReported,EAC-reported registered-voter denominator,false,https://www.eac.gov/research-and-data/studies-and-reports,U.S. EAC Election Administration and Voting Survey,candidate
ME,2024,2301936325,KENDUSKEAG,,KENDUSKEAG,jurisdiction,806,1218,66.1741,registeredVoters,eacReported,EAC-reported registered-voter denominator,false,https://www.eac.gov/research-and-data/studies-and-reports,U.S. EAC Election Administration and Voting Survey,candidate
ME,2024,2301937075,KINGMAN TWP,,KINGMAN TWP,jurisdiction,77,130,59.2308,registeredVoters,eacReported,EAC-reported registered-voter denominator,false,https://www.eac.gov/research-and-data/studies-and-reports,U.S. EAC Election Administration and Voting Survey,candidate
ME,2024,2301937760,LAGRANGE,,LAGRANGE,jurisdiction,356,625,56.9600,registeredVoters,eacReported,EAC-reported registered-voter denominator,false,https://www.eac.gov/research-and-data/studies-and-reports,U.S. EAC Election Administration and Voting Survey,candidate
ME,2024,2301938005,LAKEVILLE,,LAKEVILLE,jurisdiction,84,107,78.5047,registeredVoters,eacReported,EAC-reported registered-voter denominator,false,https://www.eac.gov/research-and-data/studies-and-reports,U.S. EAC Election Administration and Voting Survey,candidate
ME,2024,2301938530,LEE,,LEE,jurisdiction,548,813,67.4047,registeredVoters,eacReported,EAC-reported registered-voter denominator,false,https://www.eac.gov/research-and-data/studies-and-reports,U.S. EAC Election Administration and Voting Survey,candidate
ME,2024,2301938705,LEVANT,,LEVANT,jurisdiction,1775,2397,74.0509,registeredVoters,eacReported,EAC-reported registered-voter denominator,false,https://www.eac.gov/research-and-data/studies-and-reports,U.S. EAC Election Administration and Voting Survey,candidate
ME,2024,2301939475,LINCOLN,,LINCOLN,jurisdiction,2828,3766,75.0929,registeredVoters,eacReported,EAC-reported registered-voter denominator,false,https://www.eac.gov/research-and-data/studies-and-reports,U.S. EAC Election Administration and Voting Survey,candidate
ME,2024,2301941435,LOWELL,,LOWELL,jurisdiction,272,409,66.5037,registeredVoters,eacReported,EAC-reported registered-voter denominator,false,https://www.eac.gov/research-and-data/studies-and-reports,U.S. EAC Election Administration and Voting Survey,candidate
ME,2024,2301944270,MATTAWAMKEAG,,MATTAWAMKEAG,jurisdiction,430,575,74.7826,registeredVoters,eacReported,EAC-reported registered-voter denominator,false,https://www.eac.gov/research-and-data/studies-and-reports,U.S. EAC Election Administration and Voting Survey,candidate
ME,2024,2301944340,MAXFIELD,,MAXFIELD,jurisdiction,74,92,80.4348,registeredVoters,eacReported,EAC-reported registered-voter denominator,false,https://www.eac.gov/research-and-data/studies-and-reports,U.S. EAC Election Administration and Voting Survey,candidate
ME,2024,2301945005,MEDWAY,,MEDWAY,jurisdiction,746,1093,68.2525,registeredVoters,eacReported,EAC-reported registered-voter denominator,false,https://www.eac.gov/research-and-data/studies-and-reports,U.S. EAC Election Administration and Voting Survey,candidate
ME,2024,2301945670,MILFORD,,MILFORD,jurisdiction,1907,2806,67.9615,registeredVoters,eacReported,EAC-reported registered-voter denominator,false,https://www.eac.gov/research-and-data/studies-and-reports,U.S. EAC Election Administration and Voting Survey,candidate
ME,2024,2301945810,MILLINOCKET,,MILLINOCKET,jurisdiction,2684,3741,71.7455,registeredVoters,eacReported,EAC-reported registered-voter denominator,false,https://www.eac.gov/research-and-data/studies-and-reports,U.S. EAC Election Administration and Voting Survey,candidate
ME,2024,2301947560,MOUNT CHASE,,MOUNT CHASE,jurisdiction,155,215,72.0930,registeredVoters,eacReported,EAC-reported registered-voter denominator,false,https://www.eac.gov/research-and-data/studies-and-reports,U.S. EAC Election Administration and Voting Survey,candidate
ME,2024,2301948505,NEWBURGH,,NEWBURGH,jurisdiction,1070,1384,77.3121,registeredVoters,eacReported,EAC-reported registered-voter denominator,false,https://www.eac.gov/research-and-data/studies-and-reports,U.S. EAC Election Administration and Voting Survey,candidate
ME,2024,2301949065,NEWPORT,,NEWPORT,jurisdiction,1874,2715,69.0239,registeredVoters,eacReported,EAC-reported registered-voter denominator,false,https://www.eac.gov/research-and-data/studies-and-reports,U.S. EAC Election Administration and Voting Survey,candidate
ME,2024,2301955225,OLD ORCHARD BEACH,,OLD ORCHARD BEACH,jurisdiction,6316,9265,68.1705,registeredVoters,eacReported,EAC-reported registered-voter denominator,false,https://www.eac.gov/research-and-data/studies-and-reports,U.S. EAC Election Administration and Voting Survey,candidate
ME,2024,2301955565,ORONO,,ORONO,jurisdiction,5471,12677,43.1569,registeredVoters,eacReported,EAC-reported registered-voter denominator,false,https://www.eac.gov/research-and-data/studies-and-reports,U.S. EAC Election Administration and Voting Survey,candidate
ME,2024,2301955680,ORRINGTON,,ORRINGTON,jurisdiction,2674,3537,75.6008,registeredVoters,eacReported,EAC-reported registered-voter denominator,false,https://www.eac.gov/research-and-data/studies-and-reports,U.S. EAC Election Administration and Voting Survey,candidate
ME,2024,2301957045,PASSADUMKEAG,,PASSADUMKEAG,jurisdiction,244,342,71.3450,registeredVoters,eacReported,EAC-reported registered-voter denominator,false,https://www.eac.gov/research-and-data/studies-and-reports,U.S. EAC Election Administration and Voting Survey,candidate
ME,2024,2301957150,PATTEN,,PATTEN,jurisdiction,514,727,70.7015,registeredVoters,eacReported,EAC-reported registered-voter denominator,false,https://www.eac.gov/research-and-data/studies-and-reports,U.S. EAC Election Administration and Voting Survey,candidate
ME,2024,2301957937,PENOBSCOT NATION VOTING,,PENOBSCOT NATION VOTING,jurisdiction,327,450,72.6667,registeredVoters,eacReported,EAC-reported registered-voter denominator,false,https://www.eac.gov/research-and-data/studies-and-reports,U.S. EAC Election Administration and Voting Survey,candidate
ME,2024,2301959950,PLYMOUTH,,PLYMOUTH,jurisdiction,783,1143,68.5039,registeredVoters,eacReported,EAC-reported registered-voter denominator,false,https://www.eac.gov/research-and-data/studies-and-reports,U.S. EAC Election Administration and Voting Survey,candidate
ME,2024,2301960790,PRENTISS TWP T7 R3 NBPP,,PRENTISS TWP T7 R3 NBPP,jurisdiction,103,167,61.6766,registeredVoters,eacReported,EAC-reported registered-voter denominator,false,https://www.eac.gov/research-and-data/studies-and-reports,U.S. EAC Election Administration and Voting Survey,candidate
ME,2024,2301967160,SEBOEIS PLT,,SEBOEIS PLT,jurisdiction,27,35,77.1429,registeredVoters,eacReported,EAC-reported registered-voter denominator,false,https://www.eac.gov/research-and-data/studies-and-reports,U.S. EAC Election Administration and Voting Survey,candidate
ME,2024,2301973250,SPRINGFIELD,,SPRINGFIELD,jurisdiction,188,262,71.7557,registeredVoters,eacReported,EAC-reported registered-voter denominator,false,https://www.eac.gov/research-and-data/studies-and-reports,U.S. EAC Election Administration and Voting Survey,candidate
ME,2024,2301973600,STACYVILLE,,STACYVILLE,jurisdiction,381,495,76.9697,registeredVoters,eacReported,EAC-reported registered-voter denominator,false,https://www.eac.gov/research-and-data/studies-and-reports,U.S. EAC Election Administration and Voting Survey,candidate
ME,2024,2301974055,STETSON,,STETSON,jurisdiction,810,1211,66.8869,registeredVoters,eacReported,EAC-reported registered-voter denominator,false,https://www.eac.gov/research-and-data/studies-and-reports,U.S. EAC Election Administration and Voting Survey,candidate
ME,2024,2301978780,VEAZIE,,VEAZIE,jurisdiction,1196,1748,68.4211,registeredVoters,eacReported,EAC-reported registered-voter denominator,false,https://www.eac.gov/research-and-data/studies-and-reports,U.S. EAC Election Administration and Voting Survey,candidate
ME,2024,2301981055,WEBSTER PLT,,WEBSTER PLT,jurisdiction,43,65,66.1538,registeredVoters,eacReported,EAC-reported registered-voter denominator,false,https://www.eac.gov/research-and-data/studies-and-reports,U.S. EAC Election Administration and Voting Survey,candidate
ME,2024,2301986305,WINN,,WINN,jurisdiction,212,298,71.1409,registeredVoters,eacReported,EAC-reported registered-voter denominator,false,https://www.eac.gov/research-and-data/studies-and-reports,U.S. EAC Election Administration and Voting Survey,candidate
ME,2024,2301987390,WOODVILLE,,WOODVILLE,jurisdiction,148,203,72.9064,registeredVoters,eacReported,EAC-reported registered-voter denominator,false,https://www.eac.gov/research-and-data/studies-and-reports,U.S. EAC Election Administration and Voting Survey,candidate
ME,2024,2302100100,ABBOT,,ABBOT,jurisdiction,409,533,76.7355,registeredVoters,eacReported,EAC-reported registered-voter denominator,false,https://www.eac.gov/research-and-data/studies-and-reports,U.S. EAC Election Administration and Voting Survey,candidate
ME,2024,2302103740,BEAVER COVE,,BEAVER COVE,jurisdiction,117,141,82.9787,registeredVoters,eacReported,EAC-reported registered-voter denominator,false,https://www.eac.gov/research-and-data/studies-and-reports,U.S. EAC Election Administration and Voting Survey,candidate
ME,2024,2302106400,BOWERBANK,,BOWERBANK,jurisdiction,128,162,79.0123,registeredVoters,eacReported,EAC-reported registered-voter denominator,false,https://www.eac.gov/research-and-data/studies-and-reports,U.S. EAC Election Administration and Voting Survey,candidate
ME,2024,2302108325,BROWNVILLE,,BROWNVILLE,jurisdiction,810,1097,73.8377,registeredVoters,eacReported,EAC-reported registered-voter denominator,false,https://www.eac.gov/research-and-data/studies-and-reports,U.S. EAC Election Administration and Voting Survey,candidate
ME,2024,2302118195,DOVER-FOXCROFT,,DOVER-FOXCROFT,jurisdiction,2449,3455,70.8828,registeredVoters,eacReported,EAC-reported registered-voter denominator,false,https://www.eac.gov/research-and-data/studies-and-reports,U.S. EAC Election Administration and Voting Survey,candidate
ME,2024,2302129535,GREENVILLE,,GREENVILLE,jurisdiction,1205,1832,65.7751,registeredVoters,eacReported,EAC-reported registered-voter denominator,false,https://www.eac.gov/research-and-data/studies-and-reports,U.S. EAC Election Administration and Voting Survey,candidate
ME,2024,2302130095,GUILFORD,,GUILFORD,jurisdiction,800,1079,74.1427,registeredVoters,eacReported,EAC-reported registered-voter denominator,false,https://www.eac.gov/research-and-data/studies-and-reports,U.S. EAC Election Administration and Voting Survey,candidate
ME,2024,2302137095,KINGSBURY PLT,,KINGSBURY PLT,jurisdiction,-88,-88,,registeredVoters,eacReported,EAC-reported registered-voter denominator,true,https://www.eac.gov/research-and-data/studies-and-reports,U.S. EAC Election Administration and Voting Survey,candidate
ME,2024,2302137970,LAKE VIEW PLT,,LAKE VIEW PLT,jurisdiction,141,167,84.4311,registeredVoters,eacReported,EAC-reported registered-voter denominator,false,https://www.eac.gov/research-and-data/studies-and-reports,U.S. EAC Election Administration and Voting Survey,candidate
ME,2024,2302144830,MEDFORD,,MEDFORD,jurisdiction,183,225,81.3333,registeredVoters,eacReported,EAC-reported registered-voter denominator,false,https://www.eac.gov/research-and-data/studies-and-reports,U.S. EAC Election Administration and Voting Survey,candidate
ME,2024,2302146020,MILO,,MILO,jurisdiction,1286,2174,59.1536,registeredVoters,eacReported,EAC-reported registered-voter denominator,false,https://www.eac.gov/research-and-data/studies-and-reports,U.S. EAC Election Administration and Voting Survey,candidate
ME,2024,2302146580,MONSON,,MONSON,jurisdiction,525,669,78.4753,registeredVoters,eacReported,EAC-reported registered-voter denominator,false,https://www.eac.gov/research-and-data/studies-and-reports,U.S. EAC Election Administration and Voting Survey,candidate
ME,2024,2302156765,PARKMAN,,PARKMAN,jurisdiction,492,672,73.2143,registeredVoters,eacReported,EAC-reported registered-voter denominator,false,https://www.eac.gov/research-and-data/studies-and-reports,U.S. EAC Election Administration and Voting Survey,candidate
ME,2024,2302165865,SANGERVILLE,,SANGERVILLE,jurisdiction,769,1166,65.9520,registeredVoters,eacReported,EAC-reported registered-voter denominator,false,https://www.eac.gov/research-and-data/studies-and-reports,U.S. EAC Election Administration and Voting Survey,candidate
ME,2024,2302166950,SEBEC,,SEBEC,jurisdiction,601,795,75.5975,registeredVoters,eacReported,EAC-reported registered-voter denominator,false,https://www.eac.gov/research-and-data/studies-and-reports,U.S. EAC Election Administration and Voting Survey,candidate
ME,2024,2302168140,SHIRLEY,,SHIRLEY,jurisdiction,168,205,81.9512,registeredVoters,eacReported,EAC-reported registered-voter denominator,false,https://www.eac.gov/research-and-data/studies-and-reports,U.S. EAC Election Administration and Voting Survey,candidate
ME,2024,2302181405,WELLINGTON,,WELLINGTON,jurisdiction,144,213,67.6056,registeredVoters,eacReported,EAC-reported registered-voter denominator,false,https://www.eac.gov/research-and-data/studies-and-reports,U.S. EAC Election Administration and Voting Survey,candidate
ME,2024,2302185710,WILLIMANTIC,,WILLIMANTIC,jurisdiction,96,135,71.1111,registeredVoters,eacReported,EAC-reported registered-voter denominator,false,https://www.eac.gov/research-and-data/studies-and-reports,U.S. EAC Election Administration and Voting Survey,candidate
ME,2024,2302301570,ARROWSIC,,ARROWSIC,jurisdiction,361,446,80.9417,registeredVoters,eacReported,EAC-reported registered-voter denominator,false,https://www.eac.gov/research-and-data/studies-and-reports,U.S. EAC Election Administration and Voting Survey,candidate
ME,2024,2302303355,BATH,,BATH,jurisdiction,5265,8277,63.6100,registeredVoters,eacReported,EAC-reported registered-voter denominator,false,https://www.eac.gov/research-and-data/studies-and-reports,U.S. EAC Election Administration and Voting Survey,candidate
ME,2024,2302306260,BOWDOIN,,BOWDOIN,jurisdiction,1973,2874,68.6500,registeredVoters,eacReported,EAC-reported registered-voter denominator,false,https://www.eac.gov/research-and-data/studies-and-reports,U.S. EAC Election Administration and Voting Survey,candidate
ME,2024,2302306365,BOWDOINHAM,,BOWDOINHAM,jurisdiction,2106,2712,77.6549,registeredVoters,eacReported,EAC-reported registered-voter denominator,false,https://www.eac.gov/research-and-data/studies-and-reports,U.S. EAC Election Administration and Voting Survey,candidate
ME,2024,2302327295,GEORGETOWN,,GEORGETOWN,jurisdiction,874,1133,77.1403,registeredVoters,eacReported,EAC-reported registered-voter denominator,false,https://www.eac.gov/research-and-data/studies-and-reports,U.S. EAC Election Administration and Voting Survey,candidate
ME,2024,2302358515,PHIPPSBURG,,PHIPPSBURG,jurisdiction,1643,2200,74.6818,registeredVoters,eacReported,EAC-reported registered-voter denominator,false,https://www.eac.gov/research-and-data/studies-and-reports,U.S. EAC Election Administration and Voting Survey,candidate
ME,2024,2302362645,RICHMOND,,RICHMOND,jurisdiction,2190,2663,82.2381,registeredVoters,eacReported,EAC-reported registered-voter denominator,false,https://www.eac.gov/research-and-data/studies-and-reports,U.S. EAC Election Administration and Voting Survey,candidate
ME,2024,2302376960,TOPSHAM,,TOPSHAM,jurisdiction,6669,8865,75.2284,registeredVoters,eacReported,EAC-reported registered-voter denominator,false,https://www.eac.gov/research-and-data/studies-and-reports,U.S. EAC Election Administration and Voting Survey,candidate
ME,2024,2302381930,WEST BATH,,WEST BATH,jurisdiction,1446,1882,76.8332,registeredVoters,eacReported,EAC-reported registered-voter denominator,false,https://www.eac.gov/research-and-data/studies-and-reports,U.S. EAC Election Administration and Voting Survey,candidate
ME,2024,2302387460,WOOLWICH,,WOOLWICH,jurisdiction,2283,2956,77.2327,registeredVoters,eacReported,EAC-reported registered-voter denominator,false,https://www.eac.gov/research-and-data/studies-and-reports,U.S. EAC Election Administration and Voting Survey,candidate
ME,2024,2302501395,ANSON,,ANSON,jurisdiction,1317,1966,66.9888,registeredVoters,eacReported,EAC-reported registered-voter denominator,false,https://www.eac.gov/research-and-data/studies-and-reports,U.S. EAC Election Administration and Voting Survey,candidate
ME,2024,2302501885,ATHENS,,ATHENS,jurisdiction,547,927,59.0076,registeredVoters,eacReported,EAC-reported registered-voter denominator,false,https://www.eac.gov/research-and-data/studies-and-reports,U.S. EAC Election Administration and Voting Survey,candidate
ME,2024,2302505000,BINGHAM,,BINGHAM,jurisdiction,575,877,65.5644,registeredVoters,eacReported,EAC-reported registered-voter denominator,false,https://www.eac.gov/research-and-data/studies-and-reports,U.S. EAC Election Administration and Voting Survey,candidate
ME,2024,2302507380,BRIGHTON PLT,,BRIGHTON PLT,jurisdiction,43,88,48.8636,registeredVoters,eacReported,EAC-reported registered-voter denominator,false,https://www.eac.gov/research-and-data/studies-and-reports,U.S. EAC Election Administration and Voting Survey,candidate
ME,2024,2302509655,CAMBRIDGE,,CAMBRIDGE,jurisdiction,255,345,73.9130,registeredVoters,eacReported,EAC-reported registered-voter denominator,false,https://www.eac.gov/research-and-data/studies-and-reports,U.S. EAC Election Administration and Voting Survey,candidate
ME,2024,2302509935,CANAAN,,CANAAN,jurisdiction,1236,1675,73.7910,registeredVoters,eacReported,EAC-reported registered-voter denominator,false,https://www.eac.gov/research-and-data/studies-and-reports,U.S. EAC Election Administration and Voting Survey,candidate
ME,2024,2302510495,CARATUNK,,CARATUNK,jurisdiction,62,71,87.3239,registeredVoters,eacReported,EAC-reported registered-voter denominator,false,https://www.eac.gov/research-and-data/studies-and-reports,U.S. EAC Election Administration and Voting Survey,candidate
ME,2024,2302514555,CORNVILLE,,CORNVILLE,jurisdiction,841,1137,73.9666,registeredVoters,eacReported,EAC-reported registered-voter denominator,false,https://www.eac.gov/research-and-data/studies-and-reports,U.S. EAC Election Administration and Voting Survey,candidate
ME,2024,2302517285,DENNISTOWN PLT,,DENNISTOWN PLT,jurisdiction,27,31,87.0968,registeredVoters,eacReported,EAC-reported registered-voter denominator,false,https://www.eac.gov/research-and-data/studies-and-reports,U.S. EAC Election Administration and Voting Survey,candidate
ME,2024,2302517460,DETROIT,,DETROIT,jurisdiction,502,794,63.2242,registeredVoters,eacReported,EAC-reported registered-voter denominator,false,https://www.eac.gov/research-and-data/studies-and-reports,U.S. EAC Election Administration and Voting Survey,candidate
ME,2024,2302523410,EMBDEN,,EMBDEN,jurisdiction,668,928,71.9828,registeredVoters,eacReported,EAC-reported registered-voter denominator,false,https://www.eac.gov/research-and-data/studies-and-reports,U.S. EAC Election Administration and Voting Survey,candidate
ME,2024,2302524320,FAIRFIELD,,FAIRFIELD,jurisdiction,3477,4866,71.4550,registeredVoters,eacReported,EAC-reported registered-voter denominator,false,https://www.eac.gov/research-and-data/studies-and-reports,U.S. EAC Election Administration and Voting Survey,candidate
ME,2024,2302531355,HARMONY,,HARMONY,jurisdiction,515,773,66.6235,registeredVoters,eacReported,EAC-reported registered-voter denominator,false,https://www.eac.gov/research-and-data/studies-and-reports,U.S. EAC Election Administration and Voting Survey,candidate
ME,2024,2302531740,HARTLAND,,HARTLAND,jurisdiction,986,1377,71.6049,registeredVoters,eacReported,EAC-reported registered-voter denominator,false,https://www.eac.gov/research-and-data/studies-and-reports,U.S. EAC Election Administration and Voting Survey,candidate
ME,2024,2302532895,HIGHLAND PLT,,HIGHLAND PLT,jurisdiction,112,151,74.1722,registeredVoters,eacReported,EAC-reported registered-voter denominator,false,https://www.eac.gov/research-and-data/studies-and-reports,U.S. EAC Election Administration and Voting Survey,candidate
ME,2024,2302535345,JACKMAN,,JACKMAN,jurisdiction,542,820,66.0976,registeredVoters,eacReported,EAC-reported registered-voter denominator,false,https://www.eac.gov/research-and-data/studies-and-reports,U.S. EAC Election Administration and Voting Survey,candidate
ME,2024,2302542660,MADISON,,MADISON,jurisdiction,2472,3738,66.1316,registeredVoters,eacReported,EAC-reported registered-voter denominator,false,https://www.eac.gov/research-and-data/studies-and-reports,U.S. EAC Election Administration and Voting Survey,candidate
ME,2024,2302545110,MERCER,,MERCER,jurisdiction,506,615,82.2764,registeredVoters,eacReported,EAC-reported registered-voter denominator,false,https://www.eac.gov/research-and-data/studies-and-reports,U.S. EAC Election Administration and Voting Survey,candidate
ME,2024,2302547140,MOOSE RIVER,,MOOSE RIVER,jurisdiction,127,154,82.4675,registeredVoters,eacReported,EAC-reported registered-voter denominator,false,https://www.eac.gov/research-and-data/studies-and-reports,U.S. EAC Election Administration and Voting Survey,candidate
ME,2024,2302547455,MOSCOW,,MOSCOW,jurisdiction,294,415,70.8434,registeredVoters,eacReported,EAC-reported registered-voter denominator,false,https://www.eac.gov/research-and-data/studies-and-reports,U.S. EAC Election Administration and Voting Survey,candidate
ME,2024,2302549205,NEW PORTLAND,,NEW PORTLAND,jurisdiction,550,759,72.4638,registeredVoters,eacReported,EAC-reported registered-voter denominator,false,https://www.eac.gov/research-and-data/studies-and-reports,U.S. EAC Election Administration and Voting Survey,candidate
ME,2024,2302549835,NORRIDGEWOCK,,NORRIDGEWOCK,jurisdiction,1941,2685,72.2905,registeredVoters,eacReported,EAC-reported registered-voter denominator,false,https://www.eac.gov/research-and-data/studies-and-reports,U.S. EAC Election Administration and Voting Survey,candidate
ME,2024,2302556520,PALMYRA,,PALMYRA,jurisdiction,1184,1609,73.5861,registeredVoters,eacReported,EAC-reported registered-voter denominator,false,https://www.eac.gov/research-and-data/studies-and-reports,U.S. EAC Election Administration and Voting Survey,candidate
ME,2024,2302559005,PITTSFIELD,,PITTSFIELD,jurisdiction,2080,3760,55.3191,registeredVoters,eacReported,EAC-reported registered-voter denominator,false,https://www.eac.gov/research-and-data/studies-and-reports,U.S. EAC Election Administration and Voting Survey,candidate
ME,2024,2302559705,PLEASANT RIDGE PLT,,PLEASANT RIDGE PLT,jurisdiction,51,70,72.8571,registeredVoters,eacReported,EAC-reported registered-voter denominator,false,https://www.eac.gov/research-and-data/studies-and-reports,U.S. EAC Election Administration and Voting Survey,candidate
ME,2024,2302562995,RIPLEY,,RIPLEY,jurisdiction,318,426,74.6479,registeredVoters,eacReported,EAC-reported registered-voter denominator,false,https://www.eac.gov/research-and-data/studies-and-reports,U.S. EAC Election Administration and Voting Survey,candidate
ME,2024,2302564850,SAINT ALBANS,,SAINT ALBANS,jurisdiction,1233,1622,76.0173,registeredVoters,eacReported,EAC-reported registered-voter denominator,false,https://www.eac.gov/research-and-data/studies-and-reports,U.S. EAC Election Administration and Voting Survey,candidate
ME,2024,2302568910,SKOWHEGAN,,SKOWHEGAN,jurisdiction,4331,7279,59.4999,registeredVoters,eacReported,EAC-reported registered-voter denominator,false,https://www.eac.gov/research-and-data/studies-and-reports,U.S. EAC Election Administration and Voting Survey,candidate
ME,2024,2302569155,SMITHFIELD,,SMITHFIELD,jurisdiction,641,804,79.7264,registeredVoters,eacReported,EAC-reported registered-voter denominator,false,https://www.eac.gov/research-and-data/studies-and-reports,U.S. EAC Election Administration and Voting Survey,candidate
ME,2024,2302569505,SOLON,,SOLON,jurisdiction,631,848,74.4104,registeredVoters,eacReported,EAC-reported registered-voter denominator,false,https://www.eac.gov/research-and-data/studies-and-reports,U.S. EAC Election Administration and Voting Survey,candidate
ME,2024,2302573845,STARKS,,STARKS,jurisdiction,415,596,69.6309,registeredVoters,eacReported,EAC-reported registered-voter denominator,false,https://www.eac.gov/research-and-data/studies-and-reports,U.S. EAC Election Administration and Voting Survey,candidate
ME,2024,2302576190,THE FORKS PLT,,THE FORKS PLT,jurisdiction,40,56,71.4286,registeredVoters,eacReported,EAC-reported registered-voter denominator,false,https://www.eac.gov/research-and-data/studies-and-reports,U.S. EAC Election Administration and Voting Survey,candidate
ME,2024,2302582840,WEST FORKS PLT,,WEST FORKS PLT,jurisdiction,50,67,74.6269,registeredVoters,eacReported,EAC-reported registered-voter denominator,false,https://www.eac.gov/research-and-data/studies-and-reports,U.S. EAC Election Administration and Voting Survey,candidate
ME,2024,2302703950,BELFAST,,BELFAST,jurisdiction,4257,6444,66.0615,registeredVoters,eacReported,EAC-reported registered-voter denominator,false,https://www.eac.gov/research-and-data/studies-and-reports,U.S. EAC Election Administration and Voting Survey,candidate
ME,2024,2302704125,BELMONT,,BELMONT,jurisdiction,619,854,72.4824,registeredVoters,eacReported,EAC-reported registered-voter denominator,false,https://www.eac.gov/research-and-data/studies-and-reports,U.S. EAC Election Administration and Voting Survey,candidate
ME,2024,2302707870,BROOKS,,BROOKS,jurisdiction,627,846,74.1135,registeredVoters,eacReported,EAC-reported registered-voter denominator,false,https://www.eac.gov/research-and-data/studies-and-reports,U.S. EAC Election Administration and Voting Survey,candidate
ME,2024,2302709270,BURNHAM,,BURNHAM,jurisdiction,677,868,77.9954,registeredVoters,eacReported,EAC-reported registered-voter denominator,false,https://www.eac.gov/research-and-data/studies-and-reports,U.S. EAC Election Administration and Voting Survey,candidate
ME,2024,2302726280,FRANKFORT,,FRANKFORT,jurisdiction,714,922,77.4403,registeredVoters,eacReported,EAC-reported registered-voter denominator,false,https://www.eac.gov/research-and-data/studies-and-reports,U.S. EAC Election Administration and Voting Survey,candidate
ME,2024,2302726420,FREEDOM,,FREEDOM,jurisdiction,489,650,75.2308,registeredVoters,eacReported,EAC-reported registered-voter denominator,false,https://www.eac.gov/research-and-data/studies-and-reports,U.S. EAC Election Administration and Voting Survey,candidate
ME,2024,2302735240,ISLESBORO,,ISLESBORO,jurisdiction,462,650,71.0769,registeredVoters,eacReported,EAC-reported registered-voter denominator,false,https://www.eac.gov/research-and-data/studies-and-reports,U.S. EAC Election Administration and Voting Survey,candidate
ME,2024,2302735450,JACKSON,,JACKSON,jurisdiction,356,513,69.3957,registeredVoters,eacReported,EAC-reported registered-voter denominator,false,https://www.eac.gov/research-and-data/studies-and-reports,U.S. EAC Election Administration and Voting Survey,candidate
ME,2024,2302737585,KNOX,,KNOX,jurisdiction,489,716,68.2961,registeredVoters,eacReported,EAC-reported registered-voter denominator,false,https://www.eac.gov/research-and-data/studies-and-reports,U.S. EAC Election Administration and Voting Survey,candidate
ME,2024,2302739055,LIBERTY,,LIBERTY,jurisdiction,636,844,75.3555,registeredVoters,eacReported,EAC-reported registered-voter denominator,false,https://www.eac.gov/research-and-data/studies-and-reports,U.S. EAC Election Administration and Voting Survey,candidate
ME,2024,2302739755,LINCOLNVILLE,,LINCOLNVILLE,jurisdiction,1782,2293,77.7148,registeredVoters,eacReported,EAC-reported registered-voter denominator,false,https://www.eac.gov/research-and-data/studies-and-reports,U.S. EAC Election Administration and Voting Survey,candidate
ME,2024,2302746475,MONROE,,MONROE,jurisdiction,622,938,66.3113,registeredVoters,eacReported,EAC-reported registered-voter denominator,false,https://www.eac.gov/research-and-data/studies-and-reports,U.S. EAC Election Administration and Voting Survey,candidate
ME,2024,2302746790,MONTVILLE,,MONTVILLE,jurisdiction,692,882,78.4580,registeredVoters,eacReported,EAC-reported registered-voter denominator,false,https://www.eac.gov/research-and-data/studies-and-reports,U.S. EAC Election Administration and Voting Survey,candidate
ME,2024,2302747245,MORRILL,,MORRILL,jurisdiction,634,817,77.6010,registeredVoters,eacReported,EAC-reported registered-voter denominator,false,https://www.eac.gov/research-and-data/studies-and-reports,U.S. EAC Election Administration and Voting Survey,candidate
ME,2024,2302752845,NORTHPORT,,NORTHPORT,jurisdiction,1139,1537,74.1054,registeredVoters,eacReported,EAC-reported registered-voter denominator,false,https://www.eac.gov/research-and-data/studies-and-reports,U.S. EAC Election Administration and Voting Survey,candidate
ME,2024,2302756450,PALERMO,,PALERMO,jurisdiction,1063,1444,73.6150,registeredVoters,eacReported,EAC-reported registered-voter denominator,false,https://www.eac.gov/research-and-data/studies-and-reports,U.S. EAC Election Administration and Voting Survey,candidate
ME,2024,2302761210,PROSPECT,,PROSPECT,jurisdiction,454,617,73.5818,registeredVoters,eacReported,EAC-reported registered-voter denominator,false,https://www.eac.gov/research-and-data/studies-and-reports,U.S. EAC Election Administration and Voting Survey,candidate
ME,2024,2302766565,SEARSMONT,,SEARSMONT,jurisdiction,976,1258,77.5835,registeredVoters,eacReported,EAC-reported registered-voter denominator,false,https://www.eac.gov/research-and-data/studies-and-reports,U.S. EAC Election Administration and Voting Survey,candidate
ME,2024,2302766635,SEARSPORT,,SEARSPORT,jurisdiction,1726,2641,65.3540,registeredVoters,eacReported,EAC-reported registered-voter denominator,false,https://www.eac.gov/research-and-data/studies-and-reports,U.S. EAC Election Administration and Voting Survey,candidate
ME,2024,2302774475,STOCKTON SPRINGS,,STOCKTON SPRINGS,jurisdiction,1173,1675,70.0299,registeredVoters,eacReported,EAC-reported registered-voter denominator,false,https://www.eac.gov/research-and-data/studies-and-reports,U.S. EAC Election Administration and Voting Survey,candidate
ME,2024,2302775525,SWANVILLE,,SWANVILLE,jurisdiction,903,1436,62.8830,registeredVoters,eacReported,EAC-reported registered-voter denominator,false,https://www.eac.gov/research-and-data/studies-and-reports,U.S. EAC Election Administration and Voting Survey,candidate
ME,2024,2302776610,THORNDIKE,,THORNDIKE,jurisdiction,467,734,63.6240,registeredVoters,eacReported,EAC-reported registered-voter denominator,false,https://www.eac.gov/research-and-data/studies-and-reports,U.S. EAC Election Administration and Voting Survey,candidate
ME,2024,2302777625,TROY,,TROY,jurisdiction,585,855,68.4211,registeredVoters,eacReported,EAC-reported registered-voter denominator,false,https://www.eac.gov/research-and-data/studies-and-reports,U.S. EAC Election Administration and Voting Survey,candidate
ME,2024,2302778255,UNITY,,UNITY,jurisdiction,972,1948,49.8973,registeredVoters,eacReported,EAC-reported registered-voter denominator,false,https://www.eac.gov/research-and-data/studies-and-reports,U.S. EAC Election Administration and Voting Survey,candidate
ME,2024,2302779480,WALDO,,WALDO,jurisdiction,516,717,71.9665,registeredVoters,eacReported,EAC-reported registered-voter denominator,false,https://www.eac.gov/research-and-data/studies-and-reports,U.S. EAC Election Administration and Voting Survey,candidate
ME,2024,2302786760,WINTERPORT,,WINTERPORT,jurisdiction,2406,3413,70.4952,registeredVoters,eacReported,EAC-reported registered-voter denominator,false,https://www.eac.gov/research-and-data/studies-and-reports,U.S. EAC Election Administration and Voting Survey,candidate
ME,2024,2302900001,BROOKTON TWP,,BROOKTON TWP,jurisdiction,-88,-88,,registeredVoters,eacReported,EAC-reported registered-voter denominator,true,https://www.eac.gov/research-and-data/studies-and-reports,U.S. EAC Election Administration and Voting Survey,candidate
ME,2024,2302900380,ADDISON,,ADDISON,jurisdiction,756,1010,74.8515,registeredVoters,eacReported,EAC-reported registered-voter denominator,false,https://www.eac.gov/research-and-data/studies-and-reports,U.S. EAC Election Administration and Voting Survey,candidate
ME,2024,2302900660,ALEXANDER,,ALEXANDER,jurisdiction,345,508,67.9134,registeredVoters,eacReported,EAC-reported registered-voter denominator,false,https://www.eac.gov/research-and-data/studies-and-reports,U.S. EAC Election Administration and Voting Survey,candidate
ME,2024,2302902480,BAILEYVILLE,,BAILEYVILLE,jurisdiction,701,1037,67.5988,registeredVoters,eacReported,EAC-reported registered-voter denominator,false,https://www.eac.gov/research-and-data/studies-and-reports,U.S. EAC Election Administration and Voting Survey,candidate
ME,2024,2302902970,BARING PLT,,BARING PLT,jurisdiction,135,176,76.7045,registeredVoters,eacReported,EAC-reported registered-voter denominator,false,https://www.eac.gov/research-and-data/studies-and-reports,U.S. EAC Election Administration and Voting Survey,candidate
ME,2024,2302903670,BEALS,,BEALS,jurisdiction,291,365,79.7260,registeredVoters,eacReported,EAC-reported registered-voter denominator,false,https://www.eac.gov/research-and-data/studies-and-reports,U.S. EAC Election Administration and Voting Survey,candidate
ME,2024,2302903810,BEDDINGTON,,BEDDINGTON,jurisdiction,70,100,70.0000,registeredVoters,eacReported,EAC-reported registered-voter denominator,false,https://www.eac.gov/research-and-data/studies-and-reports,U.S. EAC Election Administration and Voting Survey,candidate
ME,2024,2302909585,CALAIS,,CALAIS,jurisdiction,1508,2441,61.7780,registeredVoters,eacReported,EAC-reported registered-voter denominator,false,https://www.eac.gov/research-and-data/studies-and-reports,U.S. EAC Election Administration and Voting Survey,candidate
ME,2024,2302912175,CHARLOTTE,,CHARLOTTE,jurisdiction,228,284,80.2817,registeredVoters,eacReported,EAC-reported registered-voter denominator,false,https://www.eac.gov/research-and-data/studies-and-reports,U.S. EAC Election Administration and Voting Survey,candidate
ME,2024,2302912455,CHERRYFIELD,,CHERRYFIELD,jurisdiction,684,1074,63.6872,registeredVoters,eacReported,EAC-reported registered-voter denominator,false,https://www.eac.gov/research-and-data/studies-and-reports,U.S. EAC Election Administration and Voting Survey,candidate
ME,2024,2302913750,COLUMBIA,,COLUMBIA,jurisdiction,244,366,66.6667,registeredVoters,eacReported,EAC-reported registered-voter denominator,false,https://www.eac.gov/research-and-data/studies-and-reports,U.S. EAC Election Administration and Voting Survey,candidate
ME,2024,2302913820,COLUMBIA FALLS,,COLUMBIA FALLS,jurisdiction,361,489,73.8241,registeredVoters,eacReported,EAC-reported registered-voter denominator,false,https://www.eac.gov/research-and-data/studies-and-reports,U.S. EAC Election Administration and Voting Survey,candidate
ME,2024,2302914100,COOPER,,COOPER,jurisdiction,113,155,72.9032,registeredVoters,eacReported,EAC-reported registered-voter denominator,false,https://www.eac.gov/research-and-data/studies-and-reports,U.S. EAC Election Administration and Voting Survey,candidate
ME,2024,2302914940,CRAWFORD,,CRAWFORD,jurisdiction,75,106,70.7547,registeredVoters,eacReported,EAC-reported registered-voter denominator,false,https://www.eac.gov/research-and-data/studies-and-reports,U.S. EAC Election Administration and Voting Survey,candidate
ME,2024,2302915920,CUTLER,,CUTLER,jurisdiction,343,480,71.4583,registeredVoters,eacReported,EAC-reported registered-voter denominator,false,https://www.eac.gov/research-and-data/studies-and-reports,U.S. EAC Election Administration and Voting Survey,candidate
ME,2024,2302916410,DANFORTH,,DANFORTH,jurisdiction,428,685,62.4818,registeredVoters,eacReported,EAC-reported registered-voter denominator,false,https://www.eac.gov/research-and-data/studies-and-reports,U.S. EAC Election Administration and Voting Survey,candidate
ME,2024,2302916865,DEBLOIS,,DEBLOIS,jurisdiction,43,58,74.1379,registeredVoters,eacReported,EAC-reported registered-voter denominator,false,https://www.eac.gov/research-and-data/studies-and-reports,U.S. EAC Election Administration and Voting Survey,candidate
ME,2024,2302917355,DENNYSVILLE,,DENNYSVILLE,jurisdiction,337,474,71.0970,registeredVoters,eacReported,EAC-reported registered-voter denominator,false,https://www.eac.gov/research-and-data/studies-and-reports,U.S. EAC Election Administration and Voting Survey,candidate
ME,2024,2302920960,EAST MACHIAS,,EAST MACHIAS,jurisdiction,855,1142,74.8687,registeredVoters,eacReported,EAC-reported registered-voter denominator,false,https://www.eac.gov/research-and-data/studies-and-reports,U.S. EAC Election Administration and Voting Survey,candidate
ME,2024,2302921730,EASTPORT,,EASTPORT,jurisdiction,843,1297,64.9961,registeredVoters,eacReported,EAC-reported registered-voter denominator,false,https://www.eac.gov/research-and-data/studies-and-reports,U.S. EAC Election Administration and Voting Survey,candidate
ME,2024,2302928660,GRAND LAKE STREAM PLT,,GRAND LAKE STREAM PLT,jurisdiction,124,156,79.4872,registeredVoters,eacReported,EAC-reported registered-voter denominator,false,https://www.eac.gov/research-and-data/studies-and-reports,U.S. EAC Election Administration and Voting Survey,candidate
ME,2024,2302931530,HARRINGTON,,HARRINGTON,jurisdiction,559,815,68.5890,registeredVoters,eacReported,EAC-reported registered-voter denominator,false,https://www.eac.gov/research-and-data/studies-and-reports,U.S. EAC Election Administration and Voting Survey,candidate
ME,2024,2302935905,JONESBORO,,JONESBORO,jurisdiction,356,435,81.8391,registeredVoters,eacReported,EAC-reported registered-voter denominator,false,https://www.eac.gov/research-and-data/studies-and-reports,U.S. EAC Election Administration and Voting Survey,candidate
ME,2024,2302936010,JONESPORT,,JONESPORT,jurisdiction,777,1042,74.5681,registeredVoters,eacReported,EAC-reported registered-voter denominator,false,https://www.eac.gov/research-and-data/studies-and-reports,U.S. EAC Election Administration and Voting Survey,candidate
ME,2024,2302941610,LUBEC,,LUBEC,jurisdiction,916,1351,67.8016,registeredVoters,eacReported,EAC-reported registered-voter denominator,false,https://www.eac.gov/research-and-data/studies-and-reports,U.S. EAC Election Administration and Voting Survey,candidate
ME,2024,2302941960,MACHIAS,,MACHIAS,jurisdiction,968,1800,53.7778,registeredVoters,eacReported,EAC-reported registered-voter denominator,false,https://www.eac.gov/research-and-data/studies-and-reports,U.S. EAC Election Administration and Voting Survey,candidate
ME,2024,2302942100,MACHIASPORT,,MACHIASPORT,jurisdiction,588,884,66.5158,registeredVoters,eacReported,EAC-reported registered-voter denominator,false,https://www.eac.gov/research-and-data/studies-and-reports,U.S. EAC Election Administration and Voting Survey,candidate
ME,2024,2302943640,MARSHFIELD,,MARSHFIELD,jurisdiction,342,437,78.2609,registeredVoters,eacReported,EAC-reported registered-voter denominator,false,https://www.eac.gov/research-and-data/studies-and-reports,U.S. EAC Election Administration and Voting Survey,candidate
ME,2024,2302944760,MEDDYBEMPS,,MEDDYBEMPS,jurisdiction,105,122,86.0656,registeredVoters,eacReported,EAC-reported registered-voter denominator,false,https://www.eac.gov/research-and-data/studies-and-reports,U.S. EAC Election Administration and Voting Survey,candidate
ME,2024,2302945600,MILBRIDGE,,MILBRIDGE,jurisdiction,793,1197,66.2490,registeredVoters,eacReported,EAC-reported registered-voter denominator,false,https://www.eac.gov/research-and-data/studies-and-reports,U.S. EAC Election Administration and Voting Survey,candidate
ME,2024,2302951375,NORTHFIELD,,NORTHFIELD,jurisdiction,135,161,83.8509,registeredVoters,eacReported,EAC-reported registered-voter denominator,false,https://www.eac.gov/research-and-data/studies-and-reports,U.S. EAC Election Administration and Voting Survey,candidate
ME,2024,2302957090,PLEASANT POINT VOTING D,,PLEASANT POINT VOTING D,jurisdiction,252,457,55.1422,registeredVoters,eacReported,EAC-reported registered-voter denominator,false,https://www.eac.gov/research-and-data/studies-and-reports,U.S. EAC Election Administration and Voting Survey,candidate
ME,2024,2302957780,PEMBROKE,,PEMBROKE,jurisdiction,506,652,77.6074,registeredVoters,eacReported,EAC-reported registered-voter denominator,false,https://www.eac.gov/research-and-data/studies-and-reports,U.S. EAC Election Administration and Voting Survey,candidate
ME,2024,2302958165,PERRY,,PERRY,jurisdiction,515,660,78.0303,registeredVoters,eacReported,EAC-reported registered-voter denominator,false,https://www.eac.gov/research-and-data/studies-and-reports,U.S. EAC Election Administration and Voting Survey,candidate
ME,2024,2302961035,PRINCETON,,PRINCETON,jurisdiction,495,658,75.2280,registeredVoters,eacReported,EAC-reported registered-voter denominator,false,https://www.eac.gov/research-and-data/studies-and-reports,U.S. EAC Election Administration and Voting Survey,candidate
ME,2024,2302963275,ROBBINSTON,,ROBBINSTON,jurisdiction,370,538,68.7732,registeredVoters,eacReported,EAC-reported registered-voter denominator,false,https://www.eac.gov/research-and-data/studies-and-reports,U.S. EAC Election Administration and Voting Survey,candidate
ME,2024,2302963940,ROQUE BLUFFS,,ROQUE BLUFFS,jurisdiction,213,280,76.0714,registeredVoters,eacReported,EAC-reported registered-voter denominator,false,https://www.eac.gov/research-and-data/studies-and-reports,U.S. EAC Election Administration and Voting Survey,candidate
ME,2024,2302974125,STEUBEN,,STEUBEN,jurisdiction,746,1013,73.6426,registeredVoters,eacReported,EAC-reported registered-voter denominator,false,https://www.eac.gov/research-and-data/studies-and-reports,U.S. EAC Election Administration and Voting Survey,candidate
ME,2024,2302975770,TALMADGE,,TALMADGE,jurisdiction,37,53,69.8113,registeredVoters,eacReported,EAC-reported registered-voter denominator,false,https://www.eac.gov/research-and-data/studies-and-reports,U.S. EAC Election Administration and Voting Survey,candidate
ME,2024,2302976895,TOPSFIELD,,TOPSFIELD,jurisdiction,124,171,72.5146,registeredVoters,eacReported,EAC-reported registered-voter denominator,false,https://www.eac.gov/research-and-data/studies-and-reports,U.S. EAC Election Administration and Voting Survey,candidate
ME,2024,2302978675,VANCEBORO,,VANCEBORO,jurisdiction,88,129,68.2171,registeredVoters,eacReported,EAC-reported registered-voter denominator,false,https://www.eac.gov/research-and-data/studies-and-reports,U.S. EAC Election Administration and Voting Survey,candidate
ME,2024,2302979375,WAITE,,WAITE,jurisdiction,51,64,79.6875,registeredVoters,eacReported,EAC-reported registered-voter denominator,false,https://www.eac.gov/research-and-data/studies-and-reports,U.S. EAC Election Administration and Voting Survey,candidate
ME,2024,2302981685,WESLEY,,WESLEY,jurisdiction,107,129,82.9457,registeredVoters,eacReported,EAC-reported registered-voter denominator,false,https://www.eac.gov/research-and-data/studies-and-reports,U.S. EAC Election Administration and Voting Survey,candidate
ME,2024,2302985185,WHITING,,WHITING,jurisdiction,388,493,78.7018,registeredVoters,eacReported,EAC-reported registered-voter denominator,false,https://www.eac.gov/research-and-data/studies-and-reports,U.S. EAC Election Administration and Voting Survey,candidate
ME,2024,2302985290,WHITNEYVILLE,,WHITNEYVILLE,jurisdiction,118,195,60.5128,registeredVoters,eacReported,EAC-reported registered-voter denominator,false,https://www.eac.gov/research-and-data/studies-and-reports,U.S. EAC Election Administration and Voting Survey,candidate
ME,2024,2303100275,ACTON,,ACTON,jurisdiction,1763,2443,72.1654,registeredVoters,eacReported,EAC-reported registered-voter denominator,false,https://www.eac.gov/research-and-data/studies-and-reports,U.S. EAC Election Administration and Voting Survey,candidate
ME,2024,2303100730,ALFRED,,ALFRED,jurisdiction,2076,2809,73.9053,registeredVoters,eacReported,EAC-reported registered-voter denominator,false,https://www.eac.gov/research-and-data/studies-and-reports,U.S. EAC Election Administration and Voting Survey,candidate
ME,2024,2303101605,ARUNDEL,,ARUNDEL,jurisdiction,2917,4008,72.7794,registeredVoters,eacReported,EAC-reported registered-voter denominator,false,https://www.eac.gov/research-and-data/studies-and-reports,U.S. EAC Election Administration and Voting Survey,candidate
ME,2024,2303104720,BERWICK,,BERWICK,jurisdiction,4713,7423,63.4918,registeredVoters,eacReported,EAC-reported registered-voter denominator,false,https://www.eac.gov/research-and-data/studies-and-reports,U.S. EAC Election Administration and Voting Survey,candidate
ME,2024,2303104860,BIDDEFORD,,BIDDEFORD,jurisdiction,11541,18006,64.0953,registeredVoters,eacReported,EAC-reported registered-voter denominator,false,https://www.eac.gov/research-and-data/studies-and-reports,U.S. EAC Election Administration and Voting Survey,candidate
ME,2024,2303109410,BUXTON,,BUXTON,jurisdiction,5336,7239,73.7118,registeredVoters,eacReported,EAC-reported registered-voter denominator,false,https://www.eac.gov/research-and-data/studies-and-reports,U.S. EAC Election Administration and Voting Survey,candidate
ME,2024,2303114485,CORNISH,,CORNISH,jurisdiction,980,1390,70.5036,registeredVoters,eacReported,EAC-reported registered-voter denominator,false,https://www.eac.gov/research-and-data/studies-and-reports,U.S. EAC Election Administration and Voting Survey,candidate
ME,2024,2303116725,DAYTON,,DAYTON,jurisdiction,1480,1927,76.8033,registeredVoters,eacReported,EAC-reported registered-voter denominator,false,https://www.eac.gov/research-and-data/studies-and-reports,U.S. EAC Election Administration and Voting Survey,candidate
ME,2024,2303122955,ELIOT,,ELIOT,jurisdiction,4704,7105,66.2069,registeredVoters,eacReported,EAC-reported registered-voter denominator,false,https://www.eac.gov/research-and-data/studies-and-reports,U.S. EAC Election Administration and Voting Survey,candidate
ME,2024,2303133665,HOLLIS,,HOLLIS,jurisdiction,3136,4091,76.6561,registeredVoters,eacReported,EAC-reported registered-voter denominator,false,https://www.eac.gov/research-and-data/studies-and-reports,U.S. EAC Election Administration and Voting Survey,candidate
ME,2024,2303136535,KENNEBUNK,,KENNEBUNK,jurisdiction,8525,11505,74.0982,registeredVoters,eacReported,EAC-reported registered-voter denominator,false,https://www.eac.gov/research-and-data/studies-and-reports,U.S. EAC Election Administration and Voting Survey,candidate
ME,2024,2303136745,KENNEBUNKPORT,,KENNEBUNKPORT,jurisdiction,2816,3577,78.7252,registeredVoters,eacReported,EAC-reported registered-voter denominator,false,https://www.eac.gov/research-and-data/studies-and-reports,U.S. EAC Election Administration and Voting Survey,candidate
ME,2024,2303137270,KITTERY,,KITTERY,jurisdiction,6588,10203,64.5692,registeredVoters,eacReported,EAC-reported registered-voter denominator,false,https://www.eac.gov/research-and-data/studies-and-reports,U.S. EAC Election Administration and Voting Survey,candidate
ME,2024,2303138425,LEBANON,,LEBANON,jurisdiction,3623,5798,62.4871,registeredVoters,eacReported,EAC-reported registered-voter denominator,false,https://www.eac.gov/research-and-data/studies-and-reports,U.S. EAC Election Administration and Voting Survey,candidate
ME,2024,2303139195,LIMERICK,,LIMERICK,jurisdiction,2070,2907,71.2074,registeredVoters,eacReported,EAC-reported registered-voter denominator,false,https://www.eac.gov/research-and-data/studies-and-reports,U.S. EAC Election Administration and Voting Survey,candidate
ME,2024,2303139405,LIMINGTON,,LIMINGTON,jurisdiction,2465,2890,85.2941,registeredVoters,eacReported,EAC-reported registered-voter denominator,false,https://www.eac.gov/research-and-data/studies-and-reports,U.S. EAC Election Administration and Voting Survey,candidate
ME,2024,2303141750,LYMAN,,LYMAN,jurisdiction,3109,4203,73.9710,registeredVoters,eacReported,EAC-reported registered-voter denominator,false,https://www.eac.gov/research-and-data/studies-and-reports,U.S. EAC Election Administration and Voting Survey,candidate
ME,2024,2303148750,NEWFIELD,,NEWFIELD,jurisdiction,1053,1461,72.0739,registeredVoters,eacReported,EAC-reported registered-voter denominator,false,https://www.eac.gov/research-and-data/studies-and-reports,U.S. EAC Election Administration and Voting Survey,candidate
ME,2024,2303150325,NORTH BERWICK,,NORTH BERWICK,jurisdiction,3282,4620,71.0390,registeredVoters,eacReported,EAC-reported registered-voter denominator,false,https://www.eac.gov/research-and-data/studies-and-reports,U.S. EAC Election Administration and Voting Survey,candidate
ME,2024,2303154980,OGUNQUIT,,OGUNQUIT,jurisdiction,1115,1487,74.9832,registeredVoters,eacReported,EAC-reported registered-voter denominator,false,https://www.eac.gov/research-and-data/studies-and-reports,U.S. EAC Election Administration and Voting Survey,candidate
ME,2024,2303155085,OLD TOWN,,OLD TOWN,jurisdiction,4145,7215,57.4498,registeredVoters,eacReported,EAC-reported registered-voter denominator,false,https://www.eac.gov/research-and-data/studies-and-reports,U.S. EAC Election Administration and Voting Survey,candidate
ME,2024,2303156870,PARSONSFIELD,,PARSONSFIELD,jurisdiction,1182,1623,72.8281,registeredVoters,eacReported,EAC-reported registered-voter denominator,false,https://www.eac.gov/research-and-data/studies-and-reports,U.S. EAC Election Administration and Voting Survey,candidate
ME,2024,2303164675,SACO,,SACO,jurisdiction,12957,18237,71.0479,registeredVoters,eacReported,EAC-reported registered-voter denominator,false,https://www.eac.gov/research-and-data/studies-and-reports,U.S. EAC Election Administration and Voting Survey,candidate
ME,2024,2303165760,SANFORD,,SANFORD,jurisdiction,11213,17132,65.4506,registeredVoters,eacReported,EAC-reported registered-voter denominator,false,https://www.eac.gov/research-and-data/studies-and-reports,U.S. EAC Election Administration and Voting Survey,candidate
ME,2024,2303167475,SHAPLEIGH,,SHAPLEIGH,jurisdiction,1897,2533,74.8914,registeredVoters,eacReported,EAC-reported registered-voter denominator,false,https://www.eac.gov/research-and-data/studies-and-reports,U.S. EAC Election Administration and Voting Survey,candidate
ME,2024,2303170030,SOUTH BERWICK,,SOUTH BERWICK,jurisdiction,4744,6888,68.8734,registeredVoters,eacReported,EAC-reported registered-voter denominator,false,https://www.eac.gov/research-and-data/studies-and-reports,U.S. EAC Election Administration and Voting Survey,candidate
ME,2024,2303180530,WATERBORO,,WATERBORO,jurisdiction,4751,6623,71.7349,registeredVoters,eacReported,EAC-reported registered-voter denominator,false,https://www.eac.gov/research-and-data/studies-and-reports,U.S. EAC Election Administration and Voting Survey,candidate
ME,2024,2303181475,WELLS,,WELLS,jurisdiction,8531,11574,73.7083,registeredVoters,eacReported,EAC-reported registered-voter denominator,false,https://www.eac.gov/research-and-data/studies-and-reports,U.S. EAC Election Administration and Voting Survey,candidate
ME,2024,2303187985,YORK,,YORK,jurisdiction,9680,13764,70.3284,registeredVoters,eacReported,EAC-reported registered-voter denominator,false,https://www.eac.gov/research-and-data/studies-and-reports,U.S. EAC Election Administration and Voting Survey,candidate
ME,2024,2309999901,ALBANY TWP,,ALBANY TWP,jurisdiction,345,448,77.0089,registeredVoters,eacReported,EAC-reported registered-voter denominator,false,https://www.eac.gov/research-and-data/studies-and-reports,U.S. EAC Election Administration and Voting Survey,candidate
ME,2024,2309999902,CHEBEAGUE ISLAND,,CHEBEAGUE ISLAND,jurisdiction,323,408,79.1667,registeredVoters,eacReported,EAC-reported registered-voter denominator,false,https://www.eac.gov/research-and-data/studies-and-reports,U.S. EAC Election Administration and Voting Survey,candidate
ME,2024,2309999903,EDMUNDS TWP,,EDMUNDS TWP,jurisdiction,-88,-88,,registeredVoters,eacReported,EAC-reported registered-voter denominator,true,https://www.eac.gov/research-and-data/studies-and-reports,U.S. EAC Election Administration and Voting Survey,candidate
ME,2024,2309999904,INDIAN TOWNSHIP,,INDIAN TOWNSHIP,jurisdiction,280,498,56.2249,registeredVoters,eacReported,EAC-reported registered-voter denominator,false,https://www.eac.gov/research-and-data/studies-and-reports,U.S. EAC Election Administration and Voting Survey,candidate
ME,2024,2309999905,ROCKWOOD STRIP TWP,,ROCKWOOD STRIP TWP,jurisdiction,231,324,71.2963,registeredVoters,eacReported,EAC-reported registered-voter denominator,false,https://www.eac.gov/research-and-data/studies-and-reports,U.S. EAC Election Administration and Voting Survey,candidate
