state,election_year,jurisdiction_code,jurisdiction_name,county,local_unit,registered_voters,source_field,source_url,codebook_url,warning_required,notes
ME,2024,23,UOCAVA-ME,,UOCAVA-ME,-99,A1a Total Reg,https://www.eac.gov/research-and-data/studies-and-reports,https://www.eac.gov/sites/default/files/2025-06/2024_EAVS_Codebook.xlsx,true,EAC reports zero registered voters for this jurisdiction; denominator warning required.
ME,2024,2300102060,AUBURN,,AUBURN,18343,A1a Total Reg,https://www.eac.gov/research-and-data/studies-and-reports,https://www.eac.gov/sites/default/files/2025-06/2024_EAVS_Codebook.xlsx,false,EAC 2024 EAVS V2 A1a Total Reg registered-voter denominator.
ME,2024,2300119105,DURHAM,,DURHAM,4099,A1a Total Reg,https://www.eac.gov/research-and-data/studies-and-reports,https://www.eac.gov/sites/default/files/2025-06/2024_EAVS_Codebook.xlsx,false,EAC 2024 EAVS V2 A1a Total Reg registered-voter denominator.
ME,2024,2300129255,GREENE,,GREENE,3659,A1a Total Reg,https://www.eac.gov/research-and-data/studies-and-reports,https://www.eac.gov/sites/default/files/2025-06/2024_EAVS_Codebook.xlsx,false,EAC 2024 EAVS V2 A1a Total Reg registered-voter denominator.
ME,2024,2300138565,LEEDS,,LEEDS,1992,A1a Total Reg,https://www.eac.gov/research-and-data/studies-and-reports,https://www.eac.gov/sites/default/files/2025-06/2024_EAVS_Codebook.xlsx,false,EAC 2024 EAVS V2 A1a Total Reg registered-voter denominator.
ME,2024,2300138740,LEWISTON,,LEWISTON,31803,A1a Total Reg,https://www.eac.gov/research-and-data/studies-and-reports,https://www.eac.gov/sites/default/files/2025-06/2024_EAVS_Codebook.xlsx,false,EAC 2024 EAVS V2 A1a Total Reg registered-voter denominator.
ME,2024,2300140035,LISBON,,LISBON,7729,A1a Total Reg,https://www.eac.gov/research-and-data/studies-and-reports,https://www.eac.gov/sites/default/files/2025-06/2024_EAVS_Codebook.xlsx,false,EAC 2024 EAVS V2 A1a Total Reg registered-voter denominator.
ME,2024,2300140665,LIVERMORE,,LIVERMORE,2094,A1a Total Reg,https://www.eac.gov/research-and-data/studies-and-reports,https://www.eac.gov/sites/default/files/2025-06/2024_EAVS_Codebook.xlsx,false,EAC 2024 EAVS V2 A1a Total Reg registered-voter denominator.
ME,2024,2300140770,LIVERMORE FALLS,,LIVERMORE FALLS,2215,A1a Total Reg,https://www.eac.gov/research-and-data/studies-and-reports,https://www.eac.gov/sites/default/files/2025-06/2024_EAVS_Codebook.xlsx,false,EAC 2024 EAVS V2 A1a Total Reg registered-voter denominator.
ME,2024,2300144585,MECHANIC FALLS,,MECHANIC FALLS,2489,A1a Total Reg,https://www.eac.gov/research-and-data/studies-and-reports,https://www.eac.gov/sites/default/files/2025-06/2024_EAVS_Codebook.xlsx,false,EAC 2024 EAVS V2 A1a Total Reg registered-voter denominator.
ME,2024,2300146160,MINOT,,MINOT,2315,A1a Total Reg,https://www.eac.gov/research-and-data/studies-and-reports,https://www.eac.gov/sites/default/files/2025-06/2024_EAVS_Codebook.xlsx,false,EAC 2024 EAVS V2 A1a Total Reg registered-voter denominator.
ME,2024,2300160020,POLAND,,POLAND,4941,A1a Total Reg,https://www.eac.gov/research-and-data/studies-and-reports,https://www.eac.gov/sites/default/files/2025-06/2024_EAVS_Codebook.xlsx,false,EAC 2024 EAVS V2 A1a Total Reg registered-voter denominator.
ME,2024,2300164570,SABATTUS,,SABATTUS,4426,A1a Total Reg,https://www.eac.gov/research-and-data/studies-and-reports,https://www.eac.gov/sites/default/files/2025-06/2024_EAVS_Codebook.xlsx,false,EAC 2024 EAVS V2 A1a Total Reg registered-voter denominator.
ME,2024,2300177800,TURNER,,TURNER,5153,A1a Total Reg,https://www.eac.gov/research-and-data/studies-and-reports,https://www.eac.gov/sites/default/files/2025-06/2024_EAVS_Codebook.xlsx,false,EAC 2024 EAVS V2 A1a Total Reg registered-voter denominator.
ME,2024,2300179585,WALES,,WALES,1218,A1a Total Reg,https://www.eac.gov/research-and-data/studies-and-reports,https://www.eac.gov/sites/default/files/2025-06/2024_EAVS_Codebook.xlsx,false,EAC 2024 EAVS V2 A1a Total Reg registered-voter denominator.
ME,2024,2300300800,ALLAGASH,,ALLAGASH,251,A1a Total Reg,https://www.eac.gov/research-and-data/studies-and-reports,https://www.eac.gov/sites/default/files/2025-06/2024_EAVS_Codebook.xlsx,false,EAC 2024 EAVS V2 A1a Total Reg registered-voter denominator.
ME,2024,2300301220,AMITY,,AMITY,202,A1a Total Reg,https://www.eac.gov/research-and-data/studies-and-reports,https://www.eac.gov/sites/default/files/2025-06/2024_EAVS_Codebook.xlsx,false,EAC 2024 EAVS V2 A1a Total Reg registered-voter denominator.
ME,2024,2300301710,ASHLAND,,ASHLAND,999,A1a Total Reg,https://www.eac.gov/research-and-data/studies-and-reports,https://www.eac.gov/sites/default/files/2025-06/2024_EAVS_Codebook.xlsx,false,EAC 2024 EAVS V2 A1a Total Reg registered-voter denominator.
ME,2024,2300305385,BLAINE,,BLAINE,580,A1a Total Reg,https://www.eac.gov/research-and-data/studies-and-reports,https://www.eac.gov/sites/default/files/2025-06/2024_EAVS_Codebook.xlsx,false,EAC 2024 EAVS V2 A1a Total Reg registered-voter denominator.
ME,2024,2300307065,BRIDGEWATER,,BRIDGEWATER,419,A1a Total Reg,https://www.eac.gov/research-and-data/studies-and-reports,https://www.eac.gov/sites/default/files/2025-06/2024_EAVS_Codebook.xlsx,false,EAC 2024 EAVS V2 A1a Total Reg registered-voter denominator.
ME,2024,2300310565,CARIBOU,,CARIBOU,6109,A1a Total Reg,https://www.eac.gov/research-and-data/studies-and-reports,https://www.eac.gov/sites/default/files/2025-06/2024_EAVS_Codebook.xlsx,false,EAC 2024 EAVS V2 A1a Total Reg registered-voter denominator.
ME,2024,2300311300,CASTLE HILL,,CASTLE HILL,343,A1a Total Reg,https://www.eac.gov/research-and-data/studies-and-reports,https://www.eac.gov/sites/default/files/2025-06/2024_EAVS_Codebook.xlsx,false,EAC 2024 EAVS V2 A1a Total Reg registered-voter denominator.
ME,2024,2300311335,CASWELL,,CASWELL,214,A1a Total Reg,https://www.eac.gov/research-and-data/studies-and-reports,https://www.eac.gov/sites/default/files/2025-06/2024_EAVS_Codebook.xlsx,false,EAC 2024 EAVS V2 A1a Total Reg registered-voter denominator.
ME,2024,2300312000,CHAPMAN,,CHAPMAN,362,A1a Total Reg,https://www.eac.gov/research-and-data/studies-and-reports,https://www.eac.gov/sites/default/files/2025-06/2024_EAVS_Codebook.xlsx,false,EAC 2024 EAVS V2 A1a Total Reg registered-voter denominator.
ME,2024,2300313900,CONNOR TWP,,CONNOR TWP,-88,A1a Total Reg,https://www.eac.gov/research-and-data/studies-and-reports,https://www.eac.gov/sites/default/files/2025-06/2024_EAVS_Codebook.xlsx,true,EAC reports zero registered voters for this jurisdiction; denominator warning required.
ME,2024,2300315395,CRYSTAL,,CRYSTAL,222,A1a Total Reg,https://www.eac.gov/research-and-data/studies-and-reports,https://www.eac.gov/sites/default/files/2025-06/2024_EAVS_Codebook.xlsx,false,EAC 2024 EAVS V2 A1a Total Reg registered-voter denominator.
ME,2024,2300315990,CYR PLT,,CYR PLT,79,A1a Total Reg,https://www.eac.gov/research-and-data/studies-and-reports,https://www.eac.gov/sites/default/files/2025-06/2024_EAVS_Codebook.xlsx,false,EAC 2024 EAVS V2 A1a Total Reg registered-voter denominator.
ME,2024,2300319210,DYER BROOK,,DYER BROOK,215,A1a Total Reg,https://www.eac.gov/research-and-data/studies-and-reports,https://www.eac.gov/sites/default/files/2025-06/2024_EAVS_Codebook.xlsx,false,EAC 2024 EAVS V2 A1a Total Reg registered-voter denominator.
ME,2024,2300319420,EAGLE LAKE,,EAGLE LAKE,838,A1a Total Reg,https://www.eac.gov/research-and-data/studies-and-reports,https://www.eac.gov/sites/default/files/2025-06/2024_EAVS_Codebook.xlsx,false,EAC 2024 EAVS V2 A1a Total Reg registered-voter denominator.
ME,2024,2300321380,EASTON,,EASTON,992,A1a Total Reg,https://www.eac.gov/research-and-data/studies-and-reports,https://www.eac.gov/sites/default/files/2025-06/2024_EAVS_Codebook.xlsx,false,EAC 2024 EAVS V2 A1a Total Reg registered-voter denominator.
ME,2024,2300325615,FORT FAIRFIELD,,FORT FAIRFIELD,2581,A1a Total Reg,https://www.eac.gov/research-and-data/studies-and-reports,https://www.eac.gov/sites/default/files/2025-06/2024_EAVS_Codebook.xlsx,false,EAC 2024 EAVS V2 A1a Total Reg registered-voter denominator.
ME,2024,2300325755,FORT KENT,,FORT KENT,3290,A1a Total Reg,https://www.eac.gov/research-and-data/studies-and-reports,https://www.eac.gov/sites/default/files/2025-06/2024_EAVS_Codebook.xlsx,false,EAC 2024 EAVS V2 A1a Total Reg registered-voter denominator.
ME,2024,2300326735,FRENCHVILLE,,FRENCHVILLE,863,A1a Total Reg,https://www.eac.gov/research-and-data/studies-and-reports,https://www.eac.gov/sites/default/files/2025-06/2024_EAVS_Codebook.xlsx,false,EAC 2024 EAVS V2 A1a Total Reg registered-voter denominator.
ME,2024,2300327120,GARFIELD PLT,,GARFIELD PLT,73,A1a Total Reg,https://www.eac.gov/research-and-data/studies-and-reports,https://www.eac.gov/sites/default/files/2025-06/2024_EAVS_Codebook.xlsx,false,EAC 2024 EAVS V2 A1a Total Reg registered-voter denominator.
ME,2024,2300327855,GLENWOOD PLT,,GLENWOOD PLT,8,A1a Total Reg,https://www.eac.gov/research-and-data/studies-and-reports,https://www.eac.gov/sites/default/files/2025-06/2024_EAVS_Codebook.xlsx,false,EAC 2024 EAVS V2 A1a Total Reg registered-voter denominator.
ME,2024,2300328590,GRAND ISLE,,GRAND ISLE,353,A1a Total Reg,https://www.eac.gov/research-and-data/studies-and-reports,https://www.eac.gov/sites/default/files/2025-06/2024_EAVS_Codebook.xlsx,false,EAC 2024 EAVS V2 A1a Total Reg registered-voter denominator.
ME,2024,2300330690,HAMLIN,,HAMLIN,142,A1a Total Reg,https://www.eac.gov/research-and-data/studies-and-reports,https://www.eac.gov/sites/default/files/2025-06/2024_EAVS_Codebook.xlsx,false,EAC 2024 EAVS V2 A1a Total Reg registered-voter denominator.
ME,2024,2300330725,HAMMOND,,HAMMOND,73,A1a Total Reg,https://www.eac.gov/research-and-data/studies-and-reports,https://www.eac.gov/sites/default/files/2025-06/2024_EAVS_Codebook.xlsx,false,EAC 2024 EAVS V2 A1a Total Reg registered-voter denominator.
ME,2024,2300332195,HAYNESVILLE,,HAYNESVILLE,106,A1a Total Reg,https://www.eac.gov/research-and-data/studies-and-reports,https://www.eac.gov/sites/default/files/2025-06/2024_EAVS_Codebook.xlsx,false,EAC 2024 EAVS V2 A1a Total Reg registered-voter denominator.
ME,2024,2300332685,HERSEY,,HERSEY,78,A1a Total Reg,https://www.eac.gov/research-and-data/studies-and-reports,https://www.eac.gov/sites/default/files/2025-06/2024_EAVS_Codebook.xlsx,false,EAC 2024 EAVS V2 A1a Total Reg registered-voter denominator.
ME,2024,2300333385,HODGDON,,HODGDON,1233,A1a Total Reg,https://www.eac.gov/research-and-data/studies-and-reports,https://www.eac.gov/sites/default/files/2025-06/2024_EAVS_Codebook.xlsx,false,EAC 2024 EAVS V2 A1a Total Reg registered-voter denominator.
ME,2024,2300333980,HOULTON,,HOULTON,4064,A1a Total Reg,https://www.eac.gov/research-and-data/studies-and-reports,https://www.eac.gov/sites/default/files/2025-06/2024_EAVS_Codebook.xlsx,false,EAC 2024 EAVS V2 A1a Total Reg registered-voter denominator.
ME,2024,2300335065,ISLAND FALLS,,ISLAND FALLS,621,A1a Total Reg,https://www.eac.gov/research-and-data/studies-and-reports,https://www.eac.gov/sites/default/files/2025-06/2024_EAVS_Codebook.xlsx,false,EAC 2024 EAVS V2 A1a Total Reg registered-voter denominator.
ME,2024,2300339300,LIMESTONE,,LIMESTONE,2027,A1a Total Reg,https://www.eac.gov/research-and-data/studies-and-reports,https://www.eac.gov/sites/default/files/2025-06/2024_EAVS_Codebook.xlsx,false,EAC 2024 EAVS V2 A1a Total Reg registered-voter denominator.
ME,2024,2300339965,LINNEUS,,LINNEUS,760,A1a Total Reg,https://www.eac.gov/research-and-data/studies-and-reports,https://www.eac.gov/sites/default/files/2025-06/2024_EAVS_Codebook.xlsx,false,EAC 2024 EAVS V2 A1a Total Reg registered-voter denominator.
ME,2024,2300340595,LITTLETON,,LITTLETON,669,A1a Total Reg,https://www.eac.gov/research-and-data/studies-and-reports,https://www.eac.gov/sites/default/files/2025-06/2024_EAVS_Codebook.xlsx,false,EAC 2024 EAVS V2 A1a Total Reg registered-voter denominator.
ME,2024,2300341715,LUDLOW,,LUDLOW,370,A1a Total Reg,https://www.eac.gov/research-and-data/studies-and-reports,https://www.eac.gov/sites/default/files/2025-06/2024_EAVS_Codebook.xlsx,false,EAC 2024 EAVS V2 A1a Total Reg registered-voter denominator.
ME,2024,2300342450,MACWAHOC PLT,,MACWAHOC PLT,52,A1a Total Reg,https://www.eac.gov/research-and-data/studies-and-reports,https://www.eac.gov/sites/default/files/2025-06/2024_EAVS_Codebook.xlsx,false,EAC 2024 EAVS V2 A1a Total Reg registered-voter denominator.
ME,2024,2300342520,MADAWASKA,,MADAWASKA,3171,A1a Total Reg,https://www.eac.gov/research-and-data/studies-and-reports,https://www.eac.gov/sites/default/files/2025-06/2024_EAVS_Codebook.xlsx,false,EAC 2024 EAVS V2 A1a Total Reg registered-voter denominator.
ME,2024,2300343255,MAPLETON,,MAPLETON,1562,A1a Total Reg,https://www.eac.gov/research-and-data/studies-and-reports,https://www.eac.gov/sites/default/files/2025-06/2024_EAVS_Codebook.xlsx,false,EAC 2024 EAVS V2 A1a Total Reg registered-voter denominator.
ME,2024,2300343710,MARS HILL,,MARS HILL,1103,A1a Total Reg,https://www.eac.gov/research-and-data/studies-and-reports,https://www.eac.gov/sites/default/files/2025-06/2024_EAVS_Codebook.xlsx,false,EAC 2024 EAVS V2 A1a Total Reg registered-voter denominator.
ME,2024,2300343990,MASARDIS,,MASARDIS,263,A1a Total Reg,https://www.eac.gov/research-and-data/studies-and-reports,https://www.eac.gov/sites/default/files/2025-06/2024_EAVS_Codebook.xlsx,false,EAC 2024 EAVS V2 A1a Total Reg registered-voter denominator.
ME,2024,2300345180,MERRILL,,MERRILL,179,A1a Total Reg,https://www.eac.gov/research-and-data/studies-and-reports,https://www.eac.gov/sites/default/files/2025-06/2024_EAVS_Codebook.xlsx,false,EAC 2024 EAVS V2 A1a Total Reg registered-voter denominator.
ME,2024,2300346685,MONTICELLO,,MONTICELLO,605,A1a Total Reg,https://www.eac.gov/research-and-data/studies-and-reports,https://www.eac.gov/sites/default/files/2025-06/2024_EAVS_Codebook.xlsx,false,EAC 2024 EAVS V2 A1a Total Reg registered-voter denominator.
ME,2024,2300347175,MORO PLT,,MORO PLT,44,A1a Total Reg,https://www.eac.gov/research-and-data/studies-and-reports,https://www.eac.gov/sites/default/files/2025-06/2024_EAVS_Codebook.xlsx,false,EAC 2024 EAVS V2 A1a Total Reg registered-voter denominator.
ME,2024,2300348120,NASHVILLE PLT,,NASHVILLE PLT,-88,A1a Total Reg,https://www.eac.gov/research-and-data/studies-and-reports,https://www.eac.gov/sites/default/files/2025-06/2024_EAVS_Codebook.xlsx,true,EAC reports zero registered voters for this jurisdiction; denominator warning required.
ME,2024,2300348575,NEW CANADA,,NEW CANADA,384,A1a Total Reg,https://www.eac.gov/research-and-data/studies-and-reports,https://www.eac.gov/sites/default/files/2025-06/2024_EAVS_Codebook.xlsx,false,EAC 2024 EAVS V2 A1a Total Reg registered-voter denominator.
ME,2024,2300348960,NEW LIMERICK,,NEW LIMERICK,452,A1a Total Reg,https://www.eac.gov/research-and-data/studies-and-reports,https://www.eac.gov/sites/default/files/2025-06/2024_EAVS_Codebook.xlsx,false,EAC 2024 EAVS V2 A1a Total Reg registered-voter denominator.
ME,2024,2300349415,NEW SWEDEN,,NEW SWEDEN,525,A1a Total Reg,https://www.eac.gov/research-and-data/studies-and-reports,https://www.eac.gov/sites/default/files/2025-06/2024_EAVS_Codebook.xlsx,false,EAC 2024 EAVS V2 A1a Total Reg registered-voter denominator.
ME,2024,2300354385,OAKFIELD,,OAKFIELD,588,A1a Total Reg,https://www.eac.gov/research-and-data/studies-and-reports,https://www.eac.gov/sites/default/files/2025-06/2024_EAVS_Codebook.xlsx,false,EAC 2024 EAVS V2 A1a Total Reg registered-voter denominator.
ME,2024,2300355435,ORIENT,,ORIENT,124,A1a Total Reg,https://www.eac.gov/research-and-data/studies-and-reports,https://www.eac.gov/sites/default/files/2025-06/2024_EAVS_Codebook.xlsx,false,EAC 2024 EAVS V2 A1a Total Reg registered-voter denominator.
ME,2024,2300356205,OXBOW NORTH TWP,,OXBOW NORTH TWP,-88,A1a Total Reg,https://www.eac.gov/research-and-data/studies-and-reports,https://www.eac.gov/sites/default/files/2025-06/2024_EAVS_Codebook.xlsx,true,EAC reports zero registered voters for this jurisdiction; denominator warning required.
ME,2024,2300358060,PERHAM,,PERHAM,351,A1a Total Reg,https://www.eac.gov/research-and-data/studies-and-reports,https://www.eac.gov/sites/default/files/2025-06/2024_EAVS_Codebook.xlsx,false,EAC 2024 EAVS V2 A1a Total Reg registered-voter denominator.
ME,2024,2300360300,PORTAGE LAKE,,PORTAGE LAKE,372,A1a Total Reg,https://www.eac.gov/research-and-data/studies-and-reports,https://www.eac.gov/sites/default/files/2025-06/2024_EAVS_Codebook.xlsx,false,EAC 2024 EAVS V2 A1a Total Reg registered-voter denominator.
ME,2024,2300360825,PRESQUE ISLE,,PRESQUE ISLE,7234,A1a Total Reg,https://www.eac.gov/research-and-data/studies-and-reports,https://www.eac.gov/sites/default/files/2025-06/2024_EAVS_Codebook.xlsx,false,EAC 2024 EAVS V2 A1a Total Reg registered-voter denominator.
ME,2024,2300362400,REED PLT,,REED PLT,128,A1a Total Reg,https://www.eac.gov/research-and-data/studies-and-reports,https://www.eac.gov/sites/default/files/2025-06/2024_EAVS_Codebook.xlsx,false,EAC 2024 EAVS V2 A1a Total Reg registered-voter denominator.
ME,2024,2300364780,SAINT AGATHA,,SAINT AGATHA,1070,A1a Total Reg,https://www.eac.gov/research-and-data/studies-and-reports,https://www.eac.gov/sites/default/files/2025-06/2024_EAVS_Codebook.xlsx,false,EAC 2024 EAVS V2 A1a Total Reg registered-voter denominator.
ME,2024,2300365025,SAINT FRANCIS,,SAINT FRANCIS,355,A1a Total Reg,https://www.eac.gov/research-and-data/studies-and-reports,https://www.eac.gov/sites/default/files/2025-06/2024_EAVS_Codebook.xlsx,false,EAC 2024 EAVS V2 A1a Total Reg registered-voter denominator.
ME,2024,2300365200,SAINT JOHN PLT,,SAINT JOHN PLT,224,A1a Total Reg,https://www.eac.gov/research-and-data/studies-and-reports,https://www.eac.gov/sites/default/files/2025-06/2024_EAVS_Codebook.xlsx,false,EAC 2024 EAVS V2 A1a Total Reg registered-voter denominator.
ME,2024,2300367790,SHERMAN,,SHERMAN,619,A1a Total Reg,https://www.eac.gov/research-and-data/studies-and-reports,https://www.eac.gov/sites/default/files/2025-06/2024_EAVS_Codebook.xlsx,false,EAC 2024 EAVS V2 A1a Total Reg registered-voter denominator.
ME,2024,2300369260,SMYRNA,,SMYRNA,230,A1a Total Reg,https://www.eac.gov/research-and-data/studies-and-reports,https://www.eac.gov/sites/default/files/2025-06/2024_EAVS_Codebook.xlsx,false,EAC 2024 EAVS V2 A1a Total Reg registered-voter denominator.
ME,2024,2300373472,MADAWASKA LAKE TWP,,MADAWASKA LAKE TWP,137,A1a Total Reg,https://www.eac.gov/research-and-data/studies-and-reports,https://www.eac.gov/sites/default/files/2025-06/2024_EAVS_Codebook.xlsx,false,EAC 2024 EAVS V2 A1a Total Reg registered-voter denominator.
ME,2024,2300374405,STOCKHOLM,,STOCKHOLM,235,A1a Total Reg,https://www.eac.gov/research-and-data/studies-and-reports,https://www.eac.gov/sites/default/files/2025-06/2024_EAVS_Codebook.xlsx,false,EAC 2024 EAVS V2 A1a Total Reg registered-voter denominator.
ME,2024,2300378570,VAN BUREN,,VAN BUREN,1475,A1a Total Reg,https://www.eac.gov/research-and-data/studies-and-reports,https://www.eac.gov/sites/default/files/2025-06/2024_EAVS_Codebook.xlsx,false,EAC 2024 EAVS V2 A1a Total Reg registered-voter denominator.
ME,2024,2300379270,WADE,,WADE,231,A1a Total Reg,https://www.eac.gov/research-and-data/studies-and-reports,https://www.eac.gov/sites/default/files/2025-06/2024_EAVS_Codebook.xlsx,false,EAC 2024 EAVS V2 A1a Total Reg registered-voter denominator.
ME,2024,2300379865,WALLAGRASS,,WALLAGRASS,415,A1a Total Reg,https://www.eac.gov/research-and-data/studies-and-reports,https://www.eac.gov/sites/default/files/2025-06/2024_EAVS_Codebook.xlsx,false,EAC 2024 EAVS V2 A1a Total Reg registered-voter denominator.
ME,2024,2300380285,WASHBURN,,WASHBURN,1062,A1a Total Reg,https://www.eac.gov/research-and-data/studies-and-reports,https://www.eac.gov/sites/default/files/2025-06/2024_EAVS_Codebook.xlsx,false,EAC 2024 EAVS V2 A1a Total Reg registered-voter denominator.
ME,2024,2300382770,WESTFIELD,,WESTFIELD,439,A1a Total Reg,https://www.eac.gov/research-and-data/studies-and-reports,https://www.eac.gov/sites/default/files/2025-06/2024_EAVS_Codebook.xlsx,false,EAC 2024 EAVS V2 A1a Total Reg registered-voter denominator.
ME,2024,2300383540,WESTMANLAND,,WESTMANLAND,77,A1a Total Reg,https://www.eac.gov/research-and-data/studies-and-reports,https://www.eac.gov/sites/default/files/2025-06/2024_EAVS_Codebook.xlsx,false,EAC 2024 EAVS V2 A1a Total Reg registered-voter denominator.
ME,2024,2300383785,WESTON,,WESTON,303,A1a Total Reg,https://www.eac.gov/research-and-data/studies-and-reports,https://www.eac.gov/sites/default/files/2025-06/2024_EAVS_Codebook.xlsx,false,EAC 2024 EAVS V2 A1a Total Reg registered-voter denominator.
ME,2024,2300386865,WINTERVILLE PLT,,WINTERVILLE PLT,179,A1a Total Reg,https://www.eac.gov/research-and-data/studies-and-reports,https://www.eac.gov/sites/default/files/2025-06/2024_EAVS_Codebook.xlsx,false,EAC 2024 EAVS V2 A1a Total Reg registered-voter denominator.
ME,2024,2300387215,WOODLAND,,WOODLAND,1081,A1a Total Reg,https://www.eac.gov/research-and-data/studies-and-reports,https://www.eac.gov/sites/default/files/2025-06/2024_EAVS_Codebook.xlsx,false,EAC 2024 EAVS V2 A1a Total Reg registered-voter denominator.
ME,2024,2300502655,BALDWIN,,BALDWIN,1526,A1a Total Reg,https://www.eac.gov/research-and-data/studies-and-reports,https://www.eac.gov/sites/default/files/2025-06/2024_EAVS_Codebook.xlsx,false,EAC 2024 EAVS V2 A1a Total Reg registered-voter denominator.
ME,2024,2300507170,BRIDGTON,,BRIDGTON,5485,A1a Total Reg,https://www.eac.gov/research-and-data/studies-and-reports,https://www.eac.gov/sites/default/files/2025-06/2024_EAVS_Codebook.xlsx,false,EAC 2024 EAVS V2 A1a Total Reg registered-voter denominator.
ME,2024,2300508430,BRUNSWICK,,BRUNSWICK,23376,A1a Total Reg,https://www.eac.gov/research-and-data/studies-and-reports,https://www.eac.gov/sites/default/files/2025-06/2024_EAVS_Codebook.xlsx,false,EAC 2024 EAVS V2 A1a Total Reg registered-voter denominator.
ME,2024,2300510180,CAPE ELIZABETH,,CAPE ELIZABETH,9224,A1a Total Reg,https://www.eac.gov/research-and-data/studies-and-reports,https://www.eac.gov/sites/default/files/2025-06/2024_EAVS_Codebook.xlsx,false,EAC 2024 EAVS V2 A1a Total Reg registered-voter denominator.
ME,2024,2300511125,CASCO,,CASCO,3628,A1a Total Reg,https://www.eac.gov/research-and-data/studies-and-reports,https://www.eac.gov/sites/default/files/2025-06/2024_EAVS_Codebook.xlsx,false,EAC 2024 EAVS V2 A1a Total Reg registered-voter denominator.
ME,2024,2300515430,CUMBERLAND,,CUMBERLAND,8081,A1a Total Reg,https://www.eac.gov/research-and-data/studies-and-reports,https://www.eac.gov/sites/default/files/2025-06/2024_EAVS_Codebook.xlsx,false,EAC 2024 EAVS V2 A1a Total Reg registered-voter denominator.
ME,2024,2300524495,FALMOUTH,,FALMOUTH,11200,A1a Total Reg,https://www.eac.gov/research-and-data/studies-and-reports,https://www.eac.gov/sites/default/files/2025-06/2024_EAVS_Codebook.xlsx,false,EAC 2024 EAVS V2 A1a Total Reg registered-voter denominator.
ME,2024,2300526525,FREEPORT,,FREEPORT,8299,A1a Total Reg,https://www.eac.gov/research-and-data/studies-and-reports,https://www.eac.gov/sites/default/files/2025-06/2024_EAVS_Codebook.xlsx,false,EAC 2024 EAVS V2 A1a Total Reg registered-voter denominator.
ME,2024,2300527025,FRYE ISLAND,,FRYE ISLAND,150,A1a Total Reg,https://www.eac.gov/research-and-data/studies-and-reports,https://www.eac.gov/sites/default/files/2025-06/2024_EAVS_Codebook.xlsx,false,EAC 2024 EAVS V2 A1a Total Reg registered-voter denominator.
ME,2024,2300528240,GORHAM,,GORHAM,16683,A1a Total Reg,https://www.eac.gov/research-and-data/studies-and-reports,https://www.eac.gov/sites/default/files/2025-06/2024_EAVS_Codebook.xlsx,false,EAC 2024 EAVS V2 A1a Total Reg registered-voter denominator.
ME,2024,2300528870,GRAY,,GRAY,7735,A1a Total Reg,https://www.eac.gov/research-and-data/studies-and-reports,https://www.eac.gov/sites/default/files/2025-06/2024_EAVS_Codebook.xlsx,false,EAC 2024 EAVS V2 A1a Total Reg registered-voter denominator.
ME,2024,2300531390,HARPSWELL,,HARPSWELL,4844,A1a Total Reg,https://www.eac.gov/research-and-data/studies-and-reports,https://www.eac.gov/sites/default/files/2025-06/2024_EAVS_Codebook.xlsx,false,EAC 2024 EAVS V2 A1a Total Reg registered-voter denominator.
ME,2024,2300531600,HARRISON,,HARRISON,2267,A1a Total Reg,https://www.eac.gov/research-and-data/studies-and-reports,https://www.eac.gov/sites/default/files/2025-06/2024_EAVS_Codebook.xlsx,false,EAC 2024 EAVS V2 A1a Total Reg registered-voter denominator.
ME,2024,2300541067,LONG ISLAND,,LONG ISLAND,241,A1a Total Reg,https://www.eac.gov/research-and-data/studies-and-reports,https://www.eac.gov/sites/default/files/2025-06/2024_EAVS_Codebook.xlsx,false,EAC 2024 EAVS V2 A1a Total Reg registered-voter denominator.
ME,2024,2300548085,NAPLES,,NAPLES,3920,A1a Total Reg,https://www.eac.gov/research-and-data/studies-and-reports,https://www.eac.gov/sites/default/files/2025-06/2024_EAVS_Codebook.xlsx,false,EAC 2024 EAVS V2 A1a Total Reg registered-voter denominator.
ME,2024,2300548820,NEW GLOUCESTER,,NEW GLOUCESTER,4925,A1a Total Reg,https://www.eac.gov/research-and-data/studies-and-reports,https://www.eac.gov/sites/default/files/2025-06/2024_EAVS_Codebook.xlsx,false,EAC 2024 EAVS V2 A1a Total Reg registered-voter denominator.
ME,2024,2300553860,NORTH YARMOUTH,,NORTH YARMOUTH,3988,A1a Total Reg,https://www.eac.gov/research-and-data/studies-and-reports,https://www.eac.gov/sites/default/files/2025-06/2024_EAVS_Codebook.xlsx,false,EAC 2024 EAVS V2 A1a Total Reg registered-voter denominator.
ME,2024,2300560545,PORTLAND,,PORTLAND,68264,A1a Total Reg,https://www.eac.gov/research-and-data/studies-and-reports,https://www.eac.gov/sites/default/files/2025-06/2024_EAVS_Codebook.xlsx,false,EAC 2024 EAVS V2 A1a Total Reg registered-voter denominator.
ME,2024,2300560685,POWNAL,,POWNAL,1663,A1a Total Reg,https://www.eac.gov/research-and-data/studies-and-reports,https://www.eac.gov/sites/default/files/2025-06/2024_EAVS_Codebook.xlsx,false,EAC 2024 EAVS V2 A1a Total Reg registered-voter denominator.
ME,2024,2300561945,RAYMOND,,RAYMOND,4572,A1a Total Reg,https://www.eac.gov/research-and-data/studies-and-reports,https://www.eac.gov/sites/default/files/2025-06/2024_EAVS_Codebook.xlsx,false,EAC 2024 EAVS V2 A1a Total Reg registered-voter denominator.
ME,2024,2300566145,SCARBOROUGH,,SCARBOROUGH,21411,A1a Total Reg,https://www.eac.gov/research-and-data/studies-and-reports,https://www.eac.gov/sites/default/files/2025-06/2024_EAVS_Codebook.xlsx,false,EAC 2024 EAVS V2 A1a Total Reg registered-voter denominator.
ME,2024,2300566775,SEBAGO,,SEBAGO,1961,A1a Total Reg,https://www.eac.gov/research-and-data/studies-and-reports,https://www.eac.gov/sites/default/files/2025-06/2024_EAVS_Codebook.xlsx,false,EAC 2024 EAVS V2 A1a Total Reg registered-voter denominator.
ME,2024,2300571990,SOUTH PORTLAND,,SOUTH PORTLAND,23834,A1a Total Reg,https://www.eac.gov/research-and-data/studies-and-reports,https://www.eac.gov/sites/default/files/2025-06/2024_EAVS_Codebook.xlsx,false,EAC 2024 EAVS V2 A1a Total Reg registered-voter denominator.
ME,2024,2300573670,STANDISH,,STANDISH,9076,A1a Total Reg,https://www.eac.gov/research-and-data/studies-and-reports,https://www.eac.gov/sites/default/files/2025-06/2024_EAVS_Codebook.xlsx,false,EAC 2024 EAVS V2 A1a Total Reg registered-voter denominator.
ME,2024,2300582105,WESTBROOK,,WESTBROOK,16301,A1a Total Reg,https://www.eac.gov/research-and-data/studies-and-reports,https://www.eac.gov/sites/default/files/2025-06/2024_EAVS_Codebook.xlsx,false,EAC 2024 EAVS V2 A1a Total Reg registered-voter denominator.
ME,2024,2300586025,WINDHAM,,WINDHAM,15869,A1a Total Reg,https://www.eac.gov/research-and-data/studies-and-reports,https://www.eac.gov/sites/default/files/2025-06/2024_EAVS_Codebook.xlsx,false,EAC 2024 EAVS V2 A1a Total Reg registered-voter denominator.
ME,2024,2300587845,YARMOUTH,,YARMOUTH,8911,A1a Total Reg,https://www.eac.gov/research-and-data/studies-and-reports,https://www.eac.gov/sites/default/files/2025-06/2024_EAVS_Codebook.xlsx,false,EAC 2024 EAVS V2 A1a Total Reg registered-voter denominator.
ME,2024,2300702235,AVON,,AVON,410,A1a Total Reg,https://www.eac.gov/research-and-data/studies-and-reports,https://www.eac.gov/sites/default/files/2025-06/2024_EAVS_Codebook.xlsx,false,EAC 2024 EAVS V2 A1a Total Reg registered-voter denominator.
ME,2024,2300710740,CARRABASSETT VALLEY,,CARRABASSETT VALLEY,795,A1a Total Reg,https://www.eac.gov/research-and-data/studies-and-reports,https://www.eac.gov/sites/default/files/2025-06/2024_EAVS_Codebook.xlsx,false,EAC 2024 EAVS V2 A1a Total Reg registered-voter denominator.
ME,2024,2300710915,CARTHAGE,,CARTHAGE,472,A1a Total Reg,https://www.eac.gov/research-and-data/studies-and-reports,https://www.eac.gov/sites/default/files/2025-06/2024_EAVS_Codebook.xlsx,false,EAC 2024 EAVS V2 A1a Total Reg registered-voter denominator.
ME,2024,2300712595,CHESTERVILLE,,CHESTERVILLE,1180,A1a Total Reg,https://www.eac.gov/research-and-data/studies-and-reports,https://www.eac.gov/sites/default/files/2025-06/2024_EAVS_Codebook.xlsx,false,EAC 2024 EAVS V2 A1a Total Reg registered-voter denominator.
ME,2024,2300714205,COPLIN PLT,,COPLIN PLT,140,A1a Total Reg,https://www.eac.gov/research-and-data/studies-and-reports,https://www.eac.gov/sites/default/files/2025-06/2024_EAVS_Codebook.xlsx,false,EAC 2024 EAVS V2 A1a Total Reg registered-voter denominator.
ME,2024,2300716165,DALLAS PLT,,DALLAS PLT,311,A1a Total Reg,https://www.eac.gov/research-and-data/studies-and-reports,https://www.eac.gov/sites/default/files/2025-06/2024_EAVS_Codebook.xlsx,false,EAC 2024 EAVS V2 A1a Total Reg registered-voter denominator.
ME,2024,2300724005,EUSTIS,,EUSTIS,755,A1a Total Reg,https://www.eac.gov/research-and-data/studies-and-reports,https://www.eac.gov/sites/default/files/2025-06/2024_EAVS_Codebook.xlsx,false,EAC 2024 EAVS V2 A1a Total Reg registered-voter denominator.
ME,2024,2300724775,FARMINGTON,,FARMINGTON,6843,A1a Total Reg,https://www.eac.gov/research-and-data/studies-and-reports,https://www.eac.gov/sites/default/files/2025-06/2024_EAVS_Codebook.xlsx,false,EAC 2024 EAVS V2 A1a Total Reg registered-voter denominator.
ME,2024,2300734820,INDUSTRY,,INDUSTRY,737,A1a Total Reg,https://www.eac.gov/research-and-data/studies-and-reports,https://www.eac.gov/sites/default/files/2025-06/2024_EAVS_Codebook.xlsx,false,EAC 2024 EAVS V2 A1a Total Reg registered-voter denominator.
ME,2024,2300735625,JAY,,JAY,3687,A1a Total Reg,https://www.eac.gov/research-and-data/studies-and-reports,https://www.eac.gov/sites/default/files/2025-06/2024_EAVS_Codebook.xlsx,false,EAC 2024 EAVS V2 A1a Total Reg registered-voter denominator.
ME,2024,2300737025,KINGFIELD,,KINGFIELD,1309,A1a Total Reg,https://www.eac.gov/research-and-data/studies-and-reports,https://www.eac.gov/sites/default/files/2025-06/2024_EAVS_Codebook.xlsx,false,EAC 2024 EAVS V2 A1a Total Reg registered-voter denominator.
ME,2024,2300749345,NEW SHARON,,NEW SHARON,1393,A1a Total Reg,https://www.eac.gov/research-and-data/studies-and-reports,https://www.eac.gov/sites/default/files/2025-06/2024_EAVS_Codebook.xlsx,false,EAC 2024 EAVS V2 A1a Total Reg registered-voter denominator.
ME,2024,2300749520,NEW VINEYARD,,NEW VINEYARD,639,A1a Total Reg,https://www.eac.gov/research-and-data/studies-and-reports,https://www.eac.gov/sites/default/files/2025-06/2024_EAVS_Codebook.xlsx,false,EAC 2024 EAVS V2 A1a Total Reg registered-voter denominator.
ME,2024,2300758445,PHILLIPS,,PHILLIPS,1086,A1a Total Reg,https://www.eac.gov/research-and-data/studies-and-reports,https://www.eac.gov/sites/default/files/2025-06/2024_EAVS_Codebook.xlsx,false,EAC 2024 EAVS V2 A1a Total Reg registered-voter denominator.
ME,2024,2300761840,RANGELEY,,RANGELEY,1043,A1a Total Reg,https://www.eac.gov/research-and-data/studies-and-reports,https://www.eac.gov/sites/default/files/2025-06/2024_EAVS_Codebook.xlsx,false,EAC 2024 EAVS V2 A1a Total Reg registered-voter denominator.
ME,2024,2300761875,RANGELEY PLT,,RANGELEY PLT,211,A1a Total Reg,https://www.eac.gov/research-and-data/studies-and-reports,https://www.eac.gov/sites/default/files/2025-06/2024_EAVS_Codebook.xlsx,false,EAC 2024 EAVS V2 A1a Total Reg registered-voter denominator.
ME,2024,2300765655,SANDY RIVER PLT,,SANDY RIVER PLT,164,A1a Total Reg,https://www.eac.gov/research-and-data/studies-and-reports,https://www.eac.gov/sites/default/files/2025-06/2024_EAVS_Codebook.xlsx,false,EAC 2024 EAVS V2 A1a Total Reg registered-voter denominator.
ME,2024,2300774825,STRONG,,STRONG,1283,A1a Total Reg,https://www.eac.gov/research-and-data/studies-and-reports,https://www.eac.gov/sites/default/files/2025-06/2024_EAVS_Codebook.xlsx,false,EAC 2024 EAVS V2 A1a Total Reg registered-voter denominator.
ME,2024,2300775980,TEMPLE,,TEMPLE,507,A1a Total Reg,https://www.eac.gov/research-and-data/studies-and-reports,https://www.eac.gov/sites/default/files/2025-06/2024_EAVS_Codebook.xlsx,false,EAC 2024 EAVS V2 A1a Total Reg registered-voter denominator.
ME,2024,2300781300,WELD,,WELD,373,A1a Total Reg,https://www.eac.gov/research-and-data/studies-and-reports,https://www.eac.gov/sites/default/files/2025-06/2024_EAVS_Codebook.xlsx,false,EAC 2024 EAVS V2 A1a Total Reg registered-voter denominator.
ME,2024,2300785850,WILTON,,WILTON,3214,A1a Total Reg,https://www.eac.gov/research-and-data/studies-and-reports,https://www.eac.gov/sites/default/files/2025-06/2024_EAVS_Codebook.xlsx,false,EAC 2024 EAVS V2 A1a Total Reg registered-voter denominator.
ME,2024,2300901185,AMHERST,,AMHERST,262,A1a Total Reg,https://www.eac.gov/research-and-data/studies-and-reports,https://www.eac.gov/sites/default/files/2025-06/2024_EAVS_Codebook.xlsx,false,EAC 2024 EAVS V2 A1a Total Reg registered-voter denominator.
ME,2024,2300902165,AURORA,,AURORA,107,A1a Total Reg,https://www.eac.gov/research-and-data/studies-and-reports,https://www.eac.gov/sites/default/files/2025-06/2024_EAVS_Codebook.xlsx,false,EAC 2024 EAVS V2 A1a Total Reg registered-voter denominator.
ME,2024,2300902865,BAR HARBOR,,BAR HARBOR,5448,A1a Total Reg,https://www.eac.gov/research-and-data/studies-and-reports,https://www.eac.gov/sites/default/files/2025-06/2024_EAVS_Codebook.xlsx,false,EAC 2024 EAVS V2 A1a Total Reg registered-voter denominator.
ME,2024,2300905700,BLUE HILL,,BLUE HILL,2865,A1a Total Reg,https://www.eac.gov/research-and-data/studies-and-reports,https://www.eac.gov/sites/default/files/2025-06/2024_EAVS_Codebook.xlsx,false,EAC 2024 EAVS V2 A1a Total Reg registered-voter denominator.
ME,2024,2300907800,BROOKLIN,,BROOKLIN,804,A1a Total Reg,https://www.eac.gov/research-and-data/studies-and-reports,https://www.eac.gov/sites/default/files/2025-06/2024_EAVS_Codebook.xlsx,false,EAC 2024 EAVS V2 A1a Total Reg registered-voter denominator.
ME,2024,2300907975,BROOKSVILLE,,BROOKSVILLE,916,A1a Total Reg,https://www.eac.gov/research-and-data/studies-and-reports,https://www.eac.gov/sites/default/files/2025-06/2024_EAVS_Codebook.xlsx,false,EAC 2024 EAVS V2 A1a Total Reg registered-voter denominator.
ME,2024,2300908815,BUCKSPORT,,BUCKSPORT,4755,A1a Total Reg,https://www.eac.gov/research-and-data/studies-and-reports,https://www.eac.gov/sites/default/files/2025-06/2024_EAVS_Codebook.xlsx,false,EAC 2024 EAVS V2 A1a Total Reg registered-voter denominator.
ME,2024,2300911265,CASTINE,,CASTINE,1101,A1a Total Reg,https://www.eac.gov/research-and-data/studies-and-reports,https://www.eac.gov/sites/default/files/2025-06/2024_EAVS_Codebook.xlsx,false,EAC 2024 EAVS V2 A1a Total Reg registered-voter denominator.
ME,2024,2300914905,CRANBERRY ISLES,,CRANBERRY ISLES,171,A1a Total Reg,https://www.eac.gov/research-and-data/studies-and-reports,https://www.eac.gov/sites/default/files/2025-06/2024_EAVS_Codebook.xlsx,false,EAC 2024 EAVS V2 A1a Total Reg registered-voter denominator.
ME,2024,2300916935,DEDHAM,,DEDHAM,1621,A1a Total Reg,https://www.eac.gov/research-and-data/studies-and-reports,https://www.eac.gov/sites/default/files/2025-06/2024_EAVS_Codebook.xlsx,false,EAC 2024 EAVS V2 A1a Total Reg registered-voter denominator.
ME,2024,2300917145,DEER ISLE,,DEER ISLE,1881,A1a Total Reg,https://www.eac.gov/research-and-data/studies-and-reports,https://www.eac.gov/sites/default/files/2025-06/2024_EAVS_Codebook.xlsx,false,EAC 2024 EAVS V2 A1a Total Reg registered-voter denominator.
ME,2024,2300919770,EASTBROOK,,EASTBROOK,402,A1a Total Reg,https://www.eac.gov/research-and-data/studies-and-reports,https://www.eac.gov/sites/default/files/2025-06/2024_EAVS_Codebook.xlsx,false,EAC 2024 EAVS V2 A1a Total Reg registered-voter denominator.
ME,2024,2300923200,ELLSWORTH,,ELLSWORTH,7544,A1a Total Reg,https://www.eac.gov/research-and-data/studies-and-reports,https://www.eac.gov/sites/default/files/2025-06/2024_EAVS_Codebook.xlsx,false,EAC 2024 EAVS V2 A1a Total Reg registered-voter denominator.
ME,2024,2300926350,FRANKLIN,,FRANKLIN,1357,A1a Total Reg,https://www.eac.gov/research-and-data/studies-and-reports,https://www.eac.gov/sites/default/files/2025-06/2024_EAVS_Codebook.xlsx,false,EAC 2024 EAVS V2 A1a Total Reg registered-voter denominator.
ME,2024,2300926595,FRENCHBORO,,FRENCHBORO,46,A1a Total Reg,https://www.eac.gov/research-and-data/studies-and-reports,https://www.eac.gov/sites/default/files/2025-06/2024_EAVS_Codebook.xlsx,false,EAC 2024 EAVS V2 A1a Total Reg registered-voter denominator.
ME,2024,2300928450,GOULDSBORO,,GOULDSBORO,1800,A1a Total Reg,https://www.eac.gov/research-and-data/studies-and-reports,https://www.eac.gov/sites/default/files/2025-06/2024_EAVS_Codebook.xlsx,false,EAC 2024 EAVS V2 A1a Total Reg registered-voter denominator.
ME,2024,2300928975,GREAT POND,,GREAT POND,48,A1a Total Reg,https://www.eac.gov/research-and-data/studies-and-reports,https://www.eac.gov/sites/default/files/2025-06/2024_EAVS_Codebook.xlsx,false,EAC 2024 EAVS V2 A1a Total Reg registered-voter denominator.
ME,2024,2300930970,HANCOCK,,HANCOCK,2289,A1a Total Reg,https://www.eac.gov/research-and-data/studies-and-reports,https://www.eac.gov/sites/default/files/2025-06/2024_EAVS_Codebook.xlsx,false,EAC 2024 EAVS V2 A1a Total Reg registered-voter denominator.
ME,2024,2300938180,LAMOINE,,LAMOINE,1697,A1a Total Reg,https://www.eac.gov/research-and-data/studies-and-reports,https://www.eac.gov/sites/default/files/2025-06/2024_EAVS_Codebook.xlsx,false,EAC 2024 EAVS V2 A1a Total Reg registered-voter denominator.
ME,2024,2300943430,MARIAVILLE,,MARIAVILLE,468,A1a Total Reg,https://www.eac.gov/research-and-data/studies-and-reports,https://www.eac.gov/sites/default/files/2025-06/2024_EAVS_Codebook.xlsx,false,EAC 2024 EAVS V2 A1a Total Reg registered-voter denominator.
ME,2024,2300947630,MOUNT DESERT,,MOUNT DESERT,2070,A1a Total Reg,https://www.eac.gov/research-and-data/studies-and-reports,https://www.eac.gov/sites/default/files/2025-06/2024_EAVS_Codebook.xlsx,false,EAC 2024 EAVS V2 A1a Total Reg registered-voter denominator.
ME,2024,2300955505,ORLAND,,ORLAND,1982,A1a Total Reg,https://www.eac.gov/research-and-data/studies-and-reports,https://www.eac.gov/sites/default/files/2025-06/2024_EAVS_Codebook.xlsx,false,EAC 2024 EAVS V2 A1a Total Reg registered-voter denominator.
ME,2024,2300955855,OSBORN,,OSBORN,60,A1a Total Reg,https://www.eac.gov/research-and-data/studies-and-reports,https://www.eac.gov/sites/default/files/2025-06/2024_EAVS_Codebook.xlsx,false,EAC 2024 EAVS V2 A1a Total Reg registered-voter denominator.
ME,2024,2300955890,OTIS,,OTIS,720,A1a Total Reg,https://www.eac.gov/research-and-data/studies-and-reports,https://www.eac.gov/sites/default/files/2025-06/2024_EAVS_Codebook.xlsx,false,EAC 2024 EAVS V2 A1a Total Reg registered-voter denominator.
ME,2024,2300957920,PENOBSCOT,,PENOBSCOT,1203,A1a Total Reg,https://www.eac.gov/research-and-data/studies-and-reports,https://www.eac.gov/sites/default/files/2025-06/2024_EAVS_Codebook.xlsx,false,EAC 2024 EAVS V2 A1a Total Reg registered-voter denominator.
ME,2024,2300967300,SEDGWICK,,SEDGWICK,1159,A1a Total Reg,https://www.eac.gov/research-and-data/studies-and-reports,https://www.eac.gov/sites/default/files/2025-06/2024_EAVS_Codebook.xlsx,false,EAC 2024 EAVS V2 A1a Total Reg registered-voter denominator.
ME,2024,2300969750,SORRENTO,,SORRENTO,280,A1a Total Reg,https://www.eac.gov/research-and-data/studies-and-reports,https://www.eac.gov/sites/default/files/2025-06/2024_EAVS_Codebook.xlsx,false,EAC 2024 EAVS V2 A1a Total Reg registered-voter denominator.
ME,2024,2300972865,SOUTHWEST HARBOR,,SOUTHWEST HARBOR,1736,A1a Total Reg,https://www.eac.gov/research-and-data/studies-and-reports,https://www.eac.gov/sites/default/files/2025-06/2024_EAVS_Codebook.xlsx,false,EAC 2024 EAVS V2 A1a Total Reg registered-voter denominator.
ME,2024,2300974580,STONINGTON,,STONINGTON,1106,A1a Total Reg,https://www.eac.gov/research-and-data/studies-and-reports,https://www.eac.gov/sites/default/files/2025-06/2024_EAVS_Codebook.xlsx,false,EAC 2024 EAVS V2 A1a Total Reg registered-voter denominator.
ME,2024,2300974965,SULLIVAN,,SULLIVAN,1087,A1a Total Reg,https://www.eac.gov/research-and-data/studies-and-reports,https://www.eac.gov/sites/default/files/2025-06/2024_EAVS_Codebook.xlsx,false,EAC 2024 EAVS V2 A1a Total Reg registered-voter denominator.
ME,2024,2300975280,SURRY,,SURRY,1593,A1a Total Reg,https://www.eac.gov/research-and-data/studies-and-reports,https://www.eac.gov/sites/default/files/2025-06/2024_EAVS_Codebook.xlsx,false,EAC 2024 EAVS V2 A1a Total Reg registered-voter denominator.
ME,2024,2300975455,SWANS ISLAND,,SWANS ISLAND,363,A1a Total Reg,https://www.eac.gov/research-and-data/studies-and-reports,https://www.eac.gov/sites/default/files/2025-06/2024_EAVS_Codebook.xlsx,false,EAC 2024 EAVS V2 A1a Total Reg registered-voter denominator.
ME,2024,2300977345,TREMONT,,TREMONT,1366,A1a Total Reg,https://www.eac.gov/research-and-data/studies-and-reports,https://www.eac.gov/sites/default/files/2025-06/2024_EAVS_Codebook.xlsx,false,EAC 2024 EAVS V2 A1a Total Reg registered-voter denominator.
ME,2024,2300977415,TRENTON,,TRENTON,1571,A1a Total Reg,https://www.eac.gov/research-and-data/studies-and-reports,https://www.eac.gov/sites/default/files/2025-06/2024_EAVS_Codebook.xlsx,false,EAC 2024 EAVS V2 A1a Total Reg registered-voter denominator.
ME,2024,2300978920,VERONA ISLAND,,VERONA ISLAND,485,A1a Total Reg,https://www.eac.gov/research-and-data/studies-and-reports,https://www.eac.gov/sites/default/files/2025-06/2024_EAVS_Codebook.xlsx,false,EAC 2024 EAVS V2 A1a Total Reg registered-voter denominator.
ME,2024,2300980040,WALTHAM,,WALTHAM,302,A1a Total Reg,https://www.eac.gov/research-and-data/studies-and-reports,https://www.eac.gov/sites/default/files/2025-06/2024_EAVS_Codebook.xlsx,false,EAC 2024 EAVS V2 A1a Total Reg registered-voter denominator.
ME,2024,2300986655,WINTER HARBOR,,WINTER HARBOR,544,A1a Total Reg,https://www.eac.gov/research-and-data/studies-and-reports,https://www.eac.gov/sites/default/files/2025-06/2024_EAVS_Codebook.xlsx,false,EAC 2024 EAVS V2 A1a Total Reg registered-voter denominator.
ME,2024,2301100590,ALBION,,ALBION,1695,A1a Total Reg,https://www.eac.gov/research-and-data/studies-and-reports,https://www.eac.gov/sites/default/files/2025-06/2024_EAVS_Codebook.xlsx,false,EAC 2024 EAVS V2 A1a Total Reg registered-voter denominator.
ME,2024,2301102100,AUGUSTA,,AUGUSTA,16328,A1a Total Reg,https://www.eac.gov/research-and-data/studies-and-reports,https://www.eac.gov/sites/default/files/2025-06/2024_EAVS_Codebook.xlsx,false,EAC 2024 EAVS V2 A1a Total Reg registered-voter denominator.
ME,2024,2301104020,BELGRADE,,BELGRADE,3089,A1a Total Reg,https://www.eac.gov/research-and-data/studies-and-reports,https://www.eac.gov/sites/default/files/2025-06/2024_EAVS_Codebook.xlsx,false,EAC 2024 EAVS V2 A1a Total Reg registered-voter denominator.
ME,2024,2301104475,BENTON,,BENTON,2202,A1a Total Reg,https://www.eac.gov/research-and-data/studies-and-reports,https://www.eac.gov/sites/default/files/2025-06/2024_EAVS_Codebook.xlsx,false,EAC 2024 EAVS V2 A1a Total Reg registered-voter denominator.
ME,2024,2301112350,CHELSEA,,CHELSEA,2376,A1a Total Reg,https://www.eac.gov/research-and-data/studies-and-reports,https://www.eac.gov/sites/default/files/2025-06/2024_EAVS_Codebook.xlsx,false,EAC 2024 EAVS V2 A1a Total Reg registered-voter denominator.
ME,2024,2301112735,CHINA,,CHINA,3358,A1a Total Reg,https://www.eac.gov/research-and-data/studies-and-reports,https://www.eac.gov/sites/default/files/2025-06/2024_EAVS_Codebook.xlsx,false,EAC 2024 EAVS V2 A1a Total Reg registered-voter denominator.
ME,2024,2301113470,CLINTON,,CLINTON,2687,A1a Total Reg,https://www.eac.gov/research-and-data/studies-and-reports,https://www.eac.gov/sites/default/files/2025-06/2024_EAVS_Codebook.xlsx,false,EAC 2024 EAVS V2 A1a Total Reg registered-voter denominator.
ME,2024,2301124670,FARMINGDALE,,FARMINGDALE,2817,A1a Total Reg,https://www.eac.gov/research-and-data/studies-and-reports,https://www.eac.gov/sites/default/files/2025-06/2024_EAVS_Codebook.xlsx,false,EAC 2024 EAVS V2 A1a Total Reg registered-voter denominator.
ME,2024,2301124950,FAYETTE,,FAYETTE,960,A1a Total Reg,https://www.eac.gov/research-and-data/studies-and-reports,https://www.eac.gov/sites/default/files/2025-06/2024_EAVS_Codebook.xlsx,false,EAC 2024 EAVS V2 A1a Total Reg registered-voter denominator.
ME,2024,2301127085,GARDINER,,GARDINER,5343,A1a Total Reg,https://www.eac.gov/research-and-data/studies-and-reports,https://www.eac.gov/sites/default/files/2025-06/2024_EAVS_Codebook.xlsx,false,EAC 2024 EAVS V2 A1a Total Reg registered-voter denominator.
ME,2024,2301130550,HALLOWELL,,HALLOWELL,2485,A1a Total Reg,https://www.eac.gov/research-and-data/studies-and-reports,https://www.eac.gov/sites/default/files/2025-06/2024_EAVS_Codebook.xlsx,false,EAC 2024 EAVS V2 A1a Total Reg registered-voter denominator.
ME,2024,2301140175,LITCHFIELD,,LITCHFIELD,3134,A1a Total Reg,https://www.eac.gov/research-and-data/studies-and-reports,https://www.eac.gov/sites/default/files/2025-06/2024_EAVS_Codebook.xlsx,false,EAC 2024 EAVS V2 A1a Total Reg registered-voter denominator.
ME,2024,2301143080,MANCHESTER,,MANCHESTER,2377,A1a Total Reg,https://www.eac.gov/research-and-data/studies-and-reports,https://www.eac.gov/sites/default/files/2025-06/2024_EAVS_Codebook.xlsx,false,EAC 2024 EAVS V2 A1a Total Reg registered-voter denominator.
ME,2024,2301146405,MONMOUTH,,MONMOUTH,3708,A1a Total Reg,https://www.eac.gov/research-and-data/studies-and-reports,https://www.eac.gov/sites/default/files/2025-06/2024_EAVS_Codebook.xlsx,false,EAC 2024 EAVS V2 A1a Total Reg registered-voter denominator.
ME,2024,2301147770,MOUNT VERNON,,MOUNT VERNON,1652,A1a Total Reg,https://www.eac.gov/research-and-data/studies-and-reports,https://www.eac.gov/sites/default/files/2025-06/2024_EAVS_Codebook.xlsx,false,EAC 2024 EAVS V2 A1a Total Reg registered-voter denominator.
ME,2024,2301154560,OAKLAND,,OAKLAND,5254,A1a Total Reg,https://www.eac.gov/research-and-data/studies-and-reports,https://www.eac.gov/sites/default/files/2025-06/2024_EAVS_Codebook.xlsx,false,EAC 2024 EAVS V2 A1a Total Reg registered-voter denominator.
ME,2024,2301159110,PITTSTON,,PITTSTON,2586,A1a Total Reg,https://www.eac.gov/research-and-data/studies-and-reports,https://www.eac.gov/sites/default/files/2025-06/2024_EAVS_Codebook.xlsx,false,EAC 2024 EAVS V2 A1a Total Reg registered-voter denominator.
ME,2024,2301161700,RANDOLPH,,RANDOLPH,1469,A1a Total Reg,https://www.eac.gov/research-and-data/studies-and-reports,https://www.eac.gov/sites/default/files/2025-06/2024_EAVS_Codebook.xlsx,false,EAC 2024 EAVS V2 A1a Total Reg registered-voter denominator.
ME,2024,2301162190,READFIELD,,READFIELD,2435,A1a Total Reg,https://www.eac.gov/research-and-data/studies-and-reports,https://www.eac.gov/sites/default/files/2025-06/2024_EAVS_Codebook.xlsx,false,EAC 2024 EAVS V2 A1a Total Reg registered-voter denominator.
ME,2024,2301163835,ROME,,ROME,932,A1a Total Reg,https://www.eac.gov/research-and-data/studies-and-reports,https://www.eac.gov/sites/default/files/2025-06/2024_EAVS_Codebook.xlsx,false,EAC 2024 EAVS V2 A1a Total Reg registered-voter denominator.
ME,2024,2301168385,SIDNEY,,SIDNEY,4014,A1a Total Reg,https://www.eac.gov/research-and-data/studies-and-reports,https://www.eac.gov/sites/default/files/2025-06/2024_EAVS_Codebook.xlsx,false,EAC 2024 EAVS V2 A1a Total Reg registered-voter denominator.
ME,2024,2301178745,VASSALBORO,,VASSALBORO,3687,A1a Total Reg,https://www.eac.gov/research-and-data/studies-and-reports,https://www.eac.gov/sites/default/files/2025-06/2024_EAVS_Codebook.xlsx,false,EAC 2024 EAVS V2 A1a Total Reg registered-voter denominator.
ME,2024,2301179025,VIENNA,,VIENNA,566,A1a Total Reg,https://www.eac.gov/research-and-data/studies-and-reports,https://www.eac.gov/sites/default/files/2025-06/2024_EAVS_Codebook.xlsx,false,EAC 2024 EAVS V2 A1a Total Reg registered-voter denominator.
ME,2024,2301180740,WATERVILLE,,WATERVILLE,15635,A1a Total Reg,https://www.eac.gov/research-and-data/studies-and-reports,https://www.eac.gov/sites/default/files/2025-06/2024_EAVS_Codebook.xlsx,false,EAC 2024 EAVS V2 A1a Total Reg registered-voter denominator.
ME,2024,2301180880,WAYNE,,WAYNE,1020,A1a Total Reg,https://www.eac.gov/research-and-data/studies-and-reports,https://www.eac.gov/sites/default/files/2025-06/2024_EAVS_Codebook.xlsx,false,EAC 2024 EAVS V2 A1a Total Reg registered-voter denominator.
ME,2024,2301182945,WEST GARDINER,,WEST GARDINER,3341,A1a Total Reg,https://www.eac.gov/research-and-data/studies-and-reports,https://www.eac.gov/sites/default/files/2025-06/2024_EAVS_Codebook.xlsx,false,EAC 2024 EAVS V2 A1a Total Reg registered-voter denominator.
ME,2024,2301186165,WINDSOR,,WINDSOR,2173,A1a Total Reg,https://www.eac.gov/research-and-data/studies-and-reports,https://www.eac.gov/sites/default/files/2025-06/2024_EAVS_Codebook.xlsx,false,EAC 2024 EAVS V2 A1a Total Reg registered-voter denominator.
ME,2024,2301186515,WINSLOW,,WINSLOW,6680,A1a Total Reg,https://www.eac.gov/research-and-data/studies-and-reports,https://www.eac.gov/sites/default/files/2025-06/2024_EAVS_Codebook.xlsx,false,EAC 2024 EAVS V2 A1a Total Reg registered-voter denominator.
ME,2024,2301186970,WINTHROP,,WINTHROP,5871,A1a Total Reg,https://www.eac.gov/research-and-data/studies-and-reports,https://www.eac.gov/sites/default/files/2025-06/2024_EAVS_Codebook.xlsx,false,EAC 2024 EAVS V2 A1a Total Reg registered-voter denominator.
ME,2024,2301301465,APPLETON,,APPLETON,1191,A1a Total Reg,https://www.eac.gov/research-and-data/studies-and-reports,https://www.eac.gov/sites/default/files/2025-06/2024_EAVS_Codebook.xlsx,false,EAC 2024 EAVS V2 A1a Total Reg registered-voter denominator.
ME,2024,2301309725,CAMDEN,,CAMDEN,5088,A1a Total Reg,https://www.eac.gov/research-and-data/studies-and-reports,https://www.eac.gov/sites/default/files/2025-06/2024_EAVS_Codebook.xlsx,false,EAC 2024 EAVS V2 A1a Total Reg registered-voter denominator.
ME,2024,2301315780,CUSHING,,CUSHING,1410,A1a Total Reg,https://www.eac.gov/research-and-data/studies-and-reports,https://www.eac.gov/sites/default/files/2025-06/2024_EAVS_Codebook.xlsx,false,EAC 2024 EAVS V2 A1a Total Reg registered-voter denominator.
ME,2024,2301326805,FRIENDSHIP,,FRIENDSHIP,1175,A1a Total Reg,https://www.eac.gov/research-and-data/studies-and-reports,https://www.eac.gov/sites/default/files/2025-06/2024_EAVS_Codebook.xlsx,false,EAC 2024 EAVS V2 A1a Total Reg registered-voter denominator.
ME,2024,2301333840,HOPE,,HOPE,1437,A1a Total Reg,https://www.eac.gov/research-and-data/studies-and-reports,https://www.eac.gov/sites/default/files/2025-06/2024_EAVS_Codebook.xlsx,false,EAC 2024 EAVS V2 A1a Total Reg registered-voter denominator.
ME,2024,2301335135,ISLE AU HAUT,,ISLE AU HAUT,91,A1a Total Reg,https://www.eac.gov/research-and-data/studies-and-reports,https://www.eac.gov/sites/default/files/2025-06/2024_EAVS_Codebook.xlsx,false,EAC 2024 EAVS V2 A1a Total Reg registered-voter denominator.
ME,2024,2301344165,MATINICUS ISLE PLT,,MATINICUS ISLE PLT,66,A1a Total Reg,https://www.eac.gov/research-and-data/studies-and-reports,https://www.eac.gov/sites/default/files/2025-06/2024_EAVS_Codebook.xlsx,false,EAC 2024 EAVS V2 A1a Total Reg registered-voter denominator.
ME,2024,2301351620,NORTH HAVEN,,NORTH HAVEN,402,A1a Total Reg,https://www.eac.gov/research-and-data/studies-and-reports,https://www.eac.gov/sites/default/files/2025-06/2024_EAVS_Codebook.xlsx,false,EAC 2024 EAVS V2 A1a Total Reg registered-voter denominator.
ME,2024,2301356135,OWLS HEAD,,OWLS HEAD,1489,A1a Total Reg,https://www.eac.gov/research-and-data/studies-and-reports,https://www.eac.gov/sites/default/files/2025-06/2024_EAVS_Codebook.xlsx,false,EAC 2024 EAVS V2 A1a Total Reg registered-voter denominator.
ME,2024,2301363590,ROCKLAND,,ROCKLAND,6128,A1a Total Reg,https://www.eac.gov/research-and-data/studies-and-reports,https://www.eac.gov/sites/default/files/2025-06/2024_EAVS_Codebook.xlsx,false,EAC 2024 EAVS V2 A1a Total Reg registered-voter denominator.
ME,2024,2301363660,ROCKPORT,,ROCKPORT,3457,A1a Total Reg,https://www.eac.gov/research-and-data/studies-and-reports,https://www.eac.gov/sites/default/files/2025-06/2024_EAVS_Codebook.xlsx,false,EAC 2024 EAVS V2 A1a Total Reg registered-voter denominator.
ME,2024,2301365130,SAINT GEORGE,,SAINT GEORGE,2401,A1a Total Reg,https://www.eac.gov/research-and-data/studies-and-reports,https://www.eac.gov/sites/default/files/2025-06/2024_EAVS_Codebook.xlsx,false,EAC 2024 EAVS V2 A1a Total Reg registered-voter denominator.
ME,2024,2301372585,SOUTH THOMASTON,,SOUTH THOMASTON,1483,A1a Total Reg,https://www.eac.gov/research-and-data/studies-and-reports,https://www.eac.gov/sites/default/files/2025-06/2024_EAVS_Codebook.xlsx,false,EAC 2024 EAVS V2 A1a Total Reg registered-voter denominator.
ME,2024,2301376365,THOMASTON,,THOMASTON,2472,A1a Total Reg,https://www.eac.gov/research-and-data/studies-and-reports,https://www.eac.gov/sites/default/files/2025-06/2024_EAVS_Codebook.xlsx,false,EAC 2024 EAVS V2 A1a Total Reg registered-voter denominator.
ME,2024,2301378115,UNION,,UNION,2095,A1a Total Reg,https://www.eac.gov/research-and-data/studies-and-reports,https://www.eac.gov/sites/default/files/2025-06/2024_EAVS_Codebook.xlsx,false,EAC 2024 EAVS V2 A1a Total Reg registered-voter denominator.
ME,2024,2301379130,VINALHAVEN,,VINALHAVEN,1058,A1a Total Reg,https://www.eac.gov/research-and-data/studies-and-reports,https://www.eac.gov/sites/default/files/2025-06/2024_EAVS_Codebook.xlsx,false,EAC 2024 EAVS V2 A1a Total Reg registered-voter denominator.
ME,2024,2301380215,WARREN,,WARREN,3276,A1a Total Reg,https://www.eac.gov/research-and-data/studies-and-reports,https://www.eac.gov/sites/default/files/2025-06/2024_EAVS_Codebook.xlsx,false,EAC 2024 EAVS V2 A1a Total Reg registered-voter denominator.
ME,2024,2301380425,WASHINGTON,,WASHINGTON,1356,A1a Total Reg,https://www.eac.gov/research-and-data/studies-and-reports,https://www.eac.gov/sites/default/files/2025-06/2024_EAVS_Codebook.xlsx,false,EAC 2024 EAVS V2 A1a Total Reg registered-voter denominator.
ME,2024,2301501010,ALNA,,ALNA,753,A1a Total Reg,https://www.eac.gov/research-and-data/studies-and-reports,https://www.eac.gov/sites/default/files/2025-06/2024_EAVS_Codebook.xlsx,false,EAC 2024 EAVS V2 A1a Total Reg registered-voter denominator.
ME,2024,2301506050,BOOTHBAY,,BOOTHBAY,2925,A1a Total Reg,https://www.eac.gov/research-and-data/studies-and-reports,https://www.eac.gov/sites/default/files/2025-06/2024_EAVS_Codebook.xlsx,false,EAC 2024 EAVS V2 A1a Total Reg registered-voter denominator.
ME,2024,2301506120,BOOTHBAY HARBOR,,BOOTHBAY HARBOR,2041,A1a Total Reg,https://www.eac.gov/research-and-data/studies-and-reports,https://www.eac.gov/sites/default/files/2025-06/2024_EAVS_Codebook.xlsx,false,EAC 2024 EAVS V2 A1a Total Reg registered-voter denominator.
ME,2024,2301506855,BREMEN,,BREMEN,853,A1a Total Reg,https://www.eac.gov/research-and-data/studies-and-reports,https://www.eac.gov/sites/default/files/2025-06/2024_EAVS_Codebook.xlsx,false,EAC 2024 EAVS V2 A1a Total Reg registered-voter denominator.
ME,2024,2301507485,BRISTOL,,BRISTOL,2781,A1a Total Reg,https://www.eac.gov/research-and-data/studies-and-reports,https://www.eac.gov/sites/default/files/2025-06/2024_EAVS_Codebook.xlsx,false,EAC 2024 EAVS V2 A1a Total Reg registered-voter denominator.
ME,2024,2301516235,DAMARISCOTTA,,DAMARISCOTTA,2214,A1a Total Reg,https://www.eac.gov/research-and-data/studies-and-reports,https://www.eac.gov/sites/default/files/2025-06/2024_EAVS_Codebook.xlsx,false,EAC 2024 EAVS V2 A1a Total Reg registered-voter denominator.
ME,2024,2301518475,DRESDEN,,DRESDEN,1596,A1a Total Reg,https://www.eac.gov/research-and-data/studies-and-reports,https://www.eac.gov/sites/default/files/2025-06/2024_EAVS_Codebook.xlsx,false,EAC 2024 EAVS V2 A1a Total Reg registered-voter denominator.
ME,2024,2301522675,EDGECOMB,,EDGECOMB,1319,A1a Total Reg,https://www.eac.gov/research-and-data/studies-and-reports,https://www.eac.gov/sites/default/files/2025-06/2024_EAVS_Codebook.xlsx,false,EAC 2024 EAVS V2 A1a Total Reg registered-voter denominator.
ME,2024,2301535695,JEFFERSON,,JEFFERSON,2453,A1a Total Reg,https://www.eac.gov/research-and-data/studies-and-reports,https://www.eac.gov/sites/default/files/2025-06/2024_EAVS_Codebook.xlsx,false,EAC 2024 EAVS V2 A1a Total Reg registered-voter denominator.
ME,2024,2301546335,MONHEGAN ISLAND PLT,,MONHEGAN ISLAND PLT,75,A1a Total Reg,https://www.eac.gov/research-and-data/studies-and-reports,https://www.eac.gov/sites/default/files/2025-06/2024_EAVS_Codebook.xlsx,false,EAC 2024 EAVS V2 A1a Total Reg registered-voter denominator.
ME,2024,2301548645,NEWCASTLE,,NEWCASTLE,1817,A1a Total Reg,https://www.eac.gov/research-and-data/studies-and-reports,https://www.eac.gov/sites/default/files/2025-06/2024_EAVS_Codebook.xlsx,false,EAC 2024 EAVS V2 A1a Total Reg registered-voter denominator.
ME,2024,2301549660,NOBLEBORO,,NOBLEBORO,1819,A1a Total Reg,https://www.eac.gov/research-and-data/studies-and-reports,https://www.eac.gov/sites/default/files/2025-06/2024_EAVS_Codebook.xlsx,false,EAC 2024 EAVS V2 A1a Total Reg registered-voter denominator.
ME,2024,2301569645,SOMERVILLE,,SOMERVILLE,496,A1a Total Reg,https://www.eac.gov/research-and-data/studies-and-reports,https://www.eac.gov/sites/default/files/2025-06/2024_EAVS_Codebook.xlsx,false,EAC 2024 EAVS V2 A1a Total Reg registered-voter denominator.
ME,2024,2301570240,SOUTH BRISTOL,,SOUTH BRISTOL,1046,A1a Total Reg,https://www.eac.gov/research-and-data/studies-and-reports,https://www.eac.gov/sites/default/files/2025-06/2024_EAVS_Codebook.xlsx,false,EAC 2024 EAVS V2 A1a Total Reg registered-voter denominator.
ME,2024,2301571955,SOUTHPORT,,SOUTHPORT,607,A1a Total Reg,https://www.eac.gov/research-and-data/studies-and-reports,https://www.eac.gov/sites/default/files/2025-06/2024_EAVS_Codebook.xlsx,false,EAC 2024 EAVS V2 A1a Total Reg registered-voter denominator.
ME,2024,2301579550,WALDOBORO,,WALDOBORO,4476,A1a Total Reg,https://www.eac.gov/research-and-data/studies-and-reports,https://www.eac.gov/sites/default/files/2025-06/2024_EAVS_Codebook.xlsx,false,EAC 2024 EAVS V2 A1a Total Reg registered-voter denominator.
ME,2024,2301584135,WESTPORT ISLAND,,WESTPORT ISLAND,732,A1a Total Reg,https://www.eac.gov/research-and-data/studies-and-reports,https://www.eac.gov/sites/default/files/2025-06/2024_EAVS_Codebook.xlsx,false,EAC 2024 EAVS V2 A1a Total Reg registered-voter denominator.
ME,2024,2301585010,WHITEFIELD,,WHITEFIELD,1924,A1a Total Reg,https://www.eac.gov/research-and-data/studies-and-reports,https://www.eac.gov/sites/default/files/2025-06/2024_EAVS_Codebook.xlsx,false,EAC 2024 EAVS V2 A1a Total Reg registered-voter denominator.
ME,2024,2301587075,WISCASSET,,WISCASSET,3376,A1a Total Reg,https://www.eac.gov/research-and-data/studies-and-reports,https://www.eac.gov/sites/default/files/2025-06/2024_EAVS_Codebook.xlsx,false,EAC 2024 EAVS V2 A1a Total Reg registered-voter denominator.
ME,2024,2301701325,ANDOVER,,ANDOVER,718,A1a Total Reg,https://www.eac.gov/research-and-data/studies-and-reports,https://www.eac.gov/sites/default/files/2025-06/2024_EAVS_Codebook.xlsx,false,EAC 2024 EAVS V2 A1a Total Reg registered-voter denominator.
ME,2024,2301704825,BETHEL,,BETHEL,2772,A1a Total Reg,https://www.eac.gov/research-and-data/studies-and-reports,https://www.eac.gov/sites/default/files/2025-06/2024_EAVS_Codebook.xlsx,false,EAC 2024 EAVS V2 A1a Total Reg registered-voter denominator.
ME,2024,2301708150,BROWNFIELD,,BROWNFIELD,1437,A1a Total Reg,https://www.eac.gov/research-and-data/studies-and-reports,https://www.eac.gov/sites/default/files/2025-06/2024_EAVS_Codebook.xlsx,false,EAC 2024 EAVS V2 A1a Total Reg registered-voter denominator.
ME,2024,2301708710,BUCKFIELD,,BUCKFIELD,1775,A1a Total Reg,https://www.eac.gov/research-and-data/studies-and-reports,https://www.eac.gov/sites/default/files/2025-06/2024_EAVS_Codebook.xlsx,false,EAC 2024 EAVS V2 A1a Total Reg registered-voter denominator.
ME,2024,2301709550,BYRON,,BYRON,133,A1a Total Reg,https://www.eac.gov/research-and-data/studies-and-reports,https://www.eac.gov/sites/default/files/2025-06/2024_EAVS_Codebook.xlsx,false,EAC 2024 EAVS V2 A1a Total Reg registered-voter denominator.
ME,2024,2301710005,CANTON,,CANTON,939,A1a Total Reg,https://www.eac.gov/research-and-data/studies-and-reports,https://www.eac.gov/sites/default/files/2025-06/2024_EAVS_Codebook.xlsx,false,EAC 2024 EAVS V2 A1a Total Reg registered-voter denominator.
ME,2024,2301717250,DENMARK,,DENMARK,1133,A1a Total Reg,https://www.eac.gov/research-and-data/studies-and-reports,https://www.eac.gov/sites/default/files/2025-06/2024_EAVS_Codebook.xlsx,false,EAC 2024 EAVS V2 A1a Total Reg registered-voter denominator.
ME,2024,2301717740,DIXFIELD,,DIXFIELD,1906,A1a Total Reg,https://www.eac.gov/research-and-data/studies-and-reports,https://www.eac.gov/sites/default/files/2025-06/2024_EAVS_Codebook.xlsx,false,EAC 2024 EAVS V2 A1a Total Reg registered-voter denominator.
ME,2024,2301726910,FRYEBURG,,FRYEBURG,3546,A1a Total Reg,https://www.eac.gov/research-and-data/studies-and-reports,https://www.eac.gov/sites/default/files/2025-06/2024_EAVS_Codebook.xlsx,false,EAC 2024 EAVS V2 A1a Total Reg registered-voter denominator.
ME,2024,2301727505,GILEAD,,GILEAD,178,A1a Total Reg,https://www.eac.gov/research-and-data/studies-and-reports,https://www.eac.gov/sites/default/files/2025-06/2024_EAVS_Codebook.xlsx,false,EAC 2024 EAVS V2 A1a Total Reg registered-voter denominator.
ME,2024,2301729710,GREENWOOD,,GREENWOOD,763,A1a Total Reg,https://www.eac.gov/research-and-data/studies-and-reports,https://www.eac.gov/sites/default/files/2025-06/2024_EAVS_Codebook.xlsx,false,EAC 2024 EAVS V2 A1a Total Reg registered-voter denominator.
ME,2024,2301731110,HANOVER,,HANOVER,294,A1a Total Reg,https://www.eac.gov/research-and-data/studies-and-reports,https://www.eac.gov/sites/default/files/2025-06/2024_EAVS_Codebook.xlsx,false,EAC 2024 EAVS V2 A1a Total Reg registered-voter denominator.
ME,2024,2301731670,HARTFORD,,HARTFORD,1021,A1a Total Reg,https://www.eac.gov/research-and-data/studies-and-reports,https://www.eac.gov/sites/default/files/2025-06/2024_EAVS_Codebook.xlsx,false,EAC 2024 EAVS V2 A1a Total Reg registered-voter denominator.
ME,2024,2301732370,HEBRON,,HEBRON,1113,A1a Total Reg,https://www.eac.gov/research-and-data/studies-and-reports,https://www.eac.gov/sites/default/files/2025-06/2024_EAVS_Codebook.xlsx,false,EAC 2024 EAVS V2 A1a Total Reg registered-voter denominator.
ME,2024,2301733315,HIRAM,,HIRAM,1368,A1a Total Reg,https://www.eac.gov/research-and-data/studies-and-reports,https://www.eac.gov/sites/default/files/2025-06/2024_EAVS_Codebook.xlsx,false,EAC 2024 EAVS V2 A1a Total Reg registered-voter denominator.
ME,2024,2301739422,LINCOLN PLT,,LINCOLN PLT,78,A1a Total Reg,https://www.eac.gov/research-and-data/studies-and-reports,https://www.eac.gov/sites/default/files/2025-06/2024_EAVS_Codebook.xlsx,false,EAC 2024 EAVS V2 A1a Total Reg registered-voter denominator.
ME,2024,2301741365,LOVELL,,LOVELL,1180,A1a Total Reg,https://www.eac.gov/research-and-data/studies-and-reports,https://www.eac.gov/sites/default/files/2025-06/2024_EAVS_Codebook.xlsx,false,EAC 2024 EAVS V2 A1a Total Reg registered-voter denominator.
ME,2024,2301742835,MAGALLOWAY TWP,,MAGALLOWAY TWP,-88,A1a Total Reg,https://www.eac.gov/research-and-data/studies-and-reports,https://www.eac.gov/sites/default/files/2025-06/2024_EAVS_Codebook.xlsx,true,EAC reports zero registered voters for this jurisdiction; denominator warning required.
ME,2024,2301745285,MEXICO,,MEXICO,2047,A1a Total Reg,https://www.eac.gov/research-and-data/studies-and-reports,https://www.eac.gov/sites/default/files/2025-06/2024_EAVS_Codebook.xlsx,false,EAC 2024 EAVS V2 A1a Total Reg registered-voter denominator.
ME,2024,2301749275,NEWRY,,NEWRY,355,A1a Total Reg,https://www.eac.gov/research-and-data/studies-and-reports,https://www.eac.gov/sites/default/files/2025-06/2024_EAVS_Codebook.xlsx,false,EAC 2024 EAVS V2 A1a Total Reg registered-voter denominator.
ME,2024,2301754000,NORWAY,,NORWAY,4565,A1a Total Reg,https://www.eac.gov/research-and-data/studies-and-reports,https://www.eac.gov/sites/default/files/2025-06/2024_EAVS_Codebook.xlsx,false,EAC 2024 EAVS V2 A1a Total Reg registered-voter denominator.
ME,2024,2301755960,OTISFIELD,,OTISFIELD,1757,A1a Total Reg,https://www.eac.gov/research-and-data/studies-and-reports,https://www.eac.gov/sites/default/files/2025-06/2024_EAVS_Codebook.xlsx,false,EAC 2024 EAVS V2 A1a Total Reg registered-voter denominator.
ME,2024,2301756310,OXFORD,,OXFORD,3721,A1a Total Reg,https://www.eac.gov/research-and-data/studies-and-reports,https://www.eac.gov/sites/default/files/2025-06/2024_EAVS_Codebook.xlsx,false,EAC 2024 EAVS V2 A1a Total Reg registered-voter denominator.
ME,2024,2301756625,PARIS,,PARIS,4365,A1a Total Reg,https://www.eac.gov/research-and-data/studies-and-reports,https://www.eac.gov/sites/default/files/2025-06/2024_EAVS_Codebook.xlsx,false,EAC 2024 EAVS V2 A1a Total Reg registered-voter denominator.
ME,2024,2301758270,PERU,,PERU,1306,A1a Total Reg,https://www.eac.gov/research-and-data/studies-and-reports,https://www.eac.gov/sites/default/files/2025-06/2024_EAVS_Codebook.xlsx,false,EAC 2024 EAVS V2 A1a Total Reg registered-voter denominator.
ME,2024,2301760405,PORTER,,PORTER,1365,A1a Total Reg,https://www.eac.gov/research-and-data/studies-and-reports,https://www.eac.gov/sites/default/files/2025-06/2024_EAVS_Codebook.xlsx,false,EAC 2024 EAVS V2 A1a Total Reg registered-voter denominator.
ME,2024,2301764185,ROXBURY,,ROXBURY,342,A1a Total Reg,https://www.eac.gov/research-and-data/studies-and-reports,https://www.eac.gov/sites/default/files/2025-06/2024_EAVS_Codebook.xlsx,false,EAC 2024 EAVS V2 A1a Total Reg registered-voter denominator.
ME,2024,2301764290,RUMFORD,,RUMFORD,4680,A1a Total Reg,https://www.eac.gov/research-and-data/studies-and-reports,https://www.eac.gov/sites/default/files/2025-06/2024_EAVS_Codebook.xlsx,false,EAC 2024 EAVS V2 A1a Total Reg registered-voter denominator.
ME,2024,2301774510,STONEHAM,,STONEHAM,251,A1a Total Reg,https://www.eac.gov/research-and-data/studies-and-reports,https://www.eac.gov/sites/default/files/2025-06/2024_EAVS_Codebook.xlsx,false,EAC 2024 EAVS V2 A1a Total Reg registered-voter denominator.
ME,2024,2301774685,STOW,,STOW,309,A1a Total Reg,https://www.eac.gov/research-and-data/studies-and-reports,https://www.eac.gov/sites/default/files/2025-06/2024_EAVS_Codebook.xlsx,false,EAC 2024 EAVS V2 A1a Total Reg registered-voter denominator.
ME,2024,2301775035,SUMNER,,SUMNER,851,A1a Total Reg,https://www.eac.gov/research-and-data/studies-and-reports,https://www.eac.gov/sites/default/files/2025-06/2024_EAVS_Codebook.xlsx,false,EAC 2024 EAVS V2 A1a Total Reg registered-voter denominator.
ME,2024,2301775595,SWEDEN,,SWEDEN,383,A1a Total Reg,https://www.eac.gov/research-and-data/studies-and-reports,https://www.eac.gov/sites/default/files/2025-06/2024_EAVS_Codebook.xlsx,false,EAC 2024 EAVS V2 A1a Total Reg registered-voter denominator.
ME,2024,2301778465,UPTON,,UPTON,81,A1a Total Reg,https://www.eac.gov/research-and-data/studies-and-reports,https://www.eac.gov/sites/default/files/2025-06/2024_EAVS_Codebook.xlsx,false,EAC 2024 EAVS V2 A1a Total Reg registered-voter denominator.
ME,2024,2301780635,WATERFORD,,WATERFORD,1308,A1a Total Reg,https://www.eac.gov/research-and-data/studies-and-reports,https://www.eac.gov/sites/default/files/2025-06/2024_EAVS_Codebook.xlsx,false,EAC 2024 EAVS V2 A1a Total Reg registered-voter denominator.
ME,2024,2301783890,WEST PARIS,,WEST PARIS,1444,A1a Total Reg,https://www.eac.gov/research-and-data/studies-and-reports,https://www.eac.gov/sites/default/files/2025-06/2024_EAVS_Codebook.xlsx,false,EAC 2024 EAVS V2 A1a Total Reg registered-voter denominator.
ME,2024,2301787355,WOODSTOCK,,WOODSTOCK,1327,A1a Total Reg,https://www.eac.gov/research-and-data/studies-and-reports,https://www.eac.gov/sites/default/files/2025-06/2024_EAVS_Codebook.xlsx,false,EAC 2024 EAVS V2 A1a Total Reg registered-voter denominator.
ME,2024,2301901115,ALTON,,ALTON,736,A1a Total Reg,https://www.eac.gov/research-and-data/studies-and-reports,https://www.eac.gov/sites/default/files/2025-06/2024_EAVS_Codebook.xlsx,false,EAC 2024 EAVS V2 A1a Total Reg registered-voter denominator.
ME,2024,2301902795,BANGOR,,BANGOR,23566,A1a Total Reg,https://www.eac.gov/research-and-data/studies-and-reports,https://www.eac.gov/sites/default/files/2025-06/2024_EAVS_Codebook.xlsx,false,EAC 2024 EAVS V2 A1a Total Reg registered-voter denominator.
ME,2024,2301906575,BRADFORD,,BRADFORD,1052,A1a Total Reg,https://www.eac.gov/research-and-data/studies-and-reports,https://www.eac.gov/sites/default/files/2025-06/2024_EAVS_Codebook.xlsx,false,EAC 2024 EAVS V2 A1a Total Reg registered-voter denominator.
ME,2024,2301906680,BRADLEY,,BRADLEY,1381,A1a Total Reg,https://www.eac.gov/research-and-data/studies-and-reports,https://www.eac.gov/sites/default/files/2025-06/2024_EAVS_Codebook.xlsx,false,EAC 2024 EAVS V2 A1a Total Reg registered-voter denominator.
ME,2024,2301906925,BREWER,,BREWER,8264,A1a Total Reg,https://www.eac.gov/research-and-data/studies-and-reports,https://www.eac.gov/sites/default/files/2025-06/2024_EAVS_Codebook.xlsx,false,EAC 2024 EAVS V2 A1a Total Reg registered-voter denominator.
ME,2024,2301909200,BURLINGTON,,BURLINGTON,377,A1a Total Reg,https://www.eac.gov/research-and-data/studies-and-reports,https://www.eac.gov/sites/default/files/2025-06/2024_EAVS_Codebook.xlsx,false,EAC 2024 EAVS V2 A1a Total Reg registered-voter denominator.
ME,2024,2301910670,CARMEL,,CARMEL,2415,A1a Total Reg,https://www.eac.gov/research-and-data/studies-and-reports,https://www.eac.gov/sites/default/files/2025-06/2024_EAVS_Codebook.xlsx,false,EAC 2024 EAVS V2 A1a Total Reg registered-voter denominator.
ME,2024,2301910810,CARROLL PLT,,CARROLL PLT,126,A1a Total Reg,https://www.eac.gov/research-and-data/studies-and-reports,https://www.eac.gov/sites/default/files/2025-06/2024_EAVS_Codebook.xlsx,false,EAC 2024 EAVS V2 A1a Total Reg registered-voter denominator.
ME,2024,2301912105,CHARLESTON,,CHARLESTON,1119,A1a Total Reg,https://www.eac.gov/research-and-data/studies-and-reports,https://www.eac.gov/sites/default/files/2025-06/2024_EAVS_Codebook.xlsx,false,EAC 2024 EAVS V2 A1a Total Reg registered-voter denominator.
ME,2024,2301912525,CHESTER,,CHESTER,462,A1a Total Reg,https://www.eac.gov/research-and-data/studies-and-reports,https://www.eac.gov/sites/default/files/2025-06/2024_EAVS_Codebook.xlsx,false,EAC 2024 EAVS V2 A1a Total Reg registered-voter denominator.
ME,2024,2301913365,CLIFTON,,CLIFTON,870,A1a Total Reg,https://www.eac.gov/research-and-data/studies-and-reports,https://www.eac.gov/sites/default/files/2025-06/2024_EAVS_Codebook.xlsx,false,EAC 2024 EAVS V2 A1a Total Reg registered-voter denominator.
ME,2024,2301914310,CORINNA,,CORINNA,1745,A1a Total Reg,https://www.eac.gov/research-and-data/studies-and-reports,https://www.eac.gov/sites/default/files/2025-06/2024_EAVS_Codebook.xlsx,false,EAC 2024 EAVS V2 A1a Total Reg registered-voter denominator.
ME,2024,2301914380,CORINTH,,CORINTH,2232,A1a Total Reg,https://www.eac.gov/research-and-data/studies-and-reports,https://www.eac.gov/sites/default/files/2025-06/2024_EAVS_Codebook.xlsx,false,EAC 2024 EAVS V2 A1a Total Reg registered-voter denominator.
ME,2024,2301917530,DEXTER,,DEXTER,2890,A1a Total Reg,https://www.eac.gov/research-and-data/studies-and-reports,https://www.eac.gov/sites/default/files/2025-06/2024_EAVS_Codebook.xlsx,false,EAC 2024 EAVS V2 A1a Total Reg registered-voter denominator.
ME,2024,2301917950,DIXMONT,,DIXMONT,966,A1a Total Reg,https://www.eac.gov/research-and-data/studies-and-reports,https://www.eac.gov/sites/default/files/2025-06/2024_EAVS_Codebook.xlsx,false,EAC 2024 EAVS V2 A1a Total Reg registered-voter denominator.
ME,2024,2301918580,DREW TWP,,DREW TWP,34,A1a Total Reg,https://www.eac.gov/research-and-data/studies-and-reports,https://www.eac.gov/sites/default/files/2025-06/2024_EAVS_Codebook.xlsx,false,EAC 2024 EAVS V2 A1a Total Reg registered-voter denominator.
ME,2024,2301921030,EAST MILLINOCKET,,EAST MILLINOCKET,1322,A1a Total Reg,https://www.eac.gov/research-and-data/studies-and-reports,https://www.eac.gov/sites/default/files/2025-06/2024_EAVS_Codebook.xlsx,false,EAC 2024 EAVS V2 A1a Total Reg registered-voter denominator.
ME,2024,2301922535,EDDINGTON,,EDDINGTON,1901,A1a Total Reg,https://www.eac.gov/research-and-data/studies-and-reports,https://www.eac.gov/sites/default/files/2025-06/2024_EAVS_Codebook.xlsx,false,EAC 2024 EAVS V2 A1a Total Reg registered-voter denominator.
ME,2024,2301922710,EDINBURG,,EDINBURG,165,A1a Total Reg,https://www.eac.gov/research-and-data/studies-and-reports,https://www.eac.gov/sites/default/files/2025-06/2024_EAVS_Codebook.xlsx,false,EAC 2024 EAVS V2 A1a Total Reg registered-voter denominator.
ME,2024,2301923620,ENFIELD,,ENFIELD,1339,A1a Total Reg,https://www.eac.gov/research-and-data/studies-and-reports,https://www.eac.gov/sites/default/files/2025-06/2024_EAVS_Codebook.xlsx,false,EAC 2024 EAVS V2 A1a Total Reg registered-voter denominator.
ME,2024,2301923865,ETNA,,ETNA,1008,A1a Total Reg,https://www.eac.gov/research-and-data/studies-and-reports,https://www.eac.gov/sites/default/files/2025-06/2024_EAVS_Codebook.xlsx,false,EAC 2024 EAVS V2 A1a Total Reg registered-voter denominator.
ME,2024,2301924110,EXETER,,EXETER,837,A1a Total Reg,https://www.eac.gov/research-and-data/studies-and-reports,https://www.eac.gov/sites/default/files/2025-06/2024_EAVS_Codebook.xlsx,false,EAC 2024 EAVS V2 A1a Total Reg registered-voter denominator.
ME,2024,2301927190,GARLAND,,GARLAND,891,A1a Total Reg,https://www.eac.gov/research-and-data/studies-and-reports,https://www.eac.gov/sites/default/files/2025-06/2024_EAVS_Codebook.xlsx,false,EAC 2024 EAVS V2 A1a Total Reg registered-voter denominator.
ME,2024,2301927645,GLENBURN,,GLENBURN,3885,A1a Total Reg,https://www.eac.gov/research-and-data/studies-and-reports,https://www.eac.gov/sites/default/files/2025-06/2024_EAVS_Codebook.xlsx,false,EAC 2024 EAVS V2 A1a Total Reg registered-voter denominator.
ME,2024,2301929185,GREENBUSH,,GREENBUSH,1089,A1a Total Reg,https://www.eac.gov/research-and-data/studies-and-reports,https://www.eac.gov/sites/default/files/2025-06/2024_EAVS_Codebook.xlsx,false,EAC 2024 EAVS V2 A1a Total Reg registered-voter denominator.
ME,2024,2301930795,HAMPDEN,,HAMPDEN,7103,A1a Total Reg,https://www.eac.gov/research-and-data/studies-and-reports,https://www.eac.gov/sites/default/files/2025-06/2024_EAVS_Codebook.xlsx,false,EAC 2024 EAVS V2 A1a Total Reg registered-voter denominator.
ME,2024,2301932510,HERMON,,HERMON,5656,A1a Total Reg,https://www.eac.gov/research-and-data/studies-and-reports,https://www.eac.gov/sites/default/files/2025-06/2024_EAVS_Codebook.xlsx,false,EAC 2024 EAVS V2 A1a Total Reg registered-voter denominator.
ME,2024,2301933490,HOLDEN,,HOLDEN,2950,A1a Total Reg,https://www.eac.gov/research-and-data/studies-and-reports,https://www.eac.gov/sites/default/files/2025-06/2024_EAVS_Codebook.xlsx,false,EAC 2024 EAVS V2 A1a Total Reg registered-voter denominator.
ME,2024,2301934190,HOWLAND,,HOWLAND,936,A1a Total Reg,https://www.eac.gov/research-and-data/studies-and-reports,https://www.eac.gov/sites/default/files/2025-06/2024_EAVS_Codebook.xlsx,false,EAC 2024 EAVS V2 A1a Total Reg registered-voter denominator.
ME,2024,2301934365,HUDSON,,HUDSON,1234,A1a Total Reg,https://www.eac.gov/research-and-data/studies-and-reports,https://www.eac.gov/sites/default/files/2025-06/2024_EAVS_Codebook.xlsx,false,EAC 2024 EAVS V2 A1a Total Reg registered-voter denominator.
ME,2024,2301936325,KENDUSKEAG,,KENDUSKEAG,1218,A1a Total Reg,https://www.eac.gov/research-and-data/studies-and-reports,https://www.eac.gov/sites/default/files/2025-06/2024_EAVS_Codebook.xlsx,false,EAC 2024 EAVS V2 A1a Total Reg registered-voter denominator.
ME,2024,2301937075,KINGMAN TWP,,KINGMAN TWP,130,A1a Total Reg,https://www.eac.gov/research-and-data/studies-and-reports,https://www.eac.gov/sites/default/files/2025-06/2024_EAVS_Codebook.xlsx,false,EAC 2024 EAVS V2 A1a Total Reg registered-voter denominator.
ME,2024,2301937760,LAGRANGE,,LAGRANGE,625,A1a Total Reg,https://www.eac.gov/research-and-data/studies-and-reports,https://www.eac.gov/sites/default/files/2025-06/2024_EAVS_Codebook.xlsx,false,EAC 2024 EAVS V2 A1a Total Reg registered-voter denominator.
ME,2024,2301938005,LAKEVILLE,,LAKEVILLE,107,A1a Total Reg,https://www.eac.gov/research-and-data/studies-and-reports,https://www.eac.gov/sites/default/files/2025-06/2024_EAVS_Codebook.xlsx,false,EAC 2024 EAVS V2 A1a Total Reg registered-voter denominator.
ME,2024,2301938530,LEE,,LEE,813,A1a Total Reg,https://www.eac.gov/research-and-data/studies-and-reports,https://www.eac.gov/sites/default/files/2025-06/2024_EAVS_Codebook.xlsx,false,EAC 2024 EAVS V2 A1a Total Reg registered-voter denominator.
ME,2024,2301938705,LEVANT,,LEVANT,2397,A1a Total Reg,https://www.eac.gov/research-and-data/studies-and-reports,https://www.eac.gov/sites/default/files/2025-06/2024_EAVS_Codebook.xlsx,false,EAC 2024 EAVS V2 A1a Total Reg registered-voter denominator.
ME,2024,2301939475,LINCOLN,,LINCOLN,3766,A1a Total Reg,https://www.eac.gov/research-and-data/studies-and-reports,https://www.eac.gov/sites/default/files/2025-06/2024_EAVS_Codebook.xlsx,false,EAC 2024 EAVS V2 A1a Total Reg registered-voter denominator.
ME,2024,2301941435,LOWELL,,LOWELL,409,A1a Total Reg,https://www.eac.gov/research-and-data/studies-and-reports,https://www.eac.gov/sites/default/files/2025-06/2024_EAVS_Codebook.xlsx,false,EAC 2024 EAVS V2 A1a Total Reg registered-voter denominator.
ME,2024,2301944270,MATTAWAMKEAG,,MATTAWAMKEAG,575,A1a Total Reg,https://www.eac.gov/research-and-data/studies-and-reports,https://www.eac.gov/sites/default/files/2025-06/2024_EAVS_Codebook.xlsx,false,EAC 2024 EAVS V2 A1a Total Reg registered-voter denominator.
ME,2024,2301944340,MAXFIELD,,MAXFIELD,92,A1a Total Reg,https://www.eac.gov/research-and-data/studies-and-reports,https://www.eac.gov/sites/default/files/2025-06/2024_EAVS_Codebook.xlsx,false,EAC 2024 EAVS V2 A1a Total Reg registered-voter denominator.
ME,2024,2301945005,MEDWAY,,MEDWAY,1093,A1a Total Reg,https://www.eac.gov/research-and-data/studies-and-reports,https://www.eac.gov/sites/default/files/2025-06/2024_EAVS_Codebook.xlsx,false,EAC 2024 EAVS V2 A1a Total Reg registered-voter denominator.
ME,2024,2301945670,MILFORD,,MILFORD,2806,A1a Total Reg,https://www.eac.gov/research-and-data/studies-and-reports,https://www.eac.gov/sites/default/files/2025-06/2024_EAVS_Codebook.xlsx,false,EAC 2024 EAVS V2 A1a Total Reg registered-voter denominator.
ME,2024,2301945810,MILLINOCKET,,MILLINOCKET,3741,A1a Total Reg,https://www.eac.gov/research-and-data/studies-and-reports,https://www.eac.gov/sites/default/files/2025-06/2024_EAVS_Codebook.xlsx,false,EAC 2024 EAVS V2 A1a Total Reg registered-voter denominator.
ME,2024,2301947560,MOUNT CHASE,,MOUNT CHASE,215,A1a Total Reg,https://www.eac.gov/research-and-data/studies-and-reports,https://www.eac.gov/sites/default/files/2025-06/2024_EAVS_Codebook.xlsx,false,EAC 2024 EAVS V2 A1a Total Reg registered-voter denominator.
ME,2024,2301948505,NEWBURGH,,NEWBURGH,1384,A1a Total Reg,https://www.eac.gov/research-and-data/studies-and-reports,https://www.eac.gov/sites/default/files/2025-06/2024_EAVS_Codebook.xlsx,false,EAC 2024 EAVS V2 A1a Total Reg registered-voter denominator.
ME,2024,2301949065,NEWPORT,,NEWPORT,2715,A1a Total Reg,https://www.eac.gov/research-and-data/studies-and-reports,https://www.eac.gov/sites/default/files/2025-06/2024_EAVS_Codebook.xlsx,false,EAC 2024 EAVS V2 A1a Total Reg registered-voter denominator.
ME,2024,2301955225,OLD ORCHARD BEACH,,OLD ORCHARD BEACH,9265,A1a Total Reg,https://www.eac.gov/research-and-data/studies-and-reports,https://www.eac.gov/sites/default/files/2025-06/2024_EAVS_Codebook.xlsx,false,EAC 2024 EAVS V2 A1a Total Reg registered-voter denominator.
ME,2024,2301955565,ORONO,,ORONO,12677,A1a Total Reg,https://www.eac.gov/research-and-data/studies-and-reports,https://www.eac.gov/sites/default/files/2025-06/2024_EAVS_Codebook.xlsx,false,EAC 2024 EAVS V2 A1a Total Reg registered-voter denominator.
ME,2024,2301955680,ORRINGTON,,ORRINGTON,3537,A1a Total Reg,https://www.eac.gov/research-and-data/studies-and-reports,https://www.eac.gov/sites/default/files/2025-06/2024_EAVS_Codebook.xlsx,false,EAC 2024 EAVS V2 A1a Total Reg registered-voter denominator.
ME,2024,2301957045,PASSADUMKEAG,,PASSADUMKEAG,342,A1a Total Reg,https://www.eac.gov/research-and-data/studies-and-reports,https://www.eac.gov/sites/default/files/2025-06/2024_EAVS_Codebook.xlsx,false,EAC 2024 EAVS V2 A1a Total Reg registered-voter denominator.
ME,2024,2301957150,PATTEN,,PATTEN,727,A1a Total Reg,https://www.eac.gov/research-and-data/studies-and-reports,https://www.eac.gov/sites/default/files/2025-06/2024_EAVS_Codebook.xlsx,false,EAC 2024 EAVS V2 A1a Total Reg registered-voter denominator.
ME,2024,2301957937,PENOBSCOT NATION VOTING,,PENOBSCOT NATION VOTING,450,A1a Total Reg,https://www.eac.gov/research-and-data/studies-and-reports,https://www.eac.gov/sites/default/files/2025-06/2024_EAVS_Codebook.xlsx,false,EAC 2024 EAVS V2 A1a Total Reg registered-voter denominator.
ME,2024,2301959950,PLYMOUTH,,PLYMOUTH,1143,A1a Total Reg,https://www.eac.gov/research-and-data/studies-and-reports,https://www.eac.gov/sites/default/files/2025-06/2024_EAVS_Codebook.xlsx,false,EAC 2024 EAVS V2 A1a Total Reg registered-voter denominator.
ME,2024,2301960790,PRENTISS TWP T7 R3 NBPP,,PRENTISS TWP T7 R3 NBPP,167,A1a Total Reg,https://www.eac.gov/research-and-data/studies-and-reports,https://www.eac.gov/sites/default/files/2025-06/2024_EAVS_Codebook.xlsx,false,EAC 2024 EAVS V2 A1a Total Reg registered-voter denominator.
ME,2024,2301967160,SEBOEIS PLT,,SEBOEIS PLT,35,A1a Total Reg,https://www.eac.gov/research-and-data/studies-and-reports,https://www.eac.gov/sites/default/files/2025-06/2024_EAVS_Codebook.xlsx,false,EAC 2024 EAVS V2 A1a Total Reg registered-voter denominator.
ME,2024,2301973250,SPRINGFIELD,,SPRINGFIELD,262,A1a Total Reg,https://www.eac.gov/research-and-data/studies-and-reports,https://www.eac.gov/sites/default/files/2025-06/2024_EAVS_Codebook.xlsx,false,EAC 2024 EAVS V2 A1a Total Reg registered-voter denominator.
ME,2024,2301973600,STACYVILLE,,STACYVILLE,495,A1a Total Reg,https://www.eac.gov/research-and-data/studies-and-reports,https://www.eac.gov/sites/default/files/2025-06/2024_EAVS_Codebook.xlsx,false,EAC 2024 EAVS V2 A1a Total Reg registered-voter denominator.
ME,2024,2301974055,STETSON,,STETSON,1211,A1a Total Reg,https://www.eac.gov/research-and-data/studies-and-reports,https://www.eac.gov/sites/default/files/2025-06/2024_EAVS_Codebook.xlsx,false,EAC 2024 EAVS V2 A1a Total Reg registered-voter denominator.
ME,2024,2301978780,VEAZIE,,VEAZIE,1748,A1a Total Reg,https://www.eac.gov/research-and-data/studies-and-reports,https://www.eac.gov/sites/default/files/2025-06/2024_EAVS_Codebook.xlsx,false,EAC 2024 EAVS V2 A1a Total Reg registered-voter denominator.
ME,2024,2301981055,WEBSTER PLT,,WEBSTER PLT,65,A1a Total Reg,https://www.eac.gov/research-and-data/studies-and-reports,https://www.eac.gov/sites/default/files/2025-06/2024_EAVS_Codebook.xlsx,false,EAC 2024 EAVS V2 A1a Total Reg registered-voter denominator.
ME,2024,2301986305,WINN,,WINN,298,A1a Total Reg,https://www.eac.gov/research-and-data/studies-and-reports,https://www.eac.gov/sites/default/files/2025-06/2024_EAVS_Codebook.xlsx,false,EAC 2024 EAVS V2 A1a Total Reg registered-voter denominator.
ME,2024,2301987390,WOODVILLE,,WOODVILLE,203,A1a Total Reg,https://www.eac.gov/research-and-data/studies-and-reports,https://www.eac.gov/sites/default/files/2025-06/2024_EAVS_Codebook.xlsx,false,EAC 2024 EAVS V2 A1a Total Reg registered-voter denominator.
ME,2024,2302100100,ABBOT,,ABBOT,533,A1a Total Reg,https://www.eac.gov/research-and-data/studies-and-reports,https://www.eac.gov/sites/default/files/2025-06/2024_EAVS_Codebook.xlsx,false,EAC 2024 EAVS V2 A1a Total Reg registered-voter denominator.
ME,2024,2302103740,BEAVER COVE,,BEAVER COVE,141,A1a Total Reg,https://www.eac.gov/research-and-data/studies-and-reports,https://www.eac.gov/sites/default/files/2025-06/2024_EAVS_Codebook.xlsx,false,EAC 2024 EAVS V2 A1a Total Reg registered-voter denominator.
ME,2024,2302106400,BOWERBANK,,BOWERBANK,162,A1a Total Reg,https://www.eac.gov/research-and-data/studies-and-reports,https://www.eac.gov/sites/default/files/2025-06/2024_EAVS_Codebook.xlsx,false,EAC 2024 EAVS V2 A1a Total Reg registered-voter denominator.
ME,2024,2302108325,BROWNVILLE,,BROWNVILLE,1097,A1a Total Reg,https://www.eac.gov/research-and-data/studies-and-reports,https://www.eac.gov/sites/default/files/2025-06/2024_EAVS_Codebook.xlsx,false,EAC 2024 EAVS V2 A1a Total Reg registered-voter denominator.
ME,2024,2302118195,DOVER-FOXCROFT,,DOVER-FOXCROFT,3455,A1a Total Reg,https://www.eac.gov/research-and-data/studies-and-reports,https://www.eac.gov/sites/default/files/2025-06/2024_EAVS_Codebook.xlsx,false,EAC 2024 EAVS V2 A1a Total Reg registered-voter denominator.
ME,2024,2302129535,GREENVILLE,,GREENVILLE,1832,A1a Total Reg,https://www.eac.gov/research-and-data/studies-and-reports,https://www.eac.gov/sites/default/files/2025-06/2024_EAVS_Codebook.xlsx,false,EAC 2024 EAVS V2 A1a Total Reg registered-voter denominator.
ME,2024,2302130095,GUILFORD,,GUILFORD,1079,A1a Total Reg,https://www.eac.gov/research-and-data/studies-and-reports,https://www.eac.gov/sites/default/files/2025-06/2024_EAVS_Codebook.xlsx,false,EAC 2024 EAVS V2 A1a Total Reg registered-voter denominator.
ME,2024,2302137095,KINGSBURY PLT,,KINGSBURY PLT,-88,A1a Total Reg,https://www.eac.gov/research-and-data/studies-and-reports,https://www.eac.gov/sites/default/files/2025-06/2024_EAVS_Codebook.xlsx,true,EAC reports zero registered voters for this jurisdiction; denominator warning required.
ME,2024,2302137970,LAKE VIEW PLT,,LAKE VIEW PLT,167,A1a Total Reg,https://www.eac.gov/research-and-data/studies-and-reports,https://www.eac.gov/sites/default/files/2025-06/2024_EAVS_Codebook.xlsx,false,EAC 2024 EAVS V2 A1a Total Reg registered-voter denominator.
ME,2024,2302144830,MEDFORD,,MEDFORD,225,A1a Total Reg,https://www.eac.gov/research-and-data/studies-and-reports,https://www.eac.gov/sites/default/files/2025-06/2024_EAVS_Codebook.xlsx,false,EAC 2024 EAVS V2 A1a Total Reg registered-voter denominator.
ME,2024,2302146020,MILO,,MILO,2174,A1a Total Reg,https://www.eac.gov/research-and-data/studies-and-reports,https://www.eac.gov/sites/default/files/2025-06/2024_EAVS_Codebook.xlsx,false,EAC 2024 EAVS V2 A1a Total Reg registered-voter denominator.
ME,2024,2302146580,MONSON,,MONSON,669,A1a Total Reg,https://www.eac.gov/research-and-data/studies-and-reports,https://www.eac.gov/sites/default/files/2025-06/2024_EAVS_Codebook.xlsx,false,EAC 2024 EAVS V2 A1a Total Reg registered-voter denominator.
ME,2024,2302156765,PARKMAN,,PARKMAN,672,A1a Total Reg,https://www.eac.gov/research-and-data/studies-and-reports,https://www.eac.gov/sites/default/files/2025-06/2024_EAVS_Codebook.xlsx,false,EAC 2024 EAVS V2 A1a Total Reg registered-voter denominator.
ME,2024,2302165865,SANGERVILLE,,SANGERVILLE,1166,A1a Total Reg,https://www.eac.gov/research-and-data/studies-and-reports,https://www.eac.gov/sites/default/files/2025-06/2024_EAVS_Codebook.xlsx,false,EAC 2024 EAVS V2 A1a Total Reg registered-voter denominator.
ME,2024,2302166950,SEBEC,,SEBEC,795,A1a Total Reg,https://www.eac.gov/research-and-data/studies-and-reports,https://www.eac.gov/sites/default/files/2025-06/2024_EAVS_Codebook.xlsx,false,EAC 2024 EAVS V2 A1a Total Reg registered-voter denominator.
ME,2024,2302168140,SHIRLEY,,SHIRLEY,205,A1a Total Reg,https://www.eac.gov/research-and-data/studies-and-reports,https://www.eac.gov/sites/default/files/2025-06/2024_EAVS_Codebook.xlsx,false,EAC 2024 EAVS V2 A1a Total Reg registered-voter denominator.
ME,2024,2302181405,WELLINGTON,,WELLINGTON,213,A1a Total Reg,https://www.eac.gov/research-and-data/studies-and-reports,https://www.eac.gov/sites/default/files/2025-06/2024_EAVS_Codebook.xlsx,false,EAC 2024 EAVS V2 A1a Total Reg registered-voter denominator.
ME,2024,2302185710,WILLIMANTIC,,WILLIMANTIC,135,A1a Total Reg,https://www.eac.gov/research-and-data/studies-and-reports,https://www.eac.gov/sites/default/files/2025-06/2024_EAVS_Codebook.xlsx,false,EAC 2024 EAVS V2 A1a Total Reg registered-voter denominator.
ME,2024,2302301570,ARROWSIC,,ARROWSIC,446,A1a Total Reg,https://www.eac.gov/research-and-data/studies-and-reports,https://www.eac.gov/sites/default/files/2025-06/2024_EAVS_Codebook.xlsx,false,EAC 2024 EAVS V2 A1a Total Reg registered-voter denominator.
ME,2024,2302303355,BATH,,BATH,8277,A1a Total Reg,https://www.eac.gov/research-and-data/studies-and-reports,https://www.eac.gov/sites/default/files/2025-06/2024_EAVS_Codebook.xlsx,false,EAC 2024 EAVS V2 A1a Total Reg registered-voter denominator.
ME,2024,2302306260,BOWDOIN,,BOWDOIN,2874,A1a Total Reg,https://www.eac.gov/research-and-data/studies-and-reports,https://www.eac.gov/sites/default/files/2025-06/2024_EAVS_Codebook.xlsx,false,EAC 2024 EAVS V2 A1a Total Reg registered-voter denominator.
ME,2024,2302306365,BOWDOINHAM,,BOWDOINHAM,2712,A1a Total Reg,https://www.eac.gov/research-and-data/studies-and-reports,https://www.eac.gov/sites/default/files/2025-06/2024_EAVS_Codebook.xlsx,false,EAC 2024 EAVS V2 A1a Total Reg registered-voter denominator.
ME,2024,2302327295,GEORGETOWN,,GEORGETOWN,1133,A1a Total Reg,https://www.eac.gov/research-and-data/studies-and-reports,https://www.eac.gov/sites/default/files/2025-06/2024_EAVS_Codebook.xlsx,false,EAC 2024 EAVS V2 A1a Total Reg registered-voter denominator.
ME,2024,2302358515,PHIPPSBURG,,PHIPPSBURG,2200,A1a Total Reg,https://www.eac.gov/research-and-data/studies-and-reports,https://www.eac.gov/sites/default/files/2025-06/2024_EAVS_Codebook.xlsx,false,EAC 2024 EAVS V2 A1a Total Reg registered-voter denominator.
ME,2024,2302362645,RICHMOND,,RICHMOND,2663,A1a Total Reg,https://www.eac.gov/research-and-data/studies-and-reports,https://www.eac.gov/sites/default/files/2025-06/2024_EAVS_Codebook.xlsx,false,EAC 2024 EAVS V2 A1a Total Reg registered-voter denominator.
ME,2024,2302376960,TOPSHAM,,TOPSHAM,8865,A1a Total Reg,https://www.eac.gov/research-and-data/studies-and-reports,https://www.eac.gov/sites/default/files/2025-06/2024_EAVS_Codebook.xlsx,false,EAC 2024 EAVS V2 A1a Total Reg registered-voter denominator.
ME,2024,2302381930,WEST BATH,,WEST BATH,1882,A1a Total Reg,https://www.eac.gov/research-and-data/studies-and-reports,https://www.eac.gov/sites/default/files/2025-06/2024_EAVS_Codebook.xlsx,false,EAC 2024 EAVS V2 A1a Total Reg registered-voter denominator.
ME,2024,2302387460,WOOLWICH,,WOOLWICH,2956,A1a Total Reg,https://www.eac.gov/research-and-data/studies-and-reports,https://www.eac.gov/sites/default/files/2025-06/2024_EAVS_Codebook.xlsx,false,EAC 2024 EAVS V2 A1a Total Reg registered-voter denominator.
ME,2024,2302501395,ANSON,,ANSON,1966,A1a Total Reg,https://www.eac.gov/research-and-data/studies-and-reports,https://www.eac.gov/sites/default/files/2025-06/2024_EAVS_Codebook.xlsx,false,EAC 2024 EAVS V2 A1a Total Reg registered-voter denominator.
ME,2024,2302501885,ATHENS,,ATHENS,927,A1a Total Reg,https://www.eac.gov/research-and-data/studies-and-reports,https://www.eac.gov/sites/default/files/2025-06/2024_EAVS_Codebook.xlsx,false,EAC 2024 EAVS V2 A1a Total Reg registered-voter denominator.
ME,2024,2302505000,BINGHAM,,BINGHAM,877,A1a Total Reg,https://www.eac.gov/research-and-data/studies-and-reports,https://www.eac.gov/sites/default/files/2025-06/2024_EAVS_Codebook.xlsx,false,EAC 2024 EAVS V2 A1a Total Reg registered-voter denominator.
ME,2024,2302507380,BRIGHTON PLT,,BRIGHTON PLT,88,A1a Total Reg,https://www.eac.gov/research-and-data/studies-and-reports,https://www.eac.gov/sites/default/files/2025-06/2024_EAVS_Codebook.xlsx,false,EAC 2024 EAVS V2 A1a Total Reg registered-voter denominator.
ME,2024,2302509655,CAMBRIDGE,,CAMBRIDGE,345,A1a Total Reg,https://www.eac.gov/research-and-data/studies-and-reports,https://www.eac.gov/sites/default/files/2025-06/2024_EAVS_Codebook.xlsx,false,EAC 2024 EAVS V2 A1a Total Reg registered-voter denominator.
ME,2024,2302509935,CANAAN,,CANAAN,1675,A1a Total Reg,https://www.eac.gov/research-and-data/studies-and-reports,https://www.eac.gov/sites/default/files/2025-06/2024_EAVS_Codebook.xlsx,false,EAC 2024 EAVS V2 A1a Total Reg registered-voter denominator.
ME,2024,2302510495,CARATUNK,,CARATUNK,71,A1a Total Reg,https://www.eac.gov/research-and-data/studies-and-reports,https://www.eac.gov/sites/default/files/2025-06/2024_EAVS_Codebook.xlsx,false,EAC 2024 EAVS V2 A1a Total Reg registered-voter denominator.
ME,2024,2302514555,CORNVILLE,,CORNVILLE,1137,A1a Total Reg,https://www.eac.gov/research-and-data/studies-and-reports,https://www.eac.gov/sites/default/files/2025-06/2024_EAVS_Codebook.xlsx,false,EAC 2024 EAVS V2 A1a Total Reg registered-voter denominator.
ME,2024,2302517285,DENNISTOWN PLT,,DENNISTOWN PLT,31,A1a Total Reg,https://www.eac.gov/research-and-data/studies-and-reports,https://www.eac.gov/sites/default/files/2025-06/2024_EAVS_Codebook.xlsx,false,EAC 2024 EAVS V2 A1a Total Reg registered-voter denominator.
ME,2024,2302517460,DETROIT,,DETROIT,794,A1a Total Reg,https://www.eac.gov/research-and-data/studies-and-reports,https://www.eac.gov/sites/default/files/2025-06/2024_EAVS_Codebook.xlsx,false,EAC 2024 EAVS V2 A1a Total Reg registered-voter denominator.
ME,2024,2302523410,EMBDEN,,EMBDEN,928,A1a Total Reg,https://www.eac.gov/research-and-data/studies-and-reports,https://www.eac.gov/sites/default/files/2025-06/2024_EAVS_Codebook.xlsx,false,EAC 2024 EAVS V2 A1a Total Reg registered-voter denominator.
ME,2024,2302524320,FAIRFIELD,,FAIRFIELD,4866,A1a Total Reg,https://www.eac.gov/research-and-data/studies-and-reports,https://www.eac.gov/sites/default/files/2025-06/2024_EAVS_Codebook.xlsx,false,EAC 2024 EAVS V2 A1a Total Reg registered-voter denominator.
ME,2024,2302531355,HARMONY,,HARMONY,773,A1a Total Reg,https://www.eac.gov/research-and-data/studies-and-reports,https://www.eac.gov/sites/default/files/2025-06/2024_EAVS_Codebook.xlsx,false,EAC 2024 EAVS V2 A1a Total Reg registered-voter denominator.
ME,2024,2302531740,HARTLAND,,HARTLAND,1377,A1a Total Reg,https://www.eac.gov/research-and-data/studies-and-reports,https://www.eac.gov/sites/default/files/2025-06/2024_EAVS_Codebook.xlsx,false,EAC 2024 EAVS V2 A1a Total Reg registered-voter denominator.
ME,2024,2302532895,HIGHLAND PLT,,HIGHLAND PLT,151,A1a Total Reg,https://www.eac.gov/research-and-data/studies-and-reports,https://www.eac.gov/sites/default/files/2025-06/2024_EAVS_Codebook.xlsx,false,EAC 2024 EAVS V2 A1a Total Reg registered-voter denominator.
ME,2024,2302535345,JACKMAN,,JACKMAN,820,A1a Total Reg,https://www.eac.gov/research-and-data/studies-and-reports,https://www.eac.gov/sites/default/files/2025-06/2024_EAVS_Codebook.xlsx,false,EAC 2024 EAVS V2 A1a Total Reg registered-voter denominator.
ME,2024,2302542660,MADISON,,MADISON,3738,A1a Total Reg,https://www.eac.gov/research-and-data/studies-and-reports,https://www.eac.gov/sites/default/files/2025-06/2024_EAVS_Codebook.xlsx,false,EAC 2024 EAVS V2 A1a Total Reg registered-voter denominator.
ME,2024,2302545110,MERCER,,MERCER,615,A1a Total Reg,https://www.eac.gov/research-and-data/studies-and-reports,https://www.eac.gov/sites/default/files/2025-06/2024_EAVS_Codebook.xlsx,false,EAC 2024 EAVS V2 A1a Total Reg registered-voter denominator.
ME,2024,2302547140,MOOSE RIVER,,MOOSE RIVER,154,A1a Total Reg,https://www.eac.gov/research-and-data/studies-and-reports,https://www.eac.gov/sites/default/files/2025-06/2024_EAVS_Codebook.xlsx,false,EAC 2024 EAVS V2 A1a Total Reg registered-voter denominator.
ME,2024,2302547455,MOSCOW,,MOSCOW,415,A1a Total Reg,https://www.eac.gov/research-and-data/studies-and-reports,https://www.eac.gov/sites/default/files/2025-06/2024_EAVS_Codebook.xlsx,false,EAC 2024 EAVS V2 A1a Total Reg registered-voter denominator.
ME,2024,2302549205,NEW PORTLAND,,NEW PORTLAND,759,A1a Total Reg,https://www.eac.gov/research-and-data/studies-and-reports,https://www.eac.gov/sites/default/files/2025-06/2024_EAVS_Codebook.xlsx,false,EAC 2024 EAVS V2 A1a Total Reg registered-voter denominator.
ME,2024,2302549835,NORRIDGEWOCK,,NORRIDGEWOCK,2685,A1a Total Reg,https://www.eac.gov/research-and-data/studies-and-reports,https://www.eac.gov/sites/default/files/2025-06/2024_EAVS_Codebook.xlsx,false,EAC 2024 EAVS V2 A1a Total Reg registered-voter denominator.
ME,2024,2302556520,PALMYRA,,PALMYRA,1609,A1a Total Reg,https://www.eac.gov/research-and-data/studies-and-reports,https://www.eac.gov/sites/default/files/2025-06/2024_EAVS_Codebook.xlsx,false,EAC 2024 EAVS V2 A1a Total Reg registered-voter denominator.
ME,2024,2302559005,PITTSFIELD,,PITTSFIELD,3760,A1a Total Reg,https://www.eac.gov/research-and-data/studies-and-reports,https://www.eac.gov/sites/default/files/2025-06/2024_EAVS_Codebook.xlsx,false,EAC 2024 EAVS V2 A1a Total Reg registered-voter denominator.
ME,2024,2302559705,PLEASANT RIDGE PLT,,PLEASANT RIDGE PLT,70,A1a Total Reg,https://www.eac.gov/research-and-data/studies-and-reports,https://www.eac.gov/sites/default/files/2025-06/2024_EAVS_Codebook.xlsx,false,EAC 2024 EAVS V2 A1a Total Reg registered-voter denominator.
ME,2024,2302562995,RIPLEY,,RIPLEY,426,A1a Total Reg,https://www.eac.gov/research-and-data/studies-and-reports,https://www.eac.gov/sites/default/files/2025-06/2024_EAVS_Codebook.xlsx,false,EAC 2024 EAVS V2 A1a Total Reg registered-voter denominator.
ME,2024,2302564850,SAINT ALBANS,,SAINT ALBANS,1622,A1a Total Reg,https://www.eac.gov/research-and-data/studies-and-reports,https://www.eac.gov/sites/default/files/2025-06/2024_EAVS_Codebook.xlsx,false,EAC 2024 EAVS V2 A1a Total Reg registered-voter denominator.
ME,2024,2302568910,SKOWHEGAN,,SKOWHEGAN,7279,A1a Total Reg,https://www.eac.gov/research-and-data/studies-and-reports,https://www.eac.gov/sites/default/files/2025-06/2024_EAVS_Codebook.xlsx,false,EAC 2024 EAVS V2 A1a Total Reg registered-voter denominator.
ME,2024,2302569155,SMITHFIELD,,SMITHFIELD,804,A1a Total Reg,https://www.eac.gov/research-and-data/studies-and-reports,https://www.eac.gov/sites/default/files/2025-06/2024_EAVS_Codebook.xlsx,false,EAC 2024 EAVS V2 A1a Total Reg registered-voter denominator.
ME,2024,2302569505,SOLON,,SOLON,848,A1a Total Reg,https://www.eac.gov/research-and-data/studies-and-reports,https://www.eac.gov/sites/default/files/2025-06/2024_EAVS_Codebook.xlsx,false,EAC 2024 EAVS V2 A1a Total Reg registered-voter denominator.
ME,2024,2302573845,STARKS,,STARKS,596,A1a Total Reg,https://www.eac.gov/research-and-data/studies-and-reports,https://www.eac.gov/sites/default/files/2025-06/2024_EAVS_Codebook.xlsx,false,EAC 2024 EAVS V2 A1a Total Reg registered-voter denominator.
ME,2024,2302576190,THE FORKS PLT,,THE FORKS PLT,56,A1a Total Reg,https://www.eac.gov/research-and-data/studies-and-reports,https://www.eac.gov/sites/default/files/2025-06/2024_EAVS_Codebook.xlsx,false,EAC 2024 EAVS V2 A1a Total Reg registered-voter denominator.
ME,2024,2302582840,WEST FORKS PLT,,WEST FORKS PLT,67,A1a Total Reg,https://www.eac.gov/research-and-data/studies-and-reports,https://www.eac.gov/sites/default/files/2025-06/2024_EAVS_Codebook.xlsx,false,EAC 2024 EAVS V2 A1a Total Reg registered-voter denominator.
ME,2024,2302703950,BELFAST,,BELFAST,6444,A1a Total Reg,https://www.eac.gov/research-and-data/studies-and-reports,https://www.eac.gov/sites/default/files/2025-06/2024_EAVS_Codebook.xlsx,false,EAC 2024 EAVS V2 A1a Total Reg registered-voter denominator.
ME,2024,2302704125,BELMONT,,BELMONT,854,A1a Total Reg,https://www.eac.gov/research-and-data/studies-and-reports,https://www.eac.gov/sites/default/files/2025-06/2024_EAVS_Codebook.xlsx,false,EAC 2024 EAVS V2 A1a Total Reg registered-voter denominator.
ME,2024,2302707870,BROOKS,,BROOKS,846,A1a Total Reg,https://www.eac.gov/research-and-data/studies-and-reports,https://www.eac.gov/sites/default/files/2025-06/2024_EAVS_Codebook.xlsx,false,EAC 2024 EAVS V2 A1a Total Reg registered-voter denominator.
ME,2024,2302709270,BURNHAM,,BURNHAM,868,A1a Total Reg,https://www.eac.gov/research-and-data/studies-and-reports,https://www.eac.gov/sites/default/files/2025-06/2024_EAVS_Codebook.xlsx,false,EAC 2024 EAVS V2 A1a Total Reg registered-voter denominator.
ME,2024,2302726280,FRANKFORT,,FRANKFORT,922,A1a Total Reg,https://www.eac.gov/research-and-data/studies-and-reports,https://www.eac.gov/sites/default/files/2025-06/2024_EAVS_Codebook.xlsx,false,EAC 2024 EAVS V2 A1a Total Reg registered-voter denominator.
ME,2024,2302726420,FREEDOM,,FREEDOM,650,A1a Total Reg,https://www.eac.gov/research-and-data/studies-and-reports,https://www.eac.gov/sites/default/files/2025-06/2024_EAVS_Codebook.xlsx,false,EAC 2024 EAVS V2 A1a Total Reg registered-voter denominator.
ME,2024,2302735240,ISLESBORO,,ISLESBORO,650,A1a Total Reg,https://www.eac.gov/research-and-data/studies-and-reports,https://www.eac.gov/sites/default/files/2025-06/2024_EAVS_Codebook.xlsx,false,EAC 2024 EAVS V2 A1a Total Reg registered-voter denominator.
ME,2024,2302735450,JACKSON,,JACKSON,513,A1a Total Reg,https://www.eac.gov/research-and-data/studies-and-reports,https://www.eac.gov/sites/default/files/2025-06/2024_EAVS_Codebook.xlsx,false,EAC 2024 EAVS V2 A1a Total Reg registered-voter denominator.
ME,2024,2302737585,KNOX,,KNOX,716,A1a Total Reg,https://www.eac.gov/research-and-data/studies-and-reports,https://www.eac.gov/sites/default/files/2025-06/2024_EAVS_Codebook.xlsx,false,EAC 2024 EAVS V2 A1a Total Reg registered-voter denominator.
ME,2024,2302739055,LIBERTY,,LIBERTY,844,A1a Total Reg,https://www.eac.gov/research-and-data/studies-and-reports,https://www.eac.gov/sites/default/files/2025-06/2024_EAVS_Codebook.xlsx,false,EAC 2024 EAVS V2 A1a Total Reg registered-voter denominator.
ME,2024,2302739755,LINCOLNVILLE,,LINCOLNVILLE,2293,A1a Total Reg,https://www.eac.gov/research-and-data/studies-and-reports,https://www.eac.gov/sites/default/files/2025-06/2024_EAVS_Codebook.xlsx,false,EAC 2024 EAVS V2 A1a Total Reg registered-voter denominator.
ME,2024,2302746475,MONROE,,MONROE,938,A1a Total Reg,https://www.eac.gov/research-and-data/studies-and-reports,https://www.eac.gov/sites/default/files/2025-06/2024_EAVS_Codebook.xlsx,false,EAC 2024 EAVS V2 A1a Total Reg registered-voter denominator.
ME,2024,2302746790,MONTVILLE,,MONTVILLE,882,A1a Total Reg,https://www.eac.gov/research-and-data/studies-and-reports,https://www.eac.gov/sites/default/files/2025-06/2024_EAVS_Codebook.xlsx,false,EAC 2024 EAVS V2 A1a Total Reg registered-voter denominator.
ME,2024,2302747245,MORRILL,,MORRILL,817,A1a Total Reg,https://www.eac.gov/research-and-data/studies-and-reports,https://www.eac.gov/sites/default/files/2025-06/2024_EAVS_Codebook.xlsx,false,EAC 2024 EAVS V2 A1a Total Reg registered-voter denominator.
ME,2024,2302752845,NORTHPORT,,NORTHPORT,1537,A1a Total Reg,https://www.eac.gov/research-and-data/studies-and-reports,https://www.eac.gov/sites/default/files/2025-06/2024_EAVS_Codebook.xlsx,false,EAC 2024 EAVS V2 A1a Total Reg registered-voter denominator.
ME,2024,2302756450,PALERMO,,PALERMO,1444,A1a Total Reg,https://www.eac.gov/research-and-data/studies-and-reports,https://www.eac.gov/sites/default/files/2025-06/2024_EAVS_Codebook.xlsx,false,EAC 2024 EAVS V2 A1a Total Reg registered-voter denominator.
ME,2024,2302761210,PROSPECT,,PROSPECT,617,A1a Total Reg,https://www.eac.gov/research-and-data/studies-and-reports,https://www.eac.gov/sites/default/files/2025-06/2024_EAVS_Codebook.xlsx,false,EAC 2024 EAVS V2 A1a Total Reg registered-voter denominator.
ME,2024,2302766565,SEARSMONT,,SEARSMONT,1258,A1a Total Reg,https://www.eac.gov/research-and-data/studies-and-reports,https://www.eac.gov/sites/default/files/2025-06/2024_EAVS_Codebook.xlsx,false,EAC 2024 EAVS V2 A1a Total Reg registered-voter denominator.
ME,2024,2302766635,SEARSPORT,,SEARSPORT,2641,A1a Total Reg,https://www.eac.gov/research-and-data/studies-and-reports,https://www.eac.gov/sites/default/files/2025-06/2024_EAVS_Codebook.xlsx,false,EAC 2024 EAVS V2 A1a Total Reg registered-voter denominator.
ME,2024,2302774475,STOCKTON SPRINGS,,STOCKTON SPRINGS,1675,A1a Total Reg,https://www.eac.gov/research-and-data/studies-and-reports,https://www.eac.gov/sites/default/files/2025-06/2024_EAVS_Codebook.xlsx,false,EAC 2024 EAVS V2 A1a Total Reg registered-voter denominator.
ME,2024,2302775525,SWANVILLE,,SWANVILLE,1436,A1a Total Reg,https://www.eac.gov/research-and-data/studies-and-reports,https://www.eac.gov/sites/default/files/2025-06/2024_EAVS_Codebook.xlsx,false,EAC 2024 EAVS V2 A1a Total Reg registered-voter denominator.
ME,2024,2302776610,THORNDIKE,,THORNDIKE,734,A1a Total Reg,https://www.eac.gov/research-and-data/studies-and-reports,https://www.eac.gov/sites/default/files/2025-06/2024_EAVS_Codebook.xlsx,false,EAC 2024 EAVS V2 A1a Total Reg registered-voter denominator.
ME,2024,2302777625,TROY,,TROY,855,A1a Total Reg,https://www.eac.gov/research-and-data/studies-and-reports,https://www.eac.gov/sites/default/files/2025-06/2024_EAVS_Codebook.xlsx,false,EAC 2024 EAVS V2 A1a Total Reg registered-voter denominator.
ME,2024,2302778255,UNITY,,UNITY,1948,A1a Total Reg,https://www.eac.gov/research-and-data/studies-and-reports,https://www.eac.gov/sites/default/files/2025-06/2024_EAVS_Codebook.xlsx,false,EAC 2024 EAVS V2 A1a Total Reg registered-voter denominator.
ME,2024,2302779480,WALDO,,WALDO,717,A1a Total Reg,https://www.eac.gov/research-and-data/studies-and-reports,https://www.eac.gov/sites/default/files/2025-06/2024_EAVS_Codebook.xlsx,false,EAC 2024 EAVS V2 A1a Total Reg registered-voter denominator.
ME,2024,2302786760,WINTERPORT,,WINTERPORT,3413,A1a Total Reg,https://www.eac.gov/research-and-data/studies-and-reports,https://www.eac.gov/sites/default/files/2025-06/2024_EAVS_Codebook.xlsx,false,EAC 2024 EAVS V2 A1a Total Reg registered-voter denominator.
ME,2024,2302900001,BROOKTON TWP,,BROOKTON TWP,-88,A1a Total Reg,https://www.eac.gov/research-and-data/studies-and-reports,https://www.eac.gov/sites/default/files/2025-06/2024_EAVS_Codebook.xlsx,true,EAC reports zero registered voters for this jurisdiction; denominator warning required.
ME,2024,2302900380,ADDISON,,ADDISON,1010,A1a Total Reg,https://www.eac.gov/research-and-data/studies-and-reports,https://www.eac.gov/sites/default/files/2025-06/2024_EAVS_Codebook.xlsx,false,EAC 2024 EAVS V2 A1a Total Reg registered-voter denominator.
ME,2024,2302900660,ALEXANDER,,ALEXANDER,508,A1a Total Reg,https://www.eac.gov/research-and-data/studies-and-reports,https://www.eac.gov/sites/default/files/2025-06/2024_EAVS_Codebook.xlsx,false,EAC 2024 EAVS V2 A1a Total Reg registered-voter denominator.
ME,2024,2302902480,BAILEYVILLE,,BAILEYVILLE,1037,A1a Total Reg,https://www.eac.gov/research-and-data/studies-and-reports,https://www.eac.gov/sites/default/files/2025-06/2024_EAVS_Codebook.xlsx,false,EAC 2024 EAVS V2 A1a Total Reg registered-voter denominator.
ME,2024,2302902970,BARING PLT,,BARING PLT,176,A1a Total Reg,https://www.eac.gov/research-and-data/studies-and-reports,https://www.eac.gov/sites/default/files/2025-06/2024_EAVS_Codebook.xlsx,false,EAC 2024 EAVS V2 A1a Total Reg registered-voter denominator.
ME,2024,2302903670,BEALS,,BEALS,365,A1a Total Reg,https://www.eac.gov/research-and-data/studies-and-reports,https://www.eac.gov/sites/default/files/2025-06/2024_EAVS_Codebook.xlsx,false,EAC 2024 EAVS V2 A1a Total Reg registered-voter denominator.
ME,2024,2302903810,BEDDINGTON,,BEDDINGTON,100,A1a Total Reg,https://www.eac.gov/research-and-data/studies-and-reports,https://www.eac.gov/sites/default/files/2025-06/2024_EAVS_Codebook.xlsx,false,EAC 2024 EAVS V2 A1a Total Reg registered-voter denominator.
ME,2024,2302909585,CALAIS,,CALAIS,2441,A1a Total Reg,https://www.eac.gov/research-and-data/studies-and-reports,https://www.eac.gov/sites/default/files/2025-06/2024_EAVS_Codebook.xlsx,false,EAC 2024 EAVS V2 A1a Total Reg registered-voter denominator.
ME,2024,2302912175,CHARLOTTE,,CHARLOTTE,284,A1a Total Reg,https://www.eac.gov/research-and-data/studies-and-reports,https://www.eac.gov/sites/default/files/2025-06/2024_EAVS_Codebook.xlsx,false,EAC 2024 EAVS V2 A1a Total Reg registered-voter denominator.
ME,2024,2302912455,CHERRYFIELD,,CHERRYFIELD,1074,A1a Total Reg,https://www.eac.gov/research-and-data/studies-and-reports,https://www.eac.gov/sites/default/files/2025-06/2024_EAVS_Codebook.xlsx,false,EAC 2024 EAVS V2 A1a Total Reg registered-voter denominator.
ME,2024,2302913750,COLUMBIA,,COLUMBIA,366,A1a Total Reg,https://www.eac.gov/research-and-data/studies-and-reports,https://www.eac.gov/sites/default/files/2025-06/2024_EAVS_Codebook.xlsx,false,EAC 2024 EAVS V2 A1a Total Reg registered-voter denominator.
ME,2024,2302913820,COLUMBIA FALLS,,COLUMBIA FALLS,489,A1a Total Reg,https://www.eac.gov/research-and-data/studies-and-reports,https://www.eac.gov/sites/default/files/2025-06/2024_EAVS_Codebook.xlsx,false,EAC 2024 EAVS V2 A1a Total Reg registered-voter denominator.
ME,2024,2302914100,COOPER,,COOPER,155,A1a Total Reg,https://www.eac.gov/research-and-data/studies-and-reports,https://www.eac.gov/sites/default/files/2025-06/2024_EAVS_Codebook.xlsx,false,EAC 2024 EAVS V2 A1a Total Reg registered-voter denominator.
ME,2024,2302914940,CRAWFORD,,CRAWFORD,106,A1a Total Reg,https://www.eac.gov/research-and-data/studies-and-reports,https://www.eac.gov/sites/default/files/2025-06/2024_EAVS_Codebook.xlsx,false,EAC 2024 EAVS V2 A1a Total Reg registered-voter denominator.
ME,2024,2302915920,CUTLER,,CUTLER,480,A1a Total Reg,https://www.eac.gov/research-and-data/studies-and-reports,https://www.eac.gov/sites/default/files/2025-06/2024_EAVS_Codebook.xlsx,false,EAC 2024 EAVS V2 A1a Total Reg registered-voter denominator.
ME,2024,2302916410,DANFORTH,,DANFORTH,685,A1a Total Reg,https://www.eac.gov/research-and-data/studies-and-reports,https://www.eac.gov/sites/default/files/2025-06/2024_EAVS_Codebook.xlsx,false,EAC 2024 EAVS V2 A1a Total Reg registered-voter denominator.
ME,2024,2302916865,DEBLOIS,,DEBLOIS,58,A1a Total Reg,https://www.eac.gov/research-and-data/studies-and-reports,https://www.eac.gov/sites/default/files/2025-06/2024_EAVS_Codebook.xlsx,false,EAC 2024 EAVS V2 A1a Total Reg registered-voter denominator.
ME,2024,2302917355,DENNYSVILLE,,DENNYSVILLE,474,A1a Total Reg,https://www.eac.gov/research-and-data/studies-and-reports,https://www.eac.gov/sites/default/files/2025-06/2024_EAVS_Codebook.xlsx,false,EAC 2024 EAVS V2 A1a Total Reg registered-voter denominator.
ME,2024,2302920960,EAST MACHIAS,,EAST MACHIAS,1142,A1a Total Reg,https://www.eac.gov/research-and-data/studies-and-reports,https://www.eac.gov/sites/default/files/2025-06/2024_EAVS_Codebook.xlsx,false,EAC 2024 EAVS V2 A1a Total Reg registered-voter denominator.
ME,2024,2302921730,EASTPORT,,EASTPORT,1297,A1a Total Reg,https://www.eac.gov/research-and-data/studies-and-reports,https://www.eac.gov/sites/default/files/2025-06/2024_EAVS_Codebook.xlsx,false,EAC 2024 EAVS V2 A1a Total Reg registered-voter denominator.
ME,2024,2302928660,GRAND LAKE STREAM PLT,,GRAND LAKE STREAM PLT,156,A1a Total Reg,https://www.eac.gov/research-and-data/studies-and-reports,https://www.eac.gov/sites/default/files/2025-06/2024_EAVS_Codebook.xlsx,false,EAC 2024 EAVS V2 A1a Total Reg registered-voter denominator.
ME,2024,2302931530,HARRINGTON,,HARRINGTON,815,A1a Total Reg,https://www.eac.gov/research-and-data/studies-and-reports,https://www.eac.gov/sites/default/files/2025-06/2024_EAVS_Codebook.xlsx,false,EAC 2024 EAVS V2 A1a Total Reg registered-voter denominator.
ME,2024,2302935905,JONESBORO,,JONESBORO,435,A1a Total Reg,https://www.eac.gov/research-and-data/studies-and-reports,https://www.eac.gov/sites/default/files/2025-06/2024_EAVS_Codebook.xlsx,false,EAC 2024 EAVS V2 A1a Total Reg registered-voter denominator.
ME,2024,2302936010,JONESPORT,,JONESPORT,1042,A1a Total Reg,https://www.eac.gov/research-and-data/studies-and-reports,https://www.eac.gov/sites/default/files/2025-06/2024_EAVS_Codebook.xlsx,false,EAC 2024 EAVS V2 A1a Total Reg registered-voter denominator.
ME,2024,2302941610,LUBEC,,LUBEC,1351,A1a Total Reg,https://www.eac.gov/research-and-data/studies-and-reports,https://www.eac.gov/sites/default/files/2025-06/2024_EAVS_Codebook.xlsx,false,EAC 2024 EAVS V2 A1a Total Reg registered-voter denominator.
ME,2024,2302941960,MACHIAS,,MACHIAS,1800,A1a Total Reg,https://www.eac.gov/research-and-data/studies-and-reports,https://www.eac.gov/sites/default/files/2025-06/2024_EAVS_Codebook.xlsx,false,EAC 2024 EAVS V2 A1a Total Reg registered-voter denominator.
ME,2024,2302942100,MACHIASPORT,,MACHIASPORT,884,A1a Total Reg,https://www.eac.gov/research-and-data/studies-and-reports,https://www.eac.gov/sites/default/files/2025-06/2024_EAVS_Codebook.xlsx,false,EAC 2024 EAVS V2 A1a Total Reg registered-voter denominator.
ME,2024,2302943640,MARSHFIELD,,MARSHFIELD,437,A1a Total Reg,https://www.eac.gov/research-and-data/studies-and-reports,https://www.eac.gov/sites/default/files/2025-06/2024_EAVS_Codebook.xlsx,false,EAC 2024 EAVS V2 A1a Total Reg registered-voter denominator.
ME,2024,2302944760,MEDDYBEMPS,,MEDDYBEMPS,122,A1a Total Reg,https://www.eac.gov/research-and-data/studies-and-reports,https://www.eac.gov/sites/default/files/2025-06/2024_EAVS_Codebook.xlsx,false,EAC 2024 EAVS V2 A1a Total Reg registered-voter denominator.
ME,2024,2302945600,MILBRIDGE,,MILBRIDGE,1197,A1a Total Reg,https://www.eac.gov/research-and-data/studies-and-reports,https://www.eac.gov/sites/default/files/2025-06/2024_EAVS_Codebook.xlsx,false,EAC 2024 EAVS V2 A1a Total Reg registered-voter denominator.
ME,2024,2302951375,NORTHFIELD,,NORTHFIELD,161,A1a Total Reg,https://www.eac.gov/research-and-data/studies-and-reports,https://www.eac.gov/sites/default/files/2025-06/2024_EAVS_Codebook.xlsx,false,EAC 2024 EAVS V2 A1a Total Reg registered-voter denominator.
ME,2024,2302957090,PLEASANT POINT VOTING D,,PLEASANT POINT VOTING D,457,A1a Total Reg,https://www.eac.gov/research-and-data/studies-and-reports,https://www.eac.gov/sites/default/files/2025-06/2024_EAVS_Codebook.xlsx,false,EAC 2024 EAVS V2 A1a Total Reg registered-voter denominator.
ME,2024,2302957780,PEMBROKE,,PEMBROKE,652,A1a Total Reg,https://www.eac.gov/research-and-data/studies-and-reports,https://www.eac.gov/sites/default/files/2025-06/2024_EAVS_Codebook.xlsx,false,EAC 2024 EAVS V2 A1a Total Reg registered-voter denominator.
ME,2024,2302958165,PERRY,,PERRY,660,A1a Total Reg,https://www.eac.gov/research-and-data/studies-and-reports,https://www.eac.gov/sites/default/files/2025-06/2024_EAVS_Codebook.xlsx,false,EAC 2024 EAVS V2 A1a Total Reg registered-voter denominator.
ME,2024,2302961035,PRINCETON,,PRINCETON,658,A1a Total Reg,https://www.eac.gov/research-and-data/studies-and-reports,https://www.eac.gov/sites/default/files/2025-06/2024_EAVS_Codebook.xlsx,false,EAC 2024 EAVS V2 A1a Total Reg registered-voter denominator.
ME,2024,2302963275,ROBBINSTON,,ROBBINSTON,538,A1a Total Reg,https://www.eac.gov/research-and-data/studies-and-reports,https://www.eac.gov/sites/default/files/2025-06/2024_EAVS_Codebook.xlsx,false,EAC 2024 EAVS V2 A1a Total Reg registered-voter denominator.
ME,2024,2302963940,ROQUE BLUFFS,,ROQUE BLUFFS,280,A1a Total Reg,https://www.eac.gov/research-and-data/studies-and-reports,https://www.eac.gov/sites/default/files/2025-06/2024_EAVS_Codebook.xlsx,false,EAC 2024 EAVS V2 A1a Total Reg registered-voter denominator.
ME,2024,2302974125,STEUBEN,,STEUBEN,1013,A1a Total Reg,https://www.eac.gov/research-and-data/studies-and-reports,https://www.eac.gov/sites/default/files/2025-06/2024_EAVS_Codebook.xlsx,false,EAC 2024 EAVS V2 A1a Total Reg registered-voter denominator.
ME,2024,2302975770,TALMADGE,,TALMADGE,53,A1a Total Reg,https://www.eac.gov/research-and-data/studies-and-reports,https://www.eac.gov/sites/default/files/2025-06/2024_EAVS_Codebook.xlsx,false,EAC 2024 EAVS V2 A1a Total Reg registered-voter denominator.
ME,2024,2302976895,TOPSFIELD,,TOPSFIELD,171,A1a Total Reg,https://www.eac.gov/research-and-data/studies-and-reports,https://www.eac.gov/sites/default/files/2025-06/2024_EAVS_Codebook.xlsx,false,EAC 2024 EAVS V2 A1a Total Reg registered-voter denominator.
ME,2024,2302978675,VANCEBORO,,VANCEBORO,129,A1a Total Reg,https://www.eac.gov/research-and-data/studies-and-reports,https://www.eac.gov/sites/default/files/2025-06/2024_EAVS_Codebook.xlsx,false,EAC 2024 EAVS V2 A1a Total Reg registered-voter denominator.
ME,2024,2302979375,WAITE,,WAITE,64,A1a Total Reg,https://www.eac.gov/research-and-data/studies-and-reports,https://www.eac.gov/sites/default/files/2025-06/2024_EAVS_Codebook.xlsx,false,EAC 2024 EAVS V2 A1a Total Reg registered-voter denominator.
ME,2024,2302981685,WESLEY,,WESLEY,129,A1a Total Reg,https://www.eac.gov/research-and-data/studies-and-reports,https://www.eac.gov/sites/default/files/2025-06/2024_EAVS_Codebook.xlsx,false,EAC 2024 EAVS V2 A1a Total Reg registered-voter denominator.
ME,2024,2302985185,WHITING,,WHITING,493,A1a Total Reg,https://www.eac.gov/research-and-data/studies-and-reports,https://www.eac.gov/sites/default/files/2025-06/2024_EAVS_Codebook.xlsx,false,EAC 2024 EAVS V2 A1a Total Reg registered-voter denominator.
ME,2024,2302985290,WHITNEYVILLE,,WHITNEYVILLE,195,A1a Total Reg,https://www.eac.gov/research-and-data/studies-and-reports,https://www.eac.gov/sites/default/files/2025-06/2024_EAVS_Codebook.xlsx,false,EAC 2024 EAVS V2 A1a Total Reg registered-voter denominator.
ME,2024,2303100275,ACTON,,ACTON,2443,A1a Total Reg,https://www.eac.gov/research-and-data/studies-and-reports,https://www.eac.gov/sites/default/files/2025-06/2024_EAVS_Codebook.xlsx,false,EAC 2024 EAVS V2 A1a Total Reg registered-voter denominator.
ME,2024,2303100730,ALFRED,,ALFRED,2809,A1a Total Reg,https://www.eac.gov/research-and-data/studies-and-reports,https://www.eac.gov/sites/default/files/2025-06/2024_EAVS_Codebook.xlsx,false,EAC 2024 EAVS V2 A1a Total Reg registered-voter denominator.
ME,2024,2303101605,ARUNDEL,,ARUNDEL,4008,A1a Total Reg,https://www.eac.gov/research-and-data/studies-and-reports,https://www.eac.gov/sites/default/files/2025-06/2024_EAVS_Codebook.xlsx,false,EAC 2024 EAVS V2 A1a Total Reg registered-voter denominator.
ME,2024,2303104720,BERWICK,,BERWICK,7423,A1a Total Reg,https://www.eac.gov/research-and-data/studies-and-reports,https://www.eac.gov/sites/default/files/2025-06/2024_EAVS_Codebook.xlsx,false,EAC 2024 EAVS V2 A1a Total Reg registered-voter denominator.
ME,2024,2303104860,BIDDEFORD,,BIDDEFORD,18006,A1a Total Reg,https://www.eac.gov/research-and-data/studies-and-reports,https://www.eac.gov/sites/default/files/2025-06/2024_EAVS_Codebook.xlsx,false,EAC 2024 EAVS V2 A1a Total Reg registered-voter denominator.
ME,2024,2303109410,BUXTON,,BUXTON,7239,A1a Total Reg,https://www.eac.gov/research-and-data/studies-and-reports,https://www.eac.gov/sites/default/files/2025-06/2024_EAVS_Codebook.xlsx,false,EAC 2024 EAVS V2 A1a Total Reg registered-voter denominator.
ME,2024,2303114485,CORNISH,,CORNISH,1390,A1a Total Reg,https://www.eac.gov/research-and-data/studies-and-reports,https://www.eac.gov/sites/default/files/2025-06/2024_EAVS_Codebook.xlsx,false,EAC 2024 EAVS V2 A1a Total Reg registered-voter denominator.
ME,2024,2303116725,DAYTON,,DAYTON,1927,A1a Total Reg,https://www.eac.gov/research-and-data/studies-and-reports,https://www.eac.gov/sites/default/files/2025-06/2024_EAVS_Codebook.xlsx,false,EAC 2024 EAVS V2 A1a Total Reg registered-voter denominator.
ME,2024,2303122955,ELIOT,,ELIOT,7105,A1a Total Reg,https://www.eac.gov/research-and-data/studies-and-reports,https://www.eac.gov/sites/default/files/2025-06/2024_EAVS_Codebook.xlsx,false,EAC 2024 EAVS V2 A1a Total Reg registered-voter denominator.
ME,2024,2303133665,HOLLIS,,HOLLIS,4091,A1a Total Reg,https://www.eac.gov/research-and-data/studies-and-reports,https://www.eac.gov/sites/default/files/2025-06/2024_EAVS_Codebook.xlsx,false,EAC 2024 EAVS V2 A1a Total Reg registered-voter denominator.
ME,2024,2303136535,KENNEBUNK,,KENNEBUNK,11505,A1a Total Reg,https://www.eac.gov/research-and-data/studies-and-reports,https://www.eac.gov/sites/default/files/2025-06/2024_EAVS_Codebook.xlsx,false,EAC 2024 EAVS V2 A1a Total Reg registered-voter denominator.
ME,2024,2303136745,KENNEBUNKPORT,,KENNEBUNKPORT,3577,A1a Total Reg,https://www.eac.gov/research-and-data/studies-and-reports,https://www.eac.gov/sites/default/files/2025-06/2024_EAVS_Codebook.xlsx,false,EAC 2024 EAVS V2 A1a Total Reg registered-voter denominator.
ME,2024,2303137270,KITTERY,,KITTERY,10203,A1a Total Reg,https://www.eac.gov/research-and-data/studies-and-reports,https://www.eac.gov/sites/default/files/2025-06/2024_EAVS_Codebook.xlsx,false,EAC 2024 EAVS V2 A1a Total Reg registered-voter denominator.
ME,2024,2303138425,LEBANON,,LEBANON,5798,A1a Total Reg,https://www.eac.gov/research-and-data/studies-and-reports,https://www.eac.gov/sites/default/files/2025-06/2024_EAVS_Codebook.xlsx,false,EAC 2024 EAVS V2 A1a Total Reg registered-voter denominator.
ME,2024,2303139195,LIMERICK,,LIMERICK,2907,A1a Total Reg,https://www.eac.gov/research-and-data/studies-and-reports,https://www.eac.gov/sites/default/files/2025-06/2024_EAVS_Codebook.xlsx,false,EAC 2024 EAVS V2 A1a Total Reg registered-voter denominator.
ME,2024,2303139405,LIMINGTON,,LIMINGTON,2890,A1a Total Reg,https://www.eac.gov/research-and-data/studies-and-reports,https://www.eac.gov/sites/default/files/2025-06/2024_EAVS_Codebook.xlsx,false,EAC 2024 EAVS V2 A1a Total Reg registered-voter denominator.
ME,2024,2303141750,LYMAN,,LYMAN,4203,A1a Total Reg,https://www.eac.gov/research-and-data/studies-and-reports,https://www.eac.gov/sites/default/files/2025-06/2024_EAVS_Codebook.xlsx,false,EAC 2024 EAVS V2 A1a Total Reg registered-voter denominator.
ME,2024,2303148750,NEWFIELD,,NEWFIELD,1461,A1a Total Reg,https://www.eac.gov/research-and-data/studies-and-reports,https://www.eac.gov/sites/default/files/2025-06/2024_EAVS_Codebook.xlsx,false,EAC 2024 EAVS V2 A1a Total Reg registered-voter denominator.
ME,2024,2303150325,NORTH BERWICK,,NORTH BERWICK,4620,A1a Total Reg,https://www.eac.gov/research-and-data/studies-and-reports,https://www.eac.gov/sites/default/files/2025-06/2024_EAVS_Codebook.xlsx,false,EAC 2024 EAVS V2 A1a Total Reg registered-voter denominator.
ME,2024,2303154980,OGUNQUIT,,OGUNQUIT,1487,A1a Total Reg,https://www.eac.gov/research-and-data/studies-and-reports,https://www.eac.gov/sites/default/files/2025-06/2024_EAVS_Codebook.xlsx,false,EAC 2024 EAVS V2 A1a Total Reg registered-voter denominator.
ME,2024,2303155085,OLD TOWN,,OLD TOWN,7215,A1a Total Reg,https://www.eac.gov/research-and-data/studies-and-reports,https://www.eac.gov/sites/default/files/2025-06/2024_EAVS_Codebook.xlsx,false,EAC 2024 EAVS V2 A1a Total Reg registered-voter denominator.
ME,2024,2303156870,PARSONSFIELD,,PARSONSFIELD,1623,A1a Total Reg,https://www.eac.gov/research-and-data/studies-and-reports,https://www.eac.gov/sites/default/files/2025-06/2024_EAVS_Codebook.xlsx,false,EAC 2024 EAVS V2 A1a Total Reg registered-voter denominator.
ME,2024,2303164675,SACO,,SACO,18237,A1a Total Reg,https://www.eac.gov/research-and-data/studies-and-reports,https://www.eac.gov/sites/default/files/2025-06/2024_EAVS_Codebook.xlsx,false,EAC 2024 EAVS V2 A1a Total Reg registered-voter denominator.
ME,2024,2303165760,SANFORD,,SANFORD,17132,A1a Total Reg,https://www.eac.gov/research-and-data/studies-and-reports,https://www.eac.gov/sites/default/files/2025-06/2024_EAVS_Codebook.xlsx,false,EAC 2024 EAVS V2 A1a Total Reg registered-voter denominator.
ME,2024,2303167475,SHAPLEIGH,,SHAPLEIGH,2533,A1a Total Reg,https://www.eac.gov/research-and-data/studies-and-reports,https://www.eac.gov/sites/default/files/2025-06/2024_EAVS_Codebook.xlsx,false,EAC 2024 EAVS V2 A1a Total Reg registered-voter denominator.
ME,2024,2303170030,SOUTH BERWICK,,SOUTH BERWICK,6888,A1a Total Reg,https://www.eac.gov/research-and-data/studies-and-reports,https://www.eac.gov/sites/default/files/2025-06/2024_EAVS_Codebook.xlsx,false,EAC 2024 EAVS V2 A1a Total Reg registered-voter denominator.
ME,2024,2303180530,WATERBORO,,WATERBORO,6623,A1a Total Reg,https://www.eac.gov/research-and-data/studies-and-reports,https://www.eac.gov/sites/default/files/2025-06/2024_EAVS_Codebook.xlsx,false,EAC 2024 EAVS V2 A1a Total Reg registered-voter denominator.
ME,2024,2303181475,WELLS,,WELLS,11574,A1a Total Reg,https://www.eac.gov/research-and-data/studies-and-reports,https://www.eac.gov/sites/default/files/2025-06/2024_EAVS_Codebook.xlsx,false,EAC 2024 EAVS V2 A1a Total Reg registered-voter denominator.
ME,2024,2303187985,YORK,,YORK,13764,A1a Total Reg,https://www.eac.gov/research-and-data/studies-and-reports,https://www.eac.gov/sites/default/files/2025-06/2024_EAVS_Codebook.xlsx,false,EAC 2024 EAVS V2 A1a Total Reg registered-voter denominator.
ME,2024,2309999901,ALBANY TWP,,ALBANY TWP,448,A1a Total Reg,https://www.eac.gov/research-and-data/studies-and-reports,https://www.eac.gov/sites/default/files/2025-06/2024_EAVS_Codebook.xlsx,false,EAC 2024 EAVS V2 A1a Total Reg registered-voter denominator.
ME,2024,2309999902,CHEBEAGUE ISLAND,,CHEBEAGUE ISLAND,408,A1a Total Reg,https://www.eac.gov/research-and-data/studies-and-reports,https://www.eac.gov/sites/default/files/2025-06/2024_EAVS_Codebook.xlsx,false,EAC 2024 EAVS V2 A1a Total Reg registered-voter denominator.
ME,2024,2309999903,EDMUNDS TWP,,EDMUNDS TWP,-88,A1a Total Reg,https://www.eac.gov/research-and-data/studies-and-reports,https://www.eac.gov/sites/default/files/2025-06/2024_EAVS_Codebook.xlsx,true,EAC reports zero registered voters for this jurisdiction; denominator warning required.
ME,2024,2309999904,INDIAN TOWNSHIP,,INDIAN TOWNSHIP,498,A1a Total Reg,https://www.eac.gov/research-and-data/studies-and-reports,https://www.eac.gov/sites/default/files/2025-06/2024_EAVS_Codebook.xlsx,false,EAC 2024 EAVS V2 A1a Total Reg registered-voter denominator.
ME,2024,2309999905,ROCKWOOD STRIP TWP,,ROCKWOOD STRIP TWP,324,A1a Total Reg,https://www.eac.gov/research-and-data/studies-and-reports,https://www.eac.gov/sites/default/files/2025-06/2024_EAVS_Codebook.xlsx,false,EAC 2024 EAVS V2 A1a Total Reg registered-voter denominator.
