"Jurisdiction","Precinct","Race","Candidate","Votes"
"Carson City","101","President and Vice President of the United States","Harris, Kamala D. and Walz, Tim","404"
"Carson City","101","President and Vice President of the United States","None Of These Candidates","12"
"Carson City","101","President and Vice President of the United States","Oliver, Chase and ter Maat, Michael","3"
"Carson City","101","President and Vice President of the United States","Skousen, Joel and Combs, Rik","4"
"Carson City","101","President and Vice President of the United States","Trump, Donald J. and Vance, JD","423"
"Carson City","103","President and Vice President of the United States","Harris, Kamala D. and Walz, Tim","583"
"Carson City","103","President and Vice President of the United States","None Of These Candidates","19"
"Carson City","103","President and Vice President of the United States","Oliver, Chase and ter Maat, Michael","5"
"Carson City","103","President and Vice President of the United States","Skousen, Joel and Combs, Rik","3"
"Carson City","103","President and Vice President of the United States","Trump, Donald J. and Vance, JD","618"
"Carson City","105","President and Vice President of the United States","Harris, Kamala D. and Walz, Tim","428"
"Carson City","105","President and Vice President of the United States","None Of These Candidates","30"
"Carson City","105","President and Vice President of the United States","Oliver, Chase and ter Maat, Michael","7"
"Carson City","105","President and Vice President of the United States","Skousen, Joel and Combs, Rik","1"
"Carson City","105","President and Vice President of the United States","Trump, Donald J. and Vance, JD","576"
"Carson City","107","President and Vice President of the United States","Harris, Kamala D. and Walz, Tim","583"
"Carson City","107","President and Vice President of the United States","None Of These Candidates","32"
"Carson City","107","President and Vice President of the United States","Oliver, Chase and ter Maat, Michael","13"
"Carson City","107","President and Vice President of the United States","Skousen, Joel and Combs, Rik","1"
"Carson City","107","President and Vice President of the United States","Trump, Donald J. and Vance, JD","807"
"Carson City","109","President and Vice President of the United States","Harris, Kamala D. and Walz, Tim","701"
"Carson City","109","President and Vice President of the United States","None Of These Candidates","29"
"Carson City","109","President and Vice President of the United States","Oliver, Chase and ter Maat, Michael","7"
"Carson City","109","President and Vice President of the United States","Skousen, Joel and Combs, Rik","4"
"Carson City","109","President and Vice President of the United States","Trump, Donald J. and Vance, JD","851"
"Carson City","111","President and Vice President of the United States","Harris, Kamala D. and Walz, Tim","669"
"Carson City","111","President and Vice President of the United States","None Of These Candidates","15"
"Carson City","111","President and Vice President of the United States","Oliver, Chase and ter Maat, Michael","8"
"Carson City","111","President and Vice President of the United States","Skousen, Joel and Combs, Rik","3"
"Carson City","111","President and Vice President of the United States","Trump, Donald J. and Vance, JD","741"
"Carson City","113","President and Vice President of the United States","Harris, Kamala D. and Walz, Tim","623"
"Carson City","113","President and Vice President of the United States","None Of These Candidates","26"
"Carson City","113","President and Vice President of the United States","Oliver, Chase and ter Maat, Michael","11"
"Carson City","113","President and Vice President of the United States","Skousen, Joel and Combs, Rik","6"
"Carson City","113","President and Vice President of the United States","Trump, Donald J. and Vance, JD","880"
"Carson City","201","President and Vice President of the United States","Harris, Kamala D. and Walz, Tim","535"
"Carson City","201","President and Vice President of the United States","None Of These Candidates","24"
"Carson City","201","President and Vice President of the United States","Oliver, Chase and ter Maat, Michael","11"
"Carson City","201","President and Vice President of the United States","Skousen, Joel and Combs, Rik","3"
"Carson City","201","President and Vice President of the United States","Trump, Donald J. and Vance, JD","587"
"Carson City","203","President and Vice President of the United States","Harris, Kamala D. and Walz, Tim","656"
"Carson City","203","President and Vice President of the United States","None Of These Candidates","17"
"Carson City","203","President and Vice President of the United States","Oliver, Chase and ter Maat, Michael","9"
"Carson City","203","President and Vice President of the United States","Skousen, Joel and Combs, Rik","8"
"Carson City","203","President and Vice President of the United States","Trump, Donald J. and Vance, JD","701"
"Carson City","205","President and Vice President of the United States","Harris, Kamala D. and Walz, Tim","636"
"Carson City","205","President and Vice President of the United States","None Of These Candidates","19"
"Carson City","205","President and Vice President of the United States","Oliver, Chase and ter Maat, Michael","5"
"Carson City","205","President and Vice President of the United States","Skousen, Joel and Combs, Rik","5"
"Carson City","205","President and Vice President of the United States","Trump, Donald J. and Vance, JD","736"
"Carson City","207","President and Vice President of the United States","Harris, Kamala D. and Walz, Tim","476"
"Carson City","207","President and Vice President of the United States","None Of These Candidates","10"
"Carson City","207","President and Vice President of the United States","Oliver, Chase and ter Maat, Michael","12"
"Carson City","207","President and Vice President of the United States","Skousen, Joel and Combs, Rik","5"
"Carson City","207","President and Vice President of the United States","Trump, Donald J. and Vance, JD","676"
"Carson City","209","President and Vice President of the United States","Harris, Kamala D. and Walz, Tim","383"
"Carson City","209","President and Vice President of the United States","None Of These Candidates","25"
"Carson City","209","President and Vice President of the United States","Oliver, Chase and ter Maat, Michael","9"
"Carson City","209","President and Vice President of the United States","Skousen, Joel and Combs, Rik","1"
"Carson City","209","President and Vice President of the United States","Trump, Donald J. and Vance, JD","472"
"Carson City","211","President and Vice President of the United States","Harris, Kamala D. and Walz, Tim","316"
"Carson City","211","President and Vice President of the United States","None Of These Candidates","8"
"Carson City","211","President and Vice President of the United States","Oliver, Chase and ter Maat, Michael","3"
"Carson City","211","President and Vice President of the United States","Skousen, Joel and Combs, Rik","5"
"Carson City","211","President and Vice President of the United States","Trump, Donald J. and Vance, JD","508"
"Carson City","301","President and Vice President of the United States","Harris, Kamala D. and Walz, Tim","477"
"Carson City","301","President and Vice President of the United States","None Of These Candidates","18"
"Carson City","301","President and Vice President of the United States","Oliver, Chase and ter Maat, Michael","7"
"Carson City","301","President and Vice President of the United States","Skousen, Joel and Combs, Rik","3"
"Carson City","301","President and Vice President of the United States","Trump, Donald J. and Vance, JD","694"
"Carson City","303","President and Vice President of the United States","Harris, Kamala D. and Walz, Tim","528"
"Carson City","303","President and Vice President of the United States","None Of These Candidates","15"
"Carson City","303","President and Vice President of the United States","Oliver, Chase and ter Maat, Michael","17"
"Carson City","303","President and Vice President of the United States","Skousen, Joel and Combs, Rik","5"
"Carson City","303","President and Vice President of the United States","Trump, Donald J. and Vance, JD","700"
"Carson City","305","President and Vice President of the United States","Harris, Kamala D. and Walz, Tim","481"
"Carson City","305","President and Vice President of the United States","None Of These Candidates","26"
"Carson City","305","President and Vice President of the United States","Oliver, Chase and ter Maat, Michael","13"
"Carson City","305","President and Vice President of the United States","Skousen, Joel and Combs, Rik","3"
"Carson City","305","President and Vice President of the United States","Trump, Donald J. and Vance, JD","667"
"Carson City","307","President and Vice President of the United States","Harris, Kamala D. and Walz, Tim","939"
"Carson City","307","President and Vice President of the United States","None Of These Candidates","30"
"Carson City","307","President and Vice President of the United States","Oliver, Chase and ter Maat, Michael","9"
"Carson City","307","President and Vice President of the United States","Skousen, Joel and Combs, Rik","7"
"Carson City","307","President and Vice President of the United States","Trump, Donald J. and Vance, JD","992"
"Carson City","309","President and Vice President of the United States","Harris, Kamala D. and Walz, Tim","524"
"Carson City","309","President and Vice President of the United States","None Of These Candidates","31"
"Carson City","309","President and Vice President of the United States","Oliver, Chase and ter Maat, Michael","7"
"Carson City","309","President and Vice President of the United States","Skousen, Joel and Combs, Rik","4"
"Carson City","309","President and Vice President of the United States","Trump, Donald J. and Vance, JD","904"
"Carson City","401","President and Vice President of the United States","Harris, Kamala D. and Walz, Tim","524"
"Carson City","401","President and Vice President of the United States","None Of These Candidates","13"
"Carson City","401","President and Vice President of the United States","Oliver, Chase and ter Maat, Michael","5"
"Carson City","401","President and Vice President of the United States","Skousen, Joel and Combs, Rik","2"
"Carson City","401","President and Vice President of the United States","Trump, Donald J. and Vance, JD","544"
"Carson City","403","President and Vice President of the United States","Harris, Kamala D. and Walz, Tim","712"
"Carson City","403","President and Vice President of the United States","None Of These Candidates","22"
"Carson City","403","President and Vice President of the United States","Oliver, Chase and ter Maat, Michael","13"
"Carson City","403","President and Vice President of the United States","Skousen, Joel and Combs, Rik","4"
"Carson City","403","President and Vice President of the United States","Trump, Donald J. and Vance, JD","774"
"Carson City","405","President and Vice President of the United States","Harris, Kamala D. and Walz, Tim","526"
"Carson City","405","President and Vice President of the United States","None Of These Candidates","24"
"Carson City","405","President and Vice President of the United States","Oliver, Chase and ter Maat, Michael","6"
"Carson City","405","President and Vice President of the United States","Skousen, Joel and Combs, Rik","2"
"Carson City","405","President and Vice President of the United States","Trump, Donald J. and Vance, JD","677"
"Carson City","407","President and Vice President of the United States","Harris, Kamala D. and Walz, Tim","666"
"Carson City","407","President and Vice President of the United States","None Of These Candidates","30"
"Carson City","407","President and Vice President of the United States","Oliver, Chase and ter Maat, Michael","12"
"Carson City","407","President and Vice President of the United States","Skousen, Joel and Combs, Rik","9"
"Carson City","407","President and Vice President of the United States","Trump, Donald J. and Vance, JD","1164"
"Carson City","409","President and Vice President of the United States","Harris, Kamala D. and Walz, Tim","741"
"Carson City","409","President and Vice President of the United States","None Of These Candidates","28"
"Carson City","409","President and Vice President of the United States","Oliver, Chase and ter Maat, Michael","11"
"Carson City","409","President and Vice President of the United States","Skousen, Joel and Combs, Rik","4"
"Carson City","409","President and Vice President of the United States","Trump, Donald J. and Vance, JD","697"
"Carson City","411","President and Vice President of the United States","Harris, Kamala D. and Walz, Tim","260"
"Carson City","411","President and Vice President of the United States","None Of These Candidates","14"
"Carson City","411","President and Vice President of the United States","Oliver, Chase and ter Maat, Michael","7"
"Carson City","411","President and Vice President of the United States","Skousen, Joel and Combs, Rik","1"
"Carson City","411","President and Vice President of the United States","Trump, Donald J. and Vance, JD","479"
"Carson City","998","President and Vice President of the United States","Harris, Kamala D. and Walz, Tim","*"
"Carson City","998","President and Vice President of the United States","None Of These Candidates","*"
"Carson City","998","President and Vice President of the United States","Oliver, Chase and ter Maat, Michael","*"
"Carson City","998","President and Vice President of the United States","Skousen, Joel and Combs, Rik","*"
"Carson City","998","President and Vice President of the United States","Trump, Donald J. and Vance, JD","*"
"Churchill","01","President and Vice President of the United States","Harris, Kamala D. and Walz, Tim","289"
"Churchill","01","President and Vice President of the United States","None Of These Candidates","12"
"Churchill","01","President and Vice President of the United States","Oliver, Chase and ter Maat, Michael","6"
"Churchill","01","President and Vice President of the United States","Skousen, Joel and Combs, Rik","1"
"Churchill","01","President and Vice President of the United States","Trump, Donald J. and Vance, JD","603"
"Churchill","02","President and Vice President of the United States","Harris, Kamala D. and Walz, Tim","240"
"Churchill","02","President and Vice President of the United States","None Of These Candidates","17"
"Churchill","02","President and Vice President of the United States","Oliver, Chase and ter Maat, Michael","11"
"Churchill","02","President and Vice President of the United States","Skousen, Joel and Combs, Rik","0"
"Churchill","02","President and Vice President of the United States","Trump, Donald J. and Vance, JD","550"
"Churchill","03","President and Vice President of the United States","Harris, Kamala D. and Walz, Tim","148"
"Churchill","03","President and Vice President of the United States","None Of These Candidates","9"
"Churchill","03","President and Vice President of the United States","Oliver, Chase and ter Maat, Michael","1"
"Churchill","03","President and Vice President of the United States","Skousen, Joel and Combs, Rik","2"
"Churchill","03","President and Vice President of the United States","Trump, Donald J. and Vance, JD","338"
"Churchill","04","President and Vice President of the United States","Harris, Kamala D. and Walz, Tim","218"
"Churchill","04","President and Vice President of the United States","None Of These Candidates","14"
"Churchill","04","President and Vice President of the United States","Oliver, Chase and ter Maat, Michael","3"
"Churchill","04","President and Vice President of the United States","Skousen, Joel and Combs, Rik","4"
"Churchill","04","President and Vice President of the United States","Trump, Donald J. and Vance, JD","462"
"Churchill","05","President and Vice President of the United States","Harris, Kamala D. and Walz, Tim","153"
"Churchill","05","President and Vice President of the United States","None Of These Candidates","4"
"Churchill","05","President and Vice President of the United States","Oliver, Chase and ter Maat, Michael","1"
"Churchill","05","President and Vice President of the United States","Skousen, Joel and Combs, Rik","4"
"Churchill","05","President and Vice President of the United States","Trump, Donald J. and Vance, JD","379"
"Churchill","06","President and Vice President of the United States","Harris, Kamala D. and Walz, Tim","155"
"Churchill","06","President and Vice President of the United States","None Of These Candidates","6"
"Churchill","06","President and Vice President of the United States","Oliver, Chase and ter Maat, Michael","6"
"Churchill","06","President and Vice President of the United States","Skousen, Joel and Combs, Rik","4"
"Churchill","06","President and Vice President of the United States","Trump, Donald J. and Vance, JD","375"
"Churchill","07","President and Vice President of the United States","Harris, Kamala D. and Walz, Tim","226"
"Churchill","07","President and Vice President of the United States","None Of These Candidates","19"
"Churchill","07","President and Vice President of the United States","Oliver, Chase and ter Maat, Michael","12"
"Churchill","07","President and Vice President of the United States","Skousen, Joel and Combs, Rik","1"
"Churchill","07","President and Vice President of the United States","Trump, Donald J. and Vance, JD","664"
"Churchill","08","President and Vice President of the United States","Harris, Kamala D. and Walz, Tim","85"
"Churchill","08","President and Vice President of the United States","None Of These Candidates","5"
"Churchill","08","President and Vice President of the United States","Oliver, Chase and ter Maat, Michael","5"
"Churchill","08","President and Vice President of the United States","Skousen, Joel and Combs, Rik","1"
"Churchill","08","President and Vice President of the United States","Trump, Donald J. and Vance, JD","299"
"Churchill","09","President and Vice President of the United States","Harris, Kamala D. and Walz, Tim","112"
"Churchill","09","President and Vice President of the United States","None Of These Candidates","11"
"Churchill","09","President and Vice President of the United States","Oliver, Chase and ter Maat, Michael","3"
"Churchill","09","President and Vice President of the United States","Skousen, Joel and Combs, Rik","2"
"Churchill","09","President and Vice President of the United States","Trump, Donald J. and Vance, JD","377"
"Churchill","10","President and Vice President of the United States","Harris, Kamala D. and Walz, Tim","162"
"Churchill","10","President and Vice President of the United States","None Of These Candidates","13"
"Churchill","10","President and Vice President of the United States","Oliver, Chase and ter Maat, Michael","4"
"Churchill","10","President and Vice President of the United States","Skousen, Joel and Combs, Rik","3"
"Churchill","10","President and Vice President of the United States","Trump, Donald J. and Vance, JD","720"
"Churchill","11","President and Vice President of the United States","Harris, Kamala D. and Walz, Tim","185"
"Churchill","11","President and Vice President of the United States","None Of These Candidates","12"
"Churchill","11","President and Vice President of the United States","Oliver, Chase and ter Maat, Michael","6"
"Churchill","11","President and Vice President of the United States","Skousen, Joel and Combs, Rik","7"
"Churchill","11","President and Vice President of the United States","Trump, Donald J. and Vance, JD","720"
"Churchill","12","President and Vice President of the United States","Harris, Kamala D. and Walz, Tim","92"
"Churchill","12","President and Vice President of the United States","None Of These Candidates","10"
"Churchill","12","President and Vice President of the United States","Oliver, Chase and ter Maat, Michael","4"
"Churchill","12","President and Vice President of the United States","Skousen, Joel and Combs, Rik","2"
"Churchill","12","President and Vice President of the United States","Trump, Donald J. and Vance, JD","293"
"Churchill","13","President and Vice President of the United States","Harris, Kamala D. and Walz, Tim","78"
"Churchill","13","President and Vice President of the United States","None Of These Candidates","4"
"Churchill","13","President and Vice President of the United States","Oliver, Chase and ter Maat, Michael","4"
"Churchill","13","President and Vice President of the United States","Skousen, Joel and Combs, Rik","0"
"Churchill","13","President and Vice President of the United States","Trump, Donald J. and Vance, JD","396"
"Churchill","14","President and Vice President of the United States","Harris, Kamala D. and Walz, Tim","119"
"Churchill","14","President and Vice President of the United States","None Of These Candidates","14"
"Churchill","14","President and Vice President of the United States","Oliver, Chase and ter Maat, Michael","0"
"Churchill","14","President and Vice President of the United States","Skousen, Joel and Combs, Rik","1"
"Churchill","14","President and Vice President of the United States","Trump, Donald J. and Vance, JD","522"
"Churchill","15","President and Vice President of the United States","Harris, Kamala D. and Walz, Tim","120"
"Churchill","15","President and Vice President of the United States","None Of These Candidates","17"
"Churchill","15","President and Vice President of the United States","Oliver, Chase and ter Maat, Michael","5"
"Churchill","15","President and Vice President of the United States","Skousen, Joel and Combs, Rik","1"
"Churchill","15","President and Vice President of the United States","Trump, Donald J. and Vance, JD","571"
"Churchill","16","President and Vice President of the United States","Harris, Kamala D. and Walz, Tim","181"
"Churchill","16","President and Vice President of the United States","None Of These Candidates","7"
"Churchill","16","President and Vice President of the United States","Oliver, Chase and ter Maat, Michael","2"
"Churchill","16","President and Vice President of the United States","Skousen, Joel and Combs, Rik","3"
"Churchill","16","President and Vice President of the United States","Trump, Donald J. and Vance, JD","314"
"Churchill","17","President and Vice President of the United States","Harris, Kamala D. and Walz, Tim","253"
"Churchill","17","President and Vice President of the United States","None Of These Candidates","18"
"Churchill","17","President and Vice President of the United States","Oliver, Chase and ter Maat, Michael","9"
"Churchill","17","President and Vice President of the United States","Skousen, Joel and Combs, Rik","8"
"Churchill","17","President and Vice President of the United States","Trump, Donald J. and Vance, JD","893"
"Churchill","18","President and Vice President of the United States","Harris, Kamala D. and Walz, Tim","234"
"Churchill","18","President and Vice President of the United States","None Of These Candidates","19"
"Churchill","18","President and Vice President of the United States","Oliver, Chase and ter Maat, Michael","8"
"Churchill","18","President and Vice President of the United States","Skousen, Joel and Combs, Rik","3"
"Churchill","18","President and Vice President of the United States","Trump, Donald J. and Vance, JD","969"
"Churchill","19","President and Vice President of the United States","Harris, Kamala D. and Walz, Tim","129"
"Churchill","19","President and Vice President of the United States","None Of These Candidates","8"
"Churchill","19","President and Vice President of the United States","Oliver, Chase and ter Maat, Michael","4"
"Churchill","19","President and Vice President of the United States","Skousen, Joel and Combs, Rik","2"
"Churchill","19","President and Vice President of the United States","Trump, Donald J. and Vance, JD","515"
"Churchill","88","President and Vice President of the United States","Harris, Kamala D. and Walz, Tim","*"
"Churchill","88","President and Vice President of the United States","None Of These Candidates","*"
"Churchill","88","President and Vice President of the United States","Oliver, Chase and ter Maat, Michael","*"
"Churchill","88","President and Vice President of the United States","Skousen, Joel and Combs, Rik","*"
"Churchill","88","President and Vice President of the United States","Trump, Donald J. and Vance, JD","*"
"Churchill","99","President and Vice President of the United States","Harris, Kamala D. and Walz, Tim","0"
"Churchill","99","President and Vice President of the United States","None Of These Candidates","0"
"Churchill","99","President and Vice President of the United States","Oliver, Chase and ter Maat, Michael","0"
"Churchill","99","President and Vice President of the United States","Skousen, Joel and Combs, Rik","0"
"Churchill","99","President and Vice President of the United States","Trump, Donald J. and Vance, JD","0"
"Clark","1000","President and Vice President of the United States","Harris, Kamala D. and Walz, Tim","286"
"Clark","1000","President and Vice President of the United States","None Of These Candidates","6"
"Clark","1000","President and Vice President of the United States","Oliver, Chase and ter Maat, Michael","3"
"Clark","1000","President and Vice President of the United States","Skousen, Joel and Combs, Rik","0"
"Clark","1000","President and Vice President of the United States","Trump, Donald J. and Vance, JD","357"
"Clark","1001","President and Vice President of the United States","Harris, Kamala D. and Walz, Tim","420"
"Clark","1001","President and Vice President of the United States","None Of These Candidates","11"
"Clark","1001","President and Vice President of the United States","Oliver, Chase and ter Maat, Michael","2"
"Clark","1001","President and Vice President of the United States","Skousen, Joel and Combs, Rik","0"
"Clark","1001","President and Vice President of the United States","Trump, Donald J. and Vance, JD","486"
"Clark","1002","President and Vice President of the United States","Harris, Kamala D. and Walz, Tim","*"
"Clark","1002","President and Vice President of the United States","None Of These Candidates","*"
"Clark","1002","President and Vice President of the United States","Oliver, Chase and ter Maat, Michael","*"
"Clark","1002","President and Vice President of the United States","Skousen, Joel and Combs, Rik","*"
"Clark","1002","President and Vice President of the United States","Trump, Donald J. and Vance, JD","*"
"Clark","1003","President and Vice President of the United States","Harris, Kamala D. and Walz, Tim","*"
"Clark","1003","President and Vice President of the United States","None Of These Candidates","*"
"Clark","1003","President and Vice President of the United States","Oliver, Chase and ter Maat, Michael","*"
"Clark","1003","President and Vice President of the United States","Skousen, Joel and Combs, Rik","*"
"Clark","1003","President and Vice President of the United States","Trump, Donald J. and Vance, JD","*"
"Clark","1004","President and Vice President of the United States","Harris, Kamala D. and Walz, Tim","755"
"Clark","1004","President and Vice President of the United States","None Of These Candidates","18"
"Clark","1004","President and Vice President of the United States","Oliver, Chase and ter Maat, Michael","2"
"Clark","1004","President and Vice President of the United States","Skousen, Joel and Combs, Rik","3"
"Clark","1004","President and Vice President of the United States","Trump, Donald J. and Vance, JD","503"
"Clark","1005","President and Vice President of the United States","Harris, Kamala D. and Walz, Tim","601"
"Clark","1005","President and Vice President of the United States","None Of These Candidates","9"
"Clark","1005","President and Vice President of the United States","Oliver, Chase and ter Maat, Michael","2"
"Clark","1005","President and Vice President of the United States","Skousen, Joel and Combs, Rik","0"
"Clark","1005","President and Vice President of the United States","Trump, Donald J. and Vance, JD","603"
"Clark","1006","President and Vice President of the United States","Harris, Kamala D. and Walz, Tim","816"
"Clark","1006","President and Vice President of the United States","None Of These Candidates","16"
"Clark","1006","President and Vice President of the United States","Oliver, Chase and ter Maat, Michael","2"
"Clark","1006","President and Vice President of the United States","Skousen, Joel and Combs, Rik","2"
"Clark","1006","President and Vice President of the United States","Trump, Donald J. and Vance, JD","706"
"Clark","1007","President and Vice President of the United States","Harris, Kamala D. and Walz, Tim","1246"
"Clark","1007","President and Vice President of the United States","None Of These Candidates","24"
"Clark","1007","President and Vice President of the United States","Oliver, Chase and ter Maat, Michael","14"
"Clark","1007","President and Vice President of the United States","Skousen, Joel and Combs, Rik","7"
"Clark","1007","President and Vice President of the United States","Trump, Donald J. and Vance, JD","925"
"Clark","1008","President and Vice President of the United States","Harris, Kamala D. and Walz, Tim","1459"
"Clark","1008","President and Vice President of the United States","None Of These Candidates","31"
"Clark","1008","President and Vice President of the United States","Oliver, Chase and ter Maat, Michael","7"
"Clark","1008","President and Vice President of the United States","Skousen, Joel and Combs, Rik","4"
"Clark","1008","President and Vice President of the United States","Trump, Donald J. and Vance, JD","1240"
"Clark","1009","President and Vice President of the United States","Harris, Kamala D. and Walz, Tim","544"
"Clark","1009","President and Vice President of the United States","None Of These Candidates","15"
"Clark","1009","President and Vice President of the United States","Oliver, Chase and ter Maat, Michael","5"
"Clark","1009","President and Vice President of the United States","Skousen, Joel and Combs, Rik","1"
"Clark","1009","President and Vice President of the United States","Trump, Donald J. and Vance, JD","651"
"Clark","1010","President and Vice President of the United States","Harris, Kamala D. and Walz, Tim","198"
"Clark","1010","President and Vice President of the United States","None Of These Candidates","1"
"Clark","1010","President and Vice President of the United States","Oliver, Chase and ter Maat, Michael","1"
"Clark","1010","President and Vice President of the United States","Skousen, Joel and Combs, Rik","0"
"Clark","1010","President and Vice President of the United States","Trump, Donald J. and Vance, JD","128"
"Clark","1011","President and Vice President of the United States","Harris, Kamala D. and Walz, Tim","90"
"Clark","1011","President and Vice President of the United States","None Of These Candidates","1"
"Clark","1011","President and Vice President of the United States","Oliver, Chase and ter Maat, Michael","0"
"Clark","1011","President and Vice President of the United States","Skousen, Joel and Combs, Rik","1"
"Clark","1011","President and Vice President of the United States","Trump, Donald J. and Vance, JD","73"
"Clark","1012","President and Vice President of the United States","Harris, Kamala D. and Walz, Tim","640"
"Clark","1012","President and Vice President of the United States","None Of These Candidates","18"
"Clark","1012","President and Vice President of the United States","Oliver, Chase and ter Maat, Michael","3"
"Clark","1012","President and Vice President of the United States","Skousen, Joel and Combs, Rik","2"
"Clark","1012","President and Vice President of the United States","Trump, Donald J. and Vance, JD","1025"
"Clark","1014","President and Vice President of the United States","Harris, Kamala D. and Walz, Tim","0"
"Clark","1014","President and Vice President of the United States","None Of These Candidates","0"
"Clark","1014","President and Vice President of the United States","Oliver, Chase and ter Maat, Michael","0"
"Clark","1014","President and Vice President of the United States","Skousen, Joel and Combs, Rik","0"
"Clark","1014","President and Vice President of the United States","Trump, Donald J. and Vance, JD","0"
"Clark","1015","President and Vice President of the United States","Harris, Kamala D. and Walz, Tim","996"
"Clark","1015","President and Vice President of the United States","None Of These Candidates","24"
"Clark","1015","President and Vice President of the United States","Oliver, Chase and ter Maat, Michael","10"
"Clark","1015","President and Vice President of the United States","Skousen, Joel and Combs, Rik","3"
"Clark","1015","President and Vice President of the United States","Trump, Donald J. and Vance, JD","946"
"Clark","1016","President and Vice President of the United States","Harris, Kamala D. and Walz, Tim","191"
"Clark","1016","President and Vice President of the United States","None Of These Candidates","4"
"Clark","1016","President and Vice President of the United States","Oliver, Chase and ter Maat, Michael","1"
"Clark","1016","President and Vice President of the United States","Skousen, Joel and Combs, Rik","0"
"Clark","1016","President and Vice President of the United States","Trump, Donald J. and Vance, JD","250"
"Clark","1038","President and Vice President of the United States","Harris, Kamala D. and Walz, Tim","958"
"Clark","1038","President and Vice President of the United States","None Of These Candidates","17"
"Clark","1038","President and Vice President of the United States","Oliver, Chase and ter Maat, Michael","3"
"Clark","1038","President and Vice President of the United States","Skousen, Joel and Combs, Rik","6"
"Clark","1038","President and Vice President of the United States","Trump, Donald J. and Vance, JD","922"
"Clark","1039","President and Vice President of the United States","Harris, Kamala D. and Walz, Tim","1226"
"Clark","1039","President and Vice President of the United States","None Of These Candidates","34"
"Clark","1039","President and Vice President of the United States","Oliver, Chase and ter Maat, Michael","11"
"Clark","1039","President and Vice President of the United States","Skousen, Joel and Combs, Rik","1"
"Clark","1039","President and Vice President of the United States","Trump, Donald J. and Vance, JD","1468"
"Clark","1063","President and Vice President of the United States","Harris, Kamala D. and Walz, Tim","568"
"Clark","1063","President and Vice President of the United States","None Of These Candidates","13"
"Clark","1063","President and Vice President of the United States","Oliver, Chase and ter Maat, Michael","2"
"Clark","1063","President and Vice President of the United States","Skousen, Joel and Combs, Rik","2"
"Clark","1063","President and Vice President of the United States","Trump, Donald J. and Vance, JD","589"
"Clark","1067","President and Vice President of the United States","Harris, Kamala D. and Walz, Tim","49"
"Clark","1067","President and Vice President of the United States","None Of These Candidates","4"
"Clark","1067","President and Vice President of the United States","Oliver, Chase and ter Maat, Michael","0"
"Clark","1067","President and Vice President of the United States","Skousen, Joel and Combs, Rik","0"
"Clark","1067","President and Vice President of the United States","Trump, Donald J. and Vance, JD","98"
"Clark","1072","President and Vice President of the United States","Harris, Kamala D. and Walz, Tim","73"
"Clark","1072","President and Vice President of the United States","None Of These Candidates","4"
"Clark","1072","President and Vice President of the United States","Oliver, Chase and ter Maat, Michael","3"
"Clark","1072","President and Vice President of the United States","Skousen, Joel and Combs, Rik","1"
"Clark","1072","President and Vice President of the United States","Trump, Donald J. and Vance, JD","209"
"Clark","1074","President and Vice President of the United States","Harris, Kamala D. and Walz, Tim","652"
"Clark","1074","President and Vice President of the United States","None Of These Candidates","18"
"Clark","1074","President and Vice President of the United States","Oliver, Chase and ter Maat, Michael","3"
"Clark","1074","President and Vice President of the United States","Skousen, Joel and Combs, Rik","4"
"Clark","1074","President and Vice President of the United States","Trump, Donald J. and Vance, JD","1003"
"Clark","1302","President and Vice President of the United States","Harris, Kamala D. and Walz, Tim","1630"
"Clark","1302","President and Vice President of the United States","None Of These Candidates","33"
"Clark","1302","President and Vice President of the United States","Oliver, Chase and ter Maat, Michael","11"
"Clark","1302","President and Vice President of the United States","Skousen, Joel and Combs, Rik","4"
"Clark","1302","President and Vice President of the United States","Trump, Donald J. and Vance, JD","1483"
"Clark","1304","President and Vice President of the United States","Harris, Kamala D. and Walz, Tim","1235"
"Clark","1304","President and Vice President of the United States","None Of These Candidates","28"
"Clark","1304","President and Vice President of the United States","Oliver, Chase and ter Maat, Michael","10"
"Clark","1304","President and Vice President of the United States","Skousen, Joel and Combs, Rik","4"
"Clark","1304","President and Vice President of the United States","Trump, Donald J. and Vance, JD","1162"
"Clark","1307","President and Vice President of the United States","Harris, Kamala D. and Walz, Tim","811"
"Clark","1307","President and Vice President of the United States","None Of These Candidates","24"
"Clark","1307","President and Vice President of the United States","Oliver, Chase and ter Maat, Michael","4"
"Clark","1307","President and Vice President of the United States","Skousen, Joel and Combs, Rik","0"
"Clark","1307","President and Vice President of the United States","Trump, Donald J. and Vance, JD","844"
"Clark","1318","President and Vice President of the United States","Harris, Kamala D. and Walz, Tim","745"
"Clark","1318","President and Vice President of the United States","None Of These Candidates","10"
"Clark","1318","President and Vice President of the United States","Oliver, Chase and ter Maat, Michael","4"
"Clark","1318","President and Vice President of the United States","Skousen, Joel and Combs, Rik","1"
"Clark","1318","President and Vice President of the United States","Trump, Donald J. and Vance, JD","618"
"Clark","1327","President and Vice President of the United States","Harris, Kamala D. and Walz, Tim","865"
"Clark","1327","President and Vice President of the United States","None Of These Candidates","31"
"Clark","1327","President and Vice President of the United States","Oliver, Chase and ter Maat, Michael","5"
"Clark","1327","President and Vice President of the United States","Skousen, Joel and Combs, Rik","2"
"Clark","1327","President and Vice President of the United States","Trump, Donald J. and Vance, JD","737"
"Clark","1328","President and Vice President of the United States","Harris, Kamala D. and Walz, Tim","666"
"Clark","1328","President and Vice President of the United States","None Of These Candidates","15"
"Clark","1328","President and Vice President of the United States","Oliver, Chase and ter Maat, Michael","2"
"Clark","1328","President and Vice President of the United States","Skousen, Joel and Combs, Rik","0"
"Clark","1328","President and Vice President of the United States","Trump, Donald J. and Vance, JD","664"
"Clark","1330","President and Vice President of the United States","Harris, Kamala D. and Walz, Tim","593"
"Clark","1330","President and Vice President of the United States","None Of These Candidates","22"
"Clark","1330","President and Vice President of the United States","Oliver, Chase and ter Maat, Michael","3"
"Clark","1330","President and Vice President of the United States","Skousen, Joel and Combs, Rik","2"
"Clark","1330","President and Vice President of the United States","Trump, Donald J. and Vance, JD","928"
"Clark","1331","President and Vice President of the United States","Harris, Kamala D. and Walz, Tim","715"
"Clark","1331","President and Vice President of the United States","None Of These Candidates","18"
"Clark","1331","President and Vice President of the United States","Oliver, Chase and ter Maat, Michael","6"
"Clark","1331","President and Vice President of the United States","Skousen, Joel and Combs, Rik","2"
"Clark","1331","President and Vice President of the United States","Trump, Donald J. and Vance, JD","595"
"Clark","1333","President and Vice President of the United States","Harris, Kamala D. and Walz, Tim","574"
"Clark","1333","President and Vice President of the United States","None Of These Candidates","4"
"Clark","1333","President and Vice President of the United States","Oliver, Chase and ter Maat, Michael","7"
"Clark","1333","President and Vice President of the United States","Skousen, Joel and Combs, Rik","4"
"Clark","1333","President and Vice President of the United States","Trump, Donald J. and Vance, JD","607"
"Clark","1334","President and Vice President of the United States","Harris, Kamala D. and Walz, Tim","727"
"Clark","1334","President and Vice President of the United States","None Of These Candidates","14"
"Clark","1334","President and Vice President of the United States","Oliver, Chase and ter Maat, Michael","4"
"Clark","1334","President and Vice President of the United States","Skousen, Joel and Combs, Rik","2"
"Clark","1334","President and Vice President of the United States","Trump, Donald J. and Vance, JD","738"
"Clark","1335","President and Vice President of the United States","Harris, Kamala D. and Walz, Tim","599"
"Clark","1335","President and Vice President of the United States","None Of These Candidates","16"
"Clark","1335","President and Vice President of the United States","Oliver, Chase and ter Maat, Michael","0"
"Clark","1335","President and Vice President of the United States","Skousen, Joel and Combs, Rik","1"
"Clark","1335","President and Vice President of the United States","Trump, Donald J. and Vance, JD","673"
"Clark","1336","President and Vice President of the United States","Harris, Kamala D. and Walz, Tim","556"
"Clark","1336","President and Vice President of the United States","None Of These Candidates","11"
"Clark","1336","President and Vice President of the United States","Oliver, Chase and ter Maat, Michael","3"
"Clark","1336","President and Vice President of the United States","Skousen, Joel and Combs, Rik","1"
"Clark","1336","President and Vice President of the United States","Trump, Donald J. and Vance, JD","378"
"Clark","1341","President and Vice President of the United States","Harris, Kamala D. and Walz, Tim","1160"
"Clark","1341","President and Vice President of the United States","None Of These Candidates","18"
"Clark","1341","President and Vice President of the United States","Oliver, Chase and ter Maat, Michael","11"
"Clark","1341","President and Vice President of the United States","Skousen, Joel and Combs, Rik","4"
"Clark","1341","President and Vice President of the United States","Trump, Donald J. and Vance, JD","1136"
"Clark","1343","President and Vice President of the United States","Harris, Kamala D. and Walz, Tim","330"
"Clark","1343","President and Vice President of the United States","None Of These Candidates","7"
"Clark","1343","President and Vice President of the United States","Oliver, Chase and ter Maat, Michael","3"
"Clark","1343","President and Vice President of the United States","Skousen, Joel and Combs, Rik","1"
"Clark","1343","President and Vice President of the United States","Trump, Donald J. and Vance, JD","500"
"Clark","1344","President and Vice President of the United States","Harris, Kamala D. and Walz, Tim","642"
"Clark","1344","President and Vice President of the United States","None Of These Candidates","8"
"Clark","1344","President and Vice President of the United States","Oliver, Chase and ter Maat, Michael","4"
"Clark","1344","President and Vice President of the United States","Skousen, Joel and Combs, Rik","1"
"Clark","1344","President and Vice President of the United States","Trump, Donald J. and Vance, JD","522"
"Clark","1346","President and Vice President of the United States","Harris, Kamala D. and Walz, Tim","890"
"Clark","1346","President and Vice President of the United States","None Of These Candidates","28"
"Clark","1346","President and Vice President of the United States","Oliver, Chase and ter Maat, Michael","11"
"Clark","1346","President and Vice President of the United States","Skousen, Joel and Combs, Rik","2"
"Clark","1346","President and Vice President of the United States","Trump, Donald J. and Vance, JD","1231"
"Clark","1348","President and Vice President of the United States","Harris, Kamala D. and Walz, Tim","745"
"Clark","1348","President and Vice President of the United States","None Of These Candidates","21"
"Clark","1348","President and Vice President of the United States","Oliver, Chase and ter Maat, Michael","7"
"Clark","1348","President and Vice President of the United States","Skousen, Joel and Combs, Rik","1"
"Clark","1348","President and Vice President of the United States","Trump, Donald J. and Vance, JD","761"
"Clark","1349","President and Vice President of the United States","Harris, Kamala D. and Walz, Tim","727"
"Clark","1349","President and Vice President of the United States","None Of These Candidates","19"
"Clark","1349","President and Vice President of the United States","Oliver, Chase and ter Maat, Michael","5"
"Clark","1349","President and Vice President of the United States","Skousen, Joel and Combs, Rik","4"
"Clark","1349","President and Vice President of the United States","Trump, Donald J. and Vance, JD","673"
"Clark","1351","President and Vice President of the United States","Harris, Kamala D. and Walz, Tim","1199"
"Clark","1351","President and Vice President of the United States","None Of These Candidates","29"
"Clark","1351","President and Vice President of the United States","Oliver, Chase and ter Maat, Michael","10"
"Clark","1351","President and Vice President of the United States","Skousen, Joel and Combs, Rik","4"
"Clark","1351","President and Vice President of the United States","Trump, Donald J. and Vance, JD","953"
"Clark","1352","President and Vice President of the United States","Harris, Kamala D. and Walz, Tim","590"
"Clark","1352","President and Vice President of the United States","None Of These Candidates","11"
"Clark","1352","President and Vice President of the United States","Oliver, Chase and ter Maat, Michael","3"
"Clark","1352","President and Vice President of the United States","Skousen, Joel and Combs, Rik","3"
"Clark","1352","President and Vice President of the United States","Trump, Donald J. and Vance, JD","522"
"Clark","1353","President and Vice President of the United States","Harris, Kamala D. and Walz, Tim","1116"
"Clark","1353","President and Vice President of the United States","None Of These Candidates","15"
"Clark","1353","President and Vice President of the United States","Oliver, Chase and ter Maat, Michael","5"
"Clark","1353","President and Vice President of the United States","Skousen, Joel and Combs, Rik","3"
"Clark","1353","President and Vice President of the United States","Trump, Donald J. and Vance, JD","832"
"Clark","1354","President and Vice President of the United States","Harris, Kamala D. and Walz, Tim","1412"
"Clark","1354","President and Vice President of the United States","None Of These Candidates","44"
"Clark","1354","President and Vice President of the United States","Oliver, Chase and ter Maat, Michael","9"
"Clark","1354","President and Vice President of the United States","Skousen, Joel and Combs, Rik","2"
"Clark","1354","President and Vice President of the United States","Trump, Donald J. and Vance, JD","1124"
"Clark","1356","President and Vice President of the United States","Harris, Kamala D. and Walz, Tim","823"
"Clark","1356","President and Vice President of the United States","None Of These Candidates","16"
"Clark","1356","President and Vice President of the United States","Oliver, Chase and ter Maat, Michael","5"
"Clark","1356","President and Vice President of the United States","Skousen, Joel and Combs, Rik","2"
"Clark","1356","President and Vice President of the United States","Trump, Donald J. and Vance, JD","801"
"Clark","1361","President and Vice President of the United States","Harris, Kamala D. and Walz, Tim","*"
"Clark","1361","President and Vice President of the United States","None Of These Candidates","*"
"Clark","1361","President and Vice President of the United States","Oliver, Chase and ter Maat, Michael","*"
"Clark","1361","President and Vice President of the United States","Skousen, Joel and Combs, Rik","*"
"Clark","1361","President and Vice President of the United States","Trump, Donald J. and Vance, JD","*"
"Clark","1363","President and Vice President of the United States","Harris, Kamala D. and Walz, Tim","*"
"Clark","1363","President and Vice President of the United States","None Of These Candidates","*"
"Clark","1363","President and Vice President of the United States","Oliver, Chase and ter Maat, Michael","*"
"Clark","1363","President and Vice President of the United States","Skousen, Joel and Combs, Rik","*"
"Clark","1363","President and Vice President of the United States","Trump, Donald J. and Vance, JD","*"
"Clark","1368","President and Vice President of the United States","Harris, Kamala D. and Walz, Tim","801"
"Clark","1368","President and Vice President of the United States","None Of These Candidates","13"
"Clark","1368","President and Vice President of the United States","Oliver, Chase and ter Maat, Michael","3"
"Clark","1368","President and Vice President of the United States","Skousen, Joel and Combs, Rik","2"
"Clark","1368","President and Vice President of the United States","Trump, Donald J. and Vance, JD","654"
"Clark","1384","President and Vice President of the United States","Harris, Kamala D. and Walz, Tim","132"
"Clark","1384","President and Vice President of the United States","None Of These Candidates","2"
"Clark","1384","President and Vice President of the United States","Oliver, Chase and ter Maat, Michael","3"
"Clark","1384","President and Vice President of the United States","Skousen, Joel and Combs, Rik","0"
"Clark","1384","President and Vice President of the United States","Trump, Donald J. and Vance, JD","84"
"Clark","1389","President and Vice President of the United States","Harris, Kamala D. and Walz, Tim","484"
"Clark","1389","President and Vice President of the United States","None Of These Candidates","11"
"Clark","1389","President and Vice President of the United States","Oliver, Chase and ter Maat, Michael","2"
"Clark","1389","President and Vice President of the United States","Skousen, Joel and Combs, Rik","0"
"Clark","1389","President and Vice President of the United States","Trump, Donald J. and Vance, JD","549"
"Clark","1390","President and Vice President of the United States","Harris, Kamala D. and Walz, Tim","1666"
"Clark","1390","President and Vice President of the United States","None Of These Candidates","38"
"Clark","1390","President and Vice President of the United States","Oliver, Chase and ter Maat, Michael","11"
"Clark","1390","President and Vice President of the United States","Skousen, Joel and Combs, Rik","7"
"Clark","1390","President and Vice President of the United States","Trump, Donald J. and Vance, JD","1552"
"Clark","1394","President and Vice President of the United States","Harris, Kamala D. and Walz, Tim","1116"
"Clark","1394","President and Vice President of the United States","None Of These Candidates","25"
"Clark","1394","President and Vice President of the United States","Oliver, Chase and ter Maat, Michael","8"
"Clark","1394","President and Vice President of the United States","Skousen, Joel and Combs, Rik","5"
"Clark","1394","President and Vice President of the United States","Trump, Donald J. and Vance, JD","1544"
"Clark","1396","President and Vice President of the United States","Harris, Kamala D. and Walz, Tim","1423"
"Clark","1396","President and Vice President of the United States","None Of These Candidates","35"
"Clark","1396","President and Vice President of the United States","Oliver, Chase and ter Maat, Michael","11"
"Clark","1396","President and Vice President of the United States","Skousen, Joel and Combs, Rik","0"
"Clark","1396","President and Vice President of the United States","Trump, Donald J. and Vance, JD","1188"
"Clark","1411","President and Vice President of the United States","Harris, Kamala D. and Walz, Tim","1159"
"Clark","1411","President and Vice President of the United States","None Of These Candidates","28"
"Clark","1411","President and Vice President of the United States","Oliver, Chase and ter Maat, Michael","3"
"Clark","1411","President and Vice President of the United States","Skousen, Joel and Combs, Rik","7"
"Clark","1411","President and Vice President of the United States","Trump, Donald J. and Vance, JD","1309"
"Clark","1510","President and Vice President of the United States","Harris, Kamala D. and Walz, Tim","241"
"Clark","1510","President and Vice President of the United States","None Of These Candidates","22"
"Clark","1510","President and Vice President of the United States","Oliver, Chase and ter Maat, Michael","3"
"Clark","1510","President and Vice President of the United States","Skousen, Joel and Combs, Rik","0"
"Clark","1510","President and Vice President of the United States","Trump, Donald J. and Vance, JD","489"
"Clark","1514","President and Vice President of the United States","Harris, Kamala D. and Walz, Tim","743"
"Clark","1514","President and Vice President of the United States","None Of These Candidates","29"
"Clark","1514","President and Vice President of the United States","Oliver, Chase and ter Maat, Michael","9"
"Clark","1514","President and Vice President of the United States","Skousen, Joel and Combs, Rik","2"
"Clark","1514","President and Vice President of the United States","Trump, Donald J. and Vance, JD","1087"
"Clark","1517","President and Vice President of the United States","Harris, Kamala D. and Walz, Tim","1015"
"Clark","1517","President and Vice President of the United States","None Of These Candidates","24"
"Clark","1517","President and Vice President of the United States","Oliver, Chase and ter Maat, Michael","8"
"Clark","1517","President and Vice President of the United States","Skousen, Joel and Combs, Rik","1"
"Clark","1517","President and Vice President of the United States","Trump, Donald J. and Vance, JD","1536"
"Clark","1518","President and Vice President of the United States","Harris, Kamala D. and Walz, Tim","1038"
"Clark","1518","President and Vice President of the United States","None Of These Candidates","30"
"Clark","1518","President and Vice President of the United States","Oliver, Chase and ter Maat, Michael","3"
"Clark","1518","President and Vice President of the United States","Skousen, Joel and Combs, Rik","3"
"Clark","1518","President and Vice President of the United States","Trump, Donald J. and Vance, JD","1298"
"Clark","1525","President and Vice President of the United States","Harris, Kamala D. and Walz, Tim","977"
"Clark","1525","President and Vice President of the United States","None Of These Candidates","16"
"Clark","1525","President and Vice President of the United States","Oliver, Chase and ter Maat, Michael","2"
"Clark","1525","President and Vice President of the United States","Skousen, Joel and Combs, Rik","1"
"Clark","1525","President and Vice President of the United States","Trump, Donald J. and Vance, JD","961"
"Clark","1550","President and Vice President of the United States","Harris, Kamala D. and Walz, Tim","352"
"Clark","1550","President and Vice President of the United States","None Of These Candidates","12"
"Clark","1550","President and Vice President of the United States","Oliver, Chase and ter Maat, Michael","2"
"Clark","1550","President and Vice President of the United States","Skousen, Joel and Combs, Rik","0"
"Clark","1550","President and Vice President of the United States","Trump, Donald J. and Vance, JD","508"
"Clark","1553","President and Vice President of the United States","Harris, Kamala D. and Walz, Tim","0"
"Clark","1553","President and Vice President of the United States","None Of These Candidates","0"
"Clark","1553","President and Vice President of the United States","Oliver, Chase and ter Maat, Michael","0"
"Clark","1553","President and Vice President of the United States","Skousen, Joel and Combs, Rik","0"
"Clark","1553","President and Vice President of the United States","Trump, Donald J. and Vance, JD","0"
"Clark","1602","President and Vice President of the United States","Harris, Kamala D. and Walz, Tim","966"
"Clark","1602","President and Vice President of the United States","None Of These Candidates","16"
"Clark","1602","President and Vice President of the United States","Oliver, Chase and ter Maat, Michael","6"
"Clark","1602","President and Vice President of the United States","Skousen, Joel and Combs, Rik","3"
"Clark","1602","President and Vice President of the United States","Trump, Donald J. and Vance, JD","790"
"Clark","1605","President and Vice President of the United States","Harris, Kamala D. and Walz, Tim","1242"
"Clark","1605","President and Vice President of the United States","None Of These Candidates","23"
"Clark","1605","President and Vice President of the United States","Oliver, Chase and ter Maat, Michael","3"
"Clark","1605","President and Vice President of the United States","Skousen, Joel and Combs, Rik","5"
"Clark","1605","President and Vice President of the United States","Trump, Donald J. and Vance, JD","907"
"Clark","1606","President and Vice President of the United States","Harris, Kamala D. and Walz, Tim","923"
"Clark","1606","President and Vice President of the United States","None Of These Candidates","49"
"Clark","1606","President and Vice President of the United States","Oliver, Chase and ter Maat, Michael","8"
"Clark","1606","President and Vice President of the United States","Skousen, Joel and Combs, Rik","7"
"Clark","1606","President and Vice President of the United States","Trump, Donald J. and Vance, JD","1230"
"Clark","1609","President and Vice President of the United States","Harris, Kamala D. and Walz, Tim","848"
"Clark","1609","President and Vice President of the United States","None Of These Candidates","25"
"Clark","1609","President and Vice President of the United States","Oliver, Chase and ter Maat, Michael","8"
"Clark","1609","President and Vice President of the United States","Skousen, Joel and Combs, Rik","2"
"Clark","1609","President and Vice President of the United States","Trump, Donald J. and Vance, JD","833"
"Clark","1613","President and Vice President of the United States","Harris, Kamala D. and Walz, Tim","879"
"Clark","1613","President and Vice President of the United States","None Of These Candidates","22"
"Clark","1613","President and Vice President of the United States","Oliver, Chase and ter Maat, Michael","4"
"Clark","1613","President and Vice President of the United States","Skousen, Joel and Combs, Rik","4"
"Clark","1613","President and Vice President of the United States","Trump, Donald J. and Vance, JD","794"
"Clark","1614","President and Vice President of the United States","Harris, Kamala D. and Walz, Tim","615"
"Clark","1614","President and Vice President of the United States","None Of These Candidates","12"
"Clark","1614","President and Vice President of the United States","Oliver, Chase and ter Maat, Michael","3"
"Clark","1614","President and Vice President of the United States","Skousen, Joel and Combs, Rik","2"
"Clark","1614","President and Vice President of the United States","Trump, Donald J. and Vance, JD","624"
"Clark","1619","President and Vice President of the United States","Harris, Kamala D. and Walz, Tim","844"
"Clark","1619","President and Vice President of the United States","None Of These Candidates","20"
"Clark","1619","President and Vice President of the United States","Oliver, Chase and ter Maat, Michael","2"
"Clark","1619","President and Vice President of the United States","Skousen, Joel and Combs, Rik","4"
"Clark","1619","President and Vice President of the United States","Trump, Donald J. and Vance, JD","865"
"Clark","1621","President and Vice President of the United States","Harris, Kamala D. and Walz, Tim","462"
"Clark","1621","President and Vice President of the United States","None Of These Candidates","5"
"Clark","1621","President and Vice President of the United States","Oliver, Chase and ter Maat, Michael","3"
"Clark","1621","President and Vice President of the United States","Skousen, Joel and Combs, Rik","0"
"Clark","1621","President and Vice President of the United States","Trump, Donald J. and Vance, JD","386"
"Clark","1625","President and Vice President of the United States","Harris, Kamala D. and Walz, Tim","1089"
"Clark","1625","President and Vice President of the United States","None Of These Candidates","22"
"Clark","1625","President and Vice President of the United States","Oliver, Chase and ter Maat, Michael","13"
"Clark","1625","President and Vice President of the United States","Skousen, Joel and Combs, Rik","2"
"Clark","1625","President and Vice President of the United States","Trump, Donald J. and Vance, JD","868"
"Clark","1631","President and Vice President of the United States","Harris, Kamala D. and Walz, Tim","864"
"Clark","1631","President and Vice President of the United States","None Of These Candidates","21"
"Clark","1631","President and Vice President of the United States","Oliver, Chase and ter Maat, Michael","5"
"Clark","1631","President and Vice President of the United States","Skousen, Joel and Combs, Rik","4"
"Clark","1631","President and Vice President of the United States","Trump, Donald J. and Vance, JD","716"
"Clark","1632","President and Vice President of the United States","Harris, Kamala D. and Walz, Tim","860"
"Clark","1632","President and Vice President of the United States","None Of These Candidates","16"
"Clark","1632","President and Vice President of the United States","Oliver, Chase and ter Maat, Michael","5"
"Clark","1632","President and Vice President of the United States","Skousen, Joel and Combs, Rik","3"
"Clark","1632","President and Vice President of the United States","Trump, Donald J. and Vance, JD","707"
"Clark","1633","President and Vice President of the United States","Harris, Kamala D. and Walz, Tim","632"
"Clark","1633","President and Vice President of the United States","None Of These Candidates","11"
"Clark","1633","President and Vice President of the United States","Oliver, Chase and ter Maat, Michael","2"
"Clark","1633","President and Vice President of the United States","Skousen, Joel and Combs, Rik","0"
"Clark","1633","President and Vice President of the United States","Trump, Donald J. and Vance, JD","378"
"Clark","1643","President and Vice President of the United States","Harris, Kamala D. and Walz, Tim","224"
"Clark","1643","President and Vice President of the United States","None Of These Candidates","4"
"Clark","1643","President and Vice President of the United States","Oliver, Chase and ter Maat, Michael","1"
"Clark","1643","President and Vice President of the United States","Skousen, Joel and Combs, Rik","0"
"Clark","1643","President and Vice President of the United States","Trump, Donald J. and Vance, JD","345"
"Clark","1645","President and Vice President of the United States","Harris, Kamala D. and Walz, Tim","1155"
"Clark","1645","President and Vice President of the United States","None Of These Candidates","27"
"Clark","1645","President and Vice President of the United States","Oliver, Chase and ter Maat, Michael","3"
"Clark","1645","President and Vice President of the United States","Skousen, Joel and Combs, Rik","5"
"Clark","1645","President and Vice President of the United States","Trump, Donald J. and Vance, JD","789"
"Clark","1651","President and Vice President of the United States","Harris, Kamala D. and Walz, Tim","1087"
"Clark","1651","President and Vice President of the United States","None Of These Candidates","19"
"Clark","1651","President and Vice President of the United States","Oliver, Chase and ter Maat, Michael","14"
"Clark","1651","President and Vice President of the United States","Skousen, Joel and Combs, Rik","3"
"Clark","1651","President and Vice President of the United States","Trump, Donald J. and Vance, JD","1228"
"Clark","1653","President and Vice President of the United States","Harris, Kamala D. and Walz, Tim","673"
"Clark","1653","President and Vice President of the United States","None Of These Candidates","20"
"Clark","1653","President and Vice President of the United States","Oliver, Chase and ter Maat, Michael","9"
"Clark","1653","President and Vice President of the United States","Skousen, Joel and Combs, Rik","1"
"Clark","1653","President and Vice President of the United States","Trump, Donald J. and Vance, JD","484"
"Clark","1660","President and Vice President of the United States","Harris, Kamala D. and Walz, Tim","831"
"Clark","1660","President and Vice President of the United States","None Of These Candidates","22"
"Clark","1660","President and Vice President of the United States","Oliver, Chase and ter Maat, Michael","8"
"Clark","1660","President and Vice President of the United States","Skousen, Joel and Combs, Rik","1"
"Clark","1660","President and Vice President of the United States","Trump, Donald J. and Vance, JD","771"
"Clark","1664","President and Vice President of the United States","Harris, Kamala D. and Walz, Tim","384"
"Clark","1664","President and Vice President of the United States","None Of These Candidates","10"
"Clark","1664","President and Vice President of the United States","Oliver, Chase and ter Maat, Michael","7"
"Clark","1664","President and Vice President of the United States","Skousen, Joel and Combs, Rik","1"
"Clark","1664","President and Vice President of the United States","Trump, Donald J. and Vance, JD","501"
"Clark","1665","President and Vice President of the United States","Harris, Kamala D. and Walz, Tim","0"
"Clark","1665","President and Vice President of the United States","None Of These Candidates","0"
"Clark","1665","President and Vice President of the United States","Oliver, Chase and ter Maat, Michael","0"
"Clark","1665","President and Vice President of the United States","Skousen, Joel and Combs, Rik","0"
"Clark","1665","President and Vice President of the United States","Trump, Donald J. and Vance, JD","0"
"Clark","1668","President and Vice President of the United States","Harris, Kamala D. and Walz, Tim","1827"
"Clark","1668","President and Vice President of the United States","None Of These Candidates","34"
"Clark","1668","President and Vice President of the United States","Oliver, Chase and ter Maat, Michael","16"
"Clark","1668","President and Vice President of the United States","Skousen, Joel and Combs, Rik","4"
"Clark","1668","President and Vice President of the United States","Trump, Donald J. and Vance, JD","2091"
"Clark","1669","President and Vice President of the United States","Harris, Kamala D. and Walz, Tim","1314"
"Clark","1669","President and Vice President of the United States","None Of These Candidates","26"
"Clark","1669","President and Vice President of the United States","Oliver, Chase and ter Maat, Michael","14"
"Clark","1669","President and Vice President of the United States","Skousen, Joel and Combs, Rik","2"
"Clark","1669","President and Vice President of the United States","Trump, Donald J. and Vance, JD","1185"
"Clark","1671","President and Vice President of the United States","Harris, Kamala D. and Walz, Tim","5"
"Clark","1671","President and Vice President of the United States","None Of These Candidates","2"
"Clark","1671","President and Vice President of the United States","Oliver, Chase and ter Maat, Michael","0"
"Clark","1671","President and Vice President of the United States","Skousen, Joel and Combs, Rik","0"
"Clark","1671","President and Vice President of the United States","Trump, Donald J. and Vance, JD","15"
"Clark","1672","President and Vice President of the United States","Harris, Kamala D. and Walz, Tim","1329"
"Clark","1672","President and Vice President of the United States","None Of These Candidates","34"
"Clark","1672","President and Vice President of the United States","Oliver, Chase and ter Maat, Michael","13"
"Clark","1672","President and Vice President of the United States","Skousen, Joel and Combs, Rik","3"
"Clark","1672","President and Vice President of the United States","Trump, Donald J. and Vance, JD","1419"
"Clark","1674","President and Vice President of the United States","Harris, Kamala D. and Walz, Tim","656"
"Clark","1674","President and Vice President of the United States","None Of These Candidates","34"
"Clark","1674","President and Vice President of the United States","Oliver, Chase and ter Maat, Michael","5"
"Clark","1674","President and Vice President of the United States","Skousen, Joel and Combs, Rik","2"
"Clark","1674","President and Vice President of the United States","Trump, Donald J. and Vance, JD","893"
"Clark","1677","President and Vice President of the United States","Harris, Kamala D. and Walz, Tim","975"
"Clark","1677","President and Vice President of the United States","None Of These Candidates","20"
"Clark","1677","President and Vice President of the United States","Oliver, Chase and ter Maat, Michael","10"
"Clark","1677","President and Vice President of the United States","Skousen, Joel and Combs, Rik","2"
"Clark","1677","President and Vice President of the United States","Trump, Donald J. and Vance, JD","1071"
"Clark","1679","President and Vice President of the United States","Harris, Kamala D. and Walz, Tim","350"
"Clark","1679","President and Vice President of the United States","None Of These Candidates","12"
"Clark","1679","President and Vice President of the United States","Oliver, Chase and ter Maat, Michael","1"
"Clark","1679","President and Vice President of the United States","Skousen, Joel and Combs, Rik","1"
"Clark","1679","President and Vice President of the United States","Trump, Donald J. and Vance, JD","474"
"Clark","1680","President and Vice President of the United States","Harris, Kamala D. and Walz, Tim","765"
"Clark","1680","President and Vice President of the United States","None Of These Candidates","18"
"Clark","1680","President and Vice President of the United States","Oliver, Chase and ter Maat, Michael","4"
"Clark","1680","President and Vice President of the United States","Skousen, Joel and Combs, Rik","2"
"Clark","1680","President and Vice President of the United States","Trump, Donald J. and Vance, JD","752"
"Clark","1682","President and Vice President of the United States","Harris, Kamala D. and Walz, Tim","1261"
"Clark","1682","President and Vice President of the United States","None Of These Candidates","26"
"Clark","1682","President and Vice President of the United States","Oliver, Chase and ter Maat, Michael","14"
"Clark","1682","President and Vice President of the United States","Skousen, Joel and Combs, Rik","5"
"Clark","1682","President and Vice President of the United States","Trump, Donald J. and Vance, JD","1051"
"Clark","1685","President and Vice President of the United States","Harris, Kamala D. and Walz, Tim","354"
"Clark","1685","President and Vice President of the United States","None Of These Candidates","16"
"Clark","1685","President and Vice President of the United States","Oliver, Chase and ter Maat, Michael","7"
"Clark","1685","President and Vice President of the United States","Skousen, Joel and Combs, Rik","2"
"Clark","1685","President and Vice President of the United States","Trump, Donald J. and Vance, JD","557"
"Clark","1688","President and Vice President of the United States","Harris, Kamala D. and Walz, Tim","500"
"Clark","1688","President and Vice President of the United States","None Of These Candidates","18"
"Clark","1688","President and Vice President of the United States","Oliver, Chase and ter Maat, Michael","3"
"Clark","1688","President and Vice President of the United States","Skousen, Joel and Combs, Rik","4"
"Clark","1688","President and Vice President of the United States","Trump, Donald J. and Vance, JD","479"
"Clark","1689","President and Vice President of the United States","Harris, Kamala D. and Walz, Tim","866"
"Clark","1689","President and Vice President of the United States","None Of These Candidates","16"
"Clark","1689","President and Vice President of the United States","Oliver, Chase and ter Maat, Michael","1"
"Clark","1689","President and Vice President of the United States","Skousen, Joel and Combs, Rik","5"
"Clark","1689","President and Vice President of the United States","Trump, Donald J. and Vance, JD","787"
"Clark","1695","President and Vice President of the United States","Harris, Kamala D. and Walz, Tim","243"
"Clark","1695","President and Vice President of the United States","None Of These Candidates","4"
"Clark","1695","President and Vice President of the United States","Oliver, Chase and ter Maat, Michael","2"
"Clark","1695","President and Vice President of the United States","Skousen, Joel and Combs, Rik","1"
"Clark","1695","President and Vice President of the United States","Trump, Donald J. and Vance, JD","519"
"Clark","1696","President and Vice President of the United States","Harris, Kamala D. and Walz, Tim","1098"
"Clark","1696","President and Vice President of the United States","None Of These Candidates","23"
"Clark","1696","President and Vice President of the United States","Oliver, Chase and ter Maat, Michael","9"
"Clark","1696","President and Vice President of the United States","Skousen, Joel and Combs, Rik","1"
"Clark","1696","President and Vice President of the United States","Trump, Donald J. and Vance, JD","1102"
"Clark","1700","President and Vice President of the United States","Harris, Kamala D. and Walz, Tim","1373"
"Clark","1700","President and Vice President of the United States","None Of These Candidates","39"
"Clark","1700","President and Vice President of the United States","Oliver, Chase and ter Maat, Michael","11"
"Clark","1700","President and Vice President of the United States","Skousen, Joel and Combs, Rik","4"
"Clark","1700","President and Vice President of the United States","Trump, Donald J. and Vance, JD","1219"
"Clark","1702","President and Vice President of the United States","Harris, Kamala D. and Walz, Tim","691"
"Clark","1702","President and Vice President of the United States","None Of These Candidates","19"
"Clark","1702","President and Vice President of the United States","Oliver, Chase and ter Maat, Michael","4"
"Clark","1702","President and Vice President of the United States","Skousen, Joel and Combs, Rik","2"
"Clark","1702","President and Vice President of the United States","Trump, Donald J. and Vance, JD","920"
"Clark","1706","President and Vice President of the United States","Harris, Kamala D. and Walz, Tim","63"
"Clark","1706","President and Vice President of the United States","None Of These Candidates","2"
"Clark","1706","President and Vice President of the United States","Oliver, Chase and ter Maat, Michael","0"
"Clark","1706","President and Vice President of the United States","Skousen, Joel and Combs, Rik","0"
"Clark","1706","President and Vice President of the United States","Trump, Donald J. and Vance, JD","58"
"Clark","1712","President and Vice President of the United States","Harris, Kamala D. and Walz, Tim","1150"
"Clark","1712","President and Vice President of the United States","None Of These Candidates","13"
"Clark","1712","President and Vice President of the United States","Oliver, Chase and ter Maat, Michael","8"
"Clark","1712","President and Vice President of the United States","Skousen, Joel and Combs, Rik","5"
"Clark","1712","President and Vice President of the United States","Trump, Donald J. and Vance, JD","1229"
"Clark","1715","President and Vice President of the United States","Harris, Kamala D. and Walz, Tim","1000"
"Clark","1715","President and Vice President of the United States","None Of These Candidates","37"
"Clark","1715","President and Vice President of the United States","Oliver, Chase and ter Maat, Michael","7"
"Clark","1715","President and Vice President of the United States","Skousen, Joel and Combs, Rik","4"
"Clark","1715","President and Vice President of the United States","Trump, Donald J. and Vance, JD","1368"
"Clark","1717","President and Vice President of the United States","Harris, Kamala D. and Walz, Tim","1157"
"Clark","1717","President and Vice President of the United States","None Of These Candidates","34"
"Clark","1717","President and Vice President of the United States","Oliver, Chase and ter Maat, Michael","5"
"Clark","1717","President and Vice President of the United States","Skousen, Joel and Combs, Rik","1"
"Clark","1717","President and Vice President of the United States","Trump, Donald J. and Vance, JD","1348"
"Clark","1719","President and Vice President of the United States","Harris, Kamala D. and Walz, Tim","338"
"Clark","1719","President and Vice President of the United States","None Of These Candidates","13"
"Clark","1719","President and Vice President of the United States","Oliver, Chase and ter Maat, Michael","0"
"Clark","1719","President and Vice President of the United States","Skousen, Joel and Combs, Rik","0"
"Clark","1719","President and Vice President of the United States","Trump, Donald J. and Vance, JD","371"
"Clark","1732","President and Vice President of the United States","Harris, Kamala D. and Walz, Tim","*"
"Clark","1732","President and Vice President of the United States","None Of These Candidates","*"
"Clark","1732","President and Vice President of the United States","Oliver, Chase and ter Maat, Michael","*"
"Clark","1732","President and Vice President of the United States","Skousen, Joel and Combs, Rik","*"
"Clark","1732","President and Vice President of the United States","Trump, Donald J. and Vance, JD","*"
"Clark","1750","President and Vice President of the United States","Harris, Kamala D. and Walz, Tim","475"
"Clark","1750","President and Vice President of the United States","None Of These Candidates","9"
"Clark","1750","President and Vice President of the United States","Oliver, Chase and ter Maat, Michael","6"
"Clark","1750","President and Vice President of the United States","Skousen, Joel and Combs, Rik","4"
"Clark","1750","President and Vice President of the United States","Trump, Donald J. and Vance, JD","748"
"Clark","1751","President and Vice President of the United States","Harris, Kamala D. and Walz, Tim","340"
"Clark","1751","President and Vice President of the United States","None Of These Candidates","15"
"Clark","1751","President and Vice President of the United States","Oliver, Chase and ter Maat, Michael","4"
"Clark","1751","President and Vice President of the United States","Skousen, Joel and Combs, Rik","1"
"Clark","1751","President and Vice President of the United States","Trump, Donald J. and Vance, JD","858"
"Clark","1753","President and Vice President of the United States","Harris, Kamala D. and Walz, Tim","62"
"Clark","1753","President and Vice President of the United States","None Of These Candidates","2"
"Clark","1753","President and Vice President of the United States","Oliver, Chase and ter Maat, Michael","0"
"Clark","1753","President and Vice President of the United States","Skousen, Joel and Combs, Rik","0"
"Clark","1753","President and Vice President of the United States","Trump, Donald J. and Vance, JD","164"
"Clark","2000","President and Vice President of the United States","Harris, Kamala D. and Walz, Tim","0"
"Clark","2000","President and Vice President of the United States","None Of These Candidates","0"
"Clark","2000","President and Vice President of the United States","Oliver, Chase and ter Maat, Michael","0"
"Clark","2000","President and Vice President of the United States","Skousen, Joel and Combs, Rik","0"
"Clark","2000","President and Vice President of the United States","Trump, Donald J. and Vance, JD","0"
"Clark","2002","President and Vice President of the United States","Harris, Kamala D. and Walz, Tim","7"
"Clark","2002","President and Vice President of the United States","None Of These Candidates","0"
"Clark","2002","President and Vice President of the United States","Oliver, Chase and ter Maat, Michael","0"
"Clark","2002","President and Vice President of the United States","Skousen, Joel and Combs, Rik","0"
"Clark","2002","President and Vice President of the United States","Trump, Donald J. and Vance, JD","14"
"Clark","2003","President and Vice President of the United States","Harris, Kamala D. and Walz, Tim","394"
"Clark","2003","President and Vice President of the United States","None Of These Candidates","10"
"Clark","2003","President and Vice President of the United States","Oliver, Chase and ter Maat, Michael","2"
"Clark","2003","President and Vice President of the United States","Skousen, Joel and Combs, Rik","4"
"Clark","2003","President and Vice President of the United States","Trump, Donald J. and Vance, JD","288"
"Clark","2004","President and Vice President of the United States","Harris, Kamala D. and Walz, Tim","543"
"Clark","2004","President and Vice President of the United States","None Of These Candidates","14"
"Clark","2004","President and Vice President of the United States","Oliver, Chase and ter Maat, Michael","9"
"Clark","2004","President and Vice President of the United States","Skousen, Joel and Combs, Rik","2"
"Clark","2004","President and Vice President of the United States","Trump, Donald J. and Vance, JD","461"
"Clark","2005","President and Vice President of the United States","Harris, Kamala D. and Walz, Tim","853"
"Clark","2005","President and Vice President of the United States","None Of These Candidates","29"
"Clark","2005","President and Vice President of the United States","Oliver, Chase and ter Maat, Michael","10"
"Clark","2005","President and Vice President of the United States","Skousen, Joel and Combs, Rik","6"
"Clark","2005","President and Vice President of the United States","Trump, Donald J. and Vance, JD","754"
"Clark","2007","President and Vice President of the United States","Harris, Kamala D. and Walz, Tim","160"
"Clark","2007","President and Vice President of the United States","None Of These Candidates","6"
"Clark","2007","President and Vice President of the United States","Oliver, Chase and ter Maat, Michael","3"
"Clark","2007","President and Vice President of the United States","Skousen, Joel and Combs, Rik","0"
"Clark","2007","President and Vice President of the United States","Trump, Donald J. and Vance, JD","275"
"Clark","2008","President and Vice President of the United States","Harris, Kamala D. and Walz, Tim","1093"
"Clark","2008","President and Vice President of the United States","None Of These Candidates","21"
"Clark","2008","President and Vice President of the United States","Oliver, Chase and ter Maat, Michael","10"
"Clark","2008","President and Vice President of the United States","Skousen, Joel and Combs, Rik","3"
"Clark","2008","President and Vice President of the United States","Trump, Donald J. and Vance, JD","1207"
"Clark","2009","President and Vice President of the United States","Harris, Kamala D. and Walz, Tim","598"
"Clark","2009","President and Vice President of the United States","None Of These Candidates","9"
"Clark","2009","President and Vice President of the United States","Oliver, Chase and ter Maat, Michael","4"
"Clark","2009","President and Vice President of the United States","Skousen, Joel and Combs, Rik","1"
"Clark","2009","President and Vice President of the United States","Trump, Donald J. and Vance, JD","410"
"Clark","2010","President and Vice President of the United States","Harris, Kamala D. and Walz, Tim","19"
"Clark","2010","President and Vice President of the United States","None Of These Candidates","1"
"Clark","2010","President and Vice President of the United States","Oliver, Chase and ter Maat, Michael","0"
"Clark","2010","President and Vice President of the United States","Skousen, Joel and Combs, Rik","0"
"Clark","2010","President and Vice President of the United States","Trump, Donald J. and Vance, JD","31"
"Clark","2011","President and Vice President of the United States","Harris, Kamala D. and Walz, Tim","560"
"Clark","2011","President and Vice President of the United States","None Of These Candidates","17"
"Clark","2011","President and Vice President of the United States","Oliver, Chase and ter Maat, Michael","6"
"Clark","2011","President and Vice President of the United States","Skousen, Joel and Combs, Rik","0"
"Clark","2011","President and Vice President of the United States","Trump, Donald J. and Vance, JD","478"
"Clark","2012","President and Vice President of the United States","Harris, Kamala D. and Walz, Tim","*"
"Clark","2012","President and Vice President of the United States","None Of These Candidates","*"
"Clark","2012","President and Vice President of the United States","Oliver, Chase and ter Maat, Michael","*"
"Clark","2012","President and Vice President of the United States","Skousen, Joel and Combs, Rik","*"
"Clark","2012","President and Vice President of the United States","Trump, Donald J. and Vance, JD","*"
"Clark","2013","President and Vice President of the United States","Harris, Kamala D. and Walz, Tim","468"
"Clark","2013","President and Vice President of the United States","None Of These Candidates","6"
"Clark","2013","President and Vice President of the United States","Oliver, Chase and ter Maat, Michael","6"
"Clark","2013","President and Vice President of the United States","Skousen, Joel and Combs, Rik","1"
"Clark","2013","President and Vice President of the United States","Trump, Donald J. and Vance, JD","235"
"Clark","2014","President and Vice President of the United States","Harris, Kamala D. and Walz, Tim","1283"
"Clark","2014","President and Vice President of the United States","None Of These Candidates","35"
"Clark","2014","President and Vice President of the United States","Oliver, Chase and ter Maat, Michael","6"
"Clark","2014","President and Vice President of the United States","Skousen, Joel and Combs, Rik","1"
"Clark","2014","President and Vice President of the United States","Trump, Donald J. and Vance, JD","751"
"Clark","2015","President and Vice President of the United States","Harris, Kamala D. and Walz, Tim","921"
"Clark","2015","President and Vice President of the United States","None Of These Candidates","28"
"Clark","2015","President and Vice President of the United States","Oliver, Chase and ter Maat, Michael","11"
"Clark","2015","President and Vice President of the United States","Skousen, Joel and Combs, Rik","4"
"Clark","2015","President and Vice President of the United States","Trump, Donald J. and Vance, JD","682"
"Clark","2016","President and Vice President of the United States","Harris, Kamala D. and Walz, Tim","59"
"Clark","2016","President and Vice President of the United States","None Of These Candidates","1"
"Clark","2016","President and Vice President of the United States","Oliver, Chase and ter Maat, Michael","2"
"Clark","2016","President and Vice President of the United States","Skousen, Joel and Combs, Rik","0"
"Clark","2016","President and Vice President of the United States","Trump, Donald J. and Vance, JD","81"
"Clark","2017","President and Vice President of the United States","Harris, Kamala D. and Walz, Tim","0"
"Clark","2017","President and Vice President of the United States","None Of These Candidates","0"
"Clark","2017","President and Vice President of the United States","Oliver, Chase and ter Maat, Michael","0"
"Clark","2017","President and Vice President of the United States","Skousen, Joel and Combs, Rik","0"
"Clark","2017","President and Vice President of the United States","Trump, Donald J. and Vance, JD","0"
"Clark","2019","President and Vice President of the United States","Harris, Kamala D. and Walz, Tim","67"
"Clark","2019","President and Vice President of the United States","None Of These Candidates","0"
"Clark","2019","President and Vice President of the United States","Oliver, Chase and ter Maat, Michael","0"
"Clark","2019","President and Vice President of the United States","Skousen, Joel and Combs, Rik","0"
"Clark","2019","President and Vice President of the United States","Trump, Donald J. and Vance, JD","118"
"Clark","2020","President and Vice President of the United States","Harris, Kamala D. and Walz, Tim","0"
"Clark","2020","President and Vice President of the United States","None Of These Candidates","0"
"Clark","2020","President and Vice President of the United States","Oliver, Chase and ter Maat, Michael","0"
"Clark","2020","President and Vice President of the United States","Skousen, Joel and Combs, Rik","0"
"Clark","2020","President and Vice President of the United States","Trump, Donald J. and Vance, JD","0"
"Clark","2021","President and Vice President of the United States","Harris, Kamala D. and Walz, Tim","1256"
"Clark","2021","President and Vice President of the United States","None Of These Candidates","26"
"Clark","2021","President and Vice President of the United States","Oliver, Chase and ter Maat, Michael","7"
"Clark","2021","President and Vice President of the United States","Skousen, Joel and Combs, Rik","4"
"Clark","2021","President and Vice President of the United States","Trump, Donald J. and Vance, JD","707"
"Clark","2023","President and Vice President of the United States","Harris, Kamala D. and Walz, Tim","516"
"Clark","2023","President and Vice President of the United States","None Of These Candidates","4"
"Clark","2023","President and Vice President of the United States","Oliver, Chase and ter Maat, Michael","9"
"Clark","2023","President and Vice President of the United States","Skousen, Joel and Combs, Rik","1"
"Clark","2023","President and Vice President of the United States","Trump, Donald J. and Vance, JD","355"
"Clark","2025","President and Vice President of the United States","Harris, Kamala D. and Walz, Tim","908"
"Clark","2025","President and Vice President of the United States","None Of These Candidates","20"
"Clark","2025","President and Vice President of the United States","Oliver, Chase and ter Maat, Michael","8"
"Clark","2025","President and Vice President of the United States","Skousen, Joel and Combs, Rik","3"
"Clark","2025","President and Vice President of the United States","Trump, Donald J. and Vance, JD","452"
"Clark","2028","President and Vice President of the United States","Harris, Kamala D. and Walz, Tim","1067"
"Clark","2028","President and Vice President of the United States","None Of These Candidates","27"
"Clark","2028","President and Vice President of the United States","Oliver, Chase and ter Maat, Michael","10"
"Clark","2028","President and Vice President of the United States","Skousen, Joel and Combs, Rik","4"
"Clark","2028","President and Vice President of the United States","Trump, Donald J. and Vance, JD","742"
"Clark","2029","President and Vice President of the United States","Harris, Kamala D. and Walz, Tim","64"
"Clark","2029","President and Vice President of the United States","None Of These Candidates","1"
"Clark","2029","President and Vice President of the United States","Oliver, Chase and ter Maat, Michael","1"
"Clark","2029","President and Vice President of the United States","Skousen, Joel and Combs, Rik","0"
"Clark","2029","President and Vice President of the United States","Trump, Donald J. and Vance, JD","28"
"Clark","2030","President and Vice President of the United States","Harris, Kamala D. and Walz, Tim","602"
"Clark","2030","President and Vice President of the United States","None Of These Candidates","15"
"Clark","2030","President and Vice President of the United States","Oliver, Chase and ter Maat, Michael","3"
"Clark","2030","President and Vice President of the United States","Skousen, Joel and Combs, Rik","0"
"Clark","2030","President and Vice President of the United States","Trump, Donald J. and Vance, JD","363"
"Clark","2032","President and Vice President of the United States","Harris, Kamala D. and Walz, Tim","466"
"Clark","2032","President and Vice President of the United States","None Of These Candidates","6"
"Clark","2032","President and Vice President of the United States","Oliver, Chase and ter Maat, Michael","1"
"Clark","2032","President and Vice President of the United States","Skousen, Joel and Combs, Rik","2"
"Clark","2032","President and Vice President of the United States","Trump, Donald J. and Vance, JD","304"
"Clark","2033","President and Vice President of the United States","Harris, Kamala D. and Walz, Tim","874"
"Clark","2033","President and Vice President of the United States","None Of These Candidates","21"
"Clark","2033","President and Vice President of the United States","Oliver, Chase and ter Maat, Michael","5"
"Clark","2033","President and Vice President of the United States","Skousen, Joel and Combs, Rik","3"
"Clark","2033","President and Vice President of the United States","Trump, Donald J. and Vance, JD","786"
"Clark","2036","President and Vice President of the United States","Harris, Kamala D. and Walz, Tim","1237"
"Clark","2036","President and Vice President of the United States","None Of These Candidates","27"
"Clark","2036","President and Vice President of the United States","Oliver, Chase and ter Maat, Michael","13"
"Clark","2036","President and Vice President of the United States","Skousen, Joel and Combs, Rik","2"
"Clark","2036","President and Vice President of the United States","Trump, Donald J. and Vance, JD","729"
"Clark","2037","President and Vice President of the United States","Harris, Kamala D. and Walz, Tim","1181"
"Clark","2037","President and Vice President of the United States","None Of These Candidates","32"
"Clark","2037","President and Vice President of the United States","Oliver, Chase and ter Maat, Michael","13"
"Clark","2037","President and Vice President of the United States","Skousen, Joel and Combs, Rik","6"
"Clark","2037","President and Vice President of the United States","Trump, Donald J. and Vance, JD","1489"
"Clark","2040","President and Vice President of the United States","Harris, Kamala D. and Walz, Tim","22"
"Clark","2040","President and Vice President of the United States","None Of These Candidates","2"
"Clark","2040","President and Vice President of the United States","Oliver, Chase and ter Maat, Michael","0"
"Clark","2040","President and Vice President of the United States","Skousen, Joel and Combs, Rik","1"
"Clark","2040","President and Vice President of the United States","Trump, Donald J. and Vance, JD","20"
"Clark","2042","President and Vice President of the United States","Harris, Kamala D. and Walz, Tim","11"
"Clark","2042","President and Vice President of the United States","None Of These Candidates","0"
"Clark","2042","President and Vice President of the United States","Oliver, Chase and ter Maat, Michael","0"
"Clark","2042","President and Vice President of the United States","Skousen, Joel and Combs, Rik","0"
"Clark","2042","President and Vice President of the United States","Trump, Donald J. and Vance, JD","3"
"Clark","2045","President and Vice President of the United States","Harris, Kamala D. and Walz, Tim","179"
"Clark","2045","President and Vice President of the United States","None Of These Candidates","4"
"Clark","2045","President and Vice President of the United States","Oliver, Chase and ter Maat, Michael","0"
"Clark","2045","President and Vice President of the United States","Skousen, Joel and Combs, Rik","1"
"Clark","2045","President and Vice President of the United States","Trump, Donald J. and Vance, JD","183"
"Clark","2046","President and Vice President of the United States","Harris, Kamala D. and Walz, Tim","1138"
"Clark","2046","President and Vice President of the United States","None Of These Candidates","16"
"Clark","2046","President and Vice President of the United States","Oliver, Chase and ter Maat, Michael","7"
"Clark","2046","President and Vice President of the United States","Skousen, Joel and Combs, Rik","4"
"Clark","2046","President and Vice President of the United States","Trump, Donald J. and Vance, JD","685"
"Clark","2047","President and Vice President of the United States","Harris, Kamala D. and Walz, Tim","417"
"Clark","2047","President and Vice President of the United States","None Of These Candidates","5"
"Clark","2047","President and Vice President of the United States","Oliver, Chase and ter Maat, Michael","1"
"Clark","2047","President and Vice President of the United States","Skousen, Joel and Combs, Rik","1"
"Clark","2047","President and Vice President of the United States","Trump, Donald J. and Vance, JD","274"
"Clark","2048","President and Vice President of the United States","Harris, Kamala D. and Walz, Tim","1517"
"Clark","2048","President and Vice President of the United States","None Of These Candidates","36"
"Clark","2048","President and Vice President of the United States","Oliver, Chase and ter Maat, Michael","7"
"Clark","2048","President and Vice President of the United States","Skousen, Joel and Combs, Rik","7"
"Clark","2048","President and Vice President of the United States","Trump, Donald J. and Vance, JD","1299"
"Clark","2049","President and Vice President of the United States","Harris, Kamala D. and Walz, Tim","859"
"Clark","2049","President and Vice President of the United States","None Of These Candidates","22"
"Clark","2049","President and Vice President of the United States","Oliver, Chase and ter Maat, Michael","10"
"Clark","2049","President and Vice President of the United States","Skousen, Joel and Combs, Rik","4"
"Clark","2049","President and Vice President of the United States","Trump, Donald J. and Vance, JD","789"
"Clark","2051","President and Vice President of the United States","Harris, Kamala D. and Walz, Tim","1212"
"Clark","2051","President and Vice President of the United States","None Of These Candidates","36"
"Clark","2051","President and Vice President of the United States","Oliver, Chase and ter Maat, Michael","8"
"Clark","2051","President and Vice President of the United States","Skousen, Joel and Combs, Rik","4"
"Clark","2051","President and Vice President of the United States","Trump, Donald J. and Vance, JD","1223"
"Clark","2052","President and Vice President of the United States","Harris, Kamala D. and Walz, Tim","20"
"Clark","2052","President and Vice President of the United States","None Of These Candidates","2"
"Clark","2052","President and Vice President of the United States","Oliver, Chase and ter Maat, Michael","0"
"Clark","2052","President and Vice President of the United States","Skousen, Joel and Combs, Rik","0"
"Clark","2052","President and Vice President of the United States","Trump, Donald J. and Vance, JD","50"
"Clark","2053","President and Vice President of the United States","Harris, Kamala D. and Walz, Tim","314"
"Clark","2053","President and Vice President of the United States","None Of These Candidates","12"
"Clark","2053","President and Vice President of the United States","Oliver, Chase and ter Maat, Michael","1"
"Clark","2053","President and Vice President of the United States","Skousen, Joel and Combs, Rik","3"
"Clark","2053","President and Vice President of the United States","Trump, Donald J. and Vance, JD","725"
"Clark","2054","President and Vice President of the United States","Harris, Kamala D. and Walz, Tim","744"
"Clark","2054","President and Vice President of the United States","None Of These Candidates","23"
"Clark","2054","President and Vice President of the United States","Oliver, Chase and ter Maat, Michael","10"
"Clark","2054","President and Vice President of the United States","Skousen, Joel and Combs, Rik","5"
"Clark","2054","President and Vice President of the United States","Trump, Donald J. and Vance, JD","1021"
"Clark","2055","President and Vice President of the United States","Harris, Kamala D. and Walz, Tim","908"
"Clark","2055","President and Vice President of the United States","None Of These Candidates","35"
"Clark","2055","President and Vice President of the United States","Oliver, Chase and ter Maat, Michael","11"
"Clark","2055","President and Vice President of the United States","Skousen, Joel and Combs, Rik","5"
"Clark","2055","President and Vice President of the United States","Trump, Donald J. and Vance, JD","1557"
"Clark","2056","President and Vice President of the United States","Harris, Kamala D. and Walz, Tim","49"
"Clark","2056","President and Vice President of the United States","None Of These Candidates","0"
"Clark","2056","President and Vice President of the United States","Oliver, Chase and ter Maat, Michael","0"
"Clark","2056","President and Vice President of the United States","Skousen, Joel and Combs, Rik","0"
"Clark","2056","President and Vice President of the United States","Trump, Donald J. and Vance, JD","99"
"Clark","2057","President and Vice President of the United States","Harris, Kamala D. and Walz, Tim","0"
"Clark","2057","President and Vice President of the United States","None Of These Candidates","0"
"Clark","2057","President and Vice President of the United States","Oliver, Chase and ter Maat, Michael","0"
"Clark","2057","President and Vice President of the United States","Skousen, Joel and Combs, Rik","0"
"Clark","2057","President and Vice President of the United States","Trump, Donald J. and Vance, JD","0"
"Clark","2059","President and Vice President of the United States","Harris, Kamala D. and Walz, Tim","0"
"Clark","2059","President and Vice President of the United States","None Of These Candidates","0"
"Clark","2059","President and Vice President of the United States","Oliver, Chase and ter Maat, Michael","0"
"Clark","2059","President and Vice President of the United States","Skousen, Joel and Combs, Rik","0"
"Clark","2059","President and Vice President of the United States","Trump, Donald J. and Vance, JD","0"
"Clark","2060","President and Vice President of the United States","Harris, Kamala D. and Walz, Tim","280"
"Clark","2060","President and Vice President of the United States","None Of These Candidates","7"
"Clark","2060","President and Vice President of the United States","Oliver, Chase and ter Maat, Michael","3"
"Clark","2060","President and Vice President of the United States","Skousen, Joel and Combs, Rik","0"
"Clark","2060","President and Vice President of the United States","Trump, Donald J. and Vance, JD","299"
"Clark","2061","President and Vice President of the United States","Harris, Kamala D. and Walz, Tim","0"
"Clark","2061","President and Vice President of the United States","None Of These Candidates","0"
"Clark","2061","President and Vice President of the United States","Oliver, Chase and ter Maat, Michael","0"
"Clark","2061","President and Vice President of the United States","Skousen, Joel and Combs, Rik","0"
"Clark","2061","President and Vice President of the United States","Trump, Donald J. and Vance, JD","0"
"Clark","2063","President and Vice President of the United States","Harris, Kamala D. and Walz, Tim","417"
"Clark","2063","President and Vice President of the United States","None Of These Candidates","11"
"Clark","2063","President and Vice President of the United States","Oliver, Chase and ter Maat, Michael","2"
"Clark","2063","President and Vice President of the United States","Skousen, Joel and Combs, Rik","3"
"Clark","2063","President and Vice President of the United States","Trump, Donald J. and Vance, JD","246"
"Clark","2064","President and Vice President of the United States","Harris, Kamala D. and Walz, Tim","0"
"Clark","2064","President and Vice President of the United States","None Of These Candidates","0"
"Clark","2064","President and Vice President of the United States","Oliver, Chase and ter Maat, Michael","0"
"Clark","2064","President and Vice President of the United States","Skousen, Joel and Combs, Rik","0"
"Clark","2064","President and Vice President of the United States","Trump, Donald J. and Vance, JD","0"
"Clark","2065","President and Vice President of the United States","Harris, Kamala D. and Walz, Tim","586"
"Clark","2065","President and Vice President of the United States","None Of These Candidates","20"
"Clark","2065","President and Vice President of the United States","Oliver, Chase and ter Maat, Michael","10"
"Clark","2065","President and Vice President of the United States","Skousen, Joel and Combs, Rik","5"
"Clark","2065","President and Vice President of the United States","Trump, Donald J. and Vance, JD","781"
"Clark","2066","President and Vice President of the United States","Harris, Kamala D. and Walz, Tim","45"
"Clark","2066","President and Vice President of the United States","None Of These Candidates","0"
"Clark","2066","President and Vice President of the United States","Oliver, Chase and ter Maat, Michael","1"
"Clark","2066","President and Vice President of the United States","Skousen, Joel and Combs, Rik","0"
"Clark","2066","President and Vice President of the United States","Trump, Donald J. and Vance, JD","137"
"Clark","2067","President and Vice President of the United States","Harris, Kamala D. and Walz, Tim","598"
"Clark","2067","President and Vice President of the United States","None Of These Candidates","12"
"Clark","2067","President and Vice President of the United States","Oliver, Chase and ter Maat, Michael","2"
"Clark","2067","President and Vice President of the United States","Skousen, Joel and Combs, Rik","0"
"Clark","2067","President and Vice President of the United States","Trump, Donald J. and Vance, JD","628"
"Clark","2068","President and Vice President of the United States","Harris, Kamala D. and Walz, Tim","0"
"Clark","2068","President and Vice President of the United States","None Of These Candidates","0"
"Clark","2068","President and Vice President of the United States","Oliver, Chase and ter Maat, Michael","0"
"Clark","2068","President and Vice President of the United States","Skousen, Joel and Combs, Rik","0"
"Clark","2068","President and Vice President of the United States","Trump, Donald J. and Vance, JD","0"
"Clark","2069","President and Vice President of the United States","Harris, Kamala D. and Walz, Tim","0"
"Clark","2069","President and Vice President of the United States","None Of These Candidates","0"
"Clark","2069","President and Vice President of the United States","Oliver, Chase and ter Maat, Michael","0"
"Clark","2069","President and Vice President of the United States","Skousen, Joel and Combs, Rik","0"
"Clark","2069","President and Vice President of the United States","Trump, Donald J. and Vance, JD","0"
"Clark","2070","President and Vice President of the United States","Harris, Kamala D. and Walz, Tim","0"
"Clark","2070","President and Vice President of the United States","None Of These Candidates","0"
"Clark","2070","President and Vice President of the United States","Oliver, Chase and ter Maat, Michael","0"
"Clark","2070","President and Vice President of the United States","Skousen, Joel and Combs, Rik","0"
"Clark","2070","President and Vice President of the United States","Trump, Donald J. and Vance, JD","0"
"Clark","2072","President and Vice President of the United States","Harris, Kamala D. and Walz, Tim","115"
"Clark","2072","President and Vice President of the United States","None Of These Candidates","0"
"Clark","2072","President and Vice President of the United States","Oliver, Chase and ter Maat, Michael","0"
"Clark","2072","President and Vice President of the United States","Skousen, Joel and Combs, Rik","0"
"Clark","2072","President and Vice President of the United States","Trump, Donald J. and Vance, JD","177"
"Clark","2073","President and Vice President of the United States","Harris, Kamala D. and Walz, Tim","820"
"Clark","2073","President and Vice President of the United States","None Of These Candidates","19"
"Clark","2073","President and Vice President of the United States","Oliver, Chase and ter Maat, Michael","8"
"Clark","2073","President and Vice President of the United States","Skousen, Joel and Combs, Rik","5"
"Clark","2073","President and Vice President of the United States","Trump, Donald J. and Vance, JD","730"
"Clark","2074","President and Vice President of the United States","Harris, Kamala D. and Walz, Tim","1379"
"Clark","2074","President and Vice President of the United States","None Of These Candidates","28"
"Clark","2074","President and Vice President of the United States","Oliver, Chase and ter Maat, Michael","7"
"Clark","2074","President and Vice President of the United States","Skousen, Joel and Combs, Rik","4"
"Clark","2074","President and Vice President of the United States","Trump, Donald J. and Vance, JD","1027"
"Clark","2075","President and Vice President of the United States","Harris, Kamala D. and Walz, Tim","0"
"Clark","2075","President and Vice President of the United States","None Of These Candidates","0"
"Clark","2075","President and Vice President of the United States","Oliver, Chase and ter Maat, Michael","0"
"Clark","2075","President and Vice President of the United States","Skousen, Joel and Combs, Rik","0"
"Clark","2075","President and Vice President of the United States","Trump, Donald J. and Vance, JD","0"
"Clark","2077","President and Vice President of the United States","Harris, Kamala D. and Walz, Tim","478"
"Clark","2077","President and Vice President of the United States","None Of These Candidates","11"
"Clark","2077","President and Vice President of the United States","Oliver, Chase and ter Maat, Michael","4"
"Clark","2077","President and Vice President of the United States","Skousen, Joel and Combs, Rik","1"
"Clark","2077","President and Vice President of the United States","Trump, Donald J. and Vance, JD","301"
"Clark","2078","President and Vice President of the United States","Harris, Kamala D. and Walz, Tim","0"
"Clark","2078","President and Vice President of the United States","None Of These Candidates","0"
"Clark","2078","President and Vice President of the United States","Oliver, Chase and ter Maat, Michael","0"
"Clark","2078","President and Vice President of the United States","Skousen, Joel and Combs, Rik","0"
"Clark","2078","President and Vice President of the United States","Trump, Donald J. and Vance, JD","0"
"Clark","2079","President and Vice President of the United States","Harris, Kamala D. and Walz, Tim","72"
"Clark","2079","President and Vice President of the United States","None Of These Candidates","0"
"Clark","2079","President and Vice President of the United States","Oliver, Chase and ter Maat, Michael","3"
"Clark","2079","President and Vice President of the United States","Skousen, Joel and Combs, Rik","1"
"Clark","2079","President and Vice President of the United States","Trump, Donald J. and Vance, JD","226"
"Clark","2080","President and Vice President of the United States","Harris, Kamala D. and Walz, Tim","132"
"Clark","2080","President and Vice President of the United States","None Of These Candidates","9"
"Clark","2080","President and Vice President of the United States","Oliver, Chase and ter Maat, Michael","1"
"Clark","2080","President and Vice President of the United States","Skousen, Joel and Combs, Rik","0"
"Clark","2080","President and Vice President of the United States","Trump, Donald J. and Vance, JD","326"
"Clark","2081","President and Vice President of the United States","Harris, Kamala D. and Walz, Tim","30"
"Clark","2081","President and Vice President of the United States","None Of These Candidates","1"
"Clark","2081","President and Vice President of the United States","Oliver, Chase and ter Maat, Michael","0"
"Clark","2081","President and Vice President of the United States","Skousen, Joel and Combs, Rik","0"
"Clark","2081","President and Vice President of the United States","Trump, Donald J. and Vance, JD","31"
"Clark","2082","President and Vice President of the United States","Harris, Kamala D. and Walz, Tim","699"
"Clark","2082","President and Vice President of the United States","None Of These Candidates","24"
"Clark","2082","President and Vice President of the United States","Oliver, Chase and ter Maat, Michael","4"
"Clark","2082","President and Vice President of the United States","Skousen, Joel and Combs, Rik","3"
"Clark","2082","President and Vice President of the United States","Trump, Donald J. and Vance, JD","963"
"Clark","2086","President and Vice President of the United States","Harris, Kamala D. and Walz, Tim","825"
"Clark","2086","President and Vice President of the United States","None Of These Candidates","21"
"Clark","2086","President and Vice President of the United States","Oliver, Chase and ter Maat, Michael","1"
"Clark","2086","President and Vice President of the United States","Skousen, Joel and Combs, Rik","4"
"Clark","2086","President and Vice President of the United States","Trump, Donald J. and Vance, JD","463"
"Clark","2087","President and Vice President of the United States","Harris, Kamala D. and Walz, Tim","1427"
"Clark","2087","President and Vice President of the United States","None Of These Candidates","30"
"Clark","2087","President and Vice President of the United States","Oliver, Chase and ter Maat, Michael","9"
"Clark","2087","President and Vice President of the United States","Skousen, Joel and Combs, Rik","5"
"Clark","2087","President and Vice President of the United States","Trump, Donald J. and Vance, JD","779"
"Clark","2088","President and Vice President of the United States","Harris, Kamala D. and Walz, Tim","850"
"Clark","2088","President and Vice President of the United States","None Of These Candidates","12"
"Clark","2088","President and Vice President of the United States","Oliver, Chase and ter Maat, Michael","8"
"Clark","2088","President and Vice President of the United States","Skousen, Joel and Combs, Rik","1"
"Clark","2088","President and Vice President of the United States","Trump, Donald J. and Vance, JD","456"
"Clark","2126","President and Vice President of the United States","Harris, Kamala D. and Walz, Tim","813"
"Clark","2126","President and Vice President of the United States","None Of These Candidates","15"
"Clark","2126","President and Vice President of the United States","Oliver, Chase and ter Maat, Michael","9"
"Clark","2126","President and Vice President of the United States","Skousen, Joel and Combs, Rik","1"
"Clark","2126","President and Vice President of the United States","Trump, Donald J. and Vance, JD","726"
"Clark","2352","President and Vice President of the United States","Harris, Kamala D. and Walz, Tim","1154"
"Clark","2352","President and Vice President of the United States","None Of These Candidates","28"
"Clark","2352","President and Vice President of the United States","Oliver, Chase and ter Maat, Michael","3"
"Clark","2352","President and Vice President of the United States","Skousen, Joel and Combs, Rik","1"
"Clark","2352","President and Vice President of the United States","Trump, Donald J. and Vance, JD","1466"
"Clark","2356","President and Vice President of the United States","Harris, Kamala D. and Walz, Tim","0"
"Clark","2356","President and Vice President of the United States","None Of These Candidates","0"
"Clark","2356","President and Vice President of the United States","Oliver, Chase and ter Maat, Michael","0"
"Clark","2356","President and Vice President of the United States","Skousen, Joel and Combs, Rik","0"
"Clark","2356","President and Vice President of the United States","Trump, Donald J. and Vance, JD","0"
"Clark","2360","President and Vice President of the United States","Harris, Kamala D. and Walz, Tim","1053"
"Clark","2360","President and Vice President of the United States","None Of These Candidates","19"
"Clark","2360","President and Vice President of the United States","Oliver, Chase and ter Maat, Michael","6"
"Clark","2360","President and Vice President of the United States","Skousen, Joel and Combs, Rik","1"
"Clark","2360","President and Vice President of the United States","Trump, Donald J. and Vance, JD","537"
"Clark","2371","President and Vice President of the United States","Harris, Kamala D. and Walz, Tim","514"
"Clark","2371","President and Vice President of the United States","None Of These Candidates","15"
"Clark","2371","President and Vice President of the United States","Oliver, Chase and ter Maat, Michael","4"
"Clark","2371","President and Vice President of the United States","Skousen, Joel and Combs, Rik","2"
"Clark","2371","President and Vice President of the United States","Trump, Donald J. and Vance, JD","483"
"Clark","2372","President and Vice President of the United States","Harris, Kamala D. and Walz, Tim","1003"
"Clark","2372","President and Vice President of the United States","None Of These Candidates","28"
"Clark","2372","President and Vice President of the United States","Oliver, Chase and ter Maat, Michael","2"
"Clark","2372","President and Vice President of the United States","Skousen, Joel and Combs, Rik","5"
"Clark","2372","President and Vice President of the United States","Trump, Donald J. and Vance, JD","802"
"Clark","2384","President and Vice President of the United States","Harris, Kamala D. and Walz, Tim","181"
"Clark","2384","President and Vice President of the United States","None Of These Candidates","9"
"Clark","2384","President and Vice President of the United States","Oliver, Chase and ter Maat, Michael","3"
"Clark","2384","President and Vice President of the United States","Skousen, Joel and Combs, Rik","1"
"Clark","2384","President and Vice President of the United States","Trump, Donald J. and Vance, JD","171"
"Clark","2387","President and Vice President of the United States","Harris, Kamala D. and Walz, Tim","1134"
"Clark","2387","President and Vice President of the United States","None Of These Candidates","29"
"Clark","2387","President and Vice President of the United States","Oliver, Chase and ter Maat, Michael","8"
"Clark","2387","President and Vice President of the United States","Skousen, Joel and Combs, Rik","6"
"Clark","2387","President and Vice President of the United States","Trump, Donald J. and Vance, JD","799"
"Clark","2399","President and Vice President of the United States","Harris, Kamala D. and Walz, Tim","1102"
"Clark","2399","President and Vice President of the United States","None Of These Candidates","20"
"Clark","2399","President and Vice President of the United States","Oliver, Chase and ter Maat, Michael","4"
"Clark","2399","President and Vice President of the United States","Skousen, Joel and Combs, Rik","2"
"Clark","2399","President and Vice President of the United States","Trump, Donald J. and Vance, JD","766"
"Clark","2417","President and Vice President of the United States","Harris, Kamala D. and Walz, Tim","121"
"Clark","2417","President and Vice President of the United States","None Of These Candidates","1"
"Clark","2417","President and Vice President of the United States","Oliver, Chase and ter Maat, Michael","2"
"Clark","2417","President and Vice President of the United States","Skousen, Joel and Combs, Rik","1"
"Clark","2417","President and Vice President of the United States","Trump, Donald J. and Vance, JD","92"
"Clark","2430","President and Vice President of the United States","Harris, Kamala D. and Walz, Tim","379"
"Clark","2430","President and Vice President of the United States","None Of These Candidates","7"
"Clark","2430","President and Vice President of the United States","Oliver, Chase and ter Maat, Michael","5"
"Clark","2430","President and Vice President of the United States","Skousen, Joel and Combs, Rik","2"
"Clark","2430","President and Vice President of the United States","Trump, Donald J. and Vance, JD","301"
"Clark","2440","President and Vice President of the United States","Harris, Kamala D. and Walz, Tim","699"
"Clark","2440","President and Vice President of the United States","None Of These Candidates","5"
"Clark","2440","President and Vice President of the United States","Oliver, Chase and ter Maat, Michael","0"
"Clark","2440","President and Vice President of the United States","Skousen, Joel and Combs, Rik","3"
"Clark","2440","President and Vice President of the United States","Trump, Donald J. and Vance, JD","740"
"Clark","2444","President and Vice President of the United States","Harris, Kamala D. and Walz, Tim","133"
"Clark","2444","President and Vice President of the United States","None Of These Candidates","6"
"Clark","2444","President and Vice President of the United States","Oliver, Chase and ter Maat, Michael","2"
"Clark","2444","President and Vice President of the United States","Skousen, Joel and Combs, Rik","1"
"Clark","2444","President and Vice President of the United States","Trump, Donald J. and Vance, JD","132"
"Clark","2445","President and Vice President of the United States","Harris, Kamala D. and Walz, Tim","196"
"Clark","2445","President and Vice President of the United States","None Of These Candidates","7"
"Clark","2445","President and Vice President of the United States","Oliver, Chase and ter Maat, Michael","1"
"Clark","2445","President and Vice President of the United States","Skousen, Joel and Combs, Rik","0"
"Clark","2445","President and Vice President of the United States","Trump, Donald J. and Vance, JD","169"
"Clark","2449","President and Vice President of the United States","Harris, Kamala D. and Walz, Tim","1055"
"Clark","2449","President and Vice President of the United States","None Of These Candidates","26"
"Clark","2449","President and Vice President of the United States","Oliver, Chase and ter Maat, Michael","3"
"Clark","2449","President and Vice President of the United States","Skousen, Joel and Combs, Rik","4"
"Clark","2449","President and Vice President of the United States","Trump, Donald J. and Vance, JD","994"
"Clark","2457","President and Vice President of the United States","Harris, Kamala D. and Walz, Tim","1047"
"Clark","2457","President and Vice President of the United States","None Of These Candidates","33"
"Clark","2457","President and Vice President of the United States","Oliver, Chase and ter Maat, Michael","9"
"Clark","2457","President and Vice President of the United States","Skousen, Joel and Combs, Rik","2"
"Clark","2457","President and Vice President of the United States","Trump, Donald J. and Vance, JD","1266"
"Clark","2464","President and Vice President of the United States","Harris, Kamala D. and Walz, Tim","1324"
"Clark","2464","President and Vice President of the United States","None Of These Candidates","16"
"Clark","2464","President and Vice President of the United States","Oliver, Chase and ter Maat, Michael","2"
"Clark","2464","President and Vice President of the United States","Skousen, Joel and Combs, Rik","3"
"Clark","2464","President and Vice President of the United States","Trump, Donald J. and Vance, JD","965"
"Clark","2465","President and Vice President of the United States","Harris, Kamala D. and Walz, Tim","916"
"Clark","2465","President and Vice President of the United States","None Of These Candidates","21"
"Clark","2465","President and Vice President of the United States","Oliver, Chase and ter Maat, Michael","11"
"Clark","2465","President and Vice President of the United States","Skousen, Joel and Combs, Rik","6"
"Clark","2465","President and Vice President of the United States","Trump, Donald J. and Vance, JD","1591"
"Clark","2466","President and Vice President of the United States","Harris, Kamala D. and Walz, Tim","590"
"Clark","2466","President and Vice President of the United States","None Of These Candidates","11"
"Clark","2466","President and Vice President of the United States","Oliver, Chase and ter Maat, Michael","4"
"Clark","2466","President and Vice President of the United States","Skousen, Joel and Combs, Rik","2"
"Clark","2466","President and Vice President of the United States","Trump, Donald J. and Vance, JD","911"
"Clark","2468","President and Vice President of the United States","Harris, Kamala D. and Walz, Tim","0"
"Clark","2468","President and Vice President of the United States","None Of These Candidates","0"
"Clark","2468","President and Vice President of the United States","Oliver, Chase and ter Maat, Michael","0"
"Clark","2468","President and Vice President of the United States","Skousen, Joel and Combs, Rik","0"
"Clark","2468","President and Vice President of the United States","Trump, Donald J. and Vance, JD","0"
"Clark","2469","President and Vice President of the United States","Harris, Kamala D. and Walz, Tim","100"
"Clark","2469","President and Vice President of the United States","None Of These Candidates","10"
"Clark","2469","President and Vice President of the United States","Oliver, Chase and ter Maat, Michael","2"
"Clark","2469","President and Vice President of the United States","Skousen, Joel and Combs, Rik","0"
"Clark","2469","President and Vice President of the United States","Trump, Donald J. and Vance, JD","364"
"Clark","2473","President and Vice President of the United States","Harris, Kamala D. and Walz, Tim","234"
"Clark","2473","President and Vice President of the United States","None Of These Candidates","31"
"Clark","2473","President and Vice President of the United States","Oliver, Chase and ter Maat, Michael","10"
"Clark","2473","President and Vice President of the United States","Skousen, Joel and Combs, Rik","8"
"Clark","2473","President and Vice President of the United States","Trump, Donald J. and Vance, JD","1846"
"Clark","2477","President and Vice President of the United States","Harris, Kamala D. and Walz, Tim","348"
"Clark","2477","President and Vice President of the United States","None Of These Candidates","18"
"Clark","2477","President and Vice President of the United States","Oliver, Chase and ter Maat, Michael","2"
"Clark","2477","President and Vice President of the United States","Skousen, Joel and Combs, Rik","2"
"Clark","2477","President and Vice President of the United States","Trump, Donald J. and Vance, JD","815"
"Clark","2478","President and Vice President of the United States","Harris, Kamala D. and Walz, Tim","0"
"Clark","2478","President and Vice President of the United States","None Of These Candidates","0"
"Clark","2478","President and Vice President of the United States","Oliver, Chase and ter Maat, Michael","0"
"Clark","2478","President and Vice President of the United States","Skousen, Joel and Combs, Rik","0"
"Clark","2478","President and Vice President of the United States","Trump, Donald J. and Vance, JD","0"
"Clark","2479","President and Vice President of the United States","Harris, Kamala D. and Walz, Tim","1214"
"Clark","2479","President and Vice President of the United States","None Of These Candidates","28"
"Clark","2479","President and Vice President of the United States","Oliver, Chase and ter Maat, Michael","8"
"Clark","2479","President and Vice President of the United States","Skousen, Joel and Combs, Rik","2"
"Clark","2479","President and Vice President of the United States","Trump, Donald J. and Vance, JD","954"
"Clark","2480","President and Vice President of the United States","Harris, Kamala D. and Walz, Tim","461"
"Clark","2480","President and Vice President of the United States","None Of These Candidates","8"
"Clark","2480","President and Vice President of the United States","Oliver, Chase and ter Maat, Michael","4"
"Clark","2480","President and Vice President of the United States","Skousen, Joel and Combs, Rik","2"
"Clark","2480","President and Vice President of the United States","Trump, Donald J. and Vance, JD","333"
"Clark","2486","President and Vice President of the United States","Harris, Kamala D. and Walz, Tim","0"
"Clark","2486","President and Vice President of the United States","None Of These Candidates","0"
"Clark","2486","President and Vice President of the United States","Oliver, Chase and ter Maat, Michael","0"
"Clark","2486","President and Vice President of the United States","Skousen, Joel and Combs, Rik","0"
"Clark","2486","President and Vice President of the United States","Trump, Donald J. and Vance, JD","0"
"Clark","2487","President and Vice President of the United States","Harris, Kamala D. and Walz, Tim","0"
"Clark","2487","President and Vice President of the United States","None Of These Candidates","0"
"Clark","2487","President and Vice President of the United States","Oliver, Chase and ter Maat, Michael","0"
"Clark","2487","President and Vice President of the United States","Skousen, Joel and Combs, Rik","0"
"Clark","2487","President and Vice President of the United States","Trump, Donald J. and Vance, JD","0"
"Clark","2488","President and Vice President of the United States","Harris, Kamala D. and Walz, Tim","0"
"Clark","2488","President and Vice President of the United States","None Of These Candidates","0"
"Clark","2488","President and Vice President of the United States","Oliver, Chase and ter Maat, Michael","0"
"Clark","2488","President and Vice President of the United States","Skousen, Joel and Combs, Rik","0"
"Clark","2488","President and Vice President of the United States","Trump, Donald J. and Vance, JD","0"
"Clark","2489","President and Vice President of the United States","Harris, Kamala D. and Walz, Tim","0"
"Clark","2489","President and Vice President of the United States","None Of These Candidates","0"
"Clark","2489","President and Vice President of the United States","Oliver, Chase and ter Maat, Michael","0"
"Clark","2489","President and Vice President of the United States","Skousen, Joel and Combs, Rik","0"
"Clark","2489","President and Vice President of the United States","Trump, Donald J. and Vance, JD","0"
"Clark","2501","President and Vice President of the United States","Harris, Kamala D. and Walz, Tim","9"
"Clark","2501","President and Vice President of the United States","None Of These Candidates","1"
"Clark","2501","President and Vice President of the United States","Oliver, Chase and ter Maat, Michael","0"
"Clark","2501","President and Vice President of the United States","Skousen, Joel and Combs, Rik","0"
"Clark","2501","President and Vice President of the United States","Trump, Donald J. and Vance, JD","36"
"Clark","2503","President and Vice President of the United States","Harris, Kamala D. and Walz, Tim","5"
"Clark","2503","President and Vice President of the United States","None Of These Candidates","0"
"Clark","2503","President and Vice President of the United States","Oliver, Chase and ter Maat, Michael","0"
"Clark","2503","President and Vice President of the United States","Skousen, Joel and Combs, Rik","0"
"Clark","2503","President and Vice President of the United States","Trump, Donald J. and Vance, JD","7"
"Clark","2511","President and Vice President of the United States","Harris, Kamala D. and Walz, Tim","294"
"Clark","2511","President and Vice President of the United States","None Of These Candidates","7"
"Clark","2511","President and Vice President of the United States","Oliver, Chase and ter Maat, Michael","1"
"Clark","2511","President and Vice President of the United States","Skousen, Joel and Combs, Rik","3"
"Clark","2511","President and Vice President of the United States","Trump, Donald J. and Vance, JD","207"
"Clark","2600","President and Vice President of the United States","Harris, Kamala D. and Walz, Tim","1178"
"Clark","2600","President and Vice President of the United States","None Of These Candidates","33"
"Clark","2600","President and Vice President of the United States","Oliver, Chase and ter Maat, Michael","5"
"Clark","2600","President and Vice President of the United States","Skousen, Joel and Combs, Rik","1"
"Clark","2600","President and Vice President of the United States","Trump, Donald J. and Vance, JD","1289"
"Clark","2601","President and Vice President of the United States","Harris, Kamala D. and Walz, Tim","8"
"Clark","2601","President and Vice President of the United States","None Of These Candidates","1"
"Clark","2601","President and Vice President of the United States","Oliver, Chase and ter Maat, Michael","0"
"Clark","2601","President and Vice President of the United States","Skousen, Joel and Combs, Rik","0"
"Clark","2601","President and Vice President of the United States","Trump, Donald J. and Vance, JD","20"
"Clark","2602","President and Vice President of the United States","Harris, Kamala D. and Walz, Tim","44"
"Clark","2602","President and Vice President of the United States","None Of These Candidates","2"
"Clark","2602","President and Vice President of the United States","Oliver, Chase and ter Maat, Michael","1"
"Clark","2602","President and Vice President of the United States","Skousen, Joel and Combs, Rik","1"
"Clark","2602","President and Vice President of the United States","Trump, Donald J. and Vance, JD","65"
"Clark","2605","President and Vice President of the United States","Harris, Kamala D. and Walz, Tim","494"
"Clark","2605","President and Vice President of the United States","None Of These Candidates","14"
"Clark","2605","President and Vice President of the United States","Oliver, Chase and ter Maat, Michael","7"
"Clark","2605","President and Vice President of the United States","Skousen, Joel and Combs, Rik","2"
"Clark","2605","President and Vice President of the United States","Trump, Donald J. and Vance, JD","650"
"Clark","2606","President and Vice President of the United States","Harris, Kamala D. and Walz, Tim","1342"
"Clark","2606","President and Vice President of the United States","None Of These Candidates","38"
"Clark","2606","President and Vice President of the United States","Oliver, Chase and ter Maat, Michael","7"
"Clark","2606","President and Vice President of the United States","Skousen, Joel and Combs, Rik","3"
"Clark","2606","President and Vice President of the United States","Trump, Donald J. and Vance, JD","900"
"Clark","2608","President and Vice President of the United States","Harris, Kamala D. and Walz, Tim","0"
"Clark","2608","President and Vice President of the United States","None Of These Candidates","0"
"Clark","2608","President and Vice President of the United States","Oliver, Chase and ter Maat, Michael","0"
"Clark","2608","President and Vice President of the United States","Skousen, Joel and Combs, Rik","0"
"Clark","2608","President and Vice President of the United States","Trump, Donald J. and Vance, JD","0"
"Clark","2611","President and Vice President of the United States","Harris, Kamala D. and Walz, Tim","834"
"Clark","2611","President and Vice President of the United States","None Of These Candidates","16"
"Clark","2611","President and Vice President of the United States","Oliver, Chase and ter Maat, Michael","9"
"Clark","2611","President and Vice President of the United States","Skousen, Joel and Combs, Rik","3"
"Clark","2611","President and Vice President of the United States","Trump, Donald J. and Vance, JD","777"
"Clark","2612","President and Vice President of the United States","Harris, Kamala D. and Walz, Tim","0"
"Clark","2612","President and Vice President of the United States","None Of These Candidates","0"
"Clark","2612","President and Vice President of the United States","Oliver, Chase and ter Maat, Michael","0"
"Clark","2612","President and Vice President of the United States","Skousen, Joel and Combs, Rik","0"
"Clark","2612","President and Vice President of the United States","Trump, Donald J. and Vance, JD","0"
"Clark","2614","President and Vice President of the United States","Harris, Kamala D. and Walz, Tim","1111"
"Clark","2614","President and Vice President of the United States","None Of These Candidates","39"
"Clark","2614","President and Vice President of the United States","Oliver, Chase and ter Maat, Michael","10"
"Clark","2614","President and Vice President of the United States","Skousen, Joel and Combs, Rik","6"
"Clark","2614","President and Vice President of the United States","Trump, Donald J. and Vance, JD","1313"
"Clark","2622","President and Vice President of the United States","Harris, Kamala D. and Walz, Tim","614"
"Clark","2622","President and Vice President of the United States","None Of These Candidates","17"
"Clark","2622","President and Vice President of the United States","Oliver, Chase and ter Maat, Michael","4"
"Clark","2622","President and Vice President of the United States","Skousen, Joel and Combs, Rik","2"
"Clark","2622","President and Vice President of the United States","Trump, Donald J. and Vance, JD","908"
"Clark","2623","President and Vice President of the United States","Harris, Kamala D. and Walz, Tim","*"
"Clark","2623","President and Vice President of the United States","None Of These Candidates","*"
"Clark","2623","President and Vice President of the United States","Oliver, Chase and ter Maat, Michael","*"
"Clark","2623","President and Vice President of the United States","Skousen, Joel and Combs, Rik","*"
"Clark","2623","President and Vice President of the United States","Trump, Donald J. and Vance, JD","*"
"Clark","2625","President and Vice President of the United States","Harris, Kamala D. and Walz, Tim","*"
"Clark","2625","President and Vice President of the United States","None Of These Candidates","*"
"Clark","2625","President and Vice President of the United States","Oliver, Chase and ter Maat, Michael","*"
"Clark","2625","President and Vice President of the United States","Skousen, Joel and Combs, Rik","*"
"Clark","2625","President and Vice President of the United States","Trump, Donald J. and Vance, JD","*"
"Clark","2631","President and Vice President of the United States","Harris, Kamala D. and Walz, Tim","10"
"Clark","2631","President and Vice President of the United States","None Of These Candidates","2"
"Clark","2631","President and Vice President of the United States","Oliver, Chase and ter Maat, Michael","0"
"Clark","2631","President and Vice President of the United States","Skousen, Joel and Combs, Rik","0"
"Clark","2631","President and Vice President of the United States","Trump, Donald J. and Vance, JD","16"
"Clark","2632","President and Vice President of the United States","Harris, Kamala D. and Walz, Tim","41"
"Clark","2632","President and Vice President of the United States","None Of These Candidates","0"
"Clark","2632","President and Vice President of the United States","Oliver, Chase and ter Maat, Michael","0"
"Clark","2632","President and Vice President of the United States","Skousen, Joel and Combs, Rik","1"
"Clark","2632","President and Vice President of the United States","Trump, Donald J. and Vance, JD","53"
"Clark","2633","President and Vice President of the United States","Harris, Kamala D. and Walz, Tim","1046"
"Clark","2633","President and Vice President of the United States","None Of These Candidates","36"
"Clark","2633","President and Vice President of the United States","Oliver, Chase and ter Maat, Michael","2"
"Clark","2633","President and Vice President of the United States","Skousen, Joel and Combs, Rik","2"
"Clark","2633","President and Vice President of the United States","Trump, Donald J. and Vance, JD","1259"
"Clark","2641","President and Vice President of the United States","Harris, Kamala D. and Walz, Tim","0"
"Clark","2641","President and Vice President of the United States","None Of These Candidates","0"
"Clark","2641","President and Vice President of the United States","Oliver, Chase and ter Maat, Michael","0"
"Clark","2641","President and Vice President of the United States","Skousen, Joel and Combs, Rik","0"
"Clark","2641","President and Vice President of the United States","Trump, Donald J. and Vance, JD","0"
"Clark","2642","President and Vice President of the United States","Harris, Kamala D. and Walz, Tim","30"
"Clark","2642","President and Vice President of the United States","None Of These Candidates","1"
"Clark","2642","President and Vice President of the United States","Oliver, Chase and ter Maat, Michael","1"
"Clark","2642","President and Vice President of the United States","Skousen, Joel and Combs, Rik","0"
"Clark","2642","President and Vice President of the United States","Trump, Donald J. and Vance, JD","68"
"Clark","2643","President and Vice President of the United States","Harris, Kamala D. and Walz, Tim","699"
"Clark","2643","President and Vice President of the United States","None Of These Candidates","20"
"Clark","2643","President and Vice President of the United States","Oliver, Chase and ter Maat, Michael","3"
"Clark","2643","President and Vice President of the United States","Skousen, Joel and Combs, Rik","2"
"Clark","2643","President and Vice President of the United States","Trump, Donald J. and Vance, JD","1050"
"Clark","2644","President and Vice President of the United States","Harris, Kamala D. and Walz, Tim","752"
"Clark","2644","President and Vice President of the United States","None Of These Candidates","24"
"Clark","2644","President and Vice President of the United States","Oliver, Chase and ter Maat, Michael","4"
"Clark","2644","President and Vice President of the United States","Skousen, Joel and Combs, Rik","5"
"Clark","2644","President and Vice President of the United States","Trump, Donald J. and Vance, JD","1680"
"Clark","2645","President and Vice President of the United States","Harris, Kamala D. and Walz, Tim","34"
"Clark","2645","President and Vice President of the United States","None Of These Candidates","4"
"Clark","2645","President and Vice President of the United States","Oliver, Chase and ter Maat, Michael","1"
"Clark","2645","President and Vice President of the United States","Skousen, Joel and Combs, Rik","3"
"Clark","2645","President and Vice President of the United States","Trump, Donald J. and Vance, JD","80"
"Clark","2651","President and Vice President of the United States","Harris, Kamala D. and Walz, Tim","1193"
"Clark","2651","President and Vice President of the United States","None Of These Candidates","27"
"Clark","2651","President and Vice President of the United States","Oliver, Chase and ter Maat, Michael","8"
"Clark","2651","President and Vice President of the United States","Skousen, Joel and Combs, Rik","5"
"Clark","2651","President and Vice President of the United States","Trump, Donald J. and Vance, JD","1273"
"Clark","2654","President and Vice President of the United States","Harris, Kamala D. and Walz, Tim","879"
"Clark","2654","President and Vice President of the United States","None Of These Candidates","23"
"Clark","2654","President and Vice President of the United States","Oliver, Chase and ter Maat, Michael","14"
"Clark","2654","President and Vice President of the United States","Skousen, Joel and Combs, Rik","4"
"Clark","2654","President and Vice President of the United States","Trump, Donald J. and Vance, JD","1241"
"Clark","2662","President and Vice President of the United States","Harris, Kamala D. and Walz, Tim","882"
"Clark","2662","President and Vice President of the United States","None Of These Candidates","24"
"Clark","2662","President and Vice President of the United States","Oliver, Chase and ter Maat, Michael","6"
"Clark","2662","President and Vice President of the United States","Skousen, Joel and Combs, Rik","3"
"Clark","2662","President and Vice President of the United States","Trump, Donald J. and Vance, JD","1051"
"Clark","2663","President and Vice President of the United States","Harris, Kamala D. and Walz, Tim","687"
"Clark","2663","President and Vice President of the United States","None Of These Candidates","23"
"Clark","2663","President and Vice President of the United States","Oliver, Chase and ter Maat, Michael","3"
"Clark","2663","President and Vice President of the United States","Skousen, Joel and Combs, Rik","3"
"Clark","2663","President and Vice President of the United States","Trump, Donald J. and Vance, JD","1314"
"Clark","2666","President and Vice President of the United States","Harris, Kamala D. and Walz, Tim","1784"
"Clark","2666","President and Vice President of the United States","None Of These Candidates","31"
"Clark","2666","President and Vice President of the United States","Oliver, Chase and ter Maat, Michael","17"
"Clark","2666","President and Vice President of the United States","Skousen, Joel and Combs, Rik","4"
"Clark","2666","President and Vice President of the United States","Trump, Donald J. and Vance, JD","1451"
"Clark","2673","President and Vice President of the United States","Harris, Kamala D. and Walz, Tim","66"
"Clark","2673","President and Vice President of the United States","None Of These Candidates","2"
"Clark","2673","President and Vice President of the United States","Oliver, Chase and ter Maat, Michael","0"
"Clark","2673","President and Vice President of the United States","Skousen, Joel and Combs, Rik","1"
"Clark","2673","President and Vice President of the United States","Trump, Donald J. and Vance, JD","136"
"Clark","2675","President and Vice President of the United States","Harris, Kamala D. and Walz, Tim","11"
"Clark","2675","President and Vice President of the United States","None Of These Candidates","0"
"Clark","2675","President and Vice President of the United States","Oliver, Chase and ter Maat, Michael","0"
"Clark","2675","President and Vice President of the United States","Skousen, Joel and Combs, Rik","0"
"Clark","2675","President and Vice President of the United States","Trump, Donald J. and Vance, JD","19"
"Clark","2676","President and Vice President of the United States","Harris, Kamala D. and Walz, Tim","14"
"Clark","2676","President and Vice President of the United States","None Of These Candidates","0"
"Clark","2676","President and Vice President of the United States","Oliver, Chase and ter Maat, Michael","0"
"Clark","2676","President and Vice President of the United States","Skousen, Joel and Combs, Rik","0"
"Clark","2676","President and Vice President of the United States","Trump, Donald J. and Vance, JD","17"
"Clark","2681","President and Vice President of the United States","Harris, Kamala D. and Walz, Tim","*"
"Clark","2681","President and Vice President of the United States","None Of These Candidates","*"
"Clark","2681","President and Vice President of the United States","Oliver, Chase and ter Maat, Michael","*"
"Clark","2681","President and Vice President of the United States","Skousen, Joel and Combs, Rik","*"
"Clark","2681","President and Vice President of the United States","Trump, Donald J. and Vance, JD","*"
"Clark","2682","President and Vice President of the United States","Harris, Kamala D. and Walz, Tim","802"
"Clark","2682","President and Vice President of the United States","None Of These Candidates","23"
"Clark","2682","President and Vice President of the United States","Oliver, Chase and ter Maat, Michael","6"
"Clark","2682","President and Vice President of the United States","Skousen, Joel and Combs, Rik","4"
"Clark","2682","President and Vice President of the United States","Trump, Donald J. and Vance, JD","1231"
"Clark","2683","President and Vice President of the United States","Harris, Kamala D. and Walz, Tim","*"
"Clark","2683","President and Vice President of the United States","None Of These Candidates","*"
"Clark","2683","President and Vice President of the United States","Oliver, Chase and ter Maat, Michael","*"
"Clark","2683","President and Vice President of the United States","Skousen, Joel and Combs, Rik","*"
"Clark","2683","President and Vice President of the United States","Trump, Donald J. and Vance, JD","*"
"Clark","2684","President and Vice President of the United States","Harris, Kamala D. and Walz, Tim","5"
"Clark","2684","President and Vice President of the United States","None Of These Candidates","0"
"Clark","2684","President and Vice President of the United States","Oliver, Chase and ter Maat, Michael","0"
"Clark","2684","President and Vice President of the United States","Skousen, Joel and Combs, Rik","0"
"Clark","2684","President and Vice President of the United States","Trump, Donald J. and Vance, JD","25"
"Clark","2685","President and Vice President of the United States","Harris, Kamala D. and Walz, Tim","0"
"Clark","2685","President and Vice President of the United States","None Of These Candidates","0"
"Clark","2685","President and Vice President of the United States","Oliver, Chase and ter Maat, Michael","0"
"Clark","2685","President and Vice President of the United States","Skousen, Joel and Combs, Rik","0"
"Clark","2685","President and Vice President of the United States","Trump, Donald J. and Vance, JD","0"
"Clark","2691","President and Vice President of the United States","Harris, Kamala D. and Walz, Tim","8"
"Clark","2691","President and Vice President of the United States","None Of These Candidates","0"
"Clark","2691","President and Vice President of the United States","Oliver, Chase and ter Maat, Michael","0"
"Clark","2691","President and Vice President of the United States","Skousen, Joel and Combs, Rik","0"
"Clark","2691","President and Vice President of the United States","Trump, Donald J. and Vance, JD","27"
"Clark","2693","President and Vice President of the United States","Harris, Kamala D. and Walz, Tim","32"
"Clark","2693","President and Vice President of the United States","None Of These Candidates","2"
"Clark","2693","President and Vice President of the United States","Oliver, Chase and ter Maat, Michael","0"
"Clark","2693","President and Vice President of the United States","Skousen, Joel and Combs, Rik","0"
"Clark","2693","President and Vice President of the United States","Trump, Donald J. and Vance, JD","63"
"Clark","2694","President and Vice President of the United States","Harris, Kamala D. and Walz, Tim","*"
"Clark","2694","President and Vice President of the United States","None Of These Candidates","*"
"Clark","2694","President and Vice President of the United States","Oliver, Chase and ter Maat, Michael","*"
"Clark","2694","President and Vice President of the United States","Skousen, Joel and Combs, Rik","*"
"Clark","2694","President and Vice President of the United States","Trump, Donald J. and Vance, JD","*"
"Clark","2695","President and Vice President of the United States","Harris, Kamala D. and Walz, Tim","849"
"Clark","2695","President and Vice President of the United States","None Of These Candidates","28"
"Clark","2695","President and Vice President of the United States","Oliver, Chase and ter Maat, Michael","8"
"Clark","2695","President and Vice President of the United States","Skousen, Joel and Combs, Rik","2"
"Clark","2695","President and Vice President of the United States","Trump, Donald J. and Vance, JD","1183"
"Clark","2696","President and Vice President of the United States","Harris, Kamala D. and Walz, Tim","20"
"Clark","2696","President and Vice President of the United States","None Of These Candidates","1"
"Clark","2696","President and Vice President of the United States","Oliver, Chase and ter Maat, Michael","0"
"Clark","2696","President and Vice President of the United States","Skousen, Joel and Combs, Rik","0"
"Clark","2696","President and Vice President of the United States","Trump, Donald J. and Vance, JD","28"
"Clark","2700","President and Vice President of the United States","Harris, Kamala D. and Walz, Tim","778"
"Clark","2700","President and Vice President of the United States","None Of These Candidates","14"
"Clark","2700","President and Vice President of the United States","Oliver, Chase and ter Maat, Michael","8"
"Clark","2700","President and Vice President of the United States","Skousen, Joel and Combs, Rik","3"
"Clark","2700","President and Vice President of the United States","Trump, Donald J. and Vance, JD","858"
"Clark","2703","President and Vice President of the United States","Harris, Kamala D. and Walz, Tim","*"
"Clark","2703","President and Vice President of the United States","None Of These Candidates","*"
"Clark","2703","President and Vice President of the United States","Oliver, Chase and ter Maat, Michael","*"
"Clark","2703","President and Vice President of the United States","Skousen, Joel and Combs, Rik","*"
"Clark","2703","President and Vice President of the United States","Trump, Donald J. and Vance, JD","*"
"Clark","2704","President and Vice President of the United States","Harris, Kamala D. and Walz, Tim","21"
"Clark","2704","President and Vice President of the United States","None Of These Candidates","0"
"Clark","2704","President and Vice President of the United States","Oliver, Chase and ter Maat, Michael","0"
"Clark","2704","President and Vice President of the United States","Skousen, Joel and Combs, Rik","0"
"Clark","2704","President and Vice President of the United States","Trump, Donald J. and Vance, JD","40"
"Clark","2706","President and Vice President of the United States","Harris, Kamala D. and Walz, Tim","*"
"Clark","2706","President and Vice President of the United States","None Of These Candidates","*"
"Clark","2706","President and Vice President of the United States","Oliver, Chase and ter Maat, Michael","*"
"Clark","2706","President and Vice President of the United States","Skousen, Joel and Combs, Rik","*"
"Clark","2706","President and Vice President of the United States","Trump, Donald J. and Vance, JD","*"
"Clark","2709","President and Vice President of the United States","Harris, Kamala D. and Walz, Tim","335"
"Clark","2709","President and Vice President of the United States","None Of These Candidates","12"
"Clark","2709","President and Vice President of the United States","Oliver, Chase and ter Maat, Michael","0"
"Clark","2709","President and Vice President of the United States","Skousen, Joel and Combs, Rik","0"
"Clark","2709","President and Vice President of the United States","Trump, Donald J. and Vance, JD","396"
"Clark","2710","President and Vice President of the United States","Harris, Kamala D. and Walz, Tim","1274"
"Clark","2710","President and Vice President of the United States","None Of These Candidates","35"
"Clark","2710","President and Vice President of the United States","Oliver, Chase and ter Maat, Michael","13"
"Clark","2710","President and Vice President of the United States","Skousen, Joel and Combs, Rik","2"
"Clark","2710","President and Vice President of the United States","Trump, Donald J. and Vance, JD","1156"
"Clark","2711","President and Vice President of the United States","Harris, Kamala D. and Walz, Tim","650"
"Clark","2711","President and Vice President of the United States","None Of These Candidates","21"
"Clark","2711","President and Vice President of the United States","Oliver, Chase and ter Maat, Michael","4"
"Clark","2711","President and Vice President of the United States","Skousen, Joel and Combs, Rik","4"
"Clark","2711","President and Vice President of the United States","Trump, Donald J. and Vance, JD","840"
"Clark","2715","President and Vice President of the United States","Harris, Kamala D. and Walz, Tim","964"
"Clark","2715","President and Vice President of the United States","None Of These Candidates","29"
"Clark","2715","President and Vice President of the United States","Oliver, Chase and ter Maat, Michael","8"
"Clark","2715","President and Vice President of the United States","Skousen, Joel and Combs, Rik","2"
"Clark","2715","President and Vice President of the United States","Trump, Donald J. and Vance, JD","710"
"Clark","2717","President and Vice President of the United States","Harris, Kamala D. and Walz, Tim","671"
"Clark","2717","President and Vice President of the United States","None Of These Candidates","13"
"Clark","2717","President and Vice President of the United States","Oliver, Chase and ter Maat, Michael","5"
"Clark","2717","President and Vice President of the United States","Skousen, Joel and Combs, Rik","4"
"Clark","2717","President and Vice President of the United States","Trump, Donald J. and Vance, JD","392"
"Clark","2720","President and Vice President of the United States","Harris, Kamala D. and Walz, Tim","209"
"Clark","2720","President and Vice President of the United States","None Of These Candidates","2"
"Clark","2720","President and Vice President of the United States","Oliver, Chase and ter Maat, Michael","0"
"Clark","2720","President and Vice President of the United States","Skousen, Joel and Combs, Rik","0"
"Clark","2720","President and Vice President of the United States","Trump, Donald J. and Vance, JD","105"
"Clark","2723","President and Vice President of the United States","Harris, Kamala D. and Walz, Tim","0"
"Clark","2723","President and Vice President of the United States","None Of These Candidates","0"
"Clark","2723","President and Vice President of the United States","Oliver, Chase and ter Maat, Michael","0"
"Clark","2723","President and Vice President of the United States","Skousen, Joel and Combs, Rik","0"
"Clark","2723","President and Vice President of the United States","Trump, Donald J. and Vance, JD","0"
"Clark","2724","President and Vice President of the United States","Harris, Kamala D. and Walz, Tim","*"
"Clark","2724","President and Vice President of the United States","None Of These Candidates","*"
"Clark","2724","President and Vice President of the United States","Oliver, Chase and ter Maat, Michael","*"
"Clark","2724","President and Vice President of the United States","Skousen, Joel and Combs, Rik","*"
"Clark","2724","President and Vice President of the United States","Trump, Donald J. and Vance, JD","*"
"Clark","2725","President and Vice President of the United States","Harris, Kamala D. and Walz, Tim","69"
"Clark","2725","President and Vice President of the United States","None Of These Candidates","8"
"Clark","2725","President and Vice President of the United States","Oliver, Chase and ter Maat, Michael","0"
"Clark","2725","President and Vice President of the United States","Skousen, Joel and Combs, Rik","1"
"Clark","2725","President and Vice President of the United States","Trump, Donald J. and Vance, JD","501"
"Clark","2726","President and Vice President of the United States","Harris, Kamala D. and Walz, Tim","317"
"Clark","2726","President and Vice President of the United States","None Of These Candidates","19"
"Clark","2726","President and Vice President of the United States","Oliver, Chase and ter Maat, Michael","10"
"Clark","2726","President and Vice President of the United States","Skousen, Joel and Combs, Rik","2"
"Clark","2726","President and Vice President of the United States","Trump, Donald J. and Vance, JD","1462"
"Clark","2730","President and Vice President of the United States","Harris, Kamala D. and Walz, Tim","1149"
"Clark","2730","President and Vice President of the United States","None Of These Candidates","23"
"Clark","2730","President and Vice President of the United States","Oliver, Chase and ter Maat, Michael","11"
"Clark","2730","President and Vice President of the United States","Skousen, Joel and Combs, Rik","2"
"Clark","2730","President and Vice President of the United States","Trump, Donald J. and Vance, JD","763"
"Clark","2731","President and Vice President of the United States","Harris, Kamala D. and Walz, Tim","696"
"Clark","2731","President and Vice President of the United States","None Of These Candidates","21"
"Clark","2731","President and Vice President of the United States","Oliver, Chase and ter Maat, Michael","6"
"Clark","2731","President and Vice President of the United States","Skousen, Joel and Combs, Rik","7"
"Clark","2731","President and Vice President of the United States","Trump, Donald J. and Vance, JD","1194"
"Clark","2733","President and Vice President of the United States","Harris, Kamala D. and Walz, Tim","958"
"Clark","2733","President and Vice President of the United States","None Of These Candidates","21"
"Clark","2733","President and Vice President of the United States","Oliver, Chase and ter Maat, Michael","6"
"Clark","2733","President and Vice President of the United States","Skousen, Joel and Combs, Rik","4"
"Clark","2733","President and Vice President of the United States","Trump, Donald J. and Vance, JD","584"
"Clark","2737","President and Vice President of the United States","Harris, Kamala D. and Walz, Tim","581"
"Clark","2737","President and Vice President of the United States","None Of These Candidates","11"
"Clark","2737","President and Vice President of the United States","Oliver, Chase and ter Maat, Michael","2"
"Clark","2737","President and Vice President of the United States","Skousen, Joel and Combs, Rik","1"
"Clark","2737","President and Vice President of the United States","Trump, Donald J. and Vance, JD","215"
"Clark","2740","President and Vice President of the United States","Harris, Kamala D. and Walz, Tim","661"
"Clark","2740","President and Vice President of the United States","None Of These Candidates","13"
"Clark","2740","President and Vice President of the United States","Oliver, Chase and ter Maat, Michael","3"
"Clark","2740","President and Vice President of the United States","Skousen, Joel and Combs, Rik","2"
"Clark","2740","President and Vice President of the United States","Trump, Donald J. and Vance, JD","369"
"Clark","2742","President and Vice President of the United States","Harris, Kamala D. and Walz, Tim","0"
"Clark","2742","President and Vice President of the United States","None Of These Candidates","0"
"Clark","2742","President and Vice President of the United States","Oliver, Chase and ter Maat, Michael","0"
"Clark","2742","President and Vice President of the United States","Skousen, Joel and Combs, Rik","0"
"Clark","2742","President and Vice President of the United States","Trump, Donald J. and Vance, JD","0"
"Clark","2743","President and Vice President of the United States","Harris, Kamala D. and Walz, Tim","1235"
"Clark","2743","President and Vice President of the United States","None Of These Candidates","40"
"Clark","2743","President and Vice President of the United States","Oliver, Chase and ter Maat, Michael","10"
"Clark","2743","President and Vice President of the United States","Skousen, Joel and Combs, Rik","7"
"Clark","2743","President and Vice President of the United States","Trump, Donald J. and Vance, JD","849"
"Clark","2746","President and Vice President of the United States","Harris, Kamala D. and Walz, Tim","417"
"Clark","2746","President and Vice President of the United States","None Of These Candidates","7"
"Clark","2746","President and Vice President of the United States","Oliver, Chase and ter Maat, Michael","4"
"Clark","2746","President and Vice President of the United States","Skousen, Joel and Combs, Rik","2"
"Clark","2746","President and Vice President of the United States","Trump, Donald J. and Vance, JD","325"
"Clark","2751","President and Vice President of the United States","Harris, Kamala D. and Walz, Tim","54"
"Clark","2751","President and Vice President of the United States","None Of These Candidates","3"
"Clark","2751","President and Vice President of the United States","Oliver, Chase and ter Maat, Michael","1"
"Clark","2751","President and Vice President of the United States","Skousen, Joel and Combs, Rik","0"
"Clark","2751","President and Vice President of the United States","Trump, Donald J. and Vance, JD","48"
"Clark","2752","President and Vice President of the United States","Harris, Kamala D. and Walz, Tim","926"
"Clark","2752","President and Vice President of the United States","None Of These Candidates","18"
"Clark","2752","President and Vice President of the United States","Oliver, Chase and ter Maat, Michael","2"
"Clark","2752","President and Vice President of the United States","Skousen, Joel and Combs, Rik","6"
"Clark","2752","President and Vice President of the United States","Trump, Donald J. and Vance, JD","406"
"Clark","2770","President and Vice President of the United States","Harris, Kamala D. and Walz, Tim","56"
"Clark","2770","President and Vice President of the United States","None Of These Candidates","2"
"Clark","2770","President and Vice President of the United States","Oliver, Chase and ter Maat, Michael","0"
"Clark","2770","President and Vice President of the United States","Skousen, Joel and Combs, Rik","0"
"Clark","2770","President and Vice President of the United States","Trump, Donald J. and Vance, JD","17"
"Clark","2775","President and Vice President of the United States","Harris, Kamala D. and Walz, Tim","1309"
"Clark","2775","President and Vice President of the United States","None Of These Candidates","45"
"Clark","2775","President and Vice President of the United States","Oliver, Chase and ter Maat, Michael","4"
"Clark","2775","President and Vice President of the United States","Skousen, Joel and Combs, Rik","5"
"Clark","2775","President and Vice President of the United States","Trump, Donald J. and Vance, JD","2194"
"Clark","2776","President and Vice President of the United States","Harris, Kamala D. and Walz, Tim","994"
"Clark","2776","President and Vice President of the United States","None Of These Candidates","48"
"Clark","2776","President and Vice President of the United States","Oliver, Chase and ter Maat, Michael","12"
"Clark","2776","President and Vice President of the United States","Skousen, Joel and Combs, Rik","5"
"Clark","2776","President and Vice President of the United States","Trump, Donald J. and Vance, JD","1928"
"Clark","3000","President and Vice President of the United States","Harris, Kamala D. and Walz, Tim","832"
"Clark","3000","President and Vice President of the United States","None Of These Candidates","15"
"Clark","3000","President and Vice President of the United States","Oliver, Chase and ter Maat, Michael","4"
"Clark","3000","President and Vice President of the United States","Skousen, Joel and Combs, Rik","5"
"Clark","3000","President and Vice President of the United States","Trump, Donald J. and Vance, JD","544"
"Clark","3003","President and Vice President of the United States","Harris, Kamala D. and Walz, Tim","631"
"Clark","3003","President and Vice President of the United States","None Of These Candidates","19"
"Clark","3003","President and Vice President of the United States","Oliver, Chase and ter Maat, Michael","6"
"Clark","3003","President and Vice President of the United States","Skousen, Joel and Combs, Rik","1"
"Clark","3003","President and Vice President of the United States","Trump, Donald J. and Vance, JD","492"
"Clark","3004","President and Vice President of the United States","Harris, Kamala D. and Walz, Tim","0"
"Clark","3004","President and Vice President of the United States","None Of These Candidates","0"
"Clark","3004","President and Vice President of the United States","Oliver, Chase and ter Maat, Michael","0"
"Clark","3004","President and Vice President of the United States","Skousen, Joel and Combs, Rik","0"
"Clark","3004","President and Vice President of the United States","Trump, Donald J. and Vance, JD","0"
"Clark","3005","President and Vice President of the United States","Harris, Kamala D. and Walz, Tim","*"
"Clark","3005","President and Vice President of the United States","None Of These Candidates","*"
"Clark","3005","President and Vice President of the United States","Oliver, Chase and ter Maat, Michael","*"
"Clark","3005","President and Vice President of the United States","Skousen, Joel and Combs, Rik","*"
"Clark","3005","President and Vice President of the United States","Trump, Donald J. and Vance, JD","*"
"Clark","3006","President and Vice President of the United States","Harris, Kamala D. and Walz, Tim","164"
"Clark","3006","President and Vice President of the United States","None Of These Candidates","5"
"Clark","3006","President and Vice President of the United States","Oliver, Chase and ter Maat, Michael","0"
"Clark","3006","President and Vice President of the United States","Skousen, Joel and Combs, Rik","0"
"Clark","3006","President and Vice President of the United States","Trump, Donald J. and Vance, JD","236"
"Clark","3007","President and Vice President of the United States","Harris, Kamala D. and Walz, Tim","1043"
"Clark","3007","President and Vice President of the United States","None Of These Candidates","25"
"Clark","3007","President and Vice President of the United States","Oliver, Chase and ter Maat, Michael","16"
"Clark","3007","President and Vice President of the United States","Skousen, Joel and Combs, Rik","2"
"Clark","3007","President and Vice President of the United States","Trump, Donald J. and Vance, JD","672"
"Clark","3009","President and Vice President of the United States","Harris, Kamala D. and Walz, Tim","927"
"Clark","3009","President and Vice President of the United States","None Of These Candidates","25"
"Clark","3009","President and Vice President of the United States","Oliver, Chase and ter Maat, Michael","7"
"Clark","3009","President and Vice President of the United States","Skousen, Joel and Combs, Rik","4"
"Clark","3009","President and Vice President of the United States","Trump, Donald J. and Vance, JD","714"
"Clark","3011","President and Vice President of the United States","Harris, Kamala D. and Walz, Tim","891"
"Clark","3011","President and Vice President of the United States","None Of These Candidates","24"
"Clark","3011","President and Vice President of the United States","Oliver, Chase and ter Maat, Michael","5"
"Clark","3011","President and Vice President of the United States","Skousen, Joel and Combs, Rik","3"
"Clark","3011","President and Vice President of the United States","Trump, Donald J. and Vance, JD","883"
"Clark","3013","President and Vice President of the United States","Harris, Kamala D. and Walz, Tim","717"
"Clark","3013","President and Vice President of the United States","None Of These Candidates","17"
"Clark","3013","President and Vice President of the United States","Oliver, Chase and ter Maat, Michael","5"
"Clark","3013","President and Vice President of the United States","Skousen, Joel and Combs, Rik","1"
"Clark","3013","President and Vice President of the United States","Trump, Donald J. and Vance, JD","539"
"Clark","3014","President and Vice President of the United States","Harris, Kamala D. and Walz, Tim","866"
"Clark","3014","President and Vice President of the United States","None Of These Candidates","17"
"Clark","3014","President and Vice President of the United States","Oliver, Chase and ter Maat, Michael","4"
"Clark","3014","President and Vice President of the United States","Skousen, Joel and Combs, Rik","2"
"Clark","3014","President and Vice President of the United States","Trump, Donald J. and Vance, JD","887"
"Clark","3016","President and Vice President of the United States","Harris, Kamala D. and Walz, Tim","774"
"Clark","3016","President and Vice President of the United States","None Of These Candidates","21"
"Clark","3016","President and Vice President of the United States","Oliver, Chase and ter Maat, Michael","4"
"Clark","3016","President and Vice President of the United States","Skousen, Joel and Combs, Rik","1"
"Clark","3016","President and Vice President of the United States","Trump, Donald J. and Vance, JD","909"
"Clark","3017","President and Vice President of the United States","Harris, Kamala D. and Walz, Tim","1256"
"Clark","3017","President and Vice President of the United States","None Of These Candidates","25"
"Clark","3017","President and Vice President of the United States","Oliver, Chase and ter Maat, Michael","10"
"Clark","3017","President and Vice President of the United States","Skousen, Joel and Combs, Rik","1"
"Clark","3017","President and Vice President of the United States","Trump, Donald J. and Vance, JD","1137"
"Clark","3018","President and Vice President of the United States","Harris, Kamala D. and Walz, Tim","1243"
"Clark","3018","President and Vice President of the United States","None Of These Candidates","36"
"Clark","3018","President and Vice President of the United States","Oliver, Chase and ter Maat, Michael","7"
"Clark","3018","President and Vice President of the United States","Skousen, Joel and Combs, Rik","1"
"Clark","3018","President and Vice President of the United States","Trump, Donald J. and Vance, JD","1237"
"Clark","3021","President and Vice President of the United States","Harris, Kamala D. and Walz, Tim","1132"
"Clark","3021","President and Vice President of the United States","None Of These Candidates","39"
"Clark","3021","President and Vice President of the United States","Oliver, Chase and ter Maat, Michael","11"
"Clark","3021","President and Vice President of the United States","Skousen, Joel and Combs, Rik","3"
"Clark","3021","President and Vice President of the United States","Trump, Donald J. and Vance, JD","1123"
"Clark","3022","President and Vice President of the United States","Harris, Kamala D. and Walz, Tim","1207"
"Clark","3022","President and Vice President of the United States","None Of These Candidates","41"
"Clark","3022","President and Vice President of the United States","Oliver, Chase and ter Maat, Michael","10"
"Clark","3022","President and Vice President of the United States","Skousen, Joel and Combs, Rik","5"
"Clark","3022","President and Vice President of the United States","Trump, Donald J. and Vance, JD","1314"
"Clark","3027","President and Vice President of the United States","Harris, Kamala D. and Walz, Tim","1213"
"Clark","3027","President and Vice President of the United States","None Of These Candidates","24"
"Clark","3027","President and Vice President of the United States","Oliver, Chase and ter Maat, Michael","4"
"Clark","3027","President and Vice President of the United States","Skousen, Joel and Combs, Rik","1"
"Clark","3027","President and Vice President of the United States","Trump, Donald J. and Vance, JD","1169"
"Clark","3030","President and Vice President of the United States","Harris, Kamala D. and Walz, Tim","1049"
"Clark","3030","President and Vice President of the United States","None Of These Candidates","26"
"Clark","3030","President and Vice President of the United States","Oliver, Chase and ter Maat, Michael","8"
"Clark","3030","President and Vice President of the United States","Skousen, Joel and Combs, Rik","3"
"Clark","3030","President and Vice President of the United States","Trump, Donald J. and Vance, JD","946"
"Clark","3033","President and Vice President of the United States","Harris, Kamala D. and Walz, Tim","69"
"Clark","3033","President and Vice President of the United States","None Of These Candidates","0"
"Clark","3033","President and Vice President of the United States","Oliver, Chase and ter Maat, Michael","1"
"Clark","3033","President and Vice President of the United States","Skousen, Joel and Combs, Rik","0"
"Clark","3033","President and Vice President of the United States","Trump, Donald J. and Vance, JD","46"
"Clark","3034","President and Vice President of the United States","Harris, Kamala D. and Walz, Tim","299"
"Clark","3034","President and Vice President of the United States","None Of These Candidates","6"
"Clark","3034","President and Vice President of the United States","Oliver, Chase and ter Maat, Michael","3"
"Clark","3034","President and Vice President of the United States","Skousen, Joel and Combs, Rik","0"
"Clark","3034","President and Vice President of the United States","Trump, Donald J. and Vance, JD","199"
"Clark","3035","President and Vice President of the United States","Harris, Kamala D. and Walz, Tim","44"
"Clark","3035","President and Vice President of the United States","None Of These Candidates","0"
"Clark","3035","President and Vice President of the United States","Oliver, Chase and ter Maat, Michael","0"
"Clark","3035","President and Vice President of the United States","Skousen, Joel and Combs, Rik","1"
"Clark","3035","President and Vice President of the United States","Trump, Donald J. and Vance, JD","17"
"Clark","3036","President and Vice President of the United States","Harris, Kamala D. and Walz, Tim","540"
"Clark","3036","President and Vice President of the United States","None Of These Candidates","12"
"Clark","3036","President and Vice President of the United States","Oliver, Chase and ter Maat, Michael","6"
"Clark","3036","President and Vice President of the United States","Skousen, Joel and Combs, Rik","1"
"Clark","3036","President and Vice President of the United States","Trump, Donald J. and Vance, JD","559"
"Clark","3037","President and Vice President of the United States","Harris, Kamala D. and Walz, Tim","1271"
"Clark","3037","President and Vice President of the United States","None Of These Candidates","25"
"Clark","3037","President and Vice President of the United States","Oliver, Chase and ter Maat, Michael","4"
"Clark","3037","President and Vice President of the United States","Skousen, Joel and Combs, Rik","3"
"Clark","3037","President and Vice President of the United States","Trump, Donald J. and Vance, JD","1271"
"Clark","3038","President and Vice President of the United States","Harris, Kamala D. and Walz, Tim","73"
"Clark","3038","President and Vice President of the United States","None Of These Candidates","1"
"Clark","3038","President and Vice President of the United States","Oliver, Chase and ter Maat, Michael","0"
"Clark","3038","President and Vice President of the United States","Skousen, Joel and Combs, Rik","0"
"Clark","3038","President and Vice President of the United States","Trump, Donald J. and Vance, JD","51"
"Clark","3039","President and Vice President of the United States","Harris, Kamala D. and Walz, Tim","629"
"Clark","3039","President and Vice President of the United States","None Of These Candidates","11"
"Clark","3039","President and Vice President of the United States","Oliver, Chase and ter Maat, Michael","4"
"Clark","3039","President and Vice President of the United States","Skousen, Joel and Combs, Rik","0"
"Clark","3039","President and Vice President of the United States","Trump, Donald J. and Vance, JD","420"
"Clark","3040","President and Vice President of the United States","Harris, Kamala D. and Walz, Tim","927"
"Clark","3040","President and Vice President of the United States","None Of These Candidates","23"
"Clark","3040","President and Vice President of the United States","Oliver, Chase and ter Maat, Michael","6"
"Clark","3040","President and Vice President of the United States","Skousen, Joel and Combs, Rik","3"
"Clark","3040","President and Vice President of the United States","Trump, Donald J. and Vance, JD","1201"
"Clark","3041","President and Vice President of the United States","Harris, Kamala D. and Walz, Tim","64"
"Clark","3041","President and Vice President of the United States","None Of These Candidates","0"
"Clark","3041","President and Vice President of the United States","Oliver, Chase and ter Maat, Michael","1"
"Clark","3041","President and Vice President of the United States","Skousen, Joel and Combs, Rik","0"
"Clark","3041","President and Vice President of the United States","Trump, Donald J. and Vance, JD","21"
"Clark","3043","President and Vice President of the United States","Harris, Kamala D. and Walz, Tim","650"
"Clark","3043","President and Vice President of the United States","None Of These Candidates","26"
"Clark","3043","President and Vice President of the United States","Oliver, Chase and ter Maat, Michael","6"
"Clark","3043","President and Vice President of the United States","Skousen, Joel and Combs, Rik","0"
"Clark","3043","President and Vice President of the United States","Trump, Donald J. and Vance, JD","425"
"Clark","3045","President and Vice President of the United States","Harris, Kamala D. and Walz, Tim","466"
"Clark","3045","President and Vice President of the United States","None Of These Candidates","15"
"Clark","3045","President and Vice President of the United States","Oliver, Chase and ter Maat, Michael","3"
"Clark","3045","President and Vice President of the United States","Skousen, Joel and Combs, Rik","5"
"Clark","3045","President and Vice President of the United States","Trump, Donald J. and Vance, JD","385"
"Clark","3046","President and Vice President of the United States","Harris, Kamala D. and Walz, Tim","0"
"Clark","3046","President and Vice President of the United States","None Of These Candidates","0"
"Clark","3046","President and Vice President of the United States","Oliver, Chase and ter Maat, Michael","0"
"Clark","3046","President and Vice President of the United States","Skousen, Joel and Combs, Rik","0"
"Clark","3046","President and Vice President of the United States","Trump, Donald J. and Vance, JD","0"
"Clark","3047","President and Vice President of the United States","Harris, Kamala D. and Walz, Tim","*"
"Clark","3047","President and Vice President of the United States","None Of These Candidates","*"
"Clark","3047","President and Vice President of the United States","Oliver, Chase and ter Maat, Michael","*"
"Clark","3047","President and Vice President of the United States","Skousen, Joel and Combs, Rik","*"
"Clark","3047","President and Vice President of the United States","Trump, Donald J. and Vance, JD","*"
"Clark","3048","President and Vice President of the United States","Harris, Kamala D. and Walz, Tim","25"
"Clark","3048","President and Vice President of the United States","None Of These Candidates","0"
"Clark","3048","President and Vice President of the United States","Oliver, Chase and ter Maat, Michael","0"
"Clark","3048","President and Vice President of the United States","Skousen, Joel and Combs, Rik","0"
"Clark","3048","President and Vice President of the United States","Trump, Donald J. and Vance, JD","57"
"Clark","3050","President and Vice President of the United States","Harris, Kamala D. and Walz, Tim","433"
"Clark","3050","President and Vice President of the United States","None Of These Candidates","23"
"Clark","3050","President and Vice President of the United States","Oliver, Chase and ter Maat, Michael","7"
"Clark","3050","President and Vice President of the United States","Skousen, Joel and Combs, Rik","1"
"Clark","3050","President and Vice President of the United States","Trump, Donald J. and Vance, JD","959"
"Clark","3051","President and Vice President of the United States","Harris, Kamala D. and Walz, Tim","7"
"Clark","3051","President and Vice President of the United States","None Of These Candidates","0"
"Clark","3051","President and Vice President of the United States","Oliver, Chase and ter Maat, Michael","0"
"Clark","3051","President and Vice President of the United States","Skousen, Joel and Combs, Rik","0"
"Clark","3051","President and Vice President of the United States","Trump, Donald J. and Vance, JD","5"
"Clark","3053","President and Vice President of the United States","Harris, Kamala D. and Walz, Tim","*"
"Clark","3053","President and Vice President of the United States","None Of These Candidates","*"
"Clark","3053","President and Vice President of the United States","Oliver, Chase and ter Maat, Michael","*"
"Clark","3053","President and Vice President of the United States","Skousen, Joel and Combs, Rik","*"
"Clark","3053","President and Vice President of the United States","Trump, Donald J. and Vance, JD","*"
"Clark","3054","President and Vice President of the United States","Harris, Kamala D. and Walz, Tim","0"
"Clark","3054","President and Vice President of the United States","None Of These Candidates","0"
"Clark","3054","President and Vice President of the United States","Oliver, Chase and ter Maat, Michael","0"
"Clark","3054","President and Vice President of the United States","Skousen, Joel and Combs, Rik","0"
"Clark","3054","President and Vice President of the United States","Trump, Donald J. and Vance, JD","0"
"Clark","3055","President and Vice President of the United States","Harris, Kamala D. and Walz, Tim","1186"
"Clark","3055","President and Vice President of the United States","None Of These Candidates","29"
"Clark","3055","President and Vice President of the United States","Oliver, Chase and ter Maat, Michael","9"
"Clark","3055","President and Vice President of the United States","Skousen, Joel and Combs, Rik","1"
"Clark","3055","President and Vice President of the United States","Trump, Donald J. and Vance, JD","1105"
"Clark","3056","President and Vice President of the United States","Harris, Kamala D. and Walz, Tim","50"
"Clark","3056","President and Vice President of the United States","None Of These Candidates","1"
"Clark","3056","President and Vice President of the United States","Oliver, Chase and ter Maat, Michael","0"
"Clark","3056","President and Vice President of the United States","Skousen, Joel and Combs, Rik","0"
"Clark","3056","President and Vice President of the United States","Trump, Donald J. and Vance, JD","121"
"Clark","3057","President and Vice President of the United States","Harris, Kamala D. and Walz, Tim","218"
"Clark","3057","President and Vice President of the United States","None Of These Candidates","9"
"Clark","3057","President and Vice President of the United States","Oliver, Chase and ter Maat, Michael","2"
"Clark","3057","President and Vice President of the United States","Skousen, Joel and Combs, Rik","1"
"Clark","3057","President and Vice President of the United States","Trump, Donald J. and Vance, JD","473"
"Clark","3058","President and Vice President of the United States","Harris, Kamala D. and Walz, Tim","818"
"Clark","3058","President and Vice President of the United States","None Of These Candidates","15"
"Clark","3058","President and Vice President of the United States","Oliver, Chase and ter Maat, Michael","5"
"Clark","3058","President and Vice President of the United States","Skousen, Joel and Combs, Rik","8"
"Clark","3058","President and Vice President of the United States","Trump, Donald J. and Vance, JD","813"
"Clark","3059","President and Vice President of the United States","Harris, Kamala D. and Walz, Tim","1283"
"Clark","3059","President and Vice President of the United States","None Of These Candidates","29"
"Clark","3059","President and Vice President of the United States","Oliver, Chase and ter Maat, Michael","13"
"Clark","3059","President and Vice President of the United States","Skousen, Joel and Combs, Rik","4"
"Clark","3059","President and Vice President of the United States","Trump, Donald J. and Vance, JD","1347"
"Clark","3061","President and Vice President of the United States","Harris, Kamala D. and Walz, Tim","264"
"Clark","3061","President and Vice President of the United States","None Of These Candidates","5"
"Clark","3061","President and Vice President of the United States","Oliver, Chase and ter Maat, Michael","3"
"Clark","3061","President and Vice President of the United States","Skousen, Joel and Combs, Rik","1"
"Clark","3061","President and Vice President of the United States","Trump, Donald J. and Vance, JD","125"
"Clark","3062","President and Vice President of the United States","Harris, Kamala D. and Walz, Tim","1140"
"Clark","3062","President and Vice President of the United States","None Of These Candidates","25"
"Clark","3062","President and Vice President of the United States","Oliver, Chase and ter Maat, Michael","11"
"Clark","3062","President and Vice President of the United States","Skousen, Joel and Combs, Rik","5"
"Clark","3062","President and Vice President of the United States","Trump, Donald J. and Vance, JD","1042"
"Clark","3064","President and Vice President of the United States","Harris, Kamala D. and Walz, Tim","87"
"Clark","3064","President and Vice President of the United States","None Of These Candidates","4"
"Clark","3064","President and Vice President of the United States","Oliver, Chase and ter Maat, Michael","0"
"Clark","3064","President and Vice President of the United States","Skousen, Joel and Combs, Rik","0"
"Clark","3064","President and Vice President of the United States","Trump, Donald J. and Vance, JD","124"
"Clark","3065","President and Vice President of the United States","Harris, Kamala D. and Walz, Tim","15"
"Clark","3065","President and Vice President of the United States","None Of These Candidates","0"
"Clark","3065","President and Vice President of the United States","Oliver, Chase and ter Maat, Michael","1"
"Clark","3065","President and Vice President of the United States","Skousen, Joel and Combs, Rik","0"
"Clark","3065","President and Vice President of the United States","Trump, Donald J. and Vance, JD","16"
"Clark","3066","President and Vice President of the United States","Harris, Kamala D. and Walz, Tim","21"
"Clark","3066","President and Vice President of the United States","None Of These Candidates","0"
"Clark","3066","President and Vice President of the United States","Oliver, Chase and ter Maat, Michael","0"
"Clark","3066","President and Vice President of the United States","Skousen, Joel and Combs, Rik","0"
"Clark","3066","President and Vice President of the United States","Trump, Donald J. and Vance, JD","32"
"Clark","3067","President and Vice President of the United States","Harris, Kamala D. and Walz, Tim","31"
"Clark","3067","President and Vice President of the United States","None Of These Candidates","2"
"Clark","3067","President and Vice President of the United States","Oliver, Chase and ter Maat, Michael","0"
"Clark","3067","President and Vice President of the United States","Skousen, Joel and Combs, Rik","0"
"Clark","3067","President and Vice President of the United States","Trump, Donald J. and Vance, JD","73"
"Clark","3068","President and Vice President of the United States","Harris, Kamala D. and Walz, Tim","488"
"Clark","3068","President and Vice President of the United States","None Of These Candidates","12"
"Clark","3068","President and Vice President of the United States","Oliver, Chase and ter Maat, Michael","0"
"Clark","3068","President and Vice President of the United States","Skousen, Joel and Combs, Rik","1"
"Clark","3068","President and Vice President of the United States","Trump, Donald J. and Vance, JD","316"
"Clark","3069","President and Vice President of the United States","Harris, Kamala D. and Walz, Tim","83"
"Clark","3069","President and Vice President of the United States","None Of These Candidates","1"
"Clark","3069","President and Vice President of the United States","Oliver, Chase and ter Maat, Michael","1"
"Clark","3069","President and Vice President of the United States","Skousen, Joel and Combs, Rik","1"
"Clark","3069","President and Vice President of the United States","Trump, Donald J. and Vance, JD","29"
"Clark","3070","President and Vice President of the United States","Harris, Kamala D. and Walz, Tim","*"
"Clark","3070","President and Vice President of the United States","None Of These Candidates","*"
"Clark","3070","President and Vice President of the United States","Oliver, Chase and ter Maat, Michael","*"
"Clark","3070","President and Vice President of the United States","Skousen, Joel and Combs, Rik","*"
"Clark","3070","President and Vice President of the United States","Trump, Donald J. and Vance, JD","*"
"Clark","3071","President and Vice President of the United States","Harris, Kamala D. and Walz, Tim","183"
"Clark","3071","President and Vice President of the United States","None Of These Candidates","7"
"Clark","3071","President and Vice President of the United States","Oliver, Chase and ter Maat, Michael","0"
"Clark","3071","President and Vice President of the United States","Skousen, Joel and Combs, Rik","2"
"Clark","3071","President and Vice President of the United States","Trump, Donald J. and Vance, JD","346"
"Clark","3072","President and Vice President of the United States","Harris, Kamala D. and Walz, Tim","43"
"Clark","3072","President and Vice President of the United States","None Of These Candidates","1"
"Clark","3072","President and Vice President of the United States","Oliver, Chase and ter Maat, Michael","0"
"Clark","3072","President and Vice President of the United States","Skousen, Joel and Combs, Rik","0"
"Clark","3072","President and Vice President of the United States","Trump, Donald J. and Vance, JD","54"
"Clark","3074","President and Vice President of the United States","Harris, Kamala D. and Walz, Tim","441"
"Clark","3074","President and Vice President of the United States","None Of These Candidates","9"
"Clark","3074","President and Vice President of the United States","Oliver, Chase and ter Maat, Michael","2"
"Clark","3074","President and Vice President of the United States","Skousen, Joel and Combs, Rik","1"
"Clark","3074","President and Vice President of the United States","Trump, Donald J. and Vance, JD","339"
"Clark","3151","President and Vice President of the United States","Harris, Kamala D. and Walz, Tim","*"
"Clark","3151","President and Vice President of the United States","None Of These Candidates","*"
"Clark","3151","President and Vice President of the United States","Oliver, Chase and ter Maat, Michael","*"
"Clark","3151","President and Vice President of the United States","Skousen, Joel and Combs, Rik","*"
"Clark","3151","President and Vice President of the United States","Trump, Donald J. and Vance, JD","*"
"Clark","3152","President and Vice President of the United States","Harris, Kamala D. and Walz, Tim","24"
"Clark","3152","President and Vice President of the United States","None Of These Candidates","2"
"Clark","3152","President and Vice President of the United States","Oliver, Chase and ter Maat, Michael","0"
"Clark","3152","President and Vice President of the United States","Skousen, Joel and Combs, Rik","0"
"Clark","3152","President and Vice President of the United States","Trump, Donald J. and Vance, JD","52"
"Clark","3191","President and Vice President of the United States","Harris, Kamala D. and Walz, Tim","*"
"Clark","3191","President and Vice President of the United States","None Of These Candidates","*"
"Clark","3191","President and Vice President of the United States","Oliver, Chase and ter Maat, Michael","*"
"Clark","3191","President and Vice President of the United States","Skousen, Joel and Combs, Rik","*"
"Clark","3191","President and Vice President of the United States","Trump, Donald J. and Vance, JD","*"
"Clark","3217","President and Vice President of the United States","Harris, Kamala D. and Walz, Tim","773"
"Clark","3217","President and Vice President of the United States","None Of These Candidates","23"
"Clark","3217","President and Vice President of the United States","Oliver, Chase and ter Maat, Michael","6"
"Clark","3217","President and Vice President of the United States","Skousen, Joel and Combs, Rik","3"
"Clark","3217","President and Vice President of the United States","Trump, Donald J. and Vance, JD","717"
"Clark","3361","President and Vice President of the United States","Harris, Kamala D. and Walz, Tim","690"
"Clark","3361","President and Vice President of the United States","None Of These Candidates","19"
"Clark","3361","President and Vice President of the United States","Oliver, Chase and ter Maat, Michael","1"
"Clark","3361","President and Vice President of the United States","Skousen, Joel and Combs, Rik","1"
"Clark","3361","President and Vice President of the United States","Trump, Donald J. and Vance, JD","597"
"Clark","3363","President and Vice President of the United States","Harris, Kamala D. and Walz, Tim","1004"
"Clark","3363","President and Vice President of the United States","None Of These Candidates","38"
"Clark","3363","President and Vice President of the United States","Oliver, Chase and ter Maat, Michael","3"
"Clark","3363","President and Vice President of the United States","Skousen, Joel and Combs, Rik","2"
"Clark","3363","President and Vice President of the United States","Trump, Donald J. and Vance, JD","1310"
"Clark","3364","President and Vice President of the United States","Harris, Kamala D. and Walz, Tim","619"
"Clark","3364","President and Vice President of the United States","None Of These Candidates","23"
"Clark","3364","President and Vice President of the United States","Oliver, Chase and ter Maat, Michael","3"
"Clark","3364","President and Vice President of the United States","Skousen, Joel and Combs, Rik","0"
"Clark","3364","President and Vice President of the United States","Trump, Donald J. and Vance, JD","981"
"Clark","3366","President and Vice President of the United States","Harris, Kamala D. and Walz, Tim","1175"
"Clark","3366","President and Vice President of the United States","None Of These Candidates","44"
"Clark","3366","President and Vice President of the United States","Oliver, Chase and ter Maat, Michael","13"
"Clark","3366","President and Vice President of the United States","Skousen, Joel and Combs, Rik","1"
"Clark","3366","President and Vice President of the United States","Trump, Donald J. and Vance, JD","1413"
"Clark","3370","President and Vice President of the United States","Harris, Kamala D. and Walz, Tim","1397"
"Clark","3370","President and Vice President of the United States","None Of These Candidates","25"
"Clark","3370","President and Vice President of the United States","Oliver, Chase and ter Maat, Michael","11"
"Clark","3370","President and Vice President of the United States","Skousen, Joel and Combs, Rik","0"
"Clark","3370","President and Vice President of the United States","Trump, Donald J. and Vance, JD","1213"
"Clark","3373","President and Vice President of the United States","Harris, Kamala D. and Walz, Tim","1577"
"Clark","3373","President and Vice President of the United States","None Of These Candidates","46"
"Clark","3373","President and Vice President of the United States","Oliver, Chase and ter Maat, Michael","10"
"Clark","3373","President and Vice President of the United States","Skousen, Joel and Combs, Rik","7"
"Clark","3373","President and Vice President of the United States","Trump, Donald J. and Vance, JD","1775"
"Clark","3374","President and Vice President of the United States","Harris, Kamala D. and Walz, Tim","1004"
"Clark","3374","President and Vice President of the United States","None Of These Candidates","23"
"Clark","3374","President and Vice President of the United States","Oliver, Chase and ter Maat, Michael","3"
"Clark","3374","President and Vice President of the United States","Skousen, Joel and Combs, Rik","1"
"Clark","3374","President and Vice President of the United States","Trump, Donald J. and Vance, JD","1168"
"Clark","3382","President and Vice President of the United States","Harris, Kamala D. and Walz, Tim","892"
"Clark","3382","President and Vice President of the United States","None Of These Candidates","22"
"Clark","3382","President and Vice President of the United States","Oliver, Chase and ter Maat, Michael","9"
"Clark","3382","President and Vice President of the United States","Skousen, Joel and Combs, Rik","2"
"Clark","3382","President and Vice President of the United States","Trump, Donald J. and Vance, JD","1051"
"Clark","3383","President and Vice President of the United States","Harris, Kamala D. and Walz, Tim","1018"
"Clark","3383","President and Vice President of the United States","None Of These Candidates","14"
"Clark","3383","President and Vice President of the United States","Oliver, Chase and ter Maat, Michael","4"
"Clark","3383","President and Vice President of the United States","Skousen, Joel and Combs, Rik","5"
"Clark","3383","President and Vice President of the United States","Trump, Donald J. and Vance, JD","1197"
"Clark","3385","President and Vice President of the United States","Harris, Kamala D. and Walz, Tim","773"
"Clark","3385","President and Vice President of the United States","None Of These Candidates","22"
"Clark","3385","President and Vice President of the United States","Oliver, Chase and ter Maat, Michael","4"
"Clark","3385","President and Vice President of the United States","Skousen, Joel and Combs, Rik","3"
"Clark","3385","President and Vice President of the United States","Trump, Donald J. and Vance, JD","779"
"Clark","3391","President and Vice President of the United States","Harris, Kamala D. and Walz, Tim","967"
"Clark","3391","President and Vice President of the United States","None Of These Candidates","26"
"Clark","3391","President and Vice President of the United States","Oliver, Chase and ter Maat, Michael","9"
"Clark","3391","President and Vice President of the United States","Skousen, Joel and Combs, Rik","2"
"Clark","3391","President and Vice President of the United States","Trump, Donald J. and Vance, JD","914"
"Clark","3392","President and Vice President of the United States","Harris, Kamala D. and Walz, Tim","643"
"Clark","3392","President and Vice President of the United States","None Of These Candidates","28"
"Clark","3392","President and Vice President of the United States","Oliver, Chase and ter Maat, Michael","3"
"Clark","3392","President and Vice President of the United States","Skousen, Joel and Combs, Rik","3"
"Clark","3392","President and Vice President of the United States","Trump, Donald J. and Vance, JD","715"
"Clark","3414","President and Vice President of the United States","Harris, Kamala D. and Walz, Tim","464"
"Clark","3414","President and Vice President of the United States","None Of These Candidates","23"
"Clark","3414","President and Vice President of the United States","Oliver, Chase and ter Maat, Michael","7"
"Clark","3414","President and Vice President of the United States","Skousen, Joel and Combs, Rik","1"
"Clark","3414","President and Vice President of the United States","Trump, Donald J. and Vance, JD","581"
"Clark","3417","President and Vice President of the United States","Harris, Kamala D. and Walz, Tim","969"
"Clark","3417","President and Vice President of the United States","None Of These Candidates","20"
"Clark","3417","President and Vice President of the United States","Oliver, Chase and ter Maat, Michael","8"
"Clark","3417","President and Vice President of the United States","Skousen, Joel and Combs, Rik","1"
"Clark","3417","President and Vice President of the United States","Trump, Donald J. and Vance, JD","795"
"Clark","3418","President and Vice President of the United States","Harris, Kamala D. and Walz, Tim","276"
"Clark","3418","President and Vice President of the United States","None Of These Candidates","11"
"Clark","3418","President and Vice President of the United States","Oliver, Chase and ter Maat, Michael","2"
"Clark","3418","President and Vice President of the United States","Skousen, Joel and Combs, Rik","0"
"Clark","3418","President and Vice President of the United States","Trump, Donald J. and Vance, JD","356"
"Clark","3433","President and Vice President of the United States","Harris, Kamala D. and Walz, Tim","*"
"Clark","3433","President and Vice President of the United States","None Of These Candidates","*"
"Clark","3433","President and Vice President of the United States","Oliver, Chase and ter Maat, Michael","*"
"Clark","3433","President and Vice President of the United States","Skousen, Joel and Combs, Rik","*"
"Clark","3433","President and Vice President of the United States","Trump, Donald J. and Vance, JD","*"
"Clark","3435","President and Vice President of the United States","Harris, Kamala D. and Walz, Tim","1211"
"Clark","3435","President and Vice President of the United States","None Of These Candidates","29"
"Clark","3435","President and Vice President of the United States","Oliver, Chase and ter Maat, Michael","9"
"Clark","3435","President and Vice President of the United States","Skousen, Joel and Combs, Rik","4"
"Clark","3435","President and Vice President of the United States","Trump, Donald J. and Vance, JD","1083"
"Clark","3439","President and Vice President of the United States","Harris, Kamala D. and Walz, Tim","*"
"Clark","3439","President and Vice President of the United States","None Of These Candidates","*"
"Clark","3439","President and Vice President of the United States","Oliver, Chase and ter Maat, Michael","*"
"Clark","3439","President and Vice President of the United States","Skousen, Joel and Combs, Rik","*"
"Clark","3439","President and Vice President of the United States","Trump, Donald J. and Vance, JD","*"
"Clark","3457","President and Vice President of the United States","Harris, Kamala D. and Walz, Tim","*"
"Clark","3457","President and Vice President of the United States","None Of These Candidates","*"
"Clark","3457","President and Vice President of the United States","Oliver, Chase and ter Maat, Michael","*"
"Clark","3457","President and Vice President of the United States","Skousen, Joel and Combs, Rik","*"
"Clark","3457","President and Vice President of the United States","Trump, Donald J. and Vance, JD","*"
"Clark","3464","President and Vice President of the United States","Harris, Kamala D. and Walz, Tim","852"
"Clark","3464","President and Vice President of the United States","None Of These Candidates","22"
"Clark","3464","President and Vice President of the United States","Oliver, Chase and ter Maat, Michael","3"
"Clark","3464","President and Vice President of the United States","Skousen, Joel and Combs, Rik","1"
"Clark","3464","President and Vice President of the United States","Trump, Donald J. and Vance, JD","1063"
"Clark","3518","President and Vice President of the United States","Harris, Kamala D. and Walz, Tim","1"
"Clark","3518","President and Vice President of the United States","None Of These Candidates","1"
"Clark","3518","President and Vice President of the United States","Oliver, Chase and ter Maat, Michael","0"
"Clark","3518","President and Vice President of the United States","Skousen, Joel and Combs, Rik","0"
"Clark","3518","President and Vice President of the United States","Trump, Donald J. and Vance, JD","12"
"Clark","3532","President and Vice President of the United States","Harris, Kamala D. and Walz, Tim","3"
"Clark","3532","President and Vice President of the United States","None Of These Candidates","0"
"Clark","3532","President and Vice President of the United States","Oliver, Chase and ter Maat, Michael","0"
"Clark","3532","President and Vice President of the United States","Skousen, Joel and Combs, Rik","0"
"Clark","3532","President and Vice President of the United States","Trump, Donald J. and Vance, JD","22"
"Clark","3535","President and Vice President of the United States","Harris, Kamala D. and Walz, Tim","6"
"Clark","3535","President and Vice President of the United States","None Of These Candidates","0"
"Clark","3535","President and Vice President of the United States","Oliver, Chase and ter Maat, Michael","0"
"Clark","3535","President and Vice President of the United States","Skousen, Joel and Combs, Rik","0"
"Clark","3535","President and Vice President of the United States","Trump, Donald J. and Vance, JD","17"
"Clark","3537","President and Vice President of the United States","Harris, Kamala D. and Walz, Tim","0"
"Clark","3537","President and Vice President of the United States","None Of These Candidates","0"
"Clark","3537","President and Vice President of the United States","Oliver, Chase and ter Maat, Michael","0"
"Clark","3537","President and Vice President of the United States","Skousen, Joel and Combs, Rik","0"
"Clark","3537","President and Vice President of the United States","Trump, Donald J. and Vance, JD","0"
"Clark","3540","President and Vice President of the United States","Harris, Kamala D. and Walz, Tim","156"
"Clark","3540","President and Vice President of the United States","None Of These Candidates","4"
"Clark","3540","President and Vice President of the United States","Oliver, Chase and ter Maat, Michael","0"
"Clark","3540","President and Vice President of the United States","Skousen, Joel and Combs, Rik","2"
"Clark","3540","President and Vice President of the United States","Trump, Donald J. and Vance, JD","358"
"Clark","3544","President and Vice President of the United States","Harris, Kamala D. and Walz, Tim","510"
"Clark","3544","President and Vice President of the United States","None Of These Candidates","16"
"Clark","3544","President and Vice President of the United States","Oliver, Chase and ter Maat, Michael","5"
"Clark","3544","President and Vice President of the United States","Skousen, Joel and Combs, Rik","3"
"Clark","3544","President and Vice President of the United States","Trump, Donald J. and Vance, JD","722"
"Clark","3545","President and Vice President of the United States","Harris, Kamala D. and Walz, Tim","0"
"Clark","3545","President and Vice President of the United States","None Of These Candidates","0"
"Clark","3545","President and Vice President of the United States","Oliver, Chase and ter Maat, Michael","0"
"Clark","3545","President and Vice President of the United States","Skousen, Joel and Combs, Rik","0"
"Clark","3545","President and Vice President of the United States","Trump, Donald J. and Vance, JD","0"
"Clark","3546","President and Vice President of the United States","Harris, Kamala D. and Walz, Tim","1576"
"Clark","3546","President and Vice President of the United States","None Of These Candidates","37"
"Clark","3546","President and Vice President of the United States","Oliver, Chase and ter Maat, Michael","20"
"Clark","3546","President and Vice President of the United States","Skousen, Joel and Combs, Rik","4"
"Clark","3546","President and Vice President of the United States","Trump, Donald J. and Vance, JD","1704"
"Clark","3547","President and Vice President of the United States","Harris, Kamala D. and Walz, Tim","758"
"Clark","3547","President and Vice President of the United States","None Of These Candidates","29"
"Clark","3547","President and Vice President of the United States","Oliver, Chase and ter Maat, Michael","7"
"Clark","3547","President and Vice President of the United States","Skousen, Joel and Combs, Rik","2"
"Clark","3547","President and Vice President of the United States","Trump, Donald J. and Vance, JD","1039"
"Clark","3552","President and Vice President of the United States","Harris, Kamala D. and Walz, Tim","0"
"Clark","3552","President and Vice President of the United States","None Of These Candidates","0"
"Clark","3552","President and Vice President of the United States","Oliver, Chase and ter Maat, Michael","0"
"Clark","3552","President and Vice President of the United States","Skousen, Joel and Combs, Rik","0"
"Clark","3552","President and Vice President of the United States","Trump, Donald J. and Vance, JD","0"
"Clark","3553","President and Vice President of the United States","Harris, Kamala D. and Walz, Tim","0"
"Clark","3553","President and Vice President of the United States","None Of These Candidates","0"
"Clark","3553","President and Vice President of the United States","Oliver, Chase and ter Maat, Michael","0"
"Clark","3553","President and Vice President of the United States","Skousen, Joel and Combs, Rik","0"
"Clark","3553","President and Vice President of the United States","Trump, Donald J. and Vance, JD","0"
"Clark","3557","President and Vice President of the United States","Harris, Kamala D. and Walz, Tim","916"
"Clark","3557","President and Vice President of the United States","None Of These Candidates","23"
"Clark","3557","President and Vice President of the United States","Oliver, Chase and ter Maat, Michael","11"
"Clark","3557","President and Vice President of the United States","Skousen, Joel and Combs, Rik","1"
"Clark","3557","President and Vice President of the United States","Trump, Donald J. and Vance, JD","974"
"Clark","3559","President and Vice President of the United States","Harris, Kamala D. and Walz, Tim","*"
"Clark","3559","President and Vice President of the United States","None Of These Candidates","*"
"Clark","3559","President and Vice President of the United States","Oliver, Chase and ter Maat, Michael","*"
"Clark","3559","President and Vice President of the United States","Skousen, Joel and Combs, Rik","*"
"Clark","3559","President and Vice President of the United States","Trump, Donald J. and Vance, JD","*"
"Clark","3562","President and Vice President of the United States","Harris, Kamala D. and Walz, Tim","2"
"Clark","3562","President and Vice President of the United States","None Of These Candidates","0"
"Clark","3562","President and Vice President of the United States","Oliver, Chase and ter Maat, Michael","0"
"Clark","3562","President and Vice President of the United States","Skousen, Joel and Combs, Rik","0"
"Clark","3562","President and Vice President of the United States","Trump, Donald J. and Vance, JD","8"
"Clark","3564","President and Vice President of the United States","Harris, Kamala D. and Walz, Tim","75"
"Clark","3564","President and Vice President of the United States","None Of These Candidates","1"
"Clark","3564","President and Vice President of the United States","Oliver, Chase and ter Maat, Michael","1"
"Clark","3564","President and Vice President of the United States","Skousen, Joel and Combs, Rik","0"
"Clark","3564","President and Vice President of the United States","Trump, Donald J. and Vance, JD","187"
"Clark","3565","President and Vice President of the United States","Harris, Kamala D. and Walz, Tim","1120"
"Clark","3565","President and Vice President of the United States","None Of These Candidates","38"
"Clark","3565","President and Vice President of the United States","Oliver, Chase and ter Maat, Michael","11"
"Clark","3565","President and Vice President of the United States","Skousen, Joel and Combs, Rik","4"
"Clark","3565","President and Vice President of the United States","Trump, Donald J. and Vance, JD","1329"
"Clark","3571","President and Vice President of the United States","Harris, Kamala D. and Walz, Tim","*"
"Clark","3571","President and Vice President of the United States","None Of These Candidates","*"
"Clark","3571","President and Vice President of the United States","Oliver, Chase and ter Maat, Michael","*"
"Clark","3571","President and Vice President of the United States","Skousen, Joel and Combs, Rik","*"
"Clark","3571","President and Vice President of the United States","Trump, Donald J. and Vance, JD","*"
"Clark","3574","President and Vice President of the United States","Harris, Kamala D. and Walz, Tim","0"
"Clark","3574","President and Vice President of the United States","None Of These Candidates","0"
"Clark","3574","President and Vice President of the United States","Oliver, Chase and ter Maat, Michael","0"
"Clark","3574","President and Vice President of the United States","Skousen, Joel and Combs, Rik","0"
"Clark","3574","President and Vice President of the United States","Trump, Donald J. and Vance, JD","0"
"Clark","3576","President and Vice President of the United States","Harris, Kamala D. and Walz, Tim","996"
"Clark","3576","President and Vice President of the United States","None Of These Candidates","36"
"Clark","3576","President and Vice President of the United States","Oliver, Chase and ter Maat, Michael","7"
"Clark","3576","President and Vice President of the United States","Skousen, Joel and Combs, Rik","2"
"Clark","3576","President and Vice President of the United States","Trump, Donald J. and Vance, JD","1158"
"Clark","3578","President and Vice President of the United States","Harris, Kamala D. and Walz, Tim","13"
"Clark","3578","President and Vice President of the United States","None Of These Candidates","0"
"Clark","3578","President and Vice President of the United States","Oliver, Chase and ter Maat, Michael","0"
"Clark","3578","President and Vice President of the United States","Skousen, Joel and Combs, Rik","0"
"Clark","3578","President and Vice President of the United States","Trump, Donald J. and Vance, JD","28"
"Clark","3579","President and Vice President of the United States","Harris, Kamala D. and Walz, Tim","2"
"Clark","3579","President and Vice President of the United States","None Of These Candidates","0"
"Clark","3579","President and Vice President of the United States","Oliver, Chase and ter Maat, Michael","0"
"Clark","3579","President and Vice President of the United States","Skousen, Joel and Combs, Rik","0"
"Clark","3579","President and Vice President of the United States","Trump, Donald J. and Vance, JD","11"
"Clark","3580","President and Vice President of the United States","Harris, Kamala D. and Walz, Tim","0"
"Clark","3580","President and Vice President of the United States","None Of These Candidates","0"
"Clark","3580","President and Vice President of the United States","Oliver, Chase and ter Maat, Michael","0"
"Clark","3580","President and Vice President of the United States","Skousen, Joel and Combs, Rik","0"
"Clark","3580","President and Vice President of the United States","Trump, Donald J. and Vance, JD","0"
"Clark","3581","President and Vice President of the United States","Harris, Kamala D. and Walz, Tim","*"
"Clark","3581","President and Vice President of the United States","None Of These Candidates","*"
"Clark","3581","President and Vice President of the United States","Oliver, Chase and ter Maat, Michael","*"
"Clark","3581","President and Vice President of the United States","Skousen, Joel and Combs, Rik","*"
"Clark","3581","President and Vice President of the United States","Trump, Donald J. and Vance, JD","*"
"Clark","3582","President and Vice President of the United States","Harris, Kamala D. and Walz, Tim","0"
"Clark","3582","President and Vice President of the United States","None Of These Candidates","0"
"Clark","3582","President and Vice President of the United States","Oliver, Chase and ter Maat, Michael","0"
"Clark","3582","President and Vice President of the United States","Skousen, Joel and Combs, Rik","0"
"Clark","3582","President and Vice President of the United States","Trump, Donald J. and Vance, JD","0"
"Clark","3583","President and Vice President of the United States","Harris, Kamala D. and Walz, Tim","715"
"Clark","3583","President and Vice President of the United States","None Of These Candidates","6"
"Clark","3583","President and Vice President of the United States","Oliver, Chase and ter Maat, Michael","5"
"Clark","3583","President and Vice President of the United States","Skousen, Joel and Combs, Rik","6"
"Clark","3583","President and Vice President of the United States","Trump, Donald J. and Vance, JD","764"
"Clark","3584","President and Vice President of the United States","Harris, Kamala D. and Walz, Tim","*"
"Clark","3584","President and Vice President of the United States","None Of These Candidates","*"
"Clark","3584","President and Vice President of the United States","Oliver, Chase and ter Maat, Michael","*"
"Clark","3584","President and Vice President of the United States","Skousen, Joel and Combs, Rik","*"
"Clark","3584","President and Vice President of the United States","Trump, Donald J. and Vance, JD","*"
"Clark","3585","President and Vice President of the United States","Harris, Kamala D. and Walz, Tim","0"
"Clark","3585","President and Vice President of the United States","None Of These Candidates","0"
"Clark","3585","President and Vice President of the United States","Oliver, Chase and ter Maat, Michael","0"
"Clark","3585","President and Vice President of the United States","Skousen, Joel and Combs, Rik","0"
"Clark","3585","President and Vice President of the United States","Trump, Donald J. and Vance, JD","0"
"Clark","3586","President and Vice President of the United States","Harris, Kamala D. and Walz, Tim","0"
"Clark","3586","President and Vice President of the United States","None Of These Candidates","0"
"Clark","3586","President and Vice President of the United States","Oliver, Chase and ter Maat, Michael","0"
"Clark","3586","President and Vice President of the United States","Skousen, Joel and Combs, Rik","0"
"Clark","3586","President and Vice President of the United States","Trump, Donald J. and Vance, JD","0"
"Clark","3587","President and Vice President of the United States","Harris, Kamala D. and Walz, Tim","930"
"Clark","3587","President and Vice President of the United States","None Of These Candidates","29"
"Clark","3587","President and Vice President of the United States","Oliver, Chase and ter Maat, Michael","5"
"Clark","3587","President and Vice President of the United States","Skousen, Joel and Combs, Rik","0"
"Clark","3587","President and Vice President of the United States","Trump, Donald J. and Vance, JD","1211"
"Clark","3588","President and Vice President of the United States","Harris, Kamala D. and Walz, Tim","1213"
"Clark","3588","President and Vice President of the United States","None Of These Candidates","30"
"Clark","3588","President and Vice President of the United States","Oliver, Chase and ter Maat, Michael","8"
"Clark","3588","President and Vice President of the United States","Skousen, Joel and Combs, Rik","3"
"Clark","3588","President and Vice President of the United States","Trump, Donald J. and Vance, JD","1392"
"Clark","3602","President and Vice President of the United States","Harris, Kamala D. and Walz, Tim","961"
"Clark","3602","President and Vice President of the United States","None Of These Candidates","19"
"Clark","3602","President and Vice President of the United States","Oliver, Chase and ter Maat, Michael","4"
"Clark","3602","President and Vice President of the United States","Skousen, Joel and Combs, Rik","3"
"Clark","3602","President and Vice President of the United States","Trump, Donald J. and Vance, JD","1022"
"Clark","3604","President and Vice President of the United States","Harris, Kamala D. and Walz, Tim","1181"
"Clark","3604","President and Vice President of the United States","None Of These Candidates","30"
"Clark","3604","President and Vice President of the United States","Oliver, Chase and ter Maat, Michael","6"
"Clark","3604","President and Vice President of the United States","Skousen, Joel and Combs, Rik","2"
"Clark","3604","President and Vice President of the United States","Trump, Donald J. and Vance, JD","911"
"Clark","3605","President and Vice President of the United States","Harris, Kamala D. and Walz, Tim","156"
"Clark","3605","President and Vice President of the United States","None Of These Candidates","7"
"Clark","3605","President and Vice President of the United States","Oliver, Chase and ter Maat, Michael","7"
"Clark","3605","President and Vice President of the United States","Skousen, Joel and Combs, Rik","3"
"Clark","3605","President and Vice President of the United States","Trump, Donald J. and Vance, JD","522"
"Clark","3606","President and Vice President of the United States","Harris, Kamala D. and Walz, Tim","1379"
"Clark","3606","President and Vice President of the United States","None Of These Candidates","31"
"Clark","3606","President and Vice President of the United States","Oliver, Chase and ter Maat, Michael","12"
"Clark","3606","President and Vice President of the United States","Skousen, Joel and Combs, Rik","3"
"Clark","3606","President and Vice President of the United States","Trump, Donald J. and Vance, JD","1442"
"Clark","3607","President and Vice President of the United States","Harris, Kamala D. and Walz, Tim","805"
"Clark","3607","President and Vice President of the United States","None Of These Candidates","17"
"Clark","3607","President and Vice President of the United States","Oliver, Chase and ter Maat, Michael","12"
"Clark","3607","President and Vice President of the United States","Skousen, Joel and Combs, Rik","1"
"Clark","3607","President and Vice President of the United States","Trump, Donald J. and Vance, JD","530"
"Clark","3609","President and Vice President of the United States","Harris, Kamala D. and Walz, Tim","441"
"Clark","3609","President and Vice President of the United States","None Of These Candidates","19"
"Clark","3609","President and Vice President of the United States","Oliver, Chase and ter Maat, Michael","1"
"Clark","3609","President and Vice President of the United States","Skousen, Joel and Combs, Rik","6"
"Clark","3609","President and Vice President of the United States","Trump, Donald J. and Vance, JD","946"
"Clark","3611","President and Vice President of the United States","Harris, Kamala D. and Walz, Tim","0"
"Clark","3611","President and Vice President of the United States","None Of These Candidates","0"
"Clark","3611","President and Vice President of the United States","Oliver, Chase and ter Maat, Michael","0"
"Clark","3611","President and Vice President of the United States","Skousen, Joel and Combs, Rik","0"
"Clark","3611","President and Vice President of the United States","Trump, Donald J. and Vance, JD","0"
"Clark","3612","President and Vice President of the United States","Harris, Kamala D. and Walz, Tim","0"
"Clark","3612","President and Vice President of the United States","None Of These Candidates","0"
"Clark","3612","President and Vice President of the United States","Oliver, Chase and ter Maat, Michael","0"
"Clark","3612","President and Vice President of the United States","Skousen, Joel and Combs, Rik","0"
"Clark","3612","President and Vice President of the United States","Trump, Donald J. and Vance, JD","0"
"Clark","3613","President and Vice President of the United States","Harris, Kamala D. and Walz, Tim","639"
"Clark","3613","President and Vice President of the United States","None Of These Candidates","17"
"Clark","3613","President and Vice President of the United States","Oliver, Chase and ter Maat, Michael","6"
"Clark","3613","President and Vice President of the United States","Skousen, Joel and Combs, Rik","2"
"Clark","3613","President and Vice President of the United States","Trump, Donald J. and Vance, JD","447"
"Clark","3700","President and Vice President of the United States","Harris, Kamala D. and Walz, Tim","131"
"Clark","3700","President and Vice President of the United States","None Of These Candidates","2"
"Clark","3700","President and Vice President of the United States","Oliver, Chase and ter Maat, Michael","0"
"Clark","3700","President and Vice President of the United States","Skousen, Joel and Combs, Rik","1"
"Clark","3700","President and Vice President of the United States","Trump, Donald J. and Vance, JD","151"
"Clark","3705","President and Vice President of the United States","Harris, Kamala D. and Walz, Tim","424"
"Clark","3705","President and Vice President of the United States","None Of These Candidates","10"
"Clark","3705","President and Vice President of the United States","Oliver, Chase and ter Maat, Michael","4"
"Clark","3705","President and Vice President of the United States","Skousen, Joel and Combs, Rik","0"
"Clark","3705","President and Vice President of the United States","Trump, Donald J. and Vance, JD","576"
"Clark","3706","President and Vice President of the United States","Harris, Kamala D. and Walz, Tim","1468"
"Clark","3706","President and Vice President of the United States","None Of These Candidates","38"
"Clark","3706","President and Vice President of the United States","Oliver, Chase and ter Maat, Michael","11"
"Clark","3706","President and Vice President of the United States","Skousen, Joel and Combs, Rik","2"
"Clark","3706","President and Vice President of the United States","Trump, Donald J. and Vance, JD","1577"
"Clark","3709","President and Vice President of the United States","Harris, Kamala D. and Walz, Tim","354"
"Clark","3709","President and Vice President of the United States","None Of These Candidates","7"
"Clark","3709","President and Vice President of the United States","Oliver, Chase and ter Maat, Michael","5"
"Clark","3709","President and Vice President of the United States","Skousen, Joel and Combs, Rik","0"
"Clark","3709","President and Vice President of the United States","Trump, Donald J. and Vance, JD","546"
"Clark","3710","President and Vice President of the United States","Harris, Kamala D. and Walz, Tim","195"
"Clark","3710","President and Vice President of the United States","None Of These Candidates","5"
"Clark","3710","President and Vice President of the United States","Oliver, Chase and ter Maat, Michael","2"
"Clark","3710","President and Vice President of the United States","Skousen, Joel and Combs, Rik","1"
"Clark","3710","President and Vice President of the United States","Trump, Donald J. and Vance, JD","320"
"Clark","3712","President and Vice President of the United States","Harris, Kamala D. and Walz, Tim","*"
"Clark","3712","President and Vice President of the United States","None Of These Candidates","*"
"Clark","3712","President and Vice President of the United States","Oliver, Chase and ter Maat, Michael","*"
"Clark","3712","President and Vice President of the United States","Skousen, Joel and Combs, Rik","*"
"Clark","3712","President and Vice President of the United States","Trump, Donald J. and Vance, JD","*"
"Clark","3713","President and Vice President of the United States","Harris, Kamala D. and Walz, Tim","25"
"Clark","3713","President and Vice President of the United States","None Of These Candidates","0"
"Clark","3713","President and Vice President of the United States","Oliver, Chase and ter Maat, Michael","0"
"Clark","3713","President and Vice President of the United States","Skousen, Joel and Combs, Rik","0"
"Clark","3713","President and Vice President of the United States","Trump, Donald J. and Vance, JD","26"
"Clark","3714","President and Vice President of the United States","Harris, Kamala D. and Walz, Tim","21"
"Clark","3714","President and Vice President of the United States","None Of These Candidates","0"
"Clark","3714","President and Vice President of the United States","Oliver, Chase and ter Maat, Michael","0"
"Clark","3714","President and Vice President of the United States","Skousen, Joel and Combs, Rik","1"
"Clark","3714","President and Vice President of the United States","Trump, Donald J. and Vance, JD","20"
"Clark","3715","President and Vice President of the United States","Harris, Kamala D. and Walz, Tim","518"
"Clark","3715","President and Vice President of the United States","None Of These Candidates","15"
"Clark","3715","President and Vice President of the United States","Oliver, Chase and ter Maat, Michael","6"
"Clark","3715","President and Vice President of the United States","Skousen, Joel and Combs, Rik","1"
"Clark","3715","President and Vice President of the United States","Trump, Donald J. and Vance, JD","1163"
"Clark","3716","President and Vice President of the United States","Harris, Kamala D. and Walz, Tim","*"
"Clark","3716","President and Vice President of the United States","None Of These Candidates","*"
"Clark","3716","President and Vice President of the United States","Oliver, Chase and ter Maat, Michael","*"
"Clark","3716","President and Vice President of the United States","Skousen, Joel and Combs, Rik","*"
"Clark","3716","President and Vice President of the United States","Trump, Donald J. and Vance, JD","*"
"Clark","3717","President and Vice President of the United States","Harris, Kamala D. and Walz, Tim","339"
"Clark","3717","President and Vice President of the United States","None Of These Candidates","11"
"Clark","3717","President and Vice President of the United States","Oliver, Chase and ter Maat, Michael","5"
"Clark","3717","President and Vice President of the United States","Skousen, Joel and Combs, Rik","0"
"Clark","3717","President and Vice President of the United States","Trump, Donald J. and Vance, JD","599"
"Clark","3719","President and Vice President of the United States","Harris, Kamala D. and Walz, Tim","1454"
"Clark","3719","President and Vice President of the United States","None Of These Candidates","36"
"Clark","3719","President and Vice President of the United States","Oliver, Chase and ter Maat, Michael","9"
"Clark","3719","President and Vice President of the United States","Skousen, Joel and Combs, Rik","3"
"Clark","3719","President and Vice President of the United States","Trump, Donald J. and Vance, JD","1287"
"Clark","3724","President and Vice President of the United States","Harris, Kamala D. and Walz, Tim","1370"
"Clark","3724","President and Vice President of the United States","None Of These Candidates","25"
"Clark","3724","President and Vice President of the United States","Oliver, Chase and ter Maat, Michael","12"
"Clark","3724","President and Vice President of the United States","Skousen, Joel and Combs, Rik","3"
"Clark","3724","President and Vice President of the United States","Trump, Donald J. and Vance, JD","1123"
"Clark","3725","President and Vice President of the United States","Harris, Kamala D. and Walz, Tim","3"
"Clark","3725","President and Vice President of the United States","None Of These Candidates","0"
"Clark","3725","President and Vice President of the United States","Oliver, Chase and ter Maat, Michael","0"
"Clark","3725","President and Vice President of the United States","Skousen, Joel and Combs, Rik","0"
"Clark","3725","President and Vice President of the United States","Trump, Donald J. and Vance, JD","7"
"Clark","3727","President and Vice President of the United States","Harris, Kamala D. and Walz, Tim","917"
"Clark","3727","President and Vice President of the United States","None Of These Candidates","29"
"Clark","3727","President and Vice President of the United States","Oliver, Chase and ter Maat, Michael","3"
"Clark","3727","President and Vice President of the United States","Skousen, Joel and Combs, Rik","1"
"Clark","3727","President and Vice President of the United States","Trump, Donald J. and Vance, JD","1132"
"Clark","3729","President and Vice President of the United States","Harris, Kamala D. and Walz, Tim","463"
"Clark","3729","President and Vice President of the United States","None Of These Candidates","11"
"Clark","3729","President and Vice President of the United States","Oliver, Chase and ter Maat, Michael","5"
"Clark","3729","President and Vice President of the United States","Skousen, Joel and Combs, Rik","0"
"Clark","3729","President and Vice President of the United States","Trump, Donald J. and Vance, JD","504"
"Clark","3730","President and Vice President of the United States","Harris, Kamala D. and Walz, Tim","850"
"Clark","3730","President and Vice President of the United States","None Of These Candidates","20"
"Clark","3730","President and Vice President of the United States","Oliver, Chase and ter Maat, Michael","3"
"Clark","3730","President and Vice President of the United States","Skousen, Joel and Combs, Rik","6"
"Clark","3730","President and Vice President of the United States","Trump, Donald J. and Vance, JD","761"
"Clark","3731","President and Vice President of the United States","Harris, Kamala D. and Walz, Tim","*"
"Clark","3731","President and Vice President of the United States","None Of These Candidates","*"
"Clark","3731","President and Vice President of the United States","Oliver, Chase and ter Maat, Michael","*"
"Clark","3731","President and Vice President of the United States","Skousen, Joel and Combs, Rik","*"
"Clark","3731","President and Vice President of the United States","Trump, Donald J. and Vance, JD","*"
"Clark","3732","President and Vice President of the United States","Harris, Kamala D. and Walz, Tim","1140"
"Clark","3732","President and Vice President of the United States","None Of These Candidates","26"
"Clark","3732","President and Vice President of the United States","Oliver, Chase and ter Maat, Michael","4"
"Clark","3732","President and Vice President of the United States","Skousen, Joel and Combs, Rik","4"
"Clark","3732","President and Vice President of the United States","Trump, Donald J. and Vance, JD","1069"
"Clark","3735","President and Vice President of the United States","Harris, Kamala D. and Walz, Tim","36"
"Clark","3735","President and Vice President of the United States","None Of These Candidates","1"
"Clark","3735","President and Vice President of the United States","Oliver, Chase and ter Maat, Michael","0"
"Clark","3735","President and Vice President of the United States","Skousen, Joel and Combs, Rik","0"
"Clark","3735","President and Vice President of the United States","Trump, Donald J. and Vance, JD","40"
"Clark","3736","President and Vice President of the United States","Harris, Kamala D. and Walz, Tim","10"
"Clark","3736","President and Vice President of the United States","None Of These Candidates","0"
"Clark","3736","President and Vice President of the United States","Oliver, Chase and ter Maat, Michael","0"
"Clark","3736","President and Vice President of the United States","Skousen, Joel and Combs, Rik","0"
"Clark","3736","President and Vice President of the United States","Trump, Donald J. and Vance, JD","33"
"Clark","3737","President and Vice President of the United States","Harris, Kamala D. and Walz, Tim","0"
"Clark","3737","President and Vice President of the United States","None Of These Candidates","0"
"Clark","3737","President and Vice President of the United States","Oliver, Chase and ter Maat, Michael","0"
"Clark","3737","President and Vice President of the United States","Skousen, Joel and Combs, Rik","0"
"Clark","3737","President and Vice President of the United States","Trump, Donald J. and Vance, JD","0"
"Clark","3740","President and Vice President of the United States","Harris, Kamala D. and Walz, Tim","1607"
"Clark","3740","President and Vice President of the United States","None Of These Candidates","58"
"Clark","3740","President and Vice President of the United States","Oliver, Chase and ter Maat, Michael","11"
"Clark","3740","President and Vice President of the United States","Skousen, Joel and Combs, Rik","1"
"Clark","3740","President and Vice President of the United States","Trump, Donald J. and Vance, JD","2081"
"Clark","3745","President and Vice President of the United States","Harris, Kamala D. and Walz, Tim","0"
"Clark","3745","President and Vice President of the United States","None Of These Candidates","0"
"Clark","3745","President and Vice President of the United States","Oliver, Chase and ter Maat, Michael","0"
"Clark","3745","President and Vice President of the United States","Skousen, Joel and Combs, Rik","0"
"Clark","3745","President and Vice President of the United States","Trump, Donald J. and Vance, JD","0"
"Clark","3747","President and Vice President of the United States","Harris, Kamala D. and Walz, Tim","919"
"Clark","3747","President and Vice President of the United States","None Of These Candidates","22"
"Clark","3747","President and Vice President of the United States","Oliver, Chase and ter Maat, Michael","6"
"Clark","3747","President and Vice President of the United States","Skousen, Joel and Combs, Rik","2"
"Clark","3747","President and Vice President of the United States","Trump, Donald J. and Vance, JD","845"
"Clark","3748","President and Vice President of the United States","Harris, Kamala D. and Walz, Tim","924"
"Clark","3748","President and Vice President of the United States","None Of These Candidates","18"
"Clark","3748","President and Vice President of the United States","Oliver, Chase and ter Maat, Michael","5"
"Clark","3748","President and Vice President of the United States","Skousen, Joel and Combs, Rik","3"
"Clark","3748","President and Vice President of the United States","Trump, Donald J. and Vance, JD","1087"
"Clark","3750","President and Vice President of the United States","Harris, Kamala D. and Walz, Tim","*"
"Clark","3750","President and Vice President of the United States","None Of These Candidates","*"
"Clark","3750","President and Vice President of the United States","Oliver, Chase and ter Maat, Michael","*"
"Clark","3750","President and Vice President of the United States","Skousen, Joel and Combs, Rik","*"
"Clark","3750","President and Vice President of the United States","Trump, Donald J. and Vance, JD","*"
"Clark","3753","President and Vice President of the United States","Harris, Kamala D. and Walz, Tim","160"
"Clark","3753","President and Vice President of the United States","None Of These Candidates","4"
"Clark","3753","President and Vice President of the United States","Oliver, Chase and ter Maat, Michael","3"
"Clark","3753","President and Vice President of the United States","Skousen, Joel and Combs, Rik","0"
"Clark","3753","President and Vice President of the United States","Trump, Donald J. and Vance, JD","103"
"Clark","3754","President and Vice President of the United States","Harris, Kamala D. and Walz, Tim","1021"
"Clark","3754","President and Vice President of the United States","None Of These Candidates","22"
"Clark","3754","President and Vice President of the United States","Oliver, Chase and ter Maat, Michael","10"
"Clark","3754","President and Vice President of the United States","Skousen, Joel and Combs, Rik","1"
"Clark","3754","President and Vice President of the United States","Trump, Donald J. and Vance, JD","572"
"Clark","3755","President and Vice President of the United States","Harris, Kamala D. and Walz, Tim","948"
"Clark","3755","President and Vice President of the United States","None Of These Candidates","15"
"Clark","3755","President and Vice President of the United States","Oliver, Chase and ter Maat, Michael","3"
"Clark","3755","President and Vice President of the United States","Skousen, Joel and Combs, Rik","1"
"Clark","3755","President and Vice President of the United States","Trump, Donald J. and Vance, JD","681"
"Clark","3757","President and Vice President of the United States","Harris, Kamala D. and Walz, Tim","339"
"Clark","3757","President and Vice President of the United States","None Of These Candidates","16"
"Clark","3757","President and Vice President of the United States","Oliver, Chase and ter Maat, Michael","1"
"Clark","3757","President and Vice President of the United States","Skousen, Joel and Combs, Rik","2"
"Clark","3757","President and Vice President of the United States","Trump, Donald J. and Vance, JD","682"
"Clark","3758","President and Vice President of the United States","Harris, Kamala D. and Walz, Tim","100"
"Clark","3758","President and Vice President of the United States","None Of These Candidates","1"
"Clark","3758","President and Vice President of the United States","Oliver, Chase and ter Maat, Michael","1"
"Clark","3758","President and Vice President of the United States","Skousen, Joel and Combs, Rik","2"
"Clark","3758","President and Vice President of the United States","Trump, Donald J. and Vance, JD","207"
"Clark","3762","President and Vice President of the United States","Harris, Kamala D. and Walz, Tim","1159"
"Clark","3762","President and Vice President of the United States","None Of These Candidates","28"
"Clark","3762","President and Vice President of the United States","Oliver, Chase and ter Maat, Michael","11"
"Clark","3762","President and Vice President of the United States","Skousen, Joel and Combs, Rik","3"
"Clark","3762","President and Vice President of the United States","Trump, Donald J. and Vance, JD","864"
"Clark","3763","President and Vice President of the United States","Harris, Kamala D. and Walz, Tim","143"
"Clark","3763","President and Vice President of the United States","None Of These Candidates","2"
"Clark","3763","President and Vice President of the United States","Oliver, Chase and ter Maat, Michael","0"
"Clark","3763","President and Vice President of the United States","Skousen, Joel and Combs, Rik","2"
"Clark","3763","President and Vice President of the United States","Trump, Donald J. and Vance, JD","171"
"Clark","3764","President and Vice President of the United States","Harris, Kamala D. and Walz, Tim","1307"
"Clark","3764","President and Vice President of the United States","None Of These Candidates","40"
"Clark","3764","President and Vice President of the United States","Oliver, Chase and ter Maat, Michael","4"
"Clark","3764","President and Vice President of the United States","Skousen, Joel and Combs, Rik","5"
"Clark","3764","President and Vice President of the United States","Trump, Donald J. and Vance, JD","1065"
"Clark","3765","President and Vice President of the United States","Harris, Kamala D. and Walz, Tim","776"
"Clark","3765","President and Vice President of the United States","None Of These Candidates","13"
"Clark","3765","President and Vice President of the United States","Oliver, Chase and ter Maat, Michael","5"
"Clark","3765","President and Vice President of the United States","Skousen, Joel and Combs, Rik","0"
"Clark","3765","President and Vice President of the United States","Trump, Donald J. and Vance, JD","513"
"Clark","3766","President and Vice President of the United States","Harris, Kamala D. and Walz, Tim","899"
"Clark","3766","President and Vice President of the United States","None Of These Candidates","27"
"Clark","3766","President and Vice President of the United States","Oliver, Chase and ter Maat, Michael","7"
"Clark","3766","President and Vice President of the United States","Skousen, Joel and Combs, Rik","5"
"Clark","3766","President and Vice President of the United States","Trump, Donald J. and Vance, JD","1059"
"Clark","3767","President and Vice President of the United States","Harris, Kamala D. and Walz, Tim","10"
"Clark","3767","President and Vice President of the United States","None Of These Candidates","1"
"Clark","3767","President and Vice President of the United States","Oliver, Chase and ter Maat, Michael","0"
"Clark","3767","President and Vice President of the United States","Skousen, Joel and Combs, Rik","0"
"Clark","3767","President and Vice President of the United States","Trump, Donald J. and Vance, JD","26"
"Clark","3769","President and Vice President of the United States","Harris, Kamala D. and Walz, Tim","439"
"Clark","3769","President and Vice President of the United States","None Of These Candidates","14"
"Clark","3769","President and Vice President of the United States","Oliver, Chase and ter Maat, Michael","3"
"Clark","3769","President and Vice President of the United States","Skousen, Joel and Combs, Rik","2"
"Clark","3769","President and Vice President of the United States","Trump, Donald J. and Vance, JD","419"
"Clark","3771","President and Vice President of the United States","Harris, Kamala D. and Walz, Tim","407"
"Clark","3771","President and Vice President of the United States","None Of These Candidates","9"
"Clark","3771","President and Vice President of the United States","Oliver, Chase and ter Maat, Michael","4"
"Clark","3771","President and Vice President of the United States","Skousen, Joel and Combs, Rik","2"
"Clark","3771","President and Vice President of the United States","Trump, Donald J. and Vance, JD","336"
"Clark","3773","President and Vice President of the United States","Harris, Kamala D. and Walz, Tim","561"
"Clark","3773","President and Vice President of the United States","None Of These Candidates","13"
"Clark","3773","President and Vice President of the United States","Oliver, Chase and ter Maat, Michael","4"
"Clark","3773","President and Vice President of the United States","Skousen, Joel and Combs, Rik","0"
"Clark","3773","President and Vice President of the United States","Trump, Donald J. and Vance, JD","360"
"Clark","3776","President and Vice President of the United States","Harris, Kamala D. and Walz, Tim","0"
"Clark","3776","President and Vice President of the United States","None Of These Candidates","0"
"Clark","3776","President and Vice President of the United States","Oliver, Chase and ter Maat, Michael","0"
"Clark","3776","President and Vice President of the United States","Skousen, Joel and Combs, Rik","0"
"Clark","3776","President and Vice President of the United States","Trump, Donald J. and Vance, JD","0"
"Clark","3777","President and Vice President of the United States","Harris, Kamala D. and Walz, Tim","*"
"Clark","3777","President and Vice President of the United States","None Of These Candidates","*"
"Clark","3777","President and Vice President of the United States","Oliver, Chase and ter Maat, Michael","*"
"Clark","3777","President and Vice President of the United States","Skousen, Joel and Combs, Rik","*"
"Clark","3777","President and Vice President of the United States","Trump, Donald J. and Vance, JD","*"
"Clark","3778","President and Vice President of the United States","Harris, Kamala D. and Walz, Tim","0"
"Clark","3778","President and Vice President of the United States","None Of These Candidates","0"
"Clark","3778","President and Vice President of the United States","Oliver, Chase and ter Maat, Michael","0"
"Clark","3778","President and Vice President of the United States","Skousen, Joel and Combs, Rik","0"
"Clark","3778","President and Vice President of the United States","Trump, Donald J. and Vance, JD","0"
"Clark","3779","President and Vice President of the United States","Harris, Kamala D. and Walz, Tim","0"
"Clark","3779","President and Vice President of the United States","None Of These Candidates","0"
"Clark","3779","President and Vice President of the United States","Oliver, Chase and ter Maat, Michael","0"
"Clark","3779","President and Vice President of the United States","Skousen, Joel and Combs, Rik","0"
"Clark","3779","President and Vice President of the United States","Trump, Donald J. and Vance, JD","0"
"Clark","3780","President and Vice President of the United States","Harris, Kamala D. and Walz, Tim","626"
"Clark","3780","President and Vice President of the United States","None Of These Candidates","19"
"Clark","3780","President and Vice President of the United States","Oliver, Chase and ter Maat, Michael","6"
"Clark","3780","President and Vice President of the United States","Skousen, Joel and Combs, Rik","4"
"Clark","3780","President and Vice President of the United States","Trump, Donald J. and Vance, JD","792"
"Clark","3781","President and Vice President of the United States","Harris, Kamala D. and Walz, Tim","1027"
"Clark","3781","President and Vice President of the United States","None Of These Candidates","36"
"Clark","3781","President and Vice President of the United States","Oliver, Chase and ter Maat, Michael","7"
"Clark","3781","President and Vice President of the United States","Skousen, Joel and Combs, Rik","5"
"Clark","3781","President and Vice President of the United States","Trump, Donald J. and Vance, JD","1048"
"Clark","3786","President and Vice President of the United States","Harris, Kamala D. and Walz, Tim","6"
"Clark","3786","President and Vice President of the United States","None Of These Candidates","0"
"Clark","3786","President and Vice President of the United States","Oliver, Chase and ter Maat, Michael","0"
"Clark","3786","President and Vice President of the United States","Skousen, Joel and Combs, Rik","0"
"Clark","3786","President and Vice President of the United States","Trump, Donald J. and Vance, JD","17"
"Clark","3787","President and Vice President of the United States","Harris, Kamala D. and Walz, Tim","596"
"Clark","3787","President and Vice President of the United States","None Of These Candidates","19"
"Clark","3787","President and Vice President of the United States","Oliver, Chase and ter Maat, Michael","5"
"Clark","3787","President and Vice President of the United States","Skousen, Joel and Combs, Rik","3"
"Clark","3787","President and Vice President of the United States","Trump, Donald J. and Vance, JD","605"
"Clark","3793","President and Vice President of the United States","Harris, Kamala D. and Walz, Tim","1877"
"Clark","3793","President and Vice President of the United States","None Of These Candidates","62"
"Clark","3793","President and Vice President of the United States","Oliver, Chase and ter Maat, Michael","29"
"Clark","3793","President and Vice President of the United States","Skousen, Joel and Combs, Rik","6"
"Clark","3793","President and Vice President of the United States","Trump, Donald J. and Vance, JD","2045"
"Clark","3800","President and Vice President of the United States","Harris, Kamala D. and Walz, Tim","1217"
"Clark","3800","President and Vice President of the United States","None Of These Candidates","37"
"Clark","3800","President and Vice President of the United States","Oliver, Chase and ter Maat, Michael","9"
"Clark","3800","President and Vice President of the United States","Skousen, Joel and Combs, Rik","4"
"Clark","3800","President and Vice President of the United States","Trump, Donald J. and Vance, JD","1298"
"Clark","3863","President and Vice President of the United States","Harris, Kamala D. and Walz, Tim","1145"
"Clark","3863","President and Vice President of the United States","None Of These Candidates","38"
"Clark","3863","President and Vice President of the United States","Oliver, Chase and ter Maat, Michael","4"
"Clark","3863","President and Vice President of the United States","Skousen, Joel and Combs, Rik","7"
"Clark","3863","President and Vice President of the United States","Trump, Donald J. and Vance, JD","972"
"Clark","3875","President and Vice President of the United States","Harris, Kamala D. and Walz, Tim","0"
"Clark","3875","President and Vice President of the United States","None Of These Candidates","0"
"Clark","3875","President and Vice President of the United States","Oliver, Chase and ter Maat, Michael","0"
"Clark","3875","President and Vice President of the United States","Skousen, Joel and Combs, Rik","0"
"Clark","3875","President and Vice President of the United States","Trump, Donald J. and Vance, JD","0"
"Clark","3881","President and Vice President of the United States","Harris, Kamala D. and Walz, Tim","0"
"Clark","3881","President and Vice President of the United States","None Of These Candidates","0"
"Clark","3881","President and Vice President of the United States","Oliver, Chase and ter Maat, Michael","0"
"Clark","3881","President and Vice President of the United States","Skousen, Joel and Combs, Rik","0"
"Clark","3881","President and Vice President of the United States","Trump, Donald J. and Vance, JD","0"
"Clark","4000","President and Vice President of the United States","Harris, Kamala D. and Walz, Tim","425"
"Clark","4000","President and Vice President of the United States","None Of These Candidates","9"
"Clark","4000","President and Vice President of the United States","Oliver, Chase and ter Maat, Michael","5"
"Clark","4000","President and Vice President of the United States","Skousen, Joel and Combs, Rik","0"
"Clark","4000","President and Vice President of the United States","Trump, Donald J. and Vance, JD","234"
"Clark","4001","President and Vice President of the United States","Harris, Kamala D. and Walz, Tim","151"
"Clark","4001","President and Vice President of the United States","None Of These Candidates","2"
"Clark","4001","President and Vice President of the United States","Oliver, Chase and ter Maat, Michael","3"
"Clark","4001","President and Vice President of the United States","Skousen, Joel and Combs, Rik","0"
"Clark","4001","President and Vice President of the United States","Trump, Donald J. and Vance, JD","120"
"Clark","4002","President and Vice President of the United States","Harris, Kamala D. and Walz, Tim","54"
"Clark","4002","President and Vice President of the United States","None Of These Candidates","0"
"Clark","4002","President and Vice President of the United States","Oliver, Chase and ter Maat, Michael","0"
"Clark","4002","President and Vice President of the United States","Skousen, Joel and Combs, Rik","0"
"Clark","4002","President and Vice President of the United States","Trump, Donald J. and Vance, JD","55"
"Clark","4003","President and Vice President of the United States","Harris, Kamala D. and Walz, Tim","*"
"Clark","4003","President and Vice President of the United States","None Of These Candidates","*"
"Clark","4003","President and Vice President of the United States","Oliver, Chase and ter Maat, Michael","*"
"Clark","4003","President and Vice President of the United States","Skousen, Joel and Combs, Rik","*"
"Clark","4003","President and Vice President of the United States","Trump, Donald J. and Vance, JD","*"
"Clark","4004","President and Vice President of the United States","Harris, Kamala D. and Walz, Tim","*"
"Clark","4004","President and Vice President of the United States","None Of These Candidates","*"
"Clark","4004","President and Vice President of the United States","Oliver, Chase and ter Maat, Michael","*"
"Clark","4004","President and Vice President of the United States","Skousen, Joel and Combs, Rik","*"
"Clark","4004","President and Vice President of the United States","Trump, Donald J. and Vance, JD","*"
"Clark","4005","President and Vice President of the United States","Harris, Kamala D. and Walz, Tim","9"
"Clark","4005","President and Vice President of the United States","None Of These Candidates","0"
"Clark","4005","President and Vice President of the United States","Oliver, Chase and ter Maat, Michael","0"
"Clark","4005","President and Vice President of the United States","Skousen, Joel and Combs, Rik","0"
"Clark","4005","President and Vice President of the United States","Trump, Donald J. and Vance, JD","3"
"Clark","4006","President and Vice President of the United States","Harris, Kamala D. and Walz, Tim","6"
"Clark","4006","President and Vice President of the United States","None Of These Candidates","0"
"Clark","4006","President and Vice President of the United States","Oliver, Chase and ter Maat, Michael","0"
"Clark","4006","President and Vice President of the United States","Skousen, Joel and Combs, Rik","0"
"Clark","4006","President and Vice President of the United States","Trump, Donald J. and Vance, JD","26"
"Clark","4007","President and Vice President of the United States","Harris, Kamala D. and Walz, Tim","374"
"Clark","4007","President and Vice President of the United States","None Of These Candidates","8"
"Clark","4007","President and Vice President of the United States","Oliver, Chase and ter Maat, Michael","1"
"Clark","4007","President and Vice President of the United States","Skousen, Joel and Combs, Rik","2"
"Clark","4007","President and Vice President of the United States","Trump, Donald J. and Vance, JD","258"
"Clark","4008","President and Vice President of the United States","Harris, Kamala D. and Walz, Tim","358"
"Clark","4008","President and Vice President of the United States","None Of These Candidates","14"
"Clark","4008","President and Vice President of the United States","Oliver, Chase and ter Maat, Michael","2"
"Clark","4008","President and Vice President of the United States","Skousen, Joel and Combs, Rik","0"
"Clark","4008","President and Vice President of the United States","Trump, Donald J. and Vance, JD","156"
"Clark","4009","President and Vice President of the United States","Harris, Kamala D. and Walz, Tim","441"
"Clark","4009","President and Vice President of the United States","None Of These Candidates","5"
"Clark","4009","President and Vice President of the United States","Oliver, Chase and ter Maat, Michael","5"
"Clark","4009","President and Vice President of the United States","Skousen, Joel and Combs, Rik","1"
"Clark","4009","President and Vice President of the United States","Trump, Donald J. and Vance, JD","257"
"Clark","4010","President and Vice President of the United States","Harris, Kamala D. and Walz, Tim","1377"
"Clark","4010","President and Vice President of the United States","None Of These Candidates","27"
"Clark","4010","President and Vice President of the United States","Oliver, Chase and ter Maat, Michael","11"
"Clark","4010","President and Vice President of the United States","Skousen, Joel and Combs, Rik","3"
"Clark","4010","President and Vice President of the United States","Trump, Donald J. and Vance, JD","1055"
"Clark","4011","President and Vice President of the United States","Harris, Kamala D. and Walz, Tim","547"
"Clark","4011","President and Vice President of the United States","None Of These Candidates","9"
"Clark","4011","President and Vice President of the United States","Oliver, Chase and ter Maat, Michael","4"
"Clark","4011","President and Vice President of the United States","Skousen, Joel and Combs, Rik","0"
"Clark","4011","President and Vice President of the United States","Trump, Donald J. and Vance, JD","409"
"Clark","4012","President and Vice President of the United States","Harris, Kamala D. and Walz, Tim","948"
"Clark","4012","President and Vice President of the United States","None Of These Candidates","23"
"Clark","4012","President and Vice President of the United States","Oliver, Chase and ter Maat, Michael","6"
"Clark","4012","President and Vice President of the United States","Skousen, Joel and Combs, Rik","0"
"Clark","4012","President and Vice President of the United States","Trump, Donald J. and Vance, JD","835"
"Clark","4013","President and Vice President of the United States","Harris, Kamala D. and Walz, Tim","1550"
"Clark","4013","President and Vice President of the United States","None Of These Candidates","39"
"Clark","4013","President and Vice President of the United States","Oliver, Chase and ter Maat, Michael","14"
"Clark","4013","President and Vice President of the United States","Skousen, Joel and Combs, Rik","1"
"Clark","4013","President and Vice President of the United States","Trump, Donald J. and Vance, JD","880"
"Clark","4014","President and Vice President of the United States","Harris, Kamala D. and Walz, Tim","0"
"Clark","4014","President and Vice President of the United States","None Of These Candidates","0"
"Clark","4014","President and Vice President of the United States","Oliver, Chase and ter Maat, Michael","0"
"Clark","4014","President and Vice President of the United States","Skousen, Joel and Combs, Rik","0"
"Clark","4014","President and Vice President of the United States","Trump, Donald J. and Vance, JD","0"
"Clark","4015","President and Vice President of the United States","Harris, Kamala D. and Walz, Tim","0"
"Clark","4015","President and Vice President of the United States","None Of These Candidates","0"
"Clark","4015","President and Vice President of the United States","Oliver, Chase and ter Maat, Michael","0"
"Clark","4015","President and Vice President of the United States","Skousen, Joel and Combs, Rik","0"
"Clark","4015","President and Vice President of the United States","Trump, Donald J. and Vance, JD","0"
"Clark","4017","President and Vice President of the United States","Harris, Kamala D. and Walz, Tim","1249"
"Clark","4017","President and Vice President of the United States","None Of These Candidates","25"
"Clark","4017","President and Vice President of the United States","Oliver, Chase and ter Maat, Michael","2"
"Clark","4017","President and Vice President of the United States","Skousen, Joel and Combs, Rik","2"
"Clark","4017","President and Vice President of the United States","Trump, Donald J. and Vance, JD","222"
"Clark","4018","President and Vice President of the United States","Harris, Kamala D. and Walz, Tim","206"
"Clark","4018","President and Vice President of the United States","None Of These Candidates","6"
"Clark","4018","President and Vice President of the United States","Oliver, Chase and ter Maat, Michael","5"
"Clark","4018","President and Vice President of the United States","Skousen, Joel and Combs, Rik","1"
"Clark","4018","President and Vice President of the United States","Trump, Donald J. and Vance, JD","250"
"Clark","4019","President and Vice President of the United States","Harris, Kamala D. and Walz, Tim","767"
"Clark","4019","President and Vice President of the United States","None Of These Candidates","10"
"Clark","4019","President and Vice President of the United States","Oliver, Chase and ter Maat, Michael","6"
"Clark","4019","President and Vice President of the United States","Skousen, Joel and Combs, Rik","1"
"Clark","4019","President and Vice President of the United States","Trump, Donald J. and Vance, JD","377"
"Clark","4020","President and Vice President of the United States","Harris, Kamala D. and Walz, Tim","655"
"Clark","4020","President and Vice President of the United States","None Of These Candidates","21"
"Clark","4020","President and Vice President of the United States","Oliver, Chase and ter Maat, Michael","5"
"Clark","4020","President and Vice President of the United States","Skousen, Joel and Combs, Rik","5"
"Clark","4020","President and Vice President of the United States","Trump, Donald J. and Vance, JD","337"
"Clark","4021","President and Vice President of the United States","Harris, Kamala D. and Walz, Tim","454"
"Clark","4021","President and Vice President of the United States","None Of These Candidates","11"
"Clark","4021","President and Vice President of the United States","Oliver, Chase and ter Maat, Michael","3"
"Clark","4021","President and Vice President of the United States","Skousen, Joel and Combs, Rik","1"
"Clark","4021","President and Vice President of the United States","Trump, Donald J. and Vance, JD","324"
"Clark","4022","President and Vice President of the United States","Harris, Kamala D. and Walz, Tim","890"
"Clark","4022","President and Vice President of the United States","None Of These Candidates","16"
"Clark","4022","President and Vice President of the United States","Oliver, Chase and ter Maat, Michael","6"
"Clark","4022","President and Vice President of the United States","Skousen, Joel and Combs, Rik","5"
"Clark","4022","President and Vice President of the United States","Trump, Donald J. and Vance, JD","552"
"Clark","4024","President and Vice President of the United States","Harris, Kamala D. and Walz, Tim","889"
"Clark","4024","President and Vice President of the United States","None Of These Candidates","11"
"Clark","4024","President and Vice President of the United States","Oliver, Chase and ter Maat, Michael","2"
"Clark","4024","President and Vice President of the United States","Skousen, Joel and Combs, Rik","4"
"Clark","4024","President and Vice President of the United States","Trump, Donald J. and Vance, JD","347"
"Clark","4026","President and Vice President of the United States","Harris, Kamala D. and Walz, Tim","13"
"Clark","4026","President and Vice President of the United States","None Of These Candidates","1"
"Clark","4026","President and Vice President of the United States","Oliver, Chase and ter Maat, Michael","0"
"Clark","4026","President and Vice President of the United States","Skousen, Joel and Combs, Rik","0"
"Clark","4026","President and Vice President of the United States","Trump, Donald J. and Vance, JD","7"
"Clark","4027","President and Vice President of the United States","Harris, Kamala D. and Walz, Tim","736"
"Clark","4027","President and Vice President of the United States","None Of These Candidates","31"
"Clark","4027","President and Vice President of the United States","Oliver, Chase and ter Maat, Michael","6"
"Clark","4027","President and Vice President of the United States","Skousen, Joel and Combs, Rik","7"
"Clark","4027","President and Vice President of the United States","Trump, Donald J. and Vance, JD","382"
"Clark","4028","President and Vice President of the United States","Harris, Kamala D. and Walz, Tim","912"
"Clark","4028","President and Vice President of the United States","None Of These Candidates","16"
"Clark","4028","President and Vice President of the United States","Oliver, Chase and ter Maat, Michael","8"
"Clark","4028","President and Vice President of the United States","Skousen, Joel and Combs, Rik","1"
"Clark","4028","President and Vice President of the United States","Trump, Donald J. and Vance, JD","142"
"Clark","4030","President and Vice President of the United States","Harris, Kamala D. and Walz, Tim","787"
"Clark","4030","President and Vice President of the United States","None Of These Candidates","18"
"Clark","4030","President and Vice President of the United States","Oliver, Chase and ter Maat, Michael","2"
"Clark","4030","President and Vice President of the United States","Skousen, Joel and Combs, Rik","3"
"Clark","4030","President and Vice President of the United States","Trump, Donald J. and Vance, JD","165"
"Clark","4031","President and Vice President of the United States","Harris, Kamala D. and Walz, Tim","76"
"Clark","4031","President and Vice President of the United States","None Of These Candidates","1"
"Clark","4031","President and Vice President of the United States","Oliver, Chase and ter Maat, Michael","0"
"Clark","4031","President and Vice President of the United States","Skousen, Joel and Combs, Rik","0"
"Clark","4031","President and Vice President of the United States","Trump, Donald J. and Vance, JD","20"
"Clark","4032","President and Vice President of the United States","Harris, Kamala D. and Walz, Tim","508"
"Clark","4032","President and Vice President of the United States","None Of These Candidates","11"
"Clark","4032","President and Vice President of the United States","Oliver, Chase and ter Maat, Michael","2"
"Clark","4032","President and Vice President of the United States","Skousen, Joel and Combs, Rik","2"
"Clark","4032","President and Vice President of the United States","Trump, Donald J. and Vance, JD","379"
"Clark","4034","President and Vice President of the United States","Harris, Kamala D. and Walz, Tim","246"
"Clark","4034","President and Vice President of the United States","None Of These Candidates","6"
"Clark","4034","President and Vice President of the United States","Oliver, Chase and ter Maat, Michael","3"
"Clark","4034","President and Vice President of the United States","Skousen, Joel and Combs, Rik","0"
"Clark","4034","President and Vice President of the United States","Trump, Donald J. and Vance, JD","147"
"Clark","4035","President and Vice President of the United States","Harris, Kamala D. and Walz, Tim","416"
"Clark","4035","President and Vice President of the United States","None Of These Candidates","7"
"Clark","4035","President and Vice President of the United States","Oliver, Chase and ter Maat, Michael","1"
"Clark","4035","President and Vice President of the United States","Skousen, Joel and Combs, Rik","0"
"Clark","4035","President and Vice President of the United States","Trump, Donald J. and Vance, JD","182"
"Clark","4036","President and Vice President of the United States","Harris, Kamala D. and Walz, Tim","914"
"Clark","4036","President and Vice President of the United States","None Of These Candidates","16"
"Clark","4036","President and Vice President of the United States","Oliver, Chase and ter Maat, Michael","5"
"Clark","4036","President and Vice President of the United States","Skousen, Joel and Combs, Rik","1"
"Clark","4036","President and Vice President of the United States","Trump, Donald J. and Vance, JD","399"
"Clark","4037","President and Vice President of the United States","Harris, Kamala D. and Walz, Tim","363"
"Clark","4037","President and Vice President of the United States","None Of These Candidates","7"
"Clark","4037","President and Vice President of the United States","Oliver, Chase and ter Maat, Michael","4"
"Clark","4037","President and Vice President of the United States","Skousen, Joel and Combs, Rik","1"
"Clark","4037","President and Vice President of the United States","Trump, Donald J. and Vance, JD","148"
"Clark","4038","President and Vice President of the United States","Harris, Kamala D. and Walz, Tim","0"
"Clark","4038","President and Vice President of the United States","None Of These Candidates","0"
"Clark","4038","President and Vice President of the United States","Oliver, Chase and ter Maat, Michael","0"
"Clark","4038","President and Vice President of the United States","Skousen, Joel and Combs, Rik","0"
"Clark","4038","President and Vice President of the United States","Trump, Donald J. and Vance, JD","0"
"Clark","4039","President and Vice President of the United States","Harris, Kamala D. and Walz, Tim","0"
"Clark","4039","President and Vice President of the United States","None Of These Candidates","0"
"Clark","4039","President and Vice President of the United States","Oliver, Chase and ter Maat, Michael","0"
"Clark","4039","President and Vice President of the United States","Skousen, Joel and Combs, Rik","0"
"Clark","4039","President and Vice President of the United States","Trump, Donald J. and Vance, JD","0"
"Clark","4040","President and Vice President of the United States","Harris, Kamala D. and Walz, Tim","173"
"Clark","4040","President and Vice President of the United States","None Of These Candidates","6"
"Clark","4040","President and Vice President of the United States","Oliver, Chase and ter Maat, Michael","3"
"Clark","4040","President and Vice President of the United States","Skousen, Joel and Combs, Rik","0"
"Clark","4040","President and Vice President of the United States","Trump, Donald J. and Vance, JD","85"
"Clark","4041","President and Vice President of the United States","Harris, Kamala D. and Walz, Tim","0"
"Clark","4041","President and Vice President of the United States","None Of These Candidates","0"
"Clark","4041","President and Vice President of the United States","Oliver, Chase and ter Maat, Michael","0"
"Clark","4041","President and Vice President of the United States","Skousen, Joel and Combs, Rik","0"
"Clark","4041","President and Vice President of the United States","Trump, Donald J. and Vance, JD","0"
"Clark","4043","President and Vice President of the United States","Harris, Kamala D. and Walz, Tim","345"
"Clark","4043","President and Vice President of the United States","None Of These Candidates","8"
"Clark","4043","President and Vice President of the United States","Oliver, Chase and ter Maat, Michael","4"
"Clark","4043","President and Vice President of the United States","Skousen, Joel and Combs, Rik","1"
"Clark","4043","President and Vice President of the United States","Trump, Donald J. and Vance, JD","190"
"Clark","4044","President and Vice President of the United States","Harris, Kamala D. and Walz, Tim","1381"
"Clark","4044","President and Vice President of the United States","None Of These Candidates","29"
"Clark","4044","President and Vice President of the United States","Oliver, Chase and ter Maat, Michael","14"
"Clark","4044","President and Vice President of the United States","Skousen, Joel and Combs, Rik","3"
"Clark","4044","President and Vice President of the United States","Trump, Donald J. and Vance, JD","741"
"Clark","4045","President and Vice President of the United States","Harris, Kamala D. and Walz, Tim","259"
"Clark","4045","President and Vice President of the United States","None Of These Candidates","6"
"Clark","4045","President and Vice President of the United States","Oliver, Chase and ter Maat, Michael","1"
"Clark","4045","President and Vice President of the United States","Skousen, Joel and Combs, Rik","2"
"Clark","4045","President and Vice President of the United States","Trump, Donald J. and Vance, JD","146"
"Clark","4046","President and Vice President of the United States","Harris, Kamala D. and Walz, Tim","307"
"Clark","4046","President and Vice President of the United States","None Of These Candidates","15"
"Clark","4046","President and Vice President of the United States","Oliver, Chase and ter Maat, Michael","4"
"Clark","4046","President and Vice President of the United States","Skousen, Joel and Combs, Rik","0"
"Clark","4046","President and Vice President of the United States","Trump, Donald J. and Vance, JD","364"
"Clark","4069","President and Vice President of the United States","Harris, Kamala D. and Walz, Tim","44"
"Clark","4069","President and Vice President of the United States","None Of These Candidates","1"
"Clark","4069","President and Vice President of the United States","Oliver, Chase and ter Maat, Michael","0"
"Clark","4069","President and Vice President of the United States","Skousen, Joel and Combs, Rik","0"
"Clark","4069","President and Vice President of the United States","Trump, Donald J. and Vance, JD","37"
"Clark","4070","President and Vice President of the United States","Harris, Kamala D. and Walz, Tim","*"
"Clark","4070","President and Vice President of the United States","None Of These Candidates","*"
"Clark","4070","President and Vice President of the United States","Oliver, Chase and ter Maat, Michael","*"
"Clark","4070","President and Vice President of the United States","Skousen, Joel and Combs, Rik","*"
"Clark","4070","President and Vice President of the United States","Trump, Donald J. and Vance, JD","*"
"Clark","4073","President and Vice President of the United States","Harris, Kamala D. and Walz, Tim","14"
"Clark","4073","President and Vice President of the United States","None Of These Candidates","0"
"Clark","4073","President and Vice President of the United States","Oliver, Chase and ter Maat, Michael","0"
"Clark","4073","President and Vice President of the United States","Skousen, Joel and Combs, Rik","0"
"Clark","4073","President and Vice President of the United States","Trump, Donald J. and Vance, JD","15"
"Clark","4075","President and Vice President of the United States","Harris, Kamala D. and Walz, Tim","0"
"Clark","4075","President and Vice President of the United States","None Of These Candidates","0"
"Clark","4075","President and Vice President of the United States","Oliver, Chase and ter Maat, Michael","0"
"Clark","4075","President and Vice President of the United States","Skousen, Joel and Combs, Rik","0"
"Clark","4075","President and Vice President of the United States","Trump, Donald J. and Vance, JD","0"
"Clark","4076","President and Vice President of the United States","Harris, Kamala D. and Walz, Tim","*"
"Clark","4076","President and Vice President of the United States","None Of These Candidates","*"
"Clark","4076","President and Vice President of the United States","Oliver, Chase and ter Maat, Michael","*"
"Clark","4076","President and Vice President of the United States","Skousen, Joel and Combs, Rik","*"
"Clark","4076","President and Vice President of the United States","Trump, Donald J. and Vance, JD","*"
"Clark","4304","President and Vice President of the United States","Harris, Kamala D. and Walz, Tim","1548"
"Clark","4304","President and Vice President of the United States","None Of These Candidates","25"
"Clark","4304","President and Vice President of the United States","Oliver, Chase and ter Maat, Michael","9"
"Clark","4304","President and Vice President of the United States","Skousen, Joel and Combs, Rik","4"
"Clark","4304","President and Vice President of the United States","Trump, Donald J. and Vance, JD","641"
"Clark","4306","President and Vice President of the United States","Harris, Kamala D. and Walz, Tim","949"
"Clark","4306","President and Vice President of the United States","None Of These Candidates","21"
"Clark","4306","President and Vice President of the United States","Oliver, Chase and ter Maat, Michael","5"
"Clark","4306","President and Vice President of the United States","Skousen, Joel and Combs, Rik","4"
"Clark","4306","President and Vice President of the United States","Trump, Donald J. and Vance, JD","367"
"Clark","4309","President and Vice President of the United States","Harris, Kamala D. and Walz, Tim","541"
"Clark","4309","President and Vice President of the United States","None Of These Candidates","13"
"Clark","4309","President and Vice President of the United States","Oliver, Chase and ter Maat, Michael","1"
"Clark","4309","President and Vice President of the United States","Skousen, Joel and Combs, Rik","1"
"Clark","4309","President and Vice President of the United States","Trump, Donald J. and Vance, JD","147"
"Clark","4387","President and Vice President of the United States","Harris, Kamala D. and Walz, Tim","786"
"Clark","4387","President and Vice President of the United States","None Of These Candidates","14"
"Clark","4387","President and Vice President of the United States","Oliver, Chase and ter Maat, Michael","7"
"Clark","4387","President and Vice President of the United States","Skousen, Joel and Combs, Rik","0"
"Clark","4387","President and Vice President of the United States","Trump, Donald J. and Vance, JD","381"
"Clark","4400","President and Vice President of the United States","Harris, Kamala D. and Walz, Tim","1491"
"Clark","4400","President and Vice President of the United States","None Of These Candidates","19"
"Clark","4400","President and Vice President of the United States","Oliver, Chase and ter Maat, Michael","7"
"Clark","4400","President and Vice President of the United States","Skousen, Joel and Combs, Rik","4"
"Clark","4400","President and Vice President of the United States","Trump, Donald J. and Vance, JD","781"
"Clark","4401","President and Vice President of the United States","Harris, Kamala D. and Walz, Tim","*"
"Clark","4401","President and Vice President of the United States","None Of These Candidates","*"
"Clark","4401","President and Vice President of the United States","Oliver, Chase and ter Maat, Michael","*"
"Clark","4401","President and Vice President of the United States","Skousen, Joel and Combs, Rik","*"
"Clark","4401","President and Vice President of the United States","Trump, Donald J. and Vance, JD","*"
"Clark","4402","President and Vice President of the United States","Harris, Kamala D. and Walz, Tim","433"
"Clark","4402","President and Vice President of the United States","None Of These Candidates","10"
"Clark","4402","President and Vice President of the United States","Oliver, Chase and ter Maat, Michael","3"
"Clark","4402","President and Vice President of the United States","Skousen, Joel and Combs, Rik","0"
"Clark","4402","President and Vice President of the United States","Trump, Donald J. and Vance, JD","251"
"Clark","4404","President and Vice President of the United States","Harris, Kamala D. and Walz, Tim","1524"
"Clark","4404","President and Vice President of the United States","None Of These Candidates","43"
"Clark","4404","President and Vice President of the United States","Oliver, Chase and ter Maat, Michael","7"
"Clark","4404","President and Vice President of the United States","Skousen, Joel and Combs, Rik","6"
"Clark","4404","President and Vice President of the United States","Trump, Donald J. and Vance, JD","770"
"Clark","4405","President and Vice President of the United States","Harris, Kamala D. and Walz, Tim","*"
"Clark","4405","President and Vice President of the United States","None Of These Candidates","*"
"Clark","4405","President and Vice President of the United States","Oliver, Chase and ter Maat, Michael","*"
"Clark","4405","President and Vice President of the United States","Skousen, Joel and Combs, Rik","*"
"Clark","4405","President and Vice President of the United States","Trump, Donald J. and Vance, JD","*"
"Clark","4406","President and Vice President of the United States","Harris, Kamala D. and Walz, Tim","*"
"Clark","4406","President and Vice President of the United States","None Of These Candidates","*"
"Clark","4406","President and Vice President of the United States","Oliver, Chase and ter Maat, Michael","*"
"Clark","4406","President and Vice President of the United States","Skousen, Joel and Combs, Rik","*"
"Clark","4406","President and Vice President of the United States","Trump, Donald J. and Vance, JD","*"
"Clark","4407","President and Vice President of the United States","Harris, Kamala D. and Walz, Tim","3"
"Clark","4407","President and Vice President of the United States","None Of These Candidates","0"
"Clark","4407","President and Vice President of the United States","Oliver, Chase and ter Maat, Michael","0"
"Clark","4407","President and Vice President of the United States","Skousen, Joel and Combs, Rik","0"
"Clark","4407","President and Vice President of the United States","Trump, Donald J. and Vance, JD","8"
"Clark","4408","President and Vice President of the United States","Harris, Kamala D. and Walz, Tim","*"
"Clark","4408","President and Vice President of the United States","None Of These Candidates","*"
"Clark","4408","President and Vice President of the United States","Oliver, Chase and ter Maat, Michael","*"
"Clark","4408","President and Vice President of the United States","Skousen, Joel and Combs, Rik","*"
"Clark","4408","President and Vice President of the United States","Trump, Donald J. and Vance, JD","*"
"Clark","4411","President and Vice President of the United States","Harris, Kamala D. and Walz, Tim","791"
"Clark","4411","President and Vice President of the United States","None Of These Candidates","20"
"Clark","4411","President and Vice President of the United States","Oliver, Chase and ter Maat, Michael","5"
"Clark","4411","President and Vice President of the United States","Skousen, Joel and Combs, Rik","4"
"Clark","4411","President and Vice President of the United States","Trump, Donald J. and Vance, JD","525"
"Clark","4413","President and Vice President of the United States","Harris, Kamala D. and Walz, Tim","356"
"Clark","4413","President and Vice President of the United States","None Of These Candidates","4"
"Clark","4413","President and Vice President of the United States","Oliver, Chase and ter Maat, Michael","2"
"Clark","4413","President and Vice President of the United States","Skousen, Joel and Combs, Rik","1"
"Clark","4413","President and Vice President of the United States","Trump, Donald J. and Vance, JD","363"
"Clark","4414","President and Vice President of the United States","Harris, Kamala D. and Walz, Tim","1196"
"Clark","4414","President and Vice President of the United States","None Of These Candidates","31"
"Clark","4414","President and Vice President of the United States","Oliver, Chase and ter Maat, Michael","7"
"Clark","4414","President and Vice President of the United States","Skousen, Joel and Combs, Rik","1"
"Clark","4414","President and Vice President of the United States","Trump, Donald J. and Vance, JD","921"
"Clark","4415","President and Vice President of the United States","Harris, Kamala D. and Walz, Tim","774"
"Clark","4415","President and Vice President of the United States","None Of These Candidates","10"
"Clark","4415","President and Vice President of the United States","Oliver, Chase and ter Maat, Michael","7"
"Clark","4415","President and Vice President of the United States","Skousen, Joel and Combs, Rik","2"
"Clark","4415","President and Vice President of the United States","Trump, Donald J. and Vance, JD","253"
"Clark","4417","President and Vice President of the United States","Harris, Kamala D. and Walz, Tim","1298"
"Clark","4417","President and Vice President of the United States","None Of These Candidates","27"
"Clark","4417","President and Vice President of the United States","Oliver, Chase and ter Maat, Michael","11"
"Clark","4417","President and Vice President of the United States","Skousen, Joel and Combs, Rik","1"
"Clark","4417","President and Vice President of the United States","Trump, Donald J. and Vance, JD","951"
"Clark","4420","President and Vice President of the United States","Harris, Kamala D. and Walz, Tim","150"
"Clark","4420","President and Vice President of the United States","None Of These Candidates","5"
"Clark","4420","President and Vice President of the United States","Oliver, Chase and ter Maat, Michael","0"
"Clark","4420","President and Vice President of the United States","Skousen, Joel and Combs, Rik","1"
"Clark","4420","President and Vice President of the United States","Trump, Donald J. and Vance, JD","87"
"Clark","4421","President and Vice President of the United States","Harris, Kamala D. and Walz, Tim","1025"
"Clark","4421","President and Vice President of the United States","None Of These Candidates","22"
"Clark","4421","President and Vice President of the United States","Oliver, Chase and ter Maat, Michael","2"
"Clark","4421","President and Vice President of the United States","Skousen, Joel and Combs, Rik","5"
"Clark","4421","President and Vice President of the United States","Trump, Donald J. and Vance, JD","764"
"Clark","4422","President and Vice President of the United States","Harris, Kamala D. and Walz, Tim","1125"
"Clark","4422","President and Vice President of the United States","None Of These Candidates","28"
"Clark","4422","President and Vice President of the United States","Oliver, Chase and ter Maat, Michael","7"
"Clark","4422","President and Vice President of the United States","Skousen, Joel and Combs, Rik","1"
"Clark","4422","President and Vice President of the United States","Trump, Donald J. and Vance, JD","757"
"Clark","4423","President and Vice President of the United States","Harris, Kamala D. and Walz, Tim","1380"
"Clark","4423","President and Vice President of the United States","None Of These Candidates","36"
"Clark","4423","President and Vice President of the United States","Oliver, Chase and ter Maat, Michael","16"
"Clark","4423","President and Vice President of the United States","Skousen, Joel and Combs, Rik","3"
"Clark","4423","President and Vice President of the United States","Trump, Donald J. and Vance, JD","935"
"Clark","4434","President and Vice President of the United States","Harris, Kamala D. and Walz, Tim","37"
"Clark","4434","President and Vice President of the United States","None Of These Candidates","0"
"Clark","4434","President and Vice President of the United States","Oliver, Chase and ter Maat, Michael","0"
"Clark","4434","President and Vice President of the United States","Skousen, Joel and Combs, Rik","0"
"Clark","4434","President and Vice President of the United States","Trump, Donald J. and Vance, JD","55"
"Clark","4454","President and Vice President of the United States","Harris, Kamala D. and Walz, Tim","*"
"Clark","4454","President and Vice President of the United States","None Of These Candidates","*"
"Clark","4454","President and Vice President of the United States","Oliver, Chase and ter Maat, Michael","*"
"Clark","4454","President and Vice President of the United States","Skousen, Joel and Combs, Rik","*"
"Clark","4454","President and Vice President of the United States","Trump, Donald J. and Vance, JD","*"
"Clark","4458","President and Vice President of the United States","Harris, Kamala D. and Walz, Tim","0"
"Clark","4458","President and Vice President of the United States","None Of These Candidates","0"
"Clark","4458","President and Vice President of the United States","Oliver, Chase and ter Maat, Michael","0"
"Clark","4458","President and Vice President of the United States","Skousen, Joel and Combs, Rik","0"
"Clark","4458","President and Vice President of the United States","Trump, Donald J. and Vance, JD","0"
"Clark","4461","President and Vice President of the United States","Harris, Kamala D. and Walz, Tim","749"
"Clark","4461","President and Vice President of the United States","None Of These Candidates","13"
"Clark","4461","President and Vice President of the United States","Oliver, Chase and ter Maat, Michael","1"
"Clark","4461","President and Vice President of the United States","Skousen, Joel and Combs, Rik","3"
"Clark","4461","President and Vice President of the United States","Trump, Donald J. and Vance, JD","165"
"Clark","4463","President and Vice President of the United States","Harris, Kamala D. and Walz, Tim","102"
"Clark","4463","President and Vice President of the United States","None Of These Candidates","1"
"Clark","4463","President and Vice President of the United States","Oliver, Chase and ter Maat, Michael","0"
"Clark","4463","President and Vice President of the United States","Skousen, Joel and Combs, Rik","1"
"Clark","4463","President and Vice President of the United States","Trump, Donald J. and Vance, JD","38"
"Clark","4501","President and Vice President of the United States","Harris, Kamala D. and Walz, Tim","1683"
"Clark","4501","President and Vice President of the United States","None Of These Candidates","39"
"Clark","4501","President and Vice President of the United States","Oliver, Chase and ter Maat, Michael","11"
"Clark","4501","President and Vice President of the United States","Skousen, Joel and Combs, Rik","6"
"Clark","4501","President and Vice President of the United States","Trump, Donald J. and Vance, JD","1065"
"Clark","4502","President and Vice President of the United States","Harris, Kamala D. and Walz, Tim","473"
"Clark","4502","President and Vice President of the United States","None Of These Candidates","14"
"Clark","4502","President and Vice President of the United States","Oliver, Chase and ter Maat, Michael","5"
"Clark","4502","President and Vice President of the United States","Skousen, Joel and Combs, Rik","0"
"Clark","4502","President and Vice President of the United States","Trump, Donald J. and Vance, JD","314"
"Clark","4504","President and Vice President of the United States","Harris, Kamala D. and Walz, Tim","940"
"Clark","4504","President and Vice President of the United States","None Of These Candidates","19"
"Clark","4504","President and Vice President of the United States","Oliver, Chase and ter Maat, Michael","7"
"Clark","4504","President and Vice President of the United States","Skousen, Joel and Combs, Rik","2"
"Clark","4504","President and Vice President of the United States","Trump, Donald J. and Vance, JD","479"
"Clark","4505","President and Vice President of the United States","Harris, Kamala D. and Walz, Tim","683"
"Clark","4505","President and Vice President of the United States","None Of These Candidates","15"
"Clark","4505","President and Vice President of the United States","Oliver, Chase and ter Maat, Michael","2"
"Clark","4505","President and Vice President of the United States","Skousen, Joel and Combs, Rik","3"
"Clark","4505","President and Vice President of the United States","Trump, Donald J. and Vance, JD","413"
"Clark","4506","President and Vice President of the United States","Harris, Kamala D. and Walz, Tim","603"
"Clark","4506","President and Vice President of the United States","None Of These Candidates","12"
"Clark","4506","President and Vice President of the United States","Oliver, Chase and ter Maat, Michael","2"
"Clark","4506","President and Vice President of the United States","Skousen, Joel and Combs, Rik","0"
"Clark","4506","President and Vice President of the United States","Trump, Donald J. and Vance, JD","397"
"Clark","4508","President and Vice President of the United States","Harris, Kamala D. and Walz, Tim","1383"
"Clark","4508","President and Vice President of the United States","None Of These Candidates","23"
"Clark","4508","President and Vice President of the United States","Oliver, Chase and ter Maat, Michael","4"
"Clark","4508","President and Vice President of the United States","Skousen, Joel and Combs, Rik","5"
"Clark","4508","President and Vice President of the United States","Trump, Donald J. and Vance, JD","389"
"Clark","4510","President and Vice President of the United States","Harris, Kamala D. and Walz, Tim","200"
"Clark","4510","President and Vice President of the United States","None Of These Candidates","9"
"Clark","4510","President and Vice President of the United States","Oliver, Chase and ter Maat, Michael","2"
"Clark","4510","President and Vice President of the United States","Skousen, Joel and Combs, Rik","1"
"Clark","4510","President and Vice President of the United States","Trump, Donald J. and Vance, JD","162"
"Clark","4511","President and Vice President of the United States","Harris, Kamala D. and Walz, Tim","0"
"Clark","4511","President and Vice President of the United States","None Of These Candidates","0"
"Clark","4511","President and Vice President of the United States","Oliver, Chase and ter Maat, Michael","0"
"Clark","4511","President and Vice President of the United States","Skousen, Joel and Combs, Rik","0"
"Clark","4511","President and Vice President of the United States","Trump, Donald J. and Vance, JD","0"
"Clark","4512","President and Vice President of the United States","Harris, Kamala D. and Walz, Tim","1280"
"Clark","4512","President and Vice President of the United States","None Of These Candidates","38"
"Clark","4512","President and Vice President of the United States","Oliver, Chase and ter Maat, Michael","16"
"Clark","4512","President and Vice President of the United States","Skousen, Joel and Combs, Rik","1"
"Clark","4512","President and Vice President of the United States","Trump, Donald J. and Vance, JD","770"
"Clark","4526","President and Vice President of the United States","Harris, Kamala D. and Walz, Tim","1332"
"Clark","4526","President and Vice President of the United States","None Of These Candidates","24"
"Clark","4526","President and Vice President of the United States","Oliver, Chase and ter Maat, Michael","6"
"Clark","4526","President and Vice President of the United States","Skousen, Joel and Combs, Rik","2"
"Clark","4526","President and Vice President of the United States","Trump, Donald J. and Vance, JD","379"
"Clark","4528","President and Vice President of the United States","Harris, Kamala D. and Walz, Tim","755"
"Clark","4528","President and Vice President of the United States","None Of These Candidates","14"
"Clark","4528","President and Vice President of the United States","Oliver, Chase and ter Maat, Michael","12"
"Clark","4528","President and Vice President of the United States","Skousen, Joel and Combs, Rik","1"
"Clark","4528","President and Vice President of the United States","Trump, Donald J. and Vance, JD","289"
"Clark","4529","President and Vice President of the United States","Harris, Kamala D. and Walz, Tim","1049"
"Clark","4529","President and Vice President of the United States","None Of These Candidates","19"
"Clark","4529","President and Vice President of the United States","Oliver, Chase and ter Maat, Michael","5"
"Clark","4529","President and Vice President of the United States","Skousen, Joel and Combs, Rik","2"
"Clark","4529","President and Vice President of the United States","Trump, Donald J. and Vance, JD","457"
"Clark","4540","President and Vice President of the United States","Harris, Kamala D. and Walz, Tim","374"
"Clark","4540","President and Vice President of the United States","None Of These Candidates","4"
"Clark","4540","President and Vice President of the United States","Oliver, Chase and ter Maat, Michael","4"
"Clark","4540","President and Vice President of the United States","Skousen, Joel and Combs, Rik","1"
"Clark","4540","President and Vice President of the United States","Trump, Donald J. and Vance, JD","112"
"Clark","4541","President and Vice President of the United States","Harris, Kamala D. and Walz, Tim","1430"
"Clark","4541","President and Vice President of the United States","None Of These Candidates","28"
"Clark","4541","President and Vice President of the United States","Oliver, Chase and ter Maat, Michael","10"
"Clark","4541","President and Vice President of the United States","Skousen, Joel and Combs, Rik","6"
"Clark","4541","President and Vice President of the United States","Trump, Donald J. and Vance, JD","757"
"Clark","4543","President and Vice President of the United States","Harris, Kamala D. and Walz, Tim","659"
"Clark","4543","President and Vice President of the United States","None Of These Candidates","13"
"Clark","4543","President and Vice President of the United States","Oliver, Chase and ter Maat, Michael","7"
"Clark","4543","President and Vice President of the United States","Skousen, Joel and Combs, Rik","1"
"Clark","4543","President and Vice President of the United States","Trump, Donald J. and Vance, JD","297"
"Clark","4547","President and Vice President of the United States","Harris, Kamala D. and Walz, Tim","865"
"Clark","4547","President and Vice President of the United States","None Of These Candidates","9"
"Clark","4547","President and Vice President of the United States","Oliver, Chase and ter Maat, Michael","8"
"Clark","4547","President and Vice President of the United States","Skousen, Joel and Combs, Rik","2"
"Clark","4547","President and Vice President of the United States","Trump, Donald J. and Vance, JD","441"
"Clark","4548","President and Vice President of the United States","Harris, Kamala D. and Walz, Tim","741"
"Clark","4548","President and Vice President of the United States","None Of These Candidates","13"
"Clark","4548","President and Vice President of the United States","Oliver, Chase and ter Maat, Michael","1"
"Clark","4548","President and Vice President of the United States","Skousen, Joel and Combs, Rik","3"
"Clark","4548","President and Vice President of the United States","Trump, Donald J. and Vance, JD","275"
"Clark","4550","President and Vice President of the United States","Harris, Kamala D. and Walz, Tim","228"
"Clark","4550","President and Vice President of the United States","None Of These Candidates","5"
"Clark","4550","President and Vice President of the United States","Oliver, Chase and ter Maat, Michael","1"
"Clark","4550","President and Vice President of the United States","Skousen, Joel and Combs, Rik","0"
"Clark","4550","President and Vice President of the United States","Trump, Donald J. and Vance, JD","114"
"Clark","4553","President and Vice President of the United States","Harris, Kamala D. and Walz, Tim","701"
"Clark","4553","President and Vice President of the United States","None Of These Candidates","11"
"Clark","4553","President and Vice President of the United States","Oliver, Chase and ter Maat, Michael","4"
"Clark","4553","President and Vice President of the United States","Skousen, Joel and Combs, Rik","1"
"Clark","4553","President and Vice President of the United States","Trump, Donald J. and Vance, JD","319"
"Clark","4555","President and Vice President of the United States","Harris, Kamala D. and Walz, Tim","1352"
"Clark","4555","President and Vice President of the United States","None Of These Candidates","35"
"Clark","4555","President and Vice President of the United States","Oliver, Chase and ter Maat, Michael","6"
"Clark","4555","President and Vice President of the United States","Skousen, Joel and Combs, Rik","3"
"Clark","4555","President and Vice President of the United States","Trump, Donald J. and Vance, JD","669"
"Clark","4559","President and Vice President of the United States","Harris, Kamala D. and Walz, Tim","746"
"Clark","4559","President and Vice President of the United States","None Of These Candidates","14"
"Clark","4559","President and Vice President of the United States","Oliver, Chase and ter Maat, Michael","1"
"Clark","4559","President and Vice President of the United States","Skousen, Joel and Combs, Rik","3"
"Clark","4559","President and Vice President of the United States","Trump, Donald J. and Vance, JD","351"
"Clark","4562","President and Vice President of the United States","Harris, Kamala D. and Walz, Tim","529"
"Clark","4562","President and Vice President of the United States","None Of These Candidates","10"
"Clark","4562","President and Vice President of the United States","Oliver, Chase and ter Maat, Michael","4"
"Clark","4562","President and Vice President of the United States","Skousen, Joel and Combs, Rik","3"
"Clark","4562","President and Vice President of the United States","Trump, Donald J. and Vance, JD","286"
"Clark","4564","President and Vice President of the United States","Harris, Kamala D. and Walz, Tim","924"
"Clark","4564","President and Vice President of the United States","None Of These Candidates","20"
"Clark","4564","President and Vice President of the United States","Oliver, Chase and ter Maat, Michael","6"
"Clark","4564","President and Vice President of the United States","Skousen, Joel and Combs, Rik","3"
"Clark","4564","President and Vice President of the United States","Trump, Donald J. and Vance, JD","435"
"Clark","4566","President and Vice President of the United States","Harris, Kamala D. and Walz, Tim","311"
"Clark","4566","President and Vice President of the United States","None Of These Candidates","3"
"Clark","4566","President and Vice President of the United States","Oliver, Chase and ter Maat, Michael","4"
"Clark","4566","President and Vice President of the United States","Skousen, Joel and Combs, Rik","0"
"Clark","4566","President and Vice President of the United States","Trump, Donald J. and Vance, JD","139"
"Clark","4573","President and Vice President of the United States","Harris, Kamala D. and Walz, Tim","133"
"Clark","4573","President and Vice President of the United States","None Of These Candidates","3"
"Clark","4573","President and Vice President of the United States","Oliver, Chase and ter Maat, Michael","0"
"Clark","4573","President and Vice President of the United States","Skousen, Joel and Combs, Rik","0"
"Clark","4573","President and Vice President of the United States","Trump, Donald J. and Vance, JD","43"
"Clark","4581","President and Vice President of the United States","Harris, Kamala D. and Walz, Tim","1442"
"Clark","4581","President and Vice President of the United States","None Of These Candidates","33"
"Clark","4581","President and Vice President of the United States","Oliver, Chase and ter Maat, Michael","6"
"Clark","4581","President and Vice President of the United States","Skousen, Joel and Combs, Rik","5"
"Clark","4581","President and Vice President of the United States","Trump, Donald J. and Vance, JD","805"
"Clark","4583","President and Vice President of the United States","Harris, Kamala D. and Walz, Tim","1263"
"Clark","4583","President and Vice President of the United States","None Of These Candidates","38"
"Clark","4583","President and Vice President of the United States","Oliver, Chase and ter Maat, Michael","9"
"Clark","4583","President and Vice President of the United States","Skousen, Joel and Combs, Rik","3"
"Clark","4583","President and Vice President of the United States","Trump, Donald J. and Vance, JD","665"
"Clark","4585","President and Vice President of the United States","Harris, Kamala D. and Walz, Tim","494"
"Clark","4585","President and Vice President of the United States","None Of These Candidates","11"
"Clark","4585","President and Vice President of the United States","Oliver, Chase and ter Maat, Michael","2"
"Clark","4585","President and Vice President of the United States","Skousen, Joel and Combs, Rik","1"
"Clark","4585","President and Vice President of the United States","Trump, Donald J. and Vance, JD","232"
"Clark","4586","President and Vice President of the United States","Harris, Kamala D. and Walz, Tim","1589"
"Clark","4586","President and Vice President of the United States","None Of These Candidates","34"
"Clark","4586","President and Vice President of the United States","Oliver, Chase and ter Maat, Michael","6"
"Clark","4586","President and Vice President of the United States","Skousen, Joel and Combs, Rik","3"
"Clark","4586","President and Vice President of the United States","Trump, Donald J. and Vance, JD","842"
"Clark","4590","President and Vice President of the United States","Harris, Kamala D. and Walz, Tim","420"
"Clark","4590","President and Vice President of the United States","None Of These Candidates","8"
"Clark","4590","President and Vice President of the United States","Oliver, Chase and ter Maat, Michael","3"
"Clark","4590","President and Vice President of the United States","Skousen, Joel and Combs, Rik","2"
"Clark","4590","President and Vice President of the United States","Trump, Donald J. and Vance, JD","154"
"Clark","4591","President and Vice President of the United States","Harris, Kamala D. and Walz, Tim","174"
"Clark","4591","President and Vice President of the United States","None Of These Candidates","1"
"Clark","4591","President and Vice President of the United States","Oliver, Chase and ter Maat, Michael","0"
"Clark","4591","President and Vice President of the United States","Skousen, Joel and Combs, Rik","1"
"Clark","4591","President and Vice President of the United States","Trump, Donald J. and Vance, JD","30"
"Clark","4597","President and Vice President of the United States","Harris, Kamala D. and Walz, Tim","1167"
"Clark","4597","President and Vice President of the United States","None Of These Candidates","20"
"Clark","4597","President and Vice President of the United States","Oliver, Chase and ter Maat, Michael","7"
"Clark","4597","President and Vice President of the United States","Skousen, Joel and Combs, Rik","3"
"Clark","4597","President and Vice President of the United States","Trump, Donald J. and Vance, JD","430"
"Clark","4605","President and Vice President of the United States","Harris, Kamala D. and Walz, Tim","452"
"Clark","4605","President and Vice President of the United States","None Of These Candidates","10"
"Clark","4605","President and Vice President of the United States","Oliver, Chase and ter Maat, Michael","3"
"Clark","4605","President and Vice President of the United States","Skousen, Joel and Combs, Rik","1"
"Clark","4605","President and Vice President of the United States","Trump, Donald J. and Vance, JD","217"
"Clark","4609","President and Vice President of the United States","Harris, Kamala D. and Walz, Tim","*"
"Clark","4609","President and Vice President of the United States","None Of These Candidates","*"
"Clark","4609","President and Vice President of the United States","Oliver, Chase and ter Maat, Michael","*"
"Clark","4609","President and Vice President of the United States","Skousen, Joel and Combs, Rik","*"
"Clark","4609","President and Vice President of the United States","Trump, Donald J. and Vance, JD","*"
"Clark","4612","President and Vice President of the United States","Harris, Kamala D. and Walz, Tim","45"
"Clark","4612","President and Vice President of the United States","None Of These Candidates","2"
"Clark","4612","President and Vice President of the United States","Oliver, Chase and ter Maat, Michael","2"
"Clark","4612","President and Vice President of the United States","Skousen, Joel and Combs, Rik","0"
"Clark","4612","President and Vice President of the United States","Trump, Donald J. and Vance, JD","20"
"Clark","4613","President and Vice President of the United States","Harris, Kamala D. and Walz, Tim","226"
"Clark","4613","President and Vice President of the United States","None Of These Candidates","4"
"Clark","4613","President and Vice President of the United States","Oliver, Chase and ter Maat, Michael","2"
"Clark","4613","President and Vice President of the United States","Skousen, Joel and Combs, Rik","0"
"Clark","4613","President and Vice President of the United States","Trump, Donald J. and Vance, JD","87"
"Clark","4615","President and Vice President of the United States","Harris, Kamala D. and Walz, Tim","*"
"Clark","4615","President and Vice President of the United States","None Of These Candidates","*"
"Clark","4615","President and Vice President of the United States","Oliver, Chase and ter Maat, Michael","*"
"Clark","4615","President and Vice President of the United States","Skousen, Joel and Combs, Rik","*"
"Clark","4615","President and Vice President of the United States","Trump, Donald J. and Vance, JD","*"
"Clark","4623","President and Vice President of the United States","Harris, Kamala D. and Walz, Tim","698"
"Clark","4623","President and Vice President of the United States","None Of These Candidates","15"
"Clark","4623","President and Vice President of the United States","Oliver, Chase and ter Maat, Michael","10"
"Clark","4623","President and Vice President of the United States","Skousen, Joel and Combs, Rik","0"
"Clark","4623","President and Vice President of the United States","Trump, Donald J. and Vance, JD","631"
"Clark","4633","President and Vice President of the United States","Harris, Kamala D. and Walz, Tim","716"
"Clark","4633","President and Vice President of the United States","None Of These Candidates","12"
"Clark","4633","President and Vice President of the United States","Oliver, Chase and ter Maat, Michael","4"
"Clark","4633","President and Vice President of the United States","Skousen, Joel and Combs, Rik","4"
"Clark","4633","President and Vice President of the United States","Trump, Donald J. and Vance, JD","460"
"Clark","4638","President and Vice President of the United States","Harris, Kamala D. and Walz, Tim","143"
"Clark","4638","President and Vice President of the United States","None Of These Candidates","3"
"Clark","4638","President and Vice President of the United States","Oliver, Chase and ter Maat, Michael","1"
"Clark","4638","President and Vice President of the United States","Skousen, Joel and Combs, Rik","0"
"Clark","4638","President and Vice President of the United States","Trump, Donald J. and Vance, JD","71"
"Clark","4641","President and Vice President of the United States","Harris, Kamala D. and Walz, Tim","69"
"Clark","4641","President and Vice President of the United States","None Of These Candidates","0"
"Clark","4641","President and Vice President of the United States","Oliver, Chase and ter Maat, Michael","1"
"Clark","4641","President and Vice President of the United States","Skousen, Joel and Combs, Rik","1"
"Clark","4641","President and Vice President of the United States","Trump, Donald J. and Vance, JD","89"
"Clark","4645","President and Vice President of the United States","Harris, Kamala D. and Walz, Tim","0"
"Clark","4645","President and Vice President of the United States","None Of These Candidates","0"
"Clark","4645","President and Vice President of the United States","Oliver, Chase and ter Maat, Michael","0"
"Clark","4645","President and Vice President of the United States","Skousen, Joel and Combs, Rik","0"
"Clark","4645","President and Vice President of the United States","Trump, Donald J. and Vance, JD","0"
"Clark","4650","President and Vice President of the United States","Harris, Kamala D. and Walz, Tim","744"
"Clark","4650","President and Vice President of the United States","None Of These Candidates","17"
"Clark","4650","President and Vice President of the United States","Oliver, Chase and ter Maat, Michael","3"
"Clark","4650","President and Vice President of the United States","Skousen, Joel and Combs, Rik","3"
"Clark","4650","President and Vice President of the United States","Trump, Donald J. and Vance, JD","271"
"Clark","4716","President and Vice President of the United States","Harris, Kamala D. and Walz, Tim","936"
"Clark","4716","President and Vice President of the United States","None Of These Candidates","16"
"Clark","4716","President and Vice President of the United States","Oliver, Chase and ter Maat, Michael","5"
"Clark","4716","President and Vice President of the United States","Skousen, Joel and Combs, Rik","4"
"Clark","4716","President and Vice President of the United States","Trump, Donald J. and Vance, JD","520"
"Clark","5001","President and Vice President of the United States","Harris, Kamala D. and Walz, Tim","446"
"Clark","5001","President and Vice President of the United States","None Of These Candidates","6"
"Clark","5001","President and Vice President of the United States","Oliver, Chase and ter Maat, Michael","2"
"Clark","5001","President and Vice President of the United States","Skousen, Joel and Combs, Rik","0"
"Clark","5001","President and Vice President of the United States","Trump, Donald J. and Vance, JD","211"
"Clark","5002","President and Vice President of the United States","Harris, Kamala D. and Walz, Tim","876"
"Clark","5002","President and Vice President of the United States","None Of These Candidates","11"
"Clark","5002","President and Vice President of the United States","Oliver, Chase and ter Maat, Michael","4"
"Clark","5002","President and Vice President of the United States","Skousen, Joel and Combs, Rik","2"
"Clark","5002","President and Vice President of the United States","Trump, Donald J. and Vance, JD","436"
"Clark","5003","President and Vice President of the United States","Harris, Kamala D. and Walz, Tim","82"
"Clark","5003","President and Vice President of the United States","None Of These Candidates","2"
"Clark","5003","President and Vice President of the United States","Oliver, Chase and ter Maat, Michael","1"
"Clark","5003","President and Vice President of the United States","Skousen, Joel and Combs, Rik","0"
"Clark","5003","President and Vice President of the United States","Trump, Donald J. and Vance, JD","45"
"Clark","5005","President and Vice President of the United States","Harris, Kamala D. and Walz, Tim","830"
"Clark","5005","President and Vice President of the United States","None Of These Candidates","9"
"Clark","5005","President and Vice President of the United States","Oliver, Chase and ter Maat, Michael","5"
"Clark","5005","President and Vice President of the United States","Skousen, Joel and Combs, Rik","7"
"Clark","5005","President and Vice President of the United States","Trump, Donald J. and Vance, JD","431"
"Clark","5007","President and Vice President of the United States","Harris, Kamala D. and Walz, Tim","758"
"Clark","5007","President and Vice President of the United States","None Of These Candidates","6"
"Clark","5007","President and Vice President of the United States","Oliver, Chase and ter Maat, Michael","2"
"Clark","5007","President and Vice President of the United States","Skousen, Joel and Combs, Rik","1"
"Clark","5007","President and Vice President of the United States","Trump, Donald J. and Vance, JD","380"
"Clark","5008","President and Vice President of the United States","Harris, Kamala D. and Walz, Tim","848"
"Clark","5008","President and Vice President of the United States","None Of These Candidates","14"
"Clark","5008","President and Vice President of the United States","Oliver, Chase and ter Maat, Michael","12"
"Clark","5008","President and Vice President of the United States","Skousen, Joel and Combs, Rik","3"
"Clark","5008","President and Vice President of the United States","Trump, Donald J. and Vance, JD","488"
"Clark","5011","President and Vice President of the United States","Harris, Kamala D. and Walz, Tim","551"
"Clark","5011","President and Vice President of the United States","None Of These Candidates","18"
"Clark","5011","President and Vice President of the United States","Oliver, Chase and ter Maat, Michael","3"
"Clark","5011","President and Vice President of the United States","Skousen, Joel and Combs, Rik","0"
"Clark","5011","President and Vice President of the United States","Trump, Donald J. and Vance, JD","387"
"Clark","5012","President and Vice President of the United States","Harris, Kamala D. and Walz, Tim","647"
"Clark","5012","President and Vice President of the United States","None Of These Candidates","17"
"Clark","5012","President and Vice President of the United States","Oliver, Chase and ter Maat, Michael","1"
"Clark","5012","President and Vice President of the United States","Skousen, Joel and Combs, Rik","3"
"Clark","5012","President and Vice President of the United States","Trump, Donald J. and Vance, JD","353"
"Clark","5013","President and Vice President of the United States","Harris, Kamala D. and Walz, Tim","759"
"Clark","5013","President and Vice President of the United States","None Of These Candidates","7"
"Clark","5013","President and Vice President of the United States","Oliver, Chase and ter Maat, Michael","3"
"Clark","5013","President and Vice President of the United States","Skousen, Joel and Combs, Rik","1"
"Clark","5013","President and Vice President of the United States","Trump, Donald J. and Vance, JD","416"
"Clark","5014","President and Vice President of the United States","Harris, Kamala D. and Walz, Tim","0"
"Clark","5014","President and Vice President of the United States","None Of These Candidates","0"
"Clark","5014","President and Vice President of the United States","Oliver, Chase and ter Maat, Michael","0"
"Clark","5014","President and Vice President of the United States","Skousen, Joel and Combs, Rik","0"
"Clark","5014","President and Vice President of the United States","Trump, Donald J. and Vance, JD","0"
"Clark","5015","President and Vice President of the United States","Harris, Kamala D. and Walz, Tim","465"
"Clark","5015","President and Vice President of the United States","None Of These Candidates","6"
"Clark","5015","President and Vice President of the United States","Oliver, Chase and ter Maat, Michael","0"
"Clark","5015","President and Vice President of the United States","Skousen, Joel and Combs, Rik","1"
"Clark","5015","President and Vice President of the United States","Trump, Donald J. and Vance, JD","208"
"Clark","5017","President and Vice President of the United States","Harris, Kamala D. and Walz, Tim","815"
"Clark","5017","President and Vice President of the United States","None Of These Candidates","17"
"Clark","5017","President and Vice President of the United States","Oliver, Chase and ter Maat, Michael","4"
"Clark","5017","President and Vice President of the United States","Skousen, Joel and Combs, Rik","1"
"Clark","5017","President and Vice President of the United States","Trump, Donald J. and Vance, JD","621"
"Clark","5018","President and Vice President of the United States","Harris, Kamala D. and Walz, Tim","588"
"Clark","5018","President and Vice President of the United States","None Of These Candidates","7"
"Clark","5018","President and Vice President of the United States","Oliver, Chase and ter Maat, Michael","6"
"Clark","5018","President and Vice President of the United States","Skousen, Joel and Combs, Rik","2"
"Clark","5018","President and Vice President of the United States","Trump, Donald J. and Vance, JD","331"
"Clark","5020","President and Vice President of the United States","Harris, Kamala D. and Walz, Tim","353"
"Clark","5020","President and Vice President of the United States","None Of These Candidates","5"
"Clark","5020","President and Vice President of the United States","Oliver, Chase and ter Maat, Michael","1"
"Clark","5020","President and Vice President of the United States","Skousen, Joel and Combs, Rik","1"
"Clark","5020","President and Vice President of the United States","Trump, Donald J. and Vance, JD","190"
"Clark","5022","President and Vice President of the United States","Harris, Kamala D. and Walz, Tim","738"
"Clark","5022","President and Vice President of the United States","None Of These Candidates","8"
"Clark","5022","President and Vice President of the United States","Oliver, Chase and ter Maat, Michael","5"
"Clark","5022","President and Vice President of the United States","Skousen, Joel and Combs, Rik","2"
"Clark","5022","President and Vice President of the United States","Trump, Donald J. and Vance, JD","270"
"Clark","5023","President and Vice President of the United States","Harris, Kamala D. and Walz, Tim","652"
"Clark","5023","President and Vice President of the United States","None Of These Candidates","19"
"Clark","5023","President and Vice President of the United States","Oliver, Chase and ter Maat, Michael","4"
"Clark","5023","President and Vice President of the United States","Skousen, Joel and Combs, Rik","3"
"Clark","5023","President and Vice President of the United States","Trump, Donald J. and Vance, JD","1235"
"Clark","5024","President and Vice President of the United States","Harris, Kamala D. and Walz, Tim","705"
"Clark","5024","President and Vice President of the United States","None Of These Candidates","23"
"Clark","5024","President and Vice President of the United States","Oliver, Chase and ter Maat, Michael","7"
"Clark","5024","President and Vice President of the United States","Skousen, Joel and Combs, Rik","5"
"Clark","5024","President and Vice President of the United States","Trump, Donald J. and Vance, JD","1267"
"Clark","5025","President and Vice President of the United States","Harris, Kamala D. and Walz, Tim","879"
"Clark","5025","President and Vice President of the United States","None Of These Candidates","21"
"Clark","5025","President and Vice President of the United States","Oliver, Chase and ter Maat, Michael","14"
"Clark","5025","President and Vice President of the United States","Skousen, Joel and Combs, Rik","8"
"Clark","5025","President and Vice President of the United States","Trump, Donald J. and Vance, JD","1255"
"Clark","5028","President and Vice President of the United States","Harris, Kamala D. and Walz, Tim","22"
"Clark","5028","President and Vice President of the United States","None Of These Candidates","1"
"Clark","5028","President and Vice President of the United States","Oliver, Chase and ter Maat, Michael","0"
"Clark","5028","President and Vice President of the United States","Skousen, Joel and Combs, Rik","1"
"Clark","5028","President and Vice President of the United States","Trump, Donald J. and Vance, JD","24"
"Clark","5029","President and Vice President of the United States","Harris, Kamala D. and Walz, Tim","562"
"Clark","5029","President and Vice President of the United States","None Of These Candidates","12"
"Clark","5029","President and Vice President of the United States","Oliver, Chase and ter Maat, Michael","6"
"Clark","5029","President and Vice President of the United States","Skousen, Joel and Combs, Rik","1"
"Clark","5029","President and Vice President of the United States","Trump, Donald J. and Vance, JD","417"
"Clark","5030","President and Vice President of the United States","Harris, Kamala D. and Walz, Tim","676"
"Clark","5030","President and Vice President of the United States","None Of These Candidates","23"
"Clark","5030","President and Vice President of the United States","Oliver, Chase and ter Maat, Michael","3"
"Clark","5030","President and Vice President of the United States","Skousen, Joel and Combs, Rik","1"
"Clark","5030","President and Vice President of the United States","Trump, Donald J. and Vance, JD","534"
"Clark","5031","President and Vice President of the United States","Harris, Kamala D. and Walz, Tim","889"
"Clark","5031","President and Vice President of the United States","None Of These Candidates","16"
"Clark","5031","President and Vice President of the United States","Oliver, Chase and ter Maat, Michael","3"
"Clark","5031","President and Vice President of the United States","Skousen, Joel and Combs, Rik","2"
"Clark","5031","President and Vice President of the United States","Trump, Donald J. and Vance, JD","446"
"Clark","5035","President and Vice President of the United States","Harris, Kamala D. and Walz, Tim","*"
"Clark","5035","President and Vice President of the United States","None Of These Candidates","*"
"Clark","5035","President and Vice President of the United States","Oliver, Chase and ter Maat, Michael","*"
"Clark","5035","President and Vice President of the United States","Skousen, Joel and Combs, Rik","*"
"Clark","5035","President and Vice President of the United States","Trump, Donald J. and Vance, JD","*"
"Clark","5037","President and Vice President of the United States","Harris, Kamala D. and Walz, Tim","767"
"Clark","5037","President and Vice President of the United States","None Of These Candidates","27"
"Clark","5037","President and Vice President of the United States","Oliver, Chase and ter Maat, Michael","8"
"Clark","5037","President and Vice President of the United States","Skousen, Joel and Combs, Rik","7"
"Clark","5037","President and Vice President of the United States","Trump, Donald J. and Vance, JD","1455"
"Clark","5038","President and Vice President of the United States","Harris, Kamala D. and Walz, Tim","623"
"Clark","5038","President and Vice President of the United States","None Of These Candidates","15"
"Clark","5038","President and Vice President of the United States","Oliver, Chase and ter Maat, Michael","6"
"Clark","5038","President and Vice President of the United States","Skousen, Joel and Combs, Rik","2"
"Clark","5038","President and Vice President of the United States","Trump, Donald J. and Vance, JD","421"
"Clark","5039","President and Vice President of the United States","Harris, Kamala D. and Walz, Tim","61"
"Clark","5039","President and Vice President of the United States","None Of These Candidates","1"
"Clark","5039","President and Vice President of the United States","Oliver, Chase and ter Maat, Michael","0"
"Clark","5039","President and Vice President of the United States","Skousen, Joel and Combs, Rik","0"
"Clark","5039","President and Vice President of the United States","Trump, Donald J. and Vance, JD","34"
"Clark","5040","President and Vice President of the United States","Harris, Kamala D. and Walz, Tim","797"
"Clark","5040","President and Vice President of the United States","None Of These Candidates","19"
"Clark","5040","President and Vice President of the United States","Oliver, Chase and ter Maat, Michael","2"
"Clark","5040","President and Vice President of the United States","Skousen, Joel and Combs, Rik","2"
"Clark","5040","President and Vice President of the United States","Trump, Donald J. and Vance, JD","527"
"Clark","5041","President and Vice President of the United States","Harris, Kamala D. and Walz, Tim","129"
"Clark","5041","President and Vice President of the United States","None Of These Candidates","7"
"Clark","5041","President and Vice President of the United States","Oliver, Chase and ter Maat, Michael","4"
"Clark","5041","President and Vice President of the United States","Skousen, Joel and Combs, Rik","1"
"Clark","5041","President and Vice President of the United States","Trump, Donald J. and Vance, JD","109"
"Clark","5042","President and Vice President of the United States","Harris, Kamala D. and Walz, Tim","271"
"Clark","5042","President and Vice President of the United States","None Of These Candidates","4"
"Clark","5042","President and Vice President of the United States","Oliver, Chase and ter Maat, Michael","0"
"Clark","5042","President and Vice President of the United States","Skousen, Joel and Combs, Rik","0"
"Clark","5042","President and Vice President of the United States","Trump, Donald J. and Vance, JD","275"
"Clark","5044","President and Vice President of the United States","Harris, Kamala D. and Walz, Tim","468"
"Clark","5044","President and Vice President of the United States","None Of These Candidates","16"
"Clark","5044","President and Vice President of the United States","Oliver, Chase and ter Maat, Michael","3"
"Clark","5044","President and Vice President of the United States","Skousen, Joel and Combs, Rik","2"
"Clark","5044","President and Vice President of the United States","Trump, Donald J. and Vance, JD","373"
"Clark","5045","President and Vice President of the United States","Harris, Kamala D. and Walz, Tim","521"
"Clark","5045","President and Vice President of the United States","None Of These Candidates","15"
"Clark","5045","President and Vice President of the United States","Oliver, Chase and ter Maat, Michael","2"
"Clark","5045","President and Vice President of the United States","Skousen, Joel and Combs, Rik","1"
"Clark","5045","President and Vice President of the United States","Trump, Donald J. and Vance, JD","363"
"Clark","5046","President and Vice President of the United States","Harris, Kamala D. and Walz, Tim","803"
"Clark","5046","President and Vice President of the United States","None Of These Candidates","26"
"Clark","5046","President and Vice President of the United States","Oliver, Chase and ter Maat, Michael","4"
"Clark","5046","President and Vice President of the United States","Skousen, Joel and Combs, Rik","0"
"Clark","5046","President and Vice President of the United States","Trump, Donald J. and Vance, JD","501"
"Clark","5047","President and Vice President of the United States","Harris, Kamala D. and Walz, Tim","643"
"Clark","5047","President and Vice President of the United States","None Of These Candidates","16"
"Clark","5047","President and Vice President of the United States","Oliver, Chase and ter Maat, Michael","4"
"Clark","5047","President and Vice President of the United States","Skousen, Joel and Combs, Rik","1"
"Clark","5047","President and Vice President of the United States","Trump, Donald J. and Vance, JD","771"
"Clark","5048","President and Vice President of the United States","Harris, Kamala D. and Walz, Tim","33"
"Clark","5048","President and Vice President of the United States","None Of These Candidates","1"
"Clark","5048","President and Vice President of the United States","Oliver, Chase and ter Maat, Michael","1"
"Clark","5048","President and Vice President of the United States","Skousen, Joel and Combs, Rik","0"
"Clark","5048","President and Vice President of the United States","Trump, Donald J. and Vance, JD","30"
"Clark","5049","President and Vice President of the United States","Harris, Kamala D. and Walz, Tim","287"
"Clark","5049","President and Vice President of the United States","None Of These Candidates","6"
"Clark","5049","President and Vice President of the United States","Oliver, Chase and ter Maat, Michael","5"
"Clark","5049","President and Vice President of the United States","Skousen, Joel and Combs, Rik","1"
"Clark","5049","President and Vice President of the United States","Trump, Donald J. and Vance, JD","251"
"Clark","5050","President and Vice President of the United States","Harris, Kamala D. and Walz, Tim","*"
"Clark","5050","President and Vice President of the United States","None Of These Candidates","*"
"Clark","5050","President and Vice President of the United States","Oliver, Chase and ter Maat, Michael","*"
"Clark","5050","President and Vice President of the United States","Skousen, Joel and Combs, Rik","*"
"Clark","5050","President and Vice President of the United States","Trump, Donald J. and Vance, JD","*"
"Clark","5323","President and Vice President of the United States","Harris, Kamala D. and Walz, Tim","1078"
"Clark","5323","President and Vice President of the United States","None Of These Candidates","30"
"Clark","5323","President and Vice President of the United States","Oliver, Chase and ter Maat, Michael","6"
"Clark","5323","President and Vice President of the United States","Skousen, Joel and Combs, Rik","1"
"Clark","5323","President and Vice President of the United States","Trump, Donald J. and Vance, JD","654"
"Clark","5324","President and Vice President of the United States","Harris, Kamala D. and Walz, Tim","850"
"Clark","5324","President and Vice President of the United States","None Of These Candidates","19"
"Clark","5324","President and Vice President of the United States","Oliver, Chase and ter Maat, Michael","3"
"Clark","5324","President and Vice President of the United States","Skousen, Joel and Combs, Rik","2"
"Clark","5324","President and Vice President of the United States","Trump, Donald J. and Vance, JD","900"
"Clark","5330","President and Vice President of the United States","Harris, Kamala D. and Walz, Tim","1111"
"Clark","5330","President and Vice President of the United States","None Of These Candidates","23"
"Clark","5330","President and Vice President of the United States","Oliver, Chase and ter Maat, Michael","3"
"Clark","5330","President and Vice President of the United States","Skousen, Joel and Combs, Rik","4"
"Clark","5330","President and Vice President of the United States","Trump, Donald J. and Vance, JD","784"
"Clark","5350","President and Vice President of the United States","Harris, Kamala D. and Walz, Tim","1362"
"Clark","5350","President and Vice President of the United States","None Of These Candidates","32"
"Clark","5350","President and Vice President of the United States","Oliver, Chase and ter Maat, Michael","12"
"Clark","5350","President and Vice President of the United States","Skousen, Joel and Combs, Rik","2"
"Clark","5350","President and Vice President of the United States","Trump, Donald J. and Vance, JD","683"
"Clark","5372","President and Vice President of the United States","Harris, Kamala D. and Walz, Tim","728"
"Clark","5372","President and Vice President of the United States","None Of These Candidates","11"
"Clark","5372","President and Vice President of the United States","Oliver, Chase and ter Maat, Michael","4"
"Clark","5372","President and Vice President of the United States","Skousen, Joel and Combs, Rik","2"
"Clark","5372","President and Vice President of the United States","Trump, Donald J. and Vance, JD","382"
"Clark","5384","President and Vice President of the United States","Harris, Kamala D. and Walz, Tim","883"
"Clark","5384","President and Vice President of the United States","None Of These Candidates","17"
"Clark","5384","President and Vice President of the United States","Oliver, Chase and ter Maat, Michael","4"
"Clark","5384","President and Vice President of the United States","Skousen, Joel and Combs, Rik","1"
"Clark","5384","President and Vice President of the United States","Trump, Donald J. and Vance, JD","402"
"Clark","5395","President and Vice President of the United States","Harris, Kamala D. and Walz, Tim","308"
"Clark","5395","President and Vice President of the United States","None Of These Candidates","8"
"Clark","5395","President and Vice President of the United States","Oliver, Chase and ter Maat, Michael","4"
"Clark","5395","President and Vice President of the United States","Skousen, Joel and Combs, Rik","1"
"Clark","5395","President and Vice President of the United States","Trump, Donald J. and Vance, JD","295"
"Clark","5403","President and Vice President of the United States","Harris, Kamala D. and Walz, Tim","156"
"Clark","5403","President and Vice President of the United States","None Of These Candidates","5"
"Clark","5403","President and Vice President of the United States","Oliver, Chase and ter Maat, Michael","3"
"Clark","5403","President and Vice President of the United States","Skousen, Joel and Combs, Rik","0"
"Clark","5403","President and Vice President of the United States","Trump, Donald J. and Vance, JD","99"
"Clark","5405","President and Vice President of the United States","Harris, Kamala D. and Walz, Tim","1031"
"Clark","5405","President and Vice President of the United States","None Of These Candidates","13"
"Clark","5405","President and Vice President of the United States","Oliver, Chase and ter Maat, Michael","8"
"Clark","5405","President and Vice President of the United States","Skousen, Joel and Combs, Rik","1"
"Clark","5405","President and Vice President of the United States","Trump, Donald J. and Vance, JD","704"
"Clark","5412","President and Vice President of the United States","Harris, Kamala D. and Walz, Tim","1267"
"Clark","5412","President and Vice President of the United States","None Of These Candidates","32"
"Clark","5412","President and Vice President of the United States","Oliver, Chase and ter Maat, Michael","6"
"Clark","5412","President and Vice President of the United States","Skousen, Joel and Combs, Rik","8"
"Clark","5412","President and Vice President of the United States","Trump, Donald J. and Vance, JD","808"
"Clark","5417","President and Vice President of the United States","Harris, Kamala D. and Walz, Tim","863"
"Clark","5417","President and Vice President of the United States","None Of These Candidates","14"
"Clark","5417","President and Vice President of the United States","Oliver, Chase and ter Maat, Michael","7"
"Clark","5417","President and Vice President of the United States","Skousen, Joel and Combs, Rik","0"
"Clark","5417","President and Vice President of the United States","Trump, Donald J. and Vance, JD","649"
"Clark","5425","President and Vice President of the United States","Harris, Kamala D. and Walz, Tim","1042"
"Clark","5425","President and Vice President of the United States","None Of These Candidates","21"
"Clark","5425","President and Vice President of the United States","Oliver, Chase and ter Maat, Michael","4"
"Clark","5425","President and Vice President of the United States","Skousen, Joel and Combs, Rik","2"
"Clark","5425","President and Vice President of the United States","Trump, Donald J. and Vance, JD","723"
"Clark","5500","President and Vice President of the United States","Harris, Kamala D. and Walz, Tim","0"
"Clark","5500","President and Vice President of the United States","None Of These Candidates","0"
"Clark","5500","President and Vice President of the United States","Oliver, Chase and ter Maat, Michael","0"
"Clark","5500","President and Vice President of the United States","Skousen, Joel and Combs, Rik","0"
"Clark","5500","President and Vice President of the United States","Trump, Donald J. and Vance, JD","0"
"Clark","5501","President and Vice President of the United States","Harris, Kamala D. and Walz, Tim","329"
"Clark","5501","President and Vice President of the United States","None Of These Candidates","3"
"Clark","5501","President and Vice President of the United States","Oliver, Chase and ter Maat, Michael","4"
"Clark","5501","President and Vice President of the United States","Skousen, Joel and Combs, Rik","2"
"Clark","5501","President and Vice President of the United States","Trump, Donald J. and Vance, JD","448"
"Clark","5503","President and Vice President of the United States","Harris, Kamala D. and Walz, Tim","0"
"Clark","5503","President and Vice President of the United States","None Of These Candidates","0"
"Clark","5503","President and Vice President of the United States","Oliver, Chase and ter Maat, Michael","0"
"Clark","5503","President and Vice President of the United States","Skousen, Joel and Combs, Rik","0"
"Clark","5503","President and Vice President of the United States","Trump, Donald J. and Vance, JD","0"
"Clark","5504","President and Vice President of the United States","Harris, Kamala D. and Walz, Tim","890"
"Clark","5504","President and Vice President of the United States","None Of These Candidates","28"
"Clark","5504","President and Vice President of the United States","Oliver, Chase and ter Maat, Michael","4"
"Clark","5504","President and Vice President of the United States","Skousen, Joel and Combs, Rik","8"
"Clark","5504","President and Vice President of the United States","Trump, Donald J. and Vance, JD","874"
"Clark","5506","President and Vice President of the United States","Harris, Kamala D. and Walz, Tim","0"
"Clark","5506","President and Vice President of the United States","None Of These Candidates","0"
"Clark","5506","President and Vice President of the United States","Oliver, Chase and ter Maat, Michael","0"
"Clark","5506","President and Vice President of the United States","Skousen, Joel and Combs, Rik","0"
"Clark","5506","President and Vice President of the United States","Trump, Donald J. and Vance, JD","0"
"Clark","5513","President and Vice President of the United States","Harris, Kamala D. and Walz, Tim","1029"
"Clark","5513","President and Vice President of the United States","None Of These Candidates","27"
"Clark","5513","President and Vice President of the United States","Oliver, Chase and ter Maat, Michael","7"
"Clark","5513","President and Vice President of the United States","Skousen, Joel and Combs, Rik","5"
"Clark","5513","President and Vice President of the United States","Trump, Donald J. and Vance, JD","825"
"Clark","5530","President and Vice President of the United States","Harris, Kamala D. and Walz, Tim","1465"
"Clark","5530","President and Vice President of the United States","None Of These Candidates","39"
"Clark","5530","President and Vice President of the United States","Oliver, Chase and ter Maat, Michael","15"
"Clark","5530","President and Vice President of the United States","Skousen, Joel and Combs, Rik","1"
"Clark","5530","President and Vice President of the United States","Trump, Donald J. and Vance, JD","2741"
"Clark","5531","President and Vice President of the United States","Harris, Kamala D. and Walz, Tim","170"
"Clark","5531","President and Vice President of the United States","None Of These Candidates","7"
"Clark","5531","President and Vice President of the United States","Oliver, Chase and ter Maat, Michael","1"
"Clark","5531","President and Vice President of the United States","Skousen, Joel and Combs, Rik","1"
"Clark","5531","President and Vice President of the United States","Trump, Donald J. and Vance, JD","275"
"Clark","5533","President and Vice President of the United States","Harris, Kamala D. and Walz, Tim","1066"
"Clark","5533","President and Vice President of the United States","None Of These Candidates","24"
"Clark","5533","President and Vice President of the United States","Oliver, Chase and ter Maat, Michael","5"
"Clark","5533","President and Vice President of the United States","Skousen, Joel and Combs, Rik","3"
"Clark","5533","President and Vice President of the United States","Trump, Donald J. and Vance, JD","699"
"Clark","5539","President and Vice President of the United States","Harris, Kamala D. and Walz, Tim","0"
"Clark","5539","President and Vice President of the United States","None Of These Candidates","0"
"Clark","5539","President and Vice President of the United States","Oliver, Chase and ter Maat, Michael","0"
"Clark","5539","President and Vice President of the United States","Skousen, Joel and Combs, Rik","0"
"Clark","5539","President and Vice President of the United States","Trump, Donald J. and Vance, JD","0"
"Clark","5540","President and Vice President of the United States","Harris, Kamala D. and Walz, Tim","0"
"Clark","5540","President and Vice President of the United States","None Of These Candidates","0"
"Clark","5540","President and Vice President of the United States","Oliver, Chase and ter Maat, Michael","0"
"Clark","5540","President and Vice President of the United States","Skousen, Joel and Combs, Rik","0"
"Clark","5540","President and Vice President of the United States","Trump, Donald J. and Vance, JD","0"
"Clark","5542","President and Vice President of the United States","Harris, Kamala D. and Walz, Tim","327"
"Clark","5542","President and Vice President of the United States","None Of These Candidates","4"
"Clark","5542","President and Vice President of the United States","Oliver, Chase and ter Maat, Michael","0"
"Clark","5542","President and Vice President of the United States","Skousen, Joel and Combs, Rik","2"
"Clark","5542","President and Vice President of the United States","Trump, Donald J. and Vance, JD","175"
"Clark","5543","President and Vice President of the United States","Harris, Kamala D. and Walz, Tim","194"
"Clark","5543","President and Vice President of the United States","None Of These Candidates","3"
"Clark","5543","President and Vice President of the United States","Oliver, Chase and ter Maat, Michael","1"
"Clark","5543","President and Vice President of the United States","Skousen, Joel and Combs, Rik","1"
"Clark","5543","President and Vice President of the United States","Trump, Donald J. and Vance, JD","95"
"Clark","5545","President and Vice President of the United States","Harris, Kamala D. and Walz, Tim","391"
"Clark","5545","President and Vice President of the United States","None Of These Candidates","10"
"Clark","5545","President and Vice President of the United States","Oliver, Chase and ter Maat, Michael","0"
"Clark","5545","President and Vice President of the United States","Skousen, Joel and Combs, Rik","4"
"Clark","5545","President and Vice President of the United States","Trump, Donald J. and Vance, JD","225"
"Clark","5547","President and Vice President of the United States","Harris, Kamala D. and Walz, Tim","58"
"Clark","5547","President and Vice President of the United States","None Of These Candidates","3"
"Clark","5547","President and Vice President of the United States","Oliver, Chase and ter Maat, Michael","0"
"Clark","5547","President and Vice President of the United States","Skousen, Joel and Combs, Rik","1"
"Clark","5547","President and Vice President of the United States","Trump, Donald J. and Vance, JD","139"
"Clark","5550","President and Vice President of the United States","Harris, Kamala D. and Walz, Tim","298"
"Clark","5550","President and Vice President of the United States","None Of These Candidates","10"
"Clark","5550","President and Vice President of the United States","Oliver, Chase and ter Maat, Michael","2"
"Clark","5550","President and Vice President of the United States","Skousen, Joel and Combs, Rik","1"
"Clark","5550","President and Vice President of the United States","Trump, Donald J. and Vance, JD","463"
"Clark","5554","President and Vice President of the United States","Harris, Kamala D. and Walz, Tim","697"
"Clark","5554","President and Vice President of the United States","None Of These Candidates","17"
"Clark","5554","President and Vice President of the United States","Oliver, Chase and ter Maat, Michael","6"
"Clark","5554","President and Vice President of the United States","Skousen, Joel and Combs, Rik","0"
"Clark","5554","President and Vice President of the United States","Trump, Donald J. and Vance, JD","589"
"Clark","5556","President and Vice President of the United States","Harris, Kamala D. and Walz, Tim","768"
"Clark","5556","President and Vice President of the United States","None Of These Candidates","24"
"Clark","5556","President and Vice President of the United States","Oliver, Chase and ter Maat, Michael","3"
"Clark","5556","President and Vice President of the United States","Skousen, Joel and Combs, Rik","1"
"Clark","5556","President and Vice President of the United States","Trump, Donald J. and Vance, JD","1405"
"Clark","5560","President and Vice President of the United States","Harris, Kamala D. and Walz, Tim","940"
"Clark","5560","President and Vice President of the United States","None Of These Candidates","13"
"Clark","5560","President and Vice President of the United States","Oliver, Chase and ter Maat, Michael","6"
"Clark","5560","President and Vice President of the United States","Skousen, Joel and Combs, Rik","2"
"Clark","5560","President and Vice President of the United States","Trump, Donald J. and Vance, JD","680"
"Clark","5561","President and Vice President of the United States","Harris, Kamala D. and Walz, Tim","*"
"Clark","5561","President and Vice President of the United States","None Of These Candidates","*"
"Clark","5561","President and Vice President of the United States","Oliver, Chase and ter Maat, Michael","*"
"Clark","5561","President and Vice President of the United States","Skousen, Joel and Combs, Rik","*"
"Clark","5561","President and Vice President of the United States","Trump, Donald J. and Vance, JD","*"
"Clark","5562","President and Vice President of the United States","Harris, Kamala D. and Walz, Tim","0"
"Clark","5562","President and Vice President of the United States","None Of These Candidates","0"
"Clark","5562","President and Vice President of the United States","Oliver, Chase and ter Maat, Michael","0"
"Clark","5562","President and Vice President of the United States","Skousen, Joel and Combs, Rik","0"
"Clark","5562","President and Vice President of the United States","Trump, Donald J. and Vance, JD","0"
"Clark","5563","President and Vice President of the United States","Harris, Kamala D. and Walz, Tim","607"
"Clark","5563","President and Vice President of the United States","None Of These Candidates","11"
"Clark","5563","President and Vice President of the United States","Oliver, Chase and ter Maat, Michael","1"
"Clark","5563","President and Vice President of the United States","Skousen, Joel and Combs, Rik","2"
"Clark","5563","President and Vice President of the United States","Trump, Donald J. and Vance, JD","321"
"Clark","5565","President and Vice President of the United States","Harris, Kamala D. and Walz, Tim","800"
"Clark","5565","President and Vice President of the United States","None Of These Candidates","21"
"Clark","5565","President and Vice President of the United States","Oliver, Chase and ter Maat, Michael","9"
"Clark","5565","President and Vice President of the United States","Skousen, Joel and Combs, Rik","0"
"Clark","5565","President and Vice President of the United States","Trump, Donald J. and Vance, JD","487"
"Clark","5566","President and Vice President of the United States","Harris, Kamala D. and Walz, Tim","1359"
"Clark","5566","President and Vice President of the United States","None Of These Candidates","31"
"Clark","5566","President and Vice President of the United States","Oliver, Chase and ter Maat, Michael","6"
"Clark","5566","President and Vice President of the United States","Skousen, Joel and Combs, Rik","8"
"Clark","5566","President and Vice President of the United States","Trump, Donald J. and Vance, JD","1134"
"Clark","5569","President and Vice President of the United States","Harris, Kamala D. and Walz, Tim","1073"
"Clark","5569","President and Vice President of the United States","None Of These Candidates","22"
"Clark","5569","President and Vice President of the United States","Oliver, Chase and ter Maat, Michael","6"
"Clark","5569","President and Vice President of the United States","Skousen, Joel and Combs, Rik","6"
"Clark","5569","President and Vice President of the United States","Trump, Donald J. and Vance, JD","895"
"Clark","5570","President and Vice President of the United States","Harris, Kamala D. and Walz, Tim","1117"
"Clark","5570","President and Vice President of the United States","None Of These Candidates","15"
"Clark","5570","President and Vice President of the United States","Oliver, Chase and ter Maat, Michael","6"
"Clark","5570","President and Vice President of the United States","Skousen, Joel and Combs, Rik","3"
"Clark","5570","President and Vice President of the United States","Trump, Donald J. and Vance, JD","781"
"Clark","5571","President and Vice President of the United States","Harris, Kamala D. and Walz, Tim","552"
"Clark","5571","President and Vice President of the United States","None Of These Candidates","8"
"Clark","5571","President and Vice President of the United States","Oliver, Chase and ter Maat, Michael","3"
"Clark","5571","President and Vice President of the United States","Skousen, Joel and Combs, Rik","2"
"Clark","5571","President and Vice President of the United States","Trump, Donald J. and Vance, JD","433"
"Clark","5572","President and Vice President of the United States","Harris, Kamala D. and Walz, Tim","791"
"Clark","5572","President and Vice President of the United States","None Of These Candidates","15"
"Clark","5572","President and Vice President of the United States","Oliver, Chase and ter Maat, Michael","12"
"Clark","5572","President and Vice President of the United States","Skousen, Joel and Combs, Rik","1"
"Clark","5572","President and Vice President of the United States","Trump, Donald J. and Vance, JD","574"
"Clark","5577","President and Vice President of the United States","Harris, Kamala D. and Walz, Tim","337"
"Clark","5577","President and Vice President of the United States","None Of These Candidates","13"
"Clark","5577","President and Vice President of the United States","Oliver, Chase and ter Maat, Michael","1"
"Clark","5577","President and Vice President of the United States","Skousen, Joel and Combs, Rik","1"
"Clark","5577","President and Vice President of the United States","Trump, Donald J. and Vance, JD","275"
"Clark","5578","President and Vice President of the United States","Harris, Kamala D. and Walz, Tim","565"
"Clark","5578","President and Vice President of the United States","None Of These Candidates","15"
"Clark","5578","President and Vice President of the United States","Oliver, Chase and ter Maat, Michael","6"
"Clark","5578","President and Vice President of the United States","Skousen, Joel and Combs, Rik","0"
"Clark","5578","President and Vice President of the United States","Trump, Donald J. and Vance, JD","401"
"Clark","5581","President and Vice President of the United States","Harris, Kamala D. and Walz, Tim","574"
"Clark","5581","President and Vice President of the United States","None Of These Candidates","9"
"Clark","5581","President and Vice President of the United States","Oliver, Chase and ter Maat, Michael","5"
"Clark","5581","President and Vice President of the United States","Skousen, Joel and Combs, Rik","1"
"Clark","5581","President and Vice President of the United States","Trump, Donald J. and Vance, JD","215"
"Clark","5582","President and Vice President of the United States","Harris, Kamala D. and Walz, Tim","554"
"Clark","5582","President and Vice President of the United States","None Of These Candidates","13"
"Clark","5582","President and Vice President of the United States","Oliver, Chase and ter Maat, Michael","4"
"Clark","5582","President and Vice President of the United States","Skousen, Joel and Combs, Rik","2"
"Clark","5582","President and Vice President of the United States","Trump, Donald J. and Vance, JD","320"
"Clark","5583","President and Vice President of the United States","Harris, Kamala D. and Walz, Tim","427"
"Clark","5583","President and Vice President of the United States","None Of These Candidates","7"
"Clark","5583","President and Vice President of the United States","Oliver, Chase and ter Maat, Michael","0"
"Clark","5583","President and Vice President of the United States","Skousen, Joel and Combs, Rik","1"
"Clark","5583","President and Vice President of the United States","Trump, Donald J. and Vance, JD","246"
"Clark","5584","President and Vice President of the United States","Harris, Kamala D. and Walz, Tim","450"
"Clark","5584","President and Vice President of the United States","None Of These Candidates","7"
"Clark","5584","President and Vice President of the United States","Oliver, Chase and ter Maat, Michael","5"
"Clark","5584","President and Vice President of the United States","Skousen, Joel and Combs, Rik","0"
"Clark","5584","President and Vice President of the United States","Trump, Donald J. and Vance, JD","180"
"Clark","5585","President and Vice President of the United States","Harris, Kamala D. and Walz, Tim","557"
"Clark","5585","President and Vice President of the United States","None Of These Candidates","13"
"Clark","5585","President and Vice President of the United States","Oliver, Chase and ter Maat, Michael","6"
"Clark","5585","President and Vice President of the United States","Skousen, Joel and Combs, Rik","0"
"Clark","5585","President and Vice President of the United States","Trump, Donald J. and Vance, JD","267"
"Clark","5586","President and Vice President of the United States","Harris, Kamala D. and Walz, Tim","482"
"Clark","5586","President and Vice President of the United States","None Of These Candidates","16"
"Clark","5586","President and Vice President of the United States","Oliver, Chase and ter Maat, Michael","3"
"Clark","5586","President and Vice President of the United States","Skousen, Joel and Combs, Rik","1"
"Clark","5586","President and Vice President of the United States","Trump, Donald J. and Vance, JD","276"
"Clark","5587","President and Vice President of the United States","Harris, Kamala D. and Walz, Tim","1255"
"Clark","5587","President and Vice President of the United States","None Of These Candidates","31"
"Clark","5587","President and Vice President of the United States","Oliver, Chase and ter Maat, Michael","6"
"Clark","5587","President and Vice President of the United States","Skousen, Joel and Combs, Rik","4"
"Clark","5587","President and Vice President of the United States","Trump, Donald J. and Vance, JD","860"
"Clark","5589","President and Vice President of the United States","Harris, Kamala D. and Walz, Tim","170"
"Clark","5589","President and Vice President of the United States","None Of These Candidates","3"
"Clark","5589","President and Vice President of the United States","Oliver, Chase and ter Maat, Michael","2"
"Clark","5589","President and Vice President of the United States","Skousen, Joel and Combs, Rik","2"
"Clark","5589","President and Vice President of the United States","Trump, Donald J. and Vance, JD","286"
"Clark","5590","President and Vice President of the United States","Harris, Kamala D. and Walz, Tim","0"
"Clark","5590","President and Vice President of the United States","None Of These Candidates","0"
"Clark","5590","President and Vice President of the United States","Oliver, Chase and ter Maat, Michael","0"
"Clark","5590","President and Vice President of the United States","Skousen, Joel and Combs, Rik","0"
"Clark","5590","President and Vice President of the United States","Trump, Donald J. and Vance, JD","0"
"Clark","5591","President and Vice President of the United States","Harris, Kamala D. and Walz, Tim","298"
"Clark","5591","President and Vice President of the United States","None Of These Candidates","6"
"Clark","5591","President and Vice President of the United States","Oliver, Chase and ter Maat, Michael","2"
"Clark","5591","President and Vice President of the United States","Skousen, Joel and Combs, Rik","0"
"Clark","5591","President and Vice President of the United States","Trump, Donald J. and Vance, JD","197"
"Clark","5593","President and Vice President of the United States","Harris, Kamala D. and Walz, Tim","890"
"Clark","5593","President and Vice President of the United States","None Of These Candidates","21"
"Clark","5593","President and Vice President of the United States","Oliver, Chase and ter Maat, Michael","3"
"Clark","5593","President and Vice President of the United States","Skousen, Joel and Combs, Rik","5"
"Clark","5593","President and Vice President of the United States","Trump, Donald J. and Vance, JD","647"
"Clark","5597","President and Vice President of the United States","Harris, Kamala D. and Walz, Tim","858"
"Clark","5597","President and Vice President of the United States","None Of These Candidates","17"
"Clark","5597","President and Vice President of the United States","Oliver, Chase and ter Maat, Michael","9"
"Clark","5597","President and Vice President of the United States","Skousen, Joel and Combs, Rik","2"
"Clark","5597","President and Vice President of the United States","Trump, Donald J. and Vance, JD","438"
"Clark","5603","President and Vice President of the United States","Harris, Kamala D. and Walz, Tim","406"
"Clark","5603","President and Vice President of the United States","None Of These Candidates","6"
"Clark","5603","President and Vice President of the United States","Oliver, Chase and ter Maat, Michael","0"
"Clark","5603","President and Vice President of the United States","Skousen, Joel and Combs, Rik","2"
"Clark","5603","President and Vice President of the United States","Trump, Donald J. and Vance, JD","353"
"Clark","5612","President and Vice President of the United States","Harris, Kamala D. and Walz, Tim","1151"
"Clark","5612","President and Vice President of the United States","None Of These Candidates","21"
"Clark","5612","President and Vice President of the United States","Oliver, Chase and ter Maat, Michael","8"
"Clark","5612","President and Vice President of the United States","Skousen, Joel and Combs, Rik","4"
"Clark","5612","President and Vice President of the United States","Trump, Donald J. and Vance, JD","734"
"Clark","5615","President and Vice President of the United States","Harris, Kamala D. and Walz, Tim","142"
"Clark","5615","President and Vice President of the United States","None Of These Candidates","0"
"Clark","5615","President and Vice President of the United States","Oliver, Chase and ter Maat, Michael","1"
"Clark","5615","President and Vice President of the United States","Skousen, Joel and Combs, Rik","0"
"Clark","5615","President and Vice President of the United States","Trump, Donald J. and Vance, JD","124"
"Clark","5620","President and Vice President of the United States","Harris, Kamala D. and Walz, Tim","1068"
"Clark","5620","President and Vice President of the United States","None Of These Candidates","15"
"Clark","5620","President and Vice President of the United States","Oliver, Chase and ter Maat, Michael","7"
"Clark","5620","President and Vice President of the United States","Skousen, Joel and Combs, Rik","5"
"Clark","5620","President and Vice President of the United States","Trump, Donald J. and Vance, JD","631"
"Clark","5622","President and Vice President of the United States","Harris, Kamala D. and Walz, Tim","840"
"Clark","5622","President and Vice President of the United States","None Of These Candidates","16"
"Clark","5622","President and Vice President of the United States","Oliver, Chase and ter Maat, Michael","5"
"Clark","5622","President and Vice President of the United States","Skousen, Joel and Combs, Rik","7"
"Clark","5622","President and Vice President of the United States","Trump, Donald J. and Vance, JD","566"
"Clark","5624","President and Vice President of the United States","Harris, Kamala D. and Walz, Tim","389"
"Clark","5624","President and Vice President of the United States","None Of These Candidates","4"
"Clark","5624","President and Vice President of the United States","Oliver, Chase and ter Maat, Michael","3"
"Clark","5624","President and Vice President of the United States","Skousen, Joel and Combs, Rik","2"
"Clark","5624","President and Vice President of the United States","Trump, Donald J. and Vance, JD","327"
"Clark","5625","President and Vice President of the United States","Harris, Kamala D. and Walz, Tim","1097"
"Clark","5625","President and Vice President of the United States","None Of These Candidates","26"
"Clark","5625","President and Vice President of the United States","Oliver, Chase and ter Maat, Michael","12"
"Clark","5625","President and Vice President of the United States","Skousen, Joel and Combs, Rik","1"
"Clark","5625","President and Vice President of the United States","Trump, Donald J. and Vance, JD","843"
"Clark","5633","President and Vice President of the United States","Harris, Kamala D. and Walz, Tim","378"
"Clark","5633","President and Vice President of the United States","None Of These Candidates","5"
"Clark","5633","President and Vice President of the United States","Oliver, Chase and ter Maat, Michael","2"
"Clark","5633","President and Vice President of the United States","Skousen, Joel and Combs, Rik","0"
"Clark","5633","President and Vice President of the United States","Trump, Donald J. and Vance, JD","256"
"Clark","5634","President and Vice President of the United States","Harris, Kamala D. and Walz, Tim","249"
"Clark","5634","President and Vice President of the United States","None Of These Candidates","9"
"Clark","5634","President and Vice President of the United States","Oliver, Chase and ter Maat, Michael","3"
"Clark","5634","President and Vice President of the United States","Skousen, Joel and Combs, Rik","0"
"Clark","5634","President and Vice President of the United States","Trump, Donald J. and Vance, JD","193"
"Clark","5635","President and Vice President of the United States","Harris, Kamala D. and Walz, Tim","684"
"Clark","5635","President and Vice President of the United States","None Of These Candidates","15"
"Clark","5635","President and Vice President of the United States","Oliver, Chase and ter Maat, Michael","0"
"Clark","5635","President and Vice President of the United States","Skousen, Joel and Combs, Rik","2"
"Clark","5635","President and Vice President of the United States","Trump, Donald J. and Vance, JD","470"
"Clark","5652","President and Vice President of the United States","Harris, Kamala D. and Walz, Tim","347"
"Clark","5652","President and Vice President of the United States","None Of These Candidates","15"
"Clark","5652","President and Vice President of the United States","Oliver, Chase and ter Maat, Michael","1"
"Clark","5652","President and Vice President of the United States","Skousen, Joel and Combs, Rik","5"
"Clark","5652","President and Vice President of the United States","Trump, Donald J. and Vance, JD","728"
"Clark","6000","President and Vice President of the United States","Harris, Kamala D. and Walz, Tim","24"
"Clark","6000","President and Vice President of the United States","None Of These Candidates","1"
"Clark","6000","President and Vice President of the United States","Oliver, Chase and ter Maat, Michael","0"
"Clark","6000","President and Vice President of the United States","Skousen, Joel and Combs, Rik","0"
"Clark","6000","President and Vice President of the United States","Trump, Donald J. and Vance, JD","33"
"Clark","6001","President and Vice President of the United States","Harris, Kamala D. and Walz, Tim","2289"
"Clark","6001","President and Vice President of the United States","None Of These Candidates","59"
"Clark","6001","President and Vice President of the United States","Oliver, Chase and ter Maat, Michael","14"
"Clark","6001","President and Vice President of the United States","Skousen, Joel and Combs, Rik","2"
"Clark","6001","President and Vice President of the United States","Trump, Donald J. and Vance, JD","2366"
"Clark","6003","President and Vice President of the United States","Harris, Kamala D. and Walz, Tim","455"
"Clark","6003","President and Vice President of the United States","None Of These Candidates","13"
"Clark","6003","President and Vice President of the United States","Oliver, Chase and ter Maat, Michael","3"
"Clark","6003","President and Vice President of the United States","Skousen, Joel and Combs, Rik","0"
"Clark","6003","President and Vice President of the United States","Trump, Donald J. and Vance, JD","551"
"Clark","6004","President and Vice President of the United States","Harris, Kamala D. and Walz, Tim","620"
"Clark","6004","President and Vice President of the United States","None Of These Candidates","17"
"Clark","6004","President and Vice President of the United States","Oliver, Chase and ter Maat, Michael","4"
"Clark","6004","President and Vice President of the United States","Skousen, Joel and Combs, Rik","0"
"Clark","6004","President and Vice President of the United States","Trump, Donald J. and Vance, JD","840"
"Clark","6007","President and Vice President of the United States","Harris, Kamala D. and Walz, Tim","739"
"Clark","6007","President and Vice President of the United States","None Of These Candidates","15"
"Clark","6007","President and Vice President of the United States","Oliver, Chase and ter Maat, Michael","5"
"Clark","6007","President and Vice President of the United States","Skousen, Joel and Combs, Rik","4"
"Clark","6007","President and Vice President of the United States","Trump, Donald J. and Vance, JD","816"
"Clark","6009","President and Vice President of the United States","Harris, Kamala D. and Walz, Tim","571"
"Clark","6009","President and Vice President of the United States","None Of These Candidates","10"
"Clark","6009","President and Vice President of the United States","Oliver, Chase and ter Maat, Michael","3"
"Clark","6009","President and Vice President of the United States","Skousen, Joel and Combs, Rik","3"
"Clark","6009","President and Vice President of the United States","Trump, Donald J. and Vance, JD","661"
"Clark","6011","President and Vice President of the United States","Harris, Kamala D. and Walz, Tim","377"
"Clark","6011","President and Vice President of the United States","None Of These Candidates","12"
"Clark","6011","President and Vice President of the United States","Oliver, Chase and ter Maat, Michael","4"
"Clark","6011","President and Vice President of the United States","Skousen, Joel and Combs, Rik","2"
"Clark","6011","President and Vice President of the United States","Trump, Donald J. and Vance, JD","357"
"Clark","6012","President and Vice President of the United States","Harris, Kamala D. and Walz, Tim","353"
"Clark","6012","President and Vice President of the United States","None Of These Candidates","8"
"Clark","6012","President and Vice President of the United States","Oliver, Chase and ter Maat, Michael","4"
"Clark","6012","President and Vice President of the United States","Skousen, Joel and Combs, Rik","0"
"Clark","6012","President and Vice President of the United States","Trump, Donald J. and Vance, JD","406"
"Clark","6013","President and Vice President of the United States","Harris, Kamala D. and Walz, Tim","12"
"Clark","6013","President and Vice President of the United States","None Of These Candidates","0"
"Clark","6013","President and Vice President of the United States","Oliver, Chase and ter Maat, Michael","0"
"Clark","6013","President and Vice President of the United States","Skousen, Joel and Combs, Rik","0"
"Clark","6013","President and Vice President of the United States","Trump, Donald J. and Vance, JD","10"
"Clark","6014","President and Vice President of the United States","Harris, Kamala D. and Walz, Tim","511"
"Clark","6014","President and Vice President of the United States","None Of These Candidates","10"
"Clark","6014","President and Vice President of the United States","Oliver, Chase and ter Maat, Michael","6"
"Clark","6014","President and Vice President of the United States","Skousen, Joel and Combs, Rik","2"
"Clark","6014","President and Vice President of the United States","Trump, Donald J. and Vance, JD","554"
"Clark","6015","President and Vice President of the United States","Harris, Kamala D. and Walz, Tim","623"
"Clark","6015","President and Vice President of the United States","None Of These Candidates","10"
"Clark","6015","President and Vice President of the United States","Oliver, Chase and ter Maat, Michael","3"
"Clark","6015","President and Vice President of the United States","Skousen, Joel and Combs, Rik","1"
"Clark","6015","President and Vice President of the United States","Trump, Donald J. and Vance, JD","515"
"Clark","6016","President and Vice President of the United States","Harris, Kamala D. and Walz, Tim","1037"
"Clark","6016","President and Vice President of the United States","None Of These Candidates","20"
"Clark","6016","President and Vice President of the United States","Oliver, Chase and ter Maat, Michael","4"
"Clark","6016","President and Vice President of the United States","Skousen, Joel and Combs, Rik","0"
"Clark","6016","President and Vice President of the United States","Trump, Donald J. and Vance, JD","784"
"Clark","6017","President and Vice President of the United States","Harris, Kamala D. and Walz, Tim","1163"
"Clark","6017","President and Vice President of the United States","None Of These Candidates","14"
"Clark","6017","President and Vice President of the United States","Oliver, Chase and ter Maat, Michael","2"
"Clark","6017","President and Vice President of the United States","Skousen, Joel and Combs, Rik","2"
"Clark","6017","President and Vice President of the United States","Trump, Donald J. and Vance, JD","1176"
"Clark","6018","President and Vice President of the United States","Harris, Kamala D. and Walz, Tim","374"
"Clark","6018","President and Vice President of the United States","None Of These Candidates","19"
"Clark","6018","President and Vice President of the United States","Oliver, Chase and ter Maat, Michael","4"
"Clark","6018","President and Vice President of the United States","Skousen, Joel and Combs, Rik","0"
"Clark","6018","President and Vice President of the United States","Trump, Donald J. and Vance, JD","572"
"Clark","6019","President and Vice President of the United States","Harris, Kamala D. and Walz, Tim","0"
"Clark","6019","President and Vice President of the United States","None Of These Candidates","0"
"Clark","6019","President and Vice President of the United States","Oliver, Chase and ter Maat, Michael","0"
"Clark","6019","President and Vice President of the United States","Skousen, Joel and Combs, Rik","0"
"Clark","6019","President and Vice President of the United States","Trump, Donald J. and Vance, JD","0"
"Clark","6020","President and Vice President of the United States","Harris, Kamala D. and Walz, Tim","0"
"Clark","6020","President and Vice President of the United States","None Of These Candidates","0"
"Clark","6020","President and Vice President of the United States","Oliver, Chase and ter Maat, Michael","0"
"Clark","6020","President and Vice President of the United States","Skousen, Joel and Combs, Rik","0"
"Clark","6020","President and Vice President of the United States","Trump, Donald J. and Vance, JD","0"
"Clark","6021","President and Vice President of the United States","Harris, Kamala D. and Walz, Tim","0"
"Clark","6021","President and Vice President of the United States","None Of These Candidates","0"
"Clark","6021","President and Vice President of the United States","Oliver, Chase and ter Maat, Michael","0"
"Clark","6021","President and Vice President of the United States","Skousen, Joel and Combs, Rik","0"
"Clark","6021","President and Vice President of the United States","Trump, Donald J. and Vance, JD","0"
"Clark","6022","President and Vice President of the United States","Harris, Kamala D. and Walz, Tim","*"
"Clark","6022","President and Vice President of the United States","None Of These Candidates","*"
"Clark","6022","President and Vice President of the United States","Oliver, Chase and ter Maat, Michael","*"
"Clark","6022","President and Vice President of the United States","Skousen, Joel and Combs, Rik","*"
"Clark","6022","President and Vice President of the United States","Trump, Donald J. and Vance, JD","*"
"Clark","6023","President and Vice President of the United States","Harris, Kamala D. and Walz, Tim","0"
"Clark","6023","President and Vice President of the United States","None Of These Candidates","0"
"Clark","6023","President and Vice President of the United States","Oliver, Chase and ter Maat, Michael","0"
"Clark","6023","President and Vice President of the United States","Skousen, Joel and Combs, Rik","0"
"Clark","6023","President and Vice President of the United States","Trump, Donald J. and Vance, JD","0"
"Clark","6024","President and Vice President of the United States","Harris, Kamala D. and Walz, Tim","0"
"Clark","6024","President and Vice President of the United States","None Of These Candidates","0"
"Clark","6024","President and Vice President of the United States","Oliver, Chase and ter Maat, Michael","0"
"Clark","6024","President and Vice President of the United States","Skousen, Joel and Combs, Rik","0"
"Clark","6024","President and Vice President of the United States","Trump, Donald J. and Vance, JD","0"
"Clark","6025","President and Vice President of the United States","Harris, Kamala D. and Walz, Tim","0"
"Clark","6025","President and Vice President of the United States","None Of These Candidates","0"
"Clark","6025","President and Vice President of the United States","Oliver, Chase and ter Maat, Michael","0"
"Clark","6025","President and Vice President of the United States","Skousen, Joel and Combs, Rik","0"
"Clark","6025","President and Vice President of the United States","Trump, Donald J. and Vance, JD","0"
"Clark","6026","President and Vice President of the United States","Harris, Kamala D. and Walz, Tim","0"
"Clark","6026","President and Vice President of the United States","None Of These Candidates","0"
"Clark","6026","President and Vice President of the United States","Oliver, Chase and ter Maat, Michael","0"
"Clark","6026","President and Vice President of the United States","Skousen, Joel and Combs, Rik","0"
"Clark","6026","President and Vice President of the United States","Trump, Donald J. and Vance, JD","0"
"Clark","6027","President and Vice President of the United States","Harris, Kamala D. and Walz, Tim","0"
"Clark","6027","President and Vice President of the United States","None Of These Candidates","0"
"Clark","6027","President and Vice President of the United States","Oliver, Chase and ter Maat, Michael","0"
"Clark","6027","President and Vice President of the United States","Skousen, Joel and Combs, Rik","0"
"Clark","6027","President and Vice President of the United States","Trump, Donald J. and Vance, JD","0"
"Clark","6028","President and Vice President of the United States","Harris, Kamala D. and Walz, Tim","0"
"Clark","6028","President and Vice President of the United States","None Of These Candidates","0"
"Clark","6028","President and Vice President of the United States","Oliver, Chase and ter Maat, Michael","0"
"Clark","6028","President and Vice President of the United States","Skousen, Joel and Combs, Rik","0"
"Clark","6028","President and Vice President of the United States","Trump, Donald J. and Vance, JD","0"
"Clark","6030","President and Vice President of the United States","Harris, Kamala D. and Walz, Tim","489"
"Clark","6030","President and Vice President of the United States","None Of These Candidates","21"
"Clark","6030","President and Vice President of the United States","Oliver, Chase and ter Maat, Michael","5"
"Clark","6030","President and Vice President of the United States","Skousen, Joel and Combs, Rik","1"
"Clark","6030","President and Vice President of the United States","Trump, Donald J. and Vance, JD","428"
"Clark","6031","President and Vice President of the United States","Harris, Kamala D. and Walz, Tim","497"
"Clark","6031","President and Vice President of the United States","None Of These Candidates","8"
"Clark","6031","President and Vice President of the United States","Oliver, Chase and ter Maat, Michael","0"
"Clark","6031","President and Vice President of the United States","Skousen, Joel and Combs, Rik","1"
"Clark","6031","President and Vice President of the United States","Trump, Donald J. and Vance, JD","350"
"Clark","6032","President and Vice President of the United States","Harris, Kamala D. and Walz, Tim","354"
"Clark","6032","President and Vice President of the United States","None Of These Candidates","7"
"Clark","6032","President and Vice President of the United States","Oliver, Chase and ter Maat, Michael","1"
"Clark","6032","President and Vice President of the United States","Skousen, Joel and Combs, Rik","0"
"Clark","6032","President and Vice President of the United States","Trump, Donald J. and Vance, JD","296"
"Clark","6033","President and Vice President of the United States","Harris, Kamala D. and Walz, Tim","785"
"Clark","6033","President and Vice President of the United States","None Of These Candidates","24"
"Clark","6033","President and Vice President of the United States","Oliver, Chase and ter Maat, Michael","3"
"Clark","6033","President and Vice President of the United States","Skousen, Joel and Combs, Rik","1"
"Clark","6033","President and Vice President of the United States","Trump, Donald J. and Vance, JD","604"
"Clark","6034","President and Vice President of the United States","Harris, Kamala D. and Walz, Tim","411"
"Clark","6034","President and Vice President of the United States","None Of These Candidates","8"
"Clark","6034","President and Vice President of the United States","Oliver, Chase and ter Maat, Michael","2"
"Clark","6034","President and Vice President of the United States","Skousen, Joel and Combs, Rik","2"
"Clark","6034","President and Vice President of the United States","Trump, Donald J. and Vance, JD","319"
"Clark","6036","President and Vice President of the United States","Harris, Kamala D. and Walz, Tim","986"
"Clark","6036","President and Vice President of the United States","None Of These Candidates","19"
"Clark","6036","President and Vice President of the United States","Oliver, Chase and ter Maat, Michael","3"
"Clark","6036","President and Vice President of the United States","Skousen, Joel and Combs, Rik","4"
"Clark","6036","President and Vice President of the United States","Trump, Donald J. and Vance, JD","1076"
"Clark","6037","President and Vice President of the United States","Harris, Kamala D. and Walz, Tim","881"
"Clark","6037","President and Vice President of the United States","None Of These Candidates","18"
"Clark","6037","President and Vice President of the United States","Oliver, Chase and ter Maat, Michael","10"
"Clark","6037","President and Vice President of the United States","Skousen, Joel and Combs, Rik","3"
"Clark","6037","President and Vice President of the United States","Trump, Donald J. and Vance, JD","868"
"Clark","6038","President and Vice President of the United States","Harris, Kamala D. and Walz, Tim","634"
"Clark","6038","President and Vice President of the United States","None Of These Candidates","11"
"Clark","6038","President and Vice President of the United States","Oliver, Chase and ter Maat, Michael","7"
"Clark","6038","President and Vice President of the United States","Skousen, Joel and Combs, Rik","2"
"Clark","6038","President and Vice President of the United States","Trump, Donald J. and Vance, JD","563"
"Clark","6039","President and Vice President of the United States","Harris, Kamala D. and Walz, Tim","*"
"Clark","6039","President and Vice President of the United States","None Of These Candidates","*"
"Clark","6039","President and Vice President of the United States","Oliver, Chase and ter Maat, Michael","*"
"Clark","6039","President and Vice President of the United States","Skousen, Joel and Combs, Rik","*"
"Clark","6039","President and Vice President of the United States","Trump, Donald J. and Vance, JD","*"
"Clark","6041","President and Vice President of the United States","Harris, Kamala D. and Walz, Tim","144"
"Clark","6041","President and Vice President of the United States","None Of These Candidates","2"
"Clark","6041","President and Vice President of the United States","Oliver, Chase and ter Maat, Michael","1"
"Clark","6041","President and Vice President of the United States","Skousen, Joel and Combs, Rik","1"
"Clark","6041","President and Vice President of the United States","Trump, Donald J. and Vance, JD","81"
"Clark","6042","President and Vice President of the United States","Harris, Kamala D. and Walz, Tim","1529"
"Clark","6042","President and Vice President of the United States","None Of These Candidates","33"
"Clark","6042","President and Vice President of the United States","Oliver, Chase and ter Maat, Michael","11"
"Clark","6042","President and Vice President of the United States","Skousen, Joel and Combs, Rik","5"
"Clark","6042","President and Vice President of the United States","Trump, Donald J. and Vance, JD","1556"
"Clark","6043","President and Vice President of the United States","Harris, Kamala D. and Walz, Tim","117"
"Clark","6043","President and Vice President of the United States","None Of These Candidates","4"
"Clark","6043","President and Vice President of the United States","Oliver, Chase and ter Maat, Michael","1"
"Clark","6043","President and Vice President of the United States","Skousen, Joel and Combs, Rik","0"
"Clark","6043","President and Vice President of the United States","Trump, Donald J. and Vance, JD","86"
"Clark","6044","President and Vice President of the United States","Harris, Kamala D. and Walz, Tim","893"
"Clark","6044","President and Vice President of the United States","None Of These Candidates","18"
"Clark","6044","President and Vice President of the United States","Oliver, Chase and ter Maat, Michael","4"
"Clark","6044","President and Vice President of the United States","Skousen, Joel and Combs, Rik","3"
"Clark","6044","President and Vice President of the United States","Trump, Donald J. and Vance, JD","732"
"Clark","6045","President and Vice President of the United States","Harris, Kamala D. and Walz, Tim","1133"
"Clark","6045","President and Vice President of the United States","None Of These Candidates","26"
"Clark","6045","President and Vice President of the United States","Oliver, Chase and ter Maat, Michael","7"
"Clark","6045","President and Vice President of the United States","Skousen, Joel and Combs, Rik","4"
"Clark","6045","President and Vice President of the United States","Trump, Donald J. and Vance, JD","1060"
"Clark","6046","President and Vice President of the United States","Harris, Kamala D. and Walz, Tim","334"
"Clark","6046","President and Vice President of the United States","None Of These Candidates","11"
"Clark","6046","President and Vice President of the United States","Oliver, Chase and ter Maat, Michael","0"
"Clark","6046","President and Vice President of the United States","Skousen, Joel and Combs, Rik","1"
"Clark","6046","President and Vice President of the United States","Trump, Donald J. and Vance, JD","397"
"Clark","6047","President and Vice President of the United States","Harris, Kamala D. and Walz, Tim","*"
"Clark","6047","President and Vice President of the United States","None Of These Candidates","*"
"Clark","6047","President and Vice President of the United States","Oliver, Chase and ter Maat, Michael","*"
"Clark","6047","President and Vice President of the United States","Skousen, Joel and Combs, Rik","*"
"Clark","6047","President and Vice President of the United States","Trump, Donald J. and Vance, JD","*"
"Clark","6057","President and Vice President of the United States","Harris, Kamala D. and Walz, Tim","712"
"Clark","6057","President and Vice President of the United States","None Of These Candidates","9"
"Clark","6057","President and Vice President of the United States","Oliver, Chase and ter Maat, Michael","4"
"Clark","6057","President and Vice President of the United States","Skousen, Joel and Combs, Rik","2"
"Clark","6057","President and Vice President of the United States","Trump, Donald J. and Vance, JD","610"
"Clark","6062","President and Vice President of the United States","Harris, Kamala D. and Walz, Tim","735"
"Clark","6062","President and Vice President of the United States","None Of These Candidates","15"
"Clark","6062","President and Vice President of the United States","Oliver, Chase and ter Maat, Michael","7"
"Clark","6062","President and Vice President of the United States","Skousen, Joel and Combs, Rik","4"
"Clark","6062","President and Vice President of the United States","Trump, Donald J. and Vance, JD","716"
"Clark","6066","President and Vice President of the United States","Harris, Kamala D. and Walz, Tim","1053"
"Clark","6066","President and Vice President of the United States","None Of These Candidates","29"
"Clark","6066","President and Vice President of the United States","Oliver, Chase and ter Maat, Michael","10"
"Clark","6066","President and Vice President of the United States","Skousen, Joel and Combs, Rik","1"
"Clark","6066","President and Vice President of the United States","Trump, Donald J. and Vance, JD","866"
"Clark","6154","President and Vice President of the United States","Harris, Kamala D. and Walz, Tim","1101"
"Clark","6154","President and Vice President of the United States","None Of These Candidates","44"
"Clark","6154","President and Vice President of the United States","Oliver, Chase and ter Maat, Michael","5"
"Clark","6154","President and Vice President of the United States","Skousen, Joel and Combs, Rik","2"
"Clark","6154","President and Vice President of the United States","Trump, Donald J. and Vance, JD","1411"
"Clark","6155","President and Vice President of the United States","Harris, Kamala D. and Walz, Tim","0"
"Clark","6155","President and Vice President of the United States","None Of These Candidates","0"
"Clark","6155","President and Vice President of the United States","Oliver, Chase and ter Maat, Michael","0"
"Clark","6155","President and Vice President of the United States","Skousen, Joel and Combs, Rik","0"
"Clark","6155","President and Vice President of the United States","Trump, Donald J. and Vance, JD","0"
"Clark","6156","President and Vice President of the United States","Harris, Kamala D. and Walz, Tim","0"
"Clark","6156","President and Vice President of the United States","None Of These Candidates","0"
"Clark","6156","President and Vice President of the United States","Oliver, Chase and ter Maat, Michael","0"
"Clark","6156","President and Vice President of the United States","Skousen, Joel and Combs, Rik","0"
"Clark","6156","President and Vice President of the United States","Trump, Donald J. and Vance, JD","0"
"Clark","6157","President and Vice President of the United States","Harris, Kamala D. and Walz, Tim","0"
"Clark","6157","President and Vice President of the United States","None Of These Candidates","0"
"Clark","6157","President and Vice President of the United States","Oliver, Chase and ter Maat, Michael","0"
"Clark","6157","President and Vice President of the United States","Skousen, Joel and Combs, Rik","0"
"Clark","6157","President and Vice President of the United States","Trump, Donald J. and Vance, JD","0"
"Clark","6159","President and Vice President of the United States","Harris, Kamala D. and Walz, Tim","0"
"Clark","6159","President and Vice President of the United States","None Of These Candidates","0"
"Clark","6159","President and Vice President of the United States","Oliver, Chase and ter Maat, Michael","0"
"Clark","6159","President and Vice President of the United States","Skousen, Joel and Combs, Rik","0"
"Clark","6159","President and Vice President of the United States","Trump, Donald J. and Vance, JD","0"
"Clark","6161","President and Vice President of the United States","Harris, Kamala D. and Walz, Tim","*"
"Clark","6161","President and Vice President of the United States","None Of These Candidates","*"
"Clark","6161","President and Vice President of the United States","Oliver, Chase and ter Maat, Michael","*"
"Clark","6161","President and Vice President of the United States","Skousen, Joel and Combs, Rik","*"
"Clark","6161","President and Vice President of the United States","Trump, Donald J. and Vance, JD","*"
"Clark","6309","President and Vice President of the United States","Harris, Kamala D. and Walz, Tim","*"
"Clark","6309","President and Vice President of the United States","None Of These Candidates","*"
"Clark","6309","President and Vice President of the United States","Oliver, Chase and ter Maat, Michael","*"
"Clark","6309","President and Vice President of the United States","Skousen, Joel and Combs, Rik","*"
"Clark","6309","President and Vice President of the United States","Trump, Donald J. and Vance, JD","*"
"Clark","6365","President and Vice President of the United States","Harris, Kamala D. and Walz, Tim","*"
"Clark","6365","President and Vice President of the United States","None Of These Candidates","*"
"Clark","6365","President and Vice President of the United States","Oliver, Chase and ter Maat, Michael","*"
"Clark","6365","President and Vice President of the United States","Skousen, Joel and Combs, Rik","*"
"Clark","6365","President and Vice President of the United States","Trump, Donald J. and Vance, JD","*"
"Clark","6374","President and Vice President of the United States","Harris, Kamala D. and Walz, Tim","*"
"Clark","6374","President and Vice President of the United States","None Of These Candidates","*"
"Clark","6374","President and Vice President of the United States","Oliver, Chase and ter Maat, Michael","*"
"Clark","6374","President and Vice President of the United States","Skousen, Joel and Combs, Rik","*"
"Clark","6374","President and Vice President of the United States","Trump, Donald J. and Vance, JD","*"
"Clark","6375","President and Vice President of the United States","Harris, Kamala D. and Walz, Tim","0"
"Clark","6375","President and Vice President of the United States","None Of These Candidates","0"
"Clark","6375","President and Vice President of the United States","Oliver, Chase and ter Maat, Michael","0"
"Clark","6375","President and Vice President of the United States","Skousen, Joel and Combs, Rik","0"
"Clark","6375","President and Vice President of the United States","Trump, Donald J. and Vance, JD","0"
"Clark","6376","President and Vice President of the United States","Harris, Kamala D. and Walz, Tim","*"
"Clark","6376","President and Vice President of the United States","None Of These Candidates","*"
"Clark","6376","President and Vice President of the United States","Oliver, Chase and ter Maat, Michael","*"
"Clark","6376","President and Vice President of the United States","Skousen, Joel and Combs, Rik","*"
"Clark","6376","President and Vice President of the United States","Trump, Donald J. and Vance, JD","*"
"Clark","6377","President and Vice President of the United States","Harris, Kamala D. and Walz, Tim","0"
"Clark","6377","President and Vice President of the United States","None Of These Candidates","0"
"Clark","6377","President and Vice President of the United States","Oliver, Chase and ter Maat, Michael","0"
"Clark","6377","President and Vice President of the United States","Skousen, Joel and Combs, Rik","0"
"Clark","6377","President and Vice President of the United States","Trump, Donald J. and Vance, JD","0"
"Clark","6378","President and Vice President of the United States","Harris, Kamala D. and Walz, Tim","*"
"Clark","6378","President and Vice President of the United States","None Of These Candidates","*"
"Clark","6378","President and Vice President of the United States","Oliver, Chase and ter Maat, Michael","*"
"Clark","6378","President and Vice President of the United States","Skousen, Joel and Combs, Rik","*"
"Clark","6378","President and Vice President of the United States","Trump, Donald J. and Vance, JD","*"
"Clark","6379","President and Vice President of the United States","Harris, Kamala D. and Walz, Tim","0"
"Clark","6379","President and Vice President of the United States","None Of These Candidates","0"
"Clark","6379","President and Vice President of the United States","Oliver, Chase and ter Maat, Michael","0"
"Clark","6379","President and Vice President of the United States","Skousen, Joel and Combs, Rik","0"
"Clark","6379","President and Vice President of the United States","Trump, Donald J. and Vance, JD","0"
"Clark","6380","President and Vice President of the United States","Harris, Kamala D. and Walz, Tim","0"
"Clark","6380","President and Vice President of the United States","None Of These Candidates","0"
"Clark","6380","President and Vice President of the United States","Oliver, Chase and ter Maat, Michael","0"
"Clark","6380","President and Vice President of the United States","Skousen, Joel and Combs, Rik","0"
"Clark","6380","President and Vice President of the United States","Trump, Donald J. and Vance, JD","0"
"Clark","6381","President and Vice President of the United States","Harris, Kamala D. and Walz, Tim","*"
"Clark","6381","President and Vice President of the United States","None Of These Candidates","*"
"Clark","6381","President and Vice President of the United States","Oliver, Chase and ter Maat, Michael","*"
"Clark","6381","President and Vice President of the United States","Skousen, Joel and Combs, Rik","*"
"Clark","6381","President and Vice President of the United States","Trump, Donald J. and Vance, JD","*"
"Clark","6382","President and Vice President of the United States","Harris, Kamala D. and Walz, Tim","0"
"Clark","6382","President and Vice President of the United States","None Of These Candidates","0"
"Clark","6382","President and Vice President of the United States","Oliver, Chase and ter Maat, Michael","0"
"Clark","6382","President and Vice President of the United States","Skousen, Joel and Combs, Rik","0"
"Clark","6382","President and Vice President of the United States","Trump, Donald J. and Vance, JD","0"
"Clark","6385","President and Vice President of the United States","Harris, Kamala D. and Walz, Tim","0"
"Clark","6385","President and Vice President of the United States","None Of These Candidates","0"
"Clark","6385","President and Vice President of the United States","Oliver, Chase and ter Maat, Michael","0"
"Clark","6385","President and Vice President of the United States","Skousen, Joel and Combs, Rik","0"
"Clark","6385","President and Vice President of the United States","Trump, Donald J. and Vance, JD","0"
"Clark","6431","President and Vice President of the United States","Harris, Kamala D. and Walz, Tim","476"
"Clark","6431","President and Vice President of the United States","None Of These Candidates","8"
"Clark","6431","President and Vice President of the United States","Oliver, Chase and ter Maat, Michael","3"
"Clark","6431","President and Vice President of the United States","Skousen, Joel and Combs, Rik","2"
"Clark","6431","President and Vice President of the United States","Trump, Donald J. and Vance, JD","374"
"Clark","6467","President and Vice President of the United States","Harris, Kamala D. and Walz, Tim","1491"
"Clark","6467","President and Vice President of the United States","None Of These Candidates","35"
"Clark","6467","President and Vice President of the United States","Oliver, Chase and ter Maat, Michael","17"
"Clark","6467","President and Vice President of the United States","Skousen, Joel and Combs, Rik","3"
"Clark","6467","President and Vice President of the United States","Trump, Donald J. and Vance, JD","1618"
"Clark","6468","President and Vice President of the United States","Harris, Kamala D. and Walz, Tim","995"
"Clark","6468","President and Vice President of the United States","None Of These Candidates","26"
"Clark","6468","President and Vice President of the United States","Oliver, Chase and ter Maat, Michael","9"
"Clark","6468","President and Vice President of the United States","Skousen, Joel and Combs, Rik","1"
"Clark","6468","President and Vice President of the United States","Trump, Donald J. and Vance, JD","993"
"Clark","6469","President and Vice President of the United States","Harris, Kamala D. and Walz, Tim","1380"
"Clark","6469","President and Vice President of the United States","None Of These Candidates","31"
"Clark","6469","President and Vice President of the United States","Oliver, Chase and ter Maat, Michael","6"
"Clark","6469","President and Vice President of the United States","Skousen, Joel and Combs, Rik","4"
"Clark","6469","President and Vice President of the United States","Trump, Donald J. and Vance, JD","1330"
"Clark","6471","President and Vice President of the United States","Harris, Kamala D. and Walz, Tim","628"
"Clark","6471","President and Vice President of the United States","None Of These Candidates","11"
"Clark","6471","President and Vice President of the United States","Oliver, Chase and ter Maat, Michael","3"
"Clark","6471","President and Vice President of the United States","Skousen, Joel and Combs, Rik","7"
"Clark","6471","President and Vice President of the United States","Trump, Donald J. and Vance, JD","506"
"Clark","6487","President and Vice President of the United States","Harris, Kamala D. and Walz, Tim","261"
"Clark","6487","President and Vice President of the United States","None Of These Candidates","6"
"Clark","6487","President and Vice President of the United States","Oliver, Chase and ter Maat, Michael","4"
"Clark","6487","President and Vice President of the United States","Skousen, Joel and Combs, Rik","1"
"Clark","6487","President and Vice President of the United States","Trump, Donald J. and Vance, JD","546"
"Clark","6488","President and Vice President of the United States","Harris, Kamala D. and Walz, Tim","69"
"Clark","6488","President and Vice President of the United States","None Of These Candidates","2"
"Clark","6488","President and Vice President of the United States","Oliver, Chase and ter Maat, Michael","2"
"Clark","6488","President and Vice President of the United States","Skousen, Joel and Combs, Rik","1"
"Clark","6488","President and Vice President of the United States","Trump, Donald J. and Vance, JD","90"
"Clark","6490","President and Vice President of the United States","Harris, Kamala D. and Walz, Tim","1229"
"Clark","6490","President and Vice President of the United States","None Of These Candidates","18"
"Clark","6490","President and Vice President of the United States","Oliver, Chase and ter Maat, Michael","11"
"Clark","6490","President and Vice President of the United States","Skousen, Joel and Combs, Rik","5"
"Clark","6490","President and Vice President of the United States","Trump, Donald J. and Vance, JD","1416"
"Clark","6492","President and Vice President of the United States","Harris, Kamala D. and Walz, Tim","1890"
"Clark","6492","President and Vice President of the United States","None Of These Candidates","37"
"Clark","6492","President and Vice President of the United States","Oliver, Chase and ter Maat, Michael","6"
"Clark","6492","President and Vice President of the United States","Skousen, Joel and Combs, Rik","2"
"Clark","6492","President and Vice President of the United States","Trump, Donald J. and Vance, JD","1905"
"Clark","6493","President and Vice President of the United States","Harris, Kamala D. and Walz, Tim","1023"
"Clark","6493","President and Vice President of the United States","None Of These Candidates","31"
"Clark","6493","President and Vice President of the United States","Oliver, Chase and ter Maat, Michael","7"
"Clark","6493","President and Vice President of the United States","Skousen, Joel and Combs, Rik","3"
"Clark","6493","President and Vice President of the United States","Trump, Donald J. and Vance, JD","1211"
"Clark","6496","President and Vice President of the United States","Harris, Kamala D. and Walz, Tim","0"
"Clark","6496","President and Vice President of the United States","None Of These Candidates","0"
"Clark","6496","President and Vice President of the United States","Oliver, Chase and ter Maat, Michael","0"
"Clark","6496","President and Vice President of the United States","Skousen, Joel and Combs, Rik","0"
"Clark","6496","President and Vice President of the United States","Trump, Donald J. and Vance, JD","0"
"Clark","6497","President and Vice President of the United States","Harris, Kamala D. and Walz, Tim","830"
"Clark","6497","President and Vice President of the United States","None Of These Candidates","20"
"Clark","6497","President and Vice President of the United States","Oliver, Chase and ter Maat, Michael","8"
"Clark","6497","President and Vice President of the United States","Skousen, Joel and Combs, Rik","1"
"Clark","6497","President and Vice President of the United States","Trump, Donald J. and Vance, JD","940"
"Clark","6498","President and Vice President of the United States","Harris, Kamala D. and Walz, Tim","51"
"Clark","6498","President and Vice President of the United States","None Of These Candidates","1"
"Clark","6498","President and Vice President of the United States","Oliver, Chase and ter Maat, Michael","0"
"Clark","6498","President and Vice President of the United States","Skousen, Joel and Combs, Rik","0"
"Clark","6498","President and Vice President of the United States","Trump, Donald J. and Vance, JD","129"
"Clark","6499","President and Vice President of the United States","Harris, Kamala D. and Walz, Tim","968"
"Clark","6499","President and Vice President of the United States","None Of These Candidates","19"
"Clark","6499","President and Vice President of the United States","Oliver, Chase and ter Maat, Michael","4"
"Clark","6499","President and Vice President of the United States","Skousen, Joel and Combs, Rik","4"
"Clark","6499","President and Vice President of the United States","Trump, Donald J. and Vance, JD","891"
"Clark","6500","President and Vice President of the United States","Harris, Kamala D. and Walz, Tim","11"
"Clark","6500","President and Vice President of the United States","None Of These Candidates","0"
"Clark","6500","President and Vice President of the United States","Oliver, Chase and ter Maat, Michael","0"
"Clark","6500","President and Vice President of the United States","Skousen, Joel and Combs, Rik","0"
"Clark","6500","President and Vice President of the United States","Trump, Donald J. and Vance, JD","20"
"Clark","6509","President and Vice President of the United States","Harris, Kamala D. and Walz, Tim","560"
"Clark","6509","President and Vice President of the United States","None Of These Candidates","15"
"Clark","6509","President and Vice President of the United States","Oliver, Chase and ter Maat, Michael","4"
"Clark","6509","President and Vice President of the United States","Skousen, Joel and Combs, Rik","4"
"Clark","6509","President and Vice President of the United States","Trump, Donald J. and Vance, JD","763"
"Clark","6512","President and Vice President of the United States","Harris, Kamala D. and Walz, Tim","632"
"Clark","6512","President and Vice President of the United States","None Of These Candidates","23"
"Clark","6512","President and Vice President of the United States","Oliver, Chase and ter Maat, Michael","5"
"Clark","6512","President and Vice President of the United States","Skousen, Joel and Combs, Rik","2"
"Clark","6512","President and Vice President of the United States","Trump, Donald J. and Vance, JD","1188"
"Clark","6514","President and Vice President of the United States","Harris, Kamala D. and Walz, Tim","1009"
"Clark","6514","President and Vice President of the United States","None Of These Candidates","22"
"Clark","6514","President and Vice President of the United States","Oliver, Chase and ter Maat, Michael","1"
"Clark","6514","President and Vice President of the United States","Skousen, Joel and Combs, Rik","0"
"Clark","6514","President and Vice President of the United States","Trump, Donald J. and Vance, JD","1117"
"Clark","6517","President and Vice President of the United States","Harris, Kamala D. and Walz, Tim","977"
"Clark","6517","President and Vice President of the United States","None Of These Candidates","27"
"Clark","6517","President and Vice President of the United States","Oliver, Chase and ter Maat, Michael","5"
"Clark","6517","President and Vice President of the United States","Skousen, Joel and Combs, Rik","6"
"Clark","6517","President and Vice President of the United States","Trump, Donald J. and Vance, JD","1113"
"Clark","6520","President and Vice President of the United States","Harris, Kamala D. and Walz, Tim","1194"
"Clark","6520","President and Vice President of the United States","None Of These Candidates","36"
"Clark","6520","President and Vice President of the United States","Oliver, Chase and ter Maat, Michael","4"
"Clark","6520","President and Vice President of the United States","Skousen, Joel and Combs, Rik","3"
"Clark","6520","President and Vice President of the United States","Trump, Donald J. and Vance, JD","1263"
"Clark","6522","President and Vice President of the United States","Harris, Kamala D. and Walz, Tim","624"
"Clark","6522","President and Vice President of the United States","None Of These Candidates","20"
"Clark","6522","President and Vice President of the United States","Oliver, Chase and ter Maat, Michael","4"
"Clark","6522","President and Vice President of the United States","Skousen, Joel and Combs, Rik","2"
"Clark","6522","President and Vice President of the United States","Trump, Donald J. and Vance, JD","795"
"Clark","6526","President and Vice President of the United States","Harris, Kamala D. and Walz, Tim","749"
"Clark","6526","President and Vice President of the United States","None Of These Candidates","19"
"Clark","6526","President and Vice President of the United States","Oliver, Chase and ter Maat, Michael","3"
"Clark","6526","President and Vice President of the United States","Skousen, Joel and Combs, Rik","1"
"Clark","6526","President and Vice President of the United States","Trump, Donald J. and Vance, JD","939"
"Clark","6527","President and Vice President of the United States","Harris, Kamala D. and Walz, Tim","1264"
"Clark","6527","President and Vice President of the United States","None Of These Candidates","34"
"Clark","6527","President and Vice President of the United States","Oliver, Chase and ter Maat, Michael","13"
"Clark","6527","President and Vice President of the United States","Skousen, Joel and Combs, Rik","4"
"Clark","6527","President and Vice President of the United States","Trump, Donald J. and Vance, JD","1486"
"Clark","6528","President and Vice President of the United States","Harris, Kamala D. and Walz, Tim","864"
"Clark","6528","President and Vice President of the United States","None Of These Candidates","24"
"Clark","6528","President and Vice President of the United States","Oliver, Chase and ter Maat, Michael","4"
"Clark","6528","President and Vice President of the United States","Skousen, Joel and Combs, Rik","2"
"Clark","6528","President and Vice President of the United States","Trump, Donald J. and Vance, JD","1087"
"Clark","6530","President and Vice President of the United States","Harris, Kamala D. and Walz, Tim","1229"
"Clark","6530","President and Vice President of the United States","None Of These Candidates","27"
"Clark","6530","President and Vice President of the United States","Oliver, Chase and ter Maat, Michael","9"
"Clark","6530","President and Vice President of the United States","Skousen, Joel and Combs, Rik","4"
"Clark","6530","President and Vice President of the United States","Trump, Donald J. and Vance, JD","1226"
"Clark","6533","President and Vice President of the United States","Harris, Kamala D. and Walz, Tim","573"
"Clark","6533","President and Vice President of the United States","None Of These Candidates","16"
"Clark","6533","President and Vice President of the United States","Oliver, Chase and ter Maat, Michael","6"
"Clark","6533","President and Vice President of the United States","Skousen, Joel and Combs, Rik","1"
"Clark","6533","President and Vice President of the United States","Trump, Donald J. and Vance, JD","467"
"Clark","6534","President and Vice President of the United States","Harris, Kamala D. and Walz, Tim","0"
"Clark","6534","President and Vice President of the United States","None Of These Candidates","0"
"Clark","6534","President and Vice President of the United States","Oliver, Chase and ter Maat, Michael","0"
"Clark","6534","President and Vice President of the United States","Skousen, Joel and Combs, Rik","0"
"Clark","6534","President and Vice President of the United States","Trump, Donald J. and Vance, JD","0"
"Clark","6538","President and Vice President of the United States","Harris, Kamala D. and Walz, Tim","1102"
"Clark","6538","President and Vice President of the United States","None Of These Candidates","26"
"Clark","6538","President and Vice President of the United States","Oliver, Chase and ter Maat, Michael","13"
"Clark","6538","President and Vice President of the United States","Skousen, Joel and Combs, Rik","1"
"Clark","6538","President and Vice President of the United States","Trump, Donald J. and Vance, JD","976"
"Clark","6539","President and Vice President of the United States","Harris, Kamala D. and Walz, Tim","672"
"Clark","6539","President and Vice President of the United States","None Of These Candidates","17"
"Clark","6539","President and Vice President of the United States","Oliver, Chase and ter Maat, Michael","10"
"Clark","6539","President and Vice President of the United States","Skousen, Joel and Combs, Rik","3"
"Clark","6539","President and Vice President of the United States","Trump, Donald J. and Vance, JD","639"
"Clark","6540","President and Vice President of the United States","Harris, Kamala D. and Walz, Tim","1024"
"Clark","6540","President and Vice President of the United States","None Of These Candidates","18"
"Clark","6540","President and Vice President of the United States","Oliver, Chase and ter Maat, Michael","7"
"Clark","6540","President and Vice President of the United States","Skousen, Joel and Combs, Rik","2"
"Clark","6540","President and Vice President of the United States","Trump, Donald J. and Vance, JD","961"
"Clark","6543","President and Vice President of the United States","Harris, Kamala D. and Walz, Tim","0"
"Clark","6543","President and Vice President of the United States","None Of These Candidates","0"
"Clark","6543","President and Vice President of the United States","Oliver, Chase and ter Maat, Michael","0"
"Clark","6543","President and Vice President of the United States","Skousen, Joel and Combs, Rik","0"
"Clark","6543","President and Vice President of the United States","Trump, Donald J. and Vance, JD","0"
"Clark","6545","President and Vice President of the United States","Harris, Kamala D. and Walz, Tim","759"
"Clark","6545","President and Vice President of the United States","None Of These Candidates","21"
"Clark","6545","President and Vice President of the United States","Oliver, Chase and ter Maat, Michael","3"
"Clark","6545","President and Vice President of the United States","Skousen, Joel and Combs, Rik","1"
"Clark","6545","President and Vice President of the United States","Trump, Donald J. and Vance, JD","625"
"Clark","6547","President and Vice President of the United States","Harris, Kamala D. and Walz, Tim","893"
"Clark","6547","President and Vice President of the United States","None Of These Candidates","24"
"Clark","6547","President and Vice President of the United States","Oliver, Chase and ter Maat, Michael","7"
"Clark","6547","President and Vice President of the United States","Skousen, Joel and Combs, Rik","6"
"Clark","6547","President and Vice President of the United States","Trump, Donald J. and Vance, JD","826"
"Clark","6552","President and Vice President of the United States","Harris, Kamala D. and Walz, Tim","347"
"Clark","6552","President and Vice President of the United States","None Of These Candidates","7"
"Clark","6552","President and Vice President of the United States","Oliver, Chase and ter Maat, Michael","6"
"Clark","6552","President and Vice President of the United States","Skousen, Joel and Combs, Rik","2"
"Clark","6552","President and Vice President of the United States","Trump, Donald J. and Vance, JD","449"
"Clark","6600","President and Vice President of the United States","Harris, Kamala D. and Walz, Tim","708"
"Clark","6600","President and Vice President of the United States","None Of These Candidates","24"
"Clark","6600","President and Vice President of the United States","Oliver, Chase and ter Maat, Michael","3"
"Clark","6600","President and Vice President of the United States","Skousen, Joel and Combs, Rik","0"
"Clark","6600","President and Vice President of the United States","Trump, Donald J. and Vance, JD","909"
"Clark","6609","President and Vice President of the United States","Harris, Kamala D. and Walz, Tim","1235"
"Clark","6609","President and Vice President of the United States","None Of These Candidates","30"
"Clark","6609","President and Vice President of the United States","Oliver, Chase and ter Maat, Michael","9"
"Clark","6609","President and Vice President of the United States","Skousen, Joel and Combs, Rik","2"
"Clark","6609","President and Vice President of the United States","Trump, Donald J. and Vance, JD","1199"
"Clark","6610","President and Vice President of the United States","Harris, Kamala D. and Walz, Tim","1014"
"Clark","6610","President and Vice President of the United States","None Of These Candidates","34"
"Clark","6610","President and Vice President of the United States","Oliver, Chase and ter Maat, Michael","5"
"Clark","6610","President and Vice President of the United States","Skousen, Joel and Combs, Rik","2"
"Clark","6610","President and Vice President of the United States","Trump, Donald J. and Vance, JD","1477"
"Clark","6625","President and Vice President of the United States","Harris, Kamala D. and Walz, Tim","652"
"Clark","6625","President and Vice President of the United States","None Of These Candidates","19"
"Clark","6625","President and Vice President of the United States","Oliver, Chase and ter Maat, Michael","4"
"Clark","6625","President and Vice President of the United States","Skousen, Joel and Combs, Rik","2"
"Clark","6625","President and Vice President of the United States","Trump, Donald J. and Vance, JD","819"
"Clark","6632","President and Vice President of the United States","Harris, Kamala D. and Walz, Tim","459"
"Clark","6632","President and Vice President of the United States","None Of These Candidates","15"
"Clark","6632","President and Vice President of the United States","Oliver, Chase and ter Maat, Michael","2"
"Clark","6632","President and Vice President of the United States","Skousen, Joel and Combs, Rik","1"
"Clark","6632","President and Vice President of the United States","Trump, Donald J. and Vance, JD","466"
"Clark","6648","President and Vice President of the United States","Harris, Kamala D. and Walz, Tim","1424"
"Clark","6648","President and Vice President of the United States","None Of These Candidates","35"
"Clark","6648","President and Vice President of the United States","Oliver, Chase and ter Maat, Michael","14"
"Clark","6648","President and Vice President of the United States","Skousen, Joel and Combs, Rik","4"
"Clark","6648","President and Vice President of the United States","Trump, Donald J. and Vance, JD","1235"
"Clark","6652","President and Vice President of the United States","Harris, Kamala D. and Walz, Tim","929"
"Clark","6652","President and Vice President of the United States","None Of These Candidates","28"
"Clark","6652","President and Vice President of the United States","Oliver, Chase and ter Maat, Michael","3"
"Clark","6652","President and Vice President of the United States","Skousen, Joel and Combs, Rik","1"
"Clark","6652","President and Vice President of the United States","Trump, Donald J. and Vance, JD","960"
"Clark","6656","President and Vice President of the United States","Harris, Kamala D. and Walz, Tim","526"
"Clark","6656","President and Vice President of the United States","None Of These Candidates","10"
"Clark","6656","President and Vice President of the United States","Oliver, Chase and ter Maat, Michael","1"
"Clark","6656","President and Vice President of the United States","Skousen, Joel and Combs, Rik","3"
"Clark","6656","President and Vice President of the United States","Trump, Donald J. and Vance, JD","582"
"Clark","6657","President and Vice President of the United States","Harris, Kamala D. and Walz, Tim","626"
"Clark","6657","President and Vice President of the United States","None Of These Candidates","14"
"Clark","6657","President and Vice President of the United States","Oliver, Chase and ter Maat, Michael","4"
"Clark","6657","President and Vice President of the United States","Skousen, Joel and Combs, Rik","5"
"Clark","6657","President and Vice President of the United States","Trump, Donald J. and Vance, JD","701"
"Clark","6658","President and Vice President of the United States","Harris, Kamala D. and Walz, Tim","1012"
"Clark","6658","President and Vice President of the United States","None Of These Candidates","27"
"Clark","6658","President and Vice President of the United States","Oliver, Chase and ter Maat, Michael","3"
"Clark","6658","President and Vice President of the United States","Skousen, Joel and Combs, Rik","7"
"Clark","6658","President and Vice President of the United States","Trump, Donald J. and Vance, JD","1216"
"Clark","6666","President and Vice President of the United States","Harris, Kamala D. and Walz, Tim","1177"
"Clark","6666","President and Vice President of the United States","None Of These Candidates","34"
"Clark","6666","President and Vice President of the United States","Oliver, Chase and ter Maat, Michael","11"
"Clark","6666","President and Vice President of the United States","Skousen, Joel and Combs, Rik","1"
"Clark","6666","President and Vice President of the United States","Trump, Donald J. and Vance, JD","1409"
"Clark","6673","President and Vice President of the United States","Harris, Kamala D. and Walz, Tim","23"
"Clark","6673","President and Vice President of the United States","None Of These Candidates","0"
"Clark","6673","President and Vice President of the United States","Oliver, Chase and ter Maat, Michael","0"
"Clark","6673","President and Vice President of the United States","Skousen, Joel and Combs, Rik","1"
"Clark","6673","President and Vice President of the United States","Trump, Donald J. and Vance, JD","41"
"Clark","6675","President and Vice President of the United States","Harris, Kamala D. and Walz, Tim","563"
"Clark","6675","President and Vice President of the United States","None Of These Candidates","26"
"Clark","6675","President and Vice President of the United States","Oliver, Chase and ter Maat, Michael","4"
"Clark","6675","President and Vice President of the United States","Skousen, Joel and Combs, Rik","3"
"Clark","6675","President and Vice President of the United States","Trump, Donald J. and Vance, JD","739"
"Clark","6681","President and Vice President of the United States","Harris, Kamala D. and Walz, Tim","327"
"Clark","6681","President and Vice President of the United States","None Of These Candidates","11"
"Clark","6681","President and Vice President of the United States","Oliver, Chase and ter Maat, Michael","2"
"Clark","6681","President and Vice President of the United States","Skousen, Joel and Combs, Rik","1"
"Clark","6681","President and Vice President of the United States","Trump, Donald J. and Vance, JD","501"
"Clark","6685","President and Vice President of the United States","Harris, Kamala D. and Walz, Tim","378"
"Clark","6685","President and Vice President of the United States","None Of These Candidates","13"
"Clark","6685","President and Vice President of the United States","Oliver, Chase and ter Maat, Michael","5"
"Clark","6685","President and Vice President of the United States","Skousen, Joel and Combs, Rik","0"
"Clark","6685","President and Vice President of the United States","Trump, Donald J. and Vance, JD","585"
"Clark","6693","President and Vice President of the United States","Harris, Kamala D. and Walz, Tim","1121"
"Clark","6693","President and Vice President of the United States","None Of These Candidates","21"
"Clark","6693","President and Vice President of the United States","Oliver, Chase and ter Maat, Michael","8"
"Clark","6693","President and Vice President of the United States","Skousen, Joel and Combs, Rik","6"
"Clark","6693","President and Vice President of the United States","Trump, Donald J. and Vance, JD","898"
"Clark","6695","President and Vice President of the United States","Harris, Kamala D. and Walz, Tim","1230"
"Clark","6695","President and Vice President of the United States","None Of These Candidates","11"
"Clark","6695","President and Vice President of the United States","Oliver, Chase and ter Maat, Michael","6"
"Clark","6695","President and Vice President of the United States","Skousen, Joel and Combs, Rik","3"
"Clark","6695","President and Vice President of the United States","Trump, Donald J. and Vance, JD","1206"
"Clark","6704","President and Vice President of the United States","Harris, Kamala D. and Walz, Tim","517"
"Clark","6704","President and Vice President of the United States","None Of These Candidates","10"
"Clark","6704","President and Vice President of the United States","Oliver, Chase and ter Maat, Michael","3"
"Clark","6704","President and Vice President of the United States","Skousen, Joel and Combs, Rik","1"
"Clark","6704","President and Vice President of the United States","Trump, Donald J. and Vance, JD","373"
"Clark","6705","President and Vice President of the United States","Harris, Kamala D. and Walz, Tim","187"
"Clark","6705","President and Vice President of the United States","None Of These Candidates","5"
"Clark","6705","President and Vice President of the United States","Oliver, Chase and ter Maat, Michael","0"
"Clark","6705","President and Vice President of the United States","Skousen, Joel and Combs, Rik","1"
"Clark","6705","President and Vice President of the United States","Trump, Donald J. and Vance, JD","124"
"Clark","6706","President and Vice President of the United States","Harris, Kamala D. and Walz, Tim","730"
"Clark","6706","President and Vice President of the United States","None Of These Candidates","15"
"Clark","6706","President and Vice President of the United States","Oliver, Chase and ter Maat, Michael","5"
"Clark","6706","President and Vice President of the United States","Skousen, Joel and Combs, Rik","1"
"Clark","6706","President and Vice President of the United States","Trump, Donald J. and Vance, JD","577"
"Clark","6707","President and Vice President of the United States","Harris, Kamala D. and Walz, Tim","748"
"Clark","6707","President and Vice President of the United States","None Of These Candidates","16"
"Clark","6707","President and Vice President of the United States","Oliver, Chase and ter Maat, Michael","2"
"Clark","6707","President and Vice President of the United States","Skousen, Joel and Combs, Rik","3"
"Clark","6707","President and Vice President of the United States","Trump, Donald J. and Vance, JD","720"
"Clark","6708","President and Vice President of the United States","Harris, Kamala D. and Walz, Tim","866"
"Clark","6708","President and Vice President of the United States","None Of These Candidates","15"
"Clark","6708","President and Vice President of the United States","Oliver, Chase and ter Maat, Michael","7"
"Clark","6708","President and Vice President of the United States","Skousen, Joel and Combs, Rik","2"
"Clark","6708","President and Vice President of the United States","Trump, Donald J. and Vance, JD","897"
"Clark","6710","President and Vice President of the United States","Harris, Kamala D. and Walz, Tim","918"
"Clark","6710","President and Vice President of the United States","None Of These Candidates","11"
"Clark","6710","President and Vice President of the United States","Oliver, Chase and ter Maat, Michael","4"
"Clark","6710","President and Vice President of the United States","Skousen, Joel and Combs, Rik","1"
"Clark","6710","President and Vice President of the United States","Trump, Donald J. and Vance, JD","616"
"Clark","6711","President and Vice President of the United States","Harris, Kamala D. and Walz, Tim","0"
"Clark","6711","President and Vice President of the United States","None Of These Candidates","0"
"Clark","6711","President and Vice President of the United States","Oliver, Chase and ter Maat, Michael","0"
"Clark","6711","President and Vice President of the United States","Skousen, Joel and Combs, Rik","0"
"Clark","6711","President and Vice President of the United States","Trump, Donald J. and Vance, JD","0"
"Clark","6713","President and Vice President of the United States","Harris, Kamala D. and Walz, Tim","1297"
"Clark","6713","President and Vice President of the United States","None Of These Candidates","30"
"Clark","6713","President and Vice President of the United States","Oliver, Chase and ter Maat, Michael","9"
"Clark","6713","President and Vice President of the United States","Skousen, Joel and Combs, Rik","1"
"Clark","6713","President and Vice President of the United States","Trump, Donald J. and Vance, JD","1193"
"Clark","6715","President and Vice President of the United States","Harris, Kamala D. and Walz, Tim","452"
"Clark","6715","President and Vice President of the United States","None Of These Candidates","5"
"Clark","6715","President and Vice President of the United States","Oliver, Chase and ter Maat, Michael","0"
"Clark","6715","President and Vice President of the United States","Skousen, Joel and Combs, Rik","0"
"Clark","6715","President and Vice President of the United States","Trump, Donald J. and Vance, JD","500"
"Clark","6717","President and Vice President of the United States","Harris, Kamala D. and Walz, Tim","878"
"Clark","6717","President and Vice President of the United States","None Of These Candidates","26"
"Clark","6717","President and Vice President of the United States","Oliver, Chase and ter Maat, Michael","6"
"Clark","6717","President and Vice President of the United States","Skousen, Joel and Combs, Rik","2"
"Clark","6717","President and Vice President of the United States","Trump, Donald J. and Vance, JD","1130"
"Clark","6718","President and Vice President of the United States","Harris, Kamala D. and Walz, Tim","1489"
"Clark","6718","President and Vice President of the United States","None Of These Candidates","31"
"Clark","6718","President and Vice President of the United States","Oliver, Chase and ter Maat, Michael","8"
"Clark","6718","President and Vice President of the United States","Skousen, Joel and Combs, Rik","3"
"Clark","6718","President and Vice President of the United States","Trump, Donald J. and Vance, JD","1358"
"Clark","6719","President and Vice President of the United States","Harris, Kamala D. and Walz, Tim","757"
"Clark","6719","President and Vice President of the United States","None Of These Candidates","13"
"Clark","6719","President and Vice President of the United States","Oliver, Chase and ter Maat, Michael","6"
"Clark","6719","President and Vice President of the United States","Skousen, Joel and Combs, Rik","3"
"Clark","6719","President and Vice President of the United States","Trump, Donald J. and Vance, JD","863"
"Clark","6722","President and Vice President of the United States","Harris, Kamala D. and Walz, Tim","*"
"Clark","6722","President and Vice President of the United States","None Of These Candidates","*"
"Clark","6722","President and Vice President of the United States","Oliver, Chase and ter Maat, Michael","*"
"Clark","6722","President and Vice President of the United States","Skousen, Joel and Combs, Rik","*"
"Clark","6722","President and Vice President of the United States","Trump, Donald J. and Vance, JD","*"
"Clark","6725","President and Vice President of the United States","Harris, Kamala D. and Walz, Tim","1391"
"Clark","6725","President and Vice President of the United States","None Of These Candidates","26"
"Clark","6725","President and Vice President of the United States","Oliver, Chase and ter Maat, Michael","7"
"Clark","6725","President and Vice President of the United States","Skousen, Joel and Combs, Rik","4"
"Clark","6725","President and Vice President of the United States","Trump, Donald J. and Vance, JD","1432"
"Clark","6727","President and Vice President of the United States","Harris, Kamala D. and Walz, Tim","471"
"Clark","6727","President and Vice President of the United States","None Of These Candidates","8"
"Clark","6727","President and Vice President of the United States","Oliver, Chase and ter Maat, Michael","2"
"Clark","6727","President and Vice President of the United States","Skousen, Joel and Combs, Rik","0"
"Clark","6727","President and Vice President of the United States","Trump, Donald J. and Vance, JD","523"
"Clark","6728","President and Vice President of the United States","Harris, Kamala D. and Walz, Tim","999"
"Clark","6728","President and Vice President of the United States","None Of These Candidates","41"
"Clark","6728","President and Vice President of the United States","Oliver, Chase and ter Maat, Michael","5"
"Clark","6728","President and Vice President of the United States","Skousen, Joel and Combs, Rik","2"
"Clark","6728","President and Vice President of the United States","Trump, Donald J. and Vance, JD","1610"
"Clark","6731","President and Vice President of the United States","Harris, Kamala D. and Walz, Tim","1167"
"Clark","6731","President and Vice President of the United States","None Of These Candidates","28"
"Clark","6731","President and Vice President of the United States","Oliver, Chase and ter Maat, Michael","14"
"Clark","6731","President and Vice President of the United States","Skousen, Joel and Combs, Rik","6"
"Clark","6731","President and Vice President of the United States","Trump, Donald J. and Vance, JD","1250"
"Clark","6734","President and Vice President of the United States","Harris, Kamala D. and Walz, Tim","434"
"Clark","6734","President and Vice President of the United States","None Of These Candidates","10"
"Clark","6734","President and Vice President of the United States","Oliver, Chase and ter Maat, Michael","4"
"Clark","6734","President and Vice President of the United States","Skousen, Joel and Combs, Rik","1"
"Clark","6734","President and Vice President of the United States","Trump, Donald J. and Vance, JD","438"
"Clark","6735","President and Vice President of the United States","Harris, Kamala D. and Walz, Tim","1320"
"Clark","6735","President and Vice President of the United States","None Of These Candidates","32"
"Clark","6735","President and Vice President of the United States","Oliver, Chase and ter Maat, Michael","11"
"Clark","6735","President and Vice President of the United States","Skousen, Joel and Combs, Rik","2"
"Clark","6735","President and Vice President of the United States","Trump, Donald J. and Vance, JD","1235"
"Clark","6736","President and Vice President of the United States","Harris, Kamala D. and Walz, Tim","395"
"Clark","6736","President and Vice President of the United States","None Of These Candidates","5"
"Clark","6736","President and Vice President of the United States","Oliver, Chase and ter Maat, Michael","2"
"Clark","6736","President and Vice President of the United States","Skousen, Joel and Combs, Rik","0"
"Clark","6736","President and Vice President of the United States","Trump, Donald J. and Vance, JD","406"
"Clark","6738","President and Vice President of the United States","Harris, Kamala D. and Walz, Tim","1362"
"Clark","6738","President and Vice President of the United States","None Of These Candidates","37"
"Clark","6738","President and Vice President of the United States","Oliver, Chase and ter Maat, Michael","8"
"Clark","6738","President and Vice President of the United States","Skousen, Joel and Combs, Rik","2"
"Clark","6738","President and Vice President of the United States","Trump, Donald J. and Vance, JD","1301"
"Clark","6741","President and Vice President of the United States","Harris, Kamala D. and Walz, Tim","970"
"Clark","6741","President and Vice President of the United States","None Of These Candidates","23"
"Clark","6741","President and Vice President of the United States","Oliver, Chase and ter Maat, Michael","4"
"Clark","6741","President and Vice President of the United States","Skousen, Joel and Combs, Rik","3"
"Clark","6741","President and Vice President of the United States","Trump, Donald J. and Vance, JD","1177"
"Clark","6742","President and Vice President of the United States","Harris, Kamala D. and Walz, Tim","546"
"Clark","6742","President and Vice President of the United States","None Of These Candidates","15"
"Clark","6742","President and Vice President of the United States","Oliver, Chase and ter Maat, Michael","2"
"Clark","6742","President and Vice President of the United States","Skousen, Joel and Combs, Rik","1"
"Clark","6742","President and Vice President of the United States","Trump, Donald J. and Vance, JD","652"
"Clark","6750","President and Vice President of the United States","Harris, Kamala D. and Walz, Tim","658"
"Clark","6750","President and Vice President of the United States","None Of These Candidates","6"
"Clark","6750","President and Vice President of the United States","Oliver, Chase and ter Maat, Michael","4"
"Clark","6750","President and Vice President of the United States","Skousen, Joel and Combs, Rik","1"
"Clark","6750","President and Vice President of the United States","Trump, Donald J. and Vance, JD","572"
"Clark","6751","President and Vice President of the United States","Harris, Kamala D. and Walz, Tim","883"
"Clark","6751","President and Vice President of the United States","None Of These Candidates","14"
"Clark","6751","President and Vice President of the United States","Oliver, Chase and ter Maat, Michael","4"
"Clark","6751","President and Vice President of the United States","Skousen, Joel and Combs, Rik","5"
"Clark","6751","President and Vice President of the United States","Trump, Donald J. and Vance, JD","886"
"Clark","6753","President and Vice President of the United States","Harris, Kamala D. and Walz, Tim","1333"
"Clark","6753","President and Vice President of the United States","None Of These Candidates","26"
"Clark","6753","President and Vice President of the United States","Oliver, Chase and ter Maat, Michael","18"
"Clark","6753","President and Vice President of the United States","Skousen, Joel and Combs, Rik","0"
"Clark","6753","President and Vice President of the United States","Trump, Donald J. and Vance, JD","1429"
"Clark","7001","President and Vice President of the United States","Harris, Kamala D. and Walz, Tim","867"
"Clark","7001","President and Vice President of the United States","None Of These Candidates","16"
"Clark","7001","President and Vice President of the United States","Oliver, Chase and ter Maat, Michael","7"
"Clark","7001","President and Vice President of the United States","Skousen, Joel and Combs, Rik","4"
"Clark","7001","President and Vice President of the United States","Trump, Donald J. and Vance, JD","628"
"Clark","7003","President and Vice President of the United States","Harris, Kamala D. and Walz, Tim","443"
"Clark","7003","President and Vice President of the United States","None Of These Candidates","7"
"Clark","7003","President and Vice President of the United States","Oliver, Chase and ter Maat, Michael","6"
"Clark","7003","President and Vice President of the United States","Skousen, Joel and Combs, Rik","2"
"Clark","7003","President and Vice President of the United States","Trump, Donald J. and Vance, JD","300"
"Clark","7004","President and Vice President of the United States","Harris, Kamala D. and Walz, Tim","447"
"Clark","7004","President and Vice President of the United States","None Of These Candidates","10"
"Clark","7004","President and Vice President of the United States","Oliver, Chase and ter Maat, Michael","0"
"Clark","7004","President and Vice President of the United States","Skousen, Joel and Combs, Rik","1"
"Clark","7004","President and Vice President of the United States","Trump, Donald J. and Vance, JD","436"
"Clark","7006","President and Vice President of the United States","Harris, Kamala D. and Walz, Tim","386"
"Clark","7006","President and Vice President of the United States","None Of These Candidates","9"
"Clark","7006","President and Vice President of the United States","Oliver, Chase and ter Maat, Michael","3"
"Clark","7006","President and Vice President of the United States","Skousen, Joel and Combs, Rik","0"
"Clark","7006","President and Vice President of the United States","Trump, Donald J. and Vance, JD","365"
"Clark","7007","President and Vice President of the United States","Harris, Kamala D. and Walz, Tim","728"
"Clark","7007","President and Vice President of the United States","None Of These Candidates","21"
"Clark","7007","President and Vice President of the United States","Oliver, Chase and ter Maat, Michael","6"
"Clark","7007","President and Vice President of the United States","Skousen, Joel and Combs, Rik","5"
"Clark","7007","President and Vice President of the United States","Trump, Donald J. and Vance, JD","582"
"Clark","7010","President and Vice President of the United States","Harris, Kamala D. and Walz, Tim","0"
"Clark","7010","President and Vice President of the United States","None Of These Candidates","0"
"Clark","7010","President and Vice President of the United States","Oliver, Chase and ter Maat, Michael","0"
"Clark","7010","President and Vice President of the United States","Skousen, Joel and Combs, Rik","0"
"Clark","7010","President and Vice President of the United States","Trump, Donald J. and Vance, JD","0"
"Clark","7011","President and Vice President of the United States","Harris, Kamala D. and Walz, Tim","39"
"Clark","7011","President and Vice President of the United States","None Of These Candidates","1"
"Clark","7011","President and Vice President of the United States","Oliver, Chase and ter Maat, Michael","1"
"Clark","7011","President and Vice President of the United States","Skousen, Joel and Combs, Rik","0"
"Clark","7011","President and Vice President of the United States","Trump, Donald J. and Vance, JD","46"
"Clark","7012","President and Vice President of the United States","Harris, Kamala D. and Walz, Tim","1278"
"Clark","7012","President and Vice President of the United States","None Of These Candidates","36"
"Clark","7012","President and Vice President of the United States","Oliver, Chase and ter Maat, Michael","9"
"Clark","7012","President and Vice President of the United States","Skousen, Joel and Combs, Rik","1"
"Clark","7012","President and Vice President of the United States","Trump, Donald J. and Vance, JD","803"
"Clark","7014","President and Vice President of the United States","Harris, Kamala D. and Walz, Tim","0"
"Clark","7014","President and Vice President of the United States","None Of These Candidates","0"
"Clark","7014","President and Vice President of the United States","Oliver, Chase and ter Maat, Michael","0"
"Clark","7014","President and Vice President of the United States","Skousen, Joel and Combs, Rik","0"
"Clark","7014","President and Vice President of the United States","Trump, Donald J. and Vance, JD","0"
"Clark","7015","President and Vice President of the United States","Harris, Kamala D. and Walz, Tim","240"
"Clark","7015","President and Vice President of the United States","None Of These Candidates","9"
"Clark","7015","President and Vice President of the United States","Oliver, Chase and ter Maat, Michael","1"
"Clark","7015","President and Vice President of the United States","Skousen, Joel and Combs, Rik","0"
"Clark","7015","President and Vice President of the United States","Trump, Donald J. and Vance, JD","243"
"Clark","7017","President and Vice President of the United States","Harris, Kamala D. and Walz, Tim","402"
"Clark","7017","President and Vice President of the United States","None Of These Candidates","16"
"Clark","7017","President and Vice President of the United States","Oliver, Chase and ter Maat, Michael","2"
"Clark","7017","President and Vice President of the United States","Skousen, Joel and Combs, Rik","0"
"Clark","7017","President and Vice President of the United States","Trump, Donald J. and Vance, JD","448"
"Clark","7019","President and Vice President of the United States","Harris, Kamala D. and Walz, Tim","909"
"Clark","7019","President and Vice President of the United States","None Of These Candidates","28"
"Clark","7019","President and Vice President of the United States","Oliver, Chase and ter Maat, Michael","4"
"Clark","7019","President and Vice President of the United States","Skousen, Joel and Combs, Rik","7"
"Clark","7019","President and Vice President of the United States","Trump, Donald J. and Vance, JD","1095"
"Clark","7021","President and Vice President of the United States","Harris, Kamala D. and Walz, Tim","587"
"Clark","7021","President and Vice President of the United States","None Of These Candidates","9"
"Clark","7021","President and Vice President of the United States","Oliver, Chase and ter Maat, Michael","2"
"Clark","7021","President and Vice President of the United States","Skousen, Joel and Combs, Rik","0"
"Clark","7021","President and Vice President of the United States","Trump, Donald J. and Vance, JD","387"
"Clark","7022","President and Vice President of the United States","Harris, Kamala D. and Walz, Tim","360"
"Clark","7022","President and Vice President of the United States","None Of These Candidates","10"
"Clark","7022","President and Vice President of the United States","Oliver, Chase and ter Maat, Michael","3"
"Clark","7022","President and Vice President of the United States","Skousen, Joel and Combs, Rik","0"
"Clark","7022","President and Vice President of the United States","Trump, Donald J. and Vance, JD","198"
"Clark","7023","President and Vice President of the United States","Harris, Kamala D. and Walz, Tim","830"
"Clark","7023","President and Vice President of the United States","None Of These Candidates","20"
"Clark","7023","President and Vice President of the United States","Oliver, Chase and ter Maat, Michael","4"
"Clark","7023","President and Vice President of the United States","Skousen, Joel and Combs, Rik","4"
"Clark","7023","President and Vice President of the United States","Trump, Donald J. and Vance, JD","602"
"Clark","7024","President and Vice President of the United States","Harris, Kamala D. and Walz, Tim","731"
"Clark","7024","President and Vice President of the United States","None Of These Candidates","19"
"Clark","7024","President and Vice President of the United States","Oliver, Chase and ter Maat, Michael","3"
"Clark","7024","President and Vice President of the United States","Skousen, Joel and Combs, Rik","1"
"Clark","7024","President and Vice President of the United States","Trump, Donald J. and Vance, JD","1039"
"Clark","7025","President and Vice President of the United States","Harris, Kamala D. and Walz, Tim","267"
"Clark","7025","President and Vice President of the United States","None Of These Candidates","8"
"Clark","7025","President and Vice President of the United States","Oliver, Chase and ter Maat, Michael","0"
"Clark","7025","President and Vice President of the United States","Skousen, Joel and Combs, Rik","0"
"Clark","7025","President and Vice President of the United States","Trump, Donald J. and Vance, JD","228"
"Clark","7028","President and Vice President of the United States","Harris, Kamala D. and Walz, Tim","862"
"Clark","7028","President and Vice President of the United States","None Of These Candidates","14"
"Clark","7028","President and Vice President of the United States","Oliver, Chase and ter Maat, Michael","8"
"Clark","7028","President and Vice President of the United States","Skousen, Joel and Combs, Rik","4"
"Clark","7028","President and Vice President of the United States","Trump, Donald J. and Vance, JD","606"
"Clark","7029","President and Vice President of the United States","Harris, Kamala D. and Walz, Tim","1012"
"Clark","7029","President and Vice President of the United States","None Of These Candidates","25"
"Clark","7029","President and Vice President of the United States","Oliver, Chase and ter Maat, Michael","8"
"Clark","7029","President and Vice President of the United States","Skousen, Joel and Combs, Rik","5"
"Clark","7029","President and Vice President of the United States","Trump, Donald J. and Vance, JD","1005"
"Clark","7030","President and Vice President of the United States","Harris, Kamala D. and Walz, Tim","172"
"Clark","7030","President and Vice President of the United States","None Of These Candidates","3"
"Clark","7030","President and Vice President of the United States","Oliver, Chase and ter Maat, Michael","1"
"Clark","7030","President and Vice President of the United States","Skousen, Joel and Combs, Rik","1"
"Clark","7030","President and Vice President of the United States","Trump, Donald J. and Vance, JD","157"
"Clark","7032","President and Vice President of the United States","Harris, Kamala D. and Walz, Tim","212"
"Clark","7032","President and Vice President of the United States","None Of These Candidates","13"
"Clark","7032","President and Vice President of the United States","Oliver, Chase and ter Maat, Michael","1"
"Clark","7032","President and Vice President of the United States","Skousen, Joel and Combs, Rik","1"
"Clark","7032","President and Vice President of the United States","Trump, Donald J. and Vance, JD","295"
"Clark","7034","President and Vice President of the United States","Harris, Kamala D. and Walz, Tim","131"
"Clark","7034","President and Vice President of the United States","None Of These Candidates","2"
"Clark","7034","President and Vice President of the United States","Oliver, Chase and ter Maat, Michael","1"
"Clark","7034","President and Vice President of the United States","Skousen, Joel and Combs, Rik","0"
"Clark","7034","President and Vice President of the United States","Trump, Donald J. and Vance, JD","87"
"Clark","7036","President and Vice President of the United States","Harris, Kamala D. and Walz, Tim","895"
"Clark","7036","President and Vice President of the United States","None Of These Candidates","36"
"Clark","7036","President and Vice President of the United States","Oliver, Chase and ter Maat, Michael","12"
"Clark","7036","President and Vice President of the United States","Skousen, Joel and Combs, Rik","3"
"Clark","7036","President and Vice President of the United States","Trump, Donald J. and Vance, JD","945"
"Clark","7037","President and Vice President of the United States","Harris, Kamala D. and Walz, Tim","659"
"Clark","7037","President and Vice President of the United States","None Of These Candidates","19"
"Clark","7037","President and Vice President of the United States","Oliver, Chase and ter Maat, Michael","9"
"Clark","7037","President and Vice President of the United States","Skousen, Joel and Combs, Rik","2"
"Clark","7037","President and Vice President of the United States","Trump, Donald J. and Vance, JD","562"
"Clark","7039","President and Vice President of the United States","Harris, Kamala D. and Walz, Tim","952"
"Clark","7039","President and Vice President of the United States","None Of These Candidates","26"
"Clark","7039","President and Vice President of the United States","Oliver, Chase and ter Maat, Michael","20"
"Clark","7039","President and Vice President of the United States","Skousen, Joel and Combs, Rik","5"
"Clark","7039","President and Vice President of the United States","Trump, Donald J. and Vance, JD","1224"
"Clark","7040","President and Vice President of the United States","Harris, Kamala D. and Walz, Tim","666"
"Clark","7040","President and Vice President of the United States","None Of These Candidates","21"
"Clark","7040","President and Vice President of the United States","Oliver, Chase and ter Maat, Michael","6"
"Clark","7040","President and Vice President of the United States","Skousen, Joel and Combs, Rik","2"
"Clark","7040","President and Vice President of the United States","Trump, Donald J. and Vance, JD","1010"
"Clark","7041","President and Vice President of the United States","Harris, Kamala D. and Walz, Tim","574"
"Clark","7041","President and Vice President of the United States","None Of These Candidates","20"
"Clark","7041","President and Vice President of the United States","Oliver, Chase and ter Maat, Michael","4"
"Clark","7041","President and Vice President of the United States","Skousen, Joel and Combs, Rik","3"
"Clark","7041","President and Vice President of the United States","Trump, Donald J. and Vance, JD","998"
"Clark","7042","President and Vice President of the United States","Harris, Kamala D. and Walz, Tim","574"
"Clark","7042","President and Vice President of the United States","None Of These Candidates","10"
"Clark","7042","President and Vice President of the United States","Oliver, Chase and ter Maat, Michael","7"
"Clark","7042","President and Vice President of the United States","Skousen, Joel and Combs, Rik","5"
"Clark","7042","President and Vice President of the United States","Trump, Donald J. and Vance, JD","725"
"Clark","7043","President and Vice President of the United States","Harris, Kamala D. and Walz, Tim","0"
"Clark","7043","President and Vice President of the United States","None Of These Candidates","0"
"Clark","7043","President and Vice President of the United States","Oliver, Chase and ter Maat, Michael","0"
"Clark","7043","President and Vice President of the United States","Skousen, Joel and Combs, Rik","0"
"Clark","7043","President and Vice President of the United States","Trump, Donald J. and Vance, JD","0"
"Clark","7044","President and Vice President of the United States","Harris, Kamala D. and Walz, Tim","194"
"Clark","7044","President and Vice President of the United States","None Of These Candidates","4"
"Clark","7044","President and Vice President of the United States","Oliver, Chase and ter Maat, Michael","0"
"Clark","7044","President and Vice President of the United States","Skousen, Joel and Combs, Rik","2"
"Clark","7044","President and Vice President of the United States","Trump, Donald J. and Vance, JD","214"
"Clark","7045","President and Vice President of the United States","Harris, Kamala D. and Walz, Tim","0"
"Clark","7045","President and Vice President of the United States","None Of These Candidates","0"
"Clark","7045","President and Vice President of the United States","Oliver, Chase and ter Maat, Michael","0"
"Clark","7045","President and Vice President of the United States","Skousen, Joel and Combs, Rik","0"
"Clark","7045","President and Vice President of the United States","Trump, Donald J. and Vance, JD","0"
"Clark","7046","President and Vice President of the United States","Harris, Kamala D. and Walz, Tim","0"
"Clark","7046","President and Vice President of the United States","None Of These Candidates","0"
"Clark","7046","President and Vice President of the United States","Oliver, Chase and ter Maat, Michael","0"
"Clark","7046","President and Vice President of the United States","Skousen, Joel and Combs, Rik","0"
"Clark","7046","President and Vice President of the United States","Trump, Donald J. and Vance, JD","0"
"Clark","7047","President and Vice President of the United States","Harris, Kamala D. and Walz, Tim","985"
"Clark","7047","President and Vice President of the United States","None Of These Candidates","22"
"Clark","7047","President and Vice President of the United States","Oliver, Chase and ter Maat, Michael","3"
"Clark","7047","President and Vice President of the United States","Skousen, Joel and Combs, Rik","6"
"Clark","7047","President and Vice President of the United States","Trump, Donald J. and Vance, JD","905"
"Clark","7051","President and Vice President of the United States","Harris, Kamala D. and Walz, Tim","0"
"Clark","7051","President and Vice President of the United States","None Of These Candidates","0"
"Clark","7051","President and Vice President of the United States","Oliver, Chase and ter Maat, Michael","0"
"Clark","7051","President and Vice President of the United States","Skousen, Joel and Combs, Rik","0"
"Clark","7051","President and Vice President of the United States","Trump, Donald J. and Vance, JD","0"
"Clark","7052","President and Vice President of the United States","Harris, Kamala D. and Walz, Tim","51"
"Clark","7052","President and Vice President of the United States","None Of These Candidates","0"
"Clark","7052","President and Vice President of the United States","Oliver, Chase and ter Maat, Michael","1"
"Clark","7052","President and Vice President of the United States","Skousen, Joel and Combs, Rik","0"
"Clark","7052","President and Vice President of the United States","Trump, Donald J. and Vance, JD","11"
"Clark","7053","President and Vice President of the United States","Harris, Kamala D. and Walz, Tim","308"
"Clark","7053","President and Vice President of the United States","None Of These Candidates","8"
"Clark","7053","President and Vice President of the United States","Oliver, Chase and ter Maat, Michael","3"
"Clark","7053","President and Vice President of the United States","Skousen, Joel and Combs, Rik","1"
"Clark","7053","President and Vice President of the United States","Trump, Donald J. and Vance, JD","187"
"Clark","7055","President and Vice President of the United States","Harris, Kamala D. and Walz, Tim","1336"
"Clark","7055","President and Vice President of the United States","None Of These Candidates","20"
"Clark","7055","President and Vice President of the United States","Oliver, Chase and ter Maat, Michael","13"
"Clark","7055","President and Vice President of the United States","Skousen, Joel and Combs, Rik","1"
"Clark","7055","President and Vice President of the United States","Trump, Donald J. and Vance, JD","841"
"Clark","7056","President and Vice President of the United States","Harris, Kamala D. and Walz, Tim","980"
"Clark","7056","President and Vice President of the United States","None Of These Candidates","27"
"Clark","7056","President and Vice President of the United States","Oliver, Chase and ter Maat, Michael","6"
"Clark","7056","President and Vice President of the United States","Skousen, Joel and Combs, Rik","0"
"Clark","7056","President and Vice President of the United States","Trump, Donald J. and Vance, JD","920"
"Clark","7057","President and Vice President of the United States","Harris, Kamala D. and Walz, Tim","471"
"Clark","7057","President and Vice President of the United States","None Of These Candidates","14"
"Clark","7057","President and Vice President of the United States","Oliver, Chase and ter Maat, Michael","3"
"Clark","7057","President and Vice President of the United States","Skousen, Joel and Combs, Rik","0"
"Clark","7057","President and Vice President of the United States","Trump, Donald J. and Vance, JD","537"
"Clark","7058","President and Vice President of the United States","Harris, Kamala D. and Walz, Tim","415"
"Clark","7058","President and Vice President of the United States","None Of These Candidates","12"
"Clark","7058","President and Vice President of the United States","Oliver, Chase and ter Maat, Michael","2"
"Clark","7058","President and Vice President of the United States","Skousen, Joel and Combs, Rik","0"
"Clark","7058","President and Vice President of the United States","Trump, Donald J. and Vance, JD","377"
"Clark","7059","President and Vice President of the United States","Harris, Kamala D. and Walz, Tim","976"
"Clark","7059","President and Vice President of the United States","None Of These Candidates","27"
"Clark","7059","President and Vice President of the United States","Oliver, Chase and ter Maat, Michael","11"
"Clark","7059","President and Vice President of the United States","Skousen, Joel and Combs, Rik","1"
"Clark","7059","President and Vice President of the United States","Trump, Donald J. and Vance, JD","1095"
"Clark","7060","President and Vice President of the United States","Harris, Kamala D. and Walz, Tim","954"
"Clark","7060","President and Vice President of the United States","None Of These Candidates","25"
"Clark","7060","President and Vice President of the United States","Oliver, Chase and ter Maat, Michael","7"
"Clark","7060","President and Vice President of the United States","Skousen, Joel and Combs, Rik","1"
"Clark","7060","President and Vice President of the United States","Trump, Donald J. and Vance, JD","885"
"Clark","7061","President and Vice President of the United States","Harris, Kamala D. and Walz, Tim","0"
"Clark","7061","President and Vice President of the United States","None Of These Candidates","0"
"Clark","7061","President and Vice President of the United States","Oliver, Chase and ter Maat, Michael","0"
"Clark","7061","President and Vice President of the United States","Skousen, Joel and Combs, Rik","0"
"Clark","7061","President and Vice President of the United States","Trump, Donald J. and Vance, JD","0"
"Clark","7079","President and Vice President of the United States","Harris, Kamala D. and Walz, Tim","734"
"Clark","7079","President and Vice President of the United States","None Of These Candidates","17"
"Clark","7079","President and Vice President of the United States","Oliver, Chase and ter Maat, Michael","5"
"Clark","7079","President and Vice President of the United States","Skousen, Joel and Combs, Rik","5"
"Clark","7079","President and Vice President of the United States","Trump, Donald J. and Vance, JD","473"
"Clark","7097","President and Vice President of the United States","Harris, Kamala D. and Walz, Tim","518"
"Clark","7097","President and Vice President of the United States","None Of These Candidates","10"
"Clark","7097","President and Vice President of the United States","Oliver, Chase and ter Maat, Michael","4"
"Clark","7097","President and Vice President of the United States","Skousen, Joel and Combs, Rik","1"
"Clark","7097","President and Vice President of the United States","Trump, Donald J. and Vance, JD","300"
"Clark","7099","President and Vice President of the United States","Harris, Kamala D. and Walz, Tim","0"
"Clark","7099","President and Vice President of the United States","None Of These Candidates","0"
"Clark","7099","President and Vice President of the United States","Oliver, Chase and ter Maat, Michael","0"
"Clark","7099","President and Vice President of the United States","Skousen, Joel and Combs, Rik","0"
"Clark","7099","President and Vice President of the United States","Trump, Donald J. and Vance, JD","0"
"Clark","7311","President and Vice President of the United States","Harris, Kamala D. and Walz, Tim","368"
"Clark","7311","President and Vice President of the United States","None Of These Candidates","13"
"Clark","7311","President and Vice President of the United States","Oliver, Chase and ter Maat, Michael","0"
"Clark","7311","President and Vice President of the United States","Skousen, Joel and Combs, Rik","0"
"Clark","7311","President and Vice President of the United States","Trump, Donald J. and Vance, JD","259"
"Clark","7312","President and Vice President of the United States","Harris, Kamala D. and Walz, Tim","784"
"Clark","7312","President and Vice President of the United States","None Of These Candidates","19"
"Clark","7312","President and Vice President of the United States","Oliver, Chase and ter Maat, Michael","7"
"Clark","7312","President and Vice President of the United States","Skousen, Joel and Combs, Rik","4"
"Clark","7312","President and Vice President of the United States","Trump, Donald J. and Vance, JD","429"
"Clark","7332","President and Vice President of the United States","Harris, Kamala D. and Walz, Tim","998"
"Clark","7332","President and Vice President of the United States","None Of These Candidates","17"
"Clark","7332","President and Vice President of the United States","Oliver, Chase and ter Maat, Michael","6"
"Clark","7332","President and Vice President of the United States","Skousen, Joel and Combs, Rik","4"
"Clark","7332","President and Vice President of the United States","Trump, Donald J. and Vance, JD","638"
"Clark","7334","President and Vice President of the United States","Harris, Kamala D. and Walz, Tim","459"
"Clark","7334","President and Vice President of the United States","None Of These Candidates","8"
"Clark","7334","President and Vice President of the United States","Oliver, Chase and ter Maat, Michael","3"
"Clark","7334","President and Vice President of the United States","Skousen, Joel and Combs, Rik","1"
"Clark","7334","President and Vice President of the United States","Trump, Donald J. and Vance, JD","353"
"Clark","7341","President and Vice President of the United States","Harris, Kamala D. and Walz, Tim","1161"
"Clark","7341","President and Vice President of the United States","None Of These Candidates","22"
"Clark","7341","President and Vice President of the United States","Oliver, Chase and ter Maat, Michael","12"
"Clark","7341","President and Vice President of the United States","Skousen, Joel and Combs, Rik","6"
"Clark","7341","President and Vice President of the United States","Trump, Donald J. and Vance, JD","926"
"Clark","7352","President and Vice President of the United States","Harris, Kamala D. and Walz, Tim","1007"
"Clark","7352","President and Vice President of the United States","None Of These Candidates","40"
"Clark","7352","President and Vice President of the United States","Oliver, Chase and ter Maat, Michael","11"
"Clark","7352","President and Vice President of the United States","Skousen, Joel and Combs, Rik","4"
"Clark","7352","President and Vice President of the United States","Trump, Donald J. and Vance, JD","1543"
"Clark","7355","President and Vice President of the United States","Harris, Kamala D. and Walz, Tim","858"
"Clark","7355","President and Vice President of the United States","None Of These Candidates","16"
"Clark","7355","President and Vice President of the United States","Oliver, Chase and ter Maat, Michael","12"
"Clark","7355","President and Vice President of the United States","Skousen, Joel and Combs, Rik","3"
"Clark","7355","President and Vice President of the United States","Trump, Donald J. and Vance, JD","1057"
"Clark","7361","President and Vice President of the United States","Harris, Kamala D. and Walz, Tim","476"
"Clark","7361","President and Vice President of the United States","None Of These Candidates","19"
"Clark","7361","President and Vice President of the United States","Oliver, Chase and ter Maat, Michael","2"
"Clark","7361","President and Vice President of the United States","Skousen, Joel and Combs, Rik","1"
"Clark","7361","President and Vice President of the United States","Trump, Donald J. and Vance, JD","895"
"Clark","7366","President and Vice President of the United States","Harris, Kamala D. and Walz, Tim","2189"
"Clark","7366","President and Vice President of the United States","None Of These Candidates","41"
"Clark","7366","President and Vice President of the United States","Oliver, Chase and ter Maat, Michael","18"
"Clark","7366","President and Vice President of the United States","Skousen, Joel and Combs, Rik","10"
"Clark","7366","President and Vice President of the United States","Trump, Donald J. and Vance, JD","2089"
"Clark","7378","President and Vice President of the United States","Harris, Kamala D. and Walz, Tim","1419"
"Clark","7378","President and Vice President of the United States","None Of These Candidates","35"
"Clark","7378","President and Vice President of the United States","Oliver, Chase and ter Maat, Michael","8"
"Clark","7378","President and Vice President of the United States","Skousen, Joel and Combs, Rik","2"
"Clark","7378","President and Vice President of the United States","Trump, Donald J. and Vance, JD","1669"
"Clark","7402","President and Vice President of the United States","Harris, Kamala D. and Walz, Tim","1264"
"Clark","7402","President and Vice President of the United States","None Of These Candidates","25"
"Clark","7402","President and Vice President of the United States","Oliver, Chase and ter Maat, Michael","4"
"Clark","7402","President and Vice President of the United States","Skousen, Joel and Combs, Rik","3"
"Clark","7402","President and Vice President of the United States","Trump, Donald J. and Vance, JD","1093"
"Clark","7403","President and Vice President of the United States","Harris, Kamala D. and Walz, Tim","1524"
"Clark","7403","President and Vice President of the United States","None Of These Candidates","27"
"Clark","7403","President and Vice President of the United States","Oliver, Chase and ter Maat, Michael","6"
"Clark","7403","President and Vice President of the United States","Skousen, Joel and Combs, Rik","8"
"Clark","7403","President and Vice President of the United States","Trump, Donald J. and Vance, JD","1509"
"Clark","7405","President and Vice President of the United States","Harris, Kamala D. and Walz, Tim","626"
"Clark","7405","President and Vice President of the United States","None Of These Candidates","14"
"Clark","7405","President and Vice President of the United States","Oliver, Chase and ter Maat, Michael","12"
"Clark","7405","President and Vice President of the United States","Skousen, Joel and Combs, Rik","0"
"Clark","7405","President and Vice President of the United States","Trump, Donald J. and Vance, JD","650"
"Clark","7410","President and Vice President of the United States","Harris, Kamala D. and Walz, Tim","500"
"Clark","7410","President and Vice President of the United States","None Of These Candidates","14"
"Clark","7410","President and Vice President of the United States","Oliver, Chase and ter Maat, Michael","8"
"Clark","7410","President and Vice President of the United States","Skousen, Joel and Combs, Rik","7"
"Clark","7410","President and Vice President of the United States","Trump, Donald J. and Vance, JD","545"
"Clark","7411","President and Vice President of the United States","Harris, Kamala D. and Walz, Tim","1114"
"Clark","7411","President and Vice President of the United States","None Of These Candidates","36"
"Clark","7411","President and Vice President of the United States","Oliver, Chase and ter Maat, Michael","4"
"Clark","7411","President and Vice President of the United States","Skousen, Joel and Combs, Rik","4"
"Clark","7411","President and Vice President of the United States","Trump, Donald J. and Vance, JD","916"
"Clark","7413","President and Vice President of the United States","Harris, Kamala D. and Walz, Tim","0"
"Clark","7413","President and Vice President of the United States","None Of These Candidates","0"
"Clark","7413","President and Vice President of the United States","Oliver, Chase and ter Maat, Michael","0"
"Clark","7413","President and Vice President of the United States","Skousen, Joel and Combs, Rik","0"
"Clark","7413","President and Vice President of the United States","Trump, Donald J. and Vance, JD","0"
"Clark","7414","President and Vice President of the United States","Harris, Kamala D. and Walz, Tim","999"
"Clark","7414","President and Vice President of the United States","None Of These Candidates","24"
"Clark","7414","President and Vice President of the United States","Oliver, Chase and ter Maat, Michael","8"
"Clark","7414","President and Vice President of the United States","Skousen, Joel and Combs, Rik","6"
"Clark","7414","President and Vice President of the United States","Trump, Donald J. and Vance, JD","883"
"Clark","7415","President and Vice President of the United States","Harris, Kamala D. and Walz, Tim","1332"
"Clark","7415","President and Vice President of the United States","None Of These Candidates","32"
"Clark","7415","President and Vice President of the United States","Oliver, Chase and ter Maat, Michael","15"
"Clark","7415","President and Vice President of the United States","Skousen, Joel and Combs, Rik","3"
"Clark","7415","President and Vice President of the United States","Trump, Donald J. and Vance, JD","1276"
"Clark","7417","President and Vice President of the United States","Harris, Kamala D. and Walz, Tim","1233"
"Clark","7417","President and Vice President of the United States","None Of These Candidates","33"
"Clark","7417","President and Vice President of the United States","Oliver, Chase and ter Maat, Michael","7"
"Clark","7417","President and Vice President of the United States","Skousen, Joel and Combs, Rik","4"
"Clark","7417","President and Vice President of the United States","Trump, Donald J. and Vance, JD","1101"
"Clark","7430","President and Vice President of the United States","Harris, Kamala D. and Walz, Tim","589"
"Clark","7430","President and Vice President of the United States","None Of These Candidates","14"
"Clark","7430","President and Vice President of the United States","Oliver, Chase and ter Maat, Michael","10"
"Clark","7430","President and Vice President of the United States","Skousen, Joel and Combs, Rik","4"
"Clark","7430","President and Vice President of the United States","Trump, Donald J. and Vance, JD","700"
"Clark","7500","President and Vice President of the United States","Harris, Kamala D. and Walz, Tim","797"
"Clark","7500","President and Vice President of the United States","None Of These Candidates","18"
"Clark","7500","President and Vice President of the United States","Oliver, Chase and ter Maat, Michael","4"
"Clark","7500","President and Vice President of the United States","Skousen, Joel and Combs, Rik","4"
"Clark","7500","President and Vice President of the United States","Trump, Donald J. and Vance, JD","686"
"Clark","7501","President and Vice President of the United States","Harris, Kamala D. and Walz, Tim","99"
"Clark","7501","President and Vice President of the United States","None Of These Candidates","3"
"Clark","7501","President and Vice President of the United States","Oliver, Chase and ter Maat, Michael","2"
"Clark","7501","President and Vice President of the United States","Skousen, Joel and Combs, Rik","0"
"Clark","7501","President and Vice President of the United States","Trump, Donald J. and Vance, JD","67"
"Clark","7502","President and Vice President of the United States","Harris, Kamala D. and Walz, Tim","436"
"Clark","7502","President and Vice President of the United States","None Of These Candidates","16"
"Clark","7502","President and Vice President of the United States","Oliver, Chase and ter Maat, Michael","2"
"Clark","7502","President and Vice President of the United States","Skousen, Joel and Combs, Rik","0"
"Clark","7502","President and Vice President of the United States","Trump, Donald J. and Vance, JD","497"
"Clark","7503","President and Vice President of the United States","Harris, Kamala D. and Walz, Tim","200"
"Clark","7503","President and Vice President of the United States","None Of These Candidates","6"
"Clark","7503","President and Vice President of the United States","Oliver, Chase and ter Maat, Michael","5"
"Clark","7503","President and Vice President of the United States","Skousen, Joel and Combs, Rik","1"
"Clark","7503","President and Vice President of the United States","Trump, Donald J. and Vance, JD","138"
"Clark","7507","President and Vice President of the United States","Harris, Kamala D. and Walz, Tim","786"
"Clark","7507","President and Vice President of the United States","None Of These Candidates","16"
"Clark","7507","President and Vice President of the United States","Oliver, Chase and ter Maat, Michael","8"
"Clark","7507","President and Vice President of the United States","Skousen, Joel and Combs, Rik","2"
"Clark","7507","President and Vice President of the United States","Trump, Donald J. and Vance, JD","592"
"Clark","7509","President and Vice President of the United States","Harris, Kamala D. and Walz, Tim","491"
"Clark","7509","President and Vice President of the United States","None Of These Candidates","19"
"Clark","7509","President and Vice President of the United States","Oliver, Chase and ter Maat, Michael","5"
"Clark","7509","President and Vice President of the United States","Skousen, Joel and Combs, Rik","1"
"Clark","7509","President and Vice President of the United States","Trump, Donald J. and Vance, JD","238"
"Clark","7512","President and Vice President of the United States","Harris, Kamala D. and Walz, Tim","307"
"Clark","7512","President and Vice President of the United States","None Of These Candidates","4"
"Clark","7512","President and Vice President of the United States","Oliver, Chase and ter Maat, Michael","2"
"Clark","7512","President and Vice President of the United States","Skousen, Joel and Combs, Rik","1"
"Clark","7512","President and Vice President of the United States","Trump, Donald J. and Vance, JD","212"
"Clark","7513","President and Vice President of the United States","Harris, Kamala D. and Walz, Tim","874"
"Clark","7513","President and Vice President of the United States","None Of These Candidates","6"
"Clark","7513","President and Vice President of the United States","Oliver, Chase and ter Maat, Michael","8"
"Clark","7513","President and Vice President of the United States","Skousen, Joel and Combs, Rik","3"
"Clark","7513","President and Vice President of the United States","Trump, Donald J. and Vance, JD","508"
"Clark","7514","President and Vice President of the United States","Harris, Kamala D. and Walz, Tim","0"
"Clark","7514","President and Vice President of the United States","None Of These Candidates","0"
"Clark","7514","President and Vice President of the United States","Oliver, Chase and ter Maat, Michael","0"
"Clark","7514","President and Vice President of the United States","Skousen, Joel and Combs, Rik","0"
"Clark","7514","President and Vice President of the United States","Trump, Donald J. and Vance, JD","0"
"Clark","7515","President and Vice President of the United States","Harris, Kamala D. and Walz, Tim","985"
"Clark","7515","President and Vice President of the United States","None Of These Candidates","15"
"Clark","7515","President and Vice President of the United States","Oliver, Chase and ter Maat, Michael","10"
"Clark","7515","President and Vice President of the United States","Skousen, Joel and Combs, Rik","2"
"Clark","7515","President and Vice President of the United States","Trump, Donald J. and Vance, JD","915"
"Clark","7522","President and Vice President of the United States","Harris, Kamala D. and Walz, Tim","1419"
"Clark","7522","President and Vice President of the United States","None Of These Candidates","16"
"Clark","7522","President and Vice President of the United States","Oliver, Chase and ter Maat, Michael","9"
"Clark","7522","President and Vice President of the United States","Skousen, Joel and Combs, Rik","4"
"Clark","7522","President and Vice President of the United States","Trump, Donald J. and Vance, JD","998"
"Clark","7523","President and Vice President of the United States","Harris, Kamala D. and Walz, Tim","171"
"Clark","7523","President and Vice President of the United States","None Of These Candidates","3"
"Clark","7523","President and Vice President of the United States","Oliver, Chase and ter Maat, Michael","1"
"Clark","7523","President and Vice President of the United States","Skousen, Joel and Combs, Rik","1"
"Clark","7523","President and Vice President of the United States","Trump, Donald J. and Vance, JD","124"
"Clark","7524","President and Vice President of the United States","Harris, Kamala D. and Walz, Tim","400"
"Clark","7524","President and Vice President of the United States","None Of These Candidates","7"
"Clark","7524","President and Vice President of the United States","Oliver, Chase and ter Maat, Michael","2"
"Clark","7524","President and Vice President of the United States","Skousen, Joel and Combs, Rik","0"
"Clark","7524","President and Vice President of the United States","Trump, Donald J. and Vance, JD","261"
"Clark","7526","President and Vice President of the United States","Harris, Kamala D. and Walz, Tim","298"
"Clark","7526","President and Vice President of the United States","None Of These Candidates","2"
"Clark","7526","President and Vice President of the United States","Oliver, Chase and ter Maat, Michael","1"
"Clark","7526","President and Vice President of the United States","Skousen, Joel and Combs, Rik","0"
"Clark","7526","President and Vice President of the United States","Trump, Donald J. and Vance, JD","181"
"Clark","7527","President and Vice President of the United States","Harris, Kamala D. and Walz, Tim","364"
"Clark","7527","President and Vice President of the United States","None Of These Candidates","7"
"Clark","7527","President and Vice President of the United States","Oliver, Chase and ter Maat, Michael","6"
"Clark","7527","President and Vice President of the United States","Skousen, Joel and Combs, Rik","2"
"Clark","7527","President and Vice President of the United States","Trump, Donald J. and Vance, JD","237"
"Clark","7528","President and Vice President of the United States","Harris, Kamala D. and Walz, Tim","824"
"Clark","7528","President and Vice President of the United States","None Of These Candidates","11"
"Clark","7528","President and Vice President of the United States","Oliver, Chase and ter Maat, Michael","9"
"Clark","7528","President and Vice President of the United States","Skousen, Joel and Combs, Rik","2"
"Clark","7528","President and Vice President of the United States","Trump, Donald J. and Vance, JD","530"
"Clark","7531","President and Vice President of the United States","Harris, Kamala D. and Walz, Tim","484"
"Clark","7531","President and Vice President of the United States","None Of These Candidates","8"
"Clark","7531","President and Vice President of the United States","Oliver, Chase and ter Maat, Michael","3"
"Clark","7531","President and Vice President of the United States","Skousen, Joel and Combs, Rik","3"
"Clark","7531","President and Vice President of the United States","Trump, Donald J. and Vance, JD","346"
"Clark","7542","President and Vice President of the United States","Harris, Kamala D. and Walz, Tim","17"
"Clark","7542","President and Vice President of the United States","None Of These Candidates","0"
"Clark","7542","President and Vice President of the United States","Oliver, Chase and ter Maat, Michael","0"
"Clark","7542","President and Vice President of the United States","Skousen, Joel and Combs, Rik","0"
"Clark","7542","President and Vice President of the United States","Trump, Donald J. and Vance, JD","20"
"Clark","7545","President and Vice President of the United States","Harris, Kamala D. and Walz, Tim","657"
"Clark","7545","President and Vice President of the United States","None Of These Candidates","23"
"Clark","7545","President and Vice President of the United States","Oliver, Chase and ter Maat, Michael","9"
"Clark","7545","President and Vice President of the United States","Skousen, Joel and Combs, Rik","2"
"Clark","7545","President and Vice President of the United States","Trump, Donald J. and Vance, JD","1556"
"Clark","7552","President and Vice President of the United States","Harris, Kamala D. and Walz, Tim","699"
"Clark","7552","President and Vice President of the United States","None Of These Candidates","25"
"Clark","7552","President and Vice President of the United States","Oliver, Chase and ter Maat, Michael","5"
"Clark","7552","President and Vice President of the United States","Skousen, Joel and Combs, Rik","4"
"Clark","7552","President and Vice President of the United States","Trump, Donald J. and Vance, JD","1369"
"Clark","7553","President and Vice President of the United States","Harris, Kamala D. and Walz, Tim","1032"
"Clark","7553","President and Vice President of the United States","None Of These Candidates","44"
"Clark","7553","President and Vice President of the United States","Oliver, Chase and ter Maat, Michael","17"
"Clark","7553","President and Vice President of the United States","Skousen, Joel and Combs, Rik","12"
"Clark","7553","President and Vice President of the United States","Trump, Donald J. and Vance, JD","1933"
"Clark","7562","President and Vice President of the United States","Harris, Kamala D. and Walz, Tim","899"
"Clark","7562","President and Vice President of the United States","None Of These Candidates","39"
"Clark","7562","President and Vice President of the United States","Oliver, Chase and ter Maat, Michael","10"
"Clark","7562","President and Vice President of the United States","Skousen, Joel and Combs, Rik","3"
"Clark","7562","President and Vice President of the United States","Trump, Donald J. and Vance, JD","1922"
"Clark","7569","President and Vice President of the United States","Harris, Kamala D. and Walz, Tim","1009"
"Clark","7569","President and Vice President of the United States","None Of These Candidates","17"
"Clark","7569","President and Vice President of the United States","Oliver, Chase and ter Maat, Michael","11"
"Clark","7569","President and Vice President of the United States","Skousen, Joel and Combs, Rik","7"
"Clark","7569","President and Vice President of the United States","Trump, Donald J. and Vance, JD","1076"
"Clark","7570","President and Vice President of the United States","Harris, Kamala D. and Walz, Tim","762"
"Clark","7570","President and Vice President of the United States","None Of These Candidates","24"
"Clark","7570","President and Vice President of the United States","Oliver, Chase and ter Maat, Michael","11"
"Clark","7570","President and Vice President of the United States","Skousen, Joel and Combs, Rik","2"
"Clark","7570","President and Vice President of the United States","Trump, Donald J. and Vance, JD","897"
"Clark","7582","President and Vice President of the United States","Harris, Kamala D. and Walz, Tim","329"
"Clark","7582","President and Vice President of the United States","None Of These Candidates","8"
"Clark","7582","President and Vice President of the United States","Oliver, Chase and ter Maat, Michael","2"
"Clark","7582","President and Vice President of the United States","Skousen, Joel and Combs, Rik","3"
"Clark","7582","President and Vice President of the United States","Trump, Donald J. and Vance, JD","429"
"Clark","7592","President and Vice President of the United States","Harris, Kamala D. and Walz, Tim","1324"
"Clark","7592","President and Vice President of the United States","None Of These Candidates","39"
"Clark","7592","President and Vice President of the United States","Oliver, Chase and ter Maat, Michael","12"
"Clark","7592","President and Vice President of the United States","Skousen, Joel and Combs, Rik","7"
"Clark","7592","President and Vice President of the United States","Trump, Donald J. and Vance, JD","1730"
"Clark","7595","President and Vice President of the United States","Harris, Kamala D. and Walz, Tim","233"
"Clark","7595","President and Vice President of the United States","None Of These Candidates","9"
"Clark","7595","President and Vice President of the United States","Oliver, Chase and ter Maat, Michael","4"
"Clark","7595","President and Vice President of the United States","Skousen, Joel and Combs, Rik","0"
"Clark","7595","President and Vice President of the United States","Trump, Donald J. and Vance, JD","736"
"Clark","7601","President and Vice President of the United States","Harris, Kamala D. and Walz, Tim","1065"
"Clark","7601","President and Vice President of the United States","None Of These Candidates","40"
"Clark","7601","President and Vice President of the United States","Oliver, Chase and ter Maat, Michael","11"
"Clark","7601","President and Vice President of the United States","Skousen, Joel and Combs, Rik","6"
"Clark","7601","President and Vice President of the United States","Trump, Donald J. and Vance, JD","1981"
"Clark","7603","President and Vice President of the United States","Harris, Kamala D. and Walz, Tim","707"
"Clark","7603","President and Vice President of the United States","None Of These Candidates","22"
"Clark","7603","President and Vice President of the United States","Oliver, Chase and ter Maat, Michael","6"
"Clark","7603","President and Vice President of the United States","Skousen, Joel and Combs, Rik","3"
"Clark","7603","President and Vice President of the United States","Trump, Donald J. and Vance, JD","1260"
"Clark","7604","President and Vice President of the United States","Harris, Kamala D. and Walz, Tim","864"
"Clark","7604","President and Vice President of the United States","None Of These Candidates","32"
"Clark","7604","President and Vice President of the United States","Oliver, Chase and ter Maat, Michael","5"
"Clark","7604","President and Vice President of the United States","Skousen, Joel and Combs, Rik","7"
"Clark","7604","President and Vice President of the United States","Trump, Donald J. and Vance, JD","1541"
"Clark","7611","President and Vice President of the United States","Harris, Kamala D. and Walz, Tim","1320"
"Clark","7611","President and Vice President of the United States","None Of These Candidates","44"
"Clark","7611","President and Vice President of the United States","Oliver, Chase and ter Maat, Michael","10"
"Clark","7611","President and Vice President of the United States","Skousen, Joel and Combs, Rik","1"
"Clark","7611","President and Vice President of the United States","Trump, Donald J. and Vance, JD","1876"
"Clark","7614","President and Vice President of the United States","Harris, Kamala D. and Walz, Tim","1251"
"Clark","7614","President and Vice President of the United States","None Of These Candidates","39"
"Clark","7614","President and Vice President of the United States","Oliver, Chase and ter Maat, Michael","7"
"Clark","7614","President and Vice President of the United States","Skousen, Joel and Combs, Rik","7"
"Clark","7614","President and Vice President of the United States","Trump, Donald J. and Vance, JD","1351"
"Clark","7622","President and Vice President of the United States","Harris, Kamala D. and Walz, Tim","256"
"Clark","7622","President and Vice President of the United States","None Of These Candidates","8"
"Clark","7622","President and Vice President of the United States","Oliver, Chase and ter Maat, Michael","4"
"Clark","7622","President and Vice President of the United States","Skousen, Joel and Combs, Rik","3"
"Clark","7622","President and Vice President of the United States","Trump, Donald J. and Vance, JD","289"
"Clark","7624","President and Vice President of the United States","Harris, Kamala D. and Walz, Tim","704"
"Clark","7624","President and Vice President of the United States","None Of These Candidates","10"
"Clark","7624","President and Vice President of the United States","Oliver, Chase and ter Maat, Michael","1"
"Clark","7624","President and Vice President of the United States","Skousen, Joel and Combs, Rik","3"
"Clark","7624","President and Vice President of the United States","Trump, Donald J. and Vance, JD","632"
"Clark","7625","President and Vice President of the United States","Harris, Kamala D. and Walz, Tim","1201"
"Clark","7625","President and Vice President of the United States","None Of These Candidates","39"
"Clark","7625","President and Vice President of the United States","Oliver, Chase and ter Maat, Michael","9"
"Clark","7625","President and Vice President of the United States","Skousen, Joel and Combs, Rik","4"
"Clark","7625","President and Vice President of the United States","Trump, Donald J. and Vance, JD","1408"
"Clark","7634","President and Vice President of the United States","Harris, Kamala D. and Walz, Tim","739"
"Clark","7634","President and Vice President of the United States","None Of These Candidates","28"
"Clark","7634","President and Vice President of the United States","Oliver, Chase and ter Maat, Michael","5"
"Clark","7634","President and Vice President of the United States","Skousen, Joel and Combs, Rik","1"
"Clark","7634","President and Vice President of the United States","Trump, Donald J. and Vance, JD","789"
"Clark","7641","President and Vice President of the United States","Harris, Kamala D. and Walz, Tim","717"
"Clark","7641","President and Vice President of the United States","None Of These Candidates","20"
"Clark","7641","President and Vice President of the United States","Oliver, Chase and ter Maat, Michael","1"
"Clark","7641","President and Vice President of the United States","Skousen, Joel and Combs, Rik","1"
"Clark","7641","President and Vice President of the United States","Trump, Donald J. and Vance, JD","857"
"Clark","7643","President and Vice President of the United States","Harris, Kamala D. and Walz, Tim","803"
"Clark","7643","President and Vice President of the United States","None Of These Candidates","35"
"Clark","7643","President and Vice President of the United States","Oliver, Chase and ter Maat, Michael","5"
"Clark","7643","President and Vice President of the United States","Skousen, Joel and Combs, Rik","3"
"Clark","7643","President and Vice President of the United States","Trump, Donald J. and Vance, JD","922"
"Clark","7651","President and Vice President of the United States","Harris, Kamala D. and Walz, Tim","927"
"Clark","7651","President and Vice President of the United States","None Of These Candidates","30"
"Clark","7651","President and Vice President of the United States","Oliver, Chase and ter Maat, Michael","7"
"Clark","7651","President and Vice President of the United States","Skousen, Joel and Combs, Rik","2"
"Clark","7651","President and Vice President of the United States","Trump, Donald J. and Vance, JD","986"
"Clark","7652","President and Vice President of the United States","Harris, Kamala D. and Walz, Tim","513"
"Clark","7652","President and Vice President of the United States","None Of These Candidates","17"
"Clark","7652","President and Vice President of the United States","Oliver, Chase and ter Maat, Michael","3"
"Clark","7652","President and Vice President of the United States","Skousen, Joel and Combs, Rik","2"
"Clark","7652","President and Vice President of the United States","Trump, Donald J. and Vance, JD","775"
"Clark","7654","President and Vice President of the United States","Harris, Kamala D. and Walz, Tim","41"
"Clark","7654","President and Vice President of the United States","None Of These Candidates","0"
"Clark","7654","President and Vice President of the United States","Oliver, Chase and ter Maat, Michael","0"
"Clark","7654","President and Vice President of the United States","Skousen, Joel and Combs, Rik","1"
"Clark","7654","President and Vice President of the United States","Trump, Donald J. and Vance, JD","46"
"Clark","7663","President and Vice President of the United States","Harris, Kamala D. and Walz, Tim","403"
"Clark","7663","President and Vice President of the United States","None Of These Candidates","4"
"Clark","7663","President and Vice President of the United States","Oliver, Chase and ter Maat, Michael","5"
"Clark","7663","President and Vice President of the United States","Skousen, Joel and Combs, Rik","1"
"Clark","7663","President and Vice President of the United States","Trump, Donald J. and Vance, JD","389"
"Clark","7665","President and Vice President of the United States","Harris, Kamala D. and Walz, Tim","1433"
"Clark","7665","President and Vice President of the United States","None Of These Candidates","39"
"Clark","7665","President and Vice President of the United States","Oliver, Chase and ter Maat, Michael","8"
"Clark","7665","President and Vice President of the United States","Skousen, Joel and Combs, Rik","3"
"Clark","7665","President and Vice President of the United States","Trump, Donald J. and Vance, JD","1373"
"Clark","7674","President and Vice President of the United States","Harris, Kamala D. and Walz, Tim","561"
"Clark","7674","President and Vice President of the United States","None Of These Candidates","19"
"Clark","7674","President and Vice President of the United States","Oliver, Chase and ter Maat, Michael","6"
"Clark","7674","President and Vice President of the United States","Skousen, Joel and Combs, Rik","0"
"Clark","7674","President and Vice President of the United States","Trump, Donald J. and Vance, JD","691"
"Clark","7675","President and Vice President of the United States","Harris, Kamala D. and Walz, Tim","328"
"Clark","7675","President and Vice President of the United States","None Of These Candidates","7"
"Clark","7675","President and Vice President of the United States","Oliver, Chase and ter Maat, Michael","4"
"Clark","7675","President and Vice President of the United States","Skousen, Joel and Combs, Rik","1"
"Clark","7675","President and Vice President of the United States","Trump, Donald J. and Vance, JD","447"
"Clark","7683","President and Vice President of the United States","Harris, Kamala D. and Walz, Tim","627"
"Clark","7683","President and Vice President of the United States","None Of These Candidates","18"
"Clark","7683","President and Vice President of the United States","Oliver, Chase and ter Maat, Michael","5"
"Clark","7683","President and Vice President of the United States","Skousen, Joel and Combs, Rik","1"
"Clark","7683","President and Vice President of the United States","Trump, Donald J. and Vance, JD","650"
"Clark","7684","President and Vice President of the United States","Harris, Kamala D. and Walz, Tim","865"
"Clark","7684","President and Vice President of the United States","None Of These Candidates","25"
"Clark","7684","President and Vice President of the United States","Oliver, Chase and ter Maat, Michael","3"
"Clark","7684","President and Vice President of the United States","Skousen, Joel and Combs, Rik","0"
"Clark","7684","President and Vice President of the United States","Trump, Donald J. and Vance, JD","768"
"Clark","7691","President and Vice President of the United States","Harris, Kamala D. and Walz, Tim","836"
"Clark","7691","President and Vice President of the United States","None Of These Candidates","37"
"Clark","7691","President and Vice President of the United States","Oliver, Chase and ter Maat, Michael","2"
"Clark","7691","President and Vice President of the United States","Skousen, Joel and Combs, Rik","1"
"Clark","7691","President and Vice President of the United States","Trump, Donald J. and Vance, JD","992"
"Clark","7705","President and Vice President of the United States","Harris, Kamala D. and Walz, Tim","461"
"Clark","7705","President and Vice President of the United States","None Of These Candidates","11"
"Clark","7705","President and Vice President of the United States","Oliver, Chase and ter Maat, Michael","3"
"Clark","7705","President and Vice President of the United States","Skousen, Joel and Combs, Rik","1"
"Clark","7705","President and Vice President of the United States","Trump, Donald J. and Vance, JD","621"
"Clark","7707","President and Vice President of the United States","Harris, Kamala D. and Walz, Tim","161"
"Clark","7707","President and Vice President of the United States","None Of These Candidates","4"
"Clark","7707","President and Vice President of the United States","Oliver, Chase and ter Maat, Michael","1"
"Clark","7707","President and Vice President of the United States","Skousen, Joel and Combs, Rik","2"
"Clark","7707","President and Vice President of the United States","Trump, Donald J. and Vance, JD","176"
"Clark","7714","President and Vice President of the United States","Harris, Kamala D. and Walz, Tim","434"
"Clark","7714","President and Vice President of the United States","None Of These Candidates","14"
"Clark","7714","President and Vice President of the United States","Oliver, Chase and ter Maat, Michael","7"
"Clark","7714","President and Vice President of the United States","Skousen, Joel and Combs, Rik","2"
"Clark","7714","President and Vice President of the United States","Trump, Donald J. and Vance, JD","307"
"Clark","7715","President and Vice President of the United States","Harris, Kamala D. and Walz, Tim","765"
"Clark","7715","President and Vice President of the United States","None Of These Candidates","14"
"Clark","7715","President and Vice President of the United States","Oliver, Chase and ter Maat, Michael","7"
"Clark","7715","President and Vice President of the United States","Skousen, Joel and Combs, Rik","1"
"Clark","7715","President and Vice President of the United States","Trump, Donald J. and Vance, JD","666"
"Clark","7723","President and Vice President of the United States","Harris, Kamala D. and Walz, Tim","723"
"Clark","7723","President and Vice President of the United States","None Of These Candidates","17"
"Clark","7723","President and Vice President of the United States","Oliver, Chase and ter Maat, Michael","7"
"Clark","7723","President and Vice President of the United States","Skousen, Joel and Combs, Rik","2"
"Clark","7723","President and Vice President of the United States","Trump, Donald J. and Vance, JD","640"
"Clark","7726","President and Vice President of the United States","Harris, Kamala D. and Walz, Tim","324"
"Clark","7726","President and Vice President of the United States","None Of These Candidates","4"
"Clark","7726","President and Vice President of the United States","Oliver, Chase and ter Maat, Michael","0"
"Clark","7726","President and Vice President of the United States","Skousen, Joel and Combs, Rik","0"
"Clark","7726","President and Vice President of the United States","Trump, Donald J. and Vance, JD","161"
"Clark","7730","President and Vice President of the United States","Harris, Kamala D. and Walz, Tim","1034"
"Clark","7730","President and Vice President of the United States","None Of These Candidates","30"
"Clark","7730","President and Vice President of the United States","Oliver, Chase and ter Maat, Michael","10"
"Clark","7730","President and Vice President of the United States","Skousen, Joel and Combs, Rik","6"
"Clark","7730","President and Vice President of the United States","Trump, Donald J. and Vance, JD","951"
"Clark","7745","President and Vice President of the United States","Harris, Kamala D. and Walz, Tim","*"
"Clark","7745","President and Vice President of the United States","None Of These Candidates","*"
"Clark","7745","President and Vice President of the United States","Oliver, Chase and ter Maat, Michael","*"
"Clark","7745","President and Vice President of the United States","Skousen, Joel and Combs, Rik","*"
"Clark","7745","President and Vice President of the United States","Trump, Donald J. and Vance, JD","*"
"Clark","9995","President and Vice President of the United States","Harris, Kamala D. and Walz, Tim","0"
"Clark","9995","President and Vice President of the United States","None Of These Candidates","0"
"Clark","9995","President and Vice President of the United States","Oliver, Chase and ter Maat, Michael","0"
"Clark","9995","President and Vice President of the United States","Skousen, Joel and Combs, Rik","0"
"Clark","9995","President and Vice President of the United States","Trump, Donald J. and Vance, JD","0"
"Clark","9996","President and Vice President of the United States","Harris, Kamala D. and Walz, Tim","22"
"Clark","9996","President and Vice President of the United States","None Of These Candidates","0"
"Clark","9996","President and Vice President of the United States","Oliver, Chase and ter Maat, Michael","0"
"Clark","9996","President and Vice President of the United States","Skousen, Joel and Combs, Rik","0"
"Clark","9996","President and Vice President of the United States","Trump, Donald J. and Vance, JD","18"
"Douglas","01-Centerville","President and Vice President of the United States","Harris, Kamala D. and Walz, Tim","278"
"Douglas","01-Centerville","President and Vice President of the United States","None Of These Candidates","20"
"Douglas","01-Centerville","President and Vice President of the United States","Oliver, Chase and ter Maat, Michael","6"
"Douglas","01-Centerville","President and Vice President of the United States","Skousen, Joel and Combs, Rik","0"
"Douglas","01-Centerville","President and Vice President of the United States","Trump, Donald J. and Vance, JD","720"
"Douglas","02-Fish Springs","President and Vice President of the United States","Harris, Kamala D. and Walz, Tim","372"
"Douglas","02-Fish Springs","President and Vice President of the United States","None Of These Candidates","16"
"Douglas","02-Fish Springs","President and Vice President of the United States","Oliver, Chase and ter Maat, Michael","3"
"Douglas","02-Fish Springs","President and Vice President of the United States","Skousen, Joel and Combs, Rik","1"
"Douglas","02-Fish Springs","President and Vice President of the United States","Trump, Donald J. and Vance, JD","1053"
"Douglas","03-Gardnerville","President and Vice President of the United States","Harris, Kamala D. and Walz, Tim","427"
"Douglas","03-Gardnerville","President and Vice President of the United States","None Of These Candidates","15"
"Douglas","03-Gardnerville","President and Vice President of the United States","Oliver, Chase and ter Maat, Michael","4"
"Douglas","03-Gardnerville","President and Vice President of the United States","Skousen, Joel and Combs, Rik","2"
"Douglas","03-Gardnerville","President and Vice President of the United States","Trump, Donald J. and Vance, JD","640"
"Douglas","04-Carson Valley Estates","President and Vice President of the United States","Harris, Kamala D. and Walz, Tim","289"
"Douglas","04-Carson Valley Estates","President and Vice President of the United States","None Of These Candidates","10"
"Douglas","04-Carson Valley Estates","President and Vice President of the United States","Oliver, Chase and ter Maat, Michael","4"
"Douglas","04-Carson Valley Estates","President and Vice President of the United States","Skousen, Joel and Combs, Rik","5"
"Douglas","04-Carson Valley Estates","President and Vice President of the United States","Trump, Donald J. and Vance, JD","509"
"Douglas","05-Genoa","President and Vice President of the United States","Harris, Kamala D. and Walz, Tim","277"
"Douglas","05-Genoa","President and Vice President of the United States","None Of These Candidates","18"
"Douglas","05-Genoa","President and Vice President of the United States","Oliver, Chase and ter Maat, Michael","6"
"Douglas","05-Genoa","President and Vice President of the United States","Skousen, Joel and Combs, Rik","2"
"Douglas","05-Genoa","President and Vice President of the United States","Trump, Donald J. and Vance, JD","638"
"Douglas","06-Jacks Valley","President and Vice President of the United States","Harris, Kamala D. and Walz, Tim","561"
"Douglas","06-Jacks Valley","President and Vice President of the United States","None Of These Candidates","31"
"Douglas","06-Jacks Valley","President and Vice President of the United States","Oliver, Chase and ter Maat, Michael","6"
"Douglas","06-Jacks Valley","President and Vice President of the United States","Skousen, Joel and Combs, Rik","2"
"Douglas","06-Jacks Valley","President and Vice President of the United States","Trump, Donald J. and Vance, JD","958"
"Douglas","07-Minden","President and Vice President of the United States","Harris, Kamala D. and Walz, Tim","337"
"Douglas","07-Minden","President and Vice President of the United States","None Of These Candidates","22"
"Douglas","07-Minden","President and Vice President of the United States","Oliver, Chase and ter Maat, Michael","7"
"Douglas","07-Minden","President and Vice President of the United States","Skousen, Joel and Combs, Rik","0"
"Douglas","07-Minden","President and Vice President of the United States","Trump, Donald J. and Vance, JD","557"
"Douglas","08-Ranchos I","President and Vice President of the United States","Harris, Kamala D. and Walz, Tim","346"
"Douglas","08-Ranchos I","President and Vice President of the United States","None Of These Candidates","11"
"Douglas","08-Ranchos I","President and Vice President of the United States","Oliver, Chase and ter Maat, Michael","3"
"Douglas","08-Ranchos I","President and Vice President of the United States","Skousen, Joel and Combs, Rik","3"
"Douglas","08-Ranchos I","President and Vice President of the United States","Trump, Donald J. and Vance, JD","855"
"Douglas","09-Ranchos II","President and Vice President of the United States","Harris, Kamala D. and Walz, Tim","334"
"Douglas","09-Ranchos II","President and Vice President of the United States","None Of These Candidates","12"
"Douglas","09-Ranchos II","President and Vice President of the United States","Oliver, Chase and ter Maat, Michael","1"
"Douglas","09-Ranchos II","President and Vice President of the United States","Skousen, Joel and Combs, Rik","0"
"Douglas","09-Ranchos II","President and Vice President of the United States","Trump, Donald J. and Vance, JD","657"
"Douglas","10-TRE","President and Vice President of the United States","Harris, Kamala D. and Walz, Tim","285"
"Douglas","10-TRE","President and Vice President of the United States","None Of These Candidates","8"
"Douglas","10-TRE","President and Vice President of the United States","Oliver, Chase and ter Maat, Michael","12"
"Douglas","10-TRE","President and Vice President of the United States","Skousen, Joel and Combs, Rik","8"
"Douglas","10-TRE","President and Vice President of the United States","Trump, Donald J. and Vance, JD","866"
"Douglas","11-Johnson Lane","President and Vice President of the United States","Harris, Kamala D. and Walz, Tim","300"
"Douglas","11-Johnson Lane","President and Vice President of the United States","None Of These Candidates","15"
"Douglas","11-Johnson Lane","President and Vice President of the United States","Oliver, Chase and ter Maat, Michael","4"
"Douglas","11-Johnson Lane","President and Vice President of the United States","Skousen, Joel and Combs, Rik","2"
"Douglas","11-Johnson Lane","President and Vice President of the United States","Trump, Donald J. and Vance, JD","878"
"Douglas","12-Dresslerville","President and Vice President of the United States","Harris, Kamala D. and Walz, Tim","97"
"Douglas","12-Dresslerville","President and Vice President of the United States","None Of These Candidates","0"
"Douglas","12-Dresslerville","President and Vice President of the United States","Oliver, Chase and ter Maat, Michael","1"
"Douglas","12-Dresslerville","President and Vice President of the United States","Skousen, Joel and Combs, Rik","1"
"Douglas","12-Dresslerville","President and Vice President of the United States","Trump, Donald J. and Vance, JD","34"
"Douglas","13-Indian Hills - West","President and Vice President of the United States","Harris, Kamala D. and Walz, Tim","514"
"Douglas","13-Indian Hills - West","President and Vice President of the United States","None Of These Candidates","12"
"Douglas","13-Indian Hills - West","President and Vice President of the United States","Oliver, Chase and ter Maat, Michael","10"
"Douglas","13-Indian Hills - West","President and Vice President of the United States","Skousen, Joel and Combs, Rik","5"
"Douglas","13-Indian Hills - West","President and Vice President of the United States","Trump, Donald J. and Vance, JD","919"
"Douglas","14-Pinenut","President and Vice President of the United States","Harris, Kamala D. and Walz, Tim","219"
"Douglas","14-Pinenut","President and Vice President of the United States","None Of These Candidates","10"
"Douglas","14-Pinenut","President and Vice President of the United States","Oliver, Chase and ter Maat, Michael","3"
"Douglas","14-Pinenut","President and Vice President of the United States","Skousen, Joel and Combs, Rik","3"
"Douglas","14-Pinenut","President and Vice President of the United States","Trump, Donald J. and Vance, JD","774"
"Douglas","15-Valley","President and Vice President of the United States","Harris, Kamala D. and Walz, Tim","101"
"Douglas","15-Valley","President and Vice President of the United States","None Of These Candidates","6"
"Douglas","15-Valley","President and Vice President of the United States","Oliver, Chase and ter Maat, Michael","3"
"Douglas","15-Valley","President and Vice President of the United States","Skousen, Joel and Combs, Rik","1"
"Douglas","15-Valley","President and Vice President of the United States","Trump, Donald J. and Vance, JD","332"
"Douglas","16-Mottsville","President and Vice President of the United States","Harris, Kamala D. and Walz, Tim","234"
"Douglas","16-Mottsville","President and Vice President of the United States","None Of These Candidates","10"
"Douglas","16-Mottsville","President and Vice President of the United States","Oliver, Chase and ter Maat, Michael","2"
"Douglas","16-Mottsville","President and Vice President of the United States","Skousen, Joel and Combs, Rik","3"
"Douglas","16-Mottsville","President and Vice President of the United States","Trump, Donald J. and Vance, JD","522"
"Douglas","17-Ruhenstroth","President and Vice President of the United States","Harris, Kamala D. and Walz, Tim","372"
"Douglas","17-Ruhenstroth","President and Vice President of the United States","None Of These Candidates","23"
"Douglas","17-Ruhenstroth","President and Vice President of the United States","Oliver, Chase and ter Maat, Michael","2"
"Douglas","17-Ruhenstroth","President and Vice President of the United States","Skousen, Joel and Combs, Rik","0"
"Douglas","17-Ruhenstroth","President and Vice President of the United States","Trump, Donald J. and Vance, JD","1093"
"Douglas","18-Ranchos III","President and Vice President of the United States","Harris, Kamala D. and Walz, Tim","227"
"Douglas","18-Ranchos III","President and Vice President of the United States","None Of These Candidates","15"
"Douglas","18-Ranchos III","President and Vice President of the United States","Oliver, Chase and ter Maat, Michael","0"
"Douglas","18-Ranchos III","President and Vice President of the United States","Skousen, Joel and Combs, Rik","1"
"Douglas","18-Ranchos III","President and Vice President of the United States","Trump, Donald J. and Vance, JD","458"
"Douglas","19-Ranchos IV","President and Vice President of the United States","Harris, Kamala D. and Walz, Tim","332"
"Douglas","19-Ranchos IV","President and Vice President of the United States","None Of These Candidates","19"
"Douglas","19-Ranchos IV","President and Vice President of the United States","Oliver, Chase and ter Maat, Michael","3"
"Douglas","19-Ranchos IV","President and Vice President of the United States","Skousen, Joel and Combs, Rik","4"
"Douglas","19-Ranchos IV","President and Vice President of the United States","Trump, Donald J. and Vance, JD","620"
"Douglas","20-Birch/Ranchos","President and Vice President of the United States","Harris, Kamala D. and Walz, Tim","360"
"Douglas","20-Birch/Ranchos","President and Vice President of the United States","None Of These Candidates","20"
"Douglas","20-Birch/Ranchos","President and Vice President of the United States","Oliver, Chase and ter Maat, Michael","0"
"Douglas","20-Birch/Ranchos","President and Vice President of the United States","Skousen, Joel and Combs, Rik","1"
"Douglas","20-Birch/Ranchos","President and Vice President of the United States","Trump, Donald J. and Vance, JD","696"
"Douglas","21-Wildhorse","President and Vice President of the United States","Harris, Kamala D. and Walz, Tim","294"
"Douglas","21-Wildhorse","President and Vice President of the United States","None Of These Candidates","18"
"Douglas","21-Wildhorse","President and Vice President of the United States","Oliver, Chase and ter Maat, Michael","3"
"Douglas","21-Wildhorse","President and Vice President of the United States","Skousen, Joel and Combs, Rik","2"
"Douglas","21-Wildhorse","President and Vice President of the United States","Trump, Donald J. and Vance, JD","815"
"Douglas","22-Saratoga","President and Vice President of the United States","Harris, Kamala D. and Walz, Tim","405"
"Douglas","22-Saratoga","President and Vice President of the United States","None Of These Candidates","22"
"Douglas","22-Saratoga","President and Vice President of the United States","Oliver, Chase and ter Maat, Michael","5"
"Douglas","22-Saratoga","President and Vice President of the United States","Skousen, Joel and Combs, Rik","0"
"Douglas","22-Saratoga","President and Vice President of the United States","Trump, Donald J. and Vance, JD","822"
"Douglas","23-Indian Hills - East","President and Vice President of the United States","Harris, Kamala D. and Walz, Tim","416"
"Douglas","23-Indian Hills - East","President and Vice President of the United States","None Of These Candidates","17"
"Douglas","23-Indian Hills - East","President and Vice President of the United States","Oliver, Chase and ter Maat, Michael","4"
"Douglas","23-Indian Hills - East","President and Vice President of the United States","Skousen, Joel and Combs, Rik","0"
"Douglas","23-Indian Hills - East","President and Vice President of the United States","Trump, Donald J. and Vance, JD","665"
"Douglas","24-Topaz Lake","President and Vice President of the United States","Harris, Kamala D. and Walz, Tim","118"
"Douglas","24-Topaz Lake","President and Vice President of the United States","None Of These Candidates","11"
"Douglas","24-Topaz Lake","President and Vice President of the United States","Oliver, Chase and ter Maat, Michael","1"
"Douglas","24-Topaz Lake","President and Vice President of the United States","Skousen, Joel and Combs, Rik","0"
"Douglas","24-Topaz Lake","President and Vice President of the United States","Trump, Donald J. and Vance, JD","396"
"Douglas","25-Pleasantview","President and Vice President of the United States","Harris, Kamala D. and Walz, Tim","448"
"Douglas","25-Pleasantview","President and Vice President of the United States","None Of These Candidates","29"
"Douglas","25-Pleasantview","President and Vice President of the United States","Oliver, Chase and ter Maat, Michael","3"
"Douglas","25-Pleasantview","President and Vice President of the United States","Skousen, Joel and Combs, Rik","2"
"Douglas","25-Pleasantview","President and Vice President of the United States","Trump, Donald J. and Vance, JD","983"
"Douglas","26-Westwood","President and Vice President of the United States","Harris, Kamala D. and Walz, Tim","182"
"Douglas","26-Westwood","President and Vice President of the United States","None Of These Candidates","9"
"Douglas","26-Westwood","President and Vice President of the United States","Oliver, Chase and ter Maat, Michael","1"
"Douglas","26-Westwood","President and Vice President of the United States","Skousen, Joel and Combs, Rik","2"
"Douglas","26-Westwood","President and Vice President of the United States","Trump, Donald J. and Vance, JD","377"
"Douglas","27-Winhaven","President and Vice President of the United States","Harris, Kamala D. and Walz, Tim","306"
"Douglas","27-Winhaven","President and Vice President of the United States","None Of These Candidates","17"
"Douglas","27-Winhaven","President and Vice President of the United States","Oliver, Chase and ter Maat, Michael","1"
"Douglas","27-Winhaven","President and Vice President of the United States","Skousen, Joel and Combs, Rik","2"
"Douglas","27-Winhaven","President and Vice President of the United States","Trump, Donald J. and Vance, JD","522"
"Douglas","28-Orchard Road","President and Vice President of the United States","Harris, Kamala D. and Walz, Tim","257"
"Douglas","28-Orchard Road","President and Vice President of the United States","None Of These Candidates","15"
"Douglas","28-Orchard Road","President and Vice President of the United States","Oliver, Chase and ter Maat, Michael","2"
"Douglas","28-Orchard Road","President and Vice President of the United States","Skousen, Joel and Combs, Rik","2"
"Douglas","28-Orchard Road","President and Vice President of the United States","Trump, Donald J. and Vance, JD","728"
"Douglas","29-Autumn Hills","President and Vice President of the United States","Harris, Kamala D. and Walz, Tim","216"
"Douglas","29-Autumn Hills","President and Vice President of the United States","None Of These Candidates","16"
"Douglas","29-Autumn Hills","President and Vice President of the United States","Oliver, Chase and ter Maat, Michael","5"
"Douglas","29-Autumn Hills","President and Vice President of the United States","Skousen, Joel and Combs, Rik","2"
"Douglas","29-Autumn Hills","President and Vice President of the United States","Trump, Donald J. and Vance, JD","503"
"Douglas","30-East Fork","President and Vice President of the United States","Harris, Kamala D. and Walz, Tim","*"
"Douglas","30-East Fork","President and Vice President of the United States","None Of These Candidates","*"
"Douglas","30-East Fork","President and Vice President of the United States","Oliver, Chase and ter Maat, Michael","*"
"Douglas","30-East Fork","President and Vice President of the United States","Skousen, Joel and Combs, Rik","*"
"Douglas","30-East Fork","President and Vice President of the United States","Trump, Donald J. and Vance, JD","*"
"Douglas","31-Chichester","President and Vice President of the United States","Harris, Kamala D. and Walz, Tim","271"
"Douglas","31-Chichester","President and Vice President of the United States","None Of These Candidates","16"
"Douglas","31-Chichester","President and Vice President of the United States","Oliver, Chase and ter Maat, Michael","1"
"Douglas","31-Chichester","President and Vice President of the United States","Skousen, Joel and Combs, Rik","1"
"Douglas","31-Chichester","President and Vice President of the United States","Trump, Donald J. and Vance, JD","453"
"Douglas","32-East Valley","President and Vice President of the United States","Harris, Kamala D. and Walz, Tim","151"
"Douglas","32-East Valley","President and Vice President of the United States","None Of These Candidates","11"
"Douglas","32-East Valley","President and Vice President of the United States","Oliver, Chase and ter Maat, Michael","1"
"Douglas","32-East Valley","President and Vice President of the United States","Skousen, Joel and Combs, Rik","0"
"Douglas","32-East Valley","President and Vice President of the United States","Trump, Donald J. and Vance, JD","378"
"Douglas","33-Hot Springs","President and Vice President of the United States","Harris, Kamala D. and Walz, Tim","175"
"Douglas","33-Hot Springs","President and Vice President of the United States","None Of These Candidates","6"
"Douglas","33-Hot Springs","President and Vice President of the United States","Oliver, Chase and ter Maat, Michael","2"
"Douglas","33-Hot Springs","President and Vice President of the United States","Skousen, Joel and Combs, Rik","2"
"Douglas","33-Hot Springs","President and Vice President of the United States","Trump, Donald J. and Vance, JD","353"
"Douglas","34-Sunridge","President and Vice President of the United States","Harris, Kamala D. and Walz, Tim","158"
"Douglas","34-Sunridge","President and Vice President of the United States","None Of These Candidates","10"
"Douglas","34-Sunridge","President and Vice President of the United States","Oliver, Chase and ter Maat, Michael","2"
"Douglas","34-Sunridge","President and Vice President of the United States","Skousen, Joel and Combs, Rik","0"
"Douglas","34-Sunridge","President and Vice President of the United States","Trump, Donald J. and Vance, JD","332"
"Douglas","35-Glenbrook","President and Vice President of the United States","Harris, Kamala D. and Walz, Tim","144"
"Douglas","35-Glenbrook","President and Vice President of the United States","None Of These Candidates","8"
"Douglas","35-Glenbrook","President and Vice President of the United States","Oliver, Chase and ter Maat, Michael","3"
"Douglas","35-Glenbrook","President and Vice President of the United States","Skousen, Joel and Combs, Rik","1"
"Douglas","35-Glenbrook","President and Vice President of the United States","Trump, Donald J. and Vance, JD","283"
"Douglas","36-Skyland","President and Vice President of the United States","Harris, Kamala D. and Walz, Tim","163"
"Douglas","36-Skyland","President and Vice President of the United States","None Of These Candidates","12"
"Douglas","36-Skyland","President and Vice President of the United States","Oliver, Chase and ter Maat, Michael","4"
"Douglas","36-Skyland","President and Vice President of the United States","Skousen, Joel and Combs, Rik","0"
"Douglas","36-Skyland","President and Vice President of the United States","Trump, Donald J. and Vance, JD","269"
"Douglas","37-Zephyr Cove","President and Vice President of the United States","Harris, Kamala D. and Walz, Tim","234"
"Douglas","37-Zephyr Cove","President and Vice President of the United States","None Of These Candidates","11"
"Douglas","37-Zephyr Cove","President and Vice President of the United States","Oliver, Chase and ter Maat, Michael","3"
"Douglas","37-Zephyr Cove","President and Vice President of the United States","Skousen, Joel and Combs, Rik","1"
"Douglas","37-Zephyr Cove","President and Vice President of the United States","Trump, Donald J. and Vance, JD","284"
"Douglas","38-Round Hill","President and Vice President of the United States","Harris, Kamala D. and Walz, Tim","317"
"Douglas","38-Round Hill","President and Vice President of the United States","None Of These Candidates","11"
"Douglas","38-Round Hill","President and Vice President of the United States","Oliver, Chase and ter Maat, Michael","1"
"Douglas","38-Round Hill","President and Vice President of the United States","Skousen, Joel and Combs, Rik","2"
"Douglas","38-Round Hill","President and Vice President of the United States","Trump, Donald J. and Vance, JD","315"
"Douglas","39-Edgewood","President and Vice President of the United States","Harris, Kamala D. and Walz, Tim","134"
"Douglas","39-Edgewood","President and Vice President of the United States","None Of These Candidates","4"
"Douglas","39-Edgewood","President and Vice President of the United States","Oliver, Chase and ter Maat, Michael","4"
"Douglas","39-Edgewood","President and Vice President of the United States","Skousen, Joel and Combs, Rik","0"
"Douglas","39-Edgewood","President and Vice President of the United States","Trump, Donald J. and Vance, JD","136"
"Douglas","40-Kingsbury","President and Vice President of the United States","Harris, Kamala D. and Walz, Tim","429"
"Douglas","40-Kingsbury","President and Vice President of the United States","None Of These Candidates","12"
"Douglas","40-Kingsbury","President and Vice President of the United States","Oliver, Chase and ter Maat, Michael","5"
"Douglas","40-Kingsbury","President and Vice President of the United States","Skousen, Joel and Combs, Rik","1"
"Douglas","40-Kingsbury","President and Vice President of the United States","Trump, Donald J. and Vance, JD","436"
"Douglas","41-Daggett","President and Vice President of the United States","Harris, Kamala D. and Walz, Tim","472"
"Douglas","41-Daggett","President and Vice President of the United States","None Of These Candidates","10"
"Douglas","41-Daggett","President and Vice President of the United States","Oliver, Chase and ter Maat, Michael","11"
"Douglas","41-Daggett","President and Vice President of the United States","Skousen, Joel and Combs, Rik","2"
"Douglas","41-Daggett","President and Vice President of the United States","Trump, Donald J. and Vance, JD","404"
"Douglas","88","President and Vice President of the United States","Harris, Kamala D. and Walz, Tim","0"
"Douglas","88","President and Vice President of the United States","None Of These Candidates","0"
"Douglas","88","President and Vice President of the United States","Oliver, Chase and ter Maat, Michael","0"
"Douglas","88","President and Vice President of the United States","Skousen, Joel and Combs, Rik","0"
"Douglas","88","President and Vice President of the United States","Trump, Donald J. and Vance, JD","0"
"Douglas","99","President and Vice President of the United States","Harris, Kamala D. and Walz, Tim","*"
"Douglas","99","President and Vice President of the United States","None Of These Candidates","*"
"Douglas","99","President and Vice President of the United States","Oliver, Chase and ter Maat, Michael","*"
"Douglas","99","President and Vice President of the United States","Skousen, Joel and Combs, Rik","*"
"Douglas","99","President and Vice President of the United States","Trump, Donald J. and Vance, JD","*"
"Elko","01","President and Vice President of the United States","Harris, Kamala D. and Walz, Tim","138"
"Elko","01","President and Vice President of the United States","None Of These Candidates","11"
"Elko","01","President and Vice President of the United States","Oliver, Chase and ter Maat, Michael","2"
"Elko","01","President and Vice President of the United States","Skousen, Joel and Combs, Rik","1"
"Elko","01","President and Vice President of the United States","Trump, Donald J. and Vance, JD","394"
"Elko","02","President and Vice President of the United States","Harris, Kamala D. and Walz, Tim","125"
"Elko","02","President and Vice President of the United States","None Of These Candidates","7"
"Elko","02","President and Vice President of the United States","Oliver, Chase and ter Maat, Michael","4"
"Elko","02","President and Vice President of the United States","Skousen, Joel and Combs, Rik","0"
"Elko","02","President and Vice President of the United States","Trump, Donald J. and Vance, JD","296"
"Elko","03","President and Vice President of the United States","Harris, Kamala D. and Walz, Tim","152"
"Elko","03","President and Vice President of the United States","None Of These Candidates","13"
"Elko","03","President and Vice President of the United States","Oliver, Chase and ter Maat, Michael","1"
"Elko","03","President and Vice President of the United States","Skousen, Joel and Combs, Rik","1"
"Elko","03","President and Vice President of the United States","Trump, Donald J. and Vance, JD","349"
"Elko","04","President and Vice President of the United States","Harris, Kamala D. and Walz, Tim","148"
"Elko","04","President and Vice President of the United States","None Of These Candidates","9"
"Elko","04","President and Vice President of the United States","Oliver, Chase and ter Maat, Michael","7"
"Elko","04","President and Vice President of the United States","Skousen, Joel and Combs, Rik","2"
"Elko","04","President and Vice President of the United States","Trump, Donald J. and Vance, JD","302"
"Elko","05","President and Vice President of the United States","Harris, Kamala D. and Walz, Tim","130"
"Elko","05","President and Vice President of the United States","None Of These Candidates","10"
"Elko","05","President and Vice President of the United States","Oliver, Chase and ter Maat, Michael","2"
"Elko","05","President and Vice President of the United States","Skousen, Joel and Combs, Rik","0"
"Elko","05","President and Vice President of the United States","Trump, Donald J. and Vance, JD","334"
"Elko","06","President and Vice President of the United States","Harris, Kamala D. and Walz, Tim","136"
"Elko","06","President and Vice President of the United States","None Of These Candidates","10"
"Elko","06","President and Vice President of the United States","Oliver, Chase and ter Maat, Michael","1"
"Elko","06","President and Vice President of the United States","Skousen, Joel and Combs, Rik","0"
"Elko","06","President and Vice President of the United States","Trump, Donald J. and Vance, JD","449"
"Elko","07","President and Vice President of the United States","Harris, Kamala D. and Walz, Tim","121"
"Elko","07","President and Vice President of the United States","None Of These Candidates","6"
"Elko","07","President and Vice President of the United States","Oliver, Chase and ter Maat, Michael","3"
"Elko","07","President and Vice President of the United States","Skousen, Joel and Combs, Rik","1"
"Elko","07","President and Vice President of the United States","Trump, Donald J. and Vance, JD","309"
"Elko","08","President and Vice President of the United States","Harris, Kamala D. and Walz, Tim","165"
"Elko","08","President and Vice President of the United States","None Of These Candidates","19"
"Elko","08","President and Vice President of the United States","Oliver, Chase and ter Maat, Michael","1"
"Elko","08","President and Vice President of the United States","Skousen, Joel and Combs, Rik","1"
"Elko","08","President and Vice President of the United States","Trump, Donald J. and Vance, JD","538"
"Elko","09","President and Vice President of the United States","Harris, Kamala D. and Walz, Tim","120"
"Elko","09","President and Vice President of the United States","None Of These Candidates","5"
"Elko","09","President and Vice President of the United States","Oliver, Chase and ter Maat, Michael","4"
"Elko","09","President and Vice President of the United States","Skousen, Joel and Combs, Rik","1"
"Elko","09","President and Vice President of the United States","Trump, Donald J. and Vance, JD","255"
"Elko","10","President and Vice President of the United States","Harris, Kamala D. and Walz, Tim","200"
"Elko","10","President and Vice President of the United States","None Of These Candidates","24"
"Elko","10","President and Vice President of the United States","Oliver, Chase and ter Maat, Michael","8"
"Elko","10","President and Vice President of the United States","Skousen, Joel and Combs, Rik","6"
"Elko","10","President and Vice President of the United States","Trump, Donald J. and Vance, JD","645"
"Elko","11","President and Vice President of the United States","Harris, Kamala D. and Walz, Tim","194"
"Elko","11","President and Vice President of the United States","None Of These Candidates","7"
"Elko","11","President and Vice President of the United States","Oliver, Chase and ter Maat, Michael","2"
"Elko","11","President and Vice President of the United States","Skousen, Joel and Combs, Rik","6"
"Elko","11","President and Vice President of the United States","Trump, Donald J. and Vance, JD","383"
"Elko","12","President and Vice President of the United States","Harris, Kamala D. and Walz, Tim","228"
"Elko","12","President and Vice President of the United States","None Of These Candidates","13"
"Elko","12","President and Vice President of the United States","Oliver, Chase and ter Maat, Michael","5"
"Elko","12","President and Vice President of the United States","Skousen, Joel and Combs, Rik","2"
"Elko","12","President and Vice President of the United States","Trump, Donald J. and Vance, JD","815"
"Elko","13","President and Vice President of the United States","Harris, Kamala D. and Walz, Tim","98"
"Elko","13","President and Vice President of the United States","None Of These Candidates","9"
"Elko","13","President and Vice President of the United States","Oliver, Chase and ter Maat, Michael","3"
"Elko","13","President and Vice President of the United States","Skousen, Joel and Combs, Rik","3"
"Elko","13","President and Vice President of the United States","Trump, Donald J. and Vance, JD","507"
"Elko","14","President and Vice President of the United States","Harris, Kamala D. and Walz, Tim","297"
"Elko","14","President and Vice President of the United States","None Of These Candidates","19"
"Elko","14","President and Vice President of the United States","Oliver, Chase and ter Maat, Michael","2"
"Elko","14","President and Vice President of the United States","Skousen, Joel and Combs, Rik","10"
"Elko","14","President and Vice President of the United States","Trump, Donald J. and Vance, JD","939"
"Elko","15","President and Vice President of the United States","Harris, Kamala D. and Walz, Tim","91"
"Elko","15","President and Vice President of the United States","None Of These Candidates","6"
"Elko","15","President and Vice President of the United States","Oliver, Chase and ter Maat, Michael","3"
"Elko","15","President and Vice President of the United States","Skousen, Joel and Combs, Rik","0"
"Elko","15","President and Vice President of the United States","Trump, Donald J. and Vance, JD","351"
"Elko","16","President and Vice President of the United States","Harris, Kamala D. and Walz, Tim","50"
"Elko","16","President and Vice President of the United States","None Of These Candidates","0"
"Elko","16","President and Vice President of the United States","Oliver, Chase and ter Maat, Michael","2"
"Elko","16","President and Vice President of the United States","Skousen, Joel and Combs, Rik","1"
"Elko","16","President and Vice President of the United States","Trump, Donald J. and Vance, JD","340"
"Elko","17","President and Vice President of the United States","Harris, Kamala D. and Walz, Tim","3"
"Elko","17","President and Vice President of the United States","None Of These Candidates","0"
"Elko","17","President and Vice President of the United States","Oliver, Chase and ter Maat, Michael","0"
"Elko","17","President and Vice President of the United States","Skousen, Joel and Combs, Rik","0"
"Elko","17","President and Vice President of the United States","Trump, Donald J. and Vance, JD","16"
"Elko","18","President and Vice President of the United States","Harris, Kamala D. and Walz, Tim","83"
"Elko","18","President and Vice President of the United States","None Of These Candidates","6"
"Elko","18","President and Vice President of the United States","Oliver, Chase and ter Maat, Michael","1"
"Elko","18","President and Vice President of the United States","Skousen, Joel and Combs, Rik","1"
"Elko","18","President and Vice President of the United States","Trump, Donald J. and Vance, JD","243"
"Elko","19","President and Vice President of the United States","Harris, Kamala D. and Walz, Tim","69"
"Elko","19","President and Vice President of the United States","None Of These Candidates","9"
"Elko","19","President and Vice President of the United States","Oliver, Chase and ter Maat, Michael","2"
"Elko","19","President and Vice President of the United States","Skousen, Joel and Combs, Rik","1"
"Elko","19","President and Vice President of the United States","Trump, Donald J. and Vance, JD","199"
"Elko","20","President and Vice President of the United States","Harris, Kamala D. and Walz, Tim","290"
"Elko","20","President and Vice President of the United States","None Of These Candidates","12"
"Elko","20","President and Vice President of the United States","Oliver, Chase and ter Maat, Michael","0"
"Elko","20","President and Vice President of the United States","Skousen, Joel and Combs, Rik","6"
"Elko","20","President and Vice President of the United States","Trump, Donald J. and Vance, JD","307"
"Elko","21","President and Vice President of the United States","Harris, Kamala D. and Walz, Tim","113"
"Elko","21","President and Vice President of the United States","None Of These Candidates","0"
"Elko","21","President and Vice President of the United States","Oliver, Chase and ter Maat, Michael","0"
"Elko","21","President and Vice President of the United States","Skousen, Joel and Combs, Rik","0"
"Elko","21","President and Vice President of the United States","Trump, Donald J. and Vance, JD","101"
"Elko","22","President and Vice President of the United States","Harris, Kamala D. and Walz, Tim","227"
"Elko","22","President and Vice President of the United States","None Of These Candidates","25"
"Elko","22","President and Vice President of the United States","Oliver, Chase and ter Maat, Michael","11"
"Elko","22","President and Vice President of the United States","Skousen, Joel and Combs, Rik","7"
"Elko","22","President and Vice President of the United States","Trump, Donald J. and Vance, JD","1351"
"Elko","23","President and Vice President of the United States","Harris, Kamala D. and Walz, Tim","238"
"Elko","23","President and Vice President of the United States","None Of These Candidates","14"
"Elko","23","President and Vice President of the United States","Oliver, Chase and ter Maat, Michael","5"
"Elko","23","President and Vice President of the United States","Skousen, Joel and Combs, Rik","4"
"Elko","23","President and Vice President of the United States","Trump, Donald J. and Vance, JD","1366"
"Elko","24","President and Vice President of the United States","Harris, Kamala D. and Walz, Tim","99"
"Elko","24","President and Vice President of the United States","None Of These Candidates","8"
"Elko","24","President and Vice President of the United States","Oliver, Chase and ter Maat, Michael","3"
"Elko","24","President and Vice President of the United States","Skousen, Joel and Combs, Rik","0"
"Elko","24","President and Vice President of the United States","Trump, Donald J. and Vance, JD","754"
"Elko","25","President and Vice President of the United States","Harris, Kamala D. and Walz, Tim","119"
"Elko","25","President and Vice President of the United States","None Of These Candidates","1"
"Elko","25","President and Vice President of the United States","Oliver, Chase and ter Maat, Michael","5"
"Elko","25","President and Vice President of the United States","Skousen, Joel and Combs, Rik","4"
"Elko","25","President and Vice President of the United States","Trump, Donald J. and Vance, JD","710"
"Elko","26","President and Vice President of the United States","Harris, Kamala D. and Walz, Tim","98"
"Elko","26","President and Vice President of the United States","None Of These Candidates","9"
"Elko","26","President and Vice President of the United States","Oliver, Chase and ter Maat, Michael","4"
"Elko","26","President and Vice President of the United States","Skousen, Joel and Combs, Rik","2"
"Elko","26","President and Vice President of the United States","Trump, Donald J. and Vance, JD","552"
"Elko","27","President and Vice President of the United States","Harris, Kamala D. and Walz, Tim","56"
"Elko","27","President and Vice President of the United States","None Of These Candidates","2"
"Elko","27","President and Vice President of the United States","Oliver, Chase and ter Maat, Michael","1"
"Elko","27","President and Vice President of the United States","Skousen, Joel and Combs, Rik","2"
"Elko","27","President and Vice President of the United States","Trump, Donald J. and Vance, JD","407"
"Elko","28","President and Vice President of the United States","Harris, Kamala D. and Walz, Tim","10"
"Elko","28","President and Vice President of the United States","None Of These Candidates","1"
"Elko","28","President and Vice President of the United States","Oliver, Chase and ter Maat, Michael","0"
"Elko","28","President and Vice President of the United States","Skousen, Joel and Combs, Rik","0"
"Elko","28","President and Vice President of the United States","Trump, Donald J. and Vance, JD","71"
"Elko","29","President and Vice President of the United States","Harris, Kamala D. and Walz, Tim","146"
"Elko","29","President and Vice President of the United States","None Of These Candidates","4"
"Elko","29","President and Vice President of the United States","Oliver, Chase and ter Maat, Michael","0"
"Elko","29","President and Vice President of the United States","Skousen, Joel and Combs, Rik","0"
"Elko","29","President and Vice President of the United States","Trump, Donald J. and Vance, JD","32"
"Elko","30","President and Vice President of the United States","Harris, Kamala D. and Walz, Tim","7"
"Elko","30","President and Vice President of the United States","None Of These Candidates","2"
"Elko","30","President and Vice President of the United States","Oliver, Chase and ter Maat, Michael","0"
"Elko","30","President and Vice President of the United States","Skousen, Joel and Combs, Rik","0"
"Elko","30","President and Vice President of the United States","Trump, Donald J. and Vance, JD","50"
"Elko","31","President and Vice President of the United States","Harris, Kamala D. and Walz, Tim","9"
"Elko","31","President and Vice President of the United States","None Of These Candidates","0"
"Elko","31","President and Vice President of the United States","Oliver, Chase and ter Maat, Michael","0"
"Elko","31","President and Vice President of the United States","Skousen, Joel and Combs, Rik","0"
"Elko","31","President and Vice President of the United States","Trump, Donald J. and Vance, JD","13"
"Elko","32","President and Vice President of the United States","Harris, Kamala D. and Walz, Tim","97"
"Elko","32","President and Vice President of the United States","None Of These Candidates","6"
"Elko","32","President and Vice President of the United States","Oliver, Chase and ter Maat, Michael","2"
"Elko","32","President and Vice President of the United States","Skousen, Joel and Combs, Rik","5"
"Elko","32","President and Vice President of the United States","Trump, Donald J. and Vance, JD","941"
"Elko","33","President and Vice President of the United States","Harris, Kamala D. and Walz, Tim","26"
"Elko","33","President and Vice President of the United States","None Of These Candidates","1"
"Elko","33","President and Vice President of the United States","Oliver, Chase and ter Maat, Michael","0"
"Elko","33","President and Vice President of the United States","Skousen, Joel and Combs, Rik","0"
"Elko","33","President and Vice President of the United States","Trump, Donald J. and Vance, JD","145"
"Elko","34","President and Vice President of the United States","Harris, Kamala D. and Walz, Tim","14"
"Elko","34","President and Vice President of the United States","None Of These Candidates","1"
"Elko","34","President and Vice President of the United States","Oliver, Chase and ter Maat, Michael","2"
"Elko","34","President and Vice President of the United States","Skousen, Joel and Combs, Rik","0"
"Elko","34","President and Vice President of the United States","Trump, Donald J. and Vance, JD","103"
"Elko","35","President and Vice President of the United States","Harris, Kamala D. and Walz, Tim","9"
"Elko","35","President and Vice President of the United States","None Of These Candidates","0"
"Elko","35","President and Vice President of the United States","Oliver, Chase and ter Maat, Michael","0"
"Elko","35","President and Vice President of the United States","Skousen, Joel and Combs, Rik","0"
"Elko","35","President and Vice President of the United States","Trump, Donald J. and Vance, JD","97"
"Elko","36","President and Vice President of the United States","Harris, Kamala D. and Walz, Tim","23"
"Elko","36","President and Vice President of the United States","None Of These Candidates","0"
"Elko","36","President and Vice President of the United States","Oliver, Chase and ter Maat, Michael","0"
"Elko","36","President and Vice President of the United States","Skousen, Joel and Combs, Rik","0"
"Elko","36","President and Vice President of the United States","Trump, Donald J. and Vance, JD","92"
"Elko","37","President and Vice President of the United States","Harris, Kamala D. and Walz, Tim","21"
"Elko","37","President and Vice President of the United States","None Of These Candidates","2"
"Elko","37","President and Vice President of the United States","Oliver, Chase and ter Maat, Michael","2"
"Elko","37","President and Vice President of the United States","Skousen, Joel and Combs, Rik","1"
"Elko","37","President and Vice President of the United States","Trump, Donald J. and Vance, JD","102"
"Elko","38","President and Vice President of the United States","Harris, Kamala D. and Walz, Tim","100"
"Elko","38","President and Vice President of the United States","None Of These Candidates","1"
"Elko","38","President and Vice President of the United States","Oliver, Chase and ter Maat, Michael","2"
"Elko","38","President and Vice President of the United States","Skousen, Joel and Combs, Rik","1"
"Elko","38","President and Vice President of the United States","Trump, Donald J. and Vance, JD","110"
"Elko","39","President and Vice President of the United States","Harris, Kamala D. and Walz, Tim","17"
"Elko","39","President and Vice President of the United States","None Of These Candidates","1"
"Elko","39","President and Vice President of the United States","Oliver, Chase and ter Maat, Michael","0"
"Elko","39","President and Vice President of the United States","Skousen, Joel and Combs, Rik","1"
"Elko","39","President and Vice President of the United States","Trump, Donald J. and Vance, JD","107"
"Elko","40","President and Vice President of the United States","Harris, Kamala D. and Walz, Tim","175"
"Elko","40","President and Vice President of the United States","None Of These Candidates","13"
"Elko","40","President and Vice President of the United States","Oliver, Chase and ter Maat, Michael","12"
"Elko","40","President and Vice President of the United States","Skousen, Joel and Combs, Rik","3"
"Elko","40","President and Vice President of the United States","Trump, Donald J. and Vance, JD","1189"
"Elko","41","President and Vice President of the United States","Harris, Kamala D. and Walz, Tim","188"
"Elko","41","President and Vice President of the United States","None Of These Candidates","8"
"Elko","41","President and Vice President of the United States","Oliver, Chase and ter Maat, Michael","11"
"Elko","41","President and Vice President of the United States","Skousen, Joel and Combs, Rik","1"
"Elko","41","President and Vice President of the United States","Trump, Donald J. and Vance, JD","1079"
"Elko","88","President and Vice President of the United States","Harris, Kamala D. and Walz, Tim","*"
"Elko","88","President and Vice President of the United States","None Of These Candidates","*"
"Elko","88","President and Vice President of the United States","Oliver, Chase and ter Maat, Michael","*"
"Elko","88","President and Vice President of the United States","Skousen, Joel and Combs, Rik","*"
"Elko","88","President and Vice President of the United States","Trump, Donald J. and Vance, JD","*"
"Elko","99","President and Vice President of the United States","Harris, Kamala D. and Walz, Tim","*"
"Elko","99","President and Vice President of the United States","None Of These Candidates","*"
"Elko","99","President and Vice President of the United States","Oliver, Chase and ter Maat, Michael","*"
"Elko","99","President and Vice President of the United States","Skousen, Joel and Combs, Rik","*"
"Elko","99","President and Vice President of the United States","Trump, Donald J. and Vance, JD","*"
"Esmeralda","01","President and Vice President of the United States","Harris, Kamala D. and Walz, Tim","34"
"Esmeralda","01","President and Vice President of the United States","None Of These Candidates","3"
"Esmeralda","01","President and Vice President of the United States","Oliver, Chase and ter Maat, Michael","2"
"Esmeralda","01","President and Vice President of the United States","Skousen, Joel and Combs, Rik","0"
"Esmeralda","01","President and Vice President of the United States","Trump, Donald J. and Vance, JD","164"
"Esmeralda","02","President and Vice President of the United States","Harris, Kamala D. and Walz, Tim","8"
"Esmeralda","02","President and Vice President of the United States","None Of These Candidates","3"
"Esmeralda","02","President and Vice President of the United States","Oliver, Chase and ter Maat, Michael","0"
"Esmeralda","02","President and Vice President of the United States","Skousen, Joel and Combs, Rik","0"
"Esmeralda","02","President and Vice President of the United States","Trump, Donald J. and Vance, JD","36"
"Esmeralda","03","President and Vice President of the United States","Harris, Kamala D. and Walz, Tim","30"
"Esmeralda","03","President and Vice President of the United States","None Of These Candidates","1"
"Esmeralda","03","President and Vice President of the United States","Oliver, Chase and ter Maat, Michael","3"
"Esmeralda","03","President and Vice President of the United States","Skousen, Joel and Combs, Rik","0"
"Esmeralda","03","President and Vice President of the United States","Trump, Donald J. and Vance, JD","166"
"Esmeralda","04","President and Vice President of the United States","Harris, Kamala D. and Walz, Tim","1"
"Esmeralda","04","President and Vice President of the United States","None Of These Candidates","0"
"Esmeralda","04","President and Vice President of the United States","Oliver, Chase and ter Maat, Michael","0"
"Esmeralda","04","President and Vice President of the United States","Skousen, Joel and Combs, Rik","0"
"Esmeralda","04","President and Vice President of the United States","Trump, Donald J. and Vance, JD","9"
"Esmeralda","05","President and Vice President of the United States","Harris, Kamala D. and Walz, Tim","*"
"Esmeralda","05","President and Vice President of the United States","None Of These Candidates","*"
"Esmeralda","05","President and Vice President of the United States","Oliver, Chase and ter Maat, Michael","*"
"Esmeralda","05","President and Vice President of the United States","Skousen, Joel and Combs, Rik","*"
"Esmeralda","05","President and Vice President of the United States","Trump, Donald J. and Vance, JD","*"
"Esmeralda","88","President and Vice President of the United States","Harris, Kamala D. and Walz, Tim","0"
"Esmeralda","88","President and Vice President of the United States","None Of These Candidates","0"
"Esmeralda","88","President and Vice President of the United States","Oliver, Chase and ter Maat, Michael","0"
"Esmeralda","88","President and Vice President of the United States","Skousen, Joel and Combs, Rik","0"
"Esmeralda","88","President and Vice President of the United States","Trump, Donald J. and Vance, JD","0"
"Esmeralda","99","President and Vice President of the United States","Harris, Kamala D. and Walz, Tim","0"
"Esmeralda","99","President and Vice President of the United States","None Of These Candidates","0"
"Esmeralda","99","President and Vice President of the United States","Oliver, Chase and ter Maat, Michael","0"
"Esmeralda","99","President and Vice President of the United States","Skousen, Joel and Combs, Rik","0"
"Esmeralda","99","President and Vice President of the United States","Trump, Donald J. and Vance, JD","0"
"Eureka","01","President and Vice President of the United States","Harris, Kamala D. and Walz, Tim","23"
"Eureka","01","President and Vice President of the United States","None Of These Candidates","4"
"Eureka","01","President and Vice President of the United States","Oliver, Chase and ter Maat, Michael","5"
"Eureka","01","President and Vice President of the United States","Skousen, Joel and Combs, Rik","1"
"Eureka","01","President and Vice President of the United States","Trump, Donald J. and Vance, JD","322"
"Eureka","02","President and Vice President of the United States","Harris, Kamala D. and Walz, Tim","55"
"Eureka","02","President and Vice President of the United States","None Of These Candidates","4"
"Eureka","02","President and Vice President of the United States","Oliver, Chase and ter Maat, Michael","3"
"Eureka","02","President and Vice President of the United States","Skousen, Joel and Combs, Rik","1"
"Eureka","02","President and Vice President of the United States","Trump, Donald J. and Vance, JD","359"
"Eureka","03","President and Vice President of the United States","Harris, Kamala D. and Walz, Tim","9"
"Eureka","03","President and Vice President of the United States","None Of These Candidates","0"
"Eureka","03","President and Vice President of the United States","Oliver, Chase and ter Maat, Michael","0"
"Eureka","03","President and Vice President of the United States","Skousen, Joel and Combs, Rik","0"
"Eureka","03","President and Vice President of the United States","Trump, Donald J. and Vance, JD","63"
"Eureka","04","President and Vice President of the United States","Harris, Kamala D. and Walz, Tim","16"
"Eureka","04","President and Vice President of the United States","None Of These Candidates","3"
"Eureka","04","President and Vice President of the United States","Oliver, Chase and ter Maat, Michael","1"
"Eureka","04","President and Vice President of the United States","Skousen, Joel and Combs, Rik","0"
"Eureka","04","President and Vice President of the United States","Trump, Donald J. and Vance, JD","160"
"Eureka","99","President and Vice President of the United States","Harris, Kamala D. and Walz, Tim","*"
"Eureka","99","President and Vice President of the United States","None Of These Candidates","*"
"Eureka","99","President and Vice President of the United States","Oliver, Chase and ter Maat, Michael","*"
"Eureka","99","President and Vice President of the United States","Skousen, Joel and Combs, Rik","*"
"Eureka","99","President and Vice President of the United States","Trump, Donald J. and Vance, JD","*"
"Humboldt","01","President and Vice President of the United States","Harris, Kamala D. and Walz, Tim","180"
"Humboldt","01","President and Vice President of the United States","None Of These Candidates","9"
"Humboldt","01","President and Vice President of the United States","Oliver, Chase and ter Maat, Michael","6"
"Humboldt","01","President and Vice President of the United States","Skousen, Joel and Combs, Rik","4"
"Humboldt","01","President and Vice President of the United States","Trump, Donald J. and Vance, JD","535"
"Humboldt","02","President and Vice President of the United States","Harris, Kamala D. and Walz, Tim","214"
"Humboldt","02","President and Vice President of the United States","None Of These Candidates","15"
"Humboldt","02","President and Vice President of the United States","Oliver, Chase and ter Maat, Michael","5"
"Humboldt","02","President and Vice President of the United States","Skousen, Joel and Combs, Rik","5"
"Humboldt","02","President and Vice President of the United States","Trump, Donald J. and Vance, JD","445"
"Humboldt","03","President and Vice President of the United States","Harris, Kamala D. and Walz, Tim","159"
"Humboldt","03","President and Vice President of the United States","None Of These Candidates","16"
"Humboldt","03","President and Vice President of the United States","Oliver, Chase and ter Maat, Michael","6"
"Humboldt","03","President and Vice President of the United States","Skousen, Joel and Combs, Rik","0"
"Humboldt","03","President and Vice President of the United States","Trump, Donald J. and Vance, JD","414"
"Humboldt","04","President and Vice President of the United States","Harris, Kamala D. and Walz, Tim","218"
"Humboldt","04","President and Vice President of the United States","None Of These Candidates","11"
"Humboldt","04","President and Vice President of the United States","Oliver, Chase and ter Maat, Michael","0"
"Humboldt","04","President and Vice President of the United States","Skousen, Joel and Combs, Rik","2"
"Humboldt","04","President and Vice President of the United States","Trump, Donald J. and Vance, JD","506"
"Humboldt","05","President and Vice President of the United States","Harris, Kamala D. and Walz, Tim","235"
"Humboldt","05","President and Vice President of the United States","None Of These Candidates","18"
"Humboldt","05","President and Vice President of the United States","Oliver, Chase and ter Maat, Michael","4"
"Humboldt","05","President and Vice President of the United States","Skousen, Joel and Combs, Rik","1"
"Humboldt","05","President and Vice President of the United States","Trump, Donald J. and Vance, JD","801"
"Humboldt","06","President and Vice President of the United States","Harris, Kamala D. and Walz, Tim","221"
"Humboldt","06","President and Vice President of the United States","None Of These Candidates","16"
"Humboldt","06","President and Vice President of the United States","Oliver, Chase and ter Maat, Michael","1"
"Humboldt","06","President and Vice President of the United States","Skousen, Joel and Combs, Rik","4"
"Humboldt","06","President and Vice President of the United States","Trump, Donald J. and Vance, JD","924"
"Humboldt","07","President and Vice President of the United States","Harris, Kamala D. and Walz, Tim","129"
"Humboldt","07","President and Vice President of the United States","None Of These Candidates","17"
"Humboldt","07","President and Vice President of the United States","Oliver, Chase and ter Maat, Michael","5"
"Humboldt","07","President and Vice President of the United States","Skousen, Joel and Combs, Rik","2"
"Humboldt","07","President and Vice President of the United States","Trump, Donald J. and Vance, JD","851"
"Humboldt","08","President and Vice President of the United States","Harris, Kamala D. and Walz, Tim","13"
"Humboldt","08","President and Vice President of the United States","None Of These Candidates","3"
"Humboldt","08","President and Vice President of the United States","Oliver, Chase and ter Maat, Michael","1"
"Humboldt","08","President and Vice President of the United States","Skousen, Joel and Combs, Rik","0"
"Humboldt","08","President and Vice President of the United States","Trump, Donald J. and Vance, JD","93"
"Humboldt","09","President and Vice President of the United States","Harris, Kamala D. and Walz, Tim","39"
"Humboldt","09","President and Vice President of the United States","None Of These Candidates","1"
"Humboldt","09","President and Vice President of the United States","Oliver, Chase and ter Maat, Michael","1"
"Humboldt","09","President and Vice President of the United States","Skousen, Joel and Combs, Rik","1"
"Humboldt","09","President and Vice President of the United States","Trump, Donald J. and Vance, JD","142"
"Humboldt","10","President and Vice President of the United States","Harris, Kamala D. and Walz, Tim","76"
"Humboldt","10","President and Vice President of the United States","None Of These Candidates","3"
"Humboldt","10","President and Vice President of the United States","Oliver, Chase and ter Maat, Michael","0"
"Humboldt","10","President and Vice President of the United States","Skousen, Joel and Combs, Rik","0"
"Humboldt","10","President and Vice President of the United States","Trump, Donald J. and Vance, JD","61"
"Humboldt","11","President and Vice President of the United States","Harris, Kamala D. and Walz, Tim","20"
"Humboldt","11","President and Vice President of the United States","None Of These Candidates","1"
"Humboldt","11","President and Vice President of the United States","Oliver, Chase and ter Maat, Michael","0"
"Humboldt","11","President and Vice President of the United States","Skousen, Joel and Combs, Rik","1"
"Humboldt","11","President and Vice President of the United States","Trump, Donald J. and Vance, JD","200"
"Humboldt","12","President and Vice President of the United States","Harris, Kamala D. and Walz, Tim","22"
"Humboldt","12","President and Vice President of the United States","None Of These Candidates","2"
"Humboldt","12","President and Vice President of the United States","Oliver, Chase and ter Maat, Michael","0"
"Humboldt","12","President and Vice President of the United States","Skousen, Joel and Combs, Rik","0"
"Humboldt","12","President and Vice President of the United States","Trump, Donald J. and Vance, JD","180"
"Humboldt","13","President and Vice President of the United States","Harris, Kamala D. and Walz, Tim","36"
"Humboldt","13","President and Vice President of the United States","None Of These Candidates","1"
"Humboldt","13","President and Vice President of the United States","Oliver, Chase and ter Maat, Michael","0"
"Humboldt","13","President and Vice President of the United States","Skousen, Joel and Combs, Rik","1"
"Humboldt","13","President and Vice President of the United States","Trump, Donald J. and Vance, JD","207"
"Humboldt","14","President and Vice President of the United States","Harris, Kamala D. and Walz, Tim","94"
"Humboldt","14","President and Vice President of the United States","None Of These Candidates","9"
"Humboldt","14","President and Vice President of the United States","Oliver, Chase and ter Maat, Michael","0"
"Humboldt","14","President and Vice President of the United States","Skousen, Joel and Combs, Rik","0"
"Humboldt","14","President and Vice President of the United States","Trump, Donald J. and Vance, JD","567"
"Humboldt","15","President and Vice President of the United States","Harris, Kamala D. and Walz, Tim","53"
"Humboldt","15","President and Vice President of the United States","None Of These Candidates","4"
"Humboldt","15","President and Vice President of the United States","Oliver, Chase and ter Maat, Michael","1"
"Humboldt","15","President and Vice President of the United States","Skousen, Joel and Combs, Rik","1"
"Humboldt","15","President and Vice President of the United States","Trump, Donald J. and Vance, JD","203"
"Humboldt","88","President and Vice President of the United States","Harris, Kamala D. and Walz, Tim","2"
"Humboldt","88","President and Vice President of the United States","None Of These Candidates","0"
"Humboldt","88","President and Vice President of the United States","Oliver, Chase and ter Maat, Michael","0"
"Humboldt","88","President and Vice President of the United States","Skousen, Joel and Combs, Rik","0"
"Humboldt","88","President and Vice President of the United States","Trump, Donald J. and Vance, JD","12"
"Humboldt","99","President and Vice President of the United States","Harris, Kamala D. and Walz, Tim","0"
"Humboldt","99","President and Vice President of the United States","None Of These Candidates","0"
"Humboldt","99","President and Vice President of the United States","Oliver, Chase and ter Maat, Michael","0"
"Humboldt","99","President and Vice President of the United States","Skousen, Joel and Combs, Rik","0"
"Humboldt","99","President and Vice President of the United States","Trump, Donald J. and Vance, JD","0"
"Lander","Precinct 1","President and Vice President of the United States","Harris, Kamala D. and Walz, Tim","71"
"Lander","Precinct 1","President and Vice President of the United States","None Of These Candidates","7"
"Lander","Precinct 1","President and Vice President of the United States","Oliver, Chase and ter Maat, Michael","4"
"Lander","Precinct 1","President and Vice President of the United States","Skousen, Joel and Combs, Rik","1"
"Lander","Precinct 1","President and Vice President of the United States","Trump, Donald J. and Vance, JD","304"
"Lander","Precinct 2","President and Vice President of the United States","Harris, Kamala D. and Walz, Tim","129"
"Lander","Precinct 2","President and Vice President of the United States","None Of These Candidates","7"
"Lander","Precinct 2","President and Vice President of the United States","Oliver, Chase and ter Maat, Michael","5"
"Lander","Precinct 2","President and Vice President of the United States","Skousen, Joel and Combs, Rik","2"
"Lander","Precinct 2","President and Vice President of the United States","Trump, Donald J. and Vance, JD","383"
"Lander","Precinct 3","President and Vice President of the United States","Harris, Kamala D. and Walz, Tim","23"
"Lander","Precinct 3","President and Vice President of the United States","None Of These Candidates","2"
"Lander","Precinct 3","President and Vice President of the United States","Oliver, Chase and ter Maat, Michael","2"
"Lander","Precinct 3","President and Vice President of the United States","Skousen, Joel and Combs, Rik","0"
"Lander","Precinct 3","President and Vice President of the United States","Trump, Donald J. and Vance, JD","137"
"Lander","Precinct 4","President and Vice President of the United States","Harris, Kamala D. and Walz, Tim","77"
"Lander","Precinct 4","President and Vice President of the United States","None Of These Candidates","9"
"Lander","Precinct 4","President and Vice President of the United States","Oliver, Chase and ter Maat, Michael","1"
"Lander","Precinct 4","President and Vice President of the United States","Skousen, Joel and Combs, Rik","2"
"Lander","Precinct 4","President and Vice President of the United States","Trump, Donald J. and Vance, JD","602"
"Lander","Precinct 5","President and Vice President of the United States","Harris, Kamala D. and Walz, Tim","142"
"Lander","Precinct 5","President and Vice President of the United States","None Of These Candidates","10"
"Lander","Precinct 5","President and Vice President of the United States","Oliver, Chase and ter Maat, Michael","3"
"Lander","Precinct 5","President and Vice President of the United States","Skousen, Joel and Combs, Rik","2"
"Lander","Precinct 5","President and Vice President of the United States","Trump, Donald J. and Vance, JD","543"
"Lander","Precinct 6","President and Vice President of the United States","Harris, Kamala D. and Walz, Tim","6"
"Lander","Precinct 6","President and Vice President of the United States","None Of These Candidates","1"
"Lander","Precinct 6","President and Vice President of the United States","Oliver, Chase and ter Maat, Michael","0"
"Lander","Precinct 6","President and Vice President of the United States","Skousen, Joel and Combs, Rik","1"
"Lander","Precinct 6","President and Vice President of the United States","Trump, Donald J. and Vance, JD","54"
"Lander","Precinct 7","President and Vice President of the United States","Harris, Kamala D. and Walz, Tim","15"
"Lander","Precinct 7","President and Vice President of the United States","None Of These Candidates","1"
"Lander","Precinct 7","President and Vice President of the United States","Oliver, Chase and ter Maat, Michael","0"
"Lander","Precinct 7","President and Vice President of the United States","Skousen, Joel and Combs, Rik","0"
"Lander","Precinct 7","President and Vice President of the United States","Trump, Donald J. and Vance, JD","76"
"Lander","Precinct 8","President and Vice President of the United States","Harris, Kamala D. and Walz, Tim","1"
"Lander","Precinct 8","President and Vice President of the United States","None Of These Candidates","0"
"Lander","Precinct 8","President and Vice President of the United States","Oliver, Chase and ter Maat, Michael","0"
"Lander","Precinct 8","President and Vice President of the United States","Skousen, Joel and Combs, Rik","0"
"Lander","Precinct 8","President and Vice President of the United States","Trump, Donald J. and Vance, JD","19"
"Lander","Precinct 9","President and Vice President of the United States","Harris, Kamala D. and Walz, Tim","18"
"Lander","Precinct 9","President and Vice President of the United States","None Of These Candidates","0"
"Lander","Precinct 9","President and Vice President of the United States","Oliver, Chase and ter Maat, Michael","3"
"Lander","Precinct 9","President and Vice President of the United States","Skousen, Joel and Combs, Rik","0"
"Lander","Precinct 9","President and Vice President of the United States","Trump, Donald J. and Vance, JD","62"
"Lander","Precinct 99","President and Vice President of the United States","Harris, Kamala D. and Walz, Tim","0"
"Lander","Precinct 99","President and Vice President of the United States","None Of These Candidates","0"
"Lander","Precinct 99","President and Vice President of the United States","Oliver, Chase and ter Maat, Michael","0"
"Lander","Precinct 99","President and Vice President of the United States","Skousen, Joel and Combs, Rik","0"
"Lander","Precinct 99","President and Vice President of the United States","Trump, Donald J. and Vance, JD","0"
"Lincoln","01","President and Vice President of the United States","Harris, Kamala D. and Walz, Tim","49"
"Lincoln","01","President and Vice President of the United States","None Of These Candidates","8"
"Lincoln","01","President and Vice President of the United States","Oliver, Chase and ter Maat, Michael","4"
"Lincoln","01","President and Vice President of the United States","Skousen, Joel and Combs, Rik","1"
"Lincoln","01","President and Vice President of the United States","Trump, Donald J. and Vance, JD","604"
"Lincoln","02","President and Vice President of the United States","Harris, Kamala D. and Walz, Tim","124"
"Lincoln","02","President and Vice President of the United States","None Of These Candidates","14"
"Lincoln","02","President and Vice President of the United States","Oliver, Chase and ter Maat, Michael","1"
"Lincoln","02","President and Vice President of the United States","Skousen, Joel and Combs, Rik","1"
"Lincoln","02","President and Vice President of the United States","Trump, Donald J. and Vance, JD","466"
"Lincoln","03","President and Vice President of the United States","Harris, Kamala D. and Walz, Tim","44"
"Lincoln","03","President and Vice President of the United States","None Of These Candidates","5"
"Lincoln","03","President and Vice President of the United States","Oliver, Chase and ter Maat, Michael","1"
"Lincoln","03","President and Vice President of the United States","Skousen, Joel and Combs, Rik","4"
"Lincoln","03","President and Vice President of the United States","Trump, Donald J. and Vance, JD","458"
"Lincoln","04","President and Vice President of the United States","Harris, Kamala D. and Walz, Tim","95"
"Lincoln","04","President and Vice President of the United States","None Of These Candidates","6"
"Lincoln","04","President and Vice President of the United States","Oliver, Chase and ter Maat, Michael","3"
"Lincoln","04","President and Vice President of the United States","Skousen, Joel and Combs, Rik","2"
"Lincoln","04","President and Vice President of the United States","Trump, Donald J. and Vance, JD","551"
"Lincoln","05","President and Vice President of the United States","Harris, Kamala D. and Walz, Tim","2"
"Lincoln","05","President and Vice President of the United States","None Of These Candidates","0"
"Lincoln","05","President and Vice President of the United States","Oliver, Chase and ter Maat, Michael","0"
"Lincoln","05","President and Vice President of the United States","Skousen, Joel and Combs, Rik","0"
"Lincoln","05","President and Vice President of the United States","Trump, Donald J. and Vance, JD","27"
"Lincoln","88","President and Vice President of the United States","Harris, Kamala D. and Walz, Tim","*"
"Lincoln","88","President and Vice President of the United States","None Of These Candidates","*"
"Lincoln","88","President and Vice President of the United States","Oliver, Chase and ter Maat, Michael","*"
"Lincoln","88","President and Vice President of the United States","Skousen, Joel and Combs, Rik","*"
"Lincoln","88","President and Vice President of the United States","Trump, Donald J. and Vance, JD","*"
"Lincoln","99","President and Vice President of the United States","Harris, Kamala D. and Walz, Tim","0"
"Lincoln","99","President and Vice President of the United States","None Of These Candidates","0"
"Lincoln","99","President and Vice President of the United States","Oliver, Chase and ter Maat, Michael","0"
"Lincoln","99","President and Vice President of the United States","Skousen, Joel and Combs, Rik","0"
"Lincoln","99","President and Vice President of the United States","Trump, Donald J. and Vance, JD","0"
"Lyon","01","President and Vice President of the United States","Harris, Kamala D. and Walz, Tim","170"
"Lyon","01","President and Vice President of the United States","None Of These Candidates","10"
"Lyon","01","President and Vice President of the United States","Oliver, Chase and ter Maat, Michael","2"
"Lyon","01","President and Vice President of the United States","Skousen, Joel and Combs, Rik","1"
"Lyon","01","President and Vice President of the United States","Trump, Donald J. and Vance, JD","496"
"Lyon","02","President and Vice President of the United States","Harris, Kamala D. and Walz, Tim","142"
"Lyon","02","President and Vice President of the United States","None Of These Candidates","7"
"Lyon","02","President and Vice President of the United States","Oliver, Chase and ter Maat, Michael","5"
"Lyon","02","President and Vice President of the United States","Skousen, Joel and Combs, Rik","2"
"Lyon","02","President and Vice President of the United States","Trump, Donald J. and Vance, JD","579"
"Lyon","03","President and Vice President of the United States","Harris, Kamala D. and Walz, Tim","250"
"Lyon","03","President and Vice President of the United States","None Of These Candidates","15"
"Lyon","03","President and Vice President of the United States","Oliver, Chase and ter Maat, Michael","5"
"Lyon","03","President and Vice President of the United States","Skousen, Joel and Combs, Rik","5"
"Lyon","03","President and Vice President of the United States","Trump, Donald J. and Vance, JD","550"
"Lyon","04","President and Vice President of the United States","Harris, Kamala D. and Walz, Tim","87"
"Lyon","04","President and Vice President of the United States","None Of These Candidates","6"
"Lyon","04","President and Vice President of the United States","Oliver, Chase and ter Maat, Michael","1"
"Lyon","04","President and Vice President of the United States","Skousen, Joel and Combs, Rik","2"
"Lyon","04","President and Vice President of the United States","Trump, Donald J. and Vance, JD","342"
"Lyon","05","President and Vice President of the United States","Harris, Kamala D. and Walz, Tim","16"
"Lyon","05","President and Vice President of the United States","None Of These Candidates","2"
"Lyon","05","President and Vice President of the United States","Oliver, Chase and ter Maat, Michael","0"
"Lyon","05","President and Vice President of the United States","Skousen, Joel and Combs, Rik","0"
"Lyon","05","President and Vice President of the United States","Trump, Donald J. and Vance, JD","31"
"Lyon","05A","President and Vice President of the United States","Harris, Kamala D. and Walz, Tim","0"
"Lyon","05A","President and Vice President of the United States","None Of These Candidates","0"
"Lyon","05A","President and Vice President of the United States","Oliver, Chase and ter Maat, Michael","0"
"Lyon","05A","President and Vice President of the United States","Skousen, Joel and Combs, Rik","0"
"Lyon","05A","President and Vice President of the United States","Trump, Donald J. and Vance, JD","0"
"Lyon","06","President and Vice President of the United States","Harris, Kamala D. and Walz, Tim","338"
"Lyon","06","President and Vice President of the United States","None Of These Candidates","9"
"Lyon","06","President and Vice President of the United States","Oliver, Chase and ter Maat, Michael","1"
"Lyon","06","President and Vice President of the United States","Skousen, Joel and Combs, Rik","3"
"Lyon","06","President and Vice President of the United States","Trump, Donald J. and Vance, JD","1037"
"Lyon","07","President and Vice President of the United States","Harris, Kamala D. and Walz, Tim","201"
"Lyon","07","President and Vice President of the United States","None Of These Candidates","6"
"Lyon","07","President and Vice President of the United States","Oliver, Chase and ter Maat, Michael","3"
"Lyon","07","President and Vice President of the United States","Skousen, Joel and Combs, Rik","2"
"Lyon","07","President and Vice President of the United States","Trump, Donald J. and Vance, JD","1023"
"Lyon","08","President and Vice President of the United States","Harris, Kamala D. and Walz, Tim","38"
"Lyon","08","President and Vice President of the United States","None Of These Candidates","4"
"Lyon","08","President and Vice President of the United States","Oliver, Chase and ter Maat, Michael","1"
"Lyon","08","President and Vice President of the United States","Skousen, Joel and Combs, Rik","1"
"Lyon","08","President and Vice President of the United States","Trump, Donald J. and Vance, JD","187"
"Lyon","09","President and Vice President of the United States","Harris, Kamala D. and Walz, Tim","337"
"Lyon","09","President and Vice President of the United States","None Of These Candidates","20"
"Lyon","09","President and Vice President of the United States","Oliver, Chase and ter Maat, Michael","4"
"Lyon","09","President and Vice President of the United States","Skousen, Joel and Combs, Rik","4"
"Lyon","09","President and Vice President of the United States","Trump, Donald J. and Vance, JD","822"
"Lyon","10","President and Vice President of the United States","Harris, Kamala D. and Walz, Tim","91"
"Lyon","10","President and Vice President of the United States","None Of These Candidates","5"
"Lyon","10","President and Vice President of the United States","Oliver, Chase and ter Maat, Michael","2"
"Lyon","10","President and Vice President of the United States","Skousen, Joel and Combs, Rik","0"
"Lyon","10","President and Vice President of the United States","Trump, Donald J. and Vance, JD","207"
"Lyon","11","President and Vice President of the United States","Harris, Kamala D. and Walz, Tim","352"
"Lyon","11","President and Vice President of the United States","None Of These Candidates","13"
"Lyon","11","President and Vice President of the United States","Oliver, Chase and ter Maat, Michael","5"
"Lyon","11","President and Vice President of the United States","Skousen, Joel and Combs, Rik","1"
"Lyon","11","President and Vice President of the United States","Trump, Donald J. and Vance, JD","825"
"Lyon","12","President and Vice President of the United States","Harris, Kamala D. and Walz, Tim","221"
"Lyon","12","President and Vice President of the United States","None Of These Candidates","5"
"Lyon","12","President and Vice President of the United States","Oliver, Chase and ter Maat, Michael","5"
"Lyon","12","President and Vice President of the United States","Skousen, Joel and Combs, Rik","0"
"Lyon","12","President and Vice President of the United States","Trump, Donald J. and Vance, JD","529"
"Lyon","13","President and Vice President of the United States","Harris, Kamala D. and Walz, Tim","446"
"Lyon","13","President and Vice President of the United States","None Of These Candidates","32"
"Lyon","13","President and Vice President of the United States","Oliver, Chase and ter Maat, Michael","5"
"Lyon","13","President and Vice President of the United States","Skousen, Joel and Combs, Rik","5"
"Lyon","13","President and Vice President of the United States","Trump, Donald J. and Vance, JD","1301"
"Lyon","14","President and Vice President of the United States","Harris, Kamala D. and Walz, Tim","540"
"Lyon","14","President and Vice President of the United States","None Of These Candidates","24"
"Lyon","14","President and Vice President of the United States","Oliver, Chase and ter Maat, Michael","10"
"Lyon","14","President and Vice President of the United States","Skousen, Joel and Combs, Rik","9"
"Lyon","14","President and Vice President of the United States","Trump, Donald J. and Vance, JD","1421"
"Lyon","15","President and Vice President of the United States","Harris, Kamala D. and Walz, Tim","342"
"Lyon","15","President and Vice President of the United States","None Of These Candidates","25"
"Lyon","15","President and Vice President of the United States","Oliver, Chase and ter Maat, Michael","8"
"Lyon","15","President and Vice President of the United States","Skousen, Joel and Combs, Rik","6"
"Lyon","15","President and Vice President of the United States","Trump, Donald J. and Vance, JD","694"
"Lyon","16","President and Vice President of the United States","Harris, Kamala D. and Walz, Tim","417"
"Lyon","16","President and Vice President of the United States","None Of These Candidates","24"
"Lyon","16","President and Vice President of the United States","Oliver, Chase and ter Maat, Michael","6"
"Lyon","16","President and Vice President of the United States","Skousen, Joel and Combs, Rik","7"
"Lyon","16","President and Vice President of the United States","Trump, Donald J. and Vance, JD","968"
"Lyon","17","President and Vice President of the United States","Harris, Kamala D. and Walz, Tim","190"
"Lyon","17","President and Vice President of the United States","None Of These Candidates","8"
"Lyon","17","President and Vice President of the United States","Oliver, Chase and ter Maat, Michael","1"
"Lyon","17","President and Vice President of the United States","Skousen, Joel and Combs, Rik","3"
"Lyon","17","President and Vice President of the United States","Trump, Donald J. and Vance, JD","705"
"Lyon","18","President and Vice President of the United States","Harris, Kamala D. and Walz, Tim","98"
"Lyon","18","President and Vice President of the United States","None Of These Candidates","4"
"Lyon","18","President and Vice President of the United States","Oliver, Chase and ter Maat, Michael","6"
"Lyon","18","President and Vice President of the United States","Skousen, Joel and Combs, Rik","1"
"Lyon","18","President and Vice President of the United States","Trump, Donald J. and Vance, JD","235"
"Lyon","19","President and Vice President of the United States","Harris, Kamala D. and Walz, Tim","175"
"Lyon","19","President and Vice President of the United States","None Of These Candidates","7"
"Lyon","19","President and Vice President of the United States","Oliver, Chase and ter Maat, Michael","1"
"Lyon","19","President and Vice President of the United States","Skousen, Joel and Combs, Rik","1"
"Lyon","19","President and Vice President of the United States","Trump, Donald J. and Vance, JD","266"
"Lyon","20","President and Vice President of the United States","Harris, Kamala D. and Walz, Tim","72"
"Lyon","20","President and Vice President of the United States","None Of These Candidates","1"
"Lyon","20","President and Vice President of the United States","Oliver, Chase and ter Maat, Michael","0"
"Lyon","20","President and Vice President of the United States","Skousen, Joel and Combs, Rik","1"
"Lyon","20","President and Vice President of the United States","Trump, Donald J. and Vance, JD","68"
"Lyon","21","President and Vice President of the United States","Harris, Kamala D. and Walz, Tim","83"
"Lyon","21","President and Vice President of the United States","None Of These Candidates","7"
"Lyon","21","President and Vice President of the United States","Oliver, Chase and ter Maat, Michael","2"
"Lyon","21","President and Vice President of the United States","Skousen, Joel and Combs, Rik","1"
"Lyon","21","President and Vice President of the United States","Trump, Donald J. and Vance, JD","304"
"Lyon","22","President and Vice President of the United States","Harris, Kamala D. and Walz, Tim","222"
"Lyon","22","President and Vice President of the United States","None Of These Candidates","21"
"Lyon","22","President and Vice President of the United States","Oliver, Chase and ter Maat, Michael","2"
"Lyon","22","President and Vice President of the United States","Skousen, Joel and Combs, Rik","9"
"Lyon","22","President and Vice President of the United States","Trump, Donald J. and Vance, JD","867"
"Lyon","23","President and Vice President of the United States","Harris, Kamala D. and Walz, Tim","192"
"Lyon","23","President and Vice President of the United States","None Of These Candidates","6"
"Lyon","23","President and Vice President of the United States","Oliver, Chase and ter Maat, Michael","7"
"Lyon","23","President and Vice President of the United States","Skousen, Joel and Combs, Rik","1"
"Lyon","23","President and Vice President of the United States","Trump, Donald J. and Vance, JD","472"
"Lyon","24","President and Vice President of the United States","Harris, Kamala D. and Walz, Tim","147"
"Lyon","24","President and Vice President of the United States","None Of These Candidates","7"
"Lyon","24","President and Vice President of the United States","Oliver, Chase and ter Maat, Michael","7"
"Lyon","24","President and Vice President of the United States","Skousen, Joel and Combs, Rik","3"
"Lyon","24","President and Vice President of the United States","Trump, Donald J. and Vance, JD","464"
"Lyon","25","President and Vice President of the United States","Harris, Kamala D. and Walz, Tim","262"
"Lyon","25","President and Vice President of the United States","None Of These Candidates","18"
"Lyon","25","President and Vice President of the United States","Oliver, Chase and ter Maat, Michael","3"
"Lyon","25","President and Vice President of the United States","Skousen, Joel and Combs, Rik","2"
"Lyon","25","President and Vice President of the United States","Trump, Donald J. and Vance, JD","802"
"Lyon","26","President and Vice President of the United States","Harris, Kamala D. and Walz, Tim","145"
"Lyon","26","President and Vice President of the United States","None Of These Candidates","11"
"Lyon","26","President and Vice President of the United States","Oliver, Chase and ter Maat, Michael","3"
"Lyon","26","President and Vice President of the United States","Skousen, Joel and Combs, Rik","4"
"Lyon","26","President and Vice President of the United States","Trump, Donald J. and Vance, JD","513"
"Lyon","27","President and Vice President of the United States","Harris, Kamala D. and Walz, Tim","401"
"Lyon","27","President and Vice President of the United States","None Of These Candidates","13"
"Lyon","27","President and Vice President of the United States","Oliver, Chase and ter Maat, Michael","15"
"Lyon","27","President and Vice President of the United States","Skousen, Joel and Combs, Rik","3"
"Lyon","27","President and Vice President of the United States","Trump, Donald J. and Vance, JD","1127"
"Lyon","28","President and Vice President of the United States","Harris, Kamala D. and Walz, Tim","181"
"Lyon","28","President and Vice President of the United States","None Of These Candidates","8"
"Lyon","28","President and Vice President of the United States","Oliver, Chase and ter Maat, Michael","9"
"Lyon","28","President and Vice President of the United States","Skousen, Joel and Combs, Rik","1"
"Lyon","28","President and Vice President of the United States","Trump, Donald J. and Vance, JD","515"
"Lyon","29","President and Vice President of the United States","Harris, Kamala D. and Walz, Tim","171"
"Lyon","29","President and Vice President of the United States","None Of These Candidates","4"
"Lyon","29","President and Vice President of the United States","Oliver, Chase and ter Maat, Michael","5"
"Lyon","29","President and Vice President of the United States","Skousen, Joel and Combs, Rik","1"
"Lyon","29","President and Vice President of the United States","Trump, Donald J. and Vance, JD","419"
"Lyon","30","President and Vice President of the United States","Harris, Kamala D. and Walz, Tim","252"
"Lyon","30","President and Vice President of the United States","None Of These Candidates","8"
"Lyon","30","President and Vice President of the United States","Oliver, Chase and ter Maat, Michael","5"
"Lyon","30","President and Vice President of the United States","Skousen, Joel and Combs, Rik","3"
"Lyon","30","President and Vice President of the United States","Trump, Donald J. and Vance, JD","506"
"Lyon","31","President and Vice President of the United States","Harris, Kamala D. and Walz, Tim","208"
"Lyon","31","President and Vice President of the United States","None Of These Candidates","5"
"Lyon","31","President and Vice President of the United States","Oliver, Chase and ter Maat, Michael","4"
"Lyon","31","President and Vice President of the United States","Skousen, Joel and Combs, Rik","1"
"Lyon","31","President and Vice President of the United States","Trump, Donald J. and Vance, JD","552"
"Lyon","32","President and Vice President of the United States","Harris, Kamala D. and Walz, Tim","303"
"Lyon","32","President and Vice President of the United States","None Of These Candidates","7"
"Lyon","32","President and Vice President of the United States","Oliver, Chase and ter Maat, Michael","11"
"Lyon","32","President and Vice President of the United States","Skousen, Joel and Combs, Rik","3"
"Lyon","32","President and Vice President of the United States","Trump, Donald J. and Vance, JD","590"
"Lyon","33","President and Vice President of the United States","Harris, Kamala D. and Walz, Tim","398"
"Lyon","33","President and Vice President of the United States","None Of These Candidates","17"
"Lyon","33","President and Vice President of the United States","Oliver, Chase and ter Maat, Michael","6"
"Lyon","33","President and Vice President of the United States","Skousen, Joel and Combs, Rik","3"
"Lyon","33","President and Vice President of the United States","Trump, Donald J. and Vance, JD","811"
"Lyon","34","President and Vice President of the United States","Harris, Kamala D. and Walz, Tim","93"
"Lyon","34","President and Vice President of the United States","None Of These Candidates","8"
"Lyon","34","President and Vice President of the United States","Oliver, Chase and ter Maat, Michael","2"
"Lyon","34","President and Vice President of the United States","Skousen, Joel and Combs, Rik","1"
"Lyon","34","President and Vice President of the United States","Trump, Donald J. and Vance, JD","298"
"Lyon","35","President and Vice President of the United States","Harris, Kamala D. and Walz, Tim","81"
"Lyon","35","President and Vice President of the United States","None Of These Candidates","8"
"Lyon","35","President and Vice President of the United States","Oliver, Chase and ter Maat, Michael","1"
"Lyon","35","President and Vice President of the United States","Skousen, Joel and Combs, Rik","2"
"Lyon","35","President and Vice President of the United States","Trump, Donald J. and Vance, JD","199"
"Lyon","36","President and Vice President of the United States","Harris, Kamala D. and Walz, Tim","123"
"Lyon","36","President and Vice President of the United States","None Of These Candidates","4"
"Lyon","36","President and Vice President of the United States","Oliver, Chase and ter Maat, Michael","1"
"Lyon","36","President and Vice President of the United States","Skousen, Joel and Combs, Rik","2"
"Lyon","36","President and Vice President of the United States","Trump, Donald J. and Vance, JD","277"
"Lyon","37","President and Vice President of the United States","Harris, Kamala D. and Walz, Tim","276"
"Lyon","37","President and Vice President of the United States","None Of These Candidates","20"
"Lyon","37","President and Vice President of the United States","Oliver, Chase and ter Maat, Michael","2"
"Lyon","37","President and Vice President of the United States","Skousen, Joel and Combs, Rik","5"
"Lyon","37","President and Vice President of the United States","Trump, Donald J. and Vance, JD","657"
"Lyon","38","President and Vice President of the United States","Harris, Kamala D. and Walz, Tim","316"
"Lyon","38","President and Vice President of the United States","None Of These Candidates","18"
"Lyon","38","President and Vice President of the United States","Oliver, Chase and ter Maat, Michael","8"
"Lyon","38","President and Vice President of the United States","Skousen, Joel and Combs, Rik","4"
"Lyon","38","President and Vice President of the United States","Trump, Donald J. and Vance, JD","806"
"Lyon","39","President and Vice President of the United States","Harris, Kamala D. and Walz, Tim","335"
"Lyon","39","President and Vice President of the United States","None Of These Candidates","13"
"Lyon","39","President and Vice President of the United States","Oliver, Chase and ter Maat, Michael","4"
"Lyon","39","President and Vice President of the United States","Skousen, Joel and Combs, Rik","4"
"Lyon","39","President and Vice President of the United States","Trump, Donald J. and Vance, JD","872"
"Lyon","40","President and Vice President of the United States","Harris, Kamala D. and Walz, Tim","242"
"Lyon","40","President and Vice President of the United States","None Of These Candidates","12"
"Lyon","40","President and Vice President of the United States","Oliver, Chase and ter Maat, Michael","4"
"Lyon","40","President and Vice President of the United States","Skousen, Joel and Combs, Rik","5"
"Lyon","40","President and Vice President of the United States","Trump, Donald J. and Vance, JD","524"
"Lyon","88","President and Vice President of the United States","Harris, Kamala D. and Walz, Tim","0"
"Lyon","88","President and Vice President of the United States","None Of These Candidates","0"
"Lyon","88","President and Vice President of the United States","Oliver, Chase and ter Maat, Michael","0"
"Lyon","88","President and Vice President of the United States","Skousen, Joel and Combs, Rik","0"
"Lyon","88","President and Vice President of the United States","Trump, Donald J. and Vance, JD","0"
"Lyon","99","President and Vice President of the United States","Harris, Kamala D. and Walz, Tim","0"
"Lyon","99","President and Vice President of the United States","None Of These Candidates","0"
"Lyon","99","President and Vice President of the United States","Oliver, Chase and ter Maat, Michael","0"
"Lyon","99","President and Vice President of the United States","Skousen, Joel and Combs, Rik","0"
"Lyon","99","President and Vice President of the United States","Trump, Donald J. and Vance, JD","0"
"Mineral","01","President and Vice President of the United States","Harris, Kamala D. and Walz, Tim","91"
"Mineral","01","President and Vice President of the United States","None Of These Candidates","7"
"Mineral","01","President and Vice President of the United States","Oliver, Chase and ter Maat, Michael","1"
"Mineral","01","President and Vice President of the United States","Skousen, Joel and Combs, Rik","0"
"Mineral","01","President and Vice President of the United States","Trump, Donald J. and Vance, JD","243"
"Mineral","02","President and Vice President of the United States","Harris, Kamala D. and Walz, Tim","84"
"Mineral","02","President and Vice President of the United States","None Of These Candidates","1"
"Mineral","02","President and Vice President of the United States","Oliver, Chase and ter Maat, Michael","0"
"Mineral","02","President and Vice President of the United States","Skousen, Joel and Combs, Rik","3"
"Mineral","02","President and Vice President of the United States","Trump, Donald J. and Vance, JD","244"
"Mineral","03","President and Vice President of the United States","Harris, Kamala D. and Walz, Tim","59"
"Mineral","03","President and Vice President of the United States","None Of These Candidates","2"
"Mineral","03","President and Vice President of the United States","Oliver, Chase and ter Maat, Michael","0"
"Mineral","03","President and Vice President of the United States","Skousen, Joel and Combs, Rik","2"
"Mineral","03","President and Vice President of the United States","Trump, Donald J. and Vance, JD","141"
"Mineral","04","President and Vice President of the United States","Harris, Kamala D. and Walz, Tim","53"
"Mineral","04","President and Vice President of the United States","None Of These Candidates","8"
"Mineral","04","President and Vice President of the United States","Oliver, Chase and ter Maat, Michael","1"
"Mineral","04","President and Vice President of the United States","Skousen, Joel and Combs, Rik","2"
"Mineral","04","President and Vice President of the United States","Trump, Donald J. and Vance, JD","132"
"Mineral","05","President and Vice President of the United States","Harris, Kamala D. and Walz, Tim","61"
"Mineral","05","President and Vice President of the United States","None Of These Candidates","7"
"Mineral","05","President and Vice President of the United States","Oliver, Chase and ter Maat, Michael","1"
"Mineral","05","President and Vice President of the United States","Skousen, Joel and Combs, Rik","0"
"Mineral","05","President and Vice President of the United States","Trump, Donald J. and Vance, JD","152"
"Mineral","06","President and Vice President of the United States","Harris, Kamala D. and Walz, Tim","76"
"Mineral","06","President and Vice President of the United States","None Of These Candidates","2"
"Mineral","06","President and Vice President of the United States","Oliver, Chase and ter Maat, Michael","2"
"Mineral","06","President and Vice President of the United States","Skousen, Joel and Combs, Rik","1"
"Mineral","06","President and Vice President of the United States","Trump, Donald J. and Vance, JD","194"
"Mineral","07","President and Vice President of the United States","Harris, Kamala D. and Walz, Tim","27"
"Mineral","07","President and Vice President of the United States","None Of These Candidates","1"
"Mineral","07","President and Vice President of the United States","Oliver, Chase and ter Maat, Michael","0"
"Mineral","07","President and Vice President of the United States","Skousen, Joel and Combs, Rik","0"
"Mineral","07","President and Vice President of the United States","Trump, Donald J. and Vance, JD","85"
"Mineral","08","President and Vice President of the United States","Harris, Kamala D. and Walz, Tim","5"
"Mineral","08","President and Vice President of the United States","None Of These Candidates","0"
"Mineral","08","President and Vice President of the United States","Oliver, Chase and ter Maat, Michael","0"
"Mineral","08","President and Vice President of the United States","Skousen, Joel and Combs, Rik","1"
"Mineral","08","President and Vice President of the United States","Trump, Donald J. and Vance, JD","17"
"Mineral","09","President and Vice President of the United States","Harris, Kamala D. and Walz, Tim","20"
"Mineral","09","President and Vice President of the United States","None Of These Candidates","0"
"Mineral","09","President and Vice President of the United States","Oliver, Chase and ter Maat, Michael","0"
"Mineral","09","President and Vice President of the United States","Skousen, Joel and Combs, Rik","0"
"Mineral","09","President and Vice President of the United States","Trump, Donald J. and Vance, JD","65"
"Mineral","10","President and Vice President of the United States","Harris, Kamala D. and Walz, Tim","*"
"Mineral","10","President and Vice President of the United States","None Of These Candidates","*"
"Mineral","10","President and Vice President of the United States","Oliver, Chase and ter Maat, Michael","*"
"Mineral","10","President and Vice President of the United States","Skousen, Joel and Combs, Rik","*"
"Mineral","10","President and Vice President of the United States","Trump, Donald J. and Vance, JD","*"
"Mineral","11","President and Vice President of the United States","Harris, Kamala D. and Walz, Tim","187"
"Mineral","11","President and Vice President of the United States","None Of These Candidates","5"
"Mineral","11","President and Vice President of the United States","Oliver, Chase and ter Maat, Michael","2"
"Mineral","11","President and Vice President of the United States","Skousen, Joel and Combs, Rik","1"
"Mineral","11","President and Vice President of the United States","Trump, Donald J. and Vance, JD","114"
"Mineral","12","President and Vice President of the United States","Harris, Kamala D. and Walz, Tim","45"
"Mineral","12","President and Vice President of the United States","None Of These Candidates","4"
"Mineral","12","President and Vice President of the United States","Oliver, Chase and ter Maat, Michael","2"
"Mineral","12","President and Vice President of the United States","Skousen, Joel and Combs, Rik","0"
"Mineral","12","President and Vice President of the United States","Trump, Donald J. and Vance, JD","137"
"Mineral","88","President and Vice President of the United States","Harris, Kamala D. and Walz, Tim","0"
"Mineral","88","President and Vice President of the United States","None Of These Candidates","0"
"Mineral","88","President and Vice President of the United States","Oliver, Chase and ter Maat, Michael","0"
"Mineral","88","President and Vice President of the United States","Skousen, Joel and Combs, Rik","0"
"Mineral","88","President and Vice President of the United States","Trump, Donald J. and Vance, JD","0"
"Mineral","99","President and Vice President of the United States","Harris, Kamala D. and Walz, Tim","0"
"Mineral","99","President and Vice President of the United States","None Of These Candidates","0"
"Mineral","99","President and Vice President of the United States","Oliver, Chase and ter Maat, Michael","0"
"Mineral","99","President and Vice President of the United States","Skousen, Joel and Combs, Rik","0"
"Mineral","99","President and Vice President of the United States","Trump, Donald J. and Vance, JD","0"
"Nye","01","President and Vice President of the United States","Harris, Kamala D. and Walz, Tim","83"
"Nye","01","President and Vice President of the United States","None Of These Candidates","3"
"Nye","01","President and Vice President of the United States","Oliver, Chase and ter Maat, Michael","5"
"Nye","01","President and Vice President of the United States","Skousen, Joel and Combs, Rik","4"
"Nye","01","President and Vice President of the United States","Trump, Donald J. and Vance, JD","263"
"Nye","02","President and Vice President of the United States","Harris, Kamala D. and Walz, Tim","25"
"Nye","02","President and Vice President of the United States","None Of These Candidates","0"
"Nye","02","President and Vice President of the United States","Oliver, Chase and ter Maat, Michael","0"
"Nye","02","President and Vice President of the United States","Skousen, Joel and Combs, Rik","0"
"Nye","02","President and Vice President of the United States","Trump, Donald J. and Vance, JD","63"
"Nye","06","President and Vice President of the United States","Harris, Kamala D. and Walz, Tim","138"
"Nye","06","President and Vice President of the United States","None Of These Candidates","5"
"Nye","06","President and Vice President of the United States","Oliver, Chase and ter Maat, Michael","3"
"Nye","06","President and Vice President of the United States","Skousen, Joel and Combs, Rik","3"
"Nye","06","President and Vice President of the United States","Trump, Donald J. and Vance, JD","308"
"Nye","08","President and Vice President of the United States","Harris, Kamala D. and Walz, Tim","3"
"Nye","08","President and Vice President of the United States","None Of These Candidates","2"
"Nye","08","President and Vice President of the United States","Oliver, Chase and ter Maat, Michael","0"
"Nye","08","President and Vice President of the United States","Skousen, Joel and Combs, Rik","0"
"Nye","08","President and Vice President of the United States","Trump, Donald J. and Vance, JD","7"
"Nye","09","President and Vice President of the United States","Harris, Kamala D. and Walz, Tim","41"
"Nye","09","President and Vice President of the United States","None Of These Candidates","2"
"Nye","09","President and Vice President of the United States","Oliver, Chase and ter Maat, Michael","2"
"Nye","09","President and Vice President of the United States","Skousen, Joel and Combs, Rik","0"
"Nye","09","President and Vice President of the United States","Trump, Donald J. and Vance, JD","122"
"Nye","10","President and Vice President of the United States","Harris, Kamala D. and Walz, Tim","180"
"Nye","10","President and Vice President of the United States","None Of These Candidates","12"
"Nye","10","President and Vice President of the United States","Oliver, Chase and ter Maat, Michael","3"
"Nye","10","President and Vice President of the United States","Skousen, Joel and Combs, Rik","2"
"Nye","10","President and Vice President of the United States","Trump, Donald J. and Vance, JD","414"
"Nye","11","President and Vice President of the United States","Harris, Kamala D. and Walz, Tim","452"
"Nye","11","President and Vice President of the United States","None Of These Candidates","11"
"Nye","11","President and Vice President of the United States","Oliver, Chase and ter Maat, Michael","7"
"Nye","11","President and Vice President of the United States","Skousen, Joel and Combs, Rik","9"
"Nye","11","President and Vice President of the United States","Trump, Donald J. and Vance, JD","890"
"Nye","12","President and Vice President of the United States","Harris, Kamala D. and Walz, Tim","45"
"Nye","12","President and Vice President of the United States","None Of These Candidates","0"
"Nye","12","President and Vice President of the United States","Oliver, Chase and ter Maat, Michael","1"
"Nye","12","President and Vice President of the United States","Skousen, Joel and Combs, Rik","0"
"Nye","12","President and Vice President of the United States","Trump, Donald J. and Vance, JD","222"
"Nye","14","President and Vice President of the United States","Harris, Kamala D. and Walz, Tim","206"
"Nye","14","President and Vice President of the United States","None Of These Candidates","19"
"Nye","14","President and Vice President of the United States","Oliver, Chase and ter Maat, Michael","4"
"Nye","14","President and Vice President of the United States","Skousen, Joel and Combs, Rik","7"
"Nye","14","President and Vice President of the United States","Trump, Donald J. and Vance, JD","730"
"Nye","16","President and Vice President of the United States","Harris, Kamala D. and Walz, Tim","469"
"Nye","16","President and Vice President of the United States","None Of These Candidates","12"
"Nye","16","President and Vice President of the United States","Oliver, Chase and ter Maat, Michael","3"
"Nye","16","President and Vice President of the United States","Skousen, Joel and Combs, Rik","2"
"Nye","16","President and Vice President of the United States","Trump, Donald J. and Vance, JD","897"
"Nye","17","President and Vice President of the United States","Harris, Kamala D. and Walz, Tim","307"
"Nye","17","President and Vice President of the United States","None Of These Candidates","17"
"Nye","17","President and Vice President of the United States","Oliver, Chase and ter Maat, Michael","4"
"Nye","17","President and Vice President of the United States","Skousen, Joel and Combs, Rik","7"
"Nye","17","President and Vice President of the United States","Trump, Donald J. and Vance, JD","846"
"Nye","18","President and Vice President of the United States","Harris, Kamala D. and Walz, Tim","16"
"Nye","18","President and Vice President of the United States","None Of These Candidates","0"
"Nye","18","President and Vice President of the United States","Oliver, Chase and ter Maat, Michael","0"
"Nye","18","President and Vice President of the United States","Skousen, Joel and Combs, Rik","1"
"Nye","18","President and Vice President of the United States","Trump, Donald J. and Vance, JD","25"
"Nye","19","President and Vice President of the United States","Harris, Kamala D. and Walz, Tim","710"
"Nye","19","President and Vice President of the United States","None Of These Candidates","26"
"Nye","19","President and Vice President of the United States","Oliver, Chase and ter Maat, Michael","4"
"Nye","19","President and Vice President of the United States","Skousen, Joel and Combs, Rik","8"
"Nye","19","President and Vice President of the United States","Trump, Donald J. and Vance, JD","1683"
"Nye","20","President and Vice President of the United States","Harris, Kamala D. and Walz, Tim","694"
"Nye","20","President and Vice President of the United States","None Of These Candidates","28"
"Nye","20","President and Vice President of the United States","Oliver, Chase and ter Maat, Michael","5"
"Nye","20","President and Vice President of the United States","Skousen, Joel and Combs, Rik","9"
"Nye","20","President and Vice President of the United States","Trump, Donald J. and Vance, JD","1373"
"Nye","21","President and Vice President of the United States","Harris, Kamala D. and Walz, Tim","409"
"Nye","21","President and Vice President of the United States","None Of These Candidates","18"
"Nye","21","President and Vice President of the United States","Oliver, Chase and ter Maat, Michael","7"
"Nye","21","President and Vice President of the United States","Skousen, Joel and Combs, Rik","5"
"Nye","21","President and Vice President of the United States","Trump, Donald J. and Vance, JD","1052"
"Nye","22","President and Vice President of the United States","Harris, Kamala D. and Walz, Tim","713"
"Nye","22","President and Vice President of the United States","None Of These Candidates","23"
"Nye","22","President and Vice President of the United States","Oliver, Chase and ter Maat, Michael","12"
"Nye","22","President and Vice President of the United States","Skousen, Joel and Combs, Rik","10"
"Nye","22","President and Vice President of the United States","Trump, Donald J. and Vance, JD","1655"
"Nye","23","President and Vice President of the United States","Harris, Kamala D. and Walz, Tim","134"
"Nye","23","President and Vice President of the United States","None Of These Candidates","6"
"Nye","23","President and Vice President of the United States","Oliver, Chase and ter Maat, Michael","1"
"Nye","23","President and Vice President of the United States","Skousen, Joel and Combs, Rik","3"
"Nye","23","President and Vice President of the United States","Trump, Donald J. and Vance, JD","387"
"Nye","24","President and Vice President of the United States","Harris, Kamala D. and Walz, Tim","59"
"Nye","24","President and Vice President of the United States","None Of These Candidates","3"
"Nye","24","President and Vice President of the United States","Oliver, Chase and ter Maat, Michael","0"
"Nye","24","President and Vice President of the United States","Skousen, Joel and Combs, Rik","0"
"Nye","24","President and Vice President of the United States","Trump, Donald J. and Vance, JD","182"
"Nye","25","President and Vice President of the United States","Harris, Kamala D. and Walz, Tim","94"
"Nye","25","President and Vice President of the United States","None Of These Candidates","2"
"Nye","25","President and Vice President of the United States","Oliver, Chase and ter Maat, Michael","2"
"Nye","25","President and Vice President of the United States","Skousen, Joel and Combs, Rik","1"
"Nye","25","President and Vice President of the United States","Trump, Donald J. and Vance, JD","328"
"Nye","26","President and Vice President of the United States","Harris, Kamala D. and Walz, Tim","73"
"Nye","26","President and Vice President of the United States","None Of These Candidates","2"
"Nye","26","President and Vice President of the United States","Oliver, Chase and ter Maat, Michael","0"
"Nye","26","President and Vice President of the United States","Skousen, Joel and Combs, Rik","7"
"Nye","26","President and Vice President of the United States","Trump, Donald J. and Vance, JD","224"
"Nye","27","President and Vice President of the United States","Harris, Kamala D. and Walz, Tim","227"
"Nye","27","President and Vice President of the United States","None Of These Candidates","8"
"Nye","27","President and Vice President of the United States","Oliver, Chase and ter Maat, Michael","3"
"Nye","27","President and Vice President of the United States","Skousen, Joel and Combs, Rik","5"
"Nye","27","President and Vice President of the United States","Trump, Donald J. and Vance, JD","659"
"Nye","28","President and Vice President of the United States","Harris, Kamala D. and Walz, Tim","379"
"Nye","28","President and Vice President of the United States","None Of These Candidates","17"
"Nye","28","President and Vice President of the United States","Oliver, Chase and ter Maat, Michael","2"
"Nye","28","President and Vice President of the United States","Skousen, Joel and Combs, Rik","4"
"Nye","28","President and Vice President of the United States","Trump, Donald J. and Vance, JD","1007"
"Nye","29","President and Vice President of the United States","Harris, Kamala D. and Walz, Tim","34"
"Nye","29","President and Vice President of the United States","None Of These Candidates","0"
"Nye","29","President and Vice President of the United States","Oliver, Chase and ter Maat, Michael","0"
"Nye","29","President and Vice President of the United States","Skousen, Joel and Combs, Rik","0"
"Nye","29","President and Vice President of the United States","Trump, Donald J. and Vance, JD","61"
"Nye","30","President and Vice President of the United States","Harris, Kamala D. and Walz, Tim","53"
"Nye","30","President and Vice President of the United States","None Of These Candidates","2"
"Nye","30","President and Vice President of the United States","Oliver, Chase and ter Maat, Michael","1"
"Nye","30","President and Vice President of the United States","Skousen, Joel and Combs, Rik","0"
"Nye","30","President and Vice President of the United States","Trump, Donald J. and Vance, JD","129"
"Nye","31","President and Vice President of the United States","Harris, Kamala D. and Walz, Tim","665"
"Nye","31","President and Vice President of the United States","None Of These Candidates","24"
"Nye","31","President and Vice President of the United States","Oliver, Chase and ter Maat, Michael","5"
"Nye","31","President and Vice President of the United States","Skousen, Joel and Combs, Rik","7"
"Nye","31","President and Vice President of the United States","Trump, Donald J. and Vance, JD","1945"
"Nye","32","President and Vice President of the United States","Harris, Kamala D. and Walz, Tim","460"
"Nye","32","President and Vice President of the United States","None Of These Candidates","15"
"Nye","32","President and Vice President of the United States","Oliver, Chase and ter Maat, Michael","7"
"Nye","32","President and Vice President of the United States","Skousen, Joel and Combs, Rik","3"
"Nye","32","President and Vice President of the United States","Trump, Donald J. and Vance, JD","1032"
"Nye","33","President and Vice President of the United States","Harris, Kamala D. and Walz, Tim","203"
"Nye","33","President and Vice President of the United States","None Of These Candidates","11"
"Nye","33","President and Vice President of the United States","Oliver, Chase and ter Maat, Michael","3"
"Nye","33","President and Vice President of the United States","Skousen, Joel and Combs, Rik","4"
"Nye","33","President and Vice President of the United States","Trump, Donald J. and Vance, JD","559"
"Nye","34","President and Vice President of the United States","Harris, Kamala D. and Walz, Tim","612"
"Nye","34","President and Vice President of the United States","None Of These Candidates","19"
"Nye","34","President and Vice President of the United States","Oliver, Chase and ter Maat, Michael","1"
"Nye","34","President and Vice President of the United States","Skousen, Joel and Combs, Rik","7"
"Nye","34","President and Vice President of the United States","Trump, Donald J. and Vance, JD","1354"
"Nye","35","President and Vice President of the United States","Harris, Kamala D. and Walz, Tim","74"
"Nye","35","President and Vice President of the United States","None Of These Candidates","3"
"Nye","35","President and Vice President of the United States","Oliver, Chase and ter Maat, Michael","8"
"Nye","35","President and Vice President of the United States","Skousen, Joel and Combs, Rik","1"
"Nye","35","President and Vice President of the United States","Trump, Donald J. and Vance, JD","529"
"Nye","36","President and Vice President of the United States","Harris, Kamala D. and Walz, Tim","0"
"Nye","36","President and Vice President of the United States","None Of These Candidates","0"
"Nye","36","President and Vice President of the United States","Oliver, Chase and ter Maat, Michael","0"
"Nye","36","President and Vice President of the United States","Skousen, Joel and Combs, Rik","0"
"Nye","36","President and Vice President of the United States","Trump, Donald J. and Vance, JD","0"
"Nye","88","President and Vice President of the United States","Harris, Kamala D. and Walz, Tim","*"
"Nye","88","President and Vice President of the United States","None Of These Candidates","*"
"Nye","88","President and Vice President of the United States","Oliver, Chase and ter Maat, Michael","*"
"Nye","88","President and Vice President of the United States","Skousen, Joel and Combs, Rik","*"
"Nye","88","President and Vice President of the United States","Trump, Donald J. and Vance, JD","*"
"Nye","99","President and Vice President of the United States","Harris, Kamala D. and Walz, Tim","0"
"Nye","99","President and Vice President of the United States","None Of These Candidates","0"
"Nye","99","President and Vice President of the United States","Oliver, Chase and ter Maat, Michael","0"
"Nye","99","President and Vice President of the United States","Skousen, Joel and Combs, Rik","0"
"Nye","99","President and Vice President of the United States","Trump, Donald J. and Vance, JD","0"
"Pershing","01","President and Vice President of the United States","Harris, Kamala D. and Walz, Tim","154"
"Pershing","01","President and Vice President of the United States","None Of These Candidates","9"
"Pershing","01","President and Vice President of the United States","Oliver, Chase and ter Maat, Michael","1"
"Pershing","01","President and Vice President of the United States","Skousen, Joel and Combs, Rik","2"
"Pershing","01","President and Vice President of the United States","Trump, Donald J. and Vance, JD","556"
"Pershing","03","President and Vice President of the United States","Harris, Kamala D. and Walz, Tim","107"
"Pershing","03","President and Vice President of the United States","None Of These Candidates","6"
"Pershing","03","President and Vice President of the United States","Oliver, Chase and ter Maat, Michael","4"
"Pershing","03","President and Vice President of the United States","Skousen, Joel and Combs, Rik","0"
"Pershing","03","President and Vice President of the United States","Trump, Donald J. and Vance, JD","268"
"Pershing","04","President and Vice President of the United States","Harris, Kamala D. and Walz, Tim","92"
"Pershing","04","President and Vice President of the United States","None Of These Candidates","8"
"Pershing","04","President and Vice President of the United States","Oliver, Chase and ter Maat, Michael","2"
"Pershing","04","President and Vice President of the United States","Skousen, Joel and Combs, Rik","0"
"Pershing","04","President and Vice President of the United States","Trump, Donald J. and Vance, JD","206"
"Pershing","05","President and Vice President of the United States","Harris, Kamala D. and Walz, Tim","19"
"Pershing","05","President and Vice President of the United States","None Of These Candidates","2"
"Pershing","05","President and Vice President of the United States","Oliver, Chase and ter Maat, Michael","1"
"Pershing","05","President and Vice President of the United States","Skousen, Joel and Combs, Rik","0"
"Pershing","05","President and Vice President of the United States","Trump, Donald J. and Vance, JD","101"
"Pershing","06","President and Vice President of the United States","Harris, Kamala D. and Walz, Tim","72"
"Pershing","06","President and Vice President of the United States","None Of These Candidates","6"
"Pershing","06","President and Vice President of the United States","Oliver, Chase and ter Maat, Michael","1"
"Pershing","06","President and Vice President of the United States","Skousen, Joel and Combs, Rik","4"
"Pershing","06","President and Vice President of the United States","Trump, Donald J. and Vance, JD","439"
"Pershing","07","President and Vice President of the United States","Harris, Kamala D. and Walz, Tim","52"
"Pershing","07","President and Vice President of the United States","None Of These Candidates","1"
"Pershing","07","President and Vice President of the United States","Oliver, Chase and ter Maat, Michael","1"
"Pershing","07","President and Vice President of the United States","Skousen, Joel and Combs, Rik","0"
"Pershing","07","President and Vice President of the United States","Trump, Donald J. and Vance, JD","194"
"Pershing","88","President and Vice President of the United States","Harris, Kamala D. and Walz, Tim","0"
"Pershing","88","President and Vice President of the United States","None Of These Candidates","0"
"Pershing","88","President and Vice President of the United States","Oliver, Chase and ter Maat, Michael","0"
"Pershing","88","President and Vice President of the United States","Skousen, Joel and Combs, Rik","0"
"Pershing","88","President and Vice President of the United States","Trump, Donald J. and Vance, JD","0"
"Pershing","99","President and Vice President of the United States","Harris, Kamala D. and Walz, Tim","0"
"Pershing","99","President and Vice President of the United States","None Of These Candidates","0"
"Pershing","99","President and Vice President of the United States","Oliver, Chase and ter Maat, Michael","0"
"Pershing","99","President and Vice President of the United States","Skousen, Joel and Combs, Rik","0"
"Pershing","99","President and Vice President of the United States","Trump, Donald J. and Vance, JD","0"
"Storey","01","President and Vice President of the United States","Harris, Kamala D. and Walz, Tim","99"
"Storey","01","President and Vice President of the United States","None Of These Candidates","5"
"Storey","01","President and Vice President of the United States","Oliver, Chase and ter Maat, Michael","3"
"Storey","01","President and Vice President of the United States","Skousen, Joel and Combs, Rik","0"
"Storey","01","President and Vice President of the United States","Trump, Donald J. and Vance, JD","298"
"Storey","02","President and Vice President of the United States","Harris, Kamala D. and Walz, Tim","115"
"Storey","02","President and Vice President of the United States","None Of These Candidates","0"
"Storey","02","President and Vice President of the United States","Oliver, Chase and ter Maat, Michael","3"
"Storey","02","President and Vice President of the United States","Skousen, Joel and Combs, Rik","2"
"Storey","02","President and Vice President of the United States","Trump, Donald J. and Vance, JD","236"
"Storey","03","President and Vice President of the United States","Harris, Kamala D. and Walz, Tim","4"
"Storey","03","President and Vice President of the United States","None Of These Candidates","0"
"Storey","03","President and Vice President of the United States","Oliver, Chase and ter Maat, Michael","0"
"Storey","03","President and Vice President of the United States","Skousen, Joel and Combs, Rik","0"
"Storey","03","President and Vice President of the United States","Trump, Donald J. and Vance, JD","12"
"Storey","04","President and Vice President of the United States","Harris, Kamala D. and Walz, Tim","121"
"Storey","04","President and Vice President of the United States","None Of These Candidates","3"
"Storey","04","President and Vice President of the United States","Oliver, Chase and ter Maat, Michael","2"
"Storey","04","President and Vice President of the United States","Skousen, Joel and Combs, Rik","1"
"Storey","04","President and Vice President of the United States","Trump, Donald J. and Vance, JD","369"
"Storey","05","President and Vice President of the United States","Harris, Kamala D. and Walz, Tim","312"
"Storey","05","President and Vice President of the United States","None Of These Candidates","13"
"Storey","05","President and Vice President of the United States","Oliver, Chase and ter Maat, Michael","5"
"Storey","05","President and Vice President of the United States","Skousen, Joel and Combs, Rik","3"
"Storey","05","President and Vice President of the United States","Trump, Donald J. and Vance, JD","756"
"Storey","06","President and Vice President of the United States","Harris, Kamala D. and Walz, Tim","253"
"Storey","06","President and Vice President of the United States","None Of These Candidates","9"
"Storey","06","President and Vice President of the United States","Oliver, Chase and ter Maat, Michael","5"
"Storey","06","President and Vice President of the United States","Skousen, Joel and Combs, Rik","0"
"Storey","06","President and Vice President of the United States","Trump, Donald J. and Vance, JD","406"
"Storey","07","President and Vice President of the United States","Harris, Kamala D. and Walz, Tim","0"
"Storey","07","President and Vice President of the United States","None Of These Candidates","0"
"Storey","07","President and Vice President of the United States","Oliver, Chase and ter Maat, Michael","0"
"Storey","07","President and Vice President of the United States","Skousen, Joel and Combs, Rik","0"
"Storey","07","President and Vice President of the United States","Trump, Donald J. and Vance, JD","0"
"Storey","08","President and Vice President of the United States","Harris, Kamala D. and Walz, Tim","6"
"Storey","08","President and Vice President of the United States","None Of These Candidates","0"
"Storey","08","President and Vice President of the United States","Oliver, Chase and ter Maat, Michael","0"
"Storey","08","President and Vice President of the United States","Skousen, Joel and Combs, Rik","0"
"Storey","08","President and Vice President of the United States","Trump, Donald J. and Vance, JD","6"
"Storey","09","President and Vice President of the United States","Harris, Kamala D. and Walz, Tim","0"
"Storey","09","President and Vice President of the United States","None Of These Candidates","0"
"Storey","09","President and Vice President of the United States","Oliver, Chase and ter Maat, Michael","0"
"Storey","09","President and Vice President of the United States","Skousen, Joel and Combs, Rik","0"
"Storey","09","President and Vice President of the United States","Trump, Donald J. and Vance, JD","0"
"Storey","11","President and Vice President of the United States","Harris, Kamala D. and Walz, Tim","*"
"Storey","11","President and Vice President of the United States","None Of These Candidates","*"
"Storey","11","President and Vice President of the United States","Oliver, Chase and ter Maat, Michael","*"
"Storey","11","President and Vice President of the United States","Skousen, Joel and Combs, Rik","*"
"Storey","11","President and Vice President of the United States","Trump, Donald J. and Vance, JD","*"
"Storey","12","President and Vice President of the United States","Harris, Kamala D. and Walz, Tim","*"
"Storey","12","President and Vice President of the United States","None Of These Candidates","*"
"Storey","12","President and Vice President of the United States","Oliver, Chase and ter Maat, Michael","*"
"Storey","12","President and Vice President of the United States","Skousen, Joel and Combs, Rik","*"
"Storey","12","President and Vice President of the United States","Trump, Donald J. and Vance, JD","*"
"Storey","13","President and Vice President of the United States","Harris, Kamala D. and Walz, Tim","*"
"Storey","13","President and Vice President of the United States","None Of These Candidates","*"
"Storey","13","President and Vice President of the United States","Oliver, Chase and ter Maat, Michael","*"
"Storey","13","President and Vice President of the United States","Skousen, Joel and Combs, Rik","*"
"Storey","13","President and Vice President of the United States","Trump, Donald J. and Vance, JD","*"
"Storey","15","President and Vice President of the United States","Harris, Kamala D. and Walz, Tim","3"
"Storey","15","President and Vice President of the United States","None Of These Candidates","0"
"Storey","15","President and Vice President of the United States","Oliver, Chase and ter Maat, Michael","0"
"Storey","15","President and Vice President of the United States","Skousen, Joel and Combs, Rik","0"
"Storey","15","President and Vice President of the United States","Trump, Donald J. and Vance, JD","17"
"Storey","88","President and Vice President of the United States","Harris, Kamala D. and Walz, Tim","0"
"Storey","88","President and Vice President of the United States","None Of These Candidates","0"
"Storey","88","President and Vice President of the United States","Oliver, Chase and ter Maat, Michael","0"
"Storey","88","President and Vice President of the United States","Skousen, Joel and Combs, Rik","0"
"Storey","88","President and Vice President of the United States","Trump, Donald J. and Vance, JD","0"
"Storey","99","President and Vice President of the United States","Harris, Kamala D. and Walz, Tim","0"
"Storey","99","President and Vice President of the United States","None Of These Candidates","0"
"Storey","99","President and Vice President of the United States","Oliver, Chase and ter Maat, Michael","0"
"Storey","99","President and Vice President of the United States","Skousen, Joel and Combs, Rik","0"
"Storey","99","President and Vice President of the United States","Trump, Donald J. and Vance, JD","0"
"Washoe","FOC","President and Vice President of the United States","Harris, Kamala D. and Walz, Tim","5"
"Washoe","FOC","President and Vice President of the United States","None Of These Candidates","0"
"Washoe","FOC","President and Vice President of the United States","Oliver, Chase and ter Maat, Michael","0"
"Washoe","FOC","President and Vice President of the United States","Skousen, Joel and Combs, Rik","0"
"Washoe","FOC","President and Vice President of the United States","Trump, Donald J. and Vance, JD","10"
"Washoe","GER-WADS 7412","President and Vice President of the United States","Harris, Kamala D. and Walz, Tim","5"
"Washoe","GER-WADS 7412","President and Vice President of the United States","None Of These Candidates","0"
"Washoe","GER-WADS 7412","President and Vice President of the United States","Oliver, Chase and ter Maat, Michael","0"
"Washoe","GER-WADS 7412","President and Vice President of the United States","Skousen, Joel and Combs, Rik","0"
"Washoe","GER-WADS 7412","President and Vice President of the United States","Trump, Donald J. and Vance, JD","20"
"Washoe","GER-WADS 7521","President and Vice President of the United States","Harris, Kamala D. and Walz, Tim","17"
"Washoe","GER-WADS 7521","President and Vice President of the United States","None Of These Candidates","0"
"Washoe","GER-WADS 7521","President and Vice President of the United States","Oliver, Chase and ter Maat, Michael","0"
"Washoe","GER-WADS 7521","President and Vice President of the United States","Skousen, Joel and Combs, Rik","0"
"Washoe","GER-WADS 7521","President and Vice President of the United States","Trump, Donald J. and Vance, JD","43"
"Washoe","GER-WADS 7522","President and Vice President of the United States","Harris, Kamala D. and Walz, Tim","68"
"Washoe","GER-WADS 7522","President and Vice President of the United States","None Of These Candidates","1"
"Washoe","GER-WADS 7522","President and Vice President of the United States","Oliver, Chase and ter Maat, Michael","1"
"Washoe","GER-WADS 7522","President and Vice President of the United States","Skousen, Joel and Combs, Rik","0"
"Washoe","GER-WADS 7522","President and Vice President of the United States","Trump, Donald J. and Vance, JD","43"
"Washoe","GER-WADS 7531","President and Vice President of the United States","Harris, Kamala D. and Walz, Tim","5"
"Washoe","GER-WADS 7531","President and Vice President of the United States","None Of These Candidates","0"
"Washoe","GER-WADS 7531","President and Vice President of the United States","Oliver, Chase and ter Maat, Michael","0"
"Washoe","GER-WADS 7531","President and Vice President of the United States","Skousen, Joel and Combs, Rik","0"
"Washoe","GER-WADS 7531","President and Vice President of the United States","Trump, Donald J. and Vance, JD","17"
"Washoe","GER-WADS 7561","President and Vice President of the United States","Harris, Kamala D. and Walz, Tim","309"
"Washoe","GER-WADS 7561","President and Vice President of the United States","None Of These Candidates","6"
"Washoe","GER-WADS 7561","President and Vice President of the United States","Oliver, Chase and ter Maat, Michael","5"
"Washoe","GER-WADS 7561","President and Vice President of the United States","Skousen, Joel and Combs, Rik","2"
"Washoe","GER-WADS 7561","President and Vice President of the United States","Trump, Donald J. and Vance, JD","192"
"Washoe","GER-WADS 7581","President and Vice President of the United States","Harris, Kamala D. and Walz, Tim","130"
"Washoe","GER-WADS 7581","President and Vice President of the United States","None Of These Candidates","1"
"Washoe","GER-WADS 7581","President and Vice President of the United States","Oliver, Chase and ter Maat, Michael","0"
"Washoe","GER-WADS 7581","President and Vice President of the United States","Skousen, Joel and Combs, Rik","2"
"Washoe","GER-WADS 7581","President and Vice President of the United States","Trump, Donald J. and Vance, JD","33"
"Washoe","GER-WADS 7589","President and Vice President of the United States","Harris, Kamala D. and Walz, Tim","*"
"Washoe","GER-WADS 7589","President and Vice President of the United States","None Of These Candidates","*"
"Washoe","GER-WADS 7589","President and Vice President of the United States","Oliver, Chase and ter Maat, Michael","*"
"Washoe","GER-WADS 7589","President and Vice President of the United States","Skousen, Joel and Combs, Rik","*"
"Washoe","GER-WADS 7589","President and Vice President of the United States","Trump, Donald J. and Vance, JD","*"
"Washoe","GER-WADS 9403","President and Vice President of the United States","Harris, Kamala D. and Walz, Tim","0"
"Washoe","GER-WADS 9403","President and Vice President of the United States","None Of These Candidates","0"
"Washoe","GER-WADS 9403","President and Vice President of the United States","Oliver, Chase and ter Maat, Michael","0"
"Washoe","GER-WADS 9403","President and Vice President of the United States","Skousen, Joel and Combs, Rik","0"
"Washoe","GER-WADS 9403","President and Vice President of the United States","Trump, Donald J. and Vance, JD","0"
"Washoe","GER-WADS 9405","President and Vice President of the United States","Harris, Kamala D. and Walz, Tim","0"
"Washoe","GER-WADS 9405","President and Vice President of the United States","None Of These Candidates","0"
"Washoe","GER-WADS 9405","President and Vice President of the United States","Oliver, Chase and ter Maat, Michael","0"
"Washoe","GER-WADS 9405","President and Vice President of the United States","Skousen, Joel and Combs, Rik","0"
"Washoe","GER-WADS 9405","President and Vice President of the United States","Trump, Donald J. and Vance, JD","0"
"Washoe","GER-WADS 9557","President and Vice President of the United States","Harris, Kamala D. and Walz, Tim","0"
"Washoe","GER-WADS 9557","President and Vice President of the United States","None Of These Candidates","0"
"Washoe","GER-WADS 9557","President and Vice President of the United States","Oliver, Chase and ter Maat, Michael","0"
"Washoe","GER-WADS 9557","President and Vice President of the United States","Skousen, Joel and Combs, Rik","0"
"Washoe","GER-WADS 9557","President and Vice President of the United States","Trump, Donald J. and Vance, JD","0"
"Washoe","INCLINE VILLAGE 8104","President and Vice President of the United States","Harris, Kamala D. and Walz, Tim","278"
"Washoe","INCLINE VILLAGE 8104","President and Vice President of the United States","None Of These Candidates","10"
"Washoe","INCLINE VILLAGE 8104","President and Vice President of the United States","Oliver, Chase and ter Maat, Michael","3"
"Washoe","INCLINE VILLAGE 8104","President and Vice President of the United States","Skousen, Joel and Combs, Rik","0"
"Washoe","INCLINE VILLAGE 8104","President and Vice President of the United States","Trump, Donald J. and Vance, JD","308"
"Washoe","INCLINE VILLAGE 8105","President and Vice President of the United States","Harris, Kamala D. and Walz, Tim","353"
"Washoe","INCLINE VILLAGE 8105","President and Vice President of the United States","None Of These Candidates","14"
"Washoe","INCLINE VILLAGE 8105","President and Vice President of the United States","Oliver, Chase and ter Maat, Michael","4"
"Washoe","INCLINE VILLAGE 8105","President and Vice President of the United States","Skousen, Joel and Combs, Rik","0"
"Washoe","INCLINE VILLAGE 8105","President and Vice President of the United States","Trump, Donald J. and Vance, JD","303"
"Washoe","INCLINE VILLAGE 8106","President and Vice President of the United States","Harris, Kamala D. and Walz, Tim","425"
"Washoe","INCLINE VILLAGE 8106","President and Vice President of the United States","None Of These Candidates","18"
"Washoe","INCLINE VILLAGE 8106","President and Vice President of the United States","Oliver, Chase and ter Maat, Michael","5"
"Washoe","INCLINE VILLAGE 8106","President and Vice President of the United States","Skousen, Joel and Combs, Rik","2"
"Washoe","INCLINE VILLAGE 8106","President and Vice President of the United States","Trump, Donald J. and Vance, JD","378"
"Washoe","INCLINE VILLAGE 8107","President and Vice President of the United States","Harris, Kamala D. and Walz, Tim","396"
"Washoe","INCLINE VILLAGE 8107","President and Vice President of the United States","None Of These Candidates","23"
"Washoe","INCLINE VILLAGE 8107","President and Vice President of the United States","Oliver, Chase and ter Maat, Michael","6"
"Washoe","INCLINE VILLAGE 8107","President and Vice President of the United States","Skousen, Joel and Combs, Rik","3"
"Washoe","INCLINE VILLAGE 8107","President and Vice President of the United States","Trump, Donald J. and Vance, JD","435"
"Washoe","INCLINE VILLAGE 8108","President and Vice President of the United States","Harris, Kamala D. and Walz, Tim","391"
"Washoe","INCLINE VILLAGE 8108","President and Vice President of the United States","None Of These Candidates","22"
"Washoe","INCLINE VILLAGE 8108","President and Vice President of the United States","Oliver, Chase and ter Maat, Michael","8"
"Washoe","INCLINE VILLAGE 8108","President and Vice President of the United States","Skousen, Joel and Combs, Rik","2"
"Washoe","INCLINE VILLAGE 8108","President and Vice President of the United States","Trump, Donald J. and Vance, JD","380"
"Washoe","INCLINE VILLAGE 8109","President and Vice President of the United States","Harris, Kamala D. and Walz, Tim","481"
"Washoe","INCLINE VILLAGE 8109","President and Vice President of the United States","None Of These Candidates","26"
"Washoe","INCLINE VILLAGE 8109","President and Vice President of the United States","Oliver, Chase and ter Maat, Michael","9"
"Washoe","INCLINE VILLAGE 8109","President and Vice President of the United States","Skousen, Joel and Combs, Rik","1"
"Washoe","INCLINE VILLAGE 8109","President and Vice President of the United States","Trump, Donald J. and Vance, JD","578"
"Washoe","INCLINE VILLAGE 8110","President and Vice President of the United States","Harris, Kamala D. and Walz, Tim","148"
"Washoe","INCLINE VILLAGE 8110","President and Vice President of the United States","None Of These Candidates","6"
"Washoe","INCLINE VILLAGE 8110","President and Vice President of the United States","Oliver, Chase and ter Maat, Michael","3"
"Washoe","INCLINE VILLAGE 8110","President and Vice President of the United States","Skousen, Joel and Combs, Rik","2"
"Washoe","INCLINE VILLAGE 8110","President and Vice President of the United States","Trump, Donald J. and Vance, JD","138"
"Washoe","INCLINE VILLAGE 8111","President and Vice President of the United States","Harris, Kamala D. and Walz, Tim","*"
"Washoe","INCLINE VILLAGE 8111","President and Vice President of the United States","None Of These Candidates","*"
"Washoe","INCLINE VILLAGE 8111","President and Vice President of the United States","Oliver, Chase and ter Maat, Michael","*"
"Washoe","INCLINE VILLAGE 8111","President and Vice President of the United States","Skousen, Joel and Combs, Rik","*"
"Washoe","INCLINE VILLAGE 8111","President and Vice President of the United States","Trump, Donald J. and Vance, JD","*"
"Washoe","INCLINE VILLAGE 8116","President and Vice President of the United States","Harris, Kamala D. and Walz, Tim","562"
"Washoe","INCLINE VILLAGE 8116","President and Vice President of the United States","None Of These Candidates","12"
"Washoe","INCLINE VILLAGE 8116","President and Vice President of the United States","Oliver, Chase and ter Maat, Michael","6"
"Washoe","INCLINE VILLAGE 8116","President and Vice President of the United States","Skousen, Joel and Combs, Rik","1"
"Washoe","INCLINE VILLAGE 8116","President and Vice President of the United States","Trump, Donald J. and Vance, JD","409"
"Washoe","INCLINE VILLAGE 8117","President and Vice President of the United States","Harris, Kamala D. and Walz, Tim","385"
"Washoe","INCLINE VILLAGE 8117","President and Vice President of the United States","None Of These Candidates","11"
"Washoe","INCLINE VILLAGE 8117","President and Vice President of the United States","Oliver, Chase and ter Maat, Michael","4"
"Washoe","INCLINE VILLAGE 8117","President and Vice President of the United States","Skousen, Joel and Combs, Rik","0"
"Washoe","INCLINE VILLAGE 8117","President and Vice President of the United States","Trump, Donald J. and Vance, JD","387"
"Washoe","INCLINE VILLAGE 8125","President and Vice President of the United States","Harris, Kamala D. and Walz, Tim","*"
"Washoe","INCLINE VILLAGE 8125","President and Vice President of the United States","None Of These Candidates","*"
"Washoe","INCLINE VILLAGE 8125","President and Vice President of the United States","Oliver, Chase and ter Maat, Michael","*"
"Washoe","INCLINE VILLAGE 8125","President and Vice President of the United States","Skousen, Joel and Combs, Rik","*"
"Washoe","INCLINE VILLAGE 8125","President and Vice President of the United States","Trump, Donald J. and Vance, JD","*"
"Washoe","INCLINE VILLAGE 8126","President and Vice President of the United States","Harris, Kamala D. and Walz, Tim","0"
"Washoe","INCLINE VILLAGE 8126","President and Vice President of the United States","None Of These Candidates","0"
"Washoe","INCLINE VILLAGE 8126","President and Vice President of the United States","Oliver, Chase and ter Maat, Michael","0"
"Washoe","INCLINE VILLAGE 8126","President and Vice President of the United States","Skousen, Joel and Combs, Rik","0"
"Washoe","INCLINE VILLAGE 8126","President and Vice President of the United States","Trump, Donald J. and Vance, JD","0"
"Washoe","INCLINE VILLAGE 9101","President and Vice President of the United States","Harris, Kamala D. and Walz, Tim","0"
"Washoe","INCLINE VILLAGE 9101","President and Vice President of the United States","None Of These Candidates","0"
"Washoe","INCLINE VILLAGE 9101","President and Vice President of the United States","Oliver, Chase and ter Maat, Michael","0"
"Washoe","INCLINE VILLAGE 9101","President and Vice President of the United States","Skousen, Joel and Combs, Rik","0"
"Washoe","INCLINE VILLAGE 9101","President and Vice President of the United States","Trump, Donald J. and Vance, JD","0"
"Washoe","INCLINE VILLAGE 9102","President and Vice President of the United States","Harris, Kamala D. and Walz, Tim","0"
"Washoe","INCLINE VILLAGE 9102","President and Vice President of the United States","None Of These Candidates","0"
"Washoe","INCLINE VILLAGE 9102","President and Vice President of the United States","Oliver, Chase and ter Maat, Michael","0"
"Washoe","INCLINE VILLAGE 9102","President and Vice President of the United States","Skousen, Joel and Combs, Rik","0"
"Washoe","INCLINE VILLAGE 9102","President and Vice President of the United States","Trump, Donald J. and Vance, JD","0"
"Washoe","INCLINE VILLAGE 9106","President and Vice President of the United States","Harris, Kamala D. and Walz, Tim","0"
"Washoe","INCLINE VILLAGE 9106","President and Vice President of the United States","None Of These Candidates","0"
"Washoe","INCLINE VILLAGE 9106","President and Vice President of the United States","Oliver, Chase and ter Maat, Michael","0"
"Washoe","INCLINE VILLAGE 9106","President and Vice President of the United States","Skousen, Joel and Combs, Rik","0"
"Washoe","INCLINE VILLAGE 9106","President and Vice President of the United States","Trump, Donald J. and Vance, JD","0"
"Washoe","INCLINE VILLAGE 9116","President and Vice President of the United States","Harris, Kamala D. and Walz, Tim","*"
"Washoe","INCLINE VILLAGE 9116","President and Vice President of the United States","None Of These Candidates","*"
"Washoe","INCLINE VILLAGE 9116","President and Vice President of the United States","Oliver, Chase and ter Maat, Michael","*"
"Washoe","INCLINE VILLAGE 9116","President and Vice President of the United States","Skousen, Joel and Combs, Rik","*"
"Washoe","INCLINE VILLAGE 9116","President and Vice President of the United States","Trump, Donald J. and Vance, JD","*"
"Washoe","INCLINE VILLAGE 9121","President and Vice President of the United States","Harris, Kamala D. and Walz, Tim","0"
"Washoe","INCLINE VILLAGE 9121","President and Vice President of the United States","None Of These Candidates","0"
"Washoe","INCLINE VILLAGE 9121","President and Vice President of the United States","Oliver, Chase and ter Maat, Michael","0"
"Washoe","INCLINE VILLAGE 9121","President and Vice President of the United States","Skousen, Joel and Combs, Rik","0"
"Washoe","INCLINE VILLAGE 9121","President and Vice President of the United States","Trump, Donald J. and Vance, JD","0"
"Washoe","INCLINE VILLAGE 9200","President and Vice President of the United States","Harris, Kamala D. and Walz, Tim","0"
"Washoe","INCLINE VILLAGE 9200","President and Vice President of the United States","None Of These Candidates","0"
"Washoe","INCLINE VILLAGE 9200","President and Vice President of the United States","Oliver, Chase and ter Maat, Michael","0"
"Washoe","INCLINE VILLAGE 9200","President and Vice President of the United States","Skousen, Joel and Combs, Rik","0"
"Washoe","INCLINE VILLAGE 9200","President and Vice President of the United States","Trump, Donald J. and Vance, JD","0"
"Washoe","INCLINE VILLAGE 9201","President and Vice President of the United States","Harris, Kamala D. and Walz, Tim","0"
"Washoe","INCLINE VILLAGE 9201","President and Vice President of the United States","None Of These Candidates","0"
"Washoe","INCLINE VILLAGE 9201","President and Vice President of the United States","Oliver, Chase and ter Maat, Michael","0"
"Washoe","INCLINE VILLAGE 9201","President and Vice President of the United States","Skousen, Joel and Combs, Rik","0"
"Washoe","INCLINE VILLAGE 9201","President and Vice President of the United States","Trump, Donald J. and Vance, JD","0"
"Washoe","INCLINE VILLAGE 9251","President and Vice President of the United States","Harris, Kamala D. and Walz, Tim","0"
"Washoe","INCLINE VILLAGE 9251","President and Vice President of the United States","None Of These Candidates","0"
"Washoe","INCLINE VILLAGE 9251","President and Vice President of the United States","Oliver, Chase and ter Maat, Michael","0"
"Washoe","INCLINE VILLAGE 9251","President and Vice President of the United States","Skousen, Joel and Combs, Rik","0"
"Washoe","INCLINE VILLAGE 9251","President and Vice President of the United States","Trump, Donald J. and Vance, JD","0"
"Washoe","NEW RESIDENT","President and Vice President of the United States","Harris, Kamala D. and Walz, Tim","*"
"Washoe","NEW RESIDENT","President and Vice President of the United States","None Of These Candidates","*"
"Washoe","NEW RESIDENT","President and Vice President of the United States","Oliver, Chase and ter Maat, Michael","*"
"Washoe","NEW RESIDENT","President and Vice President of the United States","Skousen, Joel and Combs, Rik","*"
"Washoe","NEW RESIDENT","President and Vice President of the United States","Trump, Donald J. and Vance, JD","*"
"Washoe","NO FIXED RES","President and Vice President of the United States","Harris, Kamala D. and Walz, Tim","*"
"Washoe","NO FIXED RES","President and Vice President of the United States","None Of These Candidates","*"
"Washoe","NO FIXED RES","President and Vice President of the United States","Oliver, Chase and ter Maat, Michael","*"
"Washoe","NO FIXED RES","President and Vice President of the United States","Skousen, Joel and Combs, Rik","*"
"Washoe","NO FIXED RES","President and Vice President of the United States","Trump, Donald J. and Vance, JD","*"
"Washoe","PROVISIONAL","President and Vice President of the United States","Harris, Kamala D. and Walz, Tim","0"
"Washoe","PROVISIONAL","President and Vice President of the United States","None Of These Candidates","0"
"Washoe","PROVISIONAL","President and Vice President of the United States","Oliver, Chase and ter Maat, Michael","0"
"Washoe","PROVISIONAL","President and Vice President of the United States","Skousen, Joel and Combs, Rik","0"
"Washoe","PROVISIONAL","President and Vice President of the United States","Trump, Donald J. and Vance, JD","0"
"Washoe","RENO-VERDI  9111","President and Vice President of the United States","Harris, Kamala D. and Walz, Tim","0"
"Washoe","RENO-VERDI  9111","President and Vice President of the United States","None Of These Candidates","0"
"Washoe","RENO-VERDI  9111","President and Vice President of the United States","Oliver, Chase and ter Maat, Michael","0"
"Washoe","RENO-VERDI  9111","President and Vice President of the United States","Skousen, Joel and Combs, Rik","0"
"Washoe","RENO-VERDI  9111","President and Vice President of the United States","Trump, Donald J. and Vance, JD","0"
"Washoe","RENO-VERDI 1000","President and Vice President of the United States","Harris, Kamala D. and Walz, Tim","1079"
"Washoe","RENO-VERDI 1000","President and Vice President of the United States","None Of These Candidates","34"
"Washoe","RENO-VERDI 1000","President and Vice President of the United States","Oliver, Chase and ter Maat, Michael","11"
"Washoe","RENO-VERDI 1000","President and Vice President of the United States","Skousen, Joel and Combs, Rik","4"
"Washoe","RENO-VERDI 1000","President and Vice President of the United States","Trump, Donald J. and Vance, JD","446"
"Washoe","RENO-VERDI 1001","President and Vice President of the United States","Harris, Kamala D. and Walz, Tim","566"
"Washoe","RENO-VERDI 1001","President and Vice President of the United States","None Of These Candidates","14"
"Washoe","RENO-VERDI 1001","President and Vice President of the United States","Oliver, Chase and ter Maat, Michael","7"
"Washoe","RENO-VERDI 1001","President and Vice President of the United States","Skousen, Joel and Combs, Rik","1"
"Washoe","RENO-VERDI 1001","President and Vice President of the United States","Trump, Donald J. and Vance, JD","339"
"Washoe","RENO-VERDI 1002","President and Vice President of the United States","Harris, Kamala D. and Walz, Tim","1227"
"Washoe","RENO-VERDI 1002","President and Vice President of the United States","None Of These Candidates","38"
"Washoe","RENO-VERDI 1002","President and Vice President of the United States","Oliver, Chase and ter Maat, Michael","21"
"Washoe","RENO-VERDI 1002","President and Vice President of the United States","Skousen, Joel and Combs, Rik","4"
"Washoe","RENO-VERDI 1002","President and Vice President of the United States","Trump, Donald J. and Vance, JD","799"
"Washoe","RENO-VERDI 1003","President and Vice President of the United States","Harris, Kamala D. and Walz, Tim","805"
"Washoe","RENO-VERDI 1003","President and Vice President of the United States","None Of These Candidates","18"
"Washoe","RENO-VERDI 1003","President and Vice President of the United States","Oliver, Chase and ter Maat, Michael","8"
"Washoe","RENO-VERDI 1003","President and Vice President of the United States","Skousen, Joel and Combs, Rik","4"
"Washoe","RENO-VERDI 1003","President and Vice President of the United States","Trump, Donald J. and Vance, JD","426"
"Washoe","RENO-VERDI 1004","President and Vice President of the United States","Harris, Kamala D. and Walz, Tim","33"
"Washoe","RENO-VERDI 1004","President and Vice President of the United States","None Of These Candidates","0"
"Washoe","RENO-VERDI 1004","President and Vice President of the United States","Oliver, Chase and ter Maat, Michael","0"
"Washoe","RENO-VERDI 1004","President and Vice President of the United States","Skousen, Joel and Combs, Rik","0"
"Washoe","RENO-VERDI 1004","President and Vice President of the United States","Trump, Donald J. and Vance, JD","17"
"Washoe","RENO-VERDI 1005","President and Vice President of the United States","Harris, Kamala D. and Walz, Tim","*"
"Washoe","RENO-VERDI 1005","President and Vice President of the United States","None Of These Candidates","*"
"Washoe","RENO-VERDI 1005","President and Vice President of the United States","Oliver, Chase and ter Maat, Michael","*"
"Washoe","RENO-VERDI 1005","President and Vice President of the United States","Skousen, Joel and Combs, Rik","*"
"Washoe","RENO-VERDI 1005","President and Vice President of the United States","Trump, Donald J. and Vance, JD","*"
"Washoe","RENO-VERDI 1006","President and Vice President of the United States","Harris, Kamala D. and Walz, Tim","705"
"Washoe","RENO-VERDI 1006","President and Vice President of the United States","None Of These Candidates","17"
"Washoe","RENO-VERDI 1006","President and Vice President of the United States","Oliver, Chase and ter Maat, Michael","9"
"Washoe","RENO-VERDI 1006","President and Vice President of the United States","Skousen, Joel and Combs, Rik","1"
"Washoe","RENO-VERDI 1006","President and Vice President of the United States","Trump, Donald J. and Vance, JD","367"
"Washoe","RENO-VERDI 1007","President and Vice President of the United States","Harris, Kamala D. and Walz, Tim","1531"
"Washoe","RENO-VERDI 1007","President and Vice President of the United States","None Of These Candidates","69"
"Washoe","RENO-VERDI 1007","President and Vice President of the United States","Oliver, Chase and ter Maat, Michael","12"
"Washoe","RENO-VERDI 1007","President and Vice President of the United States","Skousen, Joel and Combs, Rik","4"
"Washoe","RENO-VERDI 1007","President and Vice President of the United States","Trump, Donald J. and Vance, JD","1172"
"Washoe","RENO-VERDI 1008","President and Vice President of the United States","Harris, Kamala D. and Walz, Tim","1380"
"Washoe","RENO-VERDI 1008","President and Vice President of the United States","None Of These Candidates","32"
"Washoe","RENO-VERDI 1008","President and Vice President of the United States","Oliver, Chase and ter Maat, Michael","6"
"Washoe","RENO-VERDI 1008","President and Vice President of the United States","Skousen, Joel and Combs, Rik","2"
"Washoe","RENO-VERDI 1008","President and Vice President of the United States","Trump, Donald J. and Vance, JD","802"
"Washoe","RENO-VERDI 1009","President and Vice President of the United States","Harris, Kamala D. and Walz, Tim","354"
"Washoe","RENO-VERDI 1009","President and Vice President of the United States","None Of These Candidates","10"
"Washoe","RENO-VERDI 1009","President and Vice President of the United States","Oliver, Chase and ter Maat, Michael","3"
"Washoe","RENO-VERDI 1009","President and Vice President of the United States","Skousen, Joel and Combs, Rik","2"
"Washoe","RENO-VERDI 1009","President and Vice President of the United States","Trump, Donald J. and Vance, JD","170"
"Washoe","RENO-VERDI 1010","President and Vice President of the United States","Harris, Kamala D. and Walz, Tim","1086"
"Washoe","RENO-VERDI 1010","President and Vice President of the United States","None Of These Candidates","34"
"Washoe","RENO-VERDI 1010","President and Vice President of the United States","Oliver, Chase and ter Maat, Michael","8"
"Washoe","RENO-VERDI 1010","President and Vice President of the United States","Skousen, Joel and Combs, Rik","1"
"Washoe","RENO-VERDI 1010","President and Vice President of the United States","Trump, Donald J. and Vance, JD","671"
"Washoe","RENO-VERDI 1011","President and Vice President of the United States","Harris, Kamala D. and Walz, Tim","429"
"Washoe","RENO-VERDI 1011","President and Vice President of the United States","None Of These Candidates","6"
"Washoe","RENO-VERDI 1011","President and Vice President of the United States","Oliver, Chase and ter Maat, Michael","7"
"Washoe","RENO-VERDI 1011","President and Vice President of the United States","Skousen, Joel and Combs, Rik","2"
"Washoe","RENO-VERDI 1011","President and Vice President of the United States","Trump, Donald J. and Vance, JD","310"
"Washoe","RENO-VERDI 1012","President and Vice President of the United States","Harris, Kamala D. and Walz, Tim","995"
"Washoe","RENO-VERDI 1012","President and Vice President of the United States","None Of These Candidates","30"
"Washoe","RENO-VERDI 1012","President and Vice President of the United States","Oliver, Chase and ter Maat, Michael","4"
"Washoe","RENO-VERDI 1012","President and Vice President of the United States","Skousen, Joel and Combs, Rik","3"
"Washoe","RENO-VERDI 1012","President and Vice President of the United States","Trump, Donald J. and Vance, JD","675"
"Washoe","RENO-VERDI 1013","President and Vice President of the United States","Harris, Kamala D. and Walz, Tim","*"
"Washoe","RENO-VERDI 1013","President and Vice President of the United States","None Of These Candidates","*"
"Washoe","RENO-VERDI 1013","President and Vice President of the United States","Oliver, Chase and ter Maat, Michael","*"
"Washoe","RENO-VERDI 1013","President and Vice President of the United States","Skousen, Joel and Combs, Rik","*"
"Washoe","RENO-VERDI 1013","President and Vice President of the United States","Trump, Donald J. and Vance, JD","*"
"Washoe","RENO-VERDI 1014","President and Vice President of the United States","Harris, Kamala D. and Walz, Tim","718"
"Washoe","RENO-VERDI 1014","President and Vice President of the United States","None Of These Candidates","23"
"Washoe","RENO-VERDI 1014","President and Vice President of the United States","Oliver, Chase and ter Maat, Michael","6"
"Washoe","RENO-VERDI 1014","President and Vice President of the United States","Skousen, Joel and Combs, Rik","3"
"Washoe","RENO-VERDI 1014","President and Vice President of the United States","Trump, Donald J. and Vance, JD","401"
"Washoe","RENO-VERDI 1016","President and Vice President of the United States","Harris, Kamala D. and Walz, Tim","483"
"Washoe","RENO-VERDI 1016","President and Vice President of the United States","None Of These Candidates","11"
"Washoe","RENO-VERDI 1016","President and Vice President of the United States","Oliver, Chase and ter Maat, Michael","3"
"Washoe","RENO-VERDI 1016","President and Vice President of the United States","Skousen, Joel and Combs, Rik","1"
"Washoe","RENO-VERDI 1016","President and Vice President of the United States","Trump, Donald J. and Vance, JD","299"
"Washoe","RENO-VERDI 1017","President and Vice President of the United States","Harris, Kamala D. and Walz, Tim","237"
"Washoe","RENO-VERDI 1017","President and Vice President of the United States","None Of These Candidates","9"
"Washoe","RENO-VERDI 1017","President and Vice President of the United States","Oliver, Chase and ter Maat, Michael","1"
"Washoe","RENO-VERDI 1017","President and Vice President of the United States","Skousen, Joel and Combs, Rik","1"
"Washoe","RENO-VERDI 1017","President and Vice President of the United States","Trump, Donald J. and Vance, JD","128"
"Washoe","RENO-VERDI 1020","President and Vice President of the United States","Harris, Kamala D. and Walz, Tim","1015"
"Washoe","RENO-VERDI 1020","President and Vice President of the United States","None Of These Candidates","34"
"Washoe","RENO-VERDI 1020","President and Vice President of the United States","Oliver, Chase and ter Maat, Michael","7"
"Washoe","RENO-VERDI 1020","President and Vice President of the United States","Skousen, Joel and Combs, Rik","4"
"Washoe","RENO-VERDI 1020","President and Vice President of the United States","Trump, Donald J. and Vance, JD","689"
"Washoe","RENO-VERDI 1024","President and Vice President of the United States","Harris, Kamala D. and Walz, Tim","1024"
"Washoe","RENO-VERDI 1024","President and Vice President of the United States","None Of These Candidates","31"
"Washoe","RENO-VERDI 1024","President and Vice President of the United States","Oliver, Chase and ter Maat, Michael","11"
"Washoe","RENO-VERDI 1024","President and Vice President of the United States","Skousen, Joel and Combs, Rik","4"
"Washoe","RENO-VERDI 1024","President and Vice President of the United States","Trump, Donald J. and Vance, JD","794"
"Washoe","RENO-VERDI 1026","President and Vice President of the United States","Harris, Kamala D. and Walz, Tim","1457"
"Washoe","RENO-VERDI 1026","President and Vice President of the United States","None Of These Candidates","48"
"Washoe","RENO-VERDI 1026","President and Vice President of the United States","Oliver, Chase and ter Maat, Michael","5"
"Washoe","RENO-VERDI 1026","President and Vice President of the United States","Skousen, Joel and Combs, Rik","5"
"Washoe","RENO-VERDI 1026","President and Vice President of the United States","Trump, Donald J. and Vance, JD","1212"
"Washoe","RENO-VERDI 1036","President and Vice President of the United States","Harris, Kamala D. and Walz, Tim","896"
"Washoe","RENO-VERDI 1036","President and Vice President of the United States","None Of These Candidates","22"
"Washoe","RENO-VERDI 1036","President and Vice President of the United States","Oliver, Chase and ter Maat, Michael","11"
"Washoe","RENO-VERDI 1036","President and Vice President of the United States","Skousen, Joel and Combs, Rik","2"
"Washoe","RENO-VERDI 1036","President and Vice President of the United States","Trump, Donald J. and Vance, JD","371"
"Washoe","RENO-VERDI 1039","President and Vice President of the United States","Harris, Kamala D. and Walz, Tim","574"
"Washoe","RENO-VERDI 1039","President and Vice President of the United States","None Of These Candidates","12"
"Washoe","RENO-VERDI 1039","President and Vice President of the United States","Oliver, Chase and ter Maat, Michael","4"
"Washoe","RENO-VERDI 1039","President and Vice President of the United States","Skousen, Joel and Combs, Rik","2"
"Washoe","RENO-VERDI 1039","President and Vice President of the United States","Trump, Donald J. and Vance, JD","333"
"Washoe","RENO-VERDI 1040","President and Vice President of the United States","Harris, Kamala D. and Walz, Tim","0"
"Washoe","RENO-VERDI 1040","President and Vice President of the United States","None Of These Candidates","0"
"Washoe","RENO-VERDI 1040","President and Vice President of the United States","Oliver, Chase and ter Maat, Michael","0"
"Washoe","RENO-VERDI 1040","President and Vice President of the United States","Skousen, Joel and Combs, Rik","0"
"Washoe","RENO-VERDI 1040","President and Vice President of the United States","Trump, Donald J. and Vance, JD","0"
"Washoe","RENO-VERDI 1044","President and Vice President of the United States","Harris, Kamala D. and Walz, Tim","464"
"Washoe","RENO-VERDI 1044","President and Vice President of the United States","None Of These Candidates","13"
"Washoe","RENO-VERDI 1044","President and Vice President of the United States","Oliver, Chase and ter Maat, Michael","8"
"Washoe","RENO-VERDI 1044","President and Vice President of the United States","Skousen, Joel and Combs, Rik","3"
"Washoe","RENO-VERDI 1044","President and Vice President of the United States","Trump, Donald J. and Vance, JD","394"
"Washoe","RENO-VERDI 1047","President and Vice President of the United States","Harris, Kamala D. and Walz, Tim","147"
"Washoe","RENO-VERDI 1047","President and Vice President of the United States","None Of These Candidates","5"
"Washoe","RENO-VERDI 1047","President and Vice President of the United States","Oliver, Chase and ter Maat, Michael","2"
"Washoe","RENO-VERDI 1047","President and Vice President of the United States","Skousen, Joel and Combs, Rik","0"
"Washoe","RENO-VERDI 1047","President and Vice President of the United States","Trump, Donald J. and Vance, JD","147"
"Washoe","RENO-VERDI 1050","President and Vice President of the United States","Harris, Kamala D. and Walz, Tim","0"
"Washoe","RENO-VERDI 1050","President and Vice President of the United States","None Of These Candidates","0"
"Washoe","RENO-VERDI 1050","President and Vice President of the United States","Oliver, Chase and ter Maat, Michael","0"
"Washoe","RENO-VERDI 1050","President and Vice President of the United States","Skousen, Joel and Combs, Rik","0"
"Washoe","RENO-VERDI 1050","President and Vice President of the United States","Trump, Donald J. and Vance, JD","0"
"Washoe","RENO-VERDI 1051","President and Vice President of the United States","Harris, Kamala D. and Walz, Tim","*"
"Washoe","RENO-VERDI 1051","President and Vice President of the United States","None Of These Candidates","*"
"Washoe","RENO-VERDI 1051","President and Vice President of the United States","Oliver, Chase and ter Maat, Michael","*"
"Washoe","RENO-VERDI 1051","President and Vice President of the United States","Skousen, Joel and Combs, Rik","*"
"Washoe","RENO-VERDI 1051","President and Vice President of the United States","Trump, Donald J. and Vance, JD","*"
"Washoe","RENO-VERDI 1053","President and Vice President of the United States","Harris, Kamala D. and Walz, Tim","237"
"Washoe","RENO-VERDI 1053","President and Vice President of the United States","None Of These Candidates","3"
"Washoe","RENO-VERDI 1053","President and Vice President of the United States","Oliver, Chase and ter Maat, Michael","2"
"Washoe","RENO-VERDI 1053","President and Vice President of the United States","Skousen, Joel and Combs, Rik","0"
"Washoe","RENO-VERDI 1053","President and Vice President of the United States","Trump, Donald J. and Vance, JD","179"
"Washoe","RENO-VERDI 1058","President and Vice President of the United States","Harris, Kamala D. and Walz, Tim","*"
"Washoe","RENO-VERDI 1058","President and Vice President of the United States","None Of These Candidates","*"
"Washoe","RENO-VERDI 1058","President and Vice President of the United States","Oliver, Chase and ter Maat, Michael","*"
"Washoe","RENO-VERDI 1058","President and Vice President of the United States","Skousen, Joel and Combs, Rik","*"
"Washoe","RENO-VERDI 1058","President and Vice President of the United States","Trump, Donald J. and Vance, JD","*"
"Washoe","RENO-VERDI 1059","President and Vice President of the United States","Harris, Kamala D. and Walz, Tim","*"
"Washoe","RENO-VERDI 1059","President and Vice President of the United States","None Of These Candidates","*"
"Washoe","RENO-VERDI 1059","President and Vice President of the United States","Oliver, Chase and ter Maat, Michael","*"
"Washoe","RENO-VERDI 1059","President and Vice President of the United States","Skousen, Joel and Combs, Rik","*"
"Washoe","RENO-VERDI 1059","President and Vice President of the United States","Trump, Donald J. and Vance, JD","*"
"Washoe","RENO-VERDI 1061","President and Vice President of the United States","Harris, Kamala D. and Walz, Tim","0"
"Washoe","RENO-VERDI 1061","President and Vice President of the United States","None Of These Candidates","0"
"Washoe","RENO-VERDI 1061","President and Vice President of the United States","Oliver, Chase and ter Maat, Michael","0"
"Washoe","RENO-VERDI 1061","President and Vice President of the United States","Skousen, Joel and Combs, Rik","0"
"Washoe","RENO-VERDI 1061","President and Vice President of the United States","Trump, Donald J. and Vance, JD","0"
"Washoe","RENO-VERDI 2001","President and Vice President of the United States","Harris, Kamala D. and Walz, Tim","0"
"Washoe","RENO-VERDI 2001","President and Vice President of the United States","None Of These Candidates","0"
"Washoe","RENO-VERDI 2001","President and Vice President of the United States","Oliver, Chase and ter Maat, Michael","0"
"Washoe","RENO-VERDI 2001","President and Vice President of the United States","Skousen, Joel and Combs, Rik","0"
"Washoe","RENO-VERDI 2001","President and Vice President of the United States","Trump, Donald J. and Vance, JD","0"
"Washoe","RENO-VERDI 2010","President and Vice President of the United States","Harris, Kamala D. and Walz, Tim","1266"
"Washoe","RENO-VERDI 2010","President and Vice President of the United States","None Of These Candidates","25"
"Washoe","RENO-VERDI 2010","President and Vice President of the United States","Oliver, Chase and ter Maat, Michael","10"
"Washoe","RENO-VERDI 2010","President and Vice President of the United States","Skousen, Joel and Combs, Rik","7"
"Washoe","RENO-VERDI 2010","President and Vice President of the United States","Trump, Donald J. and Vance, JD","743"
"Washoe","RENO-VERDI 2013","President and Vice President of the United States","Harris, Kamala D. and Walz, Tim","1097"
"Washoe","RENO-VERDI 2013","President and Vice President of the United States","None Of These Candidates","33"
"Washoe","RENO-VERDI 2013","President and Vice President of the United States","Oliver, Chase and ter Maat, Michael","8"
"Washoe","RENO-VERDI 2013","President and Vice President of the United States","Skousen, Joel and Combs, Rik","1"
"Washoe","RENO-VERDI 2013","President and Vice President of the United States","Trump, Donald J. and Vance, JD","849"
"Washoe","RENO-VERDI 2014","President and Vice President of the United States","Harris, Kamala D. and Walz, Tim","308"
"Washoe","RENO-VERDI 2014","President and Vice President of the United States","None Of These Candidates","5"
"Washoe","RENO-VERDI 2014","President and Vice President of the United States","Oliver, Chase and ter Maat, Michael","8"
"Washoe","RENO-VERDI 2014","President and Vice President of the United States","Skousen, Joel and Combs, Rik","3"
"Washoe","RENO-VERDI 2014","President and Vice President of the United States","Trump, Donald J. and Vance, JD","209"
"Washoe","RENO-VERDI 2015","President and Vice President of the United States","Harris, Kamala D. and Walz, Tim","153"
"Washoe","RENO-VERDI 2015","President and Vice President of the United States","None Of These Candidates","4"
"Washoe","RENO-VERDI 2015","President and Vice President of the United States","Oliver, Chase and ter Maat, Michael","0"
"Washoe","RENO-VERDI 2015","President and Vice President of the United States","Skousen, Joel and Combs, Rik","1"
"Washoe","RENO-VERDI 2015","President and Vice President of the United States","Trump, Donald J. and Vance, JD","236"
"Washoe","RENO-VERDI 2016","President and Vice President of the United States","Harris, Kamala D. and Walz, Tim","459"
"Washoe","RENO-VERDI 2016","President and Vice President of the United States","None Of These Candidates","12"
"Washoe","RENO-VERDI 2016","President and Vice President of the United States","Oliver, Chase and ter Maat, Michael","5"
"Washoe","RENO-VERDI 2016","President and Vice President of the United States","Skousen, Joel and Combs, Rik","0"
"Washoe","RENO-VERDI 2016","President and Vice President of the United States","Trump, Donald J. and Vance, JD","405"
"Washoe","RENO-VERDI 2018","President and Vice President of the United States","Harris, Kamala D. and Walz, Tim","791"
"Washoe","RENO-VERDI 2018","President and Vice President of the United States","None Of These Candidates","25"
"Washoe","RENO-VERDI 2018","President and Vice President of the United States","Oliver, Chase and ter Maat, Michael","6"
"Washoe","RENO-VERDI 2018","President and Vice President of the United States","Skousen, Joel and Combs, Rik","8"
"Washoe","RENO-VERDI 2018","President and Vice President of the United States","Trump, Donald J. and Vance, JD","609"
"Washoe","RENO-VERDI 2019","President and Vice President of the United States","Harris, Kamala D. and Walz, Tim","692"
"Washoe","RENO-VERDI 2019","President and Vice President of the United States","None Of These Candidates","23"
"Washoe","RENO-VERDI 2019","President and Vice President of the United States","Oliver, Chase and ter Maat, Michael","8"
"Washoe","RENO-VERDI 2019","President and Vice President of the United States","Skousen, Joel and Combs, Rik","0"
"Washoe","RENO-VERDI 2019","President and Vice President of the United States","Trump, Donald J. and Vance, JD","903"
"Washoe","RENO-VERDI 2020","President and Vice President of the United States","Harris, Kamala D. and Walz, Tim","34"
"Washoe","RENO-VERDI 2020","President and Vice President of the United States","None Of These Candidates","1"
"Washoe","RENO-VERDI 2020","President and Vice President of the United States","Oliver, Chase and ter Maat, Michael","0"
"Washoe","RENO-VERDI 2020","President and Vice President of the United States","Skousen, Joel and Combs, Rik","0"
"Washoe","RENO-VERDI 2020","President and Vice President of the United States","Trump, Donald J. and Vance, JD","43"
"Washoe","RENO-VERDI 2021","President and Vice President of the United States","Harris, Kamala D. and Walz, Tim","259"
"Washoe","RENO-VERDI 2021","President and Vice President of the United States","None Of These Candidates","8"
"Washoe","RENO-VERDI 2021","President and Vice President of the United States","Oliver, Chase and ter Maat, Michael","4"
"Washoe","RENO-VERDI 2021","President and Vice President of the United States","Skousen, Joel and Combs, Rik","1"
"Washoe","RENO-VERDI 2021","President and Vice President of the United States","Trump, Donald J. and Vance, JD","270"
"Washoe","RENO-VERDI 2022","President and Vice President of the United States","Harris, Kamala D. and Walz, Tim","217"
"Washoe","RENO-VERDI 2022","President and Vice President of the United States","None Of These Candidates","8"
"Washoe","RENO-VERDI 2022","President and Vice President of the United States","Oliver, Chase and ter Maat, Michael","4"
"Washoe","RENO-VERDI 2022","President and Vice President of the United States","Skousen, Joel and Combs, Rik","0"
"Washoe","RENO-VERDI 2022","President and Vice President of the United States","Trump, Donald J. and Vance, JD","274"
"Washoe","RENO-VERDI 2023","President and Vice President of the United States","Harris, Kamala D. and Walz, Tim","1172"
"Washoe","RENO-VERDI 2023","President and Vice President of the United States","None Of These Candidates","29"
"Washoe","RENO-VERDI 2023","President and Vice President of the United States","Oliver, Chase and ter Maat, Michael","16"
"Washoe","RENO-VERDI 2023","President and Vice President of the United States","Skousen, Joel and Combs, Rik","4"
"Washoe","RENO-VERDI 2023","President and Vice President of the United States","Trump, Donald J. and Vance, JD","868"
"Washoe","RENO-VERDI 2024","President and Vice President of the United States","Harris, Kamala D. and Walz, Tim","*"
"Washoe","RENO-VERDI 2024","President and Vice President of the United States","None Of These Candidates","*"
"Washoe","RENO-VERDI 2024","President and Vice President of the United States","Oliver, Chase and ter Maat, Michael","*"
"Washoe","RENO-VERDI 2024","President and Vice President of the United States","Skousen, Joel and Combs, Rik","*"
"Washoe","RENO-VERDI 2024","President and Vice President of the United States","Trump, Donald J. and Vance, JD","*"
"Washoe","RENO-VERDI 2027","President and Vice President of the United States","Harris, Kamala D. and Walz, Tim","1339"
"Washoe","RENO-VERDI 2027","President and Vice President of the United States","None Of These Candidates","44"
"Washoe","RENO-VERDI 2027","President and Vice President of the United States","Oliver, Chase and ter Maat, Michael","12"
"Washoe","RENO-VERDI 2027","President and Vice President of the United States","Skousen, Joel and Combs, Rik","4"
"Washoe","RENO-VERDI 2027","President and Vice President of the United States","Trump, Donald J. and Vance, JD","1223"
"Washoe","RENO-VERDI 2031","President and Vice President of the United States","Harris, Kamala D. and Walz, Tim","982"
"Washoe","RENO-VERDI 2031","President and Vice President of the United States","None Of These Candidates","31"
"Washoe","RENO-VERDI 2031","President and Vice President of the United States","Oliver, Chase and ter Maat, Michael","9"
"Washoe","RENO-VERDI 2031","President and Vice President of the United States","Skousen, Joel and Combs, Rik","2"
"Washoe","RENO-VERDI 2031","President and Vice President of the United States","Trump, Donald J. and Vance, JD","1058"
"Washoe","RENO-VERDI 2033","President and Vice President of the United States","Harris, Kamala D. and Walz, Tim","1247"
"Washoe","RENO-VERDI 2033","President and Vice President of the United States","None Of These Candidates","39"
"Washoe","RENO-VERDI 2033","President and Vice President of the United States","Oliver, Chase and ter Maat, Michael","13"
"Washoe","RENO-VERDI 2033","President and Vice President of the United States","Skousen, Joel and Combs, Rik","7"
"Washoe","RENO-VERDI 2033","President and Vice President of the United States","Trump, Donald J. and Vance, JD","1313"
"Washoe","RENO-VERDI 2035","President and Vice President of the United States","Harris, Kamala D. and Walz, Tim","1343"
"Washoe","RENO-VERDI 2035","President and Vice President of the United States","None Of These Candidates","64"
"Washoe","RENO-VERDI 2035","President and Vice President of the United States","Oliver, Chase and ter Maat, Michael","21"
"Washoe","RENO-VERDI 2035","President and Vice President of the United States","Skousen, Joel and Combs, Rik","8"
"Washoe","RENO-VERDI 2035","President and Vice President of the United States","Trump, Donald J. and Vance, JD","1566"
"Washoe","RENO-VERDI 2037","President and Vice President of the United States","Harris, Kamala D. and Walz, Tim","616"
"Washoe","RENO-VERDI 2037","President and Vice President of the United States","None Of These Candidates","24"
"Washoe","RENO-VERDI 2037","President and Vice President of the United States","Oliver, Chase and ter Maat, Michael","5"
"Washoe","RENO-VERDI 2037","President and Vice President of the United States","Skousen, Joel and Combs, Rik","2"
"Washoe","RENO-VERDI 2037","President and Vice President of the United States","Trump, Donald J. and Vance, JD","593"
"Washoe","RENO-VERDI 2038","President and Vice President of the United States","Harris, Kamala D. and Walz, Tim","50"
"Washoe","RENO-VERDI 2038","President and Vice President of the United States","None Of These Candidates","0"
"Washoe","RENO-VERDI 2038","President and Vice President of the United States","Oliver, Chase and ter Maat, Michael","0"
"Washoe","RENO-VERDI 2038","President and Vice President of the United States","Skousen, Joel and Combs, Rik","0"
"Washoe","RENO-VERDI 2038","President and Vice President of the United States","Trump, Donald J. and Vance, JD","64"
"Washoe","RENO-VERDI 2041","President and Vice President of the United States","Harris, Kamala D. and Walz, Tim","1209"
"Washoe","RENO-VERDI 2041","President and Vice President of the United States","None Of These Candidates","46"
"Washoe","RENO-VERDI 2041","President and Vice President of the United States","Oliver, Chase and ter Maat, Michael","12"
"Washoe","RENO-VERDI 2041","President and Vice President of the United States","Skousen, Joel and Combs, Rik","2"
"Washoe","RENO-VERDI 2041","President and Vice President of the United States","Trump, Donald J. and Vance, JD","1280"
"Washoe","RENO-VERDI 2047","President and Vice President of the United States","Harris, Kamala D. and Walz, Tim","1212"
"Washoe","RENO-VERDI 2047","President and Vice President of the United States","None Of These Candidates","30"
"Washoe","RENO-VERDI 2047","President and Vice President of the United States","Oliver, Chase and ter Maat, Michael","12"
"Washoe","RENO-VERDI 2047","President and Vice President of the United States","Skousen, Joel and Combs, Rik","5"
"Washoe","RENO-VERDI 2047","President and Vice President of the United States","Trump, Donald J. and Vance, JD","1186"
"Washoe","RENO-VERDI 2058","President and Vice President of the United States","Harris, Kamala D. and Walz, Tim","1025"
"Washoe","RENO-VERDI 2058","President and Vice President of the United States","None Of These Candidates","34"
"Washoe","RENO-VERDI 2058","President and Vice President of the United States","Oliver, Chase and ter Maat, Michael","8"
"Washoe","RENO-VERDI 2058","President and Vice President of the United States","Skousen, Joel and Combs, Rik","10"
"Washoe","RENO-VERDI 2058","President and Vice President of the United States","Trump, Donald J. and Vance, JD","1153"
"Washoe","RENO-VERDI 2060","President and Vice President of the United States","Harris, Kamala D. and Walz, Tim","379"
"Washoe","RENO-VERDI 2060","President and Vice President of the United States","None Of These Candidates","7"
"Washoe","RENO-VERDI 2060","President and Vice President of the United States","Oliver, Chase and ter Maat, Michael","4"
"Washoe","RENO-VERDI 2060","President and Vice President of the United States","Skousen, Joel and Combs, Rik","1"
"Washoe","RENO-VERDI 2060","President and Vice President of the United States","Trump, Donald J. and Vance, JD","355"
"Washoe","RENO-VERDI 2068","President and Vice President of the United States","Harris, Kamala D. and Walz, Tim","589"
"Washoe","RENO-VERDI 2068","President and Vice President of the United States","None Of These Candidates","26"
"Washoe","RENO-VERDI 2068","President and Vice President of the United States","Oliver, Chase and ter Maat, Michael","5"
"Washoe","RENO-VERDI 2068","President and Vice President of the United States","Skousen, Joel and Combs, Rik","1"
"Washoe","RENO-VERDI 2068","President and Vice President of the United States","Trump, Donald J. and Vance, JD","600"
"Washoe","RENO-VERDI 2070","President and Vice President of the United States","Harris, Kamala D. and Walz, Tim","174"
"Washoe","RENO-VERDI 2070","President and Vice President of the United States","None Of These Candidates","3"
"Washoe","RENO-VERDI 2070","President and Vice President of the United States","Oliver, Chase and ter Maat, Michael","2"
"Washoe","RENO-VERDI 2070","President and Vice President of the United States","Skousen, Joel and Combs, Rik","0"
"Washoe","RENO-VERDI 2070","President and Vice President of the United States","Trump, Donald J. and Vance, JD","285"
"Washoe","RENO-VERDI 2073","President and Vice President of the United States","Harris, Kamala D. and Walz, Tim","*"
"Washoe","RENO-VERDI 2073","President and Vice President of the United States","None Of These Candidates","*"
"Washoe","RENO-VERDI 2073","President and Vice President of the United States","Oliver, Chase and ter Maat, Michael","*"
"Washoe","RENO-VERDI 2073","President and Vice President of the United States","Skousen, Joel and Combs, Rik","*"
"Washoe","RENO-VERDI 2073","President and Vice President of the United States","Trump, Donald J. and Vance, JD","*"
"Washoe","RENO-VERDI 2074","President and Vice President of the United States","Harris, Kamala D. and Walz, Tim","0"
"Washoe","RENO-VERDI 2074","President and Vice President of the United States","None Of These Candidates","0"
"Washoe","RENO-VERDI 2074","President and Vice President of the United States","Oliver, Chase and ter Maat, Michael","0"
"Washoe","RENO-VERDI 2074","President and Vice President of the United States","Skousen, Joel and Combs, Rik","0"
"Washoe","RENO-VERDI 2074","President and Vice President of the United States","Trump, Donald J. and Vance, JD","0"
"Washoe","RENO-VERDI 2081","President and Vice President of the United States","Harris, Kamala D. and Walz, Tim","1097"
"Washoe","RENO-VERDI 2081","President and Vice President of the United States","None Of These Candidates","35"
"Washoe","RENO-VERDI 2081","President and Vice President of the United States","Oliver, Chase and ter Maat, Michael","15"
"Washoe","RENO-VERDI 2081","President and Vice President of the United States","Skousen, Joel and Combs, Rik","10"
"Washoe","RENO-VERDI 2081","President and Vice President of the United States","Trump, Donald J. and Vance, JD","1257"
"Washoe","RENO-VERDI 3000","President and Vice President of the United States","Harris, Kamala D. and Walz, Tim","0"
"Washoe","RENO-VERDI 3000","President and Vice President of the United States","None Of These Candidates","0"
"Washoe","RENO-VERDI 3000","President and Vice President of the United States","Oliver, Chase and ter Maat, Michael","0"
"Washoe","RENO-VERDI 3000","President and Vice President of the United States","Skousen, Joel and Combs, Rik","0"
"Washoe","RENO-VERDI 3000","President and Vice President of the United States","Trump, Donald J. and Vance, JD","0"
"Washoe","RENO-VERDI 3001","President and Vice President of the United States","Harris, Kamala D. and Walz, Tim","227"
"Washoe","RENO-VERDI 3001","President and Vice President of the United States","None Of These Candidates","3"
"Washoe","RENO-VERDI 3001","President and Vice President of the United States","Oliver, Chase and ter Maat, Michael","1"
"Washoe","RENO-VERDI 3001","President and Vice President of the United States","Skousen, Joel and Combs, Rik","2"
"Washoe","RENO-VERDI 3001","President and Vice President of the United States","Trump, Donald J. and Vance, JD","141"
"Washoe","RENO-VERDI 3002","President and Vice President of the United States","Harris, Kamala D. and Walz, Tim","0"
"Washoe","RENO-VERDI 3002","President and Vice President of the United States","None Of These Candidates","0"
"Washoe","RENO-VERDI 3002","President and Vice President of the United States","Oliver, Chase and ter Maat, Michael","0"
"Washoe","RENO-VERDI 3002","President and Vice President of the United States","Skousen, Joel and Combs, Rik","0"
"Washoe","RENO-VERDI 3002","President and Vice President of the United States","Trump, Donald J. and Vance, JD","0"
"Washoe","RENO-VERDI 3003","President and Vice President of the United States","Harris, Kamala D. and Walz, Tim","*"
"Washoe","RENO-VERDI 3003","President and Vice President of the United States","None Of These Candidates","*"
"Washoe","RENO-VERDI 3003","President and Vice President of the United States","Oliver, Chase and ter Maat, Michael","*"
"Washoe","RENO-VERDI 3003","President and Vice President of the United States","Skousen, Joel and Combs, Rik","*"
"Washoe","RENO-VERDI 3003","President and Vice President of the United States","Trump, Donald J. and Vance, JD","*"
"Washoe","RENO-VERDI 3005","President and Vice President of the United States","Harris, Kamala D. and Walz, Tim","1289"
"Washoe","RENO-VERDI 3005","President and Vice President of the United States","None Of These Candidates","43"
"Washoe","RENO-VERDI 3005","President and Vice President of the United States","Oliver, Chase and ter Maat, Michael","14"
"Washoe","RENO-VERDI 3005","President and Vice President of the United States","Skousen, Joel and Combs, Rik","2"
"Washoe","RENO-VERDI 3005","President and Vice President of the United States","Trump, Donald J. and Vance, JD","1070"
"Washoe","RENO-VERDI 3006","President and Vice President of the United States","Harris, Kamala D. and Walz, Tim","*"
"Washoe","RENO-VERDI 3006","President and Vice President of the United States","None Of These Candidates","*"
"Washoe","RENO-VERDI 3006","President and Vice President of the United States","Oliver, Chase and ter Maat, Michael","*"
"Washoe","RENO-VERDI 3006","President and Vice President of the United States","Skousen, Joel and Combs, Rik","*"
"Washoe","RENO-VERDI 3006","President and Vice President of the United States","Trump, Donald J. and Vance, JD","*"
"Washoe","RENO-VERDI 3007","President and Vice President of the United States","Harris, Kamala D. and Walz, Tim","980"
"Washoe","RENO-VERDI 3007","President and Vice President of the United States","None Of These Candidates","21"
"Washoe","RENO-VERDI 3007","President and Vice President of the United States","Oliver, Chase and ter Maat, Michael","6"
"Washoe","RENO-VERDI 3007","President and Vice President of the United States","Skousen, Joel and Combs, Rik","6"
"Washoe","RENO-VERDI 3007","President and Vice President of the United States","Trump, Donald J. and Vance, JD","519"
"Washoe","RENO-VERDI 3009","President and Vice President of the United States","Harris, Kamala D. and Walz, Tim","601"
"Washoe","RENO-VERDI 3009","President and Vice President of the United States","None Of These Candidates","24"
"Washoe","RENO-VERDI 3009","President and Vice President of the United States","Oliver, Chase and ter Maat, Michael","9"
"Washoe","RENO-VERDI 3009","President and Vice President of the United States","Skousen, Joel and Combs, Rik","3"
"Washoe","RENO-VERDI 3009","President and Vice President of the United States","Trump, Donald J. and Vance, JD","253"
"Washoe","RENO-VERDI 3010","President and Vice President of the United States","Harris, Kamala D. and Walz, Tim","26"
"Washoe","RENO-VERDI 3010","President and Vice President of the United States","None Of These Candidates","2"
"Washoe","RENO-VERDI 3010","President and Vice President of the United States","Oliver, Chase and ter Maat, Michael","0"
"Washoe","RENO-VERDI 3010","President and Vice President of the United States","Skousen, Joel and Combs, Rik","0"
"Washoe","RENO-VERDI 3010","President and Vice President of the United States","Trump, Donald J. and Vance, JD","35"
"Washoe","RENO-VERDI 3011","President and Vice President of the United States","Harris, Kamala D. and Walz, Tim","911"
"Washoe","RENO-VERDI 3011","President and Vice President of the United States","None Of These Candidates","31"
"Washoe","RENO-VERDI 3011","President and Vice President of the United States","Oliver, Chase and ter Maat, Michael","11"
"Washoe","RENO-VERDI 3011","President and Vice President of the United States","Skousen, Joel and Combs, Rik","10"
"Washoe","RENO-VERDI 3011","President and Vice President of the United States","Trump, Donald J. and Vance, JD","623"
"Washoe","RENO-VERDI 3012","President and Vice President of the United States","Harris, Kamala D. and Walz, Tim","1182"
"Washoe","RENO-VERDI 3012","President and Vice President of the United States","None Of These Candidates","24"
"Washoe","RENO-VERDI 3012","President and Vice President of the United States","Oliver, Chase and ter Maat, Michael","12"
"Washoe","RENO-VERDI 3012","President and Vice President of the United States","Skousen, Joel and Combs, Rik","3"
"Washoe","RENO-VERDI 3012","President and Vice President of the United States","Trump, Donald J. and Vance, JD","583"
"Washoe","RENO-VERDI 3013","President and Vice President of the United States","Harris, Kamala D. and Walz, Tim","167"
"Washoe","RENO-VERDI 3013","President and Vice President of the United States","None Of These Candidates","2"
"Washoe","RENO-VERDI 3013","President and Vice President of the United States","Oliver, Chase and ter Maat, Michael","4"
"Washoe","RENO-VERDI 3013","President and Vice President of the United States","Skousen, Joel and Combs, Rik","2"
"Washoe","RENO-VERDI 3013","President and Vice President of the United States","Trump, Donald J. and Vance, JD","106"
"Washoe","RENO-VERDI 3017","President and Vice President of the United States","Harris, Kamala D. and Walz, Tim","541"
"Washoe","RENO-VERDI 3017","President and Vice President of the United States","None Of These Candidates","9"
"Washoe","RENO-VERDI 3017","President and Vice President of the United States","Oliver, Chase and ter Maat, Michael","6"
"Washoe","RENO-VERDI 3017","President and Vice President of the United States","Skousen, Joel and Combs, Rik","4"
"Washoe","RENO-VERDI 3017","President and Vice President of the United States","Trump, Donald J. and Vance, JD","293"
"Washoe","RENO-VERDI 3018","President and Vice President of the United States","Harris, Kamala D. and Walz, Tim","1254"
"Washoe","RENO-VERDI 3018","President and Vice President of the United States","None Of These Candidates","33"
"Washoe","RENO-VERDI 3018","President and Vice President of the United States","Oliver, Chase and ter Maat, Michael","7"
"Washoe","RENO-VERDI 3018","President and Vice President of the United States","Skousen, Joel and Combs, Rik","2"
"Washoe","RENO-VERDI 3018","President and Vice President of the United States","Trump, Donald J. and Vance, JD","613"
"Washoe","RENO-VERDI 3019","President and Vice President of the United States","Harris, Kamala D. and Walz, Tim","297"
"Washoe","RENO-VERDI 3019","President and Vice President of the United States","None Of These Candidates","8"
"Washoe","RENO-VERDI 3019","President and Vice President of the United States","Oliver, Chase and ter Maat, Michael","1"
"Washoe","RENO-VERDI 3019","President and Vice President of the United States","Skousen, Joel and Combs, Rik","0"
"Washoe","RENO-VERDI 3019","President and Vice President of the United States","Trump, Donald J. and Vance, JD","236"
"Washoe","RENO-VERDI 3021","President and Vice President of the United States","Harris, Kamala D. and Walz, Tim","14"
"Washoe","RENO-VERDI 3021","President and Vice President of the United States","None Of These Candidates","0"
"Washoe","RENO-VERDI 3021","President and Vice President of the United States","Oliver, Chase and ter Maat, Michael","1"
"Washoe","RENO-VERDI 3021","President and Vice President of the United States","Skousen, Joel and Combs, Rik","0"
"Washoe","RENO-VERDI 3021","President and Vice President of the United States","Trump, Donald J. and Vance, JD","17"
"Washoe","RENO-VERDI 3023","President and Vice President of the United States","Harris, Kamala D. and Walz, Tim","1136"
"Washoe","RENO-VERDI 3023","President and Vice President of the United States","None Of These Candidates","26"
"Washoe","RENO-VERDI 3023","President and Vice President of the United States","Oliver, Chase and ter Maat, Michael","9"
"Washoe","RENO-VERDI 3023","President and Vice President of the United States","Skousen, Joel and Combs, Rik","5"
"Washoe","RENO-VERDI 3023","President and Vice President of the United States","Trump, Donald J. and Vance, JD","635"
"Washoe","RENO-VERDI 3026","President and Vice President of the United States","Harris, Kamala D. and Walz, Tim","65"
"Washoe","RENO-VERDI 3026","President and Vice President of the United States","None Of These Candidates","3"
"Washoe","RENO-VERDI 3026","President and Vice President of the United States","Oliver, Chase and ter Maat, Michael","2"
"Washoe","RENO-VERDI 3026","President and Vice President of the United States","Skousen, Joel and Combs, Rik","0"
"Washoe","RENO-VERDI 3026","President and Vice President of the United States","Trump, Donald J. and Vance, JD","90"
"Washoe","RENO-VERDI 3030","President and Vice President of the United States","Harris, Kamala D. and Walz, Tim","1465"
"Washoe","RENO-VERDI 3030","President and Vice President of the United States","None Of These Candidates","51"
"Washoe","RENO-VERDI 3030","President and Vice President of the United States","Oliver, Chase and ter Maat, Michael","18"
"Washoe","RENO-VERDI 3030","President and Vice President of the United States","Skousen, Joel and Combs, Rik","5"
"Washoe","RENO-VERDI 3030","President and Vice President of the United States","Trump, Donald J. and Vance, JD","1130"
"Washoe","RENO-VERDI 3035","President and Vice President of the United States","Harris, Kamala D. and Walz, Tim","0"
"Washoe","RENO-VERDI 3035","President and Vice President of the United States","None Of These Candidates","0"
"Washoe","RENO-VERDI 3035","President and Vice President of the United States","Oliver, Chase and ter Maat, Michael","0"
"Washoe","RENO-VERDI 3035","President and Vice President of the United States","Skousen, Joel and Combs, Rik","0"
"Washoe","RENO-VERDI 3035","President and Vice President of the United States","Trump, Donald J. and Vance, JD","0"
"Washoe","RENO-VERDI 3037","President and Vice President of the United States","Harris, Kamala D. and Walz, Tim","*"
"Washoe","RENO-VERDI 3037","President and Vice President of the United States","None Of These Candidates","*"
"Washoe","RENO-VERDI 3037","President and Vice President of the United States","Oliver, Chase and ter Maat, Michael","*"
"Washoe","RENO-VERDI 3037","President and Vice President of the United States","Skousen, Joel and Combs, Rik","*"
"Washoe","RENO-VERDI 3037","President and Vice President of the United States","Trump, Donald J. and Vance, JD","*"
"Washoe","RENO-VERDI 3038","President and Vice President of the United States","Harris, Kamala D. and Walz, Tim","*"
"Washoe","RENO-VERDI 3038","President and Vice President of the United States","None Of These Candidates","*"
"Washoe","RENO-VERDI 3038","President and Vice President of the United States","Oliver, Chase and ter Maat, Michael","*"
"Washoe","RENO-VERDI 3038","President and Vice President of the United States","Skousen, Joel and Combs, Rik","*"
"Washoe","RENO-VERDI 3038","President and Vice President of the United States","Trump, Donald J. and Vance, JD","*"
"Washoe","RENO-VERDI 3042","President and Vice President of the United States","Harris, Kamala D. and Walz, Tim","*"
"Washoe","RENO-VERDI 3042","President and Vice President of the United States","None Of These Candidates","*"
"Washoe","RENO-VERDI 3042","President and Vice President of the United States","Oliver, Chase and ter Maat, Michael","*"
"Washoe","RENO-VERDI 3042","President and Vice President of the United States","Skousen, Joel and Combs, Rik","*"
"Washoe","RENO-VERDI 3042","President and Vice President of the United States","Trump, Donald J. and Vance, JD","*"
"Washoe","RENO-VERDI 3043","President and Vice President of the United States","Harris, Kamala D. and Walz, Tim","0"
"Washoe","RENO-VERDI 3043","President and Vice President of the United States","None Of These Candidates","0"
"Washoe","RENO-VERDI 3043","President and Vice President of the United States","Oliver, Chase and ter Maat, Michael","0"
"Washoe","RENO-VERDI 3043","President and Vice President of the United States","Skousen, Joel and Combs, Rik","0"
"Washoe","RENO-VERDI 3043","President and Vice President of the United States","Trump, Donald J. and Vance, JD","0"
"Washoe","RENO-VERDI 3044","President and Vice President of the United States","Harris, Kamala D. and Walz, Tim","0"
"Washoe","RENO-VERDI 3044","President and Vice President of the United States","None Of These Candidates","0"
"Washoe","RENO-VERDI 3044","President and Vice President of the United States","Oliver, Chase and ter Maat, Michael","0"
"Washoe","RENO-VERDI 3044","President and Vice President of the United States","Skousen, Joel and Combs, Rik","0"
"Washoe","RENO-VERDI 3044","President and Vice President of the United States","Trump, Donald J. and Vance, JD","0"
"Washoe","RENO-VERDI 4001","President and Vice President of the United States","Harris, Kamala D. and Walz, Tim","*"
"Washoe","RENO-VERDI 4001","President and Vice President of the United States","None Of These Candidates","*"
"Washoe","RENO-VERDI 4001","President and Vice President of the United States","Oliver, Chase and ter Maat, Michael","*"
"Washoe","RENO-VERDI 4001","President and Vice President of the United States","Skousen, Joel and Combs, Rik","*"
"Washoe","RENO-VERDI 4001","President and Vice President of the United States","Trump, Donald J. and Vance, JD","*"
"Washoe","RENO-VERDI 4002","President and Vice President of the United States","Harris, Kamala D. and Walz, Tim","2409"
"Washoe","RENO-VERDI 4002","President and Vice President of the United States","None Of These Candidates","43"
"Washoe","RENO-VERDI 4002","President and Vice President of the United States","Oliver, Chase and ter Maat, Michael","15"
"Washoe","RENO-VERDI 4002","President and Vice President of the United States","Skousen, Joel and Combs, Rik","3"
"Washoe","RENO-VERDI 4002","President and Vice President of the United States","Trump, Donald J. and Vance, JD","1010"
"Washoe","RENO-VERDI 4003","President and Vice President of the United States","Harris, Kamala D. and Walz, Tim","416"
"Washoe","RENO-VERDI 4003","President and Vice President of the United States","None Of These Candidates","9"
"Washoe","RENO-VERDI 4003","President and Vice President of the United States","Oliver, Chase and ter Maat, Michael","6"
"Washoe","RENO-VERDI 4003","President and Vice President of the United States","Skousen, Joel and Combs, Rik","2"
"Washoe","RENO-VERDI 4003","President and Vice President of the United States","Trump, Donald J. and Vance, JD","312"
"Washoe","RENO-VERDI 4005","President and Vice President of the United States","Harris, Kamala D. and Walz, Tim","175"
"Washoe","RENO-VERDI 4005","President and Vice President of the United States","None Of These Candidates","4"
"Washoe","RENO-VERDI 4005","President and Vice President of the United States","Oliver, Chase and ter Maat, Michael","0"
"Washoe","RENO-VERDI 4005","President and Vice President of the United States","Skousen, Joel and Combs, Rik","0"
"Washoe","RENO-VERDI 4005","President and Vice President of the United States","Trump, Donald J. and Vance, JD","167"
"Washoe","RENO-VERDI 4007","President and Vice President of the United States","Harris, Kamala D. and Walz, Tim","2"
"Washoe","RENO-VERDI 4007","President and Vice President of the United States","None Of These Candidates","0"
"Washoe","RENO-VERDI 4007","President and Vice President of the United States","Oliver, Chase and ter Maat, Michael","1"
"Washoe","RENO-VERDI 4007","President and Vice President of the United States","Skousen, Joel and Combs, Rik","0"
"Washoe","RENO-VERDI 4007","President and Vice President of the United States","Trump, Donald J. and Vance, JD","9"
"Washoe","RENO-VERDI 4009","President and Vice President of the United States","Harris, Kamala D. and Walz, Tim","779"
"Washoe","RENO-VERDI 4009","President and Vice President of the United States","None Of These Candidates","31"
"Washoe","RENO-VERDI 4009","President and Vice President of the United States","Oliver, Chase and ter Maat, Michael","7"
"Washoe","RENO-VERDI 4009","President and Vice President of the United States","Skousen, Joel and Combs, Rik","3"
"Washoe","RENO-VERDI 4009","President and Vice President of the United States","Trump, Donald J. and Vance, JD","662"
"Washoe","RENO-VERDI 4012","President and Vice President of the United States","Harris, Kamala D. and Walz, Tim","385"
"Washoe","RENO-VERDI 4012","President and Vice President of the United States","None Of These Candidates","10"
"Washoe","RENO-VERDI 4012","President and Vice President of the United States","Oliver, Chase and ter Maat, Michael","3"
"Washoe","RENO-VERDI 4012","President and Vice President of the United States","Skousen, Joel and Combs, Rik","0"
"Washoe","RENO-VERDI 4012","President and Vice President of the United States","Trump, Donald J. and Vance, JD","196"
"Washoe","RENO-VERDI 4014","President and Vice President of the United States","Harris, Kamala D. and Walz, Tim","1081"
"Washoe","RENO-VERDI 4014","President and Vice President of the United States","None Of These Candidates","41"
"Washoe","RENO-VERDI 4014","President and Vice President of the United States","Oliver, Chase and ter Maat, Michael","19"
"Washoe","RENO-VERDI 4014","President and Vice President of the United States","Skousen, Joel and Combs, Rik","4"
"Washoe","RENO-VERDI 4014","President and Vice President of the United States","Trump, Donald J. and Vance, JD","1349"
"Washoe","RENO-VERDI 4015","President and Vice President of the United States","Harris, Kamala D. and Walz, Tim","*"
"Washoe","RENO-VERDI 4015","President and Vice President of the United States","None Of These Candidates","*"
"Washoe","RENO-VERDI 4015","President and Vice President of the United States","Oliver, Chase and ter Maat, Michael","*"
"Washoe","RENO-VERDI 4015","President and Vice President of the United States","Skousen, Joel and Combs, Rik","*"
"Washoe","RENO-VERDI 4015","President and Vice President of the United States","Trump, Donald J. and Vance, JD","*"
"Washoe","RENO-VERDI 4016","President and Vice President of the United States","Harris, Kamala D. and Walz, Tim","240"
"Washoe","RENO-VERDI 4016","President and Vice President of the United States","None Of These Candidates","5"
"Washoe","RENO-VERDI 4016","President and Vice President of the United States","Oliver, Chase and ter Maat, Michael","1"
"Washoe","RENO-VERDI 4016","President and Vice President of the United States","Skousen, Joel and Combs, Rik","1"
"Washoe","RENO-VERDI 4016","President and Vice President of the United States","Trump, Donald J. and Vance, JD","209"
"Washoe","RENO-VERDI 4017","President and Vice President of the United States","Harris, Kamala D. and Walz, Tim","908"
"Washoe","RENO-VERDI 4017","President and Vice President of the United States","None Of These Candidates","22"
"Washoe","RENO-VERDI 4017","President and Vice President of the United States","Oliver, Chase and ter Maat, Michael","9"
"Washoe","RENO-VERDI 4017","President and Vice President of the United States","Skousen, Joel and Combs, Rik","8"
"Washoe","RENO-VERDI 4017","President and Vice President of the United States","Trump, Donald J. and Vance, JD","814"
"Washoe","RENO-VERDI 4019","President and Vice President of the United States","Harris, Kamala D. and Walz, Tim","611"
"Washoe","RENO-VERDI 4019","President and Vice President of the United States","None Of These Candidates","13"
"Washoe","RENO-VERDI 4019","President and Vice President of the United States","Oliver, Chase and ter Maat, Michael","14"
"Washoe","RENO-VERDI 4019","President and Vice President of the United States","Skousen, Joel and Combs, Rik","3"
"Washoe","RENO-VERDI 4019","President and Vice President of the United States","Trump, Donald J. and Vance, JD","542"
"Washoe","RENO-VERDI 4020","President and Vice President of the United States","Harris, Kamala D. and Walz, Tim","143"
"Washoe","RENO-VERDI 4020","President and Vice President of the United States","None Of These Candidates","6"
"Washoe","RENO-VERDI 4020","President and Vice President of the United States","Oliver, Chase and ter Maat, Michael","0"
"Washoe","RENO-VERDI 4020","President and Vice President of the United States","Skousen, Joel and Combs, Rik","0"
"Washoe","RENO-VERDI 4020","President and Vice President of the United States","Trump, Donald J. and Vance, JD","88"
"Washoe","RENO-VERDI 4021","President and Vice President of the United States","Harris, Kamala D. and Walz, Tim","404"
"Washoe","RENO-VERDI 4021","President and Vice President of the United States","None Of These Candidates","13"
"Washoe","RENO-VERDI 4021","President and Vice President of the United States","Oliver, Chase and ter Maat, Michael","5"
"Washoe","RENO-VERDI 4021","President and Vice President of the United States","Skousen, Joel and Combs, Rik","0"
"Washoe","RENO-VERDI 4021","President and Vice President of the United States","Trump, Donald J. and Vance, JD","512"
"Washoe","RENO-VERDI 4022","President and Vice President of the United States","Harris, Kamala D. and Walz, Tim","48"
"Washoe","RENO-VERDI 4022","President and Vice President of the United States","None Of These Candidates","1"
"Washoe","RENO-VERDI 4022","President and Vice President of the United States","Oliver, Chase and ter Maat, Michael","1"
"Washoe","RENO-VERDI 4022","President and Vice President of the United States","Skousen, Joel and Combs, Rik","0"
"Washoe","RENO-VERDI 4022","President and Vice President of the United States","Trump, Donald J. and Vance, JD","30"
"Washoe","RENO-VERDI 4023","President and Vice President of the United States","Harris, Kamala D. and Walz, Tim","281"
"Washoe","RENO-VERDI 4023","President and Vice President of the United States","None Of These Candidates","7"
"Washoe","RENO-VERDI 4023","President and Vice President of the United States","Oliver, Chase and ter Maat, Michael","3"
"Washoe","RENO-VERDI 4023","President and Vice President of the United States","Skousen, Joel and Combs, Rik","1"
"Washoe","RENO-VERDI 4023","President and Vice President of the United States","Trump, Donald J. and Vance, JD","288"
"Washoe","RENO-VERDI 4024","President and Vice President of the United States","Harris, Kamala D. and Walz, Tim","868"
"Washoe","RENO-VERDI 4024","President and Vice President of the United States","None Of These Candidates","24"
"Washoe","RENO-VERDI 4024","President and Vice President of the United States","Oliver, Chase and ter Maat, Michael","9"
"Washoe","RENO-VERDI 4024","President and Vice President of the United States","Skousen, Joel and Combs, Rik","7"
"Washoe","RENO-VERDI 4024","President and Vice President of the United States","Trump, Donald J. and Vance, JD","827"
"Washoe","RENO-VERDI 4025","President and Vice President of the United States","Harris, Kamala D. and Walz, Tim","877"
"Washoe","RENO-VERDI 4025","President and Vice President of the United States","None Of These Candidates","24"
"Washoe","RENO-VERDI 4025","President and Vice President of the United States","Oliver, Chase and ter Maat, Michael","3"
"Washoe","RENO-VERDI 4025","President and Vice President of the United States","Skousen, Joel and Combs, Rik","2"
"Washoe","RENO-VERDI 4025","President and Vice President of the United States","Trump, Donald J. and Vance, JD","874"
"Washoe","RENO-VERDI 4026","President and Vice President of the United States","Harris, Kamala D. and Walz, Tim","0"
"Washoe","RENO-VERDI 4026","President and Vice President of the United States","None Of These Candidates","0"
"Washoe","RENO-VERDI 4026","President and Vice President of the United States","Oliver, Chase and ter Maat, Michael","0"
"Washoe","RENO-VERDI 4026","President and Vice President of the United States","Skousen, Joel and Combs, Rik","0"
"Washoe","RENO-VERDI 4026","President and Vice President of the United States","Trump, Donald J. and Vance, JD","0"
"Washoe","RENO-VERDI 4029","President and Vice President of the United States","Harris, Kamala D. and Walz, Tim","0"
"Washoe","RENO-VERDI 4029","President and Vice President of the United States","None Of These Candidates","0"
"Washoe","RENO-VERDI 4029","President and Vice President of the United States","Oliver, Chase and ter Maat, Michael","0"
"Washoe","RENO-VERDI 4029","President and Vice President of the United States","Skousen, Joel and Combs, Rik","0"
"Washoe","RENO-VERDI 4029","President and Vice President of the United States","Trump, Donald J. and Vance, JD","0"
"Washoe","RENO-VERDI 4031","President and Vice President of the United States","Harris, Kamala D. and Walz, Tim","15"
"Washoe","RENO-VERDI 4031","President and Vice President of the United States","None Of These Candidates","4"
"Washoe","RENO-VERDI 4031","President and Vice President of the United States","Oliver, Chase and ter Maat, Michael","0"
"Washoe","RENO-VERDI 4031","President and Vice President of the United States","Skousen, Joel and Combs, Rik","0"
"Washoe","RENO-VERDI 4031","President and Vice President of the United States","Trump, Donald J. and Vance, JD","34"
"Washoe","RENO-VERDI 4033","President and Vice President of the United States","Harris, Kamala D. and Walz, Tim","597"
"Washoe","RENO-VERDI 4033","President and Vice President of the United States","None Of These Candidates","15"
"Washoe","RENO-VERDI 4033","President and Vice President of the United States","Oliver, Chase and ter Maat, Michael","2"
"Washoe","RENO-VERDI 4033","President and Vice President of the United States","Skousen, Joel and Combs, Rik","0"
"Washoe","RENO-VERDI 4033","President and Vice President of the United States","Trump, Donald J. and Vance, JD","436"
"Washoe","RENO-VERDI 4035","President and Vice President of the United States","Harris, Kamala D. and Walz, Tim","828"
"Washoe","RENO-VERDI 4035","President and Vice President of the United States","None Of These Candidates","23"
"Washoe","RENO-VERDI 4035","President and Vice President of the United States","Oliver, Chase and ter Maat, Michael","9"
"Washoe","RENO-VERDI 4035","President and Vice President of the United States","Skousen, Joel and Combs, Rik","3"
"Washoe","RENO-VERDI 4035","President and Vice President of the United States","Trump, Donald J. and Vance, JD","810"
"Washoe","RENO-VERDI 4037","President and Vice President of the United States","Harris, Kamala D. and Walz, Tim","839"
"Washoe","RENO-VERDI 4037","President and Vice President of the United States","None Of These Candidates","32"
"Washoe","RENO-VERDI 4037","President and Vice President of the United States","Oliver, Chase and ter Maat, Michael","7"
"Washoe","RENO-VERDI 4037","President and Vice President of the United States","Skousen, Joel and Combs, Rik","2"
"Washoe","RENO-VERDI 4037","President and Vice President of the United States","Trump, Donald J. and Vance, JD","750"
"Washoe","RENO-VERDI 4039","President and Vice President of the United States","Harris, Kamala D. and Walz, Tim","968"
"Washoe","RENO-VERDI 4039","President and Vice President of the United States","None Of These Candidates","32"
"Washoe","RENO-VERDI 4039","President and Vice President of the United States","Oliver, Chase and ter Maat, Michael","12"
"Washoe","RENO-VERDI 4039","President and Vice President of the United States","Skousen, Joel and Combs, Rik","5"
"Washoe","RENO-VERDI 4039","President and Vice President of the United States","Trump, Donald J. and Vance, JD","890"
"Washoe","RENO-VERDI 4040","President and Vice President of the United States","Harris, Kamala D. and Walz, Tim","*"
"Washoe","RENO-VERDI 4040","President and Vice President of the United States","None Of These Candidates","*"
"Washoe","RENO-VERDI 4040","President and Vice President of the United States","Oliver, Chase and ter Maat, Michael","*"
"Washoe","RENO-VERDI 4040","President and Vice President of the United States","Skousen, Joel and Combs, Rik","*"
"Washoe","RENO-VERDI 4040","President and Vice President of the United States","Trump, Donald J. and Vance, JD","*"
"Washoe","RENO-VERDI 4041","President and Vice President of the United States","Harris, Kamala D. and Walz, Tim","7"
"Washoe","RENO-VERDI 4041","President and Vice President of the United States","None Of These Candidates","0"
"Washoe","RENO-VERDI 4041","President and Vice President of the United States","Oliver, Chase and ter Maat, Michael","0"
"Washoe","RENO-VERDI 4041","President and Vice President of the United States","Skousen, Joel and Combs, Rik","0"
"Washoe","RENO-VERDI 4041","President and Vice President of the United States","Trump, Donald J. and Vance, JD","5"
"Washoe","RENO-VERDI 4042","President and Vice President of the United States","Harris, Kamala D. and Walz, Tim","0"
"Washoe","RENO-VERDI 4042","President and Vice President of the United States","None Of These Candidates","0"
"Washoe","RENO-VERDI 4042","President and Vice President of the United States","Oliver, Chase and ter Maat, Michael","0"
"Washoe","RENO-VERDI 4042","President and Vice President of the United States","Skousen, Joel and Combs, Rik","0"
"Washoe","RENO-VERDI 4042","President and Vice President of the United States","Trump, Donald J. and Vance, JD","0"
"Washoe","RENO-VERDI 4043","President and Vice President of the United States","Harris, Kamala D. and Walz, Tim","248"
"Washoe","RENO-VERDI 4043","President and Vice President of the United States","None Of These Candidates","11"
"Washoe","RENO-VERDI 4043","President and Vice President of the United States","Oliver, Chase and ter Maat, Michael","2"
"Washoe","RENO-VERDI 4043","President and Vice President of the United States","Skousen, Joel and Combs, Rik","0"
"Washoe","RENO-VERDI 4043","President and Vice President of the United States","Trump, Donald J. and Vance, JD","207"
"Washoe","RENO-VERDI 4054","President and Vice President of the United States","Harris, Kamala D. and Walz, Tim","0"
"Washoe","RENO-VERDI 4054","President and Vice President of the United States","None Of These Candidates","0"
"Washoe","RENO-VERDI 4054","President and Vice President of the United States","Oliver, Chase and ter Maat, Michael","0"
"Washoe","RENO-VERDI 4054","President and Vice President of the United States","Skousen, Joel and Combs, Rik","0"
"Washoe","RENO-VERDI 4054","President and Vice President of the United States","Trump, Donald J. and Vance, JD","0"
"Washoe","RENO-VERDI 4056","President and Vice President of the United States","Harris, Kamala D. and Walz, Tim","0"
"Washoe","RENO-VERDI 4056","President and Vice President of the United States","None Of These Candidates","0"
"Washoe","RENO-VERDI 4056","President and Vice President of the United States","Oliver, Chase and ter Maat, Michael","0"
"Washoe","RENO-VERDI 4056","President and Vice President of the United States","Skousen, Joel and Combs, Rik","0"
"Washoe","RENO-VERDI 4056","President and Vice President of the United States","Trump, Donald J. and Vance, JD","0"
"Washoe","RENO-VERDI 4057","President and Vice President of the United States","Harris, Kamala D. and Walz, Tim","0"
"Washoe","RENO-VERDI 4057","President and Vice President of the United States","None Of These Candidates","0"
"Washoe","RENO-VERDI 4057","President and Vice President of the United States","Oliver, Chase and ter Maat, Michael","0"
"Washoe","RENO-VERDI 4057","President and Vice President of the United States","Skousen, Joel and Combs, Rik","0"
"Washoe","RENO-VERDI 4057","President and Vice President of the United States","Trump, Donald J. and Vance, JD","0"
"Washoe","RENO-VERDI 5000","President and Vice President of the United States","Harris, Kamala D. and Walz, Tim","1097"
"Washoe","RENO-VERDI 5000","President and Vice President of the United States","None Of These Candidates","35"
"Washoe","RENO-VERDI 5000","President and Vice President of the United States","Oliver, Chase and ter Maat, Michael","6"
"Washoe","RENO-VERDI 5000","President and Vice President of the United States","Skousen, Joel and Combs, Rik","4"
"Washoe","RENO-VERDI 5000","President and Vice President of the United States","Trump, Donald J. and Vance, JD","502"
"Washoe","RENO-VERDI 5001","President and Vice President of the United States","Harris, Kamala D. and Walz, Tim","20"
"Washoe","RENO-VERDI 5001","President and Vice President of the United States","None Of These Candidates","0"
"Washoe","RENO-VERDI 5001","President and Vice President of the United States","Oliver, Chase and ter Maat, Michael","0"
"Washoe","RENO-VERDI 5001","President and Vice President of the United States","Skousen, Joel and Combs, Rik","1"
"Washoe","RENO-VERDI 5001","President and Vice President of the United States","Trump, Donald J. and Vance, JD","25"
"Washoe","RENO-VERDI 5006","President and Vice President of the United States","Harris, Kamala D. and Walz, Tim","174"
"Washoe","RENO-VERDI 5006","President and Vice President of the United States","None Of These Candidates","7"
"Washoe","RENO-VERDI 5006","President and Vice President of the United States","Oliver, Chase and ter Maat, Michael","1"
"Washoe","RENO-VERDI 5006","President and Vice President of the United States","Skousen, Joel and Combs, Rik","0"
"Washoe","RENO-VERDI 5006","President and Vice President of the United States","Trump, Donald J. and Vance, JD","82"
"Washoe","RENO-VERDI 5007","President and Vice President of the United States","Harris, Kamala D. and Walz, Tim","0"
"Washoe","RENO-VERDI 5007","President and Vice President of the United States","None Of These Candidates","0"
"Washoe","RENO-VERDI 5007","President and Vice President of the United States","Oliver, Chase and ter Maat, Michael","0"
"Washoe","RENO-VERDI 5007","President and Vice President of the United States","Skousen, Joel and Combs, Rik","0"
"Washoe","RENO-VERDI 5007","President and Vice President of the United States","Trump, Donald J. and Vance, JD","0"
"Washoe","RENO-VERDI 5008","President and Vice President of the United States","Harris, Kamala D. and Walz, Tim","1237"
"Washoe","RENO-VERDI 5008","President and Vice President of the United States","None Of These Candidates","39"
"Washoe","RENO-VERDI 5008","President and Vice President of the United States","Oliver, Chase and ter Maat, Michael","12"
"Washoe","RENO-VERDI 5008","President and Vice President of the United States","Skousen, Joel and Combs, Rik","7"
"Washoe","RENO-VERDI 5008","President and Vice President of the United States","Trump, Donald J. and Vance, JD","649"
"Washoe","RENO-VERDI 5009","President and Vice President of the United States","Harris, Kamala D. and Walz, Tim","624"
"Washoe","RENO-VERDI 5009","President and Vice President of the United States","None Of These Candidates","12"
"Washoe","RENO-VERDI 5009","President and Vice President of the United States","Oliver, Chase and ter Maat, Michael","5"
"Washoe","RENO-VERDI 5009","President and Vice President of the United States","Skousen, Joel and Combs, Rik","4"
"Washoe","RENO-VERDI 5009","President and Vice President of the United States","Trump, Donald J. and Vance, JD","286"
"Washoe","RENO-VERDI 5011","President and Vice President of the United States","Harris, Kamala D. and Walz, Tim","1646"
"Washoe","RENO-VERDI 5011","President and Vice President of the United States","None Of These Candidates","47"
"Washoe","RENO-VERDI 5011","President and Vice President of the United States","Oliver, Chase and ter Maat, Michael","14"
"Washoe","RENO-VERDI 5011","President and Vice President of the United States","Skousen, Joel and Combs, Rik","5"
"Washoe","RENO-VERDI 5011","President and Vice President of the United States","Trump, Donald J. and Vance, JD","1115"
"Washoe","RENO-VERDI 5012","President and Vice President of the United States","Harris, Kamala D. and Walz, Tim","901"
"Washoe","RENO-VERDI 5012","President and Vice President of the United States","None Of These Candidates","28"
"Washoe","RENO-VERDI 5012","President and Vice President of the United States","Oliver, Chase and ter Maat, Michael","10"
"Washoe","RENO-VERDI 5012","President and Vice President of the United States","Skousen, Joel and Combs, Rik","7"
"Washoe","RENO-VERDI 5012","President and Vice President of the United States","Trump, Donald J. and Vance, JD","609"
"Washoe","RENO-VERDI 5013","President and Vice President of the United States","Harris, Kamala D. and Walz, Tim","886"
"Washoe","RENO-VERDI 5013","President and Vice President of the United States","None Of These Candidates","34"
"Washoe","RENO-VERDI 5013","President and Vice President of the United States","Oliver, Chase and ter Maat, Michael","2"
"Washoe","RENO-VERDI 5013","President and Vice President of the United States","Skousen, Joel and Combs, Rik","4"
"Washoe","RENO-VERDI 5013","President and Vice President of the United States","Trump, Donald J. and Vance, JD","676"
"Washoe","RENO-VERDI 5014","President and Vice President of the United States","Harris, Kamala D. and Walz, Tim","1103"
"Washoe","RENO-VERDI 5014","President and Vice President of the United States","None Of These Candidates","36"
"Washoe","RENO-VERDI 5014","President and Vice President of the United States","Oliver, Chase and ter Maat, Michael","12"
"Washoe","RENO-VERDI 5014","President and Vice President of the United States","Skousen, Joel and Combs, Rik","4"
"Washoe","RENO-VERDI 5014","President and Vice President of the United States","Trump, Donald J. and Vance, JD","901"
"Washoe","RENO-VERDI 5018","President and Vice President of the United States","Harris, Kamala D. and Walz, Tim","1318"
"Washoe","RENO-VERDI 5018","President and Vice President of the United States","None Of These Candidates","45"
"Washoe","RENO-VERDI 5018","President and Vice President of the United States","Oliver, Chase and ter Maat, Michael","15"
"Washoe","RENO-VERDI 5018","President and Vice President of the United States","Skousen, Joel and Combs, Rik","7"
"Washoe","RENO-VERDI 5018","President and Vice President of the United States","Trump, Donald J. and Vance, JD","854"
"Washoe","RENO-VERDI 5019","President and Vice President of the United States","Harris, Kamala D. and Walz, Tim","1279"
"Washoe","RENO-VERDI 5019","President and Vice President of the United States","None Of These Candidates","40"
"Washoe","RENO-VERDI 5019","President and Vice President of the United States","Oliver, Chase and ter Maat, Michael","16"
"Washoe","RENO-VERDI 5019","President and Vice President of the United States","Skousen, Joel and Combs, Rik","4"
"Washoe","RENO-VERDI 5019","President and Vice President of the United States","Trump, Donald J. and Vance, JD","994"
"Washoe","RENO-VERDI 5020","President and Vice President of the United States","Harris, Kamala D. and Walz, Tim","178"
"Washoe","RENO-VERDI 5020","President and Vice President of the United States","None Of These Candidates","5"
"Washoe","RENO-VERDI 5020","President and Vice President of the United States","Oliver, Chase and ter Maat, Michael","1"
"Washoe","RENO-VERDI 5020","President and Vice President of the United States","Skousen, Joel and Combs, Rik","0"
"Washoe","RENO-VERDI 5020","President and Vice President of the United States","Trump, Donald J. and Vance, JD","74"
"Washoe","RENO-VERDI 5022","President and Vice President of the United States","Harris, Kamala D. and Walz, Tim","373"
"Washoe","RENO-VERDI 5022","President and Vice President of the United States","None Of These Candidates","15"
"Washoe","RENO-VERDI 5022","President and Vice President of the United States","Oliver, Chase and ter Maat, Michael","8"
"Washoe","RENO-VERDI 5022","President and Vice President of the United States","Skousen, Joel and Combs, Rik","3"
"Washoe","RENO-VERDI 5022","President and Vice President of the United States","Trump, Donald J. and Vance, JD","219"
"Washoe","RENO-VERDI 5030","President and Vice President of the United States","Harris, Kamala D. and Walz, Tim","1469"
"Washoe","RENO-VERDI 5030","President and Vice President of the United States","None Of These Candidates","48"
"Washoe","RENO-VERDI 5030","President and Vice President of the United States","Oliver, Chase and ter Maat, Michael","13"
"Washoe","RENO-VERDI 5030","President and Vice President of the United States","Skousen, Joel and Combs, Rik","1"
"Washoe","RENO-VERDI 5030","President and Vice President of the United States","Trump, Donald J. and Vance, JD","1296"
"Washoe","RENO-VERDI 5031","President and Vice President of the United States","Harris, Kamala D. and Walz, Tim","888"
"Washoe","RENO-VERDI 5031","President and Vice President of the United States","None Of These Candidates","25"
"Washoe","RENO-VERDI 5031","President and Vice President of the United States","Oliver, Chase and ter Maat, Michael","3"
"Washoe","RENO-VERDI 5031","President and Vice President of the United States","Skousen, Joel and Combs, Rik","3"
"Washoe","RENO-VERDI 5031","President and Vice President of the United States","Trump, Donald J. and Vance, JD","1113"
"Washoe","RENO-VERDI 5035","President and Vice President of the United States","Harris, Kamala D. and Walz, Tim","1438"
"Washoe","RENO-VERDI 5035","President and Vice President of the United States","None Of These Candidates","50"
"Washoe","RENO-VERDI 5035","President and Vice President of the United States","Oliver, Chase and ter Maat, Michael","17"
"Washoe","RENO-VERDI 5035","President and Vice President of the United States","Skousen, Joel and Combs, Rik","5"
"Washoe","RENO-VERDI 5035","President and Vice President of the United States","Trump, Donald J. and Vance, JD","1033"
"Washoe","RENO-VERDI 5039","President and Vice President of the United States","Harris, Kamala D. and Walz, Tim","17"
"Washoe","RENO-VERDI 5039","President and Vice President of the United States","None Of These Candidates","0"
"Washoe","RENO-VERDI 5039","President and Vice President of the United States","Oliver, Chase and ter Maat, Michael","0"
"Washoe","RENO-VERDI 5039","President and Vice President of the United States","Skousen, Joel and Combs, Rik","0"
"Washoe","RENO-VERDI 5039","President and Vice President of the United States","Trump, Donald J. and Vance, JD","36"
"Washoe","RENO-VERDI 5044","President and Vice President of the United States","Harris, Kamala D. and Walz, Tim","0"
"Washoe","RENO-VERDI 5044","President and Vice President of the United States","None Of These Candidates","0"
"Washoe","RENO-VERDI 5044","President and Vice President of the United States","Oliver, Chase and ter Maat, Michael","0"
"Washoe","RENO-VERDI 5044","President and Vice President of the United States","Skousen, Joel and Combs, Rik","0"
"Washoe","RENO-VERDI 5044","President and Vice President of the United States","Trump, Donald J. and Vance, JD","0"
"Washoe","RENO-VERDI 5045","President and Vice President of the United States","Harris, Kamala D. and Walz, Tim","1341"
"Washoe","RENO-VERDI 5045","President and Vice President of the United States","None Of These Candidates","49"
"Washoe","RENO-VERDI 5045","President and Vice President of the United States","Oliver, Chase and ter Maat, Michael","9"
"Washoe","RENO-VERDI 5045","President and Vice President of the United States","Skousen, Joel and Combs, Rik","2"
"Washoe","RENO-VERDI 5045","President and Vice President of the United States","Trump, Donald J. and Vance, JD","1414"
"Washoe","RENO-VERDI 5046","President and Vice President of the United States","Harris, Kamala D. and Walz, Tim","0"
"Washoe","RENO-VERDI 5046","President and Vice President of the United States","None Of These Candidates","0"
"Washoe","RENO-VERDI 5046","President and Vice President of the United States","Oliver, Chase and ter Maat, Michael","0"
"Washoe","RENO-VERDI 5046","President and Vice President of the United States","Skousen, Joel and Combs, Rik","0"
"Washoe","RENO-VERDI 5046","President and Vice President of the United States","Trump, Donald J. and Vance, JD","0"
"Washoe","RENO-VERDI 5047","President and Vice President of the United States","Harris, Kamala D. and Walz, Tim","258"
"Washoe","RENO-VERDI 5047","President and Vice President of the United States","None Of These Candidates","10"
"Washoe","RENO-VERDI 5047","President and Vice President of the United States","Oliver, Chase and ter Maat, Michael","3"
"Washoe","RENO-VERDI 5047","President and Vice President of the United States","Skousen, Joel and Combs, Rik","3"
"Washoe","RENO-VERDI 5047","President and Vice President of the United States","Trump, Donald J. and Vance, JD","291"
"Washoe","RENO-VERDI 5048","President and Vice President of the United States","Harris, Kamala D. and Walz, Tim","148"
"Washoe","RENO-VERDI 5048","President and Vice President of the United States","None Of These Candidates","7"
"Washoe","RENO-VERDI 5048","President and Vice President of the United States","Oliver, Chase and ter Maat, Michael","4"
"Washoe","RENO-VERDI 5048","President and Vice President of the United States","Skousen, Joel and Combs, Rik","1"
"Washoe","RENO-VERDI 5048","President and Vice President of the United States","Trump, Donald J. and Vance, JD","274"
"Washoe","RENO-VERDI 5049","President and Vice President of the United States","Harris, Kamala D. and Walz, Tim","0"
"Washoe","RENO-VERDI 5049","President and Vice President of the United States","None Of These Candidates","0"
"Washoe","RENO-VERDI 5049","President and Vice President of the United States","Oliver, Chase and ter Maat, Michael","0"
"Washoe","RENO-VERDI 5049","President and Vice President of the United States","Skousen, Joel and Combs, Rik","0"
"Washoe","RENO-VERDI 5049","President and Vice President of the United States","Trump, Donald J. and Vance, JD","0"
"Washoe","RENO-VERDI 5051","President and Vice President of the United States","Harris, Kamala D. and Walz, Tim","0"
"Washoe","RENO-VERDI 5051","President and Vice President of the United States","None Of These Candidates","0"
"Washoe","RENO-VERDI 5051","President and Vice President of the United States","Oliver, Chase and ter Maat, Michael","0"
"Washoe","RENO-VERDI 5051","President and Vice President of the United States","Skousen, Joel and Combs, Rik","0"
"Washoe","RENO-VERDI 5051","President and Vice President of the United States","Trump, Donald J. and Vance, JD","0"
"Washoe","RENO-VERDI 5053","President and Vice President of the United States","Harris, Kamala D. and Walz, Tim","5"
"Washoe","RENO-VERDI 5053","President and Vice President of the United States","None Of These Candidates","0"
"Washoe","RENO-VERDI 5053","President and Vice President of the United States","Oliver, Chase and ter Maat, Michael","3"
"Washoe","RENO-VERDI 5053","President and Vice President of the United States","Skousen, Joel and Combs, Rik","0"
"Washoe","RENO-VERDI 5053","President and Vice President of the United States","Trump, Donald J. and Vance, JD","14"
"Washoe","RENO-VERDI 5054","President and Vice President of the United States","Harris, Kamala D. and Walz, Tim","*"
"Washoe","RENO-VERDI 5054","President and Vice President of the United States","None Of These Candidates","*"
"Washoe","RENO-VERDI 5054","President and Vice President of the United States","Oliver, Chase and ter Maat, Michael","*"
"Washoe","RENO-VERDI 5054","President and Vice President of the United States","Skousen, Joel and Combs, Rik","*"
"Washoe","RENO-VERDI 5054","President and Vice President of the United States","Trump, Donald J. and Vance, JD","*"
"Washoe","RENO-VERDI 5061","President and Vice President of the United States","Harris, Kamala D. and Walz, Tim","0"
"Washoe","RENO-VERDI 5061","President and Vice President of the United States","None Of These Candidates","0"
"Washoe","RENO-VERDI 5061","President and Vice President of the United States","Oliver, Chase and ter Maat, Michael","0"
"Washoe","RENO-VERDI 5061","President and Vice President of the United States","Skousen, Joel and Combs, Rik","0"
"Washoe","RENO-VERDI 5061","President and Vice President of the United States","Trump, Donald J. and Vance, JD","0"
"Washoe","RENO-VERDI 5065","President and Vice President of the United States","Harris, Kamala D. and Walz, Tim","0"
"Washoe","RENO-VERDI 5065","President and Vice President of the United States","None Of These Candidates","0"
"Washoe","RENO-VERDI 5065","President and Vice President of the United States","Oliver, Chase and ter Maat, Michael","0"
"Washoe","RENO-VERDI 5065","President and Vice President of the United States","Skousen, Joel and Combs, Rik","0"
"Washoe","RENO-VERDI 5065","President and Vice President of the United States","Trump, Donald J. and Vance, JD","0"
"Washoe","RENO-VERDI 5066","President and Vice President of the United States","Harris, Kamala D. and Walz, Tim","0"
"Washoe","RENO-VERDI 5066","President and Vice President of the United States","None Of These Candidates","0"
"Washoe","RENO-VERDI 5066","President and Vice President of the United States","Oliver, Chase and ter Maat, Michael","0"
"Washoe","RENO-VERDI 5066","President and Vice President of the United States","Skousen, Joel and Combs, Rik","0"
"Washoe","RENO-VERDI 5066","President and Vice President of the United States","Trump, Donald J. and Vance, JD","0"
"Washoe","RENO-VERDI 7100","President and Vice President of the United States","Harris, Kamala D. and Walz, Tim","*"
"Washoe","RENO-VERDI 7100","President and Vice President of the United States","None Of These Candidates","*"
"Washoe","RENO-VERDI 7100","President and Vice President of the United States","Oliver, Chase and ter Maat, Michael","*"
"Washoe","RENO-VERDI 7100","President and Vice President of the United States","Skousen, Joel and Combs, Rik","*"
"Washoe","RENO-VERDI 7100","President and Vice President of the United States","Trump, Donald J. and Vance, JD","*"
"Washoe","RENO-VERDI 7102","President and Vice President of the United States","Harris, Kamala D. and Walz, Tim","384"
"Washoe","RENO-VERDI 7102","President and Vice President of the United States","None Of These Candidates","16"
"Washoe","RENO-VERDI 7102","President and Vice President of the United States","Oliver, Chase and ter Maat, Michael","3"
"Washoe","RENO-VERDI 7102","President and Vice President of the United States","Skousen, Joel and Combs, Rik","4"
"Washoe","RENO-VERDI 7102","President and Vice President of the United States","Trump, Donald J. and Vance, JD","451"
"Washoe","RENO-VERDI 7300","President and Vice President of the United States","Harris, Kamala D. and Walz, Tim","114"
"Washoe","RENO-VERDI 7300","President and Vice President of the United States","None Of These Candidates","6"
"Washoe","RENO-VERDI 7300","President and Vice President of the United States","Oliver, Chase and ter Maat, Michael","0"
"Washoe","RENO-VERDI 7300","President and Vice President of the United States","Skousen, Joel and Combs, Rik","0"
"Washoe","RENO-VERDI 7300","President and Vice President of the United States","Trump, Donald J. and Vance, JD","21"
"Washoe","RENO-VERDI 7307","President and Vice President of the United States","Harris, Kamala D. and Walz, Tim","6"
"Washoe","RENO-VERDI 7307","President and Vice President of the United States","None Of These Candidates","1"
"Washoe","RENO-VERDI 7307","President and Vice President of the United States","Oliver, Chase and ter Maat, Michael","0"
"Washoe","RENO-VERDI 7307","President and Vice President of the United States","Skousen, Joel and Combs, Rik","0"
"Washoe","RENO-VERDI 7307","President and Vice President of the United States","Trump, Donald J. and Vance, JD","12"
"Washoe","RENO-VERDI 7321","President and Vice President of the United States","Harris, Kamala D. and Walz, Tim","0"
"Washoe","RENO-VERDI 7321","President and Vice President of the United States","None Of These Candidates","0"
"Washoe","RENO-VERDI 7321","President and Vice President of the United States","Oliver, Chase and ter Maat, Michael","0"
"Washoe","RENO-VERDI 7321","President and Vice President of the United States","Skousen, Joel and Combs, Rik","0"
"Washoe","RENO-VERDI 7321","President and Vice President of the United States","Trump, Donald J. and Vance, JD","0"
"Washoe","RENO-VERDI 7506","President and Vice President of the United States","Harris, Kamala D. and Walz, Tim","3"
"Washoe","RENO-VERDI 7506","President and Vice President of the United States","None Of These Candidates","0"
"Washoe","RENO-VERDI 7506","President and Vice President of the United States","Oliver, Chase and ter Maat, Michael","0"
"Washoe","RENO-VERDI 7506","President and Vice President of the United States","Skousen, Joel and Combs, Rik","0"
"Washoe","RENO-VERDI 7506","President and Vice President of the United States","Trump, Donald J. and Vance, JD","10"
"Washoe","RENO-VERDI 7507","President and Vice President of the United States","Harris, Kamala D. and Walz, Tim","99"
"Washoe","RENO-VERDI 7507","President and Vice President of the United States","None Of These Candidates","3"
"Washoe","RENO-VERDI 7507","President and Vice President of the United States","Oliver, Chase and ter Maat, Michael","2"
"Washoe","RENO-VERDI 7507","President and Vice President of the United States","Skousen, Joel and Combs, Rik","2"
"Washoe","RENO-VERDI 7507","President and Vice President of the United States","Trump, Donald J. and Vance, JD","159"
"Washoe","RENO-VERDI 7508","President and Vice President of the United States","Harris, Kamala D. and Walz, Tim","57"
"Washoe","RENO-VERDI 7508","President and Vice President of the United States","None Of These Candidates","2"
"Washoe","RENO-VERDI 7508","President and Vice President of the United States","Oliver, Chase and ter Maat, Michael","1"
"Washoe","RENO-VERDI 7508","President and Vice President of the United States","Skousen, Joel and Combs, Rik","0"
"Washoe","RENO-VERDI 7508","President and Vice President of the United States","Trump, Donald J. and Vance, JD","31"
"Washoe","RENO-VERDI 7511","President and Vice President of the United States","Harris, Kamala D. and Walz, Tim","0"
"Washoe","RENO-VERDI 7511","President and Vice President of the United States","None Of These Candidates","0"
"Washoe","RENO-VERDI 7511","President and Vice President of the United States","Oliver, Chase and ter Maat, Michael","0"
"Washoe","RENO-VERDI 7511","President and Vice President of the United States","Skousen, Joel and Combs, Rik","0"
"Washoe","RENO-VERDI 7511","President and Vice President of the United States","Trump, Donald J. and Vance, JD","0"
"Washoe","RENO-VERDI 7516","President and Vice President of the United States","Harris, Kamala D. and Walz, Tim","12"
"Washoe","RENO-VERDI 7516","President and Vice President of the United States","None Of These Candidates","0"
"Washoe","RENO-VERDI 7516","President and Vice President of the United States","Oliver, Chase and ter Maat, Michael","0"
"Washoe","RENO-VERDI 7516","President and Vice President of the United States","Skousen, Joel and Combs, Rik","0"
"Washoe","RENO-VERDI 7516","President and Vice President of the United States","Trump, Donald J. and Vance, JD","28"
"Washoe","RENO-VERDI 7519","President and Vice President of the United States","Harris, Kamala D. and Walz, Tim","169"
"Washoe","RENO-VERDI 7519","President and Vice President of the United States","None Of These Candidates","13"
"Washoe","RENO-VERDI 7519","President and Vice President of the United States","Oliver, Chase and ter Maat, Michael","6"
"Washoe","RENO-VERDI 7519","President and Vice President of the United States","Skousen, Joel and Combs, Rik","1"
"Washoe","RENO-VERDI 7519","President and Vice President of the United States","Trump, Donald J. and Vance, JD","530"
"Washoe","RENO-VERDI 7520","President and Vice President of the United States","Harris, Kamala D. and Walz, Tim","758"
"Washoe","RENO-VERDI 7520","President and Vice President of the United States","None Of These Candidates","25"
"Washoe","RENO-VERDI 7520","President and Vice President of the United States","Oliver, Chase and ter Maat, Michael","13"
"Washoe","RENO-VERDI 7520","President and Vice President of the United States","Skousen, Joel and Combs, Rik","7"
"Washoe","RENO-VERDI 7520","President and Vice President of the United States","Trump, Donald J. and Vance, JD","1179"
"Washoe","RENO-VERDI 7523","President and Vice President of the United States","Harris, Kamala D. and Walz, Tim","727"
"Washoe","RENO-VERDI 7523","President and Vice President of the United States","None Of These Candidates","36"
"Washoe","RENO-VERDI 7523","President and Vice President of the United States","Oliver, Chase and ter Maat, Michael","12"
"Washoe","RENO-VERDI 7523","President and Vice President of the United States","Skousen, Joel and Combs, Rik","4"
"Washoe","RENO-VERDI 7523","President and Vice President of the United States","Trump, Donald J. and Vance, JD","1331"
"Washoe","RENO-VERDI 7524","President and Vice President of the United States","Harris, Kamala D. and Walz, Tim","348"
"Washoe","RENO-VERDI 7524","President and Vice President of the United States","None Of These Candidates","26"
"Washoe","RENO-VERDI 7524","President and Vice President of the United States","Oliver, Chase and ter Maat, Michael","8"
"Washoe","RENO-VERDI 7524","President and Vice President of the United States","Skousen, Joel and Combs, Rik","3"
"Washoe","RENO-VERDI 7524","President and Vice President of the United States","Trump, Donald J. and Vance, JD","661"
"Washoe","RENO-VERDI 7525","President and Vice President of the United States","Harris, Kamala D. and Walz, Tim","379"
"Washoe","RENO-VERDI 7525","President and Vice President of the United States","None Of These Candidates","10"
"Washoe","RENO-VERDI 7525","President and Vice President of the United States","Oliver, Chase and ter Maat, Michael","3"
"Washoe","RENO-VERDI 7525","President and Vice President of the United States","Skousen, Joel and Combs, Rik","6"
"Washoe","RENO-VERDI 7525","President and Vice President of the United States","Trump, Donald J. and Vance, JD","782"
"Washoe","RENO-VERDI 7526","President and Vice President of the United States","Harris, Kamala D. and Walz, Tim","*"
"Washoe","RENO-VERDI 7526","President and Vice President of the United States","None Of These Candidates","*"
"Washoe","RENO-VERDI 7526","President and Vice President of the United States","Oliver, Chase and ter Maat, Michael","*"
"Washoe","RENO-VERDI 7526","President and Vice President of the United States","Skousen, Joel and Combs, Rik","*"
"Washoe","RENO-VERDI 7526","President and Vice President of the United States","Trump, Donald J. and Vance, JD","*"
"Washoe","RENO-VERDI 7529","President and Vice President of the United States","Harris, Kamala D. and Walz, Tim","149"
"Washoe","RENO-VERDI 7529","President and Vice President of the United States","None Of These Candidates","12"
"Washoe","RENO-VERDI 7529","President and Vice President of the United States","Oliver, Chase and ter Maat, Michael","2"
"Washoe","RENO-VERDI 7529","President and Vice President of the United States","Skousen, Joel and Combs, Rik","0"
"Washoe","RENO-VERDI 7529","President and Vice President of the United States","Trump, Donald J. and Vance, JD","453"
"Washoe","RENO-VERDI 7532","President and Vice President of the United States","Harris, Kamala D. and Walz, Tim","371"
"Washoe","RENO-VERDI 7532","President and Vice President of the United States","None Of These Candidates","17"
"Washoe","RENO-VERDI 7532","President and Vice President of the United States","Oliver, Chase and ter Maat, Michael","5"
"Washoe","RENO-VERDI 7532","President and Vice President of the United States","Skousen, Joel and Combs, Rik","0"
"Washoe","RENO-VERDI 7532","President and Vice President of the United States","Trump, Donald J. and Vance, JD","424"
"Washoe","RENO-VERDI 7536","President and Vice President of the United States","Harris, Kamala D. and Walz, Tim","755"
"Washoe","RENO-VERDI 7536","President and Vice President of the United States","None Of These Candidates","33"
"Washoe","RENO-VERDI 7536","President and Vice President of the United States","Oliver, Chase and ter Maat, Michael","10"
"Washoe","RENO-VERDI 7536","President and Vice President of the United States","Skousen, Joel and Combs, Rik","6"
"Washoe","RENO-VERDI 7536","President and Vice President of the United States","Trump, Donald J. and Vance, JD","1389"
"Washoe","RENO-VERDI 7537","President and Vice President of the United States","Harris, Kamala D. and Walz, Tim","56"
"Washoe","RENO-VERDI 7537","President and Vice President of the United States","None Of These Candidates","2"
"Washoe","RENO-VERDI 7537","President and Vice President of the United States","Oliver, Chase and ter Maat, Michael","0"
"Washoe","RENO-VERDI 7537","President and Vice President of the United States","Skousen, Joel and Combs, Rik","0"
"Washoe","RENO-VERDI 7537","President and Vice President of the United States","Trump, Donald J. and Vance, JD","72"
"Washoe","RENO-VERDI 7538","President and Vice President of the United States","Harris, Kamala D. and Walz, Tim","0"
"Washoe","RENO-VERDI 7538","President and Vice President of the United States","None Of These Candidates","0"
"Washoe","RENO-VERDI 7538","President and Vice President of the United States","Oliver, Chase and ter Maat, Michael","0"
"Washoe","RENO-VERDI 7538","President and Vice President of the United States","Skousen, Joel and Combs, Rik","0"
"Washoe","RENO-VERDI 7538","President and Vice President of the United States","Trump, Donald J. and Vance, JD","0"
"Washoe","RENO-VERDI 7541","President and Vice President of the United States","Harris, Kamala D. and Walz, Tim","663"
"Washoe","RENO-VERDI 7541","President and Vice President of the United States","None Of These Candidates","22"
"Washoe","RENO-VERDI 7541","President and Vice President of the United States","Oliver, Chase and ter Maat, Michael","16"
"Washoe","RENO-VERDI 7541","President and Vice President of the United States","Skousen, Joel and Combs, Rik","7"
"Washoe","RENO-VERDI 7541","President and Vice President of the United States","Trump, Donald J. and Vance, JD","1099"
"Washoe","RENO-VERDI 7542","President and Vice President of the United States","Harris, Kamala D. and Walz, Tim","95"
"Washoe","RENO-VERDI 7542","President and Vice President of the United States","None Of These Candidates","3"
"Washoe","RENO-VERDI 7542","President and Vice President of the United States","Oliver, Chase and ter Maat, Michael","4"
"Washoe","RENO-VERDI 7542","President and Vice President of the United States","Skousen, Joel and Combs, Rik","1"
"Washoe","RENO-VERDI 7542","President and Vice President of the United States","Trump, Donald J. and Vance, JD","194"
"Washoe","RENO-VERDI 7545","President and Vice President of the United States","Harris, Kamala D. and Walz, Tim","2"
"Washoe","RENO-VERDI 7545","President and Vice President of the United States","None Of These Candidates","0"
"Washoe","RENO-VERDI 7545","President and Vice President of the United States","Oliver, Chase and ter Maat, Michael","0"
"Washoe","RENO-VERDI 7545","President and Vice President of the United States","Skousen, Joel and Combs, Rik","0"
"Washoe","RENO-VERDI 7545","President and Vice President of the United States","Trump, Donald J. and Vance, JD","17"
"Washoe","RENO-VERDI 7546","President and Vice President of the United States","Harris, Kamala D. and Walz, Tim","0"
"Washoe","RENO-VERDI 7546","President and Vice President of the United States","None Of These Candidates","0"
"Washoe","RENO-VERDI 7546","President and Vice President of the United States","Oliver, Chase and ter Maat, Michael","0"
"Washoe","RENO-VERDI 7546","President and Vice President of the United States","Skousen, Joel and Combs, Rik","0"
"Washoe","RENO-VERDI 7546","President and Vice President of the United States","Trump, Donald J. and Vance, JD","0"
"Washoe","RENO-VERDI 7547","President and Vice President of the United States","Harris, Kamala D. and Walz, Tim","4"
"Washoe","RENO-VERDI 7547","President and Vice President of the United States","None Of These Candidates","0"
"Washoe","RENO-VERDI 7547","President and Vice President of the United States","Oliver, Chase and ter Maat, Michael","0"
"Washoe","RENO-VERDI 7547","President and Vice President of the United States","Skousen, Joel and Combs, Rik","1"
"Washoe","RENO-VERDI 7547","President and Vice President of the United States","Trump, Donald J. and Vance, JD","23"
"Washoe","RENO-VERDI 7548","President and Vice President of the United States","Harris, Kamala D. and Walz, Tim","*"
"Washoe","RENO-VERDI 7548","President and Vice President of the United States","None Of These Candidates","*"
"Washoe","RENO-VERDI 7548","President and Vice President of the United States","Oliver, Chase and ter Maat, Michael","*"
"Washoe","RENO-VERDI 7548","President and Vice President of the United States","Skousen, Joel and Combs, Rik","*"
"Washoe","RENO-VERDI 7548","President and Vice President of the United States","Trump, Donald J. and Vance, JD","*"
"Washoe","RENO-VERDI 7551","President and Vice President of the United States","Harris, Kamala D. and Walz, Tim","13"
"Washoe","RENO-VERDI 7551","President and Vice President of the United States","None Of These Candidates","1"
"Washoe","RENO-VERDI 7551","President and Vice President of the United States","Oliver, Chase and ter Maat, Michael","0"
"Washoe","RENO-VERDI 7551","President and Vice President of the United States","Skousen, Joel and Combs, Rik","0"
"Washoe","RENO-VERDI 7551","President and Vice President of the United States","Trump, Donald J. and Vance, JD","22"
"Washoe","RENO-VERDI 7553","President and Vice President of the United States","Harris, Kamala D. and Walz, Tim","7"
"Washoe","RENO-VERDI 7553","President and Vice President of the United States","None Of These Candidates","1"
"Washoe","RENO-VERDI 7553","President and Vice President of the United States","Oliver, Chase and ter Maat, Michael","0"
"Washoe","RENO-VERDI 7553","President and Vice President of the United States","Skousen, Joel and Combs, Rik","0"
"Washoe","RENO-VERDI 7553","President and Vice President of the United States","Trump, Donald J. and Vance, JD","10"
"Washoe","RENO-VERDI 7556","President and Vice President of the United States","Harris, Kamala D. and Walz, Tim","4"
"Washoe","RENO-VERDI 7556","President and Vice President of the United States","None Of These Candidates","0"
"Washoe","RENO-VERDI 7556","President and Vice President of the United States","Oliver, Chase and ter Maat, Michael","0"
"Washoe","RENO-VERDI 7556","President and Vice President of the United States","Skousen, Joel and Combs, Rik","0"
"Washoe","RENO-VERDI 7556","President and Vice President of the United States","Trump, Donald J. and Vance, JD","7"
"Washoe","RENO-VERDI 7558","President and Vice President of the United States","Harris, Kamala D. and Walz, Tim","*"
"Washoe","RENO-VERDI 7558","President and Vice President of the United States","None Of These Candidates","*"
"Washoe","RENO-VERDI 7558","President and Vice President of the United States","Oliver, Chase and ter Maat, Michael","*"
"Washoe","RENO-VERDI 7558","President and Vice President of the United States","Skousen, Joel and Combs, Rik","*"
"Washoe","RENO-VERDI 7558","President and Vice President of the United States","Trump, Donald J. and Vance, JD","*"
"Washoe","RENO-VERDI 7559","President and Vice President of the United States","Harris, Kamala D. and Walz, Tim","10"
"Washoe","RENO-VERDI 7559","President and Vice President of the United States","None Of These Candidates","1"
"Washoe","RENO-VERDI 7559","President and Vice President of the United States","Oliver, Chase and ter Maat, Michael","0"
"Washoe","RENO-VERDI 7559","President and Vice President of the United States","Skousen, Joel and Combs, Rik","0"
"Washoe","RENO-VERDI 7559","President and Vice President of the United States","Trump, Donald J. and Vance, JD","28"
"Washoe","RENO-VERDI 7560","President and Vice President of the United States","Harris, Kamala D. and Walz, Tim","0"
"Washoe","RENO-VERDI 7560","President and Vice President of the United States","None Of These Candidates","0"
"Washoe","RENO-VERDI 7560","President and Vice President of the United States","Oliver, Chase and ter Maat, Michael","0"
"Washoe","RENO-VERDI 7560","President and Vice President of the United States","Skousen, Joel and Combs, Rik","0"
"Washoe","RENO-VERDI 7560","President and Vice President of the United States","Trump, Donald J. and Vance, JD","0"
"Washoe","RENO-VERDI 7570","President and Vice President of the United States","Harris, Kamala D. and Walz, Tim","28"
"Washoe","RENO-VERDI 7570","President and Vice President of the United States","None Of These Candidates","2"
"Washoe","RENO-VERDI 7570","President and Vice President of the United States","Oliver, Chase and ter Maat, Michael","0"
"Washoe","RENO-VERDI 7570","President and Vice President of the United States","Skousen, Joel and Combs, Rik","0"
"Washoe","RENO-VERDI 7570","President and Vice President of the United States","Trump, Donald J. and Vance, JD","68"
"Washoe","RENO-VERDI 7571","President and Vice President of the United States","Harris, Kamala D. and Walz, Tim","22"
"Washoe","RENO-VERDI 7571","President and Vice President of the United States","None Of These Candidates","1"
"Washoe","RENO-VERDI 7571","President and Vice President of the United States","Oliver, Chase and ter Maat, Michael","1"
"Washoe","RENO-VERDI 7571","President and Vice President of the United States","Skousen, Joel and Combs, Rik","0"
"Washoe","RENO-VERDI 7571","President and Vice President of the United States","Trump, Donald J. and Vance, JD","51"
"Washoe","RENO-VERDI 7572","President and Vice President of the United States","Harris, Kamala D. and Walz, Tim","11"
"Washoe","RENO-VERDI 7572","President and Vice President of the United States","None Of These Candidates","0"
"Washoe","RENO-VERDI 7572","President and Vice President of the United States","Oliver, Chase and ter Maat, Michael","0"
"Washoe","RENO-VERDI 7572","President and Vice President of the United States","Skousen, Joel and Combs, Rik","0"
"Washoe","RENO-VERDI 7572","President and Vice President of the United States","Trump, Donald J. and Vance, JD","5"
"Washoe","RENO-VERDI 7574","President and Vice President of the United States","Harris, Kamala D. and Walz, Tim","0"
"Washoe","RENO-VERDI 7574","President and Vice President of the United States","None Of These Candidates","0"
"Washoe","RENO-VERDI 7574","President and Vice President of the United States","Oliver, Chase and ter Maat, Michael","0"
"Washoe","RENO-VERDI 7574","President and Vice President of the United States","Skousen, Joel and Combs, Rik","0"
"Washoe","RENO-VERDI 7574","President and Vice President of the United States","Trump, Donald J. and Vance, JD","0"
"Washoe","RENO-VERDI 7587","President and Vice President of the United States","Harris, Kamala D. and Walz, Tim","7"
"Washoe","RENO-VERDI 7587","President and Vice President of the United States","None Of These Candidates","0"
"Washoe","RENO-VERDI 7587","President and Vice President of the United States","Oliver, Chase and ter Maat, Michael","0"
"Washoe","RENO-VERDI 7587","President and Vice President of the United States","Skousen, Joel and Combs, Rik","0"
"Washoe","RENO-VERDI 7587","President and Vice President of the United States","Trump, Donald J. and Vance, JD","9"
"Washoe","RENO-VERDI 8100","President and Vice President of the United States","Harris, Kamala D. and Walz, Tim","405"
"Washoe","RENO-VERDI 8100","President and Vice President of the United States","None Of These Candidates","22"
"Washoe","RENO-VERDI 8100","President and Vice President of the United States","Oliver, Chase and ter Maat, Michael","0"
"Washoe","RENO-VERDI 8100","President and Vice President of the United States","Skousen, Joel and Combs, Rik","1"
"Washoe","RENO-VERDI 8100","President and Vice President of the United States","Trump, Donald J. and Vance, JD","367"
"Washoe","RENO-VERDI 8101","President and Vice President of the United States","Harris, Kamala D. and Walz, Tim","7"
"Washoe","RENO-VERDI 8101","President and Vice President of the United States","None Of These Candidates","0"
"Washoe","RENO-VERDI 8101","President and Vice President of the United States","Oliver, Chase and ter Maat, Michael","0"
"Washoe","RENO-VERDI 8101","President and Vice President of the United States","Skousen, Joel and Combs, Rik","0"
"Washoe","RENO-VERDI 8101","President and Vice President of the United States","Trump, Donald J. and Vance, JD","5"
"Washoe","RENO-VERDI 8102","President and Vice President of the United States","Harris, Kamala D. and Walz, Tim","15"
"Washoe","RENO-VERDI 8102","President and Vice President of the United States","None Of These Candidates","1"
"Washoe","RENO-VERDI 8102","President and Vice President of the United States","Oliver, Chase and ter Maat, Michael","0"
"Washoe","RENO-VERDI 8102","President and Vice President of the United States","Skousen, Joel and Combs, Rik","0"
"Washoe","RENO-VERDI 8102","President and Vice President of the United States","Trump, Donald J. and Vance, JD","14"
"Washoe","RENO-VERDI 8103","President and Vice President of the United States","Harris, Kamala D. and Walz, Tim","332"
"Washoe","RENO-VERDI 8103","President and Vice President of the United States","None Of These Candidates","11"
"Washoe","RENO-VERDI 8103","President and Vice President of the United States","Oliver, Chase and ter Maat, Michael","4"
"Washoe","RENO-VERDI 8103","President and Vice President of the United States","Skousen, Joel and Combs, Rik","0"
"Washoe","RENO-VERDI 8103","President and Vice President of the United States","Trump, Donald J. and Vance, JD","300"
"Washoe","RENO-VERDI 8112","President and Vice President of the United States","Harris, Kamala D. and Walz, Tim","24"
"Washoe","RENO-VERDI 8112","President and Vice President of the United States","None Of These Candidates","0"
"Washoe","RENO-VERDI 8112","President and Vice President of the United States","Oliver, Chase and ter Maat, Michael","0"
"Washoe","RENO-VERDI 8112","President and Vice President of the United States","Skousen, Joel and Combs, Rik","0"
"Washoe","RENO-VERDI 8112","President and Vice President of the United States","Trump, Donald J. and Vance, JD","14"
"Washoe","RENO-VERDI 8113","President and Vice President of the United States","Harris, Kamala D. and Walz, Tim","28"
"Washoe","RENO-VERDI 8113","President and Vice President of the United States","None Of These Candidates","2"
"Washoe","RENO-VERDI 8113","President and Vice President of the United States","Oliver, Chase and ter Maat, Michael","0"
"Washoe","RENO-VERDI 8113","President and Vice President of the United States","Skousen, Joel and Combs, Rik","2"
"Washoe","RENO-VERDI 8113","President and Vice President of the United States","Trump, Donald J. and Vance, JD","27"
"Washoe","RENO-VERDI 8114","President and Vice President of the United States","Harris, Kamala D. and Walz, Tim","12"
"Washoe","RENO-VERDI 8114","President and Vice President of the United States","None Of These Candidates","0"
"Washoe","RENO-VERDI 8114","President and Vice President of the United States","Oliver, Chase and ter Maat, Michael","0"
"Washoe","RENO-VERDI 8114","President and Vice President of the United States","Skousen, Joel and Combs, Rik","0"
"Washoe","RENO-VERDI 8114","President and Vice President of the United States","Trump, Donald J. and Vance, JD","19"
"Washoe","RENO-VERDI 8115","President and Vice President of the United States","Harris, Kamala D. and Walz, Tim","*"
"Washoe","RENO-VERDI 8115","President and Vice President of the United States","None Of These Candidates","*"
"Washoe","RENO-VERDI 8115","President and Vice President of the United States","Oliver, Chase and ter Maat, Michael","*"
"Washoe","RENO-VERDI 8115","President and Vice President of the United States","Skousen, Joel and Combs, Rik","*"
"Washoe","RENO-VERDI 8115","President and Vice President of the United States","Trump, Donald J. and Vance, JD","*"
"Washoe","RENO-VERDI 8118","President and Vice President of the United States","Harris, Kamala D. and Walz, Tim","2"
"Washoe","RENO-VERDI 8118","President and Vice President of the United States","None Of These Candidates","0"
"Washoe","RENO-VERDI 8118","President and Vice President of the United States","Oliver, Chase and ter Maat, Michael","0"
"Washoe","RENO-VERDI 8118","President and Vice President of the United States","Skousen, Joel and Combs, Rik","0"
"Washoe","RENO-VERDI 8118","President and Vice President of the United States","Trump, Donald J. and Vance, JD","9"
"Washoe","RENO-VERDI 8119","President and Vice President of the United States","Harris, Kamala D. and Walz, Tim","46"
"Washoe","RENO-VERDI 8119","President and Vice President of the United States","None Of These Candidates","4"
"Washoe","RENO-VERDI 8119","President and Vice President of the United States","Oliver, Chase and ter Maat, Michael","2"
"Washoe","RENO-VERDI 8119","President and Vice President of the United States","Skousen, Joel and Combs, Rik","0"
"Washoe","RENO-VERDI 8119","President and Vice President of the United States","Trump, Donald J. and Vance, JD","138"
"Washoe","RENO-VERDI 8122","President and Vice President of the United States","Harris, Kamala D. and Walz, Tim","13"
"Washoe","RENO-VERDI 8122","President and Vice President of the United States","None Of These Candidates","0"
"Washoe","RENO-VERDI 8122","President and Vice President of the United States","Oliver, Chase and ter Maat, Michael","0"
"Washoe","RENO-VERDI 8122","President and Vice President of the United States","Skousen, Joel and Combs, Rik","0"
"Washoe","RENO-VERDI 8122","President and Vice President of the United States","Trump, Donald J. and Vance, JD","9"
"Washoe","RENO-VERDI 8129","President and Vice President of the United States","Harris, Kamala D. and Walz, Tim","25"
"Washoe","RENO-VERDI 8129","President and Vice President of the United States","None Of These Candidates","2"
"Washoe","RENO-VERDI 8129","President and Vice President of the United States","Oliver, Chase and ter Maat, Michael","0"
"Washoe","RENO-VERDI 8129","President and Vice President of the United States","Skousen, Joel and Combs, Rik","0"
"Washoe","RENO-VERDI 8129","President and Vice President of the United States","Trump, Donald J. and Vance, JD","20"
"Washoe","RENO-VERDI 8200","President and Vice President of the United States","Harris, Kamala D. and Walz, Tim","691"
"Washoe","RENO-VERDI 8200","President and Vice President of the United States","None Of These Candidates","34"
"Washoe","RENO-VERDI 8200","President and Vice President of the United States","Oliver, Chase and ter Maat, Michael","10"
"Washoe","RENO-VERDI 8200","President and Vice President of the United States","Skousen, Joel and Combs, Rik","2"
"Washoe","RENO-VERDI 8200","President and Vice President of the United States","Trump, Donald J. and Vance, JD","963"
"Washoe","RENO-VERDI 8201","President and Vice President of the United States","Harris, Kamala D. and Walz, Tim","144"
"Washoe","RENO-VERDI 8201","President and Vice President of the United States","None Of These Candidates","12"
"Washoe","RENO-VERDI 8201","President and Vice President of the United States","Oliver, Chase and ter Maat, Michael","6"
"Washoe","RENO-VERDI 8201","President and Vice President of the United States","Skousen, Joel and Combs, Rik","0"
"Washoe","RENO-VERDI 8201","President and Vice President of the United States","Trump, Donald J. and Vance, JD","215"
"Washoe","RENO-VERDI 8203","President and Vice President of the United States","Harris, Kamala D. and Walz, Tim","678"
"Washoe","RENO-VERDI 8203","President and Vice President of the United States","None Of These Candidates","24"
"Washoe","RENO-VERDI 8203","President and Vice President of the United States","Oliver, Chase and ter Maat, Michael","9"
"Washoe","RENO-VERDI 8203","President and Vice President of the United States","Skousen, Joel and Combs, Rik","2"
"Washoe","RENO-VERDI 8203","President and Vice President of the United States","Trump, Donald J. and Vance, JD","1100"
"Washoe","RENO-VERDI 8204","President and Vice President of the United States","Harris, Kamala D. and Walz, Tim","171"
"Washoe","RENO-VERDI 8204","President and Vice President of the United States","None Of These Candidates","8"
"Washoe","RENO-VERDI 8204","President and Vice President of the United States","Oliver, Chase and ter Maat, Michael","1"
"Washoe","RENO-VERDI 8204","President and Vice President of the United States","Skousen, Joel and Combs, Rik","0"
"Washoe","RENO-VERDI 8204","President and Vice President of the United States","Trump, Donald J. and Vance, JD","321"
"Washoe","RENO-VERDI 8205","President and Vice President of the United States","Harris, Kamala D. and Walz, Tim","805"
"Washoe","RENO-VERDI 8205","President and Vice President of the United States","None Of These Candidates","36"
"Washoe","RENO-VERDI 8205","President and Vice President of the United States","Oliver, Chase and ter Maat, Michael","20"
"Washoe","RENO-VERDI 8205","President and Vice President of the United States","Skousen, Joel and Combs, Rik","1"
"Washoe","RENO-VERDI 8205","President and Vice President of the United States","Trump, Donald J. and Vance, JD","974"
"Washoe","RENO-VERDI 8206","President and Vice President of the United States","Harris, Kamala D. and Walz, Tim","31"
"Washoe","RENO-VERDI 8206","President and Vice President of the United States","None Of These Candidates","0"
"Washoe","RENO-VERDI 8206","President and Vice President of the United States","Oliver, Chase and ter Maat, Michael","0"
"Washoe","RENO-VERDI 8206","President and Vice President of the United States","Skousen, Joel and Combs, Rik","0"
"Washoe","RENO-VERDI 8206","President and Vice President of the United States","Trump, Donald J. and Vance, JD","53"
"Washoe","RENO-VERDI 8208","President and Vice President of the United States","Harris, Kamala D. and Walz, Tim","183"
"Washoe","RENO-VERDI 8208","President and Vice President of the United States","None Of These Candidates","10"
"Washoe","RENO-VERDI 8208","President and Vice President of the United States","Oliver, Chase and ter Maat, Michael","0"
"Washoe","RENO-VERDI 8208","President and Vice President of the United States","Skousen, Joel and Combs, Rik","0"
"Washoe","RENO-VERDI 8208","President and Vice President of the United States","Trump, Donald J. and Vance, JD","331"
"Washoe","RENO-VERDI 8210","President and Vice President of the United States","Harris, Kamala D. and Walz, Tim","172"
"Washoe","RENO-VERDI 8210","President and Vice President of the United States","None Of These Candidates","7"
"Washoe","RENO-VERDI 8210","President and Vice President of the United States","Oliver, Chase and ter Maat, Michael","2"
"Washoe","RENO-VERDI 8210","President and Vice President of the United States","Skousen, Joel and Combs, Rik","2"
"Washoe","RENO-VERDI 8210","President and Vice President of the United States","Trump, Donald J. and Vance, JD","357"
"Washoe","RENO-VERDI 8211","President and Vice President of the United States","Harris, Kamala D. and Walz, Tim","22"
"Washoe","RENO-VERDI 8211","President and Vice President of the United States","None Of These Candidates","1"
"Washoe","RENO-VERDI 8211","President and Vice President of the United States","Oliver, Chase and ter Maat, Michael","1"
"Washoe","RENO-VERDI 8211","President and Vice President of the United States","Skousen, Joel and Combs, Rik","0"
"Washoe","RENO-VERDI 8211","President and Vice President of the United States","Trump, Donald J. and Vance, JD","30"
"Washoe","RENO-VERDI 8216","President and Vice President of the United States","Harris, Kamala D. and Walz, Tim","17"
"Washoe","RENO-VERDI 8216","President and Vice President of the United States","None Of These Candidates","1"
"Washoe","RENO-VERDI 8216","President and Vice President of the United States","Oliver, Chase and ter Maat, Michael","0"
"Washoe","RENO-VERDI 8216","President and Vice President of the United States","Skousen, Joel and Combs, Rik","0"
"Washoe","RENO-VERDI 8216","President and Vice President of the United States","Trump, Donald J. and Vance, JD","60"
"Washoe","RENO-VERDI 8218","President and Vice President of the United States","Harris, Kamala D. and Walz, Tim","*"
"Washoe","RENO-VERDI 8218","President and Vice President of the United States","None Of These Candidates","*"
"Washoe","RENO-VERDI 8218","President and Vice President of the United States","Oliver, Chase and ter Maat, Michael","*"
"Washoe","RENO-VERDI 8218","President and Vice President of the United States","Skousen, Joel and Combs, Rik","*"
"Washoe","RENO-VERDI 8218","President and Vice President of the United States","Trump, Donald J. and Vance, JD","*"
"Washoe","RENO-VERDI 8219","President and Vice President of the United States","Harris, Kamala D. and Walz, Tim","122"
"Washoe","RENO-VERDI 8219","President and Vice President of the United States","None Of These Candidates","4"
"Washoe","RENO-VERDI 8219","President and Vice President of the United States","Oliver, Chase and ter Maat, Michael","1"
"Washoe","RENO-VERDI 8219","President and Vice President of the United States","Skousen, Joel and Combs, Rik","0"
"Washoe","RENO-VERDI 8219","President and Vice President of the United States","Trump, Donald J. and Vance, JD","297"
"Washoe","RENO-VERDI 8220","President and Vice President of the United States","Harris, Kamala D. and Walz, Tim","286"
"Washoe","RENO-VERDI 8220","President and Vice President of the United States","None Of These Candidates","4"
"Washoe","RENO-VERDI 8220","President and Vice President of the United States","Oliver, Chase and ter Maat, Michael","4"
"Washoe","RENO-VERDI 8220","President and Vice President of the United States","Skousen, Joel and Combs, Rik","2"
"Washoe","RENO-VERDI 8220","President and Vice President of the United States","Trump, Donald J. and Vance, JD","459"
"Washoe","RENO-VERDI 8221","President and Vice President of the United States","Harris, Kamala D. and Walz, Tim","245"
"Washoe","RENO-VERDI 8221","President and Vice President of the United States","None Of These Candidates","5"
"Washoe","RENO-VERDI 8221","President and Vice President of the United States","Oliver, Chase and ter Maat, Michael","1"
"Washoe","RENO-VERDI 8221","President and Vice President of the United States","Skousen, Joel and Combs, Rik","1"
"Washoe","RENO-VERDI 8221","President and Vice President of the United States","Trump, Donald J. and Vance, JD","406"
"Washoe","RENO-VERDI 8222","President and Vice President of the United States","Harris, Kamala D. and Walz, Tim","306"
"Washoe","RENO-VERDI 8222","President and Vice President of the United States","None Of These Candidates","11"
"Washoe","RENO-VERDI 8222","President and Vice President of the United States","Oliver, Chase and ter Maat, Michael","3"
"Washoe","RENO-VERDI 8222","President and Vice President of the United States","Skousen, Joel and Combs, Rik","0"
"Washoe","RENO-VERDI 8222","President and Vice President of the United States","Trump, Donald J. and Vance, JD","627"
"Washoe","RENO-VERDI 8226","President and Vice President of the United States","Harris, Kamala D. and Walz, Tim","*"
"Washoe","RENO-VERDI 8226","President and Vice President of the United States","None Of These Candidates","*"
"Washoe","RENO-VERDI 8226","President and Vice President of the United States","Oliver, Chase and ter Maat, Michael","*"
"Washoe","RENO-VERDI 8226","President and Vice President of the United States","Skousen, Joel and Combs, Rik","*"
"Washoe","RENO-VERDI 8226","President and Vice President of the United States","Trump, Donald J. and Vance, JD","*"
"Washoe","RENO-VERDI 8233","President and Vice President of the United States","Harris, Kamala D. and Walz, Tim","353"
"Washoe","RENO-VERDI 8233","President and Vice President of the United States","None Of These Candidates","10"
"Washoe","RENO-VERDI 8233","President and Vice President of the United States","Oliver, Chase and ter Maat, Michael","6"
"Washoe","RENO-VERDI 8233","President and Vice President of the United States","Skousen, Joel and Combs, Rik","1"
"Washoe","RENO-VERDI 8233","President and Vice President of the United States","Trump, Donald J. and Vance, JD","373"
"Washoe","RENO-VERDI 8234","President and Vice President of the United States","Harris, Kamala D. and Walz, Tim","39"
"Washoe","RENO-VERDI 8234","President and Vice President of the United States","None Of These Candidates","0"
"Washoe","RENO-VERDI 8234","President and Vice President of the United States","Oliver, Chase and ter Maat, Michael","0"
"Washoe","RENO-VERDI 8234","President and Vice President of the United States","Skousen, Joel and Combs, Rik","1"
"Washoe","RENO-VERDI 8234","President and Vice President of the United States","Trump, Donald J. and Vance, JD","88"
"Washoe","RENO-VERDI 8235","President and Vice President of the United States","Harris, Kamala D. and Walz, Tim","163"
"Washoe","RENO-VERDI 8235","President and Vice President of the United States","None Of These Candidates","4"
"Washoe","RENO-VERDI 8235","President and Vice President of the United States","Oliver, Chase and ter Maat, Michael","3"
"Washoe","RENO-VERDI 8235","President and Vice President of the United States","Skousen, Joel and Combs, Rik","3"
"Washoe","RENO-VERDI 8235","President and Vice President of the United States","Trump, Donald J. and Vance, JD","226"
"Washoe","RENO-VERDI 8236","President and Vice President of the United States","Harris, Kamala D. and Walz, Tim","501"
"Washoe","RENO-VERDI 8236","President and Vice President of the United States","None Of These Candidates","26"
"Washoe","RENO-VERDI 8236","President and Vice President of the United States","Oliver, Chase and ter Maat, Michael","11"
"Washoe","RENO-VERDI 8236","President and Vice President of the United States","Skousen, Joel and Combs, Rik","3"
"Washoe","RENO-VERDI 8236","President and Vice President of the United States","Trump, Donald J. and Vance, JD","730"
"Washoe","RENO-VERDI 8237","President and Vice President of the United States","Harris, Kamala D. and Walz, Tim","459"
"Washoe","RENO-VERDI 8237","President and Vice President of the United States","None Of These Candidates","10"
"Washoe","RENO-VERDI 8237","President and Vice President of the United States","Oliver, Chase and ter Maat, Michael","6"
"Washoe","RENO-VERDI 8237","President and Vice President of the United States","Skousen, Joel and Combs, Rik","1"
"Washoe","RENO-VERDI 8237","President and Vice President of the United States","Trump, Donald J. and Vance, JD","599"
"Washoe","RENO-VERDI 8238","President and Vice President of the United States","Harris, Kamala D. and Walz, Tim","390"
"Washoe","RENO-VERDI 8238","President and Vice President of the United States","None Of These Candidates","18"
"Washoe","RENO-VERDI 8238","President and Vice President of the United States","Oliver, Chase and ter Maat, Michael","4"
"Washoe","RENO-VERDI 8238","President and Vice President of the United States","Skousen, Joel and Combs, Rik","0"
"Washoe","RENO-VERDI 8238","President and Vice President of the United States","Trump, Donald J. and Vance, JD","765"
"Washoe","RENO-VERDI 8239","President and Vice President of the United States","Harris, Kamala D. and Walz, Tim","0"
"Washoe","RENO-VERDI 8239","President and Vice President of the United States","None Of These Candidates","0"
"Washoe","RENO-VERDI 8239","President and Vice President of the United States","Oliver, Chase and ter Maat, Michael","0"
"Washoe","RENO-VERDI 8239","President and Vice President of the United States","Skousen, Joel and Combs, Rik","0"
"Washoe","RENO-VERDI 8239","President and Vice President of the United States","Trump, Donald J. and Vance, JD","0"
"Washoe","RENO-VERDI 8240","President and Vice President of the United States","Harris, Kamala D. and Walz, Tim","721"
"Washoe","RENO-VERDI 8240","President and Vice President of the United States","None Of These Candidates","31"
"Washoe","RENO-VERDI 8240","President and Vice President of the United States","Oliver, Chase and ter Maat, Michael","11"
"Washoe","RENO-VERDI 8240","President and Vice President of the United States","Skousen, Joel and Combs, Rik","1"
"Washoe","RENO-VERDI 8240","President and Vice President of the United States","Trump, Donald J. and Vance, JD","907"
"Washoe","RENO-VERDI 8245","President and Vice President of the United States","Harris, Kamala D. and Walz, Tim","323"
"Washoe","RENO-VERDI 8245","President and Vice President of the United States","None Of These Candidates","16"
"Washoe","RENO-VERDI 8245","President and Vice President of the United States","Oliver, Chase and ter Maat, Michael","5"
"Washoe","RENO-VERDI 8245","President and Vice President of the United States","Skousen, Joel and Combs, Rik","5"
"Washoe","RENO-VERDI 8245","President and Vice President of the United States","Trump, Donald J. and Vance, JD","451"
"Washoe","RENO-VERDI 8254","President and Vice President of the United States","Harris, Kamala D. and Walz, Tim","506"
"Washoe","RENO-VERDI 8254","President and Vice President of the United States","None Of These Candidates","21"
"Washoe","RENO-VERDI 8254","President and Vice President of the United States","Oliver, Chase and ter Maat, Michael","7"
"Washoe","RENO-VERDI 8254","President and Vice President of the United States","Skousen, Joel and Combs, Rik","4"
"Washoe","RENO-VERDI 8254","President and Vice President of the United States","Trump, Donald J. and Vance, JD","624"
"Washoe","RENO-VERDI 8256","President and Vice President of the United States","Harris, Kamala D. and Walz, Tim","307"
"Washoe","RENO-VERDI 8256","President and Vice President of the United States","None Of These Candidates","16"
"Washoe","RENO-VERDI 8256","President and Vice President of the United States","Oliver, Chase and ter Maat, Michael","2"
"Washoe","RENO-VERDI 8256","President and Vice President of the United States","Skousen, Joel and Combs, Rik","3"
"Washoe","RENO-VERDI 8256","President and Vice President of the United States","Trump, Donald J. and Vance, JD","413"
"Washoe","RENO-VERDI 8257","President and Vice President of the United States","Harris, Kamala D. and Walz, Tim","0"
"Washoe","RENO-VERDI 8257","President and Vice President of the United States","None Of These Candidates","0"
"Washoe","RENO-VERDI 8257","President and Vice President of the United States","Oliver, Chase and ter Maat, Michael","0"
"Washoe","RENO-VERDI 8257","President and Vice President of the United States","Skousen, Joel and Combs, Rik","0"
"Washoe","RENO-VERDI 8257","President and Vice President of the United States","Trump, Donald J. and Vance, JD","0"
"Washoe","RENO-VERDI 8258","President and Vice President of the United States","Harris, Kamala D. and Walz, Tim","3"
"Washoe","RENO-VERDI 8258","President and Vice President of the United States","None Of These Candidates","0"
"Washoe","RENO-VERDI 8258","President and Vice President of the United States","Oliver, Chase and ter Maat, Michael","0"
"Washoe","RENO-VERDI 8258","President and Vice President of the United States","Skousen, Joel and Combs, Rik","0"
"Washoe","RENO-VERDI 8258","President and Vice President of the United States","Trump, Donald J. and Vance, JD","8"
"Washoe","RENO-VERDI 8259","President and Vice President of the United States","Harris, Kamala D. and Walz, Tim","0"
"Washoe","RENO-VERDI 8259","President and Vice President of the United States","None Of These Candidates","0"
"Washoe","RENO-VERDI 8259","President and Vice President of the United States","Oliver, Chase and ter Maat, Michael","0"
"Washoe","RENO-VERDI 8259","President and Vice President of the United States","Skousen, Joel and Combs, Rik","0"
"Washoe","RENO-VERDI 8259","President and Vice President of the United States","Trump, Donald J. and Vance, JD","0"
"Washoe","RENO-VERDI 8260","President and Vice President of the United States","Harris, Kamala D. and Walz, Tim","*"
"Washoe","RENO-VERDI 8260","President and Vice President of the United States","None Of These Candidates","*"
"Washoe","RENO-VERDI 8260","President and Vice President of the United States","Oliver, Chase and ter Maat, Michael","*"
"Washoe","RENO-VERDI 8260","President and Vice President of the United States","Skousen, Joel and Combs, Rik","*"
"Washoe","RENO-VERDI 8260","President and Vice President of the United States","Trump, Donald J. and Vance, JD","*"
"Washoe","RENO-VERDI 8264","President and Vice President of the United States","Harris, Kamala D. and Walz, Tim","111"
"Washoe","RENO-VERDI 8264","President and Vice President of the United States","None Of These Candidates","5"
"Washoe","RENO-VERDI 8264","President and Vice President of the United States","Oliver, Chase and ter Maat, Michael","2"
"Washoe","RENO-VERDI 8264","President and Vice President of the United States","Skousen, Joel and Combs, Rik","2"
"Washoe","RENO-VERDI 8264","President and Vice President of the United States","Trump, Donald J. and Vance, JD","164"
"Washoe","RENO-VERDI 8265","President and Vice President of the United States","Harris, Kamala D. and Walz, Tim","*"
"Washoe","RENO-VERDI 8265","President and Vice President of the United States","None Of These Candidates","*"
"Washoe","RENO-VERDI 8265","President and Vice President of the United States","Oliver, Chase and ter Maat, Michael","*"
"Washoe","RENO-VERDI 8265","President and Vice President of the United States","Skousen, Joel and Combs, Rik","*"
"Washoe","RENO-VERDI 8265","President and Vice President of the United States","Trump, Donald J. and Vance, JD","*"
"Washoe","RENO-VERDI 8271","President and Vice President of the United States","Harris, Kamala D. and Walz, Tim","393"
"Washoe","RENO-VERDI 8271","President and Vice President of the United States","None Of These Candidates","28"
"Washoe","RENO-VERDI 8271","President and Vice President of the United States","Oliver, Chase and ter Maat, Michael","3"
"Washoe","RENO-VERDI 8271","President and Vice President of the United States","Skousen, Joel and Combs, Rik","2"
"Washoe","RENO-VERDI 8271","President and Vice President of the United States","Trump, Donald J. and Vance, JD","492"
"Washoe","RENO-VERDI 8273","President and Vice President of the United States","Harris, Kamala D. and Walz, Tim","84"
"Washoe","RENO-VERDI 8273","President and Vice President of the United States","None Of These Candidates","7"
"Washoe","RENO-VERDI 8273","President and Vice President of the United States","Oliver, Chase and ter Maat, Michael","3"
"Washoe","RENO-VERDI 8273","President and Vice President of the United States","Skousen, Joel and Combs, Rik","0"
"Washoe","RENO-VERDI 8273","President and Vice President of the United States","Trump, Donald J. and Vance, JD","217"
"Washoe","RENO-VERDI 8275","President and Vice President of the United States","Harris, Kamala D. and Walz, Tim","0"
"Washoe","RENO-VERDI 8275","President and Vice President of the United States","None Of These Candidates","0"
"Washoe","RENO-VERDI 8275","President and Vice President of the United States","Oliver, Chase and ter Maat, Michael","0"
"Washoe","RENO-VERDI 8275","President and Vice President of the United States","Skousen, Joel and Combs, Rik","0"
"Washoe","RENO-VERDI 8275","President and Vice President of the United States","Trump, Donald J. and Vance, JD","0"
"Washoe","RENO-VERDI 8276","President and Vice President of the United States","Harris, Kamala D. and Walz, Tim","0"
"Washoe","RENO-VERDI 8276","President and Vice President of the United States","None Of These Candidates","0"
"Washoe","RENO-VERDI 8276","President and Vice President of the United States","Oliver, Chase and ter Maat, Michael","0"
"Washoe","RENO-VERDI 8276","President and Vice President of the United States","Skousen, Joel and Combs, Rik","0"
"Washoe","RENO-VERDI 8276","President and Vice President of the United States","Trump, Donald J. and Vance, JD","0"
"Washoe","RENO-VERDI 8290","President and Vice President of the United States","Harris, Kamala D. and Walz, Tim","*"
"Washoe","RENO-VERDI 8290","President and Vice President of the United States","None Of These Candidates","*"
"Washoe","RENO-VERDI 8290","President and Vice President of the United States","Oliver, Chase and ter Maat, Michael","*"
"Washoe","RENO-VERDI 8290","President and Vice President of the United States","Skousen, Joel and Combs, Rik","*"
"Washoe","RENO-VERDI 8290","President and Vice President of the United States","Trump, Donald J. and Vance, JD","*"
"Washoe","RENO-VERDI 8291","President and Vice President of the United States","Harris, Kamala D. and Walz, Tim","0"
"Washoe","RENO-VERDI 8291","President and Vice President of the United States","None Of These Candidates","0"
"Washoe","RENO-VERDI 8291","President and Vice President of the United States","Oliver, Chase and ter Maat, Michael","0"
"Washoe","RENO-VERDI 8291","President and Vice President of the United States","Skousen, Joel and Combs, Rik","0"
"Washoe","RENO-VERDI 8291","President and Vice President of the United States","Trump, Donald J. and Vance, JD","0"
"Washoe","RENO-VERDI 8292","President and Vice President of the United States","Harris, Kamala D. and Walz, Tim","0"
"Washoe","RENO-VERDI 8292","President and Vice President of the United States","None Of These Candidates","0"
"Washoe","RENO-VERDI 8292","President and Vice President of the United States","Oliver, Chase and ter Maat, Michael","0"
"Washoe","RENO-VERDI 8292","President and Vice President of the United States","Skousen, Joel and Combs, Rik","0"
"Washoe","RENO-VERDI 8292","President and Vice President of the United States","Trump, Donald J. and Vance, JD","0"
"Washoe","RENO-VERDI 8294","President and Vice President of the United States","Harris, Kamala D. and Walz, Tim","*"
"Washoe","RENO-VERDI 8294","President and Vice President of the United States","None Of These Candidates","*"
"Washoe","RENO-VERDI 8294","President and Vice President of the United States","Oliver, Chase and ter Maat, Michael","*"
"Washoe","RENO-VERDI 8294","President and Vice President of the United States","Skousen, Joel and Combs, Rik","*"
"Washoe","RENO-VERDI 8294","President and Vice President of the United States","Trump, Donald J. and Vance, JD","*"
"Washoe","RENO-VERDI 8297","President and Vice President of the United States","Harris, Kamala D. and Walz, Tim","114"
"Washoe","RENO-VERDI 8297","President and Vice President of the United States","None Of These Candidates","6"
"Washoe","RENO-VERDI 8297","President and Vice President of the United States","Oliver, Chase and ter Maat, Michael","2"
"Washoe","RENO-VERDI 8297","President and Vice President of the United States","Skousen, Joel and Combs, Rik","0"
"Washoe","RENO-VERDI 8297","President and Vice President of the United States","Trump, Donald J. and Vance, JD","231"
"Washoe","RENO-VERDI 8400","President and Vice President of the United States","Harris, Kamala D. and Walz, Tim","0"
"Washoe","RENO-VERDI 8400","President and Vice President of the United States","None Of These Candidates","0"
"Washoe","RENO-VERDI 8400","President and Vice President of the United States","Oliver, Chase and ter Maat, Michael","0"
"Washoe","RENO-VERDI 8400","President and Vice President of the United States","Skousen, Joel and Combs, Rik","0"
"Washoe","RENO-VERDI 8400","President and Vice President of the United States","Trump, Donald J. and Vance, JD","0"
"Washoe","RENO-VERDI 8401","President and Vice President of the United States","Harris, Kamala D. and Walz, Tim","905"
"Washoe","RENO-VERDI 8401","President and Vice President of the United States","None Of These Candidates","31"
"Washoe","RENO-VERDI 8401","President and Vice President of the United States","Oliver, Chase and ter Maat, Michael","3"
"Washoe","RENO-VERDI 8401","President and Vice President of the United States","Skousen, Joel and Combs, Rik","4"
"Washoe","RENO-VERDI 8401","President and Vice President of the United States","Trump, Donald J. and Vance, JD","1141"
"Washoe","RENO-VERDI 8402","President and Vice President of the United States","Harris, Kamala D. and Walz, Tim","*"
"Washoe","RENO-VERDI 8402","President and Vice President of the United States","None Of These Candidates","*"
"Washoe","RENO-VERDI 8402","President and Vice President of the United States","Oliver, Chase and ter Maat, Michael","*"
"Washoe","RENO-VERDI 8402","President and Vice President of the United States","Skousen, Joel and Combs, Rik","*"
"Washoe","RENO-VERDI 8402","President and Vice President of the United States","Trump, Donald J. and Vance, JD","*"
"Washoe","RENO-VERDI 9100","President and Vice President of the United States","Harris, Kamala D. and Walz, Tim","0"
"Washoe","RENO-VERDI 9100","President and Vice President of the United States","None Of These Candidates","0"
"Washoe","RENO-VERDI 9100","President and Vice President of the United States","Oliver, Chase and ter Maat, Michael","0"
"Washoe","RENO-VERDI 9100","President and Vice President of the United States","Skousen, Joel and Combs, Rik","0"
"Washoe","RENO-VERDI 9100","President and Vice President of the United States","Trump, Donald J. and Vance, JD","0"
"Washoe","RENO-VERDI 9103","President and Vice President of the United States","Harris, Kamala D. and Walz, Tim","8"
"Washoe","RENO-VERDI 9103","President and Vice President of the United States","None Of These Candidates","0"
"Washoe","RENO-VERDI 9103","President and Vice President of the United States","Oliver, Chase and ter Maat, Michael","0"
"Washoe","RENO-VERDI 9103","President and Vice President of the United States","Skousen, Joel and Combs, Rik","0"
"Washoe","RENO-VERDI 9103","President and Vice President of the United States","Trump, Donald J. and Vance, JD","16"
"Washoe","RENO-VERDI 9104","President and Vice President of the United States","Harris, Kamala D. and Walz, Tim","0"
"Washoe","RENO-VERDI 9104","President and Vice President of the United States","None Of These Candidates","0"
"Washoe","RENO-VERDI 9104","President and Vice President of the United States","Oliver, Chase and ter Maat, Michael","0"
"Washoe","RENO-VERDI 9104","President and Vice President of the United States","Skousen, Joel and Combs, Rik","0"
"Washoe","RENO-VERDI 9104","President and Vice President of the United States","Trump, Donald J. and Vance, JD","0"
"Washoe","RENO-VERDI 9105","President and Vice President of the United States","Harris, Kamala D. and Walz, Tim","0"
"Washoe","RENO-VERDI 9105","President and Vice President of the United States","None Of These Candidates","0"
"Washoe","RENO-VERDI 9105","President and Vice President of the United States","Oliver, Chase and ter Maat, Michael","0"
"Washoe","RENO-VERDI 9105","President and Vice President of the United States","Skousen, Joel and Combs, Rik","0"
"Washoe","RENO-VERDI 9105","President and Vice President of the United States","Trump, Donald J. and Vance, JD","0"
"Washoe","RENO-VERDI 9107","President and Vice President of the United States","Harris, Kamala D. and Walz, Tim","0"
"Washoe","RENO-VERDI 9107","President and Vice President of the United States","None Of These Candidates","0"
"Washoe","RENO-VERDI 9107","President and Vice President of the United States","Oliver, Chase and ter Maat, Michael","0"
"Washoe","RENO-VERDI 9107","President and Vice President of the United States","Skousen, Joel and Combs, Rik","0"
"Washoe","RENO-VERDI 9107","President and Vice President of the United States","Trump, Donald J. and Vance, JD","0"
"Washoe","RENO-VERDI 9109","President and Vice President of the United States","Harris, Kamala D. and Walz, Tim","0"
"Washoe","RENO-VERDI 9109","President and Vice President of the United States","None Of These Candidates","0"
"Washoe","RENO-VERDI 9109","President and Vice President of the United States","Oliver, Chase and ter Maat, Michael","0"
"Washoe","RENO-VERDI 9109","President and Vice President of the United States","Skousen, Joel and Combs, Rik","0"
"Washoe","RENO-VERDI 9109","President and Vice President of the United States","Trump, Donald J. and Vance, JD","0"
"Washoe","RENO-VERDI 9110","President and Vice President of the United States","Harris, Kamala D. and Walz, Tim","0"
"Washoe","RENO-VERDI 9110","President and Vice President of the United States","None Of These Candidates","0"
"Washoe","RENO-VERDI 9110","President and Vice President of the United States","Oliver, Chase and ter Maat, Michael","0"
"Washoe","RENO-VERDI 9110","President and Vice President of the United States","Skousen, Joel and Combs, Rik","0"
"Washoe","RENO-VERDI 9110","President and Vice President of the United States","Trump, Donald J. and Vance, JD","0"
"Washoe","RENO-VERDI 9113","President and Vice President of the United States","Harris, Kamala D. and Walz, Tim","0"
"Washoe","RENO-VERDI 9113","President and Vice President of the United States","None Of These Candidates","0"
"Washoe","RENO-VERDI 9113","President and Vice President of the United States","Oliver, Chase and ter Maat, Michael","0"
"Washoe","RENO-VERDI 9113","President and Vice President of the United States","Skousen, Joel and Combs, Rik","0"
"Washoe","RENO-VERDI 9113","President and Vice President of the United States","Trump, Donald J. and Vance, JD","0"
"Washoe","RENO-VERDI 9115","President and Vice President of the United States","Harris, Kamala D. and Walz, Tim","0"
"Washoe","RENO-VERDI 9115","President and Vice President of the United States","None Of These Candidates","0"
"Washoe","RENO-VERDI 9115","President and Vice President of the United States","Oliver, Chase and ter Maat, Michael","0"
"Washoe","RENO-VERDI 9115","President and Vice President of the United States","Skousen, Joel and Combs, Rik","0"
"Washoe","RENO-VERDI 9115","President and Vice President of the United States","Trump, Donald J. and Vance, JD","0"
"Washoe","RENO-VERDI 9119","President and Vice President of the United States","Harris, Kamala D. and Walz, Tim","0"
"Washoe","RENO-VERDI 9119","President and Vice President of the United States","None Of These Candidates","0"
"Washoe","RENO-VERDI 9119","President and Vice President of the United States","Oliver, Chase and ter Maat, Michael","0"
"Washoe","RENO-VERDI 9119","President and Vice President of the United States","Skousen, Joel and Combs, Rik","0"
"Washoe","RENO-VERDI 9119","President and Vice President of the United States","Trump, Donald J. and Vance, JD","0"
"Washoe","RENO-VERDI 9120","President and Vice President of the United States","Harris, Kamala D. and Walz, Tim","0"
"Washoe","RENO-VERDI 9120","President and Vice President of the United States","None Of These Candidates","0"
"Washoe","RENO-VERDI 9120","President and Vice President of the United States","Oliver, Chase and ter Maat, Michael","0"
"Washoe","RENO-VERDI 9120","President and Vice President of the United States","Skousen, Joel and Combs, Rik","0"
"Washoe","RENO-VERDI 9120","President and Vice President of the United States","Trump, Donald J. and Vance, JD","0"
"Washoe","RENO-VERDI 9122","President and Vice President of the United States","Harris, Kamala D. and Walz, Tim","0"
"Washoe","RENO-VERDI 9122","President and Vice President of the United States","None Of These Candidates","0"
"Washoe","RENO-VERDI 9122","President and Vice President of the United States","Oliver, Chase and ter Maat, Michael","0"
"Washoe","RENO-VERDI 9122","President and Vice President of the United States","Skousen, Joel and Combs, Rik","0"
"Washoe","RENO-VERDI 9122","President and Vice President of the United States","Trump, Donald J. and Vance, JD","0"
"Washoe","RENO-VERDI 9123","President and Vice President of the United States","Harris, Kamala D. and Walz, Tim","0"
"Washoe","RENO-VERDI 9123","President and Vice President of the United States","None Of These Candidates","0"
"Washoe","RENO-VERDI 9123","President and Vice President of the United States","Oliver, Chase and ter Maat, Michael","0"
"Washoe","RENO-VERDI 9123","President and Vice President of the United States","Skousen, Joel and Combs, Rik","0"
"Washoe","RENO-VERDI 9123","President and Vice President of the United States","Trump, Donald J. and Vance, JD","0"
"Washoe","RENO-VERDI 9124","President and Vice President of the United States","Harris, Kamala D. and Walz, Tim","0"
"Washoe","RENO-VERDI 9124","President and Vice President of the United States","None Of These Candidates","0"
"Washoe","RENO-VERDI 9124","President and Vice President of the United States","Oliver, Chase and ter Maat, Michael","0"
"Washoe","RENO-VERDI 9124","President and Vice President of the United States","Skousen, Joel and Combs, Rik","0"
"Washoe","RENO-VERDI 9124","President and Vice President of the United States","Trump, Donald J. and Vance, JD","0"
"Washoe","RENO-VERDI 9125","President and Vice President of the United States","Harris, Kamala D. and Walz, Tim","0"
"Washoe","RENO-VERDI 9125","President and Vice President of the United States","None Of These Candidates","0"
"Washoe","RENO-VERDI 9125","President and Vice President of the United States","Oliver, Chase and ter Maat, Michael","0"
"Washoe","RENO-VERDI 9125","President and Vice President of the United States","Skousen, Joel and Combs, Rik","0"
"Washoe","RENO-VERDI 9125","President and Vice President of the United States","Trump, Donald J. and Vance, JD","0"
"Washoe","RENO-VERDI 9126","President and Vice President of the United States","Harris, Kamala D. and Walz, Tim","0"
"Washoe","RENO-VERDI 9126","President and Vice President of the United States","None Of These Candidates","0"
"Washoe","RENO-VERDI 9126","President and Vice President of the United States","Oliver, Chase and ter Maat, Michael","0"
"Washoe","RENO-VERDI 9126","President and Vice President of the United States","Skousen, Joel and Combs, Rik","0"
"Washoe","RENO-VERDI 9126","President and Vice President of the United States","Trump, Donald J. and Vance, JD","0"
"Washoe","RENO-VERDI 9127","President and Vice President of the United States","Harris, Kamala D. and Walz, Tim","0"
"Washoe","RENO-VERDI 9127","President and Vice President of the United States","None Of These Candidates","0"
"Washoe","RENO-VERDI 9127","President and Vice President of the United States","Oliver, Chase and ter Maat, Michael","0"
"Washoe","RENO-VERDI 9127","President and Vice President of the United States","Skousen, Joel and Combs, Rik","0"
"Washoe","RENO-VERDI 9127","President and Vice President of the United States","Trump, Donald J. and Vance, JD","0"
"Washoe","RENO-VERDI 9128","President and Vice President of the United States","Harris, Kamala D. and Walz, Tim","0"
"Washoe","RENO-VERDI 9128","President and Vice President of the United States","None Of These Candidates","0"
"Washoe","RENO-VERDI 9128","President and Vice President of the United States","Oliver, Chase and ter Maat, Michael","0"
"Washoe","RENO-VERDI 9128","President and Vice President of the United States","Skousen, Joel and Combs, Rik","0"
"Washoe","RENO-VERDI 9128","President and Vice President of the United States","Trump, Donald J. and Vance, JD","0"
"Washoe","RENO-VERDI 9130","President and Vice President of the United States","Harris, Kamala D. and Walz, Tim","0"
"Washoe","RENO-VERDI 9130","President and Vice President of the United States","None Of These Candidates","0"
"Washoe","RENO-VERDI 9130","President and Vice President of the United States","Oliver, Chase and ter Maat, Michael","0"
"Washoe","RENO-VERDI 9130","President and Vice President of the United States","Skousen, Joel and Combs, Rik","0"
"Washoe","RENO-VERDI 9130","President and Vice President of the United States","Trump, Donald J. and Vance, JD","0"
"Washoe","RENO-VERDI 9131","President and Vice President of the United States","Harris, Kamala D. and Walz, Tim","0"
"Washoe","RENO-VERDI 9131","President and Vice President of the United States","None Of These Candidates","0"
"Washoe","RENO-VERDI 9131","President and Vice President of the United States","Oliver, Chase and ter Maat, Michael","0"
"Washoe","RENO-VERDI 9131","President and Vice President of the United States","Skousen, Joel and Combs, Rik","0"
"Washoe","RENO-VERDI 9131","President and Vice President of the United States","Trump, Donald J. and Vance, JD","0"
"Washoe","RENO-VERDI 9202","President and Vice President of the United States","Harris, Kamala D. and Walz, Tim","0"
"Washoe","RENO-VERDI 9202","President and Vice President of the United States","None Of These Candidates","0"
"Washoe","RENO-VERDI 9202","President and Vice President of the United States","Oliver, Chase and ter Maat, Michael","0"
"Washoe","RENO-VERDI 9202","President and Vice President of the United States","Skousen, Joel and Combs, Rik","0"
"Washoe","RENO-VERDI 9202","President and Vice President of the United States","Trump, Donald J. and Vance, JD","0"
"Washoe","RENO-VERDI 9207","President and Vice President of the United States","Harris, Kamala D. and Walz, Tim","*"
"Washoe","RENO-VERDI 9207","President and Vice President of the United States","None Of These Candidates","*"
"Washoe","RENO-VERDI 9207","President and Vice President of the United States","Oliver, Chase and ter Maat, Michael","*"
"Washoe","RENO-VERDI 9207","President and Vice President of the United States","Skousen, Joel and Combs, Rik","*"
"Washoe","RENO-VERDI 9207","President and Vice President of the United States","Trump, Donald J. and Vance, JD","*"
"Washoe","RENO-VERDI 9208","President and Vice President of the United States","Harris, Kamala D. and Walz, Tim","0"
"Washoe","RENO-VERDI 9208","President and Vice President of the United States","None Of These Candidates","0"
"Washoe","RENO-VERDI 9208","President and Vice President of the United States","Oliver, Chase and ter Maat, Michael","0"
"Washoe","RENO-VERDI 9208","President and Vice President of the United States","Skousen, Joel and Combs, Rik","0"
"Washoe","RENO-VERDI 9208","President and Vice President of the United States","Trump, Donald J. and Vance, JD","0"
"Washoe","RENO-VERDI 9211","President and Vice President of the United States","Harris, Kamala D. and Walz, Tim","0"
"Washoe","RENO-VERDI 9211","President and Vice President of the United States","None Of These Candidates","0"
"Washoe","RENO-VERDI 9211","President and Vice President of the United States","Oliver, Chase and ter Maat, Michael","0"
"Washoe","RENO-VERDI 9211","President and Vice President of the United States","Skousen, Joel and Combs, Rik","0"
"Washoe","RENO-VERDI 9211","President and Vice President of the United States","Trump, Donald J. and Vance, JD","0"
"Washoe","RENO-VERDI 9243","President and Vice President of the United States","Harris, Kamala D. and Walz, Tim","0"
"Washoe","RENO-VERDI 9243","President and Vice President of the United States","None Of These Candidates","0"
"Washoe","RENO-VERDI 9243","President and Vice President of the United States","Oliver, Chase and ter Maat, Michael","0"
"Washoe","RENO-VERDI 9243","President and Vice President of the United States","Skousen, Joel and Combs, Rik","0"
"Washoe","RENO-VERDI 9243","President and Vice President of the United States","Trump, Donald J. and Vance, JD","0"
"Washoe","RENO-VERDI 9244","President and Vice President of the United States","Harris, Kamala D. and Walz, Tim","0"
"Washoe","RENO-VERDI 9244","President and Vice President of the United States","None Of These Candidates","0"
"Washoe","RENO-VERDI 9244","President and Vice President of the United States","Oliver, Chase and ter Maat, Michael","0"
"Washoe","RENO-VERDI 9244","President and Vice President of the United States","Skousen, Joel and Combs, Rik","0"
"Washoe","RENO-VERDI 9244","President and Vice President of the United States","Trump, Donald J. and Vance, JD","0"
"Washoe","RENO-VERDI 9249","President and Vice President of the United States","Harris, Kamala D. and Walz, Tim","0"
"Washoe","RENO-VERDI 9249","President and Vice President of the United States","None Of These Candidates","0"
"Washoe","RENO-VERDI 9249","President and Vice President of the United States","Oliver, Chase and ter Maat, Michael","0"
"Washoe","RENO-VERDI 9249","President and Vice President of the United States","Skousen, Joel and Combs, Rik","0"
"Washoe","RENO-VERDI 9249","President and Vice President of the United States","Trump, Donald J. and Vance, JD","0"
"Washoe","RENO-VERDI 9253","President and Vice President of the United States","Harris, Kamala D. and Walz, Tim","0"
"Washoe","RENO-VERDI 9253","President and Vice President of the United States","None Of These Candidates","0"
"Washoe","RENO-VERDI 9253","President and Vice President of the United States","Oliver, Chase and ter Maat, Michael","0"
"Washoe","RENO-VERDI 9253","President and Vice President of the United States","Skousen, Joel and Combs, Rik","0"
"Washoe","RENO-VERDI 9253","President and Vice President of the United States","Trump, Donald J. and Vance, JD","0"
"Washoe","RENO-VERDI 9254","President and Vice President of the United States","Harris, Kamala D. and Walz, Tim","0"
"Washoe","RENO-VERDI 9254","President and Vice President of the United States","None Of These Candidates","0"
"Washoe","RENO-VERDI 9254","President and Vice President of the United States","Oliver, Chase and ter Maat, Michael","0"
"Washoe","RENO-VERDI 9254","President and Vice President of the United States","Skousen, Joel and Combs, Rik","0"
"Washoe","RENO-VERDI 9254","President and Vice President of the United States","Trump, Donald J. and Vance, JD","0"
"Washoe","RENO-VERDI 9300","President and Vice President of the United States","Harris, Kamala D. and Walz, Tim","0"
"Washoe","RENO-VERDI 9300","President and Vice President of the United States","None Of These Candidates","0"
"Washoe","RENO-VERDI 9300","President and Vice President of the United States","Oliver, Chase and ter Maat, Michael","0"
"Washoe","RENO-VERDI 9300","President and Vice President of the United States","Skousen, Joel and Combs, Rik","0"
"Washoe","RENO-VERDI 9300","President and Vice President of the United States","Trump, Donald J. and Vance, JD","0"
"Washoe","RENO-VERDI 9303","President and Vice President of the United States","Harris, Kamala D. and Walz, Tim","0"
"Washoe","RENO-VERDI 9303","President and Vice President of the United States","None Of These Candidates","0"
"Washoe","RENO-VERDI 9303","President and Vice President of the United States","Oliver, Chase and ter Maat, Michael","0"
"Washoe","RENO-VERDI 9303","President and Vice President of the United States","Skousen, Joel and Combs, Rik","0"
"Washoe","RENO-VERDI 9303","President and Vice President of the United States","Trump, Donald J. and Vance, JD","0"
"Washoe","RENO-VERDI 9307","President and Vice President of the United States","Harris, Kamala D. and Walz, Tim","0"
"Washoe","RENO-VERDI 9307","President and Vice President of the United States","None Of These Candidates","0"
"Washoe","RENO-VERDI 9307","President and Vice President of the United States","Oliver, Chase and ter Maat, Michael","0"
"Washoe","RENO-VERDI 9307","President and Vice President of the United States","Skousen, Joel and Combs, Rik","0"
"Washoe","RENO-VERDI 9307","President and Vice President of the United States","Trump, Donald J. and Vance, JD","0"
"Washoe","RENO-VERDI 9309","President and Vice President of the United States","Harris, Kamala D. and Walz, Tim","0"
"Washoe","RENO-VERDI 9309","President and Vice President of the United States","None Of These Candidates","0"
"Washoe","RENO-VERDI 9309","President and Vice President of the United States","Oliver, Chase and ter Maat, Michael","0"
"Washoe","RENO-VERDI 9309","President and Vice President of the United States","Skousen, Joel and Combs, Rik","0"
"Washoe","RENO-VERDI 9309","President and Vice President of the United States","Trump, Donald J. and Vance, JD","0"
"Washoe","RENO-VERDI 9311","President and Vice President of the United States","Harris, Kamala D. and Walz, Tim","0"
"Washoe","RENO-VERDI 9311","President and Vice President of the United States","None Of These Candidates","0"
"Washoe","RENO-VERDI 9311","President and Vice President of the United States","Oliver, Chase and ter Maat, Michael","0"
"Washoe","RENO-VERDI 9311","President and Vice President of the United States","Skousen, Joel and Combs, Rik","0"
"Washoe","RENO-VERDI 9311","President and Vice President of the United States","Trump, Donald J. and Vance, JD","0"
"Washoe","RENO-VERDI 9502","President and Vice President of the United States","Harris, Kamala D. and Walz, Tim","0"
"Washoe","RENO-VERDI 9502","President and Vice President of the United States","None Of These Candidates","0"
"Washoe","RENO-VERDI 9502","President and Vice President of the United States","Oliver, Chase and ter Maat, Michael","0"
"Washoe","RENO-VERDI 9502","President and Vice President of the United States","Skousen, Joel and Combs, Rik","0"
"Washoe","RENO-VERDI 9502","President and Vice President of the United States","Trump, Donald J. and Vance, JD","0"
"Washoe","RENO-VERDI 9513","President and Vice President of the United States","Harris, Kamala D. and Walz, Tim","0"
"Washoe","RENO-VERDI 9513","President and Vice President of the United States","None Of These Candidates","0"
"Washoe","RENO-VERDI 9513","President and Vice President of the United States","Oliver, Chase and ter Maat, Michael","0"
"Washoe","RENO-VERDI 9513","President and Vice President of the United States","Skousen, Joel and Combs, Rik","0"
"Washoe","RENO-VERDI 9513","President and Vice President of the United States","Trump, Donald J. and Vance, JD","0"
"Washoe","RENO-VERDI 9520","President and Vice President of the United States","Harris, Kamala D. and Walz, Tim","0"
"Washoe","RENO-VERDI 9520","President and Vice President of the United States","None Of These Candidates","0"
"Washoe","RENO-VERDI 9520","President and Vice President of the United States","Oliver, Chase and ter Maat, Michael","0"
"Washoe","RENO-VERDI 9520","President and Vice President of the United States","Skousen, Joel and Combs, Rik","0"
"Washoe","RENO-VERDI 9520","President and Vice President of the United States","Trump, Donald J. and Vance, JD","0"
"Washoe","RENO-VERDI 9522","President and Vice President of the United States","Harris, Kamala D. and Walz, Tim","0"
"Washoe","RENO-VERDI 9522","President and Vice President of the United States","None Of These Candidates","0"
"Washoe","RENO-VERDI 9522","President and Vice President of the United States","Oliver, Chase and ter Maat, Michael","0"
"Washoe","RENO-VERDI 9522","President and Vice President of the United States","Skousen, Joel and Combs, Rik","0"
"Washoe","RENO-VERDI 9522","President and Vice President of the United States","Trump, Donald J. and Vance, JD","0"
"Washoe","RENO-VERDI 9523","President and Vice President of the United States","Harris, Kamala D. and Walz, Tim","0"
"Washoe","RENO-VERDI 9523","President and Vice President of the United States","None Of These Candidates","0"
"Washoe","RENO-VERDI 9523","President and Vice President of the United States","Oliver, Chase and ter Maat, Michael","0"
"Washoe","RENO-VERDI 9523","President and Vice President of the United States","Skousen, Joel and Combs, Rik","0"
"Washoe","RENO-VERDI 9523","President and Vice President of the United States","Trump, Donald J. and Vance, JD","0"
"Washoe","RENO-VERDI 9525","President and Vice President of the United States","Harris, Kamala D. and Walz, Tim","0"
"Washoe","RENO-VERDI 9525","President and Vice President of the United States","None Of These Candidates","0"
"Washoe","RENO-VERDI 9525","President and Vice President of the United States","Oliver, Chase and ter Maat, Michael","0"
"Washoe","RENO-VERDI 9525","President and Vice President of the United States","Skousen, Joel and Combs, Rik","0"
"Washoe","RENO-VERDI 9525","President and Vice President of the United States","Trump, Donald J. and Vance, JD","0"
"Washoe","RENO-VERDI 9528","President and Vice President of the United States","Harris, Kamala D. and Walz, Tim","0"
"Washoe","RENO-VERDI 9528","President and Vice President of the United States","None Of These Candidates","0"
"Washoe","RENO-VERDI 9528","President and Vice President of the United States","Oliver, Chase and ter Maat, Michael","0"
"Washoe","RENO-VERDI 9528","President and Vice President of the United States","Skousen, Joel and Combs, Rik","0"
"Washoe","RENO-VERDI 9528","President and Vice President of the United States","Trump, Donald J. and Vance, JD","0"
"Washoe","RENO-VERDI 9529","President and Vice President of the United States","Harris, Kamala D. and Walz, Tim","0"
"Washoe","RENO-VERDI 9529","President and Vice President of the United States","None Of These Candidates","0"
"Washoe","RENO-VERDI 9529","President and Vice President of the United States","Oliver, Chase and ter Maat, Michael","0"
"Washoe","RENO-VERDI 9529","President and Vice President of the United States","Skousen, Joel and Combs, Rik","0"
"Washoe","RENO-VERDI 9529","President and Vice President of the United States","Trump, Donald J. and Vance, JD","0"
"Washoe","RENO-VERDI 9533","President and Vice President of the United States","Harris, Kamala D. and Walz, Tim","0"
"Washoe","RENO-VERDI 9533","President and Vice President of the United States","None Of These Candidates","0"
"Washoe","RENO-VERDI 9533","President and Vice President of the United States","Oliver, Chase and ter Maat, Michael","0"
"Washoe","RENO-VERDI 9533","President and Vice President of the United States","Skousen, Joel and Combs, Rik","0"
"Washoe","RENO-VERDI 9533","President and Vice President of the United States","Trump, Donald J. and Vance, JD","0"
"Washoe","RENO-VERDI 9538","President and Vice President of the United States","Harris, Kamala D. and Walz, Tim","0"
"Washoe","RENO-VERDI 9538","President and Vice President of the United States","None Of These Candidates","0"
"Washoe","RENO-VERDI 9538","President and Vice President of the United States","Oliver, Chase and ter Maat, Michael","0"
"Washoe","RENO-VERDI 9538","President and Vice President of the United States","Skousen, Joel and Combs, Rik","0"
"Washoe","RENO-VERDI 9538","President and Vice President of the United States","Trump, Donald J. and Vance, JD","0"
"Washoe","RENO-VERDI 9541","President and Vice President of the United States","Harris, Kamala D. and Walz, Tim","0"
"Washoe","RENO-VERDI 9541","President and Vice President of the United States","None Of These Candidates","0"
"Washoe","RENO-VERDI 9541","President and Vice President of the United States","Oliver, Chase and ter Maat, Michael","0"
"Washoe","RENO-VERDI 9541","President and Vice President of the United States","Skousen, Joel and Combs, Rik","0"
"Washoe","RENO-VERDI 9541","President and Vice President of the United States","Trump, Donald J. and Vance, JD","0"
"Washoe","RENO-VERDI 9546","President and Vice President of the United States","Harris, Kamala D. and Walz, Tim","0"
"Washoe","RENO-VERDI 9546","President and Vice President of the United States","None Of These Candidates","0"
"Washoe","RENO-VERDI 9546","President and Vice President of the United States","Oliver, Chase and ter Maat, Michael","0"
"Washoe","RENO-VERDI 9546","President and Vice President of the United States","Skousen, Joel and Combs, Rik","0"
"Washoe","RENO-VERDI 9546","President and Vice President of the United States","Trump, Donald J. and Vance, JD","0"
"Washoe","RENO-VERDI 9555","President and Vice President of the United States","Harris, Kamala D. and Walz, Tim","0"
"Washoe","RENO-VERDI 9555","President and Vice President of the United States","None Of These Candidates","0"
"Washoe","RENO-VERDI 9555","President and Vice President of the United States","Oliver, Chase and ter Maat, Michael","0"
"Washoe","RENO-VERDI 9555","President and Vice President of the United States","Skousen, Joel and Combs, Rik","0"
"Washoe","RENO-VERDI 9555","President and Vice President of the United States","Trump, Donald J. and Vance, JD","0"
"Washoe","RENO-VERDI 9560","President and Vice President of the United States","Harris, Kamala D. and Walz, Tim","0"
"Washoe","RENO-VERDI 9560","President and Vice President of the United States","None Of These Candidates","0"
"Washoe","RENO-VERDI 9560","President and Vice President of the United States","Oliver, Chase and ter Maat, Michael","0"
"Washoe","RENO-VERDI 9560","President and Vice President of the United States","Skousen, Joel and Combs, Rik","0"
"Washoe","RENO-VERDI 9560","President and Vice President of the United States","Trump, Donald J. and Vance, JD","0"
"Washoe","RENO-VERDI 9561","President and Vice President of the United States","Harris, Kamala D. and Walz, Tim","0"
"Washoe","RENO-VERDI 9561","President and Vice President of the United States","None Of These Candidates","0"
"Washoe","RENO-VERDI 9561","President and Vice President of the United States","Oliver, Chase and ter Maat, Michael","0"
"Washoe","RENO-VERDI 9561","President and Vice President of the United States","Skousen, Joel and Combs, Rik","0"
"Washoe","RENO-VERDI 9561","President and Vice President of the United States","Trump, Donald J. and Vance, JD","0"
"Washoe","RENO-VERDI 9562","President and Vice President of the United States","Harris, Kamala D. and Walz, Tim","0"
"Washoe","RENO-VERDI 9562","President and Vice President of the United States","None Of These Candidates","0"
"Washoe","RENO-VERDI 9562","President and Vice President of the United States","Oliver, Chase and ter Maat, Michael","0"
"Washoe","RENO-VERDI 9562","President and Vice President of the United States","Skousen, Joel and Combs, Rik","0"
"Washoe","RENO-VERDI 9562","President and Vice President of the United States","Trump, Donald J. and Vance, JD","0"
"Washoe","SPARKS 6100","President and Vice President of the United States","Harris, Kamala D. and Walz, Tim","431"
"Washoe","SPARKS 6100","President and Vice President of the United States","None Of These Candidates","15"
"Washoe","SPARKS 6100","President and Vice President of the United States","Oliver, Chase and ter Maat, Michael","5"
"Washoe","SPARKS 6100","President and Vice President of the United States","Skousen, Joel and Combs, Rik","1"
"Washoe","SPARKS 6100","President and Vice President of the United States","Trump, Donald J. and Vance, JD","300"
"Washoe","SPARKS 6101","President and Vice President of the United States","Harris, Kamala D. and Walz, Tim","120"
"Washoe","SPARKS 6101","President and Vice President of the United States","None Of These Candidates","1"
"Washoe","SPARKS 6101","President and Vice President of the United States","Oliver, Chase and ter Maat, Michael","1"
"Washoe","SPARKS 6101","President and Vice President of the United States","Skousen, Joel and Combs, Rik","1"
"Washoe","SPARKS 6101","President and Vice President of the United States","Trump, Donald J. and Vance, JD","64"
"Washoe","SPARKS 6103","President and Vice President of the United States","Harris, Kamala D. and Walz, Tim","252"
"Washoe","SPARKS 6103","President and Vice President of the United States","None Of These Candidates","2"
"Washoe","SPARKS 6103","President and Vice President of the United States","Oliver, Chase and ter Maat, Michael","1"
"Washoe","SPARKS 6103","President and Vice President of the United States","Skousen, Joel and Combs, Rik","2"
"Washoe","SPARKS 6103","President and Vice President of the United States","Trump, Donald J. and Vance, JD","228"
"Washoe","SPARKS 6104","President and Vice President of the United States","Harris, Kamala D. and Walz, Tim","0"
"Washoe","SPARKS 6104","President and Vice President of the United States","None Of These Candidates","0"
"Washoe","SPARKS 6104","President and Vice President of the United States","Oliver, Chase and ter Maat, Michael","0"
"Washoe","SPARKS 6104","President and Vice President of the United States","Skousen, Joel and Combs, Rik","0"
"Washoe","SPARKS 6104","President and Vice President of the United States","Trump, Donald J. and Vance, JD","0"
"Washoe","SPARKS 6107","President and Vice President of the United States","Harris, Kamala D. and Walz, Tim","59"
"Washoe","SPARKS 6107","President and Vice President of the United States","None Of These Candidates","3"
"Washoe","SPARKS 6107","President and Vice President of the United States","Oliver, Chase and ter Maat, Michael","0"
"Washoe","SPARKS 6107","President and Vice President of the United States","Skousen, Joel and Combs, Rik","0"
"Washoe","SPARKS 6107","President and Vice President of the United States","Trump, Donald J. and Vance, JD","105"
"Washoe","SPARKS 6108","President and Vice President of the United States","Harris, Kamala D. and Walz, Tim","716"
"Washoe","SPARKS 6108","President and Vice President of the United States","None Of These Candidates","21"
"Washoe","SPARKS 6108","President and Vice President of the United States","Oliver, Chase and ter Maat, Michael","11"
"Washoe","SPARKS 6108","President and Vice President of the United States","Skousen, Joel and Combs, Rik","4"
"Washoe","SPARKS 6108","President and Vice President of the United States","Trump, Donald J. and Vance, JD","535"
"Washoe","SPARKS 6110","President and Vice President of the United States","Harris, Kamala D. and Walz, Tim","748"
"Washoe","SPARKS 6110","President and Vice President of the United States","None Of These Candidates","19"
"Washoe","SPARKS 6110","President and Vice President of the United States","Oliver, Chase and ter Maat, Michael","6"
"Washoe","SPARKS 6110","President and Vice President of the United States","Skousen, Joel and Combs, Rik","4"
"Washoe","SPARKS 6110","President and Vice President of the United States","Trump, Donald J. and Vance, JD","597"
"Washoe","SPARKS 6111","President and Vice President of the United States","Harris, Kamala D. and Walz, Tim","812"
"Washoe","SPARKS 6111","President and Vice President of the United States","None Of These Candidates","17"
"Washoe","SPARKS 6111","President and Vice President of the United States","Oliver, Chase and ter Maat, Michael","4"
"Washoe","SPARKS 6111","President and Vice President of the United States","Skousen, Joel and Combs, Rik","8"
"Washoe","SPARKS 6111","President and Vice President of the United States","Trump, Donald J. and Vance, JD","642"
"Washoe","SPARKS 6114","President and Vice President of the United States","Harris, Kamala D. and Walz, Tim","828"
"Washoe","SPARKS 6114","President and Vice President of the United States","None Of These Candidates","21"
"Washoe","SPARKS 6114","President and Vice President of the United States","Oliver, Chase and ter Maat, Michael","12"
"Washoe","SPARKS 6114","President and Vice President of the United States","Skousen, Joel and Combs, Rik","5"
"Washoe","SPARKS 6114","President and Vice President of the United States","Trump, Donald J. and Vance, JD","583"
"Washoe","SPARKS 6115","President and Vice President of the United States","Harris, Kamala D. and Walz, Tim","86"
"Washoe","SPARKS 6115","President and Vice President of the United States","None Of These Candidates","2"
"Washoe","SPARKS 6115","President and Vice President of the United States","Oliver, Chase and ter Maat, Michael","3"
"Washoe","SPARKS 6115","President and Vice President of the United States","Skousen, Joel and Combs, Rik","0"
"Washoe","SPARKS 6115","President and Vice President of the United States","Trump, Donald J. and Vance, JD","61"
"Washoe","SPARKS 6200","President and Vice President of the United States","Harris, Kamala D. and Walz, Tim","0"
"Washoe","SPARKS 6200","President and Vice President of the United States","None Of These Candidates","0"
"Washoe","SPARKS 6200","President and Vice President of the United States","Oliver, Chase and ter Maat, Michael","0"
"Washoe","SPARKS 6200","President and Vice President of the United States","Skousen, Joel and Combs, Rik","0"
"Washoe","SPARKS 6200","President and Vice President of the United States","Trump, Donald J. and Vance, JD","0"
"Washoe","SPARKS 6201","President and Vice President of the United States","Harris, Kamala D. and Walz, Tim","0"
"Washoe","SPARKS 6201","President and Vice President of the United States","None Of These Candidates","0"
"Washoe","SPARKS 6201","President and Vice President of the United States","Oliver, Chase and ter Maat, Michael","0"
"Washoe","SPARKS 6201","President and Vice President of the United States","Skousen, Joel and Combs, Rik","0"
"Washoe","SPARKS 6201","President and Vice President of the United States","Trump, Donald J. and Vance, JD","0"
"Washoe","SPARKS 6202","President and Vice President of the United States","Harris, Kamala D. and Walz, Tim","292"
"Washoe","SPARKS 6202","President and Vice President of the United States","None Of These Candidates","5"
"Washoe","SPARKS 6202","President and Vice President of the United States","Oliver, Chase and ter Maat, Michael","4"
"Washoe","SPARKS 6202","President and Vice President of the United States","Skousen, Joel and Combs, Rik","0"
"Washoe","SPARKS 6202","President and Vice President of the United States","Trump, Donald J. and Vance, JD","253"
"Washoe","SPARKS 6203","President and Vice President of the United States","Harris, Kamala D. and Walz, Tim","386"
"Washoe","SPARKS 6203","President and Vice President of the United States","None Of These Candidates","12"
"Washoe","SPARKS 6203","President and Vice President of the United States","Oliver, Chase and ter Maat, Michael","1"
"Washoe","SPARKS 6203","President and Vice President of the United States","Skousen, Joel and Combs, Rik","0"
"Washoe","SPARKS 6203","President and Vice President of the United States","Trump, Donald J. and Vance, JD","213"
"Washoe","SPARKS 6204","President and Vice President of the United States","Harris, Kamala D. and Walz, Tim","379"
"Washoe","SPARKS 6204","President and Vice President of the United States","None Of These Candidates","11"
"Washoe","SPARKS 6204","President and Vice President of the United States","Oliver, Chase and ter Maat, Michael","2"
"Washoe","SPARKS 6204","President and Vice President of the United States","Skousen, Joel and Combs, Rik","2"
"Washoe","SPARKS 6204","President and Vice President of the United States","Trump, Donald J. and Vance, JD","363"
"Washoe","SPARKS 6205","President and Vice President of the United States","Harris, Kamala D. and Walz, Tim","685"
"Washoe","SPARKS 6205","President and Vice President of the United States","None Of These Candidates","20"
"Washoe","SPARKS 6205","President and Vice President of the United States","Oliver, Chase and ter Maat, Michael","10"
"Washoe","SPARKS 6205","President and Vice President of the United States","Skousen, Joel and Combs, Rik","2"
"Washoe","SPARKS 6205","President and Vice President of the United States","Trump, Donald J. and Vance, JD","490"
"Washoe","SPARKS 6206","President and Vice President of the United States","Harris, Kamala D. and Walz, Tim","95"
"Washoe","SPARKS 6206","President and Vice President of the United States","None Of These Candidates","0"
"Washoe","SPARKS 6206","President and Vice President of the United States","Oliver, Chase and ter Maat, Michael","1"
"Washoe","SPARKS 6206","President and Vice President of the United States","Skousen, Joel and Combs, Rik","1"
"Washoe","SPARKS 6206","President and Vice President of the United States","Trump, Donald J. and Vance, JD","35"
"Washoe","SPARKS 6207","President and Vice President of the United States","Harris, Kamala D. and Walz, Tim","0"
"Washoe","SPARKS 6207","President and Vice President of the United States","None Of These Candidates","0"
"Washoe","SPARKS 6207","President and Vice President of the United States","Oliver, Chase and ter Maat, Michael","0"
"Washoe","SPARKS 6207","President and Vice President of the United States","Skousen, Joel and Combs, Rik","0"
"Washoe","SPARKS 6207","President and Vice President of the United States","Trump, Donald J. and Vance, JD","0"
"Washoe","SPARKS 6210","President and Vice President of the United States","Harris, Kamala D. and Walz, Tim","716"
"Washoe","SPARKS 6210","President and Vice President of the United States","None Of These Candidates","16"
"Washoe","SPARKS 6210","President and Vice President of the United States","Oliver, Chase and ter Maat, Michael","2"
"Washoe","SPARKS 6210","President and Vice President of the United States","Skousen, Joel and Combs, Rik","4"
"Washoe","SPARKS 6210","President and Vice President of the United States","Trump, Donald J. and Vance, JD","507"
"Washoe","SPARKS 6211","President and Vice President of the United States","Harris, Kamala D. and Walz, Tim","1117"
"Washoe","SPARKS 6211","President and Vice President of the United States","None Of These Candidates","30"
"Washoe","SPARKS 6211","President and Vice President of the United States","Oliver, Chase and ter Maat, Michael","11"
"Washoe","SPARKS 6211","President and Vice President of the United States","Skousen, Joel and Combs, Rik","6"
"Washoe","SPARKS 6211","President and Vice President of the United States","Trump, Donald J. and Vance, JD","739"
"Washoe","SPARKS 6213","President and Vice President of the United States","Harris, Kamala D. and Walz, Tim","758"
"Washoe","SPARKS 6213","President and Vice President of the United States","None Of These Candidates","24"
"Washoe","SPARKS 6213","President and Vice President of the United States","Oliver, Chase and ter Maat, Michael","11"
"Washoe","SPARKS 6213","President and Vice President of the United States","Skousen, Joel and Combs, Rik","2"
"Washoe","SPARKS 6213","President and Vice President of the United States","Trump, Donald J. and Vance, JD","642"
"Washoe","SPARKS 6214","President and Vice President of the United States","Harris, Kamala D. and Walz, Tim","177"
"Washoe","SPARKS 6214","President and Vice President of the United States","None Of These Candidates","5"
"Washoe","SPARKS 6214","President and Vice President of the United States","Oliver, Chase and ter Maat, Michael","2"
"Washoe","SPARKS 6214","President and Vice President of the United States","Skousen, Joel and Combs, Rik","2"
"Washoe","SPARKS 6214","President and Vice President of the United States","Trump, Donald J. and Vance, JD","180"
"Washoe","SPARKS 6215","President and Vice President of the United States","Harris, Kamala D. and Walz, Tim","0"
"Washoe","SPARKS 6215","President and Vice President of the United States","None Of These Candidates","0"
"Washoe","SPARKS 6215","President and Vice President of the United States","Oliver, Chase and ter Maat, Michael","0"
"Washoe","SPARKS 6215","President and Vice President of the United States","Skousen, Joel and Combs, Rik","0"
"Washoe","SPARKS 6215","President and Vice President of the United States","Trump, Donald J. and Vance, JD","0"
"Washoe","SPARKS 6217","President and Vice President of the United States","Harris, Kamala D. and Walz, Tim","0"
"Washoe","SPARKS 6217","President and Vice President of the United States","None Of These Candidates","0"
"Washoe","SPARKS 6217","President and Vice President of the United States","Oliver, Chase and ter Maat, Michael","0"
"Washoe","SPARKS 6217","President and Vice President of the United States","Skousen, Joel and Combs, Rik","0"
"Washoe","SPARKS 6217","President and Vice President of the United States","Trump, Donald J. and Vance, JD","0"
"Washoe","SPARKS 6218","President and Vice President of the United States","Harris, Kamala D. and Walz, Tim","0"
"Washoe","SPARKS 6218","President and Vice President of the United States","None Of These Candidates","0"
"Washoe","SPARKS 6218","President and Vice President of the United States","Oliver, Chase and ter Maat, Michael","0"
"Washoe","SPARKS 6218","President and Vice President of the United States","Skousen, Joel and Combs, Rik","0"
"Washoe","SPARKS 6218","President and Vice President of the United States","Trump, Donald J. and Vance, JD","0"
"Washoe","SPARKS 6300","President and Vice President of the United States","Harris, Kamala D. and Walz, Tim","916"
"Washoe","SPARKS 6300","President and Vice President of the United States","None Of These Candidates","23"
"Washoe","SPARKS 6300","President and Vice President of the United States","Oliver, Chase and ter Maat, Michael","12"
"Washoe","SPARKS 6300","President and Vice President of the United States","Skousen, Joel and Combs, Rik","6"
"Washoe","SPARKS 6300","President and Vice President of the United States","Trump, Donald J. and Vance, JD","838"
"Washoe","SPARKS 6301","President and Vice President of the United States","Harris, Kamala D. and Walz, Tim","0"
"Washoe","SPARKS 6301","President and Vice President of the United States","None Of These Candidates","0"
"Washoe","SPARKS 6301","President and Vice President of the United States","Oliver, Chase and ter Maat, Michael","0"
"Washoe","SPARKS 6301","President and Vice President of the United States","Skousen, Joel and Combs, Rik","0"
"Washoe","SPARKS 6301","President and Vice President of the United States","Trump, Donald J. and Vance, JD","0"
"Washoe","SPARKS 6306","President and Vice President of the United States","Harris, Kamala D. and Walz, Tim","572"
"Washoe","SPARKS 6306","President and Vice President of the United States","None Of These Candidates","20"
"Washoe","SPARKS 6306","President and Vice President of the United States","Oliver, Chase and ter Maat, Michael","9"
"Washoe","SPARKS 6306","President and Vice President of the United States","Skousen, Joel and Combs, Rik","4"
"Washoe","SPARKS 6306","President and Vice President of the United States","Trump, Donald J. and Vance, JD","447"
"Washoe","SPARKS 6307","President and Vice President of the United States","Harris, Kamala D. and Walz, Tim","1122"
"Washoe","SPARKS 6307","President and Vice President of the United States","None Of These Candidates","36"
"Washoe","SPARKS 6307","President and Vice President of the United States","Oliver, Chase and ter Maat, Michael","15"
"Washoe","SPARKS 6307","President and Vice President of the United States","Skousen, Joel and Combs, Rik","3"
"Washoe","SPARKS 6307","President and Vice President of the United States","Trump, Donald J. and Vance, JD","912"
"Washoe","SPARKS 6308","President and Vice President of the United States","Harris, Kamala D. and Walz, Tim","1112"
"Washoe","SPARKS 6308","President and Vice President of the United States","None Of These Candidates","36"
"Washoe","SPARKS 6308","President and Vice President of the United States","Oliver, Chase and ter Maat, Michael","4"
"Washoe","SPARKS 6308","President and Vice President of the United States","Skousen, Joel and Combs, Rik","0"
"Washoe","SPARKS 6308","President and Vice President of the United States","Trump, Donald J. and Vance, JD","1120"
"Washoe","SPARKS 6310","President and Vice President of the United States","Harris, Kamala D. and Walz, Tim","569"
"Washoe","SPARKS 6310","President and Vice President of the United States","None Of These Candidates","15"
"Washoe","SPARKS 6310","President and Vice President of the United States","Oliver, Chase and ter Maat, Michael","6"
"Washoe","SPARKS 6310","President and Vice President of the United States","Skousen, Joel and Combs, Rik","4"
"Washoe","SPARKS 6310","President and Vice President of the United States","Trump, Donald J. and Vance, JD","608"
"Washoe","SPARKS 6317","President and Vice President of the United States","Harris, Kamala D. and Walz, Tim","0"
"Washoe","SPARKS 6317","President and Vice President of the United States","None Of These Candidates","0"
"Washoe","SPARKS 6317","President and Vice President of the United States","Oliver, Chase and ter Maat, Michael","0"
"Washoe","SPARKS 6317","President and Vice President of the United States","Skousen, Joel and Combs, Rik","0"
"Washoe","SPARKS 6317","President and Vice President of the United States","Trump, Donald J. and Vance, JD","0"
"Washoe","SPARKS 6320","President and Vice President of the United States","Harris, Kamala D. and Walz, Tim","1328"
"Washoe","SPARKS 6320","President and Vice President of the United States","None Of These Candidates","41"
"Washoe","SPARKS 6320","President and Vice President of the United States","Oliver, Chase and ter Maat, Michael","16"
"Washoe","SPARKS 6320","President and Vice President of the United States","Skousen, Joel and Combs, Rik","7"
"Washoe","SPARKS 6320","President and Vice President of the United States","Trump, Donald J. and Vance, JD","1485"
"Washoe","SPARKS 6401","President and Vice President of the United States","Harris, Kamala D. and Walz, Tim","*"
"Washoe","SPARKS 6401","President and Vice President of the United States","None Of These Candidates","*"
"Washoe","SPARKS 6401","President and Vice President of the United States","Oliver, Chase and ter Maat, Michael","*"
"Washoe","SPARKS 6401","President and Vice President of the United States","Skousen, Joel and Combs, Rik","*"
"Washoe","SPARKS 6401","President and Vice President of the United States","Trump, Donald J. and Vance, JD","*"
"Washoe","SPARKS 6402","President and Vice President of the United States","Harris, Kamala D. and Walz, Tim","0"
"Washoe","SPARKS 6402","President and Vice President of the United States","None Of These Candidates","0"
"Washoe","SPARKS 6402","President and Vice President of the United States","Oliver, Chase and ter Maat, Michael","0"
"Washoe","SPARKS 6402","President and Vice President of the United States","Skousen, Joel and Combs, Rik","0"
"Washoe","SPARKS 6402","President and Vice President of the United States","Trump, Donald J. and Vance, JD","0"
"Washoe","SPARKS 6403","President and Vice President of the United States","Harris, Kamala D. and Walz, Tim","933"
"Washoe","SPARKS 6403","President and Vice President of the United States","None Of These Candidates","33"
"Washoe","SPARKS 6403","President and Vice President of the United States","Oliver, Chase and ter Maat, Michael","7"
"Washoe","SPARKS 6403","President and Vice President of the United States","Skousen, Joel and Combs, Rik","2"
"Washoe","SPARKS 6403","President and Vice President of the United States","Trump, Donald J. and Vance, JD","1134"
"Washoe","SPARKS 6411","President and Vice President of the United States","Harris, Kamala D. and Walz, Tim","704"
"Washoe","SPARKS 6411","President and Vice President of the United States","None Of These Candidates","33"
"Washoe","SPARKS 6411","President and Vice President of the United States","Oliver, Chase and ter Maat, Michael","4"
"Washoe","SPARKS 6411","President and Vice President of the United States","Skousen, Joel and Combs, Rik","0"
"Washoe","SPARKS 6411","President and Vice President of the United States","Trump, Donald J. and Vance, JD","922"
"Washoe","SPARKS 6413","President and Vice President of the United States","Harris, Kamala D. and Walz, Tim","1196"
"Washoe","SPARKS 6413","President and Vice President of the United States","None Of These Candidates","43"
"Washoe","SPARKS 6413","President and Vice President of the United States","Oliver, Chase and ter Maat, Michael","17"
"Washoe","SPARKS 6413","President and Vice President of the United States","Skousen, Joel and Combs, Rik","4"
"Washoe","SPARKS 6413","President and Vice President of the United States","Trump, Donald J. and Vance, JD","1711"
"Washoe","SPARKS 6416","President and Vice President of the United States","Harris, Kamala D. and Walz, Tim","642"
"Washoe","SPARKS 6416","President and Vice President of the United States","None Of These Candidates","35"
"Washoe","SPARKS 6416","President and Vice President of the United States","Oliver, Chase and ter Maat, Michael","3"
"Washoe","SPARKS 6416","President and Vice President of the United States","Skousen, Joel and Combs, Rik","3"
"Washoe","SPARKS 6416","President and Vice President of the United States","Trump, Donald J. and Vance, JD","887"
"Washoe","SPARKS 6418","President and Vice President of the United States","Harris, Kamala D. and Walz, Tim","604"
"Washoe","SPARKS 6418","President and Vice President of the United States","None Of These Candidates","22"
"Washoe","SPARKS 6418","President and Vice President of the United States","Oliver, Chase and ter Maat, Michael","9"
"Washoe","SPARKS 6418","President and Vice President of the United States","Skousen, Joel and Combs, Rik","4"
"Washoe","SPARKS 6418","President and Vice President of the United States","Trump, Donald J. and Vance, JD","938"
"Washoe","SPARKS 6422","President and Vice President of the United States","Harris, Kamala D. and Walz, Tim","538"
"Washoe","SPARKS 6422","President and Vice President of the United States","None Of These Candidates","27"
"Washoe","SPARKS 6422","President and Vice President of the United States","Oliver, Chase and ter Maat, Michael","4"
"Washoe","SPARKS 6422","President and Vice President of the United States","Skousen, Joel and Combs, Rik","4"
"Washoe","SPARKS 6422","President and Vice President of the United States","Trump, Donald J. and Vance, JD","783"
"Washoe","SPARKS 6423","President and Vice President of the United States","Harris, Kamala D. and Walz, Tim","768"
"Washoe","SPARKS 6423","President and Vice President of the United States","None Of These Candidates","38"
"Washoe","SPARKS 6423","President and Vice President of the United States","Oliver, Chase and ter Maat, Michael","8"
"Washoe","SPARKS 6423","President and Vice President of the United States","Skousen, Joel and Combs, Rik","5"
"Washoe","SPARKS 6423","President and Vice President of the United States","Trump, Donald J. and Vance, JD","1260"
"Washoe","SPARKS 6425","President and Vice President of the United States","Harris, Kamala D. and Walz, Tim","811"
"Washoe","SPARKS 6425","President and Vice President of the United States","None Of These Candidates","47"
"Washoe","SPARKS 6425","President and Vice President of the United States","Oliver, Chase and ter Maat, Michael","10"
"Washoe","SPARKS 6425","President and Vice President of the United States","Skousen, Joel and Combs, Rik","3"
"Washoe","SPARKS 6425","President and Vice President of the United States","Trump, Donald J. and Vance, JD","1150"
"Washoe","SPARKS 6500","President and Vice President of the United States","Harris, Kamala D. and Walz, Tim","684"
"Washoe","SPARKS 6500","President and Vice President of the United States","None Of These Candidates","24"
"Washoe","SPARKS 6500","President and Vice President of the United States","Oliver, Chase and ter Maat, Michael","4"
"Washoe","SPARKS 6500","President and Vice President of the United States","Skousen, Joel and Combs, Rik","4"
"Washoe","SPARKS 6500","President and Vice President of the United States","Trump, Donald J. and Vance, JD","689"
"Washoe","SPARKS 6501","President and Vice President of the United States","Harris, Kamala D. and Walz, Tim","622"
"Washoe","SPARKS 6501","President and Vice President of the United States","None Of These Candidates","19"
"Washoe","SPARKS 6501","President and Vice President of the United States","Oliver, Chase and ter Maat, Michael","1"
"Washoe","SPARKS 6501","President and Vice President of the United States","Skousen, Joel and Combs, Rik","1"
"Washoe","SPARKS 6501","President and Vice President of the United States","Trump, Donald J. and Vance, JD","577"
"Washoe","SPARKS 6503","President and Vice President of the United States","Harris, Kamala D. and Walz, Tim","*"
"Washoe","SPARKS 6503","President and Vice President of the United States","None Of These Candidates","*"
"Washoe","SPARKS 6503","President and Vice President of the United States","Oliver, Chase and ter Maat, Michael","*"
"Washoe","SPARKS 6503","President and Vice President of the United States","Skousen, Joel and Combs, Rik","*"
"Washoe","SPARKS 6503","President and Vice President of the United States","Trump, Donald J. and Vance, JD","*"
"Washoe","SPARKS 6508","President and Vice President of the United States","Harris, Kamala D. and Walz, Tim","433"
"Washoe","SPARKS 6508","President and Vice President of the United States","None Of These Candidates","17"
"Washoe","SPARKS 6508","President and Vice President of the United States","Oliver, Chase and ter Maat, Michael","6"
"Washoe","SPARKS 6508","President and Vice President of the United States","Skousen, Joel and Combs, Rik","3"
"Washoe","SPARKS 6508","President and Vice President of the United States","Trump, Donald J. and Vance, JD","467"
"Washoe","SPARKS 6514","President and Vice President of the United States","Harris, Kamala D. and Walz, Tim","920"
"Washoe","SPARKS 6514","President and Vice President of the United States","None Of These Candidates","28"
"Washoe","SPARKS 6514","President and Vice President of the United States","Oliver, Chase and ter Maat, Michael","17"
"Washoe","SPARKS 6514","President and Vice President of the United States","Skousen, Joel and Combs, Rik","12"
"Washoe","SPARKS 6514","President and Vice President of the United States","Trump, Donald J. and Vance, JD","740"
"Washoe","SPARKS 6516","President and Vice President of the United States","Harris, Kamala D. and Walz, Tim","728"
"Washoe","SPARKS 6516","President and Vice President of the United States","None Of These Candidates","15"
"Washoe","SPARKS 6516","President and Vice President of the United States","Oliver, Chase and ter Maat, Michael","6"
"Washoe","SPARKS 6516","President and Vice President of the United States","Skousen, Joel and Combs, Rik","3"
"Washoe","SPARKS 6516","President and Vice President of the United States","Trump, Donald J. and Vance, JD","801"
"Washoe","SPARKS 6520","President and Vice President of the United States","Harris, Kamala D. and Walz, Tim","542"
"Washoe","SPARKS 6520","President and Vice President of the United States","None Of These Candidates","15"
"Washoe","SPARKS 6520","President and Vice President of the United States","Oliver, Chase and ter Maat, Michael","7"
"Washoe","SPARKS 6520","President and Vice President of the United States","Skousen, Joel and Combs, Rik","2"
"Washoe","SPARKS 6520","President and Vice President of the United States","Trump, Donald J. and Vance, JD","499"
"Washoe","SPARKS 6522","President and Vice President of the United States","Harris, Kamala D. and Walz, Tim","703"
"Washoe","SPARKS 6522","President and Vice President of the United States","None Of These Candidates","27"
"Washoe","SPARKS 6522","President and Vice President of the United States","Oliver, Chase and ter Maat, Michael","4"
"Washoe","SPARKS 6522","President and Vice President of the United States","Skousen, Joel and Combs, Rik","4"
"Washoe","SPARKS 6522","President and Vice President of the United States","Trump, Donald J. and Vance, JD","754"
"Washoe","SPARKS 6523","President and Vice President of the United States","Harris, Kamala D. and Walz, Tim","587"
"Washoe","SPARKS 6523","President and Vice President of the United States","None Of These Candidates","14"
"Washoe","SPARKS 6523","President and Vice President of the United States","Oliver, Chase and ter Maat, Michael","5"
"Washoe","SPARKS 6523","President and Vice President of the United States","Skousen, Joel and Combs, Rik","4"
"Washoe","SPARKS 6523","President and Vice President of the United States","Trump, Donald J. and Vance, JD","622"
"Washoe","SPARKS 6524","President and Vice President of the United States","Harris, Kamala D. and Walz, Tim","1123"
"Washoe","SPARKS 6524","President and Vice President of the United States","None Of These Candidates","27"
"Washoe","SPARKS 6524","President and Vice President of the United States","Oliver, Chase and ter Maat, Michael","18"
"Washoe","SPARKS 6524","President and Vice President of the United States","Skousen, Joel and Combs, Rik","6"
"Washoe","SPARKS 6524","President and Vice President of the United States","Trump, Donald J. and Vance, JD","1339"
"Washoe","SPARKS 6527","President and Vice President of the United States","Harris, Kamala D. and Walz, Tim","*"
"Washoe","SPARKS 6527","President and Vice President of the United States","None Of These Candidates","*"
"Washoe","SPARKS 6527","President and Vice President of the United States","Oliver, Chase and ter Maat, Michael","*"
"Washoe","SPARKS 6527","President and Vice President of the United States","Skousen, Joel and Combs, Rik","*"
"Washoe","SPARKS 6527","President and Vice President of the United States","Trump, Donald J. and Vance, JD","*"
"Washoe","SPARKS 6528","President and Vice President of the United States","Harris, Kamala D. and Walz, Tim","0"
"Washoe","SPARKS 6528","President and Vice President of the United States","None Of These Candidates","0"
"Washoe","SPARKS 6528","President and Vice President of the United States","Oliver, Chase and ter Maat, Michael","0"
"Washoe","SPARKS 6528","President and Vice President of the United States","Skousen, Joel and Combs, Rik","0"
"Washoe","SPARKS 6528","President and Vice President of the United States","Trump, Donald J. and Vance, JD","0"
"Washoe","SPARKS 6529","President and Vice President of the United States","Harris, Kamala D. and Walz, Tim","0"
"Washoe","SPARKS 6529","President and Vice President of the United States","None Of These Candidates","0"
"Washoe","SPARKS 6529","President and Vice President of the United States","Oliver, Chase and ter Maat, Michael","0"
"Washoe","SPARKS 6529","President and Vice President of the United States","Skousen, Joel and Combs, Rik","0"
"Washoe","SPARKS 6529","President and Vice President of the United States","Trump, Donald J. and Vance, JD","0"
"Washoe","SPARKS 6530","President and Vice President of the United States","Harris, Kamala D. and Walz, Tim","*"
"Washoe","SPARKS 6530","President and Vice President of the United States","None Of These Candidates","*"
"Washoe","SPARKS 6530","President and Vice President of the United States","Oliver, Chase and ter Maat, Michael","*"
"Washoe","SPARKS 6530","President and Vice President of the United States","Skousen, Joel and Combs, Rik","*"
"Washoe","SPARKS 6530","President and Vice President of the United States","Trump, Donald J. and Vance, JD","*"
"Washoe","SPARKS 6531","President and Vice President of the United States","Harris, Kamala D. and Walz, Tim","*"
"Washoe","SPARKS 6531","President and Vice President of the United States","None Of These Candidates","*"
"Washoe","SPARKS 6531","President and Vice President of the United States","Oliver, Chase and ter Maat, Michael","*"
"Washoe","SPARKS 6531","President and Vice President of the United States","Skousen, Joel and Combs, Rik","*"
"Washoe","SPARKS 6531","President and Vice President of the United States","Trump, Donald J. and Vance, JD","*"
"Washoe","SPARKS 6532","President and Vice President of the United States","Harris, Kamala D. and Walz, Tim","*"
"Washoe","SPARKS 6532","President and Vice President of the United States","None Of These Candidates","*"
"Washoe","SPARKS 6532","President and Vice President of the United States","Oliver, Chase and ter Maat, Michael","*"
"Washoe","SPARKS 6532","President and Vice President of the United States","Skousen, Joel and Combs, Rik","*"
"Washoe","SPARKS 6532","President and Vice President of the United States","Trump, Donald J. and Vance, JD","*"
"Washoe","SPARKS 7301","President and Vice President of the United States","Harris, Kamala D. and Walz, Tim","70"
"Washoe","SPARKS 7301","President and Vice President of the United States","None Of These Candidates","5"
"Washoe","SPARKS 7301","President and Vice President of the United States","Oliver, Chase and ter Maat, Michael","1"
"Washoe","SPARKS 7301","President and Vice President of the United States","Skousen, Joel and Combs, Rik","1"
"Washoe","SPARKS 7301","President and Vice President of the United States","Trump, Donald J. and Vance, JD","100"
"Washoe","SPARKS 7304","President and Vice President of the United States","Harris, Kamala D. and Walz, Tim","535"
"Washoe","SPARKS 7304","President and Vice President of the United States","None Of These Candidates","19"
"Washoe","SPARKS 7304","President and Vice President of the United States","Oliver, Chase and ter Maat, Michael","7"
"Washoe","SPARKS 7304","President and Vice President of the United States","Skousen, Joel and Combs, Rik","4"
"Washoe","SPARKS 7304","President and Vice President of the United States","Trump, Donald J. and Vance, JD","389"
"Washoe","SPARKS 7305","President and Vice President of the United States","Harris, Kamala D. and Walz, Tim","0"
"Washoe","SPARKS 7305","President and Vice President of the United States","None Of These Candidates","0"
"Washoe","SPARKS 7305","President and Vice President of the United States","Oliver, Chase and ter Maat, Michael","0"
"Washoe","SPARKS 7305","President and Vice President of the United States","Skousen, Joel and Combs, Rik","0"
"Washoe","SPARKS 7305","President and Vice President of the United States","Trump, Donald J. and Vance, JD","0"
"Washoe","SPARKS 7308","President and Vice President of the United States","Harris, Kamala D. and Walz, Tim","41"
"Washoe","SPARKS 7308","President and Vice President of the United States","None Of These Candidates","0"
"Washoe","SPARKS 7308","President and Vice President of the United States","Oliver, Chase and ter Maat, Michael","2"
"Washoe","SPARKS 7308","President and Vice President of the United States","Skousen, Joel and Combs, Rik","0"
"Washoe","SPARKS 7308","President and Vice President of the United States","Trump, Donald J. and Vance, JD","72"
"Washoe","SPARKS 7309","President and Vice President of the United States","Harris, Kamala D. and Walz, Tim","4"
"Washoe","SPARKS 7309","President and Vice President of the United States","None Of These Candidates","0"
"Washoe","SPARKS 7309","President and Vice President of the United States","Oliver, Chase and ter Maat, Michael","0"
"Washoe","SPARKS 7309","President and Vice President of the United States","Skousen, Joel and Combs, Rik","0"
"Washoe","SPARKS 7309","President and Vice President of the United States","Trump, Donald J. and Vance, JD","10"
"Washoe","SPARKS 7310","President and Vice President of the United States","Harris, Kamala D. and Walz, Tim","768"
"Washoe","SPARKS 7310","President and Vice President of the United States","None Of These Candidates","27"
"Washoe","SPARKS 7310","President and Vice President of the United States","Oliver, Chase and ter Maat, Michael","11"
"Washoe","SPARKS 7310","President and Vice President of the United States","Skousen, Joel and Combs, Rik","4"
"Washoe","SPARKS 7310","President and Vice President of the United States","Trump, Donald J. and Vance, JD","731"
"Washoe","SPARKS 7311","President and Vice President of the United States","Harris, Kamala D. and Walz, Tim","*"
"Washoe","SPARKS 7311","President and Vice President of the United States","None Of These Candidates","*"
"Washoe","SPARKS 7311","President and Vice President of the United States","Oliver, Chase and ter Maat, Michael","*"
"Washoe","SPARKS 7311","President and Vice President of the United States","Skousen, Joel and Combs, Rik","*"
"Washoe","SPARKS 7311","President and Vice President of the United States","Trump, Donald J. and Vance, JD","*"
"Washoe","SPARKS 7313","President and Vice President of the United States","Harris, Kamala D. and Walz, Tim","385"
"Washoe","SPARKS 7313","President and Vice President of the United States","None Of These Candidates","8"
"Washoe","SPARKS 7313","President and Vice President of the United States","Oliver, Chase and ter Maat, Michael","2"
"Washoe","SPARKS 7313","President and Vice President of the United States","Skousen, Joel and Combs, Rik","1"
"Washoe","SPARKS 7313","President and Vice President of the United States","Trump, Donald J. and Vance, JD","374"
"Washoe","SPARKS 7315","President and Vice President of the United States","Harris, Kamala D. and Walz, Tim","*"
"Washoe","SPARKS 7315","President and Vice President of the United States","None Of These Candidates","*"
"Washoe","SPARKS 7315","President and Vice President of the United States","Oliver, Chase and ter Maat, Michael","*"
"Washoe","SPARKS 7315","President and Vice President of the United States","Skousen, Joel and Combs, Rik","*"
"Washoe","SPARKS 7315","President and Vice President of the United States","Trump, Donald J. and Vance, JD","*"
"Washoe","SPARKS 7316","President and Vice President of the United States","Harris, Kamala D. and Walz, Tim","1007"
"Washoe","SPARKS 7316","President and Vice President of the United States","None Of These Candidates","26"
"Washoe","SPARKS 7316","President and Vice President of the United States","Oliver, Chase and ter Maat, Michael","7"
"Washoe","SPARKS 7316","President and Vice President of the United States","Skousen, Joel and Combs, Rik","6"
"Washoe","SPARKS 7316","President and Vice President of the United States","Trump, Donald J. and Vance, JD","878"
"Washoe","SPARKS 7322","President and Vice President of the United States","Harris, Kamala D. and Walz, Tim","10"
"Washoe","SPARKS 7322","President and Vice President of the United States","None Of These Candidates","0"
"Washoe","SPARKS 7322","President and Vice President of the United States","Oliver, Chase and ter Maat, Michael","0"
"Washoe","SPARKS 7322","President and Vice President of the United States","Skousen, Joel and Combs, Rik","0"
"Washoe","SPARKS 7322","President and Vice President of the United States","Trump, Donald J. and Vance, JD","11"
"Washoe","SPARKS 7323","President and Vice President of the United States","Harris, Kamala D. and Walz, Tim","0"
"Washoe","SPARKS 7323","President and Vice President of the United States","None Of These Candidates","0"
"Washoe","SPARKS 7323","President and Vice President of the United States","Oliver, Chase and ter Maat, Michael","0"
"Washoe","SPARKS 7323","President and Vice President of the United States","Skousen, Joel and Combs, Rik","0"
"Washoe","SPARKS 7323","President and Vice President of the United States","Trump, Donald J. and Vance, JD","0"
"Washoe","SPARKS 7401","President and Vice President of the United States","Harris, Kamala D. and Walz, Tim","105"
"Washoe","SPARKS 7401","President and Vice President of the United States","None Of These Candidates","1"
"Washoe","SPARKS 7401","President and Vice President of the United States","Oliver, Chase and ter Maat, Michael","0"
"Washoe","SPARKS 7401","President and Vice President of the United States","Skousen, Joel and Combs, Rik","0"
"Washoe","SPARKS 7401","President and Vice President of the United States","Trump, Donald J. and Vance, JD","160"
"Washoe","SPARKS 7402","President and Vice President of the United States","Harris, Kamala D. and Walz, Tim","414"
"Washoe","SPARKS 7402","President and Vice President of the United States","None Of These Candidates","19"
"Washoe","SPARKS 7402","President and Vice President of the United States","Oliver, Chase and ter Maat, Michael","10"
"Washoe","SPARKS 7402","President and Vice President of the United States","Skousen, Joel and Combs, Rik","1"
"Washoe","SPARKS 7402","President and Vice President of the United States","Trump, Donald J. and Vance, JD","505"
"Washoe","SPARKS 7403","President and Vice President of the United States","Harris, Kamala D. and Walz, Tim","*"
"Washoe","SPARKS 7403","President and Vice President of the United States","None Of These Candidates","*"
"Washoe","SPARKS 7403","President and Vice President of the United States","Oliver, Chase and ter Maat, Michael","*"
"Washoe","SPARKS 7403","President and Vice President of the United States","Skousen, Joel and Combs, Rik","*"
"Washoe","SPARKS 7403","President and Vice President of the United States","Trump, Donald J. and Vance, JD","*"
"Washoe","SPARKS 7404","President and Vice President of the United States","Harris, Kamala D. and Walz, Tim","10"
"Washoe","SPARKS 7404","President and Vice President of the United States","None Of These Candidates","2"
"Washoe","SPARKS 7404","President and Vice President of the United States","Oliver, Chase and ter Maat, Michael","0"
"Washoe","SPARKS 7404","President and Vice President of the United States","Skousen, Joel and Combs, Rik","0"
"Washoe","SPARKS 7404","President and Vice President of the United States","Trump, Donald J. and Vance, JD","34"
"Washoe","SPARKS 7406","President and Vice President of the United States","Harris, Kamala D. and Walz, Tim","*"
"Washoe","SPARKS 7406","President and Vice President of the United States","None Of These Candidates","*"
"Washoe","SPARKS 7406","President and Vice President of the United States","Oliver, Chase and ter Maat, Michael","*"
"Washoe","SPARKS 7406","President and Vice President of the United States","Skousen, Joel and Combs, Rik","*"
"Washoe","SPARKS 7406","President and Vice President of the United States","Trump, Donald J. and Vance, JD","*"
"Washoe","SPARKS 7407","President and Vice President of the United States","Harris, Kamala D. and Walz, Tim","817"
"Washoe","SPARKS 7407","President and Vice President of the United States","None Of These Candidates","44"
"Washoe","SPARKS 7407","President and Vice President of the United States","Oliver, Chase and ter Maat, Michael","8"
"Washoe","SPARKS 7407","President and Vice President of the United States","Skousen, Joel and Combs, Rik","5"
"Washoe","SPARKS 7407","President and Vice President of the United States","Trump, Donald J. and Vance, JD","2234"
"Washoe","SPARKS 7408","President and Vice President of the United States","Harris, Kamala D. and Walz, Tim","198"
"Washoe","SPARKS 7408","President and Vice President of the United States","None Of These Candidates","8"
"Washoe","SPARKS 7408","President and Vice President of the United States","Oliver, Chase and ter Maat, Michael","2"
"Washoe","SPARKS 7408","President and Vice President of the United States","Skousen, Joel and Combs, Rik","2"
"Washoe","SPARKS 7408","President and Vice President of the United States","Trump, Donald J. and Vance, JD","581"
"Washoe","SPARKS 7410","President and Vice President of the United States","Harris, Kamala D. and Walz, Tim","804"
"Washoe","SPARKS 7410","President and Vice President of the United States","None Of These Candidates","34"
"Washoe","SPARKS 7410","President and Vice President of the United States","Oliver, Chase and ter Maat, Michael","13"
"Washoe","SPARKS 7410","President and Vice President of the United States","Skousen, Joel and Combs, Rik","8"
"Washoe","SPARKS 7410","President and Vice President of the United States","Trump, Donald J. and Vance, JD","1452"
"Washoe","SPARKS 7413","President and Vice President of the United States","Harris, Kamala D. and Walz, Tim","*"
"Washoe","SPARKS 7413","President and Vice President of the United States","None Of These Candidates","*"
"Washoe","SPARKS 7413","President and Vice President of the United States","Oliver, Chase and ter Maat, Michael","*"
"Washoe","SPARKS 7413","President and Vice President of the United States","Skousen, Joel and Combs, Rik","*"
"Washoe","SPARKS 7413","President and Vice President of the United States","Trump, Donald J. and Vance, JD","*"
"Washoe","SPARKS 7415","President and Vice President of the United States","Harris, Kamala D. and Walz, Tim","871"
"Washoe","SPARKS 7415","President and Vice President of the United States","None Of These Candidates","40"
"Washoe","SPARKS 7415","President and Vice President of the United States","Oliver, Chase and ter Maat, Michael","13"
"Washoe","SPARKS 7415","President and Vice President of the United States","Skousen, Joel and Combs, Rik","6"
"Washoe","SPARKS 7415","President and Vice President of the United States","Trump, Donald J. and Vance, JD","1906"
"Washoe","SPARKS 7416","President and Vice President of the United States","Harris, Kamala D. and Walz, Tim","430"
"Washoe","SPARKS 7416","President and Vice President of the United States","None Of These Candidates","22"
"Washoe","SPARKS 7416","President and Vice President of the United States","Oliver, Chase and ter Maat, Michael","1"
"Washoe","SPARKS 7416","President and Vice President of the United States","Skousen, Joel and Combs, Rik","3"
"Washoe","SPARKS 7416","President and Vice President of the United States","Trump, Donald J. and Vance, JD","906"
"Washoe","SPARKS 7417","President and Vice President of the United States","Harris, Kamala D. and Walz, Tim","754"
"Washoe","SPARKS 7417","President and Vice President of the United States","None Of These Candidates","36"
"Washoe","SPARKS 7417","President and Vice President of the United States","Oliver, Chase and ter Maat, Michael","9"
"Washoe","SPARKS 7417","President and Vice President of the United States","Skousen, Joel and Combs, Rik","1"
"Washoe","SPARKS 7417","President and Vice President of the United States","Trump, Donald J. and Vance, JD","1847"
"Washoe","SPARKS 7424","President and Vice President of the United States","Harris, Kamala D. and Walz, Tim","30"
"Washoe","SPARKS 7424","President and Vice President of the United States","None Of These Candidates","1"
"Washoe","SPARKS 7424","President and Vice President of the United States","Oliver, Chase and ter Maat, Michael","1"
"Washoe","SPARKS 7424","President and Vice President of the United States","Skousen, Joel and Combs, Rik","0"
"Washoe","SPARKS 7424","President and Vice President of the United States","Trump, Donald J. and Vance, JD","52"
"Washoe","SPARKS 7426","President and Vice President of the United States","Harris, Kamala D. and Walz, Tim","13"
"Washoe","SPARKS 7426","President and Vice President of the United States","None Of These Candidates","2"
"Washoe","SPARKS 7426","President and Vice President of the United States","Oliver, Chase and ter Maat, Michael","0"
"Washoe","SPARKS 7426","President and Vice President of the United States","Skousen, Joel and Combs, Rik","0"
"Washoe","SPARKS 7426","President and Vice President of the United States","Trump, Donald J. and Vance, JD","14"
"Washoe","SPARKS 7428","President and Vice President of the United States","Harris, Kamala D. and Walz, Tim","*"
"Washoe","SPARKS 7428","President and Vice President of the United States","None Of These Candidates","*"
"Washoe","SPARKS 7428","President and Vice President of the United States","Oliver, Chase and ter Maat, Michael","*"
"Washoe","SPARKS 7428","President and Vice President of the United States","Skousen, Joel and Combs, Rik","*"
"Washoe","SPARKS 7428","President and Vice President of the United States","Trump, Donald J. and Vance, JD","*"
"Washoe","SPARKS 7431","President and Vice President of the United States","Harris, Kamala D. and Walz, Tim","18"
"Washoe","SPARKS 7431","President and Vice President of the United States","None Of These Candidates","2"
"Washoe","SPARKS 7431","President and Vice President of the United States","Oliver, Chase and ter Maat, Michael","0"
"Washoe","SPARKS 7431","President and Vice President of the United States","Skousen, Joel and Combs, Rik","0"
"Washoe","SPARKS 7431","President and Vice President of the United States","Trump, Donald J. and Vance, JD","65"
"Washoe","SPARKS 7433","President and Vice President of the United States","Harris, Kamala D. and Walz, Tim","36"
"Washoe","SPARKS 7433","President and Vice President of the United States","None Of These Candidates","1"
"Washoe","SPARKS 7433","President and Vice President of the United States","Oliver, Chase and ter Maat, Michael","0"
"Washoe","SPARKS 7433","President and Vice President of the United States","Skousen, Joel and Combs, Rik","0"
"Washoe","SPARKS 7433","President and Vice President of the United States","Trump, Donald J. and Vance, JD","91"
"Washoe","SPARKS 7502","President and Vice President of the United States","Harris, Kamala D. and Walz, Tim","1046"
"Washoe","SPARKS 7502","President and Vice President of the United States","None Of These Candidates","28"
"Washoe","SPARKS 7502","President and Vice President of the United States","Oliver, Chase and ter Maat, Michael","11"
"Washoe","SPARKS 7502","President and Vice President of the United States","Skousen, Joel and Combs, Rik","6"
"Washoe","SPARKS 7502","President and Vice President of the United States","Trump, Donald J. and Vance, JD","1037"
"Washoe","SPARKS 7503","President and Vice President of the United States","Harris, Kamala D. and Walz, Tim","16"
"Washoe","SPARKS 7503","President and Vice President of the United States","None Of These Candidates","1"
"Washoe","SPARKS 7503","President and Vice President of the United States","Oliver, Chase and ter Maat, Michael","0"
"Washoe","SPARKS 7503","President and Vice President of the United States","Skousen, Joel and Combs, Rik","0"
"Washoe","SPARKS 7503","President and Vice President of the United States","Trump, Donald J. and Vance, JD","10"
"Washoe","SPARKS 7510","President and Vice President of the United States","Harris, Kamala D. and Walz, Tim","*"
"Washoe","SPARKS 7510","President and Vice President of the United States","None Of These Candidates","*"
"Washoe","SPARKS 7510","President and Vice President of the United States","Oliver, Chase and ter Maat, Michael","*"
"Washoe","SPARKS 7510","President and Vice President of the United States","Skousen, Joel and Combs, Rik","*"
"Washoe","SPARKS 7510","President and Vice President of the United States","Trump, Donald J. and Vance, JD","*"
"Washoe","SPARKS 7515","President and Vice President of the United States","Harris, Kamala D. and Walz, Tim","*"
"Washoe","SPARKS 7515","President and Vice President of the United States","None Of These Candidates","*"
"Washoe","SPARKS 7515","President and Vice President of the United States","Oliver, Chase and ter Maat, Michael","*"
"Washoe","SPARKS 7515","President and Vice President of the United States","Skousen, Joel and Combs, Rik","*"
"Washoe","SPARKS 7515","President and Vice President of the United States","Trump, Donald J. and Vance, JD","*"
"Washoe","SPARKS 7530","President and Vice President of the United States","Harris, Kamala D. and Walz, Tim","0"
"Washoe","SPARKS 7530","President and Vice President of the United States","None Of These Candidates","0"
"Washoe","SPARKS 7530","President and Vice President of the United States","Oliver, Chase and ter Maat, Michael","0"
"Washoe","SPARKS 7530","President and Vice President of the United States","Skousen, Joel and Combs, Rik","0"
"Washoe","SPARKS 7530","President and Vice President of the United States","Trump, Donald J. and Vance, JD","0"
"Washoe","SPARKS 7535","President and Vice President of the United States","Harris, Kamala D. and Walz, Tim","0"
"Washoe","SPARKS 7535","President and Vice President of the United States","None Of These Candidates","0"
"Washoe","SPARKS 7535","President and Vice President of the United States","Oliver, Chase and ter Maat, Michael","0"
"Washoe","SPARKS 7535","President and Vice President of the United States","Skousen, Joel and Combs, Rik","0"
"Washoe","SPARKS 7535","President and Vice President of the United States","Trump, Donald J. and Vance, JD","0"
"Washoe","SPARKS 7562","President and Vice President of the United States","Harris, Kamala D. and Walz, Tim","0"
"Washoe","SPARKS 7562","President and Vice President of the United States","None Of These Candidates","0"
"Washoe","SPARKS 7562","President and Vice President of the United States","Oliver, Chase and ter Maat, Michael","0"
"Washoe","SPARKS 7562","President and Vice President of the United States","Skousen, Joel and Combs, Rik","0"
"Washoe","SPARKS 7562","President and Vice President of the United States","Trump, Donald J. and Vance, JD","0"
"Washoe","SPARKS 7563","President and Vice President of the United States","Harris, Kamala D. and Walz, Tim","24"
"Washoe","SPARKS 7563","President and Vice President of the United States","None Of These Candidates","1"
"Washoe","SPARKS 7563","President and Vice President of the United States","Oliver, Chase and ter Maat, Michael","1"
"Washoe","SPARKS 7563","President and Vice President of the United States","Skousen, Joel and Combs, Rik","0"
"Washoe","SPARKS 7563","President and Vice President of the United States","Trump, Donald J. and Vance, JD","33"
"Washoe","SPARKS 7565","President and Vice President of the United States","Harris, Kamala D. and Walz, Tim","*"
"Washoe","SPARKS 7565","President and Vice President of the United States","None Of These Candidates","*"
"Washoe","SPARKS 7565","President and Vice President of the United States","Oliver, Chase and ter Maat, Michael","*"
"Washoe","SPARKS 7565","President and Vice President of the United States","Skousen, Joel and Combs, Rik","*"
"Washoe","SPARKS 7565","President and Vice President of the United States","Trump, Donald J. and Vance, JD","*"
"Washoe","SPARKS 7573","President and Vice President of the United States","Harris, Kamala D. and Walz, Tim","175"
"Washoe","SPARKS 7573","President and Vice President of the United States","None Of These Candidates","4"
"Washoe","SPARKS 7573","President and Vice President of the United States","Oliver, Chase and ter Maat, Michael","1"
"Washoe","SPARKS 7573","President and Vice President of the United States","Skousen, Joel and Combs, Rik","0"
"Washoe","SPARKS 7573","President and Vice President of the United States","Trump, Donald J. and Vance, JD","41"
"Washoe","SPARKS 7576","President and Vice President of the United States","Harris, Kamala D. and Walz, Tim","227"
"Washoe","SPARKS 7576","President and Vice President of the United States","None Of These Candidates","10"
"Washoe","SPARKS 7576","President and Vice President of the United States","Oliver, Chase and ter Maat, Michael","5"
"Washoe","SPARKS 7576","President and Vice President of the United States","Skousen, Joel and Combs, Rik","6"
"Washoe","SPARKS 7576","President and Vice President of the United States","Trump, Donald J. and Vance, JD","698"
"Washoe","SPARKS 7578","President and Vice President of the United States","Harris, Kamala D. and Walz, Tim","35"
"Washoe","SPARKS 7578","President and Vice President of the United States","None Of These Candidates","0"
"Washoe","SPARKS 7578","President and Vice President of the United States","Oliver, Chase and ter Maat, Michael","0"
"Washoe","SPARKS 7578","President and Vice President of the United States","Skousen, Joel and Combs, Rik","1"
"Washoe","SPARKS 7578","President and Vice President of the United States","Trump, Donald J. and Vance, JD","133"
"Washoe","SPARKS 7579","President and Vice President of the United States","Harris, Kamala D. and Walz, Tim","72"
"Washoe","SPARKS 7579","President and Vice President of the United States","None Of These Candidates","0"
"Washoe","SPARKS 7579","President and Vice President of the United States","Oliver, Chase and ter Maat, Michael","0"
"Washoe","SPARKS 7579","President and Vice President of the United States","Skousen, Joel and Combs, Rik","0"
"Washoe","SPARKS 7579","President and Vice President of the United States","Trump, Donald J. and Vance, JD","65"
"Washoe","SPARKS 7583","President and Vice President of the United States","Harris, Kamala D. and Walz, Tim","0"
"Washoe","SPARKS 7583","President and Vice President of the United States","None Of These Candidates","0"
"Washoe","SPARKS 7583","President and Vice President of the United States","Oliver, Chase and ter Maat, Michael","0"
"Washoe","SPARKS 7583","President and Vice President of the United States","Skousen, Joel and Combs, Rik","0"
"Washoe","SPARKS 7583","President and Vice President of the United States","Trump, Donald J. and Vance, JD","0"
"Washoe","SPARKS 7584","President and Vice President of the United States","Harris, Kamala D. and Walz, Tim","*"
"Washoe","SPARKS 7584","President and Vice President of the United States","None Of These Candidates","*"
"Washoe","SPARKS 7584","President and Vice President of the United States","Oliver, Chase and ter Maat, Michael","*"
"Washoe","SPARKS 7584","President and Vice President of the United States","Skousen, Joel and Combs, Rik","*"
"Washoe","SPARKS 7584","President and Vice President of the United States","Trump, Donald J. and Vance, JD","*"
"Washoe","SPARKS 7585","President and Vice President of the United States","Harris, Kamala D. and Walz, Tim","*"
"Washoe","SPARKS 7585","President and Vice President of the United States","None Of These Candidates","*"
"Washoe","SPARKS 7585","President and Vice President of the United States","Oliver, Chase and ter Maat, Michael","*"
"Washoe","SPARKS 7585","President and Vice President of the United States","Skousen, Joel and Combs, Rik","*"
"Washoe","SPARKS 7585","President and Vice President of the United States","Trump, Donald J. and Vance, JD","*"
"Washoe","SPARKS 7591","President and Vice President of the United States","Harris, Kamala D. and Walz, Tim","66"
"Washoe","SPARKS 7591","President and Vice President of the United States","None Of These Candidates","3"
"Washoe","SPARKS 7591","President and Vice President of the United States","Oliver, Chase and ter Maat, Michael","0"
"Washoe","SPARKS 7591","President and Vice President of the United States","Skousen, Joel and Combs, Rik","1"
"Washoe","SPARKS 7591","President and Vice President of the United States","Trump, Donald J. and Vance, JD","86"
"Washoe","SPARKS 9304","President and Vice President of the United States","Harris, Kamala D. and Walz, Tim","0"
"Washoe","SPARKS 9304","President and Vice President of the United States","None Of These Candidates","0"
"Washoe","SPARKS 9304","President and Vice President of the United States","Oliver, Chase and ter Maat, Michael","0"
"Washoe","SPARKS 9304","President and Vice President of the United States","Skousen, Joel and Combs, Rik","0"
"Washoe","SPARKS 9304","President and Vice President of the United States","Trump, Donald J. and Vance, JD","0"
"Washoe","SPARKS 9310","President and Vice President of the United States","Harris, Kamala D. and Walz, Tim","0"
"Washoe","SPARKS 9310","President and Vice President of the United States","None Of These Candidates","0"
"Washoe","SPARKS 9310","President and Vice President of the United States","Oliver, Chase and ter Maat, Michael","0"
"Washoe","SPARKS 9310","President and Vice President of the United States","Skousen, Joel and Combs, Rik","0"
"Washoe","SPARKS 9310","President and Vice President of the United States","Trump, Donald J. and Vance, JD","0"
"Washoe","SPARKS 9401","President and Vice President of the United States","Harris, Kamala D. and Walz, Tim","0"
"Washoe","SPARKS 9401","President and Vice President of the United States","None Of These Candidates","0"
"Washoe","SPARKS 9401","President and Vice President of the United States","Oliver, Chase and ter Maat, Michael","0"
"Washoe","SPARKS 9401","President and Vice President of the United States","Skousen, Joel and Combs, Rik","0"
"Washoe","SPARKS 9401","President and Vice President of the United States","Trump, Donald J. and Vance, JD","0"
"Washoe","SPARKS 9402","President and Vice President of the United States","Harris, Kamala D. and Walz, Tim","0"
"Washoe","SPARKS 9402","President and Vice President of the United States","None Of These Candidates","0"
"Washoe","SPARKS 9402","President and Vice President of the United States","Oliver, Chase and ter Maat, Michael","0"
"Washoe","SPARKS 9402","President and Vice President of the United States","Skousen, Joel and Combs, Rik","0"
"Washoe","SPARKS 9402","President and Vice President of the United States","Trump, Donald J. and Vance, JD","0"
"Washoe","SPARKS 9404","President and Vice President of the United States","Harris, Kamala D. and Walz, Tim","0"
"Washoe","SPARKS 9404","President and Vice President of the United States","None Of These Candidates","0"
"Washoe","SPARKS 9404","President and Vice President of the United States","Oliver, Chase and ter Maat, Michael","0"
"Washoe","SPARKS 9404","President and Vice President of the United States","Skousen, Joel and Combs, Rik","0"
"Washoe","SPARKS 9404","President and Vice President of the United States","Trump, Donald J. and Vance, JD","0"
"Washoe","SPARKS 9406","President and Vice President of the United States","Harris, Kamala D. and Walz, Tim","0"
"Washoe","SPARKS 9406","President and Vice President of the United States","None Of These Candidates","0"
"Washoe","SPARKS 9406","President and Vice President of the United States","Oliver, Chase and ter Maat, Michael","0"
"Washoe","SPARKS 9406","President and Vice President of the United States","Skousen, Joel and Combs, Rik","0"
"Washoe","SPARKS 9406","President and Vice President of the United States","Trump, Donald J. and Vance, JD","0"
"Washoe","SPARKS 9407","President and Vice President of the United States","Harris, Kamala D. and Walz, Tim","0"
"Washoe","SPARKS 9407","President and Vice President of the United States","None Of These Candidates","0"
"Washoe","SPARKS 9407","President and Vice President of the United States","Oliver, Chase and ter Maat, Michael","0"
"Washoe","SPARKS 9407","President and Vice President of the United States","Skousen, Joel and Combs, Rik","0"
"Washoe","SPARKS 9407","President and Vice President of the United States","Trump, Donald J. and Vance, JD","0"
"Washoe","SPARKS 9409","President and Vice President of the United States","Harris, Kamala D. and Walz, Tim","0"
"Washoe","SPARKS 9409","President and Vice President of the United States","None Of These Candidates","0"
"Washoe","SPARKS 9409","President and Vice President of the United States","Oliver, Chase and ter Maat, Michael","0"
"Washoe","SPARKS 9409","President and Vice President of the United States","Skousen, Joel and Combs, Rik","0"
"Washoe","SPARKS 9409","President and Vice President of the United States","Trump, Donald J. and Vance, JD","0"
"Washoe","SPARKS 9410","President and Vice President of the United States","Harris, Kamala D. and Walz, Tim","0"
"Washoe","SPARKS 9410","President and Vice President of the United States","None Of These Candidates","0"
"Washoe","SPARKS 9410","President and Vice President of the United States","Oliver, Chase and ter Maat, Michael","0"
"Washoe","SPARKS 9410","President and Vice President of the United States","Skousen, Joel and Combs, Rik","0"
"Washoe","SPARKS 9410","President and Vice President of the United States","Trump, Donald J. and Vance, JD","0"
"Washoe","SPARKS 9411","President and Vice President of the United States","Harris, Kamala D. and Walz, Tim","0"
"Washoe","SPARKS 9411","President and Vice President of the United States","None Of These Candidates","0"
"Washoe","SPARKS 9411","President and Vice President of the United States","Oliver, Chase and ter Maat, Michael","0"
"Washoe","SPARKS 9411","President and Vice President of the United States","Skousen, Joel and Combs, Rik","0"
"Washoe","SPARKS 9411","President and Vice President of the United States","Trump, Donald J. and Vance, JD","0"
"Washoe","SPARKS 9412","President and Vice President of the United States","Harris, Kamala D. and Walz, Tim","0"
"Washoe","SPARKS 9412","President and Vice President of the United States","None Of These Candidates","0"
"Washoe","SPARKS 9412","President and Vice President of the United States","Oliver, Chase and ter Maat, Michael","0"
"Washoe","SPARKS 9412","President and Vice President of the United States","Skousen, Joel and Combs, Rik","0"
"Washoe","SPARKS 9412","President and Vice President of the United States","Trump, Donald J. and Vance, JD","0"
"Washoe","SPARKS 9427","President and Vice President of the United States","Harris, Kamala D. and Walz, Tim","0"
"Washoe","SPARKS 9427","President and Vice President of the United States","None Of These Candidates","0"
"Washoe","SPARKS 9427","President and Vice President of the United States","Oliver, Chase and ter Maat, Michael","0"
"Washoe","SPARKS 9427","President and Vice President of the United States","Skousen, Joel and Combs, Rik","0"
"Washoe","SPARKS 9427","President and Vice President of the United States","Trump, Donald J. and Vance, JD","0"
"Washoe","SPARKS 9428","President and Vice President of the United States","Harris, Kamala D. and Walz, Tim","0"
"Washoe","SPARKS 9428","President and Vice President of the United States","None Of These Candidates","0"
"Washoe","SPARKS 9428","President and Vice President of the United States","Oliver, Chase and ter Maat, Michael","0"
"Washoe","SPARKS 9428","President and Vice President of the United States","Skousen, Joel and Combs, Rik","0"
"Washoe","SPARKS 9428","President and Vice President of the United States","Trump, Donald J. and Vance, JD","0"
"Washoe","SPARKS 9503","President and Vice President of the United States","Harris, Kamala D. and Walz, Tim","0"
"Washoe","SPARKS 9503","President and Vice President of the United States","None Of These Candidates","0"
"Washoe","SPARKS 9503","President and Vice President of the United States","Oliver, Chase and ter Maat, Michael","0"
"Washoe","SPARKS 9503","President and Vice President of the United States","Skousen, Joel and Combs, Rik","0"
"Washoe","SPARKS 9503","President and Vice President of the United States","Trump, Donald J. and Vance, JD","0"
"Washoe","SPARKS 9516","President and Vice President of the United States","Harris, Kamala D. and Walz, Tim","0"
"Washoe","SPARKS 9516","President and Vice President of the United States","None Of These Candidates","0"
"Washoe","SPARKS 9516","President and Vice President of the United States","Oliver, Chase and ter Maat, Michael","0"
"Washoe","SPARKS 9516","President and Vice President of the United States","Skousen, Joel and Combs, Rik","0"
"Washoe","SPARKS 9516","President and Vice President of the United States","Trump, Donald J. and Vance, JD","0"
"Washoe","SPARKS 9524","President and Vice President of the United States","Harris, Kamala D. and Walz, Tim","0"
"Washoe","SPARKS 9524","President and Vice President of the United States","None Of These Candidates","0"
"Washoe","SPARKS 9524","President and Vice President of the United States","Oliver, Chase and ter Maat, Michael","0"
"Washoe","SPARKS 9524","President and Vice President of the United States","Skousen, Joel and Combs, Rik","0"
"Washoe","SPARKS 9524","President and Vice President of the United States","Trump, Donald J. and Vance, JD","0"
"Washoe","SPARKS 9531","President and Vice President of the United States","Harris, Kamala D. and Walz, Tim","0"
"Washoe","SPARKS 9531","President and Vice President of the United States","None Of These Candidates","0"
"Washoe","SPARKS 9531","President and Vice President of the United States","Oliver, Chase and ter Maat, Michael","0"
"Washoe","SPARKS 9531","President and Vice President of the United States","Skousen, Joel and Combs, Rik","0"
"Washoe","SPARKS 9531","President and Vice President of the United States","Trump, Donald J. and Vance, JD","0"
"Washoe","SPARKS 9532","President and Vice President of the United States","Harris, Kamala D. and Walz, Tim","0"
"Washoe","SPARKS 9532","President and Vice President of the United States","None Of These Candidates","0"
"Washoe","SPARKS 9532","President and Vice President of the United States","Oliver, Chase and ter Maat, Michael","0"
"Washoe","SPARKS 9532","President and Vice President of the United States","Skousen, Joel and Combs, Rik","0"
"Washoe","SPARKS 9532","President and Vice President of the United States","Trump, Donald J. and Vance, JD","0"
"Washoe","SPARKS 9553","President and Vice President of the United States","Harris, Kamala D. and Walz, Tim","0"
"Washoe","SPARKS 9553","President and Vice President of the United States","None Of These Candidates","0"
"Washoe","SPARKS 9553","President and Vice President of the United States","Oliver, Chase and ter Maat, Michael","0"
"Washoe","SPARKS 9553","President and Vice President of the United States","Skousen, Joel and Combs, Rik","0"
"Washoe","SPARKS 9553","President and Vice President of the United States","Trump, Donald J. and Vance, JD","0"
"Washoe","SPARKS 9558","President and Vice President of the United States","Harris, Kamala D. and Walz, Tim","0"
"Washoe","SPARKS 9558","President and Vice President of the United States","None Of These Candidates","0"
"Washoe","SPARKS 9558","President and Vice President of the United States","Oliver, Chase and ter Maat, Michael","0"
"Washoe","SPARKS 9558","President and Vice President of the United States","Skousen, Joel and Combs, Rik","0"
"Washoe","SPARKS 9558","President and Vice President of the United States","Trump, Donald J. and Vance, JD","0"
"Washoe","SPARKS 9559","President and Vice President of the United States","Harris, Kamala D. and Walz, Tim","0"
"Washoe","SPARKS 9559","President and Vice President of the United States","None Of These Candidates","0"
"Washoe","SPARKS 9559","President and Vice President of the United States","Oliver, Chase and ter Maat, Michael","0"
"Washoe","SPARKS 9559","President and Vice President of the United States","Skousen, Joel and Combs, Rik","0"
"Washoe","SPARKS 9559","President and Vice President of the United States","Trump, Donald J. and Vance, JD","0"
"White Pine","01","President and Vice President of the United States","Harris, Kamala D. and Walz, Tim","136"
"White Pine","01","President and Vice President of the United States","None Of These Candidates","9"
"White Pine","01","President and Vice President of the United States","Oliver, Chase and ter Maat, Michael","6"
"White Pine","01","President and Vice President of the United States","Skousen, Joel and Combs, Rik","3"
"White Pine","01","President and Vice President of the United States","Trump, Donald J. and Vance, JD","380"
"White Pine","02","President and Vice President of the United States","Harris, Kamala D. and Walz, Tim","81"
"White Pine","02","President and Vice President of the United States","None Of These Candidates","7"
"White Pine","02","President and Vice President of the United States","Oliver, Chase and ter Maat, Michael","0"
"White Pine","02","President and Vice President of the United States","Skousen, Joel and Combs, Rik","2"
"White Pine","02","President and Vice President of the United States","Trump, Donald J. and Vance, JD","291"
"White Pine","03","President and Vice President of the United States","Harris, Kamala D. and Walz, Tim","121"
"White Pine","03","President and Vice President of the United States","None Of These Candidates","6"
"White Pine","03","President and Vice President of the United States","Oliver, Chase and ter Maat, Michael","1"
"White Pine","03","President and Vice President of the United States","Skousen, Joel and Combs, Rik","4"
"White Pine","03","President and Vice President of the United States","Trump, Donald J. and Vance, JD","339"
"White Pine","04","President and Vice President of the United States","Harris, Kamala D. and Walz, Tim","113"
"White Pine","04","President and Vice President of the United States","None Of These Candidates","7"
"White Pine","04","President and Vice President of the United States","Oliver, Chase and ter Maat, Michael","3"
"White Pine","04","President and Vice President of the United States","Skousen, Joel and Combs, Rik","2"
"White Pine","04","President and Vice President of the United States","Trump, Donald J. and Vance, JD","399"
"White Pine","05","President and Vice President of the United States","Harris, Kamala D. and Walz, Tim","182"
"White Pine","05","President and Vice President of the United States","None Of These Candidates","14"
"White Pine","05","President and Vice President of the United States","Oliver, Chase and ter Maat, Michael","5"
"White Pine","05","President and Vice President of the United States","Skousen, Joel and Combs, Rik","3"
"White Pine","05","President and Vice President of the United States","Trump, Donald J. and Vance, JD","970"
"White Pine","06","President and Vice President of the United States","Harris, Kamala D. and Walz, Tim","100"
"White Pine","06","President and Vice President of the United States","None Of These Candidates","14"
"White Pine","06","President and Vice President of the United States","Oliver, Chase and ter Maat, Michael","1"
"White Pine","06","President and Vice President of the United States","Skousen, Joel and Combs, Rik","2"
"White Pine","06","President and Vice President of the United States","Trump, Donald J. and Vance, JD","380"
"White Pine","07","President and Vice President of the United States","Harris, Kamala D. and Walz, Tim","45"
"White Pine","07","President and Vice President of the United States","None Of These Candidates","1"
"White Pine","07","President and Vice President of the United States","Oliver, Chase and ter Maat, Michael","0"
"White Pine","07","President and Vice President of the United States","Skousen, Joel and Combs, Rik","1"
"White Pine","07","President and Vice President of the United States","Trump, Donald J. and Vance, JD","155"
"White Pine","08","President and Vice President of the United States","Harris, Kamala D. and Walz, Tim","16"
"White Pine","08","President and Vice President of the United States","None Of These Candidates","7"
"White Pine","08","President and Vice President of the United States","Oliver, Chase and ter Maat, Michael","0"
"White Pine","08","President and Vice President of the United States","Skousen, Joel and Combs, Rik","2"
"White Pine","08","President and Vice President of the United States","Trump, Donald J. and Vance, JD","262"
"White Pine","09","President and Vice President of the United States","Harris, Kamala D. and Walz, Tim","61"
"White Pine","09","President and Vice President of the United States","None Of These Candidates","2"
"White Pine","09","President and Vice President of the United States","Oliver, Chase and ter Maat, Michael","0"
"White Pine","09","President and Vice President of the United States","Skousen, Joel and Combs, Rik","0"
"White Pine","09","President and Vice President of the United States","Trump, Donald J. and Vance, JD","57"
"White Pine","10","President and Vice President of the United States","Harris, Kamala D. and Walz, Tim","28"
"White Pine","10","President and Vice President of the United States","None Of These Candidates","1"
"White Pine","10","President and Vice President of the United States","Oliver, Chase and ter Maat, Michael","1"
"White Pine","10","President and Vice President of the United States","Skousen, Joel and Combs, Rik","0"
"White Pine","10","President and Vice President of the United States","Trump, Donald J. and Vance, JD","131"
"White Pine","88","President and Vice President of the United States","Harris, Kamala D. and Walz, Tim","0"
"White Pine","88","President and Vice President of the United States","None Of These Candidates","0"
"White Pine","88","President and Vice President of the United States","Oliver, Chase and ter Maat, Michael","0"
"White Pine","88","President and Vice President of the United States","Skousen, Joel and Combs, Rik","0"
"White Pine","88","President and Vice President of the United States","Trump, Donald J. and Vance, JD","0"
"White Pine","99","President and Vice President of the United States","Harris, Kamala D. and Walz, Tim","0"
"White Pine","99","President and Vice President of the United States","None Of These Candidates","0"
"White Pine","99","President and Vice President of the United States","Oliver, Chase and ter Maat, Michael","0"
"White Pine","99","President and Vice President of the United States","Skousen, Joel and Combs, Rik","0"
"White Pine","99","President and Vice President of the United States","Trump, Donald J. and Vance, JD","0"
