state,election_year,county,jurisdiction_tag,local_unit,level,dem_candidate,rep_candidate,dem_votes,rep_votes,other_votes,total_votes,comparison_contest,comparison_dem_candidate,comparison_rep_candidate,comparison_dem_votes,comparison_rep_votes,comparison_other_votes,coverage_mode,source_id,comparison_source_id,source_url
GA,2016,Appling County,county:13001,Appling County,county,HILLARY CLINTON (DEM),DONALD J. TRUMP (REP),1434,5494,77,7005,"United States Senator, Isakson",JIM BARKSDALE (DEM),JOHNNY ISAKSON (I) (REP),1187,5170,154,presidentVsSenate,ga-2016-official-results,ga-2016-official-results,https://results.sos.ga.gov/cdn/results/Georgia/export-2016NovGen.json
GA,2016,Atkinson County,county:13003,Atkinson County,county,HILLARY CLINTON (DEM),DONALD J. TRUMP (REP),697,1878,35,2610,"United States Senator, Isakson",JIM BARKSDALE (DEM),JOHNNY ISAKSON (I) (REP),596,1678,65,presidentVsSenate,ga-2016-official-results,ga-2016-official-results,https://results.sos.ga.gov/cdn/results/Georgia/export-2016NovGen.json
GA,2016,Bacon County,county:13005,Bacon County,county,HILLARY CLINTON (DEM),DONALD J. TRUMP (REP),608,3364,47,4019,"United States Senator, Isakson",JIM BARKSDALE (DEM),JOHNNY ISAKSON (I) (REP),474,3046,95,presidentVsSenate,ga-2016-official-results,ga-2016-official-results,https://results.sos.ga.gov/cdn/results/Georgia/export-2016NovGen.json
GA,2016,Baker County,county:13007,Baker County,county,HILLARY CLINTON (DEM),DONALD J. TRUMP (REP),650,775,15,1440,"United States Senator, Isakson",JIM BARKSDALE (DEM),JOHNNY ISAKSON (I) (REP),531,763,29,presidentVsSenate,ga-2016-official-results,ga-2016-official-results,https://results.sos.ga.gov/cdn/results/Georgia/export-2016NovGen.json
GA,2016,Baldwin County,county:13009,Baldwin County,county,HILLARY CLINTON (DEM),DONALD J. TRUMP (REP),7970,7697,419,16086,"United States Senator, Isakson",JIM BARKSDALE (DEM),JOHNNY ISAKSON (I) (REP),6787,7796,464,presidentVsSenate,ga-2016-official-results,ga-2016-official-results,https://results.sos.ga.gov/cdn/results/Georgia/export-2016NovGen.json
GA,2016,Banks County,county:13011,Banks County,county,HILLARY CLINTON (DEM),DONALD J. TRUMP (REP),684,6134,132,6950,"United States Senator, Isakson",JIM BARKSDALE (DEM),JOHNNY ISAKSON (I) (REP),673,5705,304,presidentVsSenate,ga-2016-official-results,ga-2016-official-results,https://results.sos.ga.gov/cdn/results/Georgia/export-2016NovGen.json
GA,2016,Barrow County,county:13013,Barrow County,county,HILLARY CLINTON (DEM),DONALD J. TRUMP (REP),6580,21108,1143,28831,"United States Senator, Isakson",JIM BARKSDALE (DEM),JOHNNY ISAKSON (I) (REP),5691,20281,1608,presidentVsSenate,ga-2016-official-results,ga-2016-official-results,https://results.sos.ga.gov/cdn/results/Georgia/export-2016NovGen.json
GA,2016,Bartow County,county:13015,Bartow County,county,HILLARY CLINTON (DEM),DONALD J. TRUMP (REP),8212,29911,1183,39306,"United States Senator, Isakson",JIM BARKSDALE (DEM),JOHNNY ISAKSON (I) (REP),7291,28073,2008,presidentVsSenate,ga-2016-official-results,ga-2016-official-results,https://results.sos.ga.gov/cdn/results/Georgia/export-2016NovGen.json
GA,2016,Ben Hill County,county:13017,Ben Hill County,county,HILLARY CLINTON (DEM),DONALD J. TRUMP (REP),2101,3739,91,5931,"United States Senator, Isakson",JIM BARKSDALE (DEM),JOHNNY ISAKSON (I) (REP),1739,3589,135,presidentVsSenate,ga-2016-official-results,ga-2016-official-results,https://results.sos.ga.gov/cdn/results/Georgia/export-2016NovGen.json
GA,2016,Berrien County,county:13019,Berrien County,county,HILLARY CLINTON (DEM),DONALD J. TRUMP (REP),1047,5422,115,6584,"United States Senator, Isakson",JIM BARKSDALE (DEM),JOHNNY ISAKSON (I) (REP),895,5061,226,presidentVsSenate,ga-2016-official-results,ga-2016-official-results,https://results.sos.ga.gov/cdn/results/Georgia/export-2016NovGen.json
GA,2016,Bibb County,county:13021,Bibb County,county,HILLARY CLINTON (DEM),DONALD J. TRUMP (REP),36787,24043,1447,62277,"United States Senator, Isakson",JIM BARKSDALE (DEM),JOHNNY ISAKSON (I) (REP),31533,25601,1677,presidentVsSenate,ga-2016-official-results,ga-2016-official-results,https://results.sos.ga.gov/cdn/results/Georgia/export-2016NovGen.json
GA,2016,Bleckley County,county:13023,Bleckley County,county,HILLARY CLINTON (DEM),DONALD J. TRUMP (REP),1101,3719,123,4943,"United States Senator, Isakson",JIM BARKSDALE (DEM),JOHNNY ISAKSON (I) (REP),923,3698,147,presidentVsSenate,ga-2016-official-results,ga-2016-official-results,https://results.sos.ga.gov/cdn/results/Georgia/export-2016NovGen.json
GA,2016,Brantley County,county:13025,Brantley County,county,HILLARY CLINTON (DEM),DONALD J. TRUMP (REP),619,5567,106,6292,"United States Senator, Isakson",JIM BARKSDALE (DEM),JOHNNY ISAKSON (I) (REP),611,4844,244,presidentVsSenate,ga-2016-official-results,ga-2016-official-results,https://results.sos.ga.gov/cdn/results/Georgia/export-2016NovGen.json
GA,2016,Brooks County,county:13027,Brooks County,county,HILLARY CLINTON (DEM),DONALD J. TRUMP (REP),2528,3701,89,6318,"United States Senator, Isakson",JIM BARKSDALE (DEM),JOHNNY ISAKSON (I) (REP),2092,3465,188,presidentVsSenate,ga-2016-official-results,ga-2016-official-results,https://results.sos.ga.gov/cdn/results/Georgia/export-2016NovGen.json
GA,2016,Bryan County,county:13029,Bryan County,county,HILLARY CLINTON (DEM),DONALD J. TRUMP (REP),4014,10529,542,15085,"United States Senator, Isakson",JIM BARKSDALE (DEM),JOHNNY ISAKSON (I) (REP),3216,10488,655,presidentVsSenate,ga-2016-official-results,ga-2016-official-results,https://results.sos.ga.gov/cdn/results/Georgia/export-2016NovGen.json
GA,2016,Bulloch County,county:13031,Bulloch County,county,HILLARY CLINTON (DEM),DONALD J. TRUMP (REP),9261,15097,890,25248,"United States Senator, Isakson",JIM BARKSDALE (DEM),JOHNNY ISAKSON (I) (REP),7738,15530,1016,presidentVsSenate,ga-2016-official-results,ga-2016-official-results,https://results.sos.ga.gov/cdn/results/Georgia/export-2016NovGen.json
GA,2016,Burke County,county:13033,Burke County,county,HILLARY CLINTON (DEM),DONALD J. TRUMP (REP),4731,4491,129,9351,"United States Senator, Isakson",JIM BARKSDALE (DEM),JOHNNY ISAKSON (I) (REP),4068,4448,200,presidentVsSenate,ga-2016-official-results,ga-2016-official-results,https://results.sos.ga.gov/cdn/results/Georgia/export-2016NovGen.json
GA,2016,Butts County,county:13035,Butts County,county,HILLARY CLINTON (DEM),DONALD J. TRUMP (REP),2566,6717,194,9477,"United States Senator, Isakson",JIM BARKSDALE (DEM),JOHNNY ISAKSON (I) (REP),2167,6320,346,presidentVsSenate,ga-2016-official-results,ga-2016-official-results,https://results.sos.ga.gov/cdn/results/Georgia/export-2016NovGen.json
GA,2016,Calhoun County,county:13037,Calhoun County,county,HILLARY CLINTON (DEM),DONALD J. TRUMP (REP),1179,830,16,2025,"United States Senator, Isakson",JIM BARKSDALE (DEM),JOHNNY ISAKSON (I) (REP),1007,862,30,presidentVsSenate,ga-2016-official-results,ga-2016-official-results,https://results.sos.ga.gov/cdn/results/Georgia/export-2016NovGen.json
GA,2016,Camden County,county:13039,Camden County,county,HILLARY CLINTON (DEM),DONALD J. TRUMP (REP),5930,12310,629,18869,"United States Senator, Isakson",JIM BARKSDALE (DEM),JOHNNY ISAKSON (I) (REP),5097,11454,1006,presidentVsSenate,ga-2016-official-results,ga-2016-official-results,https://results.sos.ga.gov/cdn/results/Georgia/export-2016NovGen.json
GA,2016,Candler County,county:13043,Candler County,county,HILLARY CLINTON (DEM),DONALD J. TRUMP (REP),1026,2664,73,3763,"United States Senator, Isakson",JIM BARKSDALE (DEM),JOHNNY ISAKSON (I) (REP),855,2588,105,presidentVsSenate,ga-2016-official-results,ga-2016-official-results,https://results.sos.ga.gov/cdn/results/Georgia/export-2016NovGen.json
GA,2016,Carroll County,county:13045,Carroll County,county,HILLARY CLINTON (DEM),DONALD J. TRUMP (REP),12464,30029,1346,43839,"United States Senator, Isakson",JIM BARKSDALE (DEM),JOHNNY ISAKSON (I) (REP),10867,29043,1997,presidentVsSenate,ga-2016-official-results,ga-2016-official-results,https://results.sos.ga.gov/cdn/results/Georgia/export-2016NovGen.json
GA,2016,Catoosa County,county:13047,Catoosa County,county,HILLARY CLINTON (DEM),DONALD J. TRUMP (REP),4771,20876,881,26528,"United States Senator, Isakson",JIM BARKSDALE (DEM),JOHNNY ISAKSON (I) (REP),4121,18888,1281,presidentVsSenate,ga-2016-official-results,ga-2016-official-results,https://results.sos.ga.gov/cdn/results/Georgia/export-2016NovGen.json
GA,2016,Charlton County,county:13049,Charlton County,county,HILLARY CLINTON (DEM),DONALD J. TRUMP (REP),1004,2951,54,4009,"United States Senator, Isakson",JIM BARKSDALE (DEM),JOHNNY ISAKSON (I) (REP),873,2489,141,presidentVsSenate,ga-2016-official-results,ga-2016-official-results,https://results.sos.ga.gov/cdn/results/Georgia/export-2016NovGen.json
GA,2016,Chatham County,county:13051,Chatham County,county,HILLARY CLINTON (DEM),DONALD J. TRUMP (REP),62290,45688,3503,111481,"United States Senator, Isakson",JIM BARKSDALE (DEM),JOHNNY ISAKSON (I) (REP),52146,49740,4078,presidentVsSenate,ga-2016-official-results,ga-2016-official-results,https://results.sos.ga.gov/cdn/results/Georgia/export-2016NovGen.json
GA,2016,Chattahoochee County,county:13053,Chattahoochee County,county,HILLARY CLINTON (DEM),DONALD J. TRUMP (REP),594,751,45,1390,"United States Senator, Isakson",JIM BARKSDALE (DEM),JOHNNY ISAKSON (I) (REP),508,700,62,presidentVsSenate,ga-2016-official-results,ga-2016-official-results,https://results.sos.ga.gov/cdn/results/Georgia/export-2016NovGen.json
GA,2016,Chattooga County,county:13055,Chattooga County,county,HILLARY CLINTON (DEM),DONALD J. TRUMP (REP),1613,6462,177,8252,"United States Senator, Isakson",JIM BARKSDALE (DEM),JOHNNY ISAKSON (I) (REP),1622,5827,295,presidentVsSenate,ga-2016-official-results,ga-2016-official-results,https://results.sos.ga.gov/cdn/results/Georgia/export-2016NovGen.json
GA,2016,Cherokee County,county:13057,Cherokee County,county,HILLARY CLINTON (DEM),DONALD J. TRUMP (REP),25231,80649,5015,110895,"United States Senator, Isakson",JIM BARKSDALE (DEM),JOHNNY ISAKSON (I) (REP),20717,80166,6438,presidentVsSenate,ga-2016-official-results,ga-2016-official-results,https://results.sos.ga.gov/cdn/results/Georgia/export-2016NovGen.json
GA,2016,Clarke County,county:13059,Clarke County,county,HILLARY CLINTON (DEM),DONALD J. TRUMP (REP),29603,12717,2019,44339,"United States Senator, Isakson",JIM BARKSDALE (DEM),JOHNNY ISAKSON (I) (REP),25474,15529,2203,presidentVsSenate,ga-2016-official-results,ga-2016-official-results,https://results.sos.ga.gov/cdn/results/Georgia/export-2016NovGen.json
GA,2016,Clay County,county:13061,Clay County,county,HILLARY CLINTON (DEM),DONALD J. TRUMP (REP),697,566,8,1271,"United States Senator, Isakson",JIM BARKSDALE (DEM),JOHNNY ISAKSON (I) (REP),574,560,23,presidentVsSenate,ga-2016-official-results,ga-2016-official-results,https://results.sos.ga.gov/cdn/results/Georgia/export-2016NovGen.json
GA,2016,Clayton County,county:13063,Clayton County,county,HILLARY CLINTON (DEM),DONALD J. TRUMP (REP),78220,12645,1647,92512,"United States Senator, Isakson",JIM BARKSDALE (DEM),JOHNNY ISAKSON (I) (REP),69400,14918,2428,presidentVsSenate,ga-2016-official-results,ga-2016-official-results,https://results.sos.ga.gov/cdn/results/Georgia/export-2016NovGen.json
GA,2016,Clinch County,county:13065,Clinch County,county,HILLARY CLINTON (DEM),DONALD J. TRUMP (REP),686,1727,34,2447,"United States Senator, Isakson",JIM BARKSDALE (DEM),JOHNNY ISAKSON (I) (REP),493,1549,76,presidentVsSenate,ga-2016-official-results,ga-2016-official-results,https://results.sos.ga.gov/cdn/results/Georgia/export-2016NovGen.json
GA,2016,Cobb County,county:13067,Cobb County,county,HILLARY CLINTON (DEM),DONALD J. TRUMP (REP),160121,152912,14466,327499,"United States Senator, Isakson",JIM BARKSDALE (DEM),JOHNNY ISAKSON (I) (REP),133871,169269,16955,presidentVsSenate,ga-2016-official-results,ga-2016-official-results,https://results.sos.ga.gov/cdn/results/Georgia/export-2016NovGen.json
GA,2016,Coffee County,county:13069,Coffee County,county,HILLARY CLINTON (DEM),DONALD J. TRUMP (REP),4094,9588,233,13915,"United States Senator, Isakson",JIM BARKSDALE (DEM),JOHNNY ISAKSON (I) (REP),3494,8883,361,presidentVsSenate,ga-2016-official-results,ga-2016-official-results,https://results.sos.ga.gov/cdn/results/Georgia/export-2016NovGen.json
GA,2016,Colquitt County,county:13071,Colquitt County,county,HILLARY CLINTON (DEM),DONALD J. TRUMP (REP),3463,9898,240,13601,"United States Senator, Isakson",JIM BARKSDALE (DEM),JOHNNY ISAKSON (I) (REP),2726,9618,337,presidentVsSenate,ga-2016-official-results,ga-2016-official-results,https://results.sos.ga.gov/cdn/results/Georgia/export-2016NovGen.json
GA,2016,Columbia County,county:13073,Columbia County,county,HILLARY CLINTON (DEM),DONALD J. TRUMP (REP),18887,43085,2270,64242,"United States Senator, Isakson",JIM BARKSDALE (DEM),JOHNNY ISAKSON (I) (REP),15800,42891,2443,presidentVsSenate,ga-2016-official-results,ga-2016-official-results,https://results.sos.ga.gov/cdn/results/Georgia/export-2016NovGen.json
GA,2016,Cook County,county:13075,Cook County,county,HILLARY CLINTON (DEM),DONALD J. TRUMP (REP),1753,4176,112,6041,"United States Senator, Isakson",JIM BARKSDALE (DEM),JOHNNY ISAKSON (I) (REP),1462,4045,187,presidentVsSenate,ga-2016-official-results,ga-2016-official-results,https://results.sos.ga.gov/cdn/results/Georgia/export-2016NovGen.json
GA,2016,Coweta County,county:13077,Coweta County,county,HILLARY CLINTON (DEM),DONALD J. TRUMP (REP),16583,42533,2235,61351,"United States Senator, Isakson",JIM BARKSDALE (DEM),JOHNNY ISAKSON (I) (REP),14088,41972,2815,presidentVsSenate,ga-2016-official-results,ga-2016-official-results,https://results.sos.ga.gov/cdn/results/Georgia/export-2016NovGen.json
GA,2016,Crawford County,county:13079,Crawford County,county,HILLARY CLINTON (DEM),DONALD J. TRUMP (REP),1421,3635,106,5162,"United States Senator, Isakson",JIM BARKSDALE (DEM),JOHNNY ISAKSON (I) (REP),1193,3494,162,presidentVsSenate,ga-2016-official-results,ga-2016-official-results,https://results.sos.ga.gov/cdn/results/Georgia/export-2016NovGen.json
GA,2016,Crisp County,county:13081,Crisp County,county,HILLARY CLINTON (DEM),DONALD J. TRUMP (REP),2837,4549,126,7512,"United States Senator, Isakson",JIM BARKSDALE (DEM),JOHNNY ISAKSON (I) (REP),2245,4546,171,presidentVsSenate,ga-2016-official-results,ga-2016-official-results,https://results.sos.ga.gov/cdn/results/Georgia/export-2016NovGen.json
GA,2016,Dade County,county:13083,Dade County,county,HILLARY CLINTON (DEM),DONALD J. TRUMP (REP),965,5051,226,6242,"United States Senator, Isakson",JIM BARKSDALE (DEM),JOHNNY ISAKSON (I) (REP),880,4448,347,presidentVsSenate,ga-2016-official-results,ga-2016-official-results,https://results.sos.ga.gov/cdn/results/Georgia/export-2016NovGen.json
GA,2016,Dawson County,county:13085,Dawson County,county,HILLARY CLINTON (DEM),DONALD J. TRUMP (REP),1448,9900,356,11704,"United States Senator, Isakson",JIM BARKSDALE (DEM),JOHNNY ISAKSON (I) (REP),1233,9314,659,presidentVsSenate,ga-2016-official-results,ga-2016-official-results,https://results.sos.ga.gov/cdn/results/Georgia/export-2016NovGen.json
GA,2016,Decatur County,county:13087,Decatur County,county,HILLARY CLINTON (DEM),DONALD J. TRUMP (REP),4124,6020,126,10270,"United States Senator, Isakson",JIM BARKSDALE (DEM),JOHNNY ISAKSON (I) (REP),3529,5593,289,presidentVsSenate,ga-2016-official-results,ga-2016-official-results,https://results.sos.ga.gov/cdn/results/Georgia/export-2016NovGen.json
GA,2016,DeKalb County,county:13089,DeKalb County,county,HILLARY CLINTON (DEM),DONALD J. TRUMP (REP),251370,51468,9666,312504,"United States Senator, Isakson",JIM BARKSDALE (DEM),JOHNNY ISAKSON (I) (REP),218383,70994,11761,presidentVsSenate,ga-2016-official-results,ga-2016-official-results,https://results.sos.ga.gov/cdn/results/Georgia/export-2016NovGen.json
GA,2016,Dodge County,county:13091,Dodge County,county,HILLARY CLINTON (DEM),DONALD J. TRUMP (REP),1839,5021,138,6998,"United States Senator, Isakson",JIM BARKSDALE (DEM),JOHNNY ISAKSON (I) (REP),1441,4766,172,presidentVsSenate,ga-2016-official-results,ga-2016-official-results,https://results.sos.ga.gov/cdn/results/Georgia/export-2016NovGen.json
GA,2016,Dooly County,county:13093,Dooly County,county,HILLARY CLINTON (DEM),DONALD J. TRUMP (REP),1872,1951,36,3859,"United States Senator, Isakson",JIM BARKSDALE (DEM),JOHNNY ISAKSON (I) (REP),1441,2022,70,presidentVsSenate,ga-2016-official-results,ga-2016-official-results,https://results.sos.ga.gov/cdn/results/Georgia/export-2016NovGen.json
GA,2016,Dougherty County,county:13095,Dougherty County,county,HILLARY CLINTON (DEM),DONALD J. TRUMP (REP),23311,10232,475,34018,"United States Senator, Isakson",JIM BARKSDALE (DEM),JOHNNY ISAKSON (I) (REP),20354,11048,561,presidentVsSenate,ga-2016-official-results,ga-2016-official-results,https://results.sos.ga.gov/cdn/results/Georgia/export-2016NovGen.json
GA,2016,Douglas County,county:13097,Douglas County,county,HILLARY CLINTON (DEM),DONALD J. TRUMP (REP),31005,24817,1594,57416,"United States Senator, Isakson",JIM BARKSDALE (DEM),JOHNNY ISAKSON (I) (REP),28166,25102,2068,presidentVsSenate,ga-2016-official-results,ga-2016-official-results,https://results.sos.ga.gov/cdn/results/Georgia/export-2016NovGen.json
GA,2016,Early County,county:13099,Early County,county,HILLARY CLINTON (DEM),DONALD J. TRUMP (REP),2168,2552,65,4785,"United States Senator, Isakson",JIM BARKSDALE (DEM),JOHNNY ISAKSON (I) (REP),1877,2515,112,presidentVsSenate,ga-2016-official-results,ga-2016-official-results,https://results.sos.ga.gov/cdn/results/Georgia/export-2016NovGen.json
GA,2016,Echols County,county:13101,Echols County,county,HILLARY CLINTON (DEM),DONALD J. TRUMP (REP),156,1007,13,1176,"United States Senator, Isakson",JIM BARKSDALE (DEM),JOHNNY ISAKSON (I) (REP),146,874,45,presidentVsSenate,ga-2016-official-results,ga-2016-official-results,https://results.sos.ga.gov/cdn/results/Georgia/export-2016NovGen.json
GA,2016,Effingham County,county:13103,Effingham County,county,HILLARY CLINTON (DEM),DONALD J. TRUMP (REP),4853,17874,679,23406,"United States Senator, Isakson",JIM BARKSDALE (DEM),JOHNNY ISAKSON (I) (REP),4049,17389,863,presidentVsSenate,ga-2016-official-results,ga-2016-official-results,https://results.sos.ga.gov/cdn/results/Georgia/export-2016NovGen.json
GA,2016,Elbert County,county:13105,Elbert County,county,HILLARY CLINTON (DEM),DONALD J. TRUMP (REP),2539,5292,139,7970,"United States Senator, Isakson",JIM BARKSDALE (DEM),JOHNNY ISAKSON (I) (REP),2154,4960,231,presidentVsSenate,ga-2016-official-results,ga-2016-official-results,https://results.sos.ga.gov/cdn/results/Georgia/export-2016NovGen.json
GA,2016,Emanuel County,county:13107,Emanuel County,county,HILLARY CLINTON (DEM),DONALD J. TRUMP (REP),2435,5335,75,7845,"United States Senator, Isakson",JIM BARKSDALE (DEM),JOHNNY ISAKSON (I) (REP),1974,5062,186,presidentVsSenate,ga-2016-official-results,ga-2016-official-results,https://results.sos.ga.gov/cdn/results/Georgia/export-2016NovGen.json
GA,2016,Evans County,county:13109,Evans County,county,HILLARY CLINTON (DEM),DONALD J. TRUMP (REP),1130,2404,68,3602,"United States Senator, Isakson",JIM BARKSDALE (DEM),JOHNNY ISAKSON (I) (REP),852,2395,80,presidentVsSenate,ga-2016-official-results,ga-2016-official-results,https://results.sos.ga.gov/cdn/results/Georgia/export-2016NovGen.json
GA,2016,Fannin County,county:13111,Fannin County,county,HILLARY CLINTON (DEM),DONALD J. TRUMP (REP),1923,9632,222,11777,"United States Senator, Isakson",JIM BARKSDALE (DEM),JOHNNY ISAKSON (I) (REP),1778,8841,462,presidentVsSenate,ga-2016-official-results,ga-2016-official-results,https://results.sos.ga.gov/cdn/results/Georgia/export-2016NovGen.json
GA,2016,Fayette County,county:13113,Fayette County,county,HILLARY CLINTON (DEM),DONALD J. TRUMP (REP),23284,35048,2103,60435,"United States Senator, Isakson",JIM BARKSDALE (DEM),JOHNNY ISAKSON (I) (REP),19602,36356,2549,presidentVsSenate,ga-2016-official-results,ga-2016-official-results,https://results.sos.ga.gov/cdn/results/Georgia/export-2016NovGen.json
GA,2016,Floyd County,county:13115,Floyd County,county,HILLARY CLINTON (DEM),DONALD J. TRUMP (REP),9159,24114,1084,34357,"United States Senator, Isakson",JIM BARKSDALE (DEM),JOHNNY ISAKSON (I) (REP),7812,23480,1323,presidentVsSenate,ga-2016-official-results,ga-2016-official-results,https://results.sos.ga.gov/cdn/results/Georgia/export-2016NovGen.json
GA,2016,Forsyth County,county:13117,Forsyth County,county,HILLARY CLINTON (DEM),DONALD J. TRUMP (REP),23462,69851,4091,97404,"United States Senator, Isakson",JIM BARKSDALE (DEM),JOHNNY ISAKSON (I) (REP),18169,70833,5258,presidentVsSenate,ga-2016-official-results,ga-2016-official-results,https://results.sos.ga.gov/cdn/results/Georgia/export-2016NovGen.json
GA,2016,Franklin County,county:13119,Franklin County,county,HILLARY CLINTON (DEM),DONALD J. TRUMP (REP),1243,7054,177,8474,"United States Senator, Isakson",JIM BARKSDALE (DEM),JOHNNY ISAKSON (I) (REP),1113,6488,327,presidentVsSenate,ga-2016-official-results,ga-2016-official-results,https://results.sos.ga.gov/cdn/results/Georgia/export-2016NovGen.json
GA,2016,Fulton County,county:13121,Fulton County,county,HILLARY CLINTON (DEM),DONALD J. TRUMP (REP),297051,117783,15765,430599,"United States Senator, Isakson",JIM BARKSDALE (DEM),JOHNNY ISAKSON (I) (REP),246397,151689,17421,presidentVsSenate,ga-2016-official-results,ga-2016-official-results,https://results.sos.ga.gov/cdn/results/Georgia/export-2016NovGen.json
GA,2016,Gilmer County,county:13123,Gilmer County,county,HILLARY CLINTON (DEM),DONALD J. TRUMP (REP),1965,10477,293,12735,"United States Senator, Isakson",JIM BARKSDALE (DEM),JOHNNY ISAKSON (I) (REP),1795,9508,614,presidentVsSenate,ga-2016-official-results,ga-2016-official-results,https://results.sos.ga.gov/cdn/results/Georgia/export-2016NovGen.json
GA,2016,Glascock County,county:13125,Glascock County,county,HILLARY CLINTON (DEM),DONALD J. TRUMP (REP),138,1235,17,1390,"United States Senator, Isakson",JIM BARKSDALE (DEM),JOHNNY ISAKSON (I) (REP),142,1101,37,presidentVsSenate,ga-2016-official-results,ga-2016-official-results,https://results.sos.ga.gov/cdn/results/Georgia/export-2016NovGen.json
GA,2016,Glynn County,county:13127,Glynn County,county,HILLARY CLINTON (DEM),DONALD J. TRUMP (REP),11775,21512,825,34112,"United States Senator, Isakson",JIM BARKSDALE (DEM),JOHNNY ISAKSON (I) (REP),9439,20887,1169,presidentVsSenate,ga-2016-official-results,ga-2016-official-results,https://results.sos.ga.gov/cdn/results/Georgia/export-2016NovGen.json
GA,2016,Gordon County,county:13129,Gordon County,county,HILLARY CLINTON (DEM),DONALD J. TRUMP (REP),3181,15191,507,18879,"United States Senator, Isakson",JIM BARKSDALE (DEM),JOHNNY ISAKSON (I) (REP),2854,14092,816,presidentVsSenate,ga-2016-official-results,ga-2016-official-results,https://results.sos.ga.gov/cdn/results/Georgia/export-2016NovGen.json
GA,2016,Grady County,county:13131,Grady County,county,HILLARY CLINTON (DEM),DONALD J. TRUMP (REP),3013,6053,135,9201,"United States Senator, Isakson",JIM BARKSDALE (DEM),JOHNNY ISAKSON (I) (REP),2671,5534,261,presidentVsSenate,ga-2016-official-results,ga-2016-official-results,https://results.sos.ga.gov/cdn/results/Georgia/export-2016NovGen.json
GA,2016,Greene County,county:13133,Greene County,county,HILLARY CLINTON (DEM),DONALD J. TRUMP (REP),3199,5490,151,8840,"United States Senator, Isakson",JIM BARKSDALE (DEM),JOHNNY ISAKSON (I) (REP),2625,5735,154,presidentVsSenate,ga-2016-official-results,ga-2016-official-results,https://results.sos.ga.gov/cdn/results/Georgia/export-2016NovGen.json
GA,2016,Gwinnett County,county:13135,Gwinnett County,county,HILLARY CLINTON (DEM),DONALD J. TRUMP (REP),166153,146989,12494,325636,"United States Senator, Isakson",JIM BARKSDALE (DEM),JOHNNY ISAKSON (I) (REP),141141,154572,15360,presidentVsSenate,ga-2016-official-results,ga-2016-official-results,https://results.sos.ga.gov/cdn/results/Georgia/export-2016NovGen.json
GA,2016,Habersham County,county:13137,Habersham County,county,HILLARY CLINTON (DEM),DONALD J. TRUMP (REP),2483,13190,461,16134,"United States Senator, Isakson",JIM BARKSDALE (DEM),JOHNNY ISAKSON (I) (REP),2173,12493,736,presidentVsSenate,ga-2016-official-results,ga-2016-official-results,https://results.sos.ga.gov/cdn/results/Georgia/export-2016NovGen.json
GA,2016,Hall County,county:13139,Hall County,county,HILLARY CLINTON (DEM),DONALD J. TRUMP (REP),16180,51733,2307,70220,"United States Senator, Isakson",JIM BARKSDALE (DEM),JOHNNY ISAKSON (I) (REP),13602,50124,3547,presidentVsSenate,ga-2016-official-results,ga-2016-official-results,https://results.sos.ga.gov/cdn/results/Georgia/export-2016NovGen.json
GA,2016,Hancock County,county:13141,Hancock County,county,HILLARY CLINTON (DEM),DONALD J. TRUMP (REP),2701,843,36,3580,"United States Senator, Isakson",JIM BARKSDALE (DEM),JOHNNY ISAKSON (I) (REP),2295,946,56,presidentVsSenate,ga-2016-official-results,ga-2016-official-results,https://results.sos.ga.gov/cdn/results/Georgia/export-2016NovGen.json
GA,2016,Haralson County,county:13143,Haralson County,county,HILLARY CLINTON (DEM),DONALD J. TRUMP (REP),1475,9585,264,11324,"United States Senator, Isakson",JIM BARKSDALE (DEM),JOHNNY ISAKSON (I) (REP),1444,8833,481,presidentVsSenate,ga-2016-official-results,ga-2016-official-results,https://results.sos.ga.gov/cdn/results/Georgia/export-2016NovGen.json
GA,2016,Harris County,county:13145,Harris County,county,HILLARY CLINTON (DEM),DONALD J. TRUMP (REP),4086,11936,379,16401,"United States Senator, Isakson",JIM BARKSDALE (DEM),JOHNNY ISAKSON (I) (REP),3395,11608,582,presidentVsSenate,ga-2016-official-results,ga-2016-official-results,https://results.sos.ga.gov/cdn/results/Georgia/export-2016NovGen.json
GA,2016,Hart County,county:13147,Hart County,county,HILLARY CLINTON (DEM),DONALD J. TRUMP (REP),2585,7286,209,10080,"United States Senator, Isakson",JIM BARKSDALE (DEM),JOHNNY ISAKSON (I) (REP),2180,6703,345,presidentVsSenate,ga-2016-official-results,ga-2016-official-results,https://results.sos.ga.gov/cdn/results/Georgia/export-2016NovGen.json
GA,2016,Heard County,county:13149,Heard County,county,HILLARY CLINTON (DEM),DONALD J. TRUMP (REP),743,3370,93,4206,"United States Senator, Isakson",JIM BARKSDALE (DEM),JOHNNY ISAKSON (I) (REP),679,3099,172,presidentVsSenate,ga-2016-official-results,ga-2016-official-results,https://results.sos.ga.gov/cdn/results/Georgia/export-2016NovGen.json
GA,2016,Henry County,county:13151,Henry County,county,HILLARY CLINTON (DEM),DONALD J. TRUMP (REP),50057,45724,2505,98286,"United States Senator, Isakson",JIM BARKSDALE (DEM),JOHNNY ISAKSON (I) (REP),44108,45234,3468,presidentVsSenate,ga-2016-official-results,ga-2016-official-results,https://results.sos.ga.gov/cdn/results/Georgia/export-2016NovGen.json
GA,2016,Houston County,county:13153,Houston County,county,HILLARY CLINTON (DEM),DONALD J. TRUMP (REP),22553,35430,1761,59744,"United States Senator, Isakson",JIM BARKSDALE (DEM),JOHNNY ISAKSON (I) (REP),19191,35289,2063,presidentVsSenate,ga-2016-official-results,ga-2016-official-results,https://results.sos.ga.gov/cdn/results/Georgia/export-2016NovGen.json
GA,2016,Irwin County,county:13155,Irwin County,county,HILLARY CLINTON (DEM),DONALD J. TRUMP (REP),891,2716,58,3665,"United States Senator, Isakson",JIM BARKSDALE (DEM),JOHNNY ISAKSON (I) (REP),762,2581,88,presidentVsSenate,ga-2016-official-results,ga-2016-official-results,https://results.sos.ga.gov/cdn/results/Georgia/export-2016NovGen.json
GA,2016,Jackson County,county:13157,Jackson County,county,HILLARY CLINTON (DEM),DONALD J. TRUMP (REP),4491,21784,834,27109,"United States Senator, Isakson",JIM BARKSDALE (DEM),JOHNNY ISAKSON (I) (REP),3906,20965,1217,presidentVsSenate,ga-2016-official-results,ga-2016-official-results,https://results.sos.ga.gov/cdn/results/Georgia/export-2016NovGen.json
GA,2016,Jasper County,county:13159,Jasper County,county,HILLARY CLINTON (DEM),DONALD J. TRUMP (REP),1544,4360,119,6023,"United States Senator, Isakson",JIM BARKSDALE (DEM),JOHNNY ISAKSON (I) (REP),1362,4180,230,presidentVsSenate,ga-2016-official-results,ga-2016-official-results,https://results.sos.ga.gov/cdn/results/Georgia/export-2016NovGen.json
GA,2016,Jeff Davis County,county:13161,Jeff Davis County,county,HILLARY CLINTON (DEM),DONALD J. TRUMP (REP),901,4104,86,5091,"United States Senator, Isakson",JIM BARKSDALE (DEM),JOHNNY ISAKSON (I) (REP),775,3716,144,presidentVsSenate,ga-2016-official-results,ga-2016-official-results,https://results.sos.ga.gov/cdn/results/Georgia/export-2016NovGen.json
GA,2016,Jefferson County,county:13163,Jefferson County,county,HILLARY CLINTON (DEM),DONALD J. TRUMP (REP),3821,3063,70,6954,"United States Senator, Isakson",JIM BARKSDALE (DEM),JOHNNY ISAKSON (I) (REP),3091,3040,113,presidentVsSenate,ga-2016-official-results,ga-2016-official-results,https://results.sos.ga.gov/cdn/results/Georgia/export-2016NovGen.json
GA,2016,Jenkins County,county:13165,Jenkins County,county,HILLARY CLINTON (DEM),DONALD J. TRUMP (REP),1123,1895,34,3052,"United States Senator, Isakson",JIM BARKSDALE (DEM),JOHNNY ISAKSON (I) (REP),934,1826,61,presidentVsSenate,ga-2016-official-results,ga-2016-official-results,https://results.sos.ga.gov/cdn/results/Georgia/export-2016NovGen.json
GA,2016,Johnson County,county:13167,Johnson County,county,HILLARY CLINTON (DEM),DONALD J. TRUMP (REP),1136,2519,27,3682,"United States Senator, Isakson",JIM BARKSDALE (DEM),JOHNNY ISAKSON (I) (REP),888,2373,76,presidentVsSenate,ga-2016-official-results,ga-2016-official-results,https://results.sos.ga.gov/cdn/results/Georgia/export-2016NovGen.json
GA,2016,Jones County,county:13169,Jones County,county,HILLARY CLINTON (DEM),DONALD J. TRUMP (REP),3961,8305,260,12526,"United States Senator, Isakson",JIM BARKSDALE (DEM),JOHNNY ISAKSON (I) (REP),3482,8125,344,presidentVsSenate,ga-2016-official-results,ga-2016-official-results,https://results.sos.ga.gov/cdn/results/Georgia/export-2016NovGen.json
GA,2016,Lamar County,county:13171,Lamar County,county,HILLARY CLINTON (DEM),DONALD J. TRUMP (REP),2270,5190,126,7586,"United States Senator, Isakson",JIM BARKSDALE (DEM),JOHNNY ISAKSON (I) (REP),2003,4929,250,presidentVsSenate,ga-2016-official-results,ga-2016-official-results,https://results.sos.ga.gov/cdn/results/Georgia/export-2016NovGen.json
GA,2016,Lanier County,county:13173,Lanier County,county,HILLARY CLINTON (DEM),DONALD J. TRUMP (REP),806,1984,73,2863,"United States Senator, Isakson",JIM BARKSDALE (DEM),JOHNNY ISAKSON (I) (REP),661,1792,121,presidentVsSenate,ga-2016-official-results,ga-2016-official-results,https://results.sos.ga.gov/cdn/results/Georgia/export-2016NovGen.json
GA,2016,Laurens County,county:13175,Laurens County,county,HILLARY CLINTON (DEM),DONALD J. TRUMP (REP),6752,12411,313,19476,"United States Senator, Isakson",JIM BARKSDALE (DEM),JOHNNY ISAKSON (I) (REP),5563,12449,430,presidentVsSenate,ga-2016-official-results,ga-2016-official-results,https://results.sos.ga.gov/cdn/results/Georgia/export-2016NovGen.json
GA,2016,Lee County,county:13177,Lee County,county,HILLARY CLINTON (DEM),DONALD J. TRUMP (REP),3170,10646,299,14115,"United States Senator, Isakson",JIM BARKSDALE (DEM),JOHNNY ISAKSON (I) (REP),2876,10305,329,presidentVsSenate,ga-2016-official-results,ga-2016-official-results,https://results.sos.ga.gov/cdn/results/Georgia/export-2016NovGen.json
GA,2016,Liberty County,county:13179,Liberty County,county,HILLARY CLINTON (DEM),DONALD J. TRUMP (REP),9556,6134,427,16117,"United States Senator, Isakson",JIM BARKSDALE (DEM),JOHNNY ISAKSON (I) (REP),8147,6497,574,presidentVsSenate,ga-2016-official-results,ga-2016-official-results,https://results.sos.ga.gov/cdn/results/Georgia/export-2016NovGen.json
GA,2016,Lincoln County,county:13181,Lincoln County,county,HILLARY CLINTON (DEM),DONALD J. TRUMP (REP),1273,2759,70,4102,"United States Senator, Isakson",JIM BARKSDALE (DEM),JOHNNY ISAKSON (I) (REP),1098,2671,95,presidentVsSenate,ga-2016-official-results,ga-2016-official-results,https://results.sos.ga.gov/cdn/results/Georgia/export-2016NovGen.json
GA,2016,Long County,county:13183,Long County,county,HILLARY CLINTON (DEM),DONALD J. TRUMP (REP),1360,2626,131,4117,"United States Senator, Isakson",JIM BARKSDALE (DEM),JOHNNY ISAKSON (I) (REP),1152,2524,169,presidentVsSenate,ga-2016-official-results,ga-2016-official-results,https://results.sos.ga.gov/cdn/results/Georgia/export-2016NovGen.json
GA,2016,Lowndes County,county:13185,Lowndes County,county,HILLARY CLINTON (DEM),DONALD J. TRUMP (REP),15064,21635,929,37628,"United States Senator, Isakson",JIM BARKSDALE (DEM),JOHNNY ISAKSON (I) (REP),13087,20802,1337,presidentVsSenate,ga-2016-official-results,ga-2016-official-results,https://results.sos.ga.gov/cdn/results/Georgia/export-2016NovGen.json
GA,2016,Lumpkin County,county:13187,Lumpkin County,county,HILLARY CLINTON (DEM),DONALD J. TRUMP (REP),2220,9619,495,12334,"United States Senator, Isakson",JIM BARKSDALE (DEM),JOHNNY ISAKSON (I) (REP),1955,9197,772,presidentVsSenate,ga-2016-official-results,ga-2016-official-results,https://results.sos.ga.gov/cdn/results/Georgia/export-2016NovGen.json
GA,2016,Macon County,county:13193,Macon County,county,HILLARY CLINTON (DEM),DONALD J. TRUMP (REP),2705,1540,42,4287,"United States Senator, Isakson",JIM BARKSDALE (DEM),JOHNNY ISAKSON (I) (REP),2129,1678,78,presidentVsSenate,ga-2016-official-results,ga-2016-official-results,https://results.sos.ga.gov/cdn/results/Georgia/export-2016NovGen.json
GA,2016,Madison County,county:13195,Madison County,county,HILLARY CLINTON (DEM),DONALD J. TRUMP (REP),2425,9201,328,11954,"United States Senator, Isakson",JIM BARKSDALE (DEM),JOHNNY ISAKSON (I) (REP),2164,8828,441,presidentVsSenate,ga-2016-official-results,ga-2016-official-results,https://results.sos.ga.gov/cdn/results/Georgia/export-2016NovGen.json
GA,2016,Marion County,county:13197,Marion County,county,HILLARY CLINTON (DEM),DONALD J. TRUMP (REP),1213,1921,49,3183,"United States Senator, Isakson",JIM BARKSDALE (DEM),JOHNNY ISAKSON (I) (REP),1033,1845,77,presidentVsSenate,ga-2016-official-results,ga-2016-official-results,https://results.sos.ga.gov/cdn/results/Georgia/export-2016NovGen.json
GA,2016,McDuffie County,county:13189,McDuffie County,county,HILLARY CLINTON (DEM),DONALD J. TRUMP (REP),3699,5432,137,9268,"United States Senator, Isakson",JIM BARKSDALE (DEM),JOHNNY ISAKSON (I) (REP),3045,5253,211,presidentVsSenate,ga-2016-official-results,ga-2016-official-results,https://results.sos.ga.gov/cdn/results/Georgia/export-2016NovGen.json
GA,2016,McIntosh County,county:13191,McIntosh County,county,HILLARY CLINTON (DEM),DONALD J. TRUMP (REP),2303,3487,113,5903,"United States Senator, Isakson",JIM BARKSDALE (DEM),JOHNNY ISAKSON (I) (REP),1905,3420,189,presidentVsSenate,ga-2016-official-results,ga-2016-official-results,https://results.sos.ga.gov/cdn/results/Georgia/export-2016NovGen.json
GA,2016,Meriwether County,county:13199,Meriwether County,county,HILLARY CLINTON (DEM),DONALD J. TRUMP (REP),3804,5222,165,9191,"United States Senator, Isakson",JIM BARKSDALE (DEM),JOHNNY ISAKSON (I) (REP),3194,5158,272,presidentVsSenate,ga-2016-official-results,ga-2016-official-results,https://results.sos.ga.gov/cdn/results/Georgia/export-2016NovGen.json
GA,2016,Miller County,county:13201,Miller County,county,HILLARY CLINTON (DEM),DONALD J. TRUMP (REP),623,1891,30,2544,"United States Senator, Isakson",JIM BARKSDALE (DEM),JOHNNY ISAKSON (I) (REP),503,1709,60,presidentVsSenate,ga-2016-official-results,ga-2016-official-results,https://results.sos.ga.gov/cdn/results/Georgia/export-2016NovGen.json
GA,2016,Mitchell County,county:13205,Mitchell County,county,HILLARY CLINTON (DEM),DONALD J. TRUMP (REP),3493,4279,93,7865,"United States Senator, Isakson",JIM BARKSDALE (DEM),JOHNNY ISAKSON (I) (REP),2977,4243,127,presidentVsSenate,ga-2016-official-results,ga-2016-official-results,https://results.sos.ga.gov/cdn/results/Georgia/export-2016NovGen.json
GA,2016,Monroe County,county:13207,Monroe County,county,HILLARY CLINTON (DEM),DONALD J. TRUMP (REP),3571,8832,284,12687,"United States Senator, Isakson",JIM BARKSDALE (DEM),JOHNNY ISAKSON (I) (REP),2965,8719,385,presidentVsSenate,ga-2016-official-results,ga-2016-official-results,https://results.sos.ga.gov/cdn/results/Georgia/export-2016NovGen.json
GA,2016,Montgomery County,county:13209,Montgomery County,county,HILLARY CLINTON (DEM),DONALD J. TRUMP (REP),847,2670,45,3562,"United States Senator, Isakson",JIM BARKSDALE (DEM),JOHNNY ISAKSON (I) (REP),676,2532,93,presidentVsSenate,ga-2016-official-results,ga-2016-official-results,https://results.sos.ga.gov/cdn/results/Georgia/export-2016NovGen.json
GA,2016,Morgan County,county:13211,Morgan County,county,HILLARY CLINTON (DEM),DONALD J. TRUMP (REP),2663,6559,218,9440,"United States Senator, Isakson",JIM BARKSDALE (DEM),JOHNNY ISAKSON (I) (REP),2216,6533,319,presidentVsSenate,ga-2016-official-results,ga-2016-official-results,https://results.sos.ga.gov/cdn/results/Georgia/export-2016NovGen.json
GA,2016,Murray County,county:13213,Murray County,county,HILLARY CLINTON (DEM),DONALD J. TRUMP (REP),1800,10341,283,12424,"United States Senator, Isakson",JIM BARKSDALE (DEM),JOHNNY ISAKSON (I) (REP),1741,8922,453,presidentVsSenate,ga-2016-official-results,ga-2016-official-results,https://results.sos.ga.gov/cdn/results/Georgia/export-2016NovGen.json
GA,2016,Muscogee County,county:13215,Muscogee County,county,HILLARY CLINTON (DEM),DONALD J. TRUMP (REP),39851,26976,1831,68658,"United States Senator, Isakson",JIM BARKSDALE (DEM),JOHNNY ISAKSON (I) (REP),33620,27940,2254,presidentVsSenate,ga-2016-official-results,ga-2016-official-results,https://results.sos.ga.gov/cdn/results/Georgia/export-2016NovGen.json
GA,2016,Newton County,county:13217,Newton County,county,HILLARY CLINTON (DEM),DONALD J. TRUMP (REP),21943,20913,947,43803,"United States Senator, Isakson",JIM BARKSDALE (DEM),JOHNNY ISAKSON (I) (REP),19851,20584,1401,presidentVsSenate,ga-2016-official-results,ga-2016-official-results,https://results.sos.ga.gov/cdn/results/Georgia/export-2016NovGen.json
GA,2016,Oconee County,county:13219,Oconee County,county,HILLARY CLINTON (DEM),DONALD J. TRUMP (REP),5581,13425,925,19931,"United States Senator, Isakson",JIM BARKSDALE (DEM),JOHNNY ISAKSON (I) (REP),4423,14344,874,presidentVsSenate,ga-2016-official-results,ga-2016-official-results,https://results.sos.ga.gov/cdn/results/Georgia/export-2016NovGen.json
GA,2016,Oglethorpe County,county:13221,Oglethorpe County,county,HILLARY CLINTON (DEM),DONALD J. TRUMP (REP),1831,4625,199,6655,"United States Senator, Isakson",JIM BARKSDALE (DEM),JOHNNY ISAKSON (I) (REP),1629,4502,258,presidentVsSenate,ga-2016-official-results,ga-2016-official-results,https://results.sos.ga.gov/cdn/results/Georgia/export-2016NovGen.json
GA,2016,Paulding County,county:13223,Paulding County,county,HILLARY CLINTON (DEM),DONALD J. TRUMP (REP),18025,44662,1954,64641,"United States Senator, Isakson",JIM BARKSDALE (DEM),JOHNNY ISAKSON (I) (REP),15732,42974,3102,presidentVsSenate,ga-2016-official-results,ga-2016-official-results,https://results.sos.ga.gov/cdn/results/Georgia/export-2016NovGen.json
GA,2016,Peach County,county:13225,Peach County,county,HILLARY CLINTON (DEM),DONALD J. TRUMP (REP),5100,5413,211,10724,"United States Senator, Isakson",JIM BARKSDALE (DEM),JOHNNY ISAKSON (I) (REP),4454,5419,323,presidentVsSenate,ga-2016-official-results,ga-2016-official-results,https://results.sos.ga.gov/cdn/results/Georgia/export-2016NovGen.json
GA,2016,Pickens County,county:13227,Pickens County,county,HILLARY CLINTON (DEM),DONALD J. TRUMP (REP),1979,11651,354,13984,"United States Senator, Isakson",JIM BARKSDALE (DEM),JOHNNY ISAKSON (I) (REP),1739,11001,673,presidentVsSenate,ga-2016-official-results,ga-2016-official-results,https://results.sos.ga.gov/cdn/results/Georgia/export-2016NovGen.json
GA,2016,Pierce County,county:13229,Pierce County,county,HILLARY CLINTON (DEM),DONALD J. TRUMP (REP),903,6302,93,7298,"United States Senator, Isakson",JIM BARKSDALE (DEM),JOHNNY ISAKSON (I) (REP),751,5817,183,presidentVsSenate,ga-2016-official-results,ga-2016-official-results,https://results.sos.ga.gov/cdn/results/Georgia/export-2016NovGen.json
GA,2016,Pike County,county:13231,Pike County,county,HILLARY CLINTON (DEM),DONALD J. TRUMP (REP),1240,7278,163,8681,"United States Senator, Isakson",JIM BARKSDALE (DEM),JOHNNY ISAKSON (I) (REP),1101,6913,313,presidentVsSenate,ga-2016-official-results,ga-2016-official-results,https://results.sos.ga.gov/cdn/results/Georgia/export-2016NovGen.json
GA,2016,Polk County,county:13233,Polk County,county,HILLARY CLINTON (DEM),DONALD J. TRUMP (REP),2867,11014,289,14170,"United States Senator, Isakson",JIM BARKSDALE (DEM),JOHNNY ISAKSON (I) (REP),2613,10219,519,presidentVsSenate,ga-2016-official-results,ga-2016-official-results,https://results.sos.ga.gov/cdn/results/Georgia/export-2016NovGen.json
GA,2016,Pulaski County,county:13235,Pulaski County,county,HILLARY CLINTON (DEM),DONALD J. TRUMP (REP),1104,2437,58,3599,"United States Senator, Isakson",JIM BARKSDALE (DEM),JOHNNY ISAKSON (I) (REP),871,2415,88,presidentVsSenate,ga-2016-official-results,ga-2016-official-results,https://results.sos.ga.gov/cdn/results/Georgia/export-2016NovGen.json
GA,2016,Putnam County,county:13237,Putnam County,county,HILLARY CLINTON (DEM),DONALD J. TRUMP (REP),2758,6544,170,9472,"United States Senator, Isakson",JIM BARKSDALE (DEM),JOHNNY ISAKSON (I) (REP),2334,6435,277,presidentVsSenate,ga-2016-official-results,ga-2016-official-results,https://results.sos.ga.gov/cdn/results/Georgia/export-2016NovGen.json
GA,2016,Quitman County,county:13239,Quitman County,county,HILLARY CLINTON (DEM),DONALD J. TRUMP (REP),461,575,8,1044,"United States Senator, Isakson",JIM BARKSDALE (DEM),JOHNNY ISAKSON (I) (REP),382,501,29,presidentVsSenate,ga-2016-official-results,ga-2016-official-results,https://results.sos.ga.gov/cdn/results/Georgia/export-2016NovGen.json
GA,2016,Rabun County,county:13241,Rabun County,county,HILLARY CLINTON (DEM),DONALD J. TRUMP (REP),1444,6287,219,7950,"United States Senator, Isakson",JIM BARKSDALE (DEM),JOHNNY ISAKSON (I) (REP),1256,5977,330,presidentVsSenate,ga-2016-official-results,ga-2016-official-results,https://results.sos.ga.gov/cdn/results/Georgia/export-2016NovGen.json
GA,2016,Randolph County,county:13243,Randolph County,county,HILLARY CLINTON (DEM),DONALD J. TRUMP (REP),1598,1271,28,2897,"United States Senator, Isakson",JIM BARKSDALE (DEM),JOHNNY ISAKSON (I) (REP),1275,1293,41,presidentVsSenate,ga-2016-official-results,ga-2016-official-results,https://results.sos.ga.gov/cdn/results/Georgia/export-2016NovGen.json
GA,2016,Richmond County,county:13245,Richmond County,county,HILLARY CLINTON (DEM),DONALD J. TRUMP (REP),48814,24461,1811,75086,"United States Senator, Isakson",JIM BARKSDALE (DEM),JOHNNY ISAKSON (I) (REP),42229,25908,2196,presidentVsSenate,ga-2016-official-results,ga-2016-official-results,https://results.sos.ga.gov/cdn/results/Georgia/export-2016NovGen.json
GA,2016,Rockdale County,county:13247,Rockdale County,county,HILLARY CLINTON (DEM),DONALD J. TRUMP (REP),23255,13478,923,37656,"United States Senator, Isakson",JIM BARKSDALE (DEM),JOHNNY ISAKSON (I) (REP),21223,13893,1150,presidentVsSenate,ga-2016-official-results,ga-2016-official-results,https://results.sos.ga.gov/cdn/results/Georgia/export-2016NovGen.json
GA,2016,Schley County,county:13249,Schley County,county,HILLARY CLINTON (DEM),DONALD J. TRUMP (REP),401,1472,36,1909,"United States Senator, Isakson",JIM BARKSDALE (DEM),JOHNNY ISAKSON (I) (REP),345,1445,38,presidentVsSenate,ga-2016-official-results,ga-2016-official-results,https://results.sos.ga.gov/cdn/results/Georgia/export-2016NovGen.json
GA,2016,Screven County,county:13251,Screven County,county,HILLARY CLINTON (DEM),DONALD J. TRUMP (REP),2300,3305,94,5699,"United States Senator, Isakson",JIM BARKSDALE (DEM),JOHNNY ISAKSON (I) (REP),1942,3289,109,presidentVsSenate,ga-2016-official-results,ga-2016-official-results,https://results.sos.ga.gov/cdn/results/Georgia/export-2016NovGen.json
GA,2016,Seminole County,county:13253,Seminole County,county,HILLARY CLINTON (DEM),DONALD J. TRUMP (REP),1189,2345,48,3582,"United States Senator, Isakson",JIM BARKSDALE (DEM),JOHNNY ISAKSON (I) (REP),1012,2070,90,presidentVsSenate,ga-2016-official-results,ga-2016-official-results,https://results.sos.ga.gov/cdn/results/Georgia/export-2016NovGen.json
GA,2016,Spalding County,county:13255,Spalding County,county,HILLARY CLINTON (DEM),DONALD J. TRUMP (REP),9357,15646,597,25600,"United States Senator, Isakson",JIM BARKSDALE (DEM),JOHNNY ISAKSON (I) (REP),7879,15172,914,presidentVsSenate,ga-2016-official-results,ga-2016-official-results,https://results.sos.ga.gov/cdn/results/Georgia/export-2016NovGen.json
GA,2016,Stephens County,county:13257,Stephens County,county,HILLARY CLINTON (DEM),DONALD J. TRUMP (REP),1837,7686,243,9766,"United States Senator, Isakson",JIM BARKSDALE (DEM),JOHNNY ISAKSON (I) (REP),1548,7284,346,presidentVsSenate,ga-2016-official-results,ga-2016-official-results,https://results.sos.ga.gov/cdn/results/Georgia/export-2016NovGen.json
GA,2016,Stewart County,county:13259,Stewart County,county,HILLARY CLINTON (DEM),DONALD J. TRUMP (REP),1222,805,28,2055,"United States Senator, Isakson",JIM BARKSDALE (DEM),JOHNNY ISAKSON (I) (REP),900,807,43,presidentVsSenate,ga-2016-official-results,ga-2016-official-results,https://results.sos.ga.gov/cdn/results/Georgia/export-2016NovGen.json
GA,2016,Sumter County,county:13261,Sumter County,county,HILLARY CLINTON (DEM),DONALD J. TRUMP (REP),5520,5276,178,10974,"United States Senator, Isakson",JIM BARKSDALE (DEM),JOHNNY ISAKSON (I) (REP),4876,5418,197,presidentVsSenate,ga-2016-official-results,ga-2016-official-results,https://results.sos.ga.gov/cdn/results/Georgia/export-2016NovGen.json
GA,2016,Talbot County,county:13263,Talbot County,county,HILLARY CLINTON (DEM),DONALD J. TRUMP (REP),2002,1196,46,3244,"United States Senator, Isakson",JIM BARKSDALE (DEM),JOHNNY ISAKSON (I) (REP),1639,1228,97,presidentVsSenate,ga-2016-official-results,ga-2016-official-results,https://results.sos.ga.gov/cdn/results/Georgia/export-2016NovGen.json
GA,2016,Taliaferro County,county:13265,Taliaferro County,county,HILLARY CLINTON (DEM),DONALD J. TRUMP (REP),545,349,3,897,"United States Senator, Isakson",JIM BARKSDALE (DEM),JOHNNY ISAKSON (I) (REP),443,341,14,presidentVsSenate,ga-2016-official-results,ga-2016-official-results,https://results.sos.ga.gov/cdn/results/Georgia/export-2016NovGen.json
GA,2016,Tattnall County,county:13267,Tattnall County,county,HILLARY CLINTON (DEM),DONALD J. TRUMP (REP),1681,5096,109,6886,"United States Senator, Isakson",JIM BARKSDALE (DEM),JOHNNY ISAKSON (I) (REP),1354,4960,147,presidentVsSenate,ga-2016-official-results,ga-2016-official-results,https://results.sos.ga.gov/cdn/results/Georgia/export-2016NovGen.json
GA,2016,Taylor County,county:13269,Taylor County,county,HILLARY CLINTON (DEM),DONALD J. TRUMP (REP),1296,2064,45,3405,"United States Senator, Isakson",JIM BARKSDALE (DEM),JOHNNY ISAKSON (I) (REP),1091,1974,81,presidentVsSenate,ga-2016-official-results,ga-2016-official-results,https://results.sos.ga.gov/cdn/results/Georgia/export-2016NovGen.json
GA,2016,Telfair County,county:13271,Telfair County,county,HILLARY CLINTON (DEM),DONALD J. TRUMP (REP),1313,2450,32,3795,"United States Senator, Isakson",JIM BARKSDALE (DEM),JOHNNY ISAKSON (I) (REP),1120,2327,59,presidentVsSenate,ga-2016-official-results,ga-2016-official-results,https://results.sos.ga.gov/cdn/results/Georgia/export-2016NovGen.json
GA,2016,Terrell County,county:13273,Terrell County,county,HILLARY CLINTON (DEM),DONALD J. TRUMP (REP),2267,1874,40,4181,"United States Senator, Isakson",JIM BARKSDALE (DEM),JOHNNY ISAKSON (I) (REP),1857,1997,78,presidentVsSenate,ga-2016-official-results,ga-2016-official-results,https://results.sos.ga.gov/cdn/results/Georgia/export-2016NovGen.json
GA,2016,Thomas County,county:13275,Thomas County,county,HILLARY CLINTON (DEM),DONALD J. TRUMP (REP),7142,11228,368,18738,"United States Senator, Isakson",JIM BARKSDALE (DEM),JOHNNY ISAKSON (I) (REP),6002,10823,526,presidentVsSenate,ga-2016-official-results,ga-2016-official-results,https://results.sos.ga.gov/cdn/results/Georgia/export-2016NovGen.json
GA,2016,Tift County,county:13277,Tift County,county,HILLARY CLINTON (DEM),DONALD J. TRUMP (REP),4347,9584,244,14175,"United States Senator, Isakson",JIM BARKSDALE (DEM),JOHNNY ISAKSON (I) (REP),3432,9510,358,presidentVsSenate,ga-2016-official-results,ga-2016-official-results,https://results.sos.ga.gov/cdn/results/Georgia/export-2016NovGen.json
GA,2016,Toombs County,county:13279,Toombs County,county,HILLARY CLINTON (DEM),DONALD J. TRUMP (REP),2338,6615,158,9111,"United States Senator, Isakson",JIM BARKSDALE (DEM),JOHNNY ISAKSON (I) (REP),1953,6367,248,presidentVsSenate,ga-2016-official-results,ga-2016-official-results,https://results.sos.ga.gov/cdn/results/Georgia/export-2016NovGen.json
GA,2016,Towns County,county:13281,Towns County,county,HILLARY CLINTON (DEM),DONALD J. TRUMP (REP),1210,5383,146,6739,"United States Senator, Isakson",JIM BARKSDALE (DEM),JOHNNY ISAKSON (I) (REP),1164,4964,226,presidentVsSenate,ga-2016-official-results,ga-2016-official-results,https://results.sos.ga.gov/cdn/results/Georgia/export-2016NovGen.json
GA,2016,Treutlen County,county:13283,Treutlen County,county,HILLARY CLINTON (DEM),DONALD J. TRUMP (REP),862,1809,32,2703,"United States Senator, Isakson",JIM BARKSDALE (DEM),JOHNNY ISAKSON (I) (REP),626,1700,64,presidentVsSenate,ga-2016-official-results,ga-2016-official-results,https://results.sos.ga.gov/cdn/results/Georgia/export-2016NovGen.json
GA,2016,Troup County,county:13285,Troup County,county,HILLARY CLINTON (DEM),DONALD J. TRUMP (REP),9713,15750,561,26024,"United States Senator, Isakson",JIM BARKSDALE (DEM),JOHNNY ISAKSON (I) (REP),8312,15293,830,presidentVsSenate,ga-2016-official-results,ga-2016-official-results,https://results.sos.ga.gov/cdn/results/Georgia/export-2016NovGen.json
GA,2016,Turner County,county:13287,Turner County,county,HILLARY CLINTON (DEM),DONALD J. TRUMP (REP),1246,2095,53,3394,"United States Senator, Isakson",JIM BARKSDALE (DEM),JOHNNY ISAKSON (I) (REP),1031,2039,75,presidentVsSenate,ga-2016-official-results,ga-2016-official-results,https://results.sos.ga.gov/cdn/results/Georgia/export-2016NovGen.json
GA,2016,Twiggs County,county:13289,Twiggs County,county,HILLARY CLINTON (DEM),DONALD J. TRUMP (REP),1971,2035,50,4056,"United States Senator, Isakson",JIM BARKSDALE (DEM),JOHNNY ISAKSON (I) (REP),1655,1975,95,presidentVsSenate,ga-2016-official-results,ga-2016-official-results,https://results.sos.ga.gov/cdn/results/Georgia/export-2016NovGen.json
GA,2016,Union County,county:13291,Union County,county,HILLARY CLINTON (DEM),DONALD J. TRUMP (REP),1963,9852,229,12044,"United States Senator, Isakson",JIM BARKSDALE (DEM),JOHNNY ISAKSON (I) (REP),1820,9181,432,presidentVsSenate,ga-2016-official-results,ga-2016-official-results,https://results.sos.ga.gov/cdn/results/Georgia/export-2016NovGen.json
GA,2016,Upson County,county:13293,Upson County,county,HILLARY CLINTON (DEM),DONALD J. TRUMP (REP),3475,7292,167,10934,"United States Senator, Isakson",JIM BARKSDALE (DEM),JOHNNY ISAKSON (I) (REP),2911,7063,308,presidentVsSenate,ga-2016-official-results,ga-2016-official-results,https://results.sos.ga.gov/cdn/results/Georgia/export-2016NovGen.json
GA,2016,Walker County,county:13295,Walker County,county,HILLARY CLINTON (DEM),DONALD J. TRUMP (REP),4215,18950,791,23956,"United States Senator, Isakson",JIM BARKSDALE (DEM),JOHNNY ISAKSON (I) (REP),3750,17086,1116,presidentVsSenate,ga-2016-official-results,ga-2016-official-results,https://results.sos.ga.gov/cdn/results/Georgia/export-2016NovGen.json
GA,2016,Walton County,county:13297,Walton County,county,HILLARY CLINTON (DEM),DONALD J. TRUMP (REP),8292,31125,1055,40472,"United States Senator, Isakson",JIM BARKSDALE (DEM),JOHNNY ISAKSON (I) (REP),7183,29723,1622,presidentVsSenate,ga-2016-official-results,ga-2016-official-results,https://results.sos.ga.gov/cdn/results/Georgia/export-2016NovGen.json
GA,2016,Ware County,county:13299,Ware County,county,HILLARY CLINTON (DEM),DONALD J. TRUMP (REP),3440,8513,206,12159,"United States Senator, Isakson",JIM BARKSDALE (DEM),JOHNNY ISAKSON (I) (REP),2871,7872,397,presidentVsSenate,ga-2016-official-results,ga-2016-official-results,https://results.sos.ga.gov/cdn/results/Georgia/export-2016NovGen.json
GA,2016,Warren County,county:13301,Warren County,county,HILLARY CLINTON (DEM),DONALD J. TRUMP (REP),1314,991,28,2333,"United States Senator, Isakson",JIM BARKSDALE (DEM),JOHNNY ISAKSON (I) (REP),1110,993,45,presidentVsSenate,ga-2016-official-results,ga-2016-official-results,https://results.sos.ga.gov/cdn/results/Georgia/export-2016NovGen.json
GA,2016,Washington County,county:13303,Washington County,county,HILLARY CLINTON (DEM),DONALD J. TRUMP (REP),4200,4149,98,8447,"United States Senator, Isakson",JIM BARKSDALE (DEM),JOHNNY ISAKSON (I) (REP),3608,4092,107,presidentVsSenate,ga-2016-official-results,ga-2016-official-results,https://results.sos.ga.gov/cdn/results/Georgia/export-2016NovGen.json
GA,2016,Wayne County,county:13305,Wayne County,county,HILLARY CLINTON (DEM),DONALD J. TRUMP (REP),2041,8153,192,10386,"United States Senator, Isakson",JIM BARKSDALE (DEM),JOHNNY ISAKSON (I) (REP),1705,7686,287,presidentVsSenate,ga-2016-official-results,ga-2016-official-results,https://results.sos.ga.gov/cdn/results/Georgia/export-2016NovGen.json
GA,2016,Webster County,county:13307,Webster County,county,HILLARY CLINTON (DEM),DONALD J. TRUMP (REP),473,630,13,1116,"United States Senator, Isakson",JIM BARKSDALE (DEM),JOHNNY ISAKSON (I) (REP),387,649,15,presidentVsSenate,ga-2016-official-results,ga-2016-official-results,https://results.sos.ga.gov/cdn/results/Georgia/export-2016NovGen.json
GA,2016,Wheeler County,county:13309,Wheeler County,county,HILLARY CLINTON (DEM),DONALD J. TRUMP (REP),646,1421,35,2102,"United States Senator, Isakson",JIM BARKSDALE (DEM),JOHNNY ISAKSON (I) (REP),545,1304,55,presidentVsSenate,ga-2016-official-results,ga-2016-official-results,https://results.sos.ga.gov/cdn/results/Georgia/export-2016NovGen.json
GA,2016,White County,county:13311,White County,county,HILLARY CLINTON (DEM),DONALD J. TRUMP (REP),1674,9761,348,11783,"United States Senator, Isakson",JIM BARKSDALE (DEM),JOHNNY ISAKSON (I) (REP),1541,9212,586,presidentVsSenate,ga-2016-official-results,ga-2016-official-results,https://results.sos.ga.gov/cdn/results/Georgia/export-2016NovGen.json
GA,2016,Whitfield County,county:13313,Whitfield County,county,HILLARY CLINTON (DEM),DONALD J. TRUMP (REP),7937,21537,924,30398,"United States Senator, Isakson",JIM BARKSDALE (DEM),JOHNNY ISAKSON (I) (REP),6763,19808,1381,presidentVsSenate,ga-2016-official-results,ga-2016-official-results,https://results.sos.ga.gov/cdn/results/Georgia/export-2016NovGen.json
GA,2016,Wilcox County,county:13315,Wilcox County,county,HILLARY CLINTON (DEM),DONALD J. TRUMP (REP),852,2096,25,2973,"United States Senator, Isakson",JIM BARKSDALE (DEM),JOHNNY ISAKSON (I) (REP),669,2036,70,presidentVsSenate,ga-2016-official-results,ga-2016-official-results,https://results.sos.ga.gov/cdn/results/Georgia/export-2016NovGen.json
GA,2016,Wilkes County,county:13317,Wilkes County,county,HILLARY CLINTON (DEM),DONALD J. TRUMP (REP),1848,2572,57,4477,"United States Senator, Isakson",JIM BARKSDALE (DEM),JOHNNY ISAKSON (I) (REP),1525,2507,99,presidentVsSenate,ga-2016-official-results,ga-2016-official-results,https://results.sos.ga.gov/cdn/results/Georgia/export-2016NovGen.json
GA,2016,Wilkinson County,county:13319,Wilkinson County,county,HILLARY CLINTON (DEM),DONALD J. TRUMP (REP),1894,2333,51,4278,"United States Senator, Isakson",JIM BARKSDALE (DEM),JOHNNY ISAKSON (I) (REP),1616,2266,79,presidentVsSenate,ga-2016-official-results,ga-2016-official-results,https://results.sos.ga.gov/cdn/results/Georgia/export-2016NovGen.json
GA,2016,Worth County,county:13321,Worth County,county,HILLARY CLINTON (DEM),DONALD J. TRUMP (REP),2020,6152,108,8280,"United States Senator, Isakson",JIM BARKSDALE (DEM),JOHNNY ISAKSON (I) (REP),1839,5884,160,presidentVsSenate,ga-2016-official-results,ga-2016-official-results,https://results.sos.ga.gov/cdn/results/Georgia/export-2016NovGen.json
GA,2020,Appling County,county:13001,Appling County,county,Joseph R. Biden (Dem),Donald J. Trump (I) (Rep),1779,6526,36,8341,US Senate (Perdue),Jon Ossoff (Dem),David A. Perdue (I) (Rep),1753,6306,128,presidentVsSenate,ga-2020-official-results,ga-2020-official-results,https://results.sos.ga.gov/cdn/results/Georgia/export-2020NovGen.json
GA,2020,Atkinson County,county:13003,Atkinson County,county,Joseph R. Biden (Dem),Donald J. Trump (I) (Rep),825,2300,30,3155,US Senate (Perdue),Jon Ossoff (Dem),David A. Perdue (I) (Rep),773,2272,52,presidentVsSenate,ga-2020-official-results,ga-2020-official-results,https://results.sos.ga.gov/cdn/results/Georgia/export-2020NovGen.json
GA,2020,Bacon County,county:13005,Bacon County,county,Joseph R. Biden (Dem),Donald J. Trump (I) (Rep),625,4018,25,4668,US Senate (Perdue),Jon Ossoff (Dem),David A. Perdue (I) (Rep),591,3929,70,presidentVsSenate,ga-2020-official-results,ga-2020-official-results,https://results.sos.ga.gov/cdn/results/Georgia/export-2020NovGen.json
GA,2020,Baker County,county:13007,Baker County,county,Joseph R. Biden (Dem),Donald J. Trump (I) (Rep),652,897,6,1555,US Senate (Perdue),Jon Ossoff (Dem),David A. Perdue (I) (Rep),648,873,13,presidentVsSenate,ga-2020-official-results,ga-2020-official-results,https://results.sos.ga.gov/cdn/results/Georgia/export-2020NovGen.json
GA,2020,Baldwin County,county:13009,Baldwin County,county,Joseph R. Biden (Dem),Donald J. Trump (I) (Rep),9140,8903,208,18251,US Senate (Perdue),Jon Ossoff (Dem),David A. Perdue (I) (Rep),8783,8873,426,presidentVsSenate,ga-2020-official-results,ga-2020-official-results,https://results.sos.ga.gov/cdn/results/Georgia/export-2020NovGen.json
GA,2020,Banks County,county:13011,Banks County,county,Joseph R. Biden (Dem),Donald J. Trump (I) (Rep),932,7795,74,8801,US Senate (Perdue),Jon Ossoff (Dem),David A. Perdue (I) (Rep),899,7636,190,presidentVsSenate,ga-2020-official-results,ga-2020-official-results,https://results.sos.ga.gov/cdn/results/Georgia/export-2020NovGen.json
GA,2020,Barrow County,county:13013,Barrow County,county,Joseph R. Biden (Dem),Donald J. Trump (I) (Rep),10453,26804,664,37921,US Senate (Perdue),Jon Ossoff (Dem),David A. Perdue (I) (Rep),10066,26317,1193,presidentVsSenate,ga-2020-official-results,ga-2020-official-results,https://results.sos.ga.gov/cdn/results/Georgia/export-2020NovGen.json
GA,2020,Bartow County,county:13015,Bartow County,county,Joseph R. Biden (Dem),Donald J. Trump (I) (Rep),12092,37674,701,50467,US Senate (Perdue),Jon Ossoff (Dem),David A. Perdue (I) (Rep),11664,37009,1361,presidentVsSenate,ga-2020-official-results,ga-2020-official-results,https://results.sos.ga.gov/cdn/results/Georgia/export-2020NovGen.json
GA,2020,Ben Hill County,county:13017,Ben Hill County,county,Joseph R. Biden (Dem),Donald J. Trump (I) (Rep),2392,4110,58,6560,US Senate (Perdue),Jon Ossoff (Dem),David A. Perdue (I) (Rep),2284,4077,116,presidentVsSenate,ga-2020-official-results,ga-2020-official-results,https://results.sos.ga.gov/cdn/results/Georgia/export-2020NovGen.json
GA,2020,Berrien County,county:13019,Berrien County,county,Joseph R. Biden (Dem),Donald J. Trump (I) (Rep),1269,6419,55,7743,US Senate (Perdue),Jon Ossoff (Dem),David A. Perdue (I) (Rep),1204,6286,160,presidentVsSenate,ga-2020-official-results,ga-2020-official-results,https://results.sos.ga.gov/cdn/results/Georgia/export-2020NovGen.json
GA,2020,Bibb County,county:13021,Bibb County,county,Joseph R. Biden (Dem),Donald J. Trump (I) (Rep),43468,26585,749,70802,US Senate (Perdue),Jon Ossoff (Dem),David A. Perdue (I) (Rep),41928,26645,1414,presidentVsSenate,ga-2020-official-results,ga-2020-official-results,https://results.sos.ga.gov/cdn/results/Georgia/export-2020NovGen.json
GA,2020,Bleckley County,county:13023,Bleckley County,county,Joseph R. Biden (Dem),Donald J. Trump (I) (Rep),1311,4328,67,5706,US Senate (Perdue),Jon Ossoff (Dem),David A. Perdue (I) (Rep),1249,4281,114,presidentVsSenate,ga-2020-official-results,ga-2020-official-results,https://results.sos.ga.gov/cdn/results/Georgia/export-2020NovGen.json
GA,2020,Brantley County,county:13025,Brantley County,county,Joseph R. Biden (Dem),Donald J. Trump (I) (Rep),699,6991,56,7746,US Senate (Perdue),Jon Ossoff (Dem),David A. Perdue (I) (Rep),688,6812,116,presidentVsSenate,ga-2020-official-results,ga-2020-official-results,https://results.sos.ga.gov/cdn/results/Georgia/export-2020NovGen.json
GA,2020,Brooks County,county:13027,Brooks County,county,Joseph R. Biden (Dem),Donald J. Trump (I) (Rep),2790,4260,50,7100,US Senate (Perdue),Jon Ossoff (Dem),David A. Perdue (I) (Rep),2607,4250,119,presidentVsSenate,ga-2020-official-results,ga-2020-official-results,https://results.sos.ga.gov/cdn/results/Georgia/export-2020NovGen.json
GA,2020,Bryan County,county:13029,Bryan County,county,Joseph R. Biden (Dem),Donald J. Trump (I) (Rep),6739,14244,357,21340,US Senate (Perdue),Jon Ossoff (Dem),David A. Perdue (I) (Rep),6497,14067,599,presidentVsSenate,ga-2020-official-results,ga-2020-official-results,https://results.sos.ga.gov/cdn/results/Georgia/export-2020NovGen.json
GA,2020,Bulloch County,county:13031,Bulloch County,county,Joseph R. Biden (Dem),Donald J. Trump (I) (Rep),11243,18386,455,30084,US Senate (Perdue),Jon Ossoff (Dem),David A. Perdue (I) (Rep),10846,18232,715,presidentVsSenate,ga-2020-official-results,ga-2020-official-results,https://results.sos.ga.gov/cdn/results/Georgia/export-2020NovGen.json
GA,2020,Burke County,county:13033,Burke County,county,Joseph R. Biden (Dem),Donald J. Trump (I) (Rep),5209,5400,75,10684,US Senate (Perdue),Jon Ossoff (Dem),David A. Perdue (I) (Rep),4989,5407,164,presidentVsSenate,ga-2020-official-results,ga-2020-official-results,https://results.sos.ga.gov/cdn/results/Georgia/export-2020NovGen.json
GA,2020,Butts County,county:13035,Butts County,county,Joseph R. Biden (Dem),Donald J. Trump (I) (Rep),3274,8406,91,11771,US Senate (Perdue),Jon Ossoff (Dem),David A. Perdue (I) (Rep),3129,8329,215,presidentVsSenate,ga-2020-official-results,ga-2020-official-results,https://results.sos.ga.gov/cdn/results/Georgia/export-2020NovGen.json
GA,2020,Calhoun County,county:13037,Calhoun County,county,Joseph R. Biden (Dem),Donald J. Trump (I) (Rep),1260,923,11,2194,US Senate (Perdue),Jon Ossoff (Dem),David A. Perdue (I) (Rep),1211,933,28,presidentVsSenate,ga-2020-official-results,ga-2020-official-results,https://results.sos.ga.gov/cdn/results/Georgia/export-2020NovGen.json
GA,2020,Camden County,county:13039,Camden County,county,Joseph R. Biden (Dem),Donald J. Trump (I) (Rep),7967,15251,470,23688,US Senate (Perdue),Jon Ossoff (Dem),David A. Perdue (I) (Rep),7467,14987,895,presidentVsSenate,ga-2020-official-results,ga-2020-official-results,https://results.sos.ga.gov/cdn/results/Georgia/export-2020NovGen.json
GA,2020,Candler County,county:13043,Candler County,county,Joseph R. Biden (Dem),Donald J. Trump (I) (Rep),1269,3133,29,4431,US Senate (Perdue),Jon Ossoff (Dem),David A. Perdue (I) (Rep),1233,3077,60,presidentVsSenate,ga-2020-official-results,ga-2020-official-results,https://results.sos.ga.gov/cdn/results/Georgia/export-2020NovGen.json
GA,2020,Carroll County,county:13045,Carroll County,county,Joseph R. Biden (Dem),Donald J. Trump (I) (Rep),16238,37476,760,54474,US Senate (Perdue),Jon Ossoff (Dem),David A. Perdue (I) (Rep),15549,36997,1427,presidentVsSenate,ga-2020-official-results,ga-2020-official-results,https://results.sos.ga.gov/cdn/results/Georgia/export-2020NovGen.json
GA,2020,Catoosa County,county:13047,Catoosa County,county,Joseph R. Biden (Dem),Donald J. Trump (I) (Rep),6932,25167,494,32593,US Senate (Perdue),Jon Ossoff (Dem),David A. Perdue (I) (Rep),6599,24571,1004,presidentVsSenate,ga-2020-official-results,ga-2020-official-results,https://results.sos.ga.gov/cdn/results/Georgia/export-2020NovGen.json
GA,2020,Charlton County,county:13049,Charlton County,county,Joseph R. Biden (Dem),Donald J. Trump (I) (Rep),1103,3419,44,4566,US Senate (Perdue),Jon Ossoff (Dem),David A. Perdue (I) (Rep),1016,3357,104,presidentVsSenate,ga-2020-official-results,ga-2020-official-results,https://results.sos.ga.gov/cdn/results/Georgia/export-2020NovGen.json
GA,2020,Chatham County,county:13051,Chatham County,county,Joseph R. Biden (Dem),Donald J. Trump (I) (Rep),78254,53237,1929,133420,US Senate (Perdue),Jon Ossoff (Dem),David A. Perdue (I) (Rep),75873,52988,2986,presidentVsSenate,ga-2020-official-results,ga-2020-official-results,https://results.sos.ga.gov/cdn/results/Georgia/export-2020NovGen.json
GA,2020,Chattahoochee County,county:13053,Chattahoochee County,county,Joseph R. Biden (Dem),Donald J. Trump (I) (Rep),667,880,35,1582,US Senate (Perdue),Jon Ossoff (Dem),David A. Perdue (I) (Rep),636,850,60,presidentVsSenate,ga-2020-official-results,ga-2020-official-results,https://results.sos.ga.gov/cdn/results/Georgia/export-2020NovGen.json
GA,2020,Chattooga County,county:13055,Chattooga County,county,Joseph R. Biden (Dem),Donald J. Trump (I) (Rep),1854,8064,132,10050,US Senate (Perdue),Jon Ossoff (Dem),David A. Perdue (I) (Rep),1886,7777,275,presidentVsSenate,ga-2020-official-results,ga-2020-official-results,https://results.sos.ga.gov/cdn/results/Georgia/export-2020NovGen.json
GA,2020,Cherokee County,county:13057,Cherokee County,county,Joseph R. Biden (Dem),Donald J. Trump (I) (Rep),42794,99587,2449,144830,US Senate (Perdue),Jon Ossoff (Dem),David A. Perdue (I) (Rep),39928,99384,4214,presidentVsSenate,ga-2020-official-results,ga-2020-official-results,https://results.sos.ga.gov/cdn/results/Georgia/export-2020NovGen.json
GA,2020,Clarke County,county:13059,Clarke County,county,Joseph R. Biden (Dem),Donald J. Trump (I) (Rep),36048,14446,839,51333,US Senate (Perdue),Jon Ossoff (Dem),David A. Perdue (I) (Rep),34549,15078,1323,presidentVsSenate,ga-2020-official-results,ga-2020-official-results,https://results.sos.ga.gov/cdn/results/Georgia/export-2020NovGen.json
GA,2020,Clay County,county:13061,Clay County,county,Joseph R. Biden (Dem),Donald J. Trump (I) (Rep),790,637,7,1434,US Senate (Perdue),Jon Ossoff (Dem),David A. Perdue (I) (Rep),748,647,21,presidentVsSenate,ga-2020-official-results,ga-2020-official-results,https://results.sos.ga.gov/cdn/results/Georgia/export-2020NovGen.json
GA,2020,Clayton County,county:13063,Clayton County,county,Joseph R. Biden (Dem),Donald J. Trump (I) (Rep),95476,15813,1055,112344,US Senate (Perdue),Jon Ossoff (Dem),David A. Perdue (I) (Rep),93699,14841,2505,presidentVsSenate,ga-2020-official-results,ga-2020-official-results,https://results.sos.ga.gov/cdn/results/Georgia/export-2020NovGen.json
GA,2020,Clinch County,county:13065,Clinch County,county,Joseph R. Biden (Dem),Donald J. Trump (I) (Rep),747,2105,12,2864,US Senate (Perdue),Jon Ossoff (Dem),David A. Perdue (I) (Rep),660,2083,54,presidentVsSenate,ga-2020-official-results,ga-2020-official-results,https://results.sos.ga.gov/cdn/results/Georgia/export-2020NovGen.json
GA,2020,Cobb County,county:13067,Cobb County,county,Joseph R. Biden (Dem),Donald J. Trump (I) (Rep),221846,165459,6441,393746,US Senate (Perdue),Jon Ossoff (Dem),David A. Perdue (I) (Rep),210851,169658,10263,presidentVsSenate,ga-2020-official-results,ga-2020-official-results,https://results.sos.ga.gov/cdn/results/Georgia/export-2020NovGen.json
GA,2020,Coffee County,county:13069,Coffee County,county,Joseph R. Biden (Dem),Donald J. Trump (I) (Rep),4511,10578,125,15214,US Senate (Perdue),Jon Ossoff (Dem),David A. Perdue (I) (Rep),4281,10424,286,presidentVsSenate,ga-2020-official-results,ga-2020-official-results,https://results.sos.ga.gov/cdn/results/Georgia/export-2020NovGen.json
GA,2020,Colquitt County,county:13071,Colquitt County,county,Joseph R. Biden (Dem),Donald J. Trump (I) (Rep),4187,11777,119,16083,US Senate (Perdue),Jon Ossoff (Dem),David A. Perdue (I) (Rep),3990,11644,257,presidentVsSenate,ga-2020-official-results,ga-2020-official-results,https://results.sos.ga.gov/cdn/results/Georgia/export-2020NovGen.json
GA,2020,Columbia County,county:13073,Columbia County,county,Joseph R. Biden (Dem),Donald J. Trump (I) (Rep),29236,50013,1330,80579,US Senate (Perdue),Jon Ossoff (Dem),David A. Perdue (I) (Rep),27759,50220,1928,presidentVsSenate,ga-2020-official-results,ga-2020-official-results,https://results.sos.ga.gov/cdn/results/Georgia/export-2020NovGen.json
GA,2020,Cook County,county:13075,Cook County,county,Joseph R. Biden (Dem),Donald J. Trump (I) (Rep),2059,4900,76,7035,US Senate (Perdue),Jon Ossoff (Dem),David A. Perdue (I) (Rep),1963,4864,145,presidentVsSenate,ga-2020-official-results,ga-2020-official-results,https://results.sos.ga.gov/cdn/results/Georgia/export-2020NovGen.json
GA,2020,Coweta County,county:13077,Coweta County,county,Joseph R. Biden (Dem),Donald J. Trump (I) (Rep),24210,51501,1088,76799,US Senate (Perdue),Jon Ossoff (Dem),David A. Perdue (I) (Rep),22915,51299,1908,presidentVsSenate,ga-2020-official-results,ga-2020-official-results,https://results.sos.ga.gov/cdn/results/Georgia/export-2020NovGen.json
GA,2020,Crawford County,county:13079,Crawford County,county,Joseph R. Biden (Dem),Donald J. Trump (I) (Rep),1615,4428,59,6102,US Senate (Perdue),Jon Ossoff (Dem),David A. Perdue (I) (Rep),1561,4330,135,presidentVsSenate,ga-2020-official-results,ga-2020-official-results,https://results.sos.ga.gov/cdn/results/Georgia/export-2020NovGen.json
GA,2020,Crisp County,county:13081,Crisp County,county,Joseph R. Biden (Dem),Donald J. Trump (I) (Rep),2986,4987,66,8039,US Senate (Perdue),Jon Ossoff (Dem),David A. Perdue (I) (Rep),2809,5054,105,presidentVsSenate,ga-2020-official-results,ga-2020-official-results,https://results.sos.ga.gov/cdn/results/Georgia/export-2020NovGen.json
GA,2020,Dade County,county:13083,Dade County,county,Joseph R. Biden (Dem),Donald J. Trump (I) (Rep),1261,6066,107,7434,US Senate (Perdue),Jon Ossoff (Dem),David A. Perdue (I) (Rep),1253,5871,208,presidentVsSenate,ga-2020-official-results,ga-2020-official-results,https://results.sos.ga.gov/cdn/results/Georgia/export-2020NovGen.json
GA,2020,Dawson County,county:13085,Dawson County,county,Joseph R. Biden (Dem),Donald J. Trump (I) (Rep),2486,13398,197,16081,US Senate (Perdue),Jon Ossoff (Dem),David A. Perdue (I) (Rep),2289,13217,418,presidentVsSenate,ga-2020-official-results,ga-2020-official-results,https://results.sos.ga.gov/cdn/results/Georgia/export-2020NovGen.json
GA,2020,Decatur County,county:13087,Decatur County,county,Joseph R. Biden (Dem),Donald J. Trump (I) (Rep),4780,6758,89,11627,US Senate (Perdue),Jon Ossoff (Dem),David A. Perdue (I) (Rep),4563,6696,190,presidentVsSenate,ga-2020-official-results,ga-2020-official-results,https://results.sos.ga.gov/cdn/results/Georgia/export-2020NovGen.json
GA,2020,DeKalb County,county:13089,DeKalb County,county,Joseph R. Biden (Dem),Donald J. Trump (I) (Rep),308227,58373,4204,370804,US Senate (Perdue),Jon Ossoff (Dem),David A. Perdue (I) (Rep),298479,61859,7305,presidentVsSenate,ga-2020-official-results,ga-2020-official-results,https://results.sos.ga.gov/cdn/results/Georgia/export-2020NovGen.json
GA,2020,Dodge County,county:13091,Dodge County,county,Joseph R. Biden (Dem),Donald J. Trump (I) (Rep),2171,5843,56,8070,US Senate (Perdue),Jon Ossoff (Dem),David A. Perdue (I) (Rep),2021,5793,138,presidentVsSenate,ga-2020-official-results,ga-2020-official-results,https://results.sos.ga.gov/cdn/results/Georgia/export-2020NovGen.json
GA,2020,Dooly County,county:13093,Dooly County,county,Joseph R. Biden (Dem),Donald J. Trump (I) (Rep),1911,2159,35,4105,US Senate (Perdue),Jon Ossoff (Dem),David A. Perdue (I) (Rep),1826,2158,75,presidentVsSenate,ga-2020-official-results,ga-2020-official-results,https://results.sos.ga.gov/cdn/results/Georgia/export-2020NovGen.json
GA,2020,Dougherty County,county:13095,Dougherty County,county,Joseph R. Biden (Dem),Donald J. Trump (I) (Rep),24577,10454,280,35311,US Senate (Perdue),Jon Ossoff (Dem),David A. Perdue (I) (Rep),23821,10588,502,presidentVsSenate,ga-2020-official-results,ga-2020-official-results,https://results.sos.ga.gov/cdn/results/Georgia/export-2020NovGen.json
GA,2020,Douglas County,county:13097,Douglas County,county,Joseph R. Biden (Dem),Donald J. Trump (I) (Rep),42809,25451,837,69097,US Senate (Perdue),Jon Ossoff (Dem),David A. Perdue (I) (Rep),41796,25002,1643,presidentVsSenate,ga-2020-official-results,ga-2020-official-results,https://results.sos.ga.gov/cdn/results/Georgia/export-2020NovGen.json
GA,2020,Early County,county:13099,Early County,county,Joseph R. Biden (Dem),Donald J. Trump (I) (Rep),2437,2722,28,5187,US Senate (Perdue),Jon Ossoff (Dem),David A. Perdue (I) (Rep),2232,2796,77,presidentVsSenate,ga-2020-official-results,ga-2020-official-results,https://results.sos.ga.gov/cdn/results/Georgia/export-2020NovGen.json
GA,2020,Echols County,county:13101,Echols County,county,Joseph R. Biden (Dem),Donald J. Trump (I) (Rep),167,1256,18,1441,US Senate (Perdue),Jon Ossoff (Dem),David A. Perdue (I) (Rep),162,1232,24,presidentVsSenate,ga-2020-official-results,ga-2020-official-results,https://results.sos.ga.gov/cdn/results/Georgia/export-2020NovGen.json
GA,2020,Effingham County,county:13103,Effingham County,county,Joseph R. Biden (Dem),Donald J. Trump (I) (Rep),7720,23358,492,31570,US Senate (Perdue),Jon Ossoff (Dem),David A. Perdue (I) (Rep),7627,22832,828,presidentVsSenate,ga-2020-official-results,ga-2020-official-results,https://results.sos.ga.gov/cdn/results/Georgia/export-2020NovGen.json
GA,2020,Elbert County,county:13105,Elbert County,county,Joseph R. Biden (Dem),Donald J. Trump (I) (Rep),2879,6226,66,9171,US Senate (Perdue),Jon Ossoff (Dem),David A. Perdue (I) (Rep),2717,6225,133,presidentVsSenate,ga-2020-official-results,ga-2020-official-results,https://results.sos.ga.gov/cdn/results/Georgia/export-2020NovGen.json
GA,2020,Emanuel County,county:13107,Emanuel County,county,Joseph R. Biden (Dem),Donald J. Trump (I) (Rep),2884,6551,66,9501,US Senate (Perdue),Jon Ossoff (Dem),David A. Perdue (I) (Rep),2720,6513,135,presidentVsSenate,ga-2020-official-results,ga-2020-official-results,https://results.sos.ga.gov/cdn/results/Georgia/export-2020NovGen.json
GA,2020,Evans County,county:13109,Evans County,county,Joseph R. Biden (Dem),Donald J. Trump (I) (Rep),1324,2888,35,4247,US Senate (Perdue),Jon Ossoff (Dem),David A. Perdue (I) (Rep),1251,2876,64,presidentVsSenate,ga-2020-official-results,ga-2020-official-results,https://results.sos.ga.gov/cdn/results/Georgia/export-2020NovGen.json
GA,2020,Fannin County,county:13111,Fannin County,county,Joseph R. Biden (Dem),Donald J. Trump (I) (Rep),2571,12169,110,14850,US Senate (Perdue),Jon Ossoff (Dem),David A. Perdue (I) (Rep),2415,11972,299,presidentVsSenate,ga-2020-official-results,ga-2020-official-results,https://results.sos.ga.gov/cdn/results/Georgia/export-2020NovGen.json
GA,2020,Fayette County,county:13113,Fayette County,county,Joseph R. Biden (Dem),Donald J. Trump (I) (Rep),33065,37952,976,71993,US Senate (Perdue),Jon Ossoff (Dem),David A. Perdue (I) (Rep),31477,38403,1590,presidentVsSenate,ga-2020-official-results,ga-2020-official-results,https://results.sos.ga.gov/cdn/results/Georgia/export-2020NovGen.json
GA,2020,Floyd County,county:13115,Floyd County,county,Joseph R. Biden (Dem),Donald J. Trump (I) (Rep),12008,29123,517,41648,US Senate (Perdue),Jon Ossoff (Dem),David A. Perdue (I) (Rep),11480,28752,1056,presidentVsSenate,ga-2020-official-results,ga-2020-official-results,https://results.sos.ga.gov/cdn/results/Georgia/export-2020NovGen.json
GA,2020,Forsyth County,county:13117,Forsyth County,county,Joseph R. Biden (Dem),Donald J. Trump (I) (Rep),42203,85122,1980,129305,US Senate (Perdue),Jon Ossoff (Dem),David A. Perdue (I) (Rep),39229,85652,3386,presidentVsSenate,ga-2020-official-results,ga-2020-official-results,https://results.sos.ga.gov/cdn/results/Georgia/export-2020NovGen.json
GA,2020,Franklin County,county:13119,Franklin County,county,Joseph R. Biden (Dem),Donald J. Trump (I) (Rep),1593,9069,103,10765,US Senate (Perdue),Jon Ossoff (Dem),David A. Perdue (I) (Rep),1465,8993,187,presidentVsSenate,ga-2020-official-results,ga-2020-official-results,https://results.sos.ga.gov/cdn/results/Georgia/export-2020NovGen.json
GA,2020,Fulton County,county:13121,Fulton County,county,Joseph R. Biden (Dem),Donald J. Trump (I) (Rep),381144,137240,6275,524659,US Senate (Perdue),Jon Ossoff (Dem),David A. Perdue (I) (Rep),363269,146466,11043,presidentVsSenate,ga-2020-official-results,ga-2020-official-results,https://results.sos.ga.gov/cdn/results/Georgia/export-2020NovGen.json
GA,2020,Gilmer County,county:13123,Gilmer County,county,Joseph R. Biden (Dem),Donald J. Trump (I) (Rep),2932,13429,164,16525,US Senate (Perdue),Jon Ossoff (Dem),David A. Perdue (I) (Rep),2715,13206,386,presidentVsSenate,ga-2020-official-results,ga-2020-official-results,https://results.sos.ga.gov/cdn/results/Georgia/export-2020NovGen.json
GA,2020,Glascock County,county:13125,Glascock County,county,Joseph R. Biden (Dem),Donald J. Trump (I) (Rep),155,1403,8,1566,US Senate (Perdue),Jon Ossoff (Dem),David A. Perdue (I) (Rep),150,1366,24,presidentVsSenate,ga-2020-official-results,ga-2020-official-results,https://results.sos.ga.gov/cdn/results/Georgia/export-2020NovGen.json
GA,2020,Glynn County,county:13127,Glynn County,county,Joseph R. Biden (Dem),Donald J. Trump (I) (Rep),15879,25616,489,41984,US Senate (Perdue),Jon Ossoff (Dem),David A. Perdue (I) (Rep),14938,25560,970,presidentVsSenate,ga-2020-official-results,ga-2020-official-results,https://results.sos.ga.gov/cdn/results/Georgia/export-2020NovGen.json
GA,2020,Gordon County,county:13129,Gordon County,county,Joseph R. Biden (Dem),Donald J. Trump (I) (Rep),4384,19405,244,24033,US Senate (Perdue),Jon Ossoff (Dem),David A. Perdue (I) (Rep),4182,19011,573,presidentVsSenate,ga-2020-official-results,ga-2020-official-results,https://results.sos.ga.gov/cdn/results/Georgia/export-2020NovGen.json
GA,2020,Grady County,county:13131,Grady County,county,Joseph R. Biden (Dem),Donald J. Trump (I) (Rep),3619,7034,54,10707,US Senate (Perdue),Jon Ossoff (Dem),David A. Perdue (I) (Rep),3465,6969,146,presidentVsSenate,ga-2020-official-results,ga-2020-official-results,https://results.sos.ga.gov/cdn/results/Georgia/export-2020NovGen.json
GA,2020,Greene County,county:13133,Greene County,county,Joseph R. Biden (Dem),Donald J. Trump (I) (Rep),4088,7068,91,11247,US Senate (Perdue),Jon Ossoff (Dem),David A. Perdue (I) (Rep),3763,7247,152,presidentVsSenate,ga-2020-official-results,ga-2020-official-results,https://results.sos.ga.gov/cdn/results/Georgia/export-2020NovGen.json
GA,2020,Gwinnett County,county:13135,Gwinnett County,county,Joseph R. Biden (Dem),Donald J. Trump (I) (Rep),241827,166413,5625,413865,US Senate (Perdue),Jon Ossoff (Dem),David A. Perdue (I) (Rep),233551,166754,10901,presidentVsSenate,ga-2020-official-results,ga-2020-official-results,https://results.sos.ga.gov/cdn/results/Georgia/export-2020NovGen.json
GA,2020,Habersham County,county:13137,Habersham County,county,Joseph R. Biden (Dem),Donald J. Trump (I) (Rep),3563,16637,232,20432,US Senate (Perdue),Jon Ossoff (Dem),David A. Perdue (I) (Rep),3340,16385,534,presidentVsSenate,ga-2020-official-results,ga-2020-official-results,https://results.sos.ga.gov/cdn/results/Georgia/export-2020NovGen.json
GA,2020,Hall County,county:13139,Hall County,county,Joseph R. Biden (Dem),Donald J. Trump (I) (Rep),25031,64170,1322,90523,US Senate (Perdue),Jon Ossoff (Dem),David A. Perdue (I) (Rep),23487,63833,2467,presidentVsSenate,ga-2020-official-results,ga-2020-official-results,https://results.sos.ga.gov/cdn/results/Georgia/export-2020NovGen.json
GA,2020,Hancock County,county:13141,Hancock County,county,Joseph R. Biden (Dem),Donald J. Trump (I) (Rep),2985,1159,21,4165,US Senate (Perdue),Jon Ossoff (Dem),David A. Perdue (I) (Rep),2858,1173,66,presidentVsSenate,ga-2020-official-results,ga-2020-official-results,https://results.sos.ga.gov/cdn/results/Georgia/export-2020NovGen.json
GA,2020,Haralson County,county:13143,Haralson County,county,Joseph R. Biden (Dem),Donald J. Trump (I) (Rep),1792,12331,125,14248,US Senate (Perdue),Jon Ossoff (Dem),David A. Perdue (I) (Rep),1764,12016,336,presidentVsSenate,ga-2020-official-results,ga-2020-official-results,https://results.sos.ga.gov/cdn/results/Georgia/export-2020NovGen.json
GA,2020,Harris County,county:13145,Harris County,county,Joseph R. Biden (Dem),Donald J. Trump (I) (Rep),5457,14319,215,19991,US Senate (Perdue),Jon Ossoff (Dem),David A. Perdue (I) (Rep),5192,14279,383,presidentVsSenate,ga-2020-official-results,ga-2020-official-results,https://results.sos.ga.gov/cdn/results/Georgia/export-2020NovGen.json
GA,2020,Hart County,county:13147,Hart County,county,Joseph R. Biden (Dem),Donald J. Trump (I) (Rep),3157,9464,106,12727,US Senate (Perdue),Jon Ossoff (Dem),David A. Perdue (I) (Rep),2937,9377,218,presidentVsSenate,ga-2020-official-results,ga-2020-official-results,https://results.sos.ga.gov/cdn/results/Georgia/export-2020NovGen.json
GA,2020,Heard County,county:13149,Heard County,county,Joseph R. Biden (Dem),Donald J. Trump (I) (Rep),824,4516,51,5391,US Senate (Perdue),Jon Ossoff (Dem),David A. Perdue (I) (Rep),802,4413,113,presidentVsSenate,ga-2020-official-results,ga-2020-official-results,https://results.sos.ga.gov/cdn/results/Georgia/export-2020NovGen.json
GA,2020,Henry County,county:13151,Henry County,county,Joseph R. Biden (Dem),Donald J. Trump (I) (Rep),73276,48187,1279,122742,US Senate (Perdue),Jon Ossoff (Dem),David A. Perdue (I) (Rep),71592,47486,2631,presidentVsSenate,ga-2020-official-results,ga-2020-official-results,https://results.sos.ga.gov/cdn/results/Georgia/export-2020NovGen.json
GA,2020,Houston County,county:13153,Houston County,county,Joseph R. Biden (Dem),Donald J. Trump (I) (Rep),32232,41534,1057,74823,US Senate (Perdue),Jon Ossoff (Dem),David A. Perdue (I) (Rep),30955,41428,1779,presidentVsSenate,ga-2020-official-results,ga-2020-official-results,https://results.sos.ga.gov/cdn/results/Georgia/export-2020NovGen.json
GA,2020,Irwin County,county:13155,Irwin County,county,Joseph R. Biden (Dem),Donald J. Trump (I) (Rep),1008,3134,26,4168,US Senate (Perdue),Jon Ossoff (Dem),David A. Perdue (I) (Rep),982,3095,67,presidentVsSenate,ga-2020-official-results,ga-2020-official-results,https://results.sos.ga.gov/cdn/results/Georgia/export-2020NovGen.json
GA,2020,Jackson County,county:13157,Jackson County,county,Joseph R. Biden (Dem),Donald J. Trump (I) (Rep),7642,29497,531,37670,US Senate (Perdue),Jon Ossoff (Dem),David A. Perdue (I) (Rep),7262,29166,955,presidentVsSenate,ga-2020-official-results,ga-2020-official-results,https://results.sos.ga.gov/cdn/results/Georgia/export-2020NovGen.json
GA,2020,Jasper County,county:13159,Jasper County,county,Joseph R. Biden (Dem),Donald J. Trump (I) (Rep),1761,5822,61,7644,US Senate (Perdue),Jon Ossoff (Dem),David A. Perdue (I) (Rep),1690,5751,151,presidentVsSenate,ga-2020-official-results,ga-2020-official-results,https://results.sos.ga.gov/cdn/results/Georgia/export-2020NovGen.json
GA,2020,Jeff Davis County,county:13161,Jeff Davis County,county,Joseph R. Biden (Dem),Donald J. Trump (I) (Rep),1028,4695,48,5771,US Senate (Perdue),Jon Ossoff (Dem),David A. Perdue (I) (Rep),1013,4574,111,presidentVsSenate,ga-2020-official-results,ga-2020-official-results,https://results.sos.ga.gov/cdn/results/Georgia/export-2020NovGen.json
GA,2020,Jefferson County,county:13163,Jefferson County,county,Joseph R. Biden (Dem),Donald J. Trump (I) (Rep),4061,3537,44,7642,US Senate (Perdue),Jon Ossoff (Dem),David A. Perdue (I) (Rep),3913,3539,102,presidentVsSenate,ga-2020-official-results,ga-2020-official-results,https://results.sos.ga.gov/cdn/results/Georgia/export-2020NovGen.json
GA,2020,Jenkins County,county:13165,Jenkins County,county,Joseph R. Biden (Dem),Donald J. Trump (I) (Rep),1266,2161,28,3455,US Senate (Perdue),Jon Ossoff (Dem),David A. Perdue (I) (Rep),1194,2155,51,presidentVsSenate,ga-2020-official-results,ga-2020-official-results,https://results.sos.ga.gov/cdn/results/Georgia/export-2020NovGen.json
GA,2020,Johnson County,county:13167,Johnson County,county,Joseph R. Biden (Dem),Donald J. Trump (I) (Rep),1222,2850,28,4100,US Senate (Perdue),Jon Ossoff (Dem),David A. Perdue (I) (Rep),1158,2801,75,presidentVsSenate,ga-2020-official-results,ga-2020-official-results,https://results.sos.ga.gov/cdn/results/Georgia/export-2020NovGen.json
GA,2020,Jones County,county:13169,Jones County,county,Joseph R. Biden (Dem),Donald J. Trump (I) (Rep),4888,9965,113,14966,US Senate (Perdue),Jon Ossoff (Dem),David A. Perdue (I) (Rep),4687,9854,301,presidentVsSenate,ga-2020-official-results,ga-2020-official-results,https://results.sos.ga.gov/cdn/results/Georgia/export-2020NovGen.json
GA,2020,Lamar County,county:13171,Lamar County,county,Joseph R. Biden (Dem),Donald J. Trump (I) (Rep),2615,6330,94,9039,US Senate (Perdue),Jon Ossoff (Dem),David A. Perdue (I) (Rep),2511,6280,197,presidentVsSenate,ga-2020-official-results,ga-2020-official-results,https://results.sos.ga.gov/cdn/results/Georgia/export-2020NovGen.json
GA,2020,Lanier County,county:13173,Lanier County,county,Joseph R. Biden (Dem),Donald J. Trump (I) (Rep),1019,2509,48,3576,US Senate (Perdue),Jon Ossoff (Dem),David A. Perdue (I) (Rep),944,2481,94,presidentVsSenate,ga-2020-official-results,ga-2020-official-results,https://results.sos.ga.gov/cdn/results/Georgia/export-2020NovGen.json
GA,2020,Laurens County,county:13175,Laurens County,county,Joseph R. Biden (Dem),Donald J. Trump (I) (Rep),8073,14493,163,22729,US Senate (Perdue),Jon Ossoff (Dem),David A. Perdue (I) (Rep),7698,14363,413,presidentVsSenate,ga-2020-official-results,ga-2020-official-results,https://results.sos.ga.gov/cdn/results/Georgia/export-2020NovGen.json
GA,2020,Lee County,county:13177,Lee County,county,Joseph R. Biden (Dem),Donald J. Trump (I) (Rep),4558,12007,149,16714,US Senate (Perdue),Jon Ossoff (Dem),David A. Perdue (I) (Rep),4424,11862,273,presidentVsSenate,ga-2020-official-results,ga-2020-official-results,https://results.sos.ga.gov/cdn/results/Georgia/export-2020NovGen.json
GA,2020,Liberty County,county:13179,Liberty County,county,Joseph R. Biden (Dem),Donald J. Trump (I) (Rep),13099,7959,331,21389,US Senate (Perdue),Jon Ossoff (Dem),David A. Perdue (I) (Rep),12738,7743,610,presidentVsSenate,ga-2020-official-results,ga-2020-official-results,https://results.sos.ga.gov/cdn/results/Georgia/export-2020NovGen.json
GA,2020,Lincoln County,county:13181,Lincoln County,county,Joseph R. Biden (Dem),Donald J. Trump (I) (Rep),1435,3179,36,4650,US Senate (Perdue),Jon Ossoff (Dem),David A. Perdue (I) (Rep),1371,3139,83,presidentVsSenate,ga-2020-official-results,ga-2020-official-results,https://results.sos.ga.gov/cdn/results/Georgia/export-2020NovGen.json
GA,2020,Long County,county:13183,Long County,county,Joseph R. Biden (Dem),Donald J. Trump (I) (Rep),2033,3528,95,5656,US Senate (Perdue),Jon Ossoff (Dem),David A. Perdue (I) (Rep),2029,3389,163,presidentVsSenate,ga-2020-official-results,ga-2020-official-results,https://results.sos.ga.gov/cdn/results/Georgia/export-2020NovGen.json
GA,2020,Lowndes County,county:13185,Lowndes County,county,Joseph R. Biden (Dem),Donald J. Trump (I) (Rep),20117,25691,547,46355,US Senate (Perdue),Jon Ossoff (Dem),David A. Perdue (I) (Rep),19124,25620,1028,presidentVsSenate,ga-2020-official-results,ga-2020-official-results,https://results.sos.ga.gov/cdn/results/Georgia/export-2020NovGen.json
GA,2020,Lumpkin County,county:13187,Lumpkin County,county,Joseph R. Biden (Dem),Donald J. Trump (I) (Rep),3126,12163,242,15531,US Senate (Perdue),Jon Ossoff (Dem),David A. Perdue (I) (Rep),2926,11941,496,presidentVsSenate,ga-2020-official-results,ga-2020-official-results,https://results.sos.ga.gov/cdn/results/Georgia/export-2020NovGen.json
GA,2020,Macon County,county:13193,Macon County,county,Joseph R. Biden (Dem),Donald J. Trump (I) (Rep),2857,1783,22,4662,US Senate (Perdue),Jon Ossoff (Dem),David A. Perdue (I) (Rep),2727,1787,79,presidentVsSenate,ga-2020-official-results,ga-2020-official-results,https://results.sos.ga.gov/cdn/results/Georgia/export-2020NovGen.json
GA,2020,Madison County,county:13195,Madison County,county,Joseph R. Biden (Dem),Donald J. Trump (I) (Rep),3411,11326,200,14937,US Senate (Perdue),Jon Ossoff (Dem),David A. Perdue (I) (Rep),3303,11136,359,presidentVsSenate,ga-2020-official-results,ga-2020-official-results,https://results.sos.ga.gov/cdn/results/Georgia/export-2020NovGen.json
GA,2020,Marion County,county:13197,Marion County,county,Joseph R. Biden (Dem),Donald J. Trump (I) (Rep),1311,2275,38,3624,US Senate (Perdue),Jon Ossoff (Dem),David A. Perdue (I) (Rep),1267,2248,84,presidentVsSenate,ga-2020-official-results,ga-2020-official-results,https://results.sos.ga.gov/cdn/results/Georgia/export-2020NovGen.json
GA,2020,McDuffie County,county:13189,McDuffie County,county,Joseph R. Biden (Dem),Donald J. Trump (I) (Rep),4168,6169,118,10455,US Senate (Perdue),Jon Ossoff (Dem),David A. Perdue (I) (Rep),3968,6198,204,presidentVsSenate,ga-2020-official-results,ga-2020-official-results,https://results.sos.ga.gov/cdn/results/Georgia/export-2020NovGen.json
GA,2020,McIntosh County,county:13191,McIntosh County,county,Joseph R. Biden (Dem),Donald J. Trump (I) (Rep),2612,4016,68,6696,US Senate (Perdue),Jon Ossoff (Dem),David A. Perdue (I) (Rep),2498,3967,137,presidentVsSenate,ga-2020-official-results,ga-2020-official-results,https://results.sos.ga.gov/cdn/results/Georgia/export-2020NovGen.json
GA,2020,Meriwether County,county:13199,Meriwether County,county,Joseph R. Biden (Dem),Donald J. Trump (I) (Rep),4287,6524,66,10877,US Senate (Perdue),Jon Ossoff (Dem),David A. Perdue (I) (Rep),4135,6432,195,presidentVsSenate,ga-2020-official-results,ga-2020-official-results,https://results.sos.ga.gov/cdn/results/Georgia/export-2020NovGen.json
GA,2020,Miller County,county:13201,Miller County,county,Joseph R. Biden (Dem),Donald J. Trump (I) (Rep),749,2066,20,2835,US Senate (Perdue),Jon Ossoff (Dem),David A. Perdue (I) (Rep),687,2047,47,presidentVsSenate,ga-2020-official-results,ga-2020-official-results,https://results.sos.ga.gov/cdn/results/Georgia/export-2020NovGen.json
GA,2020,Mitchell County,county:13205,Mitchell County,county,Joseph R. Biden (Dem),Donald J. Trump (I) (Rep),3995,4935,33,8963,US Senate (Perdue),Jon Ossoff (Dem),David A. Perdue (I) (Rep),3832,4921,118,presidentVsSenate,ga-2020-official-results,ga-2020-official-results,https://results.sos.ga.gov/cdn/results/Georgia/export-2020NovGen.json
GA,2020,Monroe County,county:13207,Monroe County,county,Joseph R. Biden (Dem),Donald J. Trump (I) (Rep),4384,11060,148,15592,US Senate (Perdue),Jon Ossoff (Dem),David A. Perdue (I) (Rep),4205,10929,294,presidentVsSenate,ga-2020-official-results,ga-2020-official-results,https://results.sos.ga.gov/cdn/results/Georgia/export-2020NovGen.json
GA,2020,Montgomery County,county:13209,Montgomery County,county,Joseph R. Biden (Dem),Donald J. Trump (I) (Rep),979,2960,27,3966,US Senate (Perdue),Jon Ossoff (Dem),David A. Perdue (I) (Rep),931,2927,62,presidentVsSenate,ga-2020-official-results,ga-2020-official-results,https://results.sos.ga.gov/cdn/results/Georgia/export-2020NovGen.json
GA,2020,Morgan County,county:13211,Morgan County,county,Joseph R. Biden (Dem),Donald J. Trump (I) (Rep),3355,8230,122,11707,US Senate (Perdue),Jon Ossoff (Dem),David A. Perdue (I) (Rep),3151,8259,217,presidentVsSenate,ga-2020-official-results,ga-2020-official-results,https://results.sos.ga.gov/cdn/results/Georgia/export-2020NovGen.json
GA,2020,Murray County,county:13213,Murray County,county,Joseph R. Biden (Dem),Donald J. Trump (I) (Rep),2302,12943,144,15389,US Senate (Perdue),Jon Ossoff (Dem),David A. Perdue (I) (Rep),2296,12493,362,presidentVsSenate,ga-2020-official-results,ga-2020-official-results,https://results.sos.ga.gov/cdn/results/Georgia/export-2020NovGen.json
GA,2020,Muscogee County,county:13215,Muscogee County,county,Joseph R. Biden (Dem),Donald J. Trump (I) (Rep),49529,30049,965,80543,US Senate (Perdue),Jon Ossoff (Dem),David A. Perdue (I) (Rep),47552,30226,1772,presidentVsSenate,ga-2020-official-results,ga-2020-official-results,https://results.sos.ga.gov/cdn/results/Georgia/export-2020NovGen.json
GA,2020,Newton County,county:13217,Newton County,county,Joseph R. Biden (Dem),Donald J. Trump (I) (Rep),29794,23869,576,54239,US Senate (Perdue),Jon Ossoff (Dem),David A. Perdue (I) (Rep),29220,23408,1150,presidentVsSenate,ga-2020-official-results,ga-2020-official-results,https://results.sos.ga.gov/cdn/results/Georgia/export-2020NovGen.json
GA,2020,Oconee County,county:13219,Oconee County,county,Joseph R. Biden (Dem),Donald J. Trump (I) (Rep),8162,16595,411,25168,US Senate (Perdue),Jon Ossoff (Dem),David A. Perdue (I) (Rep),7465,17108,569,presidentVsSenate,ga-2020-official-results,ga-2020-official-results,https://results.sos.ga.gov/cdn/results/Georgia/export-2020NovGen.json
GA,2020,Oglethorpe County,county:13221,Oglethorpe County,county,Joseph R. Biden (Dem),Donald J. Trump (I) (Rep),2436,5593,102,8131,US Senate (Perdue),Jon Ossoff (Dem),David A. Perdue (I) (Rep),2323,5500,234,presidentVsSenate,ga-2020-official-results,ga-2020-official-results,https://results.sos.ga.gov/cdn/results/Georgia/export-2020NovGen.json
GA,2020,Paulding County,county:13223,Paulding County,county,Joseph R. Biden (Dem),Donald J. Trump (I) (Rep),29704,54525,1156,85385,US Senate (Perdue),Jon Ossoff (Dem),David A. Perdue (I) (Rep),28755,53485,2308,presidentVsSenate,ga-2020-official-results,ga-2020-official-results,https://results.sos.ga.gov/cdn/results/Georgia/export-2020NovGen.json
GA,2020,Peach County,county:13225,Peach County,county,Joseph R. Biden (Dem),Donald J. Trump (I) (Rep),5920,6502,123,12545,US Senate (Perdue),Jon Ossoff (Dem),David A. Perdue (I) (Rep),5702,6483,247,presidentVsSenate,ga-2020-official-results,ga-2020-official-results,https://results.sos.ga.gov/cdn/results/Georgia/export-2020NovGen.json
GA,2020,Pickens County,county:13227,Pickens County,county,Joseph R. Biden (Dem),Donald J. Trump (I) (Rep),2808,14075,233,17116,US Senate (Perdue),Jon Ossoff (Dem),David A. Perdue (I) (Rep),2678,13860,431,presidentVsSenate,ga-2020-official-results,ga-2020-official-results,https://results.sos.ga.gov/cdn/results/Georgia/export-2020NovGen.json
GA,2020,Pierce County,county:13229,Pierce County,county,Joseph R. Biden (Dem),Donald J. Trump (I) (Rep),1100,7899,49,9048,US Senate (Perdue),Jon Ossoff (Dem),David A. Perdue (I) (Rep),1002,7810,129,presidentVsSenate,ga-2020-official-results,ga-2020-official-results,https://results.sos.ga.gov/cdn/results/Georgia/export-2020NovGen.json
GA,2020,Pike County,county:13231,Pike County,county,Joseph R. Biden (Dem),Donald J. Trump (I) (Rep),1505,9127,88,10720,US Senate (Perdue),Jon Ossoff (Dem),David A. Perdue (I) (Rep),1430,9045,174,presidentVsSenate,ga-2020-official-results,ga-2020-official-results,https://results.sos.ga.gov/cdn/results/Georgia/export-2020NovGen.json
GA,2020,Polk County,county:13233,Polk County,county,Joseph R. Biden (Dem),Donald J. Trump (I) (Rep),3658,13589,152,17399,US Senate (Perdue),Jon Ossoff (Dem),David A. Perdue (I) (Rep),3537,13282,416,presidentVsSenate,ga-2020-official-results,ga-2020-official-results,https://results.sos.ga.gov/cdn/results/Georgia/export-2020NovGen.json
GA,2020,Pulaski County,county:13235,Pulaski County,county,Joseph R. Biden (Dem),Donald J. Trump (I) (Rep),1217,2805,37,4059,US Senate (Perdue),Jon Ossoff (Dem),David A. Perdue (I) (Rep),1139,2787,79,presidentVsSenate,ga-2020-official-results,ga-2020-official-results,https://results.sos.ga.gov/cdn/results/Georgia/export-2020NovGen.json
GA,2020,Putnam County,county:13237,Putnam County,county,Joseph R. Biden (Dem),Donald J. Trump (I) (Rep),3448,8291,116,11855,US Senate (Perdue),Jon Ossoff (Dem),David A. Perdue (I) (Rep),3299,8279,189,presidentVsSenate,ga-2020-official-results,ga-2020-official-results,https://results.sos.ga.gov/cdn/results/Georgia/export-2020NovGen.json
GA,2020,Quitman County,county:13239,Quitman County,county,Joseph R. Biden (Dem),Donald J. Trump (I) (Rep),497,604,5,1106,US Senate (Perdue),Jon Ossoff (Dem),David A. Perdue (I) (Rep),470,600,15,presidentVsSenate,ga-2020-official-results,ga-2020-official-results,https://results.sos.ga.gov/cdn/results/Georgia/export-2020NovGen.json
GA,2020,Rabun County,county:13241,Rabun County,county,Joseph R. Biden (Dem),Donald J. Trump (I) (Rep),1984,7474,110,9568,US Senate (Perdue),Jon Ossoff (Dem),David A. Perdue (I) (Rep),1825,7392,255,presidentVsSenate,ga-2020-official-results,ga-2020-official-results,https://results.sos.ga.gov/cdn/results/Georgia/export-2020NovGen.json
GA,2020,Randolph County,county:13243,Randolph County,county,Joseph R. Biden (Dem),Donald J. Trump (I) (Rep),1671,1391,12,3074,US Senate (Perdue),Jon Ossoff (Dem),David A. Perdue (I) (Rep),1606,1404,31,presidentVsSenate,ga-2020-official-results,ga-2020-official-results,https://results.sos.ga.gov/cdn/results/Georgia/export-2020NovGen.json
GA,2020,Richmond County,county:13245,Richmond County,county,Joseph R. Biden (Dem),Donald J. Trump (I) (Rep),59124,26781,1111,87016,US Senate (Perdue),Jon Ossoff (Dem),David A. Perdue (I) (Rep),56786,27052,2130,presidentVsSenate,ga-2020-official-results,ga-2020-official-results,https://results.sos.ga.gov/cdn/results/Georgia/export-2020NovGen.json
GA,2020,Rockdale County,county:13247,Rockdale County,county,Joseph R. Biden (Dem),Donald J. Trump (I) (Rep),31244,13012,430,44686,US Senate (Perdue),Jon Ossoff (Dem),David A. Perdue (I) (Rep),30641,12716,906,presidentVsSenate,ga-2020-official-results,ga-2020-official-results,https://results.sos.ga.gov/cdn/results/Georgia/export-2020NovGen.json
GA,2020,Schley County,county:13249,Schley County,county,Joseph R. Biden (Dem),Donald J. Trump (I) (Rep),462,1800,13,2275,US Senate (Perdue),Jon Ossoff (Dem),David A. Perdue (I) (Rep),439,1783,34,presidentVsSenate,ga-2020-official-results,ga-2020-official-results,https://results.sos.ga.gov/cdn/results/Georgia/export-2020NovGen.json
GA,2020,Screven County,county:13251,Screven County,county,Joseph R. Biden (Dem),Donald J. Trump (I) (Rep),2661,3916,51,6628,US Senate (Perdue),Jon Ossoff (Dem),David A. Perdue (I) (Rep),2589,3893,65,presidentVsSenate,ga-2020-official-results,ga-2020-official-results,https://results.sos.ga.gov/cdn/results/Georgia/export-2020NovGen.json
GA,2020,Seminole County,county:13253,Seminole County,county,Joseph R. Biden (Dem),Donald J. Trump (I) (Rep),1254,2611,19,3884,US Senate (Perdue),Jon Ossoff (Dem),David A. Perdue (I) (Rep),1187,2597,54,presidentVsSenate,ga-2020-official-results,ga-2020-official-results,https://results.sos.ga.gov/cdn/results/Georgia/export-2020NovGen.json
GA,2020,Spalding County,county:13255,Spalding County,county,Joseph R. Biden (Dem),Donald J. Trump (I) (Rep),11784,18057,275,30116,US Senate (Perdue),Jon Ossoff (Dem),David A. Perdue (I) (Rep),11355,17768,641,presidentVsSenate,ga-2020-official-results,ga-2020-official-results,https://results.sos.ga.gov/cdn/results/Georgia/export-2020NovGen.json
GA,2020,Stephens County,county:13257,Stephens County,county,Joseph R. Biden (Dem),Donald J. Trump (I) (Rep),2385,9368,132,11885,US Senate (Perdue),Jon Ossoff (Dem),David A. Perdue (I) (Rep),2187,9353,228,presidentVsSenate,ga-2020-official-results,ga-2020-official-results,https://results.sos.ga.gov/cdn/results/Georgia/export-2020NovGen.json
GA,2020,Stewart County,county:13259,Stewart County,county,Joseph R. Biden (Dem),Donald J. Trump (I) (Rep),1182,801,7,1990,US Senate (Perdue),Jon Ossoff (Dem),David A. Perdue (I) (Rep),1115,803,35,presidentVsSenate,ga-2020-official-results,ga-2020-official-results,https://results.sos.ga.gov/cdn/results/Georgia/export-2020NovGen.json
GA,2020,Sumter County,county:13261,Sumter County,county,Joseph R. Biden (Dem),Donald J. Trump (I) (Rep),6318,5732,100,12150,US Senate (Perdue),Jon Ossoff (Dem),David A. Perdue (I) (Rep),6114,5743,165,presidentVsSenate,ga-2020-official-results,ga-2020-official-results,https://results.sos.ga.gov/cdn/results/Georgia/export-2020NovGen.json
GA,2020,Talbot County,county:13263,Talbot County,county,Joseph R. Biden (Dem),Donald J. Trump (I) (Rep),2114,1392,16,3522,US Senate (Perdue),Jon Ossoff (Dem),David A. Perdue (I) (Rep),2013,1386,51,presidentVsSenate,ga-2020-official-results,ga-2020-official-results,https://results.sos.ga.gov/cdn/results/Georgia/export-2020NovGen.json
GA,2020,Taliaferro County,county:13265,Taliaferro County,county,Joseph R. Biden (Dem),Donald J. Trump (I) (Rep),561,360,7,928,US Senate (Perdue),Jon Ossoff (Dem),David A. Perdue (I) (Rep),521,366,15,presidentVsSenate,ga-2020-official-results,ga-2020-official-results,https://results.sos.ga.gov/cdn/results/Georgia/export-2020NovGen.json
GA,2020,Tattnall County,county:13267,Tattnall County,county,Joseph R. Biden (Dem),Donald J. Trump (I) (Rep),2061,6053,69,8183,US Senate (Perdue),Jon Ossoff (Dem),David A. Perdue (I) (Rep),1978,5954,159,presidentVsSenate,ga-2020-official-results,ga-2020-official-results,https://results.sos.ga.gov/cdn/results/Georgia/export-2020NovGen.json
GA,2020,Taylor County,county:13269,Taylor County,county,Joseph R. Biden (Dem),Donald J. Trump (I) (Rep),1387,2418,34,3839,US Senate (Perdue),Jon Ossoff (Dem),David A. Perdue (I) (Rep),1312,2399,81,presidentVsSenate,ga-2020-official-results,ga-2020-official-results,https://results.sos.ga.gov/cdn/results/Georgia/export-2020NovGen.json
GA,2020,Telfair County,county:13271,Telfair County,county,Joseph R. Biden (Dem),Donald J. Trump (I) (Rep),1487,2825,21,4333,US Senate (Perdue),Jon Ossoff (Dem),David A. Perdue (I) (Rep),1435,2751,69,presidentVsSenate,ga-2020-official-results,ga-2020-official-results,https://results.sos.ga.gov/cdn/results/Georgia/export-2020NovGen.json
GA,2020,Terrell County,county:13273,Terrell County,county,Joseph R. Biden (Dem),Donald J. Trump (I) (Rep),2376,2004,36,4416,US Senate (Perdue),Jon Ossoff (Dem),David A. Perdue (I) (Rep),2277,2040,58,presidentVsSenate,ga-2020-official-results,ga-2020-official-results,https://results.sos.ga.gov/cdn/results/Georgia/export-2020NovGen.json
GA,2020,Thomas County,county:13275,Thomas County,county,Joseph R. Biden (Dem),Donald J. Trump (I) (Rep),8708,12954,191,21853,US Senate (Perdue),Jon Ossoff (Dem),David A. Perdue (I) (Rep),8158,13020,422,presidentVsSenate,ga-2020-official-results,ga-2020-official-results,https://results.sos.ga.gov/cdn/results/Georgia/export-2020NovGen.json
GA,2020,Tift County,county:13277,Tift County,county,Joseph R. Biden (Dem),Donald J. Trump (I) (Rep),5322,10784,177,16283,US Senate (Perdue),Jon Ossoff (Dem),David A. Perdue (I) (Rep),4956,10814,305,presidentVsSenate,ga-2020-official-results,ga-2020-official-results,https://results.sos.ga.gov/cdn/results/Georgia/export-2020NovGen.json
GA,2020,Toombs County,county:13279,Toombs County,county,Joseph R. Biden (Dem),Donald J. Trump (I) (Rep),2939,7872,103,10914,US Senate (Perdue),Jon Ossoff (Dem),David A. Perdue (I) (Rep),2832,7793,173,presidentVsSenate,ga-2020-official-results,ga-2020-official-results,https://results.sos.ga.gov/cdn/results/Georgia/export-2020NovGen.json
GA,2020,Towns County,county:13281,Towns County,county,Joseph R. Biden (Dem),Donald J. Trump (I) (Rep),1550,6384,45,7979,US Senate (Perdue),Jon Ossoff (Dem),David A. Perdue (I) (Rep),1451,6291,146,presidentVsSenate,ga-2020-official-results,ga-2020-official-results,https://results.sos.ga.gov/cdn/results/Georgia/export-2020NovGen.json
GA,2020,Treutlen County,county:13283,Treutlen County,county,Joseph R. Biden (Dem),Donald J. Trump (I) (Rep),952,2101,24,3077,US Senate (Perdue),Jon Ossoff (Dem),David A. Perdue (I) (Rep),893,2078,52,presidentVsSenate,ga-2020-official-results,ga-2020-official-results,https://results.sos.ga.gov/cdn/results/Georgia/export-2020NovGen.json
GA,2020,Troup County,county:13285,Troup County,county,Joseph R. Biden (Dem),Donald J. Trump (I) (Rep),11578,18143,328,30049,US Senate (Perdue),Jon Ossoff (Dem),David A. Perdue (I) (Rep),11111,18162,536,presidentVsSenate,ga-2020-official-results,ga-2020-official-results,https://results.sos.ga.gov/cdn/results/Georgia/export-2020NovGen.json
GA,2020,Turner County,county:13287,Turner County,county,Joseph R. Biden (Dem),Donald J. Trump (I) (Rep),1410,2349,33,3792,US Senate (Perdue),Jon Ossoff (Dem),David A. Perdue (I) (Rep),1345,2334,62,presidentVsSenate,ga-2020-official-results,ga-2020-official-results,https://results.sos.ga.gov/cdn/results/Georgia/export-2020NovGen.json
GA,2020,Twiggs County,county:13289,Twiggs County,county,Joseph R. Biden (Dem),Donald J. Trump (I) (Rep),2044,2370,30,4444,US Senate (Perdue),Jon Ossoff (Dem),David A. Perdue (I) (Rep),1981,2313,87,presidentVsSenate,ga-2020-official-results,ga-2020-official-results,https://results.sos.ga.gov/cdn/results/Georgia/export-2020NovGen.json
GA,2020,Union County,county:13291,Union County,county,Joseph R. Biden (Dem),Donald J. Trump (I) (Rep),2801,12651,108,15560,US Senate (Perdue),Jon Ossoff (Dem),David A. Perdue (I) (Rep),2616,12423,339,presidentVsSenate,ga-2020-official-results,ga-2020-official-results,https://results.sos.ga.gov/cdn/results/Georgia/export-2020NovGen.json
GA,2020,Upson County,county:13293,Upson County,county,Joseph R. Biden (Dem),Donald J. Trump (I) (Rep),4201,8608,96,12905,US Senate (Perdue),Jon Ossoff (Dem),David A. Perdue (I) (Rep),4000,8568,216,presidentVsSenate,ga-2020-official-results,ga-2020-official-results,https://results.sos.ga.gov/cdn/results/Georgia/export-2020NovGen.json
GA,2020,Walker County,county:13295,Walker County,county,Joseph R. Biden (Dem),Donald J. Trump (I) (Rep),5769,23174,411,29354,US Senate (Perdue),Jon Ossoff (Dem),David A. Perdue (I) (Rep),5435,22650,883,presidentVsSenate,ga-2020-official-results,ga-2020-official-results,https://results.sos.ga.gov/cdn/results/Georgia/export-2020NovGen.json
GA,2020,Walton County,county:13297,Walton County,county,Joseph R. Biden (Dem),Donald J. Trump (I) (Rep),12682,37842,571,51095,US Senate (Perdue),Jon Ossoff (Dem),David A. Perdue (I) (Rep),12146,37399,1193,presidentVsSenate,ga-2020-official-results,ga-2020-official-results,https://results.sos.ga.gov/cdn/results/Georgia/export-2020NovGen.json
GA,2020,Ware County,county:13299,Ware County,county,Joseph R. Biden (Dem),Donald J. Trump (I) (Rep),4211,9865,116,14192,US Senate (Perdue),Jon Ossoff (Dem),David A. Perdue (I) (Rep),3937,9773,269,presidentVsSenate,ga-2020-official-results,ga-2020-official-results,https://results.sos.ga.gov/cdn/results/Georgia/export-2020NovGen.json
GA,2020,Warren County,county:13301,Warren County,county,Joseph R. Biden (Dem),Donald J. Trump (I) (Rep),1469,1166,16,2651,US Senate (Perdue),Jon Ossoff (Dem),David A. Perdue (I) (Rep),1407,1161,46,presidentVsSenate,ga-2020-official-results,ga-2020-official-results,https://results.sos.ga.gov/cdn/results/Georgia/export-2020NovGen.json
GA,2020,Washington County,county:13303,Washington County,county,Joseph R. Biden (Dem),Donald J. Trump (I) (Rep),4730,4663,66,9459,US Senate (Perdue),Jon Ossoff (Dem),David A. Perdue (I) (Rep),4477,4630,172,presidentVsSenate,ga-2020-official-results,ga-2020-official-results,https://results.sos.ga.gov/cdn/results/Georgia/export-2020NovGen.json
GA,2020,Wayne County,county:13305,Wayne County,county,Joseph R. Biden (Dem),Donald J. Trump (I) (Rep),2687,9987,104,12778,US Senate (Perdue),Jon Ossoff (Dem),David A. Perdue (I) (Rep),2655,9734,244,presidentVsSenate,ga-2020-official-results,ga-2020-official-results,https://results.sos.ga.gov/cdn/results/Georgia/export-2020NovGen.json
GA,2020,Webster County,county:13307,Webster County,county,Joseph R. Biden (Dem),Donald J. Trump (I) (Rep),639,748,3,1390,US Senate (Perdue),Jon Ossoff (Dem),David A. Perdue (I) (Rep),626,736,10,presidentVsSenate,ga-2020-official-results,ga-2020-official-results,https://results.sos.ga.gov/cdn/results/Georgia/export-2020NovGen.json
GA,2020,Wheeler County,county:13309,Wheeler County,county,Joseph R. Biden (Dem),Donald J. Trump (I) (Rep),689,1583,13,2285,US Senate (Perdue),Jon Ossoff (Dem),David A. Perdue (I) (Rep),657,1562,35,presidentVsSenate,ga-2020-official-results,ga-2020-official-results,https://results.sos.ga.gov/cdn/results/Georgia/export-2020NovGen.json
GA,2020,White County,county:13311,White County,county,Joseph R. Biden (Dem),Donald J. Trump (I) (Rep),2411,12222,183,14816,US Senate (Perdue),Jon Ossoff (Dem),David A. Perdue (I) (Rep),2273,12072,371,presidentVsSenate,ga-2020-official-results,ga-2020-official-results,https://results.sos.ga.gov/cdn/results/Georgia/export-2020NovGen.json
GA,2020,Whitfield County,county:13313,Whitfield County,county,Joseph R. Biden (Dem),Donald J. Trump (I) (Rep),10670,25636,440,36746,US Senate (Perdue),Jon Ossoff (Dem),David A. Perdue (I) (Rep),10177,25158,962,presidentVsSenate,ga-2020-official-results,ga-2020-official-results,https://results.sos.ga.gov/cdn/results/Georgia/export-2020NovGen.json
GA,2020,Wilcox County,county:13315,Wilcox County,county,Joseph R. Biden (Dem),Donald J. Trump (I) (Rep),862,2403,16,3281,US Senate (Perdue),Jon Ossoff (Dem),David A. Perdue (I) (Rep),805,2369,56,presidentVsSenate,ga-2020-official-results,ga-2020-official-results,https://results.sos.ga.gov/cdn/results/Georgia/export-2020NovGen.json
GA,2020,Wilkes County,county:13317,Wilkes County,county,Joseph R. Biden (Dem),Donald J. Trump (I) (Rep),2160,2823,46,5029,US Senate (Perdue),Jon Ossoff (Dem),David A. Perdue (I) (Rep),2057,2810,78,presidentVsSenate,ga-2020-official-results,ga-2020-official-results,https://results.sos.ga.gov/cdn/results/Georgia/export-2020NovGen.json
GA,2020,Wilkinson County,county:13319,Wilkinson County,county,Joseph R. Biden (Dem),Donald J. Trump (I) (Rep),2075,2664,31,4770,US Senate (Perdue),Jon Ossoff (Dem),David A. Perdue (I) (Rep),2017,2608,79,presidentVsSenate,ga-2020-official-results,ga-2020-official-results,https://results.sos.ga.gov/cdn/results/Georgia/export-2020NovGen.json
GA,2020,Worth County,county:13321,Worth County,county,Joseph R. Biden (Dem),Donald J. Trump (I) (Rep),2395,6830,60,9285,US Senate (Perdue),Jon Ossoff (Dem),David A. Perdue (I) (Rep),2327,6726,157,presidentVsSenate,ga-2020-official-results,ga-2020-official-results,https://results.sos.ga.gov/cdn/results/Georgia/export-2020NovGen.json
