state,election_year,jurisdiction_name,jurisdiction_geoid,jurisdiction_tag,county,local_unit,source_id,source_level,row_method,source_url,source_display_name,source_jurisdiction_name,dem_votes,rep_votes,other_votes,total_votes,notes
MO,2012,Adair County,29001,county:29001,Adair County,Adair County,mo-historical-presidential-sos-county-pdfs,county,missouriSosOfficialCountyPdf,https://www.sos.mo.gov/CMSImages/ElectionResultsStatistics/OfficialResults11-6-12.pdf,Adair County,Adair County,4219,5651,256,10126,
MO,2012,Andrew County,29003,county:29003,Andrew County,Andrew County,mo-historical-presidential-sos-county-pdfs,county,missouriSosOfficialCountyPdf,https://www.sos.mo.gov/CMSImages/ElectionResultsStatistics/OfficialResults11-6-12.pdf,Andrew County,Andrew County,2649,5457,200,8306,
MO,2012,Atchison County,29005,county:29005,Atchison County,Atchison County,mo-historical-presidential-sos-county-pdfs,county,missouriSosOfficialCountyPdf,https://www.sos.mo.gov/CMSImages/ElectionResultsStatistics/OfficialResults11-6-12.pdf,Atchison County,Atchison County,756,1902,51,2709,
MO,2012,Audrain County,29007,county:29007,Audrain County,Audrain County,mo-historical-presidential-sos-county-pdfs,county,missouriSosOfficialCountyPdf,https://www.sos.mo.gov/CMSImages/ElectionResultsStatistics/OfficialResults11-6-12.pdf,Audrain County,Audrain County,3539,6186,227,9952,
MO,2012,Barry County,29009,county:29009,Barry County,Barry County,mo-historical-presidential-sos-county-pdfs,county,missouriSosOfficialCountyPdf,https://www.sos.mo.gov/CMSImages/ElectionResultsStatistics/OfficialResults11-6-12.pdf,Barry County,Barry County,3667,9832,307,13806,
MO,2012,Barton County,29011,county:29011,Barton County,Barton County,mo-historical-presidential-sos-county-pdfs,county,missouriSosOfficialCountyPdf,https://www.sos.mo.gov/CMSImages/ElectionResultsStatistics/OfficialResults11-6-12.pdf,Barton County,Barton County,1230,4418,98,5746,
MO,2012,Bates County,29013,county:29013,Bates County,Bates County,mo-historical-presidential-sos-county-pdfs,county,missouriSosOfficialCountyPdf,https://www.sos.mo.gov/CMSImages/ElectionResultsStatistics/OfficialResults11-6-12.pdf,Bates County,Bates County,2557,5020,194,7771,
MO,2012,Benton County,29015,county:29015,Benton County,Benton County,mo-historical-presidential-sos-county-pdfs,county,missouriSosOfficialCountyPdf,https://www.sos.mo.gov/CMSImages/ElectionResultsStatistics/OfficialResults11-6-12.pdf,Benton County,Benton County,2925,6069,163,9157,
MO,2012,Bollinger County,29017,county:29017,Bollinger County,Bollinger County,mo-historical-presidential-sos-county-pdfs,county,missouriSosOfficialCountyPdf,https://www.sos.mo.gov/CMSImages/ElectionResultsStatistics/OfficialResults11-6-12.pdf,Bollinger County,Bollinger County,1213,4095,148,5456,
MO,2012,Boone County,29019,county:29019,Boone County,Boone County,mo-historical-presidential-sos-county-pdfs,county,missouriSosOfficialCountyPdf,https://www.sos.mo.gov/CMSImages/ElectionResultsStatistics/OfficialResults11-6-12.pdf,Boone County,Boone County,39847,37404,2171,79422,
MO,2012,Buchanan County,29021,county:29021,Buchanan County,Buchanan County,mo-historical-presidential-sos-county-pdfs,county,missouriSosOfficialCountyPdf,https://www.sos.mo.gov/CMSImages/ElectionResultsStatistics/OfficialResults11-6-12.pdf,Buchanan County,Buchanan County,15594,18660,852,35106,
MO,2012,Butler County,29023,county:29023,Butler County,Butler County,mo-historical-presidential-sos-county-pdfs,county,missouriSosOfficialCountyPdf,https://www.sos.mo.gov/CMSImages/ElectionResultsStatistics/OfficialResults11-6-12.pdf,Butler County,Butler County,4363,12248,278,16889,
MO,2012,Caldwell County,29025,county:29025,Caldwell County,Caldwell County,mo-historical-presidential-sos-county-pdfs,county,missouriSosOfficialCountyPdf,https://www.sos.mo.gov/CMSImages/ElectionResultsStatistics/OfficialResults11-6-12.pdf,Caldwell County,Caldwell County,1312,2721,134,4167,
MO,2012,Callaway County,29027,county:29027,Callaway County,Callaway County,mo-historical-presidential-sos-county-pdfs,county,missouriSosOfficialCountyPdf,https://www.sos.mo.gov/CMSImages/ElectionResultsStatistics/OfficialResults11-6-12.pdf,Callaway County,Callaway County,6071,11745,416,18232,
MO,2012,Camden County,29029,county:29029,Camden County,Camden County,mo-historical-presidential-sos-county-pdfs,county,missouriSosOfficialCountyPdf,https://www.sos.mo.gov/CMSImages/ElectionResultsStatistics/OfficialResults11-6-12.pdf,Camden County,Camden County,6458,15092,395,21945,
MO,2012,Cape Girardeau County,29031,county:29031,Cape Girardeau County,Cape Girardeau County,mo-historical-presidential-sos-county-pdfs,county,missouriSosOfficialCountyPdf,https://www.sos.mo.gov/CMSImages/ElectionResultsStatistics/OfficialResults11-6-12.pdf,Cape Girardeau County,Cape Girardeau County,9728,25370,618,35716,
MO,2012,Carroll County,29033,county:29033,Carroll County,Carroll County,mo-historical-presidential-sos-county-pdfs,county,missouriSosOfficialCountyPdf,https://www.sos.mo.gov/CMSImages/ElectionResultsStatistics/OfficialResults11-6-12.pdf,Carroll County,Carroll County,1154,3072,78,4304,
MO,2012,Carter County,29035,county:29035,Carter County,Carter County,mo-historical-presidential-sos-county-pdfs,county,missouriSosOfficialCountyPdf,https://www.sos.mo.gov/CMSImages/ElectionResultsStatistics/OfficialResults11-6-12.pdf,Carter County,Carter County,754,1978,67,2799,
MO,2012,Cass County,29037,county:29037,Cass County,Cass County,mo-historical-presidential-sos-county-pdfs,county,missouriSosOfficialCountyPdf,https://www.sos.mo.gov/CMSImages/ElectionResultsStatistics/OfficialResults11-6-12.pdf,Cass County,Cass County,17044,30912,957,48913,
MO,2012,Cedar County,29039,county:29039,Cedar County,Cedar County,mo-historical-presidential-sos-county-pdfs,county,missouriSosOfficialCountyPdf,https://www.sos.mo.gov/CMSImages/ElectionResultsStatistics/OfficialResults11-6-12.pdf,Cedar County,Cedar County,1537,4376,132,6045,
MO,2012,Chariton County,29041,county:29041,Chariton County,Chariton County,mo-historical-presidential-sos-county-pdfs,county,missouriSosOfficialCountyPdf,https://www.sos.mo.gov/CMSImages/ElectionResultsStatistics/OfficialResults11-6-12.pdf,Chariton County,Chariton County,1339,2402,80,3821,
MO,2012,Christian County,29043,county:29043,Christian County,Christian County,mo-historical-presidential-sos-county-pdfs,county,missouriSosOfficialCountyPdf,https://www.sos.mo.gov/CMSImages/ElectionResultsStatistics/OfficialResults11-6-12.pdf,Christian County,Christian County,9813,27473,678,37964,
MO,2012,Clark County,29045,county:29045,Clark County,Clark County,mo-historical-presidential-sos-county-pdfs,county,missouriSosOfficialCountyPdf,https://www.sos.mo.gov/CMSImages/ElectionResultsStatistics/OfficialResults11-6-12.pdf,Clark County,Clark County,1398,1730,97,3225,
MO,2012,Clay County,29047,county:29047,Clay County,Clay County,mo-historical-presidential-sos-county-pdfs,county,missouriSosOfficialCountyPdf,https://www.sos.mo.gov/CMSImages/ElectionResultsStatistics/OfficialResults11-6-12.pdf,Clay County,Clay County,47310,56191,2088,105589,
MO,2012,Clinton County,29049,county:29049,Clinton County,Clinton County,mo-historical-presidential-sos-county-pdfs,county,missouriSosOfficialCountyPdf,https://www.sos.mo.gov/CMSImages/ElectionResultsStatistics/OfficialResults11-6-12.pdf,Clinton County,Clinton County,3688,5931,242,9861,
MO,2012,Cole County,29051,county:29051,Cole County,Cole County,mo-historical-presidential-sos-county-pdfs,county,missouriSosOfficialCountyPdf,https://www.sos.mo.gov/CMSImages/ElectionResultsStatistics/OfficialResults11-6-12.pdf,Cole County,Cole County,12005,24490,567,37062,
MO,2012,Cooper County,29053,county:29053,Cooper County,Cooper County,mo-historical-presidential-sos-county-pdfs,county,missouriSosOfficialCountyPdf,https://www.sos.mo.gov/CMSImages/ElectionResultsStatistics/OfficialResults11-6-12.pdf,Cooper County,Cooper County,2474,4887,150,7511,
MO,2012,Crawford County,29055,county:29055,Crawford County,Crawford County,mo-historical-presidential-sos-county-pdfs,county,missouriSosOfficialCountyPdf,https://www.sos.mo.gov/CMSImages/ElectionResultsStatistics/OfficialResults11-6-12.pdf,Crawford County,Crawford County,2951,6434,194,9579,
MO,2012,Dade County,29057,county:29057,Dade County,Dade County,mo-historical-presidential-sos-county-pdfs,county,missouriSosOfficialCountyPdf,https://www.sos.mo.gov/CMSImages/ElectionResultsStatistics/OfficialResults11-6-12.pdf,Dade County,Dade County,939,2895,62,3896,
MO,2012,Dallas County,29059,county:29059,Dallas County,Dallas County,mo-historical-presidential-sos-county-pdfs,county,missouriSosOfficialCountyPdf,https://www.sos.mo.gov/CMSImages/ElectionResultsStatistics/OfficialResults11-6-12.pdf,Dallas County,Dallas County,2122,4992,165,7279,
MO,2012,Daviess County,29061,county:29061,Daviess County,Daviess County,mo-historical-presidential-sos-county-pdfs,county,missouriSosOfficialCountyPdf,https://www.sos.mo.gov/CMSImages/ElectionResultsStatistics/OfficialResults11-6-12.pdf,Daviess County,Daviess County,1125,2290,106,3521,
MO,2012,DeKalb County,29063,county:29063,DeKalb County,DeKalb County,mo-historical-presidential-sos-county-pdfs,county,missouriSosOfficialCountyPdf,https://www.sos.mo.gov/CMSImages/ElectionResultsStatistics/OfficialResults11-6-12.pdf,De Kalb County,De Kalb County,1194,3056,100,4350,Normalized the source display name De Kalb County to the Census county display name DeKalb County.
MO,2012,Dent County,29065,county:29065,Dent County,Dent County,mo-historical-presidential-sos-county-pdfs,county,missouriSosOfficialCountyPdf,https://www.sos.mo.gov/CMSImages/ElectionResultsStatistics/OfficialResults11-6-12.pdf,Dent County,Dent County,1585,4883,175,6643,
MO,2012,Douglas County,29067,county:29067,Douglas County,Douglas County,mo-historical-presidential-sos-county-pdfs,county,missouriSosOfficialCountyPdf,https://www.sos.mo.gov/CMSImages/ElectionResultsStatistics/OfficialResults11-6-12.pdf,Douglas County,Douglas County,1710,4649,198,6557,
MO,2012,Dunklin County,29069,county:29069,Dunklin County,Dunklin County,mo-historical-presidential-sos-county-pdfs,county,missouriSosOfficialCountyPdf,https://www.sos.mo.gov/CMSImages/ElectionResultsStatistics/OfficialResults11-6-12.pdf,Dunklin County,Dunklin County,3636,6850,165,10651,
MO,2012,Franklin County,29071,county:29071,Franklin County,Franklin County,mo-historical-presidential-sos-county-pdfs,county,missouriSosOfficialCountyPdf,https://www.sos.mo.gov/CMSImages/ElectionResultsStatistics/OfficialResults11-6-12.pdf,Franklin County,Franklin County,16347,29396,1012,46755,
MO,2012,Gasconade County,29073,county:29073,Gasconade County,Gasconade County,mo-historical-presidential-sos-county-pdfs,county,missouriSosOfficialCountyPdf,https://www.sos.mo.gov/CMSImages/ElectionResultsStatistics/OfficialResults11-6-12.pdf,Gasconade County,Gasconade County,2099,4895,140,7134,
MO,2012,Gentry County,29075,county:29075,Gentry County,Gentry County,mo-historical-presidential-sos-county-pdfs,county,missouriSosOfficialCountyPdf,https://www.sos.mo.gov/CMSImages/ElectionResultsStatistics/OfficialResults11-6-12.pdf,Gentry County,Gentry County,937,1988,74,2999,
MO,2012,Greene County,29077,county:29077,Greene County,Greene County,mo-historical-presidential-sos-county-pdfs,county,missouriSosOfficialCountyPdf,https://www.sos.mo.gov/CMSImages/ElectionResultsStatistics/OfficialResults11-6-12.pdf,Greene County,Greene County,46219,76900,2729,125848,
MO,2012,Grundy County,29079,county:29079,Grundy County,Grundy County,mo-historical-presidential-sos-county-pdfs,county,missouriSosOfficialCountyPdf,https://www.sos.mo.gov/CMSImages/ElectionResultsStatistics/OfficialResults11-6-12.pdf,Grundy County,Grundy County,1212,3030,132,4374,
MO,2012,Harrison County,29081,county:29081,Harrison County,Harrison County,mo-historical-presidential-sos-county-pdfs,county,missouriSosOfficialCountyPdf,https://www.sos.mo.gov/CMSImages/ElectionResultsStatistics/OfficialResults11-6-12.pdf,Harrison County,Harrison County,984,2624,87,3695,
MO,2012,Henry County,29083,county:29083,Henry County,Henry County,mo-historical-presidential-sos-county-pdfs,county,missouriSosOfficialCountyPdf,https://www.sos.mo.gov/CMSImages/ElectionResultsStatistics/OfficialResults11-6-12.pdf,Henry County,Henry County,3606,6229,288,10123,
MO,2012,Hickory County,29085,county:29085,Hickory County,Hickory County,mo-historical-presidential-sos-county-pdfs,county,missouriSosOfficialCountyPdf,https://www.sos.mo.gov/CMSImages/ElectionResultsStatistics/OfficialResults11-6-12.pdf,Hickory County,Hickory County,1733,2835,112,4680,
MO,2012,Holt County,29087,county:29087,Holt County,Holt County,mo-historical-presidential-sos-county-pdfs,county,missouriSosOfficialCountyPdf,https://www.sos.mo.gov/CMSImages/ElectionResultsStatistics/OfficialResults11-6-12.pdf,Holt County,Holt County,551,1725,34,2310,
MO,2012,Howard County,29089,county:29089,Howard County,Howard County,mo-historical-presidential-sos-county-pdfs,county,missouriSosOfficialCountyPdf,https://www.sos.mo.gov/CMSImages/ElectionResultsStatistics/OfficialResults11-6-12.pdf,Howard County,Howard County,1723,3017,127,4867,
MO,2012,Howell County,29091,county:29091,Howell County,Howell County,mo-historical-presidential-sos-county-pdfs,county,missouriSosOfficialCountyPdf,https://www.sos.mo.gov/CMSImages/ElectionResultsStatistics/OfficialResults11-6-12.pdf,Howell County,Howell County,4395,11544,407,16346,
MO,2012,Iron County,29093,county:29093,Iron County,Iron County,mo-historical-presidential-sos-county-pdfs,county,missouriSosOfficialCountyPdf,https://www.sos.mo.gov/CMSImages/ElectionResultsStatistics/OfficialResults11-6-12.pdf,Iron County,Iron County,1669,2252,110,4031,
MO,2012,Jackson County,29095,county:29095,Jackson County,Jackson County,mo-historical-presidential-sos-county-pdfs,county,missouriSosOfficialCountyPdfKansasCityWithinJacksonCountyAggregation,https://www.sos.mo.gov/CMSImages/ElectionResultsStatistics/OfficialResults11-6-12.pdf,Jackson County + Kansas City,Jackson County + Kansas City,183953,122708,4916,311577,Aggregated the Kansas City election-authority row into Jackson County because the Missouri Secretary of State identifies that jurisdiction as Kansas City within Jackson County.
MO,2012,Jasper County,29097,county:29097,Jasper County,Jasper County,mo-historical-presidential-sos-county-pdfs,county,missouriSosOfficialCountyPdf,https://www.sos.mo.gov/CMSImages/ElectionResultsStatistics/OfficialResults11-6-12.pdf,Jasper County,Jasper County,12809,31349,1060,45218,
MO,2012,Jefferson County,29099,county:29099,Jefferson County,Jefferson County,mo-historical-presidential-sos-county-pdfs,county,missouriSosOfficialCountyPdf,https://www.sos.mo.gov/CMSImages/ElectionResultsStatistics/OfficialResults11-6-12.pdf,Jefferson County,Jefferson County,41564,53978,2069,97611,
MO,2012,Johnson County,29101,county:29101,Johnson County,Johnson County,mo-historical-presidential-sos-county-pdfs,county,missouriSosOfficialCountyPdf,https://www.sos.mo.gov/CMSImages/ElectionResultsStatistics/OfficialResults11-6-12.pdf,Johnson County,Johnson County,7667,12763,591,21021,
MO,2012,Knox County,29103,county:29103,Knox County,Knox County,mo-historical-presidential-sos-county-pdfs,county,missouriSosOfficialCountyPdf,https://www.sos.mo.gov/CMSImages/ElectionResultsStatistics/OfficialResults11-6-12.pdf,Knox County,Knox County,698,1205,54,1957,
MO,2012,Laclede County,29105,county:29105,Laclede County,Laclede County,mo-historical-presidential-sos-county-pdfs,county,missouriSosOfficialCountyPdf,https://www.sos.mo.gov/CMSImages/ElectionResultsStatistics/OfficialResults11-6-12.pdf,Laclede County,Laclede County,4093,10934,335,15362,
MO,2012,Lafayette County,29107,county:29107,Lafayette County,Lafayette County,mo-historical-presidential-sos-county-pdfs,county,missouriSosOfficialCountyPdf,https://www.sos.mo.gov/CMSImages/ElectionResultsStatistics/OfficialResults11-6-12.pdf,Lafayette County,Lafayette County,5655,9803,337,15795,
MO,2012,Lawrence County,29109,county:29109,Lawrence County,Lawrence County,mo-historical-presidential-sos-county-pdfs,county,missouriSosOfficialCountyPdf,https://www.sos.mo.gov/CMSImages/ElectionResultsStatistics/OfficialResults11-6-12.pdf,Lawrence County,Lawrence County,4017,11421,317,15755,
MO,2012,Lewis County,29111,county:29111,Lewis County,Lewis County,mo-historical-presidential-sos-county-pdfs,county,missouriSosOfficialCountyPdf,https://www.sos.mo.gov/CMSImages/ElectionResultsStatistics/OfficialResults11-6-12.pdf,Lewis County,Lewis County,1508,2677,94,4279,
MO,2012,Lincoln County,29113,county:29113,Lincoln County,Lincoln County,mo-historical-presidential-sos-county-pdfs,county,missouriSosOfficialCountyPdf,https://www.sos.mo.gov/CMSImages/ElectionResultsStatistics/OfficialResults11-6-12.pdf,Lincoln County,Lincoln County,7734,14332,586,22652,
MO,2012,Linn County,29115,county:29115,Linn County,Linn County,mo-historical-presidential-sos-county-pdfs,county,missouriSosOfficialCountyPdf,https://www.sos.mo.gov/CMSImages/ElectionResultsStatistics/OfficialResults11-6-12.pdf,Linn County,Linn County,2041,3344,165,5550,
MO,2012,Livingston County,29117,county:29117,Livingston County,Livingston County,mo-historical-presidential-sos-county-pdfs,county,missouriSosOfficialCountyPdf,https://www.sos.mo.gov/CMSImages/ElectionResultsStatistics/OfficialResults11-6-12.pdf,Livingston County,Livingston County,1906,4006,142,6054,
MO,2012,Macon County,29121,county:29121,Macon County,Macon County,mo-historical-presidential-sos-county-pdfs,county,missouriSosOfficialCountyPdf,https://www.sos.mo.gov/CMSImages/ElectionResultsStatistics/OfficialResults11-6-12.pdf,Macon County,Macon County,2309,4701,150,7160,
MO,2012,Madison County,29123,county:29123,Madison County,Madison County,mo-historical-presidential-sos-county-pdfs,county,missouriSosOfficialCountyPdf,https://www.sos.mo.gov/CMSImages/ElectionResultsStatistics/OfficialResults11-6-12.pdf,Madison County,Madison County,1588,3227,115,4930,
MO,2012,Maries County,29125,county:29125,Maries County,Maries County,mo-historical-presidential-sos-county-pdfs,county,missouriSosOfficialCountyPdf,https://www.sos.mo.gov/CMSImages/ElectionResultsStatistics/OfficialResults11-6-12.pdf,Maries County,Maries County,1299,3165,74,4538,
MO,2012,Marion County,29127,county:29127,Marion County,Marion County,mo-historical-presidential-sos-county-pdfs,county,missouriSosOfficialCountyPdf,https://www.sos.mo.gov/CMSImages/ElectionResultsStatistics/OfficialResults11-6-12.pdf,Marion County,Marion County,4031,7923,204,12158,
MO,2012,McDonald County,29119,county:29119,McDonald County,McDonald County,mo-historical-presidential-sos-county-pdfs,county,missouriSosOfficialCountyPdf,https://www.sos.mo.gov/CMSImages/ElectionResultsStatistics/OfficialResults11-6-12.pdf,McDonald County,McDonald County,1920,5694,203,7817,
MO,2012,Mercer County,29129,county:29129,Mercer County,Mercer County,mo-historical-presidential-sos-county-pdfs,county,missouriSosOfficialCountyPdf,https://www.sos.mo.gov/CMSImages/ElectionResultsStatistics/OfficialResults11-6-12.pdf,Mercer County,Mercer County,353,1255,47,1655,
MO,2012,Miller County,29131,county:29131,Miller County,Miller County,mo-historical-presidential-sos-county-pdfs,county,missouriSosOfficialCountyPdf,https://www.sos.mo.gov/CMSImages/ElectionResultsStatistics/OfficialResults11-6-12.pdf,Miller County,Miller County,2651,8099,269,11019,
MO,2012,Mississippi County,29133,county:29133,Mississippi County,Mississippi County,mo-historical-presidential-sos-county-pdfs,county,missouriSosOfficialCountyPdf,https://www.sos.mo.gov/CMSImages/ElectionResultsStatistics/OfficialResults11-6-12.pdf,Mississippi County,Mississippi County,1858,2997,65,4920,
MO,2012,Moniteau County,29135,county:29135,Moniteau County,Moniteau County,mo-historical-presidential-sos-county-pdfs,county,missouriSosOfficialCountyPdf,https://www.sos.mo.gov/CMSImages/ElectionResultsStatistics/OfficialResults11-6-12.pdf,Moniteau County,Moniteau County,1608,4704,131,6443,
MO,2012,Monroe County,29137,county:29137,Monroe County,Monroe County,mo-historical-presidential-sos-county-pdfs,county,missouriSosOfficialCountyPdf,https://www.sos.mo.gov/CMSImages/ElectionResultsStatistics/OfficialResults11-6-12.pdf,Monroe County,Monroe County,1398,2564,95,4057,
MO,2012,Montgomery County,29139,county:29139,Montgomery County,Montgomery County,mo-historical-presidential-sos-county-pdfs,county,missouriSosOfficialCountyPdf,https://www.sos.mo.gov/CMSImages/ElectionResultsStatistics/OfficialResults11-6-12.pdf,Montgomery County,Montgomery County,1740,3490,97,5327,
MO,2012,Morgan County,29141,county:29141,Morgan County,Morgan County,mo-historical-presidential-sos-county-pdfs,county,missouriSosOfficialCountyPdf,https://www.sos.mo.gov/CMSImages/ElectionResultsStatistics/OfficialResults11-6-12.pdf,Morgan County,Morgan County,2773,5733,182,8688,
MO,2012,New Madrid County,29143,county:29143,New Madrid County,New Madrid County,mo-historical-presidential-sos-county-pdfs,county,missouriSosOfficialCountyPdf,https://www.sos.mo.gov/CMSImages/ElectionResultsStatistics/OfficialResults11-6-12.pdf,New Madrid County,New Madrid County,2814,4284,152,7250,
MO,2012,Newton County,29145,county:29145,Newton County,Newton County,mo-historical-presidential-sos-county-pdfs,county,missouriSosOfficialCountyPdf,https://www.sos.mo.gov/CMSImages/ElectionResultsStatistics/OfficialResults11-6-12.pdf,Newton County,Newton County,6425,18181,477,25083,
MO,2012,Nodaway County,29147,county:29147,Nodaway County,Nodaway County,mo-historical-presidential-sos-county-pdfs,county,missouriSosOfficialCountyPdf,https://www.sos.mo.gov/CMSImages/ElectionResultsStatistics/OfficialResults11-6-12.pdf,Nodaway County,Nodaway County,3172,5593,211,8976,
MO,2012,Oregon County,29149,county:29149,Oregon County,Oregon County,mo-historical-presidential-sos-county-pdfs,county,missouriSosOfficialCountyPdf,https://www.sos.mo.gov/CMSImages/ElectionResultsStatistics/OfficialResults11-6-12.pdf,Oregon County,Oregon County,1419,2886,116,4421,
MO,2012,Osage County,29151,county:29151,Osage County,Osage County,mo-historical-presidential-sos-county-pdfs,county,missouriSosOfficialCountyPdf,https://www.sos.mo.gov/CMSImages/ElectionResultsStatistics/OfficialResults11-6-12.pdf,Osage County,Osage County,1473,5329,117,6919,
MO,2012,Ozark County,29153,county:29153,Ozark County,Ozark County,mo-historical-presidential-sos-county-pdfs,county,missouriSosOfficialCountyPdf,https://www.sos.mo.gov/CMSImages/ElectionResultsStatistics/OfficialResults11-6-12.pdf,Ozark County,Ozark County,1261,3080,112,4453,
MO,2012,Pemiscot County,29155,county:29155,Pemiscot County,Pemiscot County,mo-historical-presidential-sos-county-pdfs,county,missouriSosOfficialCountyPdf,https://www.sos.mo.gov/CMSImages/ElectionResultsStatistics/OfficialResults11-6-12.pdf,Pemiscot County,Pemiscot County,2671,3598,66,6335,
MO,2012,Perry County,29157,county:29157,Perry County,Perry County,mo-historical-presidential-sos-county-pdfs,county,missouriSosOfficialCountyPdf,https://www.sos.mo.gov/CMSImages/ElectionResultsStatistics/OfficialResults11-6-12.pdf,Perry County,Perry County,2184,5669,134,7987,
MO,2012,Pettis County,29159,county:29159,Pettis County,Pettis County,mo-historical-presidential-sos-county-pdfs,county,missouriSosOfficialCountyPdf,https://www.sos.mo.gov/CMSImages/ElectionResultsStatistics/OfficialResults11-6-12.pdf,Pettis County,Pettis County,5904,10842,429,17175,
MO,2012,Phelps County,29161,county:29161,Phelps County,Phelps County,mo-historical-presidential-sos-county-pdfs,county,missouriSosOfficialCountyPdf,https://www.sos.mo.gov/CMSImages/ElectionResultsStatistics/OfficialResults11-6-12.pdf,Phelps County,Phelps County,5798,11895,497,18190,
MO,2012,Pike County,29163,county:29163,Pike County,Pike County,mo-historical-presidential-sos-county-pdfs,county,missouriSosOfficialCountyPdf,https://www.sos.mo.gov/CMSImages/ElectionResultsStatistics/OfficialResults11-6-12.pdf,Pike County,Pike County,2582,4577,162,7321,
MO,2012,Platte County,29165,county:29165,Platte County,Platte County,mo-historical-presidential-sos-county-pdfs,county,missouriSosOfficialCountyPdf,https://www.sos.mo.gov/CMSImages/ElectionResultsStatistics/OfficialResults11-6-12.pdf,Platte County,Platte County,19175,25618,759,45552,
MO,2012,Polk County,29167,county:29167,Polk County,Polk County,mo-historical-presidential-sos-county-pdfs,county,missouriSosOfficialCountyPdf,https://www.sos.mo.gov/CMSImages/ElectionResultsStatistics/OfficialResults11-6-12.pdf,Polk County,Polk County,3580,9252,287,13119,
MO,2012,Pulaski County,29169,county:29169,Pulaski County,Pulaski County,mo-historical-presidential-sos-county-pdfs,county,missouriSosOfficialCountyPdf,https://www.sos.mo.gov/CMSImages/ElectionResultsStatistics/OfficialResults11-6-12.pdf,Pulaski County,Pulaski County,4199,9092,280,13571,
MO,2012,Putnam County,29171,county:29171,Putnam County,Putnam County,mo-historical-presidential-sos-county-pdfs,county,missouriSosOfficialCountyPdf,https://www.sos.mo.gov/CMSImages/ElectionResultsStatistics/OfficialResults11-6-12.pdf,Putnam County,Putnam County,587,1673,49,2309,
MO,2012,Ralls County,29173,county:29173,Ralls County,Ralls County,mo-historical-presidential-sos-county-pdfs,county,missouriSosOfficialCountyPdf,https://www.sos.mo.gov/CMSImages/ElectionResultsStatistics/OfficialResults11-6-12.pdf,Ralls County,Ralls County,1736,3231,69,5036,
MO,2012,Randolph County,29175,county:29175,Randolph County,Randolph County,mo-historical-presidential-sos-county-pdfs,county,missouriSosOfficialCountyPdf,https://www.sos.mo.gov/CMSImages/ElectionResultsStatistics/OfficialResults11-6-12.pdf,Randolph County,Randolph County,3031,6667,246,9944,
MO,2012,Ray County,29177,county:29177,Ray County,Ray County,mo-historical-presidential-sos-county-pdfs,county,missouriSosOfficialCountyPdf,https://www.sos.mo.gov/CMSImages/ElectionResultsStatistics/OfficialResults11-6-12.pdf,Ray County,Ray County,4275,5815,277,10367,
MO,2012,Reynolds County,29179,county:29179,Reynolds County,Reynolds County,mo-historical-presidential-sos-county-pdfs,county,missouriSosOfficialCountyPdf,https://www.sos.mo.gov/CMSImages/ElectionResultsStatistics/OfficialResults11-6-12.pdf,Reynolds County,Reynolds County,1157,1931,114,3202,
MO,2012,Ripley County,29181,county:29181,Ripley County,Ripley County,mo-historical-presidential-sos-county-pdfs,county,missouriSosOfficialCountyPdf,https://www.sos.mo.gov/CMSImages/ElectionResultsStatistics/OfficialResults11-6-12.pdf,Ripley County,Ripley County,1396,3743,124,5263,
MO,2012,Saline County,29195,county:29195,Saline County,Saline County,mo-historical-presidential-sos-county-pdfs,county,missouriSosOfficialCountyPdf,https://www.sos.mo.gov/CMSImages/ElectionResultsStatistics/OfficialResults11-6-12.pdf,Saline County,Saline County,3790,5104,214,9108,
MO,2012,Schuyler County,29197,county:29197,Schuyler County,Schuyler County,mo-historical-presidential-sos-county-pdfs,county,missouriSosOfficialCountyPdf,https://www.sos.mo.gov/CMSImages/ElectionResultsStatistics/OfficialResults11-6-12.pdf,Schuyler County,Schuyler County,697,1174,68,1939,
MO,2012,Scotland County,29199,county:29199,Scotland County,Scotland County,mo-historical-presidential-sos-county-pdfs,county,missouriSosOfficialCountyPdf,https://www.sos.mo.gov/CMSImages/ElectionResultsStatistics/OfficialResults11-6-12.pdf,Scotland County,Scotland County,643,1246,47,1936,
MO,2012,Scott County,29201,county:29201,Scott County,Scott County,mo-historical-presidential-sos-county-pdfs,county,missouriSosOfficialCountyPdf,https://www.sos.mo.gov/CMSImages/ElectionResultsStatistics/OfficialResults11-6-12.pdf,Scott County,Scott County,5122,11623,254,16999,
MO,2012,Shannon County,29203,county:29203,Shannon County,Shannon County,mo-historical-presidential-sos-county-pdfs,county,missouriSosOfficialCountyPdf,https://www.sos.mo.gov/CMSImages/ElectionResultsStatistics/OfficialResults11-6-12.pdf,Shannon County,Shannon County,1302,2262,128,3692,
MO,2012,Shelby County,29205,county:29205,Shelby County,Shelby County,mo-historical-presidential-sos-county-pdfs,county,missouriSosOfficialCountyPdf,https://www.sos.mo.gov/CMSImages/ElectionResultsStatistics/OfficialResults11-6-12.pdf,Shelby County,Shelby County,966,2188,78,3232,
MO,2012,St. Charles County,29183,county:29183,St. Charles County,St. Charles County,mo-historical-presidential-sos-county-pdfs,county,missouriSosOfficialCountyPdf,https://www.sos.mo.gov/CMSImages/ElectionResultsStatistics/OfficialResults11-6-12.pdf,St. Charles County,St. Charles County,71838,110784,3068,185690,
MO,2012,St. Clair County,29185,county:29185,St. Clair County,St. Clair County,mo-historical-presidential-sos-county-pdfs,county,missouriSosOfficialCountyPdf,https://www.sos.mo.gov/CMSImages/ElectionResultsStatistics/OfficialResults11-6-12.pdf,St. Clair County,St. Clair County,1460,3019,147,4626,
MO,2012,St. Francois County,29187,county:29187,St. Francois County,St. Francois County,mo-historical-presidential-sos-county-pdfs,county,missouriSosOfficialCountyPdf,https://www.sos.mo.gov/CMSImages/ElectionResultsStatistics/OfficialResults11-6-12.pdf,St. Francois County,St. Francois County,8829,13248,505,22582,
MO,2012,St. Louis City,29510,county:29510,St. Louis City,St. Louis City,mo-historical-presidential-sos-county-pdfs,county,missouriSosOfficialCountyPdf,https://www.sos.mo.gov/CMSImages/ElectionResultsStatistics/OfficialResults11-6-12.pdf,St. Louis City,St. Louis City,118780,22943,1884,143607,
MO,2012,St. Louis County,29189,county:29189,St. Louis County,St. Louis County,mo-historical-presidential-sos-county-pdfs,county,missouriSosOfficialCountyPdf,https://www.sos.mo.gov/CMSImages/ElectionResultsStatistics/OfficialResults11-6-12.pdf,St. Louis County,St. Louis County,297097,224742,6837,528676,
MO,2012,Ste. Genevieve County,29186,county:29186,Ste. Genevieve County,Ste. Genevieve County,mo-historical-presidential-sos-county-pdfs,county,missouriSosOfficialCountyPdf,https://www.sos.mo.gov/CMSImages/ElectionResultsStatistics/OfficialResults11-6-12.pdf,Ste. Genevieve County,Ste. Genevieve County,3813,4055,202,8070,
MO,2012,Stoddard County,29207,county:29207,Stoddard County,Stoddard County,mo-historical-presidential-sos-county-pdfs,county,missouriSosOfficialCountyPdf,https://www.sos.mo.gov/CMSImages/ElectionResultsStatistics/OfficialResults11-6-12.pdf,Stoddard County,Stoddard County,3153,9496,217,12866,
MO,2012,Stone County,29209,county:29209,Stone County,Stone County,mo-historical-presidential-sos-county-pdfs,county,missouriSosOfficialCountyPdf,https://www.sos.mo.gov/CMSImages/ElectionResultsStatistics/OfficialResults11-6-12.pdf,Stone County,Stone County,3923,11787,274,15984,
MO,2012,Sullivan County,29211,county:29211,Sullivan County,Sullivan County,mo-historical-presidential-sos-county-pdfs,county,missouriSosOfficialCountyPdf,https://www.sos.mo.gov/CMSImages/ElectionResultsStatistics/OfficialResults11-6-12.pdf,Sullivan County,Sullivan County,908,1610,77,2595,
MO,2012,Taney County,29213,county:29213,Taney County,Taney County,mo-historical-presidential-sos-county-pdfs,county,missouriSosOfficialCountyPdf,https://www.sos.mo.gov/CMSImages/ElectionResultsStatistics/OfficialResults11-6-12.pdf,Taney County,Taney County,5479,15746,434,21659,
MO,2012,Texas County,29215,county:29215,Texas County,Texas County,mo-historical-presidential-sos-county-pdfs,county,missouriSosOfficialCountyPdf,https://www.sos.mo.gov/CMSImages/ElectionResultsStatistics/OfficialResults11-6-12.pdf,Texas County,Texas County,2871,7618,275,10764,
MO,2012,Vernon County,29217,county:29217,Vernon County,Vernon County,mo-historical-presidential-sos-county-pdfs,county,missouriSosOfficialCountyPdf,https://www.sos.mo.gov/CMSImages/ElectionResultsStatistics/OfficialResults11-6-12.pdf,Vernon County,Vernon County,2580,5758,183,8521,
MO,2012,Warren County,29219,county:29219,Warren County,Warren County,mo-historical-presidential-sos-county-pdfs,county,missouriSosOfficialCountyPdf,https://www.sos.mo.gov/CMSImages/ElectionResultsStatistics/OfficialResults11-6-12.pdf,Warren County,Warren County,5219,9150,307,14676,
MO,2012,Washington County,29221,county:29221,Washington County,Washington County,mo-historical-presidential-sos-county-pdfs,county,missouriSosOfficialCountyPdf,https://www.sos.mo.gov/CMSImages/ElectionResultsStatistics/OfficialResults11-6-12.pdf,Washington County,Washington County,3417,5071,207,8695,
MO,2012,Wayne County,29223,county:29223,Wayne County,Wayne County,mo-historical-presidential-sos-county-pdfs,county,missouriSosOfficialCountyPdf,https://www.sos.mo.gov/CMSImages/ElectionResultsStatistics/OfficialResults11-6-12.pdf,Wayne County,Wayne County,1813,3790,117,5720,
MO,2012,Webster County,29225,county:29225,Webster County,Webster County,mo-historical-presidential-sos-county-pdfs,county,missouriSosOfficialCountyPdf,https://www.sos.mo.gov/CMSImages/ElectionResultsStatistics/OfficialResults11-6-12.pdf,Webster County,Webster County,4409,10708,312,15429,
MO,2012,Worth County,29227,county:29227,Worth County,Worth County,mo-historical-presidential-sos-county-pdfs,county,missouriSosOfficialCountyPdf,https://www.sos.mo.gov/CMSImages/ElectionResultsStatistics/OfficialResults11-6-12.pdf,Worth County,Worth County,341,664,43,1048,
MO,2012,Wright County,29229,county:29229,Wright County,Wright County,mo-historical-presidential-sos-county-pdfs,county,missouriSosOfficialCountyPdf,https://www.sos.mo.gov/CMSImages/ElectionResultsStatistics/OfficialResults11-6-12.pdf,Wright County,Wright County,1953,5830,172,7955,
MO,2016,Adair County,29001,county:29001,Adair County,Adair County,mo-historical-presidential-sos-county-pdfs,county,missouriSosOfficialCountyPdfPartyColumns,https://www.sos.mo.gov/CMSImages/ElectionResultsStatistics/ActualResults-November82016-GeneralElection.pdf,Adair County,Adair County,3500,6030,623,10153,
MO,2016,Andrew County,29003,county:29003,Andrew County,Andrew County,mo-historical-presidential-sos-county-pdfs,county,missouriSosOfficialCountyPdfPartyColumns,https://www.sos.mo.gov/CMSImages/ElectionResultsStatistics/ActualResults-November82016-GeneralElection.pdf,Andrew County,Andrew County,2045,6665,430,9140,
MO,2016,Atchison County,29005,county:29005,Atchison County,Atchison County,mo-historical-presidential-sos-county-pdfs,county,missouriSosOfficialCountyPdfPartyColumns,https://www.sos.mo.gov/CMSImages/ElectionResultsStatistics/ActualResults-November82016-GeneralElection.pdf,Atchison County,Atchison County,541,2060,123,2724,
MO,2016,Audrain County,29007,county:29007,Audrain County,Audrain County,mo-historical-presidential-sos-county-pdfs,county,missouriSosOfficialCountyPdfPartyColumns,https://www.sos.mo.gov/CMSImages/ElectionResultsStatistics/ActualResults-November82016-GeneralElection.pdf,Audrain County,Audrain County,2570,6981,495,10046,
MO,2016,Barry County,29009,county:29009,Barry County,Barry County,mo-historical-presidential-sos-county-pdfs,county,missouriSosOfficialCountyPdfPartyColumns,https://www.sos.mo.gov/CMSImages/ElectionResultsStatistics/ActualResults-November82016-GeneralElection.pdf,Barry County,Barry County,2710,11428,467,14605,
MO,2016,Barton County,29011,county:29011,Barton County,Barton County,mo-historical-presidential-sos-county-pdfs,county,missouriSosOfficialCountyPdfPartyColumns,https://www.sos.mo.gov/CMSImages/ElectionResultsStatistics/ActualResults-November82016-GeneralElection.pdf,Barton County,Barton County,795,4959,179,5933,
MO,2016,Bates County,29013,county:29013,Bates County,Bates County,mo-historical-presidential-sos-county-pdfs,county,missouriSosOfficialCountyPdfPartyColumns,https://www.sos.mo.gov/CMSImages/ElectionResultsStatistics/ActualResults-November82016-GeneralElection.pdf,Bates County,Bates County,1618,6001,404,8023,
MO,2016,Benton County,29015,county:29015,Benton County,Benton County,mo-historical-presidential-sos-county-pdfs,county,missouriSosOfficialCountyPdfPartyColumns,https://www.sos.mo.gov/CMSImages/ElectionResultsStatistics/ActualResults-November82016-GeneralElection.pdf,Benton County,Benton County,2025,7213,351,9589,
MO,2016,Bollinger County,29017,county:29017,Bollinger County,Bollinger County,mo-historical-presidential-sos-county-pdfs,county,missouriSosOfficialCountyPdfPartyColumns,https://www.sos.mo.gov/CMSImages/ElectionResultsStatistics/ActualResults-November82016-GeneralElection.pdf,Bollinger County,Bollinger County,705,4827,137,5669,
MO,2016,Boone County,29019,county:29019,Boone County,Boone County,mo-historical-presidential-sos-county-pdfs,county,missouriSosOfficialCountyPdfPartyColumns,https://www.sos.mo.gov/CMSImages/ElectionResultsStatistics/ActualResults-November82016-GeneralElection.pdf,Boone County,Boone County,41125,36200,6101,83426,
MO,2016,Buchanan County,29021,county:29021,Buchanan County,Buchanan County,mo-historical-presidential-sos-county-pdfs,county,missouriSosOfficialCountyPdfPartyColumns,https://www.sos.mo.gov/CMSImages/ElectionResultsStatistics/ActualResults-November82016-GeneralElection.pdf,Buchanan County,Buchanan County,12013,21320,2238,35571,
MO,2016,Butler County,29023,county:29023,Butler County,Butler County,mo-historical-presidential-sos-county-pdfs,county,missouriSosOfficialCountyPdfPartyColumns,https://www.sos.mo.gov/CMSImages/ElectionResultsStatistics/ActualResults-November82016-GeneralElection.pdf,Butler County,Butler County,3036,13650,549,17235,
MO,2016,Caldwell County,29025,county:29025,Caldwell County,Caldwell County,mo-historical-presidential-sos-county-pdfs,county,missouriSosOfficialCountyPdfPartyColumns,https://www.sos.mo.gov/CMSImages/ElectionResultsStatistics/ActualResults-November82016-GeneralElection.pdf,Caldwell County,Caldwell County,838,3232,241,4311,
MO,2016,Callaway County,29027,county:29027,Callaway County,Callaway County,mo-historical-presidential-sos-county-pdfs,county,missouriSosOfficialCountyPdfPartyColumns,https://www.sos.mo.gov/CMSImages/ElectionResultsStatistics/ActualResults-November82016-GeneralElection.pdf,Callaway County,Callaway County,4989,13057,1092,19138,
MO,2016,Camden County,29029,county:29029,Camden County,Camden County,mo-historical-presidential-sos-county-pdfs,county,missouriSosOfficialCountyPdfPartyColumns,https://www.sos.mo.gov/CMSImages/ElectionResultsStatistics/ActualResults-November82016-GeneralElection.pdf,Camden County,Camden County,4768,16944,764,22476,
MO,2016,Cape Girardeau County,29031,county:29031,Cape Girardeau County,Cape Girardeau County,mo-historical-presidential-sos-county-pdfs,county,missouriSosOfficialCountyPdfPartyColumns,https://www.sos.mo.gov/CMSImages/ElectionResultsStatistics/ActualResults-November82016-GeneralElection.pdf,Cape Girardeau County,Cape Girardeau County,8492,27017,1473,36982,
MO,2016,Carroll County,29033,county:29033,Carroll County,Carroll County,mo-historical-presidential-sos-county-pdfs,county,missouriSosOfficialCountyPdfPartyColumns,https://www.sos.mo.gov/CMSImages/ElectionResultsStatistics/ActualResults-November82016-GeneralElection.pdf,Carroll County,Carroll County,745,3480,136,4361,
MO,2016,Carter County,29035,county:29035,Carter County,Carter County,mo-historical-presidential-sos-county-pdfs,county,missouriSosOfficialCountyPdfPartyColumns,https://www.sos.mo.gov/CMSImages/ElectionResultsStatistics/ActualResults-November82016-GeneralElection.pdf,Carter County,Carter County,436,2324,84,2844,
MO,2016,Cass County,29037,county:29037,Cass County,Cass County,mo-historical-presidential-sos-county-pdfs,county,missouriSosOfficialCountyPdfPartyColumns,https://www.sos.mo.gov/CMSImages/ElectionResultsStatistics/ActualResults-November82016-GeneralElection.pdf,Cass County,Cass County,14846,33098,2902,50846,
MO,2016,Cedar County,29039,county:29039,Cedar County,Cedar County,mo-historical-presidential-sos-county-pdfs,county,missouriSosOfficialCountyPdfPartyColumns,https://www.sos.mo.gov/CMSImages/ElectionResultsStatistics/ActualResults-November82016-GeneralElection.pdf,Cedar County,Cedar County,1011,5021,249,6281,
MO,2016,Chariton County,29041,county:29041,Chariton County,Chariton County,mo-historical-presidential-sos-county-pdfs,county,missouriSosOfficialCountyPdfPartyColumns,https://www.sos.mo.gov/CMSImages/ElectionResultsStatistics/ActualResults-November82016-GeneralElection.pdf,Chariton County,Chariton County,888,2950,127,3965,
MO,2016,Christian County,29043,county:29043,Christian County,Christian County,mo-historical-presidential-sos-county-pdfs,county,missouriSosOfficialCountyPdfPartyColumns,https://www.sos.mo.gov/CMSImages/ElectionResultsStatistics/ActualResults-November82016-GeneralElection.pdf,Christian County,Christian County,8508,30946,1949,41403,
MO,2016,Clark County,29045,county:29045,Clark County,Clark County,mo-historical-presidential-sos-county-pdfs,county,missouriSosOfficialCountyPdfPartyColumns,https://www.sos.mo.gov/CMSImages/ElectionResultsStatistics/ActualResults-November82016-GeneralElection.pdf,Clark County,Clark County,724,2458,134,3316,
MO,2016,Clay County,29047,county:29047,Clay County,Clay County,mo-historical-presidential-sos-county-pdfs,county,missouriSosOfficialCountyPdfPartyColumns,https://www.sos.mo.gov/CMSImages/ElectionResultsStatistics/ActualResults-November82016-GeneralElection.pdf,Clay County,Clay County,45304,57476,6756,109536,
MO,2016,Clinton County,29049,county:29049,Clinton County,Clinton County,mo-historical-presidential-sos-county-pdfs,county,missouriSosOfficialCountyPdfPartyColumns,https://www.sos.mo.gov/CMSImages/ElectionResultsStatistics/ActualResults-November82016-GeneralElection.pdf,Clinton County,Clinton County,2572,7067,569,10208,
MO,2016,Cole County,29051,county:29051,Cole County,Cole County,mo-historical-presidential-sos-county-pdfs,county,missouriSosOfficialCountyPdfPartyColumns,https://www.sos.mo.gov/CMSImages/ElectionResultsStatistics/ActualResults-November82016-GeneralElection.pdf,Cole County,Cole County,10913,24616,1746,37275,
MO,2016,Cooper County,29053,county:29053,Cooper County,Cooper County,mo-historical-presidential-sos-county-pdfs,county,missouriSosOfficialCountyPdfPartyColumns,https://www.sos.mo.gov/CMSImages/ElectionResultsStatistics/ActualResults-November82016-GeneralElection.pdf,Cooper County,Cooper County,1932,5624,421,7977,
MO,2016,Crawford County,29055,county:29055,Crawford County,Crawford County,mo-historical-presidential-sos-county-pdfs,county,missouriSosOfficialCountyPdfPartyColumns,https://www.sos.mo.gov/CMSImages/ElectionResultsStatistics/ActualResults-November82016-GeneralElection.pdf,Crawford County,Crawford County,1824,7724,372,9920,
MO,2016,Dade County,29057,county:29057,Dade County,Dade County,mo-historical-presidential-sos-county-pdfs,county,missouriSosOfficialCountyPdfPartyColumns,https://www.sos.mo.gov/CMSImages/ElectionResultsStatistics/ActualResults-November82016-GeneralElection.pdf,Dade County,Dade County,637,3184,130,3951,
MO,2016,Dallas County,29059,county:29059,Dallas County,Dallas County,mo-historical-presidential-sos-county-pdfs,county,missouriSosOfficialCountyPdfPartyColumns,https://www.sos.mo.gov/CMSImages/ElectionResultsStatistics/ActualResults-November82016-GeneralElection.pdf,Dallas County,Dallas County,1272,5895,276,7443,
MO,2016,Daviess County,29061,county:29061,Daviess County,Daviess County,mo-historical-presidential-sos-county-pdfs,county,missouriSosOfficialCountyPdfPartyColumns,https://www.sos.mo.gov/CMSImages/ElectionResultsStatistics/ActualResults-November82016-GeneralElection.pdf,Daviess County,Daviess County,730,2767,199,3696,
MO,2016,DeKalb County,29063,county:29063,DeKalb County,DeKalb County,mo-historical-presidential-sos-county-pdfs,county,missouriSosOfficialCountyPdfPartyColumns,https://www.sos.mo.gov/CMSImages/ElectionResultsStatistics/ActualResults-November82016-GeneralElection.pdf,De Kalb County,De Kalb County,824,3540,226,4590,Normalized the source display name De Kalb County to the Census county display name DeKalb County.
MO,2016,Dent County,29065,county:29065,Dent County,Dent County,mo-historical-presidential-sos-county-pdfs,county,missouriSosOfficialCountyPdfPartyColumns,https://www.sos.mo.gov/CMSImages/ElectionResultsStatistics/ActualResults-November82016-GeneralElection.pdf,Dent County,Dent County,978,5600,201,6779,
MO,2016,Douglas County,29067,county:29067,Douglas County,Douglas County,mo-historical-presidential-sos-county-pdfs,county,missouriSosOfficialCountyPdfPartyColumns,https://www.sos.mo.gov/CMSImages/ElectionResultsStatistics/ActualResults-November82016-GeneralElection.pdf,Douglas County,Douglas County,984,5486,194,6664,
MO,2016,Dunklin County,29069,county:29069,Dunklin County,Dunklin County,mo-historical-presidential-sos-county-pdfs,county,missouriSosOfficialCountyPdfPartyColumns,https://www.sos.mo.gov/CMSImages/ElectionResultsStatistics/ActualResults-November82016-GeneralElection.pdf,Dunklin County,Dunklin County,2360,8026,188,10574,
MO,2016,Franklin County,29071,county:29071,Franklin County,Franklin County,mo-historical-presidential-sos-county-pdfs,county,missouriSosOfficialCountyPdfPartyColumns,https://www.sos.mo.gov/CMSImages/ElectionResultsStatistics/ActualResults-November82016-GeneralElection.pdf,Franklin County,Franklin County,12341,35430,2287,50058,
MO,2016,Gasconade County,29073,county:29073,Gasconade County,Gasconade County,mo-historical-presidential-sos-county-pdfs,county,missouriSosOfficialCountyPdfPartyColumns,https://www.sos.mo.gov/CMSImages/ElectionResultsStatistics/ActualResults-November82016-GeneralElection.pdf,Gasconade County,Gasconade County,1520,5670,255,7445,
MO,2016,Gentry County,29075,county:29075,Gentry County,Gentry County,mo-historical-presidential-sos-county-pdfs,county,missouriSosOfficialCountyPdfPartyColumns,https://www.sos.mo.gov/CMSImages/ElectionResultsStatistics/ActualResults-November82016-GeneralElection.pdf,Gentry County,Gentry County,605,2304,124,3033,
MO,2016,Greene County,29077,county:29077,Greene County,Greene County,mo-historical-presidential-sos-county-pdfs,county,missouriSosOfficialCountyPdfPartyColumns,https://www.sos.mo.gov/CMSImages/ElectionResultsStatistics/ActualResults-November82016-GeneralElection.pdf,Greene County,Greene County,42728,78035,7897,128660,
MO,2016,Grundy County,29079,county:29079,Grundy County,Grundy County,mo-historical-presidential-sos-county-pdfs,county,missouriSosOfficialCountyPdfPartyColumns,https://www.sos.mo.gov/CMSImages/ElectionResultsStatistics/ActualResults-November82016-GeneralElection.pdf,Grundy County,Grundy County,780,3462,171,4413,
MO,2016,Harrison County,29081,county:29081,Harrison County,Harrison County,mo-historical-presidential-sos-county-pdfs,county,missouriSosOfficialCountyPdfPartyColumns,https://www.sos.mo.gov/CMSImages/ElectionResultsStatistics/ActualResults-November82016-GeneralElection.pdf,Harrison County,Harrison County,574,2965,143,3682,
MO,2016,Henry County,29083,county:29083,Henry County,Henry County,mo-historical-presidential-sos-county-pdfs,county,missouriSosOfficialCountyPdfPartyColumns,https://www.sos.mo.gov/CMSImages/ElectionResultsStatistics/ActualResults-November82016-GeneralElection.pdf,Henry County,Henry County,2357,7075,427,9859,
MO,2016,Hickory County,29085,county:29085,Hickory County,Hickory County,mo-historical-presidential-sos-county-pdfs,county,missouriSosOfficialCountyPdfPartyColumns,https://www.sos.mo.gov/CMSImages/ElectionResultsStatistics/ActualResults-November82016-GeneralElection.pdf,Hickory County,Hickory County,1016,3542,162,4720,
MO,2016,Holt County,29087,county:29087,Holt County,Holt County,mo-historical-presidential-sos-county-pdfs,county,missouriSosOfficialCountyPdfPartyColumns,https://www.sos.mo.gov/CMSImages/ElectionResultsStatistics/ActualResults-November82016-GeneralElection.pdf,Holt County,Holt County,347,1926,76,2349,
MO,2016,Howard County,29089,county:29089,Howard County,Howard County,mo-historical-presidential-sos-county-pdfs,county,missouriSosOfficialCountyPdfPartyColumns,https://www.sos.mo.gov/CMSImages/ElectionResultsStatistics/ActualResults-November82016-GeneralElection.pdf,Howard County,Howard County,1283,3277,295,4855,
MO,2016,Howell County,29091,county:29091,Howell County,Howell County,mo-historical-presidential-sos-county-pdfs,county,missouriSosOfficialCountyPdfPartyColumns,https://www.sos.mo.gov/CMSImages/ElectionResultsStatistics/ActualResults-November82016-GeneralElection.pdf,Howell County,Howell County,2881,13893,648,17422,
MO,2016,Iron County,29093,county:29093,Iron County,Iron County,mo-historical-presidential-sos-county-pdfs,county,missouriSosOfficialCountyPdfPartyColumns,https://www.sos.mo.gov/CMSImages/ElectionResultsStatistics/ActualResults-November82016-GeneralElection.pdf,Iron County,Iron County,933,3173,154,4260,
MO,2016,Jackson County,29095,county:29095,Jackson County,Jackson County,mo-historical-presidential-sos-county-pdfs,county,missouriSosOfficialCountyPdfPartyColumnsKansasCityWithinJacksonCountyAggregation,https://www.sos.mo.gov/CMSImages/ElectionResultsStatistics/ActualResults-November82016-GeneralElection.pdf,Jackson County + Kansas City,Jackson County + Kansas City,168972,116211,15811,300994,Aggregated the Kansas City election-authority row into Jackson County because the Missouri Secretary of State identifies that jurisdiction as Kansas City within Jackson County.
MO,2016,Jasper County,29097,county:29097,Jasper County,Jasper County,mo-historical-presidential-sos-county-pdfs,county,missouriSosOfficialCountyPdfPartyColumns,https://www.sos.mo.gov/CMSImages/ElectionResultsStatistics/ActualResults-November82016-GeneralElection.pdf,Jasper County,Jasper County,10572,35070,2559,48201,
MO,2016,Jefferson County,29099,county:29099,Jefferson County,Jefferson County,mo-historical-presidential-sos-county-pdfs,county,missouriSosOfficialCountyPdfPartyColumns,https://www.sos.mo.gov/CMSImages/ElectionResultsStatistics/ActualResults-November82016-GeneralElection.pdf,Jefferson County,Jefferson County,31568,69036,5452,106056,
MO,2016,Johnson County,29101,county:29101,Johnson County,Johnson County,mo-historical-presidential-sos-county-pdfs,county,missouriSosOfficialCountyPdfPartyColumns,https://www.sos.mo.gov/CMSImages/ElectionResultsStatistics/ActualResults-November82016-GeneralElection.pdf,Johnson County,Johnson County,5930,13719,1470,21119,
MO,2016,Knox County,29103,county:29103,Knox County,Knox County,mo-historical-presidential-sos-county-pdfs,county,missouriSosOfficialCountyPdfPartyColumns,https://www.sos.mo.gov/CMSImages/ElectionResultsStatistics/ActualResults-November82016-GeneralElection.pdf,Knox County,Knox County,379,1416,75,1870,
MO,2016,Laclede County,29105,county:29105,Laclede County,Laclede County,mo-historical-presidential-sos-county-pdfs,county,missouriSosOfficialCountyPdfPartyColumns,https://www.sos.mo.gov/CMSImages/ElectionResultsStatistics/ActualResults-November82016-GeneralElection.pdf,Laclede County,Laclede County,2553,12881,582,16016,
MO,2016,Lafayette County,29107,county:29107,Lafayette County,Lafayette County,mo-historical-presidential-sos-county-pdfs,county,missouriSosOfficialCountyPdfPartyColumns,https://www.sos.mo.gov/CMSImages/ElectionResultsStatistics/ActualResults-November82016-GeneralElection.pdf,Lafayette County,Lafayette County,4053,10988,792,15833,
MO,2016,Lawrence County,29109,county:29109,Lawrence County,Lawrence County,mo-historical-presidential-sos-county-pdfs,county,missouriSosOfficialCountyPdfPartyColumns,https://www.sos.mo.gov/CMSImages/ElectionResultsStatistics/ActualResults-November82016-GeneralElection.pdf,Lawrence County,Lawrence County,2901,13089,693,16683,
MO,2016,Lewis County,29111,county:29111,Lewis County,Lewis County,mo-historical-presidential-sos-county-pdfs,county,missouriSosOfficialCountyPdfPartyColumns,https://www.sos.mo.gov/CMSImages/ElectionResultsStatistics/ActualResults-November82016-GeneralElection.pdf,Lewis County,Lewis County,934,3344,176,4454,
MO,2016,Lincoln County,29113,county:29113,Lincoln County,Lincoln County,mo-historical-presidential-sos-county-pdfs,county,missouriSosOfficialCountyPdfPartyColumns,https://www.sos.mo.gov/CMSImages/ElectionResultsStatistics/ActualResults-November82016-GeneralElection.pdf,Lincoln County,Lincoln County,5575,18159,1186,24920,
MO,2016,Linn County,29115,county:29115,Linn County,Linn County,mo-historical-presidential-sos-county-pdfs,county,missouriSosOfficialCountyPdfPartyColumns,https://www.sos.mo.gov/CMSImages/ElectionResultsStatistics/ActualResults-November82016-GeneralElection.pdf,Linn County,Linn County,1240,4088,249,5577,
MO,2016,Livingston County,29117,county:29117,Livingston County,Livingston County,mo-historical-presidential-sos-county-pdfs,county,missouriSosOfficialCountyPdfPartyColumns,https://www.sos.mo.gov/CMSImages/ElectionResultsStatistics/ActualResults-November82016-GeneralElection.pdf,Livingston County,Livingston County,1265,4879,264,6408,
MO,2016,Macon County,29121,county:29121,Macon County,Macon County,mo-historical-presidential-sos-county-pdfs,county,missouriSosOfficialCountyPdfPartyColumns,https://www.sos.mo.gov/CMSImages/ElectionResultsStatistics/ActualResults-November82016-GeneralElection.pdf,Macon County,Macon County,1548,5798,267,7613,
MO,2016,Madison County,29123,county:29123,Madison County,Madison County,mo-historical-presidential-sos-county-pdfs,county,missouriSosOfficialCountyPdfPartyColumns,https://www.sos.mo.gov/CMSImages/ElectionResultsStatistics/ActualResults-November82016-GeneralElection.pdf,Madison County,Madison County,1005,4102,211,5318,
MO,2016,Maries County,29125,county:29125,Maries County,Maries County,mo-historical-presidential-sos-county-pdfs,county,missouriSosOfficialCountyPdfPartyColumns,https://www.sos.mo.gov/CMSImages/ElectionResultsStatistics/ActualResults-November82016-GeneralElection.pdf,Maries County,Maries County,794,3561,145,4500,
MO,2016,Marion County,29127,county:29127,Marion County,Marion County,mo-historical-presidential-sos-county-pdfs,county,missouriSosOfficialCountyPdfPartyColumns,https://www.sos.mo.gov/CMSImages/ElectionResultsStatistics/ActualResults-November82016-GeneralElection.pdf,Marion County,Marion County,2994,9419,492,12905,
MO,2016,McDonald County,29119,county:29119,McDonald County,McDonald County,mo-historical-presidential-sos-county-pdfs,county,missouriSosOfficialCountyPdfPartyColumns,https://www.sos.mo.gov/CMSImages/ElectionResultsStatistics/ActualResults-November82016-GeneralElection.pdf,McDonald County,McDonald County,1329,6599,305,8233,
MO,2016,Mercer County,29129,county:29129,Mercer County,Mercer County,mo-historical-presidential-sos-county-pdfs,county,missouriSosOfficialCountyPdfPartyColumns,https://www.sos.mo.gov/CMSImages/ElectionResultsStatistics/ActualResults-November82016-GeneralElection.pdf,Mercer County,Mercer County,216,1486,37,1739,
MO,2016,Miller County,29131,county:29131,Miller County,Miller County,mo-historical-presidential-sos-county-pdfs,county,missouriSosOfficialCountyPdfPartyColumns,https://www.sos.mo.gov/CMSImages/ElectionResultsStatistics/ActualResults-November82016-GeneralElection.pdf,Miller County,Miller County,1750,9285,379,11414,
MO,2016,Mississippi County,29133,county:29133,Mississippi County,Mississippi County,mo-historical-presidential-sos-county-pdfs,county,missouriSosOfficialCountyPdfPartyColumns,https://www.sos.mo.gov/CMSImages/ElectionResultsStatistics/ActualResults-November82016-GeneralElection.pdf,Mississippi County,Mississippi County,1458,3600,107,5165,
MO,2016,Moniteau County,29135,county:29135,Moniteau County,Moniteau County,mo-historical-presidential-sos-county-pdfs,county,missouriSosOfficialCountyPdfPartyColumns,https://www.sos.mo.gov/CMSImages/ElectionResultsStatistics/ActualResults-November82016-GeneralElection.pdf,Moniteau County,Moniteau County,1237,5347,229,6813,
MO,2016,Monroe County,29137,county:29137,Monroe County,Monroe County,mo-historical-presidential-sos-county-pdfs,county,missouriSosOfficialCountyPdfPartyColumns,https://www.sos.mo.gov/CMSImages/ElectionResultsStatistics/ActualResults-November82016-GeneralElection.pdf,Monroe County,Monroe County,853,3159,135,4147,
MO,2016,Montgomery County,29139,county:29139,Montgomery County,Montgomery County,mo-historical-presidential-sos-county-pdfs,county,missouriSosOfficialCountyPdfPartyColumns,https://www.sos.mo.gov/CMSImages/ElectionResultsStatistics/ActualResults-November82016-GeneralElection.pdf,Montgomery County,Montgomery County,1119,4127,183,5429,
MO,2016,Morgan County,29141,county:29141,Morgan County,Morgan County,mo-historical-presidential-sos-county-pdfs,county,missouriSosOfficialCountyPdfPartyColumns,https://www.sos.mo.gov/CMSImages/ElectionResultsStatistics/ActualResults-November82016-GeneralElection.pdf,Morgan County,Morgan County,1768,6760,290,8818,
MO,2016,New Madrid County,29143,county:29143,New Madrid County,New Madrid County,mo-historical-presidential-sos-county-pdfs,county,missouriSosOfficialCountyPdfPartyColumns,https://www.sos.mo.gov/CMSImages/ElectionResultsStatistics/ActualResults-November82016-GeneralElection.pdf,New Madrid County,New Madrid County,1933,5270,149,7352,
MO,2016,Newton County,29145,county:29145,Newton County,Newton County,mo-historical-presidential-sos-county-pdfs,county,missouriSosOfficialCountyPdfPartyColumns,https://www.sos.mo.gov/CMSImages/ElectionResultsStatistics/ActualResults-November82016-GeneralElection.pdf,Newton County,Newton County,4990,20553,972,26515,
MO,2016,Nodaway County,29147,county:29147,Nodaway County,Nodaway County,mo-historical-presidential-sos-county-pdfs,county,missouriSosOfficialCountyPdfPartyColumns,https://www.sos.mo.gov/CMSImages/ElectionResultsStatistics/ActualResults-November82016-GeneralElection.pdf,Nodaway County,Nodaway County,2529,6380,531,9440,
MO,2016,Oregon County,29149,county:29149,Oregon County,Oregon County,mo-historical-presidential-sos-county-pdfs,county,missouriSosOfficialCountyPdfPartyColumns,https://www.sos.mo.gov/CMSImages/ElectionResultsStatistics/ActualResults-November82016-GeneralElection.pdf,Oregon County,Oregon County,865,3671,131,4667,
MO,2016,Osage County,29151,county:29151,Osage County,Osage County,mo-historical-presidential-sos-county-pdfs,county,missouriSosOfficialCountyPdfPartyColumns,https://www.sos.mo.gov/CMSImages/ElectionResultsStatistics/ActualResults-November82016-GeneralElection.pdf,Osage County,Osage County,998,5856,235,7089,
MO,2016,Ozark County,29153,county:29153,Ozark County,Ozark County,mo-historical-presidential-sos-county-pdfs,county,missouriSosOfficialCountyPdfPartyColumns,https://www.sos.mo.gov/CMSImages/ElectionResultsStatistics/ActualResults-November82016-GeneralElection.pdf,Ozark County,Ozark County,724,3639,138,4501,
MO,2016,Pemiscot County,29155,county:29155,Pemiscot County,Pemiscot County,mo-historical-presidential-sos-county-pdfs,county,missouriSosOfficialCountyPdfPartyColumns,https://www.sos.mo.gov/CMSImages/ElectionResultsStatistics/ActualResults-November82016-GeneralElection.pdf,Pemiscot County,Pemiscot County,1947,3964,116,6027,
MO,2016,Perry County,29157,county:29157,Perry County,Perry County,mo-historical-presidential-sos-county-pdfs,county,missouriSosOfficialCountyPdfPartyColumns,https://www.sos.mo.gov/CMSImages/ElectionResultsStatistics/ActualResults-November82016-GeneralElection.pdf,Perry County,Perry County,1520,6908,305,8733,
MO,2016,Pettis County,29159,county:29159,Pettis County,Pettis County,mo-historical-presidential-sos-county-pdfs,county,missouriSosOfficialCountyPdfPartyColumns,https://www.sos.mo.gov/CMSImages/ElectionResultsStatistics/ActualResults-November82016-GeneralElection.pdf,Pettis County,Pettis County,4324,12810,933,18067,
MO,2016,Phelps County,29161,county:29161,Phelps County,Phelps County,mo-historical-presidential-sos-county-pdfs,county,missouriSosOfficialCountyPdfPartyColumns,https://www.sos.mo.gov/CMSImages/ElectionResultsStatistics/ActualResults-November82016-GeneralElection.pdf,Phelps County,Phelps County,4766,12709,1043,18518,
MO,2016,Pike County,29163,county:29163,Pike County,Pike County,mo-historical-presidential-sos-county-pdfs,county,missouriSosOfficialCountyPdfPartyColumns,https://www.sos.mo.gov/CMSImages/ElectionResultsStatistics/ActualResults-November82016-GeneralElection.pdf,Pike County,Pike County,1806,5274,295,7375,
MO,2016,Platte County,29165,county:29165,Platte County,Platte County,mo-historical-presidential-sos-county-pdfs,county,missouriSosOfficialCountyPdfPartyColumns,https://www.sos.mo.gov/CMSImages/ElectionResultsStatistics/ActualResults-November82016-GeneralElection.pdf,Platte County,Platte County,20057,25933,2912,48902,
MO,2016,Polk County,29167,county:29167,Polk County,Polk County,mo-historical-presidential-sos-county-pdfs,county,missouriSosOfficialCountyPdfPartyColumns,https://www.sos.mo.gov/CMSImages/ElectionResultsStatistics/ActualResults-November82016-GeneralElection.pdf,Polk County,Polk County,2631,10438,644,13713,
MO,2016,Pulaski County,29169,county:29169,Pulaski County,Pulaski County,mo-historical-presidential-sos-county-pdfs,county,missouriSosOfficialCountyPdfPartyColumns,https://www.sos.mo.gov/CMSImages/ElectionResultsStatistics/ActualResults-November82016-GeneralElection.pdf,Pulaski County,Pulaski County,2922,9876,663,13461,
MO,2016,Putnam County,29171,county:29171,Putnam County,Putnam County,mo-historical-presidential-sos-county-pdfs,county,missouriSosOfficialCountyPdfPartyColumns,https://www.sos.mo.gov/CMSImages/ElectionResultsStatistics/ActualResults-November82016-GeneralElection.pdf,Putnam County,Putnam County,353,1936,54,2343,
MO,2016,Ralls County,29173,county:29173,Ralls County,Ralls County,mo-historical-presidential-sos-county-pdfs,county,missouriSosOfficialCountyPdfPartyColumns,https://www.sos.mo.gov/CMSImages/ElectionResultsStatistics/ActualResults-November82016-GeneralElection.pdf,Ralls County,Ralls County,1138,3969,159,5266,
MO,2016,Randolph County,29175,county:29175,Randolph County,Randolph County,mo-historical-presidential-sos-county-pdfs,county,missouriSosOfficialCountyPdfPartyColumns,https://www.sos.mo.gov/CMSImages/ElectionResultsStatistics/ActualResults-November82016-GeneralElection.pdf,Randolph County,Randolph County,2283,7529,497,10309,
MO,2016,Ray County,29177,county:29177,Ray County,Ray County,mo-historical-presidential-sos-county-pdfs,county,missouriSosOfficialCountyPdfPartyColumns,https://www.sos.mo.gov/CMSImages/ElectionResultsStatistics/ActualResults-November82016-GeneralElection.pdf,Ray County,Ray County,3090,7104,645,10839,
MO,2016,Reynolds County,29179,county:29179,Reynolds County,Reynolds County,mo-historical-presidential-sos-county-pdfs,county,missouriSosOfficialCountyPdfPartyColumns,https://www.sos.mo.gov/CMSImages/ElectionResultsStatistics/ActualResults-November82016-GeneralElection.pdf,Reynolds County,Reynolds County,540,2406,91,3037,
MO,2016,Ripley County,29181,county:29181,Ripley County,Ripley County,mo-historical-presidential-sos-county-pdfs,county,missouriSosOfficialCountyPdfPartyColumns,https://www.sos.mo.gov/CMSImages/ElectionResultsStatistics/ActualResults-November82016-GeneralElection.pdf,Ripley County,Ripley County,830,4522,168,5520,
MO,2016,Saline County,29195,county:29195,Saline County,Saline County,mo-historical-presidential-sos-county-pdfs,county,missouriSosOfficialCountyPdfPartyColumns,https://www.sos.mo.gov/CMSImages/ElectionResultsStatistics/ActualResults-November82016-GeneralElection.pdf,Saline County,Saline County,2789,5977,481,9247,
MO,2016,Schuyler County,29197,county:29197,Schuyler County,Schuyler County,mo-historical-presidential-sos-county-pdfs,county,missouriSosOfficialCountyPdfPartyColumns,https://www.sos.mo.gov/CMSImages/ElectionResultsStatistics/ActualResults-November82016-GeneralElection.pdf,Schuyler County,Schuyler County,354,1505,73,1932,
MO,2016,Scotland County,29199,county:29199,Scotland County,Scotland County,mo-historical-presidential-sos-county-pdfs,county,missouriSosOfficialCountyPdfPartyColumns,https://www.sos.mo.gov/CMSImages/ElectionResultsStatistics/ActualResults-November82016-GeneralElection.pdf,Scotland County,Scotland County,365,1525,78,1968,
MO,2016,Scott County,29201,county:29201,Scott County,Scott County,mo-historical-presidential-sos-county-pdfs,county,missouriSosOfficialCountyPdfPartyColumns,https://www.sos.mo.gov/CMSImages/ElectionResultsStatistics/ActualResults-November82016-GeneralElection.pdf,Scott County,Scott County,3575,13168,503,17246,
MO,2016,Shannon County,29203,county:29203,Shannon County,Shannon County,mo-historical-presidential-sos-county-pdfs,county,missouriSosOfficialCountyPdfPartyColumns,https://www.sos.mo.gov/CMSImages/ElectionResultsStatistics/ActualResults-November82016-GeneralElection.pdf,Shannon County,Shannon County,776,2966,162,3904,
MO,2016,Shelby County,29205,county:29205,Shelby County,Shelby County,mo-historical-presidential-sos-county-pdfs,county,missouriSosOfficialCountyPdfPartyColumns,https://www.sos.mo.gov/CMSImages/ElectionResultsStatistics/ActualResults-November82016-GeneralElection.pdf,Shelby County,Shelby County,606,2524,122,3252,
MO,2016,St. Charles County,29183,county:29183,St. Charles County,St. Charles County,mo-historical-presidential-sos-county-pdfs,county,missouriSosOfficialCountyPdfPartyColumns,https://www.sos.mo.gov/CMSImages/ElectionResultsStatistics/ActualResults-November82016-GeneralElection.pdf,St. Charles County,St. Charles County,68626,121650,10461,200737,
MO,2016,St. Clair County,29185,county:29185,St. Clair County,St. Clair County,mo-historical-presidential-sos-county-pdfs,county,missouriSosOfficialCountyPdfPartyColumns,https://www.sos.mo.gov/CMSImages/ElectionResultsStatistics/ActualResults-November82016-GeneralElection.pdf,St. Clair County,St. Clair County,936,3501,193,4630,
MO,2016,St. Francois County,29187,county:29187,St. Francois County,St. Francois County,mo-historical-presidential-sos-county-pdfs,county,missouriSosOfficialCountyPdfPartyColumns,https://www.sos.mo.gov/CMSImages/ElectionResultsStatistics/ActualResults-November82016-GeneralElection.pdf,St. Francois County,St. Francois County,6250,17468,997,24715,
MO,2016,St. Louis City,29510,county:29510,St. Louis City,St. Louis City,mo-historical-presidential-sos-county-pdfs,county,missouriSosOfficialCountyPdfPartyColumns,https://www.sos.mo.gov/CMSImages/ElectionResultsStatistics/ActualResults-November82016-GeneralElection.pdf,St. Louis City,St. Louis City,104235,20832,5817,130884,
MO,2016,St. Louis County,29189,county:29189,St. Louis County,St. Louis County,mo-historical-presidential-sos-county-pdfs,county,missouriSosOfficialCountyPdfPartyColumns,https://www.sos.mo.gov/CMSImages/ElectionResultsStatistics/ActualResults-November82016-GeneralElection.pdf,St. Louis County,St. Louis County,286704,202434,24090,513228,
MO,2016,Ste. Genevieve County,29186,county:29186,Ste. Genevieve County,Ste. Genevieve County,mo-historical-presidential-sos-county-pdfs,county,missouriSosOfficialCountyPdfPartyColumns,https://www.sos.mo.gov/CMSImages/ElectionResultsStatistics/ActualResults-November82016-GeneralElection.pdf,Ste. Genevieve County,Ste. Genevieve County,2542,5496,426,8464,
MO,2016,Stoddard County,29207,county:29207,Stoddard County,Stoddard County,mo-historical-presidential-sos-county-pdfs,county,missouriSosOfficialCountyPdfPartyColumns,https://www.sos.mo.gov/CMSImages/ElectionResultsStatistics/ActualResults-November82016-GeneralElection.pdf,Stoddard County,Stoddard County,1876,11079,328,13283,
MO,2016,Stone County,29209,county:29209,Stone County,Stone County,mo-historical-presidential-sos-county-pdfs,county,missouriSosOfficialCountyPdfPartyColumns,https://www.sos.mo.gov/CMSImages/ElectionResultsStatistics/ActualResults-November82016-GeneralElection.pdf,Stone County,Stone County,2887,13158,504,16549,
MO,2016,Sullivan County,29211,county:29211,Sullivan County,Sullivan County,mo-historical-presidential-sos-county-pdfs,county,missouriSosOfficialCountyPdfPartyColumns,https://www.sos.mo.gov/CMSImages/ElectionResultsStatistics/ActualResults-November82016-GeneralElection.pdf,Sullivan County,Sullivan County,526,1884,74,2484,
MO,2016,Taney County,29213,county:29213,Taney County,Taney County,mo-historical-presidential-sos-county-pdfs,county,missouriSosOfficialCountyPdfPartyColumns,https://www.sos.mo.gov/CMSImages/ElectionResultsStatistics/ActualResults-November82016-GeneralElection.pdf,Taney County,Taney County,4373,18276,796,23445,
MO,2016,Texas County,29215,county:29215,Texas County,Texas County,mo-historical-presidential-sos-county-pdfs,county,missouriSosOfficialCountyPdfPartyColumns,https://www.sos.mo.gov/CMSImages/ElectionResultsStatistics/ActualResults-November82016-GeneralElection.pdf,Texas County,Texas County,1728,8875,332,10935,
MO,2016,Vernon County,29217,county:29217,Vernon County,Vernon County,mo-historical-presidential-sos-county-pdfs,county,missouriSosOfficialCountyPdfPartyColumns,https://www.sos.mo.gov/CMSImages/ElectionResultsStatistics/ActualResults-November82016-GeneralElection.pdf,Vernon County,Vernon County,1707,6533,345,8585,
MO,2016,Warren County,29219,county:29219,Warren County,Warren County,mo-historical-presidential-sos-county-pdfs,county,missouriSosOfficialCountyPdfPartyColumns,https://www.sos.mo.gov/CMSImages/ElectionResultsStatistics/ActualResults-November82016-GeneralElection.pdf,Warren County,Warren County,3915,11111,742,15768,
MO,2016,Washington County,29221,county:29221,Washington County,Washington County,mo-historical-presidential-sos-county-pdfs,county,missouriSosOfficialCountyPdfPartyColumns,https://www.sos.mo.gov/CMSImages/ElectionResultsStatistics/ActualResults-November82016-GeneralElection.pdf,Washington County,Washington County,1926,7048,306,9280,
MO,2016,Wayne County,29223,county:29223,Wayne County,Wayne County,mo-historical-presidential-sos-county-pdfs,county,missouriSosOfficialCountyPdfPartyColumns,https://www.sos.mo.gov/CMSImages/ElectionResultsStatistics/ActualResults-November82016-GeneralElection.pdf,Wayne County,Wayne County,948,4658,155,5761,
MO,2016,Webster County,29225,county:29225,Webster County,Webster County,mo-historical-presidential-sos-county-pdfs,county,missouriSosOfficialCountyPdfPartyColumns,https://www.sos.mo.gov/CMSImages/ElectionResultsStatistics/ActualResults-November82016-GeneralElection.pdf,Webster County,Webster County,3177,12840,690,16707,
MO,2016,Worth County,29227,county:29227,Worth County,Worth County,mo-historical-presidential-sos-county-pdfs,county,missouriSosOfficialCountyPdfPartyColumns,https://www.sos.mo.gov/CMSImages/ElectionResultsStatistics/ActualResults-November82016-GeneralElection.pdf,Worth County,Worth County,195,808,43,1046,
MO,2016,Wright County,29229,county:29229,Wright County,Wright County,mo-historical-presidential-sos-county-pdfs,county,missouriSosOfficialCountyPdfPartyColumns,https://www.sos.mo.gov/CMSImages/ElectionResultsStatistics/ActualResults-November82016-GeneralElection.pdf,Wright County,Wright County,1170,6707,217,8094,
MO,2020,Adair County,29001,county:29001,Adair County,Adair County,mo-historical-presidential-sos-county-pdfs,county,missouriSosOfficialCountyPdf,https://www.sos.mo.gov/CMSImages/ElectionResultsStatistics/ActualResults-November32020.pdf,Adair County,Adair County,3710,6413,212,10335,
MO,2020,Andrew County,29003,county:29003,Andrew County,Andrew County,mo-historical-presidential-sos-county-pdfs,county,missouriSosOfficialCountyPdf,https://www.sos.mo.gov/CMSImages/ElectionResultsStatistics/ActualResults-November32020.pdf,Andrew County,Andrew County,2351,7255,146,9752,
MO,2020,Atchison County,29005,county:29005,Atchison County,Atchison County,mo-historical-presidential-sos-county-pdfs,county,missouriSosOfficialCountyPdf,https://www.sos.mo.gov/CMSImages/ElectionResultsStatistics/ActualResults-November32020.pdf,Atchison County,Atchison County,564,2199,51,2814,
MO,2020,Audrain County,29007,county:29007,Audrain County,Audrain County,mo-historical-presidential-sos-county-pdfs,county,missouriSosOfficialCountyPdf,https://www.sos.mo.gov/CMSImages/ElectionResultsStatistics/ActualResults-November32020.pdf,Audrain County,Audrain County,2704,7732,214,10650,
MO,2020,Barry County,29009,county:29009,Barry County,Barry County,mo-historical-presidential-sos-county-pdfs,county,missouriSosOfficialCountyPdf,https://www.sos.mo.gov/CMSImages/ElectionResultsStatistics/ActualResults-November32020.pdf,Barry County,Barry County,2948,12425,225,15598,
MO,2020,Barton County,29011,county:29011,Barton County,Barton County,mo-historical-presidential-sos-county-pdfs,county,missouriSosOfficialCountyPdf,https://www.sos.mo.gov/CMSImages/ElectionResultsStatistics/ActualResults-November32020.pdf,Barton County,Barton County,844,5168,65,6077,
MO,2020,Bates County,29013,county:29013,Bates County,Bates County,mo-historical-presidential-sos-county-pdfs,county,missouriSosOfficialCountyPdf,https://www.sos.mo.gov/CMSImages/ElectionResultsStatistics/ActualResults-November32020.pdf,Bates County,Bates County,1672,6597,147,8416,
MO,2020,Benton County,29015,county:29015,Benton County,Benton County,mo-historical-presidential-sos-county-pdfs,county,missouriSosOfficialCountyPdf,https://www.sos.mo.gov/CMSImages/ElectionResultsStatistics/ActualResults-November32020.pdf,Benton County,Benton County,2180,8109,186,10475,
MO,2020,Bollinger County,29017,county:29017,Bollinger County,Bollinger County,mo-historical-presidential-sos-county-pdfs,county,missouriSosOfficialCountyPdf,https://www.sos.mo.gov/CMSImages/ElectionResultsStatistics/ActualResults-November32020.pdf,Bollinger County,Bollinger County,750,5167,66,5983,
MO,2020,Boone County,29019,county:29019,Boone County,Boone County,mo-historical-presidential-sos-county-pdfs,county,missouriSosOfficialCountyPdf,https://www.sos.mo.gov/CMSImages/ElectionResultsStatistics/ActualResults-November32020.pdf,Boone County,Boone County,50064,38646,2420,91130,
MO,2020,Buchanan County,29021,county:29021,Buchanan County,Buchanan County,mo-historical-presidential-sos-county-pdfs,county,missouriSosOfficialCountyPdf,https://www.sos.mo.gov/CMSImages/ElectionResultsStatistics/ActualResults-November32020.pdf,Buchanan County,Buchanan County,13445,22450,703,36598,
MO,2020,Butler County,29023,county:29023,Butler County,Butler County,mo-historical-presidential-sos-county-pdfs,county,missouriSosOfficialCountyPdf,https://www.sos.mo.gov/CMSImages/ElectionResultsStatistics/ActualResults-November32020.pdf,Butler County,Butler County,3301,14602,237,18140,
MO,2020,Caldwell County,29025,county:29025,Caldwell County,Caldwell County,mo-historical-presidential-sos-county-pdfs,county,missouriSosOfficialCountyPdf,https://www.sos.mo.gov/CMSImages/ElectionResultsStatistics/ActualResults-November32020.pdf,Caldwell County,Caldwell County,897,3725,60,4682,
MO,2020,Callaway County,29027,county:29027,Callaway County,Callaway County,mo-historical-presidential-sos-county-pdfs,county,missouriSosOfficialCountyPdf,https://www.sos.mo.gov/CMSImages/ElectionResultsStatistics/ActualResults-November32020.pdf,Callaway County,Callaway County,5870,14815,455,21140,
MO,2020,Camden County,29029,county:29029,Camden County,Camden County,mo-historical-presidential-sos-county-pdfs,county,missouriSosOfficialCountyPdf,https://www.sos.mo.gov/CMSImages/ElectionResultsStatistics/ActualResults-November32020.pdf,Camden County,Camden County,5652,18850,310,24812,
MO,2020,Cape Girardeau County,29031,county:29031,Cape Girardeau County,Cape Girardeau County,mo-historical-presidential-sos-county-pdfs,county,missouriSosOfficialCountyPdf,https://www.sos.mo.gov/CMSImages/ElectionResultsStatistics/ActualResults-November32020.pdf,Cape Girardeau County,Cape Girardeau County,10760,28907,642,40309,
MO,2020,Carroll County,29033,county:29033,Carroll County,Carroll County,mo-historical-presidential-sos-county-pdfs,county,missouriSosOfficialCountyPdf,https://www.sos.mo.gov/CMSImages/ElectionResultsStatistics/ActualResults-November32020.pdf,Carroll County,Carroll County,786,3706,40,4532,
MO,2020,Carter County,29035,county:29035,Carter County,Carter County,mo-historical-presidential-sos-county-pdfs,county,missouriSosOfficialCountyPdf,https://www.sos.mo.gov/CMSImages/ElectionResultsStatistics/ActualResults-November32020.pdf,Carter County,Carter County,418,2451,28,2897,
MO,2020,Cass County,29037,county:29037,Cass County,Cass County,mo-historical-presidential-sos-county-pdfs,county,missouriSosOfficialCountyPdf,https://www.sos.mo.gov/CMSImages/ElectionResultsStatistics/ActualResults-November32020.pdf,Cass County,Cass County,19052,37197,1149,57398,
MO,2020,Cedar County,29039,county:29039,Cedar County,Cedar County,mo-historical-presidential-sos-county-pdfs,county,missouriSosOfficialCountyPdf,https://www.sos.mo.gov/CMSImages/ElectionResultsStatistics/ActualResults-November32020.pdf,Cedar County,Cedar County,1145,5788,110,7043,
MO,2020,Chariton County,29041,county:29041,Chariton County,Chariton County,mo-historical-presidential-sos-county-pdfs,county,missouriSosOfficialCountyPdf,https://www.sos.mo.gov/CMSImages/ElectionResultsStatistics/ActualResults-November32020.pdf,Chariton County,Chariton County,916,3111,49,4076,
MO,2020,Christian County,29043,county:29043,Christian County,Christian County,mo-historical-presidential-sos-county-pdfs,county,missouriSosOfficialCountyPdf,https://www.sos.mo.gov/CMSImages/ElectionResultsStatistics/ActualResults-November32020.pdf,Christian County,Christian County,11131,34920,774,46825,
MO,2020,Clark County,29045,county:29045,Clark County,Clark County,mo-historical-presidential-sos-county-pdfs,county,missouriSosOfficialCountyPdf,https://www.sos.mo.gov/CMSImages/ElectionResultsStatistics/ActualResults-November32020.pdf,Clark County,Clark County,678,2672,44,3394,
MO,2020,Clay County,29047,county:29047,Clay County,Clay County,mo-historical-presidential-sos-county-pdfs,county,missouriSosOfficialCountyPdf,https://www.sos.mo.gov/CMSImages/ElectionResultsStatistics/ActualResults-November32020.pdf,Clay County,Clay County,59400,64605,2523,126528,
MO,2020,Clinton County,29049,county:29049,Clinton County,Clinton County,mo-historical-presidential-sos-county-pdfs,county,missouriSosOfficialCountyPdf,https://www.sos.mo.gov/CMSImages/ElectionResultsStatistics/ActualResults-November32020.pdf,Clinton County,Clinton County,2896,7799,193,10888,
MO,2020,Cole County,29051,county:29051,Cole County,Cole County,mo-historical-presidential-sos-county-pdfs,county,missouriSosOfficialCountyPdf,https://www.sos.mo.gov/CMSImages/ElectionResultsStatistics/ActualResults-November32020.pdf,Cole County,Cole County,12694,26086,734,39514,
MO,2020,Cooper County,29053,county:29053,Cooper County,Cooper County,mo-historical-presidential-sos-county-pdfs,county,missouriSosOfficialCountyPdf,https://www.sos.mo.gov/CMSImages/ElectionResultsStatistics/ActualResults-November32020.pdf,Cooper County,Cooper County,2249,6272,169,8690,
MO,2020,Crawford County,29055,county:29055,Crawford County,Crawford County,mo-historical-presidential-sos-county-pdfs,county,missouriSosOfficialCountyPdf,https://www.sos.mo.gov/CMSImages/ElectionResultsStatistics/ActualResults-November32020.pdf,Crawford County,Crawford County,2113,8725,135,10973,
MO,2020,Dade County,29057,county:29057,Dade County,Dade County,mo-historical-presidential-sos-county-pdfs,county,missouriSosOfficialCountyPdf,https://www.sos.mo.gov/CMSImages/ElectionResultsStatistics/ActualResults-November32020.pdf,Dade County,Dade County,656,3414,49,4119,
MO,2020,Dallas County,29059,county:29059,Dallas County,Dallas County,mo-historical-presidential-sos-county-pdfs,county,missouriSosOfficialCountyPdf,https://www.sos.mo.gov/CMSImages/ElectionResultsStatistics/ActualResults-November32020.pdf,Dallas County,Dallas County,1380,6619,105,8104,
MO,2020,Daviess County,29061,county:29061,Daviess County,Daviess County,mo-historical-presidential-sos-county-pdfs,county,missouriSosOfficialCountyPdf,https://www.sos.mo.gov/CMSImages/ElectionResultsStatistics/ActualResults-November32020.pdf,Daviess County,Daviess County,746,3102,61,3909,
MO,2020,DeKalb County,29063,county:29063,DeKalb County,DeKalb County,mo-historical-presidential-sos-county-pdfs,county,missouriSosOfficialCountyPdf,https://www.sos.mo.gov/CMSImages/ElectionResultsStatistics/ActualResults-November32020.pdf,De Kalb County,De Kalb County,930,3828,85,4843,Normalized the source display name De Kalb County to the Census county display name DeKalb County.
MO,2020,Dent County,29065,county:29065,Dent County,Dent County,mo-historical-presidential-sos-county-pdfs,county,missouriSosOfficialCountyPdf,https://www.sos.mo.gov/CMSImages/ElectionResultsStatistics/ActualResults-November32020.pdf,Dent County,Dent County,1056,5987,99,7142,
MO,2020,Douglas County,29067,county:29067,Douglas County,Douglas County,mo-historical-presidential-sos-county-pdfs,county,missouriSosOfficialCountyPdf,https://www.sos.mo.gov/CMSImages/ElectionResultsStatistics/ActualResults-November32020.pdf,Douglas County,Douglas County,1016,5898,86,7000,
MO,2020,Dunklin County,29069,county:29069,Dunklin County,Dunklin County,mo-historical-presidential-sos-county-pdfs,county,missouriSosOfficialCountyPdf,https://www.sos.mo.gov/CMSImages/ElectionResultsStatistics/ActualResults-November32020.pdf,Dunklin County,Dunklin County,2200,8135,84,10419,
MO,2020,Franklin County,29071,county:29071,Franklin County,Franklin County,mo-historical-presidential-sos-county-pdfs,county,missouriSosOfficialCountyPdf,https://www.sos.mo.gov/CMSImages/ElectionResultsStatistics/ActualResults-November32020.pdf,Franklin County,Franklin County,14569,38058,1050,53677,
MO,2020,Gasconade County,29073,county:29073,Gasconade County,Gasconade County,mo-historical-presidential-sos-county-pdfs,county,missouriSosOfficialCountyPdf,https://www.sos.mo.gov/CMSImages/ElectionResultsStatistics/ActualResults-November32020.pdf,Gasconade County,Gasconade County,1601,6222,100,7923,
MO,2020,Gentry County,29075,county:29075,Gentry County,Gentry County,mo-historical-presidential-sos-county-pdfs,county,missouriSosOfficialCountyPdf,https://www.sos.mo.gov/CMSImages/ElectionResultsStatistics/ActualResults-November32020.pdf,Gentry County,Gentry County,613,2581,41,3235,
MO,2020,Greene County,29077,county:29077,Greene County,Greene County,mo-historical-presidential-sos-county-pdfs,county,missouriSosOfficialCountyPdf,https://www.sos.mo.gov/CMSImages/ElectionResultsStatistics/ActualResults-November32020.pdf,Greene County,Greene County,55068,83630,3051,141749,
MO,2020,Grundy County,29079,county:29079,Grundy County,Grundy County,mo-historical-presidential-sos-county-pdfs,county,missouriSosOfficialCountyPdf,https://www.sos.mo.gov/CMSImages/ElectionResultsStatistics/ActualResults-November32020.pdf,Grundy County,Grundy County,799,3585,53,4437,
MO,2020,Harrison County,29081,county:29081,Harrison County,Harrison County,mo-historical-presidential-sos-county-pdfs,county,missouriSosOfficialCountyPdf,https://www.sos.mo.gov/CMSImages/ElectionResultsStatistics/ActualResults-November32020.pdf,Harrison County,Harrison County,597,3198,30,3825,
MO,2020,Henry County,29083,county:29083,Henry County,Henry County,mo-historical-presidential-sos-county-pdfs,county,missouriSosOfficialCountyPdf,https://www.sos.mo.gov/CMSImages/ElectionResultsStatistics/ActualResults-November32020.pdf,Henry County,Henry County,2619,8027,142,10788,
MO,2020,Hickory County,29085,county:29085,Hickory County,Hickory County,mo-historical-presidential-sos-county-pdfs,county,missouriSosOfficialCountyPdf,https://www.sos.mo.gov/CMSImages/ElectionResultsStatistics/ActualResults-November32020.pdf,Hickory County,Hickory County,1056,3966,58,5080,
MO,2020,Holt County,29087,county:29087,Holt County,Holt County,mo-historical-presidential-sos-county-pdfs,county,missouriSosOfficialCountyPdf,https://www.sos.mo.gov/CMSImages/ElectionResultsStatistics/ActualResults-November32020.pdf,Holt County,Holt County,338,1976,29,2343,
MO,2020,Howard County,29089,county:29089,Howard County,Howard County,mo-historical-presidential-sos-county-pdfs,county,missouriSosOfficialCountyPdf,https://www.sos.mo.gov/CMSImages/ElectionResultsStatistics/ActualResults-November32020.pdf,Howard County,Howard County,1413,3553,125,5091,
MO,2020,Howell County,29091,county:29091,Howell County,Howell County,mo-historical-presidential-sos-county-pdfs,county,missouriSosOfficialCountyPdf,https://www.sos.mo.gov/CMSImages/ElectionResultsStatistics/ActualResults-November32020.pdf,Howell County,Howell County,3218,15181,249,18648,
MO,2020,Iron County,29093,county:29093,Iron County,Iron County,mo-historical-presidential-sos-county-pdfs,county,missouriSosOfficialCountyPdf,https://www.sos.mo.gov/CMSImages/ElectionResultsStatistics/ActualResults-November32020.pdf,Iron County,Iron County,945,3596,51,4592,
MO,2020,Jackson County,29095,county:29095,Jackson County,Jackson County,mo-historical-presidential-sos-county-pdfs,county,missouriSosOfficialCountyPdfKansasCityWithinJacksonCountyAggregation,https://www.sos.mo.gov/CMSImages/ElectionResultsStatistics/ActualResults-November32020.pdf,Jackson County + Kansas City,Jackson County + Kansas City,199842,126535,6556,332933,Aggregated the Kansas City election-authority row into Jackson County because the Missouri Secretary of State identifies that jurisdiction as Kansas City within Jackson County.
MO,2020,Jasper County,29097,county:29097,Jasper County,Jasper County,mo-historical-presidential-sos-county-pdfs,county,missouriSosOfficialCountyPdf,https://www.sos.mo.gov/CMSImages/ElectionResultsStatistics/ActualResults-November32020.pdf,Jasper County,Jasper County,13549,37728,1069,52346,
MO,2020,Jefferson County,29099,county:29099,Jefferson County,Jefferson County,mo-historical-presidential-sos-county-pdfs,county,missouriSosOfficialCountyPdf,https://www.sos.mo.gov/CMSImages/ElectionResultsStatistics/ActualResults-November32020.pdf,Jefferson County,Jefferson County,37523,77046,2103,116672,
MO,2020,Johnson County,29101,county:29101,Johnson County,Johnson County,mo-historical-presidential-sos-county-pdfs,county,missouriSosOfficialCountyPdf,https://www.sos.mo.gov/CMSImages/ElectionResultsStatistics/ActualResults-November32020.pdf,Johnson County,Johnson County,6974,15489,659,23122,
MO,2020,Knox County,29103,county:29103,Knox County,Knox County,mo-historical-presidential-sos-county-pdfs,county,missouriSosOfficialCountyPdf,https://www.sos.mo.gov/CMSImages/ElectionResultsStatistics/ActualResults-November32020.pdf,Knox County,Knox County,340,1486,28,1854,
MO,2020,Laclede County,29105,county:29105,Laclede County,Laclede County,mo-historical-presidential-sos-county-pdfs,county,missouriSosOfficialCountyPdf,https://www.sos.mo.gov/CMSImages/ElectionResultsStatistics/ActualResults-November32020.pdf,Laclede County,Laclede County,2780,13762,250,16792,
MO,2020,Lafayette County,29107,county:29107,Lafayette County,Lafayette County,mo-historical-presidential-sos-county-pdfs,county,missouriSosOfficialCountyPdf,https://www.sos.mo.gov/CMSImages/ElectionResultsStatistics/ActualResults-November32020.pdf,Lafayette County,Lafayette County,4472,12273,306,17051,
MO,2020,Lawrence County,29109,county:29109,Lawrence County,Lawrence County,mo-historical-presidential-sos-county-pdfs,county,missouriSosOfficialCountyPdf,https://www.sos.mo.gov/CMSImages/ElectionResultsStatistics/ActualResults-November32020.pdf,Lawrence County,Lawrence County,3214,14426,265,17905,
MO,2020,Lewis County,29111,county:29111,Lewis County,Lewis County,mo-historical-presidential-sos-county-pdfs,county,missouriSosOfficialCountyPdf,https://www.sos.mo.gov/CMSImages/ElectionResultsStatistics/ActualResults-November32020.pdf,Lewis County,Lewis County,984,3553,72,4609,
MO,2020,Lincoln County,29113,county:29113,Lincoln County,Lincoln County,mo-historical-presidential-sos-county-pdfs,county,missouriSosOfficialCountyPdf,https://www.sos.mo.gov/CMSImages/ElectionResultsStatistics/ActualResults-November32020.pdf,Lincoln County,Lincoln County,6607,21848,562,29017,
MO,2020,Linn County,29115,county:29115,Linn County,Linn County,mo-historical-presidential-sos-county-pdfs,county,missouriSosOfficialCountyPdf,https://www.sos.mo.gov/CMSImages/ElectionResultsStatistics/ActualResults-November32020.pdf,Linn County,Linn County,1275,4363,83,5721,
MO,2020,Livingston County,29117,county:29117,Livingston County,Livingston County,mo-historical-presidential-sos-county-pdfs,county,missouriSosOfficialCountyPdf,https://www.sos.mo.gov/CMSImages/ElectionResultsStatistics/ActualResults-November32020.pdf,Livingston County,Livingston County,1410,5267,80,6757,
MO,2020,Macon County,29121,county:29121,Macon County,Macon County,mo-historical-presidential-sos-county-pdfs,county,missouriSosOfficialCountyPdf,https://www.sos.mo.gov/CMSImages/ElectionResultsStatistics/ActualResults-November32020.pdf,Macon County,Macon County,1662,6076,98,7836,
MO,2020,Madison County,29123,county:29123,Madison County,Madison County,mo-historical-presidential-sos-county-pdfs,county,missouriSosOfficialCountyPdf,https://www.sos.mo.gov/CMSImages/ElectionResultsStatistics/ActualResults-November32020.pdf,Madison County,Madison County,1019,4584,73,5676,
MO,2020,Maries County,29125,county:29125,Maries County,Maries County,mo-historical-presidential-sos-county-pdfs,county,missouriSosOfficialCountyPdf,https://www.sos.mo.gov/CMSImages/ElectionResultsStatistics/ActualResults-November32020.pdf,Maries County,Maries County,814,3892,65,4771,
MO,2020,Marion County,29127,county:29127,Marion County,Marion County,mo-historical-presidential-sos-county-pdfs,county,missouriSosOfficialCountyPdf,https://www.sos.mo.gov/CMSImages/ElectionResultsStatistics/ActualResults-November32020.pdf,Marion County,Marion County,3202,9915,228,13345,
MO,2020,McDonald County,29119,county:29119,McDonald County,McDonald County,mo-historical-presidential-sos-county-pdfs,county,missouriSosOfficialCountyPdf,https://www.sos.mo.gov/CMSImages/ElectionResultsStatistics/ActualResults-November32020.pdf,McDonald County,McDonald County,1439,7465,148,9052,
MO,2020,Mercer County,29129,county:29129,Mercer County,Mercer County,mo-historical-presidential-sos-county-pdfs,county,missouriSosOfficialCountyPdf,https://www.sos.mo.gov/CMSImages/ElectionResultsStatistics/ActualResults-November32020.pdf,Mercer County,Mercer County,222,1541,16,1779,
MO,2020,Miller County,29131,county:29131,Miller County,Miller County,mo-historical-presidential-sos-county-pdfs,county,missouriSosOfficialCountyPdf,https://www.sos.mo.gov/CMSImages/ElectionResultsStatistics/ActualResults-November32020.pdf,Miller County,Miller County,2038,10176,166,12380,
MO,2020,Mississippi County,29133,county:29133,Mississippi County,Mississippi County,mo-historical-presidential-sos-county-pdfs,county,missouriSosOfficialCountyPdf,https://www.sos.mo.gov/CMSImages/ElectionResultsStatistics/ActualResults-November32020.pdf,Mississippi County,Mississippi County,1178,3537,41,4756,
MO,2020,Moniteau County,29135,county:29135,Moniteau County,Moniteau County,mo-historical-presidential-sos-county-pdfs,county,missouriSosOfficialCountyPdf,https://www.sos.mo.gov/CMSImages/ElectionResultsStatistics/ActualResults-November32020.pdf,Moniteau County,Moniteau County,1308,5744,105,7157,
MO,2020,Monroe County,29137,county:29137,Monroe County,Monroe County,mo-historical-presidential-sos-county-pdfs,county,missouriSosOfficialCountyPdf,https://www.sos.mo.gov/CMSImages/ElectionResultsStatistics/ActualResults-November32020.pdf,Monroe County,Monroe County,936,3477,70,4483,
MO,2020,Montgomery County,29139,county:29139,Montgomery County,Montgomery County,mo-historical-presidential-sos-county-pdfs,county,missouriSosOfficialCountyPdf,https://www.sos.mo.gov/CMSImages/ElectionResultsStatistics/ActualResults-November32020.pdf,Montgomery County,Montgomery County,1208,4465,99,5772,
MO,2020,Morgan County,29141,county:29141,Morgan County,Morgan County,mo-historical-presidential-sos-county-pdfs,county,missouriSosOfficialCountyPdf,https://www.sos.mo.gov/CMSImages/ElectionResultsStatistics/ActualResults-November32020.pdf,Morgan County,Morgan County,1924,7442,121,9487,
MO,2020,New Madrid County,29143,county:29143,New Madrid County,New Madrid County,mo-historical-presidential-sos-county-pdfs,county,missouriSosOfficialCountyPdf,https://www.sos.mo.gov/CMSImages/ElectionResultsStatistics/ActualResults-November32020.pdf,New Madrid County,New Madrid County,1748,5447,53,7248,
MO,2020,Newton County,29145,county:29145,Newton County,Newton County,mo-historical-presidential-sos-county-pdfs,county,missouriSosOfficialCountyPdf,https://www.sos.mo.gov/CMSImages/ElectionResultsStatistics/ActualResults-November32020.pdf,Newton County,Newton County,5818,22120,452,28390,
MO,2020,Nodaway County,29147,county:29147,Nodaway County,Nodaway County,mo-historical-presidential-sos-county-pdfs,county,missouriSosOfficialCountyPdf,https://www.sos.mo.gov/CMSImages/ElectionResultsStatistics/ActualResults-November32020.pdf,Nodaway County,Nodaway County,2853,6865,170,9888,
MO,2020,Oregon County,29149,county:29149,Oregon County,Oregon County,mo-historical-presidential-sos-county-pdfs,county,missouriSosOfficialCountyPdf,https://www.sos.mo.gov/CMSImages/ElectionResultsStatistics/ActualResults-November32020.pdf,Oregon County,Oregon County,823,3847,69,4739,
MO,2020,Osage County,29151,county:29151,Osage County,Osage County,mo-historical-presidential-sos-county-pdfs,county,missouriSosOfficialCountyPdf,https://www.sos.mo.gov/CMSImages/ElectionResultsStatistics/ActualResults-November32020.pdf,Osage County,Osage County,1037,6425,77,7539,
MO,2020,Ozark County,29153,county:29153,Ozark County,Ozark County,mo-historical-presidential-sos-county-pdfs,county,missouriSosOfficialCountyPdf,https://www.sos.mo.gov/CMSImages/ElectionResultsStatistics/ActualResults-November32020.pdf,Ozark County,Ozark County,752,4064,48,4864,
MO,2020,Pemiscot County,29155,county:29155,Pemiscot County,Pemiscot County,mo-historical-presidential-sos-county-pdfs,county,missouriSosOfficialCountyPdf,https://www.sos.mo.gov/CMSImages/ElectionResultsStatistics/ActualResults-November32020.pdf,Pemiscot County,Pemiscot County,1560,4120,55,5735,
MO,2020,Perry County,29157,county:29157,Perry County,Perry County,mo-historical-presidential-sos-county-pdfs,county,missouriSosOfficialCountyPdf,https://www.sos.mo.gov/CMSImages/ElectionResultsStatistics/ActualResults-November32020.pdf,Perry County,Perry County,1664,7657,126,9447,
MO,2020,Pettis County,29159,county:29159,Pettis County,Pettis County,mo-historical-presidential-sos-county-pdfs,county,missouriSosOfficialCountyPdf,https://www.sos.mo.gov/CMSImages/ElectionResultsStatistics/ActualResults-November32020.pdf,Pettis County,Pettis County,4783,13854,459,19096,
MO,2020,Phelps County,29161,county:29161,Phelps County,Phelps County,mo-historical-presidential-sos-county-pdfs,county,missouriSosOfficialCountyPdf,https://www.sos.mo.gov/CMSImages/ElectionResultsStatistics/ActualResults-November32020.pdf,Phelps County,Phelps County,5637,13480,441,19558,
MO,2020,Pike County,29163,county:29163,Pike County,Pike County,mo-historical-presidential-sos-county-pdfs,county,missouriSosOfficialCountyPdf,https://www.sos.mo.gov/CMSImages/ElectionResultsStatistics/ActualResults-November32020.pdf,Pike County,Pike County,1717,5863,115,7695,
MO,2020,Platte County,29165,county:29165,Platte County,Platte County,mo-historical-presidential-sos-county-pdfs,county,missouriSosOfficialCountyPdf,https://www.sos.mo.gov/CMSImages/ElectionResultsStatistics/ActualResults-November32020.pdf,Platte County,Platte County,27179,28917,1153,57249,
MO,2020,Polk County,29167,county:29167,Polk County,Polk County,mo-historical-presidential-sos-county-pdfs,county,missouriSosOfficialCountyPdf,https://www.sos.mo.gov/CMSImages/ElectionResultsStatistics/ActualResults-November32020.pdf,Polk County,Polk County,2885,11850,327,15062,
MO,2020,Pulaski County,29169,county:29169,Pulaski County,Pulaski County,mo-historical-presidential-sos-county-pdfs,county,missouriSosOfficialCountyPdf,https://www.sos.mo.gov/CMSImages/ElectionResultsStatistics/ActualResults-November32020.pdf,Pulaski County,Pulaski County,3740,10329,345,14414,
MO,2020,Putnam County,29171,county:29171,Putnam County,Putnam County,mo-historical-presidential-sos-county-pdfs,county,missouriSosOfficialCountyPdf,https://www.sos.mo.gov/CMSImages/ElectionResultsStatistics/ActualResults-November32020.pdf,Putnam County,Putnam County,361,1984,16,2361,
MO,2020,Ralls County,29173,county:29173,Ralls County,Ralls County,mo-historical-presidential-sos-county-pdfs,county,missouriSosOfficialCountyPdf,https://www.sos.mo.gov/CMSImages/ElectionResultsStatistics/ActualResults-November32020.pdf,Ralls County,Ralls County,1205,4396,61,5662,
MO,2020,Randolph County,29175,county:29175,Randolph County,Randolph County,mo-historical-presidential-sos-county-pdfs,county,missouriSosOfficialCountyPdf,https://www.sos.mo.gov/CMSImages/ElectionResultsStatistics/ActualResults-November32020.pdf,Randolph County,Randolph County,2485,8018,239,10742,
MO,2020,Ray County,29177,county:29177,Ray County,Ray County,mo-historical-presidential-sos-county-pdfs,county,missouriSosOfficialCountyPdf,https://www.sos.mo.gov/CMSImages/ElectionResultsStatistics/ActualResults-November32020.pdf,Ray County,Ray County,3109,8345,195,11649,
MO,2020,Reynolds County,29179,county:29179,Reynolds County,Reynolds County,mo-historical-presidential-sos-county-pdfs,county,missouriSosOfficialCountyPdf,https://www.sos.mo.gov/CMSImages/ElectionResultsStatistics/ActualResults-November32020.pdf,Reynolds County,Reynolds County,529,2733,36,3298,
MO,2020,Ripley County,29181,county:29181,Ripley County,Ripley County,mo-historical-presidential-sos-county-pdfs,county,missouriSosOfficialCountyPdf,https://www.sos.mo.gov/CMSImages/ElectionResultsStatistics/ActualResults-November32020.pdf,Ripley County,Ripley County,833,4839,45,5717,
MO,2020,Saline County,29195,county:29195,Saline County,Saline County,mo-historical-presidential-sos-county-pdfs,county,missouriSosOfficialCountyPdf,https://www.sos.mo.gov/CMSImages/ElectionResultsStatistics/ActualResults-November32020.pdf,Saline County,Saline County,2904,6451,164,9519,
MO,2020,Schuyler County,29197,county:29197,Schuyler County,Schuyler County,mo-historical-presidential-sos-county-pdfs,county,missouriSosOfficialCountyPdf,https://www.sos.mo.gov/CMSImages/ElectionResultsStatistics/ActualResults-November32020.pdf,Schuyler County,Schuyler County,373,1606,24,2003,
MO,2020,Scotland County,29199,county:29199,Scotland County,Scotland County,mo-historical-presidential-sos-county-pdfs,county,missouriSosOfficialCountyPdf,https://www.sos.mo.gov/CMSImages/ElectionResultsStatistics/ActualResults-November32020.pdf,Scotland County,Scotland County,388,1560,36,1984,
MO,2020,Scott County,29201,county:29201,Scott County,Scott County,mo-historical-presidential-sos-county-pdfs,county,missouriSosOfficialCountyPdf,https://www.sos.mo.gov/CMSImages/ElectionResultsStatistics/ActualResults-November32020.pdf,Scott County,Scott County,3753,13769,196,17718,
MO,2020,Shannon County,29203,county:29203,Shannon County,Shannon County,mo-historical-presidential-sos-county-pdfs,county,missouriSosOfficialCountyPdf,https://www.sos.mo.gov/CMSImages/ElectionResultsStatistics/ActualResults-November32020.pdf,Shannon County,Shannon County,706,3165,35,3906,
MO,2020,Shelby County,29205,county:29205,Shelby County,Shelby County,mo-historical-presidential-sos-county-pdfs,county,missouriSosOfficialCountyPdf,https://www.sos.mo.gov/CMSImages/ElectionResultsStatistics/ActualResults-November32020.pdf,Shelby County,Shelby County,592,2700,58,3350,
MO,2020,St. Charles County,29183,county:29183,St. Charles County,St. Charles County,mo-historical-presidential-sos-county-pdfs,county,missouriSosOfficialCountyPdf,https://www.sos.mo.gov/CMSImages/ElectionResultsStatistics/ActualResults-November32020.pdf,St. Charles County,St. Charles County,89530,128389,4074,221993,
MO,2020,St. Clair County,29185,county:29185,St. Clair County,St. Clair County,mo-historical-presidential-sos-county-pdfs,county,missouriSosOfficialCountyPdf,https://www.sos.mo.gov/CMSImages/ElectionResultsStatistics/ActualResults-November32020.pdf,St. Clair County,St. Clair County,988,3932,54,4974,
MO,2020,St. Francois County,29187,county:29187,St. Francois County,St. Francois County,mo-historical-presidential-sos-county-pdfs,county,missouriSosOfficialCountyPdf,https://www.sos.mo.gov/CMSImages/ElectionResultsStatistics/ActualResults-November32020.pdf,St. Francois County,St. Francois County,7044,20511,446,28001,
MO,2020,St. Louis City,29510,county:29510,St. Louis City,St. Louis City,mo-historical-presidential-sos-county-pdfs,county,missouriSosOfficialCountyPdf,https://www.sos.mo.gov/CMSImages/ElectionResultsStatistics/ActualResults-November32020.pdf,St. Louis City,St. Louis City,110089,21474,2230,133793,
MO,2020,St. Louis County,29189,county:29189,St. Louis County,St. Louis County,mo-historical-presidential-sos-county-pdfs,county,missouriSosOfficialCountyPdf,https://www.sos.mo.gov/CMSImages/ElectionResultsStatistics/ActualResults-November32020.pdf,St. Louis County,St. Louis County,328151,199493,8575,536219,
MO,2020,Ste. Genevieve County,29186,county:29186,Ste. Genevieve County,Ste. Genevieve County,mo-historical-presidential-sos-county-pdfs,county,missouriSosOfficialCountyPdf,https://www.sos.mo.gov/CMSImages/ElectionResultsStatistics/ActualResults-November32020.pdf,Ste. Genevieve County,Ste. Genevieve County,2713,6630,141,9484,
MO,2020,Stoddard County,29207,county:29207,Stoddard County,Stoddard County,mo-historical-presidential-sos-county-pdfs,county,missouriSosOfficialCountyPdf,https://www.sos.mo.gov/CMSImages/ElectionResultsStatistics/ActualResults-November32020.pdf,Stoddard County,Stoddard County,1819,11484,123,13426,
MO,2020,Stone County,29209,county:29209,Stone County,Stone County,mo-historical-presidential-sos-county-pdfs,county,missouriSosOfficialCountyPdf,https://www.sos.mo.gov/CMSImages/ElectionResultsStatistics/ActualResults-November32020.pdf,Stone County,Stone County,3506,14800,177,18483,
MO,2020,Sullivan County,29211,county:29211,Sullivan County,Sullivan County,mo-historical-presidential-sos-county-pdfs,county,missouriSosOfficialCountyPdf,https://www.sos.mo.gov/CMSImages/ElectionResultsStatistics/ActualResults-November32020.pdf,Sullivan County,Sullivan County,478,1974,19,2471,
MO,2020,Taney County,29213,county:29213,Taney County,Taney County,mo-historical-presidential-sos-county-pdfs,county,missouriSosOfficialCountyPdf,https://www.sos.mo.gov/CMSImages/ElectionResultsStatistics/ActualResults-November32020.pdf,Taney County,Taney County,5339,20508,422,26269,
MO,2020,Texas County,29215,county:29215,Texas County,Texas County,mo-historical-presidential-sos-county-pdfs,county,missouriSosOfficialCountyPdf,https://www.sos.mo.gov/CMSImages/ElectionResultsStatistics/ActualResults-November32020.pdf,Texas County,Texas County,1716,9478,121,11315,
MO,2020,Vernon County,29217,county:29217,Vernon County,Vernon County,mo-historical-presidential-sos-county-pdfs,county,missouriSosOfficialCountyPdf,https://www.sos.mo.gov/CMSImages/ElectionResultsStatistics/ActualResults-November32020.pdf,Vernon County,Vernon County,1903,7155,127,9185,
MO,2020,Warren County,29219,county:29219,Warren County,Warren County,mo-historical-presidential-sos-county-pdfs,county,missouriSosOfficialCountyPdf,https://www.sos.mo.gov/CMSImages/ElectionResultsStatistics/ActualResults-November32020.pdf,Warren County,Warren County,4769,13222,382,18373,
MO,2020,Washington County,29221,county:29221,Washington County,Washington County,mo-historical-presidential-sos-county-pdfs,county,missouriSosOfficialCountyPdf,https://www.sos.mo.gov/CMSImages/ElectionResultsStatistics/ActualResults-November32020.pdf,Washington County,Washington County,1804,8047,121,9972,
MO,2020,Wayne County,29223,county:29223,Wayne County,Wayne County,mo-historical-presidential-sos-county-pdfs,county,missouriSosOfficialCountyPdf,https://www.sos.mo.gov/CMSImages/ElectionResultsStatistics/ActualResults-November32020.pdf,Wayne County,Wayne County,845,4987,46,5878,
MO,2020,Webster County,29225,county:29225,Webster County,Webster County,mo-historical-presidential-sos-county-pdfs,county,missouriSosOfficialCountyPdf,https://www.sos.mo.gov/CMSImages/ElectionResultsStatistics/ActualResults-November32020.pdf,Webster County,Webster County,3573,14880,326,18779,
MO,2020,Worth County,29227,county:29227,Worth County,Worth County,mo-historical-presidential-sos-county-pdfs,county,missouriSosOfficialCountyPdf,https://www.sos.mo.gov/CMSImages/ElectionResultsStatistics/ActualResults-November32020.pdf,Worth County,Worth County,215,877,15,1107,
MO,2020,Wright County,29229,county:29229,Wright County,Wright County,mo-historical-presidential-sos-county-pdfs,county,missouriSosOfficialCountyPdf,https://www.sos.mo.gov/CMSImages/ElectionResultsStatistics/ActualResults-November32020.pdf,Wright County,Wright County,1168,7453,118,8739,
