action,county,page,candidate,columnIndex,currentValue,correctedValue,exclude,reason,reviewer,rowText,sourceWarnings,correctionKey
update,Coahoma,3,pinkins,6,2,26,,"Grid-cell OCR reads 26 for the same page and column; text-row OCR read 2, creating the exact 24-vote Pinkins delta.",codex,,,
update,Warren,2,trump,8,100,64,,Visual review of Warren page 2 shows Trump row value 64 between 58 and 100; OCR skipped the 64 and shifted later cells.,codex,,,
update,Warren,2,trump,9,219,100,,Visual review of Warren page 2 shows this Trump column is 100 after inserted 64.,codex,,,
update,Warren,2,trump,10,97,218,,Visual review of Warren page 2 shows this Trump column is 218; OCR had shifted 97 into this position.,codex,,,
add,Warren,2,trump,11,,97,,Visual review of Warren page 2 shows final Trump value 97 after 218.,codex,,,
update,Quitman,3,pinkins,2,9,40,,Visual review of Quitman page 3 shows Pinkins column 2 is 40; OCR read the 4 as punctuation and kept 9.,codex,,,
update,Quitman,3,wicker,2,129,195,,Visual review of Quitman page 3 shows Wicker column 2 is 195; OCR read it as 129.,codex,,,
update,Tallahatchie,2,trump,6,229,226,,Visual review of Tallahatchie page 2 shows Trump Enid value is 226; OCR read it as 229.,codex,,,
update,Adams,2,pinkins,6,184,51,,Visual review of Adams page 2 shows Pinkins column 6 is 51; OCR skipped this cell and shifted later values.,codex,,,
update,Adams,2,pinkins,7,73,184,,Visual review of Adams page 2 shows Pinkins column 7 is 184 after the inserted 51.,codex,,,
update,Adams,2,pinkins,8,349,375,,Visual review of Adams page 2 shows Pinkins column 8 is 375; OCR read it as 73 before shifting.,codex,,,
update,Adams,2,pinkins,9,204,349,,Visual review of Adams page 2 shows Pinkins column 9 is 349.,codex,,,
update,Adams,2,pinkins,10,440,204,,Visual review of Adams page 2 shows Pinkins column 10 is 204.,codex,,,
add,Adams,2,pinkins,11,,440,,Visual review of Adams page 2 shows final Pinkins value 440.,codex,,,
update,Adams,3,pinkins,6,562,662,,Visual review of Adams page 3 shows Pinkins column 6 is 662; OCR read it as 562.,codex,,,
update,Adams,3,trump,4,204,71,,Visual review of Adams page 3 shows Trump column 4 is 71; OCR skipped this cell and shifted later values.,codex,,,
update,Adams,3,trump,5,31,204,,Visual review of Adams page 3 shows Trump column 5 is 204.,codex,,,
update,Adams,3,trump,6,344,31,,Visual review of Adams page 3 shows Trump column 6 is 31.,codex,,,
update,Adams,3,trump,7,326,344,,Visual review of Adams page 3 shows Trump column 7 is 344.,codex,,,
update,Adams,3,trump,8,5081,326,,Visual review of Adams page 3 shows Trump column 8 is 326; the OCR had placed the official total in this column.,codex,,,
update,Adams,2,wicker,4,5,509,,Visual review of Adams page 2 shows Wicker column 4 is 509; OCR read it as 5.,codex,,,
update,Adams,2,wicker,8,30,37,,Visual review of Adams page 2 shows Wicker column 8 is 37; OCR shifted later cells left.,codex,,,
update,Adams,2,wicker,9,132,30,,Visual review of Adams page 2 shows Wicker column 9 is 30.,codex,,,
update,Adams,2,wicker,10,428,132,,Visual review of Adams page 2 shows Wicker column 10 is 132.,codex,,,
add,Adams,2,wicker,11,,428,,Visual review of Adams page 2 shows final Wicker value 428.,codex,,,
update,Adams,3,wicker,6,7,47,,Visual review of Adams page 3 shows Wicker column 6 is 47; OCR read it as 7.,codex,,,
update,Newton,2,pinkins,11,501,591,,Visual review of Newton page 2 shows Pinkins final value is 591; OCR read it as 501.,codex,,,
update,Newton,3,trump,1,9,490,,Visual review of Newton page 3 shows Trump first value is 490; OCR read only the trailing 9.,codex,,,
update,Newton,3,trump,5,283,413,,Visual review of Newton page 3 shows Trump column 5 is 413; OCR skipped this value.,codex,,,
update,Newton,3,trump,6,6641,283,,Visual review of Newton page 3 shows Trump column 6 is 283; OCR placed the official total in this column.,codex,,,
update,Simpson,2,pinkins,5,53,63,,Visual review of Simpson page 2 shows Pinkins Dry Creek value is 63; OCR read it as 53.,codex,,,
update,Simpson,2,pinkins,6,13,183,,Visual review of Simpson page 2 shows Pinkins Fork Church value is 183; OCR read it as 13.,codex,,,
update,Simpson,3,trump,9,19,199,,Visual review of Simpson page 3 shows Trump Shivers value is 199; OCR read it as 19.,codex,,,
update,Simpson,2,wicker,5,4,552,,Visual review of Simpson page 2 shows Wicker Dry Creek value is 552; OCR read it as 4.,codex,,,
update,Simpson,2,wicker,6,109,100,,Visual review of Simpson page 2 shows Wicker Fork Church value is 100; OCR read it as 109.,codex,,,
add,Tippah,4,pinkins,1,,33,,Visual review of Tippah page 4 shows the Pinkins row was missed by OCR; added precinct value from the source image.,codex,,,
add,Tippah,4,pinkins,2,,50,,Visual review of Tippah page 4 shows the Pinkins row was missed by OCR; added precinct value from the source image.,codex,,,
add,Tippah,4,pinkins,3,,6,,Visual review of Tippah page 4 shows the Pinkins row was missed by OCR; added precinct value from the source image.,codex,,,
add,Tippah,4,pinkins,4,,214,,Visual review of Tippah page 4 shows the Pinkins row was missed by OCR; added precinct value from the source image.,codex,,,
add,Tippah,4,pinkins,5,,3,,Visual review of Tippah page 4 shows the Pinkins row was missed by OCR; added precinct value from the source image.,codex,,,
add,Tippah,4,pinkins,6,,242,,Visual review of Tippah page 4 shows the Pinkins row was missed by OCR; added precinct value from the source image.,codex,,,
add,Tippah,4,pinkins,7,,6,,Visual review of Tippah page 4 shows the Pinkins row was missed by OCR; added precinct value from the source image.,codex,,,
add,Tippah,4,pinkins,8,,16,,Visual review of Tippah page 4 shows the Pinkins row was missed by OCR; added precinct value from the source image.,codex,,,
add,Tippah,4,pinkins,9,,97,,Visual review of Tippah page 4 shows the Pinkins row was missed by OCR; added precinct value from the source image.,codex,,,
add,Tippah,4,pinkins,10,,65,,Visual review of Tippah page 4 shows the Pinkins row was missed by OCR; added precinct value from the source image.,codex,,,
update,Walthall,2,harris,3,13,23,,Visual review of Walthall page 2 shows harris column 3 should be 23; OCR dropped or shifted cells in this row.,codex,,,
update,Walthall,2,harris,4,110,13,,Visual review of Walthall page 2 shows harris column 4 should be 13; OCR dropped or shifted cells in this row.,codex,,,
update,Walthall,2,harris,5,450,110,,Visual review of Walthall page 2 shows harris column 5 should be 110; OCR dropped or shifted cells in this row.,codex,,,
update,Walthall,2,harris,6,6,450,,Visual review of Walthall page 2 shows harris column 6 should be 450; OCR dropped or shifted cells in this row.,codex,,,
update,Walthall,2,harris,7,24,6,,Visual review of Walthall page 2 shows harris column 7 should be 6; OCR dropped or shifted cells in this row.,codex,,,
update,Walthall,2,harris,8,167,24,,Visual review of Walthall page 2 shows harris column 8 should be 24; OCR dropped or shifted cells in this row.,codex,,,
update,Walthall,2,harris,9,90,167,,Visual review of Walthall page 2 shows harris column 9 should be 167; OCR dropped or shifted cells in this row.,codex,,,
add,Walthall,2,harris,10,,78,,Visual review of Walthall page 2 shows harris column 10 should be 78; OCR dropped or shifted cells in this row.,codex,,,
add,Walthall,2,harris,11,,90,,Visual review of Walthall page 2 shows harris column 11 should be 90; OCR dropped or shifted cells in this row.,codex,,,
update,Walthall,2,pinkins,8,16,25,,Visual review of Walthall page 2 shows pinkins column 8 should be 25; OCR dropped or shifted cells in this row.,codex,,,
update,Walthall,2,pinkins,9,79,168,,Visual review of Walthall page 2 shows pinkins column 9 should be 168; OCR dropped or shifted cells in this row.,codex,,,
update,Walthall,2,pinkins,10,87,79,,Visual review of Walthall page 2 shows pinkins column 10 should be 79; OCR dropped or shifted cells in this row.,codex,,,
add,Walthall,2,pinkins,11,,87,,Visual review of Walthall page 2 shows pinkins column 11 should be 87; OCR dropped or shifted cells in this row.,codex,,,
update,Walthall,3,pinkins,5,5,57,,Visual review of Walthall page 3 shows pinkins column 5 should be 57; OCR dropped or shifted cells in this row.,codex,,,
update,Walthall,3,pinkins,7,12,126,,Visual review of Walthall page 3 shows pinkins column 7 should be 126; OCR dropped or shifted cells in this row.,codex,,,
update,Walthall,2,trump,2,278,343,,Visual review of Walthall page 2 shows trump column 2 should be 343; OCR dropped or shifted cells in this row.,codex,,,
update,Walthall,2,trump,3,91,278,,Visual review of Walthall page 2 shows trump column 3 should be 278; OCR dropped or shifted cells in this row.,codex,,,
update,Walthall,2,trump,4,420,91,,Visual review of Walthall page 2 shows trump column 4 should be 91; OCR dropped or shifted cells in this row.,codex,,,
update,Walthall,2,trump,5,210,420,,Visual review of Walthall page 2 shows trump column 5 should be 420; OCR dropped or shifted cells in this row.,codex,,,
update,Walthall,2,trump,6,49,210,,Visual review of Walthall page 2 shows trump column 6 should be 210; OCR dropped or shifted cells in this row.,codex,,,
update,Walthall,2,trump,7,33,49,,Visual review of Walthall page 2 shows trump column 7 should be 49; OCR dropped or shifted cells in this row.,codex,,,
add,Walthall,2,trump,8,,176,,Visual review of Walthall page 2 shows trump column 8 should be 176; OCR dropped or shifted cells in this row.,codex,,,
add,Walthall,2,trump,9,,33,,Visual review of Walthall page 2 shows trump column 9 should be 33; OCR dropped or shifted cells in this row.,codex,,,
add,Walthall,2,trump,10,,321,,Visual review of Walthall page 2 shows trump column 10 should be 321; OCR dropped or shifted cells in this row.,codex,,,
add,Walthall,2,trump,11,,496,,Visual review of Walthall page 2 shows trump column 11 should be 496; OCR dropped or shifted cells in this row.,codex,,,
update,Walthall,3,trump,10,411,4114,,Visual review of Walthall page 3 shows trump column 10 should be 4114; OCR dropped or shifted cells in this row.,codex,,,
update,Walthall,2,wicker,6,50,220,,Visual review of Walthall page 2 shows wicker column 6 should be 220; OCR dropped or shifted cells in this row.,codex,,,
update,Walthall,2,wicker,7,1,50,,Visual review of Walthall page 2 shows wicker column 7 should be 50; OCR dropped or shifted cells in this row.,codex,,,
update,Walthall,2,wicker,8,34,176,,Visual review of Walthall page 2 shows wicker column 8 should be 176; OCR dropped or shifted cells in this row.,codex,,,
update,Walthall,2,wicker,9,314,34,,Visual review of Walthall page 2 shows wicker column 9 should be 34; OCR dropped or shifted cells in this row.,codex,,,
update,Walthall,2,wicker,10,498,314,,Visual review of Walthall page 2 shows wicker column 10 should be 314; OCR dropped or shifted cells in this row.,codex,,,
add,Walthall,2,wicker,11,,498,,Visual review of Walthall page 2 shows wicker column 11 should be 498; OCR dropped or shifted cells in this row.,codex,,,
update,Walthall,3,wicker,2,190,193,,Visual review of Walthall page 3 shows wicker column 2 should be 193; OCR dropped or shifted cells in this row.,codex,,,
update,Walthall,3,wicker,3,94,190,,Visual review of Walthall page 3 shows wicker column 3 should be 190; OCR dropped or shifted cells in this row.,codex,,,
update,Walthall,3,wicker,4,135,94,,Visual review of Walthall page 3 shows wicker column 4 should be 94; OCR dropped or shifted cells in this row.,codex,,,
update,Walthall,3,wicker,5,72,134,,Visual review of Walthall page 3 shows wicker column 5 should be 134; OCR dropped or shifted cells in this row.,codex,,,
update,Walthall,3,wicker,6,391,135,,Visual review of Walthall page 3 shows wicker column 6 should be 135; OCR dropped or shifted cells in this row.,codex,,,
update,Walthall,3,wicker,7,184,72,,Visual review of Walthall page 3 shows wicker column 7 should be 72; OCR dropped or shifted cells in this row.,codex,,,
update,Walthall,3,wicker,8,4158,391,,Visual review of Walthall page 3 shows wicker column 8 should be 391; OCR dropped or shifted cells in this row.,codex,,,
add,Walthall,3,wicker,9,,184,,Visual review of Walthall page 3 shows wicker column 9 should be 184; OCR dropped or shifted cells in this row.,codex,,,
update,Bolivar,6,pinkins,9,59,588,,Visual review of Bolivar page 6 shows pinkins column 9 should be 588; OCR dropped or shifted cells in this row.,codex,,,
add,Bolivar,6,pinkins,11,,442,,Visual review of Bolivar page 6 shows pinkins column 11 should be 442; OCR dropped or shifted cells in this row.,codex,,,
update,Bolivar,8,pinkins,4,146,2,,Visual review of Bolivar page 8 shows pinkins column 4 should be 2; OCR dropped or shifted cells in this row.,codex,,,
update,Bolivar,8,pinkins,5,145,146,,Visual review of Bolivar page 8 shows pinkins column 5 should be 146; OCR dropped or shifted cells in this row.,codex,,,
update,Bolivar,8,pinkins,6,147,145,,Visual review of Bolivar page 8 shows pinkins column 6 should be 145; OCR dropped or shifted cells in this row.,codex,,,
update,Bolivar,8,pinkins,7,142,147,,Visual review of Bolivar page 8 shows pinkins column 7 should be 147; OCR dropped or shifted cells in this row.,codex,,,
update,Bolivar,8,pinkins,8,6200,142,,Visual review of Bolivar page 8 shows pinkins column 8 should be 142; OCR dropped or shifted cells in this row.,codex,,,
update,Bolivar,7,trump,5,95,80,,Visual review of Bolivar page 7 shows trump column 5 should be 80; OCR dropped or shifted cells in this row.,codex,,,
update,Bolivar,7,trump,6,677,95,,Visual review of Bolivar page 7 shows trump column 6 should be 95; OCR dropped or shifted cells in this row.,codex,,,
update,Bolivar,7,trump,7,40,677,,Visual review of Bolivar page 7 shows trump column 7 should be 677; OCR dropped or shifted cells in this row.,codex,,,
update,Bolivar,7,trump,8,7,40,,Visual review of Bolivar page 7 shows trump column 8 should be 40; OCR dropped or shifted cells in this row.,codex,,,
update,Bolivar,7,trump,9,107,7,,Visual review of Bolivar page 7 shows trump column 9 should be 7; OCR dropped or shifted cells in this row.,codex,,,
add,Bolivar,7,trump,10,,70,,Visual review of Bolivar page 7 shows trump column 10 should be 70; OCR dropped or shifted cells in this row.,codex,,,
add,Bolivar,7,trump,11,,107,,Visual review of Bolivar page 7 shows trump column 11 should be 107; OCR dropped or shifted cells in this row.,codex,,,
update,Bolivar,6,wicker,1,8,77,,Visual review of Bolivar page 6 shows wicker column 1 should be 77; OCR dropped or shifted cells in this row.,codex,,,
add,Bolivar,6,wicker,2,,30,,Visual review of Bolivar page 6 shows wicker column 2 should be 30; OCR dropped or shifted cells in this row.,codex,,,
add,Bolivar,6,wicker,3,,490,,Visual review of Bolivar page 6 shows wicker column 3 should be 490; OCR dropped or shifted cells in this row.,codex,,,
add,Bolivar,6,wicker,4,,27,,Visual review of Bolivar page 6 shows wicker column 4 should be 27; OCR dropped or shifted cells in this row.,codex,,,
add,Bolivar,6,wicker,5,,122,,Visual review of Bolivar page 6 shows wicker column 5 should be 122; OCR dropped or shifted cells in this row.,codex,,,
add,Bolivar,6,wicker,6,,31,,Visual review of Bolivar page 6 shows wicker column 6 should be 31; OCR dropped or shifted cells in this row.,codex,,,
add,Bolivar,6,wicker,7,,62,,Visual review of Bolivar page 6 shows wicker column 7 should be 62; OCR dropped or shifted cells in this row.,codex,,,
add,Bolivar,6,wicker,8,,13,,Visual review of Bolivar page 6 shows wicker column 8 should be 13; OCR dropped or shifted cells in this row.,codex,,,
add,Bolivar,6,wicker,9,,40,,Visual review of Bolivar page 6 shows wicker column 9 should be 40; OCR dropped or shifted cells in this row.,codex,,,
add,Bolivar,6,wicker,10,,40,,Visual review of Bolivar page 6 shows wicker column 10 should be 40; OCR dropped or shifted cells in this row.,codex,,,
add,Bolivar,6,wicker,11,,46,,Visual review of Bolivar page 6 shows wicker column 11 should be 46; OCR dropped or shifted cells in this row.,codex,,,
update,Bolivar,7,wicker,3,129,125,,Visual review of Bolivar page 7 shows wicker column 3 should be 125; OCR dropped or shifted cells in this row.,codex,,,
update,Bolivar,8,wicker,4,3,28,,Visual review of Bolivar page 8 shows wicker column 4 should be 28; OCR dropped or shifted cells in this row.,codex,,,
update,Bolivar,7,pinkins,3,121,131,,Visual review of Bolivar page 7 shows Pinkins column 3 is 131; OCR read it as 121.,codex,,,
add,Pontotoc,2,wicker,1,,544,,Visual review of Pontotoc page 2 shows the Wicker row was missed by OCR; added precinct value from the source image.,codex,,,
add,Pontotoc,2,wicker,2,,396,,Visual review of Pontotoc page 2 shows the Wicker row was missed by OCR; added precinct value from the source image.,codex,,,
add,Pontotoc,2,wicker,3,,410,,Visual review of Pontotoc page 2 shows the Wicker row was missed by OCR; added precinct value from the source image.,codex,,,
add,Pontotoc,2,wicker,4,,539,,Visual review of Pontotoc page 2 shows the Wicker row was missed by OCR; added precinct value from the source image.,codex,,,
add,Pontotoc,2,wicker,5,,444,,Visual review of Pontotoc page 2 shows the Wicker row was missed by OCR; added precinct value from the source image.,codex,,,
add,Pontotoc,2,wicker,6,,574,,Visual review of Pontotoc page 2 shows the Wicker row was missed by OCR; added precinct value from the source image.,codex,,,
add,Pontotoc,2,wicker,7,,646,,Visual review of Pontotoc page 2 shows the Wicker row was missed by OCR; added precinct value from the source image.,codex,,,
add,Pontotoc,2,wicker,8,,174,,Visual review of Pontotoc page 2 shows the Wicker row was missed by OCR; added precinct value from the source image.,codex,,,
add,Pontotoc,2,wicker,9,,410,,Visual review of Pontotoc page 2 shows the Wicker row was missed by OCR; added precinct value from the source image.,codex,,,
add,Pontotoc,2,wicker,10,,421,,Visual review of Pontotoc page 2 shows the Wicker row was missed by OCR; added precinct value from the source image.,codex,,,
add,Pontotoc,2,wicker,11,,264,,Visual review of Pontotoc page 2 shows the Wicker row was missed by OCR; added precinct value from the source image.,codex,,,
add,Pontotoc,3,wicker,1,,167,,Visual review of Pontotoc page 3 shows the Wicker row was missed by OCR; added precinct value from the source image.,codex,,,
add,Pontotoc,3,wicker,2,,286,,Visual review of Pontotoc page 3 shows the Wicker row was missed by OCR; added precinct value from the source image.,codex,,,
add,Pontotoc,3,wicker,3,,286,,Visual review of Pontotoc page 3 shows the Wicker row was missed by OCR; added precinct value from the source image.,codex,,,
add,Pontotoc,3,wicker,4,,367,,Visual review of Pontotoc page 3 shows the Wicker row was missed by OCR; added precinct value from the source image.,codex,,,
add,Pontotoc,3,wicker,5,,649,,Visual review of Pontotoc page 3 shows the Wicker row was missed by OCR; added precinct value from the source image.,codex,,,
add,Pontotoc,3,wicker,6,,388,,Visual review of Pontotoc page 3 shows the Wicker row was missed by OCR; added precinct value from the source image.,codex,,,
add,Pontotoc,3,wicker,7,,820,,Visual review of Pontotoc page 3 shows the Wicker row was missed by OCR; added precinct value from the source image.,codex,,,
add,Pontotoc,3,wicker,8,,709,,Visual review of Pontotoc page 3 shows the Wicker row was missed by OCR; added precinct value from the source image.,codex,,,
add,Pontotoc,3,wicker,9,,53,,Visual review of Pontotoc page 3 shows the Wicker row was missed by OCR; added precinct value from the source image.,codex,,,
add,Pontotoc,3,wicker,10,,280,,Visual review of Pontotoc page 3 shows the Wicker row was missed by OCR; added precinct value from the source image.,codex,,,
add,Pontotoc,3,wicker,11,,647,,Visual review of Pontotoc page 3 shows the Wicker row was missed by OCR; added precinct value from the source image.,codex,,,
add,Pontotoc,4,wicker,1,,528,,Visual review of Pontotoc page 4 shows the Wicker row was missed by OCR; added precinct value from the source image.,codex,,,
add,Pontotoc,4,wicker,2,,196,,Visual review of Pontotoc page 4 shows the Wicker row was missed by OCR; added precinct value from the source image.,codex,,,
add,Pontotoc,4,wicker,3,,505,,Visual review of Pontotoc page 4 shows the Wicker row was missed by OCR; added precinct value from the source image.,codex,,,
add,Pontotoc,4,wicker,4,,357,,Visual review of Pontotoc page 4 shows the Wicker row was missed by OCR; added precinct value from the source image.,codex,,,
add,Pontotoc,4,wicker,5,,148,,Visual review of Pontotoc page 4 shows the Wicker row was missed by OCR; added precinct value from the source image.,codex,,,
add,Pontotoc,4,wicker,6,,348,,Visual review of Pontotoc page 4 shows the Wicker row was missed by OCR; added precinct value from the source image.,codex,,,
add,Stone,2,wicker,1,,115,,Visual review of Stone page 2 shows the Wicker row was missed by OCR; added precinct value from the source image.,codex,,,
add,Stone,2,wicker,2,,262,,Visual review of Stone page 2 shows the Wicker row was missed by OCR; added precinct value from the source image.,codex,,,
add,Stone,2,wicker,3,,424,,Visual review of Stone page 2 shows the Wicker row was missed by OCR; added precinct value from the source image.,codex,,,
add,Stone,2,wicker,4,,379,,Visual review of Stone page 2 shows the Wicker row was missed by OCR; added precinct value from the source image.,codex,,,
add,Stone,2,wicker,5,,322,,Visual review of Stone page 2 shows the Wicker row was missed by OCR; added precinct value from the source image.,codex,,,
add,Stone,2,wicker,6,,250,,Visual review of Stone page 2 shows the Wicker row was missed by OCR; added precinct value from the source image.,codex,,,
add,Stone,2,wicker,7,,248,,Visual review of Stone page 2 shows the Wicker row was missed by OCR; added precinct value from the source image.,codex,,,
add,Stone,2,wicker,8,,371,,Visual review of Stone page 2 shows the Wicker row was missed by OCR; added precinct value from the source image.,codex,,,
add,Stone,2,wicker,9,,373,,Visual review of Stone page 2 shows the Wicker row was missed by OCR; added precinct value from the source image.,codex,,,
add,Stone,2,wicker,10,,378,,Visual review of Stone page 2 shows the Wicker row was missed by OCR; added precinct value from the source image.,codex,,,
add,Stone,2,wicker,11,,1036,,Visual review of Stone page 2 shows the Wicker row was missed by OCR; added precinct value from the source image.,codex,,,
add,Stone,3,wicker,1,,603,,Visual review of Stone page 3 shows the Wicker row was missed by OCR; added precinct value from the source image.,codex,,,
add,Stone,3,wicker,2,,739,,Visual review of Stone page 3 shows the Wicker row was missed by OCR; added precinct value from the source image.,codex,,,
add,Stone,3,wicker,3,,555,,Visual review of Stone page 3 shows the Wicker row was missed by OCR; added precinct value from the source image.,codex,,,
add,Stone,3,wicker,4,,227,,Visual review of Stone page 3 shows the Wicker row was missed by OCR; added precinct value from the source image.,codex,,,
add,Warren,2,wicker,1,,275,,Visual review of Warren page 2 shows the Wicker row was missed by OCR; added precinct value from the source image.,codex,,,
add,Warren,2,wicker,2,,926,,Visual review of Warren page 2 shows the Wicker row was missed by OCR; added precinct value from the source image.,codex,,,
add,Warren,2,wicker,3,,1315,,Visual review of Warren page 2 shows the Wicker row was missed by OCR; added precinct value from the source image.,codex,,,
add,Warren,2,wicker,4,,589,,Visual review of Warren page 2 shows the Wicker row was missed by OCR; added precinct value from the source image.,codex,,,
add,Warren,2,wicker,5,,437,,Visual review of Warren page 2 shows the Wicker row was missed by OCR; added precinct value from the source image.,codex,,,
add,Warren,2,wicker,6,,61,,Visual review of Warren page 2 shows the Wicker row was missed by OCR; added precinct value from the source image.,codex,,,
add,Warren,2,wicker,7,,67,,Visual review of Warren page 2 shows the Wicker row was missed by OCR; added precinct value from the source image.,codex,,,
add,Warren,2,wicker,8,,71,,Visual review of Warren page 2 shows the Wicker row was missed by OCR; added precinct value from the source image.,codex,,,
add,Warren,2,wicker,9,,121,,Visual review of Warren page 2 shows the Wicker row was missed by OCR; added precinct value from the source image.,codex,,,
add,Warren,2,wicker,10,,217,,Visual review of Warren page 2 shows the Wicker row was missed by OCR; added precinct value from the source image.,codex,,,
add,Warren,2,wicker,11,,95,,Visual review of Warren page 2 shows the Wicker row was missed by OCR; added precinct value from the source image.,codex,,,
add,Warren,3,wicker,1,,448,,Visual review of Warren page 3 shows the Wicker row was missed by OCR; added precinct value from the source image.,codex,,,
add,Warren,3,wicker,2,,157,,Visual review of Warren page 3 shows the Wicker row was missed by OCR; added precinct value from the source image.,codex,,,
add,Warren,3,wicker,3,,249,,Visual review of Warren page 3 shows the Wicker row was missed by OCR; added precinct value from the source image.,codex,,,
add,Warren,3,wicker,4,,280,,Visual review of Warren page 3 shows the Wicker row was missed by OCR; added precinct value from the source image.,codex,,,
add,Warren,3,wicker,5,,368,,Visual review of Warren page 3 shows the Wicker row was missed by OCR; added precinct value from the source image.,codex,,,
add,Warren,3,wicker,6,,516,,Visual review of Warren page 3 shows the Wicker row was missed by OCR; added precinct value from the source image.,codex,,,
add,Warren,3,wicker,7,,307,,Visual review of Warren page 3 shows the Wicker row was missed by OCR; added precinct value from the source image.,codex,,,
add,Warren,3,wicker,8,,555,,Visual review of Warren page 3 shows the Wicker row was missed by OCR; added precinct value from the source image.,codex,,,
add,Warren,3,wicker,9,,640,,Visual review of Warren page 3 shows the Wicker row was missed by OCR; added precinct value from the source image.,codex,,,
add,Warren,3,wicker,10,,704,,Visual review of Warren page 3 shows the Wicker row was missed by OCR; added precinct value from the source image.,codex,,,
add,Warren,3,wicker,11,,755,,Visual review of Warren page 3 shows the Wicker row was missed by OCR; added precinct value from the source image.,codex,,,
add,Warren,4,wicker,1,,617,,Visual review of Warren page 4 shows the Wicker row was missed by OCR; added precinct value from the source image.,codex,,,
add,Lafayette,2,wicker,1,,432,,Visual review of Lafayette page 2 shows the Wicker row was missed by OCR; added precinct value from the source image.,codex,,,
add,Lafayette,2,wicker,2,,518,,Visual review of Lafayette page 2 shows the Wicker row was missed by OCR; added precinct value from the source image.,codex,,,
add,Lafayette,2,wicker,3,,505,,Visual review of Lafayette page 2 shows the Wicker row was missed by OCR; added precinct value from the source image.,codex,,,
add,Lafayette,2,wicker,4,,372,,Visual review of Lafayette page 2 shows the Wicker row was missed by OCR; added precinct value from the source image.,codex,,,
add,Lafayette,2,wicker,5,,1189,,Visual review of Lafayette page 2 shows the Wicker row was missed by OCR; added precinct value from the source image.,codex,,,
add,Lafayette,2,wicker,6,,512,,Visual review of Lafayette page 2 shows the Wicker row was missed by OCR; added precinct value from the source image.,codex,,,
add,Lafayette,2,wicker,7,,384,,Visual review of Lafayette page 2 shows the Wicker row was missed by OCR; added precinct value from the source image.,codex,,,
add,Lafayette,2,wicker,8,,2080,,Visual review of Lafayette page 2 shows the Wicker row was missed by OCR; added precinct value from the source image.,codex,,,
add,Lafayette,2,wicker,9,,3115,,Visual review of Lafayette page 2 shows the Wicker row was missed by OCR; added precinct value from the source image.,codex,,,
add,Lafayette,2,wicker,10,,1057,,Visual review of Lafayette page 2 shows the Wicker row was missed by OCR; added precinct value from the source image.,codex,,,
add,Lafayette,2,wicker,11,,1672,,Visual review of Lafayette page 2 shows the Wicker row was missed by OCR; added precinct value from the source image.,codex,,,
add,Lafayette,3,wicker,1,,1147,,Visual review of Lafayette page 3 shows the Wicker row was missed by OCR; added precinct value from the source image.,codex,,,
add,Lafayette,3,wicker,2,,263,,Visual review of Lafayette page 3 shows the Wicker row was missed by OCR; added precinct value from the source image.,codex,,,
add,Lafayette,3,wicker,3,,166,,Visual review of Lafayette page 3 shows the Wicker row was missed by OCR; added precinct value from the source image.,codex,,,
add,Lafayette,3,wicker,4,,246,,Visual review of Lafayette page 3 shows the Wicker row was missed by OCR; added precinct value from the source image.,codex,,,
add,Lafayette,3,wicker,5,,300,,Visual review of Lafayette page 3 shows the Wicker row was missed by OCR; added precinct value from the source image.,codex,,,
add,Lafayette,3,wicker,6,,245,,Visual review of Lafayette page 3 shows the Wicker row was missed by OCR; added precinct value from the source image.,codex,,,
add,Lafayette,3,wicker,7,,558,,Visual review of Lafayette page 3 shows the Wicker row was missed by OCR; added precinct value from the source image.,codex,,,
add,Lafayette,3,pinkins,1,,808,,Visual review of Lafayette page 3 shows the Pinkins row was missed by OCR; added precinct value from the source image.,codex,,,
add,Lafayette,3,pinkins,2,,17,,Visual review of Lafayette page 3 shows the Pinkins row was missed by OCR; added precinct value from the source image.,codex,,,
add,Lafayette,3,pinkins,3,,75,,Visual review of Lafayette page 3 shows the Pinkins row was missed by OCR; added precinct value from the source image.,codex,,,
add,Lafayette,3,pinkins,4,,357,,Visual review of Lafayette page 3 shows the Pinkins row was missed by OCR; added precinct value from the source image.,codex,,,
add,Lafayette,3,pinkins,5,,48,,Visual review of Lafayette page 3 shows the Pinkins row was missed by OCR; added precinct value from the source image.,codex,,,
add,Lafayette,3,pinkins,6,,91,,Visual review of Lafayette page 3 shows the Pinkins row was missed by OCR; added precinct value from the source image.,codex,,,
add,Lafayette,3,pinkins,7,,115,,Visual review of Lafayette page 3 shows the Pinkins row was missed by OCR; added precinct value from the source image.,codex,,,
add,Issaquena,2,harris,1,,13,,Visual review of Issaquena page 2 shows the Harris precinct value; added missing OCR cell from the source image.,codex,,,
add,Issaquena,2,harris,2,,53,,Visual review of Issaquena page 2 shows the Harris precinct value; added missing OCR cell from the source image.,codex,,,
add,Issaquena,2,harris,3,,105,,Visual review of Issaquena page 2 shows the Harris precinct value; added missing OCR cell from the source image.,codex,,,
add,Issaquena,2,harris,4,,75,,Visual review of Issaquena page 2 shows the Harris precinct value; added missing OCR cell from the source image.,codex,,,
add,Issaquena,2,harris,5,,41,,Visual review of Issaquena page 2 shows the Harris precinct value; added missing OCR cell from the source image.,codex,,,
add,Issaquena,2,wicker,1,,60,,Visual review of Issaquena page 2 shows the Wicker precinct value; added missing OCR cell from the source image.,codex,,,
add,Issaquena,2,wicker,2,,84,,Visual review of Issaquena page 2 shows the Wicker precinct value; added missing OCR cell from the source image.,codex,,,
add,Issaquena,2,wicker,3,,10,,Visual review of Issaquena page 2 shows the Wicker precinct value; added missing OCR cell from the source image.,codex,,,
add,Issaquena,2,wicker,4,,86,,Visual review of Issaquena page 2 shows the Wicker precinct value; added missing OCR cell from the source image.,codex,,,
add,Issaquena,2,wicker,5,,64,,Visual review of Issaquena page 2 shows the Wicker precinct value; added missing OCR cell from the source image.,codex,,,
add,Issaquena,2,trump,2,,61,,Visual review of Issaquena page 2 shows the Trump precinct value; added missing OCR cell from the source image.,codex,,,
add,Issaquena,2,trump,3,,12,,Visual review of Issaquena page 2 shows the Trump precinct value; added missing OCR cell from the source image.,codex,,,
add,Issaquena,2,trump,4,,58,,Visual review of Issaquena page 2 shows the Trump precinct value; added missing OCR cell from the source image.,codex,,,
add,Issaquena,2,trump,5,,82,,Visual review of Issaquena page 2 shows the Trump precinct value; added missing OCR cell from the source image.,codex,,,
add,Issaquena,2,pinkins,2,,44,,Visual review of Issaquena page 2 shows the Pinkins precinct value; added missing OCR cell from the source image.,codex,,,
add,Issaquena,2,pinkins,3,,111,,Visual review of Issaquena page 2 shows the Pinkins precinct value; added missing OCR cell from the source image.,codex,,,
add,Issaquena,2,pinkins,4,,49,,Visual review of Issaquena page 2 shows the Pinkins precinct value; added missing OCR cell from the source image.,codex,,,
add,Issaquena,2,pinkins,5,,13,,Visual review of Issaquena page 2 shows the Pinkins precinct value; added missing OCR cell from the source image.,codex,,,
add,Claiborne,2,harris,1,,447,,Visual review of Claiborne page 2 shows the Harris precinct value; added missing OCR cell from the source image.,codex,,,
add,Claiborne,2,harris,2,,187,,Visual review of Claiborne page 2 shows the Harris precinct value; added missing OCR cell from the source image.,codex,,,
add,Claiborne,2,harris,3,,330,,Visual review of Claiborne page 2 shows the Harris precinct value; added missing OCR cell from the source image.,codex,,,
add,Claiborne,2,harris,4,,179,,Visual review of Claiborne page 2 shows the Harris precinct value; added missing OCR cell from the source image.,codex,,,
add,Claiborne,2,harris,5,,390,,Visual review of Claiborne page 2 shows the Harris precinct value; added missing OCR cell from the source image.,codex,,,
add,Claiborne,2,harris,6,,16,,Visual review of Claiborne page 2 shows the Harris precinct value; added missing OCR cell from the source image.,codex,,,
add,Claiborne,2,harris,7,,135,,Visual review of Claiborne page 2 shows the Harris precinct value; added missing OCR cell from the source image.,codex,,,
add,Claiborne,2,harris,8,,274,,Visual review of Claiborne page 2 shows the Harris precinct value; added missing OCR cell from the source image.,codex,,,
add,Claiborne,2,harris,9,,290,,Visual review of Claiborne page 2 shows the Harris precinct value; added missing OCR cell from the source image.,codex,,,
add,Claiborne,2,harris,10,,21,,Visual review of Claiborne page 2 shows the Harris precinct value; added missing OCR cell from the source image.,codex,,,
add,Claiborne,2,harris,11,,344,,Visual review of Claiborne page 2 shows the Harris precinct value; added missing OCR cell from the source image.,codex,,,
add,Claiborne,3,harris,1,,337,,Visual review of Claiborne page 3 shows the Harris precinct value; added missing OCR cell from the source image.,codex,,,
update,Claiborne,2,trump,1,0,64,,Visual review of Claiborne page 2 shows the Trump cell should be 64; OCR captured 0.,codex,,,
add,Claiborne,2,trump,2,,5,,Visual review of Claiborne page 2 shows the Trump precinct value; added missing OCR cell from the source image.,codex,,,
add,Claiborne,2,trump,3,,50,,Visual review of Claiborne page 2 shows the Trump precinct value; added missing OCR cell from the source image.,codex,,,
add,Claiborne,2,trump,4,,50,,Visual review of Claiborne page 2 shows the Trump precinct value; added missing OCR cell from the source image.,codex,,,
add,Claiborne,2,trump,5,,73,,Visual review of Claiborne page 2 shows the Trump precinct value; added missing OCR cell from the source image.,codex,,,
add,Claiborne,2,trump,6,,20,,Visual review of Claiborne page 2 shows the Trump precinct value; added missing OCR cell from the source image.,codex,,,
add,Claiborne,2,trump,7,,90,,Visual review of Claiborne page 2 shows the Trump precinct value; added missing OCR cell from the source image.,codex,,,
add,Claiborne,2,trump,8,,21,,Visual review of Claiborne page 2 shows the Trump precinct value; added missing OCR cell from the source image.,codex,,,
add,Claiborne,2,trump,9,,37,,Visual review of Claiborne page 2 shows the Trump precinct value; added missing OCR cell from the source image.,codex,,,
add,Claiborne,2,trump,10,,59,,Visual review of Claiborne page 2 shows the Trump precinct value; added missing OCR cell from the source image.,codex,,,
add,Claiborne,2,trump,11,,52,,Visual review of Claiborne page 2 shows the Trump precinct value; added missing OCR cell from the source image.,codex,,,
update,Claiborne,3,trump,1,559,37,,Visual review of Claiborne page 3 shows the Trump cell should be 37; OCR captured 559.,codex,,,
add,Claiborne,2,pinkins,1,,430,,Visual review of Claiborne page 2 shows the Pinkins precinct value; added missing OCR cell from the source image.,codex,,,
add,Claiborne,2,pinkins,2,,184,,Visual review of Claiborne page 2 shows the Pinkins precinct value; added missing OCR cell from the source image.,codex,,,
add,Claiborne,2,pinkins,3,,323,,Visual review of Claiborne page 2 shows the Pinkins precinct value; added missing OCR cell from the source image.,codex,,,
add,Claiborne,2,pinkins,4,,166,,Visual review of Claiborne page 2 shows the Pinkins precinct value; added missing OCR cell from the source image.,codex,,,
add,Claiborne,2,pinkins,5,,371,,Visual review of Claiborne page 2 shows the Pinkins precinct value; added missing OCR cell from the source image.,codex,,,
add,Claiborne,2,pinkins,6,,14,,Visual review of Claiborne page 2 shows the Pinkins precinct value; added missing OCR cell from the source image.,codex,,,
add,Claiborne,2,pinkins,7,,130,,Visual review of Claiborne page 2 shows the Pinkins precinct value; added missing OCR cell from the source image.,codex,,,
add,Claiborne,2,pinkins,8,,273,,Visual review of Claiborne page 2 shows the Pinkins precinct value; added missing OCR cell from the source image.,codex,,,
add,Claiborne,2,pinkins,9,,273,,Visual review of Claiborne page 2 shows the Pinkins precinct value; added missing OCR cell from the source image.,codex,,,
add,Claiborne,2,pinkins,10,,22,,Visual review of Claiborne page 2 shows the Pinkins precinct value; added missing OCR cell from the source image.,codex,,,
add,Claiborne,2,pinkins,11,,329,,Visual review of Claiborne page 2 shows the Pinkins precinct value; added missing OCR cell from the source image.,codex,,,
add,Claiborne,3,pinkins,1,,328,,Visual review of Claiborne page 3 shows the Pinkins precinct value; added missing OCR cell from the source image.,codex,,,
add,Claiborne,2,wicker,1,,90,,Visual review of Claiborne page 2 shows the Wicker precinct value; added missing OCR cell from the source image.,codex,,,
add,Claiborne,2,wicker,2,,9,,Visual review of Claiborne page 2 shows the Wicker precinct value; added missing OCR cell from the source image.,codex,,,
add,Claiborne,2,wicker,3,,64,,Visual review of Claiborne page 2 shows the Wicker precinct value; added missing OCR cell from the source image.,codex,,,
add,Claiborne,2,wicker,4,,61,,Visual review of Claiborne page 2 shows the Wicker precinct value; added missing OCR cell from the source image.,codex,,,
add,Claiborne,2,wicker,5,,93,,Visual review of Claiborne page 2 shows the Wicker precinct value; added missing OCR cell from the source image.,codex,,,
add,Claiborne,2,wicker,6,,20,,Visual review of Claiborne page 2 shows the Wicker precinct value; added missing OCR cell from the source image.,codex,,,
add,Claiborne,2,wicker,7,,95,,Visual review of Claiborne page 2 shows the Wicker precinct value; added missing OCR cell from the source image.,codex,,,
add,Claiborne,2,wicker,8,,31,,Visual review of Claiborne page 2 shows the Wicker precinct value; added missing OCR cell from the source image.,codex,,,
add,Claiborne,2,wicker,9,,65,,Visual review of Claiborne page 2 shows the Wicker precinct value; added missing OCR cell from the source image.,codex,,,
add,Claiborne,2,wicker,10,,61,,Visual review of Claiborne page 2 shows the Wicker precinct value; added missing OCR cell from the source image.,codex,,,
add,Claiborne,2,wicker,11,,69,,Visual review of Claiborne page 2 shows the Wicker precinct value; added missing OCR cell from the source image.,codex,,,
update,Sharkey,2,harris,1,12,127,,Visual review of Sharkey page 2 shows the Harris cell should be 127; OCR captured 12.,codex,,,
update,Sharkey,2,harris,2,16,161,,Visual review of Sharkey page 2 shows the Harris cell should be 161; OCR captured 16.,codex,,,
update,Sharkey,2,harris,3,119,189,,Visual review of Sharkey page 2 shows the Harris cell should be 189; OCR captured 119.,codex,,,
update,Sharkey,2,harris,4,229,119,,Visual review of Sharkey page 2 shows the Harris cell should be 119; OCR captured 229.,codex,,,
update,Sharkey,2,harris,5,249,226,,Visual review of Sharkey page 2 shows the Harris cell should be 226; OCR captured 249.,codex,,,
update,Sharkey,2,harris,6,4,73,,Visual review of Sharkey page 2 shows the Harris cell should be 73; OCR captured 4.,codex,,,
update,Sharkey,2,harris,7,2,34,,Visual review of Sharkey page 2 shows the Harris cell should be 34; OCR captured 2.,codex,,,
update,Sharkey,2,harris,8,1201,246,,Visual review of Sharkey page 2 shows the Harris cell should be 246; OCR captured 1201.,codex,,,
add,Sharkey,2,harris,9,,2,,Visual review of Sharkey page 2 shows the Harris precinct value; added missing OCR cell from the source image.,codex,,,
add,Sharkey,2,harris,10,,24,,Visual review of Sharkey page 2 shows the Harris precinct value; added missing OCR cell from the source image.,codex,,,
update,Sharkey,2,trump,1,34,31,,Visual review of Sharkey page 2 shows the Trump cell should be 31; OCR captured 34.,codex,,,
update,Sharkey,2,trump,4,170,84,,Visual review of Sharkey page 2 shows the Trump cell should be 84; OCR captured 170.,codex,,,
update,Sharkey,2,trump,5,2,170,,Visual review of Sharkey page 2 shows the Trump cell should be 170; OCR captured 2.,codex,,,
update,Sharkey,2,trump,6,0,2,,Visual review of Sharkey page 2 shows the Trump cell should be 2; OCR captured 0.,codex,,,
update,Sharkey,2,trump,7,24,0,,Visual review of Sharkey page 2 shows the Trump cell should be 0; OCR captured 24.,codex,,,
update,Sharkey,2,trump,8,22,24,,Visual review of Sharkey page 2 shows the Trump cell should be 24; OCR captured 22.,codex,,,
update,Sharkey,2,trump,9,46,22,,Visual review of Sharkey page 2 shows the Trump cell should be 22; OCR captured 46.,codex,,,
update,Sharkey,2,trump,10,551,46,,Visual review of Sharkey page 2 shows the Trump cell should be 46; OCR captured 551.,codex,,,
add,Sharkey,2,pinkins,1,,128,,Visual review of Sharkey page 2 shows the Pinkins precinct value; added missing OCR cell from the source image.,codex,,,
add,Sharkey,2,pinkins,2,,166,,Visual review of Sharkey page 2 shows the Pinkins precinct value; added missing OCR cell from the source image.,codex,,,
add,Sharkey,2,pinkins,3,,194,,Visual review of Sharkey page 2 shows the Pinkins precinct value; added missing OCR cell from the source image.,codex,,,
add,Sharkey,2,pinkins,4,,117,,Visual review of Sharkey page 2 shows the Pinkins precinct value; added missing OCR cell from the source image.,codex,,,
add,Sharkey,2,pinkins,5,,229,,Visual review of Sharkey page 2 shows the Pinkins precinct value; added missing OCR cell from the source image.,codex,,,
add,Sharkey,2,pinkins,6,,76,,Visual review of Sharkey page 2 shows the Pinkins precinct value; added missing OCR cell from the source image.,codex,,,
add,Sharkey,2,pinkins,7,,33,,Visual review of Sharkey page 2 shows the Pinkins precinct value; added missing OCR cell from the source image.,codex,,,
add,Sharkey,2,pinkins,8,,255,,Visual review of Sharkey page 2 shows the Pinkins precinct value; added missing OCR cell from the source image.,codex,,,
add,Sharkey,2,pinkins,9,,3,,Visual review of Sharkey page 2 shows the Pinkins precinct value; added missing OCR cell from the source image.,codex,,,
add,Sharkey,2,pinkins,10,,28,,Visual review of Sharkey page 2 shows the Pinkins precinct value; added missing OCR cell from the source image.,codex,,,
add,Sharkey,2,wicker,1,,33,,Visual review of Sharkey page 2 shows the Wicker precinct value; added missing OCR cell from the source image.,codex,,,
add,Sharkey,2,wicker,2,,104,,Visual review of Sharkey page 2 shows the Wicker precinct value; added missing OCR cell from the source image.,codex,,,
add,Sharkey,2,wicker,3,,70,,Visual review of Sharkey page 2 shows the Wicker precinct value; added missing OCR cell from the source image.,codex,,,
add,Sharkey,2,wicker,4,,88,,Visual review of Sharkey page 2 shows the Wicker precinct value; added missing OCR cell from the source image.,codex,,,
add,Sharkey,2,wicker,5,,167,,Visual review of Sharkey page 2 shows the Wicker precinct value; added missing OCR cell from the source image.,codex,,,
add,Sharkey,2,wicker,6,,1,,Visual review of Sharkey page 2 shows the Wicker precinct value; added missing OCR cell from the source image.,codex,,,
add,Sharkey,2,wicker,7,,2,,Visual review of Sharkey page 2 shows the Wicker precinct value; added missing OCR cell from the source image.,codex,,,
add,Sharkey,2,wicker,8,,27,,Visual review of Sharkey page 2 shows the Wicker precinct value; added missing OCR cell from the source image.,codex,,,
add,Sharkey,2,wicker,9,,21,,Visual review of Sharkey page 2 shows the Wicker precinct value; added missing OCR cell from the source image.,codex,,,
add,Sharkey,2,wicker,10,,43,,Visual review of Sharkey page 2 shows the Wicker precinct value; added missing OCR cell from the source image.,codex,,,
update,Humphreys,3,harris,1,519,515,,Visual review of Humphreys page 3 shows the Harris cell should be 515; OCR captured 519.,codex,,,
update,Humphreys,3,harris,2,99,495,,Visual review of Humphreys page 3 shows the Harris cell should be 495; OCR captured 99.,codex,,,
update,Humphreys,3,harris,3,16,168,,Visual review of Humphreys page 3 shows the Harris cell should be 168; OCR captured 16.,codex,,,
update,Humphreys,3,harris,5,209,205,,Visual review of Humphreys page 3 shows the Harris cell should be 205; OCR captured 209.,codex,,,
update,Humphreys,3,harris,6,37,1,,Visual review of Humphreys page 3 shows the Harris cell should be 1; OCR captured 37.,codex,,,
update,Humphreys,3,harris,7,9,8,,Visual review of Humphreys page 3 shows the Harris cell should be 8; OCR captured 9.,codex,,,
update,Humphreys,3,harris,8,257,367,,Visual review of Humphreys page 3 shows the Harris cell should be 367; OCR captured 257.,codex,,,
add,Humphreys,3,harris,9,,9,,Visual review of Humphreys page 3 shows the Harris precinct value; added missing OCR cell from the source image.,codex,,,
add,Humphreys,3,harris,10,,257,,Visual review of Humphreys page 3 shows the Harris precinct value; added missing OCR cell from the source image.,codex,,,
add,Humphreys,3,harris,11,,44,,Visual review of Humphreys page 3 shows the Harris precinct value; added missing OCR cell from the source image.,codex,,,
update,Humphreys,4,harris,3,2443,,yes,"Visual review of Humphreys page 4 shows the Harris cell is a TOTAL column, not a precinct value.",codex,,,
update,Humphreys,3,trump,2,149,144,,Visual review of Humphreys page 3 shows the Trump cell should be 144; OCR captured 149.,codex,,,
update,Humphreys,3,trump,9,5,66,,Visual review of Humphreys page 3 shows the Trump cell should be 66; OCR captured 5.,codex,,,
update,Humphreys,4,trump,1,3,101,,Visual review of Humphreys page 4 shows the Trump cell should be 101; OCR captured 3.,codex,,,
update,Humphreys,4,trump,2,10,103,,Visual review of Humphreys page 4 shows the Trump cell should be 103; OCR captured 10.,codex,,,
update,Humphreys,4,trump,3,990,,yes,"Visual review of Humphreys page 4 shows the Trump cell is a TOTAL column, not a precinct value.",codex,,,
add,Humphreys,3,pinkins,1,,497,,Visual review of Humphreys page 3 shows the Pinkins precinct value; added missing OCR cell from the source image.,codex,,,
add,Humphreys,3,pinkins,2,,478,,Visual review of Humphreys page 3 shows the Pinkins precinct value; added missing OCR cell from the source image.,codex,,,
add,Humphreys,3,pinkins,3,,166,,Visual review of Humphreys page 3 shows the Pinkins precinct value; added missing OCR cell from the source image.,codex,,,
add,Humphreys,3,pinkins,4,,189,,Visual review of Humphreys page 3 shows the Pinkins precinct value; added missing OCR cell from the source image.,codex,,,
add,Humphreys,3,pinkins,5,,200,,Visual review of Humphreys page 3 shows the Pinkins precinct value; added missing OCR cell from the source image.,codex,,,
add,Humphreys,3,pinkins,6,,2,,Visual review of Humphreys page 3 shows the Pinkins precinct value; added missing OCR cell from the source image.,codex,,,
add,Humphreys,3,pinkins,7,,7,,Visual review of Humphreys page 3 shows the Pinkins precinct value; added missing OCR cell from the source image.,codex,,,
add,Humphreys,3,pinkins,8,,356,,Visual review of Humphreys page 3 shows the Pinkins precinct value; added missing OCR cell from the source image.,codex,,,
add,Humphreys,3,pinkins,9,,7,,Visual review of Humphreys page 3 shows the Pinkins precinct value; added missing OCR cell from the source image.,codex,,,
add,Humphreys,3,pinkins,10,,258,,Visual review of Humphreys page 3 shows the Pinkins precinct value; added missing OCR cell from the source image.,codex,,,
add,Humphreys,3,pinkins,11,,37,,Visual review of Humphreys page 3 shows the Pinkins precinct value; added missing OCR cell from the source image.,codex,,,
add,Humphreys,4,pinkins,1,,27,,Visual review of Humphreys page 4 shows the Pinkins precinct value; added missing OCR cell from the source image.,codex,,,
add,Humphreys,4,pinkins,2,,131,,Visual review of Humphreys page 4 shows the Pinkins precinct value; added missing OCR cell from the source image.,codex,,,
add,Humphreys,3,wicker,3,,10,,Visual review of Humphreys page 3 shows the Wicker precinct value; added missing OCR cell from the source image.,codex,,,
add,Humphreys,3,wicker,4,,18,,Visual review of Humphreys page 3 shows the Wicker precinct value; added missing OCR cell from the source image.,codex,,,
add,Humphreys,3,wicker,5,,13,,Visual review of Humphreys page 3 shows the Wicker precinct value; added missing OCR cell from the source image.,codex,,,
add,Humphreys,3,wicker,6,,34,,Visual review of Humphreys page 3 shows the Wicker precinct value; added missing OCR cell from the source image.,codex,,,
add,Humphreys,3,wicker,7,,44,,Visual review of Humphreys page 3 shows the Wicker precinct value; added missing OCR cell from the source image.,codex,,,
add,Humphreys,3,wicker,8,,153,,Visual review of Humphreys page 3 shows the Wicker precinct value; added missing OCR cell from the source image.,codex,,,
add,Humphreys,3,wicker,9,,67,,Visual review of Humphreys page 3 shows the Wicker precinct value; added missing OCR cell from the source image.,codex,,,
add,Humphreys,3,wicker,10,,106,,Visual review of Humphreys page 3 shows the Wicker precinct value; added missing OCR cell from the source image.,codex,,,
add,Humphreys,3,wicker,11,,47,,Visual review of Humphreys page 3 shows the Wicker precinct value; added missing OCR cell from the source image.,codex,,,
update,Humphreys,4,wicker,3,1075,,yes,"Visual review of Humphreys page 4 shows the Wicker cell is a TOTAL column, not a precinct value.",codex,,,
update,Smith,2,harris,1,7,44,,Visual review of Smith page 2 shows the Harris cell should be 44; OCR captured 7.,codex,,,
update,Smith,2,harris,2,2,72,,Visual review of Smith page 2 shows the Harris cell should be 72; OCR captured 2.,codex,,,
update,Smith,2,harris,3,4,39,,Visual review of Smith page 2 shows the Harris cell should be 39; OCR captured 4.,codex,,,
update,Smith,2,harris,4,2,28,,Visual review of Smith page 2 shows the Harris cell should be 28; OCR captured 2.,codex,,,
update,Smith,2,harris,5,219,15,,Visual review of Smith page 2 shows the Harris cell should be 15; OCR captured 219.,codex,,,
update,Smith,2,harris,6,9,45,,Visual review of Smith page 2 shows the Harris cell should be 45; OCR captured 9.,codex,,,
update,Smith,2,harris,7,1,28,,Visual review of Smith page 2 shows the Harris cell should be 28; OCR captured 1.,codex,,,
add,Smith,2,harris,8,,215,,Visual review of Smith page 2 shows the Harris precinct value; added missing OCR cell from the source image.,codex,,,
add,Smith,2,harris,9,,19,,Visual review of Smith page 2 shows the Harris precinct value; added missing OCR cell from the source image.,codex,,,
add,Smith,2,harris,10,,10,,Visual review of Smith page 2 shows the Harris precinct value; added missing OCR cell from the source image.,codex,,,
add,Smith,2,harris,11,,341,,Visual review of Smith page 2 shows the Harris precinct value; added missing OCR cell from the source image.,codex,,,
update,Smith,3,trump,2,57,697,,Visual review of Smith page 3 shows the Trump cell should be 697; OCR captured 57.,codex,,,
update,Smith,3,trump,4,315,48,,Visual review of Smith page 3 shows the Trump cell should be 48; OCR captured 315.,codex,,,
update,Smith,3,trump,5,304,315,,Visual review of Smith page 3 shows the Trump cell should be 315; OCR captured 304.,codex,,,
update,Smith,3,trump,6,649,304,,Visual review of Smith page 3 shows the Trump cell should be 304; OCR captured 649.,codex,,,
update,Smith,3,trump,7,514,649,,Visual review of Smith page 3 shows the Trump cell should be 649; OCR captured 514.,codex,,,
add,Smith,2,wicker,1,,462,,Visual review of Smith page 2 shows the Wicker precinct value; added missing OCR cell from the source image.,codex,,,
add,Smith,2,wicker,2,,197,,Visual review of Smith page 2 shows the Wicker precinct value; added missing OCR cell from the source image.,codex,,,
add,Smith,2,wicker,3,,116,,Visual review of Smith page 2 shows the Wicker precinct value; added missing OCR cell from the source image.,codex,,,
add,Smith,2,wicker,4,,391,,Visual review of Smith page 2 shows the Wicker precinct value; added missing OCR cell from the source image.,codex,,,
add,Smith,2,wicker,5,,267,,Visual review of Smith page 2 shows the Wicker precinct value; added missing OCR cell from the source image.,codex,,,
add,Smith,2,wicker,6,,288,,Visual review of Smith page 2 shows the Wicker precinct value; added missing OCR cell from the source image.,codex,,,
add,Smith,2,wicker,7,,508,,Visual review of Smith page 2 shows the Wicker precinct value; added missing OCR cell from the source image.,codex,,,
add,Smith,2,wicker,8,,382,,Visual review of Smith page 2 shows the Wicker precinct value; added missing OCR cell from the source image.,codex,,,
add,Smith,2,wicker,9,,428,,Visual review of Smith page 2 shows the Wicker precinct value; added missing OCR cell from the source image.,codex,,,
add,Smith,2,wicker,10,,400,,Visual review of Smith page 2 shows the Wicker precinct value; added missing OCR cell from the source image.,codex,,,
add,Smith,2,wicker,11,,223,,Visual review of Smith page 2 shows the Wicker precinct value; added missing OCR cell from the source image.,codex,,,
add,Smith,3,wicker,1,,167,,Visual review of Smith page 3 shows the Wicker precinct value; added missing OCR cell from the source image.,codex,,,
add,Smith,3,wicker,2,,689,,Visual review of Smith page 3 shows the Wicker precinct value; added missing OCR cell from the source image.,codex,,,
add,Smith,3,wicker,3,,321,,Visual review of Smith page 3 shows the Wicker precinct value; added missing OCR cell from the source image.,codex,,,
add,Smith,3,wicker,4,,49,,Visual review of Smith page 3 shows the Wicker precinct value; added missing OCR cell from the source image.,codex,,,
add,Smith,3,wicker,5,,313,,Visual review of Smith page 3 shows the Wicker precinct value; added missing OCR cell from the source image.,codex,,,
add,Smith,3,wicker,6,,303,,Visual review of Smith page 3 shows the Wicker precinct value; added missing OCR cell from the source image.,codex,,,
add,Smith,3,wicker,7,,654,,Visual review of Smith page 3 shows the Wicker precinct value; added missing OCR cell from the source image.,codex,,,
update,Webster,2,harris,1,5,37,,Visual review of Webster page 2 shows the Harris cell should be 37; OCR captured 5.,codex,,,
update,Webster,2,harris,2,4,11,,Visual review of Webster page 2 shows the Harris cell should be 11; OCR captured 4.,codex,,,
update,Webster,2,harris,3,4,23,,Visual review of Webster page 2 shows the Harris cell should be 23; OCR captured 4.,codex,,,
update,Webster,2,harris,4,1,45,,Visual review of Webster page 2 shows the Harris cell should be 45; OCR captured 1.,codex,,,
add,Webster,2,harris,5,,387,,Visual review of Webster page 2 shows the Harris precinct value; added missing OCR cell from the source image.,codex,,,
add,Webster,2,harris,6,,66,,Visual review of Webster page 2 shows the Harris precinct value; added missing OCR cell from the source image.,codex,,,
add,Webster,2,harris,7,,18,,Visual review of Webster page 2 shows the Harris precinct value; added missing OCR cell from the source image.,codex,,,
add,Webster,2,harris,8,,40,,Visual review of Webster page 2 shows the Harris precinct value; added missing OCR cell from the source image.,codex,,,
add,Webster,2,harris,9,,110,,Visual review of Webster page 2 shows the Harris precinct value; added missing OCR cell from the source image.,codex,,,
add,Webster,2,harris,10,,27,,Visual review of Webster page 2 shows the Harris precinct value; added missing OCR cell from the source image.,codex,,,
add,Webster,2,harris,11,,50,,Visual review of Webster page 2 shows the Harris precinct value; added missing OCR cell from the source image.,codex,,,
update,Webster,3,harris,2,1,16,,Visual review of Webster page 3 shows the Harris cell should be 16; OCR captured 1.,codex,,,
update,Webster,2,trump,1,32,325,,Visual review of Webster page 2 shows the Trump cell should be 325; OCR captured 32.,codex,,,
update,Webster,2,trump,3,50,505,,Visual review of Webster page 2 shows the Trump cell should be 505; OCR captured 50.,codex,,,
update,Webster,2,trump,7,12,123,,Visual review of Webster page 2 shows the Trump cell should be 123; OCR captured 12.,codex,,,
update,Webster,2,trump,8,22,226,,Visual review of Webster page 2 shows the Trump cell should be 226; OCR captured 22.,codex,,,
update,Webster,2,trump,10,33,335,,Visual review of Webster page 2 shows the Trump cell should be 335; OCR captured 33.,codex,,,
add,Webster,3,trump,1,,294,,Visual review of Webster page 3 shows the Trump precinct value; added missing OCR cell from the source image.,codex,,,
add,Webster,3,trump,2,,341,,Visual review of Webster page 3 shows the Trump precinct value; added missing OCR cell from the source image.,codex,,,
add,Webster,3,trump,3,,320,,Visual review of Webster page 3 shows the Trump precinct value; added missing OCR cell from the source image.,codex,,,
update,Webster,2,pinkins,5,367,365,,Visual review of Webster page 2 shows the Pinkins cell should be 365; OCR captured 367.,codex,,,
add,Webster,3,pinkins,1,,21,,Visual review of Webster page 3 shows the Pinkins precinct value; added missing OCR cell from the source image.,codex,,,
add,Webster,3,pinkins,2,,17,,Visual review of Webster page 3 shows the Pinkins precinct value; added missing OCR cell from the source image.,codex,,,
add,Webster,3,pinkins,3,,16,,Visual review of Webster page 3 shows the Pinkins precinct value; added missing OCR cell from the source image.,codex,,,
add,Webster,2,wicker,1,,327,,Visual review of Webster page 2 shows the Wicker precinct value; added missing OCR cell from the source image.,codex,,,
add,Webster,2,wicker,2,,185,,Visual review of Webster page 2 shows the Wicker precinct value; added missing OCR cell from the source image.,codex,,,
add,Webster,2,wicker,3,,497,,Visual review of Webster page 2 shows the Wicker precinct value; added missing OCR cell from the source image.,codex,,,
add,Webster,2,wicker,4,,276,,Visual review of Webster page 2 shows the Wicker precinct value; added missing OCR cell from the source image.,codex,,,
add,Webster,2,wicker,5,,497,,Visual review of Webster page 2 shows the Wicker precinct value; added missing OCR cell from the source image.,codex,,,
add,Webster,2,wicker,6,,210,,Visual review of Webster page 2 shows the Wicker precinct value; added missing OCR cell from the source image.,codex,,,
add,Webster,2,wicker,7,,123,,Visual review of Webster page 2 shows the Wicker precinct value; added missing OCR cell from the source image.,codex,,,
add,Webster,2,wicker,8,,226,,Visual review of Webster page 2 shows the Wicker precinct value; added missing OCR cell from the source image.,codex,,,
add,Webster,2,wicker,9,,373,,Visual review of Webster page 2 shows the Wicker precinct value; added missing OCR cell from the source image.,codex,,,
add,Webster,2,wicker,10,,331,,Visual review of Webster page 2 shows the Wicker precinct value; added missing OCR cell from the source image.,codex,,,
add,Webster,2,wicker,11,,204,,Visual review of Webster page 2 shows the Wicker precinct value; added missing OCR cell from the source image.,codex,,,
add,Webster,3,wicker,1,,295,,Visual review of Webster page 3 shows the Wicker precinct value; added missing OCR cell from the source image.,codex,,,
add,Webster,3,wicker,2,,338,,Visual review of Webster page 3 shows the Wicker precinct value; added missing OCR cell from the source image.,codex,,,
add,Webster,3,wicker,3,,321,,Visual review of Webster page 3 shows the Wicker precinct value; added missing OCR cell from the source image.,codex,,,
update,Scott,2,harris,1,7,74,,Visual review of Scott page 2 shows the Harris cell should be 74; OCR captured 7.,codex,,,
update,Scott,2,harris,2,39,356,,Visual review of Scott page 2 shows the Harris cell should be 356; OCR captured 39.,codex,,,
update,Scott,2,harris,3,79,378,,Visual review of Scott page 2 shows the Harris cell should be 378; OCR captured 79.,codex,,,
update,Scott,2,harris,4,1,451,,Visual review of Scott page 2 shows the Harris cell should be 451; OCR captured 1.,codex,,,
update,Scott,2,harris,5,130,130,,Visual review of Scott page 2 shows the Harris cell should be 130; OCR captured 130.,codex,,,
update,Scott,2,harris,6,17,61,,Visual review of Scott page 2 shows the Harris cell should be 61; OCR captured 17.,codex,,,
update,Scott,2,harris,7,37,107,,Visual review of Scott page 2 shows the Harris cell should be 107; OCR captured 37.,codex,,,
update,Scott,2,harris,8,3,387,,Visual review of Scott page 2 shows the Harris cell should be 387; OCR captured 3.,codex,,,
add,Scott,2,harris,9,,32,,Visual review of Scott page 2 shows the Harris precinct value; added missing OCR cell from the source image.,codex,,,
add,Scott,2,harris,10,,40,,Visual review of Scott page 2 shows the Harris precinct value; added missing OCR cell from the source image.,codex,,,
add,Scott,2,harris,11,,323,,Visual review of Scott page 2 shows the Harris precinct value; added missing OCR cell from the source image.,codex,,,
update,Scott,3,harris,1,3,23,,Visual review of Scott page 3 shows the Harris cell should be 23; OCR captured 3.,codex,,,
update,Scott,3,harris,2,9,34,,Visual review of Scott page 3 shows the Harris cell should be 34; OCR captured 9.,codex,,,
update,Scott,3,harris,3,163,16,,Visual review of Scott page 3 shows the Harris cell should be 16; OCR captured 163.,codex,,,
update,Scott,3,harris,4,130,163,,Visual review of Scott page 3 shows the Harris cell should be 163; OCR captured 130.,codex,,,
update,Scott,3,harris,5,1,14,,Visual review of Scott page 3 shows the Harris cell should be 14; OCR captured 1.,codex,,,
update,Scott,3,harris,6,129,130,,Visual review of Scott page 3 shows the Harris cell should be 130; OCR captured 129.,codex,,,
update,Scott,3,harris,7,1,311,,Visual review of Scott page 3 shows the Harris cell should be 311; OCR captured 1.,codex,,,
update,Scott,3,harris,8,213,125,,Visual review of Scott page 3 shows the Harris cell should be 125; OCR captured 213.,codex,,,
add,Scott,3,harris,9,,81,,Visual review of Scott page 3 shows the Harris precinct value; added missing OCR cell from the source image.,codex,,,
add,Scott,3,harris,10,,215,,Visual review of Scott page 3 shows the Harris precinct value; added missing OCR cell from the source image.,codex,,,
add,Scott,3,harris,11,,17,,Visual review of Scott page 3 shows the Harris precinct value; added missing OCR cell from the source image.,codex,,,
update,Scott,4,harris,2,3729,,yes,"Visual review of Scott page 4 shows the Harris cell is a TOTAL column, not a precinct value.",codex,,,
add,Scott,2,wicker,1,,423,,Visual review of Scott page 2 shows the Wicker precinct value; added missing OCR cell from the source image.,codex,,,
add,Scott,2,wicker,2,,322,,Visual review of Scott page 2 shows the Wicker precinct value; added missing OCR cell from the source image.,codex,,,
add,Scott,2,wicker,3,,281,,Visual review of Scott page 2 shows the Wicker precinct value; added missing OCR cell from the source image.,codex,,,
add,Scott,2,wicker,4,,114,,Visual review of Scott page 2 shows the Wicker precinct value; added missing OCR cell from the source image.,codex,,,
add,Scott,2,wicker,5,,164,,Visual review of Scott page 2 shows the Wicker precinct value; added missing OCR cell from the source image.,codex,,,
add,Scott,2,wicker,6,,195,,Visual review of Scott page 2 shows the Wicker precinct value; added missing OCR cell from the source image.,codex,,,
add,Scott,2,wicker,7,,147,,Visual review of Scott page 2 shows the Wicker precinct value; added missing OCR cell from the source image.,codex,,,
add,Scott,2,wicker,8,,286,,Visual review of Scott page 2 shows the Wicker precinct value; added missing OCR cell from the source image.,codex,,,
add,Scott,2,wicker,9,,224,,Visual review of Scott page 2 shows the Wicker precinct value; added missing OCR cell from the source image.,codex,,,
add,Scott,2,wicker,10,,558,,Visual review of Scott page 2 shows the Wicker precinct value; added missing OCR cell from the source image.,codex,,,
add,Scott,2,wicker,11,,648,,Visual review of Scott page 2 shows the Wicker precinct value; added missing OCR cell from the source image.,codex,,,
add,Scott,3,wicker,1,,101,,Visual review of Scott page 3 shows the Wicker precinct value; added missing OCR cell from the source image.,codex,,,
add,Scott,3,wicker,2,,253,,Visual review of Scott page 3 shows the Wicker precinct value; added missing OCR cell from the source image.,codex,,,
add,Scott,3,wicker,3,,71,,Visual review of Scott page 3 shows the Wicker precinct value; added missing OCR cell from the source image.,codex,,,
add,Scott,3,wicker,4,,84,,Visual review of Scott page 3 shows the Wicker precinct value; added missing OCR cell from the source image.,codex,,,
add,Scott,3,wicker,5,,211,,Visual review of Scott page 3 shows the Wicker precinct value; added missing OCR cell from the source image.,codex,,,
add,Scott,3,wicker,6,,266,,Visual review of Scott page 3 shows the Wicker precinct value; added missing OCR cell from the source image.,codex,,,
add,Scott,3,wicker,7,,204,,Visual review of Scott page 3 shows the Wicker precinct value; added missing OCR cell from the source image.,codex,,,
add,Scott,3,wicker,8,,394,,Visual review of Scott page 3 shows the Wicker precinct value; added missing OCR cell from the source image.,codex,,,
add,Scott,3,wicker,9,,324,,Visual review of Scott page 3 shows the Wicker precinct value; added missing OCR cell from the source image.,codex,,,
add,Scott,3,wicker,10,,228,,Visual review of Scott page 3 shows the Wicker precinct value; added missing OCR cell from the source image.,codex,,,
add,Scott,3,wicker,11,,393,,Visual review of Scott page 3 shows the Wicker precinct value; added missing OCR cell from the source image.,codex,,,
add,Scott,4,wicker,1,,231,,Visual review of Scott page 4 shows the Wicker precinct value; added missing OCR cell from the source image.,codex,,,
update,Choctaw,2,harris,1,75,35,,Visual review of Choctaw page 2 shows the Harris cell should be 35; OCR captured 75.,codex,,,
add,Choctaw,2,harris,2,,135,,Visual review of Choctaw page 2 shows the Harris precinct value; added missing OCR cell from the source image.,codex,,,
add,Choctaw,2,harris,3,,143,,Visual review of Choctaw page 2 shows the Harris precinct value; added missing OCR cell from the source image.,codex,,,
add,Choctaw,2,harris,4,,160,,Visual review of Choctaw page 2 shows the Harris precinct value; added missing OCR cell from the source image.,codex,,,
add,Choctaw,2,harris,5,,39,,Visual review of Choctaw page 2 shows the Harris precinct value; added missing OCR cell from the source image.,codex,,,
add,Choctaw,2,harris,6,,20,,Visual review of Choctaw page 2 shows the Harris precinct value; added missing OCR cell from the source image.,codex,,,
add,Choctaw,2,harris,7,,8,,Visual review of Choctaw page 2 shows the Harris precinct value; added missing OCR cell from the source image.,codex,,,
add,Choctaw,2,harris,8,,75,,Visual review of Choctaw page 2 shows the Harris precinct value; added missing OCR cell from the source image.,codex,,,
add,Choctaw,2,harris,9,,75,,Visual review of Choctaw page 2 shows the Harris precinct value; added missing OCR cell from the source image.,codex,,,
add,Choctaw,2,harris,10,,8,,Visual review of Choctaw page 2 shows the Harris precinct value; added missing OCR cell from the source image.,codex,,,
add,Choctaw,2,harris,11,,191,,Visual review of Choctaw page 2 shows the Harris precinct value; added missing OCR cell from the source image.,codex,,,
update,Choctaw,3,harris,1,4,76,,Visual review of Choctaw page 3 shows the Harris cell should be 76; OCR captured 4.,codex,,,
add,Choctaw,2,trump,1,,137,,Visual review of Choctaw page 2 shows the Trump precinct value; added missing OCR cell from the source image.,codex,,,
add,Choctaw,2,trump,2,,375,,Visual review of Choctaw page 2 shows the Trump precinct value; added missing OCR cell from the source image.,codex,,,
add,Choctaw,2,trump,3,,687,,Visual review of Choctaw page 2 shows the Trump precinct value; added missing OCR cell from the source image.,codex,,,
add,Choctaw,2,trump,4,,59,,Visual review of Choctaw page 2 shows the Trump precinct value; added missing OCR cell from the source image.,codex,,,
add,Choctaw,2,trump,5,,259,,Visual review of Choctaw page 2 shows the Trump precinct value; added missing OCR cell from the source image.,codex,,,
add,Choctaw,2,trump,6,,186,,Visual review of Choctaw page 2 shows the Trump precinct value; added missing OCR cell from the source image.,codex,,,
add,Choctaw,2,trump,7,,244,,Visual review of Choctaw page 2 shows the Trump precinct value; added missing OCR cell from the source image.,codex,,,
add,Choctaw,2,trump,8,,139,,Visual review of Choctaw page 2 shows the Trump precinct value; added missing OCR cell from the source image.,codex,,,
add,Choctaw,2,trump,9,,231,,Visual review of Choctaw page 2 shows the Trump precinct value; added missing OCR cell from the source image.,codex,,,
add,Choctaw,2,trump,10,,343,,Visual review of Choctaw page 2 shows the Trump precinct value; added missing OCR cell from the source image.,codex,,,
add,Choctaw,2,trump,11,,59,,Visual review of Choctaw page 2 shows the Trump precinct value; added missing OCR cell from the source image.,codex,,,
add,Choctaw,3,trump,1,,162,,Visual review of Choctaw page 3 shows the Trump precinct value; added missing OCR cell from the source image.,codex,,,
update,Choctaw,2,pinkins,1,39,39,,Visual review of Choctaw page 2 shows the Pinkins cell should be 39; OCR captured 39.,codex,,,
add,Choctaw,2,pinkins,2,,133,,Visual review of Choctaw page 2 shows the Pinkins precinct value; added missing OCR cell from the source image.,codex,,,
add,Choctaw,2,pinkins,3,,131,,Visual review of Choctaw page 2 shows the Pinkins precinct value; added missing OCR cell from the source image.,codex,,,
add,Choctaw,2,pinkins,4,,157,,Visual review of Choctaw page 2 shows the Pinkins precinct value; added missing OCR cell from the source image.,codex,,,
add,Choctaw,2,pinkins,5,,29,,Visual review of Choctaw page 2 shows the Pinkins precinct value; added missing OCR cell from the source image.,codex,,,
add,Choctaw,2,pinkins,6,,18,,Visual review of Choctaw page 2 shows the Pinkins precinct value; added missing OCR cell from the source image.,codex,,,
add,Choctaw,2,pinkins,7,,8,,Visual review of Choctaw page 2 shows the Pinkins precinct value; added missing OCR cell from the source image.,codex,,,
add,Choctaw,2,pinkins,8,,75,,Visual review of Choctaw page 2 shows the Pinkins precinct value; added missing OCR cell from the source image.,codex,,,
add,Choctaw,2,pinkins,9,,73,,Visual review of Choctaw page 2 shows the Pinkins precinct value; added missing OCR cell from the source image.,codex,,,
add,Choctaw,2,pinkins,10,,14,,Visual review of Choctaw page 2 shows the Pinkins precinct value; added missing OCR cell from the source image.,codex,,,
add,Choctaw,2,pinkins,11,,188,,Visual review of Choctaw page 2 shows the Pinkins precinct value; added missing OCR cell from the source image.,codex,,,
add,Choctaw,3,pinkins,1,,72,,Visual review of Choctaw page 3 shows the Pinkins precinct value; added missing OCR cell from the source image.,codex,,,
update,Choctaw,2,wicker,1,139,139,,Visual review of Choctaw page 2 shows the Wicker cell should be 139; OCR captured 139.,codex,,,
add,Choctaw,2,wicker,2,,370,,Visual review of Choctaw page 2 shows the Wicker precinct value; added missing OCR cell from the source image.,codex,,,
add,Choctaw,2,wicker,3,,692,,Visual review of Choctaw page 2 shows the Wicker precinct value; added missing OCR cell from the source image.,codex,,,
add,Choctaw,2,wicker,4,,64,,Visual review of Choctaw page 2 shows the Wicker precinct value; added missing OCR cell from the source image.,codex,,,
add,Choctaw,2,wicker,5,,266,,Visual review of Choctaw page 2 shows the Wicker precinct value; added missing OCR cell from the source image.,codex,,,
add,Choctaw,2,wicker,6,,187,,Visual review of Choctaw page 2 shows the Wicker precinct value; added missing OCR cell from the source image.,codex,,,
add,Choctaw,2,wicker,7,,232,,Visual review of Choctaw page 2 shows the Wicker precinct value; added missing OCR cell from the source image.,codex,,,
add,Choctaw,2,wicker,8,,136,,Visual review of Choctaw page 2 shows the Wicker precinct value; added missing OCR cell from the source image.,codex,,,
add,Choctaw,2,wicker,9,,227,,Visual review of Choctaw page 2 shows the Wicker precinct value; added missing OCR cell from the source image.,codex,,,
add,Choctaw,2,wicker,10,,330,,Visual review of Choctaw page 2 shows the Wicker precinct value; added missing OCR cell from the source image.,codex,,,
add,Choctaw,2,wicker,11,,65,,Visual review of Choctaw page 2 shows the Wicker precinct value; added missing OCR cell from the source image.,codex,,,
update,Choctaw,3,wicker,1,158,158,,Visual review of Choctaw page 3 shows the Wicker cell should be 158; OCR captured 158.,codex,,,
update,Marion,2,harris,1,108,108,,Visual review of Marion page 2 shows the Harris cell should be 108; OCR captured 108.,codex,,,
update,Marion,2,harris,2,180,47,,Visual review of Marion page 2 shows the Harris cell should be 47; OCR captured 180.,codex,,,
update,Marion,2,harris,3,100,180,,Visual review of Marion page 2 shows the Harris cell should be 180; OCR captured 100.,codex,,,
update,Marion,2,harris,4,124,100,,Visual review of Marion page 2 shows the Harris cell should be 100; OCR captured 124.,codex,,,
update,Marion,2,harris,5,553,124,,Visual review of Marion page 2 shows the Harris cell should be 124; OCR captured 553.,codex,,,
update,Marion,2,harris,6,234,30,,Visual review of Marion page 2 shows the Harris cell should be 30; OCR captured 234.,codex,,,
update,Marion,2,harris,7,79,552,,Visual review of Marion page 2 shows the Harris cell should be 552; OCR captured 79.,codex,,,
update,Marion,2,harris,8,1,234,,Visual review of Marion page 2 shows the Harris cell should be 234; OCR captured 1.,codex,,,
add,Marion,2,harris,9,,41,,Visual review of Marion page 2 shows the Harris precinct value; added missing OCR cell from the source image.,codex,,,
add,Marion,2,harris,10,,179,,Visual review of Marion page 2 shows the Harris precinct value; added missing OCR cell from the source image.,codex,,,
add,Marion,2,harris,11,,111,,Visual review of Marion page 2 shows the Harris precinct value; added missing OCR cell from the source image.,codex,,,
update,Marion,3,harris,1,167,167,,Visual review of Marion page 3 shows the Harris cell should be 167; OCR captured 167.,codex,,,
update,Marion,3,harris,2,123,133,,Visual review of Marion page 3 shows the Harris cell should be 133; OCR captured 123.,codex,,,
update,Marion,3,harris,3,9,16,,Visual review of Marion page 3 shows the Harris cell should be 16; OCR captured 9.,codex,,,
update,Marion,3,harris,4,79,378,,Visual review of Marion page 3 shows the Harris cell should be 378; OCR captured 79.,codex,,,
update,Marion,3,harris,5,143,145,,Visual review of Marion page 3 shows the Harris cell should be 145; OCR captured 143.,codex,,,
update,Marion,3,harris,6,103,105,,Visual review of Marion page 3 shows the Harris cell should be 105; OCR captured 103.,codex,,,
update,Marion,3,harris,7,2,23,,Visual review of Marion page 3 shows the Harris cell should be 23; OCR captured 2.,codex,,,
update,Marion,3,harris,8,37,317,,Visual review of Marion page 3 shows the Harris cell should be 317; OCR captured 37.,codex,,,
update,Marion,3,harris,9,109,104,,Visual review of Marion page 3 shows the Harris cell should be 104; OCR captured 109.,codex,,,
update,Marion,3,harris,10,1,112,,Visual review of Marion page 3 shows the Harris cell should be 112; OCR captured 1.,codex,,,
update,Marion,3,harris,11,2,9,,Visual review of Marion page 3 shows the Harris cell should be 9; OCR captured 2.,codex,,,
update,Marion,3,harris,12,9,,yes,"Visual review of Marion page 3 shows the Harris cell is an extra OCR value, not a precinct value.",codex,,,
add,Marion,2,wicker,1,,417,,Visual review of Marion page 2 shows the Wicker precinct value; added missing OCR cell from the source image.,codex,,,
add,Marion,2,wicker,2,,654,,Visual review of Marion page 2 shows the Wicker precinct value; added missing OCR cell from the source image.,codex,,,
add,Marion,2,wicker,3,,238,,Visual review of Marion page 2 shows the Wicker precinct value; added missing OCR cell from the source image.,codex,,,
add,Marion,2,wicker,4,,127,,Visual review of Marion page 2 shows the Wicker precinct value; added missing OCR cell from the source image.,codex,,,
add,Marion,2,wicker,5,,300,,Visual review of Marion page 2 shows the Wicker precinct value; added missing OCR cell from the source image.,codex,,,
add,Marion,2,wicker,6,,208,,Visual review of Marion page 2 shows the Wicker precinct value; added missing OCR cell from the source image.,codex,,,
add,Marion,2,wicker,7,,288,,Visual review of Marion page 2 shows the Wicker precinct value; added missing OCR cell from the source image.,codex,,,
add,Marion,2,wicker,8,,567,,Visual review of Marion page 2 shows the Wicker precinct value; added missing OCR cell from the source image.,codex,,,
add,Marion,2,wicker,9,,322,,Visual review of Marion page 2 shows the Wicker precinct value; added missing OCR cell from the source image.,codex,,,
add,Marion,2,wicker,10,,161,,Visual review of Marion page 2 shows the Wicker precinct value; added missing OCR cell from the source image.,codex,,,
add,Marion,2,wicker,11,,372,,Visual review of Marion page 2 shows the Wicker precinct value; added missing OCR cell from the source image.,codex,,,
add,Marion,3,wicker,1,,250,,Visual review of Marion page 3 shows the Wicker precinct value; added missing OCR cell from the source image.,codex,,,
add,Marion,3,wicker,2,,15,,Visual review of Marion page 3 shows the Wicker precinct value; added missing OCR cell from the source image.,codex,,,
add,Marion,3,wicker,3,,381,,Visual review of Marion page 3 shows the Wicker precinct value; added missing OCR cell from the source image.,codex,,,
add,Marion,3,wicker,4,,783,,Visual review of Marion page 3 shows the Wicker precinct value; added missing OCR cell from the source image.,codex,,,
add,Marion,3,wicker,5,,1171,,Visual review of Marion page 3 shows the Wicker precinct value; added missing OCR cell from the source image.,codex,,,
add,Marion,3,wicker,6,,288,,Visual review of Marion page 3 shows the Wicker precinct value; added missing OCR cell from the source image.,codex,,,
add,Marion,3,wicker,7,,468,,Visual review of Marion page 3 shows the Wicker precinct value; added missing OCR cell from the source image.,codex,,,
add,Marion,3,wicker,8,,360,,Visual review of Marion page 3 shows the Wicker precinct value; added missing OCR cell from the source image.,codex,,,
add,Marion,3,wicker,9,,220,,Visual review of Marion page 3 shows the Wicker precinct value; added missing OCR cell from the source image.,codex,,,
add,Marion,3,wicker,10,,14,,Visual review of Marion page 3 shows the Wicker precinct value; added missing OCR cell from the source image.,codex,,,
add,Marion,3,wicker,11,,241,,Visual review of Marion page 3 shows the Wicker precinct value; added missing OCR cell from the source image.,codex,,,
update,Monroe,3,harris,1,7,71,,Visual review of Monroe page 3 shows the Harris cell should be 71; OCR captured 7.,codex,,,
update,Monroe,3,harris,2,9,15,,Visual review of Monroe page 3 shows the Harris cell should be 15; OCR captured 9.,codex,,,
update,Monroe,3,harris,3,223,8,,Visual review of Monroe page 3 shows the Harris cell should be 8; OCR captured 223.,codex,,,
update,Monroe,3,harris,4,103,223,,Visual review of Monroe page 3 shows the Harris cell should be 223; OCR captured 103.,codex,,,
update,Monroe,3,harris,5,21,101,,Visual review of Monroe page 3 shows the Harris cell should be 101; OCR captured 21.,codex,,,
update,Monroe,3,harris,6,544,34,,Visual review of Monroe page 3 shows the Harris cell should be 34; OCR captured 544.,codex,,,
update,Monroe,3,harris,7,419,281,,Visual review of Monroe page 3 shows the Harris cell should be 281; OCR captured 419.,codex,,,
update,Monroe,3,harris,8,0,644,,Visual review of Monroe page 3 shows the Harris cell should be 644; OCR captured 0.,codex,,,
update,Monroe,3,harris,9,79,418,,Visual review of Monroe page 3 shows the Harris cell should be 418; OCR captured 79.,codex,,,
add,Monroe,3,harris,10,,690,,Visual review of Monroe page 3 shows the Harris precinct value; added missing OCR cell from the source image.,codex,,,
add,Monroe,3,harris,11,,76,,Visual review of Monroe page 3 shows the Harris precinct value; added missing OCR cell from the source image.,codex,,,
update,Monroe,4,harris,6,5090,,yes,"Visual review of Monroe page 4 shows the Harris cell is a TOTAL column, not a precinct value.",codex,,,
add,Monroe,2,wicker,1,,569,,Visual review of Monroe page 2 shows the Wicker precinct value; added missing OCR cell from the source image.,codex,,,
add,Monroe,2,wicker,2,,166,,Visual review of Monroe page 2 shows the Wicker precinct value; added missing OCR cell from the source image.,codex,,,
add,Monroe,2,wicker,3,,338,,Visual review of Monroe page 2 shows the Wicker precinct value; added missing OCR cell from the source image.,codex,,,
add,Monroe,2,wicker,4,,1454,,Visual review of Monroe page 2 shows the Wicker precinct value; added missing OCR cell from the source image.,codex,,,
add,Monroe,2,wicker,5,,801,,Visual review of Monroe page 2 shows the Wicker precinct value; added missing OCR cell from the source image.,codex,,,
add,Monroe,2,wicker,6,,1212,,Visual review of Monroe page 2 shows the Wicker precinct value; added missing OCR cell from the source image.,codex,,,
add,Monroe,2,wicker,7,,905,,Visual review of Monroe page 2 shows the Wicker precinct value; added missing OCR cell from the source image.,codex,,,
add,Monroe,2,wicker,8,,149,,Visual review of Monroe page 2 shows the Wicker precinct value; added missing OCR cell from the source image.,codex,,,
add,Monroe,2,wicker,9,,234,,Visual review of Monroe page 2 shows the Wicker precinct value; added missing OCR cell from the source image.,codex,,,
add,Monroe,2,wicker,10,,89,,Visual review of Monroe page 2 shows the Wicker precinct value; added missing OCR cell from the source image.,codex,,,
add,Monroe,2,wicker,11,,137,,Visual review of Monroe page 2 shows the Wicker precinct value; added missing OCR cell from the source image.,codex,,,
add,Monroe,3,wicker,1,,367,,Visual review of Monroe page 3 shows the Wicker precinct value; added missing OCR cell from the source image.,codex,,,
add,Monroe,3,wicker,2,,236,,Visual review of Monroe page 3 shows the Wicker precinct value; added missing OCR cell from the source image.,codex,,,
add,Monroe,3,wicker,3,,93,,Visual review of Monroe page 3 shows the Wicker precinct value; added missing OCR cell from the source image.,codex,,,
add,Monroe,3,wicker,4,,1092,,Visual review of Monroe page 3 shows the Wicker precinct value; added missing OCR cell from the source image.,codex,,,
add,Monroe,3,wicker,5,,654,,Visual review of Monroe page 3 shows the Wicker precinct value; added missing OCR cell from the source image.,codex,,,
add,Monroe,3,wicker,6,,115,,Visual review of Monroe page 3 shows the Wicker precinct value; added missing OCR cell from the source image.,codex,,,
add,Monroe,3,wicker,7,,102,,Visual review of Monroe page 3 shows the Wicker precinct value; added missing OCR cell from the source image.,codex,,,
add,Monroe,3,wicker,8,,462,,Visual review of Monroe page 3 shows the Wicker precinct value; added missing OCR cell from the source image.,codex,,,
add,Monroe,3,wicker,9,,73,,Visual review of Monroe page 3 shows the Wicker precinct value; added missing OCR cell from the source image.,codex,,,
add,Monroe,3,wicker,10,,236,,Visual review of Monroe page 3 shows the Wicker precinct value; added missing OCR cell from the source image.,codex,,,
add,Monroe,3,wicker,11,,36,,Visual review of Monroe page 3 shows the Wicker precinct value; added missing OCR cell from the source image.,codex,,,
add,Monroe,4,wicker,1,,26,,Visual review of Monroe page 4 shows the Wicker precinct value; added missing OCR cell from the source image.,codex,,,
add,Monroe,4,wicker,2,,114,,Visual review of Monroe page 4 shows the Wicker precinct value; added missing OCR cell from the source image.,codex,,,
add,Monroe,4,wicker,3,,405,,Visual review of Monroe page 4 shows the Wicker precinct value; added missing OCR cell from the source image.,codex,,,
add,Monroe,4,wicker,4,,170,,Visual review of Monroe page 4 shows the Wicker precinct value; added missing OCR cell from the source image.,codex,,,
add,Monroe,4,wicker,5,,685,,Visual review of Monroe page 4 shows the Wicker precinct value; added missing OCR cell from the source image.,codex,,,
update,Lowndes,2,harris,1,39,389,,Visual review of Lowndes page 2 shows the Harris cell should be 389; OCR captured 39.,codex,,,
update,Lowndes,2,harris,2,239,239,,Visual review of Lowndes page 2 shows the Harris cell should be 239; OCR captured 239.,codex,,,
update,Lowndes,2,harris,3,1,481,,Visual review of Lowndes page 2 shows the Harris cell should be 481; OCR captured 1.,codex,,,
update,Lowndes,2,harris,4,9,469,,Visual review of Lowndes page 2 shows the Harris cell should be 469; OCR captured 9.,codex,,,
update,Lowndes,2,harris,5,169,189,,Visual review of Lowndes page 2 shows the Harris cell should be 189; OCR captured 169.,codex,,,
update,Lowndes,2,harris,6,523,523,,Visual review of Lowndes page 2 shows the Harris cell should be 523; OCR captured 523.,codex,,,
update,Lowndes,2,harris,7,79,870,,Visual review of Lowndes page 2 shows the Harris cell should be 870; OCR captured 79.,codex,,,
update,Lowndes,2,harris,8,9,470,,Visual review of Lowndes page 2 shows the Harris cell should be 470; OCR captured 9.,codex,,,
update,Lowndes,2,harris,9,269,966,,Visual review of Lowndes page 2 shows the Harris cell should be 966; OCR captured 269.,codex,,,
update,Lowndes,2,harris,10,243,243,,Visual review of Lowndes page 2 shows the Harris cell should be 243; OCR captured 243.,codex,,,
update,Lowndes,2,harris,11,743,743,,Visual review of Lowndes page 2 shows the Harris cell should be 743; OCR captured 743.,codex,,,
update,Lowndes,3,harris,1,789,789,,Visual review of Lowndes page 3 shows the Harris cell should be 789; OCR captured 789.,codex,,,
update,Lowndes,3,harris,2,239,238,,Visual review of Lowndes page 3 shows the Harris cell should be 238; OCR captured 239.,codex,,,
update,Lowndes,3,harris,3,1957,581,,Visual review of Lowndes page 3 shows the Harris cell should be 581; OCR captured 1957.,codex,,,
update,Lowndes,3,harris,4,02,1957,,Visual review of Lowndes page 3 shows the Harris cell should be 1957; OCR captured 02.,codex,,,
update,Lowndes,3,harris,5,509,66,,Visual review of Lowndes page 3 shows the Harris cell should be 66; OCR captured 509.,codex,,,
update,Lowndes,3,harris,6,5,602,,Visual review of Lowndes page 3 shows the Harris cell should be 602; OCR captured 5.,codex,,,
update,Lowndes,3,harris,7,240,508,,Visual review of Lowndes page 3 shows the Harris cell should be 508; OCR captured 240.,codex,,,
update,Lowndes,3,harris,8,1,533,,Visual review of Lowndes page 3 shows the Harris cell should be 533; OCR captured 1.,codex,,,
update,Lowndes,3,harris,9,1094,240,,Visual review of Lowndes page 3 shows the Harris cell should be 240; OCR captured 1094.,codex,,,
add,Lowndes,2,wicker,1,,512,,Visual review of Lowndes page 2 shows the Wicker precinct value; added missing OCR cell from the source image.,codex,,,
add,Lowndes,2,wicker,2,,54,,Visual review of Lowndes page 2 shows the Wicker precinct value; added missing OCR cell from the source image.,codex,,,
add,Lowndes,2,wicker,3,,601,,Visual review of Lowndes page 2 shows the Wicker precinct value; added missing OCR cell from the source image.,codex,,,
add,Lowndes,2,wicker,4,,2672,,Visual review of Lowndes page 2 shows the Wicker precinct value; added missing OCR cell from the source image.,codex,,,
add,Lowndes,2,wicker,5,,17,,Visual review of Lowndes page 2 shows the Wicker precinct value; added missing OCR cell from the source image.,codex,,,
add,Lowndes,2,wicker,6,,190,,Visual review of Lowndes page 2 shows the Wicker precinct value; added missing OCR cell from the source image.,codex,,,
add,Lowndes,2,wicker,7,,417,,Visual review of Lowndes page 2 shows the Wicker precinct value; added missing OCR cell from the source image.,codex,,,
add,Lowndes,2,wicker,8,,185,,Visual review of Lowndes page 2 shows the Wicker precinct value; added missing OCR cell from the source image.,codex,,,
add,Lowndes,2,wicker,9,,73,,Visual review of Lowndes page 2 shows the Wicker precinct value; added missing OCR cell from the source image.,codex,,,
add,Lowndes,2,wicker,10,,428,,Visual review of Lowndes page 2 shows the Wicker precinct value; added missing OCR cell from the source image.,codex,,,
add,Lowndes,2,wicker,11,,1563,,Visual review of Lowndes page 2 shows the Wicker precinct value; added missing OCR cell from the source image.,codex,,,
add,Lowndes,3,wicker,1,,2973,,Visual review of Lowndes page 3 shows the Wicker precinct value; added missing OCR cell from the source image.,codex,,,
add,Lowndes,3,wicker,2,,44,,Visual review of Lowndes page 3 shows the Wicker precinct value; added missing OCR cell from the source image.,codex,,,
add,Lowndes,3,wicker,3,,1334,,Visual review of Lowndes page 3 shows the Wicker precinct value; added missing OCR cell from the source image.,codex,,,
add,Lowndes,3,wicker,4,,453,,Visual review of Lowndes page 3 shows the Wicker precinct value; added missing OCR cell from the source image.,codex,,,
add,Lowndes,3,wicker,5,,449,,Visual review of Lowndes page 3 shows the Wicker precinct value; added missing OCR cell from the source image.,codex,,,
add,Lowndes,3,wicker,6,,89,,Visual review of Lowndes page 3 shows the Wicker precinct value; added missing OCR cell from the source image.,codex,,,
add,Lowndes,3,wicker,7,,214,,Visual review of Lowndes page 3 shows the Wicker precinct value; added missing OCR cell from the source image.,codex,,,
add,Lowndes,3,wicker,8,,448,,Visual review of Lowndes page 3 shows the Wicker precinct value; added missing OCR cell from the source image.,codex,,,
add,Lowndes,3,wicker,9,,832,,Visual review of Lowndes page 3 shows the Wicker precinct value; added missing OCR cell from the source image.,codex,,,
update,Yazoo,4,harris,1,219,210,,Visual review of Yazoo page 4 shows the Harris cell should be 210; OCR captured 219.,codex,,,
update,Yazoo,4,harris,2,39,66,,Visual review of Yazoo page 4 shows the Harris cell should be 66; OCR captured 39.,codex,,,
update,Yazoo,4,harris,3,5,369,,Visual review of Yazoo page 4 shows the Harris cell should be 369; OCR captured 5.,codex,,,
update,Yazoo,4,harris,4,2,98,,Visual review of Yazoo page 4 shows the Harris cell should be 98; OCR captured 2.,codex,,,
update,Yazoo,4,harris,5,143,50,,Visual review of Yazoo page 4 shows the Harris cell should be 50; OCR captured 143.,codex,,,
update,Yazoo,4,harris,6,221,21,,Visual review of Yazoo page 4 shows the Harris cell should be 21; OCR captured 221.,codex,,,
update,Yazoo,4,harris,7,2,143,,Visual review of Yazoo page 4 shows the Harris cell should be 143; OCR captured 2.,codex,,,
add,Yazoo,4,harris,8,,40,,Visual review of Yazoo page 4 shows the Harris precinct value; added missing OCR cell from the source image.,codex,,,
add,Yazoo,4,harris,9,,231,,Visual review of Yazoo page 4 shows the Harris precinct value; added missing OCR cell from the source image.,codex,,,
add,Yazoo,4,harris,10,,22,,Visual review of Yazoo page 4 shows the Harris precinct value; added missing OCR cell from the source image.,codex,,,
add,Yazoo,4,harris,11,,81,,Visual review of Yazoo page 4 shows the Harris precinct value; added missing OCR cell from the source image.,codex,,,
add,Yazoo,4,wicker,1,,436,,Visual review of Yazoo page 4 shows the Wicker precinct value; added missing OCR cell from the source image.,codex,,,
add,Yazoo,4,wicker,2,,339,,Visual review of Yazoo page 4 shows the Wicker precinct value; added missing OCR cell from the source image.,codex,,,
add,Yazoo,4,wicker,3,,282,,Visual review of Yazoo page 4 shows the Wicker precinct value; added missing OCR cell from the source image.,codex,,,
add,Yazoo,4,wicker,4,,212,,Visual review of Yazoo page 4 shows the Wicker precinct value; added missing OCR cell from the source image.,codex,,,
add,Yazoo,4,wicker,5,,179,,Visual review of Yazoo page 4 shows the Wicker precinct value; added missing OCR cell from the source image.,codex,,,
add,Yazoo,4,wicker,6,,124,,Visual review of Yazoo page 4 shows the Wicker precinct value; added missing OCR cell from the source image.,codex,,,
add,Yazoo,4,wicker,7,,191,,Visual review of Yazoo page 4 shows the Wicker precinct value; added missing OCR cell from the source image.,codex,,,
add,Yazoo,4,wicker,8,,87,,Visual review of Yazoo page 4 shows the Wicker precinct value; added missing OCR cell from the source image.,codex,,,
add,Yazoo,4,wicker,9,,26,,Visual review of Yazoo page 4 shows the Wicker precinct value; added missing OCR cell from the source image.,codex,,,
add,Yazoo,4,wicker,10,,122,,Visual review of Yazoo page 4 shows the Wicker precinct value; added missing OCR cell from the source image.,codex,,,
add,Yazoo,4,wicker,11,,625,,Visual review of Yazoo page 4 shows the Wicker precinct value; added missing OCR cell from the source image.,codex,,,
add,Yazoo,5,wicker,1,,413,,Visual review of Yazoo page 5 shows the Wicker precinct value; added missing OCR cell from the source image.,codex,,,
add,Yazoo,5,wicker,2,,208,,Visual review of Yazoo page 5 shows the Wicker precinct value; added missing OCR cell from the source image.,codex,,,
add,Yazoo,5,wicker,3,,21,,Visual review of Yazoo page 5 shows the Wicker precinct value; added missing OCR cell from the source image.,codex,,,
add,Yazoo,5,wicker,4,,100,,Visual review of Yazoo page 5 shows the Wicker precinct value; added missing OCR cell from the source image.,codex,,,
add,Yazoo,5,wicker,5,,39,,Visual review of Yazoo page 5 shows the Wicker precinct value; added missing OCR cell from the source image.,codex,,,
add,Yazoo,5,wicker,6,,357,,Visual review of Yazoo page 5 shows the Wicker precinct value; added missing OCR cell from the source image.,codex,,,
add,Yazoo,5,wicker,7,,132,,Visual review of Yazoo page 5 shows the Wicker precinct value; added missing OCR cell from the source image.,codex,,,
add,Yazoo,5,wicker,8,,168,,Visual review of Yazoo page 5 shows the Wicker precinct value; added missing OCR cell from the source image.,codex,,,
add,Yazoo,5,wicker,9,,80,,Visual review of Yazoo page 5 shows the Wicker precinct value; added missing OCR cell from the source image.,codex,,,
add,Yazoo,5,wicker,10,,107,,Visual review of Yazoo page 5 shows the Wicker precinct value; added missing OCR cell from the source image.,codex,,,
add,Yazoo,5,wicker,11,,258,,Visual review of Yazoo page 5 shows the Wicker precinct value; added missing OCR cell from the source image.,codex,,,
add,Yazoo,6,wicker,1,,196,,Visual review of Yazoo page 6 shows the Wicker precinct value; added missing OCR cell from the source image.,codex,,,
update,Covington,2,harris,1,593,593,,Visual review of Covington page 2 shows the Harris cell should be 593; OCR captured 593.,codex,,,
add,Covington,2,harris,2,,263,,Visual review of Covington page 2 shows the Harris precinct value; added missing OCR cell from the source image.,codex,,,
add,Covington,2,harris,3,,398,,Visual review of Covington page 2 shows the Harris precinct value; added missing OCR cell from the source image.,codex,,,
add,Covington,2,harris,4,,71,,Visual review of Covington page 2 shows the Harris precinct value; added missing OCR cell from the source image.,codex,,,
add,Covington,2,harris,5,,8,,Visual review of Covington page 2 shows the Harris precinct value; added missing OCR cell from the source image.,codex,,,
add,Covington,2,harris,6,,473,,Visual review of Covington page 2 shows the Harris precinct value; added missing OCR cell from the source image.,codex,,,
add,Covington,2,harris,7,,423,,Visual review of Covington page 2 shows the Harris precinct value; added missing OCR cell from the source image.,codex,,,
add,Covington,2,harris,8,,58,,Visual review of Covington page 2 shows the Harris precinct value; added missing OCR cell from the source image.,codex,,,
add,Covington,2,harris,9,,11,,Visual review of Covington page 2 shows the Harris precinct value; added missing OCR cell from the source image.,codex,,,
add,Covington,2,harris,10,,69,,Visual review of Covington page 2 shows the Harris precinct value; added missing OCR cell from the source image.,codex,,,
add,Covington,2,harris,11,,188,,Visual review of Covington page 2 shows the Harris precinct value; added missing OCR cell from the source image.,codex,,,
update,Covington,3,harris,1,0,45,,Visual review of Covington page 3 shows the Harris cell should be 45; OCR captured 0.,codex,,,
update,Covington,3,harris,2,1,248,,Visual review of Covington page 3 shows the Harris cell should be 248; OCR captured 1.,codex,,,
update,Covington,3,harris,3,0,31,,Visual review of Covington page 3 shows the Harris cell should be 31; OCR captured 0.,codex,,,
update,Covington,3,harris,4,7,42,,Visual review of Covington page 3 shows the Harris cell should be 42; OCR captured 7.,codex,,,
update,Covington,2,trump,1,7,801,,Visual review of Covington page 2 shows the Trump cell should be 801; OCR captured 7.,codex,,,
update,Covington,2,trump,2,244,79,,Visual review of Covington page 2 shows the Trump cell should be 79; OCR captured 244.,codex,,,
update,Covington,2,trump,3,186,244,,Visual review of Covington page 2 shows the Trump cell should be 244; OCR captured 186.,codex,,,
update,Covington,2,trump,4,7,190,,Visual review of Covington page 2 shows the Trump cell should be 190; OCR captured 7.,codex,,,
update,Covington,2,trump,5,754,186,,Visual review of Covington page 2 shows the Trump cell should be 186; OCR captured 754.,codex,,,
update,Covington,2,trump,6,109,470,,Visual review of Covington page 2 shows the Trump cell should be 470; OCR captured 109.,codex,,,
update,Covington,2,trump,7,724,88,,Visual review of Covington page 2 shows the Trump cell should be 88; OCR captured 724.,codex,,,
update,Covington,2,trump,8,1532,754,,Visual review of Covington page 2 shows the Trump cell should be 754; OCR captured 1532.,codex,,,
add,Covington,2,trump,9,,109,,Visual review of Covington page 2 shows the Trump precinct value; added missing OCR cell from the source image.,codex,,,
add,Covington,2,trump,10,,724,,Visual review of Covington page 2 shows the Trump precinct value; added missing OCR cell from the source image.,codex,,,
add,Covington,2,trump,11,,1532,,Visual review of Covington page 2 shows the Trump precinct value; added missing OCR cell from the source image.,codex,,,
update,Covington,3,trump,1,1,274,,Visual review of Covington page 3 shows the Trump cell should be 274; OCR captured 1.,codex,,,
add,Covington,3,trump,2,,120,,Visual review of Covington page 3 shows the Trump precinct value; added missing OCR cell from the source image.,codex,,,
add,Covington,3,trump,3,,81,,Visual review of Covington page 3 shows the Trump precinct value; added missing OCR cell from the source image.,codex,,,
add,Covington,3,trump,4,,217,,Visual review of Covington page 3 shows the Trump precinct value; added missing OCR cell from the source image.,codex,,,
add,Covington,2,pinkins,1,,590,,Visual review of Covington page 2 shows the Pinkins precinct value; added missing OCR cell from the source image.,codex,,,
add,Covington,2,pinkins,2,,248,,Visual review of Covington page 2 shows the Pinkins precinct value; added missing OCR cell from the source image.,codex,,,
add,Covington,2,pinkins,3,,376,,Visual review of Covington page 2 shows the Pinkins precinct value; added missing OCR cell from the source image.,codex,,,
add,Covington,2,pinkins,4,,65,,Visual review of Covington page 2 shows the Pinkins precinct value; added missing OCR cell from the source image.,codex,,,
add,Covington,2,pinkins,5,,8,,Visual review of Covington page 2 shows the Pinkins precinct value; added missing OCR cell from the source image.,codex,,,
add,Covington,2,pinkins,6,,485,,Visual review of Covington page 2 shows the Pinkins precinct value; added missing OCR cell from the source image.,codex,,,
add,Covington,2,pinkins,7,,406,,Visual review of Covington page 2 shows the Pinkins precinct value; added missing OCR cell from the source image.,codex,,,
add,Covington,2,pinkins,8,,61,,Visual review of Covington page 2 shows the Pinkins precinct value; added missing OCR cell from the source image.,codex,,,
add,Covington,2,pinkins,9,,11,,Visual review of Covington page 2 shows the Pinkins precinct value; added missing OCR cell from the source image.,codex,,,
add,Covington,2,pinkins,10,,70,,Visual review of Covington page 2 shows the Pinkins precinct value; added missing OCR cell from the source image.,codex,,,
add,Covington,2,pinkins,11,,200,,Visual review of Covington page 2 shows the Pinkins precinct value; added missing OCR cell from the source image.,codex,,,
add,Covington,3,pinkins,1,,48,,Visual review of Covington page 3 shows the Pinkins precinct value; added missing OCR cell from the source image.,codex,,,
add,Covington,3,pinkins,2,,244,,Visual review of Covington page 3 shows the Pinkins precinct value; added missing OCR cell from the source image.,codex,,,
add,Covington,3,pinkins,3,,29,,Visual review of Covington page 3 shows the Pinkins precinct value; added missing OCR cell from the source image.,codex,,,
add,Covington,3,pinkins,4,,38,,Visual review of Covington page 3 shows the Pinkins precinct value; added missing OCR cell from the source image.,codex,,,
update,Covington,2,wicker,1,813,813,,Visual review of Covington page 2 shows the Wicker cell should be 813; OCR captured 813.,codex,,,
update,Covington,2,wicker,2,106,96,,Visual review of Covington page 2 shows the Wicker cell should be 96; OCR captured 106.,codex,,,
update,Covington,2,wicker,3,746,269,,Visual review of Covington page 2 shows the Wicker cell should be 269; OCR captured 746.,codex,,,
update,Covington,2,wicker,4,723,192,,Visual review of Covington page 2 shows the Wicker cell should be 192; OCR captured 723.,codex,,,
update,Covington,2,wicker,5,1504,182,,Visual review of Covington page 2 shows the Wicker cell should be 182; OCR captured 1504.,codex,,,
add,Covington,2,wicker,6,,483,,Visual review of Covington page 2 shows the Wicker precinct value; added missing OCR cell from the source image.,codex,,,
add,Covington,2,wicker,7,,106,,Visual review of Covington page 2 shows the Wicker precinct value; added missing OCR cell from the source image.,codex,,,
add,Covington,2,wicker,8,,746,,Visual review of Covington page 2 shows the Wicker precinct value; added missing OCR cell from the source image.,codex,,,
add,Covington,2,wicker,9,,109,,Visual review of Covington page 2 shows the Wicker precinct value; added missing OCR cell from the source image.,codex,,,
add,Covington,2,wicker,10,,723,,Visual review of Covington page 2 shows the Wicker precinct value; added missing OCR cell from the source image.,codex,,,
add,Covington,2,wicker,11,,1504,,Visual review of Covington page 2 shows the Wicker precinct value; added missing OCR cell from the source image.,codex,,,
update,Covington,3,wicker,1,267,267,,Visual review of Covington page 3 shows the Wicker cell should be 267; OCR captured 267.,codex,,,
update,Covington,3,wicker,2,5924,126,,Visual review of Covington page 3 shows the Wicker cell should be 126; OCR captured 5924.,codex,,,
add,Covington,3,wicker,3,,84,,Visual review of Covington page 3 shows the Wicker precinct value; added missing OCR cell from the source image.,codex,,,
add,Covington,3,wicker,4,,224,,Visual review of Covington page 3 shows the Wicker precinct value; added missing OCR cell from the source image.,codex,,,
update,Pearl River,2,harris,1,03,14,,Visual review of Pearl River page 2 shows the Harris cell should be 14; OCR captured 03.,codex,,,
update,Pearl River,2,harris,2,166,83,,Visual review of Pearl River page 2 shows the Harris cell should be 83; OCR captured 166.,codex,,,
update,Pearl River,2,harris,3,123,102,,Visual review of Pearl River page 2 shows the Harris cell should be 102; OCR captured 123.,codex,,,
update,Pearl River,2,harris,4,5,166,,Visual review of Pearl River page 2 shows the Harris cell should be 166; OCR captured 5.,codex,,,
update,Pearl River,2,harris,5,5,133,,Visual review of Pearl River page 2 shows the Harris cell should be 133; OCR captured 5.,codex,,,
add,Pearl River,2,harris,6,,53,,Visual review of Pearl River page 2 shows the Harris precinct value; added missing OCR cell from the source image.,codex,,,
add,Pearl River,2,harris,7,,70,,Visual review of Pearl River page 2 shows the Harris precinct value; added missing OCR cell from the source image.,codex,,,
add,Pearl River,2,harris,8,,79,,Visual review of Pearl River page 2 shows the Harris precinct value; added missing OCR cell from the source image.,codex,,,
add,Pearl River,2,harris,9,,99,,Visual review of Pearl River page 2 shows the Harris precinct value; added missing OCR cell from the source image.,codex,,,
add,Pearl River,2,harris,10,,68,,Visual review of Pearl River page 2 shows the Harris precinct value; added missing OCR cell from the source image.,codex,,,
add,Pearl River,2,harris,11,,58,,Visual review of Pearl River page 2 shows the Harris precinct value; added missing OCR cell from the source image.,codex,,,
update,Pearl River,3,harris,1,13,183,,Visual review of Pearl River page 3 shows the Harris cell should be 183; OCR captured 13.,codex,,,
update,Pearl River,3,harris,2,419,416,,Visual review of Pearl River page 3 shows the Harris cell should be 416; OCR captured 419.,codex,,,
update,Pearl River,3,harris,3,33,393,,Visual review of Pearl River page 3 shows the Harris cell should be 393; OCR captured 33.,codex,,,
update,Pearl River,3,harris,4,863,865,,Visual review of Pearl River page 3 shows the Harris cell should be 865; OCR captured 863.,codex,,,
update,Pearl River,3,harris,5,237,237,,Visual review of Pearl River page 3 shows the Harris cell should be 237; OCR captured 237.,codex,,,
update,Pearl River,3,harris,6,5,60,,Visual review of Pearl River page 3 shows the Harris cell should be 60; OCR captured 5.,codex,,,
update,Pearl River,3,harris,7,159,159,,Visual review of Pearl River page 3 shows the Harris cell should be 159; OCR captured 159.,codex,,,
update,Pearl River,3,harris,8,151,151,,Visual review of Pearl River page 3 shows the Harris cell should be 151; OCR captured 151.,codex,,,
update,Pearl River,3,harris,9,128,128,,Visual review of Pearl River page 3 shows the Harris cell should be 128; OCR captured 128.,codex,,,
update,Pearl River,3,harris,10,7,17,,Visual review of Pearl River page 3 shows the Harris cell should be 17; OCR captured 7.,codex,,,
add,Pearl River,3,harris,11,,88,,Visual review of Pearl River page 3 shows the Harris precinct value; added missing OCR cell from the source image.,codex,,,
add,Pearl River,2,pinkins,1,,16,,Visual review of Pearl River page 2 shows the Pinkins precinct value; added missing OCR cell from the source image.,codex,,,
add,Pearl River,2,pinkins,2,,82,,Visual review of Pearl River page 2 shows the Pinkins precinct value; added missing OCR cell from the source image.,codex,,,
add,Pearl River,2,pinkins,3,,122,,Visual review of Pearl River page 2 shows the Pinkins precinct value; added missing OCR cell from the source image.,codex,,,
add,Pearl River,2,pinkins,4,,179,,Visual review of Pearl River page 2 shows the Pinkins precinct value; added missing OCR cell from the source image.,codex,,,
add,Pearl River,2,pinkins,5,,134,,Visual review of Pearl River page 2 shows the Pinkins precinct value; added missing OCR cell from the source image.,codex,,,
add,Pearl River,2,pinkins,6,,61,,Visual review of Pearl River page 2 shows the Pinkins precinct value; added missing OCR cell from the source image.,codex,,,
add,Pearl River,2,pinkins,7,,71,,Visual review of Pearl River page 2 shows the Pinkins precinct value; added missing OCR cell from the source image.,codex,,,
add,Pearl River,2,pinkins,8,,83,,Visual review of Pearl River page 2 shows the Pinkins precinct value; added missing OCR cell from the source image.,codex,,,
add,Pearl River,2,pinkins,9,,94,,Visual review of Pearl River page 2 shows the Pinkins precinct value; added missing OCR cell from the source image.,codex,,,
add,Pearl River,2,pinkins,10,,76,,Visual review of Pearl River page 2 shows the Pinkins precinct value; added missing OCR cell from the source image.,codex,,,
add,Pearl River,2,pinkins,11,,68,,Visual review of Pearl River page 2 shows the Pinkins precinct value; added missing OCR cell from the source image.,codex,,,
add,Pearl River,2,wicker,1,,254,,Visual review of Pearl River page 2 shows the Wicker precinct value; added missing OCR cell from the source image.,codex,,,
add,Pearl River,2,wicker,2,,278,,Visual review of Pearl River page 2 shows the Wicker precinct value; added missing OCR cell from the source image.,codex,,,
add,Pearl River,2,wicker,3,,992,,Visual review of Pearl River page 2 shows the Wicker precinct value; added missing OCR cell from the source image.,codex,,,
add,Pearl River,2,wicker,4,,1503,,Visual review of Pearl River page 2 shows the Wicker precinct value; added missing OCR cell from the source image.,codex,,,
add,Pearl River,2,wicker,5,,1343,,Visual review of Pearl River page 2 shows the Wicker precinct value; added missing OCR cell from the source image.,codex,,,
add,Pearl River,2,wicker,6,,529,,Visual review of Pearl River page 2 shows the Wicker precinct value; added missing OCR cell from the source image.,codex,,,
add,Pearl River,2,wicker,7,,237,,Visual review of Pearl River page 2 shows the Wicker precinct value; added missing OCR cell from the source image.,codex,,,
add,Pearl River,2,wicker,8,,836,,Visual review of Pearl River page 2 shows the Wicker precinct value; added missing OCR cell from the source image.,codex,,,
add,Pearl River,2,wicker,9,,806,,Visual review of Pearl River page 2 shows the Wicker precinct value; added missing OCR cell from the source image.,codex,,,
add,Pearl River,2,wicker,10,,775,,Visual review of Pearl River page 2 shows the Wicker precinct value; added missing OCR cell from the source image.,codex,,,
add,Pearl River,2,wicker,11,,602,,Visual review of Pearl River page 2 shows the Wicker precinct value; added missing OCR cell from the source image.,codex,,,
add,Pearl River,3,wicker,1,,1123,,Visual review of Pearl River page 3 shows the Wicker precinct value; added missing OCR cell from the source image.,codex,,,
add,Pearl River,3,wicker,2,,2540,,Visual review of Pearl River page 3 shows the Wicker precinct value; added missing OCR cell from the source image.,codex,,,
add,Pearl River,3,wicker,3,,474,,Visual review of Pearl River page 3 shows the Wicker precinct value; added missing OCR cell from the source image.,codex,,,
add,Pearl River,3,wicker,4,,284,,Visual review of Pearl River page 3 shows the Wicker precinct value; added missing OCR cell from the source image.,codex,,,
add,Pearl River,3,wicker,5,,1250,,Visual review of Pearl River page 3 shows the Wicker precinct value; added missing OCR cell from the source image.,codex,,,
add,Pearl River,3,wicker,6,,726,,Visual review of Pearl River page 3 shows the Wicker precinct value; added missing OCR cell from the source image.,codex,,,
add,Pearl River,3,wicker,7,,312,,Visual review of Pearl River page 3 shows the Wicker precinct value; added missing OCR cell from the source image.,codex,,,
add,Pearl River,3,wicker,8,,1064,,Visual review of Pearl River page 3 shows the Wicker precinct value; added missing OCR cell from the source image.,codex,,,
add,Pearl River,3,wicker,9,,939,,Visual review of Pearl River page 3 shows the Wicker precinct value; added missing OCR cell from the source image.,codex,,,
add,Pearl River,3,wicker,10,,290,,Visual review of Pearl River page 3 shows the Wicker precinct value; added missing OCR cell from the source image.,codex,,,
add,Pearl River,3,wicker,11,,899,,Visual review of Pearl River page 3 shows the Wicker precinct value; added missing OCR cell from the source image.,codex,,,
add,Pearl River,4,wicker,1,,224,,Visual review of Pearl River page 4 shows the Wicker precinct value; added missing OCR cell from the source image.,codex,,,
add,Pearl River,4,wicker,2,,184,,Visual review of Pearl River page 4 shows the Wicker precinct value; added missing OCR cell from the source image.,codex,,,
add,Pearl River,4,wicker,3,,823,,Visual review of Pearl River page 4 shows the Wicker precinct value; added missing OCR cell from the source image.,codex,,,
add,Pearl River,4,wicker,4,,693,,Visual review of Pearl River page 4 shows the Wicker precinct value; added missing OCR cell from the source image.,codex,,,
add,Pearl River,4,wicker,5,,177,,Visual review of Pearl River page 4 shows the Wicker precinct value; added missing OCR cell from the source image.,codex,,,
update,Wilkinson,2,harris,1,328,328,,Visual review of Wilkinson page 2 shows the Harris cell should be 328; OCR captured 328.,codex,,,
add,Wilkinson,2,harris,2,,353,,Visual review of Wilkinson page 2 shows the Harris precinct value; added missing OCR cell from the source image.,codex,,,
add,Wilkinson,2,harris,3,,75,,Visual review of Wilkinson page 2 shows the Harris precinct value; added missing OCR cell from the source image.,codex,,,
add,Wilkinson,2,harris,4,,97,,Visual review of Wilkinson page 2 shows the Harris precinct value; added missing OCR cell from the source image.,codex,,,
add,Wilkinson,2,harris,5,,122,,Visual review of Wilkinson page 2 shows the Harris precinct value; added missing OCR cell from the source image.,codex,,,
add,Wilkinson,2,harris,6,,182,,Visual review of Wilkinson page 2 shows the Harris precinct value; added missing OCR cell from the source image.,codex,,,
add,Wilkinson,2,harris,7,,490,,Visual review of Wilkinson page 2 shows the Harris precinct value; added missing OCR cell from the source image.,codex,,,
add,Wilkinson,2,harris,8,,170,,Visual review of Wilkinson page 2 shows the Harris precinct value; added missing OCR cell from the source image.,codex,,,
add,Wilkinson,2,harris,9,,0,,Visual review of Wilkinson page 2 shows the Harris precinct value; added missing OCR cell from the source image.,codex,,,
add,Wilkinson,2,trump,1,,71,,Visual review of Wilkinson page 2 shows the Trump precinct value; added missing OCR cell from the source image.,codex,,,
add,Wilkinson,2,trump,2,,288,,Visual review of Wilkinson page 2 shows the Trump precinct value; added missing OCR cell from the source image.,codex,,,
add,Wilkinson,2,trump,3,,60,,Visual review of Wilkinson page 2 shows the Trump precinct value; added missing OCR cell from the source image.,codex,,,
add,Wilkinson,2,trump,4,,50,,Visual review of Wilkinson page 2 shows the Trump precinct value; added missing OCR cell from the source image.,codex,,,
add,Wilkinson,2,trump,5,,197,,Visual review of Wilkinson page 2 shows the Trump precinct value; added missing OCR cell from the source image.,codex,,,
add,Wilkinson,2,trump,6,,194,,Visual review of Wilkinson page 2 shows the Trump precinct value; added missing OCR cell from the source image.,codex,,,
add,Wilkinson,2,trump,7,,114,,Visual review of Wilkinson page 2 shows the Trump precinct value; added missing OCR cell from the source image.,codex,,,
add,Wilkinson,2,trump,8,,100,,Visual review of Wilkinson page 2 shows the Trump precinct value; added missing OCR cell from the source image.,codex,,,
add,Wilkinson,2,trump,9,,1,,Visual review of Wilkinson page 2 shows the Trump precinct value; added missing OCR cell from the source image.,codex,,,
update,Wilkinson,2,pinkins,1,303,303,,Visual review of Wilkinson page 2 shows the Pinkins cell should be 303; OCR captured 303.,codex,,,
add,Wilkinson,2,pinkins,2,,335,,Visual review of Wilkinson page 2 shows the Pinkins precinct value; added missing OCR cell from the source image.,codex,,,
add,Wilkinson,2,pinkins,3,,69,,Visual review of Wilkinson page 2 shows the Pinkins precinct value; added missing OCR cell from the source image.,codex,,,
add,Wilkinson,2,pinkins,4,,90,,Visual review of Wilkinson page 2 shows the Pinkins precinct value; added missing OCR cell from the source image.,codex,,,
add,Wilkinson,2,pinkins,5,,120,,Visual review of Wilkinson page 2 shows the Pinkins precinct value; added missing OCR cell from the source image.,codex,,,
add,Wilkinson,2,pinkins,6,,169,,Visual review of Wilkinson page 2 shows the Pinkins precinct value; added missing OCR cell from the source image.,codex,,,
add,Wilkinson,2,pinkins,7,,465,,Visual review of Wilkinson page 2 shows the Pinkins precinct value; added missing OCR cell from the source image.,codex,,,
add,Wilkinson,2,pinkins,8,,159,,Visual review of Wilkinson page 2 shows the Pinkins precinct value; added missing OCR cell from the source image.,codex,,,
add,Wilkinson,2,pinkins,9,,0,,Visual review of Wilkinson page 2 shows the Pinkins precinct value; added missing OCR cell from the source image.,codex,,,
update,Wilkinson,2,wicker,1,88,88,,Visual review of Wilkinson page 2 shows the Wicker cell should be 88; OCR captured 88.,codex,,,
add,Wilkinson,2,wicker,2,,304,,Visual review of Wilkinson page 2 shows the Wicker precinct value; added missing OCR cell from the source image.,codex,,,
add,Wilkinson,2,wicker,3,,64,,Visual review of Wilkinson page 2 shows the Wicker precinct value; added missing OCR cell from the source image.,codex,,,
add,Wilkinson,2,wicker,4,,55,,Visual review of Wilkinson page 2 shows the Wicker precinct value; added missing OCR cell from the source image.,codex,,,
add,Wilkinson,2,wicker,5,,192,,Visual review of Wilkinson page 2 shows the Wicker precinct value; added missing OCR cell from the source image.,codex,,,
add,Wilkinson,2,wicker,6,,195,,Visual review of Wilkinson page 2 shows the Wicker precinct value; added missing OCR cell from the source image.,codex,,,
add,Wilkinson,2,wicker,7,,131,,Visual review of Wilkinson page 2 shows the Wicker precinct value; added missing OCR cell from the source image.,codex,,,
add,Wilkinson,2,wicker,8,,106,,Visual review of Wilkinson page 2 shows the Wicker precinct value; added missing OCR cell from the source image.,codex,,,
add,Wilkinson,2,wicker,9,,1,,Visual review of Wilkinson page 2 shows the Wicker precinct value; added missing OCR cell from the source image.,codex,,,
add,Lawrence,2,harris,1,,223,,Visual review of Lawrence page 2 shows the Harris precinct value; added missing OCR cell from the source image.,codex,,,
add,Lawrence,2,harris,2,,65,,Visual review of Lawrence page 2 shows the Harris precinct value; added missing OCR cell from the source image.,codex,,,
add,Lawrence,2,harris,3,,177,,Visual review of Lawrence page 2 shows the Harris precinct value; added missing OCR cell from the source image.,codex,,,
add,Lawrence,2,harris,4,,25,,Visual review of Lawrence page 2 shows the Harris precinct value; added missing OCR cell from the source image.,codex,,,
add,Lawrence,2,harris,5,,118,,Visual review of Lawrence page 2 shows the Harris precinct value; added missing OCR cell from the source image.,codex,,,
add,Lawrence,2,harris,6,,221,,Visual review of Lawrence page 2 shows the Harris precinct value; added missing OCR cell from the source image.,codex,,,
add,Lawrence,2,harris,7,,73,,Visual review of Lawrence page 2 shows the Harris precinct value; added missing OCR cell from the source image.,codex,,,
add,Lawrence,2,harris,8,,225,,Visual review of Lawrence page 2 shows the Harris precinct value; added missing OCR cell from the source image.,codex,,,
add,Lawrence,2,harris,9,,170,,Visual review of Lawrence page 2 shows the Harris precinct value; added missing OCR cell from the source image.,codex,,,
add,Lawrence,2,harris,10,,217,,Visual review of Lawrence page 2 shows the Harris precinct value; added missing OCR cell from the source image.,codex,,,
add,Lawrence,2,harris,11,,13,,Visual review of Lawrence page 2 shows the Harris precinct value; added missing OCR cell from the source image.,codex,,,
add,Lawrence,3,harris,1,,204,,Visual review of Lawrence page 3 shows the Harris precinct value; added missing OCR cell from the source image.,codex,,,
add,Lawrence,3,harris,2,,168,,Visual review of Lawrence page 3 shows the Harris precinct value; added missing OCR cell from the source image.,codex,,,
add,Lawrence,2,trump,1,,257,,Visual review of Lawrence page 2 shows the Trump precinct value; added missing OCR cell from the source image.,codex,,,
add,Lawrence,2,trump,2,,523,,Visual review of Lawrence page 2 shows the Trump precinct value; added missing OCR cell from the source image.,codex,,,
add,Lawrence,2,trump,3,,955,,Visual review of Lawrence page 2 shows the Trump precinct value; added missing OCR cell from the source image.,codex,,,
add,Lawrence,2,trump,4,,463,,Visual review of Lawrence page 2 shows the Trump precinct value; added missing OCR cell from the source image.,codex,,,
add,Lawrence,2,trump,5,,457,,Visual review of Lawrence page 2 shows the Trump precinct value; added missing OCR cell from the source image.,codex,,,
add,Lawrence,2,trump,6,,53,,Visual review of Lawrence page 2 shows the Trump precinct value; added missing OCR cell from the source image.,codex,,,
add,Lawrence,2,trump,7,,186,,Visual review of Lawrence page 2 shows the Trump precinct value; added missing OCR cell from the source image.,codex,,,
add,Lawrence,2,trump,8,,157,,Visual review of Lawrence page 2 shows the Trump precinct value; added missing OCR cell from the source image.,codex,,,
add,Lawrence,2,trump,9,,340,,Visual review of Lawrence page 2 shows the Trump precinct value; added missing OCR cell from the source image.,codex,,,
add,Lawrence,2,trump,10,,154,,Visual review of Lawrence page 2 shows the Trump precinct value; added missing OCR cell from the source image.,codex,,,
add,Lawrence,2,trump,11,,205,,Visual review of Lawrence page 2 shows the Trump precinct value; added missing OCR cell from the source image.,codex,,,
update,Lawrence,3,trump,1,277,86,,Visual review of Lawrence page 3 shows the Trump cell should be 86; OCR captured 277.,codex,,,
update,Lawrence,3,trump,2,4113,277,,Visual review of Lawrence page 3 shows the Trump cell should be 277; OCR captured 4113.,codex,,,
add,Lawrence,2,pinkins,1,,220,,Visual review of Lawrence page 2 shows the Pinkins precinct value; added missing OCR cell from the source image.,codex,,,
add,Lawrence,2,pinkins,2,,68,,Visual review of Lawrence page 2 shows the Pinkins precinct value; added missing OCR cell from the source image.,codex,,,
add,Lawrence,2,pinkins,3,,175,,Visual review of Lawrence page 2 shows the Pinkins precinct value; added missing OCR cell from the source image.,codex,,,
add,Lawrence,2,pinkins,4,,34,,Visual review of Lawrence page 2 shows the Pinkins precinct value; added missing OCR cell from the source image.,codex,,,
add,Lawrence,2,pinkins,5,,121,,Visual review of Lawrence page 2 shows the Pinkins precinct value; added missing OCR cell from the source image.,codex,,,
add,Lawrence,2,pinkins,6,,191,,Visual review of Lawrence page 2 shows the Pinkins precinct value; added missing OCR cell from the source image.,codex,,,
add,Lawrence,2,pinkins,7,,74,,Visual review of Lawrence page 2 shows the Pinkins precinct value; added missing OCR cell from the source image.,codex,,,
add,Lawrence,2,pinkins,8,,224,,Visual review of Lawrence page 2 shows the Pinkins precinct value; added missing OCR cell from the source image.,codex,,,
add,Lawrence,2,pinkins,9,,166,,Visual review of Lawrence page 2 shows the Pinkins precinct value; added missing OCR cell from the source image.,codex,,,
add,Lawrence,2,pinkins,10,,213,,Visual review of Lawrence page 2 shows the Pinkins precinct value; added missing OCR cell from the source image.,codex,,,
add,Lawrence,2,pinkins,11,,14,,Visual review of Lawrence page 2 shows the Pinkins precinct value; added missing OCR cell from the source image.,codex,,,
update,Lawrence,3,pinkins,1,207,207,,Visual review of Lawrence page 3 shows the Pinkins cell should be 207; OCR captured 207.,codex,,,
update,Lawrence,3,pinkins,2,160,160,,Visual review of Lawrence page 3 shows the Pinkins cell should be 160; OCR captured 160.,codex,,,
update,Lawrence,2,wicker,1,258,256,,Visual review of Lawrence page 2 shows the Wicker cell should be 256; OCR captured 258.,codex,,,
update,Lawrence,2,wicker,2,522,522,,Visual review of Lawrence page 2 shows the Wicker cell should be 522; OCR captured 522.,codex,,,
update,Lawrence,2,wicker,3,956,956,,Visual review of Lawrence page 2 shows the Wicker cell should be 956; OCR captured 956.,codex,,,
update,Lawrence,2,wicker,4,454,454,,Visual review of Lawrence page 2 shows the Wicker cell should be 454; OCR captured 454.,codex,,,
update,Lawrence,2,wicker,5,445,445,,Visual review of Lawrence page 2 shows the Wicker cell should be 445; OCR captured 445.,codex,,,
update,Lawrence,2,wicker,6,77,77,,Visual review of Lawrence page 2 shows the Wicker cell should be 77; OCR captured 77.,codex,,,
update,Lawrence,2,wicker,7,192,192,,Visual review of Lawrence page 2 shows the Wicker cell should be 192; OCR captured 192.,codex,,,
update,Lawrence,2,wicker,8,185,165,,Visual review of Lawrence page 2 shows the Wicker cell should be 165; OCR captured 185.,codex,,,
update,Lawrence,2,wicker,9,336,336,,Visual review of Lawrence page 2 shows the Wicker cell should be 336; OCR captured 336.,codex,,,
update,Lawrence,2,wicker,10,155,159,,Visual review of Lawrence page 2 shows the Wicker cell should be 159; OCR captured 155.,codex,,,
update,Lawrence,2,wicker,11,202,202,,Visual review of Lawrence page 2 shows the Wicker cell should be 202; OCR captured 202.,codex,,,
update,Lawrence,3,wicker,1,22,92,,Visual review of Lawrence page 3 shows the Wicker cell should be 92; OCR captured 22.,codex,,,
update,Lawrence,3,wicker,2,281,281,,Visual review of Lawrence page 3 shows the Wicker cell should be 281; OCR captured 281.,codex,,,
update,Lawrence,3,pinkins,3,1867,,yes,"Visual review of Lawrence page 3 shows the Pinkins cell is a TOTAL column, not a precinct value.",codex,,,
update,Lawrence,3,wicker,3,4137,,yes,"Visual review of Lawrence page 3 shows the Wicker cell is a TOTAL column, not a precinct value.",codex,,,
add,Perry,2,harris,9,,49,,Visual review of Perry page 2 shows the Harris precinct value; added missing OCR cell from the source image.,codex,,,
add,Perry,2,harris,10,,78,,Visual review of Perry page 2 shows the Harris precinct value; added missing OCR cell from the source image.,codex,,,
add,Perry,2,harris,11,,72,,Visual review of Perry page 2 shows the Harris precinct value; added missing OCR cell from the source image.,codex,,,
update,Perry,3,harris,3,4,76,,Visual review of Perry page 3 shows the Harris cell should be 76; OCR captured 4.,codex,,,
update,Perry,3,harris,4,1079,48,,Visual review of Perry page 3 shows the Harris cell should be 48; OCR captured 1079.,codex,,,
add,Perry,3,harris,5,,4,,Visual review of Perry page 3 shows the Harris precinct value; added missing OCR cell from the source image.,codex,,,
update,Perry,2,trump,7,19,196,,Visual review of Perry page 2 shows the Trump cell should be 196; OCR captured 19.,codex,,,
update,Perry,2,trump,9,48,483,,Visual review of Perry page 2 shows the Trump cell should be 483; OCR captured 48.,codex,,,
add,Perry,3,trump,4,,913,,Visual review of Perry page 3 shows the Trump precinct value; added missing OCR cell from the source image.,codex,,,
add,Perry,3,trump,5,,61,,Visual review of Perry page 3 shows the Trump precinct value; added missing OCR cell from the source image.,codex,,,
update,Perry,2,pinkins,1,294,64,,Visual review of Perry page 2 shows the Pinkins cell should be 64; OCR captured 294.,codex,,,
update,Perry,2,pinkins,2,27,294,,Visual review of Perry page 2 shows the Pinkins cell should be 294; OCR captured 27.,codex,,,
update,Perry,2,pinkins,3,123,27,,Visual review of Perry page 2 shows the Pinkins cell should be 27; OCR captured 123.,codex,,,
update,Perry,2,pinkins,4,50,5,,Visual review of Perry page 2 shows the Pinkins cell should be 5; OCR captured 50.,codex,,,
update,Perry,2,pinkins,5,74,35,,Visual review of Perry page 2 shows the Pinkins cell should be 35; OCR captured 74.,codex,,,
update,Perry,2,pinkins,6,66,14,,Visual review of Perry page 2 shows the Pinkins cell should be 14; OCR captured 66.,codex,,,
add,Perry,2,pinkins,7,,75,,Visual review of Perry page 2 shows the Pinkins precinct value; added missing OCR cell from the source image.,codex,,,
add,Perry,2,pinkins,8,,123,,Visual review of Perry page 2 shows the Pinkins precinct value; added missing OCR cell from the source image.,codex,,,
add,Perry,2,pinkins,9,,50,,Visual review of Perry page 2 shows the Pinkins precinct value; added missing OCR cell from the source image.,codex,,,
add,Perry,2,pinkins,10,,74,,Visual review of Perry page 2 shows the Pinkins precinct value; added missing OCR cell from the source image.,codex,,,
add,Perry,2,pinkins,11,,66,,Visual review of Perry page 2 shows the Pinkins precinct value; added missing OCR cell from the source image.,codex,,,
add,Perry,3,pinkins,2,,108,,Visual review of Perry page 3 shows the Pinkins precinct value; added missing OCR cell from the source image.,codex,,,
add,Perry,3,pinkins,3,,80,,Visual review of Perry page 3 shows the Pinkins precinct value; added missing OCR cell from the source image.,codex,,,
add,Perry,3,pinkins,4,,58,,Visual review of Perry page 3 shows the Pinkins precinct value; added missing OCR cell from the source image.,codex,,,
add,Perry,3,pinkins,5,,3,,Visual review of Perry page 3 shows the Pinkins precinct value; added missing OCR cell from the source image.,codex,,,
add,Perry,2,wicker,1,,406,,Visual review of Perry page 2 shows the Wicker precinct value; added missing OCR cell from the source image.,codex,,,
add,Perry,2,wicker,2,,100,,Visual review of Perry page 2 shows the Wicker precinct value; added missing OCR cell from the source image.,codex,,,
add,Perry,2,wicker,3,,108,,Visual review of Perry page 2 shows the Wicker precinct value; added missing OCR cell from the source image.,codex,,,
add,Perry,2,wicker,4,,118,,Visual review of Perry page 2 shows the Wicker precinct value; added missing OCR cell from the source image.,codex,,,
add,Perry,2,wicker,5,,180,,Visual review of Perry page 2 shows the Wicker precinct value; added missing OCR cell from the source image.,codex,,,
add,Perry,2,wicker,6,,68,,Visual review of Perry page 2 shows the Wicker precinct value; added missing OCR cell from the source image.,codex,,,
add,Perry,2,wicker,7,,200,,Visual review of Perry page 2 shows the Wicker precinct value; added missing OCR cell from the source image.,codex,,,
add,Perry,2,wicker,8,,238,,Visual review of Perry page 2 shows the Wicker precinct value; added missing OCR cell from the source image.,codex,,,
add,Perry,2,wicker,9,,471,,Visual review of Perry page 2 shows the Wicker precinct value; added missing OCR cell from the source image.,codex,,,
add,Perry,2,wicker,10,,39,,Visual review of Perry page 2 shows the Wicker precinct value; added missing OCR cell from the source image.,codex,,,
add,Perry,2,wicker,11,,90,,Visual review of Perry page 2 shows the Wicker precinct value; added missing OCR cell from the source image.,codex,,,
add,Perry,3,wicker,1,,151,,Visual review of Perry page 3 shows the Wicker precinct value; added missing OCR cell from the source image.,codex,,,
add,Perry,3,wicker,2,,1071,,Visual review of Perry page 3 shows the Wicker precinct value; added missing OCR cell from the source image.,codex,,,
add,Perry,3,wicker,3,,211,,Visual review of Perry page 3 shows the Wicker precinct value; added missing OCR cell from the source image.,codex,,,
add,Perry,3,wicker,4,,900,,Visual review of Perry page 3 shows the Wicker precinct value; added missing OCR cell from the source image.,codex,,,
add,Perry,3,wicker,5,,61,,Visual review of Perry page 3 shows the Wicker precinct value; added missing OCR cell from the source image.,codex,,,
update,Jasper,2,harris,1,8,84,,Visual review of Jasper page 2 shows the Harris cell should be 84; OCR captured 8.,codex,,,
update,Jasper,2,harris,2,43,439,,Visual review of Jasper page 2 shows the Harris cell should be 439; OCR captured 43.,codex,,,
update,Jasper,2,harris,3,29,293,,Visual review of Jasper page 2 shows the Harris cell should be 293; OCR captured 29.,codex,,,
add,Jasper,2,harris,4,,239,,Visual review of Jasper page 2 shows the Harris precinct value; added missing OCR cell from the source image.,codex,,,
add,Jasper,2,harris,5,,927,,Visual review of Jasper page 2 shows the Harris precinct value; added missing OCR cell from the source image.,codex,,,
add,Jasper,2,harris,6,,209,,Visual review of Jasper page 2 shows the Harris precinct value; added missing OCR cell from the source image.,codex,,,
add,Jasper,2,harris,7,,276,,Visual review of Jasper page 2 shows the Harris Louin precinct value is 276; added missing OCR cell from the source image.,codex,,,
add,Jasper,2,harris,8,,119,,Visual review of Jasper page 2 shows the Harris precinct value; added missing OCR cell from the source image.,codex,,,
add,Jasper,2,harris,9,,170,,Visual review of Jasper page 2 shows the Harris precinct value; added missing OCR cell from the source image.,codex,,,
add,Jasper,2,harris,10,,636,,Visual review of Jasper page 2 shows the Harris precinct value; added missing OCR cell from the source image.,codex,,,
add,Jasper,2,harris,11,,273,,Visual review of Jasper page 2 shows the Harris precinct value; added missing OCR cell from the source image.,codex,,,
update,Jasper,3,harris,1,5,57,,Visual review of Jasper page 3 shows the Harris cell should be 57; OCR captured 5.,codex,,,
update,Jasper,3,harris,2,3722,,yes,"Visual review of Jasper page 3 shows the Harris cell is a TOTAL column, not a precinct value.",codex,,,
add,Jasper,2,trump,1,,249,,Visual review of Jasper page 2 shows the Trump precinct value; added missing OCR cell from the source image.,codex,,,
add,Jasper,2,trump,2,,377,,Visual review of Jasper page 2 shows the Trump precinct value; added missing OCR cell from the source image.,codex,,,
add,Jasper,2,trump,3,,341,,Visual review of Jasper page 2 shows the Trump precinct value; added missing OCR cell from the source image.,codex,,,
add,Jasper,2,trump,4,,176,,Visual review of Jasper page 2 shows the Trump precinct value; added missing OCR cell from the source image.,codex,,,
add,Jasper,2,trump,5,,209,,Visual review of Jasper page 2 shows the Trump precinct value; added missing OCR cell from the source image.,codex,,,
add,Jasper,2,trump,6,,252,,Visual review of Jasper page 2 shows the Trump precinct value; added missing OCR cell from the source image.,codex,,,
add,Jasper,2,trump,7,,239,,Visual review of Jasper page 2 shows the Trump precinct value; added missing OCR cell from the source image.,codex,,,
add,Jasper,2,trump,8,,142,,Visual review of Jasper page 2 shows the Trump precinct value; added missing OCR cell from the source image.,codex,,,
add,Jasper,2,trump,9,,556,,Visual review of Jasper page 2 shows the Trump precinct value; added missing OCR cell from the source image.,codex,,,
add,Jasper,2,trump,10,,295,,Visual review of Jasper page 2 shows the Trump precinct value; added missing OCR cell from the source image.,codex,,,
add,Jasper,2,trump,11,,389,,Visual review of Jasper page 2 shows the Trump precinct value; added missing OCR cell from the source image.,codex,,,
update,Jasper,3,trump,1,411,893,,Visual review of Jasper page 3 shows the Trump cell should be 893; OCR captured 411.,codex,,,
update,Jasper,2,pinkins,8,11,117,,Visual review of Jasper page 2 shows the Pinkins cell should be 117; OCR captured 11.,codex,,,
update,Jasper,3,pinkins,2,3646,,yes,"Visual review of Jasper page 3 shows the Pinkins cell is a TOTAL column, not a precinct value.",codex,,,
add,Jasper,2,wicker,1,,245,,Visual review of Jasper page 2 shows the Wicker precinct value; added missing OCR cell from the source image.,codex,,,
add,Jasper,2,wicker,2,,389,,Visual review of Jasper page 2 shows the Wicker precinct value; added missing OCR cell from the source image.,codex,,,
add,Jasper,2,wicker,3,,345,,Visual review of Jasper page 2 shows the Wicker precinct value; added missing OCR cell from the source image.,codex,,,
add,Jasper,2,wicker,4,,179,,Visual review of Jasper page 2 shows the Wicker precinct value; added missing OCR cell from the source image.,codex,,,
add,Jasper,2,wicker,5,,232,,Visual review of Jasper page 2 shows the Wicker precinct value; added missing OCR cell from the source image.,codex,,,
add,Jasper,2,wicker,6,,250,,Visual review of Jasper page 2 shows the Wicker precinct value; added missing OCR cell from the source image.,codex,,,
add,Jasper,2,wicker,7,,246,,Visual review of Jasper page 2 shows the Wicker precinct value; added missing OCR cell from the source image.,codex,,,
add,Jasper,2,wicker,8,,147,,Visual review of Jasper page 2 shows the Wicker precinct value; added missing OCR cell from the source image.,codex,,,
add,Jasper,2,wicker,9,,562,,Visual review of Jasper page 2 shows the Wicker precinct value; added missing OCR cell from the source image.,codex,,,
add,Jasper,2,wicker,10,,314,,Visual review of Jasper page 2 shows the Wicker precinct value; added missing OCR cell from the source image.,codex,,,
add,Jasper,2,wicker,11,,389,,Visual review of Jasper page 2 shows the Wicker precinct value; added missing OCR cell from the source image.,codex,,,
add,Jasper,3,wicker,1,,891,,Visual review of Jasper page 3 shows the Wicker precinct value; added missing OCR cell from the source image.,codex,,,
