state,election_year,county,local_unit,pres_harris,pres_trump,pres_other,pres_total,comparison_dem,comparison_rep,comparison_other,dem_dropoff,rep_dropoff
NY,2024,Albany County,ALBANY WARD 1 ED 1,121,40,0,161,125,33,0,,
NY,2024,Albany County,ALBANY WARD 1 ED 2,478,112,0,590,468,91,1,,
NY,2024,Albany County,ALBANY WARD 1 ED 3,358,75,0,433,364,62,0,,
NY,2024,Albany County,ALBANY WARD 1 ED 4,276,26,0,302,271,19,1,,
NY,2024,Albany County,ALBANY WARD 1 ED 5,266,80,0,346,274,59,3,,
NY,2024,Albany County,ALBANY WARD 1 ED 6,275,40,0,315,261,35,2,,
NY,2024,Albany County,ALBANY WARD 10 ED 1,42,12,0,54,39,12,3,,
NY,2024,Albany County,ALBANY WARD 10 ED 2,103,11,0,114,106,9,0,,
NY,2024,Albany County,ALBANY WARD 10 ED 3,137,31,0,168,141,23,0,,
NY,2024,Albany County,ALBANY WARD 10 ED 4,299,66,0,365,293,63,1,,
NY,2024,Albany County,ALBANY WARD 10 ED 5,401,65,0,466,376,61,3,,
NY,2024,Albany County,ALBANY WARD 10 ED 6,261,45,0,306,256,41,4,,
NY,2024,Albany County,ALBANY WARD 10 ED 7,107,24,0,131,107,22,0,,
NY,2024,Albany County,ALBANY WARD 11 ED 1,88,26,0,114,86,24,0,,
NY,2024,Albany County,ALBANY WARD 11 ED 2,54,11,0,65,55,7,2,,
NY,2024,Albany County,ALBANY WARD 11 ED 3,196,43,0,239,196,34,3,,
NY,2024,Albany County,ALBANY WARD 11 ED 4,366,138,0,504,360,121,5,,
NY,2024,Albany County,ALBANY WARD 11 ED 5,203,42,0,245,194,32,4,,
NY,2024,Albany County,ALBANY WARD 11 ED 6,47,10,0,57,41,9,1,,
NY,2024,Albany County,ALBANY WARD 12 ED 1,239,94,0,333,249,76,3,,
NY,2024,Albany County,ALBANY WARD 12 ED 2,156,68,0,224,159,59,1,,
NY,2024,Albany County,ALBANY WARD 12 ED 3,862,297,0,1159,876,268,4,,
NY,2024,Albany County,ALBANY WARD 12 ED 4,13,11,0,24,15,8,0,,
NY,2024,Albany County,ALBANY WARD 12 ED 5,362,63,0,425,344,60,3,,
NY,2024,Albany County,ALBANY WARD 12 ED 6,71,22,0,93,71,18,2,,
NY,2024,Albany County,ALBANY WARD 13 ED 1,21,2,0,23,22,1,0,,
NY,2024,Albany County,ALBANY WARD 13 ED 2,459,118,0,577,460,112,5,,
NY,2024,Albany County,ALBANY WARD 13 ED 3,398,110,0,508,403,105,2,,
NY,2024,Albany County,ALBANY WARD 13 ED 4,804,176,0,980,805,159,3,,
NY,2024,Albany County,ALBANY WARD 13 ED 5,279,66,0,345,281,68,3,,
NY,2024,Albany County,ALBANY WARD 14 ED 1,185,27,0,212,182,23,1,,
NY,2024,Albany County,ALBANY WARD 14 ED 2,382,171,0,553,396,141,3,,
NY,2024,Albany County,ALBANY WARD 14 ED 3,444,131,0,575,448,114,0,,
NY,2024,Albany County,ALBANY WARD 14 ED 4,307,80,0,387,308,69,5,,
NY,2024,Albany County,ALBANY WARD 14 ED 5,559,135,0,694,577,128,0,,
NY,2024,Albany County,ALBANY WARD 14 ED 6,428,78,0,506,429,74,1,,
NY,2024,Albany County,ALBANY WARD 14 ED 7,389,117,0,506,398,106,3,,
NY,2024,Albany County,ALBANY WARD 14 ED 8,392,95,0,487,389,96,2,,
NY,2024,Albany County,ALBANY WARD 15 ED 1,266,43,0,309,238,40,2,,
NY,2024,Albany County,ALBANY WARD 15 ED 2,306,115,0,421,318,96,1,,
NY,2024,Albany County,ALBANY WARD 15 ED 3,309,137,0,446,326,110,2,,
NY,2024,Albany County,ALBANY WARD 15 ED 4,311,79,0,390,314,75,0,,
NY,2024,Albany County,ALBANY WARD 15 ED 5,356,145,0,501,372,122,4,,
NY,2024,Albany County,ALBANY WARD 2 ED 1,94,26,0,120,99,16,3,,
NY,2024,Albany County,ALBANY WARD 2 ED 2,233,44,0,277,220,35,2,,
NY,2024,Albany County,ALBANY WARD 2 ED 3,384,56,0,440,377,47,5,,
NY,2024,Albany County,ALBANY WARD 2 ED 4,102,18,0,120,104,17,1,,
NY,2024,Albany County,ALBANY WARD 2 ED 5,287,49,0,336,275,30,1,,
NY,2024,Albany County,ALBANY WARD 2 ED 6,183,38,0,221,175,37,1,,
NY,2024,Albany County,ALBANY WARD 3 ED 1,166,29,0,195,165,30,2,,
NY,2024,Albany County,ALBANY WARD 3 ED 2,206,58,0,264,201,47,1,,
NY,2024,Albany County,ALBANY WARD 3 ED 3,245,42,0,287,235,36,6,,
NY,2024,Albany County,ALBANY WARD 3 ED 4,457,71,0,528,440,53,4,,
NY,2024,Albany County,ALBANY WARD 4 ED 1,294,44,0,338,294,41,2,,
NY,2024,Albany County,ALBANY WARD 4 ED 2,148,15,0,163,140,9,1,,
NY,2024,Albany County,ALBANY WARD 4 ED 3,457,134,0,591,452,121,3,,
NY,2024,Albany County,ALBANY WARD 4 ED 4,117,17,0,134,116,14,1,,
NY,2024,Albany County,ALBANY WARD 4 ED 5,689,138,0,827,678,107,6,,
NY,2024,Albany County,ALBANY WARD 4 ED 6,118,18,0,136,112,15,0,,
NY,2024,Albany County,ALBANY WARD 5 ED 1,279,25,0,304,262,19,3,,
NY,2024,Albany County,ALBANY WARD 5 ED 2,240,46,0,286,232,33,3,,
NY,2024,Albany County,ALBANY WARD 5 ED 3,404,42,0,446,384,34,6,,
NY,2024,Albany County,ALBANY WARD 5 ED 4,153,35,0,188,143,28,5,,
NY,2024,Albany County,ALBANY WARD 6 ED 1,430,63,0,493,430,59,6,,
NY,2024,Albany County,ALBANY WARD 6 ED 2,316,31,0,347,324,30,6,,
NY,2024,Albany County,ALBANY WARD 6 ED 3,355,44,0,399,346,45,3,,
NY,2024,Albany County,ALBANY WARD 6 ED 4,470,80,0,550,464,65,10,,
NY,2024,Albany County,ALBANY WARD 6 ED 5,446,53,0,499,461,48,3,,
NY,2024,Albany County,ALBANY WARD 6 ED 6,156,15,0,171,155,14,2,,
NY,2024,Albany County,ALBANY WARD 7 ED 1,128,7,0,135,127,7,1,,
NY,2024,Albany County,ALBANY WARD 7 ED 2,181,42,0,223,184,34,1,,
NY,2024,Albany County,ALBANY WARD 7 ED 3,460,104,0,564,439,82,4,,
NY,2024,Albany County,ALBANY WARD 7 ED 4,20,9,0,29,18,5,0,,
NY,2024,Albany County,ALBANY WARD 7 ED 5,299,54,0,353,304,46,2,,
NY,2024,Albany County,ALBANY WARD 7 ED 6,394,98,0,492,401,80,3,,
NY,2024,Albany County,ALBANY WARD 8 ED 1,372,126,0,498,382,108,3,,
NY,2024,Albany County,ALBANY WARD 8 ED 2,457,136,0,593,465,123,0,,
NY,2024,Albany County,ALBANY WARD 8 ED 3,773,307,0,1080,799,264,7,,
NY,2024,Albany County,ALBANY WARD 8 ED 4,345,102,0,447,365,83,4,,
NY,2024,Albany County,ALBANY WARD 8 ED 5,618,222,0,840,637,194,2,,
NY,2024,Albany County,ALBANY WARD 8 ED 6,332,101,0,433,345,89,5,,
NY,2024,Albany County,ALBANY WARD 9 ED 1,206,40,0,246,212,31,2,,
NY,2024,Albany County,ALBANY WARD 9 ED 2,306,59,0,365,304,53,4,,
NY,2024,Albany County,ALBANY WARD 9 ED 3,363,76,0,439,367,67,2,,
NY,2024,Albany County,ALBANY WARD 9 ED 4,355,87,0,442,368,74,0,,
NY,2024,Albany County,ALBANY WARD 9 ED 5,384,78,0,462,389,69,6,,
NY,2024,Albany County,ALBANY WARD 9 ED 6,325,68,0,393,336,63,0,,
NY,2024,Albany County,ALBANY WARD 9 ED 7,243,68,0,311,247,64,3,,
NY,2024,Albany County,ALBANY WARD 9 ED 8,238,58,0,296,240,47,0,,
NY,2024,Albany County,BERNE ED 1,367,472,0,839,398,429,0,,
NY,2024,Albany County,BERNE ED 2,341,584,0,925,367,528,4,,
NY,2024,Albany County,BETHLEHEM ED 1,127,187,0,314,138,170,2,,
NY,2024,Albany County,BETHLEHEM ED 10,603,318,0,921,607,307,7,,
NY,2024,Albany County,BETHLEHEM ED 11,446,263,0,709,446,263,0,,
NY,2024,Albany County,BETHLEHEM ED 12,875,216,0,1091,864,224,3,,
NY,2024,Albany County,BETHLEHEM ED 13,507,124,0,631,499,125,2,,
NY,2024,Albany County,BETHLEHEM ED 14,712,249,0,961,721,233,6,,
NY,2024,Albany County,BETHLEHEM ED 15,634,277,0,911,638,268,6,,
NY,2024,Albany County,BETHLEHEM ED 16,706,212,0,918,695,217,6,,
NY,2024,Albany County,BETHLEHEM ED 17,751,281,0,1032,749,267,6,,
NY,2024,Albany County,BETHLEHEM ED 18,540,256,0,796,553,237,0,,
NY,2024,Albany County,BETHLEHEM ED 19,769,300,0,1069,780,312,2,,
NY,2024,Albany County,BETHLEHEM ED 2,123,156,0,279,130,140,0,,
NY,2024,Albany County,BETHLEHEM ED 20,417,165,0,582,415,169,3,,
NY,2024,Albany County,BETHLEHEM ED 21,696,298,0,994,697,292,0,,
NY,2024,Albany County,BETHLEHEM ED 22,487,294,0,781,513,269,5,,
NY,2024,Albany County,BETHLEHEM ED 23,257,123,0,380,252,119,2,,
NY,2024,Albany County,BETHLEHEM ED 24,510,247,0,757,505,250,5,,
NY,2024,Albany County,BETHLEHEM ED 25,789,163,0,952,785,170,7,,
NY,2024,Albany County,BETHLEHEM ED 26,540,174,0,714,542,183,2,,
NY,2024,Albany County,BETHLEHEM ED 27,265,197,0,462,275,174,5,,
NY,2024,Albany County,BETHLEHEM ED 3,536,512,0,1048,565,460,3,,
NY,2024,Albany County,BETHLEHEM ED 4,137,121,0,258,140,108,1,,
NY,2024,Albany County,BETHLEHEM ED 5,783,473,0,1256,790,453,4,,
NY,2024,Albany County,BETHLEHEM ED 6,401,285,0,686,409,267,1,,
NY,2024,Albany County,BETHLEHEM ED 7,694,376,0,1070,695,364,5,,
NY,2024,Albany County,BETHLEHEM ED 8,773,334,0,1107,788,325,5,,
NY,2024,Albany County,BETHLEHEM ED 9,713,353,0,1066,708,358,1,,
NY,2024,Albany County,COEYMANS ED 1,302,287,0,589,335,245,2,,
NY,2024,Albany County,COEYMANS ED 2,444,482,0,926,499,402,6,,
NY,2024,Albany County,COEYMANS ED 3,261,369,0,630,292,327,1,,
NY,2024,Albany County,COEYMANS ED 4,294,553,0,847,329,511,1,,
NY,2024,Albany County,COEYMANS ED 5,186,450,0,636,208,423,4,,
NY,2024,Albany County,COHOES WARD 1 ED 1,13,12,0,25,16,9,0,,
NY,2024,Albany County,COHOES WARD 1 ED 2,305,254,0,559,349,200,2,,
NY,2024,Albany County,COHOES WARD 1 ED 3,208,115,0,323,215,95,2,,
NY,2024,Albany County,COHOES WARD 2 ED 1,223,124,0,347,223,106,1,,
NY,2024,Albany County,COHOES WARD 2 ED 2,84,58,0,142,86,41,1,,
NY,2024,Albany County,COHOES WARD 2 ED 3,84,79,0,163,94,59,2,,
NY,2024,Albany County,COHOES WARD 2 ED 4,84,87,0,171,92,68,1,,
NY,2024,Albany County,COHOES WARD 3 ED 1,134,93,0,227,144,68,1,,
NY,2024,Albany County,COHOES WARD 3 ED 2,162,124,0,286,170,103,4,,
NY,2024,Albany County,COHOES WARD 3 ED 3,222,165,0,387,229,145,0,,
NY,2024,Albany County,COHOES WARD 4 ED 1,362,282,0,644,390,239,5,,
NY,2024,Albany County,COHOES WARD 4 ED 2,72,53,0,125,82,39,0,,
NY,2024,Albany County,COHOES WARD 4 ED 3,291,253,0,544,322,210,3,,
NY,2024,Albany County,COHOES WARD 4 ED 4,133,96,0,229,136,85,2,,
NY,2024,Albany County,COHOES WARD 5 ED 1,270,253,0,523,292,213,2,,
NY,2024,Albany County,COHOES WARD 5 ED 2,207,228,0,435,233,185,1,,
NY,2024,Albany County,COHOES WARD 5 ED 3,117,117,0,234,136,91,0,,
NY,2024,Albany County,COHOES WARD 5 ED 4,273,229,0,502,300,183,5,,
NY,2024,Albany County,COHOES WARD 6 ED 1,216,125,0,341,224,95,3,,
NY,2024,Albany County,COHOES WARD 6 ED 2,311,172,0,483,331,135,2,,
NY,2024,Albany County,COHOES WARD 6 ED 3,169,191,0,360,188,153,2,,
NY,2024,Albany County,COLONIE ED 1,792,582,0,1374,814,540,7,,
NY,2024,Albany County,COLONIE ED 10,738,547,0,1285,737,523,12,,
NY,2024,Albany County,COLONIE ED 11,572,396,0,968,592,379,7,,
NY,2024,Albany County,COLONIE ED 12,590,534,0,1124,659,466,16,,
NY,2024,Albany County,COLONIE ED 13,663,320,0,983,676,282,10,,
NY,2024,Albany County,COLONIE ED 14,56,67,0,123,59,60,0,,
NY,2024,Albany County,COLONIE ED 15,618,361,0,979,638,319,11,,
NY,2024,Albany County,COLONIE ED 16,592,447,0,1039,597,433,2,,
NY,2024,Albany County,COLONIE ED 17,774,609,0,1383,806,582,15,,
NY,2024,Albany County,COLONIE ED 18,811,634,0,1445,847,587,3,,
NY,2024,Albany County,COLONIE ED 19,817,527,0,1344,811,531,1,,
NY,2024,Albany County,COLONIE ED 2,764,559,0,1323,785,534,8,,
NY,2024,Albany County,COLONIE ED 20,588,400,0,988,614,376,7,,
NY,2024,Albany County,COLONIE ED 21,432,233,0,665,454,204,6,,
NY,2024,Albany County,COLONIE ED 22,1014,407,0,1421,1019,376,11,,
NY,2024,Albany County,COLONIE ED 23,615,408,0,1023,630,388,3,,
NY,2024,Albany County,COLONIE ED 24,546,458,0,1004,599,391,1,,
NY,2024,Albany County,COLONIE ED 25,701,537,0,1238,734,477,5,,
NY,2024,Albany County,COLONIE ED 26,748,603,0,1351,770,558,4,,
NY,2024,Albany County,COLONIE ED 27,735,470,0,1205,769,416,15,,
NY,2024,Albany County,COLONIE ED 28,697,560,0,1257,742,484,7,,
NY,2024,Albany County,COLONIE ED 29,354,299,0,653,377,256,4,,
NY,2024,Albany County,COLONIE ED 3,822,726,0,1548,873,671,10,,
NY,2024,Albany County,COLONIE ED 30,384,234,0,618,390,230,0,,
NY,2024,Albany County,COLONIE ED 31,653,535,0,1188,681,496,7,,
NY,2024,Albany County,COLONIE ED 32,709,679,0,1388,750,618,4,,
NY,2024,Albany County,COLONIE ED 33,576,579,0,1155,611,525,4,,
NY,2024,Albany County,COLONIE ED 34,687,720,0,1407,715,672,10,,
NY,2024,Albany County,COLONIE ED 35,458,451,0,909,480,403,6,,
NY,2024,Albany County,COLONIE ED 36,321,303,0,624,332,272,2,,
NY,2024,Albany County,COLONIE ED 37,370,360,0,730,385,330,5,,
NY,2024,Albany County,COLONIE ED 38,471,465,0,936,511,406,0,,
NY,2024,Albany County,COLONIE ED 39,692,582,0,1274,727,521,7,,
NY,2024,Albany County,COLONIE ED 4,539,509,0,1048,580,461,13,,
NY,2024,Albany County,COLONIE ED 40,631,570,0,1201,671,515,6,,
NY,2024,Albany County,COLONIE ED 41,130,84,0,214,136,79,0,,
NY,2024,Albany County,COLONIE ED 42,336,259,0,595,350,240,3,,
NY,2024,Albany County,COLONIE ED 43,477,445,0,922,517,389,2,,
NY,2024,Albany County,COLONIE ED 5,317,311,0,628,345,267,3,,
NY,2024,Albany County,COLONIE ED 6,875,676,0,1551,943,629,12,,
NY,2024,Albany County,COLONIE ED 7,565,372,0,937,571,342,17,,
NY,2024,Albany County,COLONIE ED 8,364,298,0,662,386,263,5,,
NY,2024,Albany County,COLONIE ED 9,537,349,0,886,558,312,9,,
NY,2024,Albany County,GREEN ISLAND ED 1,413,245,0,658,435,202,3,,
NY,2024,Albany County,GREEN ISLAND ED 2,309,213,0,522,352,149,3,,
NY,2024,Albany County,GUILDERLAND ED 1,57,8,0,65,52,7,1,,
NY,2024,Albany County,GUILDERLAND ED 10,860,530,0,1390,880,505,4,,
NY,2024,Albany County,GUILDERLAND ED 11,623,423,0,1046,642,383,6,,
NY,2024,Albany County,GUILDERLAND ED 12,400,122,0,522,417,103,4,,
NY,2024,Albany County,GUILDERLAND ED 13,583,335,0,918,607,299,1,,
NY,2024,Albany County,GUILDERLAND ED 14,826,454,0,1280,852,405,9,,
NY,2024,Albany County,GUILDERLAND ED 15,734,388,0,1122,748,378,3,,
NY,2024,Albany County,GUILDERLAND ED 16,584,319,0,903,596,300,1,,
NY,2024,Albany County,GUILDERLAND ED 17,399,143,0,542,410,124,4,,
NY,2024,Albany County,GUILDERLAND ED 18,499,263,0,762,506,256,2,,
NY,2024,Albany County,GUILDERLAND ED 19,671,513,0,1184,685,489,2,,
NY,2024,Albany County,GUILDERLAND ED 20,95,135,0,230,101,117,1,,
NY,2024,Albany County,GUILDERLAND ED 21,332,317,0,649,334,311,2,,
NY,2024,Albany County,GUILDERLAND ED 22,628,390,0,1018,647,361,3,,
NY,2024,Albany County,GUILDERLAND ED 23,396,150,0,546,409,134,5,,
NY,2024,Albany County,GUILDERLAND ED 24,578,369,0,947,585,335,9,,
NY,2024,Albany County,GUILDERLAND ED 25,259,172,0,431,270,165,0,,
NY,2024,Albany County,GUILDERLAND ED 3,384,451,0,835,405,420,6,,
NY,2024,Albany County,GUILDERLAND ED 4,446,369,0,815,457,351,4,,
NY,2024,Albany County,GUILDERLAND ED 5,492,345,0,837,525,307,2,,
NY,2024,Albany County,GUILDERLAND ED 6,463,351,0,814,477,327,4,,
NY,2024,Albany County,GUILDERLAND ED 7,704,596,0,1300,725,569,2,,
NY,2024,Albany County,GUILDERLAND ED 8,629,350,0,979,631,338,5,,
NY,2024,Albany County,GUILDERLAND ED 9,742,371,0,1113,753,372,5,,
NY,2024,Albany County,KNOX ED 1,293,540,0,833,323,484,2,,
NY,2024,Albany County,KNOX ED 2,352,441,0,793,370,415,3,,
NY,2024,Albany County,NEW SCOTLAND ED 1,477,366,0,843,503,330,4,,
NY,2024,Albany County,NEW SCOTLAND ED 2,556,367,0,923,564,348,1,,
NY,2024,Albany County,NEW SCOTLAND ED 3,767,572,0,1339,783,555,4,,
NY,2024,Albany County,NEW SCOTLAND ED 4,370,515,0,885,405,465,6,,
NY,2024,Albany County,NEW SCOTLAND ED 5,58,57,0,115,65,53,2,,
NY,2024,Albany County,NEW SCOTLAND ED 6,504,365,0,869,531,336,6,,
NY,2024,Albany County,NEW SCOTLAND ED 7,411,416,0,827,438,389,3,,
NY,2024,Albany County,RENSSELAERVILLE ED 1,233,215,0,448,248,200,7,,
NY,2024,Albany County,RENSSELAERVILLE ED 2,135,238,0,373,150,220,3,,
NY,2024,Albany County,RENSSELAERVILLE ED 3,131,216,0,347,138,195,2,,
NY,2024,Albany County,WATERVLIET ED 1,363,294,0,657,389,221,4,,
NY,2024,Albany County,WATERVLIET ED 2,391,298,0,689,411,246,4,,
NY,2024,Albany County,WATERVLIET ED 3,351,297,0,648,388,229,4,,
NY,2024,Albany County,WATERVLIET ED 4,510,440,0,950,555,355,9,,
NY,2024,Albany County,WATERVLIET ED 5,53,25,0,78,54,18,0,,
NY,2024,Albany County,WATERVLIET ED 6,225,224,0,449,267,163,4,,
NY,2024,Albany County,WESTERLO ED 1,405,758,0,1163,445,700,0,,
NY,2024,Albany County,WESTERLO ED 2,237,518,0,755,277,464,2,,
NY,2024,Allegany County,Alfred 1,399,111,12,522,397,100,1,,
NY,2024,Allegany County,Alfred 2,285,301,13,599,293,296,2,,
NY,2024,Allegany County,Allen,51,213,3,267,61,201,0,,
NY,2024,Allegany County,Alma,66,325,8,399,72,314,3,,
NY,2024,Allegany County,Almond,237,579,10,826,247,561,3,,
NY,2024,Allegany County,Amity 1,123,289,7,419,131,277,4,,
NY,2024,Allegany County,Amity 2,178,446,6,630,187,414,3,,
NY,2024,Allegany County,Andover 1,127,354,5,486,126,345,3,,
NY,2024,Allegany County,Andover 2,72,306,5,383,81,295,2,,
NY,2024,Allegany County,Angelica 1,99,256,7,362,97,248,5,,
NY,2024,Allegany County,Angelica 2,80,233,2,315,80,224,1,,
NY,2024,Allegany County,Belfast,177,560,3,740,189,517,4,,
NY,2024,Allegany County,Birdsall,32,83,0,115,35,76,0,,
NY,2024,Allegany County,Bolivar,221,666,3,890,242,622,1,,
NY,2024,Allegany County,Burns,93,445,0,538,121,398,1,,
NY,2024,Allegany County,Caneadea,249,513,39,801,269,512,12,,
NY,2024,Allegany County,Centerville,46,269,5,320,57,254,3,,
NY,2024,Allegany County,Clarksville,118,348,2,468,127,327,3,,
NY,2024,Allegany County,Cuba 1,291,354,9,654,306,322,5,,
NY,2024,Allegany County,Cuba 2,297,592,3,892,300,575,3,,
NY,2024,Allegany County,Friendship,169,647,5,821,186,608,2,,
NY,2024,Allegany County,Genesee,168,569,6,743,194,532,4,,
NY,2024,Allegany County,Granger,36,226,0,262,38,215,2,,
NY,2024,Allegany County,Grove,66,238,5,309,79,225,1,,
NY,2024,Allegany County,Hume,208,651,13,872,213,626,3,,
NY,2024,Allegany County,Independence,85,395,3,483,99,359,1,,
NY,2024,Allegany County,New Hudson,69,255,2,326,73,249,3,,
NY,2024,Allegany County,Rushford,151,474,6,631,170,445,3,,
NY,2024,Allegany County,Scio,193,615,5,813,213,586,1,,
NY,2024,Allegany County,Ward,53,144,2,199,54,141,0,,
NY,2024,Allegany County,Wellsville 1,234,388,5,627,252,351,0,,
NY,2024,Allegany County,Wellsville 2,254,373,7,634,278,337,8,,
NY,2024,Allegany County,Wellsville 3,277,420,5,702,282,405,3,,
NY,2024,Allegany County,Wellsville 4,152,362,8,522,157,350,1,,
NY,2024,Allegany County,Wellsville 5,160,434,1,595,174,406,2,,
NY,2024,Allegany County,West Almond,38,118,1,157,41,111,0,,
NY,2024,Allegany County,Willing,178,452,6,636,189,420,1,,
NY,2024,Allegany County,Wirt,70,421,1,492,90,384,3,,
NY,2024,Bronx County,AD 77 ED 001,421,190,6,617,0,0,0,-2.61,19.47
NY,2024,Bronx County,AD 77 ED 002,550,216,6,772,0,0,0,2.91,15.74
NY,2024,Bronx County,AD 77 ED 003,511,174,2,687,0,0,0,0,20.69
NY,2024,Bronx County,AD 77 ED 004,126,35,2,163,0,0,0,0,28.57
NY,2024,Bronx County,AD 77 ED 005,512,205,2,719,0,0,0,2.93,20.49
NY,2024,Bronx County,AD 77 ED 006,513,180,3,696,0,0,0,6.24,26.11
NY,2024,Bronx County,AD 77 ED 007,528,231,4,763,0,0,0,-2.46,25.97
NY,2024,Bronx County,AD 77 ED 008,469,173,7,649,0,0,0,2.56,20.23
NY,2024,Bronx County,AD 77 ED 009,534,230,6,770,0,0,0,1.31,19.13
NY,2024,Bronx County,AD 77 ED 010,483,216,6,705,0,0,0,1.24,19.91
NY,2024,Bronx County,AD 77 ED 011,500,224,3,727,0,0,0,1.8,20.54
NY,2024,Bronx County,AD 77 ED 012,526,160,8,694,0,0,0,3.42,16.25
NY,2024,Bronx County,AD 77 ED 013,597,201,2,800,0,0,0,2.35,25.37
NY,2024,Bronx County,AD 77 ED 014,523,151,4,678,0,0,0,1.91,22.52
NY,2024,Bronx County,AD 77 ED 015,52,22,0,74,0,0,0,7.69,45.45
NY,2024,Bronx County,AD 77 ED 016,109,21,1,131,0,0,0,0.92,19.05
NY,2024,Bronx County,AD 77 ED 017,388,100,1,489,0,0,0,7.73,36
NY,2024,Bronx County,AD 77 ED 018,391,118,5,514,0,0,0,8.95,29.66
NY,2024,Bronx County,AD 77 ED 019,442,106,1,549,0,0,0,6.33,15.09
NY,2024,Bronx County,AD 77 ED 020,154,60,1,215,0,0,0,3.9,20
NY,2024,Bronx County,AD 77 ED 021,372,145,3,520,0,0,0,-2.15,28.28
NY,2024,Bronx County,AD 77 ED 022,355,140,2,497,0,0,0,6.2,25.71
NY,2024,Bronx County,AD 77 ED 023,520,185,1,706,0,0,0,2.88,20.54
NY,2024,Bronx County,AD 77 ED 024,449,133,2,584,0,0,0,3.12,15.79
NY,2024,Bronx County,AD 77 ED 025,260,103,2,365,0,0,0,3.85,24.27
NY,2024,Bronx County,AD 77 ED 026,380,183,1,564,0,0,0,2.89,15.85
NY,2024,Bronx County,AD 77 ED 027,413,176,2,591,0,0,0,3.15,16.48
NY,2024,Bronx County,AD 77 ED 028,290,104,5,399,0,0,0,3.79,11.54
NY,2024,Bronx County,AD 77 ED 029,118,48,2,168,0,0,0,5.08,14.58
NY,2024,Bronx County,AD 77 ED 030,162,57,0,219,0,0,0,-2.47,33.33
NY,2024,Bronx County,AD 77 ED 031,369,134,3,506,0,0,0,1.08,17.16
NY,2024,Bronx County,AD 77 ED 032,403,146,5,554,0,0,0,1.99,16.44
NY,2024,Bronx County,AD 77 ED 033,185,71,2,258,0,0,0,0.54,11.27
NY,2024,Bronx County,AD 77 ED 034,179,97,1,277,0,0,0,-2.79,22.68
NY,2024,Bronx County,AD 77 ED 035,312,146,4,462,0,0,0,2.88,21.23
NY,2024,Bronx County,AD 77 ED 036,286,127,2,415,0,0,0,0,19.69
NY,2024,Bronx County,AD 77 ED 037,379,131,3,513,0,0,0,2.9,15.27
NY,2024,Bronx County,AD 77 ED 038,265,93,4,362,0,0,0,1.51,21.51
NY,2024,Bronx County,AD 77 ED 039,369,186,2,557,0,0,0,1.08,19.35
NY,2024,Bronx County,AD 77 ED 040,376,149,3,528,0,0,0,-3.19,25.5
NY,2024,Bronx County,AD 77 ED 041,441,181,5,627,0,0,0,-2.04,19.89
NY,2024,Bronx County,AD 77 ED 042,536,183,2,721,0,0,0,5.04,22.95
NY,2024,Bronx County,AD 77 ED 043,1,1,0,2,0,0,0,0,0
NY,2024,Bronx County,AD 77 ED 044,456,156,7,619,0,0,0,-4.82,29.49
NY,2024,Bronx County,AD 77 ED 045,56,16,0,72,0,0,0,-1.79,50
NY,2024,Bronx County,AD 77 ED 046,365,123,5,493,0,0,0,1.37,24.39
NY,2024,Bronx County,AD 77 ED 047,568,145,15,728,0,0,0,-0.53,25.52
NY,2024,Bronx County,AD 77 ED 048,159,62,4,225,0,0,0,-3.14,20.97
NY,2024,Bronx County,AD 77 ED 049,769,151,21,941,0,0,0,-0.26,10.6
NY,2024,Bronx County,AD 77 ED 050,400,110,2,512,0,0,0,3,27.27
NY,2024,Bronx County,AD 77 ED 051,324,106,8,438,0,0,0,0.93,13.21
NY,2024,Bronx County,AD 77 ED 052,524,179,7,710,0,0,0,1.15,24.58
NY,2024,Bronx County,AD 77 ED 053,433,162,7,602,0,0,0,1.39,17.9
NY,2024,Bronx County,AD 77 ED 054,237,125,2,364,0,0,0,1.27,12.8
NY,2024,Bronx County,AD 77 ED 055,137,72,0,209,0,0,0,-2.19,19.44
NY,2024,Bronx County,AD 77 ED 056,288,171,5,464,0,0,0,2.08,21.05
NY,2024,Bronx County,AD 78 ED 001,418,143,3,564,0,0,0,-0.24,29.37
NY,2024,Bronx County,AD 78 ED 002,534,141,4,679,0,0,0,-2.62,24.82
NY,2024,Bronx County,AD 78 ED 003,439,173,0,612,0,0,0,0.68,21.97
NY,2024,Bronx County,AD 78 ED 004,398,110,2,510,0,0,0,1.01,21.82
NY,2024,Bronx County,AD 78 ED 005,291,140,4,435,0,0,0,-1.72,14.29
NY,2024,Bronx County,AD 78 ED 006,295,130,5,430,0,0,0,-5.08,22.31
NY,2024,Bronx County,AD 78 ED 007,430,192,3,625,0,0,0,1.16,20.83
NY,2024,Bronx County,AD 78 ED 008,256,141,8,405,0,0,0,-4.3,15.6
NY,2024,Bronx County,AD 78 ED 009,254,112,10,376,0,0,0,-2.36,15.18
NY,2024,Bronx County,AD 78 ED 010,455,136,5,596,0,0,0,-0.22,19.12
NY,2024,Bronx County,AD 78 ED 011,253,68,6,327,0,0,0,1.98,10.29
NY,2024,Bronx County,AD 78 ED 012,274,141,6,421,0,0,0,-1.09,20.57
NY,2024,Bronx County,AD 78 ED 013,272,92,2,366,0,0,0,7.35,19.57
NY,2024,Bronx County,AD 78 ED 014,363,166,3,532,0,0,0,3.86,16.27
NY,2024,Bronx County,AD 78 ED 015,71,40,0,111,0,0,0,-7.04,40
NY,2024,Bronx County,AD 78 ED 016,255,115,6,376,0,0,0,-2.35,26.09
NY,2024,Bronx County,AD 78 ED 017,432,240,10,682,0,0,0,0.23,20.42
NY,2024,Bronx County,AD 78 ED 018,413,225,4,642,0,0,0,7.75,25.33
NY,2024,Bronx County,AD 78 ED 019,404,158,4,566,0,0,0,-1.73,26.58
NY,2024,Bronx County,AD 78 ED 020,469,188,6,663,0,0,0,1.92,22.34
NY,2024,Bronx County,AD 78 ED 021,349,193,4,546,0,0,0,-1.43,23.32
NY,2024,Bronx County,AD 78 ED 022,395,232,6,633,0,0,0,-3.04,19.4
NY,2024,Bronx County,AD 78 ED 023,416,170,11,597,0,0,0,-1.2,18.82
NY,2024,Bronx County,AD 78 ED 024,61,23,1,85,0,0,0,-4.92,39.13
NY,2024,Bronx County,AD 78 ED 025,429,182,12,623,0,0,0,0.7,12.09
NY,2024,Bronx County,AD 78 ED 026,332,140,5,477,0,0,0,-2.71,19.29
NY,2024,Bronx County,AD 78 ED 027,430,199,9,638,0,0,0,-2.56,15.08
NY,2024,Bronx County,AD 78 ED 028,578,272,17,867,0,0,0,-2.94,16.54
NY,2024,Bronx County,AD 78 ED 029,532,282,5,819,0,0,0,-0.94,17.38
NY,2024,Bronx County,AD 78 ED 030,500,184,14,698,0,0,0,0,16.85
NY,2024,Bronx County,AD 78 ED 031,274,103,3,380,0,0,0,2.19,12.62
NY,2024,Bronx County,AD 78 ED 032,558,104,8,670,0,0,0,1.97,15.38
NY,2024,Bronx County,AD 78 ED 033,386,218,7,611,0,0,0,0.78,17.43
NY,2024,Bronx County,AD 78 ED 034,345,210,5,560,0,0,0,1.74,21.43
NY,2024,Bronx County,AD 78 ED 035,303,208,3,514,0,0,0,-1.32,20.19
NY,2024,Bronx County,AD 78 ED 036,554,217,11,782,0,0,0,1.62,12.9
NY,2024,Bronx County,AD 78 ED 037,486,241,5,732,0,0,0,-1.03,23.65
NY,2024,Bronx County,AD 78 ED 038,264,131,0,395,0,0,0,3.79,23.66
NY,2024,Bronx County,AD 78 ED 039,422,226,0,648,0,0,0,-3.08,23.45
NY,2024,Bronx County,AD 78 ED 040,339,160,2,501,0,0,0,1.18,10
NY,2024,Bronx County,AD 78 ED 041,331,238,11,580,0,0,0,-5.44,28.15
NY,2024,Bronx County,AD 78 ED 042,411,171,5,587,0,0,0,0,29.24
NY,2024,Bronx County,AD 78 ED 043,372,275,6,653,0,0,0,0.27,19.27
NY,2024,Bronx County,AD 78 ED 044,294,186,7,487,0,0,0,-2.38,19.35
NY,2024,Bronx County,AD 78 ED 045,269,131,3,403,0,0,0,-0.74,25.19
NY,2024,Bronx County,AD 78 ED 046,354,170,5,529,0,0,0,0.28,25.29
NY,2024,Bronx County,AD 78 ED 047,368,227,2,597,0,0,0,-0.27,20.7
NY,2024,Bronx County,AD 78 ED 048,1,1,0,2,0,0,0,0,0
NY,2024,Bronx County,AD 78 ED 049,453,182,12,647,0,0,0,2.21,9.89
NY,2024,Bronx County,AD 78 ED 050,162,115,4,281,0,0,0,3.09,16.52
NY,2024,Bronx County,AD 79 ED 001,501,114,3,618,0,0,0,4.19,18.42
NY,2024,Bronx County,AD 79 ED 002,66,38,2,106,0,0,0,-4.55,15.79
NY,2024,Bronx County,AD 79 ED 003,433,114,1,548,0,0,0,1.85,21.05
NY,2024,Bronx County,AD 79 ED 004,293,141,2,436,0,0,0,1.71,19.15
NY,2024,Bronx County,AD 79 ED 005,301,103,3,407,0,0,0,0.33,23.3
NY,2024,Bronx County,AD 79 ED 006,239,94,3,336,0,0,0,2.09,18.09
NY,2024,Bronx County,AD 79 ED 007,59,15,0,74,0,0,0,8.47,26.67
NY,2024,Bronx County,AD 79 ED 008,276,65,0,341,0,0,0,4.71,30.77
NY,2024,Bronx County,AD 79 ED 009,146,49,1,196,0,0,0,2.05,18.37
NY,2024,Bronx County,AD 79 ED 010,388,121,5,514,0,0,0,1.03,15.7
NY,2024,Bronx County,AD 79 ED 011,462,117,4,583,0,0,0,2.81,14.53
NY,2024,Bronx County,AD 79 ED 012,520,168,1,689,0,0,0,2.31,16.07
NY,2024,Bronx County,AD 79 ED 013,397,93,5,495,0,0,0,1.51,15.05
NY,2024,Bronx County,AD 79 ED 014,427,139,4,570,0,0,0,2.58,22.3
NY,2024,Bronx County,AD 79 ED 015,550,152,7,709,0,0,0,0.55,22.37
NY,2024,Bronx County,AD 79 ED 016,266,69,3,338,0,0,0,3.76,20.29
NY,2024,Bronx County,AD 79 ED 017,364,140,1,505,0,0,0,15.38,30.71
NY,2024,Bronx County,AD 79 ED 018,349,83,3,435,0,0,0,4.58,32.53
NY,2024,Bronx County,AD 79 ED 019,215,55,0,270,0,0,0,-1.4,29.09
NY,2024,Bronx County,AD 79 ED 020,429,113,3,545,0,0,0,0.47,17.7
NY,2024,Bronx County,AD 79 ED 021,314,96,6,416,0,0,0,-0.64,20.83
NY,2024,Bronx County,AD 79 ED 022,416,143,3,562,0,0,0,0.48,19.58
NY,2024,Bronx County,AD 79 ED 023,429,212,5,646,0,0,0,-1.63,27.36
NY,2024,Bronx County,AD 79 ED 024,358,117,2,477,0,0,0,0,23.93
NY,2024,Bronx County,AD 79 ED 025,224,84,0,308,0,0,0,4.46,30.95
NY,2024,Bronx County,AD 79 ED 026,254,80,4,338,0,0,0,1.57,13.75
NY,2024,Bronx County,AD 79 ED 027,469,135,5,609,0,0,0,2.99,19.26
NY,2024,Bronx County,AD 79 ED 028,577,148,11,736,0,0,0,-0.87,16.89
NY,2024,Bronx County,AD 79 ED 029,519,168,3,690,0,0,0,0,27.98
NY,2024,Bronx County,AD 79 ED 030,357,94,1,452,0,0,0,0.84,14.89
NY,2024,Bronx County,AD 79 ED 031,350,120,5,475,0,0,0,-1.71,28.33
NY,2024,Bronx County,AD 79 ED 032,549,189,5,743,0,0,0,2.55,20.63
NY,2024,Bronx County,AD 79 ED 033,268,72,3,343,0,0,0,5.97,18.06
NY,2024,Bronx County,AD 79 ED 034,446,190,3,639,0,0,0,-1.57,22.63
NY,2024,Bronx County,AD 79 ED 035,497,139,2,638,0,0,0,3.02,35.97
NY,2024,Bronx County,AD 79 ED 036,367,125,6,498,0,0,0,3.27,20.8
NY,2024,Bronx County,AD 79 ED 037,485,171,6,662,0,0,0,-4.95,25.73
NY,2024,Bronx County,AD 79 ED 038,358,122,5,485,0,0,0,4.19,13.93
NY,2024,Bronx County,AD 79 ED 039,307,92,4,403,0,0,0,0.33,16.3
NY,2024,Bronx County,AD 79 ED 040,559,160,2,721,0,0,0,2.68,24.38
NY,2024,Bronx County,AD 79 ED 041,366,113,8,487,0,0,0,0.55,15.93
NY,2024,Bronx County,AD 79 ED 042,356,117,3,476,0,0,0,-1.4,30.77
NY,2024,Bronx County,AD 79 ED 043,795,187,7,989,0,0,0,1.13,21.39
NY,2024,Bronx County,AD 79 ED 044,385,132,2,519,0,0,0,-1.04,28.03
NY,2024,Bronx County,AD 79 ED 045,370,114,3,487,0,0,0,1.62,16.67
NY,2024,Bronx County,AD 79 ED 046,567,172,3,742,0,0,0,1.41,19.19
NY,2024,Bronx County,AD 79 ED 047,572,154,10,736,0,0,0,2.27,25.32
NY,2024,Bronx County,AD 79 ED 048,90,22,1,113,0,0,0,6.67,18.18
NY,2024,Bronx County,AD 79 ED 049,159,57,1,217,0,0,0,2.52,24.56
NY,2024,Bronx County,AD 79 ED 050,376,121,1,498,0,0,0,5.85,30.58
NY,2024,Bronx County,AD 79 ED 051,368,170,5,543,0,0,0,0.27,26.47
NY,2024,Bronx County,AD 79 ED 052,403,115,2,520,0,0,0,3.72,26.96
NY,2024,Bronx County,AD 79 ED 053,328,89,0,417,0,0,0,3.96,19.1
NY,2024,Bronx County,AD 79 ED 054,601,82,7,690,0,0,0,0.5,26.83
NY,2024,Bronx County,AD 79 ED 055,760,117,7,884,0,0,0,-0.13,26.5
NY,2024,Bronx County,AD 79 ED 056,423,70,4,497,0,0,0,2.36,21.43
NY,2024,Bronx County,AD 79 ED 057,196,69,3,268,0,0,0,2.55,15.94
NY,2024,Bronx County,AD 79 ED 058,77,30,1,108,0,0,0,-2.6,23.33
NY,2024,Bronx County,AD 79 ED 059,226,73,1,300,0,0,0,4.42,23.29
NY,2024,Bronx County,AD 80 ED 001,92,41,1,134,0,0,0,-2.17,14.63
NY,2024,Bronx County,AD 80 ED 002,335,151,10,496,0,0,0,-0.3,13.25
NY,2024,Bronx County,AD 80 ED 003,325,195,11,531,0,0,0,-2.77,16.41
NY,2024,Bronx County,AD 80 ED 004,199,258,7,464,0,0,0,-4.02,9.69
NY,2024,Bronx County,AD 80 ED 005,292,197,42,531,0,0,0,-6.85,21.83
NY,2024,Bronx County,AD 80 ED 006,433,345,25,803,0,0,0,-4.62,17.39
NY,2024,Bronx County,AD 80 ED 007,184,96,2,282,0,0,0,-2.17,23.96
NY,2024,Bronx County,AD 80 ED 008,465,244,11,720,0,0,0,-0.43,18.85
NY,2024,Bronx County,AD 80 ED 009,178,113,3,294,0,0,0,-1.69,17.7
NY,2024,Bronx County,AD 80 ED 010,265,291,9,565,0,0,0,-9.43,14.78
NY,2024,Bronx County,AD 80 ED 011,376,237,8,621,0,0,0,-4.26,17.72
NY,2024,Bronx County,AD 80 ED 012,502,260,4,766,0,0,0,1.39,14.23
NY,2024,Bronx County,AD 80 ED 013,514,248,9,771,0,0,0,-0.78,13.71
NY,2024,Bronx County,AD 80 ED 014,490,159,8,657,0,0,0,0,12.58
NY,2024,Bronx County,AD 80 ED 015,551,204,12,767,0,0,0,-2.36,17.65
NY,2024,Bronx County,AD 80 ED 016,437,234,16,687,0,0,0,-4.12,21.79
NY,2024,Bronx County,AD 80 ED 017,554,256,19,829,0,0,0,-4.51,21.88
NY,2024,Bronx County,AD 80 ED 018,333,287,3,623,0,0,0,-3,12.2
NY,2024,Bronx County,AD 80 ED 019,248,270,18,536,0,0,0,-6.45,8.89
NY,2024,Bronx County,AD 80 ED 020,374,517,24,915,0,0,0,-4.55,7.54
NY,2024,Bronx County,AD 80 ED 021,469,192,18,679,0,0,0,-2.56,9.9
NY,2024,Bronx County,AD 80 ED 022,297,127,1,425,0,0,0,-0.34,18.11
NY,2024,Bronx County,AD 80 ED 023,392,469,12,873,0,0,0,-5.61,7.68
NY,2024,Bronx County,AD 80 ED 024,404,234,7,645,0,0,0,-0.99,11.54
NY,2024,Bronx County,AD 80 ED 025,236,124,5,365,0,0,0,0.42,20.97
NY,2024,Bronx County,AD 80 ED 026,536,241,7,784,0,0,0,-2.61,14.52
NY,2024,Bronx County,AD 80 ED 027,198,43,1,242,0,0,0,2.02,13.95
NY,2024,Bronx County,AD 80 ED 028,88,19,0,107,0,0,0,1.14,10.53
NY,2024,Bronx County,AD 80 ED 029,477,177,16,670,0,0,0,-1.89,15.82
NY,2024,Bronx County,AD 80 ED 030,516,191,24,731,0,0,0,-0.39,17.28
NY,2024,Bronx County,AD 80 ED 031,262,94,4,360,0,0,0,-1.15,24.47
NY,2024,Bronx County,AD 80 ED 032,185,76,2,263,0,0,0,2.7,14.47
NY,2024,Bronx County,AD 80 ED 033,80,20,0,100,0,0,0,2.5,25
NY,2024,Bronx County,AD 80 ED 034,577,133,4,714,0,0,0,0.69,19.55
NY,2024,Bronx County,AD 80 ED 035,634,188,5,827,0,0,0,2.52,11.17
NY,2024,Bronx County,AD 80 ED 036,302,62,3,367,0,0,0,-1.66,29.03
NY,2024,Bronx County,AD 80 ED 037,505,120,12,637,0,0,0,0.59,16.67
NY,2024,Bronx County,AD 80 ED 038,517,114,5,636,0,0,0,2.13,21.93
NY,2024,Bronx County,AD 80 ED 040,369,231,14,614,0,0,0,-2.17,13.85
NY,2024,Bronx County,AD 80 ED 041,515,415,19,949,0,0,0,-0.39,10.36
NY,2024,Bronx County,AD 80 ED 042,636,378,31,1045,0,0,0,-6.13,11.38
NY,2024,Bronx County,AD 80 ED 043,539,362,25,926,0,0,0,-2.41,11.33
NY,2024,Bronx County,AD 80 ED 044,380,135,3,518,0,0,0,2.63,16.3
NY,2024,Bronx County,AD 80 ED 045,444,213,7,664,0,0,0,1.58,17.84
NY,2024,Bronx County,AD 80 ED 046,302,131,8,441,0,0,0,-1.99,19.85
NY,2024,Bronx County,AD 80 ED 047,208,155,8,371,0,0,0,0,20
NY,2024,Bronx County,AD 80 ED 048,293,204,5,502,0,0,0,-1.71,15.2
NY,2024,Bronx County,AD 80 ED 049,346,153,6,505,0,0,0,0.58,11.76
NY,2024,Bronx County,AD 80 ED 050,407,137,14,558,0,0,0,2.7,8.76
NY,2024,Bronx County,AD 80 ED 051,401,135,4,540,0,0,0,0.5,21.48
NY,2024,Bronx County,AD 80 ED 052,53,12,0,65,0,0,0,5.66,8.33
NY,2024,Bronx County,AD 80 ED 053,405,179,5,589,0,0,0,1.73,21.79
NY,2024,Bronx County,AD 80 ED 054,950,154,6,1110,0,0,0,1.68,31.82
NY,2024,Bronx County,AD 80 ED 055,434,210,8,652,0,0,0,-0.69,16.67
NY,2024,Bronx County,AD 80 ED 056,406,217,25,648,0,0,0,-3.2,19.35
NY,2024,Bronx County,AD 80 ED 057,537,225,28,790,0,0,0,-2.98,19.56
NY,2024,Bronx County,AD 80 ED 058,290,148,4,442,0,0,0,-1.72,25.68
NY,2024,Bronx County,AD 80 ED 059,268,117,13,398,0,0,0,-5.6,25.64
NY,2024,Bronx County,AD 80 ED 060,101,137,8,246,0,0,0,-7.92,9.49
NY,2024,Bronx County,AD 80 ED 061,1,1,0,2,0,0,0,100,-100
NY,2024,Bronx County,AD 80 ED 062,118,58,13,189,0,0,0,-4.24,20.69
NY,2024,Bronx County,AD 80 ED 063,125,80,3,208,0,0,0,3.2,12.5
NY,2024,Bronx County,AD 80 ED 064,31,8,0,39,0,0,0,6.45,-12.5
NY,2024,Bronx County,AD 81 ED 001,362,203,12,577,0,0,0,3.59,29.56
NY,2024,Bronx County,AD 81 ED 002,478,232,7,717,0,0,0,0,18.97
NY,2024,Bronx County,AD 81 ED 003,265,187,6,458,0,0,0,-1.13,13.37
NY,2024,Bronx County,AD 81 ED 004,285,91,1,377,0,0,0,1.75,30.77
NY,2024,Bronx County,AD 81 ED 005,286,185,12,483,0,0,0,0.35,24.32
NY,2024,Bronx County,AD 81 ED 006,439,215,2,656,0,0,0,0.23,20.93
NY,2024,Bronx County,AD 81 ED 007,337,118,15,470,0,0,0,-3.86,22.03
NY,2024,Bronx County,AD 81 ED 008,448,158,25,631,0,0,0,-4.24,19.62
NY,2024,Bronx County,AD 81 ED 009,356,168,8,532,0,0,0,-1.4,20.24
NY,2024,Bronx County,AD 81 ED 010,508,271,11,790,0,0,0,-4.13,17.71
NY,2024,Bronx County,AD 81 ED 011,662,338,26,1026,0,0,0,-2.72,20.71
NY,2024,Bronx County,AD 81 ED 012,356,217,7,580,0,0,0,-1.97,15.21
NY,2024,Bronx County,AD 81 ED 013,58,32,2,92,0,0,0,-6.9,15.63
NY,2024,Bronx County,AD 81 ED 014,611,215,15,841,0,0,0,-4.09,14.42
NY,2024,Bronx County,AD 81 ED 015,535,131,6,672,0,0,0,-1.5,16.79
NY,2024,Bronx County,AD 81 ED 016,379,116,15,510,0,0,0,-3.96,9.48
NY,2024,Bronx County,AD 81 ED 017,879,310,33,1222,0,0,0,-1.71,9.68
NY,2024,Bronx County,AD 81 ED 018,435,121,4,560,0,0,0,-0.23,17.36
NY,2024,Bronx County,AD 81 ED 019,770,190,18,978,0,0,0,-2.34,11.05
NY,2024,Bronx County,AD 81 ED 020,584,140,11,735,0,0,0,-2.4,14.29
NY,2024,Bronx County,AD 81 ED 021,714,174,21,909,0,0,0,0.14,9.2
NY,2024,Bronx County,AD 81 ED 022,669,236,15,920,0,0,0,-2.39,16.1
NY,2024,Bronx County,AD 81 ED 023,601,150,11,762,0,0,0,1,10.67
NY,2024,Bronx County,AD 81 ED 024,429,107,7,543,0,0,0,-1.17,17.76
NY,2024,Bronx County,AD 81 ED 025,268,153,14,435,0,0,0,-8.96,10.46
NY,2024,Bronx County,AD 81 ED 026,794,222,25,1041,0,0,0,1.39,2.7
NY,2024,Bronx County,AD 81 ED 027,745,167,17,929,0,0,0,0.13,8.38
NY,2024,Bronx County,AD 81 ED 028,933,233,20,1186,0,0,0,-1.07,6.87
NY,2024,Bronx County,AD 81 ED 029,823,290,32,1145,0,0,0,-5.47,17.24
NY,2024,Bronx County,AD 81 ED 030,660,293,21,974,0,0,0,-4.85,17.41
NY,2024,Bronx County,AD 81 ED 031,877,312,16,1205,0,0,0,-5.36,16.03
NY,2024,Bronx County,AD 81 ED 032,583,245,15,843,0,0,0,-4.29,14.69
NY,2024,Bronx County,AD 81 ED 033,462,143,10,615,0,0,0,-3.25,16.78
NY,2024,Bronx County,AD 81 ED 034,709,167,11,887,0,0,0,-2.96,15.57
NY,2024,Bronx County,AD 81 ED 035,641,191,14,846,0,0,0,-2.34,10.47
NY,2024,Bronx County,AD 81 ED 036,443,171,13,627,0,0,0,0.23,8.19
NY,2024,Bronx County,AD 81 ED 037,721,262,22,1005,0,0,0,-2.36,13.74
NY,2024,Bronx County,AD 81 ED 038,452,216,17,685,0,0,0,-5.09,14.35
NY,2024,Bronx County,AD 81 ED 039,572,238,13,823,0,0,0,-1.05,13.87
NY,2024,Bronx County,AD 81 ED 040,459,228,18,705,0,0,0,1.31,6.58
NY,2024,Bronx County,AD 81 ED 041,333,349,15,697,0,0,0,-5.11,8.02
NY,2024,Bronx County,AD 81 ED 042,363,354,20,737,0,0,0,-2.2,12.43
NY,2024,Bronx County,AD 81 ED 043,471,416,12,899,0,0,0,-1.06,8.17
NY,2024,Bronx County,AD 81 ED 044,710,145,9,864,0,0,0,0.85,11.03
NY,2024,Bronx County,AD 81 ED 045,479,241,8,728,0,0,0,-1.25,15.77
NY,2024,Bronx County,AD 81 ED 046,286,70,10,366,0,0,0,0.7,12.86
NY,2024,Bronx County,AD 81 ED 047,475,244,18,737,0,0,0,-0.84,25.82
NY,2024,Bronx County,AD 81 ED 048,611,240,8,859,0,0,0,2.95,19.58
NY,2024,Bronx County,AD 81 ED 049,476,182,8,666,0,0,0,1.89,34.62
NY,2024,Bronx County,AD 81 ED 050,402,210,11,623,0,0,0,-2.49,18.1
NY,2024,Bronx County,AD 81 ED 051,495,154,9,658,0,0,0,2.22,16.23
NY,2024,Bronx County,AD 81 ED 052,487,86,1,574,0,0,0,2.87,12.79
NY,2024,Bronx County,AD 81 ED 053,534,287,22,843,0,0,0,-2.43,13.94
NY,2024,Bronx County,AD 81 ED 054,746,291,14,1051,0,0,0,-1.21,17.18
NY,2024,Bronx County,AD 81 ED 055,169,65,8,242,0,0,0,-5.33,21.54
NY,2024,Bronx County,AD 81 ED 056,390,152,22,564,0,0,0,-0.77,24.34
NY,2024,Bronx County,AD 81 ED 057,460,85,9,554,0,0,0,-1.52,20
NY,2024,Bronx County,AD 81 ED 058,454,123,2,579,0,0,0,2.64,13.01
NY,2024,Bronx County,AD 81 ED 059,412,83,2,497,0,0,0,2.18,24.1
NY,2024,Bronx County,AD 81 ED 063,1,0,0,1,0,0,0,0,0
NY,2024,Bronx County,AD 82 ED 001,335,628,8,971,0,0,0,-13.43,11.31
NY,2024,Bronx County,AD 82 ED 002,122,255,4,381,0,0,0,-7.38,6.67
NY,2024,Bronx County,AD 82 ED 003,375,370,11,756,0,0,0,-5.07,10.81
NY,2024,Bronx County,AD 82 ED 004,375,373,6,754,0,0,0,-3.47,11.26
NY,2024,Bronx County,AD 82 ED 005,275,325,6,606,0,0,0,-6.18,10.15
NY,2024,Bronx County,AD 82 ED 006,238,545,3,786,0,0,0,-11.76,8.07
NY,2024,Bronx County,AD 82 ED 007,359,307,6,672,0,0,0,-2.79,9.45
NY,2024,Bronx County,AD 82 ED 008,308,367,14,689,0,0,0,-7.14,10.08
NY,2024,Bronx County,AD 82 ED 009,421,329,4,754,0,0,0,-4.99,15.2
NY,2024,Bronx County,AD 82 ED 010,535,343,4,882,0,0,0,-0.93,9.33
NY,2024,Bronx County,AD 82 ED 011,407,269,7,683,0,0,0,-0.98,9.29
NY,2024,Bronx County,AD 82 ED 012,316,74,4,394,0,0,0,1.27,25.68
NY,2024,Bronx County,AD 82 ED 013,292,80,2,374,0,0,0,1.71,16.25
NY,2024,Bronx County,AD 82 ED 014,313,75,0,388,0,0,0,7.35,22.67
NY,2024,Bronx County,AD 82 ED 015,427,345,7,779,0,0,0,-2.58,10.14
NY,2024,Bronx County,AD 82 ED 016,429,329,6,764,0,0,0,-4.9,13.98
NY,2024,Bronx County,AD 82 ED 017,44,28,0,72,0,0,0,-2.27,10.71
NY,2024,Bronx County,AD 82 ED 018,339,488,9,836,0,0,0,-6.49,9.43
NY,2024,Bronx County,AD 82 ED 019,338,535,9,882,0,0,0,-3.85,6.92
NY,2024,Bronx County,AD 82 ED 020,370,665,4,1039,0,0,0,-2.97,7.37
NY,2024,Bronx County,AD 82 ED 021,232,474,8,714,0,0,0,-4.74,5.7
NY,2024,Bronx County,AD 82 ED 022,195,369,4,568,0,0,0,-6.15,7.05
NY,2024,Bronx County,AD 82 ED 023,222,335,4,561,0,0,0,-1.35,9.55
NY,2024,Bronx County,AD 82 ED 024,206,282,4,492,0,0,0,-6.8,10.99
NY,2024,Bronx County,AD 82 ED 025,553,293,10,856,0,0,0,-0.9,11.6
NY,2024,Bronx County,AD 82 ED 026,338,252,9,599,0,0,0,-2.07,8.73
NY,2024,Bronx County,AD 82 ED 027,310,283,11,604,0,0,0,-2.26,15.55
NY,2024,Bronx County,AD 82 ED 028,568,368,10,946,0,0,0,0,15.22
NY,2024,Bronx County,AD 82 ED 029,513,303,9,825,0,0,0,-1.36,17.16
NY,2024,Bronx County,AD 82 ED 030,417,241,7,665,0,0,0,-1.68,15.77
NY,2024,Bronx County,AD 82 ED 031,321,274,18,613,0,0,0,-2.49,10.58
NY,2024,Bronx County,AD 82 ED 032,423,382,9,814,0,0,0,-5.44,9.95
NY,2024,Bronx County,AD 82 ED 033,365,342,10,717,0,0,0,-7.67,14.04
NY,2024,Bronx County,AD 82 ED 034,322,198,8,528,0,0,0,-7.45,18.18
NY,2024,Bronx County,AD 82 ED 035,154,90,5,249,0,0,0,-5.19,17.78
NY,2024,Bronx County,AD 82 ED 036,387,235,24,646,0,0,0,-9.04,15.32
NY,2024,Bronx County,AD 82 ED 037,18,4,0,22,0,0,0,16.67,0
NY,2024,Bronx County,AD 82 ED 038,457,381,21,859,0,0,0,-5.47,9.45
NY,2024,Bronx County,AD 82 ED 039,373,284,9,666,0,0,0,0.54,9.51
NY,2024,Bronx County,AD 82 ED 040,382,182,20,584,0,0,0,-5.76,17.58
NY,2024,Bronx County,AD 82 ED 041,582,483,12,1077,0,0,0,0.17,3.93
NY,2024,Bronx County,AD 82 ED 042,556,507,15,1078,0,0,0,-2.52,8.68
NY,2024,Bronx County,AD 82 ED 043,245,271,4,520,0,0,0,-0.82,9.23
NY,2024,Bronx County,AD 82 ED 044,251,225,7,483,0,0,0,-3.19,12
NY,2024,Bronx County,AD 82 ED 046,732,112,10,854,0,0,0,0.96,17.86
NY,2024,Bronx County,AD 82 ED 047,605,88,3,696,0,0,0,1.98,15.91
NY,2024,Bronx County,AD 82 ED 048,860,118,10,988,0,0,0,2.09,17.8
NY,2024,Bronx County,AD 82 ED 049,744,103,3,850,0,0,0,1.34,15.53
NY,2024,Bronx County,AD 82 ED 050,637,71,5,713,0,0,0,2.98,12.68
NY,2024,Bronx County,AD 82 ED 051,664,58,3,725,0,0,0,3.46,1.72
NY,2024,Bronx County,AD 82 ED 053,138,112,3,253,0,0,0,1.45,8.04
NY,2024,Bronx County,AD 82 ED 054,912,116,5,1033,0,0,0,2.08,12.93
NY,2024,Bronx County,AD 82 ED 055,819,160,6,985,0,0,0,-1.59,25.62
NY,2024,Bronx County,AD 82 ED 056,724,102,1,827,0,0,0,1.52,16.67
NY,2024,Bronx County,AD 82 ED 057,864,136,9,1009,0,0,0,0,17.65
NY,2024,Bronx County,AD 82 ED 058,888,95,3,986,0,0,0,2.93,5.26
NY,2024,Bronx County,AD 82 ED 059,878,127,6,1011,0,0,0,1.59,11.81
NY,2024,Bronx County,AD 82 ED 060,802,121,9,932,0,0,0,1.12,18.18
NY,2024,Bronx County,AD 82 ED 061,844,104,4,952,0,0,0,0.71,17.31
NY,2024,Bronx County,AD 82 ED 062,724,97,7,828,0,0,0,0.28,25.77
NY,2024,Bronx County,AD 82 ED 063,862,135,13,1010,0,0,0,-0.12,24.44
NY,2024,Bronx County,AD 82 ED 064,871,144,3,1018,0,0,0,1.26,15.97
NY,2024,Bronx County,AD 82 ED 065,776,119,4,899,0,0,0,-1.42,23.53
NY,2024,Bronx County,AD 82 ED 066,556,112,6,674,0,0,0,5.22,11.61
NY,2024,Bronx County,AD 83 ED 001,738,119,2,859,0,0,0,1.63,16.81
NY,2024,Bronx County,AD 83 ED 002,737,103,8,848,0,0,0,0.41,22.33
NY,2024,Bronx County,AD 83 ED 003,698,138,7,843,0,0,0,-1.29,24.64
NY,2024,Bronx County,AD 83 ED 004,526,59,2,587,0,0,0,2.66,23.73
NY,2024,Bronx County,AD 83 ED 005,626,79,3,708,0,0,0,1.44,18.99
NY,2024,Bronx County,AD 83 ED 006,765,87,6,858,0,0,0,2.09,14.94
NY,2024,Bronx County,AD 83 ED 007,783,93,2,878,0,0,0,1.02,13.98
NY,2024,Bronx County,AD 83 ED 008,479,81,10,570,0,0,0,3.34,14.81
NY,2024,Bronx County,AD 83 ED 009,444,77,1,522,0,0,0,4.28,22.08
NY,2024,Bronx County,AD 83 ED 010,503,88,4,595,0,0,0,1.99,13.64
NY,2024,Bronx County,AD 83 ED 011,690,99,4,793,0,0,0,3.48,22.22
NY,2024,Bronx County,AD 83 ED 012,469,83,7,559,0,0,0,3.2,12.05
NY,2024,Bronx County,AD 83 ED 013,444,86,12,542,0,0,0,3.6,13.95
NY,2024,Bronx County,AD 83 ED 014,432,96,4,532,0,0,0,-0.93,23.96
NY,2024,Bronx County,AD 83 ED 015,598,105,8,711,0,0,0,2.84,17.14
NY,2024,Bronx County,AD 83 ED 016,632,67,6,705,0,0,0,4.75,2.99
NY,2024,Bronx County,AD 83 ED 017,602,87,8,697,0,0,0,-0.17,22.99
NY,2024,Bronx County,AD 83 ED 018,435,75,5,515,0,0,0,3.45,20
NY,2024,Bronx County,AD 83 ED 019,549,96,2,647,0,0,0,0.55,22.92
NY,2024,Bronx County,AD 83 ED 020,690,100,11,801,0,0,0,1.88,19
NY,2024,Bronx County,AD 83 ED 021,722,57,8,787,0,0,0,1.25,33.33
NY,2024,Bronx County,AD 83 ED 022,770,94,4,868,0,0,0,-0.26,28.72
NY,2024,Bronx County,AD 83 ED 023,850,92,8,950,0,0,0,0.59,25
NY,2024,Bronx County,AD 83 ED 024,556,70,5,631,0,0,0,1.98,18.57
NY,2024,Bronx County,AD 83 ED 025,764,77,4,845,0,0,0,3.8,19.48
NY,2024,Bronx County,AD 83 ED 026,635,86,3,724,0,0,0,2.83,16.28
NY,2024,Bronx County,AD 83 ED 027,426,101,2,529,0,0,0,1.88,16.83
NY,2024,Bronx County,AD 83 ED 028,463,65,2,530,0,0,0,3.67,12.31
NY,2024,Bronx County,AD 83 ED 029,392,62,4,458,0,0,0,1.02,22.58
NY,2024,Bronx County,AD 83 ED 030,543,126,8,677,0,0,0,0.37,18.25
NY,2024,Bronx County,AD 83 ED 031,541,109,5,655,0,0,0,-0.18,18.35
NY,2024,Bronx County,AD 83 ED 032,690,104,4,798,0,0,0,1.3,21.15
NY,2024,Bronx County,AD 83 ED 033,662,77,5,744,0,0,0,0.3,14.29
NY,2024,Bronx County,AD 83 ED 034,594,93,10,697,0,0,0,0.17,11.83
NY,2024,Bronx County,AD 83 ED 035,644,109,3,756,0,0,0,1.24,19.27
NY,2024,Bronx County,AD 83 ED 036,435,47,1,483,0,0,0,1.61,23.4
NY,2024,Bronx County,AD 83 ED 037,428,31,5,464,0,0,0,1.87,19.35
NY,2024,Bronx County,AD 83 ED 038,425,87,4,516,0,0,0,3.53,16.09
NY,2024,Bronx County,AD 83 ED 039,522,71,2,595,0,0,0,1.34,15.49
NY,2024,Bronx County,AD 83 ED 040,286,50,2,338,0,0,0,-0.35,20
NY,2024,Bronx County,AD 83 ED 041,781,57,4,842,0,0,0,2.43,8.77
NY,2024,Bronx County,AD 83 ED 042,334,53,1,388,0,0,0,0.6,13.21
NY,2024,Bronx County,AD 83 ED 043,505,63,5,573,0,0,0,2.38,9.52
NY,2024,Bronx County,AD 83 ED 044,846,86,4,936,0,0,0,2.72,11.63
NY,2024,Bronx County,AD 83 ED 045,446,39,3,488,0,0,0,0.9,20.51
NY,2024,Bronx County,AD 83 ED 046,707,146,7,860,0,0,0,1.7,4.79
NY,2024,Bronx County,AD 83 ED 047,637,79,4,720,0,0,0,2.04,15.19
NY,2024,Bronx County,AD 83 ED 048,753,90,2,845,0,0,0,1.06,17.78
NY,2024,Bronx County,AD 83 ED 049,347,60,1,408,0,0,0,0.86,21.67
NY,2024,Bronx County,AD 83 ED 050,391,99,2,492,0,0,0,6.91,28.28
NY,2024,Bronx County,AD 83 ED 051,284,67,3,354,0,0,0,4.23,26.87
NY,2024,Bronx County,AD 83 ED 052,422,71,1,494,0,0,0,6.64,19.72
NY,2024,Bronx County,AD 83 ED 053,429,33,0,462,0,0,0,1.86,21.21
NY,2024,Bronx County,AD 83 ED 054,612,88,3,703,0,0,0,-0.33,21.59
NY,2024,Bronx County,AD 83 ED 058,278,48,4,330,0,0,0,2.52,-2.08
NY,2024,Bronx County,AD 83 ED 059,73,4,0,77,0,0,0,0,25
NY,2024,Bronx County,AD 83 ED 060,3,0,0,3,0,0,0,0,0
NY,2024,Bronx County,AD 83 ED 061,217,38,0,255,0,0,0,2.3,2.63
NY,2024,Bronx County,AD 83 ED 062,227,32,3,262,0,0,0,2.64,6.25
NY,2024,Bronx County,AD 83 ED 063,291,18,0,309,0,0,0,2.75,-5.56
NY,2024,Bronx County,AD 83 ED 064,75,14,0,89,0,0,0,2.67,21.43
NY,2024,Bronx County,AD 83 ED 065,63,16,0,79,0,0,0,1.59,12.5
NY,2024,Bronx County,AD 83 ED 066,133,11,0,144,0,0,0,3.76,0
NY,2024,Bronx County,AD 83 ED 067,113,11,0,124,0,0,0,4.42,0
NY,2024,Bronx County,AD 84 ED 001,510,235,6,751,0,0,0,-2.55,20
NY,2024,Bronx County,AD 84 ED 002,165,73,3,241,0,0,0,1.82,21.92
NY,2024,Bronx County,AD 84 ED 003,412,234,3,649,0,0,0,-0.49,26.5
NY,2024,Bronx County,AD 84 ED 004,463,229,12,704,0,0,0,-1.94,22.27
NY,2024,Bronx County,AD 84 ED 005,456,191,4,651,0,0,0,0.22,18.85
NY,2024,Bronx County,AD 84 ED 006,468,248,5,721,0,0,0,-0.85,17.34
NY,2024,Bronx County,AD 84 ED 007,347,189,9,545,0,0,0,-1.44,17.46
NY,2024,Bronx County,AD 84 ED 008,510,187,6,703,0,0,0,1.96,18.72
NY,2024,Bronx County,AD 84 ED 009,319,92,8,419,0,0,0,-1.57,20.65
NY,2024,Bronx County,AD 84 ED 010,437,171,3,611,0,0,0,-3.89,29.24
NY,2024,Bronx County,AD 84 ED 011,441,160,6,607,0,0,0,-3.85,27.5
NY,2024,Bronx County,AD 84 ED 012,398,146,14,558,0,0,0,-3.02,17.81
NY,2024,Bronx County,AD 84 ED 013,328,100,4,432,0,0,0,-0.61,18
NY,2024,Bronx County,AD 84 ED 014,330,84,10,424,0,0,0,0,22.62
NY,2024,Bronx County,AD 84 ED 015,115,60,2,177,0,0,0,-1.74,20
NY,2024,Bronx County,AD 84 ED 016,180,34,8,222,0,0,0,3.33,17.65
NY,2024,Bronx County,AD 84 ED 017,746,205,3,954,0,0,0,2.95,17.56
NY,2024,Bronx County,AD 84 ED 018,449,186,5,640,0,0,0,0,18.28
NY,2024,Bronx County,AD 84 ED 019,347,98,9,454,0,0,0,0.86,26.53
NY,2024,Bronx County,AD 84 ED 020,469,139,2,610,0,0,0,2.35,17.27
NY,2024,Bronx County,AD 84 ED 021,328,99,4,431,0,0,0,3.05,14.14
NY,2024,Bronx County,AD 84 ED 022,440,148,4,592,0,0,0,1.36,27.03
NY,2024,Bronx County,AD 84 ED 023,209,88,6,303,0,0,0,0,23.86
NY,2024,Bronx County,AD 84 ED 024,228,103,6,337,0,0,0,-7.02,23.3
NY,2024,Bronx County,AD 84 ED 025,493,216,2,711,0,0,0,-0.61,25.46
NY,2024,Bronx County,AD 84 ED 026,323,115,5,443,0,0,0,-1.24,24.35
NY,2024,Bronx County,AD 84 ED 027,103,35,3,141,0,0,0,0,17.14
NY,2024,Bronx County,AD 84 ED 028,522,202,3,727,0,0,0,2.49,15.84
NY,2024,Bronx County,AD 84 ED 029,580,176,11,767,0,0,0,-1.21,27.27
NY,2024,Bronx County,AD 84 ED 030,382,139,6,527,0,0,0,4.97,12.95
NY,2024,Bronx County,AD 84 ED 031,449,156,6,611,0,0,0,1.78,16.67
NY,2024,Bronx County,AD 84 ED 032,399,138,6,543,0,0,0,1.25,21.74
NY,2024,Bronx County,AD 84 ED 033,241,70,1,312,0,0,0,5.81,20
NY,2024,Bronx County,AD 84 ED 034,454,156,2,612,0,0,0,1.32,14.1
NY,2024,Bronx County,AD 84 ED 035,411,148,4,563,0,0,0,3.16,18.92
NY,2024,Bronx County,AD 84 ED 036,445,118,3,566,0,0,0,6.29,24.58
NY,2024,Bronx County,AD 84 ED 037,409,101,0,510,0,0,0,11.25,33.66
NY,2024,Bronx County,AD 84 ED 038,349,175,2,526,0,0,0,0.57,27.43
NY,2024,Bronx County,AD 84 ED 039,270,121,3,394,0,0,0,2.22,21.49
NY,2024,Bronx County,AD 84 ED 040,248,88,7,343,0,0,0,-0.81,18.18
NY,2024,Bronx County,AD 84 ED 041,422,158,7,587,0,0,0,-0.47,21.52
NY,2024,Bronx County,AD 84 ED 042,365,99,5,469,0,0,0,5.75,17.17
NY,2024,Bronx County,AD 84 ED 043,430,111,3,544,0,0,0,4.88,21.62
NY,2024,Bronx County,AD 84 ED 044,335,97,0,432,0,0,0,8.06,23.71
NY,2024,Bronx County,AD 84 ED 045,394,124,5,523,0,0,0,0.25,22.58
NY,2024,Bronx County,AD 84 ED 046,381,121,3,505,0,0,0,5.51,22.31
NY,2024,Bronx County,AD 84 ED 047,252,112,0,364,0,0,0,3.57,18.75
NY,2024,Bronx County,AD 84 ED 048,460,112,9,581,0,0,0,0.22,26.79
NY,2024,Bronx County,AD 84 ED 049,218,65,0,283,0,0,0,5.5,26.15
NY,2024,Bronx County,AD 84 ED 050,271,111,2,384,0,0,0,-1.48,26.13
NY,2024,Bronx County,AD 84 ED 051,530,102,21,653,0,0,0,-3.02,21.57
NY,2024,Bronx County,AD 84 ED 052,76,26,0,102,0,0,0,-5.26,26.92
NY,2024,Bronx County,AD 84 ED 053,91,22,2,115,0,0,0,12.09,-4.55
NY,2024,Bronx County,AD 84 ED 054,182,61,2,245,0,0,0,-2.2,19.67
NY,2024,Bronx County,AD 84 ED 055,510,178,6,694,0,0,0,-0.39,23.6
NY,2024,Bronx County,AD 84 ED 056,173,69,6,248,0,0,0,-1.16,31.88
NY,2024,Bronx County,AD 84 ED 057,260,86,1,347,0,0,0,1.15,31.4
NY,2024,Bronx County,AD 84 ED 058,373,155,2,530,0,0,0,0.8,26.45
NY,2024,Bronx County,AD 84 ED 059,34,12,1,47,0,0,0,-5.88,16.67
NY,2024,Bronx County,AD 84 ED 060,53,28,0,81,0,0,0,11.32,14.29
NY,2024,Bronx County,AD 84 ED 061,180,46,0,226,0,0,0,1.11,23.91
NY,2024,Bronx County,AD 84 ED 064,134,52,2,188,0,0,0,1.49,34.62
NY,2024,Bronx County,AD 84 ED 065,180,71,3,254,0,0,0,-0.56,25.35
NY,2024,Bronx County,AD 84 ED 066,179,38,3,220,0,0,0,1.68,5.26
NY,2024,Bronx County,AD 84 ED 067,274,33,2,309,0,0,0,2.19,3.03
NY,2024,Bronx County,AD 85 ED 001,826,214,10,1050,0,0,0,-2.06,18.22
NY,2024,Bronx County,AD 85 ED 002,542,216,9,767,0,0,0,-0.55,13.43
NY,2024,Bronx County,AD 85 ED 003,402,202,6,610,0,0,0,-2.74,12.38
NY,2024,Bronx County,AD 85 ED 004,448,211,7,666,0,0,0,2.23,7.11
NY,2024,Bronx County,AD 85 ED 005,645,197,9,851,0,0,0,0.78,13.2
NY,2024,Bronx County,AD 85 ED 006,345,128,1,474,0,0,0,-0.58,21.88
NY,2024,Bronx County,AD 85 ED 007,314,108,7,429,0,0,0,0,13.89
NY,2024,Bronx County,AD 85 ED 008,202,77,4,283,0,0,0,-3.96,23.38
NY,2024,Bronx County,AD 85 ED 009,498,229,14,741,0,0,0,-1.61,20.52
NY,2024,Bronx County,AD 85 ED 010,336,92,5,433,0,0,0,2.08,26.09
NY,2024,Bronx County,AD 85 ED 011,378,113,4,495,0,0,0,2.65,17.7
NY,2024,Bronx County,AD 85 ED 012,332,101,1,434,0,0,0,4.22,24.75
NY,2024,Bronx County,AD 85 ED 013,410,125,7,542,0,0,0,0.24,28.8
NY,2024,Bronx County,AD 85 ED 014,461,99,4,564,0,0,0,0.43,31.31
NY,2024,Bronx County,AD 85 ED 015,793,121,5,919,0,0,0,2.4,9.92
NY,2024,Bronx County,AD 85 ED 016,464,108,3,575,0,0,0,0.65,21.3
NY,2024,Bronx County,AD 85 ED 017,397,126,3,526,0,0,0,-1.76,24.6
NY,2024,Bronx County,AD 85 ED 018,10,10,0,20,0,0,0,-10,0
NY,2024,Bronx County,AD 85 ED 019,422,135,14,571,0,0,0,-1.9,27.41
NY,2024,Bronx County,AD 85 ED 020,431,111,0,542,0,0,0,9.28,31.53
NY,2024,Bronx County,AD 85 ED 021,534,162,21,717,0,0,0,0.19,16.05
NY,2024,Bronx County,AD 85 ED 022,543,198,9,750,0,0,0,0.92,20.2
NY,2024,Bronx County,AD 85 ED 023,267,104,2,373,0,0,0,8.24,16.35
NY,2024,Bronx County,AD 85 ED 024,193,87,4,284,0,0,0,-6.74,19.54
NY,2024,Bronx County,AD 85 ED 025,401,107,4,512,0,0,0,2.74,28.04
NY,2024,Bronx County,AD 85 ED 026,300,101,0,401,0,0,0,1.67,25.74
NY,2024,Bronx County,AD 85 ED 027,243,82,2,327,0,0,0,-2.06,28.05
NY,2024,Bronx County,AD 85 ED 028,619,189,7,815,0,0,0,0,23.81
NY,2024,Bronx County,AD 85 ED 029,492,189,2,683,0,0,0,3.46,20.63
NY,2024,Bronx County,AD 85 ED 030,293,122,5,420,0,0,0,2.73,19.67
NY,2024,Bronx County,AD 85 ED 031,369,116,0,485,0,0,0,3.79,19.83
NY,2024,Bronx County,AD 85 ED 032,296,111,4,411,0,0,0,1.01,17.12
NY,2024,Bronx County,AD 85 ED 033,256,86,1,343,0,0,0,0.78,13.95
NY,2024,Bronx County,AD 85 ED 034,389,118,1,508,0,0,0,1.54,22.03
NY,2024,Bronx County,AD 85 ED 035,469,190,4,663,0,0,0,1.28,21.58
NY,2024,Bronx County,AD 85 ED 036,491,200,3,694,0,0,0,0.81,24
NY,2024,Bronx County,AD 85 ED 037,347,126,1,474,0,0,0,2.31,19.84
NY,2024,Bronx County,AD 85 ED 038,0,1,0,1,0,0,0,0,0
NY,2024,Bronx County,AD 85 ED 039,538,205,1,744,0,0,0,3.35,25.37
NY,2024,Bronx County,AD 85 ED 040,357,135,1,493,0,0,0,5.32,20
NY,2024,Bronx County,AD 85 ED 041,500,194,3,697,0,0,0,0.2,21.65
NY,2024,Bronx County,AD 85 ED 042,362,119,5,486,0,0,0,1.1,21.01
NY,2024,Bronx County,AD 85 ED 043,444,146,13,603,0,0,0,3.38,14.38
NY,2024,Bronx County,AD 85 ED 044,376,158,2,536,0,0,0,1.6,23.42
NY,2024,Bronx County,AD 85 ED 045,327,170,6,503,0,0,0,-5.81,27.06
NY,2024,Bronx County,AD 85 ED 046,516,134,7,657,0,0,0,3.49,28.36
NY,2024,Bronx County,AD 85 ED 047,196,94,0,290,0,0,0,4.59,17.02
NY,2024,Bronx County,AD 85 ED 048,243,102,1,346,0,0,0,2.47,21.57
NY,2024,Bronx County,AD 85 ED 049,235,128,2,365,0,0,0,-4.26,32.03
NY,2024,Bronx County,AD 85 ED 050,371,158,8,537,0,0,0,3.5,21.52
NY,2024,Bronx County,AD 85 ED 051,944,72,6,1022,0,0,0,1.06,26.39
NY,2024,Bronx County,AD 85 ED 052,855,164,7,1026,0,0,0,0.7,17.07
NY,2024,Bronx County,AD 85 ED 053,555,61,3,619,0,0,0,1.98,24.59
NY,2024,Bronx County,AD 85 ED 054,379,128,3,510,0,0,0,3.69,17.19
NY,2024,Bronx County,AD 85 ED 084,48,11,0,59,0,0,0,8.33,18.18
NY,2024,Bronx County,AD 85 ED 085,16,9,0,25,0,0,0,-18.75,33.33
NY,2024,Bronx County,AD 85 ED 086,1,6,0,7,0,0,0,-100,50
NY,2024,Bronx County,AD 86 ED 001,366,172,2,540,0,0,0,-1.91,30.81
NY,2024,Bronx County,AD 86 ED 002,468,191,6,665,0,0,0,0,17.8
NY,2024,Bronx County,AD 86 ED 003,51,17,3,71,0,0,0,1.96,29.41
NY,2024,Bronx County,AD 86 ED 004,364,167,4,535,0,0,0,4.12,26.95
NY,2024,Bronx County,AD 86 ED 005,351,208,2,561,0,0,0,0,23.08
NY,2024,Bronx County,AD 86 ED 006,348,190,2,540,0,0,0,-2.3,23.16
NY,2024,Bronx County,AD 86 ED 007,476,234,6,716,0,0,0,-1.05,21.79
NY,2024,Bronx County,AD 86 ED 008,330,190,5,525,0,0,0,0.91,16.32
NY,2024,Bronx County,AD 86 ED 009,544,272,2,818,0,0,0,0.92,23.53
NY,2024,Bronx County,AD 86 ED 010,503,199,7,709,0,0,0,0.6,21.61
NY,2024,Bronx County,AD 86 ED 011,424,208,3,635,0,0,0,0.47,25.48
NY,2024,Bronx County,AD 86 ED 012,440,201,1,642,0,0,0,3.64,19.9
NY,2024,Bronx County,AD 86 ED 013,393,288,6,687,0,0,0,2.54,19.79
NY,2024,Bronx County,AD 86 ED 014,321,167,4,492,0,0,0,1.56,21.56
NY,2024,Bronx County,AD 86 ED 015,278,117,4,399,0,0,0,1.44,27.35
NY,2024,Bronx County,AD 86 ED 016,438,215,23,676,0,0,0,-1.83,19.07
NY,2024,Bronx County,AD 86 ED 017,321,120,1,442,0,0,0,2.18,14.17
NY,2024,Bronx County,AD 86 ED 018,384,223,5,612,0,0,0,0,24.22
NY,2024,Bronx County,AD 86 ED 019,360,187,2,549,0,0,0,1.39,22.99
NY,2024,Bronx County,AD 86 ED 020,341,142,6,489,0,0,0,-2.35,20.42
NY,2024,Bronx County,AD 86 ED 021,350,209,2,561,0,0,0,1.71,17.7
NY,2024,Bronx County,AD 86 ED 022,318,157,4,479,0,0,0,0.31,24.84
NY,2024,Bronx County,AD 86 ED 023,326,141,8,475,0,0,0,1.84,15.6
NY,2024,Bronx County,AD 86 ED 024,281,196,4,481,0,0,0,3.2,21.94
NY,2024,Bronx County,AD 86 ED 025,248,202,2,452,0,0,0,-1.21,20.3
NY,2024,Bronx County,AD 86 ED 026,368,221,2,591,0,0,0,-1.63,26.24
NY,2024,Bronx County,AD 86 ED 027,291,143,2,436,0,0,0,3.44,23.08
NY,2024,Bronx County,AD 86 ED 028,294,130,3,427,0,0,0,1.02,24.62
NY,2024,Bronx County,AD 86 ED 029,282,137,4,423,0,0,0,0,27.01
NY,2024,Bronx County,AD 86 ED 030,391,234,10,635,0,0,0,-2.56,23.5
NY,2024,Bronx County,AD 86 ED 031,466,152,5,623,0,0,0,3.86,29.61
NY,2024,Bronx County,AD 86 ED 032,396,132,6,534,0,0,0,1.77,13.64
NY,2024,Bronx County,AD 86 ED 033,473,249,0,722,0,0,0,-0.42,22.49
NY,2024,Bronx County,AD 86 ED 034,319,200,4,523,0,0,0,4.39,21.5
NY,2024,Bronx County,AD 86 ED 035,211,57,1,269,0,0,0,1.9,15.79
NY,2024,Bronx County,AD 86 ED 036,321,115,6,442,0,0,0,-0.93,25.22
NY,2024,Bronx County,AD 86 ED 037,427,150,5,582,0,0,0,2.11,25.33
NY,2024,Bronx County,AD 86 ED 038,438,168,3,609,0,0,0,1.83,27.38
NY,2024,Bronx County,AD 86 ED 039,241,103,1,345,0,0,0,0,23.3
NY,2024,Bronx County,AD 86 ED 040,45,25,0,70,0,0,0,0,8
NY,2024,Bronx County,AD 86 ED 041,413,166,5,584,0,0,0,1.69,24.1
NY,2024,Bronx County,AD 86 ED 042,41,17,0,58,0,0,0,4.88,23.53
NY,2024,Bronx County,AD 86 ED 043,425,173,5,603,0,0,0,1.88,15.61
NY,2024,Bronx County,AD 86 ED 044,102,41,2,145,0,0,0,-0.98,24.39
NY,2024,Bronx County,AD 86 ED 045,73,45,1,119,0,0,0,-4.11,31.11
NY,2024,Bronx County,AD 86 ED 046,225,134,3,362,0,0,0,0.89,18.66
NY,2024,Bronx County,AD 86 ED 047,346,152,3,501,0,0,0,1.16,17.76
NY,2024,Bronx County,AD 86 ED 048,286,138,4,428,0,0,0,-1.05,18.84
NY,2024,Bronx County,AD 86 ED 049,503,156,4,663,0,0,0,1.99,21.15
NY,2024,Bronx County,AD 86 ED 050,437,208,5,650,0,0,0,0,19.23
NY,2024,Bronx County,AD 86 ED 051,366,204,5,575,0,0,0,0.82,16.18
NY,2024,Bronx County,AD 86 ED 052,421,260,6,687,0,0,0,0.71,16.92
NY,2024,Bronx County,AD 86 ED 053,333,147,3,483,0,0,0,5.41,21.77
NY,2024,Bronx County,AD 87 ED 001,135,37,0,172,0,0,0,-0.74,35.14
NY,2024,Bronx County,AD 87 ED 002,413,174,3,590,0,0,0,2.18,22.99
NY,2024,Bronx County,AD 87 ED 003,454,219,5,678,0,0,0,0,28.77
NY,2024,Bronx County,AD 87 ED 004,240,97,3,340,0,0,0,0,24.74
NY,2024,Bronx County,AD 87 ED 005,181,65,0,246,0,0,0,5.52,24.62
NY,2024,Bronx County,AD 87 ED 006,545,188,6,739,0,0,0,2.57,21.81
NY,2024,Bronx County,AD 87 ED 007,501,162,6,669,0,0,0,2.59,26.54
NY,2024,Bronx County,AD 87 ED 008,151,56,3,210,0,0,0,-2.65,19.64
NY,2024,Bronx County,AD 87 ED 009,520,176,7,703,0,0,0,-1.15,21.02
NY,2024,Bronx County,AD 87 ED 010,331,138,1,470,0,0,0,0.91,13.77
NY,2024,Bronx County,AD 87 ED 011,440,200,11,651,0,0,0,5,17.5
NY,2024,Bronx County,AD 87 ED 012,415,131,9,555,0,0,0,-1.2,13.74
NY,2024,Bronx County,AD 87 ED 013,366,133,13,512,0,0,0,-0.55,16.54
NY,2024,Bronx County,AD 87 ED 014,547,153,30,730,0,0,0,-2.01,18.3
NY,2024,Bronx County,AD 87 ED 015,612,120,10,742,0,0,0,-0.33,20.83
NY,2024,Bronx County,AD 87 ED 016,566,141,10,717,0,0,0,1.94,14.89
NY,2024,Bronx County,AD 87 ED 017,500,101,18,619,0,0,0,0.6,19.8
NY,2024,Bronx County,AD 87 ED 018,674,119,15,808,0,0,0,3.12,24.37
NY,2024,Bronx County,AD 87 ED 019,670,150,13,833,0,0,0,1.04,17.33
NY,2024,Bronx County,AD 87 ED 020,535,105,16,656,0,0,0,-0.19,20.95
NY,2024,Bronx County,AD 87 ED 021,553,132,5,690,0,0,0,1.45,25.76
NY,2024,Bronx County,AD 87 ED 022,577,158,9,744,0,0,0,0.35,20.25
NY,2024,Bronx County,AD 87 ED 023,667,163,17,847,0,0,0,-1.35,22.09
NY,2024,Bronx County,AD 87 ED 024,608,188,33,829,0,0,0,-4.44,26.06
NY,2024,Bronx County,AD 87 ED 025,582,212,14,808,0,0,0,-2.23,17.45
NY,2024,Bronx County,AD 87 ED 026,553,197,25,775,0,0,0,-3.25,13.2
NY,2024,Bronx County,AD 87 ED 027,513,202,21,736,0,0,0,-2.53,16.83
NY,2024,Bronx County,AD 87 ED 028,474,226,18,718,0,0,0,-5.27,21.24
NY,2024,Bronx County,AD 87 ED 029,419,161,28,608,0,0,0,-4.3,12.42
NY,2024,Bronx County,AD 87 ED 030,456,221,25,702,0,0,0,-5.26,20.81
NY,2024,Bronx County,AD 87 ED 031,476,271,35,782,0,0,0,-5.04,21.4
NY,2024,Bronx County,AD 87 ED 032,482,260,23,765,0,0,0,-4.56,19.23
NY,2024,Bronx County,AD 87 ED 034,150,84,10,244,0,0,0,-7.33,21.43
NY,2024,Bronx County,AD 87 ED 035,357,124,5,486,0,0,0,0.28,15.32
NY,2024,Bronx County,AD 87 ED 036,47,39,0,86,0,0,0,-14.89,23.08
NY,2024,Bronx County,AD 87 ED 037,36,9,0,45,0,0,0,2.78,22.22
NY,2024,Bronx County,AD 87 ED 038,403,221,17,641,0,0,0,-3.47,14.48
NY,2024,Bronx County,AD 87 ED 039,389,254,27,670,0,0,0,-2.06,9.84
NY,2024,Bronx County,AD 87 ED 040,444,171,19,634,0,0,0,2.7,15.79
NY,2024,Bronx County,AD 87 ED 041,311,215,24,550,0,0,0,-11.9,23.72
NY,2024,Bronx County,AD 87 ED 042,559,220,22,801,0,0,0,-3.58,21.82
NY,2024,Bronx County,AD 87 ED 043,359,167,19,545,0,0,0,-3.34,19.76
NY,2024,Bronx County,AD 87 ED 044,383,190,23,596,0,0,0,-5.22,25.26
NY,2024,Bronx County,AD 87 ED 045,498,223,21,742,0,0,0,-3.41,15.7
NY,2024,Bronx County,AD 87 ED 046,525,119,2,646,0,0,0,0.57,15.97
NY,2024,Bronx County,AD 87 ED 047,506,230,11,747,0,0,0,-2.57,15.65
NY,2024,Bronx County,AD 87 ED 048,513,210,8,731,0,0,0,1.17,15.24
NY,2024,Bronx County,AD 87 ED 049,590,129,3,722,0,0,0,0.85,25.58
NY,2024,Bronx County,AD 87 ED 050,356,110,1,467,0,0,0,1.69,19.09
NY,2024,Bronx County,AD 87 ED 051,414,133,2,549,0,0,0,0.24,27.82
NY,2024,Bronx County,AD 87 ED 052,353,75,1,429,0,0,0,3.4,29.33
NY,2024,Bronx County,AD 87 ED 053,514,157,9,680,0,0,0,1.56,11.46
NY,2024,Bronx County,AD 87 ED 054,611,133,1,745,0,0,0,2.95,20.3
NY,2024,Bronx County,AD 87 ED 055,485,186,8,679,0,0,0,-1.03,20.43
NY,2024,Bronx County,AD 87 ED 056,5,3,0,8,0,0,0,0,33.33
NY,2024,Cayuga County,Auburn 10-1,608,472,15,1095,625,456,3,,
NY,2024,Cayuga County,Auburn 10-2,461,353,8,822,467,311,10,,
NY,2024,Cayuga County,Auburn 10-3,675,646,14,1335,698,580,8,,
NY,2024,Cayuga County,Auburn 11-1,335,261,4,600,346,225,5,,
NY,2024,Cayuga County,Auburn 11-2,385,283,3,671,385,252,8,,
NY,2024,Cayuga County,Auburn 11-3,476,456,5,937,487,396,6,,
NY,2024,Cayuga County,Auburn 8-1,413,432,3,848,436,378,3,,
NY,2024,Cayuga County,Auburn 8-2,303,322,9,634,323,275,6,,
NY,2024,Cayuga County,Auburn 8-3,346,230,2,578,348,200,3,,
NY,2024,Cayuga County,Auburn 9-1,482,416,6,904,506,367,6,,
NY,2024,Cayuga County,Auburn 9-2,496,408,4,908,503,371,6,,
NY,2024,Cayuga County,Auburn 9-3,609,517,11,1137,614,492,4,,
NY,2024,Cayuga County,Aurelius 1,301,429,4,734,319,397,3,,
NY,2024,Cayuga County,Aurelius 2,276,384,4,664,287,353,5,,
NY,2024,Cayuga County,Brutus 1,263,384,8,655,284,349,8,,
NY,2024,Cayuga County,Brutus 2,601,856,6,1463,602,814,5,,
NY,2024,Cayuga County,Cato 1,394,893,8,1295,434,833,4,,
NY,2024,Cayuga County,Conquest 1,243,578,2,823,255,535,4,,
NY,2024,Cayuga County,Fleming 1,411,496,11,918,428,463,3,,
NY,2024,Cayuga County,Fleming 2,256,361,5,622,269,337,0,,
NY,2024,Cayuga County,Genoa 1,459,496,8,963,467,474,2,,
NY,2024,Cayuga County,Ira 1,296,779,8,1083,319,726,8,,
NY,2024,Cayuga County,Ledyard 1,418,338,9,765,425,330,3,,
NY,2024,Cayuga County,Locke 1,314,504,3,821,340,455,5,,
NY,2024,Cayuga County,Mentz 1,316,718,6,1040,340,657,5,,
NY,2024,Cayuga County,Montezuma 1,173,352,2,527,187,314,1,,
NY,2024,Cayuga County,Moravia 1,534,772,9,1315,561,714,3,,
NY,2024,Cayuga County,Niles 1,291,416,4,711,303,386,2,,
NY,2024,Cayuga County,Owasco 1,542,633,9,1184,567,595,3,,
NY,2024,Cayuga County,Owasco 2,610,641,10,1261,615,602,5,,
NY,2024,Cayuga County,Scipio 1,314,410,8,732,317,393,3,,
NY,2024,Cayuga County,Sempronius 1,109,351,1,461,0,214,1,,
NY,2024,Cayuga County,Sennett 1,382,548,8,938,392,505,4,,
NY,2024,Cayuga County,Sennett 2,554,563,10,1127,564,542,4,,
NY,2024,Cayuga County,Springport 1,517,719,8,1244,531,683,2,,
NY,2024,Cayuga County,Sterling 1,430,649,6,1085,426,630,4,,
NY,2024,Cayuga County,Sterling 2,179,412,5,596,186,395,4,,
NY,2024,Cayuga County,Summerhill 1,152,364,2,518,173,335,3,,
NY,2024,Cayuga County,Throop 1,456,693,8,1157,478,649,6,,
NY,2024,Cayuga County,Venice 1,187,385,5,577,201,355,3,,
NY,2024,Cayuga County,Victory 1,205,562,2,769,219,535,2,,
NY,2024,Chautauqua County,Arkwright,394,836,2,1232,434,746,4,,
NY,2024,Chautauqua County,Busti 1,864,1352,2,2218,902,1258,4,,
NY,2024,Chautauqua County,Busti 2,634,864,1,1499,672,790,2,,
NY,2024,Chautauqua County,Busti 3,722,828,1,1551,738,790,2,,
NY,2024,Chautauqua County,Busti 4,826,1950,4,2780,858,1864,6,,
NY,2024,Chautauqua County,Carroll 1,460,1344,5,1809,524,1216,0,,
NY,2024,Chautauqua County,Carroll 2,402,1384,3,1789,480,1242,2,,
NY,2024,Chautauqua County,Charlotte,428,1174,5,1607,474,1084,6,,
NY,2024,Chautauqua County,Chautauqua 1,630,790,1,1421,674,714,4,,
NY,2024,Chautauqua County,Chautauqua 2,728,1060,0,1788,750,1016,6,,
NY,2024,Chautauqua County,Chautauqua 3,244,516,1,761,254,490,4,,
NY,2024,Chautauqua County,Chautauqua 4,128,124,0,252,128,118,0,,
NY,2024,Chautauqua County,Cherry Creek,226,730,3,959,278,638,2,,
NY,2024,Chautauqua County,Clymer,226,1008,2,1236,244,966,2,,
NY,2024,Chautauqua County,Dunkirk 1-1,192,130,1,323,178,112,4,,
NY,2024,Chautauqua County,Dunkirk 1-2,898,834,1,1733,950,738,0,,
NY,2024,Chautauqua County,Dunkirk 2-1,376,372,0,748,402,330,0,,
NY,2024,Chautauqua County,Dunkirk 2-2,884,818,0,1702,948,680,10,,
NY,2024,Chautauqua County,Dunkirk 2-3,300,376,0,676,348,328,4,,
NY,2024,Chautauqua County,Dunkirk 3-1,54,32,0,86,48,28,2,,
NY,2024,Chautauqua County,Dunkirk 3-2,174,152,2,328,178,140,2,,
NY,2024,Chautauqua County,Dunkirk 3-3,526,562,0,1088,572,474,8,,
NY,2024,Chautauqua County,Dunkirk 3-4,138,148,0,286,148,128,0,,
NY,2024,Chautauqua County,Dunkirk 4-1,302,256,1,559,304,214,2,,
NY,2024,Chautauqua County,Dunkirk 4-2,522,646,4,1172,592,536,2,,
NY,2024,Chautauqua County,Dunkirk Town 1,244,328,0,572,252,296,2,,
NY,2024,Chautauqua County,Dunkirk Town 2,332,300,0,632,352,254,2,,
NY,2024,Chautauqua County,Ellery 1,446,1340,1,1787,514,1252,4,,
NY,2024,Chautauqua County,Ellery 2,156,212,2,370,156,216,0,,
NY,2024,Chautauqua County,Ellery 3,1076,1522,2,2600,1120,1456,6,,
NY,2024,Chautauqua County,Ellicott 1-1,366,502,0,868,400,438,8,,
NY,2024,Chautauqua County,Ellicott 1-2,412,502,3,917,434,462,6,,
NY,2024,Chautauqua County,Ellicott 2-1,572,684,1,1257,596,648,2,,
NY,2024,Chautauqua County,Ellicott 2-2,174,232,0,406,184,216,0,,
NY,2024,Chautauqua County,Ellicott 2-3,58,120,0,178,54,124,2,,
NY,2024,Chautauqua County,Ellicott 2-4,200,346,1,547,210,322,0,,
NY,2024,Chautauqua County,Ellicott 3-1,430,708,2,1140,472,650,8,,
NY,2024,Chautauqua County,Ellicott 3-2,260,644,2,906,284,618,2,,
NY,2024,Chautauqua County,Ellicott 4-1,256,568,1,825,276,532,2,,
NY,2024,Chautauqua County,Ellicott 4-2,18,14,0,32,24,12,0,,
NY,2024,Chautauqua County,Ellicott 4-3,436,1030,3,1469,488,946,0,,
NY,2024,Chautauqua County,Ellington,288,1172,2,1462,384,1022,2,,
NY,2024,Chautauqua County,French Creek,214,784,2,1000,198,770,4,,
NY,2024,Chautauqua County,Gerry,460,1392,4,1856,518,1284,4,,
NY,2024,Chautauqua County,Hanover 1,954,1358,2,2314,1008,1238,14,,
NY,2024,Chautauqua County,Hanover 2,996,1712,1,2709,1098,1530,10,,
NY,2024,Chautauqua County,Hanover 3,386,954,1,1341,430,866,6,,
NY,2024,Chautauqua County,Hanover 4,154,290,0,444,166,258,0,,
NY,2024,Chautauqua County,Harmony 1,416,1168,3,1587,454,1088,6,,
NY,2024,Chautauqua County,Harmony 2,150,320,0,470,164,292,0,,
NY,2024,Chautauqua County,Jamestown 1-1,302,410,1,713,326,372,2,,
NY,2024,Chautauqua County,Jamestown 1-2,1070,1290,3,2363,1126,1166,14,,
NY,2024,Chautauqua County,Jamestown 2-1,298,290,0,588,294,256,4,,
NY,2024,Chautauqua County,Jamestown 2-2,1360,1238,4,2602,1376,1184,8,,
NY,2024,Chautauqua County,Jamestown 3-1,728,800,2,1530,728,716,16,,
NY,2024,Chautauqua County,Jamestown 3-2,100,70,1,171,100,68,0,,
NY,2024,Chautauqua County,Jamestown 3-3,196,290,1,487,200,266,0,,
NY,2024,Chautauqua County,Jamestown 3-4,8,8,0,16,8,8,0,,
NY,2024,Chautauqua County,Jamestown 4-1,766,760,2,1528,766,710,12,,
NY,2024,Chautauqua County,Jamestown 4-2,788,854,1,1643,808,790,0,,
NY,2024,Chautauqua County,Jamestown 4-3,524,656,0,1180,528,618,0,,
NY,2024,Chautauqua County,Jamestown 5-1,200,182,0,382,212,164,0,,
NY,2024,Chautauqua County,Jamestown 5-2,818,846,6,1670,852,774,4,,
NY,2024,Chautauqua County,Jamestown 5-3,518,712,2,1232,546,628,2,,
NY,2024,Chautauqua County,Jamestown 6-1,580,596,3,1179,588,528,8,,
NY,2024,Chautauqua County,Jamestown 6-2,486,634,0,1120,516,572,0,,
NY,2024,Chautauqua County,Jamestown 6-3,428,566,1,995,452,490,4,,
NY,2024,Chautauqua County,Jamestown 6-4,28,30,0,58,30,28,0,,
NY,2024,Chautauqua County,Kiantone,536,1104,0,1640,556,1014,8,,
NY,2024,Chautauqua County,Mina,350,764,0,1114,342,738,4,,
NY,2024,Chautauqua County,North Harmony,880,1682,4,2566,890,1592,2,,
NY,2024,Chautauqua County,Poland 1,120,350,1,471,146,320,0,,
NY,2024,Chautauqua County,Poland 2,396,1336,2,1734,470,1242,2,,
NY,2024,Chautauqua County,Pomfret 1,930,874,4,1808,992,774,8,,
NY,2024,Chautauqua County,Pomfret 2,938,792,4,1734,960,732,12,,
NY,2024,Chautauqua County,Pomfret 3,1258,892,5,2155,1312,798,10,,
NY,2024,Chautauqua County,Pomfret 4,1240,672,5,1917,1248,612,16,,
NY,2024,Chautauqua County,Pomfret 5,810,1336,1,2147,870,1214,8,,
NY,2024,Chautauqua County,Pomfret 6,620,778,3,1401,666,700,2,,
NY,2024,Chautauqua County,Portland 1,814,1460,3,2277,880,1342,6,,
NY,2024,Chautauqua County,Portland 2,458,700,1,1159,514,616,8,,
NY,2024,Chautauqua County,Ripley,616,1522,0,2138,640,1426,10,,
NY,2024,Chautauqua County,Sheridan,1042,1946,0,2988,1144,1742,6,,
NY,2024,Chautauqua County,Sherman,330,890,2,1222,366,822,2,,
NY,2024,Chautauqua County,Stockton 1,286,1034,0,1320,342,940,0,,
NY,2024,Chautauqua County,Stockton 2,336,502,0,838,346,462,0,,
NY,2024,Chautauqua County,TOTALS,44170,69056,138,113364,46876,63244,382,,
NY,2024,Chautauqua County,Villenova,282,778,0,1060,310,730,6,,
NY,2024,Chautauqua County,Westfield 1,724,856,0,1580,778,754,18,,
NY,2024,Chautauqua County,Westfield 2,630,908,1,1539,648,836,2,,
NY,2024,Chautauqua County,Westfield 3,644,1160,3,1807,686,1070,10,,
NY,2024,Chemung County,City of Elmira LD: 09 01,207,200,1,408,210,185,3,,
NY,2024,Chemung County,City of Elmira LD: 09 02,174,210,2,386,180,184,3,,
NY,2024,Chemung County,City of Elmira LD: 09 03,121,85,2,208,126,76,0,,
NY,2024,Chemung County,City of Elmira LD: 09 04,118,72,0,190,109,66,0,,
NY,2024,Chemung County,City of Elmira LD: 09 05,19,43,0,62,24,37,0,,
NY,2024,Chemung County,City of Elmira LD: 09 06,66,58,0,124,64,56,1,,
NY,2024,Chemung County,City of Elmira LD: 09 07,121,118,0,239,121,99,1,,
NY,2024,Chemung County,City of Elmira LD: 10 01,248,142,2,392,260,128,1,,
NY,2024,Chemung County,City of Elmira LD: 10 02,238,125,2,365,238,111,3,,
NY,2024,Chemung County,City of Elmira LD: 10 03,35,15,1,51,32,16,0,,
NY,2024,Chemung County,City of Elmira LD: 10 04,52,57,1,110,52,52,0,,
NY,2024,Chemung County,City of Elmira LD: 10 05,3,14,0,17,4,12,0,,
NY,2024,Chemung County,City of Elmira LD: 10 06,211,223,1,435,224,200,2,,
NY,2024,Chemung County,City of Elmira LD: 10 07,216,156,2,374,220,145,3,,
NY,2024,Chemung County,City of Elmira LD: 11 01,228,193,4,425,236,180,5,,
NY,2024,Chemung County,City of Elmira LD: 11 02,169,90,4,263,163,85,2,,
NY,2024,Chemung County,City of Elmira LD: 11 03,144,75,1,220,147,66,1,,
NY,2024,Chemung County,City of Elmira LD: 11 04,53,43,1,97,51,38,1,,
NY,2024,Chemung County,City of Elmira LD: 11 05,217,123,1,341,212,98,6,,
NY,2024,Chemung County,City of Elmira LD: 11 06,16,7,0,23,16,6,0,,
NY,2024,Chemung County,City of Elmira LD: 12 01,192,180,3,375,180,166,3,,
NY,2024,Chemung County,City of Elmira LD: 12 02,107,100,0,207,108,82,1,,
NY,2024,Chemung County,City of Elmira LD: 12 03,96,104,2,202,100,99,1,,
NY,2024,Chemung County,City of Elmira LD: 12 04,177,157,1,335,178,145,2,,
NY,2024,Chemung County,City of Elmira LD: 12 05,204,273,0,477,221,242,3,,
NY,2024,Chemung County,City of Elmira LD: 12 06,15,9,0,24,15,8,0,,
NY,2024,Chemung County,City of Elmira LD: 13 01,55,34,0,89,49,36,0,,
NY,2024,Chemung County,City of Elmira LD: 13 02,186,229,3,418,200,199,1,,
NY,2024,Chemung County,City of Elmira LD: 13 03,103,115,0,218,110,92,0,,
NY,2024,Chemung County,City of Elmira LD: 13 04,191,251,4,446,196,231,0,,
NY,2024,Chemung County,City of Elmira LD: 13 05,78,118,2,198,81,105,2,,
NY,2024,Chemung County,Town of Ashland LD: 15 01,168,516,1,685,182,474,2,,
NY,2024,Chemung County,Town of Baldwin LD: 06 01,81,344,1,426,92,318,0,,
NY,2024,Chemung County,Town of Big Flats LD: 02 01,210,247,4,461,214,239,1,,
NY,2024,Chemung County,Town of Big Flats LD: 02 02,208,258,0,466,206,249,4,,
NY,2024,Chemung County,Town of Big Flats LD: 02 03,312,393,3,708,297,402,3,,
NY,2024,Chemung County,Town of Big Flats LD: 02 04,155,267,4,426,154,256,5,,
NY,2024,Chemung County,Town of Big Flats LD: 02 05,287,367,2,656,288,357,2,,
NY,2024,Chemung County,Town of Big Flats LD: 02 06,310,345,6,661,307,344,1,,
NY,2024,Chemung County,Town of Big Flats LD: 04 05,455,434,3,892,445,427,3,,
NY,2024,Chemung County,Town of Big Flats LD: 07 06,83,122,0,205,87,109,2,,
NY,2024,Chemung County,Town of Catlin LD: 01 01,186,423,4,613,193,401,2,,
NY,2024,Chemung County,Town of Catlin LD: 01 05,164,523,1,688,177,490,0,,
NY,2024,Chemung County,Town of Chemung LD: 06 02,140,504,0,644,157,468,0,,
NY,2024,Chemung County,Town of Chemung LD: 06 06,132,340,0,472,131,311,0,,
NY,2024,Chemung County,Town of Elmira LD: 07 01,358,344,1,703,370,323,2,,
NY,2024,Chemung County,Town of Elmira LD: 07 02,98,99,1,198,103,92,0,,
NY,2024,Chemung County,Town of Elmira LD: 07 03,392,348,1,741,393,329,5,,
NY,2024,Chemung County,Town of Elmira LD: 07 04,494,339,3,836,499,335,2,,
NY,2024,Chemung County,Town of Elmira LD: 07 05,365,316,4,685,366,311,1,,
NY,2024,Chemung County,Town of Elmira LD: 08 04,154,291,0,445,159,271,3,,
NY,2024,Chemung County,Town of Elmira LD: 09 08,22,41,0,63,26,35,1,,
NY,2024,Chemung County,Town of Elmira LD: 15 06,97,271,1,369,105,253,0,,
NY,2024,Chemung County,Town of Erin LD: 05 03,150,481,1,632,154,457,4,,
NY,2024,Chemung County,Town of Erin LD: 06 04,81,276,1,358,86,253,2,,
NY,2024,Chemung County,Town of Horseheads LD: 03 01,406,504,1,911,395,478,2,,
NY,2024,Chemung County,Town of Horseheads LD: 03 02,206,286,1,493,210,265,1,,
NY,2024,Chemung County,Town of Horseheads LD: 03 03,404,456,4,864,398,439,3,,
NY,2024,Chemung County,Town of Horseheads LD: 03 04,327,362,5,694,324,342,7,,
NY,2024,Chemung County,Town of Horseheads LD: 04 01,62,155,1,218,69,147,1,,
NY,2024,Chemung County,Town of Horseheads LD: 04 02,26,67,1,94,28,57,1,,
NY,2024,Chemung County,Town of Horseheads LD: 04 03,153,236,0,389,156,223,2,,
NY,2024,Chemung County,Town of Horseheads LD: 04 04,375,363,8,746,370,368,5,,
NY,2024,Chemung County,Town of Horseheads LD: 04 06,119,193,0,312,118,189,0,,
NY,2024,Chemung County,Town of Horseheads LD: 04 07,26,56,0,82,28,53,0,,
NY,2024,Chemung County,Town of Horseheads LD: 04 08,222,191,4,417,213,183,4,,
NY,2024,Chemung County,Town of Horseheads LD: 05 01,359,560,2,921,354,528,3,,
NY,2024,Chemung County,Town of Horseheads LD: 05 02,268,386,3,657,264,360,5,,
NY,2024,Chemung County,Town of Horseheads LD: 05 04,319,685,3,1007,334,642,3,,
NY,2024,Chemung County,Town of Horseheads LD: 08 01,48,78,0,126,52,73,2,,
NY,2024,Chemung County,Town of Horseheads LD: 08 02,230,403,0,633,232,376,6,,
NY,2024,Chemung County,Town of Horseheads LD: 08 03,220,329,2,551,234,290,0,,
NY,2024,Chemung County,Town of Horseheads LD: 08 05,175,349,0,524,181,319,3,,
NY,2024,Chemung County,Town of Southport LD: 12 07,27,74,0,101,29,73,0,,
NY,2024,Chemung County,Town of Southport LD: 13 06,135,214,0,349,142,191,4,,
NY,2024,Chemung County,Town of Southport LD: 14 01,139,212,1,352,137,200,1,,
NY,2024,Chemung County,Town of Southport LD: 14 02,181,356,1,538,187,341,0,,
NY,2024,Chemung County,Town of Southport LD: 14 03,193,334,1,528,197,315,3,,
NY,2024,Chemung County,Town of Southport LD: 14 04,255,479,1,735,264,453,1,,
NY,2024,Chemung County,Town of Southport LD: 14 05,130,280,0,410,133,263,1,,
NY,2024,Chemung County,Town of Southport LD: 14 06,115,286,2,403,120,275,1,,
NY,2024,Chemung County,Town of Southport LD: 15 02,53,45,0,98,59,34,1,,
NY,2024,Chemung County,Town of Southport LD: 15 03,173,228,0,401,180,218,0,,
NY,2024,Chemung County,Town of Southport LD: 15 04,109,205,1,315,119,175,1,,
NY,2024,Chemung County,Town of Southport LD: 15 05,153,272,0,425,160,249,2,,
NY,2024,Chemung County,Town of Van Etten LD: 06 05,265,501,0,766,274,468,0,,
NY,2024,Chemung County,Town of Veteran LD: 01 02,183,368,1,552,186,349,1,,
NY,2024,Chemung County,Town of Veteran LD: 01 03,225,520,2,747,236,498,4,,
NY,2024,Chemung County,Town of Veteran LD: 01 04,129,320,0,449,134,295,3,,
NY,2024,Chenango County,Afton 1,465,886,8,1364,490,823,7,,
NY,2024,Chenango County,Bainbridge 1,534,974,13,1532,557,920,6,,
NY,2024,Chenango County,Columbus 1,107,322,1,433,121,281,1,,
NY,2024,Chenango County,Coventry 1,195,551,6,755,230,495,4,,
NY,2024,Chenango County,German 1,57,128,1,186,60,119,0,,
NY,2024,Chenango County,Greene 1,557,889,9,1467,608,800,6,,
NY,2024,Chenango County,Greene 2,471,871,11,1359,511,805,7,,
NY,2024,Chenango County,Guilford 1,454,940,22,1419,482,854,12,,
NY,2024,Chenango County,Lincklaen 1,57,124,1,182,64,115,0,,
NY,2024,Chenango County,McDonough 1,141,275,4,423,151,243,3,,
NY,2024,Chenango County,New Berlin 1,423,716,17,1162,426,674,7,,
NY,2024,Chenango County,North Norwich 1,275,520,7,808,301,476,2,,
NY,2024,Chenango County,Norwich Town 1,324,570,8,907,340,525,3,,
NY,2024,Chenango County,Norwich Town 2,331,457,6,803,337,420,9,,
NY,2024,Chenango County,Norwich Ward 1,302,230,6,539,310,201,5,,
NY,2024,Chenango County,Norwich Ward 2,240,247,2,492,243,225,0,,
NY,2024,Chenango County,Norwich Ward 3,311,239,5,556,320,210,0,,
NY,2024,Chenango County,Norwich Ward 4,137,199,2,339,145,172,3,,
NY,2024,Chenango County,Norwich Ward 5,210,217,3,434,209,207,3,,
NY,2024,Chenango County,Norwich Ward 6,219,207,2,430,224,188,3,,
NY,2024,Chenango County,Otselic 1,138,259,4,403,148,236,4,,
NY,2024,Chenango County,Oxford 1,388,649,8,1050,401,593,3,,
NY,2024,Chenango County,Oxford 2,289,428,6,726,317,372,7,,
NY,2024,Chenango County,Pharsalia 1,83,172,1,257,96,150,1,,
NY,2024,Chenango County,Pitcher 1,75,229,1,306,84,206,1,,
NY,2024,Chenango County,Plymouth 1,219,603,5,828,242,549,3,,
NY,2024,Chenango County,Preston 1,181,304,3,491,190,276,1,,
NY,2024,Chenango County,Sherburne 1,327,579,3,915,344,534,6,,
NY,2024,Chenango County,Sherburne 2,330,629,6,970,334,585,4,,
NY,2024,Chenango County,Smithville 1,193,457,4,662,214,412,2,,
NY,2024,Chenango County,Smyrna 1,144,423,9,578,154,384,4,,
NY,2024,Clinton County,City of Plattsburgh Ward 1 District 1 LD 8,200,146,0,346,212,118,2,,
NY,2024,Clinton County,City of Plattsburgh Ward 1 District 2 LD 8,565,288,10,863,603,249,3,,
NY,2024,Clinton County,City of Plattsburgh Ward 1 District 3 LD 9,238,122,3,363,245,107,3,,
NY,2024,Clinton County,City of Plattsburgh Ward 2 District 1 LD 8,364,183,8,555,386,149,1,,
NY,2024,Clinton County,City of Plattsburgh Ward 2 District 2 LD 9,204,107,2,313,197,95,3,,
NY,2024,Clinton County,City of Plattsburgh Ward 3 District 1 LD 9,402,237,5,644,425,204,2,,
NY,2024,Clinton County,City of Plattsburgh Ward 3 District 2 LD 9,470,219,10,699,479,197,5,,
NY,2024,Clinton County,City of Plattsburgh Ward 4 District 1 LD 10,535,274,14,823,545,256,2,,
NY,2024,Clinton County,City of Plattsburgh Ward 4 District 2 LD 10,502,261,4,767,514,233,2,,
NY,2024,Clinton County,City of Plattsburgh Ward 5 District 1 LD 10,341,148,3,492,346,129,2,,
NY,2024,Clinton County,City of Plattsburgh Ward 5 District 2 LD 10,567,267,10,844,586,232,7,,
NY,2024,Clinton County,City of Plattsburgh Ward 6 District 1 LD 9,439,165,8,612,444,144,7,,
NY,2024,Clinton County,City of Plattsburgh Ward 6 District 2 LD 10,280,117,1,398,271,98,6,,
NY,2024,Clinton County,Town of Altona 1 LD 2,415,716,11,1142,440,649,7,,
NY,2024,Clinton County,Town of AuSable 1 LD 7,267,416,5,688,284,369,3,,
NY,2024,Clinton County,Town of AuSable 2 LD 7,298,360,4,662,327,310,3,,
NY,2024,Clinton County,Town of Beekmantown 1 LD 3,251,239,1,491,258,213,6,,
NY,2024,Clinton County,Town of Beekmantown 2 LD 3,266,369,3,638,296,304,2,,
NY,2024,Clinton County,Town of Beekmantown 3 LD 4,481,405,6,892,498,355,2,,
NY,2024,Clinton County,Town of Beekmantown 4 LD 3,344,451,3,798,376,397,1,,
NY,2024,Clinton County,Town of Black Brook 1 LD 6,196,376,3,575,231,315,3,,
NY,2024,Clinton County,Town of Black Brook 2 LD 6,92,137,1,230,97,125,1,,
NY,2024,Clinton County,Town of Champlain 1 LD 1,392,453,7,852,420,402,4,,
NY,2024,Clinton County,Town of Champlain 2 LD 1,438,456,5,899,459,421,1,,
NY,2024,Clinton County,Town of Champlain 3 LD 1,411,566,3,980,450,475,4,,
NY,2024,Clinton County,Town of Chazy 1 LD 3,494,494,8,996,522,433,2,,
NY,2024,Clinton County,Town of Chazy 2 LD 3,434,613,7,1054,502,506,7,,
NY,2024,Clinton County,Town of Clinton 1 LD 2,111,218,2,331,135,169,2,,
NY,2024,Clinton County,Town of Dannemora 1 LD 6,99,159,1,259,113,144,0,,
NY,2024,Clinton County,Town of Dannemora 2 LD 2,133,223,0,356,159,186,1,,
NY,2024,Clinton County,Town of Dannemora 3 LD 2,104,159,0,263,116,140,0,,
NY,2024,Clinton County,Town of Ellenburg 1 LD 2,305,595,1,901,353,515,1,,
NY,2024,Clinton County,Town of Mooers 1 LD 1,297,598,3,898,339,543,2,,
NY,2024,Clinton County,Town of Mooers 2 LD 2,254,538,6,798,306,461,4,,
NY,2024,Clinton County,Town of Peru 1 LD 7,300,338,4,642,325,313,1,,
NY,2024,Clinton County,Town of Peru 2 LD 7,579,527,6,1112,588,489,3,,
NY,2024,Clinton County,Town of Peru 3 LD 7,226,407,4,637,233,391,0,,
NY,2024,Clinton County,Town of Peru 4 LD 5,438,523,12,973,466,476,7,,
NY,2024,Clinton County,Town of Plattsburgh 1 LD 4,272,211,4,487,288,185,5,,
NY,2024,Clinton County,Town of Plattsburgh 2 LD 4,353,388,4,745,390,329,2,,
NY,2024,Clinton County,Town of Plattsburgh 3 LD 8,628,488,8,1124,641,436,10,,
NY,2024,Clinton County,Town of Plattsburgh 4 LD 6,471,496,3,970,505,430,4,,
NY,2024,Clinton County,Town of Plattsburgh 5 LD 5,166,152,2,320,183,131,1,,
NY,2024,Clinton County,Town of Plattsburgh 6 LD 4,691,512,13,1216,709,485,4,,
NY,2024,Clinton County,Town of Plattsburgh 7 LD 4,324,441,6,771,366,376,4,,
NY,2024,Clinton County,Town of Saranac 1 LD 6,348,547,10,905,379,507,4,,
NY,2024,Clinton County,Town of Saranac 2 LD 6,231,443,3,677,254,402,3,,
NY,2024,Clinton County,Town of Saranac 3 LD 6,236,359,2,597,260,324,4,,
NY,2024,Clinton County,Town of Schuyler Falls 1 LD 5,229,405,4,638,252,359,1,,
NY,2024,Clinton County,Town of Schuyler Falls 2 LD 5,434,495,7,936,452,454,1,,
NY,2024,Clinton County,Town of Schuyler Falls 3 LD 5,363,440,3,806,389,379,5,,
NY,2024,Columbia County,Ancram 1,321,236,4,561,342,210,3,,
NY,2024,Columbia County,Ancram 2,244,221,0,465,254,198,5,,
NY,2024,Columbia County,Austerlitz 1,412,213,6,631,422,192,6,,
NY,2024,Columbia County,Austerlitz 2,425,148,4,577,435,131,1,,
NY,2024,Columbia County,Canaan 1,416,161,7,584,418,153,4,,
NY,2024,Columbia County,Canaan 2,357,185,7,549,366,180,4,,
NY,2024,Columbia County,Chatham 1,457,223,5,685,461,211,4,,
NY,2024,Columbia County,Chatham 2,217,167,2,386,229,159,1,,
NY,2024,Columbia County,Chatham 3,299,197,2,498,310,189,0,,
NY,2024,Columbia County,Chatham 4,424,146,7,577,425,140,6,,
NY,2024,Columbia County,Chatham 5,273,89,7,369,283,85,5,,
NY,2024,Columbia County,Chatham 6,128,82,0,210,124,84,2,,
NY,2024,Columbia County,Claverack 1,294,315,2,611,327,271,7,,
NY,2024,Columbia County,Claverack 2,371,349,5,725,397,326,2,,
NY,2024,Columbia County,Claverack 3,330,282,12,624,355,255,2,,
NY,2024,Columbia County,Claverack 4,357,315,15,687,381,283,6,,
NY,2024,Columbia County,Claverack 5,335,328,12,675,359,307,6,,
NY,2024,Columbia County,Clermont 1,343,307,4,654,369,280,2,,
NY,2024,Columbia County,Clermont 2,257,261,3,521,282,240,1,,
NY,2024,Columbia County,Copake 1,390,237,1,628,393,220,4,,
NY,2024,Columbia County,Copake 2,257,202,5,464,281,181,1,,
NY,2024,Columbia County,Copake 3,304,213,3,520,318,191,3,,
NY,2024,Columbia County,Copake 4,243,199,2,444,263,172,4,,
NY,2024,Columbia County,Gallatin 1,326,340,2,668,345,309,1,,
NY,2024,Columbia County,Gallatin 2,209,112,1,322,210,105,0,,
NY,2024,Columbia County,Germantown 1,401,304,10,715,419,281,7,,
NY,2024,Columbia County,Germantown 2,335,207,9,551,346,193,4,,
NY,2024,Columbia County,Ghent 1,387,277,6,670,407,249,6,,
NY,2024,Columbia County,Ghent 2,394,335,8,737,407,316,8,,
NY,2024,Columbia County,Ghent 3,284,270,2,556,301,251,3,,
NY,2024,Columbia County,Ghent 4,411,199,6,616,407,196,6,,
NY,2024,Columbia County,Ghent 5,236,309,4,549,250,284,3,,
NY,2024,Columbia County,Greenport 1,225,230,4,459,244,201,3,,
NY,2024,Columbia County,Greenport 2,293,239,9,541,320,214,1,,
NY,2024,Columbia County,Greenport 3,320,394,6,720,361,334,3,,
NY,2024,Columbia County,Greenport 4,218,186,3,407,223,158,4,,
NY,2024,Columbia County,Hillsdale 1,412,179,9,600,418,171,4,,
NY,2024,Columbia County,Hillsdale 2,447,171,8,626,461,156,2,,
NY,2024,Columbia County,Hudson 1,528,73,14,615,528,62,10,,
NY,2024,Columbia County,Hudson 2,295,77,7,379,303,51,4,,
NY,2024,Columbia County,Hudson 3,505,103,15,623,521,82,13,,
NY,2024,Columbia County,Hudson 4,358,110,14,482,370,94,4,,
NY,2024,Columbia County,Hudson 5,420,181,20,621,451,155,3,,
NY,2024,Columbia County,Kinderhook 1,371,197,4,572,371,204,0,,
NY,2024,Columbia County,Kinderhook 2,297,171,1,469,308,161,4,,
NY,2024,Columbia County,Kinderhook 3,378,298,4,680,390,282,5,,
NY,2024,Columbia County,Kinderhook 4,304,322,3,629,321,307,0,,
NY,2024,Columbia County,Kinderhook 5,361,391,2,754,379,369,2,,
NY,2024,Columbia County,Kinderhook 6,247,341,3,591,281,304,0,,
NY,2024,Columbia County,Kinderhook 7,324,384,4,712,340,364,7,,
NY,2024,Columbia County,Kinderhook 8,374,355,4,733,370,353,2,,
NY,2024,Columbia County,Livingston 1,316,333,7,656,355,289,4,,
NY,2024,Columbia County,Livingston 2,227,314,6,547,246,283,9,,
NY,2024,Columbia County,Livingston 3,232,219,7,458,235,209,5,,
NY,2024,Columbia County,Livingston 4,150,194,0,344,159,180,1,,
NY,2024,Columbia County,New Lebanon 1,364,247,6,617,395,215,4,,
NY,2024,Columbia County,New Lebanon 2,380,363,1,744,407,325,0,,
NY,2024,Columbia County,Stockport 1,288,403,2,693,317,363,5,,
NY,2024,Columbia County,Stockport 2,248,339,0,587,258,307,4,,
NY,2024,Columbia County,Stuyvesant 1,253,254,4,511,270,234,1,,
NY,2024,Columbia County,Stuyvesant 2,348,317,1,666,365,294,5,,
NY,2024,Columbia County,Taghkanic 1,476,354,2,832,492,327,2,,
NY,2024,Delaware County,AN 1,305,237,1,543,316,215,1,,
NY,2024,Delaware County,AN 2,136,132,2,270,140,121,1,,
NY,2024,Delaware County,BV 1,275,192,6,473,282,181,0,,
NY,2024,Delaware County,CO 1,126,301,3,430,151,267,0,,
NY,2024,Delaware County,CO 2,79,159,3,241,87,144,3,,
NY,2024,Delaware County,CO 3,69,133,1,203,74,123,0,,
NY,2024,Delaware County,CO 4,35,199,0,234,46,186,0,,
NY,2024,Delaware County,DA 1,154,379,4,537,170,356,2,,
NY,2024,Delaware County,DA 2,310,526,3,839,326,489,2,,
NY,2024,Delaware County,DL 1,266,268,3,537,272,249,0,,
NY,2024,Delaware County,DL 2,234,216,4,454,247,193,1,,
NY,2024,Delaware County,DL 3,225,238,6,469,238,222,2,,
NY,2024,Delaware County,DL 4,260,171,10,441,264,159,2,,
NY,2024,Delaware County,DP 1,132,321,1,454,148,291,1,,
NY,2024,Delaware County,DP 2,66,166,2,234,81,144,4,,
NY,2024,Delaware County,FR 1,151,299,8,458,168,272,1,,
NY,2024,Delaware County,FR 2,170,180,7,357,175,165,6,,
NY,2024,Delaware County,FR 3,218,327,6,551,236,310,3,,
NY,2024,Delaware County,HM 1,289,433,9,731,309,406,2,,
NY,2024,Delaware County,HN 1,75,160,2,237,77,153,1,,
NY,2024,Delaware County,HN 2,64,135,0,199,69,125,2,,
NY,2024,Delaware County,HN 3,162,275,5,442,162,265,4,,
NY,2024,Delaware County,HN 4,47,131,0,178,51,118,1,,
NY,2024,Delaware County,HN 5,34,132,0,166,42,120,0,,
NY,2024,Delaware County,HN 6,50,151,2,203,48,139,2,,
NY,2024,Delaware County,HR 1,305,483,7,795,331,435,2,,
NY,2024,Delaware County,KR 1,167,270,5,442,186,251,1,,
NY,2024,Delaware County,KR 2,157,273,3,433,177,239,3,,
NY,2024,Delaware County,MA 1,171,479,3,653,190,443,1,,
NY,2024,Delaware County,ME 1,263,374,10,647,282,353,2,,
NY,2024,Delaware County,ME 2,138,187,3,328,147,176,0,,
NY,2024,Delaware County,MI 1,267,296,4,567,268,244,2,,
NY,2024,Delaware County,MI 2,338,216,4,558,351,197,4,,
NY,2024,Delaware County,MI 3,160,159,5,324,168,150,2,,
NY,2024,Delaware County,MI 4,123,84,3,210,130,75,1,,
NY,2024,Delaware County,MI 5,127,165,2,294,130,151,2,,
NY,2024,Delaware County,RX 1,98,322,4,424,137,267,4,,
NY,2024,Delaware County,RX 2,142,112,3,257,148,100,0,,
NY,2024,Delaware County,RX 3,240,156,2,398,249,143,4,,
NY,2024,Delaware County,RX 4,172,162,1,335,183,141,0,,
NY,2024,Delaware County,SD 1,151,232,20,403,153,221,10,,
NY,2024,Delaware County,SD 2,137,179,13,329,147,167,6,,
NY,2024,Delaware County,SD 3,131,237,5,373,144,212,3,,
NY,2024,Delaware County,SD 4,151,156,8,315,154,145,8,,
NY,2024,Delaware County,SD 5,113,147,0,260,116,143,1,,
NY,2024,Delaware County,SD 6,230,249,3,482,225,233,7,,
NY,2024,Delaware County,SD 7,130,222,0,352,141,200,2,,
NY,2024,Delaware County,ST 1,237,336,7,580,257,312,1,,
NY,2024,Delaware County,ST 2,187,255,5,447,195,225,3,,
NY,2024,Delaware County,Sub-total,9237,13789,234,23260,9852,12620,128,,
NY,2024,Delaware County,TM 1,145,414,8,567,169,367,5,,
NY,2024,Delaware County,WL 1,189,414,3,606,218,365,4,,
NY,2024,Delaware County,WL 2,194,262,5,461,199,252,1,,
NY,2024,Delaware County,WL 3,145,295,6,446,155,269,3,,
NY,2024,Delaware County,WL 4,175,381,4,560,188,352,3,,
NY,2024,Delaware County,WL 5,122,411,0,533,135,379,2,,
NY,2024,Dutchess County,Amenia ED 1,457,462,30,931,490,409,6,,
NY,2024,Dutchess County,Amenia ED 2,446,520,15,974,487,455,1,,
NY,2024,Dutchess County,Beekman ED 1,404,757,16,1171,436,702,5,,
NY,2024,Dutchess County,Beekman ED 10,12,11,2,24,11,13,0,,
NY,2024,Dutchess County,Beekman ED 11,106,224,5,331,111,211,0,,
NY,2024,Dutchess County,Beekman ED 12,4,10,0,14,4,10,0,,
NY,2024,Dutchess County,Beekman ED 13,10,20,0,30,10,20,0,,
NY,2024,Dutchess County,Beekman ED 14,11,9,0,20,10,9,0,,
NY,2024,Dutchess County,Beekman ED 15,21,36,1,58,24,31,1,,
NY,2024,Dutchess County,Beekman ED 16,0,1,0,1,0,1,0,,
NY,2024,Dutchess County,Beekman ED 2,406,598,14,1010,432,558,1,,
NY,2024,Dutchess County,Beekman ED 3,370,580,25,970,391,542,4,,
NY,2024,Dutchess County,Beekman ED 4,523,593,21,1127,547,555,5,,
NY,2024,Dutchess County,Beekman ED 5,331,521,8,856,355,465,6,,
NY,2024,Dutchess County,Beekman ED 6,69,121,1,190,76,110,1,,
NY,2024,Dutchess County,Beekman ED 7,177,372,8,550,186,350,2,,
NY,2024,Dutchess County,Beekman ED 8,239,421,8,665,252,394,1,,
NY,2024,Dutchess County,Beekman ED 9,109,209,5,321,120,195,2,,
NY,2024,Dutchess County,C/Beacon W 1 ED 1,663,178,21,859,664,165,6,,
NY,2024,Dutchess County,C/Beacon W 1 ED 2,726,248,37,1003,752,226,5,,
NY,2024,Dutchess County,C/Beacon W 2 ED 1,802,183,23,1007,816,145,12,,
NY,2024,Dutchess County,C/Beacon W 2 ED 2,678,198,18,889,676,169,9,,
NY,2024,Dutchess County,C/Beacon W 3 ED 1,595,171,15,777,602,150,6,,
NY,2024,Dutchess County,C/Beacon W 3 ED 2,666,282,28,967,675,257,6,,
NY,2024,Dutchess County,C/Beacon W 4 ED 1,725,260,17,995,749,227,1,,
NY,2024,Dutchess County,C/Beacon W 4 ED 2,706,219,25,945,720,196,8,,
NY,2024,Dutchess County,C/Poughkeepsie W 1 ED 1,382,157,10,545,388,133,5,,
NY,2024,Dutchess County,C/Poughkeepsie W 1 ED 2,390,148,9,544,374,114,2,,
NY,2024,Dutchess County,C/Poughkeepsie W 2 ED 1,434,85,23,538,430,68,1,,
NY,2024,Dutchess County,C/Poughkeepsie W 2 ED 2,521,192,12,719,498,169,9,,
NY,2024,Dutchess County,C/Poughkeepsie W 3 ED 1,604,134,7,741,583,103,7,,
NY,2024,Dutchess County,C/Poughkeepsie W 3 ED 2,43,38,1,82,44,31,1,,
NY,2024,Dutchess County,C/Poughkeepsie W 3 ED 3,30,12,0,42,31,8,0,,
NY,2024,Dutchess County,C/Poughkeepsie W 4 ED 1,436,148,4,588,443,116,1,,
NY,2024,Dutchess County,C/Poughkeepsie W 4 ED 2,935,398,22,1345,941,378,3,,
NY,2024,Dutchess County,C/Poughkeepsie W 4 ED 3,80,23,2,104,79,22,1,,
NY,2024,Dutchess County,C/Poughkeepsie W 4 ED 4,30,7,3,39,30,8,1,,
NY,2024,Dutchess County,C/Poughkeepsie W 5 ED 1,759,143,13,906,734,109,2,,
NY,2024,Dutchess County,C/Poughkeepsie W 5 ED 2,13,3,1,16,13,4,0,,
NY,2024,Dutchess County,C/Poughkeepsie W 6 ED 1,328,76,9,411,321,72,2,,
NY,2024,Dutchess County,C/Poughkeepsie W 6 ED 2,331,100,6,434,328,81,2,,
NY,2024,Dutchess County,C/Poughkeepsie W 6 ED 3,132,39,6,174,126,38,1,,
NY,2024,Dutchess County,C/Poughkeepsie W 6 ED 4,10,8,0,18,9,6,0,,
NY,2024,Dutchess County,C/Poughkeepsie W 6 ED 5,17,6,1,23,17,6,0,,
NY,2024,Dutchess County,C/Poughkeepsie W 7 ED 1,300,80,4,382,292,70,0,,
NY,2024,Dutchess County,C/Poughkeepsie W 7 ED 2,83,18,2,103,80,14,0,,
NY,2024,Dutchess County,C/Poughkeepsie W 7 ED 3,366,116,8,487,365,99,2,,
NY,2024,Dutchess County,C/Poughkeepsie W 7 ED 4,16,10,0,26,18,7,0,,
NY,2024,Dutchess County,C/Poughkeepsie W 8 ED 1,800,365,10,1171,809,314,2,,
NY,2024,Dutchess County,C/Poughkeepsie W 8 ED 2,746,425,26,1180,768,395,4,,
NY,2024,Dutchess County,C/Poughkeepsie W 8 ED 3,80,34,2,116,86,25,0,,
NY,2024,Dutchess County,Clinton ED 1,757,565,35,1342,781,528,8,,
NY,2024,Dutchess County,Clinton ED 2,704,546,21,1259,717,526,3,,
NY,2024,Dutchess County,Dover ED 1,321,589,13,914,355,533,4,,
NY,2024,Dutchess County,Dover ED 2,376,622,8,1005,402,565,1,,
NY,2024,Dutchess County,Dover ED 3,371,560,14,942,393,514,4,,
NY,2024,Dutchess County,Dover ED 4,377,507,7,889,382,479,1,,
NY,2024,Dutchess County,East Fishkill ED 1,544,864,32,1422,588,791,7,,
NY,2024,Dutchess County,East Fishkill ED 10,557,820,11,1384,590,772,2,,
NY,2024,Dutchess County,East Fishkill ED 11,572,786,23,1374,601,736,8,,
NY,2024,Dutchess County,East Fishkill ED 12,556,866,27,1438,586,823,2,,
NY,2024,Dutchess County,East Fishkill ED 13,316,622,10,944,352,561,2,,
NY,2024,Dutchess County,East Fishkill ED 2,552,718,33,1285,584,684,3,,
NY,2024,Dutchess County,East Fishkill ED 3,583,854,20,1445,634,786,3,,
NY,2024,Dutchess County,East Fishkill ED 4,531,856,44,1409,566,815,5,,
NY,2024,Dutchess County,East Fishkill ED 5,453,885,24,1355,479,827,5,,
NY,2024,Dutchess County,East Fishkill ED 6,544,814,25,1373,561,784,4,,
NY,2024,Dutchess County,East Fishkill ED 7,531,763,23,1309,560,712,6,,
NY,2024,Dutchess County,East Fishkill ED 8,495,824,19,1329,529,753,5,,
NY,2024,Dutchess County,East Fishkill ED 9,533,749,24,1293,562,720,3,,
NY,2024,Dutchess County,Fishkill ED 1,497,264,16,771,497,244,6,,
NY,2024,Dutchess County,Fishkill ED 10,528,484,13,1018,544,440,4,,
NY,2024,Dutchess County,Fishkill ED 2,745,489,12,1244,743,469,2,,
NY,2024,Dutchess County,Fishkill ED 3,695,619,19,1322,711,579,2,,
NY,2024,Dutchess County,Fishkill ED 4,764,709,21,1489,791,650,2,,
NY,2024,Dutchess County,Fishkill ED 5,564,582,11,1150,580,530,2,,
NY,2024,Dutchess County,Fishkill ED 6,614,797,20,1425,666,724,2,,
NY,2024,Dutchess County,Fishkill ED 7,520,829,23,1356,566,756,3,,
NY,2024,Dutchess County,Fishkill ED 8,592,498,23,1104,629,434,6,,
NY,2024,Dutchess County,Fishkill ED 9,560,525,11,1089,572,478,3,,
NY,2024,Dutchess County,Hyde Park W 2 ED 2,562,520,15,1093,597,467,2,,
NY,2024,Dutchess County,Hyde Park W 2 ED1,701,649,33,1369,759,581,5,,
NY,2024,Dutchess County,Hyde Park W 3 ED 1,504,551,16,1066,538,484,4,,
NY,2024,Dutchess County,Hyde Park W 3 ED 2,463,486,14,956,481,437,4,,
NY,2024,Dutchess County,Hyde Park W 3 ED 3,66,43,2,111,68,39,1,,
NY,2024,Dutchess County,Hyde Park W 4 ED 1,404,546,14,956,437,496,4,,
NY,2024,Dutchess County,Hyde Park W 4 ED 2,533,538,15,1081,561,486,7,,
NY,2024,Dutchess County,Hyde Park W 4 ED 3,525,622,17,1158,550,563,3,,
NY,2024,Dutchess County,Hyde Park W1 ED 1,773,637,27,1423,824,565,3,,
NY,2024,Dutchess County,Hyde Park W1 ED 2,743,587,22,1343,793,517,5,,
NY,2024,Dutchess County,Lagrange ED 1,608,802,38,1434,638,766,9,,
NY,2024,Dutchess County,Lagrange ED 2,551,720,29,1286,577,677,6,,
NY,2024,Dutchess County,Lagrange ED 3,665,765,18,1441,698,694,10,,
NY,2024,Dutchess County,Lagrange ED 4,682,661,36,1363,722,603,9,,
NY,2024,Dutchess County,Lagrange ED 5,603,806,26,1429,638,745,6,,
NY,2024,Dutchess County,Lagrange ED 6,650,778,34,1444,668,744,7,,
NY,2024,Dutchess County,Lagrange ED 7,552,732,36,1302,588,686,4,,
NY,2024,Dutchess County,Milan ED 1,901,629,21,1539,942,565,7,,
NY,2024,Dutchess County,North East ED 1,417,286,15,712,448,244,2,,
NY,2024,Dutchess County,North East ED 2,436,292,17,735,446,274,2,,
NY,2024,Dutchess County,Pawling ED 1,614,786,21,1411,625,747,7,,
NY,2024,Dutchess County,Pawling ED 2,453,384,19,843,459,370,5,,
NY,2024,Dutchess County,Pawling ED 3,590,885,22,1488,609,831,4,,
NY,2024,Dutchess County,Pawling ED 4,509,572,17,1092,531,530,4,,
NY,2024,Dutchess County,Pine Plains ED 1,677,696,24,1389,740,601,7,,
NY,2024,Dutchess County,Pleasant Valley ED 1,438,640,19,1093,470,593,4,,
NY,2024,Dutchess County,Pleasant Valley ED 2,460,453,15,925,479,420,1,,
NY,2024,Dutchess County,Pleasant Valley ED 3,321,498,12,823,356,441,2,,
NY,2024,Dutchess County,Pleasant Valley ED 4,445,413,12,865,465,372,6,,
NY,2024,Dutchess County,Pleasant Valley ED 5,330,445,13,778,366,398,0,,
NY,2024,Dutchess County,Pleasant Valley ED 6,479,515,25,1007,495,484,6,,
NY,2024,Dutchess County,Red Hook ED 1,928,413,36,1363,967,374,7,,
NY,2024,Dutchess County,Red Hook ED 2,524,8,22,552,518,8,5,,
NY,2024,Dutchess County,Red Hook ED 3,978,499,33,1498,999,475,4,,
NY,2024,Dutchess County,Red Hook ED 4,860,478,35,1359,911,423,7,,
NY,2024,Dutchess County,Red Hook ED 5,880,538,31,1435,926,484,3,,
NY,2024,Dutchess County,Red Hook ED 6,146,99,8,251,153,90,0,,
NY,2024,Dutchess County,Rhinebeck ED 1,708,344,30,1069,727,328,3,,
NY,2024,Dutchess County,Rhinebeck ED 2,626,184,23,823,631,174,5,,
NY,2024,Dutchess County,Rhinebeck ED 3,665,203,9,873,678,178,5,,
NY,2024,Dutchess County,Rhinebeck ED 4,781,230,24,1025,787,226,3,,
NY,2024,Dutchess County,Rhinebeck ED 5,660,319,15,985,672,285,3,,
NY,2024,Dutchess County,Stanford ED 1,584,527,27,1127,622,490,5,,
NY,2024,Dutchess County,Stanford ED 2,521,560,19,1090,558,513,6,,
NY,2024,Dutchess County,T/Poughkeepsie W 1 ED 2,476,569,10,1048,487,532,5,,
NY,2024,Dutchess County,T/Poughkeepsie W 1 ED 4,213,193,3,408,215,176,0,,
NY,2024,Dutchess County,T/Poughkeepsie W 2 ED 1,520,302,25,840,526,292,8,,
NY,2024,Dutchess County,T/Poughkeepsie W 2 ED 3,523,477,22,1008,554,432,3,,
NY,2024,Dutchess County,T/Poughkeepsie W 2 ED 4,495,479,15,983,509,431,6,,
NY,2024,Dutchess County,T/Poughkeepsie W 3 ED 1,529,288,17,827,539,254,3,,
NY,2024,Dutchess County,T/Poughkeepsie W 3 ED 2,639,579,20,1234,656,519,5,,
NY,2024,Dutchess County,T/Poughkeepsie W 3 ED 3,792,672,21,1473,828,614,4,,
NY,2024,Dutchess County,T/Poughkeepsie W 3 ED 4,364,282,24,656,375,257,6,,
NY,2024,Dutchess County,T/Poughkeepsie W 4 ED 1,71,72,5,145,77,63,1,,
NY,2024,Dutchess County,T/Poughkeepsie W 4 ED 2,502,403,11,907,508,353,2,,
NY,2024,Dutchess County,T/Poughkeepsie W 4 ED 3,761,473,30,1254,781,434,3,,
NY,2024,Dutchess County,T/Poughkeepsie W 4 ED 4,668,472,21,1156,688,435,7,,
NY,2024,Dutchess County,T/Poughkeepsie W 5 ED 1,631,419,21,1066,664,360,10,,
NY,2024,Dutchess County,T/Poughkeepsie W 5 ED 2,742,469,32,1231,765,425,7,,
NY,2024,Dutchess County,T/Poughkeepsie W 5 ED 3,676,590,14,1274,697,533,4,,
NY,2024,Dutchess County,T/Poughkeepsie W 6 ED 1,511,292,20,813,514,259,5,,
NY,2024,Dutchess County,T/Poughkeepsie W 6 ED 2,432,14,5,451,421,14,3,,
NY,2024,Dutchess County,T/Poughkeepsie W 6 ED 3,251,44,8,302,251,40,3,,
NY,2024,Dutchess County,T/Poughkeepsie W 6 ED 4,184,121,11,315,190,119,1,,
NY,2024,Dutchess County,T/Poughkeepsie W 6 ED 5,776,523,21,1309,790,492,2,,
NY,2024,Dutchess County,T/Poughkeepsie W 6 ED 6,228,116,7,350,236,108,1,,
NY,2024,Dutchess County,T/Poughkeepsie W1 ED 1,514,548,18,1073,540,509,4,,
NY,2024,Dutchess County,T/Poughkeepsie W1 ED 3,351,310,8,667,366,276,3,,
NY,2024,Dutchess County,T/Poughkeepsie W2 ED 2,413,418,14,841,425,391,3,,
NY,2024,Dutchess County,Union Vale ED 1,580,857,21,1448,609,801,3,,
NY,2024,Dutchess County,Union Vale ED 2,514,885,28,1414,528,842,8,,
NY,2024,Dutchess County,Wappinger W 1 ED 1,475,472,8,951,500,421,5,,
NY,2024,Dutchess County,Wappinger W 1 ED 2,279,229,10,515,289,204,4,,
NY,2024,Dutchess County,Wappinger W 1 ED 3,287,261,10,557,301,232,3,,
NY,2024,Dutchess County,Wappinger W 1 ED 4,464,533,7,999,479,491,3,,
NY,2024,Dutchess County,Wappinger W 2 ED 1,598,474,18,1085,610,434,5,,
NY,2024,Dutchess County,Wappinger W 2 ED 2,498,583,16,1089,513,518,6,,
NY,2024,Dutchess County,Wappinger W 2 ED 3,474,603,19,1090,496,569,4,,
NY,2024,Dutchess County,Wappinger W 3 ED 1,400,463,11,869,426,416,4,,
NY,2024,Dutchess County,Wappinger W 3 ED 2,596,659,18,1268,625,596,5,,
NY,2024,Dutchess County,Wappinger W 3 ED 3,489,571,24,1076,504,532,13,,
NY,2024,Dutchess County,Wappinger W 3 ED 4,176,189,5,368,182,171,3,,
NY,2024,Dutchess County,Wappinger W 3 ED 5,399,499,17,905,425,466,1,,
NY,2024,Dutchess County,Wappinger W 3 ED 6,97,147,6,246,104,135,1,,
NY,2024,Dutchess County,Wappinger W 4 ED 1,84,147,2,232,89,136,1,,
NY,2024,Dutchess County,Wappinger W 4 ED 2,519,624,12,1152,538,571,4,,
NY,2024,Dutchess County,Wappinger W 4 ED 3,449,731,21,1192,471,682,7,,
NY,2024,Dutchess County,Wappinger W 4 ED 4,557,675,25,1244,594,624,1,,
NY,2024,Dutchess County,Washington ED 1,501,343,19,854,517,321,3,,
NY,2024,Dutchess County,Washington ED 2,469,351,26,835,498,324,4,,
NY,2024,Dutchess County,Washington ED 3,437,443,15,890,445,431,2,,
NY,2024,Erie County,Alden,1501,3695,14,5210,1564,3426,24,,
NY,2024,Erie County,Alden Total,1501,3695,14,5210,1564,3426,24,,
NY,2024,Erie County,ALDN 001,476,912,4,1392,489,834,10,,
NY,2024,Erie County,ALDN 002,217,672,5,894,236,633,3,,
NY,2024,Erie County,ALDN 003,279,610,2,891,279,583,2,,
NY,2024,Erie County,ALDN 004,206,523,1,730,221,476,2,,
NY,2024,Erie County,ALDN 005,164,478,1,643,171,441,1,,
NY,2024,Erie County,ALDN 006,159,500,1,660,168,459,6,,
NY,2024,Erie County,Amherst,39052,25537,509,65098,39267,24465,244,,
NY,2024,Erie County,Amherst Total,39052,25537,509,65098,39267,24465,244,,
NY,2024,Erie County,AMHS 001,696,366,3,1065,682,360,2,,
NY,2024,Erie County,AMHS 002,395,244,2,641,393,232,4,,
NY,2024,Erie County,AMHS 003,843,503,5,1351,829,491,6,,
NY,2024,Erie County,AMHS 004,827,614,11,1452,828,560,6,,
NY,2024,Erie County,AMHS 005,603,509,7,1119,608,493,3,,
NY,2024,Erie County,AMHS 006,824,597,10,1431,830,559,8,,
NY,2024,Erie County,AMHS 007,700,489,5,1194,710,457,2,,
NY,2024,Erie County,AMHS 008,912,434,8,1354,911,429,5,,
NY,2024,Erie County,AMHS 009,731,320,10,1061,728,307,4,,
NY,2024,Erie County,AMHS 010,424,451,11,886,423,443,3,,
NY,2024,Erie County,AMHS 011,620,238,3,861,619,234,1,,
NY,2024,Erie County,AMHS 012,687,303,8,998,677,323,0,,
NY,2024,Erie County,AMHS 013,937,401,6,1344,944,379,3,,
NY,2024,Erie County,AMHS 014,564,205,9,778,574,189,3,,
NY,2024,Erie County,AMHS 015,607,316,3,926,610,309,4,,
NY,2024,Erie County,AMHS 016,688,770,4,1462,719,717,2,,
NY,2024,Erie County,AMHS 017,851,537,16,1404,871,489,11,,
NY,2024,Erie County,AMHS 018,448,209,4,661,444,205,5,,
NY,2024,Erie County,AMHS 019,1185,481,8,1674,1166,499,5,,
NY,2024,Erie County,AMHS 020,716,431,3,1150,707,417,3,,
NY,2024,Erie County,AMHS 021,394,240,0,634,377,248,2,,
NY,2024,Erie County,AMHS 022,739,595,10,1344,744,579,4,,
NY,2024,Erie County,AMHS 023,552,443,12,1007,552,428,3,,
NY,2024,Erie County,AMHS 024,603,461,8,1072,612,427,3,,
NY,2024,Erie County,AMHS 025,472,397,5,874,464,383,2,,
NY,2024,Erie County,AMHS 026,735,565,16,1316,740,555,6,,
NY,2024,Erie County,AMHS 027,488,346,3,837,503,329,2,,
NY,2024,Erie County,AMHS 028,573,387,11,971,576,379,3,,
NY,2024,Erie County,AMHS 029,760,434,6,1200,756,425,4,,
NY,2024,Erie County,AMHS 030,789,521,5,1315,809,493,3,,
NY,2024,Erie County,AMHS 031,867,710,9,1586,893,667,3,,
NY,2024,Erie County,AMHS 032,195,128,1,324,196,118,3,,
NY,2024,Erie County,AMHS 033,455,327,10,792,473,308,4,,
NY,2024,Erie County,AMHS 034,465,394,7,866,474,373,3,,
NY,2024,Erie County,AMHS 035,871,383,9,1263,873,361,5,,
NY,2024,Erie County,AMHS 036,793,603,12,1408,802,568,10,,
NY,2024,Erie County,AMHS 037,730,412,13,1155,745,365,5,,
NY,2024,Erie County,AMHS 038,481,338,3,822,490,296,4,,
NY,2024,Erie County,AMHS 039,311,115,1,427,312,104,3,,
NY,2024,Erie County,AMHS 040,485,122,6,613,470,112,6,,
NY,2024,Erie County,AMHS 041,347,231,4,582,331,242,1,,
NY,2024,Erie County,AMHS 042,909,639,12,1560,912,629,2,,
NY,2024,Erie County,AMHS 043,765,523,17,1305,780,484,4,,
NY,2024,Erie County,AMHS 044,238,171,2,411,240,167,2,,
NY,2024,Erie County,AMHS 045,609,474,7,1090,627,438,2,,
NY,2024,Erie County,AMHS 046,577,354,9,940,583,335,3,,
NY,2024,Erie County,AMHS 047,488,249,11,748,482,245,2,,
NY,2024,Erie County,AMHS 048,660,523,24,1207,663,512,8,,
NY,2024,Erie County,AMHS 049,656,411,9,1076,666,386,2,,
NY,2024,Erie County,AMHS 050,768,458,17,1243,767,438,6,,
NY,2024,Erie County,AMHS 051,582,421,6,1009,591,386,6,,
NY,2024,Erie County,AMHS 052,945,688,14,1647,963,661,5,,
NY,2024,Erie County,AMHS 053,276,178,4,458,278,180,2,,
NY,2024,Erie County,AMHS 054,669,452,32,1153,697,447,8,,
NY,2024,Erie County,AMHS 055,444,380,1,825,438,373,3,,
NY,2024,Erie County,AMHS 056,801,606,13,1420,800,585,12,,
NY,2024,Erie County,AMHS 057,680,501,5,1186,678,502,1,,
NY,2024,Erie County,AMHS 058,252,181,9,442,259,181,6,,
NY,2024,Erie County,AMHS 059,446,241,4,691,448,210,4,,
NY,2024,Erie County,AMHS 060,201,161,5,367,201,158,2,,
NY,2024,Erie County,AMHS 061,572,398,11,981,570,378,1,,
NY,2024,Erie County,AMHS 062,745,625,6,1376,749,599,2,,
NY,2024,Erie County,AMHS 063,406,333,4,743,410,319,2,,
NY,2024,Erie County,AURA 001,925,516,7,1448,904,515,5,,
NY,2024,Erie County,AURA 002,704,335,1,1040,695,334,1,,
NY,2024,Erie County,AURA 003,734,449,1,1184,729,431,6,,
NY,2024,Erie County,AURA 004,483,494,5,982,484,484,11,,
NY,2024,Erie County,AURA 005,532,468,6,1006,533,455,3,,
NY,2024,Erie County,AURA 006,432,613,6,1051,426,590,4,,
NY,2024,Erie County,AURA 007,492,600,7,1099,511,552,17,,
NY,2024,Erie County,AURA 008,542,628,2,1172,555,588,3,,
NY,2024,Erie County,AURA 009,4,1,0,5,4,1,0,,
NY,2024,Erie County,Aurora,4848,4104,35,8987,4841,3950,50,,
NY,2024,Erie County,Aurora Total,4848,4104,35,8987,4841,3950,50,,
NY,2024,Erie County,BOST 001,318,507,2,827,333,474,1,,
NY,2024,Erie County,BOST 002,353,543,1,897,367,503,7,,
NY,2024,Erie County,BOST 003,229,370,2,601,232,357,2,,
NY,2024,Erie County,BOST 004,431,783,7,1221,462,726,4,,
NY,2024,Erie County,BOST 005,323,519,1,843,337,483,0,,
NY,2024,Erie County,BOST 006,181,428,2,611,177,404,3,,
NY,2024,Erie County,Boston,1835,3150,15,5000,1908,2947,17,,
NY,2024,Erie County,Boston Total,1835,3150,15,5000,1908,2947,17,,
NY,2024,Erie County,Brant,422,678,5,1105,439,619,4,,
NY,2024,Erie County,Brant Total,422,678,5,1105,439,619,4,,
NY,2024,Erie County,BRNT 001,295,574,2,871,309,525,3,,
NY,2024,Erie County,BRNT 002,78,25,1,104,77,23,0,,
NY,2024,Erie County,BRNT 003,49,79,2,130,53,71,1,,
NY,2024,Erie County,Cheektowaga,21900,20203,307,42410,22743,17865,183,,
NY,2024,Erie County,Cheektowaga Total,21900,20203,307,42410,22743,17865,183,,
NY,2024,Erie County,City of Buffalo,69283,20721,1182,91186,68570,17423,556,,
NY,2024,Erie County,City of Buffalo Total,69283,20721,1182,91186,68570,17423,556,,
NY,2024,Erie County,City of Lackawanna,3419,3281,192,6892,3644,2636,46,,
NY,2024,Erie County,City of Lackawanna Total,3419,3281,192,6892,3644,2636,46,,
NY,2024,Erie County,City of Tonawanda,3643,3748,35,7426,3785,3410,31,,
NY,2024,Erie County,City of Tonawanda Total,3643,3748,35,7426,3785,3410,31,,
NY,2024,Erie County,CKTW 001,480,567,6,1053,527,493,6,,
NY,2024,Erie County,CKTW 002,279,288,4,571,300,246,0,,
NY,2024,Erie County,CKTW 003,310,430,3,743,342,365,1,,
NY,2024,Erie County,CKTW 004,309,343,1,653,329,298,0,,
NY,2024,Erie County,CKTW 005,230,194,9,433,237,178,2,,
NY,2024,Erie County,CKTW 006,291,315,0,606,312,277,1,,
NY,2024,Erie County,CKTW 007,483,576,4,1063,492,521,3,,
NY,2024,Erie County,CKTW 008,78,60,1,139,75,61,0,,
NY,2024,Erie County,CKTW 009,216,235,1,452,222,213,1,,
NY,2024,Erie County,CKTW 010,331,418,3,752,358,369,4,,
NY,2024,Erie County,CKTW 011,416,440,5,861,424,400,2,,
NY,2024,Erie County,CKTW 012,262,203,3,468,269,183,4,,
NY,2024,Erie County,CKTW 013,559,518,5,1082,572,454,4,,
NY,2024,Erie County,CKTW 014,644,484,10,1138,669,442,2,,
NY,2024,Erie County,CKTW 015,671,179,12,862,669,172,2,,
NY,2024,Erie County,CKTW 016,676,141,8,825,658,137,4,,
NY,2024,Erie County,CKTW 017,2,15,1,18,1,15,0,,
NY,2024,Erie County,CKTW 018,557,612,4,1173,585,548,3,,
NY,2024,Erie County,CKTW 019,447,571,6,1024,488,494,3,,
NY,2024,Erie County,CKTW 020,380,611,6,997,406,557,3,,
NY,2024,Erie County,CKTW 021,582,389,7,978,610,334,7,,
NY,2024,Erie County,CKTW 022,228,148,3,379,230,134,5,,
NY,2024,Erie County,CKTW 023,387,406,4,797,403,357,4,,
NY,2024,Erie County,CKTW 024,301,292,4,597,308,260,6,,
NY,2024,Erie County,CKTW 025,404,425,5,834,410,390,1,,
NY,2024,Erie County,CKTW 026,456,300,8,764,459,269,1,,
NY,2024,Erie County,CKTW 027,269,223,2,494,268,198,4,,
NY,2024,Erie County,CKTW 028,384,554,2,940,420,478,3,,
NY,2024,Erie County,CKTW 029,517,334,2,853,534,295,0,,
NY,2024,Erie County,CKTW 030,142,78,7,227,149,61,1,,
NY,2024,Erie County,CKTW 031,456,118,4,578,455,95,1,,
NY,2024,Erie County,CKTW 032,307,224,2,533,309,198,4,,
NY,2024,Erie County,CKTW 033,355,90,3,448,341,80,1,,
NY,2024,Erie County,CKTW 034,433,201,10,644,433,173,4,,
NY,2024,Erie County,CKTW 035,102,105,0,207,103,94,1,,
NY,2024,Erie County,CKTW 036,123,146,2,271,127,130,2,,
NY,2024,Erie County,CKTW 037,248,206,8,462,262,186,2,,
NY,2024,Erie County,CKTW 038,387,436,14,837,424,388,3,,
NY,2024,Erie County,CKTW 039,216,185,5,406,229,164,1,,
NY,2024,Erie County,CKTW 040,525,461,5,991,559,404,9,,
NY,2024,Erie County,CKTW 041,321,294,6,621,324,256,0,,
NY,2024,Erie County,CKTW 042,312,116,4,432,317,91,3,,
NY,2024,Erie County,CKTW 043,406,173,1,580,409,145,4,,
NY,2024,Erie County,CKTW 044,217,198,8,423,231,164,3,,
NY,2024,Erie County,CKTW 045,387,166,13,566,400,143,4,,
NY,2024,Erie County,CKTW 046,345,478,8,831,389,403,5,,
NY,2024,Erie County,CKTW 047,313,385,4,702,341,341,3,,
NY,2024,Erie County,CKTW 048,253,136,2,391,261,122,0,,
NY,2024,Erie County,CKTW 049,290,368,2,660,306,331,1,,
NY,2024,Erie County,CKTW 050,294,307,1,602,300,268,4,,
NY,2024,Erie County,CKTW 051,510,619,2,1131,534,541,4,,
NY,2024,Erie County,CKTW 052,184,187,1,372,186,175,1,,
NY,2024,Erie County,CKTW 053,398,468,7,873,403,420,4,,
NY,2024,Erie County,CKTW 054,294,399,5,698,311,348,5,,
NY,2024,Erie County,CKTW 055,424,504,2,930,448,440,3,,
NY,2024,Erie County,CKTW 056,432,554,8,994,465,484,7,,
NY,2024,Erie County,CKTW 057,164,179,3,346,166,160,3,,
NY,2024,Erie County,CKTW 058,330,417,10,757,349,361,8,,
NY,2024,Erie County,CKTW 059,173,209,5,387,172,191,2,,
NY,2024,Erie County,CKTW 060,176,171,2,349,173,157,0,,
NY,2024,Erie County,CKTW 061,201,191,3,395,205,176,1,,
NY,2024,Erie County,CKTW 062,199,192,4,395,215,165,4,,
NY,2024,Erie County,CKTW 063,224,281,1,506,220,266,3,,
NY,2024,Erie County,CKTW 064,416,522,15,953,449,462,3,,
NY,2024,Erie County,CKTW 065,194,168,1,363,201,144,3,,
NY,2024,Erie County,CLAR 001,415,653,2,1070,421,635,1,,
NY,2024,Erie County,CLAR 002,506,756,4,1266,499,747,5,,
NY,2024,Erie County,CLAR 003,449,839,5,1293,451,801,4,,
NY,2024,Erie County,CLAR 004,579,680,9,1268,577,655,5,,
NY,2024,Erie County,CLAR 005,366,538,5,909,363,537,0,,
NY,2024,Erie County,CLAR 006,672,579,7,1258,673,561,7,,
NY,2024,Erie County,CLAR 007,587,692,3,1282,600,666,6,,
NY,2024,Erie County,CLAR 008,627,797,7,1431,625,791,3,,
NY,2024,Erie County,CLAR 009,565,653,2,1220,594,607,3,,
NY,2024,Erie County,CLAR 010,305,339,4,648,309,330,2,,
NY,2024,Erie County,CLAR 011,717,675,11,1403,712,668,8,,
NY,2024,Erie County,CLAR 012,643,711,6,1360,645,699,3,,
NY,2024,Erie County,CLAR 013,412,744,10,1166,411,720,4,,
NY,2024,Erie County,CLAR 014,392,532,5,929,382,546,2,,
NY,2024,Erie County,CLAR 015,588,531,7,1126,607,503,8,,
NY,2024,Erie County,CLAR 016,677,776,10,1463,689,746,8,,
NY,2024,Erie County,CLAR 017,706,684,5,1395,703,673,1,,
NY,2024,Erie County,Clarence,9206,11179,102,20487,9261,10885,70,,
NY,2024,Erie County,Clarence Total,9206,11179,102,20487,9261,10885,70,,
NY,2024,Erie County,CLDN 001,547,825,4,1376,569,774,9,,
NY,2024,Erie County,CLDN 002,227,489,2,718,234,466,3,,
NY,2024,Erie County,Colden,774,1314,6,2094,803,1240,12,,
NY,2024,Erie County,Colden Total,774,1314,6,2094,803,1240,12,,
NY,2024,Erie County,COLL 001,195,486,0,681,219,433,3,,
NY,2024,Erie County,COLL 002,112,169,1,282,121,155,2,,
NY,2024,Erie County,COLL 003,267,705,1,973,284,657,3,,
NY,2024,Erie County,COLL 004,208,47,0,255,200,37,3,,
NY,2024,Erie County,Collins,782,1407,2,2191,824,1282,11,,
NY,2024,Erie County,Collins Total,782,1407,2,2191,824,1282,11,,
NY,2024,Erie County,CONC 001,544,711,7,1262,556,678,6,,
NY,2024,Erie County,CONC 002,140,374,1,515,144,355,8,,
NY,2024,Erie County,CONC 003,222,466,3,691,223,446,3,,
NY,2024,Erie County,CONC 004,157,201,1,359,157,191,3,,
NY,2024,Erie County,CONC 005,331,462,0,793,327,425,8,,
NY,2024,Erie County,CONC 006,271,651,1,923,281,596,5,,
NY,2024,Erie County,Concord,1665,2865,13,4543,1688,2691,33,,
NY,2024,Erie County,Concord Total,1665,2865,13,4543,1688,2691,33,,
NY,2024,Erie County,CTON 1 001,188,257,0,445,189,242,2,,
NY,2024,Erie County,CTON 1 002,377,372,5,754,386,342,3,,
NY,2024,Erie County,CTON 1 003,372,402,3,777,390,371,3,,
NY,2024,Erie County,CTON 2 001,266,262,2,530,273,228,2,,
NY,2024,Erie County,CTON 2 002,230,273,0,503,242,261,3,,
NY,2024,Erie County,CTON 2 003,352,322,3,677,372,292,3,,
NY,2024,Erie County,CTON 3 001,302,273,7,582,304,250,3,,
NY,2024,Erie County,CTON 3 002,260,288,1,549,280,250,3,,
NY,2024,Erie County,CTON 3 003,332,243,6,581,335,233,1,,
NY,2024,Erie County,CTON 4 001,350,376,5,731,381,320,4,,
NY,2024,Erie County,CTON 4 002,277,309,3,589,286,281,3,,
NY,2024,Erie County,CTON 4 003,337,371,0,708,347,340,1,,
NY,2024,Erie County,Del 001,21,5,0,26,22,3,0,,
NY,2024,Erie County,Del 002,439,103,1,543,431,91,6,,
NY,2024,Erie County,Del 003,1030,374,8,1412,1032,325,7,,
NY,2024,Erie County,Del 004,548,159,5,712,546,136,3,,
NY,2024,Erie County,Del 005,136,27,4,167,138,19,1,,
NY,2024,Erie County,Del 006,362,131,9,502,368,117,8,,
NY,2024,Erie County,Del 007,816,143,11,970,820,142,3,,
NY,2024,Erie County,Del 008,513,183,5,701,522,157,4,,
NY,2024,Erie County,Del 009,534,131,9,674,524,129,4,,
NY,2024,Erie County,Del 010,440,130,3,573,439,125,2,,
NY,2024,Erie County,Del 011,521,195,8,724,524,153,3,,
NY,2024,Erie County,Del 012,254,68,8,330,257,56,2,,
NY,2024,Erie County,Del 013,866,154,16,1036,862,155,6,,
NY,2024,Erie County,Del 014,358,119,7,484,347,108,1,,
NY,2024,Erie County,Del 015,554,133,5,692,549,126,3,,
NY,2024,Erie County,Del 016,785,189,18,992,776,183,4,,
NY,2024,Erie County,Del 017,748,172,5,925,737,164,4,,
NY,2024,Erie County,Del 018,411,161,2,574,394,162,5,,
NY,2024,Erie County,Del 019,126,18,0,144,115,12,0,,
NY,2024,Erie County,Del 020,414,87,8,509,405,99,1,,
NY,2024,Erie County,Del 021,310,45,3,358,261,35,3,,
NY,2024,Erie County,Del 022,86,33,0,119,83,26,0,,
NY,2024,Erie County,Del 023,717,124,12,853,717,112,8,,
NY,2024,Erie County,Del 024,748,103,7,858,745,99,4,,
NY,2024,Erie County,Delaware District,11737,2987,154,14878,11614,2734,82,,
NY,2024,Erie County,Delaware Total,11737,2987,154,14878,11614,2734,82,,
NY,2024,Erie County,Eden,1623,2847,4,4474,1709,2643,13,,
NY,2024,Erie County,EDEN 001,227,478,1,706,232,443,5,,
NY,2024,Erie County,EDEN 002,299,553,0,852,306,516,2,,
NY,2024,Erie County,EDEN 003,320,523,0,843,344,484,0,,
NY,2024,Erie County,EDEN 004,242,384,1,627,251,366,0,,
NY,2024,Erie County,EDEN 005,283,559,0,842,300,524,4,,
NY,2024,Erie County,EDEN 006,252,350,2,604,276,310,2,,
NY,2024,Erie County,Eden Total,1623,2847,4,4474,1709,2643,13,,
NY,2024,Erie County,Ell 001,784,123,9,916,763,105,5,,
NY,2024,Erie County,Ell 002,1,1,0,2,1,1,0,,
NY,2024,Erie County,Ell 003,344,57,2,403,325,60,3,,
NY,2024,Erie County,Ell 004,381,46,7,434,365,24,3,,
NY,2024,Erie County,Ell 005,1040,202,13,1255,1023,210,5,,
NY,2024,Erie County,Ell 006,164,6,1,171,152,5,0,,
NY,2024,Erie County,Ell 007,107,13,1,121,100,9,0,,
NY,2024,Erie County,Ell 008,322,74,2,398,303,69,1,,
NY,2024,Erie County,Ell 009,64,18,1,83,59,18,0,,
NY,2024,Erie County,Ell 010,1013,171,13,1197,996,161,9,,
NY,2024,Erie County,Ell 011,474,40,8,522,431,35,6,,
NY,2024,Erie County,Ell 012,507,49,11,567,488,34,8,,
NY,2024,Erie County,Ell 013,501,86,11,598,496,85,3,,
NY,2024,Erie County,Ell 014,502,71,11,584,482,52,3,,
NY,2024,Erie County,Ell 015,95,38,43,176,104,32,12,,
NY,2024,Erie County,Ell 016,153,24,11,188,160,15,1,,
NY,2024,Erie County,Ell 017,321,20,0,341,302,11,1,,
NY,2024,Erie County,Ell 018,114,9,4,127,108,4,0,,
NY,2024,Erie County,Ell 019,433,37,1,471,404,33,2,,
NY,2024,Erie County,Ell 020,559,60,3,622,522,55,1,,
NY,2024,Erie County,Ell 021,320,32,1,353,290,30,2,,
NY,2024,Erie County,Ell 022,560,33,4,597,521,20,5,,
NY,2024,Erie County,Ell 023,332,36,2,370,312,28,4,,
NY,2024,Erie County,Ell 024,175,11,2,188,162,11,0,,
NY,2024,Erie County,Ell 025,500,67,2,569,490,49,3,,
NY,2024,Erie County,Ell 026,94,12,0,106,88,9,0,,
NY,2024,Erie County,Ell 027,184,8,1,193,175,6,0,,
NY,2024,Erie County,Ellicott District,10044,1344,164,11552,9622,1171,77,,
NY,2024,Erie County,Ellicott Total,10044,1344,164,11552,9622,1171,77,,
NY,2024,Erie County,Elma,2729,4947,22,7698,2808,4667,37,,
NY,2024,Erie County,ELMA 001,460,854,4,1318,502,776,7,,
NY,2024,Erie County,ELMA 002,515,951,6,1472,510,912,11,,
NY,2024,Erie County,ELMA 003,389,617,5,1011,396,583,7,,
NY,2024,Erie County,ELMA 004,345,704,0,1049,357,662,3,,
NY,2024,Erie County,ELMA 005,366,665,4,1035,374,630,6,,
NY,2024,Erie County,ELMA 006,303,547,3,853,318,514,2,,
NY,2024,Erie County,ELMA 007,351,609,0,960,351,590,1,,
NY,2024,Erie County,Elma Total,2729,4947,22,7698,2808,4667,37,,
NY,2024,Erie County,Erie County Total,248651,204774,3125,456550,252782,187547,1926,,
NY,2024,Erie County,Evans,3480,4977,30,8487,3741,4454,29,,
NY,2024,Erie County,Evans Total,3480,4977,30,8487,3741,4454,29,,
NY,2024,Erie County,EVNS 001,301,448,2,751,319,422,1,,
NY,2024,Erie County,EVNS 002,198,398,1,597,204,377,2,,
NY,2024,Erie County,EVNS 003,385,635,3,1023,425,563,5,,
NY,2024,Erie County,EVNS 004,298,368,2,668,310,327,0,,
NY,2024,Erie County,EVNS 005,291,403,1,695,324,347,3,,
NY,2024,Erie County,EVNS 006,202,240,5,447,217,214,5,,
NY,2024,Erie County,EVNS 007,205,239,0,444,211,214,0,,
NY,2024,Erie County,EVNS 008,141,219,1,361,155,197,0,,
NY,2024,Erie County,EVNS 009,222,284,3,509,234,254,3,,
NY,2024,Erie County,EVNS 010,294,470,4,768,318,421,3,,
NY,2024,Erie County,EVNS 011,165,282,2,449,181,242,1,,
NY,2024,Erie County,EVNS 012,265,381,2,648,281,349,5,,
NY,2024,Erie County,EVNS 013,216,294,0,510,242,251,0,,
NY,2024,Erie County,EVNS 014,297,316,4,617,320,276,1,,
NY,2024,Erie County,Fil 001,565,101,11,677,562,90,3,,
NY,2024,Erie County,Fil 002,740,148,13,901,730,125,8,,
NY,2024,Erie County,Fil 003,846,218,17,1081,832,199,9,,
NY,2024,Erie County,Fil 004,154,25,2,181,147,23,0,,
NY,2024,Erie County,Fil 005,137,46,3,186,138,39,2,,
NY,2024,Erie County,Fil 006,631,160,3,794,608,135,9,,
NY,2024,Erie County,Fil 007,195,36,4,235,179,34,1,,
NY,2024,Erie County,Fil 008,378,178,0,556,365,145,3,,
NY,2024,Erie County,Fil 009,160,74,0,234,153,78,0,,
NY,2024,Erie County,Fil 010,195,34,4,233,192,34,3,,
NY,2024,Erie County,Fil 011,246,69,14,329,260,51,4,,
NY,2024,Erie County,Fil 012,3,3,0,6,3,3,0,,
NY,2024,Erie County,Fil 013,340,322,4,666,355,263,5,,
NY,2024,Erie County,Fil 014,15,10,0,25,17,6,0,,
NY,2024,Erie County,Fil 015,49,21,0,70,49,17,1,,
NY,2024,Erie County,Fil 016,47,46,0,93,45,31,1,,
NY,2024,Erie County,Fil 017,228,227,0,455,245,169,5,,
NY,2024,Erie County,Fil 018,174,50,0,224,180,34,0,,
NY,2024,Erie County,Fil 019,179,93,35,307,196,68,7,,
NY,2024,Erie County,Fil 020,349,54,8,411,333,41,1,,
NY,2024,Erie County,Fil 021,206,107,12,325,198,90,3,,
NY,2024,Erie County,Fil 022,53,44,1,98,55,37,0,,
NY,2024,Erie County,Fil 023,1,1,0,2,0,1,0,,
NY,2024,Erie County,Fil 024,6,8,0,14,6,8,0,,
NY,2024,Erie County,Fil 025,309,112,14,435,303,90,1,,
NY,2024,Erie County,Fillmore District,6206,2187,145,8538,6151,1811,66,,
NY,2024,Erie County,Fillmore Total,6206,2187,145,8538,6151,1811,66,,
NY,2024,Erie County,First Ward,937,1031,8,1976,965,955,8,,
NY,2024,Erie County,First Ward Total,937,1031,8,1976,965,955,8,,
NY,2024,Erie County,Fourth Ward,964,1056,8,2028,1014,941,8,,
NY,2024,Erie County,Fourth Ward Total,964,1056,8,2028,1014,941,8,,
NY,2024,Erie County,Grand Island,5737,7122,57,12916,5889,6709,39,,
NY,2024,Erie County,Grand Island Total,5737,7122,57,12916,5889,6709,39,,
NY,2024,Erie County,GRIS 001,295,450,4,749,294,437,3,,
NY,2024,Erie County,GRIS 002,544,629,6,1179,570,577,3,,
NY,2024,Erie County,GRIS 003,330,467,4,801,347,432,2,,
NY,2024,Erie County,GRIS 004,498,506,2,1006,498,478,0,,
NY,2024,Erie County,GRIS 005,302,473,3,778,314,455,1,,
NY,2024,Erie County,GRIS 006,664,782,9,1455,700,717,5,,
NY,2024,Erie County,GRIS 007,772,857,7,1636,795,806,8,,
NY,2024,Erie County,GRIS 008,478,663,3,1144,484,646,0,,
NY,2024,Erie County,GRIS 009,400,524,1,925,408,504,1,,
NY,2024,Erie County,GRIS 010,353,410,5,768,355,371,4,,
NY,2024,Erie County,GRIS 011,260,365,3,628,277,334,4,,
NY,2024,Erie County,GRIS 012,372,404,7,783,378,382,2,,
NY,2024,Erie County,GRIS 013,469,592,3,1064,469,570,6,,
NY,2024,Erie County,HAMB 001,343,428,0,771,361,369,7,,
NY,2024,Erie County,HAMB 002,489,627,8,1124,535,544,8,,
NY,2024,Erie County,HAMB 003,365,455,1,821,384,420,1,,
NY,2024,Erie County,HAMB 004,373,490,7,870,394,437,4,,
NY,2024,Erie County,HAMB 005,502,590,3,1095,545,506,3,,
NY,2024,Erie County,HAMB 006,296,451,1,748,334,384,7,,
NY,2024,Erie County,HAMB 007,263,376,1,640,269,341,3,,
NY,2024,Erie County,HAMB 008,397,379,3,779,395,352,3,,
NY,2024,Erie County,HAMB 009,502,576,4,1082,534,517,0,,
NY,2024,Erie County,HAMB 010,349,437,3,789,366,388,2,,
NY,2024,Erie County,HAMB 011,501,530,2,1033,520,475,3,,
NY,2024,Erie County,HAMB 012,614,743,1,1358,649,704,0,,
NY,2024,Erie County,HAMB 013,231,264,1,496,238,258,0,,
NY,2024,Erie County,HAMB 014,416,412,1,829,443,365,1,,
NY,2024,Erie County,HAMB 015,381,423,3,807,403,386,2,,
NY,2024,Erie County,HAMB 016,644,723,1,1368,681,646,4,,
NY,2024,Erie County,HAMB 017,500,398,2,900,497,372,1,,
NY,2024,Erie County,HAMB 018,347,492,1,840,375,433,4,,
NY,2024,Erie County,HAMB 019,602,556,4,1162,620,501,4,,
NY,2024,Erie County,HAMB 020,323,375,4,702,329,359,1,,
NY,2024,Erie County,HAMB 021,430,448,2,880,437,402,2,,
NY,2024,Erie County,HAMB 022,400,472,1,873,409,457,0,,
NY,2024,Erie County,HAMB 023,371,479,3,853,385,450,0,,
NY,2024,Erie County,HAMB 024,358,444,0,802,359,413,0,,
NY,2024,Erie County,HAMB 025,367,322,5,694,370,302,5,,
NY,2024,Erie County,HAMB 026,268,391,2,661,282,367,3,,
NY,2024,Erie County,HAMB 027,459,451,5,915,460,419,2,,
NY,2024,Erie County,HAMB 028,436,406,1,843,444,380,2,,
NY,2024,Erie County,HAMB 029,628,434,2,1064,635,407,2,,
NY,2024,Erie County,HAMB 030,655,474,9,1138,650,455,7,,
NY,2024,Erie County,HAMB 031,583,335,6,924,593,320,3,,
NY,2024,Erie County,HAMB 032,528,368,2,898,527,347,3,,
NY,2024,Erie County,HAMB 033,618,925,3,1546,636,859,5,,
NY,2024,Erie County,HAMB 034,479,501,0,980,475,483,3,,
NY,2024,Erie County,HAMB 035,556,642,5,1203,581,605,4,,
NY,2024,Erie County,HAMB 036,402,587,3,992,435,536,3,,
NY,2024,Erie County,HAMB 037,475,501,6,982,500,449,7,,
NY,2024,Erie County,Hamburg,16451,17905,106,34462,17050,16408,109,,
NY,2024,Erie County,Hamburg Total,16451,17905,106,34462,17050,16408,109,,
NY,2024,Erie County,HOLL 001,260,618,3,881,272,582,11,,
NY,2024,Erie County,HOLL 002,347,663,4,1014,371,598,4,,
NY,2024,Erie County,Holland,607,1281,7,1895,643,1180,15,,
NY,2024,Erie County,Holland Total,607,1281,7,1895,643,1180,15,,
NY,2024,Erie County,LACK 1 001,131,143,2,276,144,111,0,,
NY,2024,Erie County,LACK 1 002,219,66,21,306,207,42,0,,
NY,2024,Erie County,LACK 1 003,41,55,25,121,51,38,5,,
NY,2024,Erie County,LACK 1 004,342,79,22,443,317,52,1,,
NY,2024,Erie County,LACK 1 005,57,74,3,134,68,49,2,,
NY,2024,Erie County,LACK 2 001,187,160,7,354,197,130,3,,
NY,2024,Erie County,LACK 2 002,101,108,4,213,103,92,0,,
NY,2024,Erie County,LACK 2 003,121,130,0,251,123,107,1,,
NY,2024,Erie County,LACK 2 004,135,166,0,301,143,140,1,,
NY,2024,Erie County,LACK 2 005,181,189,9,379,193,156,2,,
NY,2024,Erie County,LACK 3 001,140,157,13,310,161,122,5,,
NY,2024,Erie County,LACK 3 002,234,232,24,490,258,194,7,,
NY,2024,Erie County,LACK 3 003,200,194,9,403,235,142,3,,
NY,2024,Erie County,LACK 3 004,273,239,8,520,288,199,5,,
NY,2024,Erie County,LACK 3 005,101,141,0,242,113,110,1,,
NY,2024,Erie County,LACK 4 001,218,291,6,515,236,250,0,,
NY,2024,Erie County,LACK 4 002,195,225,23,443,212,195,3,,
NY,2024,Erie County,LACK 4 003,159,175,6,340,176,137,3,,
NY,2024,Erie County,LACK 4 004,169,220,4,393,195,173,0,,
NY,2024,Erie County,LACK 4 005,215,237,6,458,224,197,4,,
NY,2024,Erie County,LANC 001,381,443,1,825,399,402,7,,
NY,2024,Erie County,LANC 002,663,678,9,1350,689,608,6,,
NY,2024,Erie County,LANC 003,437,533,3,973,458,480,0,,
NY,2024,Erie County,LANC 004,233,339,1,573,242,303,2,,
NY,2024,Erie County,LANC 005,208,371,3,582,234,322,2,,
NY,2024,Erie County,LANC 006,413,524,3,940,432,477,3,,
NY,2024,Erie County,LANC 007,145,177,0,322,155,158,0,,
NY,2024,Erie County,LANC 008,401,416,4,821,403,386,6,,
NY,2024,Erie County,LANC 009,319,404,2,725,328,366,1,,
NY,2024,Erie County,LANC 010,392,505,2,899,400,460,1,,
NY,2024,Erie County,LANC 011,324,441,7,772,356,380,5,,
NY,2024,Erie County,LANC 012,228,305,2,535,235,285,0,,
NY,2024,Erie County,LANC 013,334,390,3,727,353,352,2,,
NY,2024,Erie County,LANC 014,515,852,4,1371,536,785,4,,
NY,2024,Erie County,LANC 015,228,312,0,540,222,310,0,,
NY,2024,Erie County,LANC 016,472,547,1,1020,488,515,1,,
NY,2024,Erie County,LANC 017,394,683,2,1079,394,667,0,,
NY,2024,Erie County,LANC 018,160,347,1,508,166,318,1,,
NY,2024,Erie County,LANC 019,416,436,1,853,422,412,0,,
NY,2024,Erie County,LANC 020,361,476,0,837,378,445,1,,
NY,2024,Erie County,LANC 021,504,763,7,1274,534,717,5,,
NY,2024,Erie County,LANC 022,390,567,2,959,427,503,2,,
NY,2024,Erie County,LANC 023,414,729,7,1150,423,693,4,,
NY,2024,Erie County,LANC 024,213,350,1,564,233,313,2,,
NY,2024,Erie County,LANC 025,620,699,3,1322,638,655,5,,
NY,2024,Erie County,LANC 026,297,373,2,672,312,359,2,,
NY,2024,Erie County,LANC 027,135,171,2,308,143,158,1,,
NY,2024,Erie County,LANC 028,616,767,6,1389,632,703,4,,
NY,2024,Erie County,LANC 029,584,577,3,1164,596,556,2,,
NY,2024,Erie County,LANC 030,68,146,1,215,76,139,0,,
NY,2024,Erie County,LANC 031,285,529,1,815,303,487,2,,
NY,2024,Erie County,LANC 032,200,194,1,395,203,170,0,,
NY,2024,Erie County,Lancaster,11350,15044,85,26479,11810,13884,71,,
NY,2024,Erie County,Lancaster Total,11350,15044,85,26479,11810,13884,71,,
NY,2024,Erie County,Lov 001,155,25,0,180,144,18,0,,
NY,2024,Erie County,Lov 002,72,6,0,78,70,3,0,,
NY,2024,Erie County,Lov 003,300,41,10,351,296,32,0,,
NY,2024,Erie County,Lov 004,460,52,8,520,440,41,2,,
NY,2024,Erie County,Lov 005,330,263,2,595,335,222,2,,
NY,2024,Erie County,Lov 006,569,93,37,699,560,83,6,,
NY,2024,Erie County,Lov 007,381,60,13,454,371,46,5,,
NY,2024,Erie County,Lov 008,269,224,4,497,285,188,2,,
NY,2024,Erie County,Lov 009,219,236,0,455,230,200,2,,
NY,2024,Erie County,Lov 010,268,251,0,519,281,205,3,,
NY,2024,Erie County,Lov 011,341,79,47,467,344,61,11,,
NY,2024,Erie County,Lov 012,36,44,0,80,39,38,0,,
NY,2024,Erie County,Lov 013,643,112,6,761,615,85,6,,
NY,2024,Erie County,Lov 014,65,64,0,129,73,52,2,,
NY,2024,Erie County,Lov 015,299,279,10,588,326,218,3,,
NY,2024,Erie County,Lov 016,259,214,13,486,267,192,1,,
NY,2024,Erie County,Lov 017,154,174,1,329,166,133,2,,
NY,2024,Erie County,Lov 018,196,144,7,347,199,113,3,,
NY,2024,Erie County,Lov 019,192,145,4,341,191,118,1,,
NY,2024,Erie County,Lov 020,147,125,1,273,148,104,0,,
NY,2024,Erie County,Lovejoy District,5355,2631,163,8149,5380,2152,51,,
NY,2024,Erie County,Lovejoy Total,5355,2631,163,8149,5380,2152,51,,
NY,2024,Erie County,Marilla,970,2372,8,3350,1008,2215,15,,
NY,2024,Erie County,Marilla Total,970,2372,8,3350,1008,2215,15,,
NY,2024,Erie County,MARL 001,298,603,3,904,298,565,6,,
NY,2024,Erie County,MARL 002,350,888,0,1238,369,833,1,,
NY,2024,Erie County,MARL 003,322,881,5,1208,341,817,8,,
NY,2024,Erie County,Mas 001,640,63,14,717,621,50,4,,
NY,2024,Erie County,Mas 002,28,12,2,42,28,9,1,,
NY,2024,Erie County,Mas 003,7,0,0,7,6,0,0,,
NY,2024,Erie County,Mas 004,393,33,4,430,371,26,5,,
NY,2024,Erie County,Mas 005,20,1,0,21,19,1,0,,
NY,2024,Erie County,Mas 006,105,4,0,109,101,5,0,,
NY,2024,Erie County,Mas 007,344,27,3,374,328,24,1,,
NY,2024,Erie County,Mas 008,177,29,9,215,177,25,4,,
NY,2024,Erie County,Mas 009,272,53,11,336,266,45,1,,
NY,2024,Erie County,Mas 010,53,10,0,63,50,8,1,,
NY,2024,Erie County,Mas 011,415,49,7,471,407,32,3,,
NY,2024,Erie County,Mas 012,482,37,3,522,457,28,3,,
NY,2024,Erie County,Mas 013,552,39,11,602,542,27,1,,
NY,2024,Erie County,Mas 014,725,48,2,775,701,44,1,,
NY,2024,Erie County,Mas 015,42,9,1,52,38,7,4,,
NY,2024,Erie County,Mas 016,223,40,3,266,218,30,2,,
NY,2024,Erie County,Mas 017,6,1,0,7,5,1,0,,
NY,2024,Erie County,Mas 018,41,3,1,45,40,2,0,,
NY,2024,Erie County,Mas 019,795,53,15,863,759,37,2,,
NY,2024,Erie County,Mas 020,515,41,10,566,497,27,1,,
NY,2024,Erie County,Mas 021,158,15,6,179,153,12,0,,
NY,2024,Erie County,Mas 022,351,25,4,380,331,20,0,,
NY,2024,Erie County,Mas 023,330,35,6,371,314,26,5,,
NY,2024,Erie County,Mas 024,417,37,1,455,403,33,1,,
NY,2024,Erie County,Mas 025,209,28,2,239,198,13,1,,
NY,2024,Erie County,Mas 026,265,26,2,293,246,21,0,,
NY,2024,Erie County,Mas 027,358,36,6,400,342,30,3,,
NY,2024,Erie County,Mas 028,439,20,5,464,428,18,2,,
NY,2024,Erie County,Masten Total,8362,774,128,9264,8046,601,46,,
NY,2024,Erie County,NCOL 001,181,345,1,527,189,306,4,,
NY,2024,Erie County,NCOL 002,174,542,1,717,194,496,2,,
NY,2024,Erie County,NCOL 003,182,436,3,621,201,386,4,,
NY,2024,Erie County,NEWS 001,471,956,3,1430,495,911,5,,
NY,2024,Erie County,NEWS 002,202,584,0,786,218,542,2,,
NY,2024,Erie County,NEWS 003,370,923,8,1301,394,877,3,,
NY,2024,Erie County,NEWS 004,303,521,1,825,340,465,1,,
NY,2024,Erie County,NEWS 005,280,427,2,709,281,404,3,,
NY,2024,Erie County,Newstead,1626,3411,14,5051,1728,3199,14,,
NY,2024,Erie County,Newstead Total,1626,3411,14,5051,1728,3199,14,,
NY,2024,Erie County,Nia 001,284,103,9,396,285,82,2,,
NY,2024,Erie County,Nia 002,421,104,16,541,433,85,6,,
NY,2024,Erie County,Nia 003,487,86,11,584,491,75,5,,
NY,2024,Erie County,Nia 004,371,45,3,419,359,48,0,,
NY,2024,Erie County,Nia 005,363,104,14,481,365,87,6,,
NY,2024,Erie County,Nia 006,356,52,12,420,358,48,6,,
NY,2024,Erie County,Nia 007,257,82,7,346,265,62,4,,
NY,2024,Erie County,Nia 008,467,89,13,569,465,75,7,,
NY,2024,Erie County,Nia 009,443,95,11,549,462,80,4,,
NY,2024,Erie County,Nia 010,168,59,6,233,168,44,6,,
NY,2024,Erie County,Nia 011,176,51,2,229,177,39,3,,
NY,2024,Erie County,Nia 012,235,102,6,343,242,76,2,,
NY,2024,Erie County,Nia 013,243,65,5,313,243,56,3,,
NY,2024,Erie County,Nia 014,393,57,10,460,383,51,4,,
NY,2024,Erie County,Nia 015,215,55,7,277,208,52,5,,
NY,2024,Erie County,Nia 016,401,136,13,550,386,113,7,,
NY,2024,Erie County,Nia 017,116,27,5,148,114,26,1,,
NY,2024,Erie County,Nia 018,478,53,8,539,476,55,7,,
NY,2024,Erie County,Nia 019,360,163,1,524,338,138,2,,
NY,2024,Erie County,Nia 020,247,77,12,336,248,66,3,,
NY,2024,Erie County,Nia 021,496,138,12,646,492,119,9,,
NY,2024,Erie County,Niagara Total,6977,1743,183,8903,6958,1477,92,,
NY,2024,Erie County,Nor 001,210,172,1,383,212,136,1,,
NY,2024,Erie County,Nor 002,131,104,1,236,128,87,2,,
NY,2024,Erie County,Nor 003,121,56,0,177,122,43,0,,
NY,2024,Erie County,Nor 004,194,80,2,276,196,71,1,,
NY,2024,Erie County,Nor 005,202,130,2,334,210,106,1,,
NY,2024,Erie County,Nor 006,225,123,2,350,223,101,2,,
NY,2024,Erie County,Nor 007,357,187,6,550,366,141,1,,
NY,2024,Erie County,Nor 008,45,30,0,75,45,28,2,,
NY,2024,Erie County,Nor 009,369,279,2,650,388,204,3,,
NY,2024,Erie County,Nor 010,465,156,9,630,467,134,5,,
NY,2024,Erie County,Nor 011,10,0,0,10,9,0,0,,
NY,2024,Erie County,Nor 012,406,199,1,606,404,156,3,,
NY,2024,Erie County,Nor 013,504,216,4,724,519,179,1,,
NY,2024,Erie County,Nor 014,340,98,2,440,344,94,2,,
NY,2024,Erie County,Nor 015,91,53,0,144,91,48,0,,
NY,2024,Erie County,Nor 016,24,16,0,40,26,16,0,,
NY,2024,Erie County,Nor 017,157,67,3,227,154,56,1,,
NY,2024,Erie County,Nor 018,228,169,0,397,241,138,1,,
NY,2024,Erie County,Nor 019,221,97,2,320,223,74,2,,
NY,2024,Erie County,Nor 020,586,145,6,737,582,135,7,,
NY,2024,Erie County,Nor 021,162,115,6,283,166,94,1,,
NY,2024,Erie County,Nor 022,114,55,1,170,113,48,2,,
NY,2024,Erie County,North Collins,537,1323,5,1865,584,1188,10,,
NY,2024,Erie County,North Collins Total,537,1323,5,1865,584,1188,10,,
NY,2024,Erie County,North Total,5162,2547,50,7759,5229,2089,38,,
NY,2024,Erie County,Orchard Park,8832,9497,70,18399,8919,9140,43,,
NY,2024,Erie County,Orchard Park Total,8832,9497,70,18399,8919,9140,43,,
NY,2024,Erie County,ORPK 001,494,378,4,876,505,351,2,,
NY,2024,Erie County,ORPK 002,599,444,6,1049,605,429,2,,
NY,2024,Erie County,ORPK 003,642,643,1,1286,625,643,1,,
NY,2024,Erie County,ORPK 004,467,526,5,998,472,516,3,,
NY,2024,Erie County,ORPK 005,575,491,7,1073,553,521,2,,
NY,2024,Erie County,ORPK 006,235,407,1,643,226,409,3,,
NY,2024,Erie County,ORPK 007,316,467,12,795,325,449,6,,
NY,2024,Erie County,ORPK 008,364,473,3,840,372,442,1,,
NY,2024,Erie County,ORPK 009,638,658,3,1299,653,615,4,,
NY,2024,Erie County,ORPK 010,364,378,1,743,360,361,3,,
NY,2024,Erie County,ORPK 011,369,485,1,855,403,407,3,,
NY,2024,Erie County,ORPK 012,364,321,2,687,363,318,0,,
NY,2024,Erie County,ORPK 013,334,492,2,828,347,459,4,,
NY,2024,Erie County,ORPK 014,337,504,1,842,345,476,0,,
NY,2024,Erie County,ORPK 015,457,478,1,936,464,454,1,,
NY,2024,Erie County,ORPK 016,401,419,4,824,394,436,1,,
NY,2024,Erie County,ORPK 017,427,515,1,943,444,475,2,,
NY,2024,Erie County,ORPK 018,797,878,10,1685,808,860,1,,
NY,2024,Erie County,ORPK 019,652,540,5,1197,655,519,4,,
NY,2024,Erie County,SARD 001,430,1189,2,1621,451,1121,3,,
NY,2024,Erie County,Sardinia,430,1189,2,1621,451,1121,3,,
NY,2024,Erie County,Sardinia Total,430,1189,2,1621,451,1121,3,,
NY,2024,Erie County,Second Ward,848,857,5,1710,887,781,8,,
NY,2024,Erie County,Second Ward Total,848,857,5,1710,887,781,8,,
NY,2024,Erie County,Sou 001,103,73,1,177,107,54,2,,
NY,2024,Erie County,Sou 002,539,374,5,918,565,316,5,,
NY,2024,Erie County,Sou 003,385,222,10,617,405,183,4,,
NY,2024,Erie County,Sou 004,196,158,1,355,206,129,2,,
NY,2024,Erie County,Sou 005,297,285,3,585,311,243,3,,
NY,2024,Erie County,Sou 006,230,151,7,388,242,118,5,,
NY,2024,Erie County,Sou 007,436,258,1,695,455,210,1,,
NY,2024,Erie County,Sou 008,438,358,2,798,461,299,4,,
NY,2024,Erie County,Sou 009,388,256,3,647,399,211,1,,
NY,2024,Erie County,Sou 010,428,306,5,739,452,244,3,,
NY,2024,Erie County,Sou 011,471,360,4,835,501,297,2,,
NY,2024,Erie County,Sou 012,246,231,2,479,262,183,5,,
NY,2024,Erie County,Sou 013,458,316,5,779,492,260,2,,
NY,2024,Erie County,Sou 014,599,548,2,1149,646,458,1,,
NY,2024,Erie County,Sou 015,195,208,5,408,215,173,3,,
NY,2024,Erie County,Sou 016,277,224,3,504,287,185,4,,
NY,2024,Erie County,Sou 017,317,193,3,513,317,172,3,,
NY,2024,Erie County,Sou 018,365,239,4,608,377,203,2,,
NY,2024,Erie County,Sou 019,289,214,0,503,297,190,2,,
NY,2024,Erie County,Sou 020,364,331,4,699,401,268,1,,
NY,2024,Erie County,South Total,7021,5305,70,12396,7398,4396,55,,
NY,2024,Erie County,Third Ward,894,804,14,1712,919,733,7,,
NY,2024,Erie County,Third Ward Total,894,804,14,1712,919,733,7,,
NY,2024,Erie County,Tonawanda,23280,15950,207,39437,23839,14441,142,,
NY,2024,Erie County,Tonawanda Total,23280,15950,207,39437,23839,14441,142,,
NY,2024,Erie County,TTON 001,374,160,3,537,381,144,3,,
NY,2024,Erie County,TTON 002,641,282,10,933,657,243,8,,
NY,2024,Erie County,TTON 003,422,159,2,583,424,144,3,,
NY,2024,Erie County,TTON 004,555,335,5,895,558,298,6,,
NY,2024,Erie County,TTON 005,387,158,7,552,394,144,3,,
NY,2024,Erie County,TTON 006,403,177,2,582,402,168,0,,
NY,2024,Erie County,TTON 007,636,309,6,951,645,281,5,,
NY,2024,Erie County,TTON 008,726,434,11,1171,746,369,3,,
NY,2024,Erie County,TTON 009,370,129,2,501,374,131,0,,
NY,2024,Erie County,TTON 010,699,328,4,1031,716,301,3,,
NY,2024,Erie County,TTON 011,296,134,1,431,297,120,4,,
NY,2024,Erie County,TTON 012,250,241,4,495,260,235,0,,
NY,2024,Erie County,TTON 013,479,397,7,883,501,366,2,,
NY,2024,Erie County,TTON 014,532,471,8,1011,545,441,4,,
NY,2024,Erie County,TTON 015,272,232,3,507,279,219,1,,
NY,2024,Erie County,TTON 016,520,348,0,868,524,319,1,,
NY,2024,Erie County,TTON 017,435,357,7,799,452,338,2,,
NY,2024,Erie County,TTON 018,277,194,3,474,280,183,4,,
NY,2024,Erie County,TTON 019,574,402,8,984,582,359,6,,
NY,2024,Erie County,TTON 020,138,144,1,283,140,128,0,,
NY,2024,Erie County,TTON 021,360,408,5,773,376,356,1,,
NY,2024,Erie County,TTON 022,222,242,1,465,231,223,0,,
NY,2024,Erie County,TTON 023,259,227,3,489,280,182,1,,
NY,2024,Erie County,TTON 024,261,214,0,475,260,198,3,,
NY,2024,Erie County,TTON 025,389,244,3,636,405,227,0,,
NY,2024,Erie County,TTON 026,243,217,4,464,257,192,6,,
NY,2024,Erie County,TTON 027,164,144,1,309,162,135,0,,
NY,2024,Erie County,TTON 028,252,139,2,393,259,110,3,,
NY,2024,Erie County,TTON 029,294,190,3,487,302,167,1,,
NY,2024,Erie County,TTON 030,505,314,4,823,516,281,2,,
NY,2024,Erie County,TTON 031,481,344,3,828,488,298,5,,
NY,2024,Erie County,TTON 032,463,376,5,844,472,332,4,,
NY,2024,Erie County,TTON 033,522,372,6,900,547,326,4,,
NY,2024,Erie County,TTON 034,453,400,4,857,463,350,4,,
NY,2024,Erie County,TTON 035,427,413,3,843,443,377,2,,
NY,2024,Erie County,TTON 036,490,339,4,833,498,295,1,,
NY,2024,Erie County,TTON 037,470,349,2,821,492,297,3,,
NY,2024,Erie County,TTON 038,306,214,0,520,304,196,1,,
NY,2024,Erie County,TTON 039,373,312,1,686,381,282,2,,
NY,2024,Erie County,TTON 040,257,209,1,467,266,183,3,,
NY,2024,Erie County,TTON 041,229,199,4,432,242,183,0,,
NY,2024,Erie County,TTON 042,525,364,7,896,550,330,1,,
NY,2024,Erie County,TTON 043,524,294,2,820,534,268,4,,
NY,2024,Erie County,TTON 044,317,208,3,528,326,184,1,,
NY,2024,Erie County,TTON 045,393,175,2,570,387,174,3,,
NY,2024,Erie County,TTON 046,460,430,2,892,479,397,0,,
NY,2024,Erie County,TTON 047,469,390,7,866,498,339,5,,
NY,2024,Erie County,TTON 048,345,160,2,507,339,161,2,,
NY,2024,Erie County,TTON 049,617,308,10,935,631,295,0,,
NY,2024,Erie County,TTON 050,622,395,4,1021,636,352,4,,
NY,2024,Erie County,TTON 051,254,207,1,462,255,194,3,,
NY,2024,Erie County,TTON 052,598,293,1,892,596,276,3,,
NY,2024,Erie County,TTON 053,568,564,8,1140,590,511,7,,
NY,2024,Erie County,TTON 054,393,326,0,719,410,302,1,,
NY,2024,Erie County,TTON 055,333,205,1,539,329,196,3,,
NY,2024,Erie County,TTON 056,456,374,4,834,478,341,1,,
NY,2024,Erie County,Uni 001,90,39,1,130,92,37,0,,
NY,2024,Erie County,Uni 002,744,192,10,946,741,172,5,,
NY,2024,Erie County,Uni 003,404,34,10,448,392,24,2,,
NY,2024,Erie County,Uni 004,279,50,3,332,276,41,1,,
NY,2024,Erie County,Uni 005,566,120,5,691,572,100,4,,
NY,2024,Erie County,Uni 006,405,86,4,495,382,80,6,,
NY,2024,Erie County,Uni 007,385,31,1,417,355,23,0,,
NY,2024,Erie County,Uni 008,491,47,0,538,466,36,2,,
NY,2024,Erie County,Uni 009,444,49,6,499,442,35,1,,
NY,2024,Erie County,Uni 010,557,79,19,655,551,70,7,,
NY,2024,Erie County,Uni 011,296,43,9,348,290,38,2,,
NY,2024,Erie County,Uni 012,518,65,2,585,492,54,0,,
NY,2024,Erie County,Uni 013,558,80,9,647,531,62,1,,
NY,2024,Erie County,Uni 014,324,39,4,367,305,35,4,,
NY,2024,Erie County,Uni 015,331,28,9,368,324,17,0,,
NY,2024,Erie County,Uni 016,459,69,18,546,471,49,6,,
NY,2024,Erie County,Uni 017,609,50,9,668,586,40,1,,
NY,2024,Erie County,Uni 018,36,10,0,46,33,10,0,,
NY,2024,Erie County,Uni 019,332,30,4,366,321,20,1,,
NY,2024,Erie County,Uni 020,591,62,2,655,550,49,6,,
NY,2024,Erie County,University Total,8419,1203,125,9747,8172,992,49,,
NY,2024,Erie County,Wales,624,1155,5,1784,645,1064,21,,
NY,2024,Erie County,Wales Total,624,1155,5,1784,645,1064,21,,
NY,2024,Erie County,WALS 001,624,1155,5,1784,645,1064,21,,
NY,2024,Erie County,West Seneca,12045,13872,86,26003,12621,12395,84,,
NY,2024,Erie County,West Seneca Total,12045,13872,86,26003,12621,12395,84,,
NY,2024,Erie County,WSEN 001,496,574,2,1072,518,505,7,,
NY,2024,Erie County,WSEN 002,406,384,3,793,410,353,2,,
NY,2024,Erie County,WSEN 003,485,568,1,1054,503,496,5,,
NY,2024,Erie County,WSEN 004,263,353,3,619,281,324,3,,
NY,2024,Erie County,WSEN 005,418,557,12,987,425,536,5,,
NY,2024,Erie County,WSEN 006,404,552,1,957,431,501,4,,
NY,2024,Erie County,WSEN 007,477,485,3,965,494,432,2,,
NY,2024,Erie County,WSEN 008,334,393,3,730,353,348,2,,
NY,2024,Erie County,WSEN 009,286,390,3,679,313,329,4,,
NY,2024,Erie County,WSEN 010,255,246,2,503,258,212,4,,
NY,2024,Erie County,WSEN 011,460,540,1,1001,489,491,5,,
NY,2024,Erie County,WSEN 012,331,477,2,810,342,414,3,,
NY,2024,Erie County,WSEN 013,732,807,5,1544,774,731,2,,
NY,2024,Erie County,WSEN 014,701,723,5,1429,739,639,3,,
NY,2024,Erie County,WSEN 015,366,360,1,727,399,303,2,,
NY,2024,Erie County,WSEN 016,280,378,3,661,293,347,1,,
NY,2024,Erie County,WSEN 017,193,187,0,380,197,170,1,,
NY,2024,Erie County,WSEN 018,210,237,0,447,219,202,0,,
NY,2024,Erie County,WSEN 019,594,642,4,1240,606,579,6,,
NY,2024,Erie County,WSEN 020,269,330,2,601,294,282,3,,
NY,2024,Erie County,WSEN 021,242,292,1,535,247,275,2,,
NY,2024,Erie County,WSEN 022,601,656,6,1263,647,562,2,,
NY,2024,Erie County,WSEN 023,188,222,0,410,195,198,2,,
NY,2024,Erie County,WSEN 024,246,326,6,578,267,279,4,,
NY,2024,Erie County,WSEN 025,227,287,1,515,237,251,1,,
NY,2024,Erie County,WSEN 026,705,809,1,1515,736,724,6,,
NY,2024,Erie County,WSEN 027,189,256,0,445,198,231,1,,
NY,2024,Erie County,WSEN 028,451,463,7,921,483,418,0,,
NY,2024,Erie County,WSEN 029,612,588,2,1202,617,546,1,,
NY,2024,Erie County,WSEN 030,254,255,4,513,267,243,1,,
NY,2024,Erie County,WSEN 031,370,535,2,907,389,474,0,,
NY,2024,Essex County,CHESTERFIELD 1,323,284,3,619,339,264,16,,
NY,2024,Essex County,CHESTERFIELD 2,285,375,1,669,341,293,35,,
NY,2024,Essex County,CROWN POINT 1,239,469,1,721,260,411,50,,
NY,2024,Essex County,CROWN POINT 2,78,166,0,247,82,146,19,,
NY,2024,Essex County,ELIZABETHTOWN,320,320,1,651,336,273,2,,
NY,2024,Essex County,ESSEX,276,125,6,415,289,107,4,,
NY,2024,Essex County,JAY 1,551,397,7,968,569,358,41,,
NY,2024,Essex County,JAY 2,180,169,1,358,185,151,22,,
NY,2024,Essex County,KEENE,550,189,4,755,552,175,28,,
NY,2024,Essex County,LEWIS,247,364,2,626,265,309,52,,
NY,2024,Essex County,MINERVA,190,254,4,458,208,196,9,,
NY,2024,Essex County,MORIAH 1,302,425,4,738,300,379,4,,
NY,2024,Essex County,MORIAH 2,260,550,0,816,274,463,4,,
NY,2024,Essex County,MORIAH 3,155,310,0,474,160,279,35,,
NY,2024,Essex County,NEWCOMB,137,172,2,318,152,146,2,,
NY,2024,Essex County,NORTH ELBA 1,216,149,4,373,226,124,23,,
NY,2024,Essex County,NORTH ELBA 2,631,288,3,933,642,265,26,,
NY,2024,Essex County,NORTH ELBA 3,319,207,1,535,324,187,24,,
NY,2024,Essex County,NORTH ELBA 4,289,165,1,463,284,163,16,,
NY,2024,Essex County,NORTH ELBA 5,356,234,1,600,363,220,1,,
NY,2024,Essex County,NORTH ELBA 6,502,289,5,809,514,262,33,,
NY,2024,Essex County,NORTH HUDSON,57,119,0,178,53,106,19,,
NY,2024,Essex County,SCHROON 1,201,342,0,554,218,309,27,,
NY,2024,Essex County,SCHROON 2,279,380,1,668,288,354,26,,
NY,2024,Essex County,ST. ARMAND,445,335,8,795,445,299,51,,
NY,2024,Essex County,TICONDEROGA 1,252,397,3,665,272,352,5,,
NY,2024,Essex County,TICONDEROGA 2,166,302,0,473,191,246,4,,
NY,2024,Essex County,TICONDEROGA 3,243,322,1,578,267,278,2,,
NY,2024,Essex County,TICONDEROGA 4,144,291,0,437,150,256,31,,
NY,2024,Essex County,WESTPORT,501,315,7,840,523,280,8,,
NY,2024,Essex County,WILLSBORO 1,323,289,0,623,339,243,4,,
NY,2024,Essex County,WILLSBORO 2,192,236,2,436,195,201,40,,
NY,2024,Essex County,WILMINGTON,420,304,0,736,426,256,54,,
NY,2024,Franklin County,Bangor 1,295,668,0,963,317,614,1,,
NY,2024,Franklin County,Bellmont 1,228,288,0,516,247,252,0,,
NY,2024,Franklin County,Bellmont 2,81,156,0,237,90,137,3,,
NY,2024,Franklin County,Bombay 1,159,220,4,383,184,184,0,,
NY,2024,Franklin County,Bombay 2,568,70,4,642,567,63,1,,
NY,2024,Franklin County,Brandon 1,64,219,0,283,72,206,1,,
NY,2024,Franklin County,Brighton 1,329,173,4,506,347,159,1,,
NY,2024,Franklin County,Burke 1,192,410,0,602,220,355,2,,
NY,2024,Franklin County,Chateaugay 1,348,484,0,832,391,420,2,,
NY,2024,Franklin County,Constable 1,197,470,0,667,228,418,4,,
NY,2024,Franklin County,Dickinson 1,112,323,1,436,127,302,1,,
NY,2024,Franklin County,Duane 1,64,71,0,135,64,69,0,,
NY,2024,Franklin County,Fort Covington 1,256,343,1,600,287,288,3,,
NY,2024,Franklin County,Franklin 1,397,312,1,710,399,294,3,,
NY,2024,Franklin County,Harrietstown 1,684,255,12,951,682,244,8,,
NY,2024,Franklin County,Harrietstown 2,446,192,8,646,465,172,4,,
NY,2024,Franklin County,Harrietstown 3,683,429,6,1118,695,406,4,,
NY,2024,Franklin County,Malone 1,471,670,2,1143,492,628,1,,
NY,2024,Franklin County,Malone 2,369,360,1,730,384,320,2,,
NY,2024,Franklin County,Malone 3,367,412,1,780,394,354,2,,
NY,2024,Franklin County,Malone 4,277,224,7,508,289,204,3,,
NY,2024,Franklin County,Malone 5,331,602,2,935,378,523,2,,
NY,2024,Franklin County,Moira 1,376,861,6,1243,405,780,4,,
NY,2024,Franklin County,Santa Clara 1,178,81,2,261,174,86,1,,
NY,2024,Franklin County,Tupper Lake 1,455,531,1,987,454,489,5,,
NY,2024,Franklin County,Tupper Lake 2,344,521,2,867,376,456,4,,
NY,2024,Franklin County,Tupper Lake 3,202,351,0,553,224,296,1,,
NY,2024,Franklin County,Waverly 1,131,325,2,458,154,276,4,,
NY,2024,Franklin County,Westville 1,217,548,1,766,251,486,3,,
NY,2024,Fulton County,City of Gloversville Ward 1,293,458,2,753,324,389,3,,
NY,2024,Fulton County,City of Gloversville Ward 2,206,398,2,606,230,346,2,,
NY,2024,Fulton County,City of Gloversville Ward 3,441,511,13,965,462,448,8,,
NY,2024,Fulton County,City of Gloversville Ward 4,246,393,2,641,248,357,8,,
NY,2024,Fulton County,City of Gloversville Ward 5,368,562,6,936,394,471,7,,
NY,2024,Fulton County,City of Gloversville Ward 6,293,457,4,754,323,374,3,,
NY,2024,Fulton County,City of Johnstown Ward 1,333,583,2,918,342,511,6,,
NY,2024,Fulton County,City of Johnstown Ward 2,313,549,4,866,331,484,3,,
NY,2024,Fulton County,City of Johnstown Ward 3,326,524,5,855,366,448,3,,
NY,2024,Fulton County,City of Johnstown Ward 4,430,542,13,985,442,476,4,,
NY,2024,Fulton County,Town of Bleecker 1,120,240,2,362,126,211,1,,
NY,2024,Fulton County,Town of Broadalbin 1,230,434,5,669,244,400,2,,
NY,2024,Fulton County,Town of Broadalbin 2,236,621,5,862,244,587,4,,
NY,2024,Fulton County,Town of Broadalbin 3,171,426,6,603,185,390,3,,
NY,2024,Fulton County,Town of Broadalbin 4,180,448,8,636,202,421,2,,
NY,2024,Fulton County,Town of Caroga 1,246,516,3,765,257,459,3,,
NY,2024,Fulton County,Town of Ephratah 1,129,644,4,777,157,559,1,,
NY,2024,Fulton County,Town of Johnstown 1,196,530,5,731,229,467,2,,
NY,2024,Fulton County,Town of Johnstown 2,342,670,4,1016,370,602,5,,
NY,2024,Fulton County,Town of Johnstown 3,248,649,5,902,270,577,3,,
NY,2024,Fulton County,Town of Johnstown 4,177,566,4,747,199,509,0,,
NY,2024,Fulton County,Town of Mayfield 1,278,882,9,1169,309,809,2,,
NY,2024,Fulton County,Town of Mayfield 2,206,570,5,781,234,503,5,,
NY,2024,Fulton County,Town of Mayfield 3,261,607,10,878,281,557,4,,
NY,2024,Fulton County,Town of Mayfield 4,121,255,1,377,130,230,3,,
NY,2024,Fulton County,Town of Northampton 1,248,613,8,869,264,565,3,,
NY,2024,Fulton County,Town of Northampton 2,15,45,0,60,18,41,0,,
NY,2024,Fulton County,Town of Northampton 3,196,373,4,573,194,346,3,,
NY,2024,Fulton County,Town of Oppenheim 1,150,697,3,850,177,613,1,,
NY,2024,Fulton County,Town of Perth 1,268,611,5,884,307,532,1,,
NY,2024,Fulton County,Town of Perth 2,314,622,0,936,337,552,1,,
NY,2024,Fulton County,Town of Stratford 1,85,241,1,327,95,215,1,,
NY,2024,Genesee County,"City of Batavia, Ward 1 1",236,277,2,513,247,258,1,,
NY,2024,Genesee County,"City of Batavia, Ward 1 2",162,229,7,391,167,226,0,,
NY,2024,Genesee County,"City of Batavia, Ward 1 3",138,212,0,350,139,195,3,,
NY,2024,Genesee County,"City of Batavia, Ward 2 1",137,215,1,352,148,199,1,,
NY,2024,Genesee County,"City of Batavia, Ward 2 2",289,272,0,561,288,246,9,,
NY,2024,Genesee County,"City of Batavia, Ward 3 1",305,306,9,611,317,288,2,,
NY,2024,Genesee County,"City of Batavia, Ward 3 2",222,212,2,434,236,189,3,,
NY,2024,Genesee County,"City of Batavia, Ward 4 1",153,181,3,334,160,168,1,,
NY,2024,Genesee County,"City of Batavia, Ward 4 2",205,235,4,440,216,212,5,,
NY,2024,Genesee County,"City of Batavia, Ward 4 3",175,240,2,415,173,227,2,,
NY,2024,Genesee County,"City of Batavia, Ward 5 1",161,185,1,346,168,172,1,,
NY,2024,Genesee County,"City of Batavia, Ward 5 2",109,174,2,283,110,164,2,,
NY,2024,Genesee County,"City of Batavia, Ward 5 3",109,147,1,256,115,132,2,,
NY,2024,Genesee County,"City of Batavia, Ward 6 1",184,285,1,469,193,261,3,,
NY,2024,Genesee County,"City of Batavia, Ward 6 2",165,203,0,368,164,180,3,,
NY,2024,Genesee County,Town of Alabama 1,139,317,4,456,148,300,1,,
NY,2024,Genesee County,Town of Alabama 2,104,355,1,459,107,344,4,,
NY,2024,Genesee County,Town of Alexander 1,183,656,0,839,194,631,2,,
NY,2024,Genesee County,Town of Alexander 2,65,373,0,438,75,354,3,,
NY,2024,Genesee County,Town of Batavia 1,205,528,1,733,214,503,2,,
NY,2024,Genesee County,Town of Batavia 2,304,611,3,915,295,607,4,,
NY,2024,Genesee County,Town of Batavia 3,365,609,4,974,369,581,3,,
NY,2024,Genesee County,Town of Batavia 4,156,322,1,478,166,304,3,,
NY,2024,Genesee County,Town of Bergen 1,273,618,3,891,271,591,3,,
NY,2024,Genesee County,Town of Bergen 2,207,546,2,753,217,518,4,,
NY,2024,Genesee County,Town of Bethany 1,224,645,3,869,245,607,4,,
NY,2024,Genesee County,Town of Byron 1,136,428,0,564,152,400,1,,
NY,2024,Genesee County,Town of Byron 2,183,447,0,630,193,418,2,,
NY,2024,Genesee County,Town of Darien 1,174,647,1,821,181,617,4,,
NY,2024,Genesee County,Town of Darien 2,203,765,3,968,213,715,8,,
NY,2024,Genesee County,Town of Elba 1,130,354,1,484,139,339,3,,
NY,2024,Genesee County,Town of Elba 2,182,428,1,610,186,399,2,,
NY,2024,Genesee County,Town of LeRoy 1,137,221,0,358,135,211,1,,
NY,2024,Genesee County,Town of LeRoy 2,106,230,1,336,108,222,0,,
NY,2024,Genesee County,Town of LeRoy 3,161,253,0,414,168,239,2,,
NY,2024,Genesee County,Town of LeRoy 4,187,214,2,401,190,200,3,,
NY,2024,Genesee County,Town of LeRoy 5,259,393,1,652,272,368,2,,
NY,2024,Genesee County,Town of LeRoy 6,277,499,0,776,276,466,6,,
NY,2024,Genesee County,Town of LeRoy 7,127,236,1,363,140,212,4,,
NY,2024,Genesee County,Town of LeRoy 8,229,358,2,587,240,335,5,,
NY,2024,Genesee County,Town of Oakfield 1,129,311,1,440,137,283,2,,
NY,2024,Genesee County,Town of Oakfield 2,124,377,3,501,130,355,4,,
NY,2024,Genesee County,Town of Oakfield 3,140,362,0,502,150,332,6,,
NY,2024,Genesee County,Town of Pavilion 1,175,523,0,698,202,478,2,,
NY,2024,Genesee County,Town of Pavilion 2,143,401,1,544,163,353,2,,
NY,2024,Genesee County,Town of Pembroke 1,194,372,0,566,197,350,3,,
NY,2024,Genesee County,Town of Pembroke 2,200,377,0,577,201,356,0,,
NY,2024,Genesee County,Town of Pembroke 3,161,414,0,575,172,395,3,,
NY,2024,Genesee County,Town of Pembroke 4,187,517,3,704,199,494,1,,
NY,2024,Genesee County,Town of Stafford 1,147,320,1,467,140,312,1,,
NY,2024,Genesee County,Town of Stafford 2,149,263,0,412,148,252,1,,
NY,2024,Genesee County,Town of Stafford 3,152,334,1,486,162,313,2,,
NY,2024,Greene County,Totals,10436,14702,302,25440,11133,13435,144,,
NY,2024,Greene County,Town of Ashland 1 LD 6,124,282,1,407,128,265,3,,
NY,2024,Greene County,Town of Athens 1 LD 3,243,244,8,495,262,209,4,,
NY,2024,Greene County,Town of Athens 2 LD 3,164,212,4,380,175,189,3,,
NY,2024,Greene County,Town of Athens 3 LD 3,462,421,15,898,489,382,5,,
NY,2024,Greene County,Town of Athens 4 LD 3,181,329,4,514,187,307,3,,
NY,2024,Greene County,Town of Cairo 1 LD 8,161,394,1,556,180,350,2,,
NY,2024,Greene County,Town of Cairo 2 LD 8,175,409,5,589,191,365,7,,
NY,2024,Greene County,Town of Cairo 3 LD 8,91,325,0,416,104,292,1,,
NY,2024,Greene County,Town of Cairo 4 LD 8,215,419,9,643,243,372,5,,
NY,2024,Greene County,Town of Cairo 5 LD 8,133,360,1,494,145,332,0,,
NY,2024,Greene County,Town of Cairo 6 LD 8,217,414,8,639,235,392,1,,
NY,2024,Greene County,Town of Cairo 7 LD 8,124,190,1,315,135,173,2,,
NY,2024,Greene County,Town of Catskill 1 LD 1,281,122,14,417,291,111,3,,
NY,2024,Greene County,Town of Catskill 10 LD 1,360,447,17,824,392,401,2,,
NY,2024,Greene County,Town of Catskill 11 LD 1,245,417,6,668,272,372,1,,
NY,2024,Greene County,Town of Catskill 12 LD 1,78,164,0,242,84,145,2,,
NY,2024,Greene County,Town of Catskill 13 LD 1,156,183,4,343,162,172,2,,
NY,2024,Greene County,Town of Catskill 14 LD 1,137,188,4,329,144,176,2,,
NY,2024,Greene County,Town of Catskill 2 LD 1,175,166,2,343,181,155,2,,
NY,2024,Greene County,Town of Catskill 3 LD 1,230,122,12,364,242,103,3,,
NY,2024,Greene County,Town of Catskill 4 LD 1,159,104,4,267,157,93,2,,
NY,2024,Greene County,Town of Catskill 5 LD 1,225,250,2,477,232,230,2,,
NY,2024,Greene County,Town of Catskill 6 LD 1,172,165,1,338,180,142,1,,
NY,2024,Greene County,Town of Catskill 7 LD 1,258,254,4,516,270,230,0,,
NY,2024,Greene County,Town of Catskill 8 LD 1,28,46,1,75,37,36,0,,
NY,2024,Greene County,Town of Catskill 9 LD 1,277,386,6,669,294,356,3,,
NY,2024,Greene County,Town of Coxsackie 1 LD 2,460,416,17,893,479,390,7,,
NY,2024,Greene County,Town of Coxsackie 2 LD 2,216,210,14,440,243,178,9,,
NY,2024,Greene County,Town of Coxsackie 3 LD 2,90,171,0,261,99,150,0,,
NY,2024,Greene County,Town of Coxsackie 4 LD 2,261,560,11,832,287,523,2,,
NY,2024,Greene County,Town of Coxsackie 5 LD 2,136,155,2,293,138,142,1,,
NY,2024,Greene County,Town of Coxsackie 6 LD 2,254,355,7,616,278,307,4,,
NY,2024,Greene County,Town of Durham 1 LD 9,266,443,2,711,280,412,4,,
NY,2024,Greene County,Town of Durham 2 LD 9,263,465,2,730,289,424,2,,
NY,2024,Greene County,Town of Greenville 1 LD 4,316,519,10,845,334,496,4,,
NY,2024,Greene County,Town of Greenville 2 LD 4,235,381,6,622,241,356,4,,
NY,2024,Greene County,Town of Greenville 3 LD 4,258,481,8,747,278,446,5,,
NY,2024,Greene County,Town of Halcott 1 LD 7,84,89,6,179,92,83,0,,
NY,2024,Greene County,Town of Hunter 1 LD 7,254,192,7,453,252,189,0,,
NY,2024,Greene County,Town of Hunter 2 LD 7,234,236,8,478,247,219,4,,
NY,2024,Greene County,Town of Hunter 3 LD 7,159,186,7,352,170,171,0,,
NY,2024,Greene County,Town of Hunter 4 LD 7,113,193,1,307,130,166,0,,
NY,2024,Greene County,Town of Jewett 1 LD 6,283,336,7,626,299,313,6,,
NY,2024,Greene County,Town of Lexington 1 LD 7,130,181,7,318,146,156,0,,
NY,2024,Greene County,Town of Lexington 2 LD 7,135,79,2,216,138,74,2,,
NY,2024,Greene County,Town of New Baltimore 1 LD 5,225,333,7,565,249,295,5,,
NY,2024,Greene County,Town of New Baltimore 2 LD 5,158,268,3,429,165,240,2,,
NY,2024,Greene County,Town of New Baltimore 3 LD 5,230,358,14,602,237,343,12,,
NY,2024,Greene County,Town of New Baltimore 4 LD 5,97,196,4,297,105,184,2,,
NY,2024,Greene County,Town of Prattsville 1 LD 6,118,294,5,417,134,266,3,,
NY,2024,Greene County,Town of Windham 1 LD 6,248,325,7,580,260,309,3,,
NY,2024,Greene County,Town of Windham 2 LD 6,142,267,4,413,151,253,2,,
NY,2024,Hamilton County,Arietta 1,70,152,0,222,85,138,2,,
NY,2024,Hamilton County,Benson 1,33,98,0,131,38,92,0,,
NY,2024,Hamilton County,Hope 1,70,193,0,263,76,175,1,,
NY,2024,Hamilton County,Indian Lake 1,327,411,1,739,344,368,3,,
NY,2024,Hamilton County,Indian Lake 2,72,43,0,115,74,36,0,,
NY,2024,Hamilton County,Inlet 1,94,131,0,225,94,125,1,,
NY,2024,Hamilton County,Lake Pleasant 1,139,467,2,608,148,449,3,,
NY,2024,Hamilton County,Long Lake 1,230,233,1,464,236,214,3,,
NY,2024,Hamilton County,Long Lake 2,41,54,0,95,43,52,0,,
NY,2024,Hamilton County,Morehouse 1,14,63,0,77,12,60,0,,
NY,2024,Hamilton County,Wells 1,121,378,1,500,133,344,1,,
NY,2024,Kings County,AD 41 ED 001,793,75,5,873,0,0,0,1.39,9.33
NY,2024,Kings County,AD 41 ED 002,692,56,5,753,0,0,0,1.45,3.57
NY,2024,Kings County,AD 41 ED 003,532,38,4,574,0,0,0,-0.19,23.68
NY,2024,Kings County,AD 41 ED 004,875,58,12,945,0,0,0,1.26,20.69
NY,2024,Kings County,AD 41 ED 005,565,58,20,643,0,0,0,2.65,5.17
NY,2024,Kings County,AD 41 ED 006,621,55,8,684,0,0,0,0.48,9.09
NY,2024,Kings County,AD 41 ED 007,725,77,10,812,0,0,0,0.41,23.38
NY,2024,Kings County,AD 41 ED 008,606,64,5,675,0,0,0,0.99,17.19
NY,2024,Kings County,AD 41 ED 009,789,50,1,840,0,0,0,2.66,20
NY,2024,Kings County,AD 41 ED 010,513,42,9,564,0,0,0,2.53,9.52
NY,2024,Kings County,AD 41 ED 011,697,63,7,767,0,0,0,0.29,28.57
NY,2024,Kings County,AD 41 ED 012,280,264,15,559,0,0,0,-2.86,15.15
NY,2024,Kings County,AD 41 ED 013,438,91,4,533,0,0,0,0.68,15.38
NY,2024,Kings County,AD 41 ED 014,114,652,5,771,0,0,0,-50,19.33
NY,2024,Kings County,AD 41 ED 015,132,141,1,274,0,0,0,-3.03,12.77
NY,2024,Kings County,AD 41 ED 016,315,188,9,512,0,0,0,0.63,11.17
NY,2024,Kings County,AD 41 ED 017,492,92,25,609,0,0,0,-0.2,17.39
NY,2024,Kings County,AD 41 ED 018,518,60,2,580,0,0,0,1.93,18.33
NY,2024,Kings County,AD 41 ED 019,578,129,17,724,0,0,0,-1.21,17.05
NY,2024,Kings County,AD 41 ED 020,62,146,2,210,0,0,0,-8.06,11.64
NY,2024,Kings County,AD 41 ED 021,123,176,11,310,0,0,0,-8.13,14.2
NY,2024,Kings County,AD 41 ED 022,311,769,18,1098,0,0,0,-17.36,15.21
NY,2024,Kings County,AD 41 ED 023,148,611,6,765,0,0,0,-22.97,12.77
NY,2024,Kings County,AD 41 ED 024,245,554,14,813,0,0,0,-11.43,13.54
NY,2024,Kings County,AD 41 ED 025,245,520,14,779,0,0,0,-8.57,16.54
NY,2024,Kings County,AD 41 ED 026,305,658,25,988,0,0,0,-6.89,14.59
NY,2024,Kings County,AD 41 ED 027,292,550,18,860,0,0,0,-6.16,13.27
NY,2024,Kings County,AD 41 ED 028,191,461,9,661,0,0,0,-10.99,9.76
NY,2024,Kings County,AD 41 ED 029,107,555,8,670,0,0,0,-36.45,14.77
NY,2024,Kings County,AD 41 ED 030,119,567,9,695,0,0,0,-26.89,12.35
NY,2024,Kings County,AD 41 ED 031,124,325,6,455,0,0,0,-8.87,12.92
NY,2024,Kings County,AD 41 ED 032,510,277,13,800,0,0,0,0.78,11.19
NY,2024,Kings County,AD 41 ED 033,296,616,17,929,0,0,0,-17.91,17.37
NY,2024,Kings County,AD 41 ED 034,322,726,12,1060,0,0,0,-15.53,11.57
NY,2024,Kings County,AD 41 ED 035,133,613,20,766,0,0,0,-43.61,15.99
NY,2024,Kings County,AD 41 ED 036,118,302,5,425,0,0,0,-10.17,7.62
NY,2024,Kings County,AD 41 ED 037,162,333,11,506,0,0,0,-9.88,9.01
NY,2024,Kings County,AD 41 ED 038,72,104,10,186,0,0,0,-1.39,11.54
NY,2024,Kings County,AD 41 ED 039,122,287,4,413,0,0,0,0.82,13.59
NY,2024,Kings County,AD 41 ED 040,227,392,14,633,0,0,0,-5.73,13.27
NY,2024,Kings County,AD 41 ED 041,159,759,8,926,0,0,0,-27.04,13.31
NY,2024,Kings County,AD 41 ED 042,238,459,17,714,0,0,0,-11.76,15.69
NY,2024,Kings County,AD 41 ED 043,239,420,4,663,0,0,0,-8.37,13.33
NY,2024,Kings County,AD 41 ED 044,205,349,6,560,0,0,0,0.49,6.3
NY,2024,Kings County,AD 41 ED 045,331,463,4,798,0,0,0,-6.34,11.02
NY,2024,Kings County,AD 41 ED 046,193,342,4,539,0,0,0,-10.36,17.54
NY,2024,Kings County,AD 41 ED 047,263,302,3,568,0,0,0,0,16.89
NY,2024,Kings County,AD 41 ED 048,294,312,7,613,0,0,0,-3.06,9.62
NY,2024,Kings County,AD 41 ED 049,430,153,4,587,0,0,0,2.09,20.26
NY,2024,Kings County,AD 41 ED 050,371,145,7,523,0,0,0,1.89,18.62
NY,2024,Kings County,AD 41 ED 051,244,82,1,327,0,0,0,0.82,29.27
NY,2024,Kings County,AD 41 ED 052,466,626,8,1100,0,0,0,-6.22,12.46
NY,2024,Kings County,AD 41 ED 053,135,121,19,275,0,0,0,-8.15,13.22
NY,2024,Kings County,AD 41 ED 054,83,114,9,206,0,0,0,-1.2,6.14
NY,2024,Kings County,AD 41 ED 055,260,407,11,678,0,0,0,-4.62,10.81
NY,2024,Kings County,AD 41 ED 056,213,407,12,632,0,0,0,-7.98,14.99
NY,2024,Kings County,AD 41 ED 057,172,394,15,581,0,0,0,-6.98,11.42
NY,2024,Kings County,AD 41 ED 058,262,555,11,828,0,0,0,-5.73,9.91
NY,2024,Kings County,AD 41 ED 059,101,227,2,330,0,0,0,0,10.57
NY,2024,Kings County,AD 41 ED 060,122,304,1,427,0,0,0,-9.02,13.16
NY,2024,Kings County,AD 41 ED 061,216,470,14,700,0,0,0,-6.02,8.72
NY,2024,Kings County,AD 41 ED 063,283,723,21,1027,0,0,0,-4.95,7.75
NY,2024,Kings County,AD 41 ED 064,235,554,24,813,0,0,0,-5.53,7.04
NY,2024,Kings County,AD 41 ED 065,66,195,6,267,0,0,0,-15.15,13.33
NY,2024,Kings County,AD 41 ED 066,164,365,12,541,0,0,0,-1.22,5.21
NY,2024,Kings County,AD 41 ED 067,148,344,6,498,0,0,0,4.05,7.56
NY,2024,Kings County,AD 41 ED 068,110,95,1,206,0,0,0,0,13.68
NY,2024,Kings County,AD 41 ED 069,58,166,1,225,0,0,0,-6.9,12.05
NY,2024,Kings County,AD 41 ED 070,70,238,1,309,0,0,0,-11.43,14.29
NY,2024,Kings County,AD 41 ED 071,102,520,8,630,0,0,0,-29.41,13.27
NY,2024,Kings County,AD 42 ED 001,35,12,0,47,0,0,0,-2.86,41.67
NY,2024,Kings County,AD 42 ED 002,602,44,19,665,0,0,0,1,11.36
NY,2024,Kings County,AD 42 ED 003,799,38,36,873,0,0,0,-1.5,7.89
NY,2024,Kings County,AD 42 ED 004,748,47,32,827,0,0,0,-1.47,29.79
NY,2024,Kings County,AD 42 ED 005,699,72,24,795,0,0,0,-0.57,18.06
NY,2024,Kings County,AD 42 ED 006,794,125,38,957,0,0,0,-0.76,12
NY,2024,Kings County,AD 42 ED 007,907,78,17,1002,0,0,0,2.76,21.79
NY,2024,Kings County,AD 42 ED 008,449,49,9,507,0,0,0,2,12.24
NY,2024,Kings County,AD 42 ED 009,769,55,14,838,0,0,0,4.42,5.45
NY,2024,Kings County,AD 42 ED 010,843,79,11,933,0,0,0,1.54,15.19
NY,2024,Kings County,AD 42 ED 011,821,68,35,924,0,0,0,0.49,14.71
NY,2024,Kings County,AD 42 ED 012,799,56,17,872,0,0,0,2.13,30.36
NY,2024,Kings County,AD 42 ED 013,881,66,22,969,0,0,0,1.14,24.24
NY,2024,Kings County,AD 42 ED 014,688,63,29,780,0,0,0,1.02,12.7
NY,2024,Kings County,AD 42 ED 015,822,58,11,891,0,0,0,3.16,12.07
NY,2024,Kings County,AD 42 ED 016,701,60,10,771,0,0,0,1,25
NY,2024,Kings County,AD 42 ED 017,744,54,17,815,0,0,0,0.54,16.67
NY,2024,Kings County,AD 42 ED 018,572,54,11,637,0,0,0,3.5,11.11
NY,2024,Kings County,AD 42 ED 019,826,85,19,930,0,0,0,-1.09,22.35
NY,2024,Kings County,AD 42 ED 020,790,49,8,847,0,0,0,1.27,14.29
NY,2024,Kings County,AD 42 ED 021,725,73,14,812,0,0,0,-0.69,26.03
NY,2024,Kings County,AD 42 ED 022,678,99,27,804,0,0,0,-1.18,15.15
NY,2024,Kings County,AD 42 ED 023,815,88,26,929,0,0,0,-0.98,25
NY,2024,Kings County,AD 42 ED 024,767,60,13,840,0,0,0,1.04,21.67
NY,2024,Kings County,AD 42 ED 025,696,40,20,756,0,0,0,2.73,15
NY,2024,Kings County,AD 42 ED 026,633,33,11,677,0,0,0,0,15.15
NY,2024,Kings County,AD 42 ED 027,229,35,10,274,0,0,0,2.62,2.86
NY,2024,Kings County,AD 42 ED 028,38,1,1,40,0,0,0,5.26,-100
NY,2024,Kings County,AD 42 ED 029,762,61,12,835,0,0,0,2.76,13.11
NY,2024,Kings County,AD 42 ED 030,464,52,12,528,0,0,0,1.29,25
NY,2024,Kings County,AD 42 ED 031,606,48,5,659,0,0,0,1.16,25
NY,2024,Kings County,AD 42 ED 032,584,28,7,619,0,0,0,0.17,25
NY,2024,Kings County,AD 42 ED 033,592,49,12,653,0,0,0,0,14.29
NY,2024,Kings County,AD 42 ED 034,428,34,5,467,0,0,0,3.04,-5.88
NY,2024,Kings County,AD 42 ED 035,656,40,7,703,0,0,0,4.12,17.5
NY,2024,Kings County,AD 42 ED 036,704,46,13,763,0,0,0,3.69,4.35
NY,2024,Kings County,AD 42 ED 037,788,57,13,858,0,0,0,2.79,8.77
NY,2024,Kings County,AD 42 ED 038,773,58,9,840,0,0,0,1.29,12.07
NY,2024,Kings County,AD 42 ED 039,743,49,10,802,0,0,0,1.62,22.45
NY,2024,Kings County,AD 42 ED 040,609,70,6,685,0,0,0,2.63,14.29
NY,2024,Kings County,AD 42 ED 041,793,134,20,947,0,0,0,-0.25,11.19
NY,2024,Kings County,AD 42 ED 042,588,63,20,671,0,0,0,1.19,11.11
NY,2024,Kings County,AD 42 ED 043,766,72,12,850,0,0,0,0.52,34.72
NY,2024,Kings County,AD 42 ED 044,539,53,2,594,0,0,0,1.11,32.08
NY,2024,Kings County,AD 42 ED 045,491,44,16,551,0,0,0,3.26,18.18
NY,2024,Kings County,AD 42 ED 046,521,56,8,585,0,0,0,3.65,12.5
NY,2024,Kings County,AD 42 ED 047,747,69,18,834,0,0,0,0.27,18.84
NY,2024,Kings County,AD 42 ED 048,12,80,0,92,0,0,0,-66.67,25
NY,2024,Kings County,AD 42 ED 049,619,282,24,925,0,0,0,-3.23,18.79
NY,2024,Kings County,AD 42 ED 050,746,58,13,817,0,0,0,2.28,20.69
NY,2024,Kings County,AD 42 ED 051,501,55,7,563,0,0,0,0.8,16.36
NY,2024,Kings County,AD 42 ED 052,111,632,15,758,0,0,0,-65.77,19.15
NY,2024,Kings County,AD 42 ED 053,482,413,9,904,0,0,0,-3.11,18.4
NY,2024,Kings County,AD 42 ED 054,45,845,3,893,0,0,0,-124.44,16.33
NY,2024,Kings County,AD 42 ED 055,365,335,6,706,0,0,0,-6.03,20.3
NY,2024,Kings County,AD 42 ED 056,191,387,6,584,0,0,0,-11.52,16.02
NY,2024,Kings County,AD 42 ED 057,12,240,1,253,0,0,0,-133.33,17.08
NY,2024,Kings County,AD 42 ED 058,214,688,5,907,0,0,0,-22.43,15.41
NY,2024,Kings County,AD 42 ED 059,55,523,4,582,0,0,0,-56.36,16.06
NY,2024,Kings County,AD 42 ED 060,479,107,27,613,0,0,0,-3.13,26.17
NY,2024,Kings County,AD 42 ED 061,865,73,19,957,0,0,0,0.12,17.81
NY,2024,Kings County,AD 43 ED 001,721,26,34,781,0,0,0,0.28,30.77
NY,2024,Kings County,AD 43 ED 002,787,40,32,859,0,0,0,-0.51,25
NY,2024,Kings County,AD 43 ED 003,676,26,29,731,0,0,0,-1.33,26.92
NY,2024,Kings County,AD 43 ED 004,820,39,19,878,0,0,0,2.68,2.56
NY,2024,Kings County,AD 43 ED 005,526,19,32,577,0,0,0,-2.28,0
NY,2024,Kings County,AD 43 ED 006,615,44,25,684,0,0,0,0,20.45
NY,2024,Kings County,AD 43 ED 007,703,61,10,774,0,0,0,4.69,19.67
NY,2024,Kings County,AD 43 ED 008,527,23,23,573,0,0,0,-1.71,13.04
NY,2024,Kings County,AD 43 ED 009,401,28,12,441,0,0,0,-1,28.57
NY,2024,Kings County,AD 43 ED 010,815,33,33,881,0,0,0,-2.09,18.18
NY,2024,Kings County,AD 43 ED 011,621,30,22,673,0,0,0,-0.48,26.67
NY,2024,Kings County,AD 43 ED 012,492,60,13,565,0,0,0,-2.03,28.33
NY,2024,Kings County,AD 43 ED 013,596,229,9,834,0,0,0,-4.19,33.19
NY,2024,Kings County,AD 43 ED 014,485,94,15,594,0,0,0,-2.06,30.85
NY,2024,Kings County,AD 43 ED 015,474,160,11,645,0,0,0,-6.96,32.5
NY,2024,Kings County,AD 43 ED 016,659,67,19,745,0,0,0,1.21,19.4
NY,2024,Kings County,AD 43 ED 017,487,64,13,564,0,0,0,-1.23,34.38
NY,2024,Kings County,AD 43 ED 018,770,43,28,841,0,0,0,-1.04,18.6
NY,2024,Kings County,AD 43 ED 019,678,156,15,849,0,0,0,-3.39,32.69
NY,2024,Kings County,AD 43 ED 020,387,497,19,903,0,0,0,-29.97,35.21
NY,2024,Kings County,AD 43 ED 021,212,464,3,679,0,0,0,-49.53,34.48
NY,2024,Kings County,AD 43 ED 022,373,520,13,906,0,0,0,-31.9,33.27
NY,2024,Kings County,AD 43 ED 023,637,135,10,782,0,0,0,-1.57,25.93
NY,2024,Kings County,AD 43 ED 024,349,263,6,618,0,0,0,-16.62,32.32
NY,2024,Kings County,AD 43 ED 025,404,201,6,611,0,0,0,-4.7,29.35
NY,2024,Kings County,AD 43 ED 026,102,401,4,507,0,0,0,-113.73,43.39
NY,2024,Kings County,AD 43 ED 027,387,492,8,887,0,0,0,-25.84,37.2
NY,2024,Kings County,AD 43 ED 028,125,367,3,495,0,0,0,-70.4,36.51
NY,2024,Kings County,AD 43 ED 029,580,185,18,783,0,0,0,-4.83,33.51
NY,2024,Kings County,AD 43 ED 030,692,273,20,985,0,0,0,-7.23,32.23
NY,2024,Kings County,AD 43 ED 031,834,35,34,903,0,0,0,0.72,-11.43
NY,2024,Kings County,AD 43 ED 032,690,35,23,748,0,0,0,-1.45,11.43
NY,2024,Kings County,AD 43 ED 033,819,76,28,923,0,0,0,1.1,18.42
NY,2024,Kings County,AD 43 ED 034,623,171,15,809,0,0,0,-6.9,35.67
NY,2024,Kings County,AD 43 ED 035,712,159,18,889,0,0,0,-3.79,26.42
NY,2024,Kings County,AD 43 ED 036,798,26,28,852,0,0,0,-0.13,11.54
NY,2024,Kings County,AD 43 ED 037,950,41,37,1028,0,0,0,-1.05,29.27
NY,2024,Kings County,AD 43 ED 038,851,23,38,912,0,0,0,0.82,8.7
NY,2024,Kings County,AD 43 ED 039,722,31,16,769,0,0,0,0.97,6.45
NY,2024,Kings County,AD 43 ED 040,769,39,43,851,0,0,0,1.82,7.69
NY,2024,Kings County,AD 43 ED 041,842,59,22,923,0,0,0,0.59,22.03
NY,2024,Kings County,AD 43 ED 042,744,33,18,795,0,0,0,0.13,15.15
NY,2024,Kings County,AD 43 ED 043,532,366,13,911,0,0,0,-16.17,38.8
NY,2024,Kings County,AD 43 ED 044,542,225,5,772,0,0,0,-5.72,27.56
NY,2024,Kings County,AD 43 ED 045,589,237,11,837,0,0,0,-9.51,34.6
NY,2024,Kings County,AD 43 ED 046,332,196,3,531,0,0,0,-10.24,32.14
NY,2024,Kings County,AD 43 ED 047,840,128,14,982,0,0,0,-1.31,35.16
NY,2024,Kings County,AD 43 ED 048,110,16,0,126,0,0,0,-2.73,31.25
NY,2024,Kings County,AD 43 ED 049,516,87,2,605,0,0,0,-4.07,41.38
NY,2024,Kings County,AD 43 ED 050,415,82,7,504,0,0,0,2.65,32.93
NY,2024,Kings County,AD 43 ED 051,393,99,10,502,0,0,0,-3.56,27.27
NY,2024,Kings County,AD 43 ED 052,652,76,4,732,0,0,0,-1.84,31.58
NY,2024,Kings County,AD 43 ED 053,819,55,34,908,0,0,0,-0.24,1.82
NY,2024,Kings County,AD 43 ED 054,869,49,42,960,0,0,0,-2.07,20.41
NY,2024,Kings County,AD 43 ED 055,633,34,34,701,0,0,0,-0.79,5.88
NY,2024,Kings County,AD 43 ED 056,876,39,26,941,0,0,0,-0.11,17.95
NY,2024,Kings County,AD 43 ED 057,946,42,27,1015,0,0,0,1.48,9.52
NY,2024,Kings County,AD 43 ED 058,733,40,23,796,0,0,0,-1.09,15
NY,2024,Kings County,AD 43 ED 059,898,42,26,966,0,0,0,0.67,14.29
NY,2024,Kings County,AD 43 ED 060,770,32,26,828,0,0,0,-0.52,18.75
NY,2024,Kings County,AD 43 ED 061,720,38,19,777,0,0,0,1.53,7.89
NY,2024,Kings County,AD 43 ED 062,502,32,6,540,0,0,0,1.79,9.38
NY,2024,Kings County,AD 43 ED 063,663,30,14,707,0,0,0,0.9,13.33
NY,2024,Kings County,AD 43 ED 064,891,61,19,971,0,0,0,1.57,6.56
NY,2024,Kings County,AD 43 ED 065,691,42,14,747,0,0,0,0.29,11.9
NY,2024,Kings County,AD 43 ED 066,752,50,15,817,0,0,0,1.33,10
NY,2024,Kings County,AD 43 ED 067,895,53,25,973,0,0,0,0,30.19
NY,2024,Kings County,AD 43 ED 068,326,27,2,355,0,0,0,0.92,22.22
NY,2024,Kings County,AD 44 ED 001,947,45,32,1024,0,0,0,-0.21,-4.44
NY,2024,Kings County,AD 44 ED 002,633,228,38,899,0,0,0,-2.21,13.16
NY,2024,Kings County,AD 44 ED 003,224,14,6,244,0,0,0,1.34,-21.43
NY,2024,Kings County,AD 44 ED 004,646,46,14,706,0,0,0,-0.15,8.7
NY,2024,Kings County,AD 44 ED 005,255,16,6,277,0,0,0,0,6.25
NY,2024,Kings County,AD 44 ED 006,1513,89,45,1647,0,0,0,-0.26,1.12
NY,2024,Kings County,AD 44 ED 007,953,31,27,1011,0,0,0,0.94,-22.58
NY,2024,Kings County,AD 44 ED 008,814,33,42,889,0,0,0,-0.74,-39.39
NY,2024,Kings County,AD 44 ED 009,803,55,24,882,0,0,0,-0.37,36.36
NY,2024,Kings County,AD 44 ED 010,514,12,17,543,0,0,0,0,-33.33
NY,2024,Kings County,AD 44 ED 011,453,15,18,486,0,0,0,-0.66,20
NY,2024,Kings County,AD 44 ED 012,641,26,19,686,0,0,0,-0.16,19.23
NY,2024,Kings County,AD 44 ED 013,331,15,9,355,0,0,0,-1.21,0
NY,2024,Kings County,AD 44 ED 014,696,27,10,733,0,0,0,1.15,0
NY,2024,Kings County,AD 44 ED 015,250,6,4,260,0,0,0,2,-16.67
NY,2024,Kings County,AD 44 ED 016,1292,47,34,1373,0,0,0,0.7,-10.64
NY,2024,Kings County,AD 44 ED 017,1093,68,22,1183,0,0,0,1.28,5.88
NY,2024,Kings County,AD 44 ED 018,790,85,25,900,0,0,0,-0.63,3.53
NY,2024,Kings County,AD 44 ED 019,530,43,20,593,0,0,0,-1.13,13.95
NY,2024,Kings County,AD 44 ED 020,428,24,14,466,0,0,0,-0.23,16.67
NY,2024,Kings County,AD 44 ED 021,655,90,33,778,0,0,0,-1.53,5.56
NY,2024,Kings County,AD 44 ED 022,647,48,26,721,0,0,0,-0.15,16.67
NY,2024,Kings County,AD 44 ED 023,1006,45,34,1085,0,0,0,-0.3,-11.11
NY,2024,Kings County,AD 44 ED 024,816,84,22,922,0,0,0,1.47,-14.29
NY,2024,Kings County,AD 44 ED 025,971,67,34,1072,0,0,0,0.31,-1.49
NY,2024,Kings County,AD 44 ED 026,742,49,26,817,0,0,0,0.67,-8.16
NY,2024,Kings County,AD 44 ED 027,868,69,25,962,0,0,0,0.46,-2.9
NY,2024,Kings County,AD 44 ED 028,908,48,30,986,0,0,0,0.22,2.08
NY,2024,Kings County,AD 44 ED 029,970,70,25,1065,0,0,0,0.82,-4.29
NY,2024,Kings County,AD 44 ED 030,869,65,31,965,0,0,0,1.27,-6.15
NY,2024,Kings County,AD 44 ED 031,1038,112,32,1182,0,0,0,0.39,3.57
NY,2024,Kings County,AD 44 ED 032,998,104,21,1123,0,0,0,-1.3,18.27
NY,2024,Kings County,AD 44 ED 033,953,144,32,1129,0,0,0,-1.26,13.19
NY,2024,Kings County,AD 44 ED 034,537,65,18,620,0,0,0,-0.56,-1.54
NY,2024,Kings County,AD 44 ED 035,565,97,19,681,0,0,0,-1.77,21.65
NY,2024,Kings County,AD 44 ED 036,1007,167,32,1206,0,0,0,-0.3,-0.6
NY,2024,Kings County,AD 44 ED 037,925,147,24,1096,0,0,0,-0.65,11.56
NY,2024,Kings County,AD 44 ED 038,967,135,25,1127,0,0,0,-0.31,2.22
NY,2024,Kings County,AD 44 ED 039,824,102,28,954,0,0,0,0.73,3.92
NY,2024,Kings County,AD 44 ED 040,586,118,19,723,0,0,0,-1.54,17.8
NY,2024,Kings County,AD 44 ED 041,635,123,18,776,0,0,0,-2.2,13.01
NY,2024,Kings County,AD 44 ED 042,155,243,13,411,0,0,0,-16.77,29.63
NY,2024,Kings County,AD 44 ED 043,575,167,30,772,0,0,0,-3.83,12.57
NY,2024,Kings County,AD 44 ED 044,267,181,24,472,0,0,0,-5.24,20.99
NY,2024,Kings County,AD 44 ED 045,711,123,32,866,0,0,0,-2.53,14.63
NY,2024,Kings County,AD 44 ED 046,726,185,33,944,0,0,0,-2.75,12.97
NY,2024,Kings County,AD 44 ED 047,346,178,59,583,0,0,0,-7.51,21.35
NY,2024,Kings County,AD 44 ED 048,339,366,53,758,0,0,0,-12.39,23.22
NY,2024,Kings County,AD 44 ED 049,50,278,2,330,0,0,0,-62,30.94
NY,2024,Kings County,AD 44 ED 050,38,278,1,317,0,0,0,-55.26,29.14
NY,2024,Kings County,AD 44 ED 051,25,369,2,396,0,0,0,-128,22.49
NY,2024,Kings County,AD 44 ED 052,46,63,4,113,0,0,0,-10.87,20.63
NY,2024,Kings County,AD 44 ED 053,236,411,27,674,0,0,0,-10.59,15.09
NY,2024,Kings County,AD 44 ED 054,648,65,23,736,0,0,0,-0.77,4.62
NY,2024,Kings County,AD 44 ED 055,206,56,12,274,0,0,0,-3.88,12.5
NY,2024,Kings County,AD 44 ED 056,654,156,49,859,0,0,0,-3.52,16.67
NY,2024,Kings County,AD 44 ED 057,376,330,42,748,0,0,0,-6.65,20
NY,2024,Kings County,AD 44 ED 058,371,232,28,631,0,0,0,-5.93,11.21
NY,2024,Kings County,AD 44 ED 059,330,230,24,584,0,0,0,-3.64,17.83
NY,2024,Kings County,AD 44 ED 060,189,120,9,318,0,0,0,-1.06,20.83
NY,2024,Kings County,AD 44 ED 061,999,146,68,1213,0,0,0,-1.8,8.9
NY,2024,Kings County,AD 44 ED 062,749,73,21,843,0,0,0,-1.34,9.59
NY,2024,Kings County,AD 44 ED 063,650,221,88,959,0,0,0,-6,18.55
NY,2024,Kings County,AD 44 ED 064,640,279,35,954,0,0,0,-2.97,12.54
NY,2024,Kings County,AD 44 ED 065,589,59,21,669,0,0,0,-1.19,5.08
NY,2024,Kings County,AD 44 ED 066,603,362,55,1020,0,0,0,-7.46,17.13
NY,2024,Kings County,AD 44 ED 067,353,120,24,497,0,0,0,-3.4,11.67
NY,2024,Kings County,AD 44 ED 068,431,77,13,521,0,0,0,-0.7,15.58
NY,2024,Kings County,AD 44 ED 069,384,428,53,865,0,0,0,-7.81,18.46
NY,2024,Kings County,AD 44 ED 070,358,141,27,526,0,0,0,-3.91,21.28
NY,2024,Kings County,AD 44 ED 071,336,229,54,619,0,0,0,-6.85,23.14
NY,2024,Kings County,AD 44 ED 072,433,289,31,753,0,0,0,-6.7,18.69
NY,2024,Kings County,AD 44 ED 073,223,18,9,250,0,0,0,-2.69,-11.11
NY,2024,Kings County,AD 44 ED 074,480,89,23,592,0,0,0,-0.42,4.49
NY,2024,Kings County,AD 44 ED 075,4,5,1,10,0,0,0,-25,20
NY,2024,Kings County,AD 44 ED 076,257,156,28,441,0,0,0,-13.62,26.92
NY,2024,Kings County,AD 44 ED 077,183,12,6,201,0,0,0,0,25
NY,2024,Kings County,AD 44 ED 078,318,129,21,468,0,0,0,-9.75,24.81
NY,2024,Kings County,AD 44 ED 082,277,2,11,290,0,0,0,-2.53,50
NY,2024,Kings County,AD 44 ED 083,296,6,13,315,0,0,0,-2.03,-33.33
NY,2024,Kings County,AD 44 ED 084,462,15,14,491,0,0,0,0.22,6.67
NY,2024,Kings County,AD 44 ED 085,259,14,3,276,0,0,0,2.7,14.29
NY,2024,Kings County,AD 44 ED 086,1,0,0,1,0,0,0,0,0
NY,2024,Kings County,AD 44 ED 087,17,7,5,29,0,0,0,-11.76,0
NY,2024,Kings County,AD 44 ED 088,242,148,29,419,0,0,0,-9.5,18.24
NY,2024,Kings County,AD 44 ED 089,159,35,6,200,0,0,0,0,5.71
NY,2024,Kings County,AD 45 ED 001,147,550,13,710,0,0,0,-25.85,19.45
NY,2024,Kings County,AD 45 ED 002,150,712,10,872,0,0,0,-26.67,17.13
NY,2024,Kings County,AD 45 ED 003,235,668,18,921,0,0,0,-12.77,15.42
NY,2024,Kings County,AD 45 ED 004,242,521,20,783,0,0,0,-4.96,12.86
NY,2024,Kings County,AD 45 ED 005,225,498,14,737,0,0,0,-1.78,10.64
NY,2024,Kings County,AD 45 ED 006,229,480,17,726,0,0,0,-7.42,16.25
NY,2024,Kings County,AD 45 ED 007,114,722,8,844,0,0,0,-30.7,12.05
NY,2024,Kings County,AD 45 ED 008,58,686,3,747,0,0,0,-41.38,11.52
NY,2024,Kings County,AD 45 ED 009,163,630,11,804,0,0,0,-11.66,13.49
NY,2024,Kings County,AD 45 ED 010,53,615,8,676,0,0,0,-77.36,17.24
NY,2024,Kings County,AD 45 ED 011,54,554,2,610,0,0,0,-40.74,13.72
NY,2024,Kings County,AD 45 ED 012,35,97,1,133,0,0,0,-34.29,19.59
NY,2024,Kings County,AD 45 ED 013,48,366,5,419,0,0,0,-14.58,7.92
NY,2024,Kings County,AD 45 ED 014,92,497,7,596,0,0,0,-23.91,15.9
NY,2024,Kings County,AD 45 ED 015,84,545,5,634,0,0,0,-22.62,12.48
NY,2024,Kings County,AD 45 ED 016,97,935,10,1042,0,0,0,-43.3,14.22
NY,2024,Kings County,AD 45 ED 017,108,584,11,703,0,0,0,-10.19,12.33
NY,2024,Kings County,AD 45 ED 018,27,70,1,98,0,0,0,-22.22,14.29
NY,2024,Kings County,AD 45 ED 019,89,180,5,274,0,0,0,0,8.89
NY,2024,Kings County,AD 45 ED 020,182,665,12,859,0,0,0,-2.2,7.07
NY,2024,Kings County,AD 45 ED 021,63,111,1,175,0,0,0,-6.35,13.51
NY,2024,Kings County,AD 45 ED 022,85,181,6,272,0,0,0,-1.18,12.15
NY,2024,Kings County,AD 45 ED 023,302,197,3,502,0,0,0,-0.33,17.77
NY,2024,Kings County,AD 45 ED 024,314,204,7,525,0,0,0,4.14,9.8
NY,2024,Kings County,AD 45 ED 025,37,395,3,435,0,0,0,-56.76,16.46
NY,2024,Kings County,AD 45 ED 026,31,417,1,449,0,0,0,-38.71,11.51
NY,2024,Kings County,AD 45 ED 027,184,379,18,581,0,0,0,-11.41,15.57
NY,2024,Kings County,AD 45 ED 028,153,674,7,834,0,0,0,-11.11,4.45
NY,2024,Kings County,AD 45 ED 029,75,532,12,619,0,0,0,-21.33,11.09
NY,2024,Kings County,AD 45 ED 030,179,421,17,617,0,0,0,-12.29,14.49
NY,2024,Kings County,AD 45 ED 031,254,294,18,566,0,0,0,-5.91,18.71
NY,2024,Kings County,AD 45 ED 032,188,780,8,976,0,0,0,-1.06,9.1
NY,2024,Kings County,AD 45 ED 033,92,541,5,638,0,0,0,-9.78,10.54
NY,2024,Kings County,AD 45 ED 034,203,540,7,750,0,0,0,-4.43,11.48
NY,2024,Kings County,AD 45 ED 035,92,380,2,474,0,0,0,-11.96,17.11
NY,2024,Kings County,AD 45 ED 036,314,725,11,1050,0,0,0,-6.05,10.34
NY,2024,Kings County,AD 45 ED 037,318,427,7,752,0,0,0,-2.52,11.71
NY,2024,Kings County,AD 45 ED 038,97,306,7,410,0,0,0,-1.03,12.09
NY,2024,Kings County,AD 45 ED 039,26,55,1,82,0,0,0,-11.54,16.36
NY,2024,Kings County,AD 45 ED 040,203,475,5,683,0,0,0,-1.97,9.47
NY,2024,Kings County,AD 45 ED 041,284,705,12,1001,0,0,0,-8.45,12.06
NY,2024,Kings County,AD 45 ED 042,251,485,5,741,0,0,0,-5.18,20
NY,2024,Kings County,AD 45 ED 043,208,575,12,795,0,0,0,-15.38,13.39
NY,2024,Kings County,AD 45 ED 044,246,508,11,765,0,0,0,-0.41,8.66
NY,2024,Kings County,AD 45 ED 045,223,620,9,852,0,0,0,-5.38,12.26
NY,2024,Kings County,AD 45 ED 046,244,299,28,571,0,0,0,-2.46,10.03
NY,2024,Kings County,AD 45 ED 047,242,547,16,805,0,0,0,-0.41,10.42
NY,2024,Kings County,AD 45 ED 048,215,392,8,615,0,0,0,0.47,8.16
NY,2024,Kings County,AD 45 ED 049,98,789,13,900,0,0,0,-7.14,6.34
NY,2024,Kings County,AD 45 ED 050,162,380,6,548,0,0,0,2.47,13.95
NY,2024,Kings County,AD 45 ED 051,159,638,5,802,0,0,0,-6.92,13.79
NY,2024,Kings County,AD 45 ED 052,137,344,2,483,0,0,0,2.19,17.15
NY,2024,Kings County,AD 45 ED 053,127,184,6,317,0,0,0,4.72,21.74
NY,2024,Kings County,AD 45 ED 054,34,56,2,92,0,0,0,2.94,16.07
NY,2024,Kings County,AD 45 ED 055,10,33,0,43,0,0,0,10,6.06
NY,2024,Kings County,AD 46 ED 001,358,278,27,663,0,0,0,-6.15,11.51
NY,2024,Kings County,AD 46 ED 002,373,220,38,631,0,0,0,-4.83,7.73
NY,2024,Kings County,AD 46 ED 003,531,244,29,804,0,0,0,-3.2,13.52
NY,2024,Kings County,AD 46 ED 004,461,255,35,751,0,0,0,-6.29,7.45
NY,2024,Kings County,AD 46 ED 005,460,377,32,869,0,0,0,-8.04,12.73
NY,2024,Kings County,AD 46 ED 006,413,449,27,889,0,0,0,-7.02,9.13
NY,2024,Kings County,AD 46 ED 007,410,394,41,845,0,0,0,-6.1,7.61
NY,2024,Kings County,AD 46 ED 008,397,270,28,695,0,0,0,-2.27,6.3
NY,2024,Kings County,AD 46 ED 009,535,321,22,878,0,0,0,0,9.03
NY,2024,Kings County,AD 46 ED 010,513,337,48,898,0,0,0,-6.63,11.57
NY,2024,Kings County,AD 46 ED 011,302,242,29,573,0,0,0,-8.61,16.12
NY,2024,Kings County,AD 46 ED 012,588,441,28,1057,0,0,0,-2.89,5.44
NY,2024,Kings County,AD 46 ED 013,551,424,38,1013,0,0,0,-1.27,5.19
NY,2024,Kings County,AD 46 ED 014,555,394,29,978,0,0,0,-4.32,8.12
NY,2024,Kings County,AD 46 ED 015,411,385,26,822,0,0,0,-6.08,10.65
NY,2024,Kings County,AD 46 ED 016,482,331,47,860,0,0,0,-3.73,9.37
NY,2024,Kings County,AD 46 ED 017,366,330,33,729,0,0,0,-6.56,13.94
NY,2024,Kings County,AD 46 ED 018,430,343,33,806,0,0,0,-5.58,13.12
NY,2024,Kings County,AD 46 ED 019,504,430,21,955,0,0,0,-2.98,6.28
NY,2024,Kings County,AD 46 ED 020,562,431,20,1013,0,0,0,-0.71,4.41
NY,2024,Kings County,AD 46 ED 021,101,67,6,174,0,0,0,-6.93,11.94
NY,2024,Kings County,AD 46 ED 022,370,384,31,785,0,0,0,-5.68,7.81
NY,2024,Kings County,AD 46 ED 023,233,508,24,765,0,0,0,-13.73,7.87
NY,2024,Kings County,AD 46 ED 024,158,594,7,759,0,0,0,-3.16,6.9
NY,2024,Kings County,AD 46 ED 025,207,480,12,699,0,0,0,-0.97,5.83
NY,2024,Kings County,AD 46 ED 026,299,560,17,876,0,0,0,-4.35,9.11
NY,2024,Kings County,AD 46 ED 027,467,385,32,884,0,0,0,-8.35,12.21
NY,2024,Kings County,AD 46 ED 028,224,455,9,688,0,0,0,-8.48,8.79
NY,2024,Kings County,AD 46 ED 029,79,66,7,152,0,0,0,-3.8,6.06
NY,2024,Kings County,AD 46 ED 030,53,91,5,149,0,0,0,-11.32,14.29
NY,2024,Kings County,AD 46 ED 031,148,225,6,379,0,0,0,-12.16,26.67
NY,2024,Kings County,AD 46 ED 032,84,124,4,212,0,0,0,-3.57,20.97
NY,2024,Kings County,AD 46 ED 033,43,62,0,105,0,0,0,2.33,22.58
NY,2024,Kings County,AD 46 ED 034,186,328,16,530,0,0,0,-8.06,19.82
NY,2024,Kings County,AD 46 ED 035,73,235,5,313,0,0,0,-4.11,13.62
NY,2024,Kings County,AD 46 ED 036,172,360,4,536,0,0,0,-2.33,10.28
NY,2024,Kings County,AD 46 ED 037,1,0,0,1,0,0,0,0,0
NY,2024,Kings County,AD 46 ED 038,202,466,8,676,0,0,0,-7.92,13.09
NY,2024,Kings County,AD 46 ED 039,252,468,2,722,0,0,0,-1.98,11.54
NY,2024,Kings County,AD 46 ED 040,273,561,7,841,0,0,0,-2.56,8.91
NY,2024,Kings County,AD 46 ED 041,361,176,2,539,0,0,0,1.94,28.41
NY,2024,Kings County,AD 46 ED 042,383,148,6,537,0,0,0,-0.26,31.76
NY,2024,Kings County,AD 46 ED 043,332,138,2,472,0,0,0,2.41,21.74
NY,2024,Kings County,AD 46 ED 044,243,173,3,419,0,0,0,0.82,19.08
NY,2024,Kings County,AD 46 ED 045,236,167,3,406,0,0,0,2.97,25.75
NY,2024,Kings County,AD 46 ED 046,329,155,5,489,0,0,0,3.65,29.03
NY,2024,Kings County,AD 46 ED 047,385,222,6,613,0,0,0,1.56,14.86
NY,2024,Kings County,AD 46 ED 048,381,139,2,522,0,0,0,2.62,15.83
NY,2024,Kings County,AD 46 ED 049,138,176,1,315,0,0,0,3.62,27.84
NY,2024,Kings County,AD 46 ED 050,450,134,5,589,0,0,0,2.89,31.34
NY,2024,Kings County,AD 46 ED 051,303,107,4,414,0,0,0,6.6,28.04
NY,2024,Kings County,AD 46 ED 052,299,162,2,463,0,0,0,1.34,27.78
NY,2024,Kings County,AD 46 ED 053,428,243,14,685,0,0,0,-1.87,19.75
NY,2024,Kings County,AD 46 ED 054,75,474,3,552,0,0,0,1.33,12.45
NY,2024,Kings County,AD 46 ED 055,124,687,2,813,0,0,0,-4.84,12.95
NY,2024,Kings County,AD 46 ED 056,211,688,8,907,0,0,0,-3.79,11.48
NY,2024,Kings County,AD 46 ED 057,125,405,2,532,0,0,0,-2.4,18.77
NY,2024,Kings County,AD 46 ED 058,120,407,2,529,0,0,0,0.83,12.78
NY,2024,Kings County,AD 46 ED 059,92,443,0,535,0,0,0,0,12.87
NY,2024,Kings County,AD 46 ED 060,94,362,4,460,0,0,0,-4.26,18.23
NY,2024,Kings County,AD 46 ED 061,297,731,5,1033,0,0,0,2.36,10.81
NY,2024,Kings County,AD 46 ED 062,130,365,5,500,0,0,0,-5.38,12.33
NY,2024,Kings County,AD 46 ED 063,97,403,2,502,0,0,0,-8.25,13.65
NY,2024,Kings County,AD 46 ED 064,70,391,0,461,0,0,0,-2.86,14.58
NY,2024,Kings County,AD 46 ED 065,103,378,4,485,0,0,0,-8.74,12.7
NY,2024,Kings County,AD 46 ED 066,166,507,6,679,0,0,0,0.6,14
NY,2024,Kings County,AD 46 ED 067,90,445,3,538,0,0,0,2.22,13.71
NY,2024,Kings County,AD 46 ED 068,184,466,6,656,0,0,0,0.54,19.31
NY,2024,Kings County,AD 46 ED 069,188,192,14,394,0,0,0,-5.85,13.02
NY,2024,Kings County,AD 46 ED 070,197,362,28,587,0,0,0,-9.64,11.88
NY,2024,Kings County,AD 46 ED 071,248,458,29,735,0,0,0,-10.89,14.63
NY,2024,Kings County,AD 46 ED 072,0,1,0,1,0,0,0,0,0
NY,2024,Kings County,AD 46 ED 073,87,361,7,455,0,0,0,-11.49,13.3
NY,2024,Kings County,AD 47 ED 001,123,218,12,353,0,0,0,-6.5,7.34
NY,2024,Kings County,AD 47 ED 002,311,525,14,850,0,0,0,-5.47,9.33
NY,2024,Kings County,AD 47 ED 003,129,255,3,387,0,0,0,-1.55,9.41
NY,2024,Kings County,AD 47 ED 004,250,362,6,618,0,0,0,-4.4,15.47
NY,2024,Kings County,AD 47 ED 005,317,435,9,761,0,0,0,-8.2,13.1
NY,2024,Kings County,AD 47 ED 006,150,148,10,308,0,0,0,-0.67,16.22
NY,2024,Kings County,AD 47 ED 007,192,366,19,577,0,0,0,-13.54,15.03
NY,2024,Kings County,AD 47 ED 008,134,160,7,301,0,0,0,-7.46,22.5
NY,2024,Kings County,AD 47 ED 009,222,364,16,602,0,0,0,-3.6,13.19
NY,2024,Kings County,AD 47 ED 010,162,314,21,497,0,0,0,-6.79,29.62
NY,2024,Kings County,AD 47 ED 011,253,346,19,618,0,0,0,-0.4,13.01
NY,2024,Kings County,AD 47 ED 012,297,444,16,757,0,0,0,-7.74,16.89
NY,2024,Kings County,AD 47 ED 013,187,288,15,490,0,0,0,-11.76,23.61
NY,2024,Kings County,AD 47 ED 014,348,577,29,954,0,0,0,-2.59,18.02
NY,2024,Kings County,AD 47 ED 015,22,75,2,99,0,0,0,-4.55,10.67
NY,2024,Kings County,AD 47 ED 016,50,96,4,150,0,0,0,-2,10.42
NY,2024,Kings County,AD 47 ED 017,31,64,1,96,0,0,0,-3.23,20.31
NY,2024,Kings County,AD 47 ED 018,147,189,7,343,0,0,0,-7.48,22.75
NY,2024,Kings County,AD 47 ED 019,180,260,5,445,0,0,0,-2.22,12.69
NY,2024,Kings County,AD 47 ED 020,174,212,10,396,0,0,0,-0.57,16.04
NY,2024,Kings County,AD 47 ED 021,243,320,13,576,0,0,0,-5.35,23.44
NY,2024,Kings County,AD 47 ED 022,166,320,10,496,0,0,0,-6.02,18.44
NY,2024,Kings County,AD 47 ED 023,339,452,13,804,0,0,0,-5.9,18.81
NY,2024,Kings County,AD 47 ED 024,202,326,15,543,0,0,0,-14.85,21.17
NY,2024,Kings County,AD 47 ED 025,232,355,18,605,0,0,0,-4.31,24.23
NY,2024,Kings County,AD 47 ED 026,208,397,15,620,0,0,0,-6.25,21.41
NY,2024,Kings County,AD 47 ED 027,306,642,9,957,0,0,0,-1.63,15.73
NY,2024,Kings County,AD 47 ED 028,112,193,4,309,0,0,0,-4.46,18.13
NY,2024,Kings County,AD 47 ED 029,222,333,6,561,0,0,0,2.7,14.71
NY,2024,Kings County,AD 47 ED 030,15,47,0,62,0,0,0,13.33,12.77
NY,2024,Kings County,AD 47 ED 031,24,78,3,105,0,0,0,-29.17,24.36
NY,2024,Kings County,AD 47 ED 032,166,265,12,443,0,0,0,-3.01,16.23
NY,2024,Kings County,AD 47 ED 033,255,483,15,753,0,0,0,-5.49,14.91
NY,2024,Kings County,AD 47 ED 034,234,361,15,610,0,0,0,-2.99,19.67
NY,2024,Kings County,AD 47 ED 035,217,375,10,602,0,0,0,-7.37,13.6
NY,2024,Kings County,AD 47 ED 036,180,365,7,552,0,0,0,-10,18.36
NY,2024,Kings County,AD 47 ED 037,216,351,11,578,0,0,0,0.93,13.11
NY,2024,Kings County,AD 47 ED 038,213,351,9,573,0,0,0,-8.92,20.51
NY,2024,Kings County,AD 47 ED 039,175,346,6,527,0,0,0,-5.14,23.99
NY,2024,Kings County,AD 47 ED 040,61,124,3,188,0,0,0,-8.2,20.97
NY,2024,Kings County,AD 47 ED 041,72,164,3,239,0,0,0,-22.22,22.56
NY,2024,Kings County,AD 47 ED 042,410,155,5,570,0,0,0,2.68,30.97
NY,2024,Kings County,AD 47 ED 043,295,516,14,825,0,0,0,-1.36,17.83
NY,2024,Kings County,AD 47 ED 044,283,608,4,895,0,0,0,-4.95,22.37
NY,2024,Kings County,AD 47 ED 045,303,603,13,919,0,0,0,-11.88,24.05
NY,2024,Kings County,AD 47 ED 046,235,381,8,624,0,0,0,0,17.06
NY,2024,Kings County,AD 47 ED 047,287,455,22,764,0,0,0,-7.67,13.19
NY,2024,Kings County,AD 47 ED 048,85,104,6,195,0,0,0,1.18,13.46
NY,2024,Kings County,AD 47 ED 049,257,523,12,792,0,0,0,-5.45,21.41
NY,2024,Kings County,AD 47 ED 050,290,612,12,914,0,0,0,-9.66,14.38
NY,2024,Kings County,AD 47 ED 051,42,60,0,102,0,0,0,-2.38,25
NY,2024,Kings County,AD 47 ED 052,128,225,3,356,0,0,0,-7.81,20
NY,2024,Kings County,AD 47 ED 053,197,250,12,459,0,0,0,-4.57,22
NY,2024,Kings County,AD 47 ED 054,216,360,4,580,0,0,0,-2.31,16.11
NY,2024,Kings County,AD 47 ED 055,27,49,0,76,0,0,0,-3.7,18.37
NY,2024,Kings County,AD 47 ED 056,30,46,0,76,0,0,0,-6.67,10.87
NY,2024,Kings County,AD 47 ED 057,123,242,8,373,0,0,0,-15.45,10.33
NY,2024,Kings County,AD 47 ED 058,132,182,1,315,0,0,0,0,12.64
NY,2024,Kings County,AD 47 ED 059,133,219,7,359,0,0,0,-4.51,11.42
NY,2024,Kings County,AD 47 ED 060,53,104,5,162,0,0,0,-9.43,13.46
NY,2024,Kings County,AD 48 ED 001,41,214,0,255,0,0,0,-34.15,23.83
NY,2024,Kings County,AD 48 ED 002,50,566,3,619,0,0,0,-104,29.15
NY,2024,Kings County,AD 48 ED 003,28,640,7,675,0,0,0,-214.29,24.22
NY,2024,Kings County,AD 48 ED 004,60,766,7,833,0,0,0,-111.67,29.5
NY,2024,Kings County,AD 48 ED 005,116,391,8,515,0,0,0,-30.17,28.9
NY,2024,Kings County,AD 48 ED 006,131,843,7,981,0,0,0,-49.62,28.23
NY,2024,Kings County,AD 48 ED 007,14,817,7,838,0,0,0,-607.14,32.56
NY,2024,Kings County,AD 48 ED 008,59,749,11,819,0,0,0,-150.85,35.38
NY,2024,Kings County,AD 48 ED 009,16,589,9,614,0,0,0,-512.5,33.28
NY,2024,Kings County,AD 48 ED 010,106,681,11,798,0,0,0,-58.49,27.17
NY,2024,Kings County,AD 48 ED 011,3,363,1,367,0,0,0,-1466.67,35.54
NY,2024,Kings County,AD 48 ED 012,13,427,2,442,0,0,0,-338.46,34.66
NY,2024,Kings County,AD 48 ED 013,83,695,5,783,0,0,0,-60.24,26.04
NY,2024,Kings County,AD 48 ED 014,121,240,11,372,0,0,0,-16.53,24.58
NY,2024,Kings County,AD 48 ED 015,260,595,26,881,0,0,0,-14.23,17.31
NY,2024,Kings County,AD 48 ED 016,213,656,14,883,0,0,0,-18.78,20.27
NY,2024,Kings County,AD 48 ED 017,11,7,2,20,0,0,0,-18.18,57.14
NY,2024,Kings County,AD 48 ED 018,1,51,0,52,0,0,0,-200,25.49
NY,2024,Kings County,AD 48 ED 019,192,453,37,682,0,0,0,-15.1,11.04
NY,2024,Kings County,AD 48 ED 020,184,371,27,582,0,0,0,-14.67,14.29
NY,2024,Kings County,AD 48 ED 021,103,136,9,248,0,0,0,-12.62,12.5
NY,2024,Kings County,AD 48 ED 022,18,116,0,134,0,0,0,-44.44,14.66
NY,2024,Kings County,AD 48 ED 023,291,470,35,796,0,0,0,-11.68,15.32
NY,2024,Kings County,AD 48 ED 024,260,313,19,592,0,0,0,-10,18.53
NY,2024,Kings County,AD 48 ED 025,243,540,17,800,0,0,0,-15.64,20.37
NY,2024,Kings County,AD 48 ED 026,85,765,9,859,0,0,0,-58.82,14.9
NY,2024,Kings County,AD 48 ED 027,139,452,7,598,0,0,0,-23.74,19.47
NY,2024,Kings County,AD 48 ED 028,103,486,13,602,0,0,0,-33.98,19.34
NY,2024,Kings County,AD 48 ED 029,134,538,14,686,0,0,0,-27.61,14.31
NY,2024,Kings County,AD 48 ED 030,67,526,9,602,0,0,0,-64.18,11.98
NY,2024,Kings County,AD 48 ED 031,44,52,0,96,0,0,0,-6.82,17.31
NY,2024,Kings County,AD 48 ED 032,39,491,2,532,0,0,0,-79.49,15.48
NY,2024,Kings County,AD 48 ED 033,180,512,17,709,0,0,0,-7.78,12.89
NY,2024,Kings County,AD 48 ED 034,77,84,3,164,0,0,0,-5.19,10.71
NY,2024,Kings County,AD 48 ED 035,149,537,8,694,0,0,0,-29.53,18.06
NY,2024,Kings County,AD 48 ED 036,119,260,2,381,0,0,0,-12.61,21.54
NY,2024,Kings County,AD 48 ED 037,42,458,5,505,0,0,0,-73.81,21.83
NY,2024,Kings County,AD 48 ED 038,123,780,9,912,0,0,0,-51.22,17.56
NY,2024,Kings County,AD 48 ED 039,102,740,11,853,0,0,0,-48.04,22.57
NY,2024,Kings County,AD 48 ED 040,62,920,10,992,0,0,0,-108.06,21.74
NY,2024,Kings County,AD 48 ED 041,40,807,7,854,0,0,0,-185,28.75
NY,2024,Kings County,AD 48 ED 042,17,781,3,801,0,0,0,-435.29,24.2
NY,2024,Kings County,AD 48 ED 043,53,586,2,641,0,0,0,-84.91,22.7
NY,2024,Kings County,AD 48 ED 044,21,543,5,569,0,0,0,-252.38,25.41
NY,2024,Kings County,AD 48 ED 045,75,762,7,844,0,0,0,-84,22.97
NY,2024,Kings County,AD 48 ED 046,51,712,7,770,0,0,0,-113.73,28.79
NY,2024,Kings County,AD 48 ED 047,48,804,6,858,0,0,0,-135.42,28.61
NY,2024,Kings County,AD 48 ED 048,73,671,9,753,0,0,0,-90.41,29.51
NY,2024,Kings County,AD 48 ED 049,42,685,2,729,0,0,0,-126.19,26.28
NY,2024,Kings County,AD 48 ED 050,21,533,1,555,0,0,0,-209.52,26.08
NY,2024,Kings County,AD 48 ED 051,18,563,3,584,0,0,0,-266.67,35.52
NY,2024,Kings County,AD 48 ED 052,65,363,6,434,0,0,0,-44.62,30.03
NY,2024,Kings County,AD 48 ED 053,4,425,3,432,0,0,0,-1175,32.24
NY,2024,Kings County,AD 48 ED 055,44,259,11,314,0,0,0,-86.36,33.2
NY,2024,Kings County,AD 48 ED 056,7,32,0,39,0,0,0,-14.29,21.88
NY,2024,Kings County,AD 48 ED 057,14,177,1,192,0,0,0,-121.43,38.42
NY,2024,Kings County,AD 49 ED 002,42,54,1,97,0,0,0,-7.14,24.07
NY,2024,Kings County,AD 49 ED 003,35,35,4,74,0,0,0,-11.43,28.57
NY,2024,Kings County,AD 49 ED 004,134,125,6,265,0,0,0,-5.22,19.2
NY,2024,Kings County,AD 49 ED 005,118,118,4,240,0,0,0,-3.39,28.81
NY,2024,Kings County,AD 49 ED 006,168,210,2,380,0,0,0,-8.93,27.62
NY,2024,Kings County,AD 49 ED 007,140,256,12,408,0,0,0,-6.43,21.88
NY,2024,Kings County,AD 49 ED 008,182,209,13,404,0,0,0,-12.09,31.58
NY,2024,Kings County,AD 49 ED 009,191,197,6,394,0,0,0,2.09,26.4
NY,2024,Kings County,AD 49 ED 010,158,181,4,343,0,0,0,-7.59,25.97
NY,2024,Kings County,AD 49 ED 011,170,215,8,393,0,0,0,-8.82,26.51
NY,2024,Kings County,AD 49 ED 012,170,211,18,399,0,0,0,-3.53,29.86
NY,2024,Kings County,AD 49 ED 013,32,26,5,63,0,0,0,6.25,3.85
NY,2024,Kings County,AD 49 ED 014,98,124,4,226,0,0,0,-3.06,23.39
NY,2024,Kings County,AD 49 ED 015,163,267,7,437,0,0,0,-7.36,19.48
NY,2024,Kings County,AD 49 ED 016,243,292,6,541,0,0,0,-1.23,15.07
NY,2024,Kings County,AD 49 ED 017,337,472,10,819,0,0,0,-8.61,21.82
NY,2024,Kings County,AD 49 ED 018,258,340,16,614,0,0,0,-8.14,26.18
NY,2024,Kings County,AD 49 ED 019,160,188,11,359,0,0,0,0,18.09
NY,2024,Kings County,AD 49 ED 020,69,201,2,272,0,0,0,-17.39,10.95
NY,2024,Kings County,AD 49 ED 021,106,282,6,394,0,0,0,-15.09,20.92
NY,2024,Kings County,AD 49 ED 022,132,241,10,383,0,0,0,-13.64,18.67
NY,2024,Kings County,AD 49 ED 023,191,270,12,473,0,0,0,-8.38,21.48
NY,2024,Kings County,AD 49 ED 024,216,374,13,603,0,0,0,-2.78,23.26
NY,2024,Kings County,AD 49 ED 025,245,381,10,636,0,0,0,-9.8,22.31
NY,2024,Kings County,AD 49 ED 026,232,380,10,622,0,0,0,1.72,19.47
NY,2024,Kings County,AD 49 ED 027,241,408,11,660,0,0,0,-7.05,14.71
NY,2024,Kings County,AD 49 ED 028,177,310,19,506,0,0,0,-7.91,18.39
NY,2024,Kings County,AD 49 ED 029,149,265,9,423,0,0,0,-4.03,15.09
NY,2024,Kings County,AD 49 ED 030,276,332,21,629,0,0,0,-4.71,19.88
NY,2024,Kings County,AD 49 ED 031,273,437,21,731,0,0,0,-10.26,16.7
NY,2024,Kings County,AD 49 ED 032,288,504,9,801,0,0,0,-5.56,16.67
NY,2024,Kings County,AD 49 ED 033,261,471,6,738,0,0,0,-8.81,18.05
NY,2024,Kings County,AD 49 ED 034,179,199,3,381,0,0,0,-6.7,18.09
NY,2024,Kings County,AD 49 ED 035,262,433,11,706,0,0,0,-10.31,13.16
NY,2024,Kings County,AD 49 ED 036,204,417,14,635,0,0,0,-6.37,10.55
NY,2024,Kings County,AD 49 ED 037,271,506,13,790,0,0,0,-10.33,11.07
NY,2024,Kings County,AD 49 ED 038,181,257,6,444,0,0,0,-12.15,20.23
NY,2024,Kings County,AD 49 ED 039,329,474,17,820,0,0,0,-4.56,12.87
NY,2024,Kings County,AD 49 ED 040,244,430,16,690,0,0,0,-2.87,9.07
NY,2024,Kings County,AD 49 ED 041,325,541,21,887,0,0,0,-7.08,10.17
NY,2024,Kings County,AD 49 ED 042,187,270,4,461,0,0,0,-5.35,11.85
NY,2024,Kings County,AD 49 ED 043,191,292,15,498,0,0,0,-12.04,19.52
NY,2024,Kings County,AD 49 ED 044,94,135,6,235,0,0,0,-10.64,22.96
NY,2024,Kings County,AD 49 ED 045,119,102,5,226,0,0,0,-5.04,22.55
NY,2024,Kings County,AD 49 ED 046,6,4,0,10,0,0,0,16.67,50
NY,2024,Kings County,AD 49 ED 047,171,248,9,428,0,0,0,-10.53,25
NY,2024,Kings County,AD 49 ED 048,28,81,3,112,0,0,0,-7.14,8.64
NY,2024,Kings County,AD 49 ED 049,61,96,7,164,0,0,0,0,11.46
NY,2024,Kings County,AD 49 ED 050,180,281,5,466,0,0,0,-3.89,19.22
NY,2024,Kings County,AD 49 ED 051,97,266,2,365,0,0,0,-32.99,26.69
NY,2024,Kings County,AD 49 ED 052,99,101,9,209,0,0,0,-10.1,18.81
NY,2024,Kings County,AD 49 ED 053,177,180,10,367,0,0,0,-3.39,20.56
NY,2024,Kings County,AD 50 ED 001,1615,234,47,1896,0,0,0,0.12,3.42
NY,2024,Kings County,AD 50 ED 002,703,129,22,854,0,0,0,0.28,9.3
NY,2024,Kings County,AD 50 ED 003,725,118,32,875,0,0,0,1.79,10.17
NY,2024,Kings County,AD 50 ED 004,809,124,31,964,0,0,0,-2.47,10.48
NY,2024,Kings County,AD 50 ED 005,797,146,26,969,0,0,0,-0.75,13.01
NY,2024,Kings County,AD 50 ED 006,633,130,20,783,0,0,0,1.9,1.54
NY,2024,Kings County,AD 50 ED 007,711,126,21,858,0,0,0,-1.13,13.49
NY,2024,Kings County,AD 50 ED 008,948,163,31,1142,0,0,0,0.74,4.29
NY,2024,Kings County,AD 50 ED 009,6,0,1,7,0,0,0,-16.67,0
NY,2024,Kings County,AD 50 ED 010,356,71,10,437,0,0,0,-1.12,11.27
NY,2024,Kings County,AD 50 ED 011,524,132,17,673,0,0,0,0.19,3.03
NY,2024,Kings County,AD 50 ED 012,579,77,13,669,0,0,0,1.38,0
NY,2024,Kings County,AD 50 ED 013,598,113,19,730,0,0,0,0.33,2.65
NY,2024,Kings County,AD 50 ED 014,796,151,23,970,0,0,0,0.75,6.62
NY,2024,Kings County,AD 50 ED 015,631,123,14,768,0,0,0,0.95,-0.81
NY,2024,Kings County,AD 50 ED 016,705,189,24,918,0,0,0,-2.13,8.47
NY,2024,Kings County,AD 50 ED 017,765,232,33,1030,0,0,0,-1.57,8.19
NY,2024,Kings County,AD 50 ED 018,625,173,19,817,0,0,0,0.8,0.58
NY,2024,Kings County,AD 50 ED 019,707,240,28,975,0,0,0,-0.57,10.83
NY,2024,Kings County,AD 50 ED 020,789,178,31,998,0,0,0,-0.89,8.99
NY,2024,Kings County,AD 50 ED 021,717,155,21,893,0,0,0,-2.09,12.9
NY,2024,Kings County,AD 50 ED 022,781,89,20,890,0,0,0,0.51,3.37
NY,2024,Kings County,AD 50 ED 023,786,71,26,883,0,0,0,1.15,-12.68
NY,2024,Kings County,AD 50 ED 024,1248,126,40,1414,0,0,0,0.88,-11.11
NY,2024,Kings County,AD 50 ED 025,622,69,20,711,0,0,0,-0.48,0
NY,2024,Kings County,AD 50 ED 026,1061,112,30,1203,0,0,0,0.66,-3.57
NY,2024,Kings County,AD 50 ED 027,1016,149,31,1196,0,0,0,0.98,0
NY,2024,Kings County,AD 50 ED 028,353,45,6,404,0,0,0,1.7,22.22
NY,2024,Kings County,AD 50 ED 029,924,204,27,1155,0,0,0,0.22,5.88
NY,2024,Kings County,AD 50 ED 030,818,91,16,925,0,0,0,2.32,-13.19
NY,2024,Kings County,AD 50 ED 031,425,51,13,489,0,0,0,0,1.96
NY,2024,Kings County,AD 50 ED 032,439,152,15,606,0,0,0,-3.87,25
NY,2024,Kings County,AD 50 ED 033,444,348,16,808,0,0,0,-10.36,33.05
NY,2024,Kings County,AD 50 ED 034,501,376,18,895,0,0,0,-5.39,36.17
NY,2024,Kings County,AD 50 ED 035,242,372,5,619,0,0,0,-7.44,43.28
NY,2024,Kings County,AD 50 ED 036,168,222,4,394,0,0,0,-1.79,45.95
NY,2024,Kings County,AD 50 ED 037,169,465,3,637,0,0,0,-32.54,36.77
NY,2024,Kings County,AD 50 ED 038,296,252,5,553,0,0,0,-1.69,37.3
NY,2024,Kings County,AD 50 ED 039,68,275,0,343,0,0,0,-35.29,34.18
NY,2024,Kings County,AD 50 ED 040,163,381,6,550,0,0,0,-24.54,38.85
NY,2024,Kings County,AD 50 ED 041,236,260,5,501,0,0,0,-9.75,34.62
NY,2024,Kings County,AD 50 ED 042,95,323,4,422,0,0,0,-42.11,28.48
NY,2024,Kings County,AD 50 ED 043,28,346,5,379,0,0,0,-217.86,37.57
NY,2024,Kings County,AD 50 ED 044,115,500,6,621,0,0,0,-65.22,36.8
NY,2024,Kings County,AD 50 ED 045,43,530,4,577,0,0,0,-176.74,34.15
NY,2024,Kings County,AD 50 ED 046,80,502,6,588,0,0,0,-101.25,35.06
NY,2024,Kings County,AD 50 ED 047,15,388,0,403,0,0,0,-333.33,36.86
NY,2024,Kings County,AD 50 ED 048,25,394,2,421,0,0,0,-264,37.82
NY,2024,Kings County,AD 50 ED 049,36,326,0,362,0,0,0,-86.11,37.73
NY,2024,Kings County,AD 50 ED 050,538,183,12,733,0,0,0,-1.67,22.95
NY,2024,Kings County,AD 50 ED 051,634,86,15,735,0,0,0,0.32,0
NY,2024,Kings County,AD 50 ED 052,712,85,28,825,0,0,0,-0.56,14.12
NY,2024,Kings County,AD 50 ED 053,719,103,19,841,0,0,0,1.11,7.77
NY,2024,Kings County,AD 50 ED 054,434,39,18,491,0,0,0,-0.46,10.26
NY,2024,Kings County,AD 50 ED 055,261,41,1,303,0,0,0,1.15,0
NY,2024,Kings County,AD 50 ED 056,916,89,34,1039,0,0,0,0.33,4.49
NY,2024,Kings County,AD 50 ED 057,952,99,24,1075,0,0,0,2,6.06
NY,2024,Kings County,AD 50 ED 058,750,139,18,907,0,0,0,-0.93,7.91
NY,2024,Kings County,AD 50 ED 059,799,140,20,959,0,0,0,-0.75,10
NY,2024,Kings County,AD 50 ED 060,635,140,20,795,0,0,0,0,5.71
NY,2024,Kings County,AD 50 ED 061,837,107,29,973,0,0,0,-0.6,10.28
NY,2024,Kings County,AD 50 ED 062,676,95,23,794,0,0,0,-1.33,9.47
NY,2024,Kings County,AD 50 ED 063,609,97,14,720,0,0,0,0.49,1.03
NY,2024,Kings County,AD 50 ED 064,6,0,1,7,0,0,0,-16.67,0
NY,2024,Kings County,AD 50 ED 065,428,47,12,487,0,0,0,-0.23,14.89
NY,2024,Kings County,AD 51 ED 001,300,181,27,508,0,0,0,-6.67,16.57
NY,2024,Kings County,AD 51 ED 002,263,206,45,514,0,0,0,-7.6,21.36
NY,2024,Kings County,AD 51 ED 003,169,206,4,379,0,0,0,-7.1,17.96
NY,2024,Kings County,AD 51 ED 004,174,202,5,381,0,0,0,-1.15,11.39
NY,2024,Kings County,AD 51 ED 005,180,159,9,348,0,0,0,-0.56,21.38
NY,2024,Kings County,AD 51 ED 006,391,188,8,587,0,0,0,0,20.74
NY,2024,Kings County,AD 51 ED 007,432,225,19,676,0,0,0,-3.01,24.89
NY,2024,Kings County,AD 51 ED 008,448,245,12,705,0,0,0,-0.45,24.49
NY,2024,Kings County,AD 51 ED 009,338,233,10,581,0,0,0,-0.89,18.03
NY,2024,Kings County,AD 51 ED 010,171,171,10,352,0,0,0,-11.11,29.82
NY,2024,Kings County,AD 51 ED 011,415,193,14,622,0,0,0,2.41,19.69
NY,2024,Kings County,AD 51 ED 012,250,185,10,445,0,0,0,-2.8,20
NY,2024,Kings County,AD 51 ED 013,405,182,14,601,0,0,0,-1.73,21.43
NY,2024,Kings County,AD 51 ED 014,414,197,17,628,0,0,0,0.24,15.74
NY,2024,Kings County,AD 51 ED 015,406,211,19,636,0,0,0,-0.25,20.85
NY,2024,Kings County,AD 51 ED 016,432,254,10,696,0,0,0,-3.94,23.23
NY,2024,Kings County,AD 51 ED 017,415,173,20,608,0,0,0,2.17,18.5
NY,2024,Kings County,AD 51 ED 018,581,189,30,800,0,0,0,-2.24,22.22
NY,2024,Kings County,AD 51 ED 019,495,184,15,694,0,0,0,-1.21,24.46
NY,2024,Kings County,AD 51 ED 020,425,146,14,585,0,0,0,1.88,20.55
NY,2024,Kings County,AD 51 ED 021,746,205,28,979,0,0,0,-1.07,11.71
NY,2024,Kings County,AD 51 ED 022,807,164,41,1012,0,0,0,-2.73,20.12
NY,2024,Kings County,AD 51 ED 023,522,72,27,621,0,0,0,-1.92,18.06
NY,2024,Kings County,AD 51 ED 024,758,116,28,902,0,0,0,-0.13,9.48
NY,2024,Kings County,AD 51 ED 025,543,31,21,595,0,0,0,-1.29,3.23
NY,2024,Kings County,AD 51 ED 026,808,63,39,910,0,0,0,-0.87,-4.76
NY,2024,Kings County,AD 51 ED 027,234,23,12,269,0,0,0,-1.28,0
NY,2024,Kings County,AD 51 ED 028,1076,106,34,1216,0,0,0,-0.93,7.55
NY,2024,Kings County,AD 51 ED 029,1115,115,33,1263,0,0,0,-1.17,7.83
NY,2024,Kings County,AD 51 ED 030,252,15,5,272,0,0,0,0.79,0
NY,2024,Kings County,AD 51 ED 031,110,107,9,226,0,0,0,-10,19.63
NY,2024,Kings County,AD 51 ED 032,173,23,2,198,0,0,0,2.31,13.04
NY,2024,Kings County,AD 51 ED 033,644,49,19,712,0,0,0,-1.55,16.33
NY,2024,Kings County,AD 51 ED 034,497,96,4,597,0,0,0,6.84,19.79
NY,2024,Kings County,AD 51 ED 035,377,55,15,447,0,0,0,2.39,18.18
NY,2024,Kings County,AD 51 ED 036,486,70,21,577,0,0,0,-0.21,24.29
NY,2024,Kings County,AD 51 ED 037,407,82,4,493,0,0,0,3.44,21.95
NY,2024,Kings County,AD 51 ED 038,349,63,4,416,0,0,0,2.58,30.16
NY,2024,Kings County,AD 51 ED 039,5,0,0,5,0,0,0,0,0
NY,2024,Kings County,AD 51 ED 040,660,89,19,768,0,0,0,-1.82,12.36
NY,2024,Kings County,AD 51 ED 041,588,56,23,667,0,0,0,-1.87,19.64
NY,2024,Kings County,AD 51 ED 042,803,78,38,919,0,0,0,0.62,-2.56
NY,2024,Kings County,AD 51 ED 043,9,8,0,17,0,0,0,0,62.5
NY,2024,Kings County,AD 51 ED 044,672,218,44,934,0,0,0,-1.79,20.18
NY,2024,Kings County,AD 51 ED 045,440,203,28,671,0,0,0,-4.55,23.65
NY,2024,Kings County,AD 51 ED 046,328,174,13,515,0,0,0,-4.57,22.99
NY,2024,Kings County,AD 51 ED 047,369,249,14,632,0,0,0,-1.63,15.66
NY,2024,Kings County,AD 51 ED 048,155,123,7,285,0,0,0,-8.39,23.58
NY,2024,Kings County,AD 51 ED 049,193,144,7,344,0,0,0,-1.55,20.83
NY,2024,Kings County,AD 51 ED 050,137,212,3,352,0,0,0,-8.76,25.47
NY,2024,Kings County,AD 51 ED 051,115,253,5,373,0,0,0,-6.96,23.72
NY,2024,Kings County,AD 51 ED 052,386,314,24,724,0,0,0,-9.07,20.06
NY,2024,Kings County,AD 51 ED 053,171,393,16,580,0,0,0,-19.3,24.17
NY,2024,Kings County,AD 51 ED 054,409,237,29,675,0,0,0,-2.2,4.64
NY,2024,Kings County,AD 51 ED 055,9,2,0,11,0,0,0,0,50
NY,2024,Kings County,AD 51 ED 056,91,60,3,154,0,0,0,0,10
NY,2024,Kings County,AD 52 ED 001,14,337,3,354,0,0,0,-200,41.25
NY,2024,Kings County,AD 52 ED 002,667,82,15,764,0,0,0,0.3,21.95
NY,2024,Kings County,AD 52 ED 003,142,11,3,156,0,0,0,0,-9.09
NY,2024,Kings County,AD 52 ED 005,540,54,6,600,0,0,0,1.67,-9.26
NY,2024,Kings County,AD 52 ED 006,1006,141,22,1169,0,0,0,2.68,-21.28
NY,2024,Kings County,AD 52 ED 007,839,83,21,943,0,0,0,0.36,-1.2
NY,2024,Kings County,AD 52 ED 008,697,75,11,783,0,0,0,3.73,-26.67
NY,2024,Kings County,AD 52 ED 009,755,88,10,853,0,0,0,0.4,1.14
NY,2024,Kings County,AD 52 ED 010,908,105,20,1033,0,0,0,0.33,4.76
NY,2024,Kings County,AD 52 ED 011,810,65,33,908,0,0,0,0.37,-1.54
NY,2024,Kings County,AD 52 ED 012,839,71,18,928,0,0,0,1.67,-9.86
NY,2024,Kings County,AD 52 ED 013,72,12,3,87,0,0,0,1.39,-8.33
NY,2024,Kings County,AD 52 ED 014,713,75,18,806,0,0,0,-0.28,1.33
NY,2024,Kings County,AD 52 ED 015,709,72,10,791,0,0,0,0.14,18.06
NY,2024,Kings County,AD 52 ED 016,1119,94,20,1233,0,0,0,3.04,-21.28
NY,2024,Kings County,AD 52 ED 017,997,96,25,1118,0,0,0,1.6,-13.54
NY,2024,Kings County,AD 52 ED 018,908,89,22,1019,0,0,0,0.77,-7.87
NY,2024,Kings County,AD 52 ED 019,553,33,21,607,0,0,0,0.54,-39.39
NY,2024,Kings County,AD 52 ED 020,906,67,24,997,0,0,0,2.43,-16.42
NY,2024,Kings County,AD 52 ED 021,1163,89,18,1270,0,0,0,3.61,-33.71
NY,2024,Kings County,AD 52 ED 022,1100,97,35,1232,0,0,0,-0.09,-12.37
NY,2024,Kings County,AD 52 ED 023,309,31,7,347,0,0,0,-0.97,-6.45
NY,2024,Kings County,AD 52 ED 024,934,122,29,1085,0,0,0,0,-3.28
NY,2024,Kings County,AD 52 ED 025,1013,67,22,1102,0,0,0,0.79,-4.48
NY,2024,Kings County,AD 52 ED 026,1271,109,38,1418,0,0,0,1.42,-19.27
NY,2024,Kings County,AD 52 ED 028,713,37,23,773,0,0,0,0.56,-18.92
NY,2024,Kings County,AD 52 ED 029,933,52,27,1012,0,0,0,1.82,-19.23
NY,2024,Kings County,AD 52 ED 030,949,77,30,1056,0,0,0,0.32,-9.09
NY,2024,Kings County,AD 52 ED 031,624,59,19,702,0,0,0,0,-1.69
NY,2024,Kings County,AD 52 ED 032,783,64,20,867,0,0,0,0.89,-12.5
NY,2024,Kings County,AD 52 ED 033,326,18,4,348,0,0,0,1.53,-16.67
NY,2024,Kings County,AD 52 ED 034,715,48,12,775,0,0,0,0.84,-2.08
NY,2024,Kings County,AD 52 ED 035,580,46,24,650,0,0,0,0,-6.52
NY,2024,Kings County,AD 52 ED 036,806,54,25,885,0,0,0,0.99,-7.41
NY,2024,Kings County,AD 52 ED 037,710,56,19,785,0,0,0,0.56,-1.79
NY,2024,Kings County,AD 52 ED 038,397,16,8,421,0,0,0,2.02,-25
NY,2024,Kings County,AD 52 ED 039,861,58,23,942,0,0,0,1.39,-10.34
NY,2024,Kings County,AD 52 ED 040,929,43,22,994,0,0,0,2.26,-23.26
NY,2024,Kings County,AD 52 ED 041,725,39,21,785,0,0,0,1.66,-5.13
NY,2024,Kings County,AD 52 ED 042,992,74,34,1100,0,0,0,0.91,10.81
NY,2024,Kings County,AD 52 ED 043,634,74,12,720,0,0,0,-0.63,8.11
NY,2024,Kings County,AD 52 ED 044,707,119,20,846,0,0,0,0.57,-5.88
NY,2024,Kings County,AD 52 ED 045,759,62,21,842,0,0,0,-0.4,-11.29
NY,2024,Kings County,AD 52 ED 046,815,42,15,872,0,0,0,1.6,-23.81
NY,2024,Kings County,AD 52 ED 047,858,76,15,949,0,0,0,1.17,0
NY,2024,Kings County,AD 52 ED 048,842,97,28,967,0,0,0,0.36,-7.22
NY,2024,Kings County,AD 52 ED 049,883,100,28,1011,0,0,0,0.57,-13
NY,2024,Kings County,AD 52 ED 050,881,149,28,1058,0,0,0,-0.68,4.03
NY,2024,Kings County,AD 52 ED 051,311,44,7,362,0,0,0,-0.64,-2.27
NY,2024,Kings County,AD 52 ED 052,722,44,16,782,0,0,0,0,-4.55
NY,2024,Kings County,AD 52 ED 053,527,18,19,564,0,0,0,-0.57,-27.78
NY,2024,Kings County,AD 52 ED 054,743,62,22,827,0,0,0,0.13,-6.45
NY,2024,Kings County,AD 52 ED 055,386,80,4,470,0,0,0,5.44,21.25
NY,2024,Kings County,AD 52 ED 056,333,71,2,406,0,0,0,4.2,28.17
NY,2024,Kings County,AD 52 ED 057,663,25,22,710,0,0,0,-0.45,-4
NY,2024,Kings County,AD 52 ED 058,279,25,9,313,0,0,0,-1.08,12
NY,2024,Kings County,AD 52 ED 059,344,73,1,418,0,0,0,2.33,19.18
NY,2024,Kings County,AD 52 ED 060,1038,99,23,1160,0,0,0,0.1,20.2
NY,2024,Kings County,AD 52 ED 061,948,108,18,1074,0,0,0,0.42,0.93
NY,2024,Kings County,AD 52 ED 062,555,89,20,664,0,0,0,-0.36,17.98
NY,2024,Kings County,AD 52 ED 063,853,85,36,974,0,0,0,0.23,-5.88
NY,2024,Kings County,AD 52 ED 064,649,47,11,707,0,0,0,2.47,6.38
NY,2024,Kings County,AD 52 ED 065,822,45,28,895,0,0,0,0.85,-33.33
NY,2024,Kings County,AD 52 ED 066,877,44,22,943,0,0,0,1.14,-11.36
NY,2024,Kings County,AD 52 ED 067,815,52,21,888,0,0,0,-0.74,7.69
NY,2024,Kings County,AD 52 ED 068,835,54,20,909,0,0,0,-0.72,-1.85
NY,2024,Kings County,AD 52 ED 069,955,56,19,1030,0,0,0,1.57,-5.36
NY,2024,Kings County,AD 52 ED 070,243,11,2,256,0,0,0,1.65,-27.27
NY,2024,Kings County,AD 52 ED 071,749,33,27,809,0,0,0,-0.27,-12.12
NY,2024,Kings County,AD 52 ED 072,403,15,16,434,0,0,0,-0.5,-13.33
NY,2024,Kings County,AD 52 ED 073,898,52,29,979,0,0,0,-1,-3.85
NY,2024,Kings County,AD 52 ED 074,69,5,2,76,0,0,0,0,0
NY,2024,Kings County,AD 52 ED 075,767,34,18,819,0,0,0,0.52,0
NY,2024,Kings County,AD 52 ED 076,691,17,6,714,0,0,0,1.59,5.88
NY,2024,Kings County,AD 52 ED 077,913,41,25,979,0,0,0,0.33,0
NY,2024,Kings County,AD 52 ED 078,316,6,6,328,0,0,0,0.32,-50
NY,2024,Kings County,AD 52 ED 079,960,46,28,1034,0,0,0,0.73,-4.35
NY,2024,Kings County,AD 52 ED 080,990,44,28,1062,0,0,0,-0.4,-18.18
NY,2024,Kings County,AD 52 ED 081,1027,49,14,1090,0,0,0,-0.29,4.08
NY,2024,Kings County,AD 52 ED 082,989,61,28,1078,0,0,0,1.92,-31.15
NY,2024,Kings County,AD 52 ED 083,1085,83,24,1192,0,0,0,1.29,-12.05
NY,2024,Kings County,AD 52 ED 084,1223,62,30,1315,0,0,0,0.16,-12.9
NY,2024,Kings County,AD 52 ED 085,995,48,31,1074,0,0,0,0.6,-16.67
NY,2024,Kings County,AD 52 ED 086,576,41,18,635,0,0,0,0.35,-7.32
NY,2024,Kings County,AD 52 ED 087,4,1,0,5,0,0,0,0,100
NY,2024,Kings County,AD 52 ED 088,633,72,15,720,0,0,0,-1.26,9.72
NY,2024,Kings County,AD 52 ED 100,2,1,1,4,0,0,0,-50,0
NY,2024,Kings County,AD 52 ED 101,424,28,9,461,0,0,0,2.12,-14.29
NY,2024,Kings County,AD 52 ED 102,6,5,1,12,0,0,0,-16.67,20
NY,2024,Kings County,AD 53 ED 001,585,131,38,754,0,0,0,-2.22,22.14
NY,2024,Kings County,AD 53 ED 002,596,91,32,719,0,0,0,1.34,3.3
NY,2024,Kings County,AD 53 ED 003,520,149,26,695,0,0,0,-4.23,17.45
NY,2024,Kings County,AD 53 ED 004,297,57,5,359,0,0,0,0.34,8.77
NY,2024,Kings County,AD 53 ED 005,442,131,16,589,0,0,0,-2.26,21.37
NY,2024,Kings County,AD 53 ED 006,477,137,4,618,0,0,0,6.92,18.25
NY,2024,Kings County,AD 53 ED 007,345,99,18,462,0,0,0,1.74,29.29
NY,2024,Kings County,AD 53 ED 008,598,138,18,754,0,0,0,0.5,17.39
NY,2024,Kings County,AD 53 ED 009,461,120,28,609,0,0,0,-4.12,10.83
NY,2024,Kings County,AD 53 ED 010,551,150,31,732,0,0,0,-4.9,18.67
NY,2024,Kings County,AD 53 ED 011,456,148,20,624,0,0,0,-1.54,22.97
NY,2024,Kings County,AD 53 ED 012,502,174,16,692,0,0,0,-4.18,24.14
NY,2024,Kings County,AD 53 ED 013,599,117,37,753,0,0,0,-3.01,21.37
NY,2024,Kings County,AD 53 ED 014,547,119,22,688,0,0,0,-1.28,17.65
NY,2024,Kings County,AD 53 ED 015,507,151,26,684,0,0,0,-2.76,13.91
NY,2024,Kings County,AD 53 ED 016,536,94,24,654,0,0,0,-0.37,22.34
NY,2024,Kings County,AD 53 ED 017,635,106,47,788,0,0,0,-5.35,26.42
NY,2024,Kings County,AD 53 ED 018,643,94,34,771,0,0,0,-1.24,24.47
NY,2024,Kings County,AD 53 ED 019,665,92,37,794,0,0,0,0.6,16.3
NY,2024,Kings County,AD 53 ED 020,788,104,35,927,0,0,0,-1.52,25
NY,2024,Kings County,AD 53 ED 021,686,162,28,876,0,0,0,0.15,29.63
NY,2024,Kings County,AD 53 ED 022,752,116,34,902,0,0,0,-0.53,26.72
NY,2024,Kings County,AD 53 ED 023,551,90,20,661,0,0,0,-1.63,13.33
NY,2024,Kings County,AD 53 ED 024,600,93,30,723,0,0,0,-2.17,21.51
NY,2024,Kings County,AD 53 ED 025,577,83,37,697,0,0,0,-2.25,14.46
NY,2024,Kings County,AD 53 ED 026,579,132,21,732,0,0,0,0.17,27.27
NY,2024,Kings County,AD 53 ED 027,598,105,44,747,0,0,0,-1,10.48
NY,2024,Kings County,AD 53 ED 028,576,107,38,721,0,0,0,-2.6,17.76
NY,2024,Kings County,AD 53 ED 029,547,119,27,693,0,0,0,-5.12,28.57
NY,2024,Kings County,AD 53 ED 030,400,53,31,484,0,0,0,-3,11.32
NY,2024,Kings County,AD 53 ED 031,500,61,26,587,0,0,0,-3.4,21.31
NY,2024,Kings County,AD 53 ED 032,445,98,18,561,0,0,0,-0.45,16.33
NY,2024,Kings County,AD 53 ED 033,362,67,2,431,0,0,0,9.12,25.37
NY,2024,Kings County,AD 53 ED 034,247,71,1,319,0,0,0,9.72,23.94
NY,2024,Kings County,AD 53 ED 035,398,85,13,496,0,0,0,-0.5,23.53
NY,2024,Kings County,AD 53 ED 036,530,146,15,691,0,0,0,-1.13,30.14
NY,2024,Kings County,AD 53 ED 037,220,460,5,685,0,0,0,-25.91,30.43
NY,2024,Kings County,AD 53 ED 038,448,241,10,699,0,0,0,-3.35,22.82
NY,2024,Kings County,AD 53 ED 039,433,212,9,654,0,0,0,-3.23,32.08
NY,2024,Kings County,AD 53 ED 040,513,209,15,737,0,0,0,-2.34,24.4
NY,2024,Kings County,AD 53 ED 041,668,190,19,877,0,0,0,-0.45,21.58
NY,2024,Kings County,AD 53 ED 042,327,95,6,428,0,0,0,5.81,24.21
NY,2024,Kings County,AD 53 ED 043,661,65,22,748,0,0,0,1.06,13.85
NY,2024,Kings County,AD 53 ED 044,470,102,18,590,0,0,0,0.64,19.61
NY,2024,Kings County,AD 53 ED 045,451,122,13,586,0,0,0,0.67,20.49
NY,2024,Kings County,AD 53 ED 046,594,135,19,748,0,0,0,-0.67,19.26
NY,2024,Kings County,AD 53 ED 047,523,105,25,653,0,0,0,-1.15,18.1
NY,2024,Kings County,AD 53 ED 048,528,92,9,629,0,0,0,0,15.22
NY,2024,Kings County,AD 53 ED 049,547,92,17,656,0,0,0,3.11,22.83
NY,2024,Kings County,AD 53 ED 050,528,149,23,700,0,0,0,-1.14,19.46
NY,2024,Kings County,AD 53 ED 051,350,174,7,531,0,0,0,-2,32.18
NY,2024,Kings County,AD 53 ED 052,530,173,13,716,0,0,0,3.21,26.59
NY,2024,Kings County,AD 53 ED 053,752,104,25,881,0,0,0,0,12.5
NY,2024,Kings County,AD 53 ED 054,598,77,15,690,0,0,0,1.17,14.29
NY,2024,Kings County,AD 53 ED 055,535,101,16,652,0,0,0,0.19,21.78
NY,2024,Kings County,AD 53 ED 056,673,135,14,822,0,0,0,3.71,10.37
NY,2024,Kings County,AD 53 ED 057,286,89,2,377,0,0,0,5.24,29.21
NY,2024,Kings County,AD 53 ED 058,358,89,14,461,0,0,0,-1.96,17.98
NY,2024,Kings County,AD 53 ED 059,403,63,9,475,0,0,0,1.49,15.87
NY,2024,Kings County,AD 53 ED 060,926,121,42,1089,0,0,0,-0.97,8.26
NY,2024,Kings County,AD 53 ED 061,802,72,32,906,0,0,0,-2.24,12.5
NY,2024,Kings County,AD 53 ED 062,579,139,12,730,0,0,0,5.01,20.14
NY,2024,Kings County,AD 53 ED 063,271,76,22,369,0,0,0,-5.17,22.37
NY,2024,Kings County,AD 54 ED 001,100,49,11,160,0,0,0,-10,14.29
NY,2024,Kings County,AD 54 ED 002,267,195,39,501,0,0,0,-2.62,10.26
NY,2024,Kings County,AD 54 ED 003,154,97,16,267,0,0,0,0,9.28
NY,2024,Kings County,AD 54 ED 004,414,109,20,543,0,0,0,-1.21,16.51
NY,2024,Kings County,AD 54 ED 005,263,39,12,314,0,0,0,-1.9,23.08
NY,2024,Kings County,AD 54 ED 006,342,49,0,391,0,0,0,4.39,12.24
NY,2024,Kings County,AD 54 ED 007,350,191,20,561,0,0,0,-1.14,20.42
NY,2024,Kings County,AD 54 ED 008,281,118,30,429,0,0,0,0.36,5.08
NY,2024,Kings County,AD 54 ED 009,263,178,9,450,0,0,0,4.56,14.04
NY,2024,Kings County,AD 54 ED 010,239,84,21,344,0,0,0,-7.53,20.24
NY,2024,Kings County,AD 54 ED 011,347,105,14,466,0,0,0,2.02,13.33
NY,2024,Kings County,AD 54 ED 012,317,70,3,390,0,0,0,0.63,20
NY,2024,Kings County,AD 54 ED 013,283,59,2,344,0,0,0,2.47,13.56
NY,2024,Kings County,AD 54 ED 014,303,51,4,358,0,0,0,5.28,23.53
NY,2024,Kings County,AD 54 ED 015,319,53,7,379,0,0,0,0.94,22.64
NY,2024,Kings County,AD 54 ED 016,155,30,2,187,0,0,0,3.23,6.67
NY,2024,Kings County,AD 54 ED 017,239,74,2,315,0,0,0,1.67,16.22
NY,2024,Kings County,AD 54 ED 018,339,124,11,474,0,0,0,1.47,12.9
NY,2024,Kings County,AD 54 ED 019,245,110,3,358,0,0,0,0,13.64
NY,2024,Kings County,AD 54 ED 020,194,72,2,268,0,0,0,2.06,13.89
NY,2024,Kings County,AD 54 ED 021,207,114,1,322,0,0,0,-4.35,12.28
NY,2024,Kings County,AD 54 ED 022,272,115,9,396,0,0,0,1.47,10.43
NY,2024,Kings County,AD 54 ED 023,386,173,11,570,0,0,0,-1.81,18.5
NY,2024,Kings County,AD 54 ED 024,279,154,4,437,0,0,0,1.43,12.99
NY,2024,Kings County,AD 54 ED 025,308,194,10,512,0,0,0,-0.32,13.92
NY,2024,Kings County,AD 54 ED 026,234,151,4,389,0,0,0,2.56,23.84
NY,2024,Kings County,AD 54 ED 027,332,165,7,504,0,0,0,3.92,12.73
NY,2024,Kings County,AD 54 ED 028,300,173,3,476,0,0,0,2,15.61
NY,2024,Kings County,AD 54 ED 029,381,183,6,570,0,0,0,-0.26,9.84
NY,2024,Kings County,AD 54 ED 030,289,167,5,461,0,0,0,1.38,17.96
NY,2024,Kings County,AD 54 ED 031,423,226,5,654,0,0,0,0.24,17.7
NY,2024,Kings County,AD 54 ED 032,328,166,9,503,0,0,0,-1.52,16.87
NY,2024,Kings County,AD 54 ED 033,425,173,4,602,0,0,0,-1.65,24.86
NY,2024,Kings County,AD 54 ED 034,363,183,8,554,0,0,0,-0.83,20.22
NY,2024,Kings County,AD 54 ED 035,458,168,2,628,0,0,0,2.62,18.45
NY,2024,Kings County,AD 54 ED 036,607,179,10,796,0,0,0,0.82,17.32
NY,2024,Kings County,AD 54 ED 037,445,73,20,538,0,0,0,0.9,6.85
NY,2024,Kings County,AD 54 ED 038,684,78,28,790,0,0,0,-0.44,7.69
NY,2024,Kings County,AD 54 ED 039,631,69,33,733,0,0,0,-1.74,13.04
NY,2024,Kings County,AD 54 ED 040,607,68,35,710,0,0,0,-0.16,8.82
NY,2024,Kings County,AD 54 ED 041,557,60,32,649,0,0,0,-0.54,20
NY,2024,Kings County,AD 54 ED 042,472,57,17,546,0,0,0,-0.21,12.28
NY,2024,Kings County,AD 54 ED 043,558,95,25,678,0,0,0,-3.05,26.32
NY,2024,Kings County,AD 54 ED 044,571,74,26,671,0,0,0,-0.7,24.32
NY,2024,Kings County,AD 54 ED 045,566,127,23,716,0,0,0,1.24,13.39
NY,2024,Kings County,AD 54 ED 046,430,93,21,544,0,0,0,-0.47,17.2
NY,2024,Kings County,AD 54 ED 047,528,102,24,654,0,0,0,0.57,20.59
NY,2024,Kings County,AD 54 ED 048,467,127,32,626,0,0,0,-1.5,27.56
NY,2024,Kings County,AD 54 ED 049,428,109,21,558,0,0,0,-1.17,20.18
NY,2024,Kings County,AD 54 ED 050,494,117,25,636,0,0,0,-0.61,26.5
NY,2024,Kings County,AD 54 ED 051,491,122,22,635,0,0,0,-0.61,14.75
NY,2024,Kings County,AD 54 ED 052,351,92,15,458,0,0,0,-0.57,9.78
NY,2024,Kings County,AD 54 ED 053,358,99,21,478,0,0,0,-1.68,21.21
NY,2024,Kings County,AD 54 ED 054,429,66,20,515,0,0,0,-0.23,24.24
NY,2024,Kings County,AD 54 ED 055,408,94,16,518,0,0,0,-0.98,30.85
NY,2024,Kings County,AD 54 ED 056,483,69,15,567,0,0,0,-0.21,18.84
NY,2024,Kings County,AD 54 ED 057,473,109,10,592,0,0,0,-0.21,22.94
NY,2024,Kings County,AD 54 ED 058,18,7,0,25,0,0,0,-5.56,42.86
NY,2024,Kings County,AD 54 ED 059,1,2,0,3,0,0,0,0,0
NY,2024,Kings County,AD 54 ED 060,64,6,2,72,0,0,0,1.56,33.33
NY,2024,Kings County,AD 54 ED 061,259,52,1,312,0,0,0,6.18,7.69
NY,2024,Kings County,AD 54 ED 062,115,48,0,163,0,0,0,-1.74,18.75
NY,2024,Kings County,AD 54 ED 064,57,19,2,78,0,0,0,0,26.32
NY,2024,Kings County,AD 54 ED 065,21,11,6,38,0,0,0,-23.81,9.09
NY,2024,Kings County,AD 54 ED 066,58,10,0,68,0,0,0,-1.72,20
NY,2024,Kings County,AD 55 ED 001,636,38,21,695,0,0,0,2.04,10.53
NY,2024,Kings County,AD 55 ED 002,509,40,13,562,0,0,0,0.98,0
NY,2024,Kings County,AD 55 ED 003,502,63,8,573,0,0,0,4.38,30.16
NY,2024,Kings County,AD 55 ED 004,41,3,2,46,0,0,0,7.32,-33.33
NY,2024,Kings County,AD 55 ED 005,560,42,29,631,0,0,0,-1.96,30.95
NY,2024,Kings County,AD 55 ED 006,493,23,17,533,0,0,0,1.62,-4.35
NY,2024,Kings County,AD 55 ED 007,602,52,13,667,0,0,0,1.33,19.23
NY,2024,Kings County,AD 55 ED 008,674,56,18,748,0,0,0,0.59,16.07
NY,2024,Kings County,AD 55 ED 009,590,55,10,655,0,0,0,-0.34,27.27
NY,2024,Kings County,AD 55 ED 010,585,39,22,646,0,0,0,-2.39,46.15
NY,2024,Kings County,AD 55 ED 011,406,29,14,449,0,0,0,-0.74,13.79
NY,2024,Kings County,AD 55 ED 012,597,37,14,648,0,0,0,1.01,13.51
NY,2024,Kings County,AD 55 ED 013,553,97,16,666,0,0,0,3.8,17.53
NY,2024,Kings County,AD 55 ED 014,511,36,14,561,0,0,0,0.78,19.44
NY,2024,Kings County,AD 55 ED 015,636,84,14,734,0,0,0,1.42,23.81
NY,2024,Kings County,AD 55 ED 017,66,14,1,81,0,0,0,-1.52,7.14
NY,2024,Kings County,AD 55 ED 018,30,6,1,37,0,0,0,6.67,16.67
NY,2024,Kings County,AD 55 ED 019,448,73,6,527,0,0,0,2.9,9.59
NY,2024,Kings County,AD 55 ED 020,418,65,1,484,0,0,0,3.35,21.54
NY,2024,Kings County,AD 55 ED 021,52,20,0,72,0,0,0,1.92,25
NY,2024,Kings County,AD 55 ED 022,145,19,1,165,0,0,0,3.45,31.58
NY,2024,Kings County,AD 55 ED 023,451,76,1,528,0,0,0,0.89,19.74
NY,2024,Kings County,AD 55 ED 024,452,76,1,529,0,0,0,5.53,30.26
NY,2024,Kings County,AD 55 ED 025,538,74,1,613,0,0,0,5.02,21.62
NY,2024,Kings County,AD 55 ED 026,475,72,2,549,0,0,0,5.26,15.28
NY,2024,Kings County,AD 55 ED 027,361,45,0,406,0,0,0,6.93,22.22
NY,2024,Kings County,AD 55 ED 028,361,49,2,412,0,0,0,4.71,16.33
NY,2024,Kings County,AD 55 ED 029,318,34,5,357,0,0,0,1.57,14.71
NY,2024,Kings County,AD 55 ED 030,567,52,3,622,0,0,0,3.53,21.15
NY,2024,Kings County,AD 55 ED 031,69,3,0,72,0,0,0,7.25,33.33
NY,2024,Kings County,AD 55 ED 032,341,35,2,378,0,0,0,1.47,17.14
NY,2024,Kings County,AD 55 ED 033,804,49,8,861,0,0,0,2.86,12.24
NY,2024,Kings County,AD 55 ED 034,266,31,0,297,0,0,0,1.5,12.9
NY,2024,Kings County,AD 55 ED 035,225,16,3,244,0,0,0,-0.44,12.5
NY,2024,Kings County,AD 55 ED 036,684,52,3,739,0,0,0,0.44,11.54
NY,2024,Kings County,AD 55 ED 037,105,15,3,123,0,0,0,1.9,33.33
NY,2024,Kings County,AD 55 ED 038,728,74,7,809,0,0,0,1.92,24.32
NY,2024,Kings County,AD 55 ED 039,657,61,11,729,0,0,0,3.2,11.48
NY,2024,Kings County,AD 55 ED 040,389,82,5,476,0,0,0,1.29,20.73
NY,2024,Kings County,AD 55 ED 041,396,47,1,444,0,0,0,4.8,4.26
NY,2024,Kings County,AD 55 ED 042,421,63,3,487,0,0,0,2.85,12.7
NY,2024,Kings County,AD 55 ED 043,296,64,2,362,0,0,0,2.7,26.56
NY,2024,Kings County,AD 55 ED 044,564,54,3,621,0,0,0,1.06,31.48
NY,2024,Kings County,AD 55 ED 045,729,38,4,771,0,0,0,0.96,31.58
NY,2024,Kings County,AD 55 ED 046,320,33,2,355,0,0,0,2.81,9.09
NY,2024,Kings County,AD 55 ED 047,555,63,4,622,0,0,0,1.08,6.35
NY,2024,Kings County,AD 55 ED 048,635,70,8,713,0,0,0,1.73,12.86
NY,2024,Kings County,AD 55 ED 049,717,85,5,807,0,0,0,3.07,18.82
NY,2024,Kings County,AD 55 ED 050,590,48,7,645,0,0,0,1.36,25
NY,2024,Kings County,AD 55 ED 051,809,80,9,898,0,0,0,0.87,23.75
NY,2024,Kings County,AD 55 ED 052,735,50,13,798,0,0,0,1.5,14
NY,2024,Kings County,AD 55 ED 053,702,68,14,784,0,0,0,1.14,13.24
NY,2024,Kings County,AD 55 ED 054,125,6,0,131,0,0,0,2.4,0
NY,2024,Kings County,AD 55 ED 055,482,68,4,554,0,0,0,0,33.82
NY,2024,Kings County,AD 55 ED 056,674,51,7,732,0,0,0,-0.15,27.45
NY,2024,Kings County,AD 55 ED 057,661,57,7,725,0,0,0,2.57,15.79
NY,2024,Kings County,AD 55 ED 058,58,10,1,69,0,0,0,1.72,10
NY,2024,Kings County,AD 55 ED 059,362,39,9,410,0,0,0,0.83,20.51
NY,2024,Kings County,AD 55 ED 060,766,64,14,844,0,0,0,0.13,20.31
NY,2024,Kings County,AD 55 ED 061,374,21,14,409,0,0,0,-0.53,47.62
NY,2024,Kings County,AD 55 ED 062,389,40,6,435,0,0,0,5.91,22.5
NY,2024,Kings County,AD 55 ED 063,685,58,12,755,0,0,0,0.58,13.79
NY,2024,Kings County,AD 55 ED 064,646,45,5,696,0,0,0,2.48,2.22
NY,2024,Kings County,AD 55 ED 065,710,63,7,780,0,0,0,1.13,20.63
NY,2024,Kings County,AD 55 ED 068,0,2,0,2,0,0,0,0,0
NY,2024,Kings County,AD 56 ED 001,450,126,3,579,0,0,0,5.11,25.4
NY,2024,Kings County,AD 56 ED 002,430,107,2,539,0,0,0,4.88,32.71
NY,2024,Kings County,AD 56 ED 003,343,294,7,644,0,0,0,-13.41,31.63
NY,2024,Kings County,AD 56 ED 004,386,103,12,501,0,0,0,-0.26,10.68
NY,2024,Kings County,AD 56 ED 005,470,96,5,571,0,0,0,6.81,29.17
NY,2024,Kings County,AD 56 ED 006,449,112,3,564,0,0,0,3.79,22.32
NY,2024,Kings County,AD 56 ED 007,410,136,4,550,0,0,0,2.2,28.68
NY,2024,Kings County,AD 56 ED 008,505,124,22,651,0,0,0,-2.97,33.87
NY,2024,Kings County,AD 56 ED 009,583,94,29,706,0,0,0,-0.69,19.15
NY,2024,Kings County,AD 56 ED 010,518,66,20,604,0,0,0,2.51,9.09
NY,2024,Kings County,AD 56 ED 011,588,134,34,756,0,0,0,-2.21,35.82
NY,2024,Kings County,AD 56 ED 012,737,92,37,866,0,0,0,0.14,18.48
NY,2024,Kings County,AD 56 ED 013,638,70,29,737,0,0,0,2.35,25.71
NY,2024,Kings County,AD 56 ED 014,502,52,31,585,0,0,0,-2.99,21.15
NY,2024,Kings County,AD 56 ED 015,402,83,5,490,0,0,0,1.99,25.3
NY,2024,Kings County,AD 56 ED 016,479,69,13,561,0,0,0,0.63,8.7
NY,2024,Kings County,AD 56 ED 017,576,74,23,673,0,0,0,1.04,9.46
NY,2024,Kings County,AD 56 ED 018,38,1,2,41,0,0,0,-7.89,0
NY,2024,Kings County,AD 56 ED 019,565,46,20,631,0,0,0,0.35,28.26
NY,2024,Kings County,AD 56 ED 020,758,55,24,837,0,0,0,0.4,30.91
NY,2024,Kings County,AD 56 ED 021,656,41,36,733,0,0,0,-2.74,17.07
NY,2024,Kings County,AD 56 ED 022,470,37,19,526,0,0,0,0.43,21.62
NY,2024,Kings County,AD 56 ED 023,475,26,16,517,0,0,0,-1.05,23.08
NY,2024,Kings County,AD 56 ED 024,720,62,34,816,0,0,0,-0.97,16.13
NY,2024,Kings County,AD 56 ED 025,698,38,31,767,0,0,0,2.15,10.53
NY,2024,Kings County,AD 56 ED 026,677,76,17,770,0,0,0,2.07,21.05
NY,2024,Kings County,AD 56 ED 027,759,54,46,859,0,0,0,-0.66,20.37
NY,2024,Kings County,AD 56 ED 028,690,49,22,761,0,0,0,0.14,20.41
NY,2024,Kings County,AD 56 ED 029,817,42,30,889,0,0,0,0,28.57
NY,2024,Kings County,AD 56 ED 030,639,35,14,688,0,0,0,2.97,25.71
NY,2024,Kings County,AD 56 ED 031,615,41,19,675,0,0,0,0,17.07
NY,2024,Kings County,AD 56 ED 032,753,36,28,817,0,0,0,0.27,27.78
NY,2024,Kings County,AD 56 ED 033,709,36,23,768,0,0,0,0.99,11.11
NY,2024,Kings County,AD 56 ED 034,625,50,6,681,0,0,0,2.56,36
NY,2024,Kings County,AD 56 ED 035,678,49,27,754,0,0,0,0.15,16.33
NY,2024,Kings County,AD 56 ED 036,656,54,27,737,0,0,0,0,29.63
NY,2024,Kings County,AD 56 ED 037,859,44,36,939,0,0,0,-1.63,11.36
NY,2024,Kings County,AD 56 ED 038,768,38,33,839,0,0,0,0.26,13.16
NY,2024,Kings County,AD 56 ED 039,599,27,16,642,0,0,0,-0.5,25.93
NY,2024,Kings County,AD 56 ED 040,649,32,31,712,0,0,0,-0.77,18.75
NY,2024,Kings County,AD 56 ED 041,648,28,30,706,0,0,0,-0.93,25
NY,2024,Kings County,AD 56 ED 042,659,33,27,719,0,0,0,0.46,12.12
NY,2024,Kings County,AD 56 ED 043,716,19,20,755,0,0,0,-0.7,31.58
NY,2024,Kings County,AD 56 ED 044,711,35,34,780,0,0,0,-1.55,20
NY,2024,Kings County,AD 56 ED 045,672,24,26,722,0,0,0,0.15,4.17
NY,2024,Kings County,AD 56 ED 046,721,35,28,784,0,0,0,-2.77,31.43
NY,2024,Kings County,AD 56 ED 047,784,44,24,852,0,0,0,0.89,11.36
NY,2024,Kings County,AD 56 ED 048,825,32,22,879,0,0,0,0.36,15.63
NY,2024,Kings County,AD 56 ED 049,772,30,34,836,0,0,0,0.78,13.33
NY,2024,Kings County,AD 56 ED 050,884,30,38,952,0,0,0,-1.36,40
NY,2024,Kings County,AD 56 ED 051,369,28,0,397,0,0,0,6.78,21.43
NY,2024,Kings County,AD 56 ED 052,385,46,7,438,0,0,0,3.38,2.17
NY,2024,Kings County,AD 56 ED 053,741,42,35,818,0,0,0,-0.67,28.57
NY,2024,Kings County,AD 56 ED 054,398,41,17,456,0,0,0,2.26,14.63
NY,2024,Kings County,AD 56 ED 055,560,39,7,606,0,0,0,1.25,12.82
NY,2024,Kings County,AD 56 ED 056,950,39,33,1022,0,0,0,1.37,17.95
NY,2024,Kings County,AD 56 ED 057,194,35,2,231,0,0,0,9.28,22.86
NY,2024,Kings County,AD 56 ED 058,1020,58,43,1121,0,0,0,-0.59,22.41
NY,2024,Kings County,AD 56 ED 059,392,18,23,433,0,0,0,-0.26,11.11
NY,2024,Kings County,AD 56 ED 060,418,41,17,476,0,0,0,1.44,9.76
NY,2024,Kings County,AD 56 ED 061,378,28,20,426,0,0,0,-1.06,14.29
NY,2024,Kings County,AD 56 ED 062,650,52,10,712,0,0,0,3.69,23.08
NY,2024,Kings County,AD 56 ED 063,745,27,28,800,0,0,0,-0.54,0
NY,2024,Kings County,AD 56 ED 064,599,65,11,675,0,0,0,1.67,12.31
NY,2024,Kings County,AD 56 ED 065,304,13,10,327,0,0,0,-1.64,30.77
NY,2024,Kings County,AD 56 ED 066,292,17,6,315,0,0,0,1.03,17.65
NY,2024,Kings County,AD 56 ED 067,345,44,0,389,0,0,0,4.64,29.55
NY,2024,Kings County,AD 56 ED 068,297,36,5,338,0,0,0,1.01,27.78
NY,2024,Kings County,AD 56 ED 069,727,31,42,800,0,0,0,-0.55,6.45
NY,2024,Kings County,AD 56 ED 070,75,3,4,82,0,0,0,-1.33,0
NY,2024,Kings County,AD 57 ED 001,457,91,5,553,0,0,0,4.81,20.88
NY,2024,Kings County,AD 57 ED 002,467,81,6,554,0,0,0,5.57,29.63
NY,2024,Kings County,AD 57 ED 003,440,103,12,555,0,0,0,2.27,23.3
NY,2024,Kings County,AD 57 ED 004,441,116,6,563,0,0,0,2.95,23.28
NY,2024,Kings County,AD 57 ED 005,253,45,4,302,0,0,0,3.16,33.33
NY,2024,Kings County,AD 57 ED 006,316,64,3,383,0,0,0,4.75,23.44
NY,2024,Kings County,AD 57 ED 007,335,69,1,405,0,0,0,2.99,28.99
NY,2024,Kings County,AD 57 ED 008,797,50,31,878,0,0,0,-1.88,4
NY,2024,Kings County,AD 57 ED 009,661,31,23,715,0,0,0,-0.3,0
NY,2024,Kings County,AD 57 ED 010,1046,46,34,1126,0,0,0,-0.38,15.22
NY,2024,Kings County,AD 57 ED 011,935,41,24,1000,0,0,0,-0.96,17.07
NY,2024,Kings County,AD 57 ED 012,162,80,4,246,0,0,0,-7.41,31.25
NY,2024,Kings County,AD 57 ED 013,106,582,9,697,0,0,0,-90.57,34.71
NY,2024,Kings County,AD 57 ED 014,211,232,10,453,0,0,0,-16.59,35.78
NY,2024,Kings County,AD 57 ED 015,749,57,18,824,0,0,0,0.93,14.04
NY,2024,Kings County,AD 57 ED 016,756,49,22,827,0,0,0,1.06,-4.08
NY,2024,Kings County,AD 57 ED 017,1418,113,32,1563,0,0,0,0.21,14.16
NY,2024,Kings County,AD 57 ED 018,428,32,15,475,0,0,0,-0.93,6.25
NY,2024,Kings County,AD 57 ED 019,930,28,18,976,0,0,0,0.43,-3.57
NY,2024,Kings County,AD 57 ED 020,839,38,25,902,0,0,0,0.24,-2.63
NY,2024,Kings County,AD 57 ED 021,719,24,25,768,0,0,0,0.14,-12.5
NY,2024,Kings County,AD 57 ED 022,891,35,19,945,0,0,0,0.45,5.71
NY,2024,Kings County,AD 57 ED 023,867,24,16,907,0,0,0,1.73,-20.83
NY,2024,Kings County,AD 57 ED 024,450,24,22,496,0,0,0,-3.11,29.17
NY,2024,Kings County,AD 57 ED 025,379,213,20,612,0,0,0,-10.03,36.15
NY,2024,Kings County,AD 57 ED 026,614,46,22,682,0,0,0,0,4.35
NY,2024,Kings County,AD 57 ED 027,936,30,27,993,0,0,0,1.39,-23.33
NY,2024,Kings County,AD 57 ED 028,989,76,17,1082,0,0,0,1.01,11.84
NY,2024,Kings County,AD 57 ED 029,777,25,22,824,0,0,0,-0.26,0
NY,2024,Kings County,AD 57 ED 030,1085,86,13,1184,0,0,0,1.29,18.6
NY,2024,Kings County,AD 57 ED 031,597,98,5,700,0,0,0,3.85,31.63
NY,2024,Kings County,AD 57 ED 032,675,89,20,784,0,0,0,-1.04,23.6
NY,2024,Kings County,AD 57 ED 033,897,32,41,970,0,0,0,0.33,12.5
NY,2024,Kings County,AD 57 ED 034,988,30,35,1053,0,0,0,-0.81,16.67
NY,2024,Kings County,AD 57 ED 035,841,58,38,937,0,0,0,0.48,15.52
NY,2024,Kings County,AD 57 ED 036,810,46,31,887,0,0,0,0.12,8.7
NY,2024,Kings County,AD 57 ED 037,968,43,57,1068,0,0,0,-1.03,23.26
NY,2024,Kings County,AD 57 ED 038,657,33,32,722,0,0,0,0.76,12.12
NY,2024,Kings County,AD 57 ED 039,553,25,15,593,0,0,0,0.9,12
NY,2024,Kings County,AD 57 ED 040,524,16,20,560,0,0,0,0.76,6.25
NY,2024,Kings County,AD 57 ED 041,489,17,26,532,0,0,0,-0.82,0
NY,2024,Kings County,AD 57 ED 042,510,18,15,543,0,0,0,1.76,5.56
NY,2024,Kings County,AD 57 ED 043,1077,31,26,1134,0,0,0,1.11,0
NY,2024,Kings County,AD 57 ED 044,818,23,22,863,0,0,0,0.49,-8.7
NY,2024,Kings County,AD 57 ED 045,676,20,23,719,0,0,0,0.15,5
NY,2024,Kings County,AD 57 ED 046,889,16,30,935,0,0,0,0.34,-31.25
NY,2024,Kings County,AD 57 ED 047,965,26,42,1033,0,0,0,-0.83,0
NY,2024,Kings County,AD 57 ED 048,1056,48,37,1141,0,0,0,-0.57,2.08
NY,2024,Kings County,AD 57 ED 049,1069,26,41,1136,0,0,0,-0.94,-11.54
NY,2024,Kings County,AD 57 ED 050,880,34,26,940,0,0,0,0.68,0
NY,2024,Kings County,AD 57 ED 051,1200,48,39,1287,0,0,0,-0.33,20.83
NY,2024,Kings County,AD 57 ED 052,684,28,25,737,0,0,0,-1.17,7.14
NY,2024,Kings County,AD 57 ED 053,574,37,21,632,0,0,0,0,32.43
NY,2024,Kings County,AD 57 ED 054,655,36,55,746,0,0,0,-2.14,2.78
NY,2024,Kings County,AD 57 ED 055,800,30,35,865,0,0,0,1.38,-20
NY,2024,Kings County,AD 57 ED 056,831,37,33,901,0,0,0,0.12,2.7
NY,2024,Kings County,AD 57 ED 057,939,35,27,1001,0,0,0,1.06,11.43
NY,2024,Kings County,AD 57 ED 058,691,19,23,733,0,0,0,0.14,-5.26
NY,2024,Kings County,AD 57 ED 059,648,21,24,693,0,0,0,0.93,19.05
NY,2024,Kings County,AD 57 ED 060,1053,43,39,1135,0,0,0,-0.38,6.98
NY,2024,Kings County,AD 57 ED 061,955,56,24,1035,0,0,0,0,26.79
NY,2024,Kings County,AD 57 ED 062,687,39,20,746,0,0,0,2.04,10.26
NY,2024,Kings County,AD 57 ED 063,868,48,27,943,0,0,0,0.46,14.58
NY,2024,Kings County,AD 57 ED 064,618,42,18,678,0,0,0,0.49,23.81
NY,2024,Kings County,AD 57 ED 065,760,88,6,854,0,0,0,1.45,22.73
NY,2024,Kings County,AD 57 ED 066,501,30,11,542,0,0,0,1,3.33
NY,2024,Kings County,AD 57 ED 067,77,5,1,83,0,0,0,1.3,20
NY,2024,Kings County,AD 57 ED 068,76,2,1,79,0,0,0,2.63,50
NY,2024,Kings County,AD 57 ED 069,123,8,3,134,0,0,0,-2.44,12.5
NY,2024,Kings County,AD 57 ED 070,461,27,9,497,0,0,0,2.6,18.52
NY,2024,Kings County,AD 57 ED 071,165,388,9,562,0,0,0,-37.58,34.28
NY,2024,Kings County,AD 57 ED 072,233,46,18,297,0,0,0,-1.72,41.3
NY,2024,Kings County,AD 57 ED 078,13,2,7,22,0,0,0,-38.46,0
NY,2024,Kings County,AD 57 ED 080,191,9,8,208,0,0,0,-1.57,0
NY,2024,Kings County,AD 57 ED 081,31,4,2,37,0,0,0,6.45,25
NY,2024,Kings County,AD 57 ED 082,326,21,9,356,0,0,0,-1.53,14.29
NY,2024,Kings County,AD 57 ED 083,10,1,1,12,0,0,0,-10,0
NY,2024,Kings County,AD 57 ED 084,212,15,6,233,0,0,0,-0.94,13.33
NY,2024,Kings County,AD 57 ED 085,267,10,20,297,0,0,0,-1.5,-10
NY,2024,Kings County,AD 58 ED 001,464,48,1,513,0,0,0,-1.51,35.42
NY,2024,Kings County,AD 58 ED 002,493,38,3,534,0,0,0,0.61,26.32
NY,2024,Kings County,AD 58 ED 003,694,48,7,749,0,0,0,-0.29,10.42
NY,2024,Kings County,AD 58 ED 004,28,4,0,32,0,0,0,-3.57,75
NY,2024,Kings County,AD 58 ED 005,494,44,9,547,0,0,0,0.81,11.36
NY,2024,Kings County,AD 58 ED 006,514,41,9,564,0,0,0,0.39,24.39
NY,2024,Kings County,AD 58 ED 007,697,46,1,744,0,0,0,0.57,26.09
NY,2024,Kings County,AD 58 ED 008,678,48,9,735,0,0,0,1.33,14.58
NY,2024,Kings County,AD 58 ED 009,627,51,3,681,0,0,0,1.91,19.61
NY,2024,Kings County,AD 58 ED 010,520,45,2,567,0,0,0,-0.58,20
NY,2024,Kings County,AD 58 ED 011,806,76,8,890,0,0,0,0.37,19.74
NY,2024,Kings County,AD 58 ED 012,578,75,7,660,0,0,0,-2.08,28
NY,2024,Kings County,AD 58 ED 013,762,72,4,838,0,0,0,2.36,18.06
NY,2024,Kings County,AD 58 ED 014,693,44,3,740,0,0,0,2.89,6.82
NY,2024,Kings County,AD 58 ED 015,696,40,8,744,0,0,0,1.01,10
NY,2024,Kings County,AD 58 ED 016,596,61,6,663,0,0,0,1.34,19.67
NY,2024,Kings County,AD 58 ED 017,621,61,2,684,0,0,0,1.93,29.51
NY,2024,Kings County,AD 58 ED 018,695,60,1,756,0,0,0,2.16,11.67
NY,2024,Kings County,AD 58 ED 019,570,39,1,610,0,0,0,1.4,12.82
NY,2024,Kings County,AD 58 ED 020,396,25,3,424,0,0,0,-0.51,12
NY,2024,Kings County,AD 58 ED 021,610,47,1,658,0,0,0,0.49,4.26
NY,2024,Kings County,AD 58 ED 022,212,11,1,224,0,0,0,1.89,0
NY,2024,Kings County,AD 58 ED 023,659,44,3,706,0,0,0,1.52,13.64
NY,2024,Kings County,AD 58 ED 024,26,4,0,30,0,0,0,3.85,0
NY,2024,Kings County,AD 58 ED 025,708,34,9,751,0,0,0,1.41,14.71
NY,2024,Kings County,AD 58 ED 026,646,44,3,693,0,0,0,2.17,11.36
NY,2024,Kings County,AD 58 ED 027,659,33,2,694,0,0,0,1.37,27.27
NY,2024,Kings County,AD 58 ED 028,773,54,7,834,0,0,0,1.03,9.26
NY,2024,Kings County,AD 58 ED 029,611,40,5,656,0,0,0,0.82,15
NY,2024,Kings County,AD 58 ED 030,434,24,1,459,0,0,0,2.07,-8.33
NY,2024,Kings County,AD 58 ED 031,556,34,2,592,0,0,0,1.8,23.53
NY,2024,Kings County,AD 58 ED 032,670,42,4,716,0,0,0,2.69,0
NY,2024,Kings County,AD 58 ED 033,630,48,10,688,0,0,0,0.79,14.58
NY,2024,Kings County,AD 58 ED 034,609,49,8,666,0,0,0,1.48,22.45
NY,2024,Kings County,AD 58 ED 035,788,48,6,842,0,0,0,0.76,25
NY,2024,Kings County,AD 58 ED 036,557,40,8,605,0,0,0,-0.54,27.5
NY,2024,Kings County,AD 58 ED 037,784,63,7,854,0,0,0,1.91,19.05
NY,2024,Kings County,AD 58 ED 038,552,40,4,596,0,0,0,3.99,20
NY,2024,Kings County,AD 58 ED 039,601,45,5,651,0,0,0,1,22.22
NY,2024,Kings County,AD 58 ED 040,645,49,14,708,0,0,0,0.31,4.08
NY,2024,Kings County,AD 58 ED 041,610,44,14,668,0,0,0,0,25
NY,2024,Kings County,AD 58 ED 042,673,41,12,726,0,0,0,2.23,29.27
NY,2024,Kings County,AD 58 ED 043,625,40,6,671,0,0,0,0.8,12.5
NY,2024,Kings County,AD 58 ED 044,563,45,12,620,0,0,0,0.53,17.78
NY,2024,Kings County,AD 58 ED 045,491,38,4,533,0,0,0,1.02,5.26
NY,2024,Kings County,AD 58 ED 046,341,18,3,362,0,0,0,1.76,33.33
NY,2024,Kings County,AD 58 ED 047,93,7,0,100,0,0,0,3.23,14.29
NY,2024,Kings County,AD 58 ED 048,326,37,1,364,0,0,0,-0.61,16.22
NY,2024,Kings County,AD 58 ED 049,465,19,1,485,0,0,0,0.65,26.32
NY,2024,Kings County,AD 58 ED 050,466,44,6,516,0,0,0,1.07,0
NY,2024,Kings County,AD 58 ED 051,575,37,4,616,0,0,0,2.61,0
NY,2024,Kings County,AD 58 ED 052,548,30,4,582,0,0,0,-0.36,20
NY,2024,Kings County,AD 58 ED 053,875,55,8,938,0,0,0,3.2,0
NY,2024,Kings County,AD 58 ED 054,235,17,0,252,0,0,0,1.7,23.53
NY,2024,Kings County,AD 58 ED 055,541,52,1,594,0,0,0,2.59,26.92
NY,2024,Kings County,AD 58 ED 056,510,52,3,565,0,0,0,0.2,19.23
NY,2024,Kings County,AD 58 ED 057,824,103,9,936,0,0,0,0.97,8.74
NY,2024,Kings County,AD 58 ED 058,844,71,3,918,0,0,0,1.07,12.68
NY,2024,Kings County,AD 58 ED 059,774,70,8,852,0,0,0,1.29,8.57
NY,2024,Kings County,AD 58 ED 060,847,93,5,945,0,0,0,-0.71,26.88
NY,2024,Kings County,AD 58 ED 061,563,56,4,623,0,0,0,2.31,8.93
NY,2024,Kings County,AD 58 ED 062,759,75,1,835,0,0,0,1.84,25.33
NY,2024,Kings County,AD 58 ED 063,644,44,2,690,0,0,0,0.93,4.55
NY,2024,Kings County,AD 58 ED 064,292,19,4,315,0,0,0,-1.03,26.32
NY,2024,Kings County,AD 58 ED 065,562,45,3,610,0,0,0,1.42,11.11
NY,2024,Kings County,AD 58 ED 070,2,0,0,2,0,0,0,0,0
NY,2024,Kings County,AD 59 ED 001,365,54,7,426,0,0,0,1.64,11.11
NY,2024,Kings County,AD 59 ED 002,626,63,5,694,0,0,0,1.92,11.11
NY,2024,Kings County,AD 59 ED 003,841,76,6,923,0,0,0,2.02,7.89
NY,2024,Kings County,AD 59 ED 004,811,85,2,898,0,0,0,1.23,20
NY,2024,Kings County,AD 59 ED 005,809,84,8,901,0,0,0,-0.62,20.24
NY,2024,Kings County,AD 59 ED 006,803,65,7,875,0,0,0,1.74,-3.08
NY,2024,Kings County,AD 59 ED 007,832,53,4,889,0,0,0,1.68,3.77
NY,2024,Kings County,AD 59 ED 008,810,60,4,874,0,0,0,3.7,11.67
NY,2024,Kings County,AD 59 ED 009,912,47,8,967,0,0,0,2.19,4.26
NY,2024,Kings County,AD 59 ED 010,696,91,6,793,0,0,0,1.58,14.29
NY,2024,Kings County,AD 59 ED 011,759,72,6,837,0,0,0,1.84,8.33
NY,2024,Kings County,AD 59 ED 012,730,69,4,803,0,0,0,0.96,13.04
NY,2024,Kings County,AD 59 ED 013,799,60,5,864,0,0,0,2,11.67
NY,2024,Kings County,AD 59 ED 014,502,56,1,559,0,0,0,1.79,19.64
NY,2024,Kings County,AD 59 ED 015,430,34,2,466,0,0,0,1.16,8.82
NY,2024,Kings County,AD 59 ED 016,629,55,7,691,0,0,0,-0.32,1.82
NY,2024,Kings County,AD 59 ED 017,812,65,0,877,0,0,0,0.74,24.62
NY,2024,Kings County,AD 59 ED 018,791,53,3,847,0,0,0,0.13,20.75
NY,2024,Kings County,AD 59 ED 019,753,60,2,815,0,0,0,2.52,10
NY,2024,Kings County,AD 59 ED 020,643,44,2,689,0,0,0,0.31,6.82
NY,2024,Kings County,AD 59 ED 021,763,69,3,835,0,0,0,0,20.29
NY,2024,Kings County,AD 59 ED 022,644,40,4,688,0,0,0,1.4,10
NY,2024,Kings County,AD 59 ED 023,328,34,1,363,0,0,0,-1.22,32.35
NY,2024,Kings County,AD 59 ED 024,406,42,1,449,0,0,0,5.91,19.05
NY,2024,Kings County,AD 59 ED 025,355,60,0,415,0,0,0,1.69,33.33
NY,2024,Kings County,AD 59 ED 026,485,29,1,515,0,0,0,5.57,0
NY,2024,Kings County,AD 59 ED 027,666,58,5,729,0,0,0,2.85,13.79
NY,2024,Kings County,AD 59 ED 028,498,49,3,550,0,0,0,2.61,18.37
NY,2024,Kings County,AD 59 ED 029,568,97,4,669,0,0,0,0,22.68
NY,2024,Kings County,AD 59 ED 030,556,106,10,672,0,0,0,4.5,10.38
NY,2024,Kings County,AD 59 ED 031,204,30,1,235,0,0,0,0.98,13.33
NY,2024,Kings County,AD 59 ED 032,745,76,7,828,0,0,0,2.55,14.47
NY,2024,Kings County,AD 59 ED 033,568,254,13,835,0,0,0,-0.88,12.99
NY,2024,Kings County,AD 59 ED 034,549,127,14,690,0,0,0,2.19,12.6
NY,2024,Kings County,AD 59 ED 035,263,43,0,306,0,0,0,0.38,32.56
NY,2024,Kings County,AD 59 ED 036,660,136,8,804,0,0,0,2.42,8.82
NY,2024,Kings County,AD 59 ED 037,671,188,16,875,0,0,0,-1.64,16.49
NY,2024,Kings County,AD 59 ED 038,608,186,8,802,0,0,0,1.64,11.29
NY,2024,Kings County,AD 59 ED 039,758,170,12,940,0,0,0,-1.32,20.59
NY,2024,Kings County,AD 59 ED 040,47,167,1,215,0,0,0,-4.26,5.39
NY,2024,Kings County,AD 59 ED 041,576,210,7,793,0,0,0,0.17,12.38
NY,2024,Kings County,AD 59 ED 042,349,576,7,932,0,0,0,-6.3,11.11
NY,2024,Kings County,AD 59 ED 043,530,428,15,973,0,0,0,-1.51,12.62
NY,2024,Kings County,AD 59 ED 044,243,465,6,714,0,0,0,-3.7,8.17
NY,2024,Kings County,AD 59 ED 045,513,423,16,952,0,0,0,-2.34,8.75
NY,2024,Kings County,AD 59 ED 046,348,670,8,1026,0,0,0,-8.91,12.09
NY,2024,Kings County,AD 59 ED 047,108,655,6,769,0,0,0,-8.33,10.38
NY,2024,Kings County,AD 59 ED 048,168,832,6,1006,0,0,0,-16.07,9.98
NY,2024,Kings County,AD 59 ED 049,192,806,2,1000,0,0,0,-9.9,8.68
NY,2024,Kings County,AD 59 ED 050,206,745,6,957,0,0,0,-3.88,6.98
NY,2024,Kings County,AD 59 ED 051,145,319,7,471,0,0,0,-17.93,10.03
NY,2024,Kings County,AD 59 ED 052,290,494,10,794,0,0,0,-11.03,11.94
NY,2024,Kings County,AD 59 ED 053,243,409,10,662,0,0,0,-2.47,5.62
NY,2024,Kings County,AD 59 ED 054,235,434,9,678,0,0,0,-6.38,9.22
NY,2024,Kings County,AD 59 ED 055,304,572,6,882,0,0,0,-6.91,10.84
NY,2024,Kings County,AD 59 ED 056,314,698,11,1023,0,0,0,-11.15,8.74
NY,2024,Kings County,AD 59 ED 057,430,657,14,1101,0,0,0,-8.6,10.5
NY,2024,Kings County,AD 59 ED 058,144,218,6,368,0,0,0,-4.86,10.55
NY,2024,Kings County,AD 59 ED 059,109,447,3,559,0,0,0,-22.94,10.96
NY,2024,Kings County,AD 59 ED 060,123,412,1,536,0,0,0,-20.33,9.47
NY,2024,Kings County,AD 59 ED 061,30,12,0,42,0,0,0,-3.33,0
NY,2024,Kings County,AD 59 ED 062,3,2,0,5,0,0,0,0,0
NY,2024,Kings County,AD 59 ED 063,397,73,0,470,0,0,0,0.76,17.81
NY,2024,Kings County,AD 59 ED 064,11,4,0,15,0,0,0,-18.18,50
NY,2024,Kings County,AD 59 ED 065,164,429,9,602,0,0,0,-9.76,8.16
NY,2024,Kings County,AD 59 ED 066,140,443,4,587,0,0,0,-15.71,9.71
NY,2024,Kings County,AD 60 ED 001,474,52,4,530,0,0,0,1.9,13.46
NY,2024,Kings County,AD 60 ED 002,565,96,3,664,0,0,0,5.13,26.04
NY,2024,Kings County,AD 60 ED 003,467,95,6,568,0,0,0,-0.43,31.58
NY,2024,Kings County,AD 60 ED 004,661,89,10,760,0,0,0,1.97,7.87
NY,2024,Kings County,AD 60 ED 005,280,37,0,317,0,0,0,2.86,5.41
NY,2024,Kings County,AD 60 ED 006,1190,136,4,1330,0,0,0,2.44,18.38
NY,2024,Kings County,AD 60 ED 007,840,102,1,943,0,0,0,2.5,25.49
NY,2024,Kings County,AD 60 ED 008,466,95,5,566,0,0,0,2.15,18.95
NY,2024,Kings County,AD 60 ED 009,667,127,5,799,0,0,0,2.25,20.47
NY,2024,Kings County,AD 60 ED 010,716,90,4,810,0,0,0,2.37,26.67
NY,2024,Kings County,AD 60 ED 011,293,139,0,432,0,0,0,6.14,23.74
NY,2024,Kings County,AD 60 ED 012,437,37,0,474,0,0,0,3.43,29.73
NY,2024,Kings County,AD 60 ED 013,487,43,1,531,0,0,0,4.31,30.23
NY,2024,Kings County,AD 60 ED 014,778,78,4,860,0,0,0,0.51,16.67
NY,2024,Kings County,AD 60 ED 015,633,42,3,678,0,0,0,1.26,9.52
NY,2024,Kings County,AD 60 ED 016,676,46,3,725,0,0,0,1.48,13.04
NY,2024,Kings County,AD 60 ED 017,618,184,5,807,0,0,0,3.72,17.39
NY,2024,Kings County,AD 60 ED 018,490,123,7,620,0,0,0,4.29,13.82
NY,2024,Kings County,AD 60 ED 019,652,130,0,782,0,0,0,3.07,13.85
NY,2024,Kings County,AD 60 ED 020,340,52,0,392,0,0,0,2.35,15.38
NY,2024,Kings County,AD 60 ED 021,658,42,5,705,0,0,0,1.67,21.43
NY,2024,Kings County,AD 60 ED 022,546,50,1,597,0,0,0,5.68,26
NY,2024,Kings County,AD 60 ED 023,634,71,1,706,0,0,0,4.26,25.35
NY,2024,Kings County,AD 60 ED 024,397,33,3,433,0,0,0,5.04,21.21
NY,2024,Kings County,AD 60 ED 025,610,50,1,661,0,0,0,4.59,26
NY,2024,Kings County,AD 60 ED 026,560,76,4,640,0,0,0,5.71,23.68
NY,2024,Kings County,AD 60 ED 027,310,29,1,340,0,0,0,2.26,20.69
NY,2024,Kings County,AD 60 ED 028,710,63,6,779,0,0,0,1.97,12.7
NY,2024,Kings County,AD 60 ED 029,618,46,2,666,0,0,0,1.46,32.61
NY,2024,Kings County,AD 60 ED 030,725,84,6,815,0,0,0,2.21,20.24
NY,2024,Kings County,AD 60 ED 031,557,81,7,645,0,0,0,4.31,23.46
NY,2024,Kings County,AD 60 ED 032,400,68,0,468,0,0,0,4.5,14.71
NY,2024,Kings County,AD 60 ED 033,301,82,2,385,0,0,0,0.66,24.39
NY,2024,Kings County,AD 60 ED 034,441,82,3,526,0,0,0,2.27,21.95
NY,2024,Kings County,AD 60 ED 035,601,49,9,659,0,0,0,1.5,10.2
NY,2024,Kings County,AD 60 ED 036,544,48,2,594,0,0,0,2.02,18.75
NY,2024,Kings County,AD 60 ED 037,540,54,9,603,0,0,0,0.74,24.07
NY,2024,Kings County,AD 60 ED 038,550,52,8,610,0,0,0,2.36,17.31
NY,2024,Kings County,AD 60 ED 039,623,94,1,718,0,0,0,1.77,22.34
NY,2024,Kings County,AD 60 ED 040,512,75,3,590,0,0,0,3.13,9.33
NY,2024,Kings County,AD 60 ED 041,397,65,1,463,0,0,0,3.78,27.69
NY,2024,Kings County,AD 60 ED 042,584,54,2,640,0,0,0,2.57,14.81
NY,2024,Kings County,AD 60 ED 043,488,70,15,573,0,0,0,-0.61,12.86
NY,2024,Kings County,AD 60 ED 044,458,64,8,530,0,0,0,2.84,3.13
NY,2024,Kings County,AD 60 ED 045,401,85,8,494,0,0,0,-1.25,14.12
NY,2024,Kings County,AD 60 ED 046,695,100,7,802,0,0,0,2.01,20
NY,2024,Kings County,AD 60 ED 047,71,19,8,98,0,0,0,1.41,5.26
NY,2024,Kings County,AD 60 ED 048,158,38,17,213,0,0,0,-4.43,26.32
NY,2024,Kings County,AD 60 ED 049,399,75,3,477,0,0,0,3.51,21.33
NY,2024,Kings County,AD 60 ED 050,323,54,6,383,0,0,0,2.17,25.93
NY,2024,Kings County,AD 60 ED 051,593,98,17,708,0,0,0,-2.7,14.29
NY,2024,Kings County,AD 60 ED 052,570,54,3,627,0,0,0,2.98,27.78
NY,2024,Kings County,AD 60 ED 053,530,108,4,642,0,0,0,4.15,15.74
NY,2024,Kings County,AD 60 ED 054,655,88,3,746,0,0,0,1.68,23.86
NY,2024,Kings County,AD 60 ED 055,601,83,5,689,0,0,0,3.66,21.69
NY,2024,Kings County,AD 60 ED 056,381,46,2,429,0,0,0,1.84,17.39
NY,2024,Kings County,AD 60 ED 057,441,70,4,515,0,0,0,-0.91,30
NY,2024,Kings County,AD 60 ED 058,527,61,4,592,0,0,0,0.57,16.39
NY,2024,Kings County,AD 60 ED 059,174,22,1,197,0,0,0,1.15,27.27
NY,2024,Kings County,AD 60 ED 060,22,3,2,27,0,0,0,-4.55,66.67
NY,2024,Kings County,AD 60 ED 063,5,3,0,8,0,0,0,40,0
NY,2024,Kings County,AD 60 ED 064,114,33,8,155,0,0,0,0,-3.03
NY,2024,Kings County,AD 61 ED 100,2,0,0,2,0,0,0,0,0
NY,2024,Kings County,AD 64 ED 075,560,410,44,1014,0,0,0,-7.14,10.49
NY,2024,Kings County,AD 64 ED 076,147,109,27,283,0,0,0,-12.24,16.51
NY,2024,Kings County,AD 64 ED 077,630,328,60,1018,0,0,0,-5.4,17.38
NY,2024,Kings County,AD 64 ED 078,335,248,43,626,0,0,0,-5.67,17.74
NY,2024,Kings County,AD 64 ED 079,391,224,30,645,0,0,0,-5.12,15.63
NY,2024,Kings County,AD 64 ED 080,525,330,30,885,0,0,0,-4.57,12.12
NY,2024,Kings County,AD 64 ED 081,573,330,46,949,0,0,0,-4.19,10.91
NY,2024,Kings County,AD 64 ED 082,545,428,29,1002,0,0,0,-4.04,7.94
NY,2024,Kings County,AD 64 ED 083,611,405,60,1076,0,0,0,-5.07,8.4
NY,2024,Kings County,AD 64 ED 084,302,486,25,813,0,0,0,-3.31,5.35
NY,2024,Kings County,AD 64 ED 085,275,381,12,668,0,0,0,-0.36,13.65
NY,2024,Kings County,AD 64 ED 086,263,433,15,711,0,0,0,-1.9,2.77
NY,2024,Kings County,AD 64 ED 087,188,157,25,370,0,0,0,-5.32,23.57
NY,2024,Lewis County,Croghan 1,207,699,17,923,270,602,4,,
NY,2024,Lewis County,Croghan 2,112,386,8,506,132,332,1,,
NY,2024,Lewis County,Croghan 3,58,122,6,186,69,106,1,,
NY,2024,Lewis County,Denmark 1,208,664,12,884,248,581,3,,
NY,2024,Lewis County,Denmark 2,80,203,4,287,99,171,2,,
NY,2024,Lewis County,Diana 1,245,513,33,791,276,459,1,,
NY,2024,Lewis County,Greig,222,451,14,687,231,413,5,,
NY,2024,Lewis County,Harrisburg,45,210,3,258,57,179,1,,
NY,2024,Lewis County,Lewis,73,364,2,439,95,314,0,,
NY,2024,Lewis County,Leyden 1,120,524,13,657,156,442,5,,
NY,2024,Lewis County,Leyden 2,43,139,1,183,48,121,0,,
NY,2024,Lewis County,Lowville 1,567,713,71,1351,615,638,8,,
NY,2024,Lewis County,Lowville 2,195,266,8,469,201,235,3,,
NY,2024,Lewis County,Lowville 3,54,115,2,171,63,97,0,,
NY,2024,Lewis County,Lowville 4,65,157,2,224,75,141,0,,
NY,2024,Lewis County,Lyonsdale 1,62,344,8,414,85,284,3,,
NY,2024,Lewis County,Lyonsdale 2,14,69,0,83,16,60,0,,
NY,2024,Lewis County,Lyonsdale 3,7,17,0,24,8,13,0,,
NY,2024,Lewis County,Martinsburg,175,443,16,634,193,392,2,,
NY,2024,Lewis County,Montague,9,42,0,51,12,35,0,,
NY,2024,Lewis County,New Bremen 1,317,838,18,1173,373,724,5,,
NY,2024,Lewis County,New Bremen 2,41,78,2,121,45,69,2,,
NY,2024,Lewis County,New Bremen 3,37,69,3,109,37,63,1,,
NY,2024,Lewis County,Osceola,33,107,1,141,32,98,1,,
NY,2024,Lewis County,Pinckney,39,140,6,185,46,124,1,,
NY,2024,Lewis County,Turin 1,60,250,5,315,74,216,2,,
NY,2024,Lewis County,Turin 2,43,70,7,120,47,57,1,,
NY,2024,Lewis County,Watson 1,205,571,19,795,253,480,3,,
NY,2024,Lewis County,Watson 2,76,122,1,199,78,104,1,,
NY,2024,Lewis County,West Turin 1,88,374,7,469,109,307,0,,
NY,2024,Lewis County,West Turin 2,67,175,2,244,75,140,1,,
NY,2024,Lewis County,West Turin 3,33,118,2,153,45,102,0,,
NY,2024,Livingston County,Avon 1,407,626,5,1038,422,585,6,,
NY,2024,Livingston County,Avon 2,473,500,13,986,473,478,6,,
NY,2024,Livingston County,Avon 3,517,444,6,967,509,418,3,,
NY,2024,Livingston County,Avon 4,457,454,11,922,474,429,4,,
NY,2024,Livingston County,Caledonia 1,264,477,6,747,276,440,4,,
NY,2024,Livingston County,Caledonia 2,277,524,6,807,286,494,3,,
NY,2024,Livingston County,Caledonia 3,307,513,13,833,321,492,3,,
NY,2024,Livingston County,Conesus 1,205,460,2,667,218,430,1,,
NY,2024,Livingston County,Conesus 2,258,483,9,750,272,470,2,,
NY,2024,Livingston County,Geneseo 1,635,452,9,1096,642,419,6,,
NY,2024,Livingston County,Geneseo 2,439,274,18,731,444,269,6,,
NY,2024,Livingston County,Geneseo 3,424,505,5,934,429,470,8,,
NY,2024,Livingston County,Geneseo 4,378,361,6,745,385,339,0,,
NY,2024,Livingston County,Geneseo 5,199,49,1,249,188,40,4,,
NY,2024,Livingston County,Groveland 1,212,327,5,544,218,314,4,,
NY,2024,Livingston County,Groveland 2,82,200,3,285,83,191,3,,
NY,2024,Livingston County,Leicester 1,385,721,5,1111,443,623,3,,
NY,2024,Livingston County,Lima 1,537,725,21,1283,545,714,6,,
NY,2024,Livingston County,Lima 2,458,566,10,1034,457,547,5,,
NY,2024,Livingston County,Livonia 1,289,640,10,939,311,589,5,,
NY,2024,Livingston County,Livonia 2,354,582,8,944,369,537,6,,
NY,2024,Livingston County,Livonia 3,353,407,9,769,370,371,2,,
NY,2024,Livingston County,Livonia 4,390,499,9,898,389,476,1,,
NY,2024,Livingston County,Livonia 5,380,506,3,889,401,467,6,,
NY,2024,Livingston County,Mt. Morris 1,246,371,2,619,272,321,5,,
NY,2024,Livingston County,Mt. Morris 2,208,319,4,531,236,274,1,,
NY,2024,Livingston County,Mt. Morris 3,156,446,2,604,184,406,1,,
NY,2024,Livingston County,North Dansville 1,292,439,8,739,325,398,4,,
NY,2024,Livingston County,North Dansville 2,233,381,2,616,249,344,2,,
NY,2024,Livingston County,North Dansville 3,204,481,3,688,248,408,4,,
NY,2024,Livingston County,North Dansville 4,139,326,2,467,171,286,0,,
NY,2024,Livingston County,Nunda 1,272,723,9,1004,309,664,7,,
NY,2024,Livingston County,Nunda 2,89,296,1,386,114,260,2,,
NY,2024,Livingston County,Ossian 1,117,323,1,441,132,291,2,,
NY,2024,Livingston County,Portage 1,92,296,4,392,111,275,0,,
NY,2024,Livingston County,Sparta 1,256,627,5,888,292,581,2,,
NY,2024,Livingston County,Springwater 1,327,856,13,1196,340,821,7,,
NY,2024,Livingston County,West Sparta 1,166,459,0,625,198,405,0,,
NY,2024,Livingston County,York 1,291,492,5,788,315,447,5,,
NY,2024,Livingston County,York 2,380,650,3,1033,409,587,5,,
NY,2024,Madison County,City of Oneida Ward 1 1 LD 999,411,572,15,998,424,531,9,,
NY,2024,Madison County,City of Oneida Ward 2 1 LD 999,394,480,13,887,412,440,4,,
NY,2024,Madison County,City of Oneida Ward 3 1 LD 999,449,466,10,925,466,436,6,,
NY,2024,Madison County,City of Oneida Ward 4 1 LD 999,170,255,3,428,178,235,0,,
NY,2024,Madison County,City of Oneida Ward 5 1 LD 999,241,350,2,593,256,312,0,,
NY,2024,Madison County,City of Oneida Ward 6 1 LD 999,246,405,4,655,273,358,6,,
NY,2024,Madison County,Town of Brookfield 1 LD 999,73,211,4,288,84,188,4,,
NY,2024,Madison County,Town of Brookfield 2 LD 999,128,385,2,515,142,337,1,,
NY,2024,Madison County,Town of Brookfield 3 LD 999,101,251,2,354,111,230,3,,
NY,2024,Madison County,Town of Cazenovia 1 LD 999,310,370,8,688,309,357,2,,
NY,2024,Madison County,Town of Cazenovia 2 LD 999,360,222,6,588,352,234,0,,
NY,2024,Madison County,Town of Cazenovia 3 LD 999,378,195,11,584,381,192,3,,
NY,2024,Madison County,Town of Cazenovia 4 LD 999,602,367,13,982,586,381,6,,
NY,2024,Madison County,Town of Cazenovia 5 LD 999,416,349,23,788,414,369,4,,
NY,2024,Madison County,Town of Cazenovia 6 LD 999,342,215,2,559,334,214,5,,
NY,2024,Madison County,Town of DeRuyter 1 LD 999,263,519,3,785,275,484,1,,
NY,2024,Madison County,Town of Eaton 1 LD 999,370,513,12,895,368,465,14,,
NY,2024,Madison County,Town of Eaton 2 LD 999,296,475,10,781,310,438,9,,
NY,2024,Madison County,Town of Fenner 1 LD 999,355,521,7,883,355,500,6,,
NY,2024,Madison County,Town of Georgetown 1 LD 999,77,257,2,336,94,229,3,,
NY,2024,Madison County,Town of Hamilton 1 LD 999,447,106,12,565,446,105,4,,
NY,2024,Madison County,Town of Hamilton 2 LD 999,516,148,10,674,502,143,3,,
NY,2024,Madison County,Town of Hamilton 3 LD 999,122,170,5,297,126,161,3,,
NY,2024,Madison County,Town of Hamilton 4 LD 999,309,398,10,717,317,373,4,,
NY,2024,Madison County,Town of Lebanon 1 LD 999,86,162,0,248,91,148,1,,
NY,2024,Madison County,Town of Lebanon 2 LD 999,188,253,2,443,202,224,0,,
NY,2024,Madison County,Town of Lenox 1 LD 999,293,649,6,948,322,595,3,,
NY,2024,Madison County,Town of Lenox 2 LD 999,191,344,1,536,205,306,1,,
NY,2024,Madison County,Town of Lenox 3 LD 999,338,511,9,858,367,458,3,,
NY,2024,Madison County,Town of Lenox 4 LD 999,293,340,5,638,310,322,3,,
NY,2024,Madison County,Town of Lenox 5 LD 999,346,476,6,828,350,458,7,,
NY,2024,Madison County,Town of Lenox 6 LD 999,116,184,0,300,117,175,1,,
NY,2024,Madison County,Town of Lincoln 1 LD 999,211,349,5,565,214,321,2,,
NY,2024,Madison County,Town of Lincoln 2 LD 999,107,308,1,416,117,285,5,,
NY,2024,Madison County,Town of Madison 1 LD 999,317,486,5,808,349,442,4,,
NY,2024,Madison County,Town of Madison 2 LD 999,273,344,6,623,289,322,1,,
NY,2024,Madison County,Town of Nelson 1 LD 999,239,289,2,530,244,274,0,,
NY,2024,Madison County,Town of Nelson 2 LD 999,315,360,5,680,312,340,8,,
NY,2024,Madison County,Town of Smithfield 1 LD 999,145,388,10,543,171,340,9,,
NY,2024,Madison County,Town of Stockbridge 1 LD 999,118,283,2,403,133,242,1,,
NY,2024,Madison County,Town of Stockbridge 2 LD 999,148,400,3,551,164,346,3,,
NY,2024,Madison County,Town of Sullivan 1 LD 999,586,586,18,1190,585,582,8,,
NY,2024,Madison County,Town of Sullivan 10 LD 999,370,381,8,759,375,357,2,,
NY,2024,Madison County,Town of Sullivan 11 LD 999,254,393,13,660,260,374,3,,
NY,2024,Madison County,Town of Sullivan 2 LD 999,376,515,19,910,401,474,5,,
NY,2024,Madison County,Town of Sullivan 3 LD 999,320,457,8,785,340,425,3,,
NY,2024,Madison County,Town of Sullivan 4 LD 999,141,212,4,357,161,189,1,,
NY,2024,Madison County,Town of Sullivan 5 LD 999,389,540,11,940,413,487,4,,
NY,2024,Madison County,Town of Sullivan 6 LD 999,347,391,5,743,345,382,2,,
NY,2024,Madison County,Town of Sullivan 7 LD 999,297,538,8,843,333,492,6,,
NY,2024,Madison County,Town of Sullivan 8 LD 999,221,239,7,467,230,220,3,,
NY,2024,Madison County,Town of Sullivan 9 LD 999,228,447,7,682,223,435,3,,
NY,2024,Montgomery County,Amsterdam 1,306,572,10,888,362,491,5,,
NY,2024,Montgomery County,Amsterdam 2,287,436,4,727,325,364,1,,
NY,2024,Montgomery County,Amsterdam 3,540,897,10,1447,607,767,5,,
NY,2024,Montgomery County,Canajoharie 1,344,565,9,918,389,481,4,,
NY,2024,Montgomery County,Canajoharie 2,102,270,1,373,127,225,0,,
NY,2024,Montgomery County,Canajoharie 3,101,277,5,383,108,248,2,,
NY,2024,Montgomery County,Charleston 1,164,600,6,770,197,538,6,,
NY,2024,Montgomery County,City of Amsterdam Ward 1 1,293,272,4,569,314,225,1,,
NY,2024,Montgomery County,City of Amsterdam Ward 1 2,75,113,0,188,82,102,0,,
NY,2024,Montgomery County,City of Amsterdam Ward 1 3,274,257,4,535,271,238,1,,
NY,2024,Montgomery County,City of Amsterdam Ward 1 4,135,162,2,299,157,121,2,,
NY,2024,Montgomery County,City of Amsterdam Ward 2 1,42,27,0,69,44,21,0,,
NY,2024,Montgomery County,City of Amsterdam Ward 2 2,95,90,3,188,97,74,3,,
NY,2024,Montgomery County,City of Amsterdam Ward 2 3,32,60,1,93,28,49,1,,
NY,2024,Montgomery County,City of Amsterdam Ward 2 4,307,423,5,735,343,349,4,,
NY,2024,Montgomery County,City of Amsterdam Ward 3 1,252,252,5,509,266,200,6,,
NY,2024,Montgomery County,City of Amsterdam Ward 3 2,156,150,2,308,161,138,1,,
NY,2024,Montgomery County,City of Amsterdam Ward 3 3,198,160,1,359,205,137,1,,
NY,2024,Montgomery County,City of Amsterdam Ward 4 1,436,533,3,972,471,434,0,,
NY,2024,Montgomery County,City of Amsterdam Ward 5 1,121,94,0,215,127,71,3,,
NY,2024,Montgomery County,City of Amsterdam Ward 5 2,79,84,0,163,83,71,2,,
NY,2024,Montgomery County,City of Amsterdam Ward 5 3,125,102,2,229,124,71,2,,
NY,2024,Montgomery County,City of Amsterdam Ward 5 4,222,273,2,497,248,223,0,,
NY,2024,Montgomery County,Florida 1,479,1083,18,1580,564,952,4,,
NY,2024,Montgomery County,Glen 1,338,823,9,1170,393,725,7,,
NY,2024,Montgomery County,Minden 1,140,632,6,778,194,533,6,,
NY,2024,Montgomery County,Minden 2,325,472,9,806,359,405,5,,
NY,2024,Montgomery County,Root 1,215,613,8,836,243,557,4,,
NY,2024,Montgomery County,St Johnsville 1,323,702,5,1030,356,618,10,,
NY,2024,New York County,AD 61 ED 060,628,165,23,816,0,0,0,1.75,-6.67
NY,2024,New York County,AD 61 ED 061,816,261,24,1101,0,0,0,2.21,0.77
NY,2024,New York County,AD 61 ED 062,708,237,26,971,0,0,0,2.68,-8.86
NY,2024,New York County,AD 61 ED 063,926,287,29,1242,0,0,0,2.48,-7.32
NY,2024,New York County,AD 61 ED 064,563,151,20,734,0,0,0,3.2,-6.62
NY,2024,New York County,AD 61 ED 065,846,244,26,1116,0,0,0,2.48,-4.51
NY,2024,New York County,AD 61 ED 066,715,230,29,974,0,0,0,2.8,-11.74
NY,2024,New York County,AD 61 ED 067,721,202,16,939,0,0,0,3.19,-5.94
NY,2024,New York County,AD 61 ED 068,914,275,25,1214,0,0,0,1.97,-1.82
NY,2024,New York County,AD 61 ED 069,2,0,0,2,0,0,0,0,0
NY,2024,New York County,AD 65 ED 001,798,223,35,1056,0,0,0,2.13,-10.31
NY,2024,New York County,AD 65 ED 002,660,129,26,815,0,0,0,3.18,-12.4
NY,2024,New York County,AD 65 ED 003,894,252,29,1175,0,0,0,3.13,-13.49
NY,2024,New York County,AD 65 ED 004,760,208,19,987,0,0,0,2.37,-7.69
NY,2024,New York County,AD 65 ED 005,612,170,16,798,0,0,0,2.45,-1.18
NY,2024,New York County,AD 65 ED 006,592,151,20,763,0,0,0,3.89,-11.92
NY,2024,New York County,AD 65 ED 007,646,338,13,997,0,0,0,0.15,10.95
NY,2024,New York County,AD 65 ED 008,440,262,15,717,0,0,0,0.45,4.58
NY,2024,New York County,AD 65 ED 009,757,173,22,952,0,0,0,2.91,-8.67
NY,2024,New York County,AD 65 ED 010,730,164,25,919,0,0,0,3.29,-0.61
NY,2024,New York County,AD 65 ED 011,365,84,6,455,0,0,0,4.66,-4.76
NY,2024,New York County,AD 65 ED 012,332,138,5,475,0,0,0,8.43,28.99
NY,2024,New York County,AD 65 ED 013,498,206,14,718,0,0,0,-1.41,24.76
NY,2024,New York County,AD 65 ED 014,265,115,7,387,0,0,0,1.51,23.48
NY,2024,New York County,AD 65 ED 015,324,246,12,582,0,0,0,-1.85,29.67
NY,2024,New York County,AD 65 ED 016,255,265,2,522,0,0,0,3.14,23.4
NY,2024,New York County,AD 65 ED 017,363,153,14,530,0,0,0,1.1,27.45
NY,2024,New York County,AD 65 ED 018,383,154,4,541,0,0,0,4.96,30.52
NY,2024,New York County,AD 65 ED 019,552,255,15,822,0,0,0,2.17,26.27
NY,2024,New York County,AD 65 ED 020,378,126,11,515,0,0,0,3.17,22.22
NY,2024,New York County,AD 65 ED 021,413,193,21,627,0,0,0,-0.48,18.13
NY,2024,New York County,AD 65 ED 022,326,71,9,406,0,0,0,5.52,-8.45
NY,2024,New York County,AD 65 ED 023,451,195,9,655,0,0,0,3.55,22.56
NY,2024,New York County,AD 65 ED 024,294,135,3,432,0,0,0,3.4,27.41
NY,2024,New York County,AD 65 ED 025,342,109,8,459,0,0,0,-0.29,32.11
NY,2024,New York County,AD 65 ED 026,606,202,5,813,0,0,0,3.14,14.36
NY,2024,New York County,AD 65 ED 027,386,127,6,519,0,0,0,5.96,28.35
NY,2024,New York County,AD 65 ED 028,642,202,18,862,0,0,0,1.25,9.9
NY,2024,New York County,AD 65 ED 029,791,257,25,1073,0,0,0,-3.16,15.95
NY,2024,New York County,AD 65 ED 030,488,203,4,695,0,0,0,2.46,23.65
NY,2024,New York County,AD 65 ED 031,357,92,12,461,0,0,0,-5.32,21.74
NY,2024,New York County,AD 65 ED 032,535,138,11,684,0,0,0,1.87,16.67
NY,2024,New York County,AD 65 ED 033,906,251,21,1178,0,0,0,2.98,16.33
NY,2024,New York County,AD 65 ED 034,334,92,12,438,0,0,0,1.2,16.3
NY,2024,New York County,AD 65 ED 035,706,158,20,884,0,0,0,2.41,16.46
NY,2024,New York County,AD 65 ED 036,344,54,12,410,0,0,0,3.78,-11.11
NY,2024,New York County,AD 65 ED 037,91,17,1,109,0,0,0,-5.49,23.53
NY,2024,New York County,AD 65 ED 038,238,36,3,277,0,0,0,2.52,0
NY,2024,New York County,AD 65 ED 039,200,60,6,266,0,0,0,3.5,13.33
NY,2024,New York County,AD 65 ED 040,709,99,21,829,0,0,0,2.96,1.01
NY,2024,New York County,AD 65 ED 041,502,96,21,619,0,0,0,0.6,6.25
NY,2024,New York County,AD 65 ED 042,468,172,11,651,0,0,0,-1.07,27.33
NY,2024,New York County,AD 65 ED 043,524,176,23,723,0,0,0,-1.53,23.3
NY,2024,New York County,AD 65 ED 044,689,201,21,911,0,0,0,1.45,10.45
NY,2024,New York County,AD 65 ED 045,588,163,16,767,0,0,0,-1.7,19.02
NY,2024,New York County,AD 65 ED 046,726,302,15,1043,0,0,0,-0.28,20.2
NY,2024,New York County,AD 65 ED 047,402,131,6,539,0,0,0,2.99,29.77
NY,2024,New York County,AD 65 ED 048,316,114,3,433,0,0,0,5.7,24.56
NY,2024,New York County,AD 65 ED 049,613,185,16,814,0,0,0,0.33,24.86
NY,2024,New York County,AD 65 ED 050,484,182,16,682,0,0,0,-2.48,26.92
NY,2024,New York County,AD 65 ED 051,433,162,23,618,0,0,0,0.46,28.4
NY,2024,New York County,AD 65 ED 052,453,91,19,563,0,0,0,-1.1,25.27
NY,2024,New York County,AD 65 ED 053,414,88,21,523,0,0,0,0.24,18.18
NY,2024,New York County,AD 65 ED 054,372,159,9,540,0,0,0,-4.57,30.82
NY,2024,New York County,AD 65 ED 055,308,155,9,472,0,0,0,-2.92,25.16
NY,2024,New York County,AD 65 ED 056,303,184,0,487,0,0,0,-3.63,29.89
NY,2024,New York County,AD 65 ED 057,861,107,32,1000,0,0,0,-0.12,0
NY,2024,New York County,AD 65 ED 058,600,119,23,742,0,0,0,-0.5,7.56
NY,2024,New York County,AD 65 ED 059,669,107,22,798,0,0,0,-1.79,17.76
NY,2024,New York County,AD 65 ED 060,654,156,14,824,0,0,0,5.35,1.28
NY,2024,New York County,AD 65 ED 061,387,135,13,535,0,0,0,2.33,22.96
NY,2024,New York County,AD 65 ED 062,391,117,8,516,0,0,0,-2.3,34.19
NY,2024,New York County,AD 65 ED 063,421,151,6,578,0,0,0,5.46,14.57
NY,2024,New York County,AD 65 ED 064,643,151,16,810,0,0,0,0.47,21.85
NY,2024,New York County,AD 65 ED 065,439,165,1,605,0,0,0,11.85,24.85
NY,2024,New York County,AD 65 ED 066,427,147,6,580,0,0,0,7.26,31.29
NY,2024,New York County,AD 65 ED 067,328,69,7,404,0,0,0,-1.22,18.84
NY,2024,New York County,AD 66 ED 001,5,1,0,6,0,0,0,0,0
NY,2024,New York County,AD 66 ED 002,667,100,19,786,0,0,0,1.5,-9
NY,2024,New York County,AD 66 ED 003,611,82,15,708,0,0,0,1.96,-1.22
NY,2024,New York County,AD 66 ED 004,978,122,22,1122,0,0,0,2.04,-13.11
NY,2024,New York County,AD 66 ED 005,603,89,14,706,0,0,0,0,-2.25
NY,2024,New York County,AD 66 ED 006,772,129,14,915,0,0,0,1.55,-4.65
NY,2024,New York County,AD 66 ED 007,646,124,16,786,0,0,0,0.62,-6.45
NY,2024,New York County,AD 66 ED 008,761,144,23,928,0,0,0,3.15,-18.06
NY,2024,New York County,AD 66 ED 009,733,88,22,843,0,0,0,1.36,-13.64
NY,2024,New York County,AD 66 ED 010,798,75,14,887,0,0,0,3.51,-26.67
NY,2024,New York County,AD 66 ED 011,738,139,21,898,0,0,0,1.49,-10.79
NY,2024,New York County,AD 66 ED 012,933,185,28,1146,0,0,0,2.36,-11.89
NY,2024,New York County,AD 66 ED 013,458,144,10,612,0,0,0,4.59,-5.56
NY,2024,New York County,AD 66 ED 014,803,103,17,923,0,0,0,3.99,-19.42
NY,2024,New York County,AD 66 ED 015,829,109,17,955,0,0,0,2.65,-7.34
NY,2024,New York County,AD 66 ED 016,1063,171,23,1257,0,0,0,2.35,-12.28
NY,2024,New York County,AD 66 ED 017,645,104,17,766,0,0,0,3.72,-18.27
NY,2024,New York County,AD 66 ED 018,729,129,14,872,0,0,0,2.33,-12.4
NY,2024,New York County,AD 66 ED 019,887,144,25,1056,0,0,0,2.37,-12.5
NY,2024,New York County,AD 66 ED 020,634,123,27,784,0,0,0,1.26,-6.5
NY,2024,New York County,AD 66 ED 021,802,134,19,955,0,0,0,3.24,-9.7
NY,2024,New York County,AD 66 ED 022,77,11,1,89,0,0,0,0,0
NY,2024,New York County,AD 66 ED 023,889,111,11,1011,0,0,0,3.71,-15.32
NY,2024,New York County,AD 66 ED 024,839,91,15,945,0,0,0,2.26,-26.37
NY,2024,New York County,AD 66 ED 025,928,155,20,1103,0,0,0,1.62,-17.42
NY,2024,New York County,AD 66 ED 026,701,78,18,797,0,0,0,2.71,-26.92
NY,2024,New York County,AD 66 ED 027,522,100,14,636,0,0,0,6.13,-25
NY,2024,New York County,AD 66 ED 028,696,131,23,850,0,0,0,3.16,-13.74
NY,2024,New York County,AD 66 ED 029,621,95,12,728,0,0,0,1.77,-7.37
NY,2024,New York County,AD 66 ED 030,445,74,18,537,0,0,0,1.8,2.7
NY,2024,New York County,AD 66 ED 031,762,155,20,937,0,0,0,2.49,-4.52
NY,2024,New York County,AD 66 ED 032,838,174,18,1030,0,0,0,1.31,-2.3
NY,2024,New York County,AD 66 ED 033,663,112,14,789,0,0,0,2.11,0
NY,2024,New York County,AD 66 ED 034,586,70,22,678,0,0,0,1.37,-15.71
NY,2024,New York County,AD 66 ED 035,786,91,20,897,0,0,0,5.09,-29.67
NY,2024,New York County,AD 66 ED 036,899,87,12,998,0,0,0,1.11,-13.79
NY,2024,New York County,AD 66 ED 037,857,113,12,982,0,0,0,1.87,-8.85
NY,2024,New York County,AD 66 ED 038,829,101,12,942,0,0,0,1.57,-6.93
NY,2024,New York County,AD 66 ED 039,248,25,4,277,0,0,0,4.03,-36
NY,2024,New York County,AD 66 ED 040,524,44,8,576,0,0,0,5.34,-27.27
NY,2024,New York County,AD 66 ED 041,786,81,24,891,0,0,0,2.04,-23.46
NY,2024,New York County,AD 66 ED 042,878,140,20,1038,0,0,0,3.87,-14.29
NY,2024,New York County,AD 66 ED 043,543,84,12,639,0,0,0,1.29,-4.76
NY,2024,New York County,AD 66 ED 044,684,113,14,811,0,0,0,1.9,0.88
NY,2024,New York County,AD 66 ED 045,666,78,10,754,0,0,0,2.55,0
NY,2024,New York County,AD 66 ED 046,349,47,12,408,0,0,0,-0.29,4.26
NY,2024,New York County,AD 66 ED 047,727,92,22,841,0,0,0,1.38,-1.09
NY,2024,New York County,AD 66 ED 048,733,93,32,858,0,0,0,1.64,-11.83
NY,2024,New York County,AD 66 ED 049,812,193,27,1032,0,0,0,1.35,8.29
NY,2024,New York County,AD 66 ED 050,841,83,21,945,0,0,0,2.38,-10.84
NY,2024,New York County,AD 66 ED 051,887,140,33,1060,0,0,0,2.48,-10
NY,2024,New York County,AD 66 ED 052,470,106,14,590,0,0,0,3.83,1.89
NY,2024,New York County,AD 66 ED 053,581,82,29,692,0,0,0,1.03,2.44
NY,2024,New York County,AD 66 ED 054,680,132,17,829,0,0,0,2.35,-3.03
NY,2024,New York County,AD 66 ED 055,515,139,10,664,0,0,0,2.52,0
NY,2024,New York County,AD 66 ED 056,690,28,24,742,0,0,0,1.74,-28.57
NY,2024,New York County,AD 66 ED 057,790,50,31,871,0,0,0,0.89,-26
NY,2024,New York County,AD 66 ED 058,771,89,23,883,0,0,0,3.24,-15.73
NY,2024,New York County,AD 66 ED 059,578,76,11,665,0,0,0,3.46,-10.53
NY,2024,New York County,AD 66 ED 060,547,98,16,661,0,0,0,0.37,6.12
NY,2024,New York County,AD 66 ED 061,612,106,20,738,0,0,0,1.96,-5.66
NY,2024,New York County,AD 66 ED 062,45,7,1,53,0,0,0,6.67,-14.29
NY,2024,New York County,AD 66 ED 063,615,179,21,815,0,0,0,4.72,-13.41
NY,2024,New York County,AD 66 ED 064,828,155,24,1007,0,0,0,3.5,-14.84
NY,2024,New York County,AD 66 ED 065,609,91,13,713,0,0,0,0.82,-2.2
NY,2024,New York County,AD 66 ED 066,933,246,43,1222,0,0,0,1.39,-8.94
NY,2024,New York County,AD 66 ED 067,855,289,27,1171,0,0,0,1.52,-2.77
NY,2024,New York County,AD 66 ED 068,877,182,19,1078,0,0,0,1.48,0
NY,2024,New York County,AD 66 ED 069,737,129,22,888,0,0,0,2.04,-13.95
NY,2024,New York County,AD 66 ED 070,702,214,19,935,0,0,0,2.14,-3.74
NY,2024,New York County,AD 66 ED 071,748,155,20,923,0,0,0,0.67,-5.81
NY,2024,New York County,AD 66 ED 072,383,99,8,490,0,0,0,5.48,-14.14
NY,2024,New York County,AD 66 ED 073,817,171,19,1007,0,0,0,4.04,-12.87
NY,2024,New York County,AD 66 ED 074,94,9,2,105,0,0,0,1.06,-22.22
NY,2024,New York County,AD 67 ED 001,834,127,14,975,0,0,0,-0.36,4.72
NY,2024,New York County,AD 67 ED 002,555,75,9,639,0,0,0,2.16,-6.67
NY,2024,New York County,AD 67 ED 003,851,93,24,968,0,0,0,0.94,-21.51
NY,2024,New York County,AD 67 ED 004,878,126,22,1026,0,0,0,0.46,-5.56
NY,2024,New York County,AD 67 ED 005,951,134,23,1108,0,0,0,0.32,-3.73
NY,2024,New York County,AD 67 ED 006,187,43,7,237,0,0,0,5.88,-4.65
NY,2024,New York County,AD 67 ED 007,990,162,26,1178,0,0,0,-0.1,-2.47
NY,2024,New York County,AD 67 ED 008,894,142,24,1060,0,0,0,0.11,4.23
NY,2024,New York County,AD 67 ED 009,775,107,13,895,0,0,0,1.81,3.74
NY,2024,New York County,AD 67 ED 010,886,122,17,1025,0,0,0,3.61,-18.03
NY,2024,New York County,AD 67 ED 011,874,119,19,1012,0,0,0,1.37,-10.08
NY,2024,New York County,AD 67 ED 012,1086,137,20,1243,0,0,0,2.76,-11.68
NY,2024,New York County,AD 67 ED 013,871,144,34,1049,0,0,0,0.11,-13.19
NY,2024,New York County,AD 67 ED 014,641,98,25,764,0,0,0,-0.78,-3.06
NY,2024,New York County,AD 67 ED 015,809,106,20,935,0,0,0,-0.12,2.83
NY,2024,New York County,AD 67 ED 016,1203,181,24,1408,0,0,0,1.75,-12.15
NY,2024,New York County,AD 67 ED 017,833,85,18,936,0,0,0,2.4,-18.82
NY,2024,New York County,AD 67 ED 018,948,107,15,1070,0,0,0,1.05,-1.87
NY,2024,New York County,AD 67 ED 019,956,125,23,1104,0,0,0,3.03,-22.4
NY,2024,New York County,AD 67 ED 020,1003,116,20,1139,0,0,0,3.49,-19.83
NY,2024,New York County,AD 67 ED 021,785,160,19,964,0,0,0,1.15,1.25
NY,2024,New York County,AD 67 ED 022,827,133,16,976,0,0,0,0.12,0.75
NY,2024,New York County,AD 67 ED 023,359,51,10,420,0,0,0,2.79,-19.61
NY,2024,New York County,AD 67 ED 024,955,110,25,1090,0,0,0,3.35,-22.73
NY,2024,New York County,AD 67 ED 025,682,86,25,793,0,0,0,1.91,-25.58
NY,2024,New York County,AD 67 ED 026,1126,113,33,1272,0,0,0,1.42,-23.89
NY,2024,New York County,AD 67 ED 027,582,102,17,701,0,0,0,0.52,0.98
NY,2024,New York County,AD 67 ED 028,656,95,17,768,0,0,0,1.07,-8.42
NY,2024,New York County,AD 67 ED 029,646,90,16,752,0,0,0,2.01,4.44
NY,2024,New York County,AD 67 ED 030,1076,164,23,1263,0,0,0,2.23,-5.49
NY,2024,New York County,AD 67 ED 031,549,115,16,680,0,0,0,2,-10.43
NY,2024,New York County,AD 67 ED 032,887,131,31,1049,0,0,0,1.92,-12.21
NY,2024,New York County,AD 67 ED 033,689,109,12,810,0,0,0,1.89,-6.42
NY,2024,New York County,AD 67 ED 034,1011,114,31,1156,0,0,0,0.69,-18.42
NY,2024,New York County,AD 67 ED 035,775,92,21,888,0,0,0,2.19,-6.52
NY,2024,New York County,AD 67 ED 036,961,99,13,1073,0,0,0,1.87,-7.07
NY,2024,New York County,AD 67 ED 037,1098,155,26,1279,0,0,0,1.37,-7.74
NY,2024,New York County,AD 67 ED 038,1153,178,22,1353,0,0,0,1.3,-10.11
NY,2024,New York County,AD 67 ED 039,1098,170,17,1285,0,0,0,1.82,4.12
NY,2024,New York County,AD 67 ED 040,1023,149,25,1197,0,0,0,0.98,-7.38
NY,2024,New York County,AD 67 ED 041,940,192,21,1153,0,0,0,1.6,-8.85
NY,2024,New York County,AD 67 ED 042,895,169,9,1073,0,0,0,1.34,-1.78
NY,2024,New York County,AD 67 ED 043,513,157,16,686,0,0,0,2.34,-3.82
NY,2024,New York County,AD 67 ED 044,1017,157,16,1190,0,0,0,0.29,-1.91
NY,2024,New York County,AD 67 ED 045,541,154,14,709,0,0,0,-0.18,0
NY,2024,New York County,AD 67 ED 046,324,33,11,368,0,0,0,-0.93,6.06
NY,2024,New York County,AD 67 ED 047,1046,324,30,1400,0,0,0,3.25,-9.26
NY,2024,New York County,AD 67 ED 048,604,128,19,751,0,0,0,2.15,3.13
NY,2024,New York County,AD 67 ED 049,671,183,27,881,0,0,0,3.43,-5.46
NY,2024,New York County,AD 67 ED 050,607,109,15,731,0,0,0,0.99,21.1
NY,2024,New York County,AD 67 ED 051,466,119,6,591,0,0,0,1.72,21.85
NY,2024,New York County,AD 67 ED 052,796,185,26,1007,0,0,0,0.63,-3.24
NY,2024,New York County,AD 67 ED 053,519,128,9,656,0,0,0,2.7,0
NY,2024,New York County,AD 67 ED 054,593,193,13,799,0,0,0,-0.84,15.54
NY,2024,New York County,AD 67 ED 055,480,123,9,612,0,0,0,2.08,13.01
NY,2024,New York County,AD 67 ED 056,749,134,12,895,0,0,0,3.2,-4.48
NY,2024,New York County,AD 67 ED 057,946,187,29,1162,0,0,0,0.95,4.28
NY,2024,New York County,AD 67 ED 058,537,106,14,657,0,0,0,-0.74,2.83
NY,2024,New York County,AD 67 ED 059,914,212,27,1153,0,0,0,-0.44,6.13
NY,2024,New York County,AD 67 ED 060,1221,200,23,1444,0,0,0,1.72,5.5
NY,2024,New York County,AD 67 ED 061,585,166,15,766,0,0,0,-0.85,19.28
NY,2024,New York County,AD 67 ED 062,894,133,15,1042,0,0,0,1.57,-0.75
NY,2024,New York County,AD 67 ED 063,862,131,22,1015,0,0,0,2.09,-2.29
NY,2024,New York County,AD 67 ED 064,695,142,15,852,0,0,0,2.73,3.52
NY,2024,New York County,AD 67 ED 065,775,249,18,1042,0,0,0,0.13,6.83
NY,2024,New York County,AD 67 ED 066,371,124,15,510,0,0,0,2.7,0
NY,2024,New York County,AD 67 ED 067,1041,177,19,1237,0,0,0,2.02,-2.26
NY,2024,New York County,AD 68 ED 001,513,58,7,578,0,0,0,1.75,15.52
NY,2024,New York County,AD 68 ED 002,455,94,2,551,0,0,0,1.98,25.53
NY,2024,New York County,AD 68 ED 003,345,40,2,387,0,0,0,3.77,30
NY,2024,New York County,AD 68 ED 004,586,47,15,648,0,0,0,2.05,12.77
NY,2024,New York County,AD 68 ED 005,443,24,8,475,0,0,0,1.13,20.83
NY,2024,New York County,AD 68 ED 006,489,100,7,596,0,0,0,3.07,29
NY,2024,New York County,AD 68 ED 007,346,75,4,425,0,0,0,4.05,28
NY,2024,New York County,AD 68 ED 008,894,141,25,1060,0,0,0,-0.89,12.77
NY,2024,New York County,AD 68 ED 009,246,43,3,292,0,0,0,4.47,25.58
NY,2024,New York County,AD 68 ED 010,386,80,2,468,0,0,0,1.55,27.5
NY,2024,New York County,AD 68 ED 011,596,72,18,686,0,0,0,1.17,20.83
NY,2024,New York County,AD 68 ED 012,587,79,24,690,0,0,0,1.36,8.86
NY,2024,New York County,AD 68 ED 013,659,131,16,806,0,0,0,1.97,23.66
NY,2024,New York County,AD 68 ED 014,352,37,7,396,0,0,0,3.41,13.51
NY,2024,New York County,AD 68 ED 015,357,70,4,431,0,0,0,7.56,34.29
NY,2024,New York County,AD 68 ED 016,348,85,2,435,0,0,0,3.74,11.76
NY,2024,New York County,AD 68 ED 017,570,108,11,689,0,0,0,1.58,35.19
NY,2024,New York County,AD 68 ED 018,316,91,8,415,0,0,0,0,24.18
NY,2024,New York County,AD 68 ED 019,474,75,8,557,0,0,0,4.85,14.67
NY,2024,New York County,AD 68 ED 020,488,123,12,623,0,0,0,0.41,18.7
NY,2024,New York County,AD 68 ED 021,656,111,18,785,0,0,0,0.61,32.43
NY,2024,New York County,AD 68 ED 022,329,80,13,422,0,0,0,-2.13,22.5
NY,2024,New York County,AD 68 ED 023,382,63,3,448,0,0,0,6.54,17.46
NY,2024,New York County,AD 68 ED 024,41,19,0,60,0,0,0,12.2,5.26
NY,2024,New York County,AD 68 ED 025,520,115,19,654,0,0,0,2.88,20
NY,2024,New York County,AD 68 ED 026,354,91,6,451,0,0,0,4.52,23.08
NY,2024,New York County,AD 68 ED 027,341,97,1,439,0,0,0,1.76,28.87
NY,2024,New York County,AD 68 ED 028,659,109,18,786,0,0,0,1.82,10.09
NY,2024,New York County,AD 68 ED 029,601,120,28,749,0,0,0,0.33,4.17
NY,2024,New York County,AD 68 ED 030,316,82,3,401,0,0,0,3.48,23.17
NY,2024,New York County,AD 68 ED 031,428,112,19,559,0,0,0,-0.47,21.43
NY,2024,New York County,AD 68 ED 032,658,113,20,791,0,0,0,1.67,9.73
NY,2024,New York County,AD 68 ED 033,764,166,26,956,0,0,0,-0.65,21.08
NY,2024,New York County,AD 68 ED 034,458,136,6,600,0,0,0,4.8,28.68
NY,2024,New York County,AD 68 ED 035,576,106,7,689,0,0,0,2.78,18.87
NY,2024,New York County,AD 68 ED 036,381,83,6,470,0,0,0,2.36,19.28
NY,2024,New York County,AD 68 ED 037,677,200,12,889,0,0,0,-2.22,17
NY,2024,New York County,AD 68 ED 038,599,117,12,728,0,0,0,0.33,18.8
NY,2024,New York County,AD 68 ED 039,378,102,3,483,0,0,0,7.94,21.57
NY,2024,New York County,AD 68 ED 040,388,101,9,498,0,0,0,1.03,24.75
NY,2024,New York County,AD 68 ED 041,512,124,14,650,0,0,0,3.13,16.94
NY,2024,New York County,AD 68 ED 042,381,85,14,480,0,0,0,1.84,24.71
NY,2024,New York County,AD 68 ED 043,639,152,24,815,0,0,0,0,23.68
NY,2024,New York County,AD 68 ED 044,721,169,17,907,0,0,0,-0.14,13.02
NY,2024,New York County,AD 68 ED 045,504,154,14,672,0,0,0,2.18,25.32
NY,2024,New York County,AD 68 ED 046,578,135,14,727,0,0,0,-1.04,21.48
NY,2024,New York County,AD 68 ED 047,665,168,17,850,0,0,0,-0.75,23.81
NY,2024,New York County,AD 68 ED 048,639,140,7,786,0,0,0,1.1,22.14
NY,2024,New York County,AD 68 ED 049,307,67,5,379,0,0,0,2.28,22.39
NY,2024,New York County,AD 68 ED 050,291,105,4,400,0,0,0,4.47,14.29
NY,2024,New York County,AD 68 ED 051,652,161,12,825,0,0,0,0.46,18.63
NY,2024,New York County,AD 68 ED 052,605,147,21,773,0,0,0,3.47,-20.41
NY,2024,New York County,AD 68 ED 053,449,73,14,536,0,0,0,2.9,-5.48
NY,2024,New York County,AD 68 ED 054,556,136,17,709,0,0,0,2.52,-10.29
NY,2024,New York County,AD 68 ED 055,926,199,26,1151,0,0,0,1.08,-5.53
NY,2024,New York County,AD 68 ED 056,382,73,12,467,0,0,0,3.14,24.66
NY,2024,New York County,AD 68 ED 057,454,79,15,548,0,0,0,1.1,16.46
NY,2024,New York County,AD 68 ED 058,481,129,4,614,0,0,0,0.83,31.78
NY,2024,New York County,AD 68 ED 059,376,73,8,457,0,0,0,3.46,16.44
NY,2024,New York County,AD 68 ED 060,463,75,11,549,0,0,0,1.73,24
NY,2024,New York County,AD 68 ED 061,245,76,0,321,0,0,0,2.45,19.74
NY,2024,New York County,AD 68 ED 062,780,140,26,946,0,0,0,0.64,-2.86
NY,2024,New York County,AD 68 ED 063,701,133,17,851,0,0,0,-0.14,3.01
NY,2024,New York County,AD 68 ED 064,335,68,15,418,0,0,0,-1.49,-2.94
NY,2024,New York County,AD 68 ED 065,818,153,21,992,0,0,0,-0.73,9.15
NY,2024,New York County,AD 68 ED 066,1034,246,33,1313,0,0,0,2.22,-6.5
NY,2024,New York County,AD 68 ED 067,596,194,33,823,0,0,0,0.17,3.61
NY,2024,New York County,AD 68 ED 068,277,54,7,338,0,0,0,0.72,11.11
NY,2024,New York County,AD 68 ED 069,330,114,2,446,0,0,0,0,28.95
NY,2024,New York County,AD 68 ED 070,1147,208,24,1379,0,0,0,0.96,-1.92
NY,2024,New York County,AD 68 ED 071,474,117,5,596,0,0,0,2.11,19.66
NY,2024,New York County,AD 68 ED 072,126,32,3,161,0,0,0,-0.79,28.13
NY,2024,New York County,AD 68 ED 073,183,31,2,216,0,0,0,2.19,12.9
NY,2024,New York County,AD 68 ED 074,448,82,9,539,0,0,0,-0.89,17.07
NY,2024,New York County,AD 68 ED 075,313,63,7,383,0,0,0,2.24,-3.17
NY,2024,New York County,AD 69 ED 001,315,83,0,398,0,0,0,5.4,27.71
NY,2024,New York County,AD 69 ED 002,614,110,23,747,0,0,0,4.56,25.45
NY,2024,New York County,AD 69 ED 003,414,109,2,525,0,0,0,5.31,29.36
NY,2024,New York County,AD 69 ED 004,270,86,2,358,0,0,0,4.07,29.07
NY,2024,New York County,AD 69 ED 005,602,65,18,685,0,0,0,1.16,6.15
NY,2024,New York County,AD 69 ED 006,1028,78,28,1134,0,0,0,-0.1,6.41
NY,2024,New York County,AD 69 ED 007,710,54,25,789,0,0,0,0.42,1.85
NY,2024,New York County,AD 69 ED 008,591,37,15,643,0,0,0,1.35,-5.41
NY,2024,New York County,AD 69 ED 009,560,50,22,632,0,0,0,-1.07,-4
NY,2024,New York County,AD 69 ED 010,320,30,15,365,0,0,0,2.81,-3.33
NY,2024,New York County,AD 69 ED 011,892,53,27,972,0,0,0,1.35,-7.55
NY,2024,New York County,AD 69 ED 012,1062,63,20,1145,0,0,0,1.79,-1.59
NY,2024,New York County,AD 69 ED 013,641,55,19,715,0,0,0,1.25,1.82
NY,2024,New York County,AD 69 ED 014,786,85,28,899,0,0,0,1.02,4.71
NY,2024,New York County,AD 69 ED 015,762,173,15,950,0,0,0,3.67,24.86
NY,2024,New York County,AD 69 ED 016,428,50,10,488,0,0,0,3.5,-18
NY,2024,New York County,AD 69 ED 017,443,51,13,507,0,0,0,1.13,1.96
NY,2024,New York County,AD 69 ED 018,827,151,16,994,0,0,0,-1.09,16.56
NY,2024,New York County,AD 69 ED 019,438,89,12,539,0,0,0,1.83,22.47
NY,2024,New York County,AD 69 ED 020,666,103,17,786,0,0,0,-0.3,19.42
NY,2024,New York County,AD 69 ED 021,468,58,10,536,0,0,0,0.64,20.69
NY,2024,New York County,AD 69 ED 022,834,96,17,947,0,0,0,0,26.04
NY,2024,New York County,AD 69 ED 023,808,97,17,922,0,0,0,2.97,5.15
NY,2024,New York County,AD 69 ED 024,518,128,5,651,0,0,0,4.63,31.25
NY,2024,New York County,AD 69 ED 025,629,125,6,760,0,0,0,3.18,21.6
NY,2024,New York County,AD 69 ED 026,331,84,3,418,0,0,0,5.74,30.95
NY,2024,New York County,AD 69 ED 027,618,110,8,736,0,0,0,4.21,14.55
NY,2024,New York County,AD 69 ED 028,349,14,4,367,0,0,0,2.58,-57.14
NY,2024,New York County,AD 69 ED 029,930,107,24,1061,0,0,0,1.08,5.61
NY,2024,New York County,AD 69 ED 030,935,104,19,1058,0,0,0,0.53,0.96
NY,2024,New York County,AD 69 ED 031,430,44,13,487,0,0,0,2.33,25
NY,2024,New York County,AD 69 ED 032,315,52,5,372,0,0,0,-0.32,11.54
NY,2024,New York County,AD 69 ED 033,899,114,15,1028,0,0,0,0.22,12.28
NY,2024,New York County,AD 69 ED 034,698,65,17,780,0,0,0,1.72,-4.62
NY,2024,New York County,AD 69 ED 035,639,60,14,713,0,0,0,0.78,0
NY,2024,New York County,AD 69 ED 036,818,100,12,930,0,0,0,0.49,13
NY,2024,New York County,AD 69 ED 037,790,91,15,896,0,0,0,2.15,-4.4
NY,2024,New York County,AD 69 ED 038,813,93,14,920,0,0,0,1.48,2.15
NY,2024,New York County,AD 69 ED 039,887,73,16,976,0,0,0,1.58,-2.74
NY,2024,New York County,AD 69 ED 040,567,45,8,620,0,0,0,1.41,-11.11
NY,2024,New York County,AD 69 ED 041,1286,111,33,1430,0,0,0,1.24,0.9
NY,2024,New York County,AD 69 ED 042,1031,95,17,1143,0,0,0,1.65,13.68
NY,2024,New York County,AD 69 ED 043,963,75,14,1052,0,0,0,-0.83,5.33
NY,2024,New York County,AD 69 ED 044,508,58,12,578,0,0,0,0.39,12.07
NY,2024,New York County,AD 69 ED 045,1175,86,19,1280,0,0,0,1.19,-3.49
NY,2024,New York County,AD 69 ED 046,872,89,13,974,0,0,0,1.49,-2.25
NY,2024,New York County,AD 69 ED 047,723,107,21,851,0,0,0,1.52,9.35
NY,2024,New York County,AD 69 ED 048,798,116,19,933,0,0,0,0.5,-1.72
NY,2024,New York County,AD 69 ED 049,680,112,15,807,0,0,0,2.79,9.82
NY,2024,New York County,AD 69 ED 050,928,83,27,1038,0,0,0,2.26,-25.3
NY,2024,New York County,AD 69 ED 051,713,100,14,827,0,0,0,0.7,3
NY,2024,New York County,AD 69 ED 052,1002,126,16,1144,0,0,0,1,0
NY,2024,New York County,AD 69 ED 053,652,78,12,742,0,0,0,1.84,-20.51
NY,2024,New York County,AD 69 ED 054,887,136,15,1038,0,0,0,3.61,-15.44
NY,2024,New York County,AD 69 ED 055,447,66,8,521,0,0,0,0.45,6.06
NY,2024,New York County,AD 69 ED 056,697,97,14,808,0,0,0,0.29,-1.03
NY,2024,New York County,AD 69 ED 057,548,62,11,621,0,0,0,-0.18,-3.23
NY,2024,New York County,AD 69 ED 058,1004,137,28,1169,0,0,0,1.89,6.57
NY,2024,New York County,AD 69 ED 059,839,93,23,955,0,0,0,1.31,-8.6
NY,2024,New York County,AD 69 ED 060,944,122,22,1088,0,0,0,1.8,6.56
NY,2024,New York County,AD 69 ED 061,606,78,9,693,0,0,0,0.33,7.69
NY,2024,New York County,AD 69 ED 062,594,68,14,676,0,0,0,3.2,4.41
NY,2024,New York County,AD 69 ED 063,504,62,16,582,0,0,0,-0.4,9.68
NY,2024,New York County,AD 69 ED 064,427,85,7,519,0,0,0,0,22.35
NY,2024,New York County,AD 69 ED 065,649,84,7,740,0,0,0,3.39,1.19
NY,2024,New York County,AD 69 ED 066,957,132,26,1115,0,0,0,1.88,-4.55
NY,2024,New York County,AD 69 ED 067,639,143,15,797,0,0,0,0.63,7.69
NY,2024,New York County,AD 69 ED 068,817,103,19,939,0,0,0,2.2,-11.65
NY,2024,New York County,AD 69 ED 069,680,86,11,777,0,0,0,3.09,-5.81
NY,2024,New York County,AD 69 ED 070,638,102,14,754,0,0,0,0,6.86
NY,2024,New York County,AD 69 ED 071,905,102,17,1024,0,0,0,1.1,-0.98
NY,2024,New York County,AD 69 ED 072,634,94,13,741,0,0,0,3,-18.09
NY,2024,New York County,AD 69 ED 073,1018,126,22,1166,0,0,0,2.65,-16.67
NY,2024,New York County,AD 69 ED 074,618,82,12,712,0,0,0,1.78,-3.66
NY,2024,New York County,AD 69 ED 075,695,85,14,794,0,0,0,1.87,-11.76
NY,2024,New York County,AD 69 ED 076,653,85,16,754,0,0,0,4.59,-11.76
NY,2024,New York County,AD 70 ED 001,596,172,13,781,0,0,0,1.17,27.91
NY,2024,New York County,AD 70 ED 002,372,103,5,480,0,0,0,2.15,18.45
NY,2024,New York County,AD 70 ED 003,533,111,14,658,0,0,0,-0.56,22.52
NY,2024,New York County,AD 70 ED 004,631,148,17,796,0,0,0,1.43,22.97
NY,2024,New York County,AD 70 ED 005,406,121,11,538,0,0,0,1.48,16.53
NY,2024,New York County,AD 70 ED 006,441,127,11,579,0,0,0,1.13,18.11
NY,2024,New York County,AD 70 ED 007,370,85,5,460,0,0,0,5.41,29.41
NY,2024,New York County,AD 70 ED 008,367,78,9,454,0,0,0,2.72,23.08
NY,2024,New York County,AD 70 ED 009,375,152,7,534,0,0,0,3.47,24.34
NY,2024,New York County,AD 70 ED 010,435,142,7,584,0,0,0,-2.53,24.65
NY,2024,New York County,AD 70 ED 011,502,122,5,629,0,0,0,2.39,27.87
NY,2024,New York County,AD 70 ED 012,418,98,9,525,0,0,0,0.24,24.49
NY,2024,New York County,AD 70 ED 013,824,73,19,916,0,0,0,-0.61,23.29
NY,2024,New York County,AD 70 ED 014,559,39,10,608,0,0,0,1.97,17.95
NY,2024,New York County,AD 70 ED 015,468,92,11,571,0,0,0,1.28,11.96
NY,2024,New York County,AD 70 ED 016,958,89,22,1069,0,0,0,1.04,21.35
NY,2024,New York County,AD 70 ED 017,302,58,4,364,0,0,0,0.99,15.52
NY,2024,New York County,AD 70 ED 018,644,52,11,707,0,0,0,1.24,0
NY,2024,New York County,AD 70 ED 019,597,75,17,689,0,0,0,-0.67,37.33
NY,2024,New York County,AD 70 ED 020,914,44,32,990,0,0,0,0.88,0
NY,2024,New York County,AD 70 ED 021,701,92,18,811,0,0,0,1.71,16.3
NY,2024,New York County,AD 70 ED 022,808,78,23,909,0,0,0,0.87,8.97
NY,2024,New York County,AD 70 ED 023,587,74,7,668,0,0,0,4.26,21.62
NY,2024,New York County,AD 70 ED 024,585,92,8,685,0,0,0,-0.85,38.04
NY,2024,New York County,AD 70 ED 025,496,51,9,556,0,0,0,-1.61,19.61
NY,2024,New York County,AD 70 ED 026,765,38,24,827,0,0,0,0.26,23.68
NY,2024,New York County,AD 70 ED 027,717,53,21,791,0,0,0,-0.28,20.75
NY,2024,New York County,AD 70 ED 028,721,37,19,777,0,0,0,1.8,8.11
NY,2024,New York County,AD 70 ED 029,1065,60,18,1143,0,0,0,1.88,3.33
NY,2024,New York County,AD 70 ED 030,950,85,26,1061,0,0,0,1.79,4.71
NY,2024,New York County,AD 70 ED 031,765,97,25,887,0,0,0,0,28.87
NY,2024,New York County,AD 70 ED 032,589,49,9,647,0,0,0,2.38,10.2
NY,2024,New York County,AD 70 ED 033,640,49,11,700,0,0,0,1.88,2.04
NY,2024,New York County,AD 70 ED 034,711,70,13,794,0,0,0,3.23,4.29
NY,2024,New York County,AD 70 ED 035,1120,137,21,1278,0,0,0,1.52,21.9
NY,2024,New York County,AD 70 ED 036,704,51,13,768,0,0,0,0.57,23.53
NY,2024,New York County,AD 70 ED 037,357,50,7,414,0,0,0,-0.56,30
NY,2024,New York County,AD 70 ED 038,569,59,13,641,0,0,0,1.23,32.2
NY,2024,New York County,AD 70 ED 039,676,53,15,744,0,0,0,0.74,16.98
NY,2024,New York County,AD 70 ED 040,699,77,7,783,0,0,0,1.57,24.68
NY,2024,New York County,AD 70 ED 041,879,88,10,977,0,0,0,1.25,23.86
NY,2024,New York County,AD 70 ED 042,318,41,3,362,0,0,0,2.52,29.27
NY,2024,New York County,AD 70 ED 043,547,28,7,582,0,0,0,0.91,32.14
NY,2024,New York County,AD 70 ED 044,944,76,15,1035,0,0,0,-0.64,25
NY,2024,New York County,AD 70 ED 045,361,80,3,444,0,0,0,4.16,15
NY,2024,New York County,AD 70 ED 046,429,72,4,505,0,0,0,3.5,22.22
NY,2024,New York County,AD 70 ED 047,574,60,17,651,0,0,0,0.17,13.33
NY,2024,New York County,AD 70 ED 048,507,43,16,566,0,0,0,0.79,18.6
NY,2024,New York County,AD 70 ED 049,522,74,13,609,0,0,0,0.96,22.97
NY,2024,New York County,AD 70 ED 050,490,60,12,562,0,0,0,0.82,13.33
NY,2024,New York County,AD 70 ED 051,421,90,3,514,0,0,0,-0.71,26.67
NY,2024,New York County,AD 70 ED 052,388,68,1,457,0,0,0,11.6,20.59
NY,2024,New York County,AD 70 ED 053,665,90,16,771,0,0,0,0.75,32.22
NY,2024,New York County,AD 70 ED 054,886,67,15,968,0,0,0,1.35,16.42
NY,2024,New York County,AD 70 ED 055,756,73,18,847,0,0,0,-1.06,24.66
NY,2024,New York County,AD 70 ED 056,677,68,22,767,0,0,0,1.62,14.71
NY,2024,New York County,AD 70 ED 057,510,52,11,573,0,0,0,1.18,19.23
NY,2024,New York County,AD 70 ED 058,859,69,22,950,0,0,0,1.4,21.74
NY,2024,New York County,AD 70 ED 059,647,87,11,745,0,0,0,2.32,17.24
NY,2024,New York County,AD 70 ED 060,936,61,16,1013,0,0,0,2.03,11.48
NY,2024,New York County,AD 70 ED 061,700,53,22,775,0,0,0,-0.29,1.89
NY,2024,New York County,AD 70 ED 062,887,59,22,968,0,0,0,1.01,6.78
NY,2024,New York County,AD 70 ED 063,679,65,12,756,0,0,0,3.24,18.46
NY,2024,New York County,AD 70 ED 064,876,69,31,976,0,0,0,2.97,18.84
NY,2024,New York County,AD 70 ED 065,779,92,13,884,0,0,0,1.03,14.13
NY,2024,New York County,AD 70 ED 066,981,89,16,1086,0,0,0,1.63,2.25
NY,2024,New York County,AD 70 ED 067,553,106,8,667,0,0,0,1.99,25.47
NY,2024,New York County,AD 70 ED 068,490,72,3,565,0,0,0,4.49,16.67
NY,2024,New York County,AD 70 ED 069,1207,56,16,1279,0,0,0,2.49,5.36
NY,2024,New York County,AD 71 ED 001,822,145,27,994,0,0,0,0.61,19.31
NY,2024,New York County,AD 71 ED 002,716,151,27,894,0,0,0,-0.84,15.23
NY,2024,New York County,AD 71 ED 003,1054,174,35,1263,0,0,0,-1.61,4.02
NY,2024,New York County,AD 71 ED 004,1203,119,30,1352,0,0,0,0.75,-0.84
NY,2024,New York County,AD 71 ED 005,1069,78,25,1172,0,0,0,0.84,-5.13
NY,2024,New York County,AD 71 ED 006,969,110,29,1108,0,0,0,0.31,0
NY,2024,New York County,AD 71 ED 007,875,124,14,1013,0,0,0,-0.11,15.32
NY,2024,New York County,AD 71 ED 008,662,156,27,845,0,0,0,-2.27,13.46
NY,2024,New York County,AD 71 ED 009,803,172,14,989,0,0,0,1.49,10.47
NY,2024,New York County,AD 71 ED 010,650,110,6,766,0,0,0,-0.31,22.73
NY,2024,New York County,AD 71 ED 011,495,99,14,608,0,0,0,-1.01,25.25
NY,2024,New York County,AD 71 ED 012,520,176,15,711,0,0,0,0,28.41
NY,2024,New York County,AD 71 ED 013,561,149,20,730,0,0,0,-1.43,13.42
NY,2024,New York County,AD 71 ED 014,538,181,11,730,0,0,0,1.12,15.47
NY,2024,New York County,AD 71 ED 015,515,103,18,636,0,0,0,2.52,16.5
NY,2024,New York County,AD 71 ED 016,481,177,9,667,0,0,0,2.91,15.25
NY,2024,New York County,AD 71 ED 017,565,173,13,751,0,0,0,-0.18,20.81
NY,2024,New York County,AD 71 ED 018,553,128,9,690,0,0,0,-2.17,21.88
NY,2024,New York County,AD 71 ED 019,399,69,8,476,0,0,0,0.75,15.94
NY,2024,New York County,AD 71 ED 020,457,189,12,658,0,0,0,-1.09,25.93
NY,2024,New York County,AD 71 ED 021,546,141,6,693,0,0,0,4.58,14.18
NY,2024,New York County,AD 71 ED 022,487,157,11,655,0,0,0,3.08,22.29
NY,2024,New York County,AD 71 ED 023,524,182,16,722,0,0,0,-0.57,33.52
NY,2024,New York County,AD 71 ED 024,895,147,21,1063,0,0,0,-0.67,18.37
NY,2024,New York County,AD 71 ED 025,388,117,7,512,0,0,0,-2.32,22.22
NY,2024,New York County,AD 71 ED 026,512,73,9,594,0,0,0,0.39,21.92
NY,2024,New York County,AD 71 ED 027,562,86,18,666,0,0,0,0.89,22.09
NY,2024,New York County,AD 71 ED 028,545,178,8,731,0,0,0,5.32,21.35
NY,2024,New York County,AD 71 ED 029,503,134,11,648,0,0,0,2.98,36.57
NY,2024,New York County,AD 71 ED 030,536,120,12,668,0,0,0,2.61,20.83
NY,2024,New York County,AD 71 ED 031,363,59,1,423,0,0,0,4.41,30.51
NY,2024,New York County,AD 71 ED 032,558,130,3,691,0,0,0,3.58,20.77
NY,2024,New York County,AD 71 ED 033,137,34,2,173,0,0,0,7.3,17.65
NY,2024,New York County,AD 71 ED 034,446,134,4,584,0,0,0,-1.57,29.1
NY,2024,New York County,AD 71 ED 035,611,103,12,726,0,0,0,1.15,18.45
NY,2024,New York County,AD 71 ED 036,595,113,20,728,0,0,0,2.52,23.01
NY,2024,New York County,AD 71 ED 037,636,168,12,816,0,0,0,8.02,31.55
NY,2024,New York County,AD 71 ED 038,644,86,23,753,0,0,0,2.17,30.23
NY,2024,New York County,AD 71 ED 039,620,104,17,741,0,0,0,-0.16,15.38
NY,2024,New York County,AD 71 ED 040,633,105,14,752,0,0,0,1.42,20
NY,2024,New York County,AD 71 ED 041,650,115,13,778,0,0,0,3.38,33.04
NY,2024,New York County,AD 71 ED 042,711,123,24,858,0,0,0,-0.98,19.51
NY,2024,New York County,AD 71 ED 043,401,89,10,500,0,0,0,2,24.72
NY,2024,New York County,AD 71 ED 044,508,158,15,681,0,0,0,-0.59,28.48
NY,2024,New York County,AD 71 ED 045,429,109,9,547,0,0,0,3.26,22.94
NY,2024,New York County,AD 71 ED 046,538,140,17,695,0,0,0,-0.56,16.43
NY,2024,New York County,AD 71 ED 047,383,102,4,489,0,0,0,1.57,15.69
NY,2024,New York County,AD 71 ED 048,642,107,17,766,0,0,0,-0.93,23.36
NY,2024,New York County,AD 71 ED 049,704,137,13,854,0,0,0,0.99,18.25
NY,2024,New York County,AD 71 ED 050,492,80,10,582,0,0,0,1.22,13.75
NY,2024,New York County,AD 71 ED 051,826,68,27,921,0,0,0,0.36,14.71
NY,2024,New York County,AD 71 ED 052,979,133,27,1139,0,0,0,2.55,24.06
NY,2024,New York County,AD 71 ED 053,417,42,9,468,0,0,0,3.84,21.43
NY,2024,New York County,AD 71 ED 054,579,104,10,693,0,0,0,2.59,25
NY,2024,New York County,AD 71 ED 055,841,91,12,944,0,0,0,0.48,4.4
NY,2024,New York County,AD 71 ED 056,627,71,10,708,0,0,0,2.23,12.68
NY,2024,New York County,AD 71 ED 057,656,79,20,755,0,0,0,0.61,17.72
NY,2024,New York County,AD 71 ED 058,679,76,11,766,0,0,0,0.88,21.05
NY,2024,New York County,AD 71 ED 059,806,97,19,922,0,0,0,-0.25,23.71
NY,2024,New York County,AD 71 ED 060,651,57,13,721,0,0,0,1.84,24.56
NY,2024,New York County,AD 71 ED 061,968,45,11,1024,0,0,0,1.34,33.33
NY,2024,New York County,AD 71 ED 062,647,29,3,679,0,0,0,1.7,20.69
NY,2024,New York County,AD 71 ED 063,621,59,3,683,0,0,0,0.97,20.34
NY,2024,New York County,AD 71 ED 064,647,113,10,770,0,0,0,1.39,23.01
NY,2024,New York County,AD 71 ED 065,101,39,0,140,0,0,0,17.82,30.77
NY,2024,New York County,AD 72 ED 001,515,154,2,671,0,0,0,0.19,33.12
NY,2024,New York County,AD 72 ED 002,483,185,9,677,0,0,0,-2.28,24.32
NY,2024,New York County,AD 72 ED 003,540,245,6,791,0,0,0,0.74,23.27
NY,2024,New York County,AD 72 ED 004,954,110,24,1088,0,0,0,1.05,10.91
NY,2024,New York County,AD 72 ED 005,906,132,25,1063,0,0,0,-0.77,10.61
NY,2024,New York County,AD 72 ED 006,671,164,18,853,0,0,0,2.98,14.02
NY,2024,New York County,AD 72 ED 007,437,235,10,682,0,0,0,4.12,26.38
NY,2024,New York County,AD 72 ED 008,613,148,23,784,0,0,0,-1.31,27.03
NY,2024,New York County,AD 72 ED 009,817,193,21,1031,0,0,0,1.35,19.69
NY,2024,New York County,AD 72 ED 010,695,195,17,907,0,0,0,2.01,22.05
NY,2024,New York County,AD 72 ED 011,478,254,11,743,0,0,0,7.11,33.07
NY,2024,New York County,AD 72 ED 012,466,238,4,708,0,0,0,7.51,30.25
NY,2024,New York County,AD 72 ED 013,464,217,2,683,0,0,0,5.17,27.65
NY,2024,New York County,AD 72 ED 014,502,205,12,719,0,0,0,6.77,26.34
NY,2024,New York County,AD 72 ED 015,549,221,11,781,0,0,0,3.83,30.77
NY,2024,New York County,AD 72 ED 016,329,154,2,485,0,0,0,10.33,32.47
NY,2024,New York County,AD 72 ED 017,387,222,3,612,0,0,0,4.13,28.83
NY,2024,New York County,AD 72 ED 018,417,169,10,596,0,0,0,-0.48,22.49
NY,2024,New York County,AD 72 ED 019,507,116,13,636,0,0,0,0.39,22.41
NY,2024,New York County,AD 72 ED 020,360,207,3,570,0,0,0,5.28,29.95
NY,2024,New York County,AD 72 ED 021,342,134,4,480,0,0,0,7.02,31.34
NY,2024,New York County,AD 72 ED 022,294,173,2,469,0,0,0,4.08,21.97
NY,2024,New York County,AD 72 ED 023,404,234,5,643,0,0,0,2.72,26.92
NY,2024,New York County,AD 72 ED 024,362,161,12,535,0,0,0,2.21,32.3
NY,2024,New York County,AD 72 ED 025,468,253,8,729,0,0,0,-0.21,25.3
NY,2024,New York County,AD 72 ED 026,766,194,17,977,0,0,0,-0.26,22.68
NY,2024,New York County,AD 72 ED 027,418,185,10,613,0,0,0,3.35,16.22
NY,2024,New York County,AD 72 ED 028,241,86,5,332,0,0,0,8.3,37.21
NY,2024,New York County,AD 72 ED 029,563,162,12,737,0,0,0,2.31,14.81
NY,2024,New York County,AD 72 ED 030,469,143,20,632,0,0,0,-0.64,17.48
NY,2024,New York County,AD 72 ED 031,370,208,7,585,0,0,0,4.86,15.38
NY,2024,New York County,AD 72 ED 032,528,170,12,710,0,0,0,2.08,23.53
NY,2024,New York County,AD 72 ED 033,446,138,6,590,0,0,0,0.22,19.57
NY,2024,New York County,AD 72 ED 034,296,173,2,471,0,0,0,2.7,30.06
NY,2024,New York County,AD 72 ED 035,399,179,5,583,0,0,0,-0.5,35.2
NY,2024,New York County,AD 72 ED 036,304,183,2,489,0,0,0,1.97,20.77
NY,2024,New York County,AD 72 ED 037,439,236,10,685,0,0,0,2.05,20.34
NY,2024,New York County,AD 72 ED 038,387,247,6,640,0,0,0,2.58,24.29
NY,2024,New York County,AD 72 ED 039,465,216,9,690,0,0,0,1.08,31.02
NY,2024,New York County,AD 72 ED 040,377,233,7,617,0,0,0,1.33,27.04
NY,2024,New York County,AD 72 ED 041,548,220,17,785,0,0,0,-2.19,22.73
NY,2024,New York County,AD 72 ED 042,374,233,6,613,0,0,0,6.95,27.47
NY,2024,New York County,AD 72 ED 043,458,178,1,637,0,0,0,6.33,24.16
NY,2024,New York County,AD 72 ED 044,471,205,6,682,0,0,0,4.03,25.37
NY,2024,New York County,AD 72 ED 045,305,154,5,464,0,0,0,8.52,32.47
NY,2024,New York County,AD 72 ED 046,345,182,9,536,0,0,0,5.51,25.82
NY,2024,New York County,AD 72 ED 047,334,138,5,477,0,0,0,4.49,31.16
NY,2024,New York County,AD 72 ED 048,389,211,7,607,0,0,0,1.54,29.38
NY,2024,New York County,AD 72 ED 049,334,168,1,503,0,0,0,0.6,22.02
NY,2024,New York County,AD 72 ED 050,363,176,9,548,0,0,0,3.58,27.84
NY,2024,New York County,AD 72 ED 051,333,153,5,491,0,0,0,6.31,38.56
NY,2024,New York County,AD 72 ED 052,452,215,11,678,0,0,0,1.33,18.6
NY,2024,New York County,AD 72 ED 053,427,209,9,645,0,0,0,3.75,23.92
NY,2024,New York County,AD 72 ED 054,330,180,2,512,0,0,0,8.48,30.56
NY,2024,New York County,AD 72 ED 055,430,140,9,579,0,0,0,3.49,20
NY,2024,New York County,AD 72 ED 056,383,128,10,521,0,0,0,1.31,25.78
NY,2024,New York County,AD 72 ED 057,393,189,8,590,0,0,0,0.51,28.57
NY,2024,New York County,AD 72 ED 058,735,137,19,891,0,0,0,1.63,24.09
NY,2024,New York County,AD 72 ED 059,442,183,4,629,0,0,0,4.98,19.13
NY,2024,New York County,AD 72 ED 060,378,178,6,562,0,0,0,1.59,21.35
NY,2024,New York County,AD 72 ED 061,383,111,12,506,0,0,0,-0.78,25.23
NY,2024,New York County,AD 72 ED 062,410,200,6,616,0,0,0,2.2,23.5
NY,2024,New York County,AD 72 ED 063,371,108,9,488,0,0,0,4.85,17.59
NY,2024,New York County,AD 73 ED 001,857,217,23,1097,0,0,0,3.27,-7.37
NY,2024,New York County,AD 73 ED 002,208,48,7,263,0,0,0,2.88,-8.33
NY,2024,New York County,AD 73 ED 003,616,221,16,853,0,0,0,2.6,-3.62
NY,2024,New York County,AD 73 ED 004,892,185,22,1099,0,0,0,3.48,-12.97
NY,2024,New York County,AD 73 ED 005,509,122,11,642,0,0,0,1.96,-0.82
NY,2024,New York County,AD 73 ED 006,770,202,19,991,0,0,0,1.95,-3.96
NY,2024,New York County,AD 73 ED 007,642,175,19,836,0,0,0,2.49,-14.29
NY,2024,New York County,AD 73 ED 008,304,86,12,402,0,0,0,2.3,-11.63
NY,2024,New York County,AD 73 ED 009,373,195,15,583,0,0,0,0.54,-2.05
NY,2024,New York County,AD 73 ED 010,329,221,11,561,0,0,0,1.82,-2.26
NY,2024,New York County,AD 73 ED 011,724,294,23,1041,0,0,0,2.07,-5.78
NY,2024,New York County,AD 73 ED 012,801,186,21,1008,0,0,0,1.25,-5.38
NY,2024,New York County,AD 73 ED 013,763,160,15,938,0,0,0,1.44,0
NY,2024,New York County,AD 73 ED 014,514,164,21,699,0,0,0,0.78,-7.32
NY,2024,New York County,AD 73 ED 015,952,296,41,1289,0,0,0,1.16,-2.03
NY,2024,New York County,AD 73 ED 016,657,182,25,864,0,0,0,0.46,-2.75
NY,2024,New York County,AD 73 ED 017,658,217,20,895,0,0,0,2.13,-5.07
NY,2024,New York County,AD 73 ED 018,227,40,6,273,0,0,0,0.88,-17.5
NY,2024,New York County,AD 73 ED 019,959,286,24,1269,0,0,0,2.82,-6.99
NY,2024,New York County,AD 73 ED 020,1010,277,18,1305,0,0,0,1.88,-7.94
NY,2024,New York County,AD 73 ED 021,725,183,20,928,0,0,0,2.34,0
NY,2024,New York County,AD 73 ED 022,672,230,13,915,0,0,0,0.74,3.48
NY,2024,New York County,AD 73 ED 023,647,174,18,839,0,0,0,1.39,-2.87
NY,2024,New York County,AD 73 ED 024,565,179,19,763,0,0,0,0.18,0.56
NY,2024,New York County,AD 73 ED 025,773,246,24,1043,0,0,0,0.26,-2.44
NY,2024,New York County,AD 73 ED 026,655,229,21,905,0,0,0,0.15,2.18
NY,2024,New York County,AD 73 ED 027,760,282,19,1061,0,0,0,0.92,-0.35
NY,2024,New York County,AD 73 ED 028,574,144,14,732,0,0,0,4.18,-10.42
NY,2024,New York County,AD 73 ED 029,727,219,15,961,0,0,0,1.51,1.37
NY,2024,New York County,AD 73 ED 030,839,227,24,1090,0,0,0,1.55,-6.17
NY,2024,New York County,AD 73 ED 031,653,148,13,814,0,0,0,2.45,-15.54
NY,2024,New York County,AD 73 ED 032,700,234,24,958,0,0,0,-0.57,1.28
NY,2024,New York County,AD 73 ED 033,693,222,19,934,0,0,0,1.88,-0.9
NY,2024,New York County,AD 73 ED 034,951,294,32,1277,0,0,0,2.63,-7.48
NY,2024,New York County,AD 73 ED 035,342,112,10,464,0,0,0,0.29,-1.79
NY,2024,New York County,AD 73 ED 036,546,189,13,748,0,0,0,1.83,0
NY,2024,New York County,AD 73 ED 037,751,270,25,1046,0,0,0,-0.27,2.96
NY,2024,New York County,AD 73 ED 038,866,321,14,1201,0,0,0,0.81,-1.87
NY,2024,New York County,AD 73 ED 039,772,240,24,1036,0,0,0,2.46,-7.92
NY,2024,New York County,AD 73 ED 040,633,246,15,894,0,0,0,4.27,-7.72
NY,2024,New York County,AD 73 ED 041,527,207,19,753,0,0,0,1.71,-5.31
NY,2024,New York County,AD 73 ED 042,524,233,26,783,0,0,0,0.95,-5.15
NY,2024,New York County,AD 73 ED 043,704,258,25,987,0,0,0,2.13,-5.04
NY,2024,New York County,AD 73 ED 044,686,213,21,920,0,0,0,2.48,-13.62
NY,2024,New York County,AD 73 ED 045,777,264,17,1058,0,0,0,0,-1.52
NY,2024,New York County,AD 73 ED 046,683,265,19,967,0,0,0,4.54,-11.32
NY,2024,New York County,AD 73 ED 047,591,222,17,830,0,0,0,2.54,-6.31
NY,2024,New York County,AD 73 ED 048,745,322,24,1091,0,0,0,2.68,-4.04
NY,2024,New York County,AD 73 ED 049,511,182,18,711,0,0,0,2.74,-14.29
NY,2024,New York County,AD 73 ED 050,793,321,27,1141,0,0,0,3.91,-6.54
NY,2024,New York County,AD 73 ED 051,846,230,29,1105,0,0,0,4.26,-13.91
NY,2024,New York County,AD 73 ED 052,667,234,20,921,0,0,0,0.6,-2.56
NY,2024,New York County,AD 73 ED 053,707,209,13,929,0,0,0,1.98,-6.7
NY,2024,New York County,AD 73 ED 054,835,292,36,1163,0,0,0,-0.84,-4.11
NY,2024,New York County,AD 73 ED 055,672,162,24,858,0,0,0,1.04,-13.58
NY,2024,New York County,AD 73 ED 056,533,159,13,705,0,0,0,0.38,-5.66
NY,2024,New York County,AD 73 ED 057,601,182,31,814,0,0,0,2,-14.29
NY,2024,New York County,AD 73 ED 058,589,181,23,793,0,0,0,0.34,-2.76
NY,2024,New York County,AD 73 ED 059,980,262,19,1261,0,0,0,0.61,0.76
NY,2024,New York County,AD 73 ED 060,388,102,8,498,0,0,0,-1.03,12.75
NY,2024,New York County,AD 73 ED 061,441,93,11,545,0,0,0,1.36,1.08
NY,2024,New York County,AD 73 ED 062,1070,224,19,1313,0,0,0,0.65,-4.02
NY,2024,New York County,AD 73 ED 063,709,221,27,957,0,0,0,2.26,-13.12
NY,2024,New York County,AD 73 ED 064,982,208,24,1214,0,0,0,2.95,-23.08
NY,2024,New York County,AD 73 ED 065,597,156,15,768,0,0,0,0.17,-1.92
NY,2024,New York County,AD 73 ED 066,934,221,34,1189,0,0,0,2.36,-10.86
NY,2024,New York County,AD 73 ED 067,777,188,17,982,0,0,0,2.45,-7.98
NY,2024,New York County,AD 73 ED 068,608,241,9,858,0,0,0,-2.63,5.39
NY,2024,New York County,AD 73 ED 069,961,187,27,1175,0,0,0,1.98,-5.35
NY,2024,New York County,AD 74 ED 001,782,216,16,1014,0,0,0,2.81,-0.46
NY,2024,New York County,AD 74 ED 002,862,212,19,1093,0,0,0,0.23,0.47
NY,2024,New York County,AD 74 ED 003,797,223,29,1049,0,0,0,0.63,0
NY,2024,New York County,AD 74 ED 004,746,232,19,997,0,0,0,0.94,1.29
NY,2024,New York County,AD 74 ED 005,618,203,16,837,0,0,0,2.75,-5.42
NY,2024,New York County,AD 74 ED 006,696,200,24,920,0,0,0,2.44,-1
NY,2024,New York County,AD 74 ED 007,633,165,16,814,0,0,0,-1.42,9.09
NY,2024,New York County,AD 74 ED 008,939,203,24,1166,0,0,0,1.81,-4.43
NY,2024,New York County,AD 74 ED 009,396,94,7,497,0,0,0,5.05,-9.57
NY,2024,New York County,AD 74 ED 010,903,213,22,1138,0,0,0,0.66,3.29
NY,2024,New York County,AD 74 ED 011,935,227,17,1179,0,0,0,-0.75,6.61
NY,2024,New York County,AD 74 ED 012,976,177,27,1180,0,0,0,2.77,-6.78
NY,2024,New York County,AD 74 ED 013,774,156,16,946,0,0,0,3.1,-6.41
NY,2024,New York County,AD 74 ED 014,932,223,16,1171,0,0,0,2.58,8.97
NY,2024,New York County,AD 74 ED 015,956,220,29,1205,0,0,0,0,0
NY,2024,New York County,AD 74 ED 016,1108,194,24,1326,0,0,0,-0.45,3.09
NY,2024,New York County,AD 74 ED 017,953,166,27,1146,0,0,0,0.94,-6.02
NY,2024,New York County,AD 74 ED 018,1076,175,27,1278,0,0,0,-0.46,3.43
NY,2024,New York County,AD 74 ED 019,756,151,14,921,0,0,0,1.06,1.99
NY,2024,New York County,AD 74 ED 020,830,145,19,994,0,0,0,1.33,4.14
NY,2024,New York County,AD 74 ED 021,627,119,12,758,0,0,0,-0.96,9.24
NY,2024,New York County,AD 74 ED 022,912,184,15,1111,0,0,0,0.99,2.17
NY,2024,New York County,AD 74 ED 023,930,159,23,1112,0,0,0,0.43,1.26
NY,2024,New York County,AD 74 ED 024,864,162,15,1041,0,0,0,1.85,2.47
NY,2024,New York County,AD 74 ED 025,525,141,15,681,0,0,0,2.29,24.11
NY,2024,New York County,AD 74 ED 026,894,125,31,1050,0,0,0,0.45,-0.8
NY,2024,New York County,AD 74 ED 027,980,115,25,1120,0,0,0,2.35,-9.57
NY,2024,New York County,AD 74 ED 028,550,81,22,653,0,0,0,1.27,4.94
NY,2024,New York County,AD 74 ED 029,410,137,6,553,0,0,0,0.49,27.74
NY,2024,New York County,AD 74 ED 030,612,160,10,782,0,0,0,-0.16,25.62
NY,2024,New York County,AD 74 ED 031,867,127,27,1021,0,0,0,1.38,16.54
NY,2024,New York County,AD 74 ED 032,349,121,3,473,0,0,0,6.59,27.27
NY,2024,New York County,AD 74 ED 033,597,89,28,714,0,0,0,-2.01,23.6
NY,2024,New York County,AD 74 ED 034,659,139,21,819,0,0,0,3.95,26.62
NY,2024,New York County,AD 74 ED 035,776,104,29,909,0,0,0,0.26,10.58
NY,2024,New York County,AD 74 ED 036,792,109,23,924,0,0,0,1.77,0.92
NY,2024,New York County,AD 74 ED 037,352,122,2,476,0,0,0,3.41,25.41
NY,2024,New York County,AD 74 ED 038,362,140,3,505,0,0,0,-0.55,32.14
NY,2024,New York County,AD 74 ED 039,347,109,4,460,0,0,0,1.73,32.11
NY,2024,New York County,AD 74 ED 040,254,76,2,332,0,0,0,-4.33,32.89
NY,2024,New York County,AD 74 ED 041,433,117,5,555,0,0,0,3.23,10.26
NY,2024,New York County,AD 74 ED 042,553,307,20,880,0,0,0,-0.54,11.4
NY,2024,New York County,AD 74 ED 043,847,88,22,957,0,0,0,3.07,-6.82
NY,2024,New York County,AD 74 ED 044,513,143,14,670,0,0,0,4.48,-13.99
NY,2024,New York County,AD 74 ED 045,754,171,26,951,0,0,0,4.38,-23.39
NY,2024,New York County,AD 74 ED 046,388,108,9,505,0,0,0,-1.03,19.44
NY,2024,New York County,AD 74 ED 047,480,115,10,605,0,0,0,1.88,4.35
NY,2024,New York County,AD 74 ED 048,633,130,24,787,0,0,0,1.74,-5.38
NY,2024,New York County,AD 74 ED 049,790,188,13,991,0,0,0,1.27,1.06
NY,2024,New York County,AD 74 ED 050,746,170,17,933,0,0,0,1.88,-2.94
NY,2024,New York County,AD 74 ED 051,1041,153,23,1217,0,0,0,2.31,-10.46
NY,2024,New York County,AD 74 ED 052,629,102,11,742,0,0,0,3.18,-13.73
NY,2024,New York County,AD 74 ED 053,834,128,24,986,0,0,0,2.88,-6.25
NY,2024,New York County,AD 74 ED 054,449,77,7,533,0,0,0,0.45,6.49
NY,2024,New York County,AD 74 ED 055,969,165,12,1146,0,0,0,2.68,-1.82
NY,2024,New York County,AD 74 ED 056,691,128,23,842,0,0,0,3.47,-15.62
NY,2024,New York County,AD 74 ED 057,948,115,14,1077,0,0,0,1.58,-6.96
NY,2024,New York County,AD 74 ED 058,671,101,5,777,0,0,0,3.73,-16.83
NY,2024,New York County,AD 74 ED 059,870,183,22,1075,0,0,0,2.3,-8.74
NY,2024,New York County,AD 74 ED 060,417,67,12,496,0,0,0,3.6,-17.91
NY,2024,New York County,AD 74 ED 061,391,92,8,491,0,0,0,1.02,5.43
NY,2024,New York County,AD 74 ED 062,368,79,9,456,0,0,0,2.72,-15.19
NY,2024,New York County,AD 74 ED 063,220,39,5,264,0,0,0,2.73,-12.82
NY,2024,New York County,AD 74 ED 064,57,25,1,83,0,0,0,3.51,12
NY,2024,New York County,AD 74 ED 065,280,58,6,344,0,0,0,2.14,-5.17
NY,2024,New York County,AD 75 ED 001,944,159,21,1124,0,0,0,0.53,-1.89
NY,2024,New York County,AD 75 ED 002,1080,172,16,1268,0,0,0,4.63,-16.86
NY,2024,New York County,AD 75 ED 003,938,196,21,1155,0,0,0,2.03,-2.55
NY,2024,New York County,AD 75 ED 004,450,108,14,572,0,0,0,2.89,-14.81
NY,2024,New York County,AD 75 ED 005,778,195,23,996,0,0,0,0.64,-7.18
NY,2024,New York County,AD 75 ED 006,899,186,27,1112,0,0,0,1.67,-10.22
NY,2024,New York County,AD 75 ED 007,674,161,23,858,0,0,0,0,1.24
NY,2024,New York County,AD 75 ED 008,1118,201,17,1336,0,0,0,2.95,-9.45
NY,2024,New York County,AD 75 ED 009,217,29,3,249,0,0,0,0,-3.45
NY,2024,New York County,AD 75 ED 010,970,240,29,1239,0,0,0,1.44,-1.25
NY,2024,New York County,AD 75 ED 011,520,182,12,714,0,0,0,2.88,-8.24
NY,2024,New York County,AD 75 ED 012,659,184,19,862,0,0,0,0.15,-1.09
NY,2024,New York County,AD 75 ED 013,801,252,19,1072,0,0,0,1.62,1.59
NY,2024,New York County,AD 75 ED 014,333,115,10,458,0,0,0,3.3,2.61
NY,2024,New York County,AD 75 ED 015,546,159,13,718,0,0,0,1.65,5.03
NY,2024,New York County,AD 75 ED 016,299,67,8,374,0,0,0,2.34,1.49
NY,2024,New York County,AD 75 ED 017,550,101,9,660,0,0,0,2.55,2.97
NY,2024,New York County,AD 75 ED 018,315,101,3,419,0,0,0,8.89,-18.81
NY,2024,New York County,AD 75 ED 020,513,134,21,668,0,0,0,0.19,1.49
NY,2024,New York County,AD 75 ED 021,363,90,14,467,0,0,0,2.48,-8.89
NY,2024,New York County,AD 75 ED 022,669,184,27,880,0,0,0,3.44,-7.61
NY,2024,New York County,AD 75 ED 023,615,163,16,794,0,0,0,2.11,0
NY,2024,New York County,AD 75 ED 024,777,185,20,982,0,0,0,2.19,-3.78
NY,2024,New York County,AD 75 ED 025,401,47,7,455,0,0,0,1.5,-6.38
NY,2024,New York County,AD 75 ED 026,955,139,24,1118,0,0,0,4.19,-28.78
NY,2024,New York County,AD 75 ED 027,665,136,12,813,0,0,0,2.71,-11.03
NY,2024,New York County,AD 75 ED 028,890,142,20,1052,0,0,0,1.69,-14.08
NY,2024,New York County,AD 75 ED 029,756,124,15,895,0,0,0,0.79,3.23
NY,2024,New York County,AD 75 ED 030,548,209,15,772,0,0,0,0.91,7.66
NY,2024,New York County,AD 75 ED 031,830,163,12,1005,0,0,0,0.72,7.98
NY,2024,New York County,AD 75 ED 032,685,112,18,815,0,0,0,1.61,5.36
NY,2024,New York County,AD 75 ED 033,610,122,13,745,0,0,0,0.98,6.56
NY,2024,New York County,AD 75 ED 034,607,118,19,744,0,0,0,1.32,5.93
NY,2024,New York County,AD 75 ED 035,453,104,22,579,0,0,0,2.87,-1.92
NY,2024,New York County,AD 75 ED 036,207,64,5,276,0,0,0,5.8,15.63
NY,2024,New York County,AD 75 ED 037,630,151,23,804,0,0,0,-0.79,11.26
NY,2024,New York County,AD 75 ED 038,751,128,17,896,0,0,0,1.33,10.16
NY,2024,New York County,AD 75 ED 039,662,136,9,807,0,0,0,0.6,7.35
NY,2024,New York County,AD 75 ED 040,598,86,13,697,0,0,0,1.17,1.16
NY,2024,New York County,AD 75 ED 041,830,174,20,1024,0,0,0,3.25,-12.64
NY,2024,New York County,AD 75 ED 042,802,99,12,913,0,0,0,2.99,-7.07
NY,2024,New York County,AD 75 ED 043,912,227,22,1161,0,0,0,0.22,9.69
NY,2024,New York County,AD 75 ED 044,943,104,15,1062,0,0,0,2.65,-7.69
NY,2024,New York County,AD 75 ED 045,714,101,14,829,0,0,0,0.56,4.95
NY,2024,New York County,AD 75 ED 046,830,116,15,961,0,0,0,2.05,0.86
NY,2024,New York County,AD 75 ED 047,711,120,29,860,0,0,0,1.69,-10.83
NY,2024,New York County,AD 75 ED 048,482,71,14,567,0,0,0,0.83,-5.63
NY,2024,New York County,AD 75 ED 049,872,115,25,1012,0,0,0,1.83,-6.96
NY,2024,New York County,AD 75 ED 050,617,101,9,727,0,0,0,1.78,16.83
NY,2024,New York County,AD 75 ED 051,1008,156,15,1179,0,0,0,2.28,4.49
NY,2024,New York County,AD 75 ED 052,835,106,12,953,0,0,0,2.28,11.32
NY,2024,New York County,AD 75 ED 053,838,113,17,968,0,0,0,-0.24,17.7
NY,2024,New York County,AD 75 ED 054,492,108,9,609,0,0,0,1.63,1.85
NY,2024,New York County,AD 75 ED 055,440,114,15,569,0,0,0,4.32,-2.63
NY,2024,New York County,AD 75 ED 056,537,136,21,694,0,0,0,0.74,3.68
NY,2024,New York County,AD 75 ED 057,726,198,21,945,0,0,0,3.72,1.52
NY,2024,New York County,AD 75 ED 058,707,146,19,872,0,0,0,-0.28,8.22
NY,2024,New York County,AD 75 ED 059,1209,293,37,1539,0,0,0,1.65,-1.71
NY,2024,New York County,AD 75 ED 060,748,142,24,914,0,0,0,0.94,2.11
NY,2024,New York County,AD 75 ED 061,321,112,5,438,0,0,0,4.98,20.54
NY,2024,New York County,AD 75 ED 062,769,127,12,908,0,0,0,3.64,-0.79
NY,2024,New York County,AD 75 ED 063,1396,90,19,1505,0,0,0,0.86,-13.33
NY,2024,New York County,AD 75 ED 064,880,92,10,982,0,0,0,3.52,-9.78
NY,2024,New York County,AD 75 ED 065,578,147,22,747,0,0,0,1.38,5.44
NY,2024,New York County,AD 75 ED 066,566,193,13,772,0,0,0,4.06,13.47
NY,2024,New York County,AD 75 ED 067,27,14,0,41,0,0,0,-7.41,35.71
NY,2024,New York County,AD 76 ED 001,761,268,20,1049,0,0,0,0.79,-0.37
NY,2024,New York County,AD 76 ED 002,486,205,14,705,0,0,0,0.62,-3.9
NY,2024,New York County,AD 76 ED 003,584,182,19,785,0,0,0,1.71,-7.14
NY,2024,New York County,AD 76 ED 004,763,236,23,1022,0,0,0,0.92,-2.54
NY,2024,New York County,AD 76 ED 005,823,212,32,1067,0,0,0,2.43,-12.74
NY,2024,New York County,AD 76 ED 006,831,226,18,1075,0,0,0,-0.24,2.21
NY,2024,New York County,AD 76 ED 007,791,200,17,1008,0,0,0,0.51,0.5
NY,2024,New York County,AD 76 ED 008,545,166,23,734,0,0,0,-1.1,0.6
NY,2024,New York County,AD 76 ED 009,923,251,21,1195,0,0,0,2.06,-2.39
NY,2024,New York County,AD 76 ED 010,709,110,27,846,0,0,0,-0.42,-11.82
NY,2024,New York County,AD 76 ED 011,639,195,12,846,0,0,0,0.16,2.05
NY,2024,New York County,AD 76 ED 012,759,233,18,1010,0,0,0,-0.79,3.86
NY,2024,New York County,AD 76 ED 013,724,198,13,935,0,0,0,1.66,1.01
NY,2024,New York County,AD 76 ED 014,806,177,14,997,0,0,0,3.85,-9.6
NY,2024,New York County,AD 76 ED 015,786,171,21,978,0,0,0,1.15,-1.17
NY,2024,New York County,AD 76 ED 016,578,127,12,717,0,0,0,0.52,-4.72
NY,2024,New York County,AD 76 ED 017,692,181,14,887,0,0,0,0.87,3.87
NY,2024,New York County,AD 76 ED 018,621,222,20,863,0,0,0,-2.25,4.95
NY,2024,New York County,AD 76 ED 019,963,293,28,1284,0,0,0,0.52,-1.71
NY,2024,New York County,AD 76 ED 020,849,284,28,1161,0,0,0,1.06,1.06
NY,2024,New York County,AD 76 ED 021,785,229,18,1032,0,0,0,-0.13,3.93
NY,2024,New York County,AD 76 ED 022,780,202,17,999,0,0,0,2.31,-5.45
NY,2024,New York County,AD 76 ED 023,651,172,15,838,0,0,0,0,1.16
NY,2024,New York County,AD 76 ED 024,960,227,22,1209,0,0,0,0.94,-2.2
NY,2024,New York County,AD 76 ED 025,694,174,12,880,0,0,0,1.73,-1.72
NY,2024,New York County,AD 76 ED 026,741,249,8,998,0,0,0,1.35,0
NY,2024,New York County,AD 76 ED 027,733,183,18,934,0,0,0,1.64,-6.01
NY,2024,New York County,AD 76 ED 028,828,180,20,1028,0,0,0,0.24,2.78
NY,2024,New York County,AD 76 ED 029,613,162,16,791,0,0,0,1.96,-6.79
NY,2024,New York County,AD 76 ED 030,905,248,19,1172,0,0,0,-0.44,5.65
NY,2024,New York County,AD 76 ED 031,792,232,22,1046,0,0,0,-0.38,-1.29
NY,2024,New York County,AD 76 ED 032,941,241,31,1213,0,0,0,3.19,-13.69
NY,2024,New York County,AD 76 ED 033,1006,221,19,1246,0,0,0,3.08,-6.79
NY,2024,New York County,AD 76 ED 034,941,260,26,1227,0,0,0,0.74,-3.08
NY,2024,New York County,AD 76 ED 035,926,197,34,1157,0,0,0,0.11,2.03
NY,2024,New York County,AD 76 ED 036,986,266,25,1277,0,0,0,-0.1,4.14
NY,2024,New York County,AD 76 ED 037,1028,201,26,1255,0,0,0,1.17,-1.49
NY,2024,New York County,AD 76 ED 038,568,129,19,716,0,0,0,1.94,-1.55
NY,2024,New York County,AD 76 ED 039,853,187,18,1058,0,0,0,-0.59,-5.35
NY,2024,New York County,AD 76 ED 040,706,193,12,911,0,0,0,1.56,-2.07
NY,2024,New York County,AD 76 ED 041,715,263,20,998,0,0,0,-1.68,5.7
NY,2024,New York County,AD 76 ED 042,868,206,29,1103,0,0,0,-0.12,-6.8
NY,2024,New York County,AD 76 ED 043,718,140,10,868,0,0,0,2.09,-6.43
NY,2024,New York County,AD 76 ED 044,1007,200,22,1229,0,0,0,1.39,-4
NY,2024,New York County,AD 76 ED 045,904,224,25,1153,0,0,0,0.33,-0.89
NY,2024,New York County,AD 76 ED 046,937,183,19,1139,0,0,0,1.17,-4.92
NY,2024,New York County,AD 76 ED 047,720,117,13,850,0,0,0,2.64,-11.11
NY,2024,New York County,AD 76 ED 048,791,237,23,1051,0,0,0,0.76,-5.06
NY,2024,New York County,AD 76 ED 049,819,201,33,1053,0,0,0,-0.49,2.49
NY,2024,New York County,AD 76 ED 050,960,237,30,1227,0,0,0,0.1,-5.49
NY,2024,New York County,AD 76 ED 051,738,199,20,957,0,0,0,-0.14,-3.02
NY,2024,New York County,AD 76 ED 052,836,191,24,1051,0,0,0,0.84,0.52
NY,2024,New York County,AD 76 ED 053,931,179,17,1127,0,0,0,-0.32,3.91
NY,2024,New York County,AD 76 ED 054,1053,266,19,1338,0,0,0,0,2.63
NY,2024,New York County,AD 76 ED 055,981,176,25,1182,0,0,0,1.43,-3.98
NY,2024,New York County,AD 76 ED 056,970,170,16,1156,0,0,0,0.1,4.12
NY,2024,New York County,AD 76 ED 057,632,162,22,816,0,0,0,-1.11,-2.47
NY,2024,New York County,AD 76 ED 058,965,212,25,1202,0,0,0,0.93,0.47
NY,2024,New York County,AD 76 ED 059,711,152,18,881,0,0,0,-0.14,16.45
NY,2024,New York County,AD 76 ED 060,659,124,28,811,0,0,0,0,-4.84
NY,2024,New York County,AD 76 ED 061,635,143,13,791,0,0,0,2.2,14.69
NY,2024,New York County,AD 76 ED 062,888,193,34,1115,0,0,0,-2.25,9.84
NY,2024,Niagara County,City of Lockport 001001,352,426,5,783,365,374,4,,
NY,2024,Niagara County,City of Lockport 001002,408,401,7,816,425,359,5,,
NY,2024,Niagara County,City of Lockport 001003,23,20,0,43,22,19,0,,
NY,2024,Niagara County,City of Lockport 002001,436,373,6,815,440,340,5,,
NY,2024,Niagara County,City of Lockport 002002,602,577,7,1186,628,528,6,,
NY,2024,Niagara County,City of Lockport 003001,468,564,8,1040,490,473,12,,
NY,2024,Niagara County,City of Lockport 003002,224,246,5,475,230,222,5,,
NY,2024,Niagara County,City of Lockport 004001,395,427,10,832,410,370,4,,
NY,2024,Niagara County,City of Lockport 004002,324,271,11,606,326,261,3,,
NY,2024,Niagara County,City of Lockport 004003,166,140,4,310,168,123,4,,
NY,2024,Niagara County,City of Lockport 005001,398,356,11,765,405,327,9,,
NY,2024,Niagara County,City of Lockport 005002,607,593,10,1210,612,542,4,,
NY,2024,Niagara County,City of Niagara Falls 003001,201,244,3,448,201,214,1,,
NY,2024,Niagara County,City of Niagara Falls 003002,229,288,7,524,239,256,6,,
NY,2024,Niagara County,City of Niagara Falls 003003,274,339,5,618,284,298,5,,
NY,2024,Niagara County,City of Niagara Falls 003004,313,347,4,664,333,304,3,,
NY,2024,Niagara County,City of Niagara Falls 003005,441,591,9,1041,462,527,3,,
NY,2024,Niagara County,City of Niagara Falls 003006,524,580,7,1111,538,503,3,,
NY,2024,Niagara County,City of Niagara Falls 003007,304,328,3,635,313,288,8,,
NY,2024,Niagara County,City of Niagara Falls 003008,394,450,3,847,412,389,2,,
NY,2024,Niagara County,City of Niagara Falls 004001,406,70,1,477,376,56,1,,
NY,2024,Niagara County,City of Niagara Falls 004002,631,235,5,871,611,204,1,,
NY,2024,Niagara County,City of Niagara Falls 004003,269,77,1,347,249,59,3,,
NY,2024,Niagara County,City of Niagara Falls 004004,555,194,6,755,529,172,7,,
NY,2024,Niagara County,City of Niagara Falls 004005,575,268,1,844,570,215,2,,
NY,2024,Niagara County,City of Niagara Falls 005001,367,319,14,700,385,286,4,,
NY,2024,Niagara County,City of Niagara Falls 005002,598,456,9,1063,610,406,4,,
NY,2024,Niagara County,City of Niagara Falls 005003,308,270,5,583,313,225,2,,
NY,2024,Niagara County,City of Niagara Falls 005004,358,208,4,570,367,168,2,,
NY,2024,Niagara County,City of Niagara Falls 005005,458,414,5,877,465,335,3,,
NY,2024,Niagara County,City of Niagara Falls 006001,222,136,1,359,215,130,3,,
NY,2024,Niagara County,City of Niagara Falls 006002,262,219,11,492,260,183,4,,
NY,2024,Niagara County,City of Niagara Falls 006003,462,372,14,848,477,306,11,,
NY,2024,Niagara County,City of Niagara Falls 006004,220,157,5,382,219,135,2,,
NY,2024,Niagara County,City of Niagara Falls 006005,274,227,2,503,287,193,1,,
NY,2024,Niagara County,City of Niagara Falls 006006,345,444,5,794,347,388,3,,
NY,2024,Niagara County,City of Niagara Falls 006007,278,347,3,628,298,297,4,,
NY,2024,Niagara County,City of Niagara Falls 006008,175,102,0,277,154,80,2,,
NY,2024,Niagara County,City of North Tonawanda 001001,584,703,14,1301,595,657,6,,
NY,2024,Niagara County,City of North Tonawanda 001002,101,162,3,266,107,144,1,,
NY,2024,Niagara County,City of North Tonawanda 001003,490,594,11,1095,514,526,4,,
NY,2024,Niagara County,City of North Tonawanda 001004,599,687,8,1294,619,620,2,,
NY,2024,Niagara County,City of North Tonawanda 001005,600,729,18,1347,629,655,13,,
NY,2024,Niagara County,City of North Tonawanda 002001,428,515,8,951,447,472,5,,
NY,2024,Niagara County,City of North Tonawanda 002002,478,480,7,965,490,430,6,,
NY,2024,Niagara County,City of North Tonawanda 002003,202,222,3,427,206,205,2,,
NY,2024,Niagara County,City of North Tonawanda 002004,4,7,0,11,5,5,0,,
NY,2024,Niagara County,City of North Tonawanda 002005,343,302,8,653,343,292,3,,
NY,2024,Niagara County,City of North Tonawanda 002006,266,286,9,561,267,268,4,,
NY,2024,Niagara County,City of North Tonawanda 002007,373,344,5,722,383,305,3,,
NY,2024,Niagara County,City of North Tonawanda 003001,433,612,12,1057,441,567,5,,
NY,2024,Niagara County,City of North Tonawanda 003002,553,630,11,1194,574,597,3,,
NY,2024,Niagara County,City of North Tonawanda 003003,523,630,5,1158,546,573,3,,
NY,2024,Niagara County,City of North Tonawanda 003004,327,503,3,833,342,457,8,,
NY,2024,Niagara County,City of North Tonawanda 003005,357,492,8,857,365,461,4,,
NY,2024,Niagara County,City of North Tonawanda 003006,414,453,6,873,430,417,4,,
NY,2024,Niagara County,Town of Cambria 000001,507,998,7,1512,524,936,8,,
NY,2024,Niagara County,Town of Cambria 000002,269,604,4,877,295,548,6,,
NY,2024,Niagara County,Town of Cambria 000003,290,590,6,886,300,553,6,,
NY,2024,Niagara County,Town of Hartland 000001,325,992,11,1328,341,916,12,,
NY,2024,Niagara County,Town of Hartland 000002,182,563,5,750,206,510,5,,
NY,2024,Niagara County,Town of Lewiston 000001,560,517,4,1081,565,479,4,,
NY,2024,Niagara County,Town of Lewiston 000002,610,742,16,1368,637,695,4,,
NY,2024,Niagara County,Town of Lewiston 000003,574,925,18,1517,613,848,6,,
NY,2024,Niagara County,Town of Lewiston 000004,457,836,11,1304,462,797,4,,
NY,2024,Niagara County,Town of Lewiston 000005,247,417,4,668,256,386,0,,
NY,2024,Niagara County,Town of Lewiston 000006,569,710,10,1289,589,651,5,,
NY,2024,Niagara County,Town of Lewiston 000007,577,663,6,1246,586,627,6,,
NY,2024,Niagara County,Town of Lewiston 000008,317,360,3,680,310,343,1,,
NY,2024,Niagara County,Town of Lockport 000001,536,842,15,1393,547,806,1,,
NY,2024,Niagara County,Town of Lockport 000002,187,263,5,455,198,235,5,,
NY,2024,Niagara County,Town of Lockport 000003,149,301,1,451,151,280,0,,
NY,2024,Niagara County,Town of Lockport 000004,635,942,13,1590,642,893,7,,
NY,2024,Niagara County,Town of Lockport 000005,480,680,5,1165,505,618,1,,
NY,2024,Niagara County,Town of Lockport 000006,172,271,4,447,176,242,6,,
NY,2024,Niagara County,Town of Lockport 000007,548,635,3,1186,558,597,1,,
NY,2024,Niagara County,Town of Lockport 000008,434,397,5,836,439,358,3,,
NY,2024,Niagara County,Town of Lockport 000009,270,395,3,668,288,361,4,,
NY,2024,Niagara County,Town of Lockport 000010,290,370,3,663,312,317,2,,
NY,2024,Niagara County,Town of Lockport 000011,555,653,6,1214,552,625,0,,
NY,2024,Niagara County,Town of Lockport 000012,93,73,4,170,94,75,0,,
NY,2024,Niagara County,Town of Lockport 000013,1,2,0,3,1,1,0,,
NY,2024,Niagara County,Town of Lockport 000014,25,23,0,48,26,21,0,,
NY,2024,Niagara County,Town of Lockport 000015,18,28,1,47,17,30,0,,
NY,2024,Niagara County,Town of Lockport 000016,157,211,3,371,157,202,0,,
NY,2024,Niagara County,Town of Lockport 000017,8,12,0,20,11,7,0,,
NY,2024,Niagara County,Town of Newfane 000001,466,930,9,1405,517,844,6,,
NY,2024,Niagara County,Town of Newfane 000002,356,800,11,1167,385,728,6,,
NY,2024,Niagara County,Town of Newfane 000003,301,638,4,943,323,580,5,,
NY,2024,Niagara County,Town of Newfane 000004,217,411,6,634,221,383,1,,
NY,2024,Niagara County,Town of Newfane 000005,253,600,3,856,265,550,6,,
NY,2024,Niagara County,Town of Niagara 000001,373,617,1,991,398,529,3,,
NY,2024,Niagara County,Town of Niagara 000002,222,369,2,593,230,327,1,,
NY,2024,Niagara County,Town of Niagara 000003,291,445,6,742,304,413,1,,
NY,2024,Niagara County,Town of Niagara 000004,416,668,9,1093,432,601,4,,
NY,2024,Niagara County,Town of Pendleton 000001,426,832,3,1261,429,790,6,,
NY,2024,Niagara County,Town of Pendleton 000002,452,889,18,1359,484,839,3,,
NY,2024,Niagara County,Town of Pendleton 000003,304,512,9,825,311,489,6,,
NY,2024,Niagara County,Town of Pendleton 000004,351,557,9,917,367,532,3,,
NY,2024,Niagara County,Town of Porter 000001,527,822,20,1369,515,794,9,,
NY,2024,Niagara County,Town of Porter 000002,423,825,13,1261,437,791,2,,
NY,2024,Niagara County,Town of Porter 000003,118,291,2,411,130,267,1,,
NY,2024,Niagara County,Town of Porter 000004,369,416,3,788,371,397,2,,
NY,2024,Niagara County,Town of Royalton 000001,262,527,10,799,265,492,6,,
NY,2024,Niagara County,Town of Royalton 000002,260,519,6,785,277,484,3,,
NY,2024,Niagara County,Town of Royalton 000003,434,1017,10,1461,440,966,11,,
NY,2024,Niagara County,Town of Royalton 000004,197,761,1,959,207,715,3,,
NY,2024,Niagara County,Town of Somerset 000001,371,971,17,1359,404,920,5,,
NY,2024,Niagara County,Town of Wheatfield 000001,340,676,9,1025,363,624,1,,
NY,2024,Niagara County,Town of Wheatfield 000002,238,328,1,567,250,301,3,,
NY,2024,Niagara County,Town of Wheatfield 000003,236,393,2,631,238,353,3,,
NY,2024,Niagara County,Town of Wheatfield 000004,397,547,7,951,404,507,6,,
NY,2024,Niagara County,Town of Wheatfield 000005,371,406,1,778,370,371,0,,
NY,2024,Niagara County,Town of Wheatfield 000006,323,494,6,823,339,448,4,,
NY,2024,Niagara County,Town of Wheatfield 000007,520,858,9,1387,525,807,1,,
NY,2024,Niagara County,Town of Wheatfield 000008,322,521,4,847,333,483,0,,
NY,2024,Niagara County,Town of Wheatfield 000009,451,623,10,1084,452,603,1,,
NY,2024,Niagara County,Town of Wheatfield 000010,364,502,6,872,378,474,0,,
NY,2024,Niagara County,Town of Wheatfield 000011,183,360,5,548,192,339,0,,
NY,2024,Niagara County,Town of Wheatfield 000012,174,350,2,526,176,322,4,,
NY,2024,Niagara County,Town of Wheatfield 000013,235,439,14,688,242,419,6,,
NY,2024,Niagara County,Town of Wilson 000001,200,450,1,651,215,422,2,,
NY,2024,Niagara County,Town of Wilson 000002,189,563,6,758,202,529,8,,
NY,2024,Niagara County,Town of Wilson 000003,227,622,5,854,230,589,5,,
NY,2024,Niagara County,Town of Wilson 000004,316,687,10,1013,324,666,1,,
NY,2024,Oneida County,Annsville 1,169,624,3,796,178,559,2,,
NY,2024,Oneida County,Annsville 2,67,220,1,288,72,210,0,,
NY,2024,Oneida County,Annsville 3,33,136,1,170,38,119,1,,
NY,2024,Oneida County,Augusta 1,99,360,0,459,115,326,2,,
NY,2024,Oneida County,Augusta 2,167,297,1,465,193,262,2,,
NY,2024,Oneida County,Ava 1,53,255,0,308,63,226,2,,
NY,2024,Oneida County,Boonville 1,155,466,0,621,174,416,0,,
NY,2024,Oneida County,Boonville 2,269,591,3,863,275,519,9,,
NY,2024,Oneida County,Boonville 3,73,241,0,314,87,210,1,,
NY,2024,Oneida County,Boonville 4,73,299,0,372,94,261,2,,
NY,2024,Oneida County,Bridgewater 1,120,529,3,652,146,467,2,,
NY,2024,Oneida County,Camden 1,277,611,4,892,295,543,6,,
NY,2024,Oneida County,Camden 2,198,553,1,752,210,504,3,,
NY,2024,Oneida County,Camden 3,130,464,3,597,142,426,4,,
NY,2024,Oneida County,Deerfield 1,322,623,3,948,349,573,2,,
NY,2024,Oneida County,Deerfield 2,228,617,0,845,252,560,3,,
NY,2024,Oneida County,Deerfield 3,274,386,1,661,290,358,3,,
NY,2024,Oneida County,Florence 1,102,391,1,494,109,351,3,,
NY,2024,Oneida County,Floyd 1,171,596,0,767,198,534,2,,
NY,2024,Oneida County,Floyd 2,174,506,1,681,206,447,5,,
NY,2024,Oneida County,Floyd 3,115,388,1,504,145,343,2,,
NY,2024,Oneida County,Forestport 1,175,445,0,620,192,405,2,,
NY,2024,Oneida County,Forestport 2,87,240,0,327,105,212,0,,
NY,2024,Oneida County,Kirkland 1,316,384,2,702,333,347,3,,
NY,2024,Oneida County,Kirkland 10,207,166,1,374,204,164,1,,
NY,2024,Oneida County,Kirkland 2,238,282,0,520,238,267,2,,
NY,2024,Oneida County,Kirkland 3,425,130,1,556,415,129,2,,
NY,2024,Oneida County,Kirkland 4,228,143,2,373,229,137,2,,
NY,2024,Oneida County,Kirkland 5,154,137,3,294,152,140,3,,
NY,2024,Oneida County,Kirkland 6,412,241,3,656,417,227,3,,
NY,2024,Oneida County,Kirkland 7,396,174,4,574,405,168,3,,
NY,2024,Oneida County,Kirkland 8,190,249,0,439,197,227,2,,
NY,2024,Oneida County,Kirkland 9,308,182,1,491,308,167,2,,
NY,2024,Oneida County,Lee 1,172,433,0,605,184,383,5,,
NY,2024,Oneida County,Lee 2,172,575,0,747,207,486,1,,
NY,2024,Oneida County,Lee 3,59,242,0,301,68,222,1,,
NY,2024,Oneida County,Lee 4,246,393,1,640,267,355,3,,
NY,2024,Oneida County,Lee 5,356,618,2,976,389,563,4,,
NY,2024,Oneida County,Marcy 1,331,655,5,991,366,556,8,,
NY,2024,Oneida County,Marcy 2,216,549,2,767,251,491,0,,
NY,2024,Oneida County,Marcy 3,299,599,2,900,320,546,2,,
NY,2024,Oneida County,Marcy 4,251,601,0,852,270,564,1,,
NY,2024,Oneida County,Marshall 1,186,337,2,525,201,311,2,,
NY,2024,Oneida County,Marshall 2,155,327,1,483,166,304,1,,
NY,2024,Oneida County,New Hartford Ward 1 District 1,323,507,4,834,355,449,8,,
NY,2024,Oneida County,New Hartford Ward 1 District 2,214,351,2,567,238,318,2,,
NY,2024,Oneida County,New Hartford Ward 1 District 3,417,405,2,824,440,373,1,,
NY,2024,Oneida County,New Hartford Ward 1 District 4,271,383,1,655,288,340,5,,
NY,2024,Oneida County,New Hartford Ward 1 District 5,335,331,3,669,346,309,2,,
NY,2024,Oneida County,New Hartford Ward 2 District 1,242,339,2,583,265,288,2,,
NY,2024,Oneida County,New Hartford Ward 2 District 2,317,401,0,718,341,353,2,,
NY,2024,Oneida County,New Hartford Ward 2 District 3,328,462,4,794,343,430,4,,
NY,2024,Oneida County,New Hartford Ward 2 District 4,464,455,3,922,479,422,7,,
NY,2024,Oneida County,New Hartford Ward 3 District 1,385,281,1,667,396,258,0,,
NY,2024,Oneida County,New Hartford Ward 3 District 2,398,397,1,796,409,363,3,,
NY,2024,Oneida County,New Hartford Ward 3 District 3,278,241,5,524,287,231,0,,
NY,2024,Oneida County,New Hartford Ward 3 District 4,325,347,5,677,326,350,1,,
NY,2024,Oneida County,New Hartford Ward 4 District 1,421,438,0,859,439,392,3,,
NY,2024,Oneida County,New Hartford Ward 4 District 2,227,227,2,456,229,208,3,,
NY,2024,Oneida County,New Hartford Ward 4 District 3,247,254,2,503,262,219,6,,
NY,2024,Oneida County,New Hartford Ward 4 District 4,601,688,3,1292,626,632,4,,
NY,2024,Oneida County,Paris 1,226,465,1,692,248,415,0,,
NY,2024,Oneida County,Paris 2,246,545,1,792,276,474,5,,
NY,2024,Oneida County,Paris 3,289,661,0,950,318,608,1,,
NY,2024,Oneida County,Remsen 1,272,733,2,1007,298,662,5,,
NY,2024,Oneida County,Rome Ward 1 District 1,147,174,0,321,158,149,0,,
NY,2024,Oneida County,Rome Ward 1 District 2,135,205,0,340,149,178,2,,
NY,2024,Oneida County,Rome Ward 1 District 3,194,245,2,441,197,215,8,,
NY,2024,Oneida County,Rome Ward 1 District 4,198,296,1,495,216,251,4,,
NY,2024,Oneida County,Rome Ward 2 District 1,212,511,3,726,227,462,4,,
NY,2024,Oneida County,Rome Ward 2 District 2,35,62,0,97,34,56,1,,
NY,2024,Oneida County,Rome Ward 2 District 3,37,81,0,118,42,64,1,,
NY,2024,Oneida County,Rome Ward 2 District 4,63,132,1,196,64,119,1,,
NY,2024,Oneida County,Rome Ward 2 District 5,94,139,0,233,114,104,0,,
NY,2024,Oneida County,Rome Ward 3 District 1,43,84,1,128,46,65,1,,
NY,2024,Oneida County,Rome Ward 3 District 2,40,138,0,178,46,120,0,,
NY,2024,Oneida County,Rome Ward 3 District 3,227,448,1,676,246,379,3,,
NY,2024,Oneida County,Rome Ward 3 District 4,148,270,0,418,153,232,3,,
NY,2024,Oneida County,Rome Ward 3 District 5,20,32,0,52,22,20,1,,
NY,2024,Oneida County,Rome Ward 4 District 1,108,100,3,211,109,75,5,,
NY,2024,Oneida County,Rome Ward 4 District 2,217,259,2,478,229,226,1,,
NY,2024,Oneida County,Rome Ward 4 District 3,132,212,0,344,138,177,1,,
NY,2024,Oneida County,Rome Ward 4 District 4,180,288,0,468,188,256,0,,
NY,2024,Oneida County,Rome Ward 5 District 1,150,154,0,304,157,137,2,,
NY,2024,Oneida County,Rome Ward 5 District 2,177,219,0,396,177,192,4,,
NY,2024,Oneida County,Rome Ward 5 District 3,222,287,2,511,236,259,2,,
NY,2024,Oneida County,Rome Ward 5 District 4,358,480,0,838,384,427,2,,
NY,2024,Oneida County,Rome Ward 6 District 1,128,237,0,365,137,211,0,,
NY,2024,Oneida County,Rome Ward 6 District 2,212,294,1,507,226,260,0,,
NY,2024,Oneida County,Rome Ward 6 District 3,297,431,3,731,312,387,2,,
NY,2024,Oneida County,Rome Ward 6 District 4,325,554,1,880,346,497,4,,
NY,2024,Oneida County,Rome Ward 7 District 1,98,204,0,302,112,176,1,,
NY,2024,Oneida County,Rome Ward 7 District 2,220,282,1,503,225,244,4,,
NY,2024,Oneida County,Rome Ward 7 District 3,238,274,1,513,242,233,3,,
NY,2024,Oneida County,Rome Ward 7 District 4,183,227,0,410,200,189,0,,
NY,2024,Oneida County,Rome Ward 7 District 5,225,231,2,458,238,203,2,,
NY,2024,Oneida County,Sangerfield 1,269,327,0,596,284,301,2,,
NY,2024,Oneida County,Sangerfield 2,150,344,0,494,164,308,2,,
NY,2024,Oneida County,Steuben 1,141,488,1,630,165,453,3,,
NY,2024,Oneida County,Trenton 1,213,422,1,636,225,379,0,,
NY,2024,Oneida County,Trenton 2,250,496,1,747,276,455,3,,
NY,2024,Oneida County,Trenton 3,253,432,5,690,270,395,1,,
NY,2024,Oneida County,Trenton 4,116,310,1,427,128,290,1,,
NY,2024,Oneida County,Utica Ward 1 District 1,68,59,0,127,71,42,0,,
NY,2024,Oneida County,Utica Ward 1 District 2,103,37,0,140,90,31,2,,
NY,2024,Oneida County,Utica Ward 1 District 3,118,56,1,175,113,45,2,,
NY,2024,Oneida County,Utica Ward 1 District 4,221,141,3,365,209,118,4,,
NY,2024,Oneida County,Utica Ward 1 District 5,113,103,1,217,112,81,0,,
NY,2024,Oneida County,Utica Ward 1 District 6,58,39,0,97,47,39,1,,
NY,2024,Oneida County,Utica Ward 1 District 7,200,130,1,331,194,98,5,,
NY,2024,Oneida County,Utica Ward 1 District 8,109,64,2,175,110,50,1,,
NY,2024,Oneida County,Utica Ward 2 District 1,185,192,0,377,192,157,4,,
NY,2024,Oneida County,Utica Ward 2 District 2,96,91,0,187,99,65,2,,
NY,2024,Oneida County,Utica Ward 2 District 3,208,184,1,393,219,147,1,,
NY,2024,Oneida County,Utica Ward 2 District 4,211,190,0,401,214,147,7,,
NY,2024,Oneida County,Utica Ward 2 District 5,130,136,1,267,135,117,2,,
NY,2024,Oneida County,Utica Ward 2 District 6,71,57,0,128,69,55,1,,
NY,2024,Oneida County,Utica Ward 2 District 7,135,65,0,200,133,61,2,,
NY,2024,Oneida County,Utica Ward 2 District 8,81,47,0,128,81,40,2,,
NY,2024,Oneida County,Utica Ward 3 District 1,250,209,1,460,275,167,7,,
NY,2024,Oneida County,Utica Ward 3 District 10,115,97,0,212,122,81,0,,
NY,2024,Oneida County,Utica Ward 3 District 2,214,200,2,416,229,173,1,,
NY,2024,Oneida County,Utica Ward 3 District 3,291,302,4,597,319,262,5,,
NY,2024,Oneida County,Utica Ward 3 District 4,324,246,0,570,323,223,7,,
NY,2024,Oneida County,Utica Ward 3 District 5,205,131,2,338,207,119,6,,
NY,2024,Oneida County,Utica Ward 3 District 6,326,235,1,562,322,222,4,,
NY,2024,Oneida County,Utica Ward 3 District 7,202,125,1,328,206,99,3,,
NY,2024,Oneida County,Utica Ward 3 District 8,180,114,0,294,188,101,0,,
NY,2024,Oneida County,Utica Ward 3 District 9,255,170,0,425,263,149,1,,
NY,2024,Oneida County,Utica Ward 4 District 1,158,133,1,292,165,106,2,,
NY,2024,Oneida County,Utica Ward 4 District 2,141,142,2,285,147,120,1,,
NY,2024,Oneida County,Utica Ward 4 District 3,186,241,0,427,189,200,4,,
NY,2024,Oneida County,Utica Ward 4 District 4,103,124,3,230,105,99,1,,
NY,2024,Oneida County,Utica Ward 4 District 5,146,205,1,352,160,174,4,,
NY,2024,Oneida County,Utica Ward 4 District 6,212,222,3,437,233,164,1,,
NY,2024,Oneida County,Utica Ward 4 District 7,161,150,0,311,160,114,1,,
NY,2024,Oneida County,Utica Ward 4 District 8,168,152,2,322,176,126,0,,
NY,2024,Oneida County,Utica Ward 4 District 9,189,319,0,508,213,272,2,,
NY,2024,Oneida County,Utica Ward 5 District 1,186,79,2,267,180,67,5,,
NY,2024,Oneida County,Utica Ward 5 District 2,279,132,1,412,275,101,4,,
NY,2024,Oneida County,Utica Ward 5 District 3,120,68,1,189,121,58,0,,
NY,2024,Oneida County,Utica Ward 5 District 4,213,84,2,299,205,71,3,,
NY,2024,Oneida County,Utica Ward 5 District 5,259,167,0,426,263,142,2,,
NY,2024,Oneida County,Utica Ward 5 District 6,217,113,2,332,217,79,2,,
NY,2024,Oneida County,Utica Ward 5 District 7,68,46,0,114,71,34,1,,
NY,2024,Oneida County,Utica Ward 6 District 1,171,239,1,411,183,211,2,,
NY,2024,Oneida County,Utica Ward 6 District 2,364,434,2,800,387,383,5,,
NY,2024,Oneida County,Utica Ward 6 District 3,174,281,1,456,196,240,1,,
NY,2024,Oneida County,Utica Ward 6 District 4,176,230,2,408,188,193,1,,
NY,2024,Oneida County,Utica Ward 6 District 5,216,344,1,561,244,293,3,,
NY,2024,Oneida County,Utica Ward 6 District 6,267,420,2,689,296,360,2,,
NY,2024,Oneida County,Utica Ward 6 District 7,229,247,2,478,232,222,3,,
NY,2024,Oneida County,Utica Ward 6 District 8,354,293,2,649,366,261,5,,
NY,2024,Oneida County,Utica Ward 6 District 9,103,122,1,226,107,101,2,,
NY,2024,Oneida County,Vernon 1,173,512,1,686,195,466,3,,
NY,2024,Oneida County,Vernon 2,292,624,0,916,334,556,5,,
NY,2024,Oneida County,Vernon 3,377,580,3,960,407,524,7,,
NY,2024,Oneida County,Vernon 4,484,619,4,1107,499,563,2,,
NY,2024,Oneida County,Vernon 5,303,441,4,748,305,411,6,,
NY,2024,Oneida County,Verona 1,232,588,0,820,260,518,8,,
NY,2024,Oneida County,Verona 2,115,395,1,511,147,345,2,,
NY,2024,Oneida County,Verona 3,151,378,1,530,153,349,6,,
NY,2024,Oneida County,Verona 4,78,278,0,356,78,265,1,,
NY,2024,Oneida County,"Verona 5, 10, 11",136,244,1,381,143,231,2,,
NY,2024,Oneida County,Verona 6,95,186,0,281,100,175,1,,
NY,2024,Oneida County,Verona 7,45,111,0,156,42,104,1,,
NY,2024,Oneida County,"Verona 8, 9",16,44,0,60,16,43,0,,
NY,2024,Oneida County,Vienna 1,239,528,1,768,259,469,3,,
NY,2024,Oneida County,Vienna 2,161,403,1,565,167,373,1,,
NY,2024,Oneida County,Vienna 3,210,553,3,766,222,496,4,,
NY,2024,Oneida County,Vienna 4,136,344,0,480,149,307,0,,
NY,2024,Oneida County,Western 1,48,247,1,296,57,217,1,,
NY,2024,Oneida County,Western 2,116,280,0,396,117,265,1,,
NY,2024,Oneida County,Western 3,94,273,0,367,106,244,2,,
NY,2024,Oneida County,Westmoreland 1,188,359,2,549,199,330,4,,
NY,2024,Oneida County,Westmoreland 2,345,888,1,1234,381,799,3,,
NY,2024,Oneida County,Westmoreland 3,223,640,3,866,253,586,2,,
NY,2024,Oneida County,Westmoreland 4,218,571,1,790,248,508,1,,
NY,2024,Oneida County,Whitestown 1,106,160,0,266,118,140,1,,
NY,2024,Oneida County,Whitestown 10,164,193,0,357,170,166,2,,
NY,2024,Oneida County,Whitestown 11,139,293,1,433,168,247,2,,
NY,2024,Oneida County,Whitestown 12,276,306,1,583,290,279,4,,
NY,2024,Oneida County,Whitestown 13,116,202,0,318,127,178,1,,
NY,2024,Oneida County,Whitestown 14,325,560,1,886,337,509,0,,
NY,2024,Oneida County,Whitestown 15,349,665,0,1014,375,601,3,,
NY,2024,Oneida County,Whitestown 16,416,718,0,1134,449,665,1,,
NY,2024,Oneida County,Whitestown 2,105,157,2,264,123,131,3,,
NY,2024,Oneida County,Whitestown 3,250,357,1,608,269,308,1,,
NY,2024,Oneida County,Whitestown 4,181,270,0,451,191,235,4,,
NY,2024,Oneida County,Whitestown 5,157,264,0,421,174,229,3,,
NY,2024,Oneida County,Whitestown 6,275,381,0,656,303,335,3,,
NY,2024,Oneida County,Whitestown 7,169,271,1,441,190,231,0,,
NY,2024,Oneida County,Whitestown 8,215,393,0,608,236,352,3,,
NY,2024,Oneida County,Whitestown 9,239,469,2,710,276,403,3,,
NY,2024,Onondaga County,CAMILLUS,8317,6920,64,15516,8425,6576,64,,
NY,2024,Onondaga County,CICERO,8272,9308,65,17869,8558,8654,120,,
NY,2024,Onondaga County,CITY OF SYRACUSE,33894,10532,388,45403,33671,9376,367,,
NY,2024,Onondaga County,CLAY,17310,14783,162,32628,17737,13817,137,,
NY,2024,Onondaga County,DEWITT,8580,4704,84,13609,8638,4540,68,,
NY,2024,Onondaga County,ELBRIDGE,1189,1789,5,3021,1227,1686,10,,
NY,2024,Onondaga County,FABIUS,463,696,7,1186,462,677,6,,
NY,2024,Onondaga County,GEDDES,5094,4119,42,9406,5282,3783,50,,
NY,2024,Onondaga County,LAFAYETTE,1321,1637,20,3037,1373,1574,16,,
NY,2024,Onondaga County,LYSANDER,7286,6863,45,14412,7308,6651,58,,
NY,2024,Onondaga County,MANLIUS,12512,7436,135,20463,12563,7339,121,,
NY,2024,Onondaga County,MARCELLUS,2038,1863,15,3979,2066,1789,11,,
NY,2024,Onondaga County,ONONDAGA,7036,5822,115,13205,7178,5592,88,,
NY,2024,Onondaga County,OTISCO,574,893,3,1484,600,829,3,,
NY,2024,Onondaga County,POMPEY,2264,2139,33,4523,2316,2068,24,,
NY,2024,Onondaga County,SALINA,9231,7178,80,16698,9505,6594,88,,
NY,2024,Onondaga County,SKANEATELES,2692,2066,15,4864,2662,2068,13,,
NY,2024,Onondaga County,SPAFFORD,557,522,0,1090,554,510,3,,
NY,2024,Onondaga County,TULLY,860,801,6,1694,862,791,5,,
NY,2024,Onondaga County,VAN BUREN,3665,3845,26,7620,3720,3633,30,,
NY,2024,Otsego County,Burlington 1,151,459,620,1230,157,427,5434,,
NY,2024,Otsego County,Butternuts 1,130,214,353,697,130,200,3086,,
NY,2024,Otsego County,Butternuts 2,245,350,616,1211,250,319,5385,,
NY,2024,Otsego County,Cherry Valley 1,341,359,716,1416,349,328,6943,,
NY,2024,Otsego County,Decatur 1,67,139,219,425,79,105,2267,,
NY,2024,Otsego County,Edmeston 1,277,574,866,1717,279,526,7576,,
NY,2024,Otsego County,Exeter 1,127,315,452,894,142,277,4864,,
NY,2024,Otsego County,Hartwick 1,324,420,770,1514,350,379,9132,,
NY,2024,Otsego County,Hartwick 2,165,193,369,727,160,188,4378,,
NY,2024,Otsego County,Laurens 1,224,291,532,1047,235,274,5506,,
NY,2024,Otsego County,Laurens 2,255,420,682,1357,268,380,7141,,
NY,2024,Otsego County,Maryland 1,126,265,399,790,132,240,4267,,
NY,2024,Otsego County,Maryland 2,169,414,592,1175,193,360,6382,,
NY,2024,Otsego County,Middlefield 1,345,144,508,997,343,137,4388,,
NY,2024,Otsego County,Middlefield 2,307,358,695,1360,312,329,6014,,
NY,2024,Otsego County,Milford 1,263,313,579,1155,274,276,5096,,
NY,2024,Otsego County,Milford 2,428,495,947,1870,425,455,8317,,
NY,2024,Otsego County,Morris 1,346,511,884,1741,370,464,8638,,
NY,2024,Otsego County,New Lisbon 1,230,404,649,1283,238,369,5661,,
NY,2024,Otsego County,Oneonta 1,411,365,801,1577,427,332,6962,,
NY,2024,Otsego County,Oneonta 2,447,331,799,1577,454,308,6978,,
NY,2024,Otsego County,Oneonta 3,319,232,568,1119,320,221,4963,,
NY,2024,Otsego County,Oneonta 4,233,223,465,921,235,210,4083,,
NY,2024,Otsego County,Otego 1,224,476,713,1413,241,431,6240,,
NY,2024,Otsego County,Otego 2,310,470,786,1566,317,435,6952,,
NY,2024,Otsego County,Otsego 1,735,228,1012,1975,712,226,8668,,
NY,2024,Otsego County,Otsego 2,278,182,486,946,275,179,4169,,
NY,2024,Otsego County,Otsego 3,412,378,817,1607,420,356,7114,,
NY,2024,Otsego County,Pittsfield 1,158,355,527,1040,170,320,4588,,
NY,2024,Otsego County,Pittsfield 2,15,65,80,160,20,56,708,,
NY,2024,Otsego County,Plainfield 1,100,353,463,916,109,323,4982,,
NY,2024,Otsego County,Richfield 1,194,327,539,1060,203,297,5590,,
NY,2024,Otsego County,Richfield 2,177,431,628,1236,186,383,6506,,
NY,2024,Otsego County,Roseboom 1,180,227,418,825,187,211,3671,,
NY,2024,Otsego County,Springfield 1,249,415,674,1338,261,382,5916,,
NY,2024,Otsego County,Unadilla 1,175,386,572,1133,181,350,5949,,
NY,2024,Otsego County,Unadilla 2,310,557,883,1750,326,500,9203,,
NY,2024,Otsego County,Unadilla 3,282,230,528,1040,284,218,5451,,
NY,2024,Otsego County,Ward 1,519,259,804,1582,519,245,8555,,
NY,2024,Otsego County,Ward 2,414,121,548,1083,415,112,4791,,
NY,2024,Otsego County,Ward 3,273,69,368,710,272,64,3086,,
NY,2024,Otsego County,Ward 4,266,101,380,747,266,90,3326,,
NY,2024,Otsego County,Ward 5,368,205,592,1165,362,183,5105,,
NY,2024,Otsego County,Ward 6,360,269,642,1271,357,245,5615,,
NY,2024,Otsego County,Ward 7,272,122,409,803,262,113,3529,,
NY,2024,Otsego County,Ward 8,325,154,491,970,323,132,5085,,
NY,2024,Otsego County,Westford 1,145,310,470,925,160,285,5756,,
NY,2024,Otsego County,Worcester 1,138,299,457,894,152,281,3960,,
NY,2024,Otsego County,Worcester 2,75,231,310,616,83,206,2712,,
NY,2024,Otsego County,Worcester 3,147,247,410,804,160,229,3565,,
NY,2024,Queens County,AD 23 ED 001,295,1011,13,1319,0,0,0,-5.76,2.47
NY,2024,Queens County,AD 23 ED 002,289,957,12,1258,0,0,0,-14.88,7.31
NY,2024,Queens County,AD 23 ED 003,99,330,3,432,0,0,0,-13.13,7.88
NY,2024,Queens County,AD 23 ED 004,391,871,12,1274,0,0,0,-4.86,4.59
NY,2024,Queens County,AD 23 ED 005,336,936,11,1283,0,0,0,-9.82,4.27
NY,2024,Queens County,AD 23 ED 006,371,858,14,1243,0,0,0,-6.74,4.08
NY,2024,Queens County,AD 23 ED 007,441,889,19,1349,0,0,0,-8.84,6.07
NY,2024,Queens County,AD 23 ED 008,443,593,19,1055,0,0,0,-7.67,8.94
NY,2024,Queens County,AD 23 ED 009,385,335,9,729,0,0,0,-3.12,14.93
NY,2024,Queens County,AD 23 ED 010,465,762,10,1237,0,0,0,-10.11,10.5
NY,2024,Queens County,AD 23 ED 011,653,282,8,943,0,0,0,-0.15,15.25
NY,2024,Queens County,AD 23 ED 012,199,94,8,301,0,0,0,-5.53,10.64
NY,2024,Queens County,AD 23 ED 013,535,265,16,816,0,0,0,-1.5,7.17
NY,2024,Queens County,AD 23 ED 014,319,388,5,712,0,0,0,-2.51,9.54
NY,2024,Queens County,AD 23 ED 015,421,437,7,865,0,0,0,-4.75,12.59
NY,2024,Queens County,AD 23 ED 016,272,229,4,505,0,0,0,-2.57,12.23
NY,2024,Queens County,AD 23 ED 017,186,489,6,681,0,0,0,-16.13,11.45
NY,2024,Queens County,AD 23 ED 018,594,228,19,841,0,0,0,0,2.63
NY,2024,Queens County,AD 23 ED 019,125,18,0,143,0,0,0,5.6,5.56
NY,2024,Queens County,AD 23 ED 020,841,147,5,993,0,0,0,0.36,18.37
NY,2024,Queens County,AD 23 ED 021,608,215,9,832,0,0,0,1.15,12.56
NY,2024,Queens County,AD 23 ED 022,294,37,0,331,0,0,0,2.04,32.43
NY,2024,Queens County,AD 23 ED 023,204,217,0,421,0,0,0,10.29,6.91
NY,2024,Queens County,AD 23 ED 024,372,75,2,449,0,0,0,6.45,18.67
NY,2024,Queens County,AD 23 ED 025,487,354,2,843,0,0,0,0.62,13.56
NY,2024,Queens County,AD 23 ED 026,281,202,5,488,0,0,0,-1.42,13.37
NY,2024,Queens County,AD 23 ED 027,169,998,8,1175,0,0,0,-34.91,11.42
NY,2024,Queens County,AD 23 ED 028,501,260,7,768,0,0,0,3.39,16.15
NY,2024,Queens County,AD 23 ED 029,172,636,2,810,0,0,0,-22.67,13.05
NY,2024,Queens County,AD 23 ED 030,223,617,6,846,0,0,0,-17.94,14.75
NY,2024,Queens County,AD 23 ED 031,501,389,6,896,0,0,0,-2,6.43
NY,2024,Queens County,AD 23 ED 032,529,555,10,1094,0,0,0,-3.02,8.83
NY,2024,Queens County,AD 23 ED 033,233,1001,11,1245,0,0,0,-9.44,5.09
NY,2024,Queens County,AD 23 ED 034,256,808,10,1074,0,0,0,-9.77,4.33
NY,2024,Queens County,AD 23 ED 035,177,847,10,1034,0,0,0,-14.12,5.67
NY,2024,Queens County,AD 23 ED 036,217,870,17,1104,0,0,0,-12.9,5.17
NY,2024,Queens County,AD 23 ED 037,362,745,9,1116,0,0,0,-8.84,8.32
NY,2024,Queens County,AD 23 ED 038,266,682,5,953,0,0,0,-6.02,6.01
NY,2024,Queens County,AD 23 ED 039,60,29,0,89,0,0,0,-1.67,6.9
NY,2024,Queens County,AD 23 ED 040,331,276,7,614,0,0,0,-1.81,12.32
NY,2024,Queens County,AD 23 ED 041,329,391,9,729,0,0,0,-7.9,9.21
NY,2024,Queens County,AD 23 ED 042,274,299,11,584,0,0,0,-4.74,9.7
NY,2024,Queens County,AD 23 ED 043,8,3,0,11,0,0,0,0,0
NY,2024,Queens County,AD 23 ED 044,564,640,8,1212,0,0,0,-7.09,10.31
NY,2024,Queens County,AD 23 ED 045,346,426,7,779,0,0,0,-11.56,13.15
NY,2024,Queens County,AD 23 ED 046,523,482,43,1048,0,0,0,-5.93,9.96
NY,2024,Queens County,AD 23 ED 047,364,418,8,790,0,0,0,-5.22,11
NY,2024,Queens County,AD 23 ED 048,377,459,9,845,0,0,0,-4.77,11.11
NY,2024,Queens County,AD 23 ED 049,494,504,9,1007,0,0,0,-5.67,10.91
NY,2024,Queens County,AD 23 ED 050,181,174,19,374,0,0,0,-13.26,16.09
NY,2024,Queens County,AD 23 ED 051,370,274,11,655,0,0,0,-4.86,11.31
NY,2024,Queens County,AD 23 ED 052,225,167,10,402,0,0,0,-0.44,4.79
NY,2024,Queens County,AD 23 ED 053,423,293,94,810,0,0,0,-13.24,16.38
NY,2024,Queens County,AD 23 ED 054,398,291,42,731,0,0,0,-14.32,15.12
NY,2024,Queens County,AD 23 ED 055,150,142,10,302,0,0,0,-4.67,11.97
NY,2024,Queens County,AD 23 ED 056,161,156,6,323,0,0,0,-6.21,10.9
NY,2024,Queens County,AD 23 ED 057,228,230,9,467,0,0,0,-7.02,12.61
NY,2024,Queens County,AD 23 ED 058,132,403,4,539,0,0,0,-22.73,11.66
NY,2024,Queens County,AD 23 ED 059,102,397,3,502,0,0,0,-2.94,5.79
NY,2024,Queens County,AD 23 ED 060,296,394,9,699,0,0,0,-3.72,7.61
NY,2024,Queens County,AD 23 ED 061,10,6,1,17,0,0,0,-20,16.67
NY,2024,Queens County,AD 23 ED 062,443,384,12,839,0,0,0,-2.03,10.42
NY,2024,Queens County,AD 23 ED 063,257,185,6,448,0,0,0,-1.95,12.97
NY,2024,Queens County,AD 23 ED 064,136,90,3,229,0,0,0,-4.41,10
NY,2024,Queens County,AD 24 ED 001,164,114,8,286,0,0,0,-4.27,12.28
NY,2024,Queens County,AD 24 ED 002,224,110,6,340,0,0,0,-4.46,11.82
NY,2024,Queens County,AD 24 ED 003,422,303,25,750,0,0,0,-6.4,9.9
NY,2024,Queens County,AD 24 ED 004,394,229,6,629,0,0,0,-2.79,7.86
NY,2024,Queens County,AD 24 ED 005,412,224,8,644,0,0,0,-0.49,14.73
NY,2024,Queens County,AD 24 ED 006,459,405,12,876,0,0,0,-1.74,18.02
NY,2024,Queens County,AD 24 ED 007,356,246,13,615,0,0,0,-3.93,18.29
NY,2024,Queens County,AD 24 ED 008,477,344,13,834,0,0,0,-5.24,11.05
NY,2024,Queens County,AD 24 ED 009,586,322,11,919,0,0,0,-1.19,11.18
NY,2024,Queens County,AD 24 ED 010,535,202,7,744,0,0,0,-4.49,15.84
NY,2024,Queens County,AD 24 ED 011,350,188,7,545,0,0,0,-2,18.62
NY,2024,Queens County,AD 24 ED 012,266,180,5,451,0,0,0,-3.76,10.56
NY,2024,Queens County,AD 24 ED 013,454,281,15,750,0,0,0,-3.96,17.44
NY,2024,Queens County,AD 24 ED 014,415,347,10,772,0,0,0,-4.1,16.14
NY,2024,Queens County,AD 24 ED 015,351,300,9,660,0,0,0,-5.13,11.67
NY,2024,Queens County,AD 24 ED 017,77,28,13,118,0,0,0,-6.49,7.14
NY,2024,Queens County,AD 24 ED 018,263,211,5,479,0,0,0,-7.22,12.8
NY,2024,Queens County,AD 24 ED 019,401,273,10,684,0,0,0,2.49,15.02
NY,2024,Queens County,AD 24 ED 020,161,73,2,236,0,0,0,-1.24,6.85
NY,2024,Queens County,AD 24 ED 021,275,254,11,540,0,0,0,-1.82,14.57
NY,2024,Queens County,AD 24 ED 022,42,61,3,106,0,0,0,2.38,9.84
NY,2024,Queens County,AD 24 ED 023,325,195,5,525,0,0,0,-2.15,9.23
NY,2024,Queens County,AD 24 ED 024,225,251,12,488,0,0,0,-5.78,13.15
NY,2024,Queens County,AD 24 ED 025,133,114,2,249,0,0,0,-6.02,11.4
NY,2024,Queens County,AD 24 ED 026,259,182,10,451,0,0,0,-6.56,14.29
NY,2024,Queens County,AD 24 ED 027,185,104,50,339,0,0,0,-17.84,7.69
NY,2024,Queens County,AD 24 ED 028,250,150,18,418,0,0,0,-5.2,10.67
NY,2024,Queens County,AD 24 ED 029,429,282,14,725,0,0,0,-8.62,20.21
NY,2024,Queens County,AD 24 ED 030,311,241,25,577,0,0,0,-3.22,9.54
NY,2024,Queens County,AD 24 ED 031,412,357,31,800,0,0,0,-7.52,12.61
NY,2024,Queens County,AD 24 ED 032,411,271,13,695,0,0,0,-7.79,15.87
NY,2024,Queens County,AD 24 ED 033,14,21,0,35,0,0,0,0,4.76
NY,2024,Queens County,AD 24 ED 034,112,84,17,213,0,0,0,-12.5,10.71
NY,2024,Queens County,AD 24 ED 035,178,121,17,316,0,0,0,-5.62,17.36
NY,2024,Queens County,AD 24 ED 036,511,269,15,795,0,0,0,-5.48,19.33
NY,2024,Queens County,AD 24 ED 037,252,176,13,441,0,0,0,-10.71,21.02
NY,2024,Queens County,AD 24 ED 038,622,277,50,949,0,0,0,-5.14,13
NY,2024,Queens County,AD 24 ED 039,442,280,9,731,0,0,0,-3.62,15.71
NY,2024,Queens County,AD 24 ED 040,299,174,10,483,0,0,0,-4.68,8.05
NY,2024,Queens County,AD 24 ED 041,219,199,38,456,0,0,0,-12.79,5.03
NY,2024,Queens County,AD 24 ED 042,318,138,28,484,0,0,0,-6.6,10.14
NY,2024,Queens County,AD 24 ED 043,415,314,69,798,0,0,0,-11.81,10.19
NY,2024,Queens County,AD 24 ED 044,216,126,74,416,0,0,0,-24.07,7.14
NY,2024,Queens County,AD 24 ED 045,102,60,4,166,0,0,0,-3.92,13.33
NY,2024,Queens County,AD 24 ED 046,734,317,44,1095,0,0,0,-3.13,10.41
NY,2024,Queens County,AD 24 ED 047,569,285,46,900,0,0,0,-10.9,10.53
NY,2024,Queens County,AD 24 ED 048,201,123,13,337,0,0,0,-13.93,14.63
NY,2024,Queens County,AD 24 ED 049,294,919,13,1226,0,0,0,-21.77,11.21
NY,2024,Queens County,AD 24 ED 050,103,260,4,367,0,0,0,-14.56,8.08
NY,2024,Queens County,AD 24 ED 051,589,392,14,995,0,0,0,-6.79,13.78
NY,2024,Queens County,AD 24 ED 052,712,302,31,1045,0,0,0,-3.23,14.9
NY,2024,Queens County,AD 24 ED 053,911,158,14,1083,0,0,0,0.66,12.66
NY,2024,Queens County,AD 24 ED 054,126,44,5,175,0,0,0,0,6.82
NY,2024,Queens County,AD 24 ED 055,421,188,24,633,0,0,0,-5.23,15.43
NY,2024,Queens County,AD 24 ED 056,513,262,14,789,0,0,0,-2.34,10.31
NY,2024,Queens County,AD 24 ED 057,396,256,9,661,0,0,0,-1.52,8.98
NY,2024,Queens County,AD 24 ED 058,420,481,10,911,0,0,0,-2.62,4.78
NY,2024,Queens County,AD 24 ED 059,439,370,17,826,0,0,0,-1.37,2.16
NY,2024,Queens County,AD 24 ED 060,651,532,13,1196,0,0,0,-3.38,8.27
NY,2024,Queens County,AD 24 ED 061,608,434,19,1061,0,0,0,-5.59,8.99
NY,2024,Queens County,AD 24 ED 062,607,472,12,1091,0,0,0,-5.6,12.71
NY,2024,Queens County,AD 24 ED 063,277,212,4,493,0,0,0,1.81,7.08
NY,2024,Queens County,AD 24 ED 064,452,437,8,897,0,0,0,-6.64,15.33
NY,2024,Queens County,AD 24 ED 065,553,285,90,928,0,0,0,-11.39,14.74
NY,2024,Queens County,AD 25 ED 001,680,339,25,1044,0,0,0,-3.82,10.32
NY,2024,Queens County,AD 25 ED 002,656,268,23,947,0,0,0,-2.44,11.57
NY,2024,Queens County,AD 25 ED 003,104,127,2,233,0,0,0,-4.81,14.96
NY,2024,Queens County,AD 25 ED 004,273,171,15,459,0,0,0,-7.33,16.37
NY,2024,Queens County,AD 25 ED 005,673,296,24,993,0,0,0,-1.34,6.08
NY,2024,Queens County,AD 25 ED 006,297,321,33,651,0,0,0,-9.43,9.66
NY,2024,Queens County,AD 25 ED 007,57,54,6,117,0,0,0,-10.53,12.96
NY,2024,Queens County,AD 25 ED 008,40,18,1,59,0,0,0,7.5,-16.67
NY,2024,Queens County,AD 25 ED 009,351,498,15,864,0,0,0,-11.97,15.26
NY,2024,Queens County,AD 25 ED 010,18,17,1,36,0,0,0,-5.56,11.76
NY,2024,Queens County,AD 25 ED 011,246,460,8,714,0,0,0,-11.79,13.7
NY,2024,Queens County,AD 25 ED 012,427,596,17,1040,0,0,0,-3.75,9.23
NY,2024,Queens County,AD 25 ED 013,410,534,11,955,0,0,0,-10.98,11.05
NY,2024,Queens County,AD 25 ED 014,343,541,19,903,0,0,0,-11.95,14.6
NY,2024,Queens County,AD 25 ED 015,285,380,16,681,0,0,0,-7.37,12.89
NY,2024,Queens County,AD 25 ED 016,264,526,25,815,0,0,0,-21.21,13.12
NY,2024,Queens County,AD 25 ED 017,393,484,10,887,0,0,0,-6.62,9.3
NY,2024,Queens County,AD 25 ED 018,486,334,18,838,0,0,0,-1.44,9.58
NY,2024,Queens County,AD 25 ED 019,545,298,31,874,0,0,0,-5.32,13.76
NY,2024,Queens County,AD 25 ED 020,557,273,22,852,0,0,0,-0.18,6.23
NY,2024,Queens County,AD 25 ED 021,244,172,5,421,0,0,0,-0.41,7.56
NY,2024,Queens County,AD 25 ED 022,646,459,21,1126,0,0,0,-3.1,15.47
NY,2024,Queens County,AD 25 ED 023,291,257,9,557,0,0,0,-3.44,7.78
NY,2024,Queens County,AD 25 ED 024,328,292,18,638,0,0,0,-2.74,7.53
NY,2024,Queens County,AD 25 ED 025,490,495,7,992,0,0,0,-1.84,8.69
NY,2024,Queens County,AD 25 ED 026,452,509,15,976,0,0,0,-6.42,11.98
NY,2024,Queens County,AD 25 ED 027,522,391,8,921,0,0,0,-3.64,12.79
NY,2024,Queens County,AD 25 ED 028,404,309,11,724,0,0,0,-5.2,13.59
NY,2024,Queens County,AD 25 ED 029,425,490,13,928,0,0,0,-6.35,9.59
NY,2024,Queens County,AD 25 ED 030,365,448,11,824,0,0,0,-5.75,10.49
NY,2024,Queens County,AD 25 ED 031,352,407,23,782,0,0,0,-4.83,8.35
NY,2024,Queens County,AD 25 ED 032,283,371,10,664,0,0,0,-6.01,14.02
NY,2024,Queens County,AD 25 ED 033,381,563,8,952,0,0,0,-3.41,6.04
NY,2024,Queens County,AD 25 ED 034,381,471,17,869,0,0,0,-6.82,12.31
NY,2024,Queens County,AD 25 ED 035,375,389,10,774,0,0,0,-8.8,14.91
NY,2024,Queens County,AD 25 ED 036,332,342,8,682,0,0,0,-0.6,4.09
NY,2024,Queens County,AD 25 ED 037,293,283,14,590,0,0,0,-7.17,24.38
NY,2024,Queens County,AD 25 ED 038,275,334,4,613,0,0,0,-12.36,18.56
NY,2024,Queens County,AD 25 ED 039,255,366,10,631,0,0,0,-12.55,22.68
NY,2024,Queens County,AD 25 ED 040,311,355,2,668,0,0,0,-9,17.18
NY,2024,Queens County,AD 25 ED 041,235,246,12,493,0,0,0,-6.38,21.14
NY,2024,Queens County,AD 25 ED 042,349,325,19,693,0,0,0,-2.29,19.08
NY,2024,Queens County,AD 25 ED 043,327,310,11,648,0,0,0,-7.03,26.45
NY,2024,Queens County,AD 25 ED 044,389,287,17,693,0,0,0,-3.08,28.22
NY,2024,Queens County,AD 25 ED 045,374,336,9,719,0,0,0,-4.55,11.61
NY,2024,Queens County,AD 25 ED 046,240,273,34,547,0,0,0,-13.75,19.78
NY,2024,Queens County,AD 25 ED 047,190,177,3,370,0,0,0,-4.74,20.34
NY,2024,Queens County,AD 25 ED 048,109,52,3,164,0,0,0,-2.75,11.54
NY,2024,Queens County,AD 26 ED 001,186,168,18,372,0,0,0,-8.6,11.31
NY,2024,Queens County,AD 26 ED 002,128,53,7,188,0,0,0,-6.25,24.53
NY,2024,Queens County,AD 26 ED 003,107,97,18,222,0,0,0,-10.28,7.22
NY,2024,Queens County,AD 26 ED 004,213,149,20,382,0,0,0,-13.15,18.79
NY,2024,Queens County,AD 26 ED 005,29,13,0,42,0,0,0,-10.34,69.23
NY,2024,Queens County,AD 26 ED 006,423,304,6,733,0,0,0,0.47,11.84
NY,2024,Queens County,AD 26 ED 007,557,390,25,972,0,0,0,-6.82,9.74
NY,2024,Queens County,AD 26 ED 008,644,448,15,1107,0,0,0,-4.19,9.82
NY,2024,Queens County,AD 26 ED 009,267,176,29,472,0,0,0,-5.24,11.93
NY,2024,Queens County,AD 26 ED 010,768,229,4,1001,0,0,0,-0.13,9.17
NY,2024,Queens County,AD 26 ED 011,401,143,1,545,0,0,0,-3.49,13.29
NY,2024,Queens County,AD 26 ED 012,653,516,22,1191,0,0,0,-5.36,12.6
NY,2024,Queens County,AD 26 ED 013,507,600,35,1142,0,0,0,-10.26,14.17
NY,2024,Queens County,AD 26 ED 014,525,516,20,1061,0,0,0,-9.9,14.15
NY,2024,Queens County,AD 26 ED 015,618,474,37,1129,0,0,0,-3.88,8.02
NY,2024,Queens County,AD 26 ED 016,555,508,21,1084,0,0,0,-3.06,9.06
NY,2024,Queens County,AD 26 ED 017,617,494,12,1123,0,0,0,-4.05,9.31
NY,2024,Queens County,AD 26 ED 018,394,310,16,720,0,0,0,-0.25,6.77
NY,2024,Queens County,AD 26 ED 019,217,236,3,456,0,0,0,-1.38,6.78
NY,2024,Queens County,AD 26 ED 020,611,525,15,1151,0,0,0,-6.55,12.57
NY,2024,Queens County,AD 26 ED 021,529,571,9,1109,0,0,0,2.27,3.68
NY,2024,Queens County,AD 26 ED 022,510,622,27,1159,0,0,0,-2.35,3.22
NY,2024,Queens County,AD 26 ED 023,556,452,16,1024,0,0,0,-0.9,2.88
NY,2024,Queens County,AD 26 ED 024,577,508,20,1105,0,0,0,-3.29,6.1
NY,2024,Queens County,AD 26 ED 025,363,326,11,700,0,0,0,-6.34,7.98
NY,2024,Queens County,AD 26 ED 026,410,366,14,790,0,0,0,0.49,3.83
NY,2024,Queens County,AD 26 ED 027,102,83,1,186,0,0,0,0.98,7.23
NY,2024,Queens County,AD 26 ED 028,414,433,9,856,0,0,0,-4.35,9.7
NY,2024,Queens County,AD 26 ED 029,260,330,11,601,0,0,0,-6.54,9.39
NY,2024,Queens County,AD 26 ED 031,518,425,5,948,0,0,0,0.58,8.94
NY,2024,Queens County,AD 26 ED 032,503,388,16,907,0,0,0,-5.37,10.82
NY,2024,Queens County,AD 26 ED 033,478,512,15,1005,0,0,0,-3.97,7.42
NY,2024,Queens County,AD 26 ED 034,545,597,26,1168,0,0,0,-2.94,4.36
NY,2024,Queens County,AD 26 ED 035,337,334,6,677,0,0,0,0.3,5.99
NY,2024,Queens County,AD 26 ED 036,464,486,14,964,0,0,0,-5.6,8.85
NY,2024,Queens County,AD 26 ED 037,342,430,17,789,0,0,0,-4.39,11.63
NY,2024,Queens County,AD 26 ED 038,746,493,5,1244,0,0,0,-0.27,8.32
NY,2024,Queens County,AD 26 ED 039,338,309,3,650,0,0,0,-5.92,13.92
NY,2024,Queens County,AD 26 ED 040,344,270,2,616,0,0,0,-0.87,8.89
NY,2024,Queens County,AD 26 ED 041,706,393,9,1108,0,0,0,-1.56,7.12
NY,2024,Queens County,AD 26 ED 042,456,393,11,860,0,0,0,-4.39,7.63
NY,2024,Queens County,AD 26 ED 043,622,393,11,1026,0,0,0,-3.38,10.18
NY,2024,Queens County,AD 26 ED 044,486,415,9,910,0,0,0,-4.12,7.95
NY,2024,Queens County,AD 26 ED 045,600,560,5,1165,0,0,0,-1.83,6.25
NY,2024,Queens County,AD 26 ED 046,386,371,6,763,0,0,0,1.81,3.5
NY,2024,Queens County,AD 26 ED 047,16,32,0,48,0,0,0,-12.5,18.75
NY,2024,Queens County,AD 26 ED 048,395,454,10,859,0,0,0,-6.84,7.93
NY,2024,Queens County,AD 26 ED 049,314,420,7,741,0,0,0,-5.73,9.29
NY,2024,Queens County,AD 26 ED 050,414,742,3,1159,0,0,0,-0.72,5.12
NY,2024,Queens County,AD 26 ED 051,224,257,10,491,0,0,0,-1.34,8.56
NY,2024,Queens County,AD 26 ED 052,346,402,22,770,0,0,0,-4.34,3.23
NY,2024,Queens County,AD 26 ED 053,411,483,11,905,0,0,0,-2.92,8.07
NY,2024,Queens County,AD 26 ED 054,527,514,9,1050,0,0,0,-3.61,7.78
NY,2024,Queens County,AD 26 ED 055,527,545,16,1088,0,0,0,-7.4,8.62
NY,2024,Queens County,AD 26 ED 056,465,478,12,955,0,0,0,-4.52,8.16
NY,2024,Queens County,AD 26 ED 057,516,459,9,984,0,0,0,-5.23,9.59
NY,2024,Queens County,AD 26 ED 058,162,162,4,328,0,0,0,-9.26,15.43
NY,2024,Queens County,AD 26 ED 059,504,447,16,967,0,0,0,-2.78,8.72
NY,2024,Queens County,AD 26 ED 060,341,376,6,723,0,0,0,-9.68,11.7
NY,2024,Queens County,AD 26 ED 061,516,460,13,989,0,0,0,-4.65,10.65
NY,2024,Queens County,AD 26 ED 062,396,431,13,840,0,0,0,-4.55,7.89
NY,2024,Queens County,AD 27 ED 001,153,241,5,399,0,0,0,-9.8,8.3
NY,2024,Queens County,AD 27 ED 002,692,288,19,999,0,0,0,-1.01,12.5
NY,2024,Queens County,AD 27 ED 003,775,330,20,1125,0,0,0,-2.58,9.39
NY,2024,Queens County,AD 27 ED 004,782,283,22,1087,0,0,0,-2.43,6.71
NY,2024,Queens County,AD 27 ED 005,862,321,18,1201,0,0,0,-1.51,7.17
NY,2024,Queens County,AD 27 ED 006,471,213,14,698,0,0,0,-2.34,7.98
NY,2024,Queens County,AD 27 ED 007,72,199,0,271,0,0,0,-6.94,6.53
NY,2024,Queens County,AD 27 ED 008,228,186,12,426,0,0,0,-8.33,18.28
NY,2024,Queens County,AD 27 ED 009,246,407,13,666,0,0,0,-2.85,10.32
NY,2024,Queens County,AD 27 ED 010,247,131,8,386,0,0,0,-4.86,16.79
NY,2024,Queens County,AD 27 ED 011,180,106,13,299,0,0,0,-5,14.15
NY,2024,Queens County,AD 27 ED 012,521,323,14,858,0,0,0,-0.77,17.96
NY,2024,Queens County,AD 27 ED 013,388,370,9,767,0,0,0,-7.73,17.84
NY,2024,Queens County,AD 27 ED 014,655,309,7,971,0,0,0,-3.36,16.83
NY,2024,Queens County,AD 27 ED 015,691,334,20,1045,0,0,0,-4.2,16.77
NY,2024,Queens County,AD 27 ED 016,351,171,3,525,0,0,0,-8.26,20.47
NY,2024,Queens County,AD 27 ED 017,493,255,4,752,0,0,0,-1.62,15.29
NY,2024,Queens County,AD 27 ED 018,298,113,5,416,0,0,0,-0.67,16.81
NY,2024,Queens County,AD 27 ED 019,414,413,13,840,0,0,0,-9.18,14.29
NY,2024,Queens County,AD 27 ED 020,209,459,12,680,0,0,0,-17.22,13.94
NY,2024,Queens County,AD 27 ED 021,366,516,5,887,0,0,0,-12.84,16.67
NY,2024,Queens County,AD 27 ED 022,515,407,6,928,0,0,0,-2.33,14.5
NY,2024,Queens County,AD 27 ED 023,237,564,6,807,0,0,0,-17.72,14.54
NY,2024,Queens County,AD 27 ED 024,241,443,13,697,0,0,0,-11.62,11.51
NY,2024,Queens County,AD 27 ED 025,229,796,11,1036,0,0,0,-23.58,14.2
NY,2024,Queens County,AD 27 ED 026,157,81,10,248,0,0,0,-7.01,20.99
NY,2024,Queens County,AD 27 ED 027,114,916,19,1049,0,0,0,-55.26,8.3
NY,2024,Queens County,AD 27 ED 028,361,521,11,893,0,0,0,-9.7,14.01
NY,2024,Queens County,AD 27 ED 029,132,723,8,863,0,0,0,-18.94,8.58
NY,2024,Queens County,AD 27 ED 030,208,299,4,511,0,0,0,-2.4,7.36
NY,2024,Queens County,AD 27 ED 031,12,63,1,76,0,0,0,-41.67,7.94
NY,2024,Queens County,AD 27 ED 032,393,399,5,797,0,0,0,-2.04,9.02
NY,2024,Queens County,AD 27 ED 033,403,480,11,894,0,0,0,-6.2,16.04
NY,2024,Queens County,AD 27 ED 034,377,468,10,855,0,0,0,-5.84,12.18
NY,2024,Queens County,AD 27 ED 035,364,418,12,794,0,0,0,-5.22,14.35
NY,2024,Queens County,AD 27 ED 036,366,492,6,864,0,0,0,-9.02,13.21
NY,2024,Queens County,AD 27 ED 037,381,458,5,844,0,0,0,-5.77,10.26
NY,2024,Queens County,AD 27 ED 038,312,524,7,843,0,0,0,-12.18,12.98
NY,2024,Queens County,AD 27 ED 039,292,624,8,924,0,0,0,-7.53,7.05
NY,2024,Queens County,AD 27 ED 040,451,503,17,971,0,0,0,-5.1,16.3
NY,2024,Queens County,AD 27 ED 041,122,266,2,390,0,0,0,2.46,3.38
NY,2024,Queens County,AD 27 ED 042,261,984,10,1255,0,0,0,-12.64,6.61
NY,2024,Queens County,AD 27 ED 043,348,623,16,987,0,0,0,-5.46,6.74
NY,2024,Queens County,AD 27 ED 044,273,686,10,969,0,0,0,-8.79,7
NY,2024,Queens County,AD 27 ED 045,290,688,11,989,0,0,0,-1.72,4.94
NY,2024,Queens County,AD 27 ED 046,47,153,0,200,0,0,0,10.64,3.92
NY,2024,Queens County,AD 27 ED 047,179,156,8,343,0,0,0,-4.47,16.03
NY,2024,Queens County,AD 27 ED 048,368,572,10,950,0,0,0,-10.33,10.66
NY,2024,Queens County,AD 27 ED 049,378,601,12,991,0,0,0,-8.47,9.65
NY,2024,Queens County,AD 27 ED 050,300,482,2,784,0,0,0,-6.33,9.96
NY,2024,Queens County,AD 27 ED 051,372,406,12,790,0,0,0,-2.15,5.42
NY,2024,Queens County,AD 28 ED 001,196,114,22,332,0,0,0,-9.69,7.02
NY,2024,Queens County,AD 28 ED 002,917,398,25,1340,0,0,0,-1.53,7.04
NY,2024,Queens County,AD 28 ED 003,849,368,33,1250,0,0,0,0.12,5.43
NY,2024,Queens County,AD 28 ED 004,798,325,31,1154,0,0,0,-1.88,9.54
NY,2024,Queens County,AD 28 ED 005,89,77,5,171,0,0,0,-1.12,10.39
NY,2024,Queens County,AD 28 ED 006,157,178,10,345,0,0,0,-4.46,11.8
NY,2024,Queens County,AD 28 ED 007,568,441,15,1024,0,0,0,-3.35,12.02
NY,2024,Queens County,AD 28 ED 008,656,353,26,1035,0,0,0,-3.35,11.05
NY,2024,Queens County,AD 28 ED 009,620,412,17,1049,0,0,0,-3.39,9.95
NY,2024,Queens County,AD 28 ED 010,156,339,2,497,0,0,0,-5.77,5.6
NY,2024,Queens County,AD 28 ED 011,302,356,7,665,0,0,0,-6.62,12.92
NY,2024,Queens County,AD 28 ED 012,285,625,5,915,0,0,0,-3.51,8.16
NY,2024,Queens County,AD 28 ED 013,202,343,16,561,0,0,0,-11.88,8.45
NY,2024,Queens County,AD 28 ED 014,332,526,7,865,0,0,0,-6.63,10.08
NY,2024,Queens County,AD 28 ED 015,321,531,10,862,0,0,0,-4.36,6.97
NY,2024,Queens County,AD 28 ED 017,13,29,1,43,0,0,0,15.38,6.9
NY,2024,Queens County,AD 28 ED 018,101,77,3,181,0,0,0,-5.94,7.79
NY,2024,Queens County,AD 28 ED 019,301,216,21,538,0,0,0,-9.97,12.5
NY,2024,Queens County,AD 28 ED 020,481,358,14,853,0,0,0,-4.99,10.34
NY,2024,Queens County,AD 28 ED 021,148,200,2,350,0,0,0,-10.14,11.5
NY,2024,Queens County,AD 28 ED 022,348,685,8,1041,0,0,0,-11.49,9.05
NY,2024,Queens County,AD 28 ED 023,214,543,5,762,0,0,0,-9.35,7.37
NY,2024,Queens County,AD 28 ED 024,402,713,11,1126,0,0,0,-7.96,8.42
NY,2024,Queens County,AD 28 ED 025,450,825,12,1287,0,0,0,-8,7.76
NY,2024,Queens County,AD 28 ED 026,381,524,13,918,0,0,0,-3.94,7.25
NY,2024,Queens County,AD 28 ED 027,213,329,9,551,0,0,0,-9.86,8.81
NY,2024,Queens County,AD 28 ED 028,261,197,11,469,0,0,0,-11.88,20.3
NY,2024,Queens County,AD 28 ED 029,658,331,30,1019,0,0,0,-1.06,3.93
NY,2024,Queens County,AD 28 ED 030,851,400,24,1275,0,0,0,-1.29,5.5
NY,2024,Queens County,AD 28 ED 031,782,241,27,1050,0,0,0,0.13,5.39
NY,2024,Queens County,AD 28 ED 032,827,231,23,1081,0,0,0,-3.14,11.26
NY,2024,Queens County,AD 28 ED 033,476,193,17,686,0,0,0,-1.47,5.7
NY,2024,Queens County,AD 28 ED 034,559,275,12,846,0,0,0,-3.76,8.36
NY,2024,Queens County,AD 28 ED 035,946,371,20,1337,0,0,0,-2.54,10.78
NY,2024,Queens County,AD 28 ED 036,232,76,6,314,0,0,0,-10.78,27.63
NY,2024,Queens County,AD 28 ED 037,684,349,14,1047,0,0,0,-2.19,7.45
NY,2024,Queens County,AD 28 ED 038,601,273,12,886,0,0,0,-2.16,11.36
NY,2024,Queens County,AD 28 ED 039,651,375,11,1037,0,0,0,-2.61,11.2
NY,2024,Queens County,AD 28 ED 040,578,424,17,1019,0,0,0,-3.11,6.84
NY,2024,Queens County,AD 28 ED 041,259,156,10,425,0,0,0,-4.63,8.97
NY,2024,Queens County,AD 28 ED 042,56,119,0,175,0,0,0,-5.36,10.92
NY,2024,Queens County,AD 28 ED 043,440,604,8,1052,0,0,0,-2.95,10.6
NY,2024,Queens County,AD 28 ED 044,288,544,12,844,0,0,0,-3.47,13.05
NY,2024,Queens County,AD 28 ED 046,560,442,11,1013,0,0,0,-2.86,9.5
NY,2024,Queens County,AD 28 ED 047,385,304,14,703,0,0,0,-3.9,12.83
NY,2024,Queens County,AD 28 ED 048,644,537,13,1194,0,0,0,-2.33,10.06
NY,2024,Queens County,AD 28 ED 049,314,245,7,566,0,0,0,-4.78,13.47
NY,2024,Queens County,AD 28 ED 050,607,304,16,927,0,0,0,-0.82,12.5
NY,2024,Queens County,AD 28 ED 051,631,270,22,923,0,0,0,-0.48,7.78
NY,2024,Queens County,AD 28 ED 052,513,225,5,743,0,0,0,-0.58,10.67
NY,2024,Queens County,AD 28 ED 053,759,331,26,1116,0,0,0,-4.08,8.76
NY,2024,Queens County,AD 28 ED 054,620,403,20,1043,0,0,0,-1.13,4.96
NY,2024,Queens County,AD 28 ED 055,571,361,18,950,0,0,0,-1.75,4.71
NY,2024,Queens County,AD 28 ED 056,503,239,11,753,0,0,0,-0.6,9.21
NY,2024,Queens County,AD 28 ED 057,467,292,19,778,0,0,0,-5.57,13.36
NY,2024,Queens County,AD 28 ED 058,550,469,17,1036,0,0,0,-3.27,7.46
NY,2024,Queens County,AD 28 ED 059,323,396,23,742,0,0,0,-10.84,12.88
NY,2024,Queens County,AD 28 ED 060,311,434,15,760,0,0,0,-6.75,7.83
NY,2024,Queens County,AD 28 ED 061,247,531,15,793,0,0,0,-7.69,7.16
NY,2024,Queens County,AD 28 ED 062,702,416,13,1131,0,0,0,-0.28,4.81
NY,2024,Queens County,AD 28 ED 064,56,58,1,115,0,0,0,-5.36,6.9
NY,2024,Queens County,AD 28 ED 065,179,181,6,366,0,0,0,-5.59,7.73
NY,2024,Queens County,AD 28 ED 066,286,441,5,732,0,0,0,-9.44,10.43
NY,2024,Queens County,AD 28 ED 067,70,109,4,183,0,0,0,-7.14,11.01
NY,2024,Queens County,AD 28 ED 068,82,131,2,215,0,0,0,-14.63,16.79
NY,2024,Queens County,AD 28 ED 069,156,59,5,220,0,0,0,3.21,1.69
NY,2024,Queens County,AD 28 ED 071,96,52,4,152,0,0,0,-1.04,9.62
NY,2024,Queens County,AD 29 ED 001,922,91,1,1014,0,0,0,-0.76,16.48
NY,2024,Queens County,AD 29 ED 002,878,84,5,967,0,0,0,0,16.67
NY,2024,Queens County,AD 29 ED 003,825,87,3,915,0,0,0,0.73,12.64
NY,2024,Queens County,AD 29 ED 004,847,89,3,939,0,0,0,0.59,4.49
NY,2024,Queens County,AD 29 ED 005,821,99,2,922,0,0,0,-0.24,12.12
NY,2024,Queens County,AD 29 ED 006,817,118,8,943,0,0,0,-0.37,10.17
NY,2024,Queens County,AD 29 ED 007,615,91,6,712,0,0,0,-0.81,13.19
NY,2024,Queens County,AD 29 ED 008,604,65,4,673,0,0,0,-0.66,23.08
NY,2024,Queens County,AD 29 ED 009,518,43,6,567,0,0,0,1.93,13.95
NY,2024,Queens County,AD 29 ED 010,1032,60,5,1097,0,0,0,0.58,8.33
NY,2024,Queens County,AD 29 ED 011,918,60,10,988,0,0,0,0.11,10
NY,2024,Queens County,AD 29 ED 012,888,79,5,972,0,0,0,0.56,18.99
NY,2024,Queens County,AD 29 ED 013,930,61,3,994,0,0,0,0.54,9.84
NY,2024,Queens County,AD 29 ED 014,864,83,2,949,0,0,0,0.69,6.02
NY,2024,Queens County,AD 29 ED 015,126,12,0,138,0,0,0,-1.59,25
NY,2024,Queens County,AD 29 ED 016,184,14,2,200,0,0,0,1.09,7.14
NY,2024,Queens County,AD 29 ED 017,546,66,5,617,0,0,0,0.18,15.15
NY,2024,Queens County,AD 29 ED 018,924,75,4,1003,0,0,0,2.16,9.33
NY,2024,Queens County,AD 29 ED 019,911,66,3,980,0,0,0,0.55,16.67
NY,2024,Queens County,AD 29 ED 020,715,51,3,769,0,0,0,0.42,11.76
NY,2024,Queens County,AD 29 ED 021,895,72,8,975,0,0,0,0.11,20.83
NY,2024,Queens County,AD 29 ED 022,787,42,8,837,0,0,0,0.76,2.38
NY,2024,Queens County,AD 29 ED 023,992,64,6,1062,0,0,0,1.81,12.5
NY,2024,Queens County,AD 29 ED 024,85,9,1,95,0,0,0,-1.18,11.11
NY,2024,Queens County,AD 29 ED 025,779,75,6,860,0,0,0,-0.77,20
NY,2024,Queens County,AD 29 ED 026,162,17,1,180,0,0,0,2.47,11.76
NY,2024,Queens County,AD 29 ED 027,858,76,6,940,0,0,0,-0.7,26.32
NY,2024,Queens County,AD 29 ED 028,862,71,6,939,0,0,0,0.58,15.49
NY,2024,Queens County,AD 29 ED 029,953,115,7,1075,0,0,0,-0.42,13.91
NY,2024,Queens County,AD 29 ED 030,859,110,5,974,0,0,0,0.93,18.18
NY,2024,Queens County,AD 29 ED 031,555,46,8,609,0,0,0,0.36,10.87
NY,2024,Queens County,AD 29 ED 032,426,40,4,470,0,0,0,2.58,2.5
NY,2024,Queens County,AD 29 ED 033,455,50,3,508,0,0,0,0.22,20
NY,2024,Queens County,AD 29 ED 034,771,73,10,854,0,0,0,0.39,6.85
NY,2024,Queens County,AD 29 ED 035,562,85,13,660,0,0,0,-1.78,14.12
NY,2024,Queens County,AD 29 ED 036,680,76,6,762,0,0,0,-1.47,25
NY,2024,Queens County,AD 29 ED 037,711,58,9,778,0,0,0,0,17.24
NY,2024,Queens County,AD 29 ED 038,624,64,2,690,0,0,0,-0.48,14.06
NY,2024,Queens County,AD 29 ED 039,729,134,13,876,0,0,0,-1.78,11.94
NY,2024,Queens County,AD 29 ED 040,711,111,16,838,0,0,0,-1.55,18.92
NY,2024,Queens County,AD 29 ED 041,602,154,23,779,0,0,0,-4.32,20.13
NY,2024,Queens County,AD 29 ED 042,50,36,0,86,0,0,0,-4,13.89
NY,2024,Queens County,AD 29 ED 043,484,253,20,757,0,0,0,-3.51,13.04
NY,2024,Queens County,AD 29 ED 044,419,261,41,721,0,0,0,-8.35,14.56
NY,2024,Queens County,AD 29 ED 045,584,260,42,886,0,0,0,-3.94,15.38
NY,2024,Queens County,AD 29 ED 046,280,110,12,402,0,0,0,-1.43,13.64
NY,2024,Queens County,AD 29 ED 047,210,113,8,331,0,0,0,-1.9,11.5
NY,2024,Queens County,AD 29 ED 048,511,269,34,814,0,0,0,-3.33,8.55
NY,2024,Queens County,AD 29 ED 049,169,63,11,243,0,0,0,-6.51,11.11
NY,2024,Queens County,AD 29 ED 050,734,255,32,1021,0,0,0,-2.18,13.73
NY,2024,Queens County,AD 29 ED 051,612,298,56,966,0,0,0,-5.56,16.44
NY,2024,Queens County,AD 29 ED 052,246,117,19,382,0,0,0,-5.69,13.68
NY,2024,Queens County,AD 29 ED 053,305,195,48,548,0,0,0,-10.49,5.13
NY,2024,Queens County,AD 29 ED 054,365,266,25,656,0,0,0,-9.04,20.3
NY,2024,Queens County,AD 29 ED 055,399,230,20,649,0,0,0,-5.51,11.74
NY,2024,Queens County,AD 29 ED 056,584,148,13,745,0,0,0,-2.74,15.54
NY,2024,Queens County,AD 29 ED 057,319,68,17,404,0,0,0,-1.57,7.35
NY,2024,Queens County,AD 29 ED 058,654,251,42,947,0,0,0,-3.82,7.97
NY,2024,Queens County,AD 29 ED 059,282,129,21,432,0,0,0,-2.48,13.95
NY,2024,Queens County,AD 29 ED 060,558,269,21,848,0,0,0,-3.23,6.32
NY,2024,Queens County,AD 29 ED 061,59,6,0,65,0,0,0,0,16.67
NY,2024,Queens County,AD 29 ED 063,272,188,18,478,0,0,0,-3.68,7.45
NY,2024,Queens County,AD 29 ED 064,72,2,0,74,0,0,0,6.94,-50
NY,2024,Queens County,AD 29 ED 065,286,143,14,443,0,0,0,-8.04,16.08
NY,2024,Queens County,AD 30 ED 002,92,91,6,189,0,0,0,-10.87,13.19
NY,2024,Queens County,AD 30 ED 003,114,45,4,163,0,0,0,-2.63,11.11
NY,2024,Queens County,AD 30 ED 004,328,229,26,583,0,0,0,-12.2,14.41
NY,2024,Queens County,AD 30 ED 005,463,632,22,1117,0,0,0,-7.99,10.13
NY,2024,Queens County,AD 30 ED 006,480,640,14,1134,0,0,0,-7.08,9.22
NY,2024,Queens County,AD 30 ED 007,201,222,3,426,0,0,0,-4.98,8.11
NY,2024,Queens County,AD 30 ED 008,349,507,11,867,0,0,0,-11.17,14.79
NY,2024,Queens County,AD 30 ED 009,265,267,9,541,0,0,0,-3.4,7.49
NY,2024,Queens County,AD 30 ED 010,384,565,19,968,0,0,0,-10.68,12.21
NY,2024,Queens County,AD 30 ED 011,329,288,16,633,0,0,0,-0.61,8.33
NY,2024,Queens County,AD 30 ED 012,193,123,12,328,0,0,0,-6.22,15.45
NY,2024,Queens County,AD 30 ED 013,597,439,52,1088,0,0,0,-9.05,15.26
NY,2024,Queens County,AD 30 ED 014,87,49,2,138,0,0,0,-2.3,10.2
NY,2024,Queens County,AD 30 ED 015,61,57,1,119,0,0,0,-8.2,17.54
NY,2024,Queens County,AD 30 ED 016,442,402,27,871,0,0,0,-8.6,15.17
NY,2024,Queens County,AD 30 ED 017,120,157,5,282,0,0,0,-11.67,17.2
NY,2024,Queens County,AD 30 ED 018,126,42,8,176,0,0,0,0.79,7.14
NY,2024,Queens County,AD 30 ED 019,330,200,20,550,0,0,0,-7.27,19
NY,2024,Queens County,AD 30 ED 020,308,205,10,523,0,0,0,-3.9,20.49
NY,2024,Queens County,AD 30 ED 021,565,374,30,969,0,0,0,-5.31,13.37
NY,2024,Queens County,AD 30 ED 022,585,353,31,969,0,0,0,-5.98,13.03
NY,2024,Queens County,AD 30 ED 023,299,218,7,524,0,0,0,-3.34,11.93
NY,2024,Queens County,AD 30 ED 024,578,394,16,988,0,0,0,-5.54,13.96
NY,2024,Queens County,AD 30 ED 025,458,359,18,835,0,0,0,-11.14,20.06
NY,2024,Queens County,AD 30 ED 027,368,396,11,775,0,0,0,-15.22,20.71
NY,2024,Queens County,AD 30 ED 028,150,128,3,281,0,0,0,-10,17.19
NY,2024,Queens County,AD 30 ED 029,16,11,0,27,0,0,0,12.5,9.09
NY,2024,Queens County,AD 30 ED 030,485,429,17,931,0,0,0,-7.42,17.02
NY,2024,Queens County,AD 30 ED 031,426,321,24,771,0,0,0,-4.93,15.26
NY,2024,Queens County,AD 30 ED 032,42,52,1,95,0,0,0,-14.29,28.85
NY,2024,Queens County,AD 30 ED 033,324,209,11,544,0,0,0,-3.7,10.53
NY,2024,Queens County,AD 30 ED 034,194,200,1,395,0,0,0,-2.58,13.5
NY,2024,Queens County,AD 30 ED 035,534,302,8,844,0,0,0,-4.31,16.89
NY,2024,Queens County,AD 30 ED 036,491,403,17,911,0,0,0,-6.31,18.36
NY,2024,Queens County,AD 30 ED 037,310,276,24,610,0,0,0,-9.68,22.46
NY,2024,Queens County,AD 30 ED 038,345,296,10,651,0,0,0,-11.01,17.57
NY,2024,Queens County,AD 30 ED 039,352,310,23,685,0,0,0,-9.94,13.87
NY,2024,Queens County,AD 30 ED 040,518,344,25,887,0,0,0,-6.76,15.41
NY,2024,Queens County,AD 30 ED 041,499,375,21,895,0,0,0,-8.02,16.53
NY,2024,Queens County,AD 30 ED 042,346,188,20,554,0,0,0,-7.8,17.02
NY,2024,Queens County,AD 30 ED 043,260,149,7,416,0,0,0,-2.69,15.44
NY,2024,Queens County,AD 30 ED 044,84,55,11,150,0,0,0,-8.33,9.09
NY,2024,Queens County,AD 30 ED 045,370,221,44,635,0,0,0,-12.43,16.29
NY,2024,Queens County,AD 30 ED 046,429,333,35,797,0,0,0,-6.53,14.71
NY,2024,Queens County,AD 30 ED 047,328,224,13,565,0,0,0,-5.49,9.82
NY,2024,Queens County,AD 30 ED 048,250,186,15,451,0,0,0,-7.6,15.05
NY,2024,Queens County,AD 30 ED 049,476,295,24,795,0,0,0,-5.88,14.92
NY,2024,Queens County,AD 30 ED 050,410,315,8,733,0,0,0,-2.93,16.51
NY,2024,Queens County,AD 30 ED 051,414,256,45,715,0,0,0,-8.94,16.02
NY,2024,Queens County,AD 30 ED 052,252,153,16,421,0,0,0,-4.37,17.65
NY,2024,Queens County,AD 30 ED 053,303,226,16,545,0,0,0,-6.6,21.24
NY,2024,Queens County,AD 30 ED 054,217,143,12,372,0,0,0,-10.14,16.08
NY,2024,Queens County,AD 30 ED 055,330,258,23,611,0,0,0,-6.06,17.05
NY,2024,Queens County,AD 30 ED 056,380,258,12,650,0,0,0,-1.84,8.53
NY,2024,Queens County,AD 30 ED 060,74,49,1,124,0,0,0,-4.05,16.33
NY,2024,Queens County,AD 31 ED 001,718,131,13,862,0,0,0,0.28,13.74
NY,2024,Queens County,AD 31 ED 002,529,160,2,691,0,0,0,-0.19,11.88
NY,2024,Queens County,AD 31 ED 003,466,92,5,563,0,0,0,1.07,13.04
NY,2024,Queens County,AD 31 ED 004,543,132,6,681,0,0,0,-0.18,13.64
NY,2024,Queens County,AD 31 ED 005,621,83,13,717,0,0,0,0.32,16.87
NY,2024,Queens County,AD 31 ED 006,402,85,1,488,0,0,0,0.25,12.94
NY,2024,Queens County,AD 31 ED 007,273,61,1,335,0,0,0,-2.93,34.43
NY,2024,Queens County,AD 31 ED 008,697,118,3,818,0,0,0,4.3,14.41
NY,2024,Queens County,AD 31 ED 009,343,53,7,403,0,0,0,3.21,26.42
NY,2024,Queens County,AD 31 ED 010,375,97,5,477,0,0,0,-1.87,29.9
NY,2024,Queens County,AD 31 ED 011,456,116,3,575,0,0,0,-0.22,17.24
NY,2024,Queens County,AD 31 ED 012,609,80,3,692,0,0,0,5.58,13.75
NY,2024,Queens County,AD 31 ED 013,260,37,7,304,0,0,0,0.38,10.81
NY,2024,Queens County,AD 31 ED 014,591,74,3,668,0,0,0,3.55,14.86
NY,2024,Queens County,AD 31 ED 015,799,145,7,951,0,0,0,0,15.86
NY,2024,Queens County,AD 31 ED 016,590,185,16,791,0,0,0,0.17,14.05
NY,2024,Queens County,AD 31 ED 017,13,4,0,17,0,0,0,23.08,-25
NY,2024,Queens County,AD 31 ED 018,328,69,0,397,0,0,0,1.52,20.29
NY,2024,Queens County,AD 31 ED 019,19,8,2,29,0,0,0,-5.26,25
NY,2024,Queens County,AD 31 ED 020,770,164,11,945,0,0,0,0.91,17.68
NY,2024,Queens County,AD 31 ED 021,484,360,12,856,0,0,0,-5.17,12.22
NY,2024,Queens County,AD 31 ED 022,621,73,5,699,0,0,0,-0.81,17.81
NY,2024,Queens County,AD 31 ED 023,893,72,6,971,0,0,0,0.9,15.28
NY,2024,Queens County,AD 31 ED 024,269,52,6,327,0,0,0,-1.12,5.77
NY,2024,Queens County,AD 31 ED 025,725,87,8,820,0,0,0,0.14,16.09
NY,2024,Queens County,AD 31 ED 026,747,70,2,819,0,0,0,1.34,7.14
NY,2024,Queens County,AD 31 ED 027,812,66,5,883,0,0,0,0,15.15
NY,2024,Queens County,AD 31 ED 028,687,56,2,745,0,0,0,0.73,23.21
NY,2024,Queens County,AD 31 ED 029,646,56,3,705,0,0,0,0.31,16.07
NY,2024,Queens County,AD 31 ED 030,347,42,0,389,0,0,0,-0.29,14.29
NY,2024,Queens County,AD 31 ED 031,440,53,0,493,0,0,0,0.68,18.87
NY,2024,Queens County,AD 31 ED 032,795,93,4,892,0,0,0,-0.75,20.43
NY,2024,Queens County,AD 31 ED 033,216,111,9,336,0,0,0,-2.31,12.61
NY,2024,Queens County,AD 31 ED 034,681,96,4,781,0,0,0,0.59,12.5
NY,2024,Queens County,AD 31 ED 035,555,42,3,600,0,0,0,0.9,16.67
NY,2024,Queens County,AD 31 ED 036,182,24,0,206,0,0,0,0.55,8.33
NY,2024,Queens County,AD 31 ED 037,647,137,6,790,0,0,0,0.77,8.76
NY,2024,Queens County,AD 31 ED 038,399,133,7,539,0,0,0,-1.5,17.29
NY,2024,Queens County,AD 31 ED 039,299,105,1,405,0,0,0,-3.01,17.14
NY,2024,Queens County,AD 31 ED 040,14,9,0,23,0,0,0,0,33.33
NY,2024,Queens County,AD 31 ED 041,503,179,15,697,0,0,0,-2.58,12.85
NY,2024,Queens County,AD 31 ED 042,167,96,6,269,0,0,0,-7.78,13.54
NY,2024,Queens County,AD 31 ED 043,471,265,7,743,0,0,0,-1.27,10.57
NY,2024,Queens County,AD 31 ED 044,389,211,9,609,0,0,0,-1.29,13.74
NY,2024,Queens County,AD 31 ED 045,463,231,13,707,0,0,0,-3.89,15.58
NY,2024,Queens County,AD 31 ED 046,444,189,4,637,0,0,0,-1.35,15.87
NY,2024,Queens County,AD 31 ED 047,159,105,2,266,0,0,0,-4.4,20
NY,2024,Queens County,AD 31 ED 048,204,99,5,308,0,0,0,-1.47,4.04
NY,2024,Queens County,AD 31 ED 049,57,20,2,79,0,0,0,-3.51,25
NY,2024,Queens County,AD 31 ED 050,400,228,4,632,0,0,0,-2.5,17.11
NY,2024,Queens County,AD 31 ED 051,391,197,8,596,0,0,0,-3.07,11.17
NY,2024,Queens County,AD 31 ED 052,355,190,9,554,0,0,0,-0.28,10
NY,2024,Queens County,AD 31 ED 053,339,204,5,548,0,0,0,-2.36,14.22
NY,2024,Queens County,AD 31 ED 054,553,183,15,751,0,0,0,-2.17,11.48
NY,2024,Queens County,AD 31 ED 055,444,211,6,661,0,0,0,-3.15,16.11
NY,2024,Queens County,AD 31 ED 056,456,199,11,666,0,0,0,-0.22,15.08
NY,2024,Queens County,AD 31 ED 057,511,397,16,924,0,0,0,-6.07,11.08
NY,2024,Queens County,AD 31 ED 058,528,360,28,916,0,0,0,-4.17,7.5
NY,2024,Queens County,AD 32 ED 001,49,29,4,82,0,0,0,-10.2,20.69
NY,2024,Queens County,AD 32 ED 002,92,49,2,143,0,0,0,-1.09,10.2
NY,2024,Queens County,AD 32 ED 003,531,240,39,810,0,0,0,-5.84,15.83
NY,2024,Queens County,AD 32 ED 004,275,154,29,458,0,0,0,-8.73,13.64
NY,2024,Queens County,AD 32 ED 005,525,177,19,721,0,0,0,-5.33,20.34
NY,2024,Queens County,AD 32 ED 006,17,9,5,31,0,0,0,-17.65,22.22
NY,2024,Queens County,AD 32 ED 007,559,168,21,748,0,0,0,-1.79,17.86
NY,2024,Queens County,AD 32 ED 008,469,407,28,904,0,0,0,-7.25,13.51
NY,2024,Queens County,AD 32 ED 009,426,183,13,622,0,0,0,-5.4,14.75
NY,2024,Queens County,AD 32 ED 010,317,155,16,488,0,0,0,-6.94,18.71
NY,2024,Queens County,AD 32 ED 011,44,12,0,56,0,0,0,0,16.67
NY,2024,Queens County,AD 32 ED 012,416,102,10,528,0,0,0,-1.44,17.65
NY,2024,Queens County,AD 32 ED 013,41,5,0,46,0,0,0,-2.44,40
NY,2024,Queens County,AD 32 ED 014,58,11,4,73,0,0,0,3.45,0
NY,2024,Queens County,AD 32 ED 015,367,312,6,685,0,0,0,-4.09,12.18
NY,2024,Queens County,AD 32 ED 016,143,19,2,164,0,0,0,0.7,-10.53
NY,2024,Queens County,AD 32 ED 017,449,180,10,639,0,0,0,-1.56,4.44
NY,2024,Queens County,AD 32 ED 018,128,48,4,180,0,0,0,-1.56,8.33
NY,2024,Queens County,AD 32 ED 019,445,192,7,644,0,0,0,-3.37,15.63
NY,2024,Queens County,AD 32 ED 020,460,137,12,609,0,0,0,-1.52,9.49
NY,2024,Queens County,AD 32 ED 021,638,156,10,804,0,0,0,-0.31,9.62
NY,2024,Queens County,AD 32 ED 022,692,183,4,879,0,0,0,0,10.38
NY,2024,Queens County,AD 32 ED 023,510,118,9,637,0,0,0,-2.75,16.95
NY,2024,Queens County,AD 32 ED 024,497,114,6,617,0,0,0,0,13.16
NY,2024,Queens County,AD 32 ED 025,542,107,5,654,0,0,0,0,14.02
NY,2024,Queens County,AD 32 ED 026,648,187,13,848,0,0,0,-3.09,17.65
NY,2024,Queens County,AD 32 ED 027,632,140,1,773,0,0,0,-0.79,19.29
NY,2024,Queens County,AD 32 ED 028,584,110,15,709,0,0,0,0.68,13.64
NY,2024,Queens County,AD 32 ED 029,419,66,12,497,0,0,0,-0.48,21.21
NY,2024,Queens County,AD 32 ED 030,481,102,2,585,0,0,0,-0.42,15.69
NY,2024,Queens County,AD 32 ED 031,502,77,7,586,0,0,0,0.8,1.3
NY,2024,Queens County,AD 32 ED 032,593,105,2,700,0,0,0,1.18,14.29
NY,2024,Queens County,AD 32 ED 033,224,12,1,237,0,0,0,1.34,41.67
NY,2024,Queens County,AD 32 ED 034,736,63,10,809,0,0,0,-0.14,14.29
NY,2024,Queens County,AD 32 ED 035,290,37,2,329,0,0,0,0,10.81
NY,2024,Queens County,AD 32 ED 036,461,58,5,524,0,0,0,0.65,17.24
NY,2024,Queens County,AD 32 ED 037,741,149,22,912,0,0,0,-0.94,13.42
NY,2024,Queens County,AD 32 ED 038,573,132,11,716,0,0,0,-0.87,15.15
NY,2024,Queens County,AD 32 ED 039,527,115,12,654,0,0,0,2.66,7.83
NY,2024,Queens County,AD 32 ED 040,507,83,4,594,0,0,0,0.79,14.46
NY,2024,Queens County,AD 32 ED 041,375,53,7,435,0,0,0,2.4,7.55
NY,2024,Queens County,AD 32 ED 042,576,115,15,706,0,0,0,-2.43,13.91
NY,2024,Queens County,AD 32 ED 043,664,168,22,854,0,0,0,-3.46,18.45
NY,2024,Queens County,AD 32 ED 044,400,32,4,436,0,0,0,3.25,6.25
NY,2024,Queens County,AD 32 ED 045,408,121,16,545,0,0,0,-3.92,9.92
NY,2024,Queens County,AD 32 ED 046,504,74,3,581,0,0,0,-0.79,13.51
NY,2024,Queens County,AD 32 ED 047,568,48,2,618,0,0,0,1.06,14.58
NY,2024,Queens County,AD 32 ED 048,753,74,5,832,0,0,0,1.2,2.7
NY,2024,Queens County,AD 32 ED 049,465,43,2,510,0,0,0,-0.22,11.63
NY,2024,Queens County,AD 32 ED 050,736,93,18,847,0,0,0,-0.41,13.98
NY,2024,Queens County,AD 32 ED 051,764,81,7,852,0,0,0,2.09,4.94
NY,2024,Queens County,AD 32 ED 052,4,0,0,4,0,0,0,0,0
NY,2024,Queens County,AD 32 ED 053,940,43,4,987,0,0,0,2.66,9.3
NY,2024,Queens County,AD 32 ED 054,836,50,5,891,0,0,0,3.23,4
NY,2024,Queens County,AD 32 ED 055,580,37,4,621,0,0,0,1.21,29.73
NY,2024,Queens County,AD 32 ED 056,524,53,3,580,0,0,0,1.34,18.87
NY,2024,Queens County,AD 32 ED 057,585,38,4,627,0,0,0,0.34,31.58
NY,2024,Queens County,AD 32 ED 058,560,29,7,596,0,0,0,1.25,17.24
NY,2024,Queens County,AD 32 ED 059,541,31,4,576,0,0,0,0.92,29.03
NY,2024,Queens County,AD 32 ED 060,577,34,3,614,0,0,0,2.95,14.71
NY,2024,Queens County,AD 32 ED 061,558,29,3,590,0,0,0,1.25,20.69
NY,2024,Queens County,AD 32 ED 062,590,52,1,643,0,0,0,1.53,11.54
NY,2024,Queens County,AD 32 ED 063,441,58,2,501,0,0,0,0.68,8.62
NY,2024,Queens County,AD 32 ED 064,480,56,0,536,0,0,0,1.88,19.64
NY,2024,Queens County,AD 32 ED 065,569,81,10,660,0,0,0,-0.88,11.11
NY,2024,Queens County,AD 32 ED 066,169,30,0,199,0,0,0,0,10
NY,2024,Queens County,AD 32 ED 067,514,123,6,643,0,0,0,0.58,9.76
NY,2024,Queens County,AD 32 ED 068,441,115,3,559,0,0,0,-2.04,13.91
NY,2024,Queens County,AD 33 ED 001,476,528,39,1043,0,0,0,-10.29,11.93
NY,2024,Queens County,AD 33 ED 002,545,548,49,1142,0,0,0,-8.26,8.94
NY,2024,Queens County,AD 33 ED 003,474,485,42,1001,0,0,0,-6.54,8.04
NY,2024,Queens County,AD 33 ED 004,440,429,28,897,0,0,0,-8.86,8.39
NY,2024,Queens County,AD 33 ED 005,442,376,41,859,0,0,0,-5.88,9.84
NY,2024,Queens County,AD 33 ED 006,506,558,41,1105,0,0,0,-9.09,11.83
NY,2024,Queens County,AD 33 ED 007,411,327,36,774,0,0,0,-11.92,14.68
NY,2024,Queens County,AD 33 ED 008,503,499,39,1041,0,0,0,-6.56,9.82
NY,2024,Queens County,AD 33 ED 009,449,433,40,922,0,0,0,-7.57,8.78
NY,2024,Queens County,AD 33 ED 010,588,390,28,1006,0,0,0,-5.1,8.46
NY,2024,Queens County,AD 33 ED 011,310,187,16,513,0,0,0,-3.55,11.23
NY,2024,Queens County,AD 33 ED 012,541,220,13,774,0,0,0,-3.33,15.91
NY,2024,Queens County,AD 33 ED 013,76,23,2,101,0,0,0,-3.95,21.74
NY,2024,Queens County,AD 33 ED 014,466,333,22,821,0,0,0,-6.87,9.61
NY,2024,Queens County,AD 33 ED 015,471,229,25,725,0,0,0,-5.52,11.79
NY,2024,Queens County,AD 33 ED 016,480,309,44,833,0,0,0,-8.12,15.86
NY,2024,Queens County,AD 33 ED 017,621,329,36,986,0,0,0,-4.51,11.85
NY,2024,Queens County,AD 33 ED 018,512,221,17,750,0,0,0,-2.93,15.84
NY,2024,Queens County,AD 33 ED 019,411,195,12,618,0,0,0,-3.65,15.38
NY,2024,Queens County,AD 33 ED 020,480,257,32,769,0,0,0,-5.21,11.28
NY,2024,Queens County,AD 33 ED 021,616,265,42,923,0,0,0,-5.36,12.45
NY,2024,Queens County,AD 33 ED 022,267,110,8,385,0,0,0,-3.75,9.09
NY,2024,Queens County,AD 33 ED 023,703,258,31,992,0,0,0,-3.27,8.53
NY,2024,Queens County,AD 33 ED 024,110,47,1,158,0,0,0,-1.82,14.89
NY,2024,Queens County,AD 33 ED 025,253,88,13,354,0,0,0,-2.77,6.82
NY,2024,Queens County,AD 33 ED 026,91,35,2,128,0,0,0,-6.59,28.57
NY,2024,Queens County,AD 33 ED 027,626,141,8,775,0,0,0,1.28,9.93
NY,2024,Queens County,AD 33 ED 028,277,61,8,346,0,0,0,-2.53,14.75
NY,2024,Queens County,AD 33 ED 029,738,143,10,891,0,0,0,-1.22,19.58
NY,2024,Queens County,AD 33 ED 030,872,118,14,1004,0,0,0,-0.11,21.19
NY,2024,Queens County,AD 33 ED 031,705,78,2,785,0,0,0,0.28,17.95
NY,2024,Queens County,AD 33 ED 032,930,86,12,1028,0,0,0,0.11,10.47
NY,2024,Queens County,AD 33 ED 033,553,40,5,598,0,0,0,1.27,7.5
NY,2024,Queens County,AD 33 ED 034,820,72,6,898,0,0,0,0.12,29.17
NY,2024,Queens County,AD 33 ED 035,954,54,3,1011,0,0,0,0.94,12.96
NY,2024,Queens County,AD 33 ED 036,897,59,7,963,0,0,0,1.23,25.42
NY,2024,Queens County,AD 33 ED 037,874,60,0,934,0,0,0,1.49,13.33
NY,2024,Queens County,AD 33 ED 038,736,60,4,800,0,0,0,-0.82,26.67
NY,2024,Queens County,AD 33 ED 039,656,62,5,723,0,0,0,0.3,12.9
NY,2024,Queens County,AD 33 ED 040,576,41,5,622,0,0,0,1.74,0
NY,2024,Queens County,AD 33 ED 041,496,43,2,541,0,0,0,-1.41,25.58
NY,2024,Queens County,AD 33 ED 042,803,79,6,888,0,0,0,0.37,11.39
NY,2024,Queens County,AD 33 ED 043,448,27,4,479,0,0,0,0.89,3.7
NY,2024,Queens County,AD 33 ED 044,930,77,7,1014,0,0,0,-0.43,15.58
NY,2024,Queens County,AD 33 ED 045,755,58,6,819,0,0,0,0.93,8.62
NY,2024,Queens County,AD 33 ED 046,930,92,10,1032,0,0,0,-0.86,18.48
NY,2024,Queens County,AD 33 ED 047,730,64,6,800,0,0,0,1.92,6.25
NY,2024,Queens County,AD 33 ED 048,729,60,8,797,0,0,0,0.27,8.33
NY,2024,Queens County,AD 33 ED 049,367,38,2,407,0,0,0,0.82,21.05
NY,2024,Queens County,AD 33 ED 050,847,91,10,948,0,0,0,0.47,15.38
NY,2024,Queens County,AD 33 ED 051,870,132,19,1021,0,0,0,-0.92,7.58
NY,2024,Queens County,AD 33 ED 052,886,122,23,1031,0,0,0,-0.23,14.75
NY,2024,Queens County,AD 33 ED 053,665,91,15,771,0,0,0,-0.15,12.09
NY,2024,Queens County,AD 33 ED 054,633,89,12,734,0,0,0,-0.16,11.24
NY,2024,Queens County,AD 33 ED 055,601,108,7,716,0,0,0,-0.33,12.04
NY,2024,Queens County,AD 33 ED 056,848,98,11,957,0,0,0,0.83,22.45
NY,2024,Queens County,AD 33 ED 057,591,83,11,685,0,0,0,0.85,4.82
NY,2024,Queens County,AD 33 ED 058,646,131,10,787,0,0,0,0.15,17.56
NY,2024,Queens County,AD 33 ED 059,435,46,9,490,0,0,0,2.53,4.35
NY,2024,Queens County,AD 33 ED 060,632,95,3,730,0,0,0,-0.16,33.68
NY,2024,Queens County,AD 33 ED 061,681,124,10,815,0,0,0,-0.44,16.13
NY,2024,Queens County,AD 33 ED 062,384,36,11,431,0,0,0,3.39,13.89
NY,2024,Queens County,AD 33 ED 063,432,81,9,522,0,0,0,-1.16,12.35
NY,2024,Queens County,AD 33 ED 064,3,2,0,5,0,0,0,0,0
NY,2024,Queens County,AD 33 ED 065,671,117,18,806,0,0,0,-1.94,18.8
NY,2024,Queens County,AD 34 ED 001,692,376,26,1094,0,0,0,0.43,3.46
NY,2024,Queens County,AD 34 ED 002,106,127,1,234,0,0,0,-10.38,15.75
NY,2024,Queens County,AD 34 ED 003,415,238,24,677,0,0,0,-0.24,7.14
NY,2024,Queens County,AD 34 ED 004,570,191,37,798,0,0,0,-1.23,2.62
NY,2024,Queens County,AD 34 ED 005,399,172,21,592,0,0,0,-5.51,8.72
NY,2024,Queens County,AD 34 ED 006,38,40,3,81,0,0,0,-18.42,17.5
NY,2024,Queens County,AD 34 ED 007,616,248,32,896,0,0,0,-2.92,6.45
NY,2024,Queens County,AD 34 ED 008,703,307,28,1038,0,0,0,-3.27,12.7
NY,2024,Queens County,AD 34 ED 009,514,313,10,837,0,0,0,-2.53,13.42
NY,2024,Queens County,AD 34 ED 010,391,371,3,765,0,0,0,-5.63,19.68
NY,2024,Queens County,AD 34 ED 011,237,195,8,440,0,0,0,-0.42,18.97
NY,2024,Queens County,AD 34 ED 012,912,342,45,1299,0,0,0,-0.77,7.31
NY,2024,Queens County,AD 34 ED 013,896,396,38,1330,0,0,0,-2.12,8.59
NY,2024,Queens County,AD 34 ED 014,717,417,28,1162,0,0,0,-3.35,11.03
NY,2024,Queens County,AD 34 ED 015,190,233,12,435,0,0,0,-2.11,12.45
NY,2024,Queens County,AD 34 ED 016,175,196,6,377,0,0,0,-7.43,7.14
NY,2024,Queens County,AD 34 ED 017,550,370,41,961,0,0,0,-5.27,13.51
NY,2024,Queens County,AD 34 ED 018,555,279,20,854,0,0,0,-3.6,17.56
NY,2024,Queens County,AD 34 ED 019,730,334,18,1082,0,0,0,-2.19,9.28
NY,2024,Queens County,AD 34 ED 020,746,363,30,1139,0,0,0,-3.22,11.85
NY,2024,Queens County,AD 34 ED 021,537,145,11,693,0,0,0,0.93,22.76
NY,2024,Queens County,AD 34 ED 022,250,125,6,381,0,0,0,1.2,18.4
NY,2024,Queens County,AD 34 ED 023,255,123,13,391,0,0,0,-1.57,9.76
NY,2024,Queens County,AD 34 ED 024,607,307,20,934,0,0,0,-2.31,8.14
NY,2024,Queens County,AD 34 ED 025,638,343,11,992,0,0,0,-4.39,11.66
NY,2024,Queens County,AD 34 ED 026,1,0,0,1,0,0,0,0,0
NY,2024,Queens County,AD 34 ED 027,317,335,16,668,0,0,0,-2.21,9.55
NY,2024,Queens County,AD 34 ED 028,221,223,9,453,0,0,0,-10.86,20.18
NY,2024,Queens County,AD 34 ED 029,254,248,20,522,0,0,0,-9.06,19.35
NY,2024,Queens County,AD 34 ED 030,299,309,14,622,0,0,0,-6.69,15.21
NY,2024,Queens County,AD 34 ED 031,417,386,48,851,0,0,0,-8.63,14.25
NY,2024,Queens County,AD 34 ED 032,279,251,13,543,0,0,0,-3.58,13.15
NY,2024,Queens County,AD 34 ED 033,196,159,11,366,0,0,0,-9.18,17.61
NY,2024,Queens County,AD 34 ED 034,396,251,15,662,0,0,0,-2.78,15.14
NY,2024,Queens County,AD 34 ED 035,235,245,3,483,0,0,0,-14.04,24.08
NY,2024,Queens County,AD 34 ED 036,458,381,26,865,0,0,0,-6.11,19.16
NY,2024,Queens County,AD 34 ED 037,211,170,17,398,0,0,0,-6.64,10.59
NY,2024,Queens County,AD 34 ED 038,203,144,12,359,0,0,0,-6.9,15.28
NY,2024,Queens County,AD 34 ED 039,514,296,23,833,0,0,0,-7.59,21.28
NY,2024,Queens County,AD 34 ED 040,595,391,18,1004,0,0,0,-3.87,13.3
NY,2024,Queens County,AD 34 ED 041,597,301,27,925,0,0,0,-2.01,13.62
NY,2024,Queens County,AD 34 ED 042,373,246,16,635,0,0,0,-3.75,17.07
NY,2024,Queens County,AD 34 ED 043,390,277,19,686,0,0,0,-3.33,17.69
NY,2024,Queens County,AD 34 ED 044,450,371,8,829,0,0,0,-1.33,16.44
NY,2024,Queens County,AD 34 ED 045,234,202,7,443,0,0,0,-5.13,22.77
NY,2024,Queens County,AD 34 ED 046,601,351,30,982,0,0,0,-1,9.97
NY,2024,Queens County,AD 34 ED 047,490,328,19,837,0,0,0,-5.51,14.63
NY,2024,Queens County,AD 34 ED 048,360,171,14,545,0,0,0,-3.61,15.79
NY,2024,Queens County,AD 34 ED 049,294,144,14,452,0,0,0,-6.12,18.06
NY,2024,Queens County,AD 34 ED 050,82,63,3,148,0,0,0,2.44,20.63
NY,2024,Queens County,AD 34 ED 051,475,330,23,828,0,0,0,-4.63,16.67
NY,2024,Queens County,AD 34 ED 052,544,381,12,937,0,0,0,-1.29,16.54
NY,2024,Queens County,AD 34 ED 053,19,12,0,31,0,0,0,-5.26,16.67
NY,2024,Queens County,AD 34 ED 054,276,324,10,610,0,0,0,-2.9,15.43
NY,2024,Queens County,AD 34 ED 055,115,115,3,233,0,0,0,-15.65,18.26
NY,2024,Queens County,AD 34 ED 056,317,371,8,696,0,0,0,-8.83,21.29
NY,2024,Queens County,AD 34 ED 060,74,68,2,144,0,0,0,1.35,16.18
NY,2024,Queens County,AD 34 ED 061,28,34,0,62,0,0,0,-28.57,41.18
NY,2024,Queens County,AD 35 ED 001,340,405,17,762,0,0,0,-9.41,11.36
NY,2024,Queens County,AD 35 ED 002,242,232,13,487,0,0,0,-8.26,16.81
NY,2024,Queens County,AD 35 ED 003,248,207,5,460,0,0,0,-9.27,22.71
NY,2024,Queens County,AD 35 ED 004,334,188,10,532,0,0,0,-0.6,17.02
NY,2024,Queens County,AD 35 ED 005,383,210,10,603,0,0,0,0,15.24
NY,2024,Queens County,AD 35 ED 006,427,235,19,681,0,0,0,-1.41,16.6
NY,2024,Queens County,AD 35 ED 007,605,333,19,957,0,0,0,-3.64,12.31
NY,2024,Queens County,AD 35 ED 008,609,257,14,880,0,0,0,-0.49,17.51
NY,2024,Queens County,AD 35 ED 009,380,447,5,832,0,0,0,-6.32,13.2
NY,2024,Queens County,AD 35 ED 010,228,149,3,380,0,0,0,-4.82,19.46
NY,2024,Queens County,AD 35 ED 011,275,186,10,471,0,0,0,-8,18.28
NY,2024,Queens County,AD 35 ED 012,423,282,6,711,0,0,0,-4.26,19.5
NY,2024,Queens County,AD 35 ED 013,368,300,8,676,0,0,0,-3.26,18
NY,2024,Queens County,AD 35 ED 014,433,264,10,707,0,0,0,-1.85,18.18
NY,2024,Queens County,AD 35 ED 015,395,267,7,669,0,0,0,-4.81,16.1
NY,2024,Queens County,AD 35 ED 016,511,240,8,759,0,0,0,0.2,16.25
NY,2024,Queens County,AD 35 ED 017,315,325,1,641,0,0,0,-8.25,18.77
NY,2024,Queens County,AD 35 ED 018,191,250,2,443,0,0,0,-4.19,14.8
NY,2024,Queens County,AD 35 ED 019,208,189,2,399,0,0,0,0,11.64
NY,2024,Queens County,AD 35 ED 020,147,130,0,277,0,0,0,0.68,10
NY,2024,Queens County,AD 35 ED 021,142,84,1,227,0,0,0,4.23,25
NY,2024,Queens County,AD 35 ED 022,310,338,4,652,0,0,0,-10.65,23.08
NY,2024,Queens County,AD 35 ED 023,260,204,7,471,0,0,0,-1.92,15.69
NY,2024,Queens County,AD 35 ED 024,326,228,5,559,0,0,0,-4.6,17.11
NY,2024,Queens County,AD 35 ED 025,447,201,10,658,0,0,0,-2.24,17.41
NY,2024,Queens County,AD 35 ED 026,481,236,5,722,0,0,0,-0.62,16.1
NY,2024,Queens County,AD 35 ED 027,129,98,0,227,0,0,0,0.78,15.31
NY,2024,Queens County,AD 35 ED 028,70,50,3,123,0,0,0,-11.43,22
NY,2024,Queens County,AD 35 ED 029,269,153,6,428,0,0,0,-0.37,16.34
NY,2024,Queens County,AD 35 ED 030,488,288,15,791,0,0,0,-4.1,18.75
NY,2024,Queens County,AD 35 ED 031,221,338,12,571,0,0,0,-9.05,22.49
NY,2024,Queens County,AD 35 ED 032,456,188,11,655,0,0,0,-2.63,15.43
NY,2024,Queens County,AD 35 ED 033,549,171,12,732,0,0,0,-1.46,19.3
NY,2024,Queens County,AD 35 ED 034,455,207,9,671,0,0,0,-2.42,14.49
NY,2024,Queens County,AD 35 ED 035,464,182,2,648,0,0,0,0.86,18.13
NY,2024,Queens County,AD 35 ED 036,482,208,10,700,0,0,0,0.83,14.9
NY,2024,Queens County,AD 35 ED 037,257,169,2,428,0,0,0,1.17,14.2
NY,2024,Queens County,AD 35 ED 038,353,341,10,704,0,0,0,-3.68,14.66
NY,2024,Queens County,AD 35 ED 039,420,449,6,875,0,0,0,-2.62,14.25
NY,2024,Queens County,AD 35 ED 040,355,360,9,724,0,0,0,-3.94,13.61
NY,2024,Queens County,AD 35 ED 041,380,476,16,872,0,0,0,-2.63,5.25
NY,2024,Queens County,AD 35 ED 042,375,556,13,944,0,0,0,-3.73,10.43
NY,2024,Queens County,AD 35 ED 043,146,208,4,358,0,0,0,-7.53,16.83
NY,2024,Queens County,AD 35 ED 044,261,124,8,393,0,0,0,-8.43,23.39
NY,2024,Queens County,AD 35 ED 045,172,354,11,537,0,0,0,-12.79,11.58
NY,2024,Queens County,AD 35 ED 046,296,203,6,505,0,0,0,-4.39,19.7
NY,2024,Queens County,AD 35 ED 048,86,62,0,148,0,0,0,-12.79,35.48
NY,2024,Queens County,AD 35 ED 049,310,426,28,764,0,0,0,-6.45,7.75
NY,2024,Queens County,AD 36 ED 001,449,321,25,795,0,0,0,-4.68,14.33
NY,2024,Queens County,AD 36 ED 002,307,89,15,411,0,0,0,0.98,-2.25
NY,2024,Queens County,AD 36 ED 003,766,427,29,1222,0,0,0,-3.26,11.24
NY,2024,Queens County,AD 36 ED 004,533,258,22,813,0,0,0,-2.25,10.47
NY,2024,Queens County,AD 36 ED 005,802,376,25,1203,0,0,0,-0.87,3.72
NY,2024,Queens County,AD 36 ED 006,489,105,8,602,0,0,0,0.61,15.24
NY,2024,Queens County,AD 36 ED 007,719,178,26,923,0,0,0,0.42,7.87
NY,2024,Queens County,AD 36 ED 008,553,255,24,832,0,0,0,-2.35,9.02
NY,2024,Queens County,AD 36 ED 009,482,154,20,656,0,0,0,-1.66,9.09
NY,2024,Queens County,AD 36 ED 010,822,272,47,1141,0,0,0,-2.07,11.4
NY,2024,Queens County,AD 36 ED 011,363,104,15,482,0,0,0,-1.93,6.73
NY,2024,Queens County,AD 36 ED 012,625,155,24,804,0,0,0,-2.56,14.19
NY,2024,Queens County,AD 36 ED 013,649,268,19,936,0,0,0,0.15,13.43
NY,2024,Queens County,AD 36 ED 014,702,279,44,1025,0,0,0,-7.69,17.56
NY,2024,Queens County,AD 36 ED 015,318,65,8,391,0,0,0,-1.26,6.15
NY,2024,Queens County,AD 36 ED 016,595,189,23,807,0,0,0,-0.67,8.99
NY,2024,Queens County,AD 36 ED 017,757,236,34,1027,0,0,0,-3.3,12.29
NY,2024,Queens County,AD 36 ED 018,385,115,11,511,0,0,0,-2.34,13.04
NY,2024,Queens County,AD 36 ED 019,825,188,52,1065,0,0,0,-0.97,5.85
NY,2024,Queens County,AD 36 ED 020,838,229,26,1093,0,0,0,-1.55,8.3
NY,2024,Queens County,AD 36 ED 021,763,196,37,996,0,0,0,-1.7,6.12
NY,2024,Queens County,AD 36 ED 022,837,238,38,1113,0,0,0,-1.91,10.92
NY,2024,Queens County,AD 36 ED 023,749,244,37,1030,0,0,0,-3.34,8.2
NY,2024,Queens County,AD 36 ED 024,536,211,29,776,0,0,0,-5.6,17.54
NY,2024,Queens County,AD 36 ED 025,833,259,34,1126,0,0,0,-1.56,16.99
NY,2024,Queens County,AD 36 ED 026,493,152,16,661,0,0,0,-2.03,11.18
NY,2024,Queens County,AD 36 ED 027,229,81,7,317,0,0,0,-4.37,18.52
NY,2024,Queens County,AD 36 ED 028,761,326,34,1121,0,0,0,-1.18,7.06
NY,2024,Queens County,AD 36 ED 029,113,49,6,168,0,0,0,-5.31,14.29
NY,2024,Queens County,AD 36 ED 030,375,151,13,539,0,0,0,-3.73,16.56
NY,2024,Queens County,AD 36 ED 031,449,150,14,613,0,0,0,-2.23,14.67
NY,2024,Queens County,AD 36 ED 032,587,158,29,774,0,0,0,-2.21,12.03
NY,2024,Queens County,AD 36 ED 033,62,32,4,98,0,0,0,-3.23,9.38
NY,2024,Queens County,AD 36 ED 034,54,28,4,86,0,0,0,-1.85,14.29
NY,2024,Queens County,AD 36 ED 035,842,121,29,992,0,0,0,-0.95,9.92
NY,2024,Queens County,AD 36 ED 036,1111,226,41,1378,0,0,0,-0.27,1.77
NY,2024,Queens County,AD 36 ED 037,580,70,16,666,0,0,0,0.86,-1.43
NY,2024,Queens County,AD 36 ED 038,459,186,5,650,0,0,0,-0.44,20.43
NY,2024,Queens County,AD 36 ED 039,473,154,6,633,0,0,0,1.06,16.88
NY,2024,Queens County,AD 36 ED 040,502,179,6,687,0,0,0,0.2,19.55
NY,2024,Queens County,AD 36 ED 041,972,187,26,1185,0,0,0,0.1,4.28
NY,2024,Queens County,AD 36 ED 042,632,120,23,775,0,0,0,-0.16,6.67
NY,2024,Queens County,AD 36 ED 043,615,237,34,886,0,0,0,-3.41,16.46
NY,2024,Queens County,AD 36 ED 044,733,227,41,1001,0,0,0,-2.73,12.78
NY,2024,Queens County,AD 36 ED 045,352,137,15,504,0,0,0,-1.7,12.41
NY,2024,Queens County,AD 36 ED 046,579,190,4,773,0,0,0,0.69,25.79
NY,2024,Queens County,AD 36 ED 047,518,156,12,686,0,0,0,0.19,13.46
NY,2024,Queens County,AD 36 ED 048,140,56,1,197,0,0,0,-5,14.29
NY,2024,Queens County,AD 36 ED 049,50,18,1,69,0,0,0,-6,27.78
NY,2024,Queens County,AD 36 ED 050,60,36,4,100,0,0,0,-6.67,5.56
NY,2024,Queens County,AD 36 ED 051,230,137,17,384,0,0,0,-4.78,10.95
NY,2024,Queens County,AD 36 ED 052,157,74,2,233,0,0,0,-6.37,13.51
NY,2024,Queens County,AD 36 ED 053,237,61,15,313,0,0,0,-2.53,-4.92
NY,2024,Queens County,AD 36 ED 054,659,190,19,868,0,0,0,-1.82,13.16
NY,2024,Queens County,AD 36 ED 055,686,256,28,970,0,0,0,-0.58,11.72
NY,2024,Queens County,AD 36 ED 056,905,302,23,1230,0,0,0,-0.11,1.99
NY,2024,Queens County,AD 36 ED 057,721,217,33,971,0,0,0,-2.91,11.98
NY,2024,Queens County,AD 36 ED 058,455,118,16,589,0,0,0,-0.44,5.93
NY,2024,Queens County,AD 36 ED 059,553,159,16,728,0,0,0,0,8.81
NY,2024,Queens County,AD 36 ED 060,461,172,24,657,0,0,0,-3.69,8.72
NY,2024,Queens County,AD 36 ED 061,499,191,32,722,0,0,0,-4.41,8.9
NY,2024,Queens County,AD 36 ED 062,699,200,22,921,0,0,0,1.14,8.5
NY,2024,Queens County,AD 36 ED 063,860,264,23,1147,0,0,0,0.12,8.33
NY,2024,Queens County,AD 36 ED 064,355,160,20,535,0,0,0,-1.13,9.38
NY,2024,Queens County,AD 36 ED 065,716,268,29,1013,0,0,0,-1.96,16.42
NY,2024,Queens County,AD 36 ED 066,110,29,7,146,0,0,0,-1.82,10.34
NY,2024,Queens County,AD 36 ED 067,58,13,1,72,0,0,0,10.34,0
NY,2024,Queens County,AD 37 ED 001,874,137,29,1040,0,0,0,-1.14,16.06
NY,2024,Queens County,AD 37 ED 002,1027,170,42,1239,0,0,0,0.78,-4.12
NY,2024,Queens County,AD 37 ED 003,1011,172,32,1215,0,0,0,1.29,-14.53
NY,2024,Queens County,AD 37 ED 004,567,115,14,696,0,0,0,2.12,-3.48
NY,2024,Queens County,AD 37 ED 005,658,98,14,770,0,0,0,3.19,-16.33
NY,2024,Queens County,AD 37 ED 006,1023,187,30,1240,0,0,0,0.88,-4.28
NY,2024,Queens County,AD 37 ED 007,812,136,23,971,0,0,0,0.49,-1.47
NY,2024,Queens County,AD 37 ED 008,1216,220,32,1468,0,0,0,0.16,0.91
NY,2024,Queens County,AD 37 ED 009,454,61,18,533,0,0,0,0.22,1.64
NY,2024,Queens County,AD 37 ED 010,13,3,1,17,0,0,0,7.69,-33.33
NY,2024,Queens County,AD 37 ED 011,112,150,1,263,0,0,0,-13.39,19.33
NY,2024,Queens County,AD 37 ED 012,609,189,27,825,0,0,0,-3.28,15.34
NY,2024,Queens County,AD 37 ED 013,61,45,5,111,0,0,0,-21.31,31.11
NY,2024,Queens County,AD 37 ED 014,558,316,22,896,0,0,0,-2.69,13.92
NY,2024,Queens County,AD 37 ED 015,143,110,8,261,0,0,0,-3.5,17.27
NY,2024,Queens County,AD 37 ED 016,255,195,13,463,0,0,0,-9.41,21.03
NY,2024,Queens County,AD 37 ED 017,357,317,17,691,0,0,0,-5.88,24.29
NY,2024,Queens County,AD 37 ED 018,442,306,18,766,0,0,0,-6.56,24.51
NY,2024,Queens County,AD 37 ED 019,556,268,36,860,0,0,0,-2.16,12.31
NY,2024,Queens County,AD 37 ED 020,608,230,29,867,0,0,0,-1.32,22.17
NY,2024,Queens County,AD 37 ED 021,648,197,24,869,0,0,0,0,7.11
NY,2024,Queens County,AD 37 ED 022,715,256,19,990,0,0,0,-0.42,5.86
NY,2024,Queens County,AD 37 ED 023,527,166,21,714,0,0,0,-1.14,13.25
NY,2024,Queens County,AD 37 ED 024,651,296,50,997,0,0,0,-3.84,14.19
NY,2024,Queens County,AD 37 ED 025,550,159,29,738,0,0,0,-1.09,11.95
NY,2024,Queens County,AD 37 ED 026,532,216,28,776,0,0,0,-4.14,16.67
NY,2024,Queens County,AD 37 ED 027,768,278,39,1085,0,0,0,-3.26,11.51
NY,2024,Queens County,AD 37 ED 028,785,262,42,1089,0,0,0,-3.95,11.45
NY,2024,Queens County,AD 37 ED 029,587,225,32,844,0,0,0,-3.58,10.67
NY,2024,Queens County,AD 37 ED 030,586,325,22,933,0,0,0,-6.31,18.46
NY,2024,Queens County,AD 37 ED 031,598,288,24,910,0,0,0,-2.68,14.58
NY,2024,Queens County,AD 37 ED 032,271,112,18,401,0,0,0,-6.64,18.75
NY,2024,Queens County,AD 37 ED 033,456,175,19,650,0,0,0,-5.48,20.57
NY,2024,Queens County,AD 37 ED 034,12,8,0,20,0,0,0,-8.33,25
NY,2024,Queens County,AD 37 ED 035,865,201,45,1111,0,0,0,-1.5,5.47
NY,2024,Queens County,AD 37 ED 036,967,402,31,1400,0,0,0,-2.48,9.2
NY,2024,Queens County,AD 37 ED 037,317,130,12,459,0,0,0,-0.95,10.77
NY,2024,Queens County,AD 37 ED 039,242,520,3,765,0,0,0,-9.92,8.65
NY,2024,Queens County,AD 37 ED 040,324,635,10,969,0,0,0,-13.27,9.92
NY,2024,Queens County,AD 37 ED 041,27,15,0,42,0,0,0,3.7,6.67
NY,2024,Queens County,AD 37 ED 043,514,420,16,950,0,0,0,-2.92,17.86
NY,2024,Queens County,AD 37 ED 044,387,236,31,654,0,0,0,-5.68,9.75
NY,2024,Queens County,AD 37 ED 045,28,28,0,56,0,0,0,14.29,7.14
NY,2024,Queens County,AD 37 ED 046,43,78,0,121,0,0,0,-6.98,7.69
NY,2024,Queens County,AD 37 ED 047,442,578,15,1035,0,0,0,-2.49,7.96
NY,2024,Queens County,AD 37 ED 048,366,503,7,876,0,0,0,-6.28,13.12
NY,2024,Queens County,AD 37 ED 049,185,296,12,493,0,0,0,-21.62,13.85
NY,2024,Queens County,AD 37 ED 050,412,566,5,983,0,0,0,-8.01,12.72
NY,2024,Queens County,AD 37 ED 051,438,618,8,1064,0,0,0,-7.76,11
NY,2024,Queens County,AD 37 ED 052,470,409,38,917,0,0,0,-3.83,5.62
NY,2024,Queens County,AD 37 ED 053,466,399,41,906,0,0,0,-10.73,11.03
NY,2024,Queens County,AD 37 ED 054,478,266,24,768,0,0,0,-3.14,10.15
NY,2024,Queens County,AD 37 ED 055,381,228,32,641,0,0,0,-8.14,11.4
NY,2024,Queens County,AD 37 ED 056,437,181,14,632,0,0,0,-2.97,12.71
NY,2024,Queens County,AD 37 ED 057,486,271,44,801,0,0,0,-8.64,15.5
NY,2024,Queens County,AD 37 ED 058,257,169,23,449,0,0,0,-8.95,14.79
NY,2024,Queens County,AD 37 ED 059,340,112,22,474,0,0,0,-5.59,10.71
NY,2024,Queens County,AD 37 ED 060,232,80,14,326,0,0,0,-5.6,16.25
NY,2024,Queens County,AD 37 ED 061,361,183,31,575,0,0,0,-7.76,12.57
NY,2024,Queens County,AD 37 ED 062,214,159,5,378,0,0,0,-5.14,15.09
NY,2024,Queens County,AD 37 ED 063,671,343,34,1048,0,0,0,-5.37,13.12
NY,2024,Queens County,AD 37 ED 064,469,217,28,714,0,0,0,-3.62,11.98
NY,2024,Queens County,AD 37 ED 065,491,187,21,699,0,0,0,-3.67,16.58
NY,2024,Queens County,AD 38 ED 001,510,208,25,743,0,0,0,-3.92,18.75
NY,2024,Queens County,AD 38 ED 002,613,246,44,903,0,0,0,-5.06,15.04
NY,2024,Queens County,AD 38 ED 003,607,196,33,836,0,0,0,-4.61,15.31
NY,2024,Queens County,AD 38 ED 004,615,161,52,828,0,0,0,-3.09,13.66
NY,2024,Queens County,AD 38 ED 005,171,105,17,293,0,0,0,-8.19,20
NY,2024,Queens County,AD 38 ED 006,547,297,42,886,0,0,0,-5.3,13.8
NY,2024,Queens County,AD 38 ED 007,691,281,44,1016,0,0,0,-6.08,16.73
NY,2024,Queens County,AD 38 ED 008,1,4,0,5,0,0,0,-100,25
NY,2024,Queens County,AD 38 ED 009,484,452,10,946,0,0,0,-6.61,11.06
NY,2024,Queens County,AD 38 ED 010,470,385,12,867,0,0,0,-1.28,9.61
NY,2024,Queens County,AD 38 ED 011,340,416,12,768,0,0,0,-6.47,12.26
NY,2024,Queens County,AD 38 ED 012,427,436,18,881,0,0,0,-4.22,9.86
NY,2024,Queens County,AD 38 ED 013,132,156,0,288,0,0,0,-11.36,13.46
NY,2024,Queens County,AD 38 ED 014,464,619,13,1096,0,0,0,-9.48,12.44
NY,2024,Queens County,AD 38 ED 015,410,605,19,1034,0,0,0,-9.76,9.92
NY,2024,Queens County,AD 38 ED 016,49,58,0,107,0,0,0,-12.24,17.24
NY,2024,Queens County,AD 38 ED 017,431,546,8,985,0,0,0,-3.71,14.65
NY,2024,Queens County,AD 38 ED 018,261,208,9,478,0,0,0,-6.51,19.71
NY,2024,Queens County,AD 38 ED 019,374,319,9,702,0,0,0,-9.63,21.94
NY,2024,Queens County,AD 38 ED 020,487,399,22,908,0,0,0,-6.16,14.54
NY,2024,Queens County,AD 38 ED 021,375,288,15,678,0,0,0,-3.2,21.18
NY,2024,Queens County,AD 38 ED 022,232,124,4,360,0,0,0,0,16.94
NY,2024,Queens County,AD 38 ED 023,465,294,20,779,0,0,0,-6.45,17.01
NY,2024,Queens County,AD 38 ED 024,386,287,8,681,0,0,0,-4.4,14.98
NY,2024,Queens County,AD 38 ED 025,224,122,1,347,0,0,0,-7.59,27.05
NY,2024,Queens County,AD 38 ED 026,400,324,4,728,0,0,0,-7.75,15.43
NY,2024,Queens County,AD 38 ED 027,143,140,4,287,0,0,0,-6.99,15.71
NY,2024,Queens County,AD 38 ED 028,455,375,27,857,0,0,0,-7.91,18.4
NY,2024,Queens County,AD 38 ED 029,343,274,26,643,0,0,0,-6.41,20.8
NY,2024,Queens County,AD 38 ED 030,442,350,17,809,0,0,0,-6.11,18.29
NY,2024,Queens County,AD 38 ED 031,238,159,6,403,0,0,0,0,10.69
NY,2024,Queens County,AD 38 ED 032,471,402,17,890,0,0,0,-6.37,21.39
NY,2024,Queens County,AD 38 ED 033,477,391,15,883,0,0,0,-6.71,19.44
NY,2024,Queens County,AD 38 ED 034,464,321,11,796,0,0,0,-0.86,12.46
NY,2024,Queens County,AD 38 ED 035,395,303,15,713,0,0,0,-7.59,16.17
NY,2024,Queens County,AD 38 ED 036,353,252,43,648,0,0,0,-5.95,12.3
NY,2024,Queens County,AD 38 ED 037,377,309,38,724,0,0,0,-12.2,16.18
NY,2024,Queens County,AD 38 ED 038,234,193,20,447,0,0,0,-14.1,17.62
NY,2024,Queens County,AD 38 ED 039,271,240,12,523,0,0,0,-7.38,15.83
NY,2024,Queens County,AD 38 ED 040,198,164,6,368,0,0,0,-3.03,16.46
NY,2024,Queens County,AD 38 ED 041,240,205,7,452,0,0,0,0.83,13.17
NY,2024,Queens County,AD 38 ED 042,147,69,19,235,0,0,0,-8.84,13.04
NY,2024,Queens County,AD 38 ED 043,9,1,0,10,0,0,0,22.22,-100
NY,2024,Queens County,AD 38 ED 044,302,106,16,424,0,0,0,-0.33,4.72
NY,2024,Queens County,AD 38 ED 045,209,141,4,354,0,0,0,-1.91,19.86
NY,2024,Queens County,AD 38 ED 046,525,402,15,942,0,0,0,-4.76,13.18
NY,2024,Queens County,AD 38 ED 047,513,399,24,936,0,0,0,-3.7,12.03
NY,2024,Queens County,AD 38 ED 048,492,388,11,891,0,0,0,-7.52,17.27
NY,2024,Queens County,AD 38 ED 049,169,107,4,280,0,0,0,-5.33,14.95
NY,2024,Queens County,AD 38 ED 050,410,307,15,732,0,0,0,-4.63,14.98
NY,2024,Queens County,AD 38 ED 051,461,296,10,767,0,0,0,-5.21,13.51
NY,2024,Queens County,AD 38 ED 052,97,105,4,206,0,0,0,-9.28,13.33
NY,2024,Queens County,AD 38 ED 053,321,388,12,721,0,0,0,-2.18,10.31
NY,2024,Queens County,AD 39 ED 001,716,322,31,1069,0,0,0,-3.35,16.77
NY,2024,Queens County,AD 39 ED 002,820,179,27,1026,0,0,0,-2.68,10.06
NY,2024,Queens County,AD 39 ED 003,653,296,33,982,0,0,0,-3.52,12.84
NY,2024,Queens County,AD 39 ED 004,668,346,34,1048,0,0,0,-3.74,16.76
NY,2024,Queens County,AD 39 ED 005,559,240,27,826,0,0,0,-2.68,17.92
NY,2024,Queens County,AD 39 ED 006,896,200,25,1121,0,0,0,0.11,13.5
NY,2024,Queens County,AD 39 ED 007,696,338,30,1064,0,0,0,-2.16,14.5
NY,2024,Queens County,AD 39 ED 008,831,386,35,1252,0,0,0,-0.84,13.73
NY,2024,Queens County,AD 39 ED 009,325,103,17,445,0,0,0,-3.69,16.5
NY,2024,Queens County,AD 39 ED 010,206,147,14,367,0,0,0,-4.37,20.41
NY,2024,Queens County,AD 39 ED 011,22,31,0,53,0,0,0,-4.55,9.68
NY,2024,Queens County,AD 39 ED 012,271,189,6,466,0,0,0,-7.38,16.93
NY,2024,Queens County,AD 39 ED 013,168,145,8,321,0,0,0,-4.76,19.31
NY,2024,Queens County,AD 39 ED 014,302,258,12,572,0,0,0,-8.28,20.93
NY,2024,Queens County,AD 39 ED 015,441,411,19,871,0,0,0,-7.03,18.73
NY,2024,Queens County,AD 39 ED 016,42,26,0,68,0,0,0,7.14,11.54
NY,2024,Queens County,AD 39 ED 017,213,143,4,360,0,0,0,0,11.19
NY,2024,Queens County,AD 39 ED 018,476,330,11,817,0,0,0,-5.46,16.97
NY,2024,Queens County,AD 39 ED 019,466,405,28,899,0,0,0,-6.01,17.53
NY,2024,Queens County,AD 39 ED 020,117,75,6,198,0,0,0,6.84,22.67
NY,2024,Queens County,AD 39 ED 021,238,214,12,464,0,0,0,-10.92,17.76
NY,2024,Queens County,AD 39 ED 022,327,258,14,599,0,0,0,-5.81,23.26
NY,2024,Queens County,AD 39 ED 023,274,271,17,562,0,0,0,-1.46,17.34
NY,2024,Queens County,AD 39 ED 024,112,122,0,234,0,0,0,-5.36,15.57
NY,2024,Queens County,AD 39 ED 025,232,178,1,411,0,0,0,-4.74,19.1
NY,2024,Queens County,AD 39 ED 026,322,321,8,651,0,0,0,-8.39,19
NY,2024,Queens County,AD 39 ED 027,77,76,3,156,0,0,0,-6.49,11.84
NY,2024,Queens County,AD 39 ED 028,410,592,19,1021,0,0,0,-8.78,7.09
NY,2024,Queens County,AD 39 ED 029,161,179,16,356,0,0,0,-18.01,26.26
NY,2024,Queens County,AD 39 ED 030,318,338,5,661,0,0,0,-3.77,19.53
NY,2024,Queens County,AD 39 ED 031,269,269,2,540,0,0,0,-8.92,21.93
NY,2024,Queens County,AD 39 ED 032,378,404,7,789,0,0,0,-1.32,15.1
NY,2024,Queens County,AD 39 ED 033,252,323,5,580,0,0,0,-5.95,18.58
NY,2024,Queens County,AD 39 ED 034,345,318,9,672,0,0,0,-4.93,20.44
NY,2024,Queens County,AD 39 ED 035,339,335,6,680,0,0,0,-4.42,15.82
NY,2024,Queens County,AD 39 ED 036,227,219,7,453,0,0,0,-8.37,19.18
NY,2024,Queens County,AD 39 ED 037,195,128,1,324,0,0,0,-6.15,19.53
NY,2024,Queens County,AD 39 ED 038,171,161,1,333,0,0,0,-7.6,19.25
NY,2024,Queens County,AD 39 ED 039,321,288,15,624,0,0,0,-11.53,21.18
NY,2024,Queens County,AD 39 ED 040,38,34,5,77,0,0,0,-7.89,20.59
NY,2024,Queens County,AD 39 ED 041,453,359,18,830,0,0,0,-3.53,15.32
NY,2024,Queens County,AD 39 ED 042,225,205,16,446,0,0,0,-11.56,17.07
NY,2024,Queens County,AD 39 ED 043,176,218,2,396,0,0,0,-5.11,16.51
NY,2024,Queens County,AD 39 ED 044,283,283,9,575,0,0,0,-3.18,13.78
NY,2024,Queens County,AD 39 ED 045,310,300,5,615,0,0,0,-3.23,11.67
NY,2024,Queens County,AD 39 ED 046,420,588,16,1024,0,0,0,-7.38,9.69
NY,2024,Queens County,AD 39 ED 047,233,304,7,544,0,0,0,-5.15,7.57
NY,2024,Queens County,AD 39 ED 048,230,128,4,362,0,0,0,0,21.09
NY,2024,Queens County,AD 39 ED 049,334,284,6,624,0,0,0,-6.89,17.25
NY,2024,Queens County,AD 39 ED 050,102,71,2,175,0,0,0,-0.98,16.9
NY,2024,Queens County,AD 39 ED 051,232,477,9,718,0,0,0,-11.21,8.6
NY,2024,Queens County,AD 39 ED 052,102,100,1,203,0,0,0,-6.86,20
NY,2024,Queens County,AD 39 ED 053,24,25,0,49,0,0,0,-4.17,12
NY,2024,Queens County,AD 39 ED 054,83,86,0,169,0,0,0,-4.82,17.44
NY,2024,Queens County,AD 39 ED 055,31,38,5,74,0,0,0,-29.03,7.89
NY,2024,Queens County,AD 40 ED 001,357,398,6,761,0,0,0,-6.44,15.33
NY,2024,Queens County,AD 40 ED 002,172,216,5,393,0,0,0,-19.19,24.07
NY,2024,Queens County,AD 40 ED 003,209,188,3,400,0,0,0,-1.44,13.3
NY,2024,Queens County,AD 40 ED 004,321,312,13,646,0,0,0,-6.85,18.27
NY,2024,Queens County,AD 40 ED 005,220,240,8,468,0,0,0,-8.18,16.67
NY,2024,Queens County,AD 40 ED 006,141,182,6,329,0,0,0,-9.22,9.34
NY,2024,Queens County,AD 40 ED 007,361,297,22,680,0,0,0,-3.6,15.49
NY,2024,Queens County,AD 40 ED 008,359,399,14,772,0,0,0,-6.96,18.3
NY,2024,Queens County,AD 40 ED 009,404,348,18,770,0,0,0,-8.17,22.99
NY,2024,Queens County,AD 40 ED 010,230,210,6,446,0,0,0,-6.96,23.33
NY,2024,Queens County,AD 40 ED 011,303,233,11,547,0,0,0,-0.33,15.02
NY,2024,Queens County,AD 40 ED 012,305,351,12,668,0,0,0,-11.48,26.5
NY,2024,Queens County,AD 40 ED 013,161,137,21,319,0,0,0,-18.01,32.12
NY,2024,Queens County,AD 40 ED 014,212,110,3,325,0,0,0,-3.77,36.36
NY,2024,Queens County,AD 40 ED 015,229,230,8,467,0,0,0,-4.37,13.48
NY,2024,Queens County,AD 40 ED 016,308,287,11,606,0,0,0,-2.27,20.21
NY,2024,Queens County,AD 40 ED 017,187,153,3,343,0,0,0,-5.35,26.8
NY,2024,Queens County,AD 40 ED 018,251,309,9,569,0,0,0,-9.96,25.57
NY,2024,Queens County,AD 40 ED 019,269,276,9,554,0,0,0,-6.32,23.55
NY,2024,Queens County,AD 40 ED 020,380,359,6,745,0,0,0,-5,24.51
NY,2024,Queens County,AD 40 ED 021,382,294,4,680,0,0,0,1.83,18.37
NY,2024,Queens County,AD 40 ED 022,164,155,5,324,0,0,0,-8.54,22.58
NY,2024,Queens County,AD 40 ED 023,433,350,13,796,0,0,0,-7.16,19.71
NY,2024,Queens County,AD 40 ED 024,271,210,12,493,0,0,0,-1.48,15.24
NY,2024,Queens County,AD 40 ED 026,478,299,8,785,0,0,0,4.6,22.07
NY,2024,Queens County,AD 40 ED 027,420,457,8,885,0,0,0,-5.71,15.54
NY,2024,Queens County,AD 40 ED 028,543,521,7,1071,0,0,0,-10.68,20.92
NY,2024,Queens County,AD 40 ED 029,423,327,15,765,0,0,0,-6.15,22.02
NY,2024,Queens County,AD 40 ED 030,389,227,14,630,0,0,0,-1.54,14.54
NY,2024,Queens County,AD 40 ED 031,313,235,2,550,0,0,0,-1.92,19.57
NY,2024,Queens County,AD 40 ED 032,186,202,6,394,0,0,0,1.08,15.35
NY,2024,Queens County,AD 40 ED 033,320,273,9,602,0,0,0,0,15.02
NY,2024,Queens County,AD 40 ED 034,215,199,5,419,0,0,0,-2.33,10.05
NY,2024,Queens County,AD 40 ED 035,92,150,3,245,0,0,0,-14.13,19.33
NY,2024,Queens County,AD 40 ED 036,32,25,3,60,0,0,0,0,12
NY,2024,Queens County,AD 40 ED 037,343,578,10,931,0,0,0,-8.16,8.13
NY,2024,Queens County,AD 40 ED 038,230,412,10,652,0,0,0,-11.3,9.22
NY,2024,Queens County,AD 40 ED 039,160,247,2,409,0,0,0,-5,12.96
NY,2024,Queens County,AD 40 ED 040,230,452,11,693,0,0,0,-5.22,4.65
NY,2024,Queens County,AD 40 ED 041,309,538,7,854,0,0,0,-8.09,6.88
NY,2024,Queens County,AD 40 ED 042,12,8,4,24,0,0,0,-16.67,-12.5
NY,2024,Queens County,AD 40 ED 043,335,354,10,699,0,0,0,-0.9,5.08
NY,2024,Queens County,AD 40 ED 044,145,142,5,292,0,0,0,1.38,6.34
NY,2024,Queens County,AD 40 ED 045,258,313,7,578,0,0,0,-5.81,7.67
NY,2024,Queens County,AD 40 ED 046,156,162,5,323,0,0,0,-0.64,6.79
NY,2024,Queens County,AD 40 ED 047,323,713,9,1045,0,0,0,-5.26,7.43
NY,2024,Queens County,AD 40 ED 048,77,84,0,161,0,0,0,-11.69,17.86
NY,2024,Rensselaer County,Berlin 1,80,106,6,192,90,100,0,,
NY,2024,Rensselaer County,Berlin 2,237,480,12,729,267,436,3,,
NY,2024,Rensselaer County,Brunswick 1,486,548,14,1048,507,519,5,,
NY,2024,Rensselaer County,Brunswick 10,353,255,14,622,379,239,5,,
NY,2024,Rensselaer County,Brunswick 11,175,77,2,254,173,73,0,,
NY,2024,Rensselaer County,Brunswick 12,128,102,5,235,147,83,0,,
NY,2024,Rensselaer County,Brunswick 13,12,21,0,33,14,19,0,,
NY,2024,Rensselaer County,Brunswick 14,0,2,0,2,0,1,1,,
NY,2024,Rensselaer County,Brunswick 15,3,10,0,13,3,12,0,,
NY,2024,Rensselaer County,Brunswick 2,356,354,6,716,401,304,7,,
NY,2024,Rensselaer County,Brunswick 3,340,254,5,599,358,236,3,,
NY,2024,Rensselaer County,Brunswick 4,443,580,7,1030,470,537,3,,
NY,2024,Rensselaer County,Brunswick 5,462,369,12,843,475,332,9,,
NY,2024,Rensselaer County,Brunswick 6,198,215,4,417,219,195,1,,
NY,2024,Rensselaer County,Brunswick 7,94,107,4,205,101,98,2,,
NY,2024,Rensselaer County,Brunswick 8,362,491,8,861,386,457,7,,
NY,2024,Rensselaer County,Brunswick 9,426,624,6,1056,465,570,9,,
NY,2024,Rensselaer County,City of Rensselaer 1,347,279,3,629,371,236,7,,
NY,2024,Rensselaer County,City of Rensselaer 2,342,218,9,569,366,180,5,,
NY,2024,Rensselaer County,City of Rensselaer 3,286,180,5,471,304,144,2,,
NY,2024,Rensselaer County,City of Rensselaer 4,267,212,5,484,295,173,2,,
NY,2024,Rensselaer County,City of Rensselaer 5,377,235,5,617,396,208,3,,
NY,2024,Rensselaer County,City of Rensselaer 6,452,338,10,800,466,310,4,,
NY,2024,Rensselaer County,City of Troy 1,477,359,2,838,508,315,6,,
NY,2024,Rensselaer County,City of Troy 10,413,126,6,545,401,103,15,,
NY,2024,Rensselaer County,City of Troy 11,385,152,17,554,392,137,13,,
NY,2024,Rensselaer County,City of Troy 12,429,159,15,603,432,145,8,,
NY,2024,Rensselaer County,City of Troy 13,308,177,14,499,342,150,1,,
NY,2024,Rensselaer County,City of Troy 14,246,85,6,337,244,84,3,,
NY,2024,Rensselaer County,City of Troy 15,251,57,7,315,255,49,5,,
NY,2024,Rensselaer County,City of Troy 16,423,101,14,538,415,78,12,,
NY,2024,Rensselaer County,City of Troy 17,609,101,27,737,626,83,6,,
NY,2024,Rensselaer County,City of Troy 18,646,160,20,826,655,141,22,,
NY,2024,Rensselaer County,City of Troy 19,567,364,12,943,595,329,3,,
NY,2024,Rensselaer County,City of Troy 2,132,142,1,275,144,119,3,,
NY,2024,Rensselaer County,City of Troy 20,432,204,23,659,445,186,11,,
NY,2024,Rensselaer County,City of Troy 21,471,309,16,796,491,271,5,,
NY,2024,Rensselaer County,City of Troy 22,360,210,4,574,366,188,5,,
NY,2024,Rensselaer County,City of Troy 23,291,251,4,546,321,205,2,,
NY,2024,Rensselaer County,City of Troy 24,267,256,6,529,285,223,3,,
NY,2024,Rensselaer County,City of Troy 25,198,69,7,274,211,59,4,,
NY,2024,Rensselaer County,City of Troy 26,283,290,6,579,311,237,5,,
NY,2024,Rensselaer County,City of Troy 27,185,126,0,311,190,114,1,,
NY,2024,Rensselaer County,City of Troy 28,247,173,3,423,259,133,4,,
NY,2024,Rensselaer County,City of Troy 29,401,198,6,605,412,166,5,,
NY,2024,Rensselaer County,City of Troy 3,269,226,12,507,290,197,6,,
NY,2024,Rensselaer County,City of Troy 4,233,214,0,447,241,185,3,,
NY,2024,Rensselaer County,City of Troy 5,258,167,2,427,278,131,3,,
NY,2024,Rensselaer County,City of Troy 6,295,204,10,509,312,175,5,,
NY,2024,Rensselaer County,City of Troy 7,298,212,3,513,314,185,3,,
NY,2024,Rensselaer County,City of Troy 8,311,203,13,527,333,167,5,,
NY,2024,Rensselaer County,City of Troy 9,390,133,8,531,385,114,5,,
NY,2024,Rensselaer County,East Greenbush 1,861,525,16,1402,870,501,6,,
NY,2024,Rensselaer County,East Greenbush 10,570,318,7,895,580,298,12,,
NY,2024,Rensselaer County,East Greenbush 11,522,410,18,950,540,382,14,,
NY,2024,Rensselaer County,East Greenbush 12,192,175,4,371,206,162,1,,
NY,2024,Rensselaer County,East Greenbush 2,591,573,13,1177,609,543,7,,
NY,2024,Rensselaer County,East Greenbush 3,330,270,4,604,358,231,2,,
NY,2024,Rensselaer County,East Greenbush 4,320,300,7,627,345,262,3,,
NY,2024,Rensselaer County,East Greenbush 5,167,158,3,328,188,133,0,,
NY,2024,Rensselaer County,East Greenbush 6,641,590,14,1245,676,521,7,,
NY,2024,Rensselaer County,East Greenbush 7,431,350,12,793,445,332,4,,
NY,2024,Rensselaer County,East Greenbush 8,475,337,6,818,506,310,2,,
NY,2024,Rensselaer County,East Greenbush 9,319,268,10,597,337,250,3,,
NY,2024,Rensselaer County,Grafton 1,254,402,6,662,270,374,8,,
NY,2024,Rensselaer County,Grafton 2,238,476,3,717,262,435,0,,
NY,2024,Rensselaer County,Hoosick 1,217,204,5,426,234,180,4,,
NY,2024,Rensselaer County,Hoosick 2,241,419,5,665,262,385,2,,
NY,2024,Rensselaer County,Hoosick 3,86,246,4,336,111,219,0,,
NY,2024,Rensselaer County,Hoosick 4,164,220,1,385,175,201,2,,
NY,2024,Rensselaer County,Hoosick 5,164,208,2,374,189,169,2,,
NY,2024,Rensselaer County,Hoosick 6,198,260,2,460,207,234,2,,
NY,2024,Rensselaer County,Hoosick 7,263,228,2,493,275,197,0,,
NY,2024,Rensselaer County,Nassau 1,241,311,5,557,261,281,1,,
NY,2024,Rensselaer County,Nassau 2,362,603,15,980,384,567,8,,
NY,2024,Rensselaer County,Nassau 3,265,382,4,651,379,359,4,,
NY,2024,Rensselaer County,Nassau 4,219,305,3,527,246,269,2,,
NY,2024,Rensselaer County,North Greenbush 1,199,260,2,461,216,235,1,,
NY,2024,Rensselaer County,North Greenbush 2,974,675,20,1669,985,630,11,,
NY,2024,Rensselaer County,North Greenbush 3,376,395,5,776,417,336,4,,
NY,2024,Rensselaer County,North Greenbush 4,650,760,12,1422,693,699,4,,
NY,2024,Rensselaer County,North Greenbush 5,581,573,18,1172,625,537,3,,
NY,2024,Rensselaer County,North Greenbush 6,310,276,5,591,323,264,2,,
NY,2024,Rensselaer County,North Greenbush 7,267,394,8,669,306,342,1,,
NY,2024,Rensselaer County,North Greenbush 8,563,599,9,1171,596,551,4,,
NY,2024,Rensselaer County,Petersburgh 1,284,455,13,752,302,418,5,,
NY,2024,Rensselaer County,Pittstown 1,113,265,3,381,125,248,1,,
NY,2024,Rensselaer County,Pittstown 2,136,382,1,519,157,347,2,,
NY,2024,Rensselaer County,Pittstown 3,162,488,4,654,198,443,4,,
NY,2024,Rensselaer County,Pittstown 4,262,429,5,696,262,422,3,,
NY,2024,Rensselaer County,Pittstown 5,139,367,1,507,160,333,1,,
NY,2024,Rensselaer County,Pittstown 6,113,297,6,416,138,261,1,,
NY,2024,Rensselaer County,Poestenkill 1,193,286,5,484,218,253,2,,
NY,2024,Rensselaer County,Poestenkill 2,305,584,4,893,337,541,5,,
NY,2024,Rensselaer County,Poestenkill 3,161,217,1,379,173,188,1,,
NY,2024,Rensselaer County,Poestenkill 4,462,545,9,1016,485,503,5,,
NY,2024,Rensselaer County,Sand Lake 1,860,905,20,1785,886,857,12,,
NY,2024,Rensselaer County,Sand Lake 2,421,446,4,871,448,405,5,,
NY,2024,Rensselaer County,Sand Lake 3,599,562,8,1169,628,519,3,,
NY,2024,Rensselaer County,Sand Lake 4,180,250,4,434,187,236,0,,
NY,2024,Rensselaer County,Sand Lake 5,355,299,8,662,362,276,6,,
NY,2024,Rensselaer County,Sand Lake 6,225,200,9,434,226,203,2,,
NY,2024,Rensselaer County,Schaghticoke 1,272,575,4,851,305,520,3,,
NY,2024,Rensselaer County,Schaghticoke 2,94,219,1,314,106,197,2,,
NY,2024,Rensselaer County,Schaghticoke 3,226,465,6,697,261,422,2,,
NY,2024,Rensselaer County,Schaghticoke 4,177,329,3,509,194,293,2,,
NY,2024,Rensselaer County,Schaghticoke 5,218,291,2,511,239,248,6,,
NY,2024,Rensselaer County,Schaghticoke 6,294,423,5,722,325,376,2,,
NY,2024,Rensselaer County,Schaghticoke 7,266,543,5,814,297,503,5,,
NY,2024,Rensselaer County,Schodack 1,427,351,7,785,443,328,2,,
NY,2024,Rensselaer County,Schodack 10,355,297,11,663,369,281,7,,
NY,2024,Rensselaer County,Schodack 11,441,391,5,837,448,375,3,,
NY,2024,Rensselaer County,Schodack 2,197,231,3,431,202,225,4,,
NY,2024,Rensselaer County,Schodack 3,423,322,5,750,419,315,4,,
NY,2024,Rensselaer County,Schodack 4,412,474,11,897,421,452,5,,
NY,2024,Rensselaer County,Schodack 5,251,213,10,474,254,205,3,,
NY,2024,Rensselaer County,Schodack 6,413,576,7,996,450,514,7,,
NY,2024,Rensselaer County,Schodack 7,402,431,7,840,414,406,2,,
NY,2024,Rensselaer County,Schodack 8,350,440,18,808,348,428,6,,
NY,2024,Rensselaer County,Schodack 9,226,228,3,457,238,214,3,,
NY,2024,Rensselaer County,Stephentown 1,292,392,7,691,311,346,4,,
NY,2024,Rensselaer County,Stephentown 2,410,478,4,892,432,444,1,,
NY,2024,Richmond County,AD 61 ED 001,464,261,13,738,0,0,0,-2.37,11.88
NY,2024,Richmond County,AD 61 ED 002,544,195,11,750,0,0,0,-1.65,15.9
NY,2024,Richmond County,AD 61 ED 003,662,123,3,788,0,0,0,0.15,24.39
NY,2024,Richmond County,AD 61 ED 004,677,177,8,862,0,0,0,-2.07,20.9
NY,2024,Richmond County,AD 61 ED 005,409,304,22,735,0,0,0,-7.58,12.83
NY,2024,Richmond County,AD 61 ED 006,474,106,3,583,0,0,0,1.27,17.92
NY,2024,Richmond County,AD 61 ED 007,450,183,8,641,0,0,0,0.22,14.21
NY,2024,Richmond County,AD 61 ED 008,589,199,12,800,0,0,0,-1.7,12.56
NY,2024,Richmond County,AD 61 ED 009,505,207,14,726,0,0,0,-2.57,8.7
NY,2024,Richmond County,AD 61 ED 010,403,180,10,593,0,0,0,-0.25,7.22
NY,2024,Richmond County,AD 61 ED 011,648,273,12,933,0,0,0,-1.54,11.72
NY,2024,Richmond County,AD 61 ED 012,678,237,37,952,0,0,0,-3.39,13.5
NY,2024,Richmond County,AD 61 ED 013,713,159,13,885,0,0,0,-1.96,19.5
NY,2024,Richmond County,AD 61 ED 014,473,99,10,582,0,0,0,0.85,10.1
NY,2024,Richmond County,AD 61 ED 015,525,157,8,690,0,0,0,-1.52,17.2
NY,2024,Richmond County,AD 61 ED 016,373,126,12,511,0,0,0,-2.41,11.9
NY,2024,Richmond County,AD 61 ED 017,321,328,11,660,0,0,0,-4.67,5.18
NY,2024,Richmond County,AD 61 ED 018,416,176,9,601,0,0,0,3.13,15.34
NY,2024,Richmond County,AD 61 ED 019,444,164,20,628,0,0,0,-4.05,17.07
NY,2024,Richmond County,AD 61 ED 020,441,191,9,641,0,0,0,-2.49,18.85
NY,2024,Richmond County,AD 61 ED 021,519,389,15,923,0,0,0,-3.85,8.48
NY,2024,Richmond County,AD 61 ED 022,615,347,14,976,0,0,0,-5.2,13.83
NY,2024,Richmond County,AD 61 ED 023,572,156,14,742,0,0,0,-4.02,21.15
NY,2024,Richmond County,AD 61 ED 024,471,128,3,602,0,0,0,1.06,16.41
NY,2024,Richmond County,AD 61 ED 025,355,238,18,611,0,0,0,-4.51,11.76
NY,2024,Richmond County,AD 61 ED 026,265,514,11,790,0,0,0,-10.19,6.61
NY,2024,Richmond County,AD 61 ED 027,262,392,9,663,0,0,0,-8.4,7.14
NY,2024,Richmond County,AD 61 ED 028,388,277,16,681,0,0,0,-5.93,10.83
NY,2024,Richmond County,AD 61 ED 029,544,287,19,850,0,0,0,-5.15,15.33
NY,2024,Richmond County,AD 61 ED 030,598,179,4,781,0,0,0,0.33,15.08
NY,2024,Richmond County,AD 61 ED 031,457,411,11,879,0,0,0,-9.19,12.65
NY,2024,Richmond County,AD 61 ED 032,448,404,23,875,0,0,0,-7.14,9.16
NY,2024,Richmond County,AD 61 ED 033,478,239,11,728,0,0,0,-1.05,15.06
NY,2024,Richmond County,AD 61 ED 034,401,216,9,626,0,0,0,-3.99,18.98
NY,2024,Richmond County,AD 61 ED 035,565,247,17,829,0,0,0,-3.19,14.17
NY,2024,Richmond County,AD 61 ED 036,550,340,11,901,0,0,0,-3.64,11.18
NY,2024,Richmond County,AD 61 ED 037,564,305,12,881,0,0,0,-5.32,16.39
NY,2024,Richmond County,AD 61 ED 038,565,401,34,1000,0,0,0,-4.96,10.72
NY,2024,Richmond County,AD 61 ED 039,498,395,19,912,0,0,0,-5.22,13.16
NY,2024,Richmond County,AD 61 ED 040,368,819,20,1207,0,0,0,-14.95,6.59
NY,2024,Richmond County,AD 61 ED 041,355,778,17,1150,0,0,0,-9.3,8.1
NY,2024,Richmond County,AD 61 ED 042,375,948,16,1339,0,0,0,-13.07,5.91
NY,2024,Richmond County,AD 61 ED 043,360,761,14,1135,0,0,0,-7.78,6.18
NY,2024,Richmond County,AD 61 ED 047,82,52,1,135,0,0,0,-3.66,9.62
NY,2024,Richmond County,AD 61 ED 048,190,146,7,343,0,0,0,-7.89,14.38
NY,2024,Richmond County,AD 61 ED 050,203,290,11,504,0,0,0,-9.36,5.86
NY,2024,Richmond County,AD 61 ED 051,199,263,10,472,0,0,0,-8.54,7.6
NY,2024,Richmond County,AD 62 ED 001,176,1046,6,1228,0,0,0,-15.34,4.02
NY,2024,Richmond County,AD 62 ED 002,208,1052,11,1271,0,0,0,-12.02,3.61
NY,2024,Richmond County,AD 62 ED 003,257,895,19,1171,0,0,0,-5.45,5.03
NY,2024,Richmond County,AD 62 ED 004,165,987,7,1159,0,0,0,-16.36,5.57
NY,2024,Richmond County,AD 62 ED 005,165,955,8,1128,0,0,0,-21.21,4.82
NY,2024,Richmond County,AD 62 ED 006,206,897,9,1112,0,0,0,-10.68,5.13
NY,2024,Richmond County,AD 62 ED 007,175,1042,16,1233,0,0,0,-9.14,2.78
NY,2024,Richmond County,AD 62 ED 008,167,921,13,1101,0,0,0,-9.58,3.69
NY,2024,Richmond County,AD 62 ED 009,212,1001,14,1227,0,0,0,-11.32,3.2
NY,2024,Richmond County,AD 62 ED 010,243,939,13,1195,0,0,0,-4.53,3.09
NY,2024,Richmond County,AD 62 ED 011,200,883,5,1088,0,0,0,-7,3.28
NY,2024,Richmond County,AD 62 ED 012,221,869,8,1098,0,0,0,-9.95,3.8
NY,2024,Richmond County,AD 62 ED 013,235,947,17,1199,0,0,0,-9.79,3.27
NY,2024,Richmond County,AD 62 ED 014,223,931,12,1166,0,0,0,-8.97,4.62
NY,2024,Richmond County,AD 62 ED 015,217,971,5,1193,0,0,0,-6.45,2.06
NY,2024,Richmond County,AD 62 ED 016,239,978,16,1233,0,0,0,-12.97,5.93
NY,2024,Richmond County,AD 62 ED 017,240,884,6,1130,0,0,0,-9.58,4.86
NY,2024,Richmond County,AD 62 ED 018,225,958,13,1196,0,0,0,-17.33,6.26
NY,2024,Richmond County,AD 62 ED 019,236,996,10,1242,0,0,0,-8.05,3.41
NY,2024,Richmond County,AD 62 ED 020,261,906,14,1181,0,0,0,-5.36,4.19
NY,2024,Richmond County,AD 62 ED 021,250,936,14,1200,0,0,0,-7.6,3.74
NY,2024,Richmond County,AD 62 ED 022,237,888,10,1135,0,0,0,-5.49,2.59
NY,2024,Richmond County,AD 62 ED 023,215,901,5,1121,0,0,0,-9.77,4.77
NY,2024,Richmond County,AD 62 ED 024,247,864,12,1123,0,0,0,-10.53,5.56
NY,2024,Richmond County,AD 62 ED 025,235,790,23,1048,0,0,0,-7.23,2.03
NY,2024,Richmond County,AD 62 ED 026,280,862,7,1149,0,0,0,-8.93,6.84
NY,2024,Richmond County,AD 62 ED 027,276,861,12,1149,0,0,0,-6.16,4.18
NY,2024,Richmond County,AD 62 ED 028,238,822,15,1075,0,0,0,-10.08,4.26
NY,2024,Richmond County,AD 62 ED 029,265,842,14,1121,0,0,0,-9.06,5.11
NY,2024,Richmond County,AD 62 ED 030,262,718,11,991,0,0,0,-4.96,5.01
NY,2024,Richmond County,AD 62 ED 031,293,937,10,1240,0,0,0,-10.92,5.23
NY,2024,Richmond County,AD 62 ED 032,275,820,10,1105,0,0,0,-12.73,6.1
NY,2024,Richmond County,AD 62 ED 033,248,814,12,1074,0,0,0,-8.06,3.07
NY,2024,Richmond County,AD 62 ED 034,248,788,10,1046,0,0,0,-10.89,3.81
NY,2024,Richmond County,AD 62 ED 035,80,292,0,372,0,0,0,-13.75,5.82
NY,2024,Richmond County,AD 62 ED 036,209,1054,7,1270,0,0,0,-13.4,5.41
NY,2024,Richmond County,AD 62 ED 037,227,937,9,1173,0,0,0,-7.93,4.27
NY,2024,Richmond County,AD 62 ED 038,228,947,8,1183,0,0,0,-14.47,6.55
NY,2024,Richmond County,AD 62 ED 039,217,1026,6,1249,0,0,0,-9.22,3.61
NY,2024,Richmond County,AD 62 ED 040,196,964,6,1166,0,0,0,-14.8,4.98
NY,2024,Richmond County,AD 62 ED 041,205,936,12,1153,0,0,0,-15.61,6.09
NY,2024,Richmond County,AD 62 ED 042,202,950,8,1160,0,0,0,-7.43,3.26
NY,2024,Richmond County,AD 62 ED 043,212,972,16,1200,0,0,0,-18.87,4.12
NY,2024,Richmond County,AD 62 ED 044,329,648,7,984,0,0,0,-5.47,8.02
NY,2024,Richmond County,AD 62 ED 045,249,845,14,1108,0,0,0,-18.88,8.17
NY,2024,Richmond County,AD 62 ED 046,284,879,10,1173,0,0,0,-9.86,5.92
NY,2024,Richmond County,AD 62 ED 047,273,741,15,1029,0,0,0,-9.89,7.83
NY,2024,Richmond County,AD 62 ED 048,235,850,13,1098,0,0,0,-10.21,4.47
NY,2024,Richmond County,AD 62 ED 049,291,806,9,1106,0,0,0,-8.59,5.58
NY,2024,Richmond County,AD 62 ED 050,274,874,10,1158,0,0,0,-13.5,6.86
NY,2024,Richmond County,AD 62 ED 051,243,919,9,1171,0,0,0,-10.29,4.9
NY,2024,Richmond County,AD 62 ED 052,194,992,7,1193,0,0,0,-11.86,2.82
NY,2024,Richmond County,AD 62 ED 053,219,969,16,1204,0,0,0,-8.68,4.23
NY,2024,Richmond County,AD 62 ED 054,247,777,10,1034,0,0,0,-11.74,5.66
NY,2024,Richmond County,AD 62 ED 055,270,769,12,1051,0,0,0,-4.07,4.29
NY,2024,Richmond County,AD 62 ED 056,367,632,18,1017,0,0,0,-4.36,7.12
NY,2024,Richmond County,AD 62 ED 057,141,291,4,436,0,0,0,-10.64,8.59
NY,2024,Richmond County,AD 62 ED 058,120,363,10,493,0,0,0,-7.5,2.75
NY,2024,Richmond County,AD 62 ED 059,228,811,7,1046,0,0,0,-13.16,5.18
NY,2024,Richmond County,AD 62 ED 060,246,894,8,1148,0,0,0,-15.85,5.82
NY,2024,Richmond County,AD 62 ED 061,235,650,15,900,0,0,0,-11.91,7.38
NY,2024,Richmond County,AD 63 ED 001,591,164,7,762,0,0,0,0.51,14.02
NY,2024,Richmond County,AD 63 ED 002,398,268,17,683,0,0,0,-2.76,9.7
NY,2024,Richmond County,AD 63 ED 003,250,328,8,586,0,0,0,-1.6,7.32
NY,2024,Richmond County,AD 63 ED 004,403,451,16,870,0,0,0,-3.47,9.09
NY,2024,Richmond County,AD 63 ED 005,413,455,15,883,0,0,0,-6.3,10.77
NY,2024,Richmond County,AD 63 ED 006,428,619,44,1091,0,0,0,-8.18,6.14
NY,2024,Richmond County,AD 63 ED 007,389,631,28,1048,0,0,0,-7.46,5.71
NY,2024,Richmond County,AD 63 ED 008,153,193,3,349,0,0,0,-2.61,12.44
NY,2024,Richmond County,AD 63 ED 009,62,113,7,182,0,0,0,-12.9,6.19
NY,2024,Richmond County,AD 63 ED 010,441,259,11,711,0,0,0,-2.04,6.95
NY,2024,Richmond County,AD 63 ED 011,503,540,20,1063,0,0,0,-5.77,6.3
NY,2024,Richmond County,AD 63 ED 012,143,205,13,361,0,0,0,-7.69,8.29
NY,2024,Richmond County,AD 63 ED 013,279,164,11,454,0,0,0,-0.72,4.27
NY,2024,Richmond County,AD 63 ED 014,357,464,16,837,0,0,0,-3.08,2.37
NY,2024,Richmond County,AD 63 ED 015,340,376,12,728,0,0,0,-6.18,7.71
NY,2024,Richmond County,AD 63 ED 016,517,445,13,975,0,0,0,-7.54,11.24
NY,2024,Richmond County,AD 63 ED 017,259,444,5,708,0,0,0,-9.65,6.31
NY,2024,Richmond County,AD 63 ED 018,467,852,26,1345,0,0,0,-8.78,5.75
NY,2024,Richmond County,AD 63 ED 019,137,176,8,321,0,0,0,-2.19,7.95
NY,2024,Richmond County,AD 63 ED 020,208,399,18,625,0,0,0,-5.77,6.02
NY,2024,Richmond County,AD 63 ED 021,228,363,11,602,0,0,0,-10.09,8.82
NY,2024,Richmond County,AD 63 ED 022,266,89,2,357,0,0,0,-1.88,17.98
NY,2024,Richmond County,AD 63 ED 023,462,676,24,1162,0,0,0,-5.84,7.25
NY,2024,Richmond County,AD 63 ED 024,393,516,32,941,0,0,0,-8.4,10.47
NY,2024,Richmond County,AD 63 ED 025,147,540,8,695,0,0,0,-26.53,11.67
NY,2024,Richmond County,AD 63 ED 026,207,585,15,807,0,0,0,-11.59,7.69
NY,2024,Richmond County,AD 63 ED 027,273,484,13,770,0,0,0,-7.69,9.09
NY,2024,Richmond County,AD 63 ED 028,337,796,13,1146,0,0,0,-10.68,7.16
NY,2024,Richmond County,AD 63 ED 029,354,600,19,973,0,0,0,-8.76,3.5
NY,2024,Richmond County,AD 63 ED 030,346,655,6,1007,0,0,0,-8.67,8.55
NY,2024,Richmond County,AD 63 ED 031,342,646,19,1007,0,0,0,-9.94,6.04
NY,2024,Richmond County,AD 63 ED 032,365,665,12,1042,0,0,0,-6.85,5.86
NY,2024,Richmond County,AD 63 ED 033,227,432,2,661,0,0,0,-8.81,7.41
NY,2024,Richmond County,AD 63 ED 034,379,670,22,1071,0,0,0,-11.35,12.39
NY,2024,Richmond County,AD 63 ED 035,400,623,34,1057,0,0,0,-9,8.03
NY,2024,Richmond County,AD 63 ED 036,638,174,3,815,0,0,0,0.31,10.92
NY,2024,Richmond County,AD 63 ED 037,627,179,15,821,0,0,0,-3.35,14.53
NY,2024,Richmond County,AD 63 ED 038,325,79,3,407,0,0,0,-2.46,17.72
NY,2024,Richmond County,AD 63 ED 039,512,194,15,721,0,0,0,-4.49,15.46
NY,2024,Richmond County,AD 63 ED 040,393,343,43,779,0,0,0,-14.5,15.74
NY,2024,Richmond County,AD 63 ED 041,555,345,26,926,0,0,0,-6.13,9.86
NY,2024,Richmond County,AD 63 ED 042,341,342,7,690,0,0,0,-5.57,9.06
NY,2024,Richmond County,AD 63 ED 043,306,310,29,645,0,0,0,-9.15,10
NY,2024,Richmond County,AD 63 ED 044,370,569,12,951,0,0,0,-3.24,5.27
NY,2024,Richmond County,AD 63 ED 045,318,540,10,868,0,0,0,-3.77,5
NY,2024,Richmond County,AD 63 ED 046,305,559,15,879,0,0,0,-10.82,9.66
NY,2024,Richmond County,AD 63 ED 047,301,535,22,858,0,0,0,-2.33,5.61
NY,2024,Richmond County,AD 63 ED 048,217,425,16,658,0,0,0,-11.06,9.88
NY,2024,Richmond County,AD 63 ED 049,234,464,15,713,0,0,0,-13.68,8.19
NY,2024,Richmond County,AD 63 ED 050,14,39,1,54,0,0,0,7.14,0
NY,2024,Richmond County,AD 63 ED 051,223,644,35,902,0,0,0,-12.56,5.12
NY,2024,Richmond County,AD 63 ED 052,332,723,22,1077,0,0,0,-13.25,6.92
NY,2024,Richmond County,AD 63 ED 053,320,363,18,701,0,0,0,-9.06,9.92
NY,2024,Richmond County,AD 63 ED 054,268,615,7,890,0,0,0,-8.96,8.13
NY,2024,Richmond County,AD 63 ED 055,180,548,18,746,0,0,0,-13.89,6.2
NY,2024,Richmond County,AD 63 ED 056,278,544,21,843,0,0,0,-8.63,5.33
NY,2024,Richmond County,AD 63 ED 057,223,524,10,757,0,0,0,-7.62,5.92
NY,2024,Richmond County,AD 63 ED 058,238,509,14,761,0,0,0,-12.61,8.06
NY,2024,Richmond County,AD 63 ED 059,305,637,4,946,0,0,0,-11.8,9.42
NY,2024,Richmond County,AD 63 ED 060,175,846,14,1035,0,0,0,-26.86,9.34
NY,2024,Richmond County,AD 63 ED 061,297,638,14,949,0,0,0,-11.45,7.05
NY,2024,Richmond County,AD 63 ED 062,225,439,7,671,0,0,0,-14.67,7.74
NY,2024,Richmond County,AD 63 ED 063,196,507,5,708,0,0,0,-11.22,8.68
NY,2024,Richmond County,AD 63 ED 064,200,485,12,697,0,0,0,-10,5.15
NY,2024,Richmond County,AD 63 ED 065,150,338,3,491,0,0,0,-2.67,2.96
NY,2024,Richmond County,AD 63 ED 071,148,399,6,553,0,0,0,-22.97,10.53
NY,2024,Richmond County,AD 63 ED 075,111,129,10,250,0,0,0,-5.41,10.85
NY,2024,Richmond County,AD 63 ED 076,461,535,13,1009,0,0,0,-8.89,8.41
NY,2024,Richmond County,AD 64 ED 001,258,844,10,1112,0,0,0,-13.57,5.21
NY,2024,Richmond County,AD 64 ED 002,244,908,14,1166,0,0,0,-18.85,5.4
NY,2024,Richmond County,AD 64 ED 003,314,921,8,1243,0,0,0,-8.28,4.99
NY,2024,Richmond County,AD 64 ED 004,239,745,13,997,0,0,0,-5.86,4.16
NY,2024,Richmond County,AD 64 ED 005,259,930,11,1200,0,0,0,-6.18,4.3
NY,2024,Richmond County,AD 64 ED 006,243,890,9,1142,0,0,0,-6.58,4.27
NY,2024,Richmond County,AD 64 ED 007,265,822,10,1097,0,0,0,-13.96,5.96
NY,2024,Richmond County,AD 64 ED 008,302,794,10,1106,0,0,0,-10.26,6.05
NY,2024,Richmond County,AD 64 ED 009,258,885,8,1151,0,0,0,-10.08,6.1
NY,2024,Richmond County,AD 64 ED 010,233,738,6,977,0,0,0,-6.01,4.88
NY,2024,Richmond County,AD 64 ED 011,278,703,15,996,0,0,0,-5.76,5.55
NY,2024,Richmond County,AD 64 ED 012,382,477,7,866,0,0,0,-3.14,9.64
NY,2024,Richmond County,AD 64 ED 013,272,728,18,1018,0,0,0,-8.46,6.32
NY,2024,Richmond County,AD 64 ED 014,317,783,21,1121,0,0,0,-6.94,5.36
NY,2024,Richmond County,AD 64 ED 015,259,823,16,1098,0,0,0,-13.51,4.25
NY,2024,Richmond County,AD 64 ED 016,319,760,14,1093,0,0,0,-10.66,6.05
NY,2024,Richmond County,AD 64 ED 017,325,745,16,1086,0,0,0,-8.92,6.17
NY,2024,Richmond County,AD 64 ED 018,295,810,17,1122,0,0,0,-14.24,5.93
NY,2024,Richmond County,AD 64 ED 019,159,337,5,501,0,0,0,-2.52,3.86
NY,2024,Richmond County,AD 64 ED 020,8,30,3,41,0,0,0,0,0
NY,2024,Richmond County,AD 64 ED 021,274,813,22,1109,0,0,0,-4.38,1.85
NY,2024,Richmond County,AD 64 ED 022,259,737,17,1013,0,0,0,-13.51,7.6
NY,2024,Richmond County,AD 64 ED 023,239,630,9,878,0,0,0,-7.53,6.03
NY,2024,Richmond County,AD 64 ED 024,307,754,26,1087,0,0,0,-9.45,4.24
NY,2024,Richmond County,AD 64 ED 025,232,591,14,837,0,0,0,-9.48,3.38
NY,2024,Richmond County,AD 64 ED 026,279,177,4,460,0,0,0,2.51,9.6
NY,2024,Richmond County,AD 64 ED 027,279,589,11,879,0,0,0,-6.81,5.77
NY,2024,Richmond County,AD 64 ED 028,240,658,24,922,0,0,0,-14.58,7.75
NY,2024,Richmond County,AD 64 ED 029,276,740,27,1043,0,0,0,-7.97,5.68
NY,2024,Richmond County,AD 64 ED 030,128,316,13,457,0,0,0,-20.31,12.66
NY,2024,Richmond County,AD 64 ED 031,210,515,19,744,0,0,0,-15.71,6.02
NY,2024,Richmond County,AD 64 ED 032,296,757,22,1075,0,0,0,-10.14,8.19
NY,2024,Richmond County,AD 64 ED 033,235,536,27,798,0,0,0,-8.51,4.85
NY,2024,Richmond County,AD 64 ED 034,315,558,33,906,0,0,0,-4.13,3.76
NY,2024,Richmond County,AD 64 ED 035,159,465,36,660,0,0,0,-5.66,2.58
NY,2024,Richmond County,AD 64 ED 036,263,577,25,865,0,0,0,-8.75,6.07
NY,2024,Richmond County,AD 64 ED 037,339,745,12,1096,0,0,0,-1.47,3.89
NY,2024,Richmond County,AD 64 ED 038,189,459,20,668,0,0,0,-6.88,3.27
NY,2024,Richmond County,AD 64 ED 039,227,728,30,985,0,0,0,-8.81,3.3
NY,2024,Richmond County,AD 64 ED 040,276,253,7,536,0,0,0,-2.54,13.04
NY,2024,Richmond County,AD 64 ED 041,252,592,18,862,0,0,0,-8.73,8.78
NY,2024,Richmond County,AD 64 ED 042,232,552,14,798,0,0,0,-7.76,8.88
NY,2024,Richmond County,AD 64 ED 043,255,616,14,885,0,0,0,-2.75,5.36
NY,2024,Richmond County,AD 64 ED 044,265,604,21,890,0,0,0,-9.43,5.96
NY,2024,Richmond County,AD 64 ED 045,326,674,38,1038,0,0,0,-13.5,8.01
NY,2024,Richmond County,AD 64 ED 046,225,384,19,628,0,0,0,-10.67,11.46
NY,2024,Richmond County,AD 64 ED 047,218,345,8,571,0,0,0,-8.72,8.12
NY,2024,Richmond County,AD 64 ED 048,132,394,16,542,0,0,0,-8.33,2.79
NY,2024,Richmond County,AD 64 ED 051,53,73,2,128,0,0,0,-7.55,19.18
NY,2024,Richmond County,AD 64 ED 060,233,480,12,725,0,0,0,-6.44,6.25
NY,2024,Richmond County,AD 64 ED 061,136,304,12,452,0,0,0,-11.03,5.26
NY,2024,Saratoga County,Ballston 1,331,208,6,545,334,221,0,,
NY,2024,Saratoga County,Ballston 2,530,512,2,1044,548,510,0,,
NY,2024,Saratoga County,Ballston 3,716,678,7,1401,681,734,0,,
NY,2024,Saratoga County,Ballston 4,458,422,1,881,415,475,0,,
NY,2024,Saratoga County,Ballston 5,260,244,2,506,246,268,0,,
NY,2024,Saratoga County,Ballston 6,716,625,10,1351,657,718,0,,
NY,2024,Saratoga County,Ballston 7,409,368,2,779,420,372,0,,
NY,2024,Saratoga County,Ballston 8,279,363,3,645,287,367,0,,
NY,2024,Saratoga County,Ballston 9,233,219,3,455,224,246,0,,
NY,2024,Saratoga County,Charlton 1,402,486,4,892,398,511,0,,
NY,2024,Saratoga County,Charlton 2,153,258,3,414,140,280,0,,
NY,2024,Saratoga County,Charlton 3,259,310,6,575,237,349,0,,
NY,2024,Saratoga County,Charlton 4,427,516,2,945,398,562,0,,
NY,2024,Saratoga County,Clifton Park 1,406,325,3,734,399,339,0,,
NY,2024,Saratoga County,Clifton Park 10,455,332,3,790,443,360,0,,
NY,2024,Saratoga County,Clifton Park 11,419,320,1,740,412,347,0,,
NY,2024,Saratoga County,Clifton Park 12,513,454,6,973,532,458,0,,
NY,2024,Saratoga County,Clifton Park 13,308,258,3,569,301,276,0,,
NY,2024,Saratoga County,Clifton Park 14,380,325,9,714,361,361,0,,
NY,2024,Saratoga County,Clifton Park 15,443,375,11,829,427,422,0,,
NY,2024,Saratoga County,Clifton Park 16,367,262,6,635,359,287,0,,
NY,2024,Saratoga County,Clifton Park 17,268,199,2,469,260,216,0,,
NY,2024,Saratoga County,Clifton Park 18,393,284,5,682,391,295,0,,
NY,2024,Saratoga County,Clifton Park 19,407,300,13,720,411,319,0,,
NY,2024,Saratoga County,Clifton Park 2,337,249,2,588,313,283,0,,
NY,2024,Saratoga County,Clifton Park 20,420,281,1,702,387,319,0,,
NY,2024,Saratoga County,Clifton Park 21,440,317,17,774,451,331,0,,
NY,2024,Saratoga County,Clifton Park 22,348,338,5,691,364,334,0,,
NY,2024,Saratoga County,Clifton Park 23,331,287,4,622,325,304,0,,
NY,2024,Saratoga County,Clifton Park 24,354,251,9,614,346,276,0,,
NY,2024,Saratoga County,Clifton Park 25,387,314,3,704,395,323,0,,
NY,2024,Saratoga County,Clifton Park 26,270,236,5,511,284,231,0,,
NY,2024,Saratoga County,Clifton Park 27,288,354,0,642,278,370,0,,
NY,2024,Saratoga County,Clifton Park 28,251,204,2,457,232,230,0,,
NY,2024,Saratoga County,Clifton Park 29,398,324,6,728,390,352,0,,
NY,2024,Saratoga County,Clifton Park 3,237,205,1,443,227,224,0,,
NY,2024,Saratoga County,Clifton Park 30,190,145,5,340,192,150,0,,
NY,2024,Saratoga County,Clifton Park 31,496,427,14,937,504,438,0,,
NY,2024,Saratoga County,Clifton Park 32,283,237,2,522,294,237,0,,
NY,2024,Saratoga County,Clifton Park 33,363,300,2,665,370,304,0,,
NY,2024,Saratoga County,Clifton Park 34,548,431,11,990,562,441,0,,
NY,2024,Saratoga County,Clifton Park 4,537,450,7,994,506,504,0,,
NY,2024,Saratoga County,Clifton Park 5,134,164,0,298,123,176,0,,
NY,2024,Saratoga County,Clifton Park 6,356,315,1,672,350,338,0,,
NY,2024,Saratoga County,Clifton Park 7,197,155,1,353,185,175,0,,
NY,2024,Saratoga County,Clifton Park 8,454,305,8,767,452,328,0,,
NY,2024,Saratoga County,Clifton Park 9,185,97,2,284,188,103,0,,
NY,2024,Saratoga County,Corinth 1,168,332,0,500,213,296,0,,
NY,2024,Saratoga County,Corinth 2,171,435,1,607,233,377,0,,
NY,2024,Saratoga County,Corinth 3,235,420,0,655,265,393,0,,
NY,2024,Saratoga County,Corinth 4,142,298,0,440,157,287,0,,
NY,2024,Saratoga County,Corinth 5,241,530,0,771,296,484,0,,
NY,2024,Saratoga County,Day 1,187,365,1,553,216,354,0,,
NY,2024,Saratoga County,Edinburg 1,249,665,4,918,308,620,0,,
NY,2024,Saratoga County,Galway 1,261,454,1,716,288,438,0,,
NY,2024,Saratoga County,Galway 2,338,468,1,807,315,499,0,,
NY,2024,Saratoga County,Galway 3,240,452,1,693,247,464,0,,
NY,2024,Saratoga County,Greenfield 1,331,304,3,638,352,295,0,,
NY,2024,Saratoga County,Greenfield 2,239,292,2,533,264,274,0,,
NY,2024,Saratoga County,Greenfield 3,254,323,0,577,291,295,0,,
NY,2024,Saratoga County,Greenfield 4,358,204,1,563,354,220,0,,
NY,2024,Saratoga County,Greenfield 5,336,397,1,734,354,397,0,,
NY,2024,Saratoga County,Greenfield 6,235,286,2,523,259,272,0,,
NY,2024,Saratoga County,Greenfield 7,194,280,2,476,232,250,0,,
NY,2024,Saratoga County,Greenfield 8,264,250,0,514,301,219,0,,
NY,2024,Saratoga County,Hadley 1,134,364,2,500,169,335,0,,
NY,2024,Saratoga County,Hadley 2,165,377,1,543,205,344,0,,
NY,2024,Saratoga County,Halfmoon 1,290,367,12,669,299,380,0,,
NY,2024,Saratoga County,Halfmoon 10,311,256,3,570,347,226,0,,
NY,2024,Saratoga County,Halfmoon 11,657,634,10,1301,724,591,0,,
NY,2024,Saratoga County,Halfmoon 12,377,478,5,860,394,478,0,,
NY,2024,Saratoga County,Halfmoon 13,209,150,1,360,212,153,0,,
NY,2024,Saratoga County,Halfmoon 14,350,338,3,691,352,347,0,,
NY,2024,Saratoga County,Halfmoon 15,126,118,2,246,157,91,0,,
NY,2024,Saratoga County,Halfmoon 16,109,130,0,239,129,116,0,,
NY,2024,Saratoga County,Halfmoon 17,152,113,3,268,173,102,0,,
NY,2024,Saratoga County,Halfmoon 18,441,583,1,1025,449,590,0,,
NY,2024,Saratoga County,Halfmoon 19,332,233,1,566,301,270,0,,
NY,2024,Saratoga County,Halfmoon 2,358,398,3,759,373,398,0,,
NY,2024,Saratoga County,Halfmoon 3,499,527,4,1030,479,567,0,,
NY,2024,Saratoga County,Halfmoon 4,531,543,3,1077,553,537,0,,
NY,2024,Saratoga County,Halfmoon 5,291,280,4,575,295,293,0,,
NY,2024,Saratoga County,Halfmoon 6,366,393,2,761,401,368,0,,
NY,2024,Saratoga County,Halfmoon 7,435,364,7,806,448,366,0,,
NY,2024,Saratoga County,Halfmoon 8,337,281,7,625,344,294,0,,
NY,2024,Saratoga County,Halfmoon 9,508,481,14,1003,538,487,0,,
NY,2024,Saratoga County,Malta 1,561,531,4,1096,561,550,0,,
NY,2024,Saratoga County,Malta 10,344,373,1,718,359,376,0,,
NY,2024,Saratoga County,Malta 11,394,387,3,784,394,400,0,,
NY,2024,Saratoga County,Malta 12,475,412,1,888,476,421,0,,
NY,2024,Saratoga County,Malta 2,680,647,8,1335,740,605,0,,
NY,2024,Saratoga County,Malta 3,382,219,5,606,381,228,0,,
NY,2024,Saratoga County,Malta 4,302,259,2,563,294,277,0,,
NY,2024,Saratoga County,Malta 5,267,337,1,605,281,330,0,,
NY,2024,Saratoga County,Malta 6,615,447,5,1067,611,465,0,,
NY,2024,Saratoga County,Malta 7,326,251,4,581,340,251,0,,
NY,2024,Saratoga County,Malta 8,430,366,3,799,442,363,0,,
NY,2024,Saratoga County,Malta 9,210,231,0,441,209,243,0,,
NY,2024,Saratoga County,Mechanicville 1,186,241,0,427,211,218,0,,
NY,2024,Saratoga County,Mechanicville 2,113,175,4,292,150,146,0,,
NY,2024,Saratoga County,Mechanicville 3,147,194,0,341,168,178,0,,
NY,2024,Saratoga County,Mechanicville 4,119,207,1,327,161,170,0,,
NY,2024,Saratoga County,Mechanicville 5,170,178,0,348,168,188,0,,
NY,2024,Saratoga County,Mechanicville 6,135,203,0,338,169,178,0,,
NY,2024,Saratoga County,Milton 1,698,449,6,1153,686,489,0,,
NY,2024,Saratoga County,Milton 10,528,440,5,973,512,484,0,,
NY,2024,Saratoga County,Milton 11,253,270,2,525,260,272,0,,
NY,2024,Saratoga County,Milton 12,238,380,2,620,252,376,0,,
NY,2024,Saratoga County,Milton 13,619,576,1,1196,665,545,0,,
NY,2024,Saratoga County,Milton 14,402,279,2,683,373,318,0,,
NY,2024,Saratoga County,Milton 2,358,370,0,728,359,383,0,,
NY,2024,Saratoga County,Milton 3,97,113,1,211,101,115,0,,
NY,2024,Saratoga County,Milton 4,464,457,4,925,473,462,0,,
NY,2024,Saratoga County,Milton 5,255,231,0,486,273,221,0,,
NY,2024,Saratoga County,Milton 6,215,373,0,588,257,343,0,,
NY,2024,Saratoga County,Milton 7,342,497,5,844,379,474,0,,
NY,2024,Saratoga County,Milton 8,200,172,1,373,187,190,0,,
NY,2024,Saratoga County,Milton 9,540,423,0,963,541,433,0,,
NY,2024,Saratoga County,Moreau 1,223,315,0,538,325,218,0,,
NY,2024,Saratoga County,Moreau 10,450,661,0,1111,617,506,0,,
NY,2024,Saratoga County,Moreau 11,429,394,3,826,477,357,0,,
NY,2024,Saratoga County,Moreau 2,273,278,1,552,332,227,0,,
NY,2024,Saratoga County,Moreau 3,347,312,1,660,396,272,0,,
NY,2024,Saratoga County,Moreau 4,514,692,5,1211,767,455,0,,
NY,2024,Saratoga County,Moreau 5,458,556,1,1015,570,459,0,,
NY,2024,Saratoga County,Moreau 6,356,489,0,845,510,345,0,,
NY,2024,Saratoga County,Moreau 7,251,304,3,558,342,223,0,,
NY,2024,Saratoga County,Moreau 8,193,274,0,467,244,230,0,,
NY,2024,Saratoga County,Moreau 9,289,358,2,649,378,279,0,,
NY,2024,Saratoga County,Northumberland 1,452,655,2,1109,503,622,0,,
NY,2024,Saratoga County,Northumberland 2,311,405,2,718,348,379,0,,
NY,2024,Saratoga County,Northumberland 3,174,336,0,510,217,299,0,,
NY,2024,Saratoga County,Northumberland 4,256,307,1,564,285,286,0,,
NY,2024,Saratoga County,Providence 1,82,263,0,345,86,260,0,,
NY,2024,Saratoga County,Providence 2,254,579,3,836,299,548,0,,
NY,2024,Saratoga County,Saratoga 1,345,293,3,641,368,276,0,,
NY,2024,Saratoga County,Saratoga 2,427,411,0,838,432,421,0,,
NY,2024,Saratoga County,Saratoga 3,235,260,3,498,251,250,0,,
NY,2024,Saratoga County,Saratoga 4,250,345,3,598,273,330,0,,
NY,2024,Saratoga County,Saratoga 5,283,380,3,666,302,375,0,,
NY,2024,Saratoga County,Saratoga Springs 1,505,195,1,701,495,220,0,,
NY,2024,Saratoga County,Saratoga Springs 10,302,187,1,490,318,185,0,,
NY,2024,Saratoga County,Saratoga Springs 11,694,290,7,991,665,343,0,,
NY,2024,Saratoga County,Saratoga Springs 12,387,135,1,523,375,159,0,,
NY,2024,Saratoga County,Saratoga Springs 13,265,136,3,404,232,179,0,,
NY,2024,Saratoga County,Saratoga Springs 14,533,310,6,849,554,313,0,,
NY,2024,Saratoga County,Saratoga Springs 15,354,210,2,566,339,248,0,,
NY,2024,Saratoga County,Saratoga Springs 16,295,214,1,510,302,221,0,,
NY,2024,Saratoga County,Saratoga Springs 17,428,374,5,807,429,394,0,,
NY,2024,Saratoga County,Saratoga Springs 18,292,221,1,514,295,226,0,,
NY,2024,Saratoga County,Saratoga Springs 19,420,258,1,679,426,259,0,,
NY,2024,Saratoga County,Saratoga Springs 2,391,165,0,556,377,187,0,,
NY,2024,Saratoga County,Saratoga Springs 20,391,287,0,678,390,300,0,,
NY,2024,Saratoga County,Saratoga Springs 21,464,209,6,679,429,265,0,,
NY,2024,Saratoga County,Saratoga Springs 22,605,397,5,1007,587,434,0,,
NY,2024,Saratoga County,Saratoga Springs 23,613,318,0,931,602,350,0,,
NY,2024,Saratoga County,Saratoga Springs 24,251,9,0,260,232,29,0,,
NY,2024,Saratoga County,Saratoga Springs 25,253,109,1,363,256,112,0,,
NY,2024,Saratoga County,Saratoga Springs 3,335,166,2,503,347,167,0,,
NY,2024,Saratoga County,Saratoga Springs 4,502,163,5,670,481,208,0,,
NY,2024,Saratoga County,Saratoga Springs 5,438,183,7,628,416,235,0,,
NY,2024,Saratoga County,Saratoga Springs 6,557,230,9,796,548,262,0,,
NY,2024,Saratoga County,Saratoga Springs 7,189,121,3,313,184,134,0,,
NY,2024,Saratoga County,Saratoga Springs 8,433,151,3,587,417,179,0,,
NY,2024,Saratoga County,Saratoga Springs 9,427,154,3,584,405,189,0,,
NY,2024,Saratoga County,Stillwater 1,241,350,5,596,259,345,0,,
NY,2024,Saratoga County,Stillwater 2,352,507,1,860,377,497,0,,
NY,2024,Saratoga County,Stillwater 3,184,368,1,553,200,366,0,,
NY,2024,Saratoga County,Stillwater 4,136,287,1,424,162,269,0,,
NY,2024,Saratoga County,Stillwater 5,665,991,5,1661,709,970,0,,
NY,2024,Saratoga County,Stillwater 6,49,101,0,150,56,101,0,,
NY,2024,Saratoga County,Stillwater 7,112,246,0,358,125,243,0,,
NY,2024,Saratoga County,Stillwater 8,291,357,5,653,297,371,0,,
NY,2024,Saratoga County,Waterford 1,200,180,4,384,196,197,0,,
NY,2024,Saratoga County,Waterford 2,157,218,2,377,193,187,0,,
NY,2024,Saratoga County,Waterford 3,203,240,2,445,199,255,0,,
NY,2024,Saratoga County,Waterford 4,129,214,0,343,131,217,0,,
NY,2024,Saratoga County,Waterford 5,230,232,1,463,197,272,0,,
NY,2024,Saratoga County,Waterford 6,319,430,4,753,339,427,0,,
NY,2024,Saratoga County,Waterford 7,205,288,2,495,234,269,0,,
NY,2024,Saratoga County,Waterford 8,380,421,4,805,392,419,0,,
NY,2024,Saratoga County,Wilton 1,398,372,0,770,367,428,0,,
NY,2024,Saratoga County,Wilton 10,429,252,0,681,416,274,0,,
NY,2024,Saratoga County,Wilton 11,369,274,0,643,379,282,0,,
NY,2024,Saratoga County,Wilton 12,343,244,0,587,320,279,0,,
NY,2024,Saratoga County,Wilton 13,392,323,1,716,380,354,0,,
NY,2024,Saratoga County,Wilton 14,253,198,0,451,275,191,0,,
NY,2024,Saratoga County,Wilton 15,158,114,0,272,157,118,0,,
NY,2024,Saratoga County,Wilton 16,7,2,0,9,5,4,0,,
NY,2024,Saratoga County,Wilton 17,7,6,0,13,9,4,0,,
NY,2024,Saratoga County,Wilton 18,66,54,0,120,70,54,0,,
NY,2024,Saratoga County,Wilton 19,176,120,0,296,172,129,0,,
NY,2024,Saratoga County,Wilton 2,341,280,0,621,354,276,0,,
NY,2024,Saratoga County,Wilton 20,55,56,0,111,58,54,0,,
NY,2024,Saratoga County,Wilton 21,22,15,0,37,20,17,0,,
NY,2024,Saratoga County,Wilton 22,11,0,0,11,8,4,0,,
NY,2024,Saratoga County,Wilton 23,18,39,0,57,17,43,0,,
NY,2024,Saratoga County,Wilton 3,353,287,0,640,343,308,0,,
NY,2024,Saratoga County,Wilton 4,460,445,1,906,505,411,0,,
NY,2024,Saratoga County,Wilton 5,313,293,2,608,302,324,0,,
NY,2024,Saratoga County,Wilton 6,235,298,0,533,249,296,0,,
NY,2024,Saratoga County,Wilton 7,265,201,0,466,264,220,0,,
NY,2024,Saratoga County,Wilton 8,338,265,0,603,347,267,0,,
NY,2024,Saratoga County,Wilton 9,461,433,1,895,495,417,0,,
NY,2024,Schenectady County,0101 DU-01,275,525,0,800,306,461,4788,,
NY,2024,Schenectady County,0102 DU-02,319,515,0,834,338,464,4975,,
NY,2024,Schenectady County,0103 DU-03,404,524,0,928,430,487,5625,,
NY,2024,Schenectady County,0104 DU-04,203,384,0,587,218,350,3502,,
NY,2024,Schenectady County,0105 DU-05,240,388,0,628,256,357,3777,,
NY,2024,Schenectady County,0201 GL-01,419,310,0,729,422,294,4082,,
NY,2024,Schenectady County,0202 GL-02,423,375,0,798,440,332,4353,,
NY,2024,Schenectady County,0203 GL-03,282,448,0,730,298,412,3893,,
NY,2024,Schenectady County,0204 GL-04,354,428,0,782,380,386,4307,,
NY,2024,Schenectady County,0205 GL-05,442,371,0,813,455,333,4452,,
NY,2024,Schenectady County,0206 GL-06,428,537,0,965,438,499,5225,,
NY,2024,Schenectady County,0207 GL-07,361,319,0,680,379,283,3721,,
NY,2024,Schenectady County,0208 GL-08,496,314,0,810,505,288,5794,,
NY,2024,Schenectady County,0209 GL-09,400,289,0,689,409,262,4938,,
NY,2024,Schenectady County,0210 GL-10,570,404,0,974,565,388,6992,,
NY,2024,Schenectady County,0211 GL-11,368,251,0,619,377,222,4443,,
NY,2024,Schenectady County,0212 GL-12,359,376,0,735,383,342,5279,,
NY,2024,Schenectady County,0213 GL-13,469,382,0,851,476,358,4661,,
NY,2024,Schenectady County,0214 GL-14,418,394,0,812,421,376,4405,,
NY,2024,Schenectady County,0215 GL-15,575,503,0,1078,575,462,5791,,
NY,2024,Schenectady County,0216 GL-16,331,284,0,615,341,267,3392,,
NY,2024,Schenectady County,0217 GL-17,317,267,0,584,312,250,3176,,
NY,2024,Schenectady County,0218 GL-18,367,377,0,744,389,339,4005,,
NY,2024,Schenectady County,0219 GL-19,455,383,0,838,467,357,4640,,
NY,2024,Schenectady County,0220 GL-20,395,380,0,775,407,348,4195,,
NY,2024,Schenectady County,0221 GL-21,554,396,0,950,542,377,5177,,
NY,2024,Schenectady County,0222 GL-22,358,314,0,672,371,301,3742,,
NY,2024,Schenectady County,0301 NI-01,608,398,0,1006,609,388,5582,,
NY,2024,Schenectady County,0302 NI-02,673,363,0,1036,688,319,5782,,
NY,2024,Schenectady County,0303 NI-03,452,369,0,821,474,329,4557,,
NY,2024,Schenectady County,0304 NI-04,596,169,0,765,592,160,4317,,
NY,2024,Schenectady County,0305 NI-05,501,205,0,706,496,203,3978,,
NY,2024,Schenectady County,0306 NI-06,394,209,0,603,409,188,3461,,
NY,2024,Schenectady County,0307 NI-07,692,235,0,927,698,223,5334,,
NY,2024,Schenectady County,0308 NI-08,477,268,0,745,476,256,4133,,
NY,2024,Schenectady County,0309 NI-09,564,248,0,812,557,248,4651,,
NY,2024,Schenectady County,0310 NI-10,391,198,0,589,382,202,3298,,
NY,2024,Schenectady County,0311 NI-11,580,280,0,860,572,293,4978,,
NY,2024,Schenectady County,0312 NI-12,272,162,0,434,268,158,2414,,
NY,2024,Schenectady County,0313 NI-13,514,200,0,714,521,190,4076,,
NY,2024,Schenectady County,0314 NI-14,642,347,0,989,651,339,5636,,
NY,2024,Schenectady County,0315 NI-15,585,324,0,909,602,314,5222,,
NY,2024,Schenectady County,0316 NI-16,433,229,0,662,426,221,3681,,
NY,2024,Schenectady County,0317 NI-17,519,249,0,768,519,241,4319,,
NY,2024,Schenectady County,0401 PR-01,249,480,0,729,260,456,3932,,
NY,2024,Schenectady County,0402 PR-02,194,374,0,568,217,338,3068,,
NY,2024,Schenectady County,0501 RO-01,264,510,0,774,286,455,4122,,
NY,2024,Schenectady County,0502 RO-02,267,499,0,766,303,437,4137,,
NY,2024,Schenectady County,0503 RO-03,418,487,0,905,436,438,4903,,
NY,2024,Schenectady County,0504 RO-04,414,651,0,1065,468,569,5807,,
NY,2024,Schenectady County,0505 RO-05,439,526,0,965,480,457,5255,,
NY,2024,Schenectady County,0506 RO-06,319,336,0,655,321,298,3495,,
NY,2024,Schenectady County,0507 RO-07,332,430,0,762,357,370,4128,,
NY,2024,Schenectady County,0508 RO-08,389,403,0,792,415,353,4380,,
NY,2024,Schenectady County,0509 RO-09,351,430,0,781,385,379,4207,,
NY,2024,Schenectady County,0510 RO-10,327,344,0,671,347,296,3655,,
NY,2024,Schenectady County,0511 RO-11,388,432,0,820,422,375,4453,,
NY,2024,Schenectady County,0512 RO-12,306,524,0,830,313,485,4500,,
NY,2024,Schenectady County,0513 RO-13,300,277,0,577,315,240,3141,,
NY,2024,Schenectady County,0514 RO-14,373,441,0,814,401,375,4381,,
NY,2024,Schenectady County,0515 RO-15,290,382,0,672,303,339,3569,,
NY,2024,Schenectady County,0516 RO-16,402,515,0,917,425,456,5012,,
NY,2024,Schenectady County,0517 RO-17,359,400,0,759,369,362,4081,,
NY,2024,Schenectady County,0518 RO-18,369,476,0,845,395,430,4681,,
NY,2024,Schenectady County,0519 RO-19,392,413,0,805,417,361,4346,,
NY,2024,Schenectady County,0520 RO-20,394,521,0,915,414,445,4880,,
NY,2024,Schenectady County,0521 RO-21,272,404,0,676,290,360,3613,,
NY,2024,Schenectady County,0601 SD-01,437,170,0,607,442,129,3301,,
NY,2024,Schenectady County,0602 SD-02,535,152,0,687,538,129,3909,,
NY,2024,Schenectady County,0603 SD-03,349,204,0,553,358,162,2994,,
NY,2024,Schenectady County,0604 SD-04,500,257,0,757,505,214,4171,,
NY,2024,Schenectady County,0605 SD-05,252,236,0,488,258,184,2536,,
NY,2024,Schenectady County,0606 SD-06,325,234,0,559,310,200,2912,,
NY,2024,Schenectady County,0607 SD-07,202,185,0,387,200,155,1995,,
NY,2024,Schenectady County,0608 SD-08,318,214,0,532,346,166,2936,,
NY,2024,Schenectady County,0609 SD-09,621,277,0,898,612,252,4958,,
NY,2024,Schenectady County,0610 SD-10,367,304,0,671,384,245,3568,,
NY,2024,Schenectady County,0611 SD-11,391,336,0,727,405,294,3952,,
NY,2024,Schenectady County,0612 SD-12,361,223,0,584,354,194,3135,,
NY,2024,Schenectady County,0613 SD-13,317,111,0,428,314,102,2412,,
NY,2024,Schenectady County,0614 SD-14,377,323,0,700,378,290,3792,,
NY,2024,Schenectady County,0615 SD-15,467,204,0,671,472,170,3639,,
NY,2024,Schenectady County,0616 SD-16,477,153,0,630,468,139,3566,,
NY,2024,Schenectady County,0617 SD-17,514,221,0,735,524,197,4168,,
NY,2024,Schenectady County,0618 SD-18,505,258,0,763,514,237,4367,,
NY,2024,Schenectady County,0619 SD-19,532,218,0,750,538,193,4184,,
NY,2024,Schenectady County,0620 SD-20,366,220,0,586,372,180,3120,,
NY,2024,Schenectady County,0621 SD-21,186,171,0,357,190,154,1924,,
NY,2024,Schenectady County,0622 SD-22,243,111,0,354,233,93,1909,,
NY,2024,Schenectady County,0623 SD-23,369,186,0,555,362,147,2886,,
NY,2024,Schenectady County,0624 SD-24,296,166,0,462,287,133,2349,,
NY,2024,Schenectady County,0625 SD-25,322,203,0,525,325,159,2772,,
NY,2024,Schenectady County,0626 SD-26,147,65,0,212,142,46,1070,,
NY,2024,Schenectady County,0627 SD-27,323,143,0,466,315,126,2551,,
NY,2024,Schenectady County,0628 SD-28,186,72,0,258,178,56,1336,,
NY,2024,Schenectady County,0629 SD-29,534,241,0,775,529,208,4131,,
NY,2024,Schenectady County,0630 SD-30,323,137,0,460,303,108,2338,,
NY,2024,Schenectady County,0631 SD-31,257,96,0,353,228,87,1817,,
NY,2024,Schenectady County,0632 SD-32,224,107,0,331,205,85,1689,,
NY,2024,Schenectady County,0633 SD-33,286,152,0,438,286,109,2305,,
NY,2024,Schenectady County,0634 SD-34,333,317,0,650,354,272,3527,,
NY,2024,Schenectady County,0635 SD-35,208,162,0,370,218,125,1926,,
NY,2024,Schoharie County,Town of Blenheim 1 LD 1,77,132,1,210,90,115,0,,
NY,2024,Schoharie County,Town of Broome 1 LD 1,146,365,3,514,161,332,2,,
NY,2024,Schoharie County,Town of Carlisle 1 LD 1,283,687,11,981,315,647,2,,
NY,2024,Schoharie County,Town of Cobleskill 1 LD 1,380,634,8,1022,407,586,5,,
NY,2024,Schoharie County,Town of Cobleskill 2 LD 1,784,830,23,1637,806,772,11,,
NY,2024,Schoharie County,Town of Conesville 1 LD 1,133,312,2,447,164,270,3,,
NY,2024,Schoharie County,Town of Esperance 1 LD 1,242,548,9,799,261,517,5,,
NY,2024,Schoharie County,Town of Esperance 2 LD 1,78,119,0,197,84,106,1,,
NY,2024,Schoharie County,Town of Fulton 1 LD 1,225,450,10,685,249,412,8,,
NY,2024,Schoharie County,Town of Gilboa 1 LD 1,233,435,5,673,264,392,2,,
NY,2024,Schoharie County,Town of Jefferson 1 LD 1,270,523,2,795,290,484,3,,
NY,2024,Schoharie County,Town of Middleburgh 1 LD 1,296,781,14,1091,344,704,14,,
NY,2024,Schoharie County,Town of Middleburgh 2 LD 1,272,462,10,744,305,421,7,,
NY,2024,Schoharie County,Town of Richmondville 1 LD 1,269,586,7,862,322,518,1,,
NY,2024,Schoharie County,Town of Richmondville 2 LD 1,138,236,3,377,155,212,2,,
NY,2024,Schoharie County,Town of Schoharie 1 LD 1,382,798,10,1190,415,735,5,,
NY,2024,Schoharie County,Town of Schoharie 2 LD 1,208,289,6,503,228,263,1,,
NY,2024,Schoharie County,Town of Seward 1 LD 1,306,616,2,924,352,547,6,,
NY,2024,Schoharie County,Town of Sharon 1 LD 1,188,478,5,671,227,421,2,,
NY,2024,Schoharie County,Town of Sharon 2 LD 1,107,117,0,224,114,106,0,,
NY,2024,Schoharie County,Town of Summit 1 LD 1,193,471,5,669,216,442,5,,
NY,2024,Schoharie County,Town of Wright 1 LD 1,337,554,6,897,387,493,3,,
NY,2024,Seneca County,Town of Covert 1,417,301,9,727,415,302,2,,
NY,2024,Seneca County,Town of Covert 2,333,239,7,579,340,229,5,,
NY,2024,Seneca County,Town of Fayette 1,226,273,6,505,230,255,2,,
NY,2024,Seneca County,Town of Fayette 2,279,363,4,646,277,341,2,,
NY,2024,Seneca County,Town of Fayette 3,256,432,8,696,275,396,5,,
NY,2024,Seneca County,Town of Junius 1,161,386,1,548,171,360,3,,
NY,2024,Seneca County,Town of Lodi 1,340,462,6,808,364,422,1,,
NY,2024,Seneca County,Town of Ovid 1,213,282,6,501,221,267,2,,
NY,2024,Seneca County,Town of Ovid 2,206,302,5,513,209,292,2,,
NY,2024,Seneca County,Town of Romulus 1,106,166,0,272,112,154,0,,
NY,2024,Seneca County,Town of Romulus 2,193,183,3,379,193,171,1,,
NY,2024,Seneca County,Town of Romulus 3,122,146,5,273,127,140,0,,
NY,2024,Seneca County,Town of Seneca Falls 1,284,224,5,513,278,214,2,,
NY,2024,Seneca County,Town of Seneca Falls 2,310,284,2,596,310,270,2,,
NY,2024,Seneca County,Town of Seneca Falls 3,194,162,2,358,199,145,1,,
NY,2024,Seneca County,Town of Seneca Falls 4,294,349,2,645,297,320,5,,
NY,2024,Seneca County,Town of Seneca Falls 5,213,280,4,497,225,240,2,,
NY,2024,Seneca County,Town of Seneca Falls 6,242,252,5,499,255,229,0,,
NY,2024,Seneca County,Town of Seneca Falls 7,188,122,3,313,183,123,1,,
NY,2024,Seneca County,Town of Seneca Falls 8,313,405,7,725,319,386,2,,
NY,2024,Seneca County,Town of Tyre 1,135,288,0,423,140,260,2,,
NY,2024,Seneca County,Town of Varick 1,293,430,5,728,301,406,2,,
NY,2024,Seneca County,Town of Waterloo 1,316,417,2,735,335,363,6,,
NY,2024,Seneca County,Town of Waterloo 2,260,385,7,652,278,353,2,,
NY,2024,Seneca County,Town of Waterloo 3,215,305,5,525,217,277,2,,
NY,2024,Seneca County,Town of Waterloo 4,309,634,4,947,326,577,2,,
NY,2024,Seneca County,Town of Waterloo 5,192,307,3,502,206,277,2,,
NY,2024,St. Lawrence County,Brasher 1,132,316,1,449,162,268,1,,
NY,2024,St. Lawrence County,Brasher 2,229,369,3,601,250,316,2,,
NY,2024,St. Lawrence County,Canton 1,516,140,7,663,517,128,5,,
NY,2024,St. Lawrence County,Canton 2,466,473,2,941,475,423,4,,
NY,2024,St. Lawrence County,Canton 3,378,133,7,518,377,124,1,,
NY,2024,St. Lawrence County,Canton 4,53,68,0,121,62,50,1,,
NY,2024,St. Lawrence County,Canton 5,58,78,2,138,63,74,0,,
NY,2024,St. Lawrence County,Canton 6,360,211,5,576,357,196,2,,
NY,2024,St. Lawrence County,Canton 7,117,169,3,289,115,156,2,,
NY,2024,St. Lawrence County,Canton 8,300,369,5,674,335,306,2,,
NY,2024,St. Lawrence County,Clare 1,11,44,0,55,11,40,0,,
NY,2024,St. Lawrence County,Clifton 1,52,102,0,154,56,85,3,,
NY,2024,St. Lawrence County,Clifton 2,65,82,0,147,70,71,0,,
NY,2024,St. Lawrence County,Colton 1,380,509,4,893,407,458,4,,
NY,2024,St. Lawrence County,DeKalb 1,301,627,1,929,340,547,6,,
NY,2024,St. Lawrence County,DePeyster 1,67,208,2,277,78,182,0,,
NY,2024,St. Lawrence County,Edwards 1,162,309,2,473,189,265,3,,
NY,2024,St. Lawrence County,Fine 1,261,361,0,622,252,319,1,,
NY,2024,St. Lawrence County,Fowler 1,283,790,4,1077,307,697,4,,
NY,2024,St. Lawrence County,Gouverneur 1,424,698,10,1132,459,606,8,,
NY,2024,St. Lawrence County,Gouverneur 2,239,606,8,853,253,547,4,,
NY,2024,St. Lawrence County,Hammond 1,230,438,2,670,253,380,2,,
NY,2024,St. Lawrence County,Hermon 1,157,371,2,530,175,317,2,,
NY,2024,St. Lawrence County,Hopkinton 1,167,362,1,530,194,305,1,,
NY,2024,St. Lawrence County,Lawrence 1,203,471,5,679,236,408,3,,
NY,2024,St. Lawrence County,Lisbon 1,279,632,9,920,323,549,3,,
NY,2024,St. Lawrence County,Lisbon 2,285,676,7,968,338,589,2,,
NY,2024,St. Lawrence County,Louisville 1,557,853,5,1415,614,741,7,,
NY,2024,St. Lawrence County,Louisville 2,138,136,2,276,157,109,1,,
NY,2024,St. Lawrence County,Macomb 1,125,307,4,436,140,273,4,,
NY,2024,St. Lawrence County,Madrid 1,332,458,5,795,359,409,3,,
NY,2024,St. Lawrence County,Massena 1,430,402,4,836,460,355,0,,
NY,2024,St. Lawrence County,Massena 2,284,375,2,661,300,326,1,,
NY,2024,St. Lawrence County,Massena 3,348,375,5,728,364,328,8,,
NY,2024,St. Lawrence County,Massena 4,91,135,0,226,102,114,2,,
NY,2024,St. Lawrence County,Massena 5,283,379,1,663,296,335,2,,
NY,2024,St. Lawrence County,Massena 6,303,326,2,631,334,278,2,,
NY,2024,St. Lawrence County,Massena 7,444,554,5,1003,455,495,5,,
NY,2024,St. Lawrence County,Morristown 1,310,654,3,967,345,579,3,,
NY,2024,St. Lawrence County,Norfolk 1,233,362,5,600,248,333,1,,
NY,2024,St. Lawrence County,Norfolk 2,243,452,0,695,266,393,2,,
NY,2024,St. Lawrence County,Norfolk 3,237,383,0,620,263,330,1,,
NY,2024,St. Lawrence County,Ogdensburg 1,198,333,2,533,217,275,3,,
NY,2024,St. Lawrence County,Ogdensburg 2,179,383,4,566,198,331,1,,
NY,2024,St. Lawrence County,Ogdensburg 3,277,366,5,648,285,326,2,,
NY,2024,St. Lawrence County,Ogdensburg 4,340,501,2,843,389,408,3,,
NY,2024,St. Lawrence County,Ogdensburg 5,106,211,1,318,128,169,0,,
NY,2024,St. Lawrence County,Ogdensburg 6,255,366,3,624,284,307,2,,
NY,2024,St. Lawrence County,Oswegatchie 1,229,630,3,862,261,550,2,,
NY,2024,St. Lawrence County,Oswegatchie 2,234,473,2,709,266,423,0,,
NY,2024,St. Lawrence County,Oswegatchie 3,130,205,1,336,150,175,0,,
NY,2024,St. Lawrence County,Parishville 1,343,726,11,1080,360,662,3,,
NY,2024,St. Lawrence County,Piercefield 1,71,77,1,149,77,68,1,,
NY,2024,St. Lawrence County,Pierrepont 1,315,479,1,795,331,412,3,,
NY,2024,St. Lawrence County,Pierrepont 2,334,273,3,610,349,246,1,,
NY,2024,St. Lawrence County,Pitcairn 1,91,290,0,381,109,242,1,,
NY,2024,St. Lawrence County,Potsdam 1,243,270,3,516,246,253,3,,
NY,2024,St. Lawrence County,Potsdam 2,267,344,2,613,282,308,3,,
NY,2024,St. Lawrence County,Potsdam 3,209,294,3,506,221,265,0,,
NY,2024,St. Lawrence County,Potsdam 4,522,434,10,966,537,398,5,,
NY,2024,St. Lawrence County,Potsdam 5,485,177,9,671,485,157,9,,
NY,2024,St. Lawrence County,Potsdam 6,357,171,5,533,358,157,4,,
NY,2024,St. Lawrence County,Potsdam 7,433,110,10,553,424,114,2,,
NY,2024,St. Lawrence County,Potsdam 8,363,349,4,716,371,318,4,,
NY,2024,St. Lawrence County,Rossie 1,123,209,1,333,132,184,1,,
NY,2024,St. Lawrence County,Russell 1,233,650,0,883,276,533,3,,
NY,2024,St. Lawrence County,Stockholm 1,290,480,4,774,313,419,2,,
NY,2024,St. Lawrence County,Stockholm 2,303,609,9,921,319,562,4,,
NY,2024,St. Lawrence County,Waddington 1,289,308,2,599,312,273,0,,
NY,2024,St. Lawrence County,Waddington 2,258,438,3,699,285,388,0,,
NY,2024,Sullivan County,Town of Bethel 1,258,378,638,1274,282,342,626,,
NY,2024,Sullivan County,Town of Bethel 2,64,142,208,414,71,124,197,,
NY,2024,Sullivan County,Town of Bethel 3,225,268,493,986,247,223,470,,
NY,2024,Sullivan County,Town of Bethel 4,398,439,839,1676,417,373,794,,
NY,2024,Sullivan County,Town of Bethel 5,40,74,116,230,45,64,109,,
NY,2024,Sullivan County,Town of Callicoon 1,287,333,634,1254,309,302,617,,
NY,2024,Sullivan County,Town of Callicoon 2,257,244,507,1008,282,207,489,,
NY,2024,Sullivan County,Town of Callicoon 3,113,182,297,592,128,159,287,,
NY,2024,Sullivan County,Town of Callicoon 4,62,97,163,322,67,90,159,,
NY,2024,Sullivan County,Town of Callicoon 5,66,69,137,272,63,69,132,,
NY,2024,Sullivan County,Town of Cochecton 1,361,512,877,1750,388,449,843,,
NY,2024,Sullivan County,Town of Delaware 1,430,334,770,1534,438,303,751,,
NY,2024,Sullivan County,Town of Delaware 2,190,327,519,1036,208,295,507,,
NY,2024,Sullivan County,Town of Fallsburg 1,101,344,447,892,108,268,382,,
NY,2024,Sullivan County,Town of Fallsburg 10,0,2,2,4,1,1,2,,
NY,2024,Sullivan County,Town of Fallsburg 11,0,6,6,12,0,6,6,,
NY,2024,Sullivan County,Town of Fallsburg 12,1,1,2,4,1,1,2,,
NY,2024,Sullivan County,Town of Fallsburg 2,148,437,591,1176,178,338,526,,
NY,2024,Sullivan County,Town of Fallsburg 3,255,492,755,1502,276,421,709,,
NY,2024,Sullivan County,Town of Fallsburg 4,164,120,290,574,170,108,288,,
NY,2024,Sullivan County,Town of Fallsburg 5,176,313,493,982,207,246,463,,
NY,2024,Sullivan County,Town of Fallsburg 6,219,292,517,1028,242,218,464,,
NY,2024,Sullivan County,Town of Fallsburg 7,159,374,535,1068,182,247,437,,
NY,2024,Sullivan County,Town of Fallsburg 8,146,311,457,914,166,265,433,,
NY,2024,Sullivan County,Town of Fallsburg 9,215,539,756,1510,242,376,628,,
NY,2024,Sullivan County,Town of Forestburgh 1,241,254,499,994,262,217,481,,
NY,2024,Sullivan County,Town of Fremont 1,211,336,557,1104,230,304,536,,
NY,2024,Sullivan County,Town of Fremont 2,61,109,174,344,68,102,172,,
NY,2024,Sullivan County,Town of Highland 1,273,284,559,1116,283,249,536,,
NY,2024,Sullivan County,Town of Highland 2,320,411,739,1470,339,360,701,,
NY,2024,Sullivan County,Town of Liberty 1,41,56,99,196,46,47,97,,
NY,2024,Sullivan County,Town of Liberty 10,183,258,447,888,201,230,435,,
NY,2024,Sullivan County,Town of Liberty 2,69,139,208,416,76,126,204,,
NY,2024,Sullivan County,Town of Liberty 3,151,219,372,742,159,187,358,,
NY,2024,Sullivan County,Town of Liberty 4,92,156,248,496,102,131,233,,
NY,2024,Sullivan County,Town of Liberty 5,283,292,581,1156,303,252,561,,
NY,2024,Sullivan County,Town of Liberty 6,467,381,850,1698,491,313,824,,
NY,2024,Sullivan County,Town of Liberty 7,128,400,530,1058,145,238,385,,
NY,2024,Sullivan County,Town of Liberty 8,45,224,269,538,64,134,198,,
NY,2024,Sullivan County,Town of Liberty 9,54,127,181,362,65,82,147,,
NY,2024,Sullivan County,Town of Lumberland 1,213,348,567,1128,228,306,542,,
NY,2024,Sullivan County,Town of Lumberland 2,294,348,652,1294,298,321,631,,
NY,2024,Sullivan County,Town of Mamakating 1,190,271,467,928,204,251,457,,
NY,2024,Sullivan County,Town of Mamakating 10,127,182,313,622,136,162,302,,
NY,2024,Sullivan County,Town of Mamakating 11,9,244,253,506,174,57,233,,
NY,2024,Sullivan County,Town of Mamakating 12,211,351,566,1128,231,304,545,,
NY,2024,Sullivan County,Town of Mamakating 14,115,161,278,554,131,128,261,,
NY,2024,Sullivan County,Town of Mamakating 15,44,93,137,274,50,81,133,,
NY,2024,Sullivan County,Town of Mamakating 16,15,47,62,124,19,40,61,,
NY,2024,Sullivan County,Town of Mamakating 17,12,20,36,68,14,18,32,,
NY,2024,Sullivan County,Town of Mamakating 18,2,0,2,4,2,0,2,,
NY,2024,Sullivan County,Town of Mamakating 2,151,278,435,864,167,255,426,,
NY,2024,Sullivan County,Town of Mamakating 21,25,52,79,156,30,43,73,,
NY,2024,Sullivan County,Town of Mamakating 23,58,74,136,268,62,72,136,,
NY,2024,Sullivan County,Town of Mamakating 24,13,35,48,96,18,30,48,,
NY,2024,Sullivan County,Town of Mamakating 26,0,1,1,2,0,1,1,,
NY,2024,Sullivan County,Town of Mamakating 27,9,25,34,68,14,14,28,,
NY,2024,Sullivan County,Town of Mamakating 28,3,16,19,38,6,12,18,,
NY,2024,Sullivan County,Town of Mamakating 29,12,11,23,46,14,7,21,,
NY,2024,Sullivan County,Town of Mamakating 3,215,362,583,1160,227,333,566,,
NY,2024,Sullivan County,Town of Mamakating 4,164,285,451,900,171,261,436,,
NY,2024,Sullivan County,Town of Mamakating 5,64,79,145,288,62,75,145,,
NY,2024,Sullivan County,Town of Mamakating 6,185,261,448,894,190,240,436,,
NY,2024,Sullivan County,Town of Mamakating 7,144,207,351,702,148,191,345,,
NY,2024,Sullivan County,Town of Mamakating 8,173,241,418,832,180,228,408,,
NY,2024,Sullivan County,Town of Mamakating 9,267,320,589,1176,286,282,574,,
NY,2024,Sullivan County,Town of Neversink 1,243,483,728,1454,278,426,712,,
NY,2024,Sullivan County,Town of Neversink 2,68,194,262,524,75,181,256,,
NY,2024,Sullivan County,Town of Neversink 3,56,73,129,258,61,62,125,,
NY,2024,Sullivan County,Town of Neversink 4,279,492,777,1548,307,448,763,,
NY,2024,Sullivan County,Town of Rockland 1,136,168,306,610,144,154,300,,
NY,2024,Sullivan County,Town of Rockland 2,237,265,506,1008,249,235,494,,
NY,2024,Sullivan County,Town of Rockland 3,53,88,141,282,63,75,142,,
NY,2024,Sullivan County,Town of Rockland 4,185,219,404,808,206,193,399,,
NY,2024,Sullivan County,Town of Rockland 5,145,175,320,640,153,161,314,,
NY,2024,Sullivan County,Town of Rockland 6,58,34,92,184,59,34,95,,
NY,2024,Sullivan County,Town of Thompson 1,512,634,1158,2304,562,535,1109,,
NY,2024,Sullivan County,Town of Thompson 10,233,152,385,770,241,119,362,,
NY,2024,Sullivan County,Town of Thompson 11,85,88,173,346,98,72,170,,
NY,2024,Sullivan County,Town of Thompson 12,346,344,690,1380,366,306,676,,
NY,2024,Sullivan County,Town of Thompson 2,378,548,934,1860,402,479,887,,
NY,2024,Sullivan County,Town of Thompson 3,245,431,678,1354,264,277,547,,
NY,2024,Sullivan County,Town of Thompson 4,120,192,314,626,134,148,286,,
NY,2024,Sullivan County,Town of Thompson 5,148,227,379,754,154,207,363,,
NY,2024,Sullivan County,Town of Thompson 6,181,102,283,566,178,85,265,,
NY,2024,Sullivan County,Town of Thompson 7,179,253,436,868,192,180,376,,
NY,2024,Sullivan County,Town of Thompson 8,119,91,210,420,115,81,198,,
NY,2024,Sullivan County,Town of Thompson 9,374,172,548,1094,338,155,499,,
NY,2024,Sullivan County,Town of Tusten 1,500,372,880,1752,502,330,842,,
NY,2024,Tioga County,Barton - 1,254,380,1,635,262,345,2,,
NY,2024,Tioga County,Barton - 2,344,528,2,874,358,480,4,,
NY,2024,Tioga County,Barton - 3,193,315,1,509,197,284,3,,
NY,2024,Tioga County,Barton - 4,108,366,1,475,124,321,1,,
NY,2024,Tioga County,Barton - 5,119,383,1,503,133,352,1,,
NY,2024,Tioga County,Barton - 7,153,360,2,515,179,323,1,,
NY,2024,Tioga County,Berkshire - 1,215,552,1,768,229,483,2,,
NY,2024,Tioga County,Candor - 1,421,641,4,1066,440,588,7,,
NY,2024,Tioga County,Candor - 2,115,265,0,380,116,248,3,,
NY,2024,Tioga County,Candor - 3,364,720,6,1090,380,677,2,,
NY,2024,Tioga County,Newark Valley - 1,377,751,1,1129,401,698,4,,
NY,2024,Tioga County,Newark Valley - 2,283,519,1,803,286,492,3,,
NY,2024,Tioga County,Nichols - 1,189,350,0,539,204,316,4,,
NY,2024,Tioga County,Nichols - 2,167,436,2,605,178,406,2,,
NY,2024,Tioga County,Owego - 1,400,343,5,748,397,336,4,,
NY,2024,Tioga County,Owego - 11,132,282,1,415,127,277,2,,
NY,2024,Tioga County,Owego - 12,270,464,1,735,285,436,3,,
NY,2024,Tioga County,Owego - 13,240,377,4,621,240,362,5,,
NY,2024,Tioga County,Owego - 14,228,294,1,523,228,281,1,,
NY,2024,Tioga County,Owego - 15,408,446,3,857,430,420,0,,
NY,2024,Tioga County,Owego - 17,476,425,4,905,485,410,1,,
NY,2024,Tioga County,Owego - 19,266,391,4,661,279,367,3,,
NY,2024,Tioga County,Owego - 2,512,592,5,1109,521,568,2,,
NY,2024,Tioga County,Owego - 3,175,293,0,468,175,286,1,,
NY,2024,Tioga County,Owego - 4,350,512,2,864,350,499,4,,
NY,2024,Tioga County,Owego - 5,322,430,1,753,311,428,0,,
NY,2024,Tioga County,Owego - 6,349,382,2,733,360,351,2,,
NY,2024,Tioga County,Owego - 7,344,291,4,639,335,266,3,,
NY,2024,Tioga County,Owego - 8,211,259,3,473,218,241,4,,
NY,2024,Tioga County,Richford - 1,211,338,1,550,226,311,2,,
NY,2024,Tioga County,Spencer - 1,442,591,8,1041,451,569,4,,
NY,2024,Tioga County,Spencer - 2,150,335,2,487,159,303,2,,
NY,2024,Tioga County,Tioga - 1,425,760,7,1192,446,692,5,,
NY,2024,Tioga County,Tioga - 2,224,667,3,894,245,620,3,,
NY,2024,Tompkins County,Caroline 1,221,200,5,426,226,182,2,,
NY,2024,Tompkins County,Caroline 2,600,244,16,860,608,227,10,,
NY,2024,Tompkins County,Caroline 3,559,203,8,770,563,186,3,,
NY,2024,Tompkins County,City of Ithaca 1-1,787,104,22,913,780,98,8,,
NY,2024,Tompkins County,City of Ithaca 1-2,591,98,10,699,583,80,7,,
NY,2024,Tompkins County,City of Ithaca 1-3,589,47,14,650,582,42,4,,
NY,2024,Tompkins County,City of Ithaca 1-4,444,58,25,527,444,48,16,,
NY,2024,Tompkins County,City of Ithaca 2-1,1258,60,31,1349,1272,50,8,,
NY,2024,Tompkins County,City of Ithaca 2-2,716,68,27,811,707,70,7,,
NY,2024,Tompkins County,City of Ithaca 2-3,670,58,37,765,682,49,12,,
NY,2024,Tompkins County,City of Ithaca 3-1,691,61,26,778,695,63,10,,
NY,2024,Tompkins County,City of Ithaca 3-2,1079,79,40,1198,1074,87,13,,
NY,2024,Tompkins County,City of Ithaca 4-1,695,105,17,817,670,99,4,,
NY,2024,Tompkins County,City of Ithaca 4-2,48,7,4,59,47,6,0,,
NY,2024,Tompkins County,City of Ithaca 5-1,911,106,37,1054,899,95,7,,
NY,2024,Tompkins County,City of Ithaca 5-2,394,43,7,444,370,42,2,,
NY,2024,Tompkins County,Danby 1,741,214,18,973,745,202,8,,
NY,2024,Tompkins County,Danby 2,131,102,6,239,133,94,0,,
NY,2024,Tompkins County,Danby 3,731,236,20,987,731,232,7,,
NY,2024,Tompkins County,Dryden 1,479,320,8,807,474,303,6,,
NY,2024,Tompkins County,Dryden 2,616,302,16,934,603,301,9,,
NY,2024,Tompkins County,Dryden 3,129,141,2,272,131,125,1,,
NY,2024,Tompkins County,Dryden 4,1139,211,39,1389,1151,204,11,,
NY,2024,Tompkins County,Dryden 5,513,262,16,791,512,247,8,,
NY,2024,Tompkins County,Dryden 6,635,355,18,1008,640,338,4,,
NY,2024,Tompkins County,Dryden 7,290,275,6,571,293,257,3,,
NY,2024,Tompkins County,Dryden 8,719,111,17,847,713,115,6,,
NY,2024,Tompkins County,Dryden 9,476,314,14,804,463,317,6,,
NY,2024,Tompkins County,Enfield 1,286,276,9,571,298,242,2,,
NY,2024,Tompkins County,Enfield 2,408,212,8,628,395,201,5,,
NY,2024,Tompkins County,Enfield 3,356,256,3,615,359,227,3,,
NY,2024,Tompkins County,Groton 1,397,603,10,1010,411,542,13,,
NY,2024,Tompkins County,Groton 2,539,459,20,1018,547,421,12,,
NY,2024,Tompkins County,Groton 3,335,457,9,801,324,447,1,,
NY,2024,Tompkins County,Lansing 1,623,313,13,949,622,287,2,,
NY,2024,Tompkins County,Lansing 2,323,261,8,592,320,250,2,,
NY,2024,Tompkins County,Lansing 3,729,336,35,1100,720,337,5,,
NY,2024,Tompkins County,Lansing 4,392,321,8,721,393,305,4,,
NY,2024,Tompkins County,Lansing 5,859,223,28,1110,840,237,5,,
NY,2024,Tompkins County,Lansing 6,525,86,13,624,514,87,6,,
NY,2024,Tompkins County,Lansing 7,812,177,22,1011,811,178,5,,
NY,2024,Tompkins County,Lansing 8,122,126,1,249,128,112,1,,
NY,2024,Tompkins County,Newfield 1,462,360,8,830,466,332,5,,
NY,2024,Tompkins County,Newfield 2,407,417,5,829,413,379,4,,
NY,2024,Tompkins County,Newfield 3,457,335,14,806,455,295,11,,
NY,2024,Tompkins County,Town of Ithaca 1,507,130,15,652,498,132,5,,
NY,2024,Tompkins County,Town of Ithaca 10,624,104,11,739,606,95,10,,
NY,2024,Tompkins County,Town of Ithaca 11,755,106,14,875,738,111,10,,
NY,2024,Tompkins County,Town of Ithaca 12,319,57,4,380,305,54,5,,
NY,2024,Tompkins County,Town of Ithaca 13,127,15,0,142,126,14,0,,
NY,2024,Tompkins County,Town of Ithaca 2,376,83,13,472,381,76,4,,
NY,2024,Tompkins County,Town of Ithaca 3,774,102,13,889,757,100,8,,
NY,2024,Tompkins County,Town of Ithaca 4,773,112,15,900,767,106,3,,
NY,2024,Tompkins County,Town of Ithaca 5,613,80,21,714,617,81,6,,
NY,2024,Tompkins County,Town of Ithaca 6,728,89,24,841,730,96,10,,
NY,2024,Tompkins County,Town of Ithaca 7,567,57,7,631,555,63,0,,
NY,2024,Tompkins County,Town of Ithaca 8,657,48,12,717,658,51,5,,
NY,2024,Tompkins County,Town of Ithaca 9,509,66,11,586,511,66,4,,
NY,2024,Tompkins County,Ulysses 1,913,174,15,1102,915,163,3,,
NY,2024,Tompkins County,Ulysses 2,511,233,8,752,520,209,2,,
NY,2024,Tompkins County,Ulysses 3,332,121,7,460,337,111,1,,
NY,2024,Tompkins County,Ulysses 4,662,175,7,844,656,172,6,,
NY,2024,Ulster County,City of Kingston Ward 1-Dist. 1,215,112,0,327,209,104,16,,
NY,2024,Ulster County,City of Kingston Ward 1-Dist. 2,449,266,11,726,475,219,39,,
NY,2024,Ulster County,City of Kingston Ward 1-Dist. 3,304,106,3,413,306,98,9,,
NY,2024,Ulster County,City of Kingston Ward 2-Dist. 1,326,66,16,408,324,62,27,,
NY,2024,Ulster County,City of Kingston Ward 2-Dist. 2,85,44,0,129,86,35,10,,
NY,2024,Ulster County,City of Kingston Ward 2-Dist. 3,161,56,0,217,165,50,3,,
NY,2024,Ulster County,City of Kingston Ward 2-Dist. 4,307,107,12,426,333,86,19,,
NY,2024,Ulster County,City of Kingston Ward 3-Dist. 1,496,196,13,705,505,178,25,,
NY,2024,Ulster County,City of Kingston Ward 3-Dist. 2,296,70,11,377,311,59,8,,
NY,2024,Ulster County,City of Kingston Ward 3-Dist. 3,310,173,10,493,312,161,26,,
NY,2024,Ulster County,City of Kingston Ward 4-Dist. 1,151,26,3,180,156,21,6,,
NY,2024,Ulster County,City of Kingston Ward 4-Dist. 2,423,114,8,545,421,91,39,,
NY,2024,Ulster County,City of Kingston Ward 5-Dist. 1,233,75,12,320,245,66,14,,
NY,2024,Ulster County,City of Kingston Ward 5-Dist. 2,396,184,7,587,411,165,21,,
NY,2024,Ulster County,City of Kingston Ward 5-Dist. 3,146,55,4,205,151,42,12,,
NY,2024,Ulster County,City of Kingston Ward 6-Dist. 2,314,177,7,498,329,131,42,,
NY,2024,Ulster County,City of Kingston Ward 6-Dist. 3,214,79,3,296,229,62,16,,
NY,2024,Ulster County,City of Kingston Ward 6-Dist.1,277,190,11,478,299,163,20,,
NY,2024,Ulster County,City of Kingston Ward 7-Dist. 1,245,155,5,405,261,139,10,,
NY,2024,Ulster County,City of Kingston Ward 7-Dist. 2,350,205,5,560,374,177,16,,
NY,2024,Ulster County,City of Kingston Ward 7-Dist. 3,259,183,10,452,273,155,30,,
NY,2024,Ulster County,City of Kingston Ward 8-Dist. 1,319,56,0,375,330,54,6,,
NY,2024,Ulster County,City of Kingston Ward 8-Dist. 2,208,65,10,283,215,51,21,,
NY,2024,Ulster County,City of Kingston Ward 8-Dist. 3,321,127,6,454,328,112,18,,
NY,2024,Ulster County,City of Kingston Ward 9-Dist. 1,277,136,5,418,287,114,23,,
NY,2024,Ulster County,City of Kingston Ward 9-Dist. 2,540,154,16,710,562,130,30,,
NY,2024,Ulster County,City of Kingston Ward 9-Dist. 3,117,70,3,190,130,52,7,,
NY,2024,Ulster County,Denning District 1,91,79,4,174,97,72,5,,
NY,2024,Ulster County,Denning District 2,54,81,1,136,61,71,8,,
NY,2024,Ulster County,Esopus District 1,519,329,14,862,548,283,34,,
NY,2024,Ulster County,Esopus District 2,280,257,7,544,300,234,14,,
NY,2024,Ulster County,Esopus District 3,568,341,40,949,570,332,50,,
NY,2024,Ulster County,Esopus District 4,330,194,67,591,345,205,43,,
NY,2024,Ulster County,Esopus District 5,349,369,8,726,380,330,24,,
NY,2024,Ulster County,Esopus District 6,401,398,8,807,440,349,21,,
NY,2024,Ulster County,Esopus District 7,393,375,81,849,433,336,88,,
NY,2024,Ulster County,Gardiner District 1,332,204,6,542,334,195,15,,
NY,2024,Ulster County,Gardiner District 2,665,318,16,999,696,290,19,,
NY,2024,Ulster County,Gardiner District 3,744,253,10,1007,750,231,37,,
NY,2024,Ulster County,Gardiner District 4,603,437,19,1059,628,403,35,,
NY,2024,Ulster County,Hardenburgh District 1,17,13,2,32,17,14,1,,
NY,2024,Ulster County,Hardenburgh District 2,27,62,3,92,33,53,9,,
NY,2024,Ulster County,Hurley District 1,304,153,5,462,313,147,6,,
NY,2024,Ulster County,Hurley District 2,280,193,7,480,291,175,17,,
NY,2024,Ulster County,Hurley District 3,346,288,2,636,363,257,18,,
NY,2024,Ulster County,Hurley District 4,308,241,17,566,325,225,17,,
NY,2024,Ulster County,Hurley District 5,417,98,6,521,414,93,18,,
NY,2024,Ulster County,Hurley District 6,209,163,12,384,232,146,8,,
NY,2024,Ulster County,Hurley District 7,458,166,11,635,463,160,20,,
NY,2024,Ulster County,Hurley District 8,296,213,9,518,317,190,14,,
NY,2024,Ulster County,Lloyd District 1,465,396,6,867,480,369,21,,
NY,2024,Ulster County,Lloyd District 2,152,109,2,263,152,107,10,,
NY,2024,Ulster County,Lloyd District 3,814,636,12,1462,841,568,58,,
NY,2024,Ulster County,Lloyd District 4,538,435,13,986,562,397,30,,
NY,2024,Ulster County,Lloyd District 5,711,470,10,1191,735,417,48,,
NY,2024,Ulster County,Lloyd District 6,226,262,6,494,238,236,23,,
NY,2024,Ulster County,Lloyd District 7,477,445,13,935,485,416,36,,
NY,2024,Ulster County,Marbletown District 1,204,68,4,276,206,63,9,,
NY,2024,Ulster County,Marbletown District 2,342,165,7,514,346,146,25,,
NY,2024,Ulster County,Marbletown District 3,260,106,5,371,266,100,8,,
NY,2024,Ulster County,Marbletown District 4,351,169,9,529,367,155,9,,
NY,2024,Ulster County,Marbletown District 5,367,150,8,525,384,128,12,,
NY,2024,Ulster County,Marbletown District 6,457,171,8,636,471,150,16,,
NY,2024,Ulster County,Marbletown District 7,696,331,15,1042,729,290,33,,
NY,2024,Ulster County,Marlborough District 1,353,523,13,889,382,474,32,,
NY,2024,Ulster County,Marlborough District 2,322,328,6,656,341,296,23,,
NY,2024,Ulster County,Marlborough District 3,350,570,18,938,377,524,37,,
NY,2024,Ulster County,Marlborough District 4,429,604,26,1059,464,555,51,,
NY,2024,Ulster County,Marlborough District 5,394,504,16,914,426,455,36,,
NY,2024,Ulster County,Marlborough District 6,195,338,5,538,216,311,21,,
NY,2024,Ulster County,New Paltz District 1,1107,156,21,1284,1108,146,53,,
NY,2024,Ulster County,New Paltz District 10,349,238,11,598,368,206,31,,
NY,2024,Ulster County,New Paltz District 11,252,45,1,298,256,38,7,,
NY,2024,Ulster County,New Paltz District 2,420,122,7,549,413,120,16,,
NY,2024,Ulster County,New Paltz District 3,327,136,0,463,335,118,15,,
NY,2024,Ulster County,New Paltz District 4,929,147,17,1093,924,122,61,,
NY,2024,Ulster County,New Paltz District 5,362,89,4,455,365,86,7,,
NY,2024,Ulster County,New Paltz District 6,604,160,17,781,612,153,21,,
NY,2024,Ulster County,New Paltz District 7,495,201,8,704,509,184,21,,
NY,2024,Ulster County,New Paltz District 8,376,93,3,472,371,84,18,,
NY,2024,Ulster County,New Paltz District 9,967,90,3,1060,926,74,83,,
NY,2024,Ulster County,Olive District 1,482,280,6,768,504,250,24,,
NY,2024,Ulster County,Olive District 2,322,150,8,480,328,140,17,,
NY,2024,Ulster County,Olive District 3,364,228,6,598,382,206,16,,
NY,2024,Ulster County,Olive District 4,341,210,4,555,357,186,25,,
NY,2024,Ulster County,Olive District 5,343,137,6,486,353,127,14,,
NY,2024,Ulster County,Plattekill District 1,413,467,7,887,453,399,36,,
NY,2024,Ulster County,Plattekill District 2,290,302,1,593,302,277,16,,
NY,2024,Ulster County,Plattekill District 3,163,284,3,450,180,251,20,,
NY,2024,Ulster County,Plattekill District 4,398,621,3,1022,425,572,25,,
NY,2024,Ulster County,Plattekill District 5,520,675,8,1203,538,629,41,,
NY,2024,Ulster County,Plattekill District 6,452,639,9,1100,467,600,36,,
NY,2024,Ulster County,Rochester District 1,592,425,21,1038,622,391,30,,
NY,2024,Ulster County,Rochester District 2,487,433,20,940,500,405,36,,
NY,2024,Ulster County,Rochester District 3,500,404,15,919,513,385,24,,
NY,2024,Ulster County,Rochester District 4,439,200,12,651,459,185,17,,
NY,2024,Ulster County,Rochester District 5,445,315,12,772,467,293,22,,
NY,2024,Ulster County,Rosendale District 1,550,202,4,756,571,167,26,,
NY,2024,Ulster County,Rosendale District 2,352,210,11,573,368,192,21,,
NY,2024,Ulster County,Rosendale District 3,359,272,3,634,381,246,14,,
NY,2024,Ulster County,Rosendale District 4,517,265,4,786,546,231,18,,
NY,2024,Ulster County,Rosendale District 5,452,315,6,773,478,278,25,,
NY,2024,Ulster County,Saugerties District 1,173,201,5,379,187,177,18,,
NY,2024,Ulster County,Saugerties District 10,193,186,5,384,207,170,11,,
NY,2024,Ulster County,Saugerties District 11,248,293,9,550,273,264,18,,
NY,2024,Ulster County,Saugerties District 12,500,617,10,1127,541,562,29,,
NY,2024,Ulster County,Saugerties District 13,455,460,12,927,491,418,27,,
NY,2024,Ulster County,Saugerties District 14,479,389,14,882,511,358,21,,
NY,2024,Ulster County,Saugerties District 15,480,382,14,876,496,347,36,,
NY,2024,Ulster County,Saugerties District 2,442,209,6,657,456,180,24,,
NY,2024,Ulster County,Saugerties District 3,274,147,2,423,283,125,19,,
NY,2024,Ulster County,Saugerties District 4,548,299,11,858,565,264,35,,
NY,2024,Ulster County,Saugerties District 5,608,325,13,946,631,301,21,,
NY,2024,Ulster County,Saugerties District 6,453,462,5,920,467,413,44,,
NY,2024,Ulster County,Saugerties District 7,147,138,4,289,160,121,9,,
NY,2024,Ulster County,Saugerties District 8,728,691,13,1432,774,612,50,,
NY,2024,Ulster County,Saugerties District 9,310,183,8,501,323,172,13,,
NY,2024,Ulster County,Shandaken District 1,480,189,15,684,484,188,19,,
NY,2024,Ulster County,Shandaken District 2,161,129,3,293,170,112,12,,
NY,2024,Ulster County,Shandaken District 3,256,140,6,402,270,130,6,,
NY,2024,Ulster County,Shandaken District 4,231,102,4,337,232,101,6,,
NY,2024,Ulster County,Shawangunk District 1,345,490,14,849,367,446,39,,
NY,2024,Ulster County,Shawangunk District 2,447,676,12,1135,484,634,24,,
NY,2024,Ulster County,Shawangunk District 3,291,501,7,799,310,471,18,,
NY,2024,Ulster County,Shawangunk District 4,292,424,4,720,313,387,21,,
NY,2024,Ulster County,Shawangunk District 5,176,416,6,598,180,396,22,,
NY,2024,Ulster County,Shawangunk District 6,286,575,9,870,324,532,19,,
NY,2024,Ulster County,Shawangunk District 7,380,695,0,1075,407,647,26,,
NY,2024,Ulster County,Town of Kingston District 1,273,297,12,582,295,258,31,,
NY,2024,Ulster County,Town of Ulster District 1,303,291,9,603,317,266,22,,
NY,2024,Ulster County,Town of Ulster District 10,303,294,8,605,339,252,17,,
NY,2024,Ulster County,Town of Ulster District 11,258,205,5,468,269,179,21,,
NY,2024,Ulster County,Town of Ulster District 12,279,348,10,637,307,311,23,,
NY,2024,Ulster County,Town of Ulster District 13,462,315,13,790,473,291,26,,
NY,2024,Ulster County,Town of Ulster District 14,202,282,8,492,222,245,24,,
NY,2024,Ulster County,Town of Ulster District 2,371,336,10,717,389,301,34,,
NY,2024,Ulster County,Town of Ulster District 3,143,119,1,263,151,102,9,,
NY,2024,Ulster County,Town of Ulster District 4,157,107,5,269,171,89,14,,
NY,2024,Ulster County,Town of Ulster District 5,176,113,2,291,182,98,11,,
NY,2024,Ulster County,Town of Ulster District 6,143,132,2,277,155,111,11,,
NY,2024,Ulster County,Town of Ulster District 7,199,218,3,420,214,195,12,,
NY,2024,Ulster County,Town of Ulster District 8,178,124,7,309,184,111,15,,
NY,2024,Ulster County,Town of Ulster District 9,267,284,8,559,288,251,21,,
NY,2024,Ulster County,Wawarsing District 1,133,109,1,243,142,90,12,,
NY,2024,Ulster County,Wawarsing District 10,28,45,0,73,31,38,4,,
NY,2024,Ulster County,Wawarsing District 11,281,269,3,553,290,243,22,,
NY,2024,Ulster County,Wawarsing District 12,123,145,1,269,132,131,8,,
NY,2024,Ulster County,Wawarsing District 13,110,146,8,264,123,133,11,,
NY,2024,Ulster County,Wawarsing District 2,325,206,5,536,338,181,23,,
NY,2024,Ulster County,Wawarsing District 3,287,193,7,487,299,175,20,,
NY,2024,Ulster County,Wawarsing District 4,209,124,1,334,213,110,15,,
NY,2024,Ulster County,Wawarsing District 5,116,259,7,382,143,225,17,,
NY,2024,Ulster County,Wawarsing District 6,144,299,8,451,160,255,38,,
NY,2024,Ulster County,Wawarsing District 7,88,153,1,242,102,132,12,,
NY,2024,Ulster County,Wawarsing District 8,320,404,3,727,359,349,21,,
NY,2024,Ulster County,Wawarsing District 9,200,231,3,434,211,211,14,,
NY,2024,Ulster County,Woodstock District 1,599,62,14,675,598,59,23,,
NY,2024,Ulster County,Woodstock District 2,375,72,4,451,369,70,14,,
NY,2024,Ulster County,Woodstock District 3,536,120,13,669,540,113,23,,
NY,2024,Ulster County,Woodstock District 4,297,67,3,367,301,59,13,,
NY,2024,Ulster County,Woodstock District 5,308,44,5,357,318,37,8,,
NY,2024,Ulster County,Woodstock District 6,350,98,1,449,355,90,14,,
NY,2024,Ulster County,Woodstock District 7,459,61,5,525,460,57,18,,
NY,2024,Ulster County,Woodstock District 8,331,41,7,379,335,34,10,,
NY,2024,Ulster County,Woodstock District 9,456,48,6,510,457,43,18,,
NY,2024,Warren County,BOLTON,604,706,7,1330,632,646,1,,
NY,2024,Warren County,CHESTER,714,1171,18,1916,760,1084,9,,
NY,2024,Warren County,CITY OF GLENS FALLS,4009,2715,90,6851,4193,2410,53,,
NY,2024,Warren County,HAGUE,210,213,2,430,217,183,0,,
NY,2024,Warren County,HORICON,368,576,7,960,415,506,5,,
NY,2024,Warren County,JOHNSBURG,571,654,11,1248,605,582,8,,
NY,2024,Warren County,LAKE GEORGE,942,1157,23,2139,986,1073,9,,
NY,2024,Warren County,LAKE LUZERNE,625,1140,17,1787,688,1023,8,,
NY,2024,Warren County,QUEENSBURY,8081,8330,181,16707,8527,7625,57,,
NY,2024,Warren County,STONY CREEK,127,329,0,463,147,276,3,,
NY,2024,Warren County,THURMAN,179,435,4,618,218,345,5,,
NY,2024,Warren County,WARRENSBURG,669,1180,10,1869,774,975,9,,
NY,2024,Wayne County,Town of Arcadia 1 LD 1,251,583,7,841,268,550,3,,
NY,2024,Wayne County,Town of Arcadia 10 LD 1,274,453,2,729,279,425,2,,
NY,2024,Wayne County,Town of Arcadia 2 LD 1,327,486,3,816,336,443,2,,
NY,2024,Wayne County,Town of Arcadia 3 LD 1,195,218,2,415,204,189,3,,
NY,2024,Wayne County,Town of Arcadia 4 LD 1,213,232,2,447,231,203,1,,
NY,2024,Wayne County,Town of Arcadia 5 LD 1,210,272,3,485,229,238,1,,
NY,2024,Wayne County,Town of Arcadia 6 LD 1,368,349,4,721,375,330,2,,
NY,2024,Wayne County,Town of Arcadia 7 LD 1,253,233,6,492,264,217,2,,
NY,2024,Wayne County,Town of Arcadia 8 LD 1,165,190,3,358,171,176,4,,
NY,2024,Wayne County,Town of Arcadia 9 LD 1,190,227,4,421,190,209,1,,
NY,2024,Wayne County,Town of Butler 1 LD 1,169,546,1,716,183,498,2,,
NY,2024,Wayne County,Town of Galen 1 LD 1,143,300,4,447,150,284,0,,
NY,2024,Wayne County,Town of Galen 2 LD 1,138,264,5,407,145,251,1,,
NY,2024,Wayne County,Town of Galen 3 LD 1,162,309,2,473,174,274,2,,
NY,2024,Wayne County,Town of Galen 4 LD 1,173,235,1,409,178,221,0,,
NY,2024,Wayne County,Town of Huron 1 LD 1,211,247,7,465,211,245,0,,
NY,2024,Wayne County,Town of Huron 2 LD 1,197,376,1,574,201,355,0,,
NY,2024,Wayne County,Town of Lyons 1 LD 1,137,286,3,426,145,271,0,,
NY,2024,Wayne County,Town of Lyons 2 LD 1,162,244,1,407,157,220,1,,
NY,2024,Wayne County,Town of Lyons 3 LD 1,205,217,3,425,209,204,1,,
NY,2024,Wayne County,Town of Lyons 4 LD 1,197,250,4,451,219,214,3,,
NY,2024,Wayne County,Town of Lyons 5 LD 1,107,306,5,418,129,271,2,,
NY,2024,Wayne County,Town of Macedon 1 LD 1,435,554,5,994,440,525,4,,
NY,2024,Wayne County,Town of Macedon 2 LD 1,539,718,9,1266,550,674,4,,
NY,2024,Wayne County,Town of Macedon 3 LD 1,437,616,9,1062,452,583,3,,
NY,2024,Wayne County,Town of Macedon 4 LD 1,296,421,6,723,301,414,1,,
NY,2024,Wayne County,Town of Macedon 5 LD 1,298,459,3,760,315,413,4,,
NY,2024,Wayne County,Town of Marion 1 LD 1,189,399,3,591,189,393,5,,
NY,2024,Wayne County,Town of Marion 2 LD 1,152,415,3,570,165,397,5,,
NY,2024,Wayne County,Town of Marion 3 LD 1,217,471,5,693,239,435,3,,
NY,2024,Wayne County,Town of Marion 4 LD 1,184,368,6,558,196,347,2,,
NY,2024,Wayne County,Town of Ontario 1 LD 1,332,576,6,914,339,559,1,,
NY,2024,Wayne County,Town of Ontario 2 LD 1,560,861,11,1432,550,855,4,,
NY,2024,Wayne County,Town of Ontario 3 LD 1,429,707,15,1151,423,701,3,,
NY,2024,Wayne County,Town of Ontario 4 LD 1,191,370,7,568,205,341,2,,
NY,2024,Wayne County,Town of Ontario 5 LD 1,286,450,5,741,293,423,5,,
NY,2024,Wayne County,Town of Ontario 6 LD 1,492,741,21,1254,504,700,6,,
NY,2024,Wayne County,Town of Palmyra 1 LD 1,253,277,3,533,251,267,4,,
NY,2024,Wayne County,Town of Palmyra 2 LD 1,223,261,5,489,232,244,2,,
NY,2024,Wayne County,Town of Palmyra 3 LD 1,182,239,7,428,198,212,3,,
NY,2024,Wayne County,Town of Palmyra 4 LD 1,290,410,7,707,297,384,4,,
NY,2024,Wayne County,Town of Palmyra 5 LD 1,198,478,4,680,218,450,3,,
NY,2024,Wayne County,Town of Palmyra 6 LD 1,200,389,5,594,206,358,4,,
NY,2024,Wayne County,Town of Rose 1 LD 1,167,359,3,529,176,335,4,,
NY,2024,Wayne County,Town of Rose 2 LD 1,162,364,3,529,173,338,1,,
NY,2024,Wayne County,Town of Savannah 1 LD 1,109,231,0,340,112,217,2,,
NY,2024,Wayne County,Town of Savannah 2 LD 1,89,247,0,336,99,223,2,,
NY,2024,Wayne County,Town of Sodus 1 LD 1,220,295,0,515,225,274,1,,
NY,2024,Wayne County,Town of Sodus 2 LD 1,197,408,4,609,206,380,2,,
NY,2024,Wayne County,Town of Sodus 3 LD 1,209,394,4,607,224,361,0,,
NY,2024,Wayne County,Town of Sodus 4 LD 1,213,476,4,693,219,452,2,,
NY,2024,Wayne County,Town of Sodus 5 LD 1,268,303,5,576,281,268,4,,
NY,2024,Wayne County,Town of Sodus 6 LD 1,219,381,2,602,231,360,3,,
NY,2024,Wayne County,Town of Walworth 1 LD 1,271,430,10,711,269,418,3,,
NY,2024,Wayne County,Town of Walworth 2 LD 1,1008,1007,16,2031,998,979,5,,
NY,2024,Wayne County,Town of Walworth 3 LD 1,332,698,6,1036,351,660,1,,
NY,2024,Wayne County,Town of Walworth 4 LD 1,459,496,13,968,461,484,6,,
NY,2024,Wayne County,Town of Walworth 5 LD 1,317,496,4,817,325,483,2,,
NY,2024,Wayne County,Town of Williamson 1 LD 1,201,320,3,524,210,300,2,,
NY,2024,Wayne County,Town of Williamson 2 LD 1,310,497,5,812,318,487,1,,
NY,2024,Wayne County,Town of Williamson 3 LD 1,377,713,8,1098,404,673,6,,
NY,2024,Wayne County,Town of Williamson 4 LD 1,182,378,3,563,202,340,1,,
NY,2024,Wayne County,Town of Williamson 5 LD 1,267,504,10,781,272,489,1,,
NY,2024,Wayne County,Town of Wolcott 1 LD 1,154,294,2,450,155,278,3,,
NY,2024,Wayne County,Town of Wolcott 2 LD 1,55,151,1,207,63,139,0,,
NY,2024,Wayne County,Town of Wolcott 3 LD 1,123,335,6,464,132,320,2,,
NY,2024,Wayne County,Town of Wolcott 4 LD 1,152,371,3,526,173,344,0,,
NY,2024,Westchester County,City of Mount Vernon - 1 200001,302,33,3,338,289,20,2,,
NY,2024,Westchester County,City of Mount Vernon - 10 200010,432,30,8,470,419,25,1,,
NY,2024,Westchester County,City of Mount Vernon - 11 200011,336,37,4,377,315,27,0,,
NY,2024,Westchester County,City of Mount Vernon - 12 200012,427,38,9,474,399,31,4,,
NY,2024,Westchester County,City of Mount Vernon - 13 200013,277,34,4,315,270,26,0,,
NY,2024,Westchester County,City of Mount Vernon - 14 200014,274,45,3,322,245,35,2,,
NY,2024,Westchester County,City of Mount Vernon - 15 200015,428,48,8,484,400,36,0,,
NY,2024,Westchester County,City of Mount Vernon - 16 200016,293,26,1,320,265,21,0,,
NY,2024,Westchester County,City of Mount Vernon - 17 200017,346,31,5,382,325,23,0,,
NY,2024,Westchester County,City of Mount Vernon - 18 200018,314,37,5,356,294,31,1,,
NY,2024,Westchester County,City of Mount Vernon - 19 200019,252,26,7,285,243,16,3,,
NY,2024,Westchester County,City of Mount Vernon - 2 200002,560,50,3,613,534,38,2,,
NY,2024,Westchester County,City of Mount Vernon - 20 200020,638,82,9,729,613,69,2,,
NY,2024,Westchester County,City of Mount Vernon - 21 200021,391,60,5,456,369,45,2,,
NY,2024,Westchester County,City of Mount Vernon - 22 200022,199,39,8,246,180,31,2,,
NY,2024,Westchester County,City of Mount Vernon - 23 200023,189,45,2,236,171,35,1,,
NY,2024,Westchester County,City of Mount Vernon - 24 200024,412,113,3,528,394,85,0,,
NY,2024,Westchester County,City of Mount Vernon - 25 200025,175,35,1,211,171,31,2,,
NY,2024,Westchester County,City of Mount Vernon - 26 200026,195,88,6,289,192,75,1,,
NY,2024,Westchester County,City of Mount Vernon - 27 200027,399,186,5,590,384,148,3,,
NY,2024,Westchester County,City of Mount Vernon - 28 200028,377,87,4,468,368,67,1,,
NY,2024,Westchester County,City of Mount Vernon - 29 200029,497,37,3,537,488,26,2,,
NY,2024,Westchester County,City of Mount Vernon - 3 200003,309,20,9,338,309,15,0,,
NY,2024,Westchester County,City of Mount Vernon - 30 200030,162,33,4,199,159,25,0,,
NY,2024,Westchester County,City of Mount Vernon - 31 200031,173,62,6,241,179,53,1,,
NY,2024,Westchester County,City of Mount Vernon - 32 200032,450,77,12,539,444,65,1,,
NY,2024,Westchester County,City of Mount Vernon - 33 200033,314,160,9,483,307,144,2,,
NY,2024,Westchester County,City of Mount Vernon - 34 200034,248,95,9,352,246,86,2,,
NY,2024,Westchester County,City of Mount Vernon - 35 200035,211,63,8,282,207,63,0,,
NY,2024,Westchester County,City of Mount Vernon - 36 200036,321,52,5,378,313,49,0,,
NY,2024,Westchester County,City of Mount Vernon - 37 200037,313,51,8,372,313,45,1,,
NY,2024,Westchester County,City of Mount Vernon - 38 200038,271,99,3,373,269,94,0,,
NY,2024,Westchester County,City of Mount Vernon - 39 200039,483,140,12,635,485,120,3,,
NY,2024,Westchester County,City of Mount Vernon - 4 200004,347,35,3,385,325,32,1,,
NY,2024,Westchester County,City of Mount Vernon - 40 200040,262,144,8,414,265,128,0,,
NY,2024,Westchester County,City of Mount Vernon - 41 200041,324,75,6,405,321,67,1,,
NY,2024,Westchester County,City of Mount Vernon - 42 200042,433,43,2,478,409,30,1,,
NY,2024,Westchester County,City of Mount Vernon - 43 200043,549,110,7,666,538,91,3,,
NY,2024,Westchester County,City of Mount Vernon - 45 200045,481,89,10,580,478,72,2,,
NY,2024,Westchester County,City of Mount Vernon - 46 200046,349,111,7,467,349,96,4,,
NY,2024,Westchester County,City of Mount Vernon - 47 200047,438,179,12,629,420,182,1,,
NY,2024,Westchester County,City of Mount Vernon - 48 200048,427,194,0,621,420,171,2,,
NY,2024,Westchester County,City of Mount Vernon - 49 200049,317,99,18,434,317,79,7,,
NY,2024,Westchester County,City of Mount Vernon - 5 200005,479,50,4,533,453,41,0,,
NY,2024,Westchester County,City of Mount Vernon - 50 200050,214,83,3,300,215,69,1,,
NY,2024,Westchester County,City of Mount Vernon - 51 200051,130,29,2,161,130,28,1,,
NY,2024,Westchester County,City of Mount Vernon - 52 200052,186,15,2,203,172,13,0,,
NY,2024,Westchester County,City of Mount Vernon - 53 200053,251,116,2,369,253,100,2,,
NY,2024,Westchester County,City of Mount Vernon - 54 200054,139,49,9,197,139,46,1,,
NY,2024,Westchester County,City of Mount Vernon - 56 200056,235,35,2,272,222,32,0,,
NY,2024,Westchester County,City of Mount Vernon - 57 200057,185,35,3,223,181,34,0,,
NY,2024,Westchester County,City of Mount Vernon - 6 200006,455,49,6,510,438,43,1,,
NY,2024,Westchester County,City of Mount Vernon - 61 200061,274,50,5,329,276,43,3,,
NY,2024,Westchester County,City of Mount Vernon - 64 200064,407,65,5,477,385,53,3,,
NY,2024,Westchester County,City of Mount Vernon - 65 200065,266,64,5,335,253,62,2,,
NY,2024,Westchester County,City of Mount Vernon - 67 200067,150,51,1,202,145,44,1,,
NY,2024,Westchester County,City of Mount Vernon - 68 200068,311,23,1,335,301,17,0,,
NY,2024,Westchester County,City of Mount Vernon - 69 200069,285,28,1,314,273,24,3,,
NY,2024,Westchester County,City of Mount Vernon - 7 200007,372,58,7,437,349,45,3,,
NY,2024,Westchester County,City of Mount Vernon - 73 200073,131,27,0,158,131,21,0,,
NY,2024,Westchester County,City of Mount Vernon - 76 200076,298,27,0,325,290,21,0,,
NY,2024,Westchester County,City of Mount Vernon - 8 200008,624,58,6,688,607,48,3,,
NY,2024,Westchester County,City of Mount Vernon - 9 200009,555,44,7,606,535,39,3,,
NY,2024,Westchester County,City of New Rochelle - 1 210001,410,363,7,780,422,341,1,,
NY,2024,Westchester County,City of New Rochelle - 10 210010,254,54,11,319,250,43,9,,
NY,2024,Westchester County,City of New Rochelle - 11 210011,504,199,21,724,494,210,0,,
NY,2024,Westchester County,City of New Rochelle - 12 210012,174,97,5,276,175,85,4,,
NY,2024,Westchester County,City of New Rochelle - 13 210013,409,191,8,608,411,173,2,,
NY,2024,Westchester County,City of New Rochelle - 14 210014,103,33,7,143,105,28,0,,
NY,2024,Westchester County,City of New Rochelle - 15 210015,412,110,4,526,409,91,2,,
NY,2024,Westchester County,City of New Rochelle - 16 210016,195,111,1,307,193,99,0,,
NY,2024,Westchester County,City of New Rochelle - 17 210017,6,1,0,7,6,0,0,,
NY,2024,Westchester County,City of New Rochelle - 18 210018,369,302,10,681,364,269,4,,
NY,2024,Westchester County,City of New Rochelle - 19 210019,583,158,21,762,581,137,6,,
NY,2024,Westchester County,City of New Rochelle - 2 210002,410,118,14,542,400,103,3,,
NY,2024,Westchester County,City of New Rochelle - 21 210021,149,33,0,182,140,26,0,,
NY,2024,Westchester County,City of New Rochelle - 22 210022,302,314,8,624,311,266,3,,
NY,2024,Westchester County,City of New Rochelle - 23 210023,355,192,8,555,338,164,7,,
NY,2024,Westchester County,City of New Rochelle - 24 210024,480,310,5,795,464,269,3,,
NY,2024,Westchester County,City of New Rochelle - 25 210025,900,336,24,1260,894,303,9,,
NY,2024,Westchester County,City of New Rochelle - 26 210026,153,140,2,295,158,121,1,,
NY,2024,Westchester County,City of New Rochelle - 27 210027,120,52,4,176,119,53,1,,
NY,2024,Westchester County,City of New Rochelle - 28 210028,418,157,9,584,401,136,2,,
NY,2024,Westchester County,City of New Rochelle - 29 210029,888,389,26,1303,893,338,5,,
NY,2024,Westchester County,City of New Rochelle - 3 210003,270,224,6,500,273,199,1,,
NY,2024,Westchester County,City of New Rochelle - 30 210030,322,255,37,614,360,218,7,,
NY,2024,Westchester County,City of New Rochelle - 31 210031,451,212,8,671,449,203,3,,
NY,2024,Westchester County,City of New Rochelle - 32 210032,312,234,19,565,353,190,4,,
NY,2024,Westchester County,City of New Rochelle - 33 210033,371,228,23,622,403,187,5,,
NY,2024,Westchester County,City of New Rochelle - 34 210034,205,100,3,308,201,96,0,,
NY,2024,Westchester County,City of New Rochelle - 35 210035,391,271,22,684,437,220,1,,
NY,2024,Westchester County,City of New Rochelle - 36 210036,282,249,14,545,316,210,0,,
NY,2024,Westchester County,City of New Rochelle - 37 210037,330,292,4,626,335,263,0,,
NY,2024,Westchester County,City of New Rochelle - 38 210038,506,200,25,731,520,194,3,,
NY,2024,Westchester County,City of New Rochelle - 39 210039,290,321,25,636,326,285,0,,
NY,2024,Westchester County,City of New Rochelle - 4 210004,48,106,2,156,54,95,1,,
NY,2024,Westchester County,City of New Rochelle - 40 210040,234,223,14,471,245,206,2,,
NY,2024,Westchester County,City of New Rochelle - 41 210041,387,236,20,643,428,194,2,,
NY,2024,Westchester County,City of New Rochelle - 42 210042,350,203,16,569,360,198,0,,
NY,2024,Westchester County,City of New Rochelle - 43 210043,331,175,10,516,344,151,1,,
NY,2024,Westchester County,City of New Rochelle - 44 210044,444,373,14,831,473,331,5,,
NY,2024,Westchester County,City of New Rochelle - 45 210045,89,27,0,116,91,23,0,,
NY,2024,Westchester County,City of New Rochelle - 46 210046,393,368,31,792,409,347,4,,
NY,2024,Westchester County,City of New Rochelle - 47 210047,369,288,22,679,376,274,1,,
NY,2024,Westchester County,City of New Rochelle - 48 210048,338,197,17,552,353,178,0,,
NY,2024,Westchester County,City of New Rochelle - 49 210049,289,56,1,346,277,48,1,,
NY,2024,Westchester County,City of New Rochelle - 5 210005,211,157,2,370,215,133,0,,
NY,2024,Westchester County,City of New Rochelle - 50 210050,60,10,4,74,63,9,0,,
NY,2024,Westchester County,City of New Rochelle - 52 210052,357,159,1,517,359,128,2,,
NY,2024,Westchester County,City of New Rochelle - 53 210053,150,77,4,231,141,75,2,,
NY,2024,Westchester County,City of New Rochelle - 54 210054,335,170,3,508,327,141,3,,
NY,2024,Westchester County,City of New Rochelle - 55 210055,135,24,0,159,128,21,0,,
NY,2024,Westchester County,City of New Rochelle - 57 210057,482,50,17,549,484,42,3,,
NY,2024,Westchester County,City of New Rochelle - 58 210058,345,102,4,451,331,76,3,,
NY,2024,Westchester County,City of New Rochelle - 59 210059,450,100,4,554,432,77,7,,
NY,2024,Westchester County,City of New Rochelle - 6 210006,375,184,14,573,364,136,5,,
NY,2024,Westchester County,City of New Rochelle - 60 210060,433,62,6,501,398,53,5,,
NY,2024,Westchester County,City of New Rochelle - 61 210061,166,92,5,263,165,82,1,,
NY,2024,Westchester County,City of New Rochelle - 63 210063,159,87,5,251,168,72,0,,
NY,2024,Westchester County,City of New Rochelle - 64 210064,181,56,2,239,157,39,0,,
NY,2024,Westchester County,City of New Rochelle - 65 210065,272,131,9,412,271,122,1,,
NY,2024,Westchester County,City of New Rochelle - 67 210067,245,161,11,417,252,146,0,,
NY,2024,Westchester County,City of New Rochelle - 68 210068,246,152,6,404,253,129,5,,
NY,2024,Westchester County,City of New Rochelle - 69 210069,458,341,20,819,453,303,3,,
NY,2024,Westchester County,City of New Rochelle - 7 210007,254,195,6,455,248,182,1,,
NY,2024,Westchester County,City of New Rochelle - 70 210070,115,22,3,140,119,16,0,,
NY,2024,Westchester County,City of New Rochelle - 71 210071,194,154,4,352,202,133,1,,
NY,2024,Westchester County,City of New Rochelle - 72 210072,121,34,4,159,122,31,0,,
NY,2024,Westchester County,City of New Rochelle - 73 210073,341,256,1,598,331,239,0,,
NY,2024,Westchester County,City of New Rochelle - 74 210074,429,302,6,737,426,259,1,,
NY,2024,Westchester County,City of New Rochelle - 75 210075,315,134,3,452,296,114,3,,
NY,2024,Westchester County,City of New Rochelle - 8 210008,84,67,4,155,86,63,0,,
NY,2024,Westchester County,City of New Rochelle - 9 210009,533,143,7,683,531,118,0,,
NY,2024,Westchester County,City of Peekskill - 1 220001,416,109,18,543,402,92,4,,
NY,2024,Westchester County,City of Peekskill - 10 220010,385,181,16,582,385,160,3,,
NY,2024,Westchester County,City of Peekskill - 11 220011,449,180,13,642,456,161,3,,
NY,2024,Westchester County,City of Peekskill - 13 220013,376,233,13,622,379,204,5,,
NY,2024,Westchester County,City of Peekskill - 14 220014,139,79,6,224,138,76,0,,
NY,2024,Westchester County,City of Peekskill - 15 220015,223,106,8,337,217,104,0,,
NY,2024,Westchester County,City of Peekskill - 16 220016,326,159,11,496,336,148,3,,
NY,2024,Westchester County,City of Peekskill - 17 220017,322,85,10,417,317,77,4,,
NY,2024,Westchester County,City of Peekskill - 18 220018,119,54,2,175,116,52,1,,
NY,2024,Westchester County,City of Peekskill - 19 220019,476,225,8,709,469,215,0,,
NY,2024,Westchester County,City of Peekskill - 2 220002,294,111,4,409,282,88,8,,
NY,2024,Westchester County,City of Peekskill - 20 220020,104,74,2,180,109,56,1,,
NY,2024,Westchester County,City of Peekskill - 21 220021,401,142,7,550,387,118,2,,
NY,2024,Westchester County,City of Peekskill - 22 220022,310,138,7,455,308,130,0,,
NY,2024,Westchester County,City of Peekskill - 23 220023,306,148,4,458,312,127,1,,
NY,2024,Westchester County,City of Peekskill - 3 220003,189,83,8,280,191,69,0,,
NY,2024,Westchester County,City of Peekskill - 4 220004,313,107,7,427,312,99,4,,
NY,2024,Westchester County,City of Peekskill - 5 220005,317,152,9,478,322,136,3,,
NY,2024,Westchester County,City of Peekskill - 6 220006,135,33,1,169,133,29,1,,
NY,2024,Westchester County,City of Peekskill - 7 220007,251,155,2,408,247,127,2,,
NY,2024,Westchester County,City of Peekskill - 8 220008,310,93,11,414,311,79,8,,
NY,2024,Westchester County,City of Peekskill - 9 220009,386,130,7,523,392,113,1,,
NY,2024,Westchester County,City of Rye - 1 230001,537,245,23,805,523,253,0,,
NY,2024,Westchester County,City of Rye - 10 230010,382,202,27,611,373,215,1,,
NY,2024,Westchester County,City of Rye - 11 230011,342,225,24,591,338,227,1,,
NY,2024,Westchester County,City of Rye - 12 230012,339,182,27,548,321,203,1,,
NY,2024,Westchester County,City of Rye - 13 230013,428,197,27,652,400,225,0,,
NY,2024,Westchester County,City of Rye - 14 230014,345,250,30,625,337,249,2,,
NY,2024,Westchester County,City of Rye - 2 230002,405,195,21,621,395,197,1,,
NY,2024,Westchester County,City of Rye - 3 230003,340,191,21,552,332,190,0,,
NY,2024,Westchester County,City of Rye - 4 230004,362,240,17,619,338,258,0,,
NY,2024,Westchester County,City of Rye - 5 230005,300,168,32,500,289,191,0,,
NY,2024,Westchester County,City of Rye - 6 230006,375,173,23,571,379,168,2,,
NY,2024,Westchester County,City of Rye - 7 230007,452,271,39,762,444,286,1,,
NY,2024,Westchester County,City of Rye - 8 230008,517,234,43,794,491,256,2,,
NY,2024,Westchester County,City of Rye - 9 230009,595,328,30,953,571,353,1,,
NY,2024,Westchester County,City of White Plains - 1 240001,716,391,19,1126,714,381,1,,
NY,2024,Westchester County,City of White Plains - 10 240010,559,332,16,907,567,319,0,,
NY,2024,Westchester County,City of White Plains - 11 240011,233,171,5,409,236,153,0,,
NY,2024,Westchester County,City of White Plains - 12 240012,481,227,24,732,504,203,3,,
NY,2024,Westchester County,City of White Plains - 13 240013,425,245,17,687,435,233,3,,
NY,2024,Westchester County,City of White Plains - 14 240014,361,227,19,607,360,222,1,,
NY,2024,Westchester County,City of White Plains - 15 240015,402,244,14,660,406,235,1,,
NY,2024,Westchester County,City of White Plains - 16 240016,518,199,18,735,509,190,4,,
NY,2024,Westchester County,City of White Plains - 17 240017,410,104,8,522,396,99,1,,
NY,2024,Westchester County,City of White Plains - 18 240018,492,225,15,732,486,210,3,,
NY,2024,Westchester County,City of White Plains - 19 240019,704,210,10,924,698,187,1,,
NY,2024,Westchester County,City of White Plains - 2 240002,568,386,24,978,582,369,6,,
NY,2024,Westchester County,City of White Plains - 20 240020,661,244,22,927,662,209,8,,
NY,2024,Westchester County,City of White Plains - 21 240021,320,109,10,439,322,99,1,,
NY,2024,Westchester County,City of White Plains - 22 240022,184,109,10,303,185,107,1,,
NY,2024,Westchester County,City of White Plains - 23 240023,368,130,8,506,370,114,4,,
NY,2024,Westchester County,City of White Plains - 24 240024,681,248,14,943,679,229,6,,
NY,2024,Westchester County,City of White Plains - 25 240025,577,206,18,801,566,194,10,,
NY,2024,Westchester County,City of White Plains - 26 240026,275,120,13,408,284,106,1,,
NY,2024,Westchester County,City of White Plains - 27 240027,480,281,9,770,479,258,3,,
NY,2024,Westchester County,City of White Plains - 28 240028,363,157,3,523,361,141,3,,
NY,2024,Westchester County,City of White Plains - 29 240029,421,255,19,695,442,224,4,,
NY,2024,Westchester County,City of White Plains - 3 240003,273,194,12,479,288,167,1,,
NY,2024,Westchester County,City of White Plains - 30 240030,738,296,16,1050,726,278,5,,
NY,2024,Westchester County,City of White Plains - 31 240031,203,62,1,266,197,55,0,,
NY,2024,Westchester County,City of White Plains - 32 240032,117,50,1,168,118,44,1,,
NY,2024,Westchester County,City of White Plains - 33 240033,425,141,7,573,419,121,1,,
NY,2024,Westchester County,City of White Plains - 34 240034,676,322,22,1020,681,289,7,,
NY,2024,Westchester County,City of White Plains - 35 240035,238,119,5,362,233,107,3,,
NY,2024,Westchester County,City of White Plains - 36 240036,437,171,11,619,451,140,5,,
NY,2024,Westchester County,City of White Plains - 37 240037,394,171,14,579,396,155,9,,
NY,2024,Westchester County,City of White Plains - 38 240038,381,105,6,492,367,88,4,,
NY,2024,Westchester County,City of White Plains - 39 240039,425,188,15,628,431,166,1,,
NY,2024,Westchester County,City of White Plains - 4 240004,486,264,11,761,496,235,3,,
NY,2024,Westchester County,City of White Plains - 40 240040,343,114,8,465,330,94,4,,
NY,2024,Westchester County,City of White Plains - 41 240041,678,239,13,930,660,209,5,,
NY,2024,Westchester County,City of White Plains - 42 240042,632,281,23,936,646,253,8,,
NY,2024,Westchester County,City of White Plains - 43 240043,269,122,16,407,275,108,5,,
NY,2024,Westchester County,City of White Plains - 44 240044,98,43,3,144,100,37,1,,
NY,2024,Westchester County,City of White Plains - 46 240046,168,68,6,242,158,60,0,,
NY,2024,Westchester County,City of White Plains - 5 240005,455,220,26,701,475,199,1,,
NY,2024,Westchester County,City of White Plains - 6 240006,355,181,9,545,355,179,0,,
NY,2024,Westchester County,City of White Plains - 7 240007,242,86,0,328,248,78,0,,
NY,2024,Westchester County,City of White Plains - 8 240008,98,34,2,134,89,33,1,,
NY,2024,Westchester County,City of White Plains - 9 240009,305,163,13,481,313,151,0,,
NY,2024,Westchester County,City of Yonkers Ward 1 ED 1 250101,789,152,10,951,757,131,6,,
NY,2024,Westchester County,City of Yonkers Ward 1 ED 10 250110,228,90,1,319,220,72,2,,
NY,2024,Westchester County,City of Yonkers Ward 1 ED 11 250111,443,115,4,562,420,102,1,,
NY,2024,Westchester County,City of Yonkers Ward 1 ED 12 250112,219,61,6,286,202,48,0,,
NY,2024,Westchester County,City of Yonkers Ward 1 ED 18 250118,126,51,1,178,122,44,0,,
NY,2024,Westchester County,City of Yonkers Ward 1 ED 2 250102,174,62,3,239,153,51,1,,
NY,2024,Westchester County,City of Yonkers Ward 1 ED 22 250122,363,126,8,497,365,101,1,,
NY,2024,Westchester County,City of Yonkers Ward 1 ED 26 250126,140,61,2,203,119,38,1,,
NY,2024,Westchester County,City of Yonkers Ward 1 ED 3 250103,82,50,5,137,77,45,2,,
NY,2024,Westchester County,City of Yonkers Ward 1 ED 4 250104,62,21,2,85,61,18,0,,
NY,2024,Westchester County,City of Yonkers Ward 1 ED 5 250105,360,98,9,467,341,81,0,,
NY,2024,Westchester County,City of Yonkers Ward 1 ED 6 250106,146,81,1,228,139,61,0,,
NY,2024,Westchester County,City of Yonkers Ward 1 ED 7 250107,338,79,8,425,325,66,1,,
NY,2024,Westchester County,City of Yonkers Ward 1 ED 8 250108,386,127,3,516,344,95,2,,
NY,2024,Westchester County,City of Yonkers Ward 1 ED 9 250109,189,64,2,255,176,46,0,,
NY,2024,Westchester County,City of Yonkers Ward 10 ED 1 251001,154,129,4,287,156,115,2,,
NY,2024,Westchester County,City of Yonkers Ward 10 ED 10 251010,26,56,3,85,27,48,0,,
NY,2024,Westchester County,City of Yonkers Ward 10 ED 11 251011,336,353,14,703,341,309,7,,
NY,2024,Westchester County,City of Yonkers Ward 10 ED 12 251012,296,183,14,493,303,162,1,,
NY,2024,Westchester County,City of Yonkers Ward 10 ED 13 251013,306,314,12,632,311,279,1,,
NY,2024,Westchester County,City of Yonkers Ward 10 ED 14 251014,268,513,25,806,306,450,4,,
NY,2024,Westchester County,City of Yonkers Ward 10 ED 15 251015,163,93,2,258,161,85,1,,
NY,2024,Westchester County,City of Yonkers Ward 10 ED 16 251016,213,362,16,591,234,322,5,,
NY,2024,Westchester County,City of Yonkers Ward 10 ED 17 251017,153,259,9,421,171,220,4,,
NY,2024,Westchester County,City of Yonkers Ward 10 ED 2 251002,173,100,2,275,160,91,0,,
NY,2024,Westchester County,City of Yonkers Ward 10 ED 20 251020,197,176,4,377,191,173,1,,
NY,2024,Westchester County,City of Yonkers Ward 10 ED 25 251025,57,79,3,139,54,72,3,,
NY,2024,Westchester County,City of Yonkers Ward 10 ED 3 251003,262,277,16,555,276,243,2,,
NY,2024,Westchester County,City of Yonkers Ward 10 ED 4 251004,117,137,6,260,130,111,2,,
NY,2024,Westchester County,City of Yonkers Ward 10 ED 5 251005,95,185,2,282,102,162,1,,
NY,2024,Westchester County,City of Yonkers Ward 10 ED 6 251006,485,181,7,673,475,156,2,,
NY,2024,Westchester County,City of Yonkers Ward 10 ED 7 251007,325,367,8,700,363,311,3,,
NY,2024,Westchester County,City of Yonkers Ward 10 ED 9 251009,298,342,12,652,302,312,7,,
NY,2024,Westchester County,City of Yonkers Ward 11 ED 1 251101,249,243,14,506,260,227,1,,
NY,2024,Westchester County,City of Yonkers Ward 11 ED 10 251110,224,220,12,456,220,223,2,,
NY,2024,Westchester County,City of Yonkers Ward 11 ED 11 251111,263,171,9,443,270,160,3,,
NY,2024,Westchester County,City of Yonkers Ward 11 ED 12 251112,350,146,9,505,352,135,1,,
NY,2024,Westchester County,City of Yonkers Ward 11 ED 13 251113,102,49,1,152,96,48,0,,
NY,2024,Westchester County,City of Yonkers Ward 11 ED 14 251114,242,133,9,384,242,105,0,,
NY,2024,Westchester County,City of Yonkers Ward 11 ED 16 251116,148,61,0,209,141,60,1,,
NY,2024,Westchester County,City of Yonkers Ward 11 ED 17 251117,218,344,13,575,230,312,2,,
NY,2024,Westchester County,City of Yonkers Ward 11 ED 18 251118,149,114,3,266,145,114,0,,
NY,2024,Westchester County,City of Yonkers Ward 11 ED 19 251119,116,175,22,313,122,160,13,,
NY,2024,Westchester County,City of Yonkers Ward 11 ED 2 251102,270,234,5,509,289,205,1,,
NY,2024,Westchester County,City of Yonkers Ward 11 ED 20 251120,124,128,9,261,118,126,6,,
NY,2024,Westchester County,City of Yonkers Ward 11 ED 21 251121,214,83,13,310,206,89,1,,
NY,2024,Westchester County,City of Yonkers Ward 11 ED 3 251103,246,277,10,533,246,267,5,,
NY,2024,Westchester County,City of Yonkers Ward 11 ED 4 251104,338,183,9,530,333,173,1,,
NY,2024,Westchester County,City of Yonkers Ward 11 ED 5 251105,343,324,26,693,342,298,7,,
NY,2024,Westchester County,City of Yonkers Ward 11 ED 6 251106,88,96,3,187,94,88,1,,
NY,2024,Westchester County,City of Yonkers Ward 11 ED 7 251107,204,228,9,441,200,216,1,,
NY,2024,Westchester County,City of Yonkers Ward 11 ED 8 251108,171,203,11,385,176,189,2,,
NY,2024,Westchester County,City of Yonkers Ward 11 ED 9 251109,179,204,3,386,176,183,2,,
NY,2024,Westchester County,City of Yonkers Ward 12 ED 1 251201,176,150,11,337,186,125,3,,
NY,2024,Westchester County,City of Yonkers Ward 12 ED 10 251210,162,145,0,307,164,129,1,,
NY,2024,Westchester County,City of Yonkers Ward 12 ED 11 251211,111,136,11,258,118,123,4,,
NY,2024,Westchester County,City of Yonkers Ward 12 ED 12 251212,72,172,15,259,84,154,2,,
NY,2024,Westchester County,City of Yonkers Ward 12 ED 13 251213,400,286,16,702,409,264,0,,
NY,2024,Westchester County,City of Yonkers Ward 12 ED 15 251215,26,50,0,76,26,45,0,,
NY,2024,Westchester County,City of Yonkers Ward 12 ED 16 251216,221,246,24,491,239,203,6,,
NY,2024,Westchester County,City of Yonkers Ward 12 ED 17 251217,45,70,3,118,43,65,0,,
NY,2024,Westchester County,City of Yonkers Ward 12 ED 18 251218,289,145,6,440,292,113,6,,
NY,2024,Westchester County,City of Yonkers Ward 12 ED 19 251219,106,101,0,207,108,83,0,,
NY,2024,Westchester County,City of Yonkers Ward 12 ED 2 251202,141,105,4,250,142,94,1,,
NY,2024,Westchester County,City of Yonkers Ward 12 ED 20 251220,31,21,1,53,37,13,0,,
NY,2024,Westchester County,City of Yonkers Ward 12 ED 3 251203,116,159,7,282,109,144,4,,
NY,2024,Westchester County,City of Yonkers Ward 12 ED 4 251204,269,149,5,423,274,125,0,,
NY,2024,Westchester County,City of Yonkers Ward 12 ED 5 251205,78,142,4,224,87,116,0,,
NY,2024,Westchester County,City of Yonkers Ward 12 ED 6 251206,478,298,7,783,485,262,4,,
NY,2024,Westchester County,City of Yonkers Ward 12 ED 7 251207,277,195,10,482,279,171,4,,
NY,2024,Westchester County,City of Yonkers Ward 12 ED 8 251208,298,406,10,714,318,338,4,,
NY,2024,Westchester County,City of Yonkers Ward 12 ED 9 251209,193,108,8,309,193,104,2,,
NY,2024,Westchester County,City of Yonkers Ward 2 ED 1 250201,163,224,17,404,173,193,3,,
NY,2024,Westchester County,City of Yonkers Ward 2 ED 10 250210,103,102,6,211,112,86,1,,
NY,2024,Westchester County,City of Yonkers Ward 2 ED 11 250211,418,352,20,790,424,304,5,,
NY,2024,Westchester County,City of Yonkers Ward 2 ED 12 250212,233,362,10,605,250,298,6,,
NY,2024,Westchester County,City of Yonkers Ward 2 ED 13 250213,163,136,9,308,165,119,0,,
NY,2024,Westchester County,City of Yonkers Ward 2 ED 16 250216,94,170,1,265,104,146,2,,
NY,2024,Westchester County,City of Yonkers Ward 2 ED 18 250218,127,53,3,183,127,46,0,,
NY,2024,Westchester County,City of Yonkers Ward 2 ED 2 250202,246,302,7,555,256,258,1,,
NY,2024,Westchester County,City of Yonkers Ward 2 ED 26 250226,116,66,5,187,119,57,1,,
NY,2024,Westchester County,City of Yonkers Ward 2 ED 3 250203,267,337,7,611,282,286,3,,
NY,2024,Westchester County,City of Yonkers Ward 2 ED 4 250204,86,174,5,265,93,163,2,,
NY,2024,Westchester County,City of Yonkers Ward 2 ED 5 250205,153,320,5,478,165,280,3,,
NY,2024,Westchester County,City of Yonkers Ward 2 ED 6 250206,160,166,1,327,166,139,3,,
NY,2024,Westchester County,City of Yonkers Ward 2 ED 7 250207,207,135,7,349,207,113,1,,
NY,2024,Westchester County,City of Yonkers Ward 2 ED 8 250208,327,344,19,690,336,299,5,,
NY,2024,Westchester County,City of Yonkers Ward 2 ED 9 250209,191,208,13,412,203,181,7,,
NY,2024,Westchester County,City of Yonkers Ward 3 ED 1 250301,193,108,6,307,198,94,2,,
NY,2024,Westchester County,City of Yonkers Ward 3 ED 10 250310,84,88,0,172,83,75,0,,
NY,2024,Westchester County,City of Yonkers Ward 3 ED 11 250311,156,60,7,223,152,58,0,,
NY,2024,Westchester County,City of Yonkers Ward 3 ED 12 250312,171,51,7,229,163,46,0,,
NY,2024,Westchester County,City of Yonkers Ward 3 ED 15 250315,633,142,16,791,645,125,2,,
NY,2024,Westchester County,City of Yonkers Ward 3 ED 16 250316,308,119,9,436,319,99,2,,
NY,2024,Westchester County,City of Yonkers Ward 3 ED 17 250317,165,80,1,246,163,74,1,,
NY,2024,Westchester County,City of Yonkers Ward 3 ED 19 250319,97,55,6,158,98,51,1,,
NY,2024,Westchester County,City of Yonkers Ward 3 ED 20 250320,380,382,16,778,409,328,8,,
NY,2024,Westchester County,City of Yonkers Ward 3 ED 21 250321,172,173,5,350,170,160,1,,
NY,2024,Westchester County,City of Yonkers Ward 3 ED 23 250323,88,37,3,128,87,33,1,,
NY,2024,Westchester County,City of Yonkers Ward 3 ED 24 250324,86,46,4,136,84,38,0,,
NY,2024,Westchester County,City of Yonkers Ward 3 ED 25 250325,248,193,10,451,247,176,4,,
NY,2024,Westchester County,City of Yonkers Ward 3 ED 28 250328,356,67,3,426,350,54,3,,
NY,2024,Westchester County,City of Yonkers Ward 3 ED 3 250303,248,72,4,324,237,59,4,,
NY,2024,Westchester County,City of Yonkers Ward 3 ED 4 250304,397,212,8,617,390,187,2,,
NY,2024,Westchester County,City of Yonkers Ward 3 ED 5 250305,29,25,1,55,29,20,0,,
NY,2024,Westchester County,City of Yonkers Ward 3 ED 7 250307,483,83,6,572,460,69,3,,
NY,2024,Westchester County,City of Yonkers Ward 3 ED 8 250308,354,84,8,446,346,66,8,,
NY,2024,Westchester County,City of Yonkers Ward 4 ED 1 250401,357,108,8,473,330,92,2,,
NY,2024,Westchester County,City of Yonkers Ward 4 ED 10 250410,130,86,1,217,134,70,0,,
NY,2024,Westchester County,City of Yonkers Ward 4 ED 11 250411,148,102,6,256,147,91,3,,
NY,2024,Westchester County,City of Yonkers Ward 4 ED 12 250412,96,38,0,134,96,35,1,,
NY,2024,Westchester County,City of Yonkers Ward 4 ED 15 250415,231,103,3,337,222,79,0,,
NY,2024,Westchester County,City of Yonkers Ward 4 ED 16 250416,110,80,7,197,122,60,0,,
NY,2024,Westchester County,City of Yonkers Ward 4 ED 17 250417,91,58,0,149,94,42,1,,
NY,2024,Westchester County,City of Yonkers Ward 4 ED 18 250418,106,65,4,175,104,59,0,,
NY,2024,Westchester County,City of Yonkers Ward 4 ED 19 250419,142,95,5,242,136,76,1,,
NY,2024,Westchester County,City of Yonkers Ward 4 ED 2 250402,254,101,3,358,256,78,1,,
NY,2024,Westchester County,City of Yonkers Ward 4 ED 3 250403,378,172,6,556,372,154,2,,
NY,2024,Westchester County,City of Yonkers Ward 4 ED 4 250404,122,93,1,216,127,65,2,,
NY,2024,Westchester County,City of Yonkers Ward 4 ED 5 250405,266,85,14,365,270,78,2,,
NY,2024,Westchester County,City of Yonkers Ward 4 ED 6 250406,242,112,3,357,229,78,5,,
NY,2024,Westchester County,City of Yonkers Ward 4 ED 7 250407,378,174,8,560,362,137,7,,
NY,2024,Westchester County,City of Yonkers Ward 4 ED 8 250408,368,210,15,593,357,178,7,,
NY,2024,Westchester County,City of Yonkers Ward 4 ED 9 250409,128,69,2,199,114,56,0,,
NY,2024,Westchester County,City of Yonkers Ward 5 ED 1 250501,138,182,5,325,146,169,0,,
NY,2024,Westchester County,City of Yonkers Ward 5 ED 10 250510,124,144,12,280,136,121,4,,
NY,2024,Westchester County,City of Yonkers Ward 5 ED 11 250511,72,91,4,167,79,77,0,,
NY,2024,Westchester County,City of Yonkers Ward 5 ED 12 250512,178,236,9,423,174,237,1,,
NY,2024,Westchester County,City of Yonkers Ward 5 ED 13 250513,128,66,6,200,121,59,4,,
NY,2024,Westchester County,City of Yonkers Ward 5 ED 14 250514,164,185,10,359,165,178,2,,
NY,2024,Westchester County,City of Yonkers Ward 5 ED 15 250515,254,132,10,396,248,115,1,,
NY,2024,Westchester County,City of Yonkers Ward 5 ED 16 250516,163,164,7,334,161,152,5,,
NY,2024,Westchester County,City of Yonkers Ward 5 ED 17 250517,166,250,10,426,183,225,5,,
NY,2024,Westchester County,City of Yonkers Ward 5 ED 18 250518,306,221,11,538,308,193,5,,
NY,2024,Westchester County,City of Yonkers Ward 5 ED 19 250519,127,204,9,340,129,187,4,,
NY,2024,Westchester County,City of Yonkers Ward 5 ED 2 250502,50,81,16,147,51,79,7,,
NY,2024,Westchester County,City of Yonkers Ward 5 ED 20 250520,189,281,13,483,194,261,0,,
NY,2024,Westchester County,City of Yonkers Ward 5 ED 22 250522,113,123,0,236,121,106,1,,
NY,2024,Westchester County,City of Yonkers Ward 5 ED 23 250523,34,164,1,199,45,145,0,,
NY,2024,Westchester County,City of Yonkers Ward 5 ED 24 250524,78,52,1,131,79,50,0,,
NY,2024,Westchester County,City of Yonkers Ward 5 ED 3 250503,130,147,11,288,136,135,2,,
NY,2024,Westchester County,City of Yonkers Ward 5 ED 4 250504,127,275,24,426,143,248,1,,
NY,2024,Westchester County,City of Yonkers Ward 5 ED 5 250505,88,206,3,297,92,196,1,,
NY,2024,Westchester County,City of Yonkers Ward 5 ED 6 250506,186,230,9,425,186,226,2,,
NY,2024,Westchester County,City of Yonkers Ward 5 ED 7 250507,169,162,7,338,177,137,0,,
NY,2024,Westchester County,City of Yonkers Ward 5 ED 8 250508,219,268,23,510,228,248,6,,
NY,2024,Westchester County,City of Yonkers Ward 5 ED 9 250509,224,147,9,380,236,123,3,,
NY,2024,Westchester County,City of Yonkers Ward 6 ED 1 250601,166,78,3,247,167,64,1,,
NY,2024,Westchester County,City of Yonkers Ward 6 ED 10 250610,264,336,11,611,291,280,2,,
NY,2024,Westchester County,City of Yonkers Ward 6 ED 11 250611,112,105,2,219,116,96,0,,
NY,2024,Westchester County,City of Yonkers Ward 6 ED 12 250612,146,133,4,283,153,116,0,,
NY,2024,Westchester County,City of Yonkers Ward 6 ED 13 250613,76,31,3,110,77,23,0,,
NY,2024,Westchester County,City of Yonkers Ward 6 ED 14 250614,98,94,2,194,100,79,0,,
NY,2024,Westchester County,City of Yonkers Ward 6 ED 15 250615,189,189,12,390,197,162,5,,
NY,2024,Westchester County,City of Yonkers Ward 6 ED 16 250616,131,169,3,303,142,135,1,,
NY,2024,Westchester County,City of Yonkers Ward 6 ED 17 250617,113,33,3,149,92,27,0,,
NY,2024,Westchester County,City of Yonkers Ward 6 ED 18 250618,134,132,0,266,145,101,1,,
NY,2024,Westchester County,City of Yonkers Ward 6 ED 2 250602,59,21,4,84,52,15,2,,
NY,2024,Westchester County,City of Yonkers Ward 6 ED 20 250620,99,41,1,141,95,39,0,,
NY,2024,Westchester County,City of Yonkers Ward 6 ED 22 250622,112,49,1,162,111,34,0,,
NY,2024,Westchester County,City of Yonkers Ward 6 ED 24 250624,12,44,0,56,15,40,0,,
NY,2024,Westchester County,City of Yonkers Ward 6 ED 28 250628,122,65,2,189,120,54,0,,
NY,2024,Westchester County,City of Yonkers Ward 6 ED 3 250603,160,76,1,237,158,59,0,,
NY,2024,Westchester County,City of Yonkers Ward 6 ED 32 250632,60,47,0,107,62,41,0,,
NY,2024,Westchester County,City of Yonkers Ward 6 ED 33 250633,78,78,2,158,87,60,0,,
NY,2024,Westchester County,City of Yonkers Ward 6 ED 4 250604,74,60,2,136,75,49,1,,
NY,2024,Westchester County,City of Yonkers Ward 6 ED 6 250606,322,239,9,570,321,203,4,,
NY,2024,Westchester County,City of Yonkers Ward 6 ED 7 250607,198,231,7,436,206,203,2,,
NY,2024,Westchester County,City of Yonkers Ward 6 ED 8 250608,98,86,3,187,104,70,1,,
NY,2024,Westchester County,City of Yonkers Ward 6 ED 9 250609,78,99,0,177,80,87,0,,
NY,2024,Westchester County,City of Yonkers Ward 7 ED 1 250701,84,47,7,138,80,43,1,,
NY,2024,Westchester County,City of Yonkers Ward 7 ED 11 250711,21,12,0,33,21,10,0,,
NY,2024,Westchester County,City of Yonkers Ward 7 ED 13 250713,185,132,10,327,188,107,10,,
NY,2024,Westchester County,City of Yonkers Ward 7 ED 14 250714,137,160,11,308,131,134,1,,
NY,2024,Westchester County,City of Yonkers Ward 7 ED 15 250715,116,110,2,228,120,87,1,,
NY,2024,Westchester County,City of Yonkers Ward 7 ED 16 250716,44,43,0,87,44,35,1,,
NY,2024,Westchester County,City of Yonkers Ward 7 ED 17 250717,235,94,6,335,192,61,2,,
NY,2024,Westchester County,City of Yonkers Ward 7 ED 19 250719,91,67,0,158,97,53,0,,
NY,2024,Westchester County,City of Yonkers Ward 7 ED 2 250702,127,78,4,209,125,61,3,,
NY,2024,Westchester County,City of Yonkers Ward 7 ED 20 250720,120,101,1,222,125,85,1,,
NY,2024,Westchester County,City of Yonkers Ward 7 ED 21 250721,57,39,1,97,54,35,0,,
NY,2024,Westchester County,City of Yonkers Ward 7 ED 25 250725,137,34,1,172,126,27,1,,
NY,2024,Westchester County,City of Yonkers Ward 7 ED 26 250726,111,79,3,193,115,59,0,,
NY,2024,Westchester County,City of Yonkers Ward 7 ED 29 250729,67,36,2,105,59,31,0,,
NY,2024,Westchester County,City of Yonkers Ward 7 ED 3 250703,167,60,12,239,160,44,1,,
NY,2024,Westchester County,City of Yonkers Ward 7 ED 30 250730,72,67,0,139,69,61,1,,
NY,2024,Westchester County,City of Yonkers Ward 7 ED 31 250731,67,77,2,146,77,60,0,,
NY,2024,Westchester County,City of Yonkers Ward 7 ED 4 250704,238,269,6,513,234,238,4,,
NY,2024,Westchester County,City of Yonkers Ward 7 ED 5 250705,80,47,1,128,70,40,1,,
NY,2024,Westchester County,City of Yonkers Ward 7 ED 6 250706,74,45,3,122,65,31,5,,
NY,2024,Westchester County,City of Yonkers Ward 7 ED 7 250707,58,39,0,97,65,29,1,,
NY,2024,Westchester County,City of Yonkers Ward 7 ED 8 250708,149,95,4,248,156,68,0,,
NY,2024,Westchester County,City of Yonkers Ward 7 ED 9 250709,315,127,4,446,301,86,2,,
NY,2024,Westchester County,City of Yonkers Ward 8 ED 1 250801,105,77,6,188,105,64,4,,
NY,2024,Westchester County,City of Yonkers Ward 8 ED 10 250810,286,152,1,439,279,122,4,,
NY,2024,Westchester County,City of Yonkers Ward 8 ED 12 250812,198,99,0,297,198,71,0,,
NY,2024,Westchester County,City of Yonkers Ward 8 ED 13 250813,94,55,6,155,98,45,4,,
NY,2024,Westchester County,City of Yonkers Ward 8 ED 15 250815,153,74,4,231,154,62,1,,
NY,2024,Westchester County,City of Yonkers Ward 8 ED 2 250802,185,152,7,344,188,127,1,,
NY,2024,Westchester County,City of Yonkers Ward 8 ED 23 250823,59,38,3,100,56,30,0,,
NY,2024,Westchester County,City of Yonkers Ward 8 ED 26 250826,87,59,1,147,87,49,1,,
NY,2024,Westchester County,City of Yonkers Ward 8 ED 28 250828,78,34,3,115,70,29,1,,
NY,2024,Westchester County,City of Yonkers Ward 8 ED 3 250803,205,90,7,302,187,80,5,,
NY,2024,Westchester County,City of Yonkers Ward 8 ED 5 250805,186,92,11,289,191,75,6,,
NY,2024,Westchester County,City of Yonkers Ward 8 ED 6 250806,253,181,8,442,261,148,5,,
NY,2024,Westchester County,City of Yonkers Ward 8 ED 7 250807,249,158,10,417,243,136,1,,
NY,2024,Westchester County,City of Yonkers Ward 8 ED 9 250809,174,105,3,282,183,77,3,,
NY,2024,Westchester County,City of Yonkers Ward 9 ED 1 250901,333,258,17,608,344,226,3,,
NY,2024,Westchester County,City of Yonkers Ward 9 ED 10 250910,198,335,4,537,210,291,1,,
NY,2024,Westchester County,City of Yonkers Ward 9 ED 11 250911,205,307,10,522,215,268,7,,
NY,2024,Westchester County,City of Yonkers Ward 9 ED 12 250912,113,154,11,278,117,142,1,,
NY,2024,Westchester County,City of Yonkers Ward 9 ED 13 250913,140,77,4,221,144,66,1,,
NY,2024,Westchester County,City of Yonkers Ward 9 ED 15 250915,185,371,10,566,220,302,4,,
NY,2024,Westchester County,City of Yonkers Ward 9 ED 16 250916,186,268,5,459,189,231,2,,
NY,2024,Westchester County,City of Yonkers Ward 9 ED 17 250917,109,75,5,189,102,70,1,,
NY,2024,Westchester County,City of Yonkers Ward 9 ED 2 250902,147,100,7,254,144,83,6,,
NY,2024,Westchester County,City of Yonkers Ward 9 ED 3 250903,156,218,9,383,173,187,6,,
NY,2024,Westchester County,City of Yonkers Ward 9 ED 4 250904,69,98,2,169,70,84,1,,
NY,2024,Westchester County,City of Yonkers Ward 9 ED 5 250905,94,158,7,259,99,134,1,,
NY,2024,Westchester County,City of Yonkers Ward 9 ED 6 250906,49,69,2,120,51,63,1,,
NY,2024,Westchester County,City of Yonkers Ward 9 ED 7 250907,409,265,6,680,412,226,2,,
NY,2024,Westchester County,City of Yonkers Ward 9 ED 8 250908,141,123,1,265,136,111,1,,
NY,2024,Westchester County,City of Yonkers Ward 9 ED 9 250909,284,337,4,625,281,299,4,,
NY,2024,Westchester County,Town of Bedford - 1 10001,235,110,7,352,229,115,0,,
NY,2024,Westchester County,Town of Bedford - 10 10010,452,245,14,711,435,254,1,,
NY,2024,Westchester County,Town of Bedford - 11 10011,354,155,5,514,346,158,1,,
NY,2024,Westchester County,Town of Bedford - 12 10012,395,213,7,615,386,225,0,,
NY,2024,Westchester County,Town of Bedford - 13 10013,374,149,10,533,365,157,3,,
NY,2024,Westchester County,Town of Bedford - 14 10014,448,201,8,657,459,186,0,,
NY,2024,Westchester County,Town of Bedford - 15 10015,362,126,4,492,358,130,0,,
NY,2024,Westchester County,Town of Bedford - 16 10016,442,185,9,636,441,179,0,,
NY,2024,Westchester County,Town of Bedford - 17 10017,246,111,6,363,246,101,0,,
NY,2024,Westchester County,Town of Bedford - 18 10018,148,105,20,273,151,73,0,,
NY,2024,Westchester County,Town of Bedford - 2 10002,311,117,5,433,306,121,0,,
NY,2024,Westchester County,Town of Bedford - 3 10003,429,218,12,659,439,201,2,,
NY,2024,Westchester County,Town of Bedford - 4 10004,394,224,5,623,386,218,1,,
NY,2024,Westchester County,Town of Bedford - 5 10005,357,215,7,579,345,201,2,,
NY,2024,Westchester County,Town of Bedford - 6 10006,327,126,4,457,334,118,0,,
NY,2024,Westchester County,Town of Bedford - 7 10007,85,44,3,132,84,45,0,,
NY,2024,Westchester County,Town of Bedford - 8 10008,599,179,8,786,601,159,1,,
NY,2024,Westchester County,Town of Bedford - 9 10009,416,192,7,615,410,174,4,,
NY,2024,Westchester County,Town of Cortlandt - 1 20001,292,394,11,697,302,358,0,,
NY,2024,Westchester County,Town of Cortlandt - 10 20010,557,214,25,796,565,196,4,,
NY,2024,Westchester County,Town of Cortlandt - 11 20011,91,77,1,169,97,68,0,,
NY,2024,Westchester County,Town of Cortlandt - 12 20012,345,259,9,613,349,234,5,,
NY,2024,Westchester County,Town of Cortlandt - 13 20013,635,591,18,1244,664,534,6,,
NY,2024,Westchester County,Town of Cortlandt - 14 20014,448,304,8,760,455,273,3,,
NY,2024,Westchester County,Town of Cortlandt - 15 20015,607,425,25,1057,633,388,5,,
NY,2024,Westchester County,Town of Cortlandt - 16 20016,178,249,9,436,185,226,0,,
NY,2024,Westchester County,Town of Cortlandt - 17 20017,634,337,37,1008,632,336,3,,
NY,2024,Westchester County,Town of Cortlandt - 18 20018,292,219,11,522,306,198,2,,
NY,2024,Westchester County,Town of Cortlandt - 19 20019,194,64,7,265,195,62,0,,
NY,2024,Westchester County,Town of Cortlandt - 2 20002,193,265,9,467,201,237,1,,
NY,2024,Westchester County,Town of Cortlandt - 20 20020,304,325,8,637,312,295,2,,
NY,2024,Westchester County,Town of Cortlandt - 21 20021,422,474,19,915,444,423,7,,
NY,2024,Westchester County,Town of Cortlandt - 22 20022,746,347,38,1131,764,332,1,,
NY,2024,Westchester County,Town of Cortlandt - 23 20023,427,246,21,694,412,218,5,,
NY,2024,Westchester County,Town of Cortlandt - 24 20024,399,375,21,795,404,352,2,,
NY,2024,Westchester County,Town of Cortlandt - 25 20025,620,188,25,833,622,170,5,,
NY,2024,Westchester County,Town of Cortlandt - 26 20026,274,306,22,602,292,277,1,,
NY,2024,Westchester County,Town of Cortlandt - 27 20027,332,440,14,786,348,401,3,,
NY,2024,Westchester County,Town of Cortlandt - 28 20028,703,563,41,1307,745,499,11,,
NY,2024,Westchester County,Town of Cortlandt - 29 20029,194,49,7,250,190,54,0,,
NY,2024,Westchester County,Town of Cortlandt - 3 20003,121,167,1,289,124,147,2,,
NY,2024,Westchester County,Town of Cortlandt - 30 20030,372,228,9,609,361,209,4,,
NY,2024,Westchester County,Town of Cortlandt - 31 20031,331,174,9,514,330,162,5,,
NY,2024,Westchester County,Town of Cortlandt - 32 20032,287,84,15,386,286,91,3,,
NY,2024,Westchester County,Town of Cortlandt - 33 20033,348,154,9,511,350,145,1,,
NY,2024,Westchester County,Town of Cortlandt - 34 20034,459,374,11,844,474,325,2,,
NY,2024,Westchester County,Town of Cortlandt - 35 20035,242,215,8,465,232,211,4,,
NY,2024,Westchester County,Town of Cortlandt - 39 20039,515,244,11,770,525,214,3,,
NY,2024,Westchester County,Town of Cortlandt - 4 20004,313,301,12,626,316,269,4,,
NY,2024,Westchester County,Town of Cortlandt - 5 20005,389,230,21,640,395,200,4,,
NY,2024,Westchester County,Town of Cortlandt - 6 20006,550,107,12,669,544,101,3,,
NY,2024,Westchester County,Town of Cortlandt - 7 20007,332,101,14,447,333,97,1,,
NY,2024,Westchester County,Town of Cortlandt - 8 20008,412,142,10,564,412,142,2,,
NY,2024,Westchester County,Town of Cortlandt - 9 20009,344,124,9,477,346,116,2,,
NY,2024,Westchester County,Town of Eastchester - 1 30001,463,187,13,663,468,180,0,,
NY,2024,Westchester County,Town of Eastchester - 10 30010,295,254,16,565,296,247,3,,
NY,2024,Westchester County,Town of Eastchester - 11 30011,177,112,4,293,174,103,2,,
NY,2024,Westchester County,Town of Eastchester - 12 30012,247,158,8,413,250,146,0,,
NY,2024,Westchester County,Town of Eastchester - 13 30013,420,389,16,825,418,368,1,,
NY,2024,Westchester County,Town of Eastchester - 14 30014,352,171,12,535,353,159,0,,
NY,2024,Westchester County,Town of Eastchester - 15 30015,296,388,10,694,285,390,1,,
NY,2024,Westchester County,Town of Eastchester - 16 30016,412,200,18,630,384,235,0,,
NY,2024,Westchester County,Town of Eastchester - 17 30017,364,181,23,568,352,206,0,,
NY,2024,Westchester County,Town of Eastchester - 18 30018,240,108,15,363,224,124,3,,
NY,2024,Westchester County,Town of Eastchester - 19 30019,307,135,11,453,282,159,1,,
NY,2024,Westchester County,Town of Eastchester - 2 30002,176,112,7,295,180,104,0,,
NY,2024,Westchester County,Town of Eastchester - 20 30020,446,245,22,713,430,261,5,,
NY,2024,Westchester County,Town of Eastchester - 21 30021,237,146,12,395,232,146,0,,
NY,2024,Westchester County,Town of Eastchester - 22 30022,382,227,19,628,395,221,4,,
NY,2024,Westchester County,Town of Eastchester - 23 30023,352,297,23,672,346,305,2,,
NY,2024,Westchester County,Town of Eastchester - 24 30024,128,187,2,317,130,166,2,,
NY,2024,Westchester County,Town of Eastchester - 25 30025,172,372,6,550,184,348,0,,
NY,2024,Westchester County,Town of Eastchester - 26 30026,160,325,13,498,155,313,0,,
NY,2024,Westchester County,Town of Eastchester - 27 30027,287,166,16,469,299,154,2,,
NY,2024,Westchester County,Town of Eastchester - 28 30028,212,248,10,470,215,231,0,,
NY,2024,Westchester County,Town of Eastchester - 29 30029,218,415,9,642,224,393,2,,
NY,2024,Westchester County,Town of Eastchester - 3 30003,249,292,5,546,251,284,2,,
NY,2024,Westchester County,Town of Eastchester - 30 30030,216,303,9,528,221,291,0,,
NY,2024,Westchester County,Town of Eastchester - 31 30031,207,143,5,355,206,135,2,,
NY,2024,Westchester County,Town of Eastchester - 32 30032,246,201,15,462,249,198,0,,
NY,2024,Westchester County,Town of Eastchester - 33 30033,301,163,8,472,294,162,0,,
NY,2024,Westchester County,Town of Eastchester - 34 30034,217,108,7,332,226,101,0,,
NY,2024,Westchester County,Town of Eastchester - 35 30035,143,196,9,348,150,181,0,,
NY,2024,Westchester County,Town of Eastchester - 36 30036,136,286,5,427,137,278,3,,
NY,2024,Westchester County,Town of Eastchester - 37 30037,152,214,12,378,152,214,2,,
NY,2024,Westchester County,Town of Eastchester - 38 30038,140,300,11,451,133,297,2,,
NY,2024,Westchester County,Town of Eastchester - 39 30039,137,295,12,444,139,288,2,,
NY,2024,Westchester County,Town of Eastchester - 4 30004,286,359,16,661,293,350,0,,
NY,2024,Westchester County,Town of Eastchester - 5 30005,224,327,14,565,227,310,0,,
NY,2024,Westchester County,Town of Eastchester - 6 30006,109,174,5,288,119,155,1,,
NY,2024,Westchester County,Town of Eastchester - 7 30007,132,211,9,352,135,205,1,,
NY,2024,Westchester County,Town of Eastchester - 8 30008,173,265,13,451,182,245,3,,
NY,2024,Westchester County,Town of Eastchester - 9 30009,156,239,5,400,155,219,2,,
NY,2024,Westchester County,Town of Greenburgh - 1 40001,828,276,22,1126,817,251,7,,
NY,2024,Westchester County,Town of Greenburgh - 10 40010,543,253,18,814,536,243,2,,
NY,2024,Westchester County,Town of Greenburgh - 11 40011,292,65,11,368,288,73,0,,
NY,2024,Westchester County,Town of Greenburgh - 12 40012,358,212,14,584,357,203,4,,
NY,2024,Westchester County,Town of Greenburgh - 13 40013,774,323,14,1111,772,299,7,,
NY,2024,Westchester County,Town of Greenburgh - 14 40014,464,82,13,559,459,84,0,,
NY,2024,Westchester County,Town of Greenburgh - 15 40015,499,68,10,577,492,72,4,,
NY,2024,Westchester County,Town of Greenburgh - 16 40016,482,198,2,682,474,184,0,,
NY,2024,Westchester County,Town of Greenburgh - 17 40017,428,220,8,656,416,218,1,,
NY,2024,Westchester County,Town of Greenburgh - 18 40018,612,142,17,771,603,134,11,,
NY,2024,Westchester County,Town of Greenburgh - 19 40019,584,79,13,676,585,75,4,,
NY,2024,Westchester County,Town of Greenburgh - 2 40002,327,126,17,470,323,112,7,,
NY,2024,Westchester County,Town of Greenburgh - 20 40020,456,107,13,576,452,99,0,,
NY,2024,Westchester County,Town of Greenburgh - 21 40021,345,78,6,429,342,74,0,,
NY,2024,Westchester County,Town of Greenburgh - 22 40022,321,87,9,417,321,82,2,,
NY,2024,Westchester County,Town of Greenburgh - 23 40023,837,77,21,935,842,76,1,,
NY,2024,Westchester County,Town of Greenburgh - 24 40024,572,235,14,821,569,217,1,,
NY,2024,Westchester County,Town of Greenburgh - 25 40025,497,212,23,732,497,201,4,,
NY,2024,Westchester County,Town of Greenburgh - 26 40026,555,271,8,834,540,245,1,,
NY,2024,Westchester County,Town of Greenburgh - 27 40027,421,280,10,711,403,256,5,,
NY,2024,Westchester County,Town of Greenburgh - 28 40028,235,136,4,375,233,105,1,,
NY,2024,Westchester County,Town of Greenburgh - 29 40029,484,152,10,646,484,144,3,,
NY,2024,Westchester County,Town of Greenburgh - 3 40003,671,176,28,875,666,163,1,,
NY,2024,Westchester County,Town of Greenburgh - 30 40030,583,276,20,879,588,247,1,,
NY,2024,Westchester County,Town of Greenburgh - 31 40031,694,300,23,1017,703,277,5,,
NY,2024,Westchester County,Town of Greenburgh - 32 40032,342,137,13,492,343,131,2,,
NY,2024,Westchester County,Town of Greenburgh - 33 40033,608,242,25,875,606,229,6,,
NY,2024,Westchester County,Town of Greenburgh - 34 40034,673,205,15,893,644,215,2,,
NY,2024,Westchester County,Town of Greenburgh - 35 40035,500,132,21,653,490,142,5,,
NY,2024,Westchester County,Town of Greenburgh - 36 40036,330,153,8,491,328,139,1,,
NY,2024,Westchester County,Town of Greenburgh - 37 40037,434,211,17,662,435,203,2,,
NY,2024,Westchester County,Town of Greenburgh - 38 40038,206,118,8,332,214,107,1,,
NY,2024,Westchester County,Town of Greenburgh - 39 40039,389,183,15,587,392,169,5,,
NY,2024,Westchester County,Town of Greenburgh - 4 40004,320,143,11,474,334,128,0,,
NY,2024,Westchester County,Town of Greenburgh - 40 40040,339,259,5,603,349,235,0,,
NY,2024,Westchester County,Town of Greenburgh - 41 40041,345,166,6,517,350,140,1,,
NY,2024,Westchester County,Town of Greenburgh - 42 40042,419,151,18,588,422,144,1,,
NY,2024,Westchester County,Town of Greenburgh - 43 40043,259,122,11,392,259,115,0,,
NY,2024,Westchester County,Town of Greenburgh - 44 40044,484,139,13,636,476,132,3,,
NY,2024,Westchester County,Town of Greenburgh - 45 40045,236,52,2,290,229,45,0,,
NY,2024,Westchester County,Town of Greenburgh - 46 40046,606,106,5,717,576,89,5,,
NY,2024,Westchester County,Town of Greenburgh - 47 40047,360,54,3,417,358,43,0,,
NY,2024,Westchester County,Town of Greenburgh - 48 40048,431,288,17,736,425,268,4,,
NY,2024,Westchester County,Town of Greenburgh - 49 40049,516,273,15,804,505,262,1,,
NY,2024,Westchester County,Town of Greenburgh - 5 40005,569,314,26,909,588,274,1,,
NY,2024,Westchester County,Town of Greenburgh - 50 40050,547,319,30,896,556,303,4,,
NY,2024,Westchester County,Town of Greenburgh - 51 40051,231,167,13,411,237,157,6,,
NY,2024,Westchester County,Town of Greenburgh - 52 40052,478,199,9,686,482,174,4,,
NY,2024,Westchester County,Town of Greenburgh - 53 40053,500,162,3,665,497,150,1,,
NY,2024,Westchester County,Town of Greenburgh - 54 40054,249,130,17,396,247,126,5,,
NY,2024,Westchester County,Town of Greenburgh - 55 40055,398,185,6,589,399,161,3,,
NY,2024,Westchester County,Town of Greenburgh - 56 40056,405,130,12,547,404,121,2,,
NY,2024,Westchester County,Town of Greenburgh - 57 40057,448,180,7,635,447,165,0,,
NY,2024,Westchester County,Town of Greenburgh - 58 40058,526,288,13,827,547,241,2,,
NY,2024,Westchester County,Town of Greenburgh - 59 40059,511,76,13,600,519,67,2,,
NY,2024,Westchester County,Town of Greenburgh - 60 40060,509,101,17,627,504,110,1,,
NY,2024,Westchester County,Town of Greenburgh - 61 40061,402,139,8,549,405,128,3,,
NY,2024,Westchester County,Town of Greenburgh - 62 40062,444,138,13,595,448,123,4,,
NY,2024,Westchester County,Town of Greenburgh - 63 40063,635,163,2,800,615,139,2,,
NY,2024,Westchester County,Town of Greenburgh - 64 40064,568,139,7,714,552,124,6,,
NY,2024,Westchester County,Town of Greenburgh - 65 40065,448,267,8,723,449,241,3,,
NY,2024,Westchester County,Town of Greenburgh - 66 40066,207,155,6,368,208,149,1,,
NY,2024,Westchester County,Town of Greenburgh - 67 40067,484,261,14,759,481,246,1,,
NY,2024,Westchester County,Town of Greenburgh - 68 40068,310,171,12,493,315,150,2,,
NY,2024,Westchester County,Town of Greenburgh - 69 40069,515,150,26,691,512,139,6,,
NY,2024,Westchester County,Town of Greenburgh - 7 40007,358,200,16,574,353,179,2,,
NY,2024,Westchester County,Town of Greenburgh - 70 40070,416,195,7,618,412,194,2,,
NY,2024,Westchester County,Town of Greenburgh - 71 40071,318,149,6,473,313,134,3,,
NY,2024,Westchester County,Town of Greenburgh - 72 40072,366,151,7,524,359,155,1,,
NY,2024,Westchester County,Town of Greenburgh - 73 40073,613,225,19,857,621,206,3,,
NY,2024,Westchester County,Town of Greenburgh - 74 40074,475,156,17,648,478,151,3,,
NY,2024,Westchester County,Town of Greenburgh - 75 40075,165,141,6,312,166,130,0,,
NY,2024,Westchester County,Town of Greenburgh - 76 40076,344,118,9,471,340,118,3,,
NY,2024,Westchester County,Town of Greenburgh - 77 40077,436,262,15,713,442,242,1,,
NY,2024,Westchester County,Town of Greenburgh - 78 40078,540,103,3,646,530,90,1,,
NY,2024,Westchester County,Town of Greenburgh - 79 40079,701,178,12,891,695,175,3,,
NY,2024,Westchester County,Town of Greenburgh - 8 40008,551,155,34,740,545,153,1,,
NY,2024,Westchester County,Town of Greenburgh - 80 40080,222,79,9,310,229,72,1,,
NY,2024,Westchester County,Town of Greenburgh - 9 40009,486,185,11,682,487,174,3,,
NY,2024,Westchester County,Town of Harrison - 1 50001,207,390,10,607,205,356,2,,
NY,2024,Westchester County,Town of Harrison - 10 50010,412,402,39,853,398,428,2,,
NY,2024,Westchester County,Town of Harrison - 11 50011,263,450,13,726,279,390,3,,
NY,2024,Westchester County,Town of Harrison - 12 50012,254,372,18,644,264,347,3,,
NY,2024,Westchester County,Town of Harrison - 13 50013,518,436,18,972,519,419,0,,
NY,2024,Westchester County,Town of Harrison - 14 50014,401,480,28,909,410,462,2,,
NY,2024,Westchester County,Town of Harrison - 15 50015,225,165,8,398,230,159,0,,
NY,2024,Westchester County,Town of Harrison - 16 50016,459,551,10,1020,460,507,0,,
NY,2024,Westchester County,Town of Harrison - 17 50017,771,39,25,835,734,39,17,,
NY,2024,Westchester County,Town of Harrison - 18 50018,331,309,15,655,323,312,1,,
NY,2024,Westchester County,Town of Harrison - 19 50019,163,197,14,374,159,202,0,,
NY,2024,Westchester County,Town of Harrison - 2 50002,338,649,11,998,350,569,6,,
NY,2024,Westchester County,Town of Harrison - 3 50003,531,313,14,858,544,295,3,,
NY,2024,Westchester County,Town of Harrison - 4 50004,582,462,30,1074,597,436,4,,
NY,2024,Westchester County,Town of Harrison - 5 50005,145,115,5,265,145,114,1,,
NY,2024,Westchester County,Town of Harrison - 6 50006,237,523,11,771,248,464,6,,
NY,2024,Westchester County,Town of Harrison - 7 50007,228,262,5,495,229,243,0,,
NY,2024,Westchester County,Town of Harrison - 8 50008,229,426,7,662,244,394,3,,
NY,2024,Westchester County,Town of Harrison - 9 50009,285,407,5,697,289,366,0,,
NY,2024,Westchester County,Town of Lewisboro - 1 60001,394,221,14,629,394,216,0,,
NY,2024,Westchester County,Town of Lewisboro - 10 60010,496,257,19,772,505,241,2,,
NY,2024,Westchester County,Town of Lewisboro - 11 60011,389,199,18,606,388,205,1,,
NY,2024,Westchester County,Town of Lewisboro - 12 60012,407,250,11,668,406,236,2,,
NY,2024,Westchester County,Town of Lewisboro - 2 60002,480,220,16,716,483,209,0,,
NY,2024,Westchester County,Town of Lewisboro - 3 60003,358,229,11,598,368,212,3,,
NY,2024,Westchester County,Town of Lewisboro - 4 60004,473,215,10,698,475,198,5,,
NY,2024,Westchester County,Town of Lewisboro - 5 60005,362,204,13,579,353,205,1,,
NY,2024,Westchester County,Town of Lewisboro - 6 60006,391,268,15,674,398,251,0,,
NY,2024,Westchester County,Town of Lewisboro - 7 60007,427,204,13,644,425,196,2,,
NY,2024,Westchester County,Town of Lewisboro - 8 60008,481,254,20,755,481,257,2,,
NY,2024,Westchester County,Town of Lewisboro - 9 60009,518,217,23,758,512,225,2,,
NY,2024,Westchester County,Town of Mamaroneck - 1 70001,308,190,8,506,303,175,1,,
NY,2024,Westchester County,Town of Mamaroneck - 10 70010,563,145,28,736,538,169,2,,
NY,2024,Westchester County,Town of Mamaroneck - 11 70011,418,139,12,569,417,136,2,,
NY,2024,Westchester County,Town of Mamaroneck - 12 70012,561,136,22,719,556,144,0,,
NY,2024,Westchester County,Town of Mamaroneck - 13 70013,532,96,31,659,527,116,0,,
NY,2024,Westchester County,Town of Mamaroneck - 14 70014,439,156,16,611,441,158,1,,
NY,2024,Westchester County,Town of Mamaroneck - 15 70015,514,184,23,721,513,182,2,,
NY,2024,Westchester County,Town of Mamaroneck - 16 70016,396,193,11,600,393,180,3,,
NY,2024,Westchester County,Town of Mamaroneck - 17 70017,480,135,17,632,481,128,0,,
NY,2024,Westchester County,Town of Mamaroneck - 18 70018,400,134,12,546,404,126,1,,
NY,2024,Westchester County,Town of Mamaroneck - 19 70019,406,179,17,602,413,170,0,,
NY,2024,Westchester County,Town of Mamaroneck - 2 70002,339,262,5,606,350,220,3,,
NY,2024,Westchester County,Town of Mamaroneck - 20 70020,508,115,24,647,507,125,1,,
NY,2024,Westchester County,Town of Mamaroneck - 21 70021,436,98,15,549,426,106,1,,
NY,2024,Westchester County,Town of Mamaroneck - 22 70022,303,175,8,486,300,155,3,,
NY,2024,Westchester County,Town of Mamaroneck - 23 70023,555,162,24,741,552,161,1,,
NY,2024,Westchester County,Town of Mamaroneck - 24 70024,365,142,29,536,369,144,2,,
NY,2024,Westchester County,Town of Mamaroneck - 25 70025,192,72,9,273,193,72,1,,
NY,2024,Westchester County,Town of Mamaroneck - 26 70026,584,135,24,743,574,147,3,,
NY,2024,Westchester County,Town of Mamaroneck - 27 70027,244,191,8,443,240,174,0,,
NY,2024,Westchester County,Town of Mamaroneck - 28 70028,210,94,7,311,213,88,0,,
NY,2024,Westchester County,Town of Mamaroneck - 3 70003,607,283,10,900,603,241,4,,
NY,2024,Westchester County,Town of Mamaroneck - 4 70004,428,222,16,666,415,213,8,,
NY,2024,Westchester County,Town of Mamaroneck - 5 70005,198,180,11,389,203,154,2,,
NY,2024,Westchester County,Town of Mamaroneck - 6 70006,460,127,15,602,454,125,2,,
NY,2024,Westchester County,Town of Mamaroneck - 7 70007,279,108,12,399,271,106,0,,
NY,2024,Westchester County,Town of Mamaroneck - 8 70008,530,148,29,707,520,168,1,,
NY,2024,Westchester County,Town of Mamaroneck - 9 70009,376,103,15,494,377,101,2,,
NY,2024,Westchester County,Town of Mount Kisco - 1 80001,363,267,14,644,369,219,5,,
NY,2024,Westchester County,Town of Mount Kisco - 2 80002,640,397,16,1053,633,358,5,,
NY,2024,Westchester County,Town of Mount Kisco - 3 80003,361,231,23,615,366,204,8,,
NY,2024,Westchester County,Town of Mount Kisco - 4 80004,531,274,16,821,536,242,3,,
NY,2024,Westchester County,Town of Mount Kisco - 5 80005,211,181,14,406,214,160,4,,
NY,2024,Westchester County,Town of Mount Kisco - 6 80006,494,225,18,737,487,191,4,,
NY,2024,Westchester County,Town of Mount Kisco - 7 80007,245,86,6,337,245,76,1,,
NY,2024,Westchester County,Town of Mount Pleasant - 1 90001,259,168,7,434,264,145,1,,
NY,2024,Westchester County,Town of Mount Pleasant - 10 90010,186,224,11,421,186,222,0,,
NY,2024,Westchester County,Town of Mount Pleasant - 11 90011,193,347,15,555,197,327,7,,
NY,2024,Westchester County,Town of Mount Pleasant - 12 90012,223,355,15,593,231,348,1,,
NY,2024,Westchester County,Town of Mount Pleasant - 13 90013,575,306,11,892,581,291,2,,
NY,2024,Westchester County,Town of Mount Pleasant - 14 90014,576,244,24,844,583,238,4,,
NY,2024,Westchester County,Town of Mount Pleasant - 15 90015,550,264,18,832,542,251,4,,
NY,2024,Westchester County,Town of Mount Pleasant - 16 90016,602,288,19,909,600,279,4,,
NY,2024,Westchester County,Town of Mount Pleasant - 17 90017,340,130,17,487,339,131,1,,
NY,2024,Westchester County,Town of Mount Pleasant - 18 90018,402,389,12,803,407,342,6,,
NY,2024,Westchester County,Town of Mount Pleasant - 19 90019,266,451,12,729,286,410,0,,
NY,2024,Westchester County,Town of Mount Pleasant - 2 90002,343,170,9,522,321,139,3,,
NY,2024,Westchester County,Town of Mount Pleasant - 20 90020,362,354,25,741,366,333,6,,
NY,2024,Westchester County,Town of Mount Pleasant - 22 90022,366,231,11,608,373,211,6,,
NY,2024,Westchester County,Town of Mount Pleasant - 23 90023,99,77,6,182,93,46,4,,
NY,2024,Westchester County,Town of Mount Pleasant - 24 90024,222,324,16,562,231,311,0,,
NY,2024,Westchester County,Town of Mount Pleasant - 25 90025,399,221,8,628,404,212,0,,
NY,2024,Westchester County,Town of Mount Pleasant - 26 90026,168,341,2,511,168,315,0,,
NY,2024,Westchester County,Town of Mount Pleasant - 27 90027,175,250,5,430,181,229,1,,
NY,2024,Westchester County,Town of Mount Pleasant - 28 90028,212,358,11,581,221,344,0,,
NY,2024,Westchester County,Town of Mount Pleasant - 29 90029,125,268,7,400,124,261,3,,
NY,2024,Westchester County,Town of Mount Pleasant - 3 90003,228,95,3,326,215,91,0,,
NY,2024,Westchester County,Town of Mount Pleasant - 30 90030,481,307,21,809,486,299,1,,
NY,2024,Westchester County,Town of Mount Pleasant - 31 90031,360,174,23,557,369,162,2,,
NY,2024,Westchester County,Town of Mount Pleasant - 32 90032,609,260,22,891,600,262,4,,
NY,2024,Westchester County,Town of Mount Pleasant - 33 90033,552,86,11,649,537,88,2,,
NY,2024,Westchester County,Town of Mount Pleasant - 34 90034,162,235,4,401,159,220,0,,
NY,2024,Westchester County,Town of Mount Pleasant - 35 90035,170,316,6,492,173,294,0,,
NY,2024,Westchester County,Town of Mount Pleasant - 36 90036,115,256,3,374,132,234,0,,
NY,2024,Westchester County,Town of Mount Pleasant - 37 90037,114,245,4,363,115,221,2,,
NY,2024,Westchester County,Town of Mount Pleasant - 38 90038,168,428,18,614,178,407,3,,
NY,2024,Westchester County,Town of Mount Pleasant - 39 90039,139,305,8,452,142,285,2,,
NY,2024,Westchester County,Town of Mount Pleasant - 4 90004,201,133,4,338,201,105,2,,
NY,2024,Westchester County,Town of Mount Pleasant - 40 90040,157,308,10,475,160,298,2,,
NY,2024,Westchester County,Town of Mount Pleasant - 41 90041,440,205,16,661,450,188,1,,
NY,2024,Westchester County,Town of Mount Pleasant - 42 90042,176,235,9,420,187,220,2,,
NY,2024,Westchester County,Town of Mount Pleasant - 43 90043,322,130,10,462,319,128,0,,
NY,2024,Westchester County,Town of Mount Pleasant - 44 90044,181,171,11,363,183,154,1,,
NY,2024,Westchester County,Town of Mount Pleasant - 5 90005,583,223,12,818,573,207,2,,
NY,2024,Westchester County,Town of Mount Pleasant - 6 90006,505,116,13,634,495,119,3,,
NY,2024,Westchester County,Town of Mount Pleasant - 7 90007,547,257,13,817,550,238,3,,
NY,2024,Westchester County,Town of Mount Pleasant - 9 90009,310,215,13,538,304,215,1,,
NY,2024,Westchester County,Town of New Castle - 1 100001,500,150,30,680,498,165,0,,
NY,2024,Westchester County,Town of New Castle - 10 100010,570,151,17,738,562,159,1,,
NY,2024,Westchester County,Town of New Castle - 11 100011,544,182,18,744,545,174,0,,
NY,2024,Westchester County,Town of New Castle - 12 100012,457,76,15,548,459,78,5,,
NY,2024,Westchester County,Town of New Castle - 13 100013,625,257,27,909,604,269,2,,
NY,2024,Westchester County,Town of New Castle - 14 100014,542,184,25,751,550,173,6,,
NY,2024,Westchester County,Town of New Castle - 15 100015,523,143,28,694,511,152,2,,
NY,2024,Westchester County,Town of New Castle - 16 100016,528,138,13,679,532,133,2,,
NY,2024,Westchester County,Town of New Castle - 2 100002,427,235,12,674,417,228,3,,
NY,2024,Westchester County,Town of New Castle - 3 100003,473,188,28,689,480,184,4,,
NY,2024,Westchester County,Town of New Castle - 4 100004,450,96,13,559,436,109,3,,
NY,2024,Westchester County,Town of New Castle - 5 100005,538,113,21,672,540,115,1,,
NY,2024,Westchester County,Town of New Castle - 6 100006,501,184,22,707,505,181,5,,
NY,2024,Westchester County,Town of New Castle - 7 100007,581,227,23,831,575,210,7,,
NY,2024,Westchester County,Town of New Castle - 8 100008,513,120,17,650,506,129,1,,
NY,2024,Westchester County,Town of New Castle - 9 100009,342,97,17,456,343,93,1,,
NY,2024,Westchester County,Town of North Castle - 1 110001,345,205,23,573,355,203,4,,
NY,2024,Westchester County,Town of North Castle - 10 110010,347,262,22,631,365,248,0,,
NY,2024,Westchester County,Town of North Castle - 11 110011,282,207,17,506,293,191,2,,
NY,2024,Westchester County,Town of North Castle - 2 110002,340,382,17,739,335,376,2,,
NY,2024,Westchester County,Town of North Castle - 3 110003,237,321,7,565,239,297,3,,
NY,2024,Westchester County,Town of North Castle - 4 110004,529,317,22,868,516,308,3,,
NY,2024,Westchester County,Town of North Castle - 5 110005,306,292,7,605,304,261,4,,
NY,2024,Westchester County,Town of North Castle - 6 110006,592,237,31,860,608,231,1,,
NY,2024,Westchester County,Town of North Castle - 7 110007,251,220,15,486,252,213,2,,
NY,2024,Westchester County,Town of North Castle - 8 110008,468,377,17,862,476,359,0,,
NY,2024,Westchester County,Town of North Castle - 9 110009,397,320,14,731,407,292,1,,
NY,2024,Westchester County,Town of North Salem - 1 120001,192,170,6,368,190,160,1,,
NY,2024,Westchester County,Town of North Salem - 2 120002,193,225,14,432,200,210,1,,
NY,2024,Westchester County,Town of North Salem - 3 120003,129,119,7,255,133,116,0,,
NY,2024,Westchester County,Town of North Salem - 4 120004,209,230,12,451,212,218,2,,
NY,2024,Westchester County,Town of North Salem - 5 120005,155,82,3,240,151,83,0,,
NY,2024,Westchester County,Town of North Salem - 6 120006,281,196,7,484,288,179,1,,
NY,2024,Westchester County,Town of North Salem - 7 120007,321,243,10,574,324,236,2,,
NY,2024,Westchester County,Town of North Salem - 8 120008,153,102,11,266,147,110,2,,
NY,2024,Westchester County,Town of Ossining - 1 130001,242,122,9,373,248,101,3,,
NY,2024,Westchester County,Town of Ossining - 10 130010,441,161,6,608,445,140,2,,
NY,2024,Westchester County,Town of Ossining - 11 130011,262,148,8,418,258,136,4,,
NY,2024,Westchester County,Town of Ossining - 12 130012,414,252,15,681,417,224,2,,
NY,2024,Westchester County,Town of Ossining - 13 130013,350,166,12,528,347,161,4,,
NY,2024,Westchester County,Town of Ossining - 14 130014,540,354,19,913,553,327,8,,
NY,2024,Westchester County,Town of Ossining - 15 130015,610,353,25,988,629,323,2,,
NY,2024,Westchester County,Town of Ossining - 16 130016,294,157,11,462,296,152,2,,
NY,2024,Westchester County,Town of Ossining - 17 130017,441,231,20,692,436,218,1,,
NY,2024,Westchester County,Town of Ossining - 18 130018,308,149,11,468,316,132,1,,
NY,2024,Westchester County,Town of Ossining - 19 130019,659,294,31,984,644,312,1,,
NY,2024,Westchester County,Town of Ossining - 2 130002,389,213,3,605,400,175,2,,
NY,2024,Westchester County,Town of Ossining - 20 130020,167,93,5,265,167,85,0,,
NY,2024,Westchester County,Town of Ossining - 21 130021,414,192,14,620,413,183,1,,
NY,2024,Westchester County,Town of Ossining - 22 130022,332,186,5,523,348,148,6,,
NY,2024,Westchester County,Town of Ossining - 23 130023,320,168,2,490,317,148,0,,
NY,2024,Westchester County,Town of Ossining - 24 130024,96,15,2,113,89,14,0,,
NY,2024,Westchester County,Town of Ossining - 25 130025,139,5,4,148,138,3,0,,
NY,2024,Westchester County,Town of Ossining - 26 130026,581,245,32,858,584,240,9,,
NY,2024,Westchester County,Town of Ossining - 27 130027,466,168,16,650,460,166,0,,
NY,2024,Westchester County,Town of Ossining - 28 130028,587,287,18,892,591,259,9,,
NY,2024,Westchester County,Town of Ossining - 29 130029,358,143,13,514,360,143,1,,
NY,2024,Westchester County,Town of Ossining - 3 130003,442,154,6,602,429,132,2,,
NY,2024,Westchester County,Town of Ossining - 30 130030,323,155,11,489,320,149,3,,
NY,2024,Westchester County,Town of Ossining - 4 130004,370,185,9,564,369,162,1,,
NY,2024,Westchester County,Town of Ossining - 5 130005,436,119,10,565,410,102,2,,
NY,2024,Westchester County,Town of Ossining - 6 130006,544,222,14,780,559,181,6,,
NY,2024,Westchester County,Town of Ossining - 7 130007,398,191,7,596,402,158,2,,
NY,2024,Westchester County,Town of Ossining - 8 130008,536,144,13,693,535,132,2,,
NY,2024,Westchester County,Town of Ossining - 9 130009,335,162,7,504,334,145,3,,
NY,2024,Westchester County,Town of Pelham - 1 140001,573,415,19,1007,577,393,5,,
NY,2024,Westchester County,Town of Pelham - 10 140010,330,171,12,513,328,172,1,,
NY,2024,Westchester County,Town of Pelham - 2 140002,287,119,8,414,294,97,3,,
NY,2024,Westchester County,Town of Pelham - 3 140003,520,240,31,791,506,254,4,,
NY,2024,Westchester County,Town of Pelham - 4 140004,665,156,19,840,628,174,4,,
NY,2024,Westchester County,Town of Pelham - 5 140005,556,127,18,701,548,137,0,,
NY,2024,Westchester County,Town of Pelham - 6 140006,470,393,23,886,470,396,0,,
NY,2024,Westchester County,Town of Pelham - 7 140007,421,183,13,617,424,173,1,,
NY,2024,Westchester County,Town of Pelham - 8 140008,395,127,15,537,383,143,1,,
NY,2024,Westchester County,Town of Pelham - 9 140009,579,356,22,957,562,365,3,,
NY,2024,Westchester County,Town of Pound Ridge - 1 150001,608,287,21,916,606,280,2,,
NY,2024,Westchester County,Town of Pound Ridge - 2 150002,624,274,21,919,612,277,4,,
NY,2024,Westchester County,Town of Pound Ridge - 3 150003,490,220,17,727,479,223,3,,
NY,2024,Westchester County,Town of Pound Ridge - 4 150004,522,277,11,810,515,276,5,,
NY,2024,Westchester County,Town of Rye - 1 160001,365,200,17,582,366,187,8,,
NY,2024,Westchester County,Town of Rye - 10 160010,234,222,6,462,228,187,4,,
NY,2024,Westchester County,Town of Rye - 11 160011,351,265,13,629,367,205,2,,
NY,2024,Westchester County,Town of Rye - 12 160012,379,262,14,655,376,230,2,,
NY,2024,Westchester County,Town of Rye - 13 160013,421,310,14,745,424,266,1,,
NY,2024,Westchester County,Town of Rye - 14 160014,316,205,6,527,320,188,1,,
NY,2024,Westchester County,Town of Rye - 15 160015,197,103,5,305,201,90,4,,
NY,2024,Westchester County,Town of Rye - 16 160016,598,387,15,1000,597,328,3,,
NY,2024,Westchester County,Town of Rye - 17 160017,303,248,19,570,283,212,4,,
NY,2024,Westchester County,Town of Rye - 18 160018,405,358,9,772,419,300,3,,
NY,2024,Westchester County,Town of Rye - 19 160019,339,320,17,676,348,294,2,,
NY,2024,Westchester County,Town of Rye - 2 160002,437,325,16,778,450,286,2,,
NY,2024,Westchester County,Town of Rye - 20 160020,319,233,8,560,311,215,4,,
NY,2024,Westchester County,Town of Rye - 21 160021,303,275,15,593,306,259,2,,
NY,2024,Westchester County,Town of Rye - 22 160022,395,179,21,595,403,169,4,,
NY,2024,Westchester County,Town of Rye - 23 160023,469,155,15,639,477,147,1,,
NY,2024,Westchester County,Town of Rye - 24 160024,338,315,17,670,339,291,2,,
NY,2024,Westchester County,Town of Rye - 25 160025,349,365,6,720,347,339,2,,
NY,2024,Westchester County,Town of Rye - 26 160026,429,342,7,778,447,295,1,,
NY,2024,Westchester County,Town of Rye - 27 160027,475,210,12,697,472,192,1,,
NY,2024,Westchester County,Town of Rye - 28 160028,347,172,8,527,342,164,0,,
NY,2024,Westchester County,Town of Rye - 29 160029,485,195,16,696,484,189,0,,
NY,2024,Westchester County,Town of Rye - 3 160003,475,165,28,668,478,169,1,,
NY,2024,Westchester County,Town of Rye - 30 160030,246,108,12,366,244,113,0,,
NY,2024,Westchester County,Town of Rye - 31 160031,588,248,18,854,600,228,2,,
NY,2024,Westchester County,Town of Rye - 4 160004,301,280,9,590,304,256,0,,
NY,2024,Westchester County,Town of Rye - 5 160005,278,191,17,486,281,169,2,,
NY,2024,Westchester County,Town of Rye - 6 160006,288,146,4,438,281,130,1,,
NY,2024,Westchester County,Town of Rye - 7 160007,104,69,0,173,97,52,1,,
NY,2024,Westchester County,Town of Rye - 8 160008,182,101,3,286,179,84,0,,
NY,2024,Westchester County,Town of Rye - 9 160009,299,198,11,508,293,173,4,,
NY,2024,Westchester County,Town of Scarsdale - 1 170001,464,115,14,593,461,114,1,,
NY,2024,Westchester County,Town of Scarsdale - 10 170010,421,133,21,575,414,146,2,,
NY,2024,Westchester County,Town of Scarsdale - 11 170011,251,108,11,370,259,96,0,,
NY,2024,Westchester County,Town of Scarsdale - 12 170012,452,167,27,646,468,159,0,,
NY,2024,Westchester County,Town of Scarsdale - 13 170013,501,161,23,685,504,159,1,,
NY,2024,Westchester County,Town of Scarsdale - 14 170014,510,132,23,665,519,117,2,,
NY,2024,Westchester County,Town of Scarsdale - 15 170015,225,138,16,379,259,108,0,,
NY,2024,Westchester County,Town of Scarsdale - 16 170016,353,172,16,541,366,157,1,,
NY,2024,Westchester County,Town of Scarsdale - 17 170017,212,94,5,311,220,89,1,,
NY,2024,Westchester County,Town of Scarsdale - 18 170018,491,188,32,711,519,168,0,,
NY,2024,Westchester County,Town of Scarsdale - 19 170019,66,27,1,94,66,24,1,,
NY,2024,Westchester County,Town of Scarsdale - 2 170002,536,131,25,692,521,140,3,,
NY,2024,Westchester County,Town of Scarsdale - 3 170003,383,125,20,528,380,133,1,,
NY,2024,Westchester County,Town of Scarsdale - 4 170004,296,99,21,416,314,91,0,,
NY,2024,Westchester County,Town of Scarsdale - 5 170005,331,119,15,465,332,117,0,,
NY,2024,Westchester County,Town of Scarsdale - 6 170006,331,94,12,437,320,99,4,,
NY,2024,Westchester County,Town of Scarsdale - 7 170007,348,135,19,502,348,123,6,,
NY,2024,Westchester County,Town of Scarsdale - 8 170008,306,165,15,486,300,166,1,,
NY,2024,Westchester County,Town of Scarsdale - 9 170009,354,160,9,523,339,166,1,,
NY,2024,Westchester County,Town of Somers - 1 180001,327,363,17,707,323,354,5,,
NY,2024,Westchester County,Town of Somers - 10 180010,395,281,11,687,395,269,2,,
NY,2024,Westchester County,Town of Somers - 11 180011,292,378,14,684,293,365,4,,
NY,2024,Westchester County,Town of Somers - 12 180012,391,549,10,950,402,512,0,,
NY,2024,Westchester County,Town of Somers - 13 180013,395,480,20,895,380,475,1,,
NY,2024,Westchester County,Town of Somers - 14 180014,459,379,18,856,477,349,2,,
NY,2024,Westchester County,Town of Somers - 15 180015,371,319,12,702,393,286,1,,
NY,2024,Westchester County,Town of Somers - 16 180016,248,250,11,509,252,233,1,,
NY,2024,Westchester County,Town of Somers - 17 180017,361,431,22,814,384,394,3,,
NY,2024,Westchester County,Town of Somers - 18 180018,293,246,8,547,303,229,0,,
NY,2024,Westchester County,Town of Somers - 2 180002,483,545,9,1037,479,534,3,,
NY,2024,Westchester County,Town of Somers - 3 180003,289,385,6,680,282,380,1,,
NY,2024,Westchester County,Town of Somers - 4 180004,430,455,16,901,440,420,5,,
NY,2024,Westchester County,Town of Somers - 5 180005,370,602,6,978,380,556,3,,
NY,2024,Westchester County,Town of Somers - 6 180006,233,305,16,554,245,290,1,,
NY,2024,Westchester County,Town of Somers - 7 180007,434,519,5,958,446,506,2,,
NY,2024,Westchester County,Town of Somers - 8 180008,249,286,3,538,257,264,1,,
NY,2024,Westchester County,Town of Somers - 9 180009,419,323,19,761,432,302,5,,
NY,2024,Westchester County,Town of Yorktown - 1 190001,350,373,11,734,365,342,4,,
NY,2024,Westchester County,Town of Yorktown - 10 190010,109,161,4,274,113,148,0,,
NY,2024,Westchester County,Town of Yorktown - 11 190011,274,386,2,662,289,361,1,,
NY,2024,Westchester County,Town of Yorktown - 12 190012,138,174,7,319,143,171,0,,
NY,2024,Westchester County,Town of Yorktown - 13 190013,303,337,9,649,314,312,1,,
NY,2024,Westchester County,Town of Yorktown - 14 190014,179,308,9,496,196,287,0,,
NY,2024,Westchester County,Town of Yorktown - 15 190015,226,254,17,497,228,249,2,,
NY,2024,Westchester County,Town of Yorktown - 16 190016,158,245,10,413,161,229,2,,
NY,2024,Westchester County,Town of Yorktown - 17 190017,272,320,13,605,285,288,5,,
NY,2024,Westchester County,Town of Yorktown - 18 190018,305,276,16,597,305,265,4,,
NY,2024,Westchester County,Town of Yorktown - 2 190002,229,221,10,460,233,213,0,,
NY,2024,Westchester County,Town of Yorktown - 20 190020,381,455,11,847,400,406,3,,
NY,2024,Westchester County,Town of Yorktown - 21 190021,261,325,10,596,260,310,3,,
NY,2024,Westchester County,Town of Yorktown - 22 190022,203,273,8,484,208,261,2,,
NY,2024,Westchester County,Town of Yorktown - 23 190023,206,303,6,515,213,265,2,,
NY,2024,Westchester County,Town of Yorktown - 24 190024,167,149,11,327,167,141,2,,
NY,2024,Westchester County,Town of Yorktown - 25 190025,130,115,5,250,139,101,1,,
NY,2024,Westchester County,Town of Yorktown - 26 190026,199,193,8,400,209,170,2,,
NY,2024,Westchester County,Town of Yorktown - 27 190027,293,393,8,694,304,349,2,,
NY,2024,Westchester County,Town of Yorktown - 28 190028,332,360,7,699,348,317,3,,
NY,2024,Westchester County,Town of Yorktown - 29 190029,185,170,5,360,186,151,3,,
NY,2024,Westchester County,Town of Yorktown - 3 190003,339,265,16,620,354,252,2,,
NY,2024,Westchester County,Town of Yorktown - 30 190030,177,214,4,395,183,201,0,,
NY,2024,Westchester County,Town of Yorktown - 31 190031,321,362,13,696,328,343,3,,
NY,2024,Westchester County,Town of Yorktown - 32 190032,84,33,1,118,85,29,1,,
NY,2024,Westchester County,Town of Yorktown - 33 190033,333,261,12,606,348,241,1,,
NY,2024,Westchester County,Town of Yorktown - 34 190034,202,216,5,423,211,199,0,,
NY,2024,Westchester County,Town of Yorktown - 35 190035,140,196,13,349,150,186,0,,
NY,2024,Westchester County,Town of Yorktown - 36 190036,230,294,8,532,236,273,2,,
NY,2024,Westchester County,Town of Yorktown - 37 190037,137,174,6,317,149,151,3,,
NY,2024,Westchester County,Town of Yorktown - 38 190038,438,399,11,848,445,361,6,,
NY,2024,Westchester County,Town of Yorktown - 39 190039,432,611,23,1066,453,576,2,,
NY,2024,Westchester County,Town of Yorktown - 4 190004,260,410,6,676,268,371,1,,
NY,2024,Westchester County,Town of Yorktown - 40 190040,146,167,10,323,149,157,2,,
NY,2024,Westchester County,Town of Yorktown - 41 190041,144,90,4,238,148,81,2,,
NY,2024,Westchester County,Town of Yorktown - 42 190042,223,244,6,473,224,231,1,,
NY,2024,Westchester County,Town of Yorktown - 43 190043,243,154,8,405,243,138,3,,
NY,2024,Westchester County,Town of Yorktown - 5 190005,394,477,21,892,397,453,1,,
NY,2024,Westchester County,Town of Yorktown - 6 190006,255,251,9,515,249,236,1,,
NY,2024,Westchester County,Town of Yorktown - 7 190007,259,269,16,544,263,254,0,,
NY,2024,Westchester County,Town of Yorktown - 8 190008,224,222,15,461,247,197,8,,
NY,2024,Westchester County,Town of Yorktown - 9 190009,382,427,8,817,404,387,3,,
