state,electionYear,jurisdictionCode,jurisdictionName,level,vendor,systemName,equipmentType,usage,paperRecord,standardSystem,accessibleSystem,absenteeSystem,pollBookSystem,tabulation,registeredVoters,precincts,pollingPlaces,sourceGranularity,uniformityWarningRequired,uniformityNote,configurationSignals,sourceDocumentId,sourceUrl,caveat
OH,2024,OH-001,Adams County,county,Dominion,Jurisdiction does not use BMDs,DRE,county_context,vvpat,DREs with VVPAT for all voters,DREs with VVPAT for all voters,Batch-Fed Optical Scanners,Commercial Electronic Poll Book,DRE,17674,21,4,county,true,Verifier row is a county-level summary. absentee system differs from standard polling-place system. Do not infer every precinct or ballot mode used one identical setup.,absentee system differs from standard polling-place system,verified-voting-verifier-oh-2024-equipment,https://verifiedvoting.org/verifier/#mode/navigate/map/voteEquip/mapType/ppEquip/year/2024/state/39,"Verified Voting Verifier data is jurisdiction-level election-administration context. Most rows are counties, but some states report state-level rows and some county rows can summarize mixed tabulation, accessible-device, absentee, poll-book, or other configurations. Treat it as source-linked context, not proof every precinct in a county used one identical setup, and not a turnout or vote-result source."
OH,2024,OH-003,Allen County,county,ES&S,ES&S ExpressVote +,Optical Scan,county_context,hand_marked_paper,"Hand marked paper ballots, BMDs for accessibility",Ballot Marking Devices for all voters,Batch-Fed Optical Scanners,Commercial Electronic Poll Book,Optical Scan,46803,88,33,county,true,"Verifier row is a county-level summary. polling-place system reports multiple values: Hand marked paper ballots, BMDs for accessibility; accessible voting system differs from standard polling-place system; absentee system differs from standard polling-place system. Do not infer every precinct or ballot mode used one identical setup.","polling-place system reports multiple values: Hand marked paper ballots, BMDs for accessibility | accessible voting system differs from standard polling-place system | absentee system differs from standard polling-place system",verified-voting-verifier-oh-2024-equipment,https://verifiedvoting.org/verifier/#mode/navigate/map/voteEquip/mapType/ppEquip/year/2024/state/39,"Verified Voting Verifier data is jurisdiction-level election-administration context. Most rows are counties, but some states report state-level rows and some county rows can summarize mixed tabulation, accessible-device, absentee, poll-book, or other configurations. Treat it as source-linked context, not proof every precinct in a county used one identical setup, and not a turnout or vote-result source."
OH,2024,OH-005,Ashland County,county,Unisyn,Unisyn OpenElect FVT +,Optical Scan,county_context,hand_marked_paper,"Hand marked paper ballots, BMDs for accessibility",Ballot Marking Devices for all voters,Batch-Fed Optical Scanners,Commercial Electronic Poll Book,Optical Scan,34756,39,14,county,true,"Verifier row is a county-level summary. polling-place system reports multiple values: Hand marked paper ballots, BMDs for accessibility; accessible voting system differs from standard polling-place system; absentee system differs from standard polling-place system. Do not infer every precinct or ballot mode used one identical setup.","polling-place system reports multiple values: Hand marked paper ballots, BMDs for accessibility | accessible voting system differs from standard polling-place system | absentee system differs from standard polling-place system",verified-voting-verifier-oh-2024-equipment,https://verifiedvoting.org/verifier/#mode/navigate/map/voteEquip/mapType/ppEquip/year/2024/state/39,"Verified Voting Verifier data is jurisdiction-level election-administration context. Most rows are counties, but some states report state-level rows and some county rows can summarize mixed tabulation, accessible-device, absentee, poll-book, or other configurations. Treat it as source-linked context, not proof every precinct in a county used one identical setup, and not a turnout or vote-result source."
OH,2024,OH-007,Ashtabula County,county,ES&S,ES&S ExpressVote +,Optical Scan,county_context,hand_marked_paper,"Hand marked paper ballots, BMDs for accessibility",Ballot Marking Devices for all voters,Batch-Fed Optical Scanners,Paper Poll Book,Optical Scan,61356,104,48,county,true,"Verifier row is a county-level summary. polling-place system reports multiple values: Hand marked paper ballots, BMDs for accessibility; accessible voting system differs from standard polling-place system; absentee system differs from standard polling-place system. Do not infer every precinct or ballot mode used one identical setup.","polling-place system reports multiple values: Hand marked paper ballots, BMDs for accessibility | accessible voting system differs from standard polling-place system | absentee system differs from standard polling-place system",verified-voting-verifier-oh-2024-equipment,https://verifiedvoting.org/verifier/#mode/navigate/map/voteEquip/mapType/ppEquip/year/2024/state/39,"Verified Voting Verifier data is jurisdiction-level election-administration context. Most rows are counties, but some states report state-level rows and some county rows can summarize mixed tabulation, accessible-device, absentee, poll-book, or other configurations. Treat it as source-linked context, not proof every precinct in a county used one identical setup, and not a turnout or vote-result source."
OH,2024,OH-009,Athens County,county,ES&S,ES&S ExpressVote +,Optical Scan,county_context,hand_marked_paper,"Hand marked paper ballots, BMDs for accessibility",Ballot Marking Devices for all voters,Batch-Fed Optical Scanners,Commercial Electronic Poll Book,Optical Scan,32900,56,21,county,true,"Verifier row is a county-level summary. polling-place system reports multiple values: Hand marked paper ballots, BMDs for accessibility; accessible voting system differs from standard polling-place system; absentee system differs from standard polling-place system. Do not infer every precinct or ballot mode used one identical setup.","polling-place system reports multiple values: Hand marked paper ballots, BMDs for accessibility | accessible voting system differs from standard polling-place system | absentee system differs from standard polling-place system",verified-voting-verifier-oh-2024-equipment,https://verifiedvoting.org/verifier/#mode/navigate/map/voteEquip/mapType/ppEquip/year/2024/state/39,"Verified Voting Verifier data is jurisdiction-level election-administration context. Most rows are counties, but some states report state-level rows and some county rows can summarize mixed tabulation, accessible-device, absentee, poll-book, or other configurations. Treat it as source-linked context, not proof every precinct in a county used one identical setup, and not a turnout or vote-result source."
OH,2024,OH-011,Auglaize County,county,ES&S,ES&S ExpressVote +,Optical Scan,county_context,hand_marked_paper,"Hand marked paper ballots, BMDs for accessibility",Ballot Marking Devices for all voters,Batch-Fed Optical Scanners,Commercial Electronic Poll Book,Optical Scan,24932,42,11,county,true,"Verifier row is a county-level summary. polling-place system reports multiple values: Hand marked paper ballots, BMDs for accessibility; accessible voting system differs from standard polling-place system; absentee system differs from standard polling-place system. Do not infer every precinct or ballot mode used one identical setup.","polling-place system reports multiple values: Hand marked paper ballots, BMDs for accessibility | accessible voting system differs from standard polling-place system | absentee system differs from standard polling-place system",verified-voting-verifier-oh-2024-equipment,https://verifiedvoting.org/verifier/#mode/navigate/map/voteEquip/mapType/ppEquip/year/2024/state/39,"Verified Voting Verifier data is jurisdiction-level election-administration context. Most rows are counties, but some states report state-level rows and some county rows can summarize mixed tabulation, accessible-device, absentee, poll-book, or other configurations. Treat it as source-linked context, not proof every precinct in a county used one identical setup, and not a turnout or vote-result source."
OH,2024,OH-013,Belmont County,county,Dominion,Dominion ImageCast Precinct BMD +,Optical Scan,county_context,hand_marked_paper,"Hand marked paper ballots, BMDs for accessibility",Ballot Marking Devices for all voters,Batch-Fed Optical Scanners,Commercial Electronic Poll Book,Optical Scan,34676,70,26,county,true,"Verifier row is a county-level summary. polling-place system reports multiple values: Hand marked paper ballots, BMDs for accessibility; accessible voting system differs from standard polling-place system; absentee system differs from standard polling-place system. Do not infer every precinct or ballot mode used one identical setup.","polling-place system reports multiple values: Hand marked paper ballots, BMDs for accessibility | accessible voting system differs from standard polling-place system | absentee system differs from standard polling-place system",verified-voting-verifier-oh-2024-equipment,https://verifiedvoting.org/verifier/#mode/navigate/map/voteEquip/mapType/ppEquip/year/2024/state/39,"Verified Voting Verifier data is jurisdiction-level election-administration context. Most rows are counties, but some states report state-level rows and some county rows can summarize mixed tabulation, accessible-device, absentee, poll-book, or other configurations. Treat it as source-linked context, not proof every precinct in a county used one identical setup, and not a turnout or vote-result source."
OH,2024,OH-015,Brown County,county,Unisyn,Unisyn OpenElect FVT +,Optical Scan,county_context,not_recorded,Ballot Marking Devices for all voters,Ballot Marking Devices for all voters,Batch-Fed Optical Scanners,In-House Electronic Poll Book,Optical Scan,29541,33,7,county,true,Verifier row is a county-level summary. absentee system differs from standard polling-place system. Do not infer every precinct or ballot mode used one identical setup.,absentee system differs from standard polling-place system,verified-voting-verifier-oh-2024-equipment,https://verifiedvoting.org/verifier/#mode/navigate/map/voteEquip/mapType/ppEquip/year/2024/state/39,"Verified Voting Verifier data is jurisdiction-level election-administration context. Most rows are counties, but some states report state-level rows and some county rows can summarize mixed tabulation, accessible-device, absentee, poll-book, or other configurations. Treat it as source-linked context, not proof every precinct in a county used one identical setup, and not a turnout or vote-result source."
OH,2024,OH-017,Butler County,county,Dominion,Jurisdiction does not use BMDs,DRE,county_context,vvpat,DREs with VVPAT for all voters,DREs with VVPAT for all voters,Batch-Fed Optical Scanners,Commercial Electronic Poll Book,DRE,254624,291,85,county,true,Verifier row is a county-level summary. absentee system differs from standard polling-place system. Do not infer every precinct or ballot mode used one identical setup.,absentee system differs from standard polling-place system,verified-voting-verifier-oh-2024-equipment,https://verifiedvoting.org/verifier/#mode/navigate/map/voteEquip/mapType/ppEquip/year/2024/state/39,"Verified Voting Verifier data is jurisdiction-level election-administration context. Most rows are counties, but some states report state-level rows and some county rows can summarize mixed tabulation, accessible-device, absentee, poll-book, or other configurations. Treat it as source-linked context, not proof every precinct in a county used one identical setup, and not a turnout or vote-result source."
OH,2024,OH-019,Carroll County,county,Clear Ballot,Clear Ballot ClearAccess +,Optical Scan,county_context,hand_marked_paper,"Hand marked paper ballots, BMDs for accessibility",Ballot Marking Devices for all voters,Batch-Fed Optical Scanners,Commercial Electronic Poll Book,Optical Scan,16027,23,14,county,true,"Verifier row is a county-level summary. polling-place system reports multiple values: Hand marked paper ballots, BMDs for accessibility; accessible voting system differs from standard polling-place system; absentee system differs from standard polling-place system. Do not infer every precinct or ballot mode used one identical setup.","polling-place system reports multiple values: Hand marked paper ballots, BMDs for accessibility | accessible voting system differs from standard polling-place system | absentee system differs from standard polling-place system",verified-voting-verifier-oh-2024-equipment,https://verifiedvoting.org/verifier/#mode/navigate/map/voteEquip/mapType/ppEquip/year/2024/state/39,"Verified Voting Verifier data is jurisdiction-level election-administration context. Most rows are counties, but some states report state-level rows and some county rows can summarize mixed tabulation, accessible-device, absentee, poll-book, or other configurations. Treat it as source-linked context, not proof every precinct in a county used one identical setup, and not a turnout or vote-result source."
OH,2024,OH-021,Champaign County,county,Clear Ballot,Clear Ballot ClearAccess +,Optical Scan,county_context,hand_marked_paper,"Hand marked paper ballots, BMDs for accessibility",Ballot Marking Devices for all voters,Batch-Fed Optical Scanners,Commercial Electronic Poll Book,Optical Scan,18469,28,9,county,true,"Verifier row is a county-level summary. polling-place system reports multiple values: Hand marked paper ballots, BMDs for accessibility; accessible voting system differs from standard polling-place system; absentee system differs from standard polling-place system. Do not infer every precinct or ballot mode used one identical setup.","polling-place system reports multiple values: Hand marked paper ballots, BMDs for accessibility | accessible voting system differs from standard polling-place system | absentee system differs from standard polling-place system",verified-voting-verifier-oh-2024-equipment,https://verifiedvoting.org/verifier/#mode/navigate/map/voteEquip/mapType/ppEquip/year/2024/state/39,"Verified Voting Verifier data is jurisdiction-level election-administration context. Most rows are counties, but some states report state-level rows and some county rows can summarize mixed tabulation, accessible-device, absentee, poll-book, or other configurations. Treat it as source-linked context, not proof every precinct in a county used one identical setup, and not a turnout or vote-result source."
OH,2024,OH-023,Clark County,county,Clear Ballot,Clear Ballot ClearAccess +,Optical Scan,county_context,hand_marked_paper,"Hand marked paper ballots, BMDs for accessibility",Ballot Marking Devices for all voters,Batch-Fed Optical Scanners,Commercial Electronic Poll Book,Optical Scan,87638,76,44,county,true,"Verifier row is a county-level summary. polling-place system reports multiple values: Hand marked paper ballots, BMDs for accessibility; accessible voting system differs from standard polling-place system; absentee system differs from standard polling-place system. Do not infer every precinct or ballot mode used one identical setup.","polling-place system reports multiple values: Hand marked paper ballots, BMDs for accessibility | accessible voting system differs from standard polling-place system | absentee system differs from standard polling-place system",verified-voting-verifier-oh-2024-equipment,https://verifiedvoting.org/verifier/#mode/navigate/map/voteEquip/mapType/ppEquip/year/2024/state/39,"Verified Voting Verifier data is jurisdiction-level election-administration context. Most rows are counties, but some states report state-level rows and some county rows can summarize mixed tabulation, accessible-device, absentee, poll-book, or other configurations. Treat it as source-linked context, not proof every precinct in a county used one identical setup, and not a turnout or vote-result source."
OH,2024,OH-025,Clermont County,county,ES&S,ES&S ExpressVote +,Optical Scan,county_context,hand_marked_paper,"Hand marked paper ballots, BMDs for accessibility",Ballot Marking Devices for all voters,Batch-Fed Optical Scanners,Commercial Electronic Poll Book,Optical Scan,150310,168,50,county,true,"Verifier row is a county-level summary. polling-place system reports multiple values: Hand marked paper ballots, BMDs for accessibility; accessible voting system differs from standard polling-place system; absentee system differs from standard polling-place system. Do not infer every precinct or ballot mode used one identical setup.","polling-place system reports multiple values: Hand marked paper ballots, BMDs for accessibility | accessible voting system differs from standard polling-place system | absentee system differs from standard polling-place system",verified-voting-verifier-oh-2024-equipment,https://verifiedvoting.org/verifier/#mode/navigate/map/voteEquip/mapType/ppEquip/year/2024/state/39,"Verified Voting Verifier data is jurisdiction-level election-administration context. Most rows are counties, but some states report state-level rows and some county rows can summarize mixed tabulation, accessible-device, absentee, poll-book, or other configurations. Treat it as source-linked context, not proof every precinct in a county used one identical setup, and not a turnout or vote-result source."
OH,2024,OH-027,Clinton County,county,Clear Ballot,Clear Ballot ClearAccess +,Optical Scan,county_context,hand_marked_paper,"Hand marked paper ballots, BMDs for accessibility",Ballot Marking Devices for all voters,Batch-Fed Optical Scanners,Commercial Electronic Poll Book,Optical Scan,22597,36,12,county,true,"Verifier row is a county-level summary. polling-place system reports multiple values: Hand marked paper ballots, BMDs for accessibility; accessible voting system differs from standard polling-place system; absentee system differs from standard polling-place system. Do not infer every precinct or ballot mode used one identical setup.","polling-place system reports multiple values: Hand marked paper ballots, BMDs for accessibility | accessible voting system differs from standard polling-place system | absentee system differs from standard polling-place system",verified-voting-verifier-oh-2024-equipment,https://verifiedvoting.org/verifier/#mode/navigate/map/voteEquip/mapType/ppEquip/year/2024/state/39,"Verified Voting Verifier data is jurisdiction-level election-administration context. Most rows are counties, but some states report state-level rows and some county rows can summarize mixed tabulation, accessible-device, absentee, poll-book, or other configurations. Treat it as source-linked context, not proof every precinct in a county used one identical setup, and not a turnout or vote-result source."
OH,2024,OH-029,Columbiana County,county,ES&S,ES&S ExpressVote +,Optical Scan,county_context,hand_marked_paper,"Hand marked paper ballots, BMDs for accessibility",Ballot Marking Devices for all voters,Batch-Fed Optical Scanners,Commercial Electronic Poll Book,Optical Scan,45821,73,53,county,true,"Verifier row is a county-level summary. polling-place system reports multiple values: Hand marked paper ballots, BMDs for accessibility; accessible voting system differs from standard polling-place system; absentee system differs from standard polling-place system. Do not infer every precinct or ballot mode used one identical setup.","polling-place system reports multiple values: Hand marked paper ballots, BMDs for accessibility | accessible voting system differs from standard polling-place system | absentee system differs from standard polling-place system",verified-voting-verifier-oh-2024-equipment,https://verifiedvoting.org/verifier/#mode/navigate/map/voteEquip/mapType/ppEquip/year/2024/state/39,"Verified Voting Verifier data is jurisdiction-level election-administration context. Most rows are counties, but some states report state-level rows and some county rows can summarize mixed tabulation, accessible-device, absentee, poll-book, or other configurations. Treat it as source-linked context, not proof every precinct in a county used one identical setup, and not a turnout or vote-result source."
OH,2024,OH-031,Coshocton County,county,ES&S,ES&S ExpressVote +,Optical Scan,county_context,not_recorded,Ballot Marking Devices for all voters,Ballot Marking Devices for all voters,Batch-Fed Optical Scanners,In-House Electronic Poll Book,Optical Scan,22494,23,9,county,true,Verifier row is a county-level summary. absentee system differs from standard polling-place system. Do not infer every precinct or ballot mode used one identical setup.,absentee system differs from standard polling-place system,verified-voting-verifier-oh-2024-equipment,https://verifiedvoting.org/verifier/#mode/navigate/map/voteEquip/mapType/ppEquip/year/2024/state/39,"Verified Voting Verifier data is jurisdiction-level election-administration context. Most rows are counties, but some states report state-level rows and some county rows can summarize mixed tabulation, accessible-device, absentee, poll-book, or other configurations. Treat it as source-linked context, not proof every precinct in a county used one identical setup, and not a turnout or vote-result source."
OH,2024,OH-033,Crawford County,county,ES&S,ES&S ExpressVote +,Optical Scan,county_context,not_recorded,Ballot Marking Devices for all voters,Ballot Marking Devices for all voters,Batch-Fed Optical Scanners,In-House Electronic Poll Book,Optical Scan,28064,35,7,county,true,Verifier row is a county-level summary. absentee system differs from standard polling-place system. Do not infer every precinct or ballot mode used one identical setup.,absentee system differs from standard polling-place system,verified-voting-verifier-oh-2024-equipment,https://verifiedvoting.org/verifier/#mode/navigate/map/voteEquip/mapType/ppEquip/year/2024/state/39,"Verified Voting Verifier data is jurisdiction-level election-administration context. Most rows are counties, but some states report state-level rows and some county rows can summarize mixed tabulation, accessible-device, absentee, poll-book, or other configurations. Treat it as source-linked context, not proof every precinct in a county used one identical setup, and not a turnout or vote-result source."
OH,2024,OH-035,Cuyahoga County,county,Clear Ballot,Clear Ballot ClearAccess +,Optical Scan,county_context,hand_marked_paper,"Hand marked paper ballots, BMDs for accessibility",Ballot Marking Devices for all voters,Batch-Fed Optical Scanners,Commercial Electronic Poll Book,Optical Scan,694418,967,290,county,true,"Verifier row is a county-level summary. polling-place system reports multiple values: Hand marked paper ballots, BMDs for accessibility; accessible voting system differs from standard polling-place system; absentee system differs from standard polling-place system. Do not infer every precinct or ballot mode used one identical setup.","polling-place system reports multiple values: Hand marked paper ballots, BMDs for accessibility | accessible voting system differs from standard polling-place system | absentee system differs from standard polling-place system",verified-voting-verifier-oh-2024-equipment,https://verifiedvoting.org/verifier/#mode/navigate/map/voteEquip/mapType/ppEquip/year/2024/state/39,"Verified Voting Verifier data is jurisdiction-level election-administration context. Most rows are counties, but some states report state-level rows and some county rows can summarize mixed tabulation, accessible-device, absentee, poll-book, or other configurations. Treat it as source-linked context, not proof every precinct in a county used one identical setup, and not a turnout or vote-result source."
OH,2024,OH-037,Darke County,county,ES&S,ES&S ExpressVote +,Optical Scan,county_context,not_recorded,Ballot Marking Devices for all voters,Ballot Marking Devices for all voters,Batch-Fed Optical Scanners,In-House Electronic Poll Book,Optical Scan,35030,43,29,county,true,Verifier row is a county-level summary. absentee system differs from standard polling-place system. Do not infer every precinct or ballot mode used one identical setup.,absentee system differs from standard polling-place system,verified-voting-verifier-oh-2024-equipment,https://verifiedvoting.org/verifier/#mode/navigate/map/voteEquip/mapType/ppEquip/year/2024/state/39,"Verified Voting Verifier data is jurisdiction-level election-administration context. Most rows are counties, but some states report state-level rows and some county rows can summarize mixed tabulation, accessible-device, absentee, poll-book, or other configurations. Treat it as source-linked context, not proof every precinct in a county used one identical setup, and not a turnout or vote-result source."
OH,2024,OH-039,Defiance County,county,Unisyn,Unisyn OpenElect FVT +,Optical Scan,county_context,not_recorded,Ballot Marking Devices for all voters,Ballot Marking Devices for all voters,Batch-Fed Optical Scanners,In-House Electronic Poll Book,Optical Scan,14119,33,8,county,true,Verifier row is a county-level summary. absentee system differs from standard polling-place system. Do not infer every precinct or ballot mode used one identical setup.,absentee system differs from standard polling-place system,verified-voting-verifier-oh-2024-equipment,https://verifiedvoting.org/verifier/#mode/navigate/map/voteEquip/mapType/ppEquip/year/2024/state/39,"Verified Voting Verifier data is jurisdiction-level election-administration context. Most rows are counties, but some states report state-level rows and some county rows can summarize mixed tabulation, accessible-device, absentee, poll-book, or other configurations. Treat it as source-linked context, not proof every precinct in a county used one identical setup, and not a turnout or vote-result source."
OH,2024,OH-041,Delaware County,county,Unisyn,Unisyn OpenElect FVT +,Optical Scan,county_context,not_recorded,Ballot Marking Devices for all voters,Ballot Marking Devices for all voters,Batch-Fed Optical Scanners,In-House Electronic Poll Book,Optical Scan,163744,170,47,county,true,Verifier row is a county-level summary. absentee system differs from standard polling-place system. Do not infer every precinct or ballot mode used one identical setup.,absentee system differs from standard polling-place system,verified-voting-verifier-oh-2024-equipment,https://verifiedvoting.org/verifier/#mode/navigate/map/voteEquip/mapType/ppEquip/year/2024/state/39,"Verified Voting Verifier data is jurisdiction-level election-administration context. Most rows are counties, but some states report state-level rows and some county rows can summarize mixed tabulation, accessible-device, absentee, poll-book, or other configurations. Treat it as source-linked context, not proof every precinct in a county used one identical setup, and not a turnout or vote-result source."
OH,2024,OH-043,Erie County,county,ES&S,ES&S ExpressVote +,Optical Scan,county_context,hand_marked_paper,"Hand marked paper ballots, BMDs for accessibility",Ballot Marking Devices for all voters,Batch-Fed Optical Scanners,Commercial Electronic Poll Book,Optical Scan,53946,62,33,county,true,"Verifier row is a county-level summary. polling-place system reports multiple values: Hand marked paper ballots, BMDs for accessibility; accessible voting system differs from standard polling-place system; absentee system differs from standard polling-place system. Do not infer every precinct or ballot mode used one identical setup.","polling-place system reports multiple values: Hand marked paper ballots, BMDs for accessibility | accessible voting system differs from standard polling-place system | absentee system differs from standard polling-place system",verified-voting-verifier-oh-2024-equipment,https://verifiedvoting.org/verifier/#mode/navigate/map/voteEquip/mapType/ppEquip/year/2024/state/39,"Verified Voting Verifier data is jurisdiction-level election-administration context. Most rows are counties, but some states report state-level rows and some county rows can summarize mixed tabulation, accessible-device, absentee, poll-book, or other configurations. Treat it as source-linked context, not proof every precinct in a county used one identical setup, and not a turnout or vote-result source."
OH,2024,OH-045,Fairfield County,county,Dominion,Jurisdiction does not use BMDs,DRE,county_context,vvpat,DREs with VVPAT for all voters,DREs with VVPAT for all voters,Batch-Fed Optical Scanners,Commercial Electronic Poll Book,DRE,112016,111,25,county,true,Verifier row is a county-level summary. absentee system differs from standard polling-place system. Do not infer every precinct or ballot mode used one identical setup.,absentee system differs from standard polling-place system,verified-voting-verifier-oh-2024-equipment,https://verifiedvoting.org/verifier/#mode/navigate/map/voteEquip/mapType/ppEquip/year/2024/state/39,"Verified Voting Verifier data is jurisdiction-level election-administration context. Most rows are counties, but some states report state-level rows and some county rows can summarize mixed tabulation, accessible-device, absentee, poll-book, or other configurations. Treat it as source-linked context, not proof every precinct in a county used one identical setup, and not a turnout or vote-result source."
OH,2024,OH-047,Fayette County,county,ES&S,ES&S ExpressVote +,Optical Scan,county_context,hand_marked_paper,"Hand marked paper ballots, BMDs for accessibility",Ballot Marking Devices for all voters,Batch-Fed Optical Scanners,Commercial Electronic Poll Book,Optical Scan,17449,25,13,county,true,"Verifier row is a county-level summary. polling-place system reports multiple values: Hand marked paper ballots, BMDs for accessibility; accessible voting system differs from standard polling-place system; absentee system differs from standard polling-place system. Do not infer every precinct or ballot mode used one identical setup.","polling-place system reports multiple values: Hand marked paper ballots, BMDs for accessibility | accessible voting system differs from standard polling-place system | absentee system differs from standard polling-place system",verified-voting-verifier-oh-2024-equipment,https://verifiedvoting.org/verifier/#mode/navigate/map/voteEquip/mapType/ppEquip/year/2024/state/39,"Verified Voting Verifier data is jurisdiction-level election-administration context. Most rows are counties, but some states report state-level rows and some county rows can summarize mixed tabulation, accessible-device, absentee, poll-book, or other configurations. Treat it as source-linked context, not proof every precinct in a county used one identical setup, and not a turnout or vote-result source."
OH,2024,OH-049,Franklin County,county,ES&S,ES&S ExpressVote +,Optical Scan,county_context,not_recorded,Ballot Marking Devices for all voters,Ballot Marking Devices for all voters,Batch-Fed Optical Scanners,In-House Electronic Poll Book,Optical Scan,737565,888,303,county,true,Verifier row is a county-level summary. absentee system differs from standard polling-place system. Do not infer every precinct or ballot mode used one identical setup.,absentee system differs from standard polling-place system,verified-voting-verifier-oh-2024-equipment,https://verifiedvoting.org/verifier/#mode/navigate/map/voteEquip/mapType/ppEquip/year/2024/state/39,"Verified Voting Verifier data is jurisdiction-level election-administration context. Most rows are counties, but some states report state-level rows and some county rows can summarize mixed tabulation, accessible-device, absentee, poll-book, or other configurations. Treat it as source-linked context, not proof every precinct in a county used one identical setup, and not a turnout or vote-result source."
OH,2024,OH-051,Fulton County,county,Unisyn,Unisyn OpenElect FVT +,Optical Scan,county_context,not_recorded,Ballot Marking Devices for all voters,Ballot Marking Devices for all voters,Batch-Fed Optical Scanners,In-House Electronic Poll Book,Optical Scan,19625,29,17,county,true,Verifier row is a county-level summary. absentee system differs from standard polling-place system. Do not infer every precinct or ballot mode used one identical setup.,absentee system differs from standard polling-place system,verified-voting-verifier-oh-2024-equipment,https://verifiedvoting.org/verifier/#mode/navigate/map/voteEquip/mapType/ppEquip/year/2024/state/39,"Verified Voting Verifier data is jurisdiction-level election-administration context. Most rows are counties, but some states report state-level rows and some county rows can summarize mixed tabulation, accessible-device, absentee, poll-book, or other configurations. Treat it as source-linked context, not proof every precinct in a county used one identical setup, and not a turnout or vote-result source."
OH,2024,OH-053,Gallia County,county,Clear Ballot,Clear Ballot ClearAccess +,Optical Scan,county_context,hand_marked_paper,"Hand marked paper ballots, BMDs for accessibility",Ballot Marking Devices for all voters,Batch-Fed Optical Scanners,Commercial Electronic Poll Book,Optical Scan,18913,26,6,county,true,"Verifier row is a county-level summary. polling-place system reports multiple values: Hand marked paper ballots, BMDs for accessibility; accessible voting system differs from standard polling-place system; absentee system differs from standard polling-place system. Do not infer every precinct or ballot mode used one identical setup.","polling-place system reports multiple values: Hand marked paper ballots, BMDs for accessibility | accessible voting system differs from standard polling-place system | absentee system differs from standard polling-place system",verified-voting-verifier-oh-2024-equipment,https://verifiedvoting.org/verifier/#mode/navigate/map/voteEquip/mapType/ppEquip/year/2024/state/39,"Verified Voting Verifier data is jurisdiction-level election-administration context. Most rows are counties, but some states report state-level rows and some county rows can summarize mixed tabulation, accessible-device, absentee, poll-book, or other configurations. Treat it as source-linked context, not proof every precinct in a county used one identical setup, and not a turnout or vote-result source."
OH,2024,OH-055,Geauga County,county,ES&S,ES&S ExpressVote +,Optical Scan,county_context,hand_marked_paper,"Hand marked paper ballots, BMDs for accessibility",Ballot Marking Devices for all voters,Batch-Fed Optical Scanners,Commercial Electronic Poll Book,Optical Scan,69032,78,30,county,true,"Verifier row is a county-level summary. polling-place system reports multiple values: Hand marked paper ballots, BMDs for accessibility; accessible voting system differs from standard polling-place system; absentee system differs from standard polling-place system. Do not infer every precinct or ballot mode used one identical setup.","polling-place system reports multiple values: Hand marked paper ballots, BMDs for accessibility | accessible voting system differs from standard polling-place system | absentee system differs from standard polling-place system",verified-voting-verifier-oh-2024-equipment,https://verifiedvoting.org/verifier/#mode/navigate/map/voteEquip/mapType/ppEquip/year/2024/state/39,"Verified Voting Verifier data is jurisdiction-level election-administration context. Most rows are counties, but some states report state-level rows and some county rows can summarize mixed tabulation, accessible-device, absentee, poll-book, or other configurations. Treat it as source-linked context, not proof every precinct in a county used one identical setup, and not a turnout or vote-result source."
OH,2024,OH-057,Greene County,county,Dominion,Jurisdiction does not use BMDs,DRE,county_context,vvpat,DREs with VVPAT for all voters,DREs with VVPAT for all voters,Batch-Fed Optical Scanners,Commercial Electronic Poll Book,DRE,122193,146,30,county,true,Verifier row is a county-level summary. absentee system differs from standard polling-place system. Do not infer every precinct or ballot mode used one identical setup.,absentee system differs from standard polling-place system,verified-voting-verifier-oh-2024-equipment,https://verifiedvoting.org/verifier/#mode/navigate/map/voteEquip/mapType/ppEquip/year/2024/state/39,"Verified Voting Verifier data is jurisdiction-level election-administration context. Most rows are counties, but some states report state-level rows and some county rows can summarize mixed tabulation, accessible-device, absentee, poll-book, or other configurations. Treat it as source-linked context, not proof every precinct in a county used one identical setup, and not a turnout or vote-result source."
OH,2024,OH-059,Guernsey County,county,Dominion,Dominion ImageCast Evolution +,Optical Scan,county_context,hand_marked_paper,"Hand marked paper ballots, BMDs for accessibility",Ballot Marking Devices for all voters,Batch-Fed Optical Scanners,In-House Electronic Poll Book,Optical Scan,24501,35,19,county,true,"Verifier row is a county-level summary. polling-place system reports multiple values: Hand marked paper ballots, BMDs for accessibility; accessible voting system differs from standard polling-place system; absentee system differs from standard polling-place system. Do not infer every precinct or ballot mode used one identical setup.","polling-place system reports multiple values: Hand marked paper ballots, BMDs for accessibility | accessible voting system differs from standard polling-place system | absentee system differs from standard polling-place system",verified-voting-verifier-oh-2024-equipment,https://verifiedvoting.org/verifier/#mode/navigate/map/voteEquip/mapType/ppEquip/year/2024/state/39,"Verified Voting Verifier data is jurisdiction-level election-administration context. Most rows are counties, but some states report state-level rows and some county rows can summarize mixed tabulation, accessible-device, absentee, poll-book, or other configurations. Treat it as source-linked context, not proof every precinct in a county used one identical setup, and not a turnout or vote-result source."
OH,2024,OH-061,Hamilton County,county,Hart InterCivic,Hart InterCivic Verity Touch Writer +,Optical Scan,county_context,hand_marked_paper,"Hand marked paper ballots, BMDs for accessibility",Ballot Marking Devices for all voters,Batch-Fed Optical Scanners,Commercial Electronic Poll Book,Optical Scan,475116,562,297,county,true,"Verifier row is a county-level summary. polling-place system reports multiple values: Hand marked paper ballots, BMDs for accessibility; accessible voting system differs from standard polling-place system; absentee system differs from standard polling-place system. Do not infer every precinct or ballot mode used one identical setup.","polling-place system reports multiple values: Hand marked paper ballots, BMDs for accessibility | accessible voting system differs from standard polling-place system | absentee system differs from standard polling-place system",verified-voting-verifier-oh-2024-equipment,https://verifiedvoting.org/verifier/#mode/navigate/map/voteEquip/mapType/ppEquip/year/2024/state/39,"Verified Voting Verifier data is jurisdiction-level election-administration context. Most rows are counties, but some states report state-level rows and some county rows can summarize mixed tabulation, accessible-device, absentee, poll-book, or other configurations. Treat it as source-linked context, not proof every precinct in a county used one identical setup, and not a turnout or vote-result source."
OH,2024,OH-063,Hancock County,county,Dominion,Jurisdiction does not use BMDs,DRE,county_context,vvpat,DREs with VVPAT for all voters,DREs with VVPAT for all voters,Batch-Fed Optical Scanners,Commercial Electronic Poll Book,DRE,41748,60,14,county,true,Verifier row is a county-level summary. absentee system differs from standard polling-place system. Do not infer every precinct or ballot mode used one identical setup.,absentee system differs from standard polling-place system,verified-voting-verifier-oh-2024-equipment,https://verifiedvoting.org/verifier/#mode/navigate/map/voteEquip/mapType/ppEquip/year/2024/state/39,"Verified Voting Verifier data is jurisdiction-level election-administration context. Most rows are counties, but some states report state-level rows and some county rows can summarize mixed tabulation, accessible-device, absentee, poll-book, or other configurations. Treat it as source-linked context, not proof every precinct in a county used one identical setup, and not a turnout or vote-result source."
OH,2024,OH-065,Hardin County,county,Dominion,Jurisdiction does not use BMDs,DRE,county_context,vvpat,DREs with VVPAT for all voters,DREs with VVPAT for all voters,Batch-Fed Optical Scanners,Commercial Electronic Poll Book,DRE,13107,21,13,county,true,Verifier row is a county-level summary. absentee system differs from standard polling-place system. Do not infer every precinct or ballot mode used one identical setup.,absentee system differs from standard polling-place system,verified-voting-verifier-oh-2024-equipment,https://verifiedvoting.org/verifier/#mode/navigate/map/voteEquip/mapType/ppEquip/year/2024/state/39,"Verified Voting Verifier data is jurisdiction-level election-administration context. Most rows are counties, but some states report state-level rows and some county rows can summarize mixed tabulation, accessible-device, absentee, poll-book, or other configurations. Treat it as source-linked context, not proof every precinct in a county used one identical setup, and not a turnout or vote-result source."
OH,2024,OH-067,Harrison County,county,Dominion,Dominion ImageCast Precinct BMD +,Optical Scan,county_context,hand_marked_paper,"Hand marked paper ballots, BMDs for accessibility",Ballot Marking Devices for all voters,Batch-Fed Optical Scanners,Commercial Electronic Poll Book,Optical Scan,9890,16,15,county,true,"Verifier row is a county-level summary. polling-place system reports multiple values: Hand marked paper ballots, BMDs for accessibility; accessible voting system differs from standard polling-place system; absentee system differs from standard polling-place system. Do not infer every precinct or ballot mode used one identical setup.","polling-place system reports multiple values: Hand marked paper ballots, BMDs for accessibility | accessible voting system differs from standard polling-place system | absentee system differs from standard polling-place system",verified-voting-verifier-oh-2024-equipment,https://verifiedvoting.org/verifier/#mode/navigate/map/voteEquip/mapType/ppEquip/year/2024/state/39,"Verified Voting Verifier data is jurisdiction-level election-administration context. Most rows are counties, but some states report state-level rows and some county rows can summarize mixed tabulation, accessible-device, absentee, poll-book, or other configurations. Treat it as source-linked context, not proof every precinct in a county used one identical setup, and not a turnout or vote-result source."
OH,2024,OH-069,Henry County,county,ES&S,ES&S ExpressVote +,Optical Scan,county_context,not_recorded,Ballot Marking Devices for all voters,Ballot Marking Devices for all voters,Hand-Fed Optical Scanners,In-House Electronic Poll Book,Optical Scan,16263,23,13,county,true,Verifier row is a county-level summary. absentee system differs from standard polling-place system. Do not infer every precinct or ballot mode used one identical setup.,absentee system differs from standard polling-place system,verified-voting-verifier-oh-2024-equipment,https://verifiedvoting.org/verifier/#mode/navigate/map/voteEquip/mapType/ppEquip/year/2024/state/39,"Verified Voting Verifier data is jurisdiction-level election-administration context. Most rows are counties, but some states report state-level rows and some county rows can summarize mixed tabulation, accessible-device, absentee, poll-book, or other configurations. Treat it as source-linked context, not proof every precinct in a county used one identical setup, and not a turnout or vote-result source."
OH,2024,OH-071,Highland County,county,Clear Ballot,Clear Ballot ClearAccess +,Optical Scan,county_context,hand_marked_paper,"Hand marked paper ballots, BMDs for accessibility",Ballot Marking Devices for all voters,Batch-Fed Optical Scanners,Commercial Electronic Poll Book,Optical Scan,27611,31,12,county,true,"Verifier row is a county-level summary. polling-place system reports multiple values: Hand marked paper ballots, BMDs for accessibility; accessible voting system differs from standard polling-place system; absentee system differs from standard polling-place system. Do not infer every precinct or ballot mode used one identical setup.","polling-place system reports multiple values: Hand marked paper ballots, BMDs for accessibility | accessible voting system differs from standard polling-place system | absentee system differs from standard polling-place system",verified-voting-verifier-oh-2024-equipment,https://verifiedvoting.org/verifier/#mode/navigate/map/voteEquip/mapType/ppEquip/year/2024/state/39,"Verified Voting Verifier data is jurisdiction-level election-administration context. Most rows are counties, but some states report state-level rows and some county rows can summarize mixed tabulation, accessible-device, absentee, poll-book, or other configurations. Treat it as source-linked context, not proof every precinct in a county used one identical setup, and not a turnout or vote-result source."
OH,2024,OH-073,Hocking County,county,Clear Ballot,Clear Ballot ClearAccess +,Optical Scan,county_context,hand_marked_paper,"Hand marked paper ballots, BMDs for accessibility",Ballot Marking Devices for all voters,Batch-Fed Optical Scanners,Commercial Electronic Poll Book,Optical Scan,16415,20,9,county,true,"Verifier row is a county-level summary. polling-place system reports multiple values: Hand marked paper ballots, BMDs for accessibility; accessible voting system differs from standard polling-place system; absentee system differs from standard polling-place system. Do not infer every precinct or ballot mode used one identical setup.","polling-place system reports multiple values: Hand marked paper ballots, BMDs for accessibility | accessible voting system differs from standard polling-place system | absentee system differs from standard polling-place system",verified-voting-verifier-oh-2024-equipment,https://verifiedvoting.org/verifier/#mode/navigate/map/voteEquip/mapType/ppEquip/year/2024/state/39,"Verified Voting Verifier data is jurisdiction-level election-administration context. Most rows are counties, but some states report state-level rows and some county rows can summarize mixed tabulation, accessible-device, absentee, poll-book, or other configurations. Treat it as source-linked context, not proof every precinct in a county used one identical setup, and not a turnout or vote-result source."
OH,2024,OH-075,Holmes County,county,Unisyn,Unisyn OpenElect FVT +,Optical Scan,county_context,hand_marked_paper,"Hand marked paper ballots, BMDs for accessibility",Ballot Marking Devices for all voters,Batch-Fed Optical Scanners,Commercial Electronic Poll Book,Optical Scan,15523,17,13,county,true,"Verifier row is a county-level summary. polling-place system reports multiple values: Hand marked paper ballots, BMDs for accessibility; accessible voting system differs from standard polling-place system; absentee system differs from standard polling-place system. Do not infer every precinct or ballot mode used one identical setup.","polling-place system reports multiple values: Hand marked paper ballots, BMDs for accessibility | accessible voting system differs from standard polling-place system | absentee system differs from standard polling-place system",verified-voting-verifier-oh-2024-equipment,https://verifiedvoting.org/verifier/#mode/navigate/map/voteEquip/mapType/ppEquip/year/2024/state/39,"Verified Voting Verifier data is jurisdiction-level election-administration context. Most rows are counties, but some states report state-level rows and some county rows can summarize mixed tabulation, accessible-device, absentee, poll-book, or other configurations. Treat it as source-linked context, not proof every precinct in a county used one identical setup, and not a turnout or vote-result source."
OH,2024,OH-077,Huron County,county,Clear Ballot,Clear Ballot ClearAccess +,Optical Scan,county_context,hand_marked_paper,"Hand marked paper ballots, BMDs for accessibility",Ballot Marking Devices for all voters,Hand-Fed Optical Scanners,Commercial Electronic Poll Book,Optical Scan,29417,46,14,county,true,"Verifier row is a county-level summary. polling-place system reports multiple values: Hand marked paper ballots, BMDs for accessibility; accessible voting system differs from standard polling-place system; absentee system differs from standard polling-place system. Do not infer every precinct or ballot mode used one identical setup.","polling-place system reports multiple values: Hand marked paper ballots, BMDs for accessibility | accessible voting system differs from standard polling-place system | absentee system differs from standard polling-place system",verified-voting-verifier-oh-2024-equipment,https://verifiedvoting.org/verifier/#mode/navigate/map/voteEquip/mapType/ppEquip/year/2024/state/39,"Verified Voting Verifier data is jurisdiction-level election-administration context. Most rows are counties, but some states report state-level rows and some county rows can summarize mixed tabulation, accessible-device, absentee, poll-book, or other configurations. Treat it as source-linked context, not proof every precinct in a county used one identical setup, and not a turnout or vote-result source."
OH,2024,OH-079,Jackson County,county,Clear Ballot,Clear Ballot ClearAccess +,Optical Scan,county_context,hand_marked_paper,"Hand marked paper ballots, BMDs for accessibility",Ballot Marking Devices for all voters,Batch-Fed Optical Scanners,Commercial Electronic Poll Book,Optical Scan,20340,30,3,county,true,"Verifier row is a county-level summary. polling-place system reports multiple values: Hand marked paper ballots, BMDs for accessibility; accessible voting system differs from standard polling-place system; absentee system differs from standard polling-place system. Do not infer every precinct or ballot mode used one identical setup.","polling-place system reports multiple values: Hand marked paper ballots, BMDs for accessibility | accessible voting system differs from standard polling-place system | absentee system differs from standard polling-place system",verified-voting-verifier-oh-2024-equipment,https://verifiedvoting.org/verifier/#mode/navigate/map/voteEquip/mapType/ppEquip/year/2024/state/39,"Verified Voting Verifier data is jurisdiction-level election-administration context. Most rows are counties, but some states report state-level rows and some county rows can summarize mixed tabulation, accessible-device, absentee, poll-book, or other configurations. Treat it as source-linked context, not proof every precinct in a county used one identical setup, and not a turnout or vote-result source."
OH,2024,OH-081,Jefferson County,county,Clear Ballot,Clear Ballot ClearAccess +,Optical Scan,county_context,hand_marked_paper,"Hand marked paper ballots, BMDs for accessibility",Ballot Marking Devices for all voters,Batch-Fed Optical Scanners,Commercial Electronic Poll Book,Optical Scan,45726,64,35,county,true,"Verifier row is a county-level summary. polling-place system reports multiple values: Hand marked paper ballots, BMDs for accessibility; accessible voting system differs from standard polling-place system; absentee system differs from standard polling-place system. Do not infer every precinct or ballot mode used one identical setup.","polling-place system reports multiple values: Hand marked paper ballots, BMDs for accessibility | accessible voting system differs from standard polling-place system | absentee system differs from standard polling-place system",verified-voting-verifier-oh-2024-equipment,https://verifiedvoting.org/verifier/#mode/navigate/map/voteEquip/mapType/ppEquip/year/2024/state/39,"Verified Voting Verifier data is jurisdiction-level election-administration context. Most rows are counties, but some states report state-level rows and some county rows can summarize mixed tabulation, accessible-device, absentee, poll-book, or other configurations. Treat it as source-linked context, not proof every precinct in a county used one identical setup, and not a turnout or vote-result source."
OH,2024,OH-083,Knox County,county,ES&S,ES&S ExpressVote +,Optical Scan,county_context,hand_marked_paper,"Hand marked paper ballots, BMDs for accessibility",Ballot Marking Devices for all voters,Batch-Fed Optical Scanners,Commercial Electronic Poll Book,Optical Scan,32974,54,28,county,true,"Verifier row is a county-level summary. polling-place system reports multiple values: Hand marked paper ballots, BMDs for accessibility; accessible voting system differs from standard polling-place system; absentee system differs from standard polling-place system. Do not infer every precinct or ballot mode used one identical setup.","polling-place system reports multiple values: Hand marked paper ballots, BMDs for accessibility | accessible voting system differs from standard polling-place system | absentee system differs from standard polling-place system",verified-voting-verifier-oh-2024-equipment,https://verifiedvoting.org/verifier/#mode/navigate/map/voteEquip/mapType/ppEquip/year/2024/state/39,"Verified Voting Verifier data is jurisdiction-level election-administration context. Most rows are counties, but some states report state-level rows and some county rows can summarize mixed tabulation, accessible-device, absentee, poll-book, or other configurations. Treat it as source-linked context, not proof every precinct in a county used one identical setup, and not a turnout or vote-result source."
OH,2024,OH-085,Lake County,county,ES&S,ES&S ExpressVote +,Optical Scan,county_context,not_recorded,Ballot Marking Devices for all voters,Ballot Marking Devices for all voters,Batch-Fed Optical Scanners,In-House Electronic Poll Book,Optical Scan,145320,163,51,county,true,Verifier row is a county-level summary. absentee system differs from standard polling-place system. Do not infer every precinct or ballot mode used one identical setup.,absentee system differs from standard polling-place system,verified-voting-verifier-oh-2024-equipment,https://verifiedvoting.org/verifier/#mode/navigate/map/voteEquip/mapType/ppEquip/year/2024/state/39,"Verified Voting Verifier data is jurisdiction-level election-administration context. Most rows are counties, but some states report state-level rows and some county rows can summarize mixed tabulation, accessible-device, absentee, poll-book, or other configurations. Treat it as source-linked context, not proof every precinct in a county used one identical setup, and not a turnout or vote-result source."
OH,2024,OH-087,Lawrence County,county,ES&S,ES&S ExpressVote Tabulator +,BMD/Tabulator,county_context,not_recorded,Ballot Marking Device/Tabulators for all voters,Ballot Marking Device/Tabulators for all voters,Batch-Fed Optical Scanners,In-House Electronic Poll Book,BMD/Tabulator,33556,84,25,county,true,Verifier row is a county-level summary. tabulation reports multiple values: BMD/Tabulator; polling-place system reports multiple values: Ballot Marking Device/Tabulators for all voters; accessible system reports multiple values: Ballot Marking Device/Tabulators for all voters; absentee system differs from standard polling-place system. Do not infer every precinct or ballot mode used one identical setup.,tabulation reports multiple values: BMD/Tabulator | polling-place system reports multiple values: Ballot Marking Device/Tabulators for all voters | accessible system reports multiple values: Ballot Marking Device/Tabulators for all voters | absentee system differs from standard polling-place system,verified-voting-verifier-oh-2024-equipment,https://verifiedvoting.org/verifier/#mode/navigate/map/voteEquip/mapType/ppEquip/year/2024/state/39,"Verified Voting Verifier data is jurisdiction-level election-administration context. Most rows are counties, but some states report state-level rows and some county rows can summarize mixed tabulation, accessible-device, absentee, poll-book, or other configurations. Treat it as source-linked context, not proof every precinct in a county used one identical setup, and not a turnout or vote-result source."
OH,2024,OH-089,Licking County,county,ES&S,ES&S ExpressVote +,Optical Scan,county_context,not_recorded,Ballot Marking Devices for all voters,Ballot Marking Devices for all voters,Batch-Fed Optical Scanners,In-House Electronic Poll Book,Optical Scan,128657,96,27,county,true,Verifier row is a county-level summary. absentee system differs from standard polling-place system. Do not infer every precinct or ballot mode used one identical setup.,absentee system differs from standard polling-place system,verified-voting-verifier-oh-2024-equipment,https://verifiedvoting.org/verifier/#mode/navigate/map/voteEquip/mapType/ppEquip/year/2024/state/39,"Verified Voting Verifier data is jurisdiction-level election-administration context. Most rows are counties, but some states report state-level rows and some county rows can summarize mixed tabulation, accessible-device, absentee, poll-book, or other configurations. Treat it as source-linked context, not proof every precinct in a county used one identical setup, and not a turnout or vote-result source."
OH,2024,OH-091,Logan County,county,ES&S,ES&S ExpressVote +,Optical Scan,county_context,hand_marked_paper,"Hand marked paper ballots, BMDs for accessibility",Ballot Marking Devices for all voters,Batch-Fed Optical Scanners,Commercial Electronic Poll Book,Optical Scan,32330,36,9,county,true,"Verifier row is a county-level summary. polling-place system reports multiple values: Hand marked paper ballots, BMDs for accessibility; accessible voting system differs from standard polling-place system; absentee system differs from standard polling-place system. Do not infer every precinct or ballot mode used one identical setup.","polling-place system reports multiple values: Hand marked paper ballots, BMDs for accessibility | accessible voting system differs from standard polling-place system | absentee system differs from standard polling-place system",verified-voting-verifier-oh-2024-equipment,https://verifiedvoting.org/verifier/#mode/navigate/map/voteEquip/mapType/ppEquip/year/2024/state/39,"Verified Voting Verifier data is jurisdiction-level election-administration context. Most rows are counties, but some states report state-level rows and some county rows can summarize mixed tabulation, accessible-device, absentee, poll-book, or other configurations. Treat it as source-linked context, not proof every precinct in a county used one identical setup, and not a turnout or vote-result source."
OH,2024,OH-093,Lorain County,county,ES&S,ES&S ExpressVote +,Optical Scan,county_context,not_recorded,Ballot Marking Devices for all voters,Ballot Marking Devices for all voters,Hand-Fed Optical Scanners,In-House Electronic Poll Book,Optical Scan,221647,204,82,county,true,Verifier row is a county-level summary. absentee system differs from standard polling-place system. Do not infer every precinct or ballot mode used one identical setup.,absentee system differs from standard polling-place system,verified-voting-verifier-oh-2024-equipment,https://verifiedvoting.org/verifier/#mode/navigate/map/voteEquip/mapType/ppEquip/year/2024/state/39,"Verified Voting Verifier data is jurisdiction-level election-administration context. Most rows are counties, but some states report state-level rows and some county rows can summarize mixed tabulation, accessible-device, absentee, poll-book, or other configurations. Treat it as source-linked context, not proof every precinct in a county used one identical setup, and not a turnout or vote-result source."
OH,2024,OH-095,Lucas County,county,ES&S,ES&S ExpressVote +,Optical Scan,county_context,not_recorded,Ballot Marking Devices for all voters,Ballot Marking Devices for all voters,Batch-Fed Optical Scanners,In-House Electronic Poll Book,Optical Scan,161772,303,73,county,true,Verifier row is a county-level summary. absentee system differs from standard polling-place system. Do not infer every precinct or ballot mode used one identical setup.,absentee system differs from standard polling-place system,verified-voting-verifier-oh-2024-equipment,https://verifiedvoting.org/verifier/#mode/navigate/map/voteEquip/mapType/ppEquip/year/2024/state/39,"Verified Voting Verifier data is jurisdiction-level election-administration context. Most rows are counties, but some states report state-level rows and some county rows can summarize mixed tabulation, accessible-device, absentee, poll-book, or other configurations. Treat it as source-linked context, not proof every precinct in a county used one identical setup, and not a turnout or vote-result source."
OH,2024,OH-097,Madison County,county,ES&S,ES&S ExpressVote +,Optical Scan,county_context,hand_marked_paper,"Hand marked paper ballots, BMDs for accessibility",Ballot Marking Devices for all voters,Batch-Fed Optical Scanners,Commercial Electronic Poll Book,Optical Scan,19938,24,6,county,true,"Verifier row is a county-level summary. polling-place system reports multiple values: Hand marked paper ballots, BMDs for accessibility; accessible voting system differs from standard polling-place system; absentee system differs from standard polling-place system. Do not infer every precinct or ballot mode used one identical setup.","polling-place system reports multiple values: Hand marked paper ballots, BMDs for accessibility | accessible voting system differs from standard polling-place system | absentee system differs from standard polling-place system",verified-voting-verifier-oh-2024-equipment,https://verifiedvoting.org/verifier/#mode/navigate/map/voteEquip/mapType/ppEquip/year/2024/state/39,"Verified Voting Verifier data is jurisdiction-level election-administration context. Most rows are counties, but some states report state-level rows and some county rows can summarize mixed tabulation, accessible-device, absentee, poll-book, or other configurations. Treat it as source-linked context, not proof every precinct in a county used one identical setup, and not a turnout or vote-result source."
OH,2024,OH-099,Mahoning County,county,ES&S,ES&S ExpressVote +,Optical Scan,county_context,hand_marked_paper,"Hand marked paper ballots, BMDs for accessibility",Ballot Marking Devices for all voters,Batch-Fed Optical Scanners,Commercial Electronic Poll Book,Optical Scan,127244,212,68,county,true,"Verifier row is a county-level summary. polling-place system reports multiple values: Hand marked paper ballots, BMDs for accessibility; accessible voting system differs from standard polling-place system; absentee system differs from standard polling-place system. Do not infer every precinct or ballot mode used one identical setup.","polling-place system reports multiple values: Hand marked paper ballots, BMDs for accessibility | accessible voting system differs from standard polling-place system | absentee system differs from standard polling-place system",verified-voting-verifier-oh-2024-equipment,https://verifiedvoting.org/verifier/#mode/navigate/map/voteEquip/mapType/ppEquip/year/2024/state/39,"Verified Voting Verifier data is jurisdiction-level election-administration context. Most rows are counties, but some states report state-level rows and some county rows can summarize mixed tabulation, accessible-device, absentee, poll-book, or other configurations. Treat it as source-linked context, not proof every precinct in a county used one identical setup, and not a turnout or vote-result source."
OH,2024,OH-101,Marion County,county,Unisyn,Unisyn OpenElect FVT +,Optical Scan,county_context,not_recorded,Ballot Marking Devices for all voters,Ballot Marking Devices for all voters,Batch-Fed Optical Scanners,In-House Electronic Poll Book,Optical Scan,28784,45,8,county,true,Verifier row is a county-level summary. absentee system differs from standard polling-place system. Do not infer every precinct or ballot mode used one identical setup.,absentee system differs from standard polling-place system,verified-voting-verifier-oh-2024-equipment,https://verifiedvoting.org/verifier/#mode/navigate/map/voteEquip/mapType/ppEquip/year/2024/state/39,"Verified Voting Verifier data is jurisdiction-level election-administration context. Most rows are counties, but some states report state-level rows and some county rows can summarize mixed tabulation, accessible-device, absentee, poll-book, or other configurations. Treat it as source-linked context, not proof every precinct in a county used one identical setup, and not a turnout or vote-result source."
OH,2024,OH-103,Medina County,county,ES&S,ES&S ExpressVote +,Optical Scan,county_context,not_recorded,Ballot Marking Devices for all voters,Ballot Marking Devices for all voters,Batch-Fed Optical Scanners,In-House Electronic Poll Book,Optical Scan,134574,121,47,county,true,Verifier row is a county-level summary. absentee system differs from standard polling-place system. Do not infer every precinct or ballot mode used one identical setup.,absentee system differs from standard polling-place system,verified-voting-verifier-oh-2024-equipment,https://verifiedvoting.org/verifier/#mode/navigate/map/voteEquip/mapType/ppEquip/year/2024/state/39,"Verified Voting Verifier data is jurisdiction-level election-administration context. Most rows are counties, but some states report state-level rows and some county rows can summarize mixed tabulation, accessible-device, absentee, poll-book, or other configurations. Treat it as source-linked context, not proof every precinct in a county used one identical setup, and not a turnout or vote-result source."
OH,2024,OH-105,Meigs County,county,Unisyn,Unisyn OpenElect FVT +,Optical Scan,county_context,not_recorded,Ballot Marking Devices for all voters,Ballot Marking Devices for all voters,Hand-Fed Optical Scanners,In-House Electronic Poll Book,Optical Scan,12592,27,16,county,true,Verifier row is a county-level summary. absentee system differs from standard polling-place system. Do not infer every precinct or ballot mode used one identical setup.,absentee system differs from standard polling-place system,verified-voting-verifier-oh-2024-equipment,https://verifiedvoting.org/verifier/#mode/navigate/map/voteEquip/mapType/ppEquip/year/2024/state/39,"Verified Voting Verifier data is jurisdiction-level election-administration context. Most rows are counties, but some states report state-level rows and some county rows can summarize mixed tabulation, accessible-device, absentee, poll-book, or other configurations. Treat it as source-linked context, not proof every precinct in a county used one identical setup, and not a turnout or vote-result source."
OH,2024,OH-107,Mercer County,county,ES&S,ES&S ExpressVote +,Optical Scan,county_context,not_recorded,Ballot Marking Devices for all voters,Ballot Marking Devices for all voters,Batch-Fed Optical Scanners,In-House Electronic Poll Book,Optical Scan,25830,36,7,county,true,Verifier row is a county-level summary. absentee system differs from standard polling-place system. Do not infer every precinct or ballot mode used one identical setup.,absentee system differs from standard polling-place system,verified-voting-verifier-oh-2024-equipment,https://verifiedvoting.org/verifier/#mode/navigate/map/voteEquip/mapType/ppEquip/year/2024/state/39,"Verified Voting Verifier data is jurisdiction-level election-administration context. Most rows are counties, but some states report state-level rows and some county rows can summarize mixed tabulation, accessible-device, absentee, poll-book, or other configurations. Treat it as source-linked context, not proof every precinct in a county used one identical setup, and not a turnout or vote-result source."
OH,2024,OH-109,Miami County,county,Clear Ballot,Clear Ballot ClearAccess +,Optical Scan,county_context,hand_marked_paper,"Hand marked paper ballots, BMDs for accessibility",Ballot Marking Devices for all voters,Batch-Fed Optical Scanners,Commercial Electronic Poll Book,Optical Scan,78731,77,17,county,true,"Verifier row is a county-level summary. polling-place system reports multiple values: Hand marked paper ballots, BMDs for accessibility; accessible voting system differs from standard polling-place system; absentee system differs from standard polling-place system. Do not infer every precinct or ballot mode used one identical setup.","polling-place system reports multiple values: Hand marked paper ballots, BMDs for accessibility | accessible voting system differs from standard polling-place system | absentee system differs from standard polling-place system",verified-voting-verifier-oh-2024-equipment,https://verifiedvoting.org/verifier/#mode/navigate/map/voteEquip/mapType/ppEquip/year/2024/state/39,"Verified Voting Verifier data is jurisdiction-level election-administration context. Most rows are counties, but some states report state-level rows and some county rows can summarize mixed tabulation, accessible-device, absentee, poll-book, or other configurations. Treat it as source-linked context, not proof every precinct in a county used one identical setup, and not a turnout or vote-result source."
OH,2024,OH-111,Monroe County,county,ES&S,ES&S ExpressVote +,Optical Scan,county_context,not_recorded,Ballot Marking Devices for all voters,Ballot Marking Devices for all voters,Batch-Fed Optical Scanners,In-House Electronic Poll Book,Optical Scan,9326,20,8,county,true,Verifier row is a county-level summary. absentee system differs from standard polling-place system. Do not infer every precinct or ballot mode used one identical setup.,absentee system differs from standard polling-place system,verified-voting-verifier-oh-2024-equipment,https://verifiedvoting.org/verifier/#mode/navigate/map/voteEquip/mapType/ppEquip/year/2024/state/39,"Verified Voting Verifier data is jurisdiction-level election-administration context. Most rows are counties, but some states report state-level rows and some county rows can summarize mixed tabulation, accessible-device, absentee, poll-book, or other configurations. Treat it as source-linked context, not proof every precinct in a county used one identical setup, and not a turnout or vote-result source."
OH,2024,OH-113,Montgomery County,county,ES&S,ES&S ExpressVote +,Optical Scan,county_context,not_recorded,Ballot Marking Devices for all voters,Ballot Marking Devices for all voters,Batch-Fed Optical Scanners,Commercial Electronic Poll Book,Optical Scan,373166,381,144,county,true,Verifier row is a county-level summary. absentee system differs from standard polling-place system. Do not infer every precinct or ballot mode used one identical setup.,absentee system differs from standard polling-place system,verified-voting-verifier-oh-2024-equipment,https://verifiedvoting.org/verifier/#mode/navigate/map/voteEquip/mapType/ppEquip/year/2024/state/39,"Verified Voting Verifier data is jurisdiction-level election-administration context. Most rows are counties, but some states report state-level rows and some county rows can summarize mixed tabulation, accessible-device, absentee, poll-book, or other configurations. Treat it as source-linked context, not proof every precinct in a county used one identical setup, and not a turnout or vote-result source."
OH,2024,OH-115,Morgan County,county,ES&S,ES&S ExpressVote +,Optical Scan,county_context,hand_marked_paper,"Hand marked paper ballots, BMDs for accessibility",Ballot Marking Devices for all voters,Batch-Fed Optical Scanners,Commercial Electronic Poll Book,Optical Scan,9188,13,10,county,true,"Verifier row is a county-level summary. polling-place system reports multiple values: Hand marked paper ballots, BMDs for accessibility; accessible voting system differs from standard polling-place system; absentee system differs from standard polling-place system. Do not infer every precinct or ballot mode used one identical setup.","polling-place system reports multiple values: Hand marked paper ballots, BMDs for accessibility | accessible voting system differs from standard polling-place system | absentee system differs from standard polling-place system",verified-voting-verifier-oh-2024-equipment,https://verifiedvoting.org/verifier/#mode/navigate/map/voteEquip/mapType/ppEquip/year/2024/state/39,"Verified Voting Verifier data is jurisdiction-level election-administration context. Most rows are counties, but some states report state-level rows and some county rows can summarize mixed tabulation, accessible-device, absentee, poll-book, or other configurations. Treat it as source-linked context, not proof every precinct in a county used one identical setup, and not a turnout or vote-result source."
OH,2024,OH-117,Morrow County,county,ES&S,ES&S ExpressVote +,Optical Scan,county_context,hand_marked_paper,"Hand marked paper ballots, BMDs for accessibility",Ballot Marking Devices for all voters,Batch-Fed Optical Scanners,Commercial Electronic Poll Book,Optical Scan,20491,33,18,county,true,"Verifier row is a county-level summary. polling-place system reports multiple values: Hand marked paper ballots, BMDs for accessibility; accessible voting system differs from standard polling-place system; absentee system differs from standard polling-place system. Do not infer every precinct or ballot mode used one identical setup.","polling-place system reports multiple values: Hand marked paper ballots, BMDs for accessibility | accessible voting system differs from standard polling-place system | absentee system differs from standard polling-place system",verified-voting-verifier-oh-2024-equipment,https://verifiedvoting.org/verifier/#mode/navigate/map/voteEquip/mapType/ppEquip/year/2024/state/39,"Verified Voting Verifier data is jurisdiction-level election-administration context. Most rows are counties, but some states report state-level rows and some county rows can summarize mixed tabulation, accessible-device, absentee, poll-book, or other configurations. Treat it as source-linked context, not proof every precinct in a county used one identical setup, and not a turnout or vote-result source."
OH,2024,OH-119,Muskingum County,county,Dominion,Dominion ImageCast Precinct BMD +,Optical Scan,county_context,hand_marked_paper,"Hand marked paper ballots, BMDs for accessibility",Ballot Marking Devices for all voters,Batch-Fed Optical Scanners,Commercial Electronic Poll Book,Optical Scan,54461,68,22,county,true,"Verifier row is a county-level summary. polling-place system reports multiple values: Hand marked paper ballots, BMDs for accessibility; accessible voting system differs from standard polling-place system; absentee system differs from standard polling-place system. Do not infer every precinct or ballot mode used one identical setup.","polling-place system reports multiple values: Hand marked paper ballots, BMDs for accessibility | accessible voting system differs from standard polling-place system | absentee system differs from standard polling-place system",verified-voting-verifier-oh-2024-equipment,https://verifiedvoting.org/verifier/#mode/navigate/map/voteEquip/mapType/ppEquip/year/2024/state/39,"Verified Voting Verifier data is jurisdiction-level election-administration context. Most rows are counties, but some states report state-level rows and some county rows can summarize mixed tabulation, accessible-device, absentee, poll-book, or other configurations. Treat it as source-linked context, not proof every precinct in a county used one identical setup, and not a turnout or vote-result source."
OH,2024,OH-121,Noble County,county,ES&S,ES&S ExpressVote +,Optical Scan,county_context,hand_marked_paper,"Hand marked paper ballots, BMDs for accessibility",Ballot Marking Devices for all voters,Hand-Fed Optical Scanners,Paper Poll Book,Optical Scan,8081,19,6,county,true,"Verifier row is a county-level summary. polling-place system reports multiple values: Hand marked paper ballots, BMDs for accessibility; accessible voting system differs from standard polling-place system; absentee system differs from standard polling-place system. Do not infer every precinct or ballot mode used one identical setup.","polling-place system reports multiple values: Hand marked paper ballots, BMDs for accessibility | accessible voting system differs from standard polling-place system | absentee system differs from standard polling-place system",verified-voting-verifier-oh-2024-equipment,https://verifiedvoting.org/verifier/#mode/navigate/map/voteEquip/mapType/ppEquip/year/2024/state/39,"Verified Voting Verifier data is jurisdiction-level election-administration context. Most rows are counties, but some states report state-level rows and some county rows can summarize mixed tabulation, accessible-device, absentee, poll-book, or other configurations. Treat it as source-linked context, not proof every precinct in a county used one identical setup, and not a turnout or vote-result source."
OH,2024,OH-123,Ottawa County,county,ES&S,ES&S ExpressVote +,Optical Scan,county_context,not_recorded,Ballot Marking Devices for all voters,Ballot Marking Devices for all voters,Batch-Fed Optical Scanners,In-House Electronic Poll Book,Optical Scan,25850,36,17,county,true,Verifier row is a county-level summary. absentee system differs from standard polling-place system. Do not infer every precinct or ballot mode used one identical setup.,absentee system differs from standard polling-place system,verified-voting-verifier-oh-2024-equipment,https://verifiedvoting.org/verifier/#mode/navigate/map/voteEquip/mapType/ppEquip/year/2024/state/39,"Verified Voting Verifier data is jurisdiction-level election-administration context. Most rows are counties, but some states report state-level rows and some county rows can summarize mixed tabulation, accessible-device, absentee, poll-book, or other configurations. Treat it as source-linked context, not proof every precinct in a county used one identical setup, and not a turnout or vote-result source."
OH,2024,OH-125,Paulding County,county,ES&S,ES&S ExpressVote +,Optical Scan,county_context,not_recorded,Ballot Marking Devices for all voters,Ballot Marking Devices for all voters,Batch-Fed Optical Scanners,In-House Electronic Poll Book,Optical Scan,12665,16,7,county,true,Verifier row is a county-level summary. absentee system differs from standard polling-place system. Do not infer every precinct or ballot mode used one identical setup.,absentee system differs from standard polling-place system,verified-voting-verifier-oh-2024-equipment,https://verifiedvoting.org/verifier/#mode/navigate/map/voteEquip/mapType/ppEquip/year/2024/state/39,"Verified Voting Verifier data is jurisdiction-level election-administration context. Most rows are counties, but some states report state-level rows and some county rows can summarize mixed tabulation, accessible-device, absentee, poll-book, or other configurations. Treat it as source-linked context, not proof every precinct in a county used one identical setup, and not a turnout or vote-result source."
OH,2024,OH-127,Perry County,county,Dominion,Jurisdiction does not use BMDs,DRE,county_context,vvpat,DREs with VVPAT for all voters,DREs with VVPAT for all voters,Batch-Fed Optical Scanners,Commercial Electronic Poll Book,DRE,22901,33,11,county,true,Verifier row is a county-level summary. absentee system differs from standard polling-place system. Do not infer every precinct or ballot mode used one identical setup.,absentee system differs from standard polling-place system,verified-voting-verifier-oh-2024-equipment,https://verifiedvoting.org/verifier/#mode/navigate/map/voteEquip/mapType/ppEquip/year/2024/state/39,"Verified Voting Verifier data is jurisdiction-level election-administration context. Most rows are counties, but some states report state-level rows and some county rows can summarize mixed tabulation, accessible-device, absentee, poll-book, or other configurations. Treat it as source-linked context, not proof every precinct in a county used one identical setup, and not a turnout or vote-result source."
OH,2024,OH-129,Pickaway County,county,ES&S,ES&S ExpressVote Tabulator +,BMD/Tabulator,county_context,not_recorded,Ballot Marking Device/Tabulators for all voters,Ballot Marking Device/Tabulators for all voters,Batch-Fed Optical Scanners,In-House Electronic Poll Book,BMD/Tabulator,38574,44,17,county,true,Verifier row is a county-level summary. tabulation reports multiple values: BMD/Tabulator; polling-place system reports multiple values: Ballot Marking Device/Tabulators for all voters; accessible system reports multiple values: Ballot Marking Device/Tabulators for all voters; absentee system differs from standard polling-place system. Do not infer every precinct or ballot mode used one identical setup.,tabulation reports multiple values: BMD/Tabulator | polling-place system reports multiple values: Ballot Marking Device/Tabulators for all voters | accessible system reports multiple values: Ballot Marking Device/Tabulators for all voters | absentee system differs from standard polling-place system,verified-voting-verifier-oh-2024-equipment,https://verifiedvoting.org/verifier/#mode/navigate/map/voteEquip/mapType/ppEquip/year/2024/state/39,"Verified Voting Verifier data is jurisdiction-level election-administration context. Most rows are counties, but some states report state-level rows and some county rows can summarize mixed tabulation, accessible-device, absentee, poll-book, or other configurations. Treat it as source-linked context, not proof every precinct in a county used one identical setup, and not a turnout or vote-result source."
OH,2024,OH-131,Pike County,county,Clear Ballot,Clear Ballot ClearAccess +,Optical Scan,county_context,hand_marked_paper,"Hand marked paper ballots, BMDs for accessibility",Ballot Marking Devices for all voters,Batch-Fed Optical Scanners,Commercial Electronic Poll Book,Optical Scan,18011,22,4,county,true,"Verifier row is a county-level summary. polling-place system reports multiple values: Hand marked paper ballots, BMDs for accessibility; accessible voting system differs from standard polling-place system; absentee system differs from standard polling-place system. Do not infer every precinct or ballot mode used one identical setup.","polling-place system reports multiple values: Hand marked paper ballots, BMDs for accessibility | accessible voting system differs from standard polling-place system | absentee system differs from standard polling-place system",verified-voting-verifier-oh-2024-equipment,https://verifiedvoting.org/verifier/#mode/navigate/map/voteEquip/mapType/ppEquip/year/2024/state/39,"Verified Voting Verifier data is jurisdiction-level election-administration context. Most rows are counties, but some states report state-level rows and some county rows can summarize mixed tabulation, accessible-device, absentee, poll-book, or other configurations. Treat it as source-linked context, not proof every precinct in a county used one identical setup, and not a turnout or vote-result source."
OH,2024,OH-133,Portage County,county,ES&S,ES&S ExpressVote +,Optical Scan,county_context,hand_marked_paper,"Hand marked paper ballots, BMDs for accessibility",Ballot Marking Devices for all voters,Batch-Fed Optical Scanners,Commercial Electronic Poll Book,Optical Scan,64186,129,51,county,true,"Verifier row is a county-level summary. polling-place system reports multiple values: Hand marked paper ballots, BMDs for accessibility; accessible voting system differs from standard polling-place system; absentee system differs from standard polling-place system. Do not infer every precinct or ballot mode used one identical setup.","polling-place system reports multiple values: Hand marked paper ballots, BMDs for accessibility | accessible voting system differs from standard polling-place system | absentee system differs from standard polling-place system",verified-voting-verifier-oh-2024-equipment,https://verifiedvoting.org/verifier/#mode/navigate/map/voteEquip/mapType/ppEquip/year/2024/state/39,"Verified Voting Verifier data is jurisdiction-level election-administration context. Most rows are counties, but some states report state-level rows and some county rows can summarize mixed tabulation, accessible-device, absentee, poll-book, or other configurations. Treat it as source-linked context, not proof every precinct in a county used one identical setup, and not a turnout or vote-result source."
OH,2024,OH-135,Preble County,county,ES&S,ES&S ExpressVote +,Optical Scan,county_context,hand_marked_paper,"Hand marked paper ballots, BMDs for accessibility",Ballot Marking Devices for all voters,Batch-Fed Optical Scanners,Commercial Electronic Poll Book,Optical Scan,28920,42,20,county,true,"Verifier row is a county-level summary. polling-place system reports multiple values: Hand marked paper ballots, BMDs for accessibility; accessible voting system differs from standard polling-place system; absentee system differs from standard polling-place system. Do not infer every precinct or ballot mode used one identical setup.","polling-place system reports multiple values: Hand marked paper ballots, BMDs for accessibility | accessible voting system differs from standard polling-place system | absentee system differs from standard polling-place system",verified-voting-verifier-oh-2024-equipment,https://verifiedvoting.org/verifier/#mode/navigate/map/voteEquip/mapType/ppEquip/year/2024/state/39,"Verified Voting Verifier data is jurisdiction-level election-administration context. Most rows are counties, but some states report state-level rows and some county rows can summarize mixed tabulation, accessible-device, absentee, poll-book, or other configurations. Treat it as source-linked context, not proof every precinct in a county used one identical setup, and not a turnout or vote-result source."
OH,2024,OH-137,Putnam County,county,ES&S,ES&S ExpressVote +,Optical Scan,county_context,hand_marked_paper,"Hand marked paper ballots, BMDs for accessibility",Ballot Marking Devices for all voters,Batch-Fed Optical Scanners,Commercial Electronic Poll Book,Optical Scan,11796,25,12,county,true,"Verifier row is a county-level summary. polling-place system reports multiple values: Hand marked paper ballots, BMDs for accessibility; accessible voting system differs from standard polling-place system; absentee system differs from standard polling-place system. Do not infer every precinct or ballot mode used one identical setup.","polling-place system reports multiple values: Hand marked paper ballots, BMDs for accessibility | accessible voting system differs from standard polling-place system | absentee system differs from standard polling-place system",verified-voting-verifier-oh-2024-equipment,https://verifiedvoting.org/verifier/#mode/navigate/map/voteEquip/mapType/ppEquip/year/2024/state/39,"Verified Voting Verifier data is jurisdiction-level election-administration context. Most rows are counties, but some states report state-level rows and some county rows can summarize mixed tabulation, accessible-device, absentee, poll-book, or other configurations. Treat it as source-linked context, not proof every precinct in a county used one identical setup, and not a turnout or vote-result source."
OH,2024,OH-139,Richland County,county,Dominion,Jurisdiction does not use BMDs,DRE,county_context,vvpat,DREs with VVPAT for all voters,DREs with VVPAT for all voters,Batch-Fed Optical Scanners,Commercial Electronic Poll Book,DRE,80649,83,34,county,true,Verifier row is a county-level summary. absentee system differs from standard polling-place system. Do not infer every precinct or ballot mode used one identical setup.,absentee system differs from standard polling-place system,verified-voting-verifier-oh-2024-equipment,https://verifiedvoting.org/verifier/#mode/navigate/map/voteEquip/mapType/ppEquip/year/2024/state/39,"Verified Voting Verifier data is jurisdiction-level election-administration context. Most rows are counties, but some states report state-level rows and some county rows can summarize mixed tabulation, accessible-device, absentee, poll-book, or other configurations. Treat it as source-linked context, not proof every precinct in a county used one identical setup, and not a turnout or vote-result source."
OH,2024,OH-141,Ross County,county,ES&S,ES&S ExpressVote Tabulator +,BMD/Tabulator,county_context,not_recorded,Ballot Marking Device/Tabulators for all voters,Ballot Marking Device/Tabulators for all voters,Batch-Fed Optical Scanners,In-House Electronic Poll Book,BMD/Tabulator,26361,65,23,county,true,Verifier row is a county-level summary. tabulation reports multiple values: BMD/Tabulator; polling-place system reports multiple values: Ballot Marking Device/Tabulators for all voters; accessible system reports multiple values: Ballot Marking Device/Tabulators for all voters; absentee system differs from standard polling-place system. Do not infer every precinct or ballot mode used one identical setup.,tabulation reports multiple values: BMD/Tabulator | polling-place system reports multiple values: Ballot Marking Device/Tabulators for all voters | accessible system reports multiple values: Ballot Marking Device/Tabulators for all voters | absentee system differs from standard polling-place system,verified-voting-verifier-oh-2024-equipment,https://verifiedvoting.org/verifier/#mode/navigate/map/voteEquip/mapType/ppEquip/year/2024/state/39,"Verified Voting Verifier data is jurisdiction-level election-administration context. Most rows are counties, but some states report state-level rows and some county rows can summarize mixed tabulation, accessible-device, absentee, poll-book, or other configurations. Treat it as source-linked context, not proof every precinct in a county used one identical setup, and not a turnout or vote-result source."
OH,2024,OH-143,Sandusky County,county,ES&S,ES&S ExpressVote +,Optical Scan,county_context,hand_marked_paper,"Hand marked paper ballots, BMDs for accessibility",Ballot Marking Devices for all voters,Batch-Fed Optical Scanners,Paper Poll Book,Optical Scan,34528,58,21,county,true,"Verifier row is a county-level summary. polling-place system reports multiple values: Hand marked paper ballots, BMDs for accessibility; accessible voting system differs from standard polling-place system; absentee system differs from standard polling-place system. Do not infer every precinct or ballot mode used one identical setup.","polling-place system reports multiple values: Hand marked paper ballots, BMDs for accessibility | accessible voting system differs from standard polling-place system | absentee system differs from standard polling-place system",verified-voting-verifier-oh-2024-equipment,https://verifiedvoting.org/verifier/#mode/navigate/map/voteEquip/mapType/ppEquip/year/2024/state/39,"Verified Voting Verifier data is jurisdiction-level election-administration context. Most rows are counties, but some states report state-level rows and some county rows can summarize mixed tabulation, accessible-device, absentee, poll-book, or other configurations. Treat it as source-linked context, not proof every precinct in a county used one identical setup, and not a turnout or vote-result source."
OH,2024,OH-145,Scioto County,county,Dominion,Jurisdiction does not use BMDs,DRE,county_context,vvpat,DREs with VVPAT for all voters,DREs with VVPAT for all voters,Batch-Fed Optical Scanners,Commercial Electronic Poll Book,DRE,37252,77,26,county,true,Verifier row is a county-level summary. absentee system differs from standard polling-place system. Do not infer every precinct or ballot mode used one identical setup.,absentee system differs from standard polling-place system,verified-voting-verifier-oh-2024-equipment,https://verifiedvoting.org/verifier/#mode/navigate/map/voteEquip/mapType/ppEquip/year/2024/state/39,"Verified Voting Verifier data is jurisdiction-level election-administration context. Most rows are counties, but some states report state-level rows and some county rows can summarize mixed tabulation, accessible-device, absentee, poll-book, or other configurations. Treat it as source-linked context, not proof every precinct in a county used one identical setup, and not a turnout or vote-result source."
OH,2024,OH-147,Seneca County,county,ES&S,ES&S ExpressVote Tabulator +,BMD/Tabulator,county_context,not_recorded,Ballot Marking Device/Tabulators for all voters,Ballot Marking Device/Tabulators for all voters,Batch-Fed Optical Scanners,In-House Electronic Poll Book,BMD/Tabulator,34779,51,30,county,true,Verifier row is a county-level summary. tabulation reports multiple values: BMD/Tabulator; polling-place system reports multiple values: Ballot Marking Device/Tabulators for all voters; accessible system reports multiple values: Ballot Marking Device/Tabulators for all voters; absentee system differs from standard polling-place system. Do not infer every precinct or ballot mode used one identical setup.,tabulation reports multiple values: BMD/Tabulator | polling-place system reports multiple values: Ballot Marking Device/Tabulators for all voters | accessible system reports multiple values: Ballot Marking Device/Tabulators for all voters | absentee system differs from standard polling-place system,verified-voting-verifier-oh-2024-equipment,https://verifiedvoting.org/verifier/#mode/navigate/map/voteEquip/mapType/ppEquip/year/2024/state/39,"Verified Voting Verifier data is jurisdiction-level election-administration context. Most rows are counties, but some states report state-level rows and some county rows can summarize mixed tabulation, accessible-device, absentee, poll-book, or other configurations. Treat it as source-linked context, not proof every precinct in a county used one identical setup, and not a turnout or vote-result source."
OH,2024,OH-149,Shelby County,county,ES&S,ES&S ExpressVote +,Optical Scan,county_context,hand_marked_paper,"Hand marked paper ballots, BMDs for accessibility",Ballot Marking Devices for all voters,Batch-Fed Optical Scanners,Commercial Electronic Poll Book,Optical Scan,32947,36,17,county,true,"Verifier row is a county-level summary. polling-place system reports multiple values: Hand marked paper ballots, BMDs for accessibility; accessible voting system differs from standard polling-place system; absentee system differs from standard polling-place system. Do not infer every precinct or ballot mode used one identical setup.","polling-place system reports multiple values: Hand marked paper ballots, BMDs for accessibility | accessible voting system differs from standard polling-place system | absentee system differs from standard polling-place system",verified-voting-verifier-oh-2024-equipment,https://verifiedvoting.org/verifier/#mode/navigate/map/voteEquip/mapType/ppEquip/year/2024/state/39,"Verified Voting Verifier data is jurisdiction-level election-administration context. Most rows are counties, but some states report state-level rows and some county rows can summarize mixed tabulation, accessible-device, absentee, poll-book, or other configurations. Treat it as source-linked context, not proof every precinct in a county used one identical setup, and not a turnout or vote-result source."
OH,2024,OH-151,Stark County,county,Dominion,Jurisdiction does not use BMDs,DRE,county_context,vvpat,DREs with VVPAT for all voters,DREs with VVPAT for all voters,Batch-Fed Optical Scanners,Commercial Electronic Poll Book,DRE,208575,274,107,county,true,Verifier row is a county-level summary. absentee system differs from standard polling-place system. Do not infer every precinct or ballot mode used one identical setup.,absentee system differs from standard polling-place system,verified-voting-verifier-oh-2024-equipment,https://verifiedvoting.org/verifier/#mode/navigate/map/voteEquip/mapType/ppEquip/year/2024/state/39,"Verified Voting Verifier data is jurisdiction-level election-administration context. Most rows are counties, but some states report state-level rows and some county rows can summarize mixed tabulation, accessible-device, absentee, poll-book, or other configurations. Treat it as source-linked context, not proof every precinct in a county used one identical setup, and not a turnout or vote-result source."
OH,2024,OH-153,Summit County,county,Clear Ballot,Clear Ballot ClearAccess +,Optical Scan,county_context,hand_marked_paper,"Hand marked paper ballots, BMDs for accessibility",Ballot Marking Devices for all voters,Batch-Fed Optical Scanners,Commercial Electronic Poll Book,Optical Scan,382722,371,159,county,true,"Verifier row is a county-level summary. polling-place system reports multiple values: Hand marked paper ballots, BMDs for accessibility; accessible voting system differs from standard polling-place system; absentee system differs from standard polling-place system. Do not infer every precinct or ballot mode used one identical setup.","polling-place system reports multiple values: Hand marked paper ballots, BMDs for accessibility | accessible voting system differs from standard polling-place system | absentee system differs from standard polling-place system",verified-voting-verifier-oh-2024-equipment,https://verifiedvoting.org/verifier/#mode/navigate/map/voteEquip/mapType/ppEquip/year/2024/state/39,"Verified Voting Verifier data is jurisdiction-level election-administration context. Most rows are counties, but some states report state-level rows and some county rows can summarize mixed tabulation, accessible-device, absentee, poll-book, or other configurations. Treat it as source-linked context, not proof every precinct in a county used one identical setup, and not a turnout or vote-result source."
OH,2024,OH-155,Trumbull County,county,ES&S,ES&S ExpressVote +,Optical Scan,county_context,hand_marked_paper,"Hand marked paper ballots, BMDs for accessibility",Ballot Marking Devices for all voters,Batch-Fed Optical Scanners,Commercial Electronic Poll Book,Optical Scan,136878,158,52,county,true,"Verifier row is a county-level summary. polling-place system reports multiple values: Hand marked paper ballots, BMDs for accessibility; accessible voting system differs from standard polling-place system; absentee system differs from standard polling-place system. Do not infer every precinct or ballot mode used one identical setup.","polling-place system reports multiple values: Hand marked paper ballots, BMDs for accessibility | accessible voting system differs from standard polling-place system | absentee system differs from standard polling-place system",verified-voting-verifier-oh-2024-equipment,https://verifiedvoting.org/verifier/#mode/navigate/map/voteEquip/mapType/ppEquip/year/2024/state/39,"Verified Voting Verifier data is jurisdiction-level election-administration context. Most rows are counties, but some states report state-level rows and some county rows can summarize mixed tabulation, accessible-device, absentee, poll-book, or other configurations. Treat it as source-linked context, not proof every precinct in a county used one identical setup, and not a turnout or vote-result source."
OH,2024,OH-157,Tuscarawas County,county,ES&S,ES&S ExpressVote +,Optical Scan,county_context,hand_marked_paper,"Hand marked paper ballots, BMDs for accessibility",Ballot Marking Devices for all voters,Batch-Fed Optical Scanners,Commercial Electronic Poll Book,Optical Scan,44258,81,40,county,true,"Verifier row is a county-level summary. polling-place system reports multiple values: Hand marked paper ballots, BMDs for accessibility; accessible voting system differs from standard polling-place system; absentee system differs from standard polling-place system. Do not infer every precinct or ballot mode used one identical setup.","polling-place system reports multiple values: Hand marked paper ballots, BMDs for accessibility | accessible voting system differs from standard polling-place system | absentee system differs from standard polling-place system",verified-voting-verifier-oh-2024-equipment,https://verifiedvoting.org/verifier/#mode/navigate/map/voteEquip/mapType/ppEquip/year/2024/state/39,"Verified Voting Verifier data is jurisdiction-level election-administration context. Most rows are counties, but some states report state-level rows and some county rows can summarize mixed tabulation, accessible-device, absentee, poll-book, or other configurations. Treat it as source-linked context, not proof every precinct in a county used one identical setup, and not a turnout or vote-result source."
OH,2024,OH-159,Union County,county,Unisyn,Unisyn OpenElect FVT +,Optical Scan,county_context,not_recorded,Ballot Marking Devices for all voters,Ballot Marking Devices for all voters,Batch-Fed Optical Scanners,In-House Electronic Poll Book,Optical Scan,37686,50,10,county,true,Verifier row is a county-level summary. absentee system differs from standard polling-place system. Do not infer every precinct or ballot mode used one identical setup.,absentee system differs from standard polling-place system,verified-voting-verifier-oh-2024-equipment,https://verifiedvoting.org/verifier/#mode/navigate/map/voteEquip/mapType/ppEquip/year/2024/state/39,"Verified Voting Verifier data is jurisdiction-level election-administration context. Most rows are counties, but some states report state-level rows and some county rows can summarize mixed tabulation, accessible-device, absentee, poll-book, or other configurations. Treat it as source-linked context, not proof every precinct in a county used one identical setup, and not a turnout or vote-result source."
OH,2024,OH-161,Van Wert County,county,ES&S,ES&S ExpressVote +,Optical Scan,county_context,not_recorded,Ballot Marking Devices for all voters,Ballot Marking Devices for all voters,Batch-Fed Optical Scanners,In-House Electronic Poll Book,Optical Scan,14377,32,5,county,true,Verifier row is a county-level summary. absentee system differs from standard polling-place system. Do not infer every precinct or ballot mode used one identical setup.,absentee system differs from standard polling-place system,verified-voting-verifier-oh-2024-equipment,https://verifiedvoting.org/verifier/#mode/navigate/map/voteEquip/mapType/ppEquip/year/2024/state/39,"Verified Voting Verifier data is jurisdiction-level election-administration context. Most rows are counties, but some states report state-level rows and some county rows can summarize mixed tabulation, accessible-device, absentee, poll-book, or other configurations. Treat it as source-linked context, not proof every precinct in a county used one identical setup, and not a turnout or vote-result source."
OH,2024,OH-163,Vinton County,county,ES&S,ES&S ExpressVote +,Optical Scan,county_context,hand_marked_paper,"Hand marked paper ballots, BMDs for accessibility",Ballot Marking Devices for all voters,Batch-Fed Optical Scanners,Commercial Electronic Poll Book,Optical Scan,5350,20,5,county,true,"Verifier row is a county-level summary. polling-place system reports multiple values: Hand marked paper ballots, BMDs for accessibility; accessible voting system differs from standard polling-place system; absentee system differs from standard polling-place system. Do not infer every precinct or ballot mode used one identical setup.","polling-place system reports multiple values: Hand marked paper ballots, BMDs for accessibility | accessible voting system differs from standard polling-place system | absentee system differs from standard polling-place system",verified-voting-verifier-oh-2024-equipment,https://verifiedvoting.org/verifier/#mode/navigate/map/voteEquip/mapType/ppEquip/year/2024/state/39,"Verified Voting Verifier data is jurisdiction-level election-administration context. Most rows are counties, but some states report state-level rows and some county rows can summarize mixed tabulation, accessible-device, absentee, poll-book, or other configurations. Treat it as source-linked context, not proof every precinct in a county used one identical setup, and not a turnout or vote-result source."
OH,2024,OH-165,Warren County,county,Clear Ballot,Clear Ballot ClearAccess +,Optical Scan,county_context,hand_marked_paper,"Hand marked paper ballots, BMDs for accessibility",Ballot Marking Devices for all voters,Batch-Fed Optical Scanners,Commercial Electronic Poll Book,Optical Scan,178612,175,57,county,true,"Verifier row is a county-level summary. polling-place system reports multiple values: Hand marked paper ballots, BMDs for accessibility; accessible voting system differs from standard polling-place system; absentee system differs from standard polling-place system. Do not infer every precinct or ballot mode used one identical setup.","polling-place system reports multiple values: Hand marked paper ballots, BMDs for accessibility | accessible voting system differs from standard polling-place system | absentee system differs from standard polling-place system",verified-voting-verifier-oh-2024-equipment,https://verifiedvoting.org/verifier/#mode/navigate/map/voteEquip/mapType/ppEquip/year/2024/state/39,"Verified Voting Verifier data is jurisdiction-level election-administration context. Most rows are counties, but some states report state-level rows and some county rows can summarize mixed tabulation, accessible-device, absentee, poll-book, or other configurations. Treat it as source-linked context, not proof every precinct in a county used one identical setup, and not a turnout or vote-result source."
OH,2024,OH-167,Washington County,county,Unisyn,Unisyn OpenElect FVT +,Optical Scan,county_context,not_recorded,Ballot Marking Devices for all voters,Ballot Marking Devices for all voters,Batch-Fed Optical Scanners,In-House Electronic Poll Book,Optical Scan,36929,50,9,county,true,Verifier row is a county-level summary. absentee system differs from standard polling-place system. Do not infer every precinct or ballot mode used one identical setup.,absentee system differs from standard polling-place system,verified-voting-verifier-oh-2024-equipment,https://verifiedvoting.org/verifier/#mode/navigate/map/voteEquip/mapType/ppEquip/year/2024/state/39,"Verified Voting Verifier data is jurisdiction-level election-administration context. Most rows are counties, but some states report state-level rows and some county rows can summarize mixed tabulation, accessible-device, absentee, poll-book, or other configurations. Treat it as source-linked context, not proof every precinct in a county used one identical setup, and not a turnout or vote-result source."
OH,2024,OH-169,Wayne County,county,Dominion,Jurisdiction does not use BMDs,DRE,county_context,vvpat,DREs with VVPAT for all voters,DREs with VVPAT for all voters,Batch-Fed Optical Scanners,Commercial Electronic Poll Book,DRE,70388,67,40,county,true,Verifier row is a county-level summary. absentee system differs from standard polling-place system. Do not infer every precinct or ballot mode used one identical setup.,absentee system differs from standard polling-place system,verified-voting-verifier-oh-2024-equipment,https://verifiedvoting.org/verifier/#mode/navigate/map/voteEquip/mapType/ppEquip/year/2024/state/39,"Verified Voting Verifier data is jurisdiction-level election-administration context. Most rows are counties, but some states report state-level rows and some county rows can summarize mixed tabulation, accessible-device, absentee, poll-book, or other configurations. Treat it as source-linked context, not proof every precinct in a county used one identical setup, and not a turnout or vote-result source."
OH,2024,OH-171,Williams County,county,Hart InterCivic,Hart InterCivic Verity Touch Writer +,Optical Scan,county_context,hand_marked_paper,"Hand marked paper ballots, BMDs for accessibility",Ballot Marking Devices for all voters,Batch-Fed Optical Scanners,Commercial Electronic Poll Book,Optical Scan,25160,26,14,county,true,"Verifier row is a county-level summary. polling-place system reports multiple values: Hand marked paper ballots, BMDs for accessibility; accessible voting system differs from standard polling-place system; absentee system differs from standard polling-place system. Do not infer every precinct or ballot mode used one identical setup.","polling-place system reports multiple values: Hand marked paper ballots, BMDs for accessibility | accessible voting system differs from standard polling-place system | absentee system differs from standard polling-place system",verified-voting-verifier-oh-2024-equipment,https://verifiedvoting.org/verifier/#mode/navigate/map/voteEquip/mapType/ppEquip/year/2024/state/39,"Verified Voting Verifier data is jurisdiction-level election-administration context. Most rows are counties, but some states report state-level rows and some county rows can summarize mixed tabulation, accessible-device, absentee, poll-book, or other configurations. Treat it as source-linked context, not proof every precinct in a county used one identical setup, and not a turnout or vote-result source."
OH,2024,OH-173,Wood County,county,Dominion,Jurisdiction does not use BMDs,DRE,county_context,vvpat,DREs with VVPAT for all voters,DREs with VVPAT for all voters,Batch-Fed Optical Scanners,Commercial Electronic Poll Book,DRE,74322,99,27,county,true,Verifier row is a county-level summary. absentee system differs from standard polling-place system. Do not infer every precinct or ballot mode used one identical setup.,absentee system differs from standard polling-place system,verified-voting-verifier-oh-2024-equipment,https://verifiedvoting.org/verifier/#mode/navigate/map/voteEquip/mapType/ppEquip/year/2024/state/39,"Verified Voting Verifier data is jurisdiction-level election-administration context. Most rows are counties, but some states report state-level rows and some county rows can summarize mixed tabulation, accessible-device, absentee, poll-book, or other configurations. Treat it as source-linked context, not proof every precinct in a county used one identical setup, and not a turnout or vote-result source."
OH,2024,OH-175,Wyandot County,county,ES&S,ES&S ExpressVote +,Optical Scan,county_context,not_recorded,Ballot Marking Devices for all voters,Ballot Marking Devices for all voters,Hand-Fed Optical Scanners,In-House Electronic Poll Book,Optical Scan,12140,23,9,county,true,Verifier row is a county-level summary. absentee system differs from standard polling-place system. Do not infer every precinct or ballot mode used one identical setup.,absentee system differs from standard polling-place system,verified-voting-verifier-oh-2024-equipment,https://verifiedvoting.org/verifier/#mode/navigate/map/voteEquip/mapType/ppEquip/year/2024/state/39,"Verified Voting Verifier data is jurisdiction-level election-administration context. Most rows are counties, but some states report state-level rows and some county rows can summarize mixed tabulation, accessible-device, absentee, poll-book, or other configurations. Treat it as source-linked context, not proof every precinct in a county used one identical setup, and not a turnout or vote-result source."
