state,electionYear,jurisdictionCode,jurisdictionName,level,vendor,systemName,equipmentType,usage,paperRecord,standardSystem,accessibleSystem,absenteeSystem,pollBookSystem,tabulation,registeredVoters,precincts,pollingPlaces,sourceDocumentId,sourceUrl,caveat
TX,2024,TX-001,Anderson County,county,ES&S,ES&S ExpressVote +,Optical Scan and DRE,county_context,vvpat,BMDs and DREs without VVPAT for all voters,BMDs and DREs without VVPAT for all voters,Batch-Fed Optical Scanners,In-House Electronic Poll Book,Optical Scan and DRE,27876,23,22,verified-voting-verifier-tx-2024-equipment,https://verifiedvoting.org/verifier/#mode/navigate/map/voteEquip/mapType/ppEquip/year/2024/state/48,Verified Voting Verifier data is county-level election-administration context. It documents equipment systems and related fields by jurisdiction; it is not a turnout or vote-result source.
TX,2024,TX-003,Andrews County,county,ES&S,ES&S ExpressVote +,Optical Scan,county_context,not_recorded,Ballot Marking Devices for all voters,Ballot Marking Devices for all voters,Batch-Fed Optical Scanners,In-House Electronic Poll Book,Optical Scan,9488,4,1,verified-voting-verifier-tx-2024-equipment,https://verifiedvoting.org/verifier/#mode/navigate/map/voteEquip/mapType/ppEquip/year/2024/state/48,Verified Voting Verifier data is county-level election-administration context. It documents equipment systems and related fields by jurisdiction; it is not a turnout or vote-result source.
TX,2024,TX-005,Angelina County,county,ES&S,ES&S ExpressVote +,Optical Scan,county_context,not_recorded,Ballot Marking Devices for all voters,Ballot Marking Devices for all voters,Hand-Fed Optical Scanners,In-House Electronic Poll Book,Optical Scan,51129,42,21,verified-voting-verifier-tx-2024-equipment,https://verifiedvoting.org/verifier/#mode/navigate/map/voteEquip/mapType/ppEquip/year/2024/state/48,Verified Voting Verifier data is county-level election-administration context. It documents equipment systems and related fields by jurisdiction; it is not a turnout or vote-result source.
TX,2024,TX-007,Aransas County,county,Hart InterCivic,Hart InterCivic Verity Duo +,Optical Scan,county_context,not_recorded,Ballot Marking Devices for all voters,Ballot Marking Devices for all voters,Hand-Fed Optical Scanners,In-House Electronic Poll Book,Optical Scan,17284,6,4,verified-voting-verifier-tx-2024-equipment,https://verifiedvoting.org/verifier/#mode/navigate/map/voteEquip/mapType/ppEquip/year/2024/state/48,Verified Voting Verifier data is county-level election-administration context. It documents equipment systems and related fields by jurisdiction; it is not a turnout or vote-result source.
TX,2024,TX-009,Archer County,county,Hart InterCivic,Hart InterCivic Verity Duo +,Optical Scan,county_context,not_recorded,Ballot Marking Devices for all voters,Ballot Marking Devices for all voters,Batch-Fed Optical Scanners,In-House Electronic Poll Book,Optical Scan,6551,13,6,verified-voting-verifier-tx-2024-equipment,https://verifiedvoting.org/verifier/#mode/navigate/map/voteEquip/mapType/ppEquip/year/2024/state/48,Verified Voting Verifier data is county-level election-administration context. It documents equipment systems and related fields by jurisdiction; it is not a turnout or vote-result source.
TX,2024,TX-011,Armstrong County,county,ES&S,ES&S ExpressVote +,Optical Scan,county_context,hand_marked_paper,"Hand marked paper ballots, BMDs for accessibility",Ballot Marking Devices for all voters,Hand-Fed Optical Scanners,Commercial Electronic Poll Book,Optical Scan,1336,9,3,verified-voting-verifier-tx-2024-equipment,https://verifiedvoting.org/verifier/#mode/navigate/map/voteEquip/mapType/ppEquip/year/2024/state/48,Verified Voting Verifier data is county-level election-administration context. It documents equipment systems and related fields by jurisdiction; it is not a turnout or vote-result source.
TX,2024,TX-013,Atascosa County,county,ES&S,ES&S ExpressVote +,Optical Scan and DRE,county_context,vvpat,BMDs and DREs without VVPAT for all voters,BMDs and DREs without VVPAT for all voters,Hand-Fed Optical Scanners,In-House Electronic Poll Book,Optical Scan and DRE,29141,20,13,verified-voting-verifier-tx-2024-equipment,https://verifiedvoting.org/verifier/#mode/navigate/map/voteEquip/mapType/ppEquip/year/2024/state/48,Verified Voting Verifier data is county-level election-administration context. It documents equipment systems and related fields by jurisdiction; it is not a turnout or vote-result source.
TX,2024,TX-015,Austin County,county,ES&S,ES&S ExpressVote +,Optical Scan,county_context,not_recorded,Ballot Marking Devices for all voters,Ballot Marking Devices for all voters,Batch-Fed Optical Scanners,In-House Electronic Poll Book,Optical Scan,20446,15,10,verified-voting-verifier-tx-2024-equipment,https://verifiedvoting.org/verifier/#mode/navigate/map/voteEquip/mapType/ppEquip/year/2024/state/48,Verified Voting Verifier data is county-level election-administration context. It documents equipment systems and related fields by jurisdiction; it is not a turnout or vote-result source.
TX,2024,TX-017,Bailey County,county,ES&S,ES&S ExpressVote +,Optical Scan,county_context,not_recorded,Ballot Marking Devices for all voters,Ballot Marking Devices for all voters,Hand-Fed Optical Scanners,Commercial Electronic Poll Book,Optical Scan,2894,4,4,verified-voting-verifier-tx-2024-equipment,https://verifiedvoting.org/verifier/#mode/navigate/map/voteEquip/mapType/ppEquip/year/2024/state/48,Verified Voting Verifier data is county-level election-administration context. It documents equipment systems and related fields by jurisdiction; it is not a turnout or vote-result source.
TX,2024,TX-019,Bandera County,county,Hart InterCivic,Hart InterCivic Verity Duo +,Optical Scan,county_context,not_recorded,Ballot Marking Devices for all voters,Ballot Marking Devices for all voters,Hand-Fed Optical Scanners,In-House Electronic Poll Book,Optical Scan,17622,10,10,verified-voting-verifier-tx-2024-equipment,https://verifiedvoting.org/verifier/#mode/navigate/map/voteEquip/mapType/ppEquip/year/2024/state/48,Verified Voting Verifier data is county-level election-administration context. It documents equipment systems and related fields by jurisdiction; it is not a turnout or vote-result source.
TX,2024,TX-021,Bastrop County,county,ES&S,ES&S ExpressVote +,Optical Scan,county_context,not_recorded,Ballot Marking Devices for all voters,Ballot Marking Devices for all voters,Batch-Fed Optical Scanners,In-House Electronic Poll Book,Optical Scan,55842,26,15,verified-voting-verifier-tx-2024-equipment,https://verifiedvoting.org/verifier/#mode/navigate/map/voteEquip/mapType/ppEquip/year/2024/state/48,Verified Voting Verifier data is county-level election-administration context. It documents equipment systems and related fields by jurisdiction; it is not a turnout or vote-result source.
TX,2024,TX-023,Baylor County,county,ES&S,ES&S ExpressVote +,Optical Scan,county_context,not_recorded,Ballot Marking Devices for all voters,Ballot Marking Devices for all voters,Hand-Fed Optical Scanners,In-House Electronic Poll Book,Optical Scan,2257,4,4,verified-voting-verifier-tx-2024-equipment,https://verifiedvoting.org/verifier/#mode/navigate/map/voteEquip/mapType/ppEquip/year/2024/state/48,Verified Voting Verifier data is county-level election-administration context. It documents equipment systems and related fields by jurisdiction; it is not a turnout or vote-result source.
TX,2024,TX-025,Bee County,county,Hart InterCivic,Hart InterCivic Verity Duo +,Optical Scan,county_context,not_recorded,Ballot Marking Devices for all voters,Ballot Marking Devices for all voters,Hand-Fed Optical Scanners,In-House Electronic Poll Book,Optical Scan,14078,13,9,verified-voting-verifier-tx-2024-equipment,https://verifiedvoting.org/verifier/#mode/navigate/map/voteEquip/mapType/ppEquip/year/2024/state/48,Verified Voting Verifier data is county-level election-administration context. It documents equipment systems and related fields by jurisdiction; it is not a turnout or vote-result source.
TX,2024,TX-027,Bell County,county,ES&S,ES&S ExpressVote +,Optical Scan,county_context,not_recorded,Ballot Marking Devices for all voters,Ballot Marking Devices for all voters,Batch-Fed Optical Scanners,In-House Electronic Poll Book,Optical Scan,198132,65,42,verified-voting-verifier-tx-2024-equipment,https://verifiedvoting.org/verifier/#mode/navigate/map/voteEquip/mapType/ppEquip/year/2024/state/48,Verified Voting Verifier data is county-level election-administration context. It documents equipment systems and related fields by jurisdiction; it is not a turnout or vote-result source.
TX,2024,TX-029,Bexar County,county,ES&S,ES&S ExpressVote +,Optical Scan and DRE,county_context,vvpat,BMDs and DREs without VVPAT for all voters,BMDs and DREs without VVPAT,Batch-Fed Optical Scanners,In-House Electronic Poll Book,Optical Scan and DRE,1150317,776,302,verified-voting-verifier-tx-2024-equipment,https://verifiedvoting.org/verifier/#mode/navigate/map/voteEquip/mapType/ppEquip/year/2024/state/48,Verified Voting Verifier data is county-level election-administration context. It documents equipment systems and related fields by jurisdiction; it is not a turnout or vote-result source.
TX,2024,TX-031,Blanco County,county,ES&S,ES&S ExpressVote +,Optical Scan,county_context,not_recorded,Ballot Marking Devices for all voters,Ballot Marking Devices for all voters,Hand-Fed Optical Scanners,In-House Electronic Poll Book,Optical Scan,10219,5,5,verified-voting-verifier-tx-2024-equipment,https://verifiedvoting.org/verifier/#mode/navigate/map/voteEquip/mapType/ppEquip/year/2024/state/48,Verified Voting Verifier data is county-level election-administration context. It documents equipment systems and related fields by jurisdiction; it is not a turnout or vote-result source.
TX,2024,TX-033,Borden County,county,ES&S,ES&S ExpressVote +,Optical Scan,county_context,hand_marked_paper,"Hand marked paper ballots, BMDs for accessibility",Ballot Marking Devices for all voters,Hand-Fed Optical Scanners,Paper Poll Book,Optical Scan,468,5,5,verified-voting-verifier-tx-2024-equipment,https://verifiedvoting.org/verifier/#mode/navigate/map/voteEquip/mapType/ppEquip/year/2024/state/48,Verified Voting Verifier data is county-level election-administration context. It documents equipment systems and related fields by jurisdiction; it is not a turnout or vote-result source.
TX,2024,TX-035,Bosque County,county,ES&S,ES&S ExpressVote +,Optical Scan,county_context,hand_marked_paper,"Hand marked paper ballots, BMDs for accessibility",Ballot Marking Devices for all voters,Hand-Fed Optical Scanners,Commercial Electronic Poll Book,Optical Scan,12444,11,9,verified-voting-verifier-tx-2024-equipment,https://verifiedvoting.org/verifier/#mode/navigate/map/voteEquip/mapType/ppEquip/year/2024/state/48,Verified Voting Verifier data is county-level election-administration context. It documents equipment systems and related fields by jurisdiction; it is not a turnout or vote-result source.
TX,2024,TX-037,Bowie County,county,ES&S,ES&S ExpressVote +,Optical Scan,county_context,not_recorded,Ballot Marking Devices for all voters,Ballot Marking Devices for all voters,Batch-Fed Optical Scanners,In-House Electronic Poll Book,Optical Scan,53804,50,25,verified-voting-verifier-tx-2024-equipment,https://verifiedvoting.org/verifier/#mode/navigate/map/voteEquip/mapType/ppEquip/year/2024/state/48,Verified Voting Verifier data is county-level election-administration context. It documents equipment systems and related fields by jurisdiction; it is not a turnout or vote-result source.
TX,2024,TX-039,Brazoria County,county,Hart InterCivic,Hart InterCivic Verity Duo +,Optical Scan,county_context,not_recorded,Ballot Marking Devices for all voters,Ballot Marking Devices for all voters,Batch-Fed Optical Scanners,In-House Electronic Poll Book,Optical Scan,228481,80,30,verified-voting-verifier-tx-2024-equipment,https://verifiedvoting.org/verifier/#mode/navigate/map/voteEquip/mapType/ppEquip/year/2024/state/48,Verified Voting Verifier data is county-level election-administration context. It documents equipment systems and related fields by jurisdiction; it is not a turnout or vote-result source.
TX,2024,TX-041,Brazos County,county,Hart InterCivic,Hart InterCivic Verity Duo +,Optical Scan,county_context,not_recorded,Ballot Marking Devices for all voters,Ballot Marking Devices for all voters,Batch-Fed Optical Scanners,In-House Electronic Poll Book,Optical Scan,115747,114,28,verified-voting-verifier-tx-2024-equipment,https://verifiedvoting.org/verifier/#mode/navigate/map/voteEquip/mapType/ppEquip/year/2024/state/48,Verified Voting Verifier data is county-level election-administration context. It documents equipment systems and related fields by jurisdiction; it is not a turnout or vote-result source.
TX,2024,TX-043,Brewster County,county,ES&S,ES&S ExpressVote +,Optical Scan,county_context,hand_marked_paper,"Hand marked paper ballots, BMDs for accessibility",Ballot Marking Devices for all voters,Hand-Fed Optical Scanners,Commercial Electronic Poll Book,Optical Scan,6250,9,7,verified-voting-verifier-tx-2024-equipment,https://verifiedvoting.org/verifier/#mode/navigate/map/voteEquip/mapType/ppEquip/year/2024/state/48,Verified Voting Verifier data is county-level election-administration context. It documents equipment systems and related fields by jurisdiction; it is not a turnout or vote-result source.
TX,2024,TX-045,Briscoe County,county,ES&S,ES&S ExpressVote +,Optical Scan,county_context,not_recorded,Ballot Marking Devices for all voters,Ballot Marking Devices for all voters,Hand-Fed Optical Scanners,In-House Electronic Poll Book,Optical Scan,942,5,4,verified-voting-verifier-tx-2024-equipment,https://verifiedvoting.org/verifier/#mode/navigate/map/voteEquip/mapType/ppEquip/year/2024/state/48,Verified Voting Verifier data is county-level election-administration context. It documents equipment systems and related fields by jurisdiction; it is not a turnout or vote-result source.
TX,2024,TX-047,Brooks County,county,Hart InterCivic,Jurisdiction does not use BMDs,Optical Scan and DRE,county_context,hand_marked_paper,"Hand marked paper ballots, DREs for accessibility without VVPAT",DREs without VVPAT for all voters,Hand-Fed Optical Scanners,Paper Poll Book,Optical Scan and DRE,4327,5,6,verified-voting-verifier-tx-2024-equipment,https://verifiedvoting.org/verifier/#mode/navigate/map/voteEquip/mapType/ppEquip/year/2024/state/48,Verified Voting Verifier data is county-level election-administration context. It documents equipment systems and related fields by jurisdiction; it is not a turnout or vote-result source.
TX,2024,TX-049,Brown County,county,Hart InterCivic,Hart InterCivic Verity Duo +,Optical Scan,county_context,not_recorded,Ballot Marking Devices for all voters,Ballot Marking Devices for all voters,Batch-Fed Optical Scanners,In-House Electronic Poll Book,Optical Scan,23179,18,15,verified-voting-verifier-tx-2024-equipment,https://verifiedvoting.org/verifier/#mode/navigate/map/voteEquip/mapType/ppEquip/year/2024/state/48,Verified Voting Verifier data is county-level election-administration context. It documents equipment systems and related fields by jurisdiction; it is not a turnout or vote-result source.
TX,2024,TX-051,Burleson County,county,Hart InterCivic,Hart InterCivic Verity Duo +,Optical Scan,county_context,not_recorded,Ballot Marking Devices for all voters,Ballot Marking Devices for all voters,Hand-Fed Optical Scanners,In-House Electronic Poll Book,Optical Scan,12640,13,9,verified-voting-verifier-tx-2024-equipment,https://verifiedvoting.org/verifier/#mode/navigate/map/voteEquip/mapType/ppEquip/year/2024/state/48,Verified Voting Verifier data is county-level election-administration context. It documents equipment systems and related fields by jurisdiction; it is not a turnout or vote-result source.
TX,2024,TX-053,Burnet County,county,Hart InterCivic,Jurisdiction does not use BMDs,DRE,county_context,vvpat,DREs without VVPAT for all voters,DREs without VVPAT for all voters,Batch-Fed Optical Scanners,Commercial Electronic Poll Book,DRE,36122,20,19,verified-voting-verifier-tx-2024-equipment,https://verifiedvoting.org/verifier/#mode/navigate/map/voteEquip/mapType/ppEquip/year/2024/state/48,Verified Voting Verifier data is county-level election-administration context. It documents equipment systems and related fields by jurisdiction; it is not a turnout or vote-result source.
TX,2024,TX-055,Caldwell County,county,ES&S,ES&S ExpressVote +,Optical Scan,county_context,not_recorded,Ballot Marking Devices for all voters,Ballot Marking Devices for all voters,Batch-Fed Optical Scanners,In-House Electronic Poll Book,Optical Scan,24248,24,16,verified-voting-verifier-tx-2024-equipment,https://verifiedvoting.org/verifier/#mode/navigate/map/voteEquip/mapType/ppEquip/year/2024/state/48,Verified Voting Verifier data is county-level election-administration context. It documents equipment systems and related fields by jurisdiction; it is not a turnout or vote-result source.
TX,2024,TX-057,Calhoun County,county,ES&S,ES&S AutoMARK +,Optical Scan,county_context,hand_marked_paper,"Hand marked paper ballots, BMDs for accessibility",Ballot Marking Devices for all voters,Batch-Fed Optical Scanners,Commercial Electronic Poll Book,Optical Scan,11903,11,11,verified-voting-verifier-tx-2024-equipment,https://verifiedvoting.org/verifier/#mode/navigate/map/voteEquip/mapType/ppEquip/year/2024/state/48,Verified Voting Verifier data is county-level election-administration context. It documents equipment systems and related fields by jurisdiction; it is not a turnout or vote-result source.
TX,2024,TX-059,Callahan County,county,Hart InterCivic,Hart InterCivic Verity Duo +,Optical Scan,county_context,not_recorded,Ballot Marking Devices for all voters,Ballot Marking Devices for all voters,Batch-Fed Optical Scanners,In-House Electronic Poll Book,Optical Scan,9540,4,4,verified-voting-verifier-tx-2024-equipment,https://verifiedvoting.org/verifier/#mode/navigate/map/voteEquip/mapType/ppEquip/year/2024/state/48,Verified Voting Verifier data is county-level election-administration context. It documents equipment systems and related fields by jurisdiction; it is not a turnout or vote-result source.
TX,2024,TX-061,Cameron County,county,ES&S,ES&S ExpressVote +,Optical Scan,county_context,hand_marked_paper,"Hand marked paper ballots, BMDs for accessibility",Ballot Marking Devices for all voters,Batch-Fed Optical Scanners,Commercial Electronic Poll Book,Optical Scan,215281,101,68,verified-voting-verifier-tx-2024-equipment,https://verifiedvoting.org/verifier/#mode/navigate/map/voteEquip/mapType/ppEquip/year/2024/state/48,Verified Voting Verifier data is county-level election-administration context. It documents equipment systems and related fields by jurisdiction; it is not a turnout or vote-result source.
TX,2024,TX-063,Camp County,county,ES&S,ES&S ExpressVote +,Optical Scan,county_context,hand_marked_paper,"Hand marked paper ballots, BMDs for accessibility",Ballot Marking Devices for all voters,Hand-Fed Optical Scanners,Paper Poll Book,Optical Scan,7767,5,4,verified-voting-verifier-tx-2024-equipment,https://verifiedvoting.org/verifier/#mode/navigate/map/voteEquip/mapType/ppEquip/year/2024/state/48,Verified Voting Verifier data is county-level election-administration context. It documents equipment systems and related fields by jurisdiction; it is not a turnout or vote-result source.
TX,2024,TX-065,Carson County,county,ES&S,ES&S ExpressVote +,Optical Scan,county_context,not_recorded,Ballot Marking Devices for all voters,Ballot Marking Devices for all voters,Batch-Fed Optical Scanners,In-House Electronic Poll Book,Optical Scan,4001,9,6,verified-voting-verifier-tx-2024-equipment,https://verifiedvoting.org/verifier/#mode/navigate/map/voteEquip/mapType/ppEquip/year/2024/state/48,Verified Voting Verifier data is county-level election-administration context. It documents equipment systems and related fields by jurisdiction; it is not a turnout or vote-result source.
TX,2024,TX-067,Cass County,county,Hart InterCivic,Hart InterCivic Verity Touch Writer +,Optical Scan,county_context,hand_marked_paper,"Hand marked paper ballots, BMDs for accessibility",Ballot Marking Devices for all voters,Hand-Fed Optical Scanners,Commercial Electronic Poll Book,Optical Scan,19496,18,11,verified-voting-verifier-tx-2024-equipment,https://verifiedvoting.org/verifier/#mode/navigate/map/voteEquip/mapType/ppEquip/year/2024/state/48,Verified Voting Verifier data is county-level election-administration context. It documents equipment systems and related fields by jurisdiction; it is not a turnout or vote-result source.
TX,2024,TX-069,Castro County,county,Hart InterCivic,Jurisdiction does not use BMDs,Hand Count and DRE,county_context,vvpat,DREs without VVPAT for all voters,DREs without VVPAT for all voters,Hand Counted Optical Scanners,Commercial Electronic Poll Book,Hand Count and DRE,3342,7,7,verified-voting-verifier-tx-2024-equipment,https://verifiedvoting.org/verifier/#mode/navigate/map/voteEquip/mapType/ppEquip/year/2024/state/48,Verified Voting Verifier data is county-level election-administration context. It documents equipment systems and related fields by jurisdiction; it is not a turnout or vote-result source.
TX,2024,TX-071,Chambers County,county,Hart InterCivic,Hart InterCivic Verity Duo +,Optical Scan,county_context,not_recorded,Ballot Marking Devices for all voters,Ballot Marking Devices for all voters,Batch-Fed Optical Scanners,In-House Electronic Poll Book,Optical Scan,34207,20,10,verified-voting-verifier-tx-2024-equipment,https://verifiedvoting.org/verifier/#mode/navigate/map/voteEquip/mapType/ppEquip/year/2024/state/48,Verified Voting Verifier data is county-level election-administration context. It documents equipment systems and related fields by jurisdiction; it is not a turnout or vote-result source.
TX,2024,TX-073,Cherokee County,county,Hart InterCivic,Hart InterCivic Verity Duo +,Optical Scan,county_context,not_recorded,Ballot Marking Devices for all voters,Ballot Marking Devices for all voters,Hand-Fed Optical Scanners,In-House Electronic Poll Book,Optical Scan,29626,25,16,verified-voting-verifier-tx-2024-equipment,https://verifiedvoting.org/verifier/#mode/navigate/map/voteEquip/mapType/ppEquip/year/2024/state/48,Verified Voting Verifier data is county-level election-administration context. It documents equipment systems and related fields by jurisdiction; it is not a turnout or vote-result source.
TX,2024,TX-075,Childress County,county,ES&S,ES&S ExpressVote +,Optical Scan,county_context,not_recorded,Ballot Marking Devices for all voters,Ballot Marking Devices for all voters,Hand-Fed Optical Scanners,Commercial Electronic Poll Book,Optical Scan,3471,5,4,verified-voting-verifier-tx-2024-equipment,https://verifiedvoting.org/verifier/#mode/navigate/map/voteEquip/mapType/ppEquip/year/2024/state/48,Verified Voting Verifier data is county-level election-administration context. It documents equipment systems and related fields by jurisdiction; it is not a turnout or vote-result source.
TX,2024,TX-077,Clay County,county,ES&S,ES&S ExpressVote +,Optical Scan,county_context,not_recorded,Ballot Marking Devices for all voters,Ballot Marking Devices for all voters,Hand-Fed Optical Scanners,In-House Electronic Poll Book,Optical Scan,7669,16,13,verified-voting-verifier-tx-2024-equipment,https://verifiedvoting.org/verifier/#mode/navigate/map/voteEquip/mapType/ppEquip/year/2024/state/48,Verified Voting Verifier data is county-level election-administration context. It documents equipment systems and related fields by jurisdiction; it is not a turnout or vote-result source.
TX,2024,TX-079,Cochran County,county,ES&S,ES&S ExpressVote +,Optical Scan,county_context,hand_marked_paper,"Hand marked paper ballots, BMDs for accessibility",Ballot Marking Devices for all voters,Hand-Fed Optical Scanners,Commercial Electronic Poll Book,Optical Scan,1392,6,3,verified-voting-verifier-tx-2024-equipment,https://verifiedvoting.org/verifier/#mode/navigate/map/voteEquip/mapType/ppEquip/year/2024/state/48,Verified Voting Verifier data is county-level election-administration context. It documents equipment systems and related fields by jurisdiction; it is not a turnout or vote-result source.
TX,2024,TX-081,Coke County,county,Hart InterCivic,Hart InterCivic Verity Duo +,Optical Scan,county_context,not_recorded,Ballot Marking Devices for all voters,Ballot Marking Devices for all voters,Batch-Fed Optical Scanners,In-House Electronic Poll Book,Optical Scan,2433,4,4,verified-voting-verifier-tx-2024-equipment,https://verifiedvoting.org/verifier/#mode/navigate/map/voteEquip/mapType/ppEquip/year/2024/state/48,Verified Voting Verifier data is county-level election-administration context. It documents equipment systems and related fields by jurisdiction; it is not a turnout or vote-result source.
TX,2024,TX-083,Coleman County,county,ES&S,ES&S ExpressVote +,Optical Scan,county_context,not_recorded,Ballot Marking Devices for all voters,Ballot Marking Devices for all voters,Hand-Fed Optical Scanners,In-House Electronic Poll Book,Optical Scan,5679,5,4,verified-voting-verifier-tx-2024-equipment,https://verifiedvoting.org/verifier/#mode/navigate/map/voteEquip/mapType/ppEquip/year/2024/state/48,Verified Voting Verifier data is county-level election-administration context. It documents equipment systems and related fields by jurisdiction; it is not a turnout or vote-result source.
TX,2024,TX-085,Collin County,county,ES&S,ES&S ExpressVote +,Optical Scan and DRE,county_context,vvpat,BMDs and DREs without VVPAT for all voters,BMDs and DREs without VVPAT,Batch-Fed Optical Scanners,In-House Electronic Poll Book,Optical Scan and DRE,669006,252,117,verified-voting-verifier-tx-2024-equipment,https://verifiedvoting.org/verifier/#mode/navigate/map/voteEquip/mapType/ppEquip/year/2024/state/48,Verified Voting Verifier data is county-level election-administration context. It documents equipment systems and related fields by jurisdiction; it is not a turnout or vote-result source.
TX,2024,TX-087,Collingsworth County,county,Hand Counted Paper Ballots,ES&S AutoMARK +,Hand Count,county_context,hand_marked_paper,"Hand marked paper ballots, BMDs for accessibility",Ballot Marking Devices for all voters,Hand Counted Paper Ballots,Paper Poll Book,Hand Count,1883,7,7,verified-voting-verifier-tx-2024-equipment,https://verifiedvoting.org/verifier/#mode/navigate/map/voteEquip/mapType/ppEquip/year/2024/state/48,Verified Voting Verifier data is county-level election-administration context. It documents equipment systems and related fields by jurisdiction; it is not a turnout or vote-result source.
TX,2024,TX-089,Colorado County,county,ES&S,ES&S ExpressVote +,Optical Scan,county_context,hand_marked_paper,"Hand marked paper ballots, BMDs for accessibility",Ballot Marking Devices for all voters,Hand-Fed Optical Scanners,Commercial Electronic Poll Book,Optical Scan,13765,11,11,verified-voting-verifier-tx-2024-equipment,https://verifiedvoting.org/verifier/#mode/navigate/map/voteEquip/mapType/ppEquip/year/2024/state/48,Verified Voting Verifier data is county-level election-administration context. It documents equipment systems and related fields by jurisdiction; it is not a turnout or vote-result source.
TX,2024,TX-091,Comal County,county,Hart InterCivic,Hart InterCivic Verity Duo +,Optical Scan,county_context,not_recorded,Ballot Marking Devices for all voters,Ballot Marking Devices for all voters,Batch-Fed Optical Scanners,In-House Electronic Poll Book,Optical Scan,130820,34,26,verified-voting-verifier-tx-2024-equipment,https://verifiedvoting.org/verifier/#mode/navigate/map/voteEquip/mapType/ppEquip/year/2024/state/48,Verified Voting Verifier data is county-level election-administration context. It documents equipment systems and related fields by jurisdiction; it is not a turnout or vote-result source.
TX,2024,TX-093,Comanche County,county,Hart InterCivic,Hart InterCivic Verity Duo +,Optical Scan,county_context,hand_marked_paper,"Hand marked paper ballots, BMDs for accessibility",Ballot Marking Devices for all voters,Hand-Fed Optical Scanners,Commercial Electronic Poll Book,Optical Scan,9126,14,46,verified-voting-verifier-tx-2024-equipment,https://verifiedvoting.org/verifier/#mode/navigate/map/voteEquip/mapType/ppEquip/year/2024/state/48,Verified Voting Verifier data is county-level election-administration context. It documents equipment systems and related fields by jurisdiction; it is not a turnout or vote-result source.
TX,2024,TX-095,Concho County,county,Hart InterCivic,Hart InterCivic Verity Duo +,Optical Scan,county_context,not_recorded,Ballot Marking Devices for all voters,Ballot Marking Devices for all voters,Hand-Fed Optical Scanners,In-House Electronic Poll Book,Optical Scan,1642,8,8,verified-voting-verifier-tx-2024-equipment,https://verifiedvoting.org/verifier/#mode/navigate/map/voteEquip/mapType/ppEquip/year/2024/state/48,Verified Voting Verifier data is county-level election-administration context. It documents equipment systems and related fields by jurisdiction; it is not a turnout or vote-result source.
TX,2024,TX-097,Cooke County,county,ES&S,ES&S ExpressVote +,Optical Scan,county_context,not_recorded,Ballot Marking Devices for all voters,Ballot Marking Devices for all voters,Batch-Fed Optical Scanners,In-House Electronic Poll Book,Optical Scan,27847,17,15,verified-voting-verifier-tx-2024-equipment,https://verifiedvoting.org/verifier/#mode/navigate/map/voteEquip/mapType/ppEquip/year/2024/state/48,Verified Voting Verifier data is county-level election-administration context. It documents equipment systems and related fields by jurisdiction; it is not a turnout or vote-result source.
TX,2024,TX-099,Coryell County,county,Hart InterCivic,Hart InterCivic Verity Duo +,Optical Scan,county_context,not_recorded,Ballot Marking Devices for all voters,Ballot Marking Devices for all voters,Hand-Fed Optical Scanners,In-House Electronic Poll Book,Optical Scan,36525,16,8,verified-voting-verifier-tx-2024-equipment,https://verifiedvoting.org/verifier/#mode/navigate/map/voteEquip/mapType/ppEquip/year/2024/state/48,Verified Voting Verifier data is county-level election-administration context. It documents equipment systems and related fields by jurisdiction; it is not a turnout or vote-result source.
TX,2024,TX-101,Cottle County,county,ES&S,ES&S ExpressVote +,Optical Scan,county_context,hand_marked_paper,"Hand marked paper ballots, BMDs for accessibility",Ballot Marking Devices for all voters,Hand-Fed Optical Scanners,Commercial Electronic Poll Book,Optical Scan,871,4,4,verified-voting-verifier-tx-2024-equipment,https://verifiedvoting.org/verifier/#mode/navigate/map/voteEquip/mapType/ppEquip/year/2024/state/48,Verified Voting Verifier data is county-level election-administration context. It documents equipment systems and related fields by jurisdiction; it is not a turnout or vote-result source.
TX,2024,TX-103,Crane County,county,ES&S,ES&S ExpressVote +,Optical Scan,county_context,not_recorded,Ballot Marking Devices for all voters,Ballot Marking Devices for all voters,Hand-Fed Optical Scanners,In-House Electronic Poll Book,Optical Scan,2442,4,4,verified-voting-verifier-tx-2024-equipment,https://verifiedvoting.org/verifier/#mode/navigate/map/voteEquip/mapType/ppEquip/year/2024/state/48,Verified Voting Verifier data is county-level election-administration context. It documents equipment systems and related fields by jurisdiction; it is not a turnout or vote-result source.
TX,2024,TX-105,Crockett County,county,ES&S,ES&S ExpressVote +,Optical Scan,county_context,not_recorded,Ballot Marking Devices for all voters,Ballot Marking Devices for all voters,Hand-Fed Optical Scanners,In-House Electronic Poll Book,Optical Scan,2137,4,4,verified-voting-verifier-tx-2024-equipment,https://verifiedvoting.org/verifier/#mode/navigate/map/voteEquip/mapType/ppEquip/year/2024/state/48,Verified Voting Verifier data is county-level election-administration context. It documents equipment systems and related fields by jurisdiction; it is not a turnout or vote-result source.
TX,2024,TX-107,Crosby County,county,Hart InterCivic,Hart InterCivic Verity Duo +,Optical Scan,county_context,hand_marked_paper,"Hand marked paper ballots, BMDs for accessibility",Ballot Marking Devices for all voters,Hand-Fed Optical Scanners,Commercial Electronic Poll Book,Optical Scan,3171,4,4,verified-voting-verifier-tx-2024-equipment,https://verifiedvoting.org/verifier/#mode/navigate/map/voteEquip/mapType/ppEquip/year/2024/state/48,Verified Voting Verifier data is county-level election-administration context. It documents equipment systems and related fields by jurisdiction; it is not a turnout or vote-result source.
TX,2024,TX-109,Culberson County,county,Hart InterCivic,Hart InterCivic Verity Touch Writer +,Optical Scan,county_context,hand_marked_paper,"Hand marked paper ballots, BMDs for accessibility",Ballot Marking Devices for all voters,Hand-Fed Optical Scanners,Paper Poll Book,Optical Scan,1665,6,4,verified-voting-verifier-tx-2024-equipment,https://verifiedvoting.org/verifier/#mode/navigate/map/voteEquip/mapType/ppEquip/year/2024/state/48,Verified Voting Verifier data is county-level election-administration context. It documents equipment systems and related fields by jurisdiction; it is not a turnout or vote-result source.
TX,2024,TX-111,Dallam County,county,ES&S,ES&S ExpressVote +,Optical Scan,county_context,not_recorded,Ballot Marking Devices for all voters,Ballot Marking Devices for all voters,Hand-Fed Optical Scanners,In-House Electronic Poll Book,Optical Scan,2465,9,4,verified-voting-verifier-tx-2024-equipment,https://verifiedvoting.org/verifier/#mode/navigate/map/voteEquip/mapType/ppEquip/year/2024/state/48,Verified Voting Verifier data is county-level election-administration context. It documents equipment systems and related fields by jurisdiction; it is not a turnout or vote-result source.
TX,2024,TX-113,Dallas County,county,ES&S,ES&S ExpressVote +,Optical Scan,county_context,not_recorded,Ballot Marking Devices for all voters,Ballot Marking Devices for all voters,Batch-Fed Optical Scanners,In-House Electronic Poll Book,Optical Scan,1294721,885,456,verified-voting-verifier-tx-2024-equipment,https://verifiedvoting.org/verifier/#mode/navigate/map/voteEquip/mapType/ppEquip/year/2024/state/48,Verified Voting Verifier data is county-level election-administration context. It documents equipment systems and related fields by jurisdiction; it is not a turnout or vote-result source.
TX,2024,TX-115,Dawson County,county,Hart InterCivic,Hart InterCivic Verity Duo +,Optical Scan,county_context,hand_marked_paper,"Hand marked paper ballots, BMDs for accessibility",Ballot Marking Devices for all voters,Hand-Fed Optical Scanners,Commercial Electronic Poll Book,Optical Scan,6038,9,9,verified-voting-verifier-tx-2024-equipment,https://verifiedvoting.org/verifier/#mode/navigate/map/voteEquip/mapType/ppEquip/year/2024/state/48,Verified Voting Verifier data is county-level election-administration context. It documents equipment systems and related fields by jurisdiction; it is not a turnout or vote-result source.
TX,2024,TX-117,Deaf Smith County,county,Hart InterCivic,Hart InterCivic Verity Duo +,Optical Scan,county_context,not_recorded,Ballot Marking Devices for all voters,Ballot Marking Devices for all voters,Hand-Fed Optical Scanners,In-House Electronic Poll Book,Optical Scan,7571,4,4,verified-voting-verifier-tx-2024-equipment,https://verifiedvoting.org/verifier/#mode/navigate/map/voteEquip/mapType/ppEquip/year/2024/state/48,Verified Voting Verifier data is county-level election-administration context. It documents equipment systems and related fields by jurisdiction; it is not a turnout or vote-result source.
TX,2024,TX-119,Delta County,county,Hart InterCivic,Hart InterCivic Verity Touch Writer +,Optical Scan,county_context,hand_marked_paper,"Hand marked paper ballots, BMDs for accessibility",Ballot Marking Devices for all voters,Hand-Fed Optical Scanners,Paper Poll Book,Optical Scan,3836,8,7,verified-voting-verifier-tx-2024-equipment,https://verifiedvoting.org/verifier/#mode/navigate/map/voteEquip/mapType/ppEquip/year/2024/state/48,Verified Voting Verifier data is county-level election-administration context. It documents equipment systems and related fields by jurisdiction; it is not a turnout or vote-result source.
TX,2024,TX-121,Denton County,county,Hart InterCivic,Hart InterCivic Verity Touch Writer +,Optical Scan,county_context,hand_marked_paper,"Hand marked paper ballots, BMDs for accessibility",Ballot Marking Devices for all voters,Batch-Fed Optical Scanners,Commercial Electronic Poll Book,Optical Scan,582912,240,55,verified-voting-verifier-tx-2024-equipment,https://verifiedvoting.org/verifier/#mode/navigate/map/voteEquip/mapType/ppEquip/year/2024/state/48,Verified Voting Verifier data is county-level election-administration context. It documents equipment systems and related fields by jurisdiction; it is not a turnout or vote-result source.
TX,2024,TX-123,DeWitt County,county,Hart InterCivic,Hart InterCivic Verity Duo +,Optical Scan,county_context,not_recorded,Ballot Marking Devices for all voters,Ballot Marking Devices for all voters,Hand-Fed Optical Scanners,In-House Electronic Poll Book,Optical Scan,10501,10,7,verified-voting-verifier-tx-2024-equipment,https://verifiedvoting.org/verifier/#mode/navigate/map/voteEquip/mapType/ppEquip/year/2024/state/48,Verified Voting Verifier data is county-level election-administration context. It documents equipment systems and related fields by jurisdiction; it is not a turnout or vote-result source.
TX,2024,TX-125,Dickens County,county,Hart InterCivic,Hart InterCivic Verity Duo +,Optical Scan,county_context,hand_marked_paper,"Hand marked paper ballots, BMDs for accessibility",Ballot Marking Devices for all voters,Batch-Fed Optical Scanners,Paper Poll Book,Optical Scan,1309,7,6,verified-voting-verifier-tx-2024-equipment,https://verifiedvoting.org/verifier/#mode/navigate/map/voteEquip/mapType/ppEquip/year/2024/state/48,Verified Voting Verifier data is county-level election-administration context. It documents equipment systems and related fields by jurisdiction; it is not a turnout or vote-result source.
TX,2024,TX-127,Dimmit County,county,ES&S,ES&S ExpressVote +,Optical Scan,county_context,hand_marked_paper,"Hand marked paper ballots, BMDs for accessibility",Ballot Marking Devices for all voters,Batch-Fed Optical Scanners,Paper Poll Book,Optical Scan,6037,8,5,verified-voting-verifier-tx-2024-equipment,https://verifiedvoting.org/verifier/#mode/navigate/map/voteEquip/mapType/ppEquip/year/2024/state/48,Verified Voting Verifier data is county-level election-administration context. It documents equipment systems and related fields by jurisdiction; it is not a turnout or vote-result source.
TX,2024,TX-129,Donley County,county,ES&S,ES&S ExpressVote +,Optical Scan,county_context,hand_marked_paper,"Hand marked paper ballots, BMDs for accessibility",Ballot Marking Devices for all voters,Hand-Fed Optical Scanners,Commercial Electronic Poll Book,Optical Scan,2258,6,6,verified-voting-verifier-tx-2024-equipment,https://verifiedvoting.org/verifier/#mode/navigate/map/voteEquip/mapType/ppEquip/year/2024/state/48,Verified Voting Verifier data is county-level election-administration context. It documents equipment systems and related fields by jurisdiction; it is not a turnout or vote-result source.
TX,2024,TX-131,Duval County,county,Hart InterCivic,Hart InterCivic Verity Duo +,Optical Scan,county_context,hand_marked_paper,"Hand marked paper ballots, BMDs for accessibility",Ballot Marking Devices for all voters,Hand-Fed Optical Scanners,Paper Poll Book,Optical Scan,7454,9,9,verified-voting-verifier-tx-2024-equipment,https://verifiedvoting.org/verifier/#mode/navigate/map/voteEquip/mapType/ppEquip/year/2024/state/48,Verified Voting Verifier data is county-level election-administration context. It documents equipment systems and related fields by jurisdiction; it is not a turnout or vote-result source.
TX,2024,TX-133,Eastland County,county,Hart InterCivic,Hart InterCivic Verity Duo +,Optical Scan,county_context,not_recorded,Ballot Marking Devices for all voters,Ballot Marking Devices for all voters,Batch-Fed Optical Scanners,In-House Electronic Poll Book,Optical Scan,11314,10,36,verified-voting-verifier-tx-2024-equipment,https://verifiedvoting.org/verifier/#mode/navigate/map/voteEquip/mapType/ppEquip/year/2024/state/48,Verified Voting Verifier data is county-level election-administration context. It documents equipment systems and related fields by jurisdiction; it is not a turnout or vote-result source.
TX,2024,TX-135,Ector County,county,Hart InterCivic,Hart InterCivic Verity Duo +,Optical Scan,county_context,not_recorded,Ballot Marking Devices for all voters,Ballot Marking Devices for all voters,Batch-Fed Optical Scanners,In-House Electronic Poll Book,Optical Scan,78632,41,23,verified-voting-verifier-tx-2024-equipment,https://verifiedvoting.org/verifier/#mode/navigate/map/voteEquip/mapType/ppEquip/year/2024/state/48,Verified Voting Verifier data is county-level election-administration context. It documents equipment systems and related fields by jurisdiction; it is not a turnout or vote-result source.
TX,2024,TX-137,Edwards County,county,ES&S,ES&S ExpressVote +,Optical Scan,county_context,hand_marked_paper,"Hand marked paper ballots, BMDs for accessibility",Ballot Marking Devices for all voters,Hand-Fed Optical Scanners,Paper Poll Book,Optical Scan,1368,4,5,verified-voting-verifier-tx-2024-equipment,https://verifiedvoting.org/verifier/#mode/navigate/map/voteEquip/mapType/ppEquip/year/2024/state/48,Verified Voting Verifier data is county-level election-administration context. It documents equipment systems and related fields by jurisdiction; it is not a turnout or vote-result source.
TX,2024,TX-141,El Paso County,county,ES&S,ES&S ExpressVote +,Optical Scan and DRE,county_context,vvpat,BMDs and DREs without VVPAT for all voters,BMDs and DREs without VVPAT,Batch-Fed Optical Scanners,In-House Electronic Poll Book,Optical Scan and DRE,461152,221,115,verified-voting-verifier-tx-2024-equipment,https://verifiedvoting.org/verifier/#mode/navigate/map/voteEquip/mapType/ppEquip/year/2024/state/48,Verified Voting Verifier data is county-level election-administration context. It documents equipment systems and related fields by jurisdiction; it is not a turnout or vote-result source.
TX,2024,TX-139,Ellis County,county,ES&S,ES&S ExpressVote +,Optical Scan,county_context,not_recorded,Ballot Marking Devices for all voters,Ballot Marking Devices for all voters,Batch-Fed Optical Scanners,In-House Electronic Poll Book,Optical Scan,134346,58,30,verified-voting-verifier-tx-2024-equipment,https://verifiedvoting.org/verifier/#mode/navigate/map/voteEquip/mapType/ppEquip/year/2024/state/48,Verified Voting Verifier data is county-level election-administration context. It documents equipment systems and related fields by jurisdiction; it is not a turnout or vote-result source.
TX,2024,TX-143,Erath County,county,ES&S,ES&S ExpressVote +,Optical Scan,county_context,not_recorded,Ballot Marking Devices for all voters,Ballot Marking Devices for all voters,Hand-Fed Optical Scanners,In-House Electronic Poll Book,Optical Scan,23496,21,11,verified-voting-verifier-tx-2024-equipment,https://verifiedvoting.org/verifier/#mode/navigate/map/voteEquip/mapType/ppEquip/year/2024/state/48,Verified Voting Verifier data is county-level election-administration context. It documents equipment systems and related fields by jurisdiction; it is not a turnout or vote-result source.
TX,2024,TX-145,Falls County,county,Hart InterCivic,Hart InterCivic Verity Touch Writer +,Optical Scan,county_context,hand_marked_paper,"Hand marked paper ballots, BMDs for accessibility",Ballot Marking Devices for all voters,Hand-Fed Optical Scanners,Paper Poll Book,Optical Scan,9810,12,12,verified-voting-verifier-tx-2024-equipment,https://verifiedvoting.org/verifier/#mode/navigate/map/voteEquip/mapType/ppEquip/year/2024/state/48,Verified Voting Verifier data is county-level election-administration context. It documents equipment systems and related fields by jurisdiction; it is not a turnout or vote-result source.
TX,2024,TX-147,Fannin County,county,Hart InterCivic,Hart InterCivic Verity Duo +,Optical Scan,county_context,not_recorded,Ballot Marking Devices for all voters,Ballot Marking Devices for all voters,Batch-Fed Optical Scanners,In-House Electronic Poll Book,Optical Scan,22166,17,16,verified-voting-verifier-tx-2024-equipment,https://verifiedvoting.org/verifier/#mode/navigate/map/voteEquip/mapType/ppEquip/year/2024/state/48,Verified Voting Verifier data is county-level election-administration context. It documents equipment systems and related fields by jurisdiction; it is not a turnout or vote-result source.
TX,2024,TX-149,Fayette County,county,ES&S,ES&S ExpressVote +,Optical Scan,county_context,hand_marked_paper,"Hand marked paper ballots, BMDs for accessibility",Ballot Marking Devices for all voters,Batch-Fed Optical Scanners,Commercial Electronic Poll Book,Optical Scan,17159,13,12,verified-voting-verifier-tx-2024-equipment,https://verifiedvoting.org/verifier/#mode/navigate/map/voteEquip/mapType/ppEquip/year/2024/state/48,Verified Voting Verifier data is county-level election-administration context. It documents equipment systems and related fields by jurisdiction; it is not a turnout or vote-result source.
TX,2024,TX-151,Fisher County,county,ES&S,ES&S ExpressVote +,Optical Scan,county_context,not_recorded,Ballot Marking Devices for all voters,Ballot Marking Devices for all voters,Hand-Fed Optical Scanners,In-House Electronic Poll Book,Optical Scan,2609,4,4,verified-voting-verifier-tx-2024-equipment,https://verifiedvoting.org/verifier/#mode/navigate/map/voteEquip/mapType/ppEquip/year/2024/state/48,Verified Voting Verifier data is county-level election-administration context. It documents equipment systems and related fields by jurisdiction; it is not a turnout or vote-result source.
TX,2024,TX-153,Floyd County,county,Hart InterCivic,Hart InterCivic Verity Duo +,Optical Scan,county_context,not_recorded,Ballot Marking Devices for all voters,Ballot Marking Devices for all voters,Hand-Fed Optical Scanners,In-House Electronic Poll Book,Optical Scan,3403,4,2,verified-voting-verifier-tx-2024-equipment,https://verifiedvoting.org/verifier/#mode/navigate/map/voteEquip/mapType/ppEquip/year/2024/state/48,Verified Voting Verifier data is county-level election-administration context. It documents equipment systems and related fields by jurisdiction; it is not a turnout or vote-result source.
TX,2024,TX-155,Foard County,county,Hand Counted Paper Ballots,Jurisdiction does not use BMDs,Hand Count and DRE,county_context,hand_marked_paper,"Hand marked paper ballots, DREs for accessibility without VVPAT",DREs without VVPAT for all voters,Hand Counted Paper Ballots,Paper Poll Book,Hand Count and DRE,753,5,2,verified-voting-verifier-tx-2024-equipment,https://verifiedvoting.org/verifier/#mode/navigate/map/voteEquip/mapType/ppEquip/year/2024/state/48,Verified Voting Verifier data is county-level election-administration context. It documents equipment systems and related fields by jurisdiction; it is not a turnout or vote-result source.
TX,2024,TX-157,Fort Bend County,county,ES&S,ES&S ExpressVote +,Optical Scan and DRE,county_context,vvpat,BMDs and DREs without VVPAT for all voters,BMDs and DREs without VVPAT,Batch-Fed Optical Scanners,In-House Electronic Poll Book,Optical Scan and DRE,505840,175,83,verified-voting-verifier-tx-2024-equipment,https://verifiedvoting.org/verifier/#mode/navigate/map/voteEquip/mapType/ppEquip/year/2024/state/48,Verified Voting Verifier data is county-level election-administration context. It documents equipment systems and related fields by jurisdiction; it is not a turnout or vote-result source.
TX,2024,TX-159,Franklin County,county,ES&S,ES&S ExpressVote +,Optical Scan,county_context,hand_marked_paper,"Hand marked paper ballots, BMDs for accessibility",Ballot Marking Devices for all voters,Hand-Fed Optical Scanners,Commercial Electronic Poll Book,Optical Scan,7114,4,9,verified-voting-verifier-tx-2024-equipment,https://verifiedvoting.org/verifier/#mode/navigate/map/voteEquip/mapType/ppEquip/year/2024/state/48,Verified Voting Verifier data is county-level election-administration context. It documents equipment systems and related fields by jurisdiction; it is not a turnout or vote-result source.
TX,2024,TX-161,Freestone County,county,ES&S,ES&S ExpressVote +,Optical Scan,county_context,not_recorded,Ballot Marking Devices for all voters,Ballot Marking Devices for all voters,Hand-Fed Optical Scanners,In-House Electronic Poll Book,Optical Scan,12342,14,17,verified-voting-verifier-tx-2024-equipment,https://verifiedvoting.org/verifier/#mode/navigate/map/voteEquip/mapType/ppEquip/year/2024/state/48,Verified Voting Verifier data is county-level election-administration context. It documents equipment systems and related fields by jurisdiction; it is not a turnout or vote-result source.
TX,2024,TX-163,Frio County,county,ES&S,ES&S ExpressVote +,Optical Scan,county_context,hand_marked_paper,"Hand marked paper ballots, BMDs for accessibility",Ballot Marking Devices for all voters,Hand-Fed Optical Scanners,Paper Poll Book,Optical Scan,8707,9,11,verified-voting-verifier-tx-2024-equipment,https://verifiedvoting.org/verifier/#mode/navigate/map/voteEquip/mapType/ppEquip/year/2024/state/48,Verified Voting Verifier data is county-level election-administration context. It documents equipment systems and related fields by jurisdiction; it is not a turnout or vote-result source.
TX,2024,TX-165,Gaines County,county,Hart InterCivic,Hart InterCivic Verity Duo +,Optical Scan,county_context,not_recorded,Ballot Marking Devices for all voters,Ballot Marking Devices for all voters,Batch-Fed Optical Scanners,In-House Electronic Poll Book,Optical Scan,9411,7,4,verified-voting-verifier-tx-2024-equipment,https://verifiedvoting.org/verifier/#mode/navigate/map/voteEquip/mapType/ppEquip/year/2024/state/48,Verified Voting Verifier data is county-level election-administration context. It documents equipment systems and related fields by jurisdiction; it is not a turnout or vote-result source.
TX,2024,TX-167,Galveston County,county,Hart InterCivic,Hart InterCivic Verity Duo +,Optical Scan,county_context,not_recorded,Ballot Marking Devices for all voters,Ballot Marking Devices for all voters,Batch-Fed Optical Scanners,In-House Electronic Poll Book,Optical Scan,220658,96,25,verified-voting-verifier-tx-2024-equipment,https://verifiedvoting.org/verifier/#mode/navigate/map/voteEquip/mapType/ppEquip/year/2024/state/48,Verified Voting Verifier data is county-level election-administration context. It documents equipment systems and related fields by jurisdiction; it is not a turnout or vote-result source.
TX,2024,TX-169,Garza County,county,ES&S,ES&S ExpressVote +,Optical Scan,county_context,hand_marked_paper,"Hand marked paper ballots, BMDs for accessibility",Ballot Marking Devices for all voters,Hand-Fed Optical Scanners,Commercial Electronic Poll Book,Optical Scan,2269,6,3,verified-voting-verifier-tx-2024-equipment,https://verifiedvoting.org/verifier/#mode/navigate/map/voteEquip/mapType/ppEquip/year/2024/state/48,Verified Voting Verifier data is county-level election-administration context. It documents equipment systems and related fields by jurisdiction; it is not a turnout or vote-result source.
TX,2024,TX-171,Gillespie County,county,Hart InterCivic,Hart InterCivic Verity Duo +,Optical Scan,county_context,hand_marked_paper,"Hand marked paper ballots, BMDs for accessibility",Ballot Marking Devices for all voters,Hand-Fed Optical Scanners,Commercial Electronic Poll Book,Optical Scan,20282,14,13,verified-voting-verifier-tx-2024-equipment,https://verifiedvoting.org/verifier/#mode/navigate/map/voteEquip/mapType/ppEquip/year/2024/state/48,Verified Voting Verifier data is county-level election-administration context. It documents equipment systems and related fields by jurisdiction; it is not a turnout or vote-result source.
TX,2024,TX-173,Glasscock County,county,Hand Counted Paper Ballots,ES&S ExpressVote +,Hand Count,county_context,hand_marked_paper,"Hand marked paper ballots, BMDs for accessibility",Ballot Marking Devices for all voters,Hand Counted Paper Ballots,Paper Poll Book,Hand Count,800,4,4,verified-voting-verifier-tx-2024-equipment,https://verifiedvoting.org/verifier/#mode/navigate/map/voteEquip/mapType/ppEquip/year/2024/state/48,Verified Voting Verifier data is county-level election-administration context. It documents equipment systems and related fields by jurisdiction; it is not a turnout or vote-result source.
TX,2024,TX-175,Goliad County,county,ES&S,ES&S ExpressVote +,Optical Scan,county_context,hand_marked_paper,"Hand marked paper ballots, BMDs for accessibility",Ballot Marking Devices for all voters,Hand-Fed Optical Scanners,Commercial Electronic Poll Book,Optical Scan,5290,9,9,verified-voting-verifier-tx-2024-equipment,https://verifiedvoting.org/verifier/#mode/navigate/map/voteEquip/mapType/ppEquip/year/2024/state/48,Verified Voting Verifier data is county-level election-administration context. It documents equipment systems and related fields by jurisdiction; it is not a turnout or vote-result source.
TX,2024,TX-177,Gonzales County,county,ES&S,ES&S ExpressVote +,Optical Scan and DRE,county_context,vvpat,BMDs and DREs without VVPAT for all voters,BMDs and DREs without VVPAT for all voters,Hand-Fed Optical Scanners,In-House Electronic Poll Book,Optical Scan and DRE,12531,15,13,verified-voting-verifier-tx-2024-equipment,https://verifiedvoting.org/verifier/#mode/navigate/map/voteEquip/mapType/ppEquip/year/2024/state/48,Verified Voting Verifier data is county-level election-administration context. It documents equipment systems and related fields by jurisdiction; it is not a turnout or vote-result source.
TX,2024,TX-179,Gray County,county,Hart InterCivic,Hart InterCivic Verity Duo +,Optical Scan,county_context,not_recorded,Ballot Marking Devices for all voters,Ballot Marking Devices for all voters,Hand-Fed Optical Scanners,In-House Electronic Poll Book,Optical Scan,11005,7,8,verified-voting-verifier-tx-2024-equipment,https://verifiedvoting.org/verifier/#mode/navigate/map/voteEquip/mapType/ppEquip/year/2024/state/48,Verified Voting Verifier data is county-level election-administration context. It documents equipment systems and related fields by jurisdiction; it is not a turnout or vote-result source.
TX,2024,TX-181,Grayson County,county,ES&S,ES&S ExpressVote +,Optical Scan,county_context,not_recorded,Ballot Marking Devices for all voters,Ballot Marking Devices for all voters,Batch-Fed Optical Scanners,In-House Electronic Poll Book,Optical Scan,90046,41,24,verified-voting-verifier-tx-2024-equipment,https://verifiedvoting.org/verifier/#mode/navigate/map/voteEquip/mapType/ppEquip/year/2024/state/48,Verified Voting Verifier data is county-level election-administration context. It documents equipment systems and related fields by jurisdiction; it is not a turnout or vote-result source.
TX,2024,TX-183,Gregg County,county,Hart InterCivic,Hart InterCivic Verity Duo +,Optical Scan,county_context,not_recorded,Ballot Marking Devices for all voters,Ballot Marking Devices for all voters,Batch-Fed Optical Scanners,In-House Electronic Poll Book,Optical Scan,67486,21,18,verified-voting-verifier-tx-2024-equipment,https://verifiedvoting.org/verifier/#mode/navigate/map/voteEquip/mapType/ppEquip/year/2024/state/48,Verified Voting Verifier data is county-level election-administration context. It documents equipment systems and related fields by jurisdiction; it is not a turnout or vote-result source.
TX,2024,TX-185,Grimes County,county,Hart InterCivic,Hart InterCivic Verity Duo +,Optical Scan,county_context,not_recorded,Ballot Marking Devices for all voters,Ballot Marking Devices for all voters,Hand-Fed Optical Scanners,In-House Electronic Poll Book,Optical Scan,19385,13,11,verified-voting-verifier-tx-2024-equipment,https://verifiedvoting.org/verifier/#mode/navigate/map/voteEquip/mapType/ppEquip/year/2024/state/48,Verified Voting Verifier data is county-level election-administration context. It documents equipment systems and related fields by jurisdiction; it is not a turnout or vote-result source.
TX,2024,TX-187,Guadalupe County,county,ES&S,ES&S ExpressVote +,Optical Scan and DRE,county_context,vvpat,BMDs and DREs without VVPAT for all voters,BMDs and DREs without VVPAT,Batch-Fed Optical Scanners,In-House Electronic Poll Book,Optical Scan and DRE,118382,76,38,verified-voting-verifier-tx-2024-equipment,https://verifiedvoting.org/verifier/#mode/navigate/map/voteEquip/mapType/ppEquip/year/2024/state/48,Verified Voting Verifier data is county-level election-administration context. It documents equipment systems and related fields by jurisdiction; it is not a turnout or vote-result source.
TX,2024,TX-189,Hale County,county,Hart InterCivic,Hart InterCivic Verity Duo +,Optical Scan,county_context,not_recorded,Ballot Marking Devices for all voters,Ballot Marking Devices for all voters,Hand-Fed Optical Scanners,In-House Electronic Poll Book,Optical Scan,17189,30,15,verified-voting-verifier-tx-2024-equipment,https://verifiedvoting.org/verifier/#mode/navigate/map/voteEquip/mapType/ppEquip/year/2024/state/48,Verified Voting Verifier data is county-level election-administration context. It documents equipment systems and related fields by jurisdiction; it is not a turnout or vote-result source.
TX,2024,TX-191,Hall County,county,ES&S,ES&S ExpressVote +,Optical Scan,county_context,hand_marked_paper,"Hand marked paper ballots, BMDs for accessibility",Ballot Marking Devices for all voters,Hand-Fed Optical Scanners,Commercial Electronic Poll Book,Optical Scan,1701,4,4,verified-voting-verifier-tx-2024-equipment,https://verifiedvoting.org/verifier/#mode/navigate/map/voteEquip/mapType/ppEquip/year/2024/state/48,Verified Voting Verifier data is county-level election-administration context. It documents equipment systems and related fields by jurisdiction; it is not a turnout or vote-result source.
TX,2024,TX-193,Hamilton County,county,ES&S,ES&S ExpressVote +,Optical Scan,county_context,hand_marked_paper,"Hand marked paper ballots, BMDs for accessibility",Ballot Marking Devices for all voters,Hand-Fed Optical Scanners,Paper Poll Book,Optical Scan,5780,11,8,verified-voting-verifier-tx-2024-equipment,https://verifiedvoting.org/verifier/#mode/navigate/map/voteEquip/mapType/ppEquip/year/2024/state/48,Verified Voting Verifier data is county-level election-administration context. It documents equipment systems and related fields by jurisdiction; it is not a turnout or vote-result source.
TX,2024,TX-195,Hansford County,county,ES&S,ES&S ExpressVote +,Optical Scan,county_context,hand_marked_paper,"Hand marked paper ballots, BMDs for accessibility",Ballot Marking Devices for all voters,Hand-Fed Optical Scanners,Commercial Electronic Poll Book,Optical Scan,2724,8,8,verified-voting-verifier-tx-2024-equipment,https://verifiedvoting.org/verifier/#mode/navigate/map/voteEquip/mapType/ppEquip/year/2024/state/48,Verified Voting Verifier data is county-level election-administration context. It documents equipment systems and related fields by jurisdiction; it is not a turnout or vote-result source.
TX,2024,TX-197,Hardeman County,county,ES&S,ES&S ExpressVote +,Optical Scan,county_context,hand_marked_paper,"Hand marked paper ballots, BMDs for accessibility",Ballot Marking Devices for all voters,Hand-Fed Optical Scanners,Paper Poll Book,Optical Scan,2163,4,3,verified-voting-verifier-tx-2024-equipment,https://verifiedvoting.org/verifier/#mode/navigate/map/voteEquip/mapType/ppEquip/year/2024/state/48,Verified Voting Verifier data is county-level election-administration context. It documents equipment systems and related fields by jurisdiction; it is not a turnout or vote-result source.
TX,2024,TX-199,Hardin County,county,Hart InterCivic,Hart InterCivic Verity Touch Writer +,Optical Scan,county_context,hand_marked_paper,"Hand marked paper ballots, BMDs for accessibility",Ballot Marking Devices for all voters,Hand-Fed Optical Scanners,Commercial Electronic Poll Book,Optical Scan,40106,19,19,verified-voting-verifier-tx-2024-equipment,https://verifiedvoting.org/verifier/#mode/navigate/map/voteEquip/mapType/ppEquip/year/2024/state/48,Verified Voting Verifier data is county-level election-administration context. It documents equipment systems and related fields by jurisdiction; it is not a turnout or vote-result source.
TX,2024,TX-201,Harris County,county,Hart InterCivic,Hart InterCivic Verity Duo +,Optical Scan,county_context,not_recorded,Ballot Marking Devices for all voters,Ballot Marking Devices for all voters,Batch-Fed Optical Scanners,In-House Electronic Poll Book,Optical Scan,2413209,1172,700,verified-voting-verifier-tx-2024-equipment,https://verifiedvoting.org/verifier/#mode/navigate/map/voteEquip/mapType/ppEquip/year/2024/state/48,Verified Voting Verifier data is county-level election-administration context. It documents equipment systems and related fields by jurisdiction; it is not a turnout or vote-result source.
TX,2024,TX-203,Harrison County,county,Hart InterCivic,Hart InterCivic Verity Duo +,Optical Scan,county_context,not_recorded,Ballot Marking Devices for all voters,Ballot Marking Devices for all voters,Hand-Fed Optical Scanners,In-House Electronic Poll Book,Optical Scan,42950,27,18,verified-voting-verifier-tx-2024-equipment,https://verifiedvoting.org/verifier/#mode/navigate/map/voteEquip/mapType/ppEquip/year/2024/state/48,Verified Voting Verifier data is county-level election-administration context. It documents equipment systems and related fields by jurisdiction; it is not a turnout or vote-result source.
TX,2024,TX-205,Hartley County,county,ES&S,ES&S ExpressVote +,Optical Scan,county_context,not_recorded,Ballot Marking Devices for all voters,Ballot Marking Devices for all voters,Hand-Fed Optical Scanners,In-House Electronic Poll Book,Optical Scan,2523,6,3,verified-voting-verifier-tx-2024-equipment,https://verifiedvoting.org/verifier/#mode/navigate/map/voteEquip/mapType/ppEquip/year/2024/state/48,Verified Voting Verifier data is county-level election-administration context. It documents equipment systems and related fields by jurisdiction; it is not a turnout or vote-result source.
TX,2024,TX-207,Haskell County,county,ES&S,ES&S AutoMARK +,Optical Scan,county_context,hand_marked_paper,"Hand marked paper ballots, BMDs for accessibility",Ballot Marking Devices for all voters,Hand-Fed Optical Scanners,Commercial Electronic Poll Book,Optical Scan,3072,10,9,verified-voting-verifier-tx-2024-equipment,https://verifiedvoting.org/verifier/#mode/navigate/map/voteEquip/mapType/ppEquip/year/2024/state/48,Verified Voting Verifier data is county-level election-administration context. It documents equipment systems and related fields by jurisdiction; it is not a turnout or vote-result source.
TX,2024,TX-209,Hays County,county,Hart InterCivic,Hart InterCivic Verity Duo +,Optical Scan,county_context,not_recorded,Ballot Marking Devices for all voters,Ballot Marking Devices for all voters,Batch-Fed Optical Scanners,In-House Electronic Poll Book,Optical Scan,165093,87,44,verified-voting-verifier-tx-2024-equipment,https://verifiedvoting.org/verifier/#mode/navigate/map/voteEquip/mapType/ppEquip/year/2024/state/48,Verified Voting Verifier data is county-level election-administration context. It documents equipment systems and related fields by jurisdiction; it is not a turnout or vote-result source.
TX,2024,TX-211,Hemphill County,county,ES&S,ES&S ExpressVote +,Optical Scan,county_context,hand_marked_paper,"Hand marked paper ballots, BMDs for accessibility",Ballot Marking Devices for all voters,Hand-Fed Optical Scanners,Commercial Electronic Poll Book,Optical Scan,2121,8,8,verified-voting-verifier-tx-2024-equipment,https://verifiedvoting.org/verifier/#mode/navigate/map/voteEquip/mapType/ppEquip/year/2024/state/48,Verified Voting Verifier data is county-level election-administration context. It documents equipment systems and related fields by jurisdiction; it is not a turnout or vote-result source.
TX,2024,TX-213,Henderson County,county,ES&S,ES&S ExpressVote +,Optical Scan,county_context,not_recorded,Ballot Marking Devices for all voters,Ballot Marking Devices for all voters,Batch-Fed Optical Scanners,In-House Electronic Poll Book,Optical Scan,54785,30,17,verified-voting-verifier-tx-2024-equipment,https://verifiedvoting.org/verifier/#mode/navigate/map/voteEquip/mapType/ppEquip/year/2024/state/48,Verified Voting Verifier data is county-level election-administration context. It documents equipment systems and related fields by jurisdiction; it is not a turnout or vote-result source.
TX,2024,TX-215,Hidalgo County,county,Hart InterCivic,Hart InterCivic Verity Duo +,Optical Scan,county_context,not_recorded,Ballot Marking Devices for all voters,Ballot Marking Devices for all voters,Batch-Fed Optical Scanners,In-House Electronic Poll Book,Optical Scan,408582,259,109,verified-voting-verifier-tx-2024-equipment,https://verifiedvoting.org/verifier/#mode/navigate/map/voteEquip/mapType/ppEquip/year/2024/state/48,Verified Voting Verifier data is county-level election-administration context. It documents equipment systems and related fields by jurisdiction; it is not a turnout or vote-result source.
TX,2024,TX-217,Hill County,county,Hart InterCivic,Hart InterCivic Verity Touch Writer +,Optical Scan,county_context,hand_marked_paper,"Hand marked paper ballots, BMDs for accessibility",Ballot Marking Devices for all voters,Hand-Fed Optical Scanners,Commercial Electronic Poll Book,Optical Scan,26670,13,14,verified-voting-verifier-tx-2024-equipment,https://verifiedvoting.org/verifier/#mode/navigate/map/voteEquip/mapType/ppEquip/year/2024/state/48,Verified Voting Verifier data is county-level election-administration context. It documents equipment systems and related fields by jurisdiction; it is not a turnout or vote-result source.
TX,2024,TX-219,Hockley County,county,ES&S,ES&S ExpressVote +,Optical Scan,county_context,hand_marked_paper,"Hand marked paper ballots, BMDs for accessibility",Ballot Marking Devices for all voters,Batch-Fed Optical Scanners,Commercial Electronic Poll Book,Optical Scan,12884,14,14,verified-voting-verifier-tx-2024-equipment,https://verifiedvoting.org/verifier/#mode/navigate/map/voteEquip/mapType/ppEquip/year/2024/state/48,Verified Voting Verifier data is county-level election-administration context. It documents equipment systems and related fields by jurisdiction; it is not a turnout or vote-result source.
TX,2024,TX-221,Hood County,county,Hart InterCivic,Hart InterCivic Verity Duo +,Optical Scan,county_context,not_recorded,Ballot Marking Devices for all voters,Ballot Marking Devices for all voters,Batch-Fed Optical Scanners,In-House Electronic Poll Book,Optical Scan,47654,17,10,verified-voting-verifier-tx-2024-equipment,https://verifiedvoting.org/verifier/#mode/navigate/map/voteEquip/mapType/ppEquip/year/2024/state/48,Verified Voting Verifier data is county-level election-administration context. It documents equipment systems and related fields by jurisdiction; it is not a turnout or vote-result source.
TX,2024,TX-223,Hopkins County,county,Hart InterCivic,Hart InterCivic Verity Duo +,Optical Scan,county_context,not_recorded,Ballot Marking Devices for all voters,Ballot Marking Devices for all voters,Hand-Fed Optical Scanners,In-House Electronic Poll Book,Optical Scan,23590,21,12,verified-voting-verifier-tx-2024-equipment,https://verifiedvoting.org/verifier/#mode/navigate/map/voteEquip/mapType/ppEquip/year/2024/state/48,Verified Voting Verifier data is county-level election-administration context. It documents equipment systems and related fields by jurisdiction; it is not a turnout or vote-result source.
TX,2024,TX-225,Houston County,county,ES&S,ES&S ExpressVote +,Optical Scan,county_context,hand_marked_paper,"Hand marked paper ballots, BMDs for accessibility",Ballot Marking Devices for all voters,Batch-Fed Optical Scanners,Commercial Electronic Poll Book,Optical Scan,12471,22,21,verified-voting-verifier-tx-2024-equipment,https://verifiedvoting.org/verifier/#mode/navigate/map/voteEquip/mapType/ppEquip/year/2024/state/48,Verified Voting Verifier data is county-level election-administration context. It documents equipment systems and related fields by jurisdiction; it is not a turnout or vote-result source.
TX,2024,TX-227,Howard County,county,ES&S,ES&S ExpressVote +,Optical Scan,county_context,not_recorded,Ballot Marking Devices for all voters,Ballot Marking Devices for all voters,Hand-Fed Optical Scanners,In-House Electronic Poll Book,Optical Scan,15040,36,4,verified-voting-verifier-tx-2024-equipment,https://verifiedvoting.org/verifier/#mode/navigate/map/voteEquip/mapType/ppEquip/year/2024/state/48,Verified Voting Verifier data is county-level election-administration context. It documents equipment systems and related fields by jurisdiction; it is not a turnout or vote-result source.
TX,2024,TX-229,Hudspeth County,county,Hart InterCivic,Hart InterCivic Verity Duo +,Optical Scan,county_context,hand_marked_paper,"Hand marked paper ballots, BMDs for accessibility",Ballot Marking Devices for all voters,Hand-Fed Optical Scanners,Paper Poll Book,Optical Scan,1927,4,8,verified-voting-verifier-tx-2024-equipment,https://verifiedvoting.org/verifier/#mode/navigate/map/voteEquip/mapType/ppEquip/year/2024/state/48,Verified Voting Verifier data is county-level election-administration context. It documents equipment systems and related fields by jurisdiction; it is not a turnout or vote-result source.
TX,2024,TX-231,Hunt County,county,Hart InterCivic,Hart InterCivic Verity Duo +,Optical Scan,county_context,hand_marked_paper,"Hand marked paper ballots, BMDs for accessibility",Ballot Marking Devices for all voters,Batch-Fed Optical Scanners,Commercial Electronic Poll Book,Optical Scan,66104,36,36,verified-voting-verifier-tx-2024-equipment,https://verifiedvoting.org/verifier/#mode/navigate/map/voteEquip/mapType/ppEquip/year/2024/state/48,Verified Voting Verifier data is county-level election-administration context. It documents equipment systems and related fields by jurisdiction; it is not a turnout or vote-result source.
TX,2024,TX-233,Hutchinson County,county,ES&S,ES&S ExpressVote +,Optical Scan,county_context,not_recorded,Ballot Marking Devices for all voters,Ballot Marking Devices for all voters,Hand-Fed Optical Scanners,In-House Electronic Poll Book,Optical Scan,12025,8,9,verified-voting-verifier-tx-2024-equipment,https://verifiedvoting.org/verifier/#mode/navigate/map/voteEquip/mapType/ppEquip/year/2024/state/48,Verified Voting Verifier data is county-level election-administration context. It documents equipment systems and related fields by jurisdiction; it is not a turnout or vote-result source.
TX,2024,TX-235,Irion County,county,Hart InterCivic,Hart InterCivic Verity Duo +,Optical Scan,county_context,not_recorded,Ballot Marking Devices for all voters,Ballot Marking Devices for all voters,Hand-Fed Optical Scanners,In-House Electronic Poll Book,Optical Scan,1133,4,2,verified-voting-verifier-tx-2024-equipment,https://verifiedvoting.org/verifier/#mode/navigate/map/voteEquip/mapType/ppEquip/year/2024/state/48,Verified Voting Verifier data is county-level election-administration context. It documents equipment systems and related fields by jurisdiction; it is not a turnout or vote-result source.
TX,2024,TX-237,Jack County,county,Hart InterCivic,Jurisdiction does not use BMDs,Optical Scan and DRE,county_context,hand_marked_paper,"Hand marked paper ballots, DREs for accessibility without VVPAT",DREs without VVPAT for all voters,Hand-Fed Optical Scanners,Commercial Electronic Poll Book,Optical Scan and DRE,5346,6,4,verified-voting-verifier-tx-2024-equipment,https://verifiedvoting.org/verifier/#mode/navigate/map/voteEquip/mapType/ppEquip/year/2024/state/48,Verified Voting Verifier data is county-level election-administration context. It documents equipment systems and related fields by jurisdiction; it is not a turnout or vote-result source.
TX,2024,TX-239,Jackson County,county,ES&S,ES&S ExpressVote +,Optical Scan,county_context,not_recorded,Ballot Marking Devices for all voters,Ballot Marking Devices for all voters,Hand-Fed Optical Scanners,In-House Electronic Poll Book,Optical Scan,9056,9,9,verified-voting-verifier-tx-2024-equipment,https://verifiedvoting.org/verifier/#mode/navigate/map/voteEquip/mapType/ppEquip/year/2024/state/48,Verified Voting Verifier data is county-level election-administration context. It documents equipment systems and related fields by jurisdiction; it is not a turnout or vote-result source.
TX,2024,TX-241,Jasper County,county,ES&S,ES&S ExpressVote +,Optical Scan,county_context,hand_marked_paper,"Hand marked paper ballots, BMDs for accessibility",Ballot Marking Devices for all voters,Batch-Fed Optical Scanners,Commercial Electronic Poll Book,Optical Scan,22536,20,20,verified-voting-verifier-tx-2024-equipment,https://verifiedvoting.org/verifier/#mode/navigate/map/voteEquip/mapType/ppEquip/year/2024/state/48,Verified Voting Verifier data is county-level election-administration context. It documents equipment systems and related fields by jurisdiction; it is not a turnout or vote-result source.
TX,2024,TX-243,Jeff Davis County,county,ES&S,ES&S ExpressVote +,Optical Scan,county_context,not_recorded,Ballot Marking Devices for all voters,Ballot Marking Devices for all voters,Hand-Fed Optical Scanners,In-House Electronic Poll Book,Optical Scan,1432,5,3,verified-voting-verifier-tx-2024-equipment,https://verifiedvoting.org/verifier/#mode/navigate/map/voteEquip/mapType/ppEquip/year/2024/state/48,Verified Voting Verifier data is county-level election-administration context. It documents equipment systems and related fields by jurisdiction; it is not a turnout or vote-result source.
TX,2024,TX-245,Jefferson County,county,ES&S,ES&S ExpressVote +,Optical Scan,county_context,not_recorded,Ballot Marking Devices for all voters,Ballot Marking Devices for all voters,Batch-Fed Optical Scanners,In-House Electronic Poll Book,Optical Scan,132727,104,31,verified-voting-verifier-tx-2024-equipment,https://verifiedvoting.org/verifier/#mode/navigate/map/voteEquip/mapType/ppEquip/year/2024/state/48,Verified Voting Verifier data is county-level election-administration context. It documents equipment systems and related fields by jurisdiction; it is not a turnout or vote-result source.
TX,2024,TX-247,Jim Hogg County,county,Hart InterCivic,Hart InterCivic Verity Touch Writer +,Optical Scan,county_context,hand_marked_paper,"Hand marked paper ballots, BMDs for accessibility",Ballot Marking Devices for all voters,Hand-Fed Optical Scanners,Commercial Electronic Poll Book,Optical Scan,3208,5,4,verified-voting-verifier-tx-2024-equipment,https://verifiedvoting.org/verifier/#mode/navigate/map/voteEquip/mapType/ppEquip/year/2024/state/48,Verified Voting Verifier data is county-level election-administration context. It documents equipment systems and related fields by jurisdiction; it is not a turnout or vote-result source.
TX,2024,TX-249,Jim Wells County,county,Hart InterCivic,Hart InterCivic Verity Duo +,Optical Scan,county_context,hand_marked_paper,"Hand marked paper ballots, BMDs for accessibility",Ballot Marking Devices for all voters,Hand-Fed Optical Scanners,Commercial Electronic Poll Book,Optical Scan,23886,21,17,verified-voting-verifier-tx-2024-equipment,https://verifiedvoting.org/verifier/#mode/navigate/map/voteEquip/mapType/ppEquip/year/2024/state/48,Verified Voting Verifier data is county-level election-administration context. It documents equipment systems and related fields by jurisdiction; it is not a turnout or vote-result source.
TX,2024,TX-251,Johnson County,county,ES&S,ES&S ExpressVote +,Optical Scan,county_context,hand_marked_paper,"Hand marked paper ballots, BMDs for accessibility",Ballot Marking Devices for all voters,Batch-Fed Optical Scanners,Commercial Electronic Poll Book,Optical Scan,117433,43,39,verified-voting-verifier-tx-2024-equipment,https://verifiedvoting.org/verifier/#mode/navigate/map/voteEquip/mapType/ppEquip/year/2024/state/48,Verified Voting Verifier data is county-level election-administration context. It documents equipment systems and related fields by jurisdiction; it is not a turnout or vote-result source.
TX,2024,TX-253,Jones County,county,ES&S,ES&S AutoMARK + ES&S ExpressVote +,Optical Scan,county_context,not_recorded,Ballot Marking Devices for all voters,Ballot Marking Devices for all voters,Hand-Fed Optical Scanners,In-House Electronic Poll Book,Optical Scan,10009,4,7,verified-voting-verifier-tx-2024-equipment,https://verifiedvoting.org/verifier/#mode/navigate/map/voteEquip/mapType/ppEquip/year/2024/state/48,Verified Voting Verifier data is county-level election-administration context. It documents equipment systems and related fields by jurisdiction; it is not a turnout or vote-result source.
TX,2024,TX-255,Karnes County,county,Hart InterCivic,Hart InterCivic Verity Duo +,Optical Scan,county_context,hand_marked_paper,"Hand marked paper ballots, BMDs for accessibility",Ballot Marking Devices for all voters,Hand-Fed Optical Scanners,Commercial Electronic Poll Book,Optical Scan,7694,15,10,verified-voting-verifier-tx-2024-equipment,https://verifiedvoting.org/verifier/#mode/navigate/map/voteEquip/mapType/ppEquip/year/2024/state/48,Verified Voting Verifier data is county-level election-administration context. It documents equipment systems and related fields by jurisdiction; it is not a turnout or vote-result source.
TX,2024,TX-257,Kaufman County,county,ES&S,ES&S ExpressVote +,Optical Scan,county_context,not_recorded,Ballot Marking Devices for all voters,Ballot Marking Devices for all voters,Batch-Fed Optical Scanners,In-House Electronic Poll Book,Optical Scan,99013,37,24,verified-voting-verifier-tx-2024-equipment,https://verifiedvoting.org/verifier/#mode/navigate/map/voteEquip/mapType/ppEquip/year/2024/state/48,Verified Voting Verifier data is county-level election-administration context. It documents equipment systems and related fields by jurisdiction; it is not a turnout or vote-result source.
TX,2024,TX-259,Kendall County,county,ES&S,ES&S ExpressVote +,Optical Scan,county_context,not_recorded,Ballot Marking Devices for all voters,Ballot Marking Devices for all voters,Batch-Fed Optical Scanners,In-House Electronic Poll Book,Optical Scan,36382,17,11,verified-voting-verifier-tx-2024-equipment,https://verifiedvoting.org/verifier/#mode/navigate/map/voteEquip/mapType/ppEquip/year/2024/state/48,Verified Voting Verifier data is county-level election-administration context. It documents equipment systems and related fields by jurisdiction; it is not a turnout or vote-result source.
TX,2024,TX-261,Kenedy County,county,ES&S,ES&S ExpressVote +,Optical Scan,county_context,hand_marked_paper,"Hand marked paper ballots, BMDs for accessibility",Ballot Marking Devices for all voters,Hand-Fed Optical Scanners,Commercial Electronic Poll Book,Optical Scan,221,6,2,verified-voting-verifier-tx-2024-equipment,https://verifiedvoting.org/verifier/#mode/navigate/map/voteEquip/mapType/ppEquip/year/2024/state/48,Verified Voting Verifier data is county-level election-administration context. It documents equipment systems and related fields by jurisdiction; it is not a turnout or vote-result source.
TX,2024,TX-263,Kent County,county,ES&S,ES&S AutoMARK +,Optical Scan,county_context,hand_marked_paper,"Hand marked paper ballots, BMDs for accessibility",Ballot Marking Devices for all voters,Hand-Fed Optical Scanners,Paper Poll Book,Optical Scan,573,6,13,verified-voting-verifier-tx-2024-equipment,https://verifiedvoting.org/verifier/#mode/navigate/map/voteEquip/mapType/ppEquip/year/2024/state/48,Verified Voting Verifier data is county-level election-administration context. It documents equipment systems and related fields by jurisdiction; it is not a turnout or vote-result source.
TX,2024,TX-265,Kerr County,county,Hart InterCivic,Jurisdiction does not use BMDs,Optical Scan and DRE,county_context,hand_marked_paper,"Hand marked paper ballots, DREs for accessibility without VVPAT",DREs without VVPAT for all voters,Hand-Fed Optical Scanners,Commercial Electronic Poll Book,Optical Scan and DRE,36407,20,20,verified-voting-verifier-tx-2024-equipment,https://verifiedvoting.org/verifier/#mode/navigate/map/voteEquip/mapType/ppEquip/year/2024/state/48,Verified Voting Verifier data is county-level election-administration context. It documents equipment systems and related fields by jurisdiction; it is not a turnout or vote-result source.
TX,2024,TX-267,Kimble County,county,Hart InterCivic,Hart InterCivic Verity Duo +,Optical Scan,county_context,hand_marked_paper,"Hand marked paper ballots, BMDs for accessibility",Ballot Marking Devices for all voters,Hand-Fed Optical Scanners,Commercial Electronic Poll Book,Optical Scan,3078,8,4,verified-voting-verifier-tx-2024-equipment,https://verifiedvoting.org/verifier/#mode/navigate/map/voteEquip/mapType/ppEquip/year/2024/state/48,Verified Voting Verifier data is county-level election-administration context. It documents equipment systems and related fields by jurisdiction; it is not a turnout or vote-result source.
TX,2024,TX-269,King County,county,ES&S,ES&S ExpressVote +,Optical Scan,county_context,hand_marked_paper,"Hand marked paper ballots, BMDs for accessibility",Ballot Marking Devices for all voters,Hand-Fed Optical Scanners,Paper Poll Book,Optical Scan,157,4,4,verified-voting-verifier-tx-2024-equipment,https://verifiedvoting.org/verifier/#mode/navigate/map/voteEquip/mapType/ppEquip/year/2024/state/48,Verified Voting Verifier data is county-level election-administration context. It documents equipment systems and related fields by jurisdiction; it is not a turnout or vote-result source.
TX,2024,TX-271,Kinney County,county,ES&S,ES&S ExpressVote +,Optical Scan,county_context,hand_marked_paper,"Hand marked paper ballots, BMDs for accessibility",Ballot Marking Devices for all voters,Hand-Fed Optical Scanners,Paper Poll Book,Optical Scan,2018,4,5,verified-voting-verifier-tx-2024-equipment,https://verifiedvoting.org/verifier/#mode/navigate/map/voteEquip/mapType/ppEquip/year/2024/state/48,Verified Voting Verifier data is county-level election-administration context. It documents equipment systems and related fields by jurisdiction; it is not a turnout or vote-result source.
TX,2024,TX-273,Kleberg County,county,ES&S,ES&S AutoMARK +,Optical Scan,county_context,hand_marked_paper,"Hand marked paper ballots, BMDs for accessibility",Ballot Marking Devices for all voters,Hand-Fed Optical Scanners,Commercial Electronic Poll Book,Optical Scan,15991,15,15,verified-voting-verifier-tx-2024-equipment,https://verifiedvoting.org/verifier/#mode/navigate/map/voteEquip/mapType/ppEquip/year/2024/state/48,Verified Voting Verifier data is county-level election-administration context. It documents equipment systems and related fields by jurisdiction; it is not a turnout or vote-result source.
TX,2024,TX-275,Knox County,county,ES&S,ES&S ExpressVote +,Optical Scan,county_context,hand_marked_paper,"Hand marked paper ballots, BMDs for accessibility",Ballot Marking Devices for all voters,Batch-Fed Optical Scanners,Paper Poll Book,Optical Scan,2132,7,7,verified-voting-verifier-tx-2024-equipment,https://verifiedvoting.org/verifier/#mode/navigate/map/voteEquip/mapType/ppEquip/year/2024/state/48,Verified Voting Verifier data is county-level election-administration context. It documents equipment systems and related fields by jurisdiction; it is not a turnout or vote-result source.
TX,2024,TX-283,La Salle County,county,Hart InterCivic,Hart InterCivic Verity Duo +,Optical Scan,county_context,hand_marked_paper,"Hand marked paper ballots, BMDs for accessibility",Ballot Marking Devices for all voters,Hand-Fed Optical Scanners,Paper Poll Book,Optical Scan,3708,6,6,verified-voting-verifier-tx-2024-equipment,https://verifiedvoting.org/verifier/#mode/navigate/map/voteEquip/mapType/ppEquip/year/2024/state/48,Verified Voting Verifier data is county-level election-administration context. It documents equipment systems and related fields by jurisdiction; it is not a turnout or vote-result source.
TX,2024,TX-277,Lamar County,county,ES&S,ES&S ExpressVote +,Optical Scan,county_context,hand_marked_paper,"Hand marked paper ballots, BMDs for accessibility",Ballot Marking Devices for all voters,Hand-Fed Optical Scanners,Commercial Electronic Poll Book,Optical Scan,30116,26,26,verified-voting-verifier-tx-2024-equipment,https://verifiedvoting.org/verifier/#mode/navigate/map/voteEquip/mapType/ppEquip/year/2024/state/48,Verified Voting Verifier data is county-level election-administration context. It documents equipment systems and related fields by jurisdiction; it is not a turnout or vote-result source.
TX,2024,TX-279,Lamb County,county,ES&S,ES&S ExpressVote +,Optical Scan,county_context,not_recorded,Ballot Marking Devices for all voters,Ballot Marking Devices for all voters,Batch-Fed Optical Scanners,In-House Electronic Poll Book,Optical Scan,7154,11,6,verified-voting-verifier-tx-2024-equipment,https://verifiedvoting.org/verifier/#mode/navigate/map/voteEquip/mapType/ppEquip/year/2024/state/48,Verified Voting Verifier data is county-level election-administration context. It documents equipment systems and related fields by jurisdiction; it is not a turnout or vote-result source.
TX,2024,TX-281,Lampasas County,county,ES&S,ES&S ExpressVote +,Optical Scan,county_context,not_recorded,Ballot Marking Devices for all voters,Ballot Marking Devices for all voters,Hand-Fed Optical Scanners,In-House Electronic Poll Book,Optical Scan,16276,10,5,verified-voting-verifier-tx-2024-equipment,https://verifiedvoting.org/verifier/#mode/navigate/map/voteEquip/mapType/ppEquip/year/2024/state/48,Verified Voting Verifier data is county-level election-administration context. It documents equipment systems and related fields by jurisdiction; it is not a turnout or vote-result source.
TX,2024,TX-285,Lavaca County,county,ES&S,ES&S ExpressVote +,Optical Scan,county_context,not_recorded,Ballot Marking Devices for all voters,Ballot Marking Devices for all voters,Hand-Fed Optical Scanners,In-House Electronic Poll Book,Optical Scan,13369,11,11,verified-voting-verifier-tx-2024-equipment,https://verifiedvoting.org/verifier/#mode/navigate/map/voteEquip/mapType/ppEquip/year/2024/state/48,Verified Voting Verifier data is county-level election-administration context. It documents equipment systems and related fields by jurisdiction; it is not a turnout or vote-result source.
TX,2024,TX-287,Lee County,county,ES&S,ES&S ExpressVote +,Optical Scan and DRE,county_context,vvpat,BMDs and DREs without VVPAT for all voters,BMDs and DREs without VVPAT,Hand-Fed Optical Scanners,In-House Electronic Poll Book,Optical Scan and DRE,11227,15,8,verified-voting-verifier-tx-2024-equipment,https://verifiedvoting.org/verifier/#mode/navigate/map/voteEquip/mapType/ppEquip/year/2024/state/48,Verified Voting Verifier data is county-level election-administration context. It documents equipment systems and related fields by jurisdiction; it is not a turnout or vote-result source.
TX,2024,TX-289,Leon County,county,ES&S,ES&S ExpressVote +,Optical Scan,county_context,not_recorded,Ballot Marking Devices for all voters,Ballot Marking Devices for all voters,Hand-Fed Optical Scanners,In-House Electronic Poll Book,Optical Scan,11799,16,14,verified-voting-verifier-tx-2024-equipment,https://verifiedvoting.org/verifier/#mode/navigate/map/voteEquip/mapType/ppEquip/year/2024/state/48,Verified Voting Verifier data is county-level election-administration context. It documents equipment systems and related fields by jurisdiction; it is not a turnout or vote-result source.
TX,2024,TX-291,Liberty County,county,Hart InterCivic,Hart InterCivic Verity Touch Writer +,Optical Scan,county_context,hand_marked_paper,"Hand marked paper ballots, BMDs for accessibility",Ballot Marking Devices for all voters,Hand-Fed Optical Scanners,Commercial Electronic Poll Book,Optical Scan,50190,22,22,verified-voting-verifier-tx-2024-equipment,https://verifiedvoting.org/verifier/#mode/navigate/map/voteEquip/mapType/ppEquip/year/2024/state/48,Verified Voting Verifier data is county-level election-administration context. It documents equipment systems and related fields by jurisdiction; it is not a turnout or vote-result source.
TX,2024,TX-293,Limestone County,county,ES&S,Jurisdiction does not use BMDs,DRE,county_context,vvpat,DREs without VVPAT for all voters,DREs without VVPAT for all voters,Hand-Fed Optical Scanners,Commercial Electronic Poll Book,DRE,13419,21,21,verified-voting-verifier-tx-2024-equipment,https://verifiedvoting.org/verifier/#mode/navigate/map/voteEquip/mapType/ppEquip/year/2024/state/48,Verified Voting Verifier data is county-level election-administration context. It documents equipment systems and related fields by jurisdiction; it is not a turnout or vote-result source.
TX,2024,TX-295,Lipscomb County,county,Hart InterCivic,Hart InterCivic Verity Duo +,Optical Scan,county_context,hand_marked_paper,"Hand marked paper ballots, BMDs for accessibility",Ballot Marking Devices for all voters,Hand-Fed Optical Scanners,Commercial Electronic Poll Book,Optical Scan,1730,7,5,verified-voting-verifier-tx-2024-equipment,https://verifiedvoting.org/verifier/#mode/navigate/map/voteEquip/mapType/ppEquip/year/2024/state/48,Verified Voting Verifier data is county-level election-administration context. It documents equipment systems and related fields by jurisdiction; it is not a turnout or vote-result source.
TX,2024,TX-297,Live Oak County,county,Hart InterCivic,Hart InterCivic Verity Duo +,Optical Scan,county_context,hand_marked_paper,"Hand marked paper ballots, BMDs for accessibility",Ballot Marking Devices for all voters,Hand-Fed Optical Scanners,Commercial Electronic Poll Book,Optical Scan,6878,14,11,verified-voting-verifier-tx-2024-equipment,https://verifiedvoting.org/verifier/#mode/navigate/map/voteEquip/mapType/ppEquip/year/2024/state/48,Verified Voting Verifier data is county-level election-administration context. It documents equipment systems and related fields by jurisdiction; it is not a turnout or vote-result source.
TX,2024,TX-299,Llano County,county,Hart InterCivic,Hart InterCivic Verity Duo +,Optical Scan,county_context,not_recorded,Ballot Marking Devices for all voters,Ballot Marking Devices for all voters,Hand-Fed Optical Scanners,In-House Electronic Poll Book,Optical Scan,16879,9,9,verified-voting-verifier-tx-2024-equipment,https://verifiedvoting.org/verifier/#mode/navigate/map/voteEquip/mapType/ppEquip/year/2024/state/48,Verified Voting Verifier data is county-level election-administration context. It documents equipment systems and related fields by jurisdiction; it is not a turnout or vote-result source.
TX,2024,TX-301,Loving County,county,ES&S,ES&S ExpressVote +,Hand Count,county_context,not_recorded,Ballot Marking Devices for all voters,Ballot Marking Devices for all voters,Hand Counted Paper Ballots,In-House Electronic Poll Book,Hand Count,111,4,1,verified-voting-verifier-tx-2024-equipment,https://verifiedvoting.org/verifier/#mode/navigate/map/voteEquip/mapType/ppEquip/year/2024/state/48,Verified Voting Verifier data is county-level election-administration context. It documents equipment systems and related fields by jurisdiction; it is not a turnout or vote-result source.
TX,2024,TX-303,Lubbock County,county,Hart InterCivic,Hart InterCivic Verity Duo +,Optical Scan,county_context,not_recorded,Ballot Marking Devices for all voters,Ballot Marking Devices for all voters,Batch-Fed Optical Scanners,In-House Electronic Poll Book,Optical Scan,172026,99,50,verified-voting-verifier-tx-2024-equipment,https://verifiedvoting.org/verifier/#mode/navigate/map/voteEquip/mapType/ppEquip/year/2024/state/48,Verified Voting Verifier data is county-level election-administration context. It documents equipment systems and related fields by jurisdiction; it is not a turnout or vote-result source.
TX,2024,TX-305,Lynn County,county,ES&S,ES&S ExpressVote +,Optical Scan,county_context,not_recorded,Ballot Marking Devices for all voters,Ballot Marking Devices for all voters,Hand-Fed Optical Scanners,In-House Electronic Poll Book,Optical Scan,3987,5,4,verified-voting-verifier-tx-2024-equipment,https://verifiedvoting.org/verifier/#mode/navigate/map/voteEquip/mapType/ppEquip/year/2024/state/48,Verified Voting Verifier data is county-level election-administration context. It documents equipment systems and related fields by jurisdiction; it is not a turnout or vote-result source.
TX,2024,TX-313,Madison County,county,Hart InterCivic,Hart InterCivic Verity Duo +,Optical Scan,county_context,not_recorded,Ballot Marking Devices for all voters,Ballot Marking Devices for all voters,Hand-Fed Optical Scanners,In-House Electronic Poll Book,Optical Scan,7730,4,5,verified-voting-verifier-tx-2024-equipment,https://verifiedvoting.org/verifier/#mode/navigate/map/voteEquip/mapType/ppEquip/year/2024/state/48,Verified Voting Verifier data is county-level election-administration context. It documents equipment systems and related fields by jurisdiction; it is not a turnout or vote-result source.
TX,2024,TX-315,Marion County,county,Hart InterCivic,Hart InterCivic Verity Duo +,Optical Scan,county_context,not_recorded,Ballot Marking Devices for all voters,Ballot Marking Devices for all voters,Hand-Fed Optical Scanners,In-House Electronic Poll Book,Optical Scan,7048,10,5,verified-voting-verifier-tx-2024-equipment,https://verifiedvoting.org/verifier/#mode/navigate/map/voteEquip/mapType/ppEquip/year/2024/state/48,Verified Voting Verifier data is county-level election-administration context. It documents equipment systems and related fields by jurisdiction; it is not a turnout or vote-result source.
TX,2024,TX-317,Martin County,county,Hart InterCivic,Hart InterCivic Verity Duo +,Optical Scan,county_context,not_recorded,Ballot Marking Devices for all voters,Ballot Marking Devices for all voters,Hand-Fed Optical Scanners,In-House Electronic Poll Book,Optical Scan,3213,7,2,verified-voting-verifier-tx-2024-equipment,https://verifiedvoting.org/verifier/#mode/navigate/map/voteEquip/mapType/ppEquip/year/2024/state/48,Verified Voting Verifier data is county-level election-administration context. It documents equipment systems and related fields by jurisdiction; it is not a turnout or vote-result source.
TX,2024,TX-319,Mason County,county,ES&S,ES&S ExpressVote +,Optical Scan,county_context,not_recorded,Ballot Marking Devices for all voters,Ballot Marking Devices for all voters,Batch-Fed Optical Scanners,In-House Electronic Poll Book,Optical Scan,3083,5,4,verified-voting-verifier-tx-2024-equipment,https://verifiedvoting.org/verifier/#mode/navigate/map/voteEquip/mapType/ppEquip/year/2024/state/48,Verified Voting Verifier data is county-level election-administration context. It documents equipment systems and related fields by jurisdiction; it is not a turnout or vote-result source.
TX,2024,TX-321,Matagorda County,county,Hart InterCivic,Hart InterCivic Verity Duo +,Optical Scan,county_context,not_recorded,Ballot Marking Devices for all voters,Ballot Marking Devices for all voters,Hand-Fed Optical Scanners,In-House Electronic Poll Book,Optical Scan,19738,19,33,verified-voting-verifier-tx-2024-equipment,https://verifiedvoting.org/verifier/#mode/navigate/map/voteEquip/mapType/ppEquip/year/2024/state/48,Verified Voting Verifier data is county-level election-administration context. It documents equipment systems and related fields by jurisdiction; it is not a turnout or vote-result source.
TX,2024,TX-323,Maverick County,county,ES&S,ES&S AutoMARK +,Optical Scan,county_context,hand_marked_paper,"Hand marked paper ballots, BMDs for accessibility",Ballot Marking Devices for all voters,Batch-Fed Optical Scanners,Paper Poll Book,Optical Scan,32464,16,16,verified-voting-verifier-tx-2024-equipment,https://verifiedvoting.org/verifier/#mode/navigate/map/voteEquip/mapType/ppEquip/year/2024/state/48,Verified Voting Verifier data is county-level election-administration context. It documents equipment systems and related fields by jurisdiction; it is not a turnout or vote-result source.
TX,2024,TX-307,McCulloch County,county,Hart InterCivic,Hart InterCivic Verity Touch Writer +,Optical Scan,county_context,hand_marked_paper,"Hand marked paper ballots, BMDs for accessibility",Ballot Marking Devices for all voters,Hand-Fed Optical Scanners,Commercial Electronic Poll Book,Optical Scan,4838,4,7,verified-voting-verifier-tx-2024-equipment,https://verifiedvoting.org/verifier/#mode/navigate/map/voteEquip/mapType/ppEquip/year/2024/state/48,Verified Voting Verifier data is county-level election-administration context. It documents equipment systems and related fields by jurisdiction; it is not a turnout or vote-result source.
TX,2024,TX-309,McLennan County,county,Hart InterCivic,Hart InterCivic Verity Duo +,Optical Scan,county_context,hand_marked_paper,"Hand marked paper ballots, BMDs for accessibility",Ballot Marking Devices for all voters,Batch-Fed Optical Scanners,Commercial Electronic Poll Book,Optical Scan,127388,91,46,verified-voting-verifier-tx-2024-equipment,https://verifiedvoting.org/verifier/#mode/navigate/map/voteEquip/mapType/ppEquip/year/2024/state/48,Verified Voting Verifier data is county-level election-administration context. It documents equipment systems and related fields by jurisdiction; it is not a turnout or vote-result source.
TX,2024,TX-311,McMullen County,county,ES&S,ES&S ExpressVote +,Optical Scan,county_context,hand_marked_paper,"Hand marked paper ballots, BMDs for accessibility",Ballot Marking Devices for all voters,Hand-Fed Optical Scanners,Paper Poll Book,Optical Scan,644,4,4,verified-voting-verifier-tx-2024-equipment,https://verifiedvoting.org/verifier/#mode/navigate/map/voteEquip/mapType/ppEquip/year/2024/state/48,Verified Voting Verifier data is county-level election-administration context. It documents equipment systems and related fields by jurisdiction; it is not a turnout or vote-result source.
TX,2024,TX-325,Medina County,county,Hart InterCivic,Hart InterCivic Verity Duo +,Optical Scan,county_context,not_recorded,Ballot Marking Devices for all voters,Ballot Marking Devices for all voters,Batch-Fed Optical Scanners,In-House Electronic Poll Book,Optical Scan,35611,15,8,verified-voting-verifier-tx-2024-equipment,https://verifiedvoting.org/verifier/#mode/navigate/map/voteEquip/mapType/ppEquip/year/2024/state/48,Verified Voting Verifier data is county-level election-administration context. It documents equipment systems and related fields by jurisdiction; it is not a turnout or vote-result source.
TX,2024,TX-327,Menard County,county,Hart InterCivic,Hart InterCivic Verity Duo +,Optical Scan,county_context,hand_marked_paper,"Hand marked paper ballots, BMDs for accessibility",Ballot Marking Devices for all voters,Hand-Fed Optical Scanners,Paper Poll Book,Optical Scan,1384,6,2,verified-voting-verifier-tx-2024-equipment,https://verifiedvoting.org/verifier/#mode/navigate/map/voteEquip/mapType/ppEquip/year/2024/state/48,Verified Voting Verifier data is county-level election-administration context. It documents equipment systems and related fields by jurisdiction; it is not a turnout or vote-result source.
TX,2024,TX-329,Midland County,county,ES&S,ES&S ExpressVote +,Optical Scan,county_context,not_recorded,Ballot Marking Devices for all voters,Ballot Marking Devices for all voters,Batch-Fed Optical Scanners,In-House Electronic Poll Book,Optical Scan,87107,46,21,verified-voting-verifier-tx-2024-equipment,https://verifiedvoting.org/verifier/#mode/navigate/map/voteEquip/mapType/ppEquip/year/2024/state/48,Verified Voting Verifier data is county-level election-administration context. It documents equipment systems and related fields by jurisdiction; it is not a turnout or vote-result source.
TX,2024,TX-331,Milam County,county,Hart InterCivic,Hart InterCivic Verity Duo +,Optical Scan,county_context,not_recorded,Ballot Marking Devices for all voters,Ballot Marking Devices for all voters,Batch-Fed Optical Scanners,In-House Electronic Poll Book,Optical Scan,15888,11,11,verified-voting-verifier-tx-2024-equipment,https://verifiedvoting.org/verifier/#mode/navigate/map/voteEquip/mapType/ppEquip/year/2024/state/48,Verified Voting Verifier data is county-level election-administration context. It documents equipment systems and related fields by jurisdiction; it is not a turnout or vote-result source.
TX,2024,TX-333,Mills County,county,Hart InterCivic,Hart InterCivic Verity Touch Writer +,Optical Scan,county_context,hand_marked_paper,"Hand marked paper ballots, BMDs for accessibility",Ballot Marking Devices for all voters,Hand-Fed Optical Scanners,Paper Poll Book,Optical Scan,3333,8,7,verified-voting-verifier-tx-2024-equipment,https://verifiedvoting.org/verifier/#mode/navigate/map/voteEquip/mapType/ppEquip/year/2024/state/48,Verified Voting Verifier data is county-level election-administration context. It documents equipment systems and related fields by jurisdiction; it is not a turnout or vote-result source.
TX,2024,TX-335,Mitchell County,county,ES&S,ES&S ExpressVote +,Optical Scan,county_context,not_recorded,Ballot Marking Devices for all voters,Ballot Marking Devices for all voters,Hand-Fed Optical Scanners,Commercial Electronic Poll Book,Optical Scan,4049,5,4,verified-voting-verifier-tx-2024-equipment,https://verifiedvoting.org/verifier/#mode/navigate/map/voteEquip/mapType/ppEquip/year/2024/state/48,Verified Voting Verifier data is county-level election-administration context. It documents equipment systems and related fields by jurisdiction; it is not a turnout or vote-result source.
TX,2024,TX-337,Montague County,county,ES&S,ES&S ExpressVote +,Optical Scan,county_context,not_recorded,Ballot Marking Devices for all voters,Ballot Marking Devices for all voters,Hand-Fed Optical Scanners,In-House Electronic Poll Book,Optical Scan,14482,15,10,verified-voting-verifier-tx-2024-equipment,https://verifiedvoting.org/verifier/#mode/navigate/map/voteEquip/mapType/ppEquip/year/2024/state/48,Verified Voting Verifier data is county-level election-administration context. It documents equipment systems and related fields by jurisdiction; it is not a turnout or vote-result source.
TX,2024,TX-339,Montgomery County,county,Hart InterCivic,Hart InterCivic Verity Duo +,Optical Scan,county_context,not_recorded,Ballot Marking Devices for all voters,Ballot Marking Devices for all voters,Batch-Fed Optical Scanners,In-House Electronic Poll Book,Optical Scan,413961,113,109,verified-voting-verifier-tx-2024-equipment,https://verifiedvoting.org/verifier/#mode/navigate/map/voteEquip/mapType/ppEquip/year/2024/state/48,Verified Voting Verifier data is county-level election-administration context. It documents equipment systems and related fields by jurisdiction; it is not a turnout or vote-result source.
TX,2024,TX-341,Moore County,county,ES&S,ES&S ExpressVote +,Optical Scan,county_context,not_recorded,Ballot Marking Devices for all voters,Ballot Marking Devices for all voters,Hand-Fed Optical Scanners,In-House Electronic Poll Book,Optical Scan,9108,7,10,verified-voting-verifier-tx-2024-equipment,https://verifiedvoting.org/verifier/#mode/navigate/map/voteEquip/mapType/ppEquip/year/2024/state/48,Verified Voting Verifier data is county-level election-administration context. It documents equipment systems and related fields by jurisdiction; it is not a turnout or vote-result source.
TX,2024,TX-343,Morris County,county,ES&S,ES&S ExpressVote +,Optical Scan,county_context,hand_marked_paper,"Hand marked paper ballots, BMDs for accessibility",Ballot Marking Devices for all voters,Hand-Fed Optical Scanners,Commercial Electronic Poll Book,Optical Scan,8063,9,8,verified-voting-verifier-tx-2024-equipment,https://verifiedvoting.org/verifier/#mode/navigate/map/voteEquip/mapType/ppEquip/year/2024/state/48,Verified Voting Verifier data is county-level election-administration context. It documents equipment systems and related fields by jurisdiction; it is not a turnout or vote-result source.
TX,2024,TX-345,Motley County,county,Hart InterCivic,Hart InterCivic Verity Touch Writer +,Optical Scan,county_context,hand_marked_paper,"Hand marked paper ballots, BMDs for accessibility",Ballot Marking Devices for all voters,Hand-Fed Optical Scanners,Paper Poll Book,Optical Scan,792,7,6,verified-voting-verifier-tx-2024-equipment,https://verifiedvoting.org/verifier/#mode/navigate/map/voteEquip/mapType/ppEquip/year/2024/state/48,Verified Voting Verifier data is county-level election-administration context. It documents equipment systems and related fields by jurisdiction; it is not a turnout or vote-result source.
TX,2024,TX-347,Nacogdoches County,county,Hart InterCivic,Hart InterCivic Verity Touch Writer +,Optical Scan,county_context,hand_marked_paper,"Hand marked paper ballots, BMDs for accessibility",Ballot Marking Devices for all voters,Batch-Fed Optical Scanners,Commercial Electronic Poll Book,Optical Scan,35772,19,19,verified-voting-verifier-tx-2024-equipment,https://verifiedvoting.org/verifier/#mode/navigate/map/voteEquip/mapType/ppEquip/year/2024/state/48,Verified Voting Verifier data is county-level election-administration context. It documents equipment systems and related fields by jurisdiction; it is not a turnout or vote-result source.
TX,2024,TX-349,Navarro County,county,ES&S,ES&S ExpressVote +,Optical Scan,county_context,not_recorded,Ballot Marking Devices for all voters,Ballot Marking Devices for all voters,Hand-Fed Optical Scanners,In-House Electronic Poll Book,Optical Scan,30179,33,20,verified-voting-verifier-tx-2024-equipment,https://verifiedvoting.org/verifier/#mode/navigate/map/voteEquip/mapType/ppEquip/year/2024/state/48,Verified Voting Verifier data is county-level election-administration context. It documents equipment systems and related fields by jurisdiction; it is not a turnout or vote-result source.
TX,2024,TX-351,Newton County,county,ES&S,ES&S ExpressVote +,Optical Scan,county_context,hand_marked_paper,"Hand marked paper ballots, BMDs for accessibility",Ballot Marking Devices for all voters,Batch-Fed Optical Scanners,Paper Poll Book,Optical Scan,8744,23,15,verified-voting-verifier-tx-2024-equipment,https://verifiedvoting.org/verifier/#mode/navigate/map/voteEquip/mapType/ppEquip/year/2024/state/48,Verified Voting Verifier data is county-level election-administration context. It documents equipment systems and related fields by jurisdiction; it is not a turnout or vote-result source.
TX,2024,TX-353,Nolan County,county,ES&S,ES&S ExpressVote +,Optical Scan,county_context,not_recorded,Ballot Marking Devices for all voters,Ballot Marking Devices for all voters,Hand-Fed Optical Scanners,Commercial Electronic Poll Book,Optical Scan,7996,9,10,verified-voting-verifier-tx-2024-equipment,https://verifiedvoting.org/verifier/#mode/navigate/map/voteEquip/mapType/ppEquip/year/2024/state/48,Verified Voting Verifier data is county-level election-administration context. It documents equipment systems and related fields by jurisdiction; it is not a turnout or vote-result source.
TX,2024,TX-355,Nueces County,county,Hart InterCivic,Hart InterCivic Verity Duo +,Optical Scan,county_context,not_recorded,Ballot Marking Devices for all voters,Ballot Marking Devices for all voters,Batch-Fed Optical Scanners,In-House Electronic Poll Book,Optical Scan,193930,130,65,verified-voting-verifier-tx-2024-equipment,https://verifiedvoting.org/verifier/#mode/navigate/map/voteEquip/mapType/ppEquip/year/2024/state/48,Verified Voting Verifier data is county-level election-administration context. It documents equipment systems and related fields by jurisdiction; it is not a turnout or vote-result source.
TX,2024,TX-357,Ochiltree County,county,ES&S,ES&S ExpressVote +,Optical Scan,county_context,hand_marked_paper,"Hand marked paper ballots, BMDs for accessibility",Ballot Marking Devices for all voters,Hand-Fed Optical Scanners,Commercial Electronic Poll Book,Optical Scan,4677,4,4,verified-voting-verifier-tx-2024-equipment,https://verifiedvoting.org/verifier/#mode/navigate/map/voteEquip/mapType/ppEquip/year/2024/state/48,Verified Voting Verifier data is county-level election-administration context. It documents equipment systems and related fields by jurisdiction; it is not a turnout or vote-result source.
TX,2024,TX-359,Oldham County,county,ES&S,ES&S ExpressVote +,Optical Scan,county_context,hand_marked_paper,"Hand marked paper ballots, BMDs for accessibility",Ballot Marking Devices for all voters,Hand-Fed Optical Scanners,Commercial Electronic Poll Book,Optical Scan,1228,7,4,verified-voting-verifier-tx-2024-equipment,https://verifiedvoting.org/verifier/#mode/navigate/map/voteEquip/mapType/ppEquip/year/2024/state/48,Verified Voting Verifier data is county-level election-administration context. It documents equipment systems and related fields by jurisdiction; it is not a turnout or vote-result source.
TX,2024,TX-361,Orange County,county,ES&S,ES&S ExpressVote +,Optical Scan,county_context,not_recorded,Ballot Marking Devices for all voters,Ballot Marking Devices for all voters,Batch-Fed Optical Scanners,In-House Electronic Poll Book,Optical Scan,52314,34,20,verified-voting-verifier-tx-2024-equipment,https://verifiedvoting.org/verifier/#mode/navigate/map/voteEquip/mapType/ppEquip/year/2024/state/48,Verified Voting Verifier data is county-level election-administration context. It documents equipment systems and related fields by jurisdiction; it is not a turnout or vote-result source.
TX,2024,TX-363,Palo Pinto County,county,Hart InterCivic,Hart InterCivic Verity Duo +,Optical Scan,county_context,not_recorded,Ballot Marking Devices for all voters,Ballot Marking Devices for all voters,Hand-Fed Optical Scanners,In-House Electronic Poll Book,Optical Scan,18453,28,14,verified-voting-verifier-tx-2024-equipment,https://verifiedvoting.org/verifier/#mode/navigate/map/voteEquip/mapType/ppEquip/year/2024/state/48,Verified Voting Verifier data is county-level election-administration context. It documents equipment systems and related fields by jurisdiction; it is not a turnout or vote-result source.
TX,2024,TX-365,Panola County,county,ES&S,ES&S ExpressVote +,Optical Scan,county_context,not_recorded,Ballot Marking Devices for all voters,Ballot Marking Devices for all voters,Hand-Fed Optical Scanners,In-House Electronic Poll Book,Optical Scan,16341,4,19,verified-voting-verifier-tx-2024-equipment,https://verifiedvoting.org/verifier/#mode/navigate/map/voteEquip/mapType/ppEquip/year/2024/state/48,Verified Voting Verifier data is county-level election-administration context. It documents equipment systems and related fields by jurisdiction; it is not a turnout or vote-result source.
TX,2024,TX-367,Parker County,county,Hart InterCivic,Hart InterCivic Verity Duo +,Optical Scan,county_context,not_recorded,Ballot Marking Devices for all voters,Ballot Marking Devices for all voters,Batch-Fed Optical Scanners,In-House Electronic Poll Book,Optical Scan,115939,46,37,verified-voting-verifier-tx-2024-equipment,https://verifiedvoting.org/verifier/#mode/navigate/map/voteEquip/mapType/ppEquip/year/2024/state/48,Verified Voting Verifier data is county-level election-administration context. It documents equipment systems and related fields by jurisdiction; it is not a turnout or vote-result source.
TX,2024,TX-369,Parmer County,county,ES&S,ES&S ExpressVote +,Optical Scan,county_context,hand_marked_paper,"Hand marked paper ballots, BMDs for accessibility",Ballot Marking Devices for all voters,Batch-Fed Optical Scanners,Commercial Electronic Poll Book,Optical Scan,4219,7,4,verified-voting-verifier-tx-2024-equipment,https://verifiedvoting.org/verifier/#mode/navigate/map/voteEquip/mapType/ppEquip/year/2024/state/48,Verified Voting Verifier data is county-level election-administration context. It documents equipment systems and related fields by jurisdiction; it is not a turnout or vote-result source.
TX,2024,TX-371,Pecos County,county,ES&S,ES&S ExpressVote +,Optical Scan,county_context,not_recorded,Ballot Marking Devices for all voters,Ballot Marking Devices for all voters,Hand-Fed Optical Scanners,Commercial Electronic Poll Book,Optical Scan,7342,9,9,verified-voting-verifier-tx-2024-equipment,https://verifiedvoting.org/verifier/#mode/navigate/map/voteEquip/mapType/ppEquip/year/2024/state/48,Verified Voting Verifier data is county-level election-administration context. It documents equipment systems and related fields by jurisdiction; it is not a turnout or vote-result source.
TX,2024,TX-373,Polk County,county,Hart InterCivic,Hart InterCivic Verity Duo +,Optical Scan,county_context,not_recorded,Ballot Marking Devices for all voters,Ballot Marking Devices for all voters,Batch-Fed Optical Scanners,In-House Electronic Poll Book,Optical Scan,38369,23,48,verified-voting-verifier-tx-2024-equipment,https://verifiedvoting.org/verifier/#mode/navigate/map/voteEquip/mapType/ppEquip/year/2024/state/48,Verified Voting Verifier data is county-level election-administration context. It documents equipment systems and related fields by jurisdiction; it is not a turnout or vote-result source.
TX,2024,TX-375,Potter County,county,Hart InterCivic,Hart InterCivic Verity Duo +,Optical Scan,county_context,not_recorded,Ballot Marking Devices for all voters,Ballot Marking Devices for all voters,Batch-Fed Optical Scanners,In-House Electronic Poll Book,Optical Scan,50959,25,15,verified-voting-verifier-tx-2024-equipment,https://verifiedvoting.org/verifier/#mode/navigate/map/voteEquip/mapType/ppEquip/year/2024/state/48,Verified Voting Verifier data is county-level election-administration context. It documents equipment systems and related fields by jurisdiction; it is not a turnout or vote-result source.
TX,2024,TX-377,Presidio County,county,ES&S,ES&S ExpressVote +,Optical Scan,county_context,hand_marked_paper,"Hand marked paper ballots, BMDs for accessibility",Ballot Marking Devices for all voters,Hand-Fed Optical Scanners,Commercial Electronic Poll Book,Optical Scan,3907,8,4,verified-voting-verifier-tx-2024-equipment,https://verifiedvoting.org/verifier/#mode/navigate/map/voteEquip/mapType/ppEquip/year/2024/state/48,Verified Voting Verifier data is county-level election-administration context. It documents equipment systems and related fields by jurisdiction; it is not a turnout or vote-result source.
TX,2024,TX-379,Rains County,county,Hart InterCivic,Hart InterCivic Verity Duo +,Optical Scan,county_context,not_recorded,Ballot Marking Devices for all voters,Ballot Marking Devices for all voters,Batch-Fed Optical Scanners,In-House Electronic Poll Book,Optical Scan,8594,9,8,verified-voting-verifier-tx-2024-equipment,https://verifiedvoting.org/verifier/#mode/navigate/map/voteEquip/mapType/ppEquip/year/2024/state/48,Verified Voting Verifier data is county-level election-administration context. It documents equipment systems and related fields by jurisdiction; it is not a turnout or vote-result source.
TX,2024,TX-381,Randall County,county,Hart InterCivic,Hart InterCivic Verity Duo +,Optical Scan,county_context,not_recorded,Ballot Marking Devices for all voters,Ballot Marking Devices for all voters,Batch-Fed Optical Scanners,In-House Electronic Poll Book,Optical Scan,89820,31,16,verified-voting-verifier-tx-2024-equipment,https://verifiedvoting.org/verifier/#mode/navigate/map/voteEquip/mapType/ppEquip/year/2024/state/48,Verified Voting Verifier data is county-level election-administration context. It documents equipment systems and related fields by jurisdiction; it is not a turnout or vote-result source.
TX,2024,TX-383,Reagan County,county,Hart InterCivic,Hart InterCivic Verity Duo +,Optical Scan,county_context,not_recorded,Ballot Marking Devices for all voters,Ballot Marking Devices for all voters,Hand-Fed Optical Scanners,In-House Electronic Poll Book,Optical Scan,1600,5,6,verified-voting-verifier-tx-2024-equipment,https://verifiedvoting.org/verifier/#mode/navigate/map/voteEquip/mapType/ppEquip/year/2024/state/48,Verified Voting Verifier data is county-level election-administration context. It documents equipment systems and related fields by jurisdiction; it is not a turnout or vote-result source.
TX,2024,TX-385,Real County,county,ES&S,ES&S ExpressVote +,Optical Scan,county_context,hand_marked_paper,"Hand marked paper ballots, BMDs for accessibility",Ballot Marking Devices for all voters,Hand-Fed Optical Scanners,Commercial Electronic Poll Book,Optical Scan,2490,5,5,verified-voting-verifier-tx-2024-equipment,https://verifiedvoting.org/verifier/#mode/navigate/map/voteEquip/mapType/ppEquip/year/2024/state/48,Verified Voting Verifier data is county-level election-administration context. It documents equipment systems and related fields by jurisdiction; it is not a turnout or vote-result source.
TX,2024,TX-387,Red River County,county,Hart InterCivic,Hart InterCivic Verity Touch Writer +,Optical Scan,county_context,hand_marked_paper,"Hand marked paper ballots, BMDs for accessibility",Ballot Marking Devices for all voters,Hand-Fed Optical Scanners,Commercial Electronic Poll Book,Optical Scan,7936,30,11,verified-voting-verifier-tx-2024-equipment,https://verifiedvoting.org/verifier/#mode/navigate/map/voteEquip/mapType/ppEquip/year/2024/state/48,Verified Voting Verifier data is county-level election-administration context. It documents equipment systems and related fields by jurisdiction; it is not a turnout or vote-result source.
TX,2024,TX-389,Reeves County,county,ES&S,ES&S ExpressVote +,Optical Scan,county_context,not_recorded,Ballot Marking Devices for all voters,Ballot Marking Devices for all voters,Batch-Fed Optical Scanners,In-House Electronic Poll Book,Optical Scan,6953,9,6,verified-voting-verifier-tx-2024-equipment,https://verifiedvoting.org/verifier/#mode/navigate/map/voteEquip/mapType/ppEquip/year/2024/state/48,Verified Voting Verifier data is county-level election-administration context. It documents equipment systems and related fields by jurisdiction; it is not a turnout or vote-result source.
TX,2024,TX-391,Refugio County,county,Hart InterCivic,Hart InterCivic Verity Duo +,Optical Scan,county_context,not_recorded,Ballot Marking Devices for all voters,Ballot Marking Devices for all voters,Hand-Fed Optical Scanners,In-House Electronic Poll Book,Optical Scan,4489,10,8,verified-voting-verifier-tx-2024-equipment,https://verifiedvoting.org/verifier/#mode/navigate/map/voteEquip/mapType/ppEquip/year/2024/state/48,Verified Voting Verifier data is county-level election-administration context. It documents equipment systems and related fields by jurisdiction; it is not a turnout or vote-result source.
TX,2024,TX-393,Roberts County,county,Hart InterCivic,Hart InterCivic Verity Touch Writer +,Optical Scan,county_context,hand_marked_paper,"Hand marked paper ballots, BMDs for accessibility",Ballot Marking Devices for all voters,Hand-Fed Optical Scanners,Paper Poll Book,Optical Scan,663,5,2,verified-voting-verifier-tx-2024-equipment,https://verifiedvoting.org/verifier/#mode/navigate/map/voteEquip/mapType/ppEquip/year/2024/state/48,Verified Voting Verifier data is county-level election-administration context. It documents equipment systems and related fields by jurisdiction; it is not a turnout or vote-result source.
TX,2024,TX-395,Robertson County,county,ES&S,ES&S ExpressVote +,Optical Scan,county_context,hand_marked_paper,"Hand marked paper ballots, BMDs for accessibility",Ballot Marking Devices for all voters,Hand-Fed Optical Scanners,Commercial Electronic Poll Book,Optical Scan,11538,13,11,verified-voting-verifier-tx-2024-equipment,https://verifiedvoting.org/verifier/#mode/navigate/map/voteEquip/mapType/ppEquip/year/2024/state/48,Verified Voting Verifier data is county-level election-administration context. It documents equipment systems and related fields by jurisdiction; it is not a turnout or vote-result source.
TX,2024,TX-397,Rockwall County,county,ES&S,ES&S ExpressVote +,Optical Scan,county_context,not_recorded,Ballot Marking Devices for all voters,Ballot Marking Devices for all voters,Batch-Fed Optical Scanners,In-House Electronic Poll Book,Optical Scan,81313,26,13,verified-voting-verifier-tx-2024-equipment,https://verifiedvoting.org/verifier/#mode/navigate/map/voteEquip/mapType/ppEquip/year/2024/state/48,Verified Voting Verifier data is county-level election-administration context. It documents equipment systems and related fields by jurisdiction; it is not a turnout or vote-result source.
TX,2024,TX-399,Runnels County,county,Hart InterCivic,Hart InterCivic Verity Duo +,Optical Scan,county_context,not_recorded,Ballot Marking Devices for all voters,Ballot Marking Devices for all voters,Hand-Fed Optical Scanners,In-House Electronic Poll Book,Optical Scan,6231,9,7,verified-voting-verifier-tx-2024-equipment,https://verifiedvoting.org/verifier/#mode/navigate/map/voteEquip/mapType/ppEquip/year/2024/state/48,Verified Voting Verifier data is county-level election-administration context. It documents equipment systems and related fields by jurisdiction; it is not a turnout or vote-result source.
TX,2024,TX-401,Rusk County,county,ES&S,ES&S ExpressVote +,Optical Scan,county_context,not_recorded,Ballot Marking Devices for all voters,Ballot Marking Devices for all voters,Batch-Fed Optical Scanners,In-House Electronic Poll Book,Optical Scan,31122,26,12,verified-voting-verifier-tx-2024-equipment,https://verifiedvoting.org/verifier/#mode/navigate/map/voteEquip/mapType/ppEquip/year/2024/state/48,Verified Voting Verifier data is county-level election-administration context. It documents equipment systems and related fields by jurisdiction; it is not a turnout or vote-result source.
TX,2024,TX-403,Sabine County,county,Hart InterCivic,Hart InterCivic Verity Touch Writer +,Optical Scan,county_context,hand_marked_paper,"Hand marked paper ballots, BMDs for accessibility",Ballot Marking Devices for all voters,Hand-Fed Optical Scanners,Commercial Electronic Poll Book,Optical Scan,7715,9,8,verified-voting-verifier-tx-2024-equipment,https://verifiedvoting.org/verifier/#mode/navigate/map/voteEquip/mapType/ppEquip/year/2024/state/48,Verified Voting Verifier data is county-level election-administration context. It documents equipment systems and related fields by jurisdiction; it is not a turnout or vote-result source.
TX,2024,TX-405,San Augustine County,county,Hart InterCivic,Hart InterCivic Verity Touch Writer +,Optical Scan,county_context,hand_marked_paper,"Hand marked paper ballots, BMDs for accessibility",Ballot Marking Devices for all voters,Hand-Fed Optical Scanners,Commercial Electronic Poll Book,Optical Scan,5623,11,11,verified-voting-verifier-tx-2024-equipment,https://verifiedvoting.org/verifier/#mode/navigate/map/voteEquip/mapType/ppEquip/year/2024/state/48,Verified Voting Verifier data is county-level election-administration context. It documents equipment systems and related fields by jurisdiction; it is not a turnout or vote-result source.
TX,2024,TX-407,San Jacinto County,county,Hart InterCivic,Hart InterCivic Verity Duo +,Optical Scan,county_context,not_recorded,Ballot Marking Devices for all voters,Ballot Marking Devices for all voters,Batch-Fed Optical Scanners,In-House Electronic Poll Book,Optical Scan,19011,11,7,verified-voting-verifier-tx-2024-equipment,https://verifiedvoting.org/verifier/#mode/navigate/map/voteEquip/mapType/ppEquip/year/2024/state/48,Verified Voting Verifier data is county-level election-administration context. It documents equipment systems and related fields by jurisdiction; it is not a turnout or vote-result source.
TX,2024,TX-409,San Patricio County,county,Hart InterCivic,Hart InterCivic Verity Duo +,Optical Scan,county_context,not_recorded,Ballot Marking Devices for all voters,Ballot Marking Devices for all voters,Batch-Fed Optical Scanners,In-House Electronic Poll Book,Optical Scan,40683,25,13,verified-voting-verifier-tx-2024-equipment,https://verifiedvoting.org/verifier/#mode/navigate/map/voteEquip/mapType/ppEquip/year/2024/state/48,Verified Voting Verifier data is county-level election-administration context. It documents equipment systems and related fields by jurisdiction; it is not a turnout or vote-result source.
TX,2024,TX-411,San Saba County,county,ES&S,ES&S ExpressVote +,Optical Scan,county_context,hand_marked_paper,"Hand marked paper ballots, BMDs for accessibility",Ballot Marking Devices for all voters,Batch-Fed Optical Scanners,Commercial Electronic Poll Book,Optical Scan,3530,4,4,verified-voting-verifier-tx-2024-equipment,https://verifiedvoting.org/verifier/#mode/navigate/map/voteEquip/mapType/ppEquip/year/2024/state/48,Verified Voting Verifier data is county-level election-administration context. It documents equipment systems and related fields by jurisdiction; it is not a turnout or vote-result source.
TX,2024,TX-413,Schleicher County,county,ES&S,ES&S ExpressVote +,Optical Scan,county_context,hand_marked_paper,"Hand marked paper ballots, BMDs for accessibility",Ballot Marking Devices for all voters,Hand-Fed Optical Scanners,Commercial Electronic Poll Book,Optical Scan,1667,4,2,verified-voting-verifier-tx-2024-equipment,https://verifiedvoting.org/verifier/#mode/navigate/map/voteEquip/mapType/ppEquip/year/2024/state/48,Verified Voting Verifier data is county-level election-administration context. It documents equipment systems and related fields by jurisdiction; it is not a turnout or vote-result source.
TX,2024,TX-415,Scurry County,county,ES&S,ES&S ExpressVote +,Optical Scan,county_context,not_recorded,Ballot Marking Devices for all voters,Ballot Marking Devices for all voters,Hand-Fed Optical Scanners,In-House Electronic Poll Book,Optical Scan,8511,11,6,verified-voting-verifier-tx-2024-equipment,https://verifiedvoting.org/verifier/#mode/navigate/map/voteEquip/mapType/ppEquip/year/2024/state/48,Verified Voting Verifier data is county-level election-administration context. It documents equipment systems and related fields by jurisdiction; it is not a turnout or vote-result source.
TX,2024,TX-417,Shackelford County,county,Hart InterCivic,Hart InterCivic Verity Duo +,Optical Scan,county_context,hand_marked_paper,"Hand marked paper ballots, BMDs for accessibility",Ballot Marking Devices for all voters,Hand-Fed Optical Scanners,Commercial Electronic Poll Book,Optical Scan,2272,4,4,verified-voting-verifier-tx-2024-equipment,https://verifiedvoting.org/verifier/#mode/navigate/map/voteEquip/mapType/ppEquip/year/2024/state/48,Verified Voting Verifier data is county-level election-administration context. It documents equipment systems and related fields by jurisdiction; it is not a turnout or vote-result source.
TX,2024,TX-419,Shelby County,county,ES&S,ES&S ExpressVote +,Optical Scan,county_context,hand_marked_paper,"Hand marked paper ballots, BMDs for accessibility",Ballot Marking Devices for all voters,Hand-Fed Optical Scanners,Commercial Electronic Poll Book,Optical Scan,15180,15,30,verified-voting-verifier-tx-2024-equipment,https://verifiedvoting.org/verifier/#mode/navigate/map/voteEquip/mapType/ppEquip/year/2024/state/48,Verified Voting Verifier data is county-level election-administration context. It documents equipment systems and related fields by jurisdiction; it is not a turnout or vote-result source.
TX,2024,TX-421,Sherman County,county,ES&S,ES&S ExpressVote +,Optical Scan,county_context,hand_marked_paper,"Hand marked paper ballots, BMDs for accessibility",Ballot Marking Devices for all voters,Hand-Fed Optical Scanners,Commercial Electronic Poll Book,Optical Scan,1257,4,4,verified-voting-verifier-tx-2024-equipment,https://verifiedvoting.org/verifier/#mode/navigate/map/voteEquip/mapType/ppEquip/year/2024/state/48,Verified Voting Verifier data is county-level election-administration context. It documents equipment systems and related fields by jurisdiction; it is not a turnout or vote-result source.
TX,2024,TX-423,Smith County,county,ES&S,ES&S ExpressVote +,Optical Scan,county_context,not_recorded,Ballot Marking Devices for all voters,Ballot Marking Devices for all voters,Batch-Fed Optical Scanners,In-House Electronic Poll Book,Optical Scan,143315,75,38,verified-voting-verifier-tx-2024-equipment,https://verifiedvoting.org/verifier/#mode/navigate/map/voteEquip/mapType/ppEquip/year/2024/state/48,Verified Voting Verifier data is county-level election-administration context. It documents equipment systems and related fields by jurisdiction; it is not a turnout or vote-result source.
TX,2024,TX-425,Somervell County,county,ES&S,ES&S ExpressVote +,Optical Scan,county_context,not_recorded,Ballot Marking Devices for all voters,Ballot Marking Devices for all voters,Hand-Fed Optical Scanners,In-House Electronic Poll Book,Optical Scan,6894,4,1,verified-voting-verifier-tx-2024-equipment,https://verifiedvoting.org/verifier/#mode/navigate/map/voteEquip/mapType/ppEquip/year/2024/state/48,Verified Voting Verifier data is county-level election-administration context. It documents equipment systems and related fields by jurisdiction; it is not a turnout or vote-result source.
TX,2024,TX-427,Starr County,county,ES&S,ES&S ExpressVote +,Optical Scan,county_context,hand_marked_paper,"Hand marked paper ballots, BMDs for accessibility",Ballot Marking Devices for all voters,Hand-Fed Optical Scanners,Commercial Electronic Poll Book,Optical Scan,33700,14,14,verified-voting-verifier-tx-2024-equipment,https://verifiedvoting.org/verifier/#mode/navigate/map/voteEquip/mapType/ppEquip/year/2024/state/48,Verified Voting Verifier data is county-level election-administration context. It documents equipment systems and related fields by jurisdiction; it is not a turnout or vote-result source.
TX,2024,TX-429,Stephens County,county,ES&S,ES&S ExpressVote +,Optical Scan,county_context,hand_marked_paper,"Hand marked paper ballots, BMDs for accessibility",Ballot Marking Devices for all voters,Hand-Fed Optical Scanners,Commercial Electronic Poll Book,Optical Scan,5229,5,5,verified-voting-verifier-tx-2024-equipment,https://verifiedvoting.org/verifier/#mode/navigate/map/voteEquip/mapType/ppEquip/year/2024/state/48,Verified Voting Verifier data is county-level election-administration context. It documents equipment systems and related fields by jurisdiction; it is not a turnout or vote-result source.
TX,2024,TX-431,Sterling County,county,Hart InterCivic,Hart InterCivic Verity Duo +,Optical Scan,county_context,not_recorded,Ballot Marking Devices for all voters,Ballot Marking Devices for all voters,Hand-Fed Optical Scanners,In-House Electronic Poll Book,Optical Scan,862,5,3,verified-voting-verifier-tx-2024-equipment,https://verifiedvoting.org/verifier/#mode/navigate/map/voteEquip/mapType/ppEquip/year/2024/state/48,Verified Voting Verifier data is county-level election-administration context. It documents equipment systems and related fields by jurisdiction; it is not a turnout or vote-result source.
TX,2024,TX-433,Stonewall County,county,ES&S,ES&S ExpressVote +,Optical Scan,county_context,not_recorded,Ballot Marking Devices for all voters,Ballot Marking Devices for all voters,Hand-Fed Optical Scanners,In-House Electronic Poll Book,Optical Scan,955,4,1,verified-voting-verifier-tx-2024-equipment,https://verifiedvoting.org/verifier/#mode/navigate/map/voteEquip/mapType/ppEquip/year/2024/state/48,Verified Voting Verifier data is county-level election-administration context. It documents equipment systems and related fields by jurisdiction; it is not a turnout or vote-result source.
TX,2024,TX-435,Sutton County,county,ES&S,ES&S ExpressVote +,Optical Scan,county_context,not_recorded,Ballot Marking Devices for all voters,Ballot Marking Devices for all voters,Hand-Fed Optical Scanners,In-House Electronic Poll Book,Optical Scan,2139,4,4,verified-voting-verifier-tx-2024-equipment,https://verifiedvoting.org/verifier/#mode/navigate/map/voteEquip/mapType/ppEquip/year/2024/state/48,Verified Voting Verifier data is county-level election-administration context. It documents equipment systems and related fields by jurisdiction; it is not a turnout or vote-result source.
TX,2024,TX-437,Swisher County,county,ES&S,ES&S ExpressVote +,Optical Scan,county_context,not_recorded,Ballot Marking Devices for all voters,Ballot Marking Devices for all voters,Hand-Fed Optical Scanners,In-House Electronic Poll Book,Optical Scan,3489,8,4,verified-voting-verifier-tx-2024-equipment,https://verifiedvoting.org/verifier/#mode/navigate/map/voteEquip/mapType/ppEquip/year/2024/state/48,Verified Voting Verifier data is county-level election-administration context. It documents equipment systems and related fields by jurisdiction; it is not a turnout or vote-result source.
TX,2024,TX-439,Tarrant County,county,Hart InterCivic,Hart InterCivic Verity Duo +,Optical Scan,county_context,not_recorded,Ballot Marking Devices for all voters,Ballot Marking Devices for all voters,Batch-Fed Optical Scanners,In-House Electronic Poll Book,Optical Scan,1154287,844,350,verified-voting-verifier-tx-2024-equipment,https://verifiedvoting.org/verifier/#mode/navigate/map/voteEquip/mapType/ppEquip/year/2024/state/48,Verified Voting Verifier data is county-level election-administration context. It documents equipment systems and related fields by jurisdiction; it is not a turnout or vote-result source.
TX,2024,TX-441,Taylor County,county,Hart InterCivic,Hart InterCivic Verity Duo +,Optical Scan,county_context,not_recorded,Ballot Marking Devices for all voters,Ballot Marking Devices for all voters,Batch-Fed Optical Scanners,In-House Electronic Poll Book,Optical Scan,77475,68,19,verified-voting-verifier-tx-2024-equipment,https://verifiedvoting.org/verifier/#mode/navigate/map/voteEquip/mapType/ppEquip/year/2024/state/48,Verified Voting Verifier data is county-level election-administration context. It documents equipment systems and related fields by jurisdiction; it is not a turnout or vote-result source.
TX,2024,TX-443,Terrell County,county,ES&S,ES&S ExpressVote +,Optical Scan,county_context,hand_marked_paper,"Hand marked paper ballots, BMDs for accessibility",Ballot Marking Devices for all voters,Hand-Fed Optical Scanners,Commercial Electronic Poll Book,Optical Scan,612,5,1,verified-voting-verifier-tx-2024-equipment,https://verifiedvoting.org/verifier/#mode/navigate/map/voteEquip/mapType/ppEquip/year/2024/state/48,Verified Voting Verifier data is county-level election-administration context. It documents equipment systems and related fields by jurisdiction; it is not a turnout or vote-result source.
TX,2024,TX-445,Terry County,county,ES&S,ES&S ExpressVote +,Optical Scan,county_context,not_recorded,Ballot Marking Devices for all voters,Ballot Marking Devices for all voters,Hand-Fed Optical Scanners,In-House Electronic Poll Book,Optical Scan,5954,7,6,verified-voting-verifier-tx-2024-equipment,https://verifiedvoting.org/verifier/#mode/navigate/map/voteEquip/mapType/ppEquip/year/2024/state/48,Verified Voting Verifier data is county-level election-administration context. It documents equipment systems and related fields by jurisdiction; it is not a turnout or vote-result source.
TX,2024,TX-447,Throckmorton County,county,Hart InterCivic,Hart InterCivic Verity Duo +,Optical Scan,county_context,hand_marked_paper,"Hand marked paper ballots, BMDs for accessibility",Ballot Marking Devices for all voters,Hand-Fed Optical Scanners,Commercial Electronic Poll Book,Optical Scan,1102,4,4,verified-voting-verifier-tx-2024-equipment,https://verifiedvoting.org/verifier/#mode/navigate/map/voteEquip/mapType/ppEquip/year/2024/state/48,Verified Voting Verifier data is county-level election-administration context. It documents equipment systems and related fields by jurisdiction; it is not a turnout or vote-result source.
TX,2024,TX-449,Titus County,county,Hart InterCivic,Hart InterCivic Verity Touch Writer +,Optical Scan,county_context,hand_marked_paper,"Hand marked paper ballots, BMDs for accessibility",Ballot Marking Devices for all voters,Hand-Fed Optical Scanners,Commercial Electronic Poll Book,Optical Scan,16420,21,21,verified-voting-verifier-tx-2024-equipment,https://verifiedvoting.org/verifier/#mode/navigate/map/voteEquip/mapType/ppEquip/year/2024/state/48,Verified Voting Verifier data is county-level election-administration context. It documents equipment systems and related fields by jurisdiction; it is not a turnout or vote-result source.
TX,2024,TX-451,Tom Green County,county,Hart InterCivic,Hart InterCivic Verity Duo +,Optical Scan,county_context,not_recorded,Ballot Marking Devices for all voters,Ballot Marking Devices for all voters,Batch-Fed Optical Scanners,In-House Electronic Poll Book,Optical Scan,63995,35,18,verified-voting-verifier-tx-2024-equipment,https://verifiedvoting.org/verifier/#mode/navigate/map/voteEquip/mapType/ppEquip/year/2024/state/48,Verified Voting Verifier data is county-level election-administration context. It documents equipment systems and related fields by jurisdiction; it is not a turnout or vote-result source.
TX,2024,TX-453,Travis County,county,ES&S,ES&S ExpressVote +,Optical Scan,county_context,not_recorded,Ballot Marking Devices for all voters,Ballot Marking Devices for all voters,Batch-Fed Optical Scanners,In-House Electronic Poll Book,Optical Scan,786945,287,176,verified-voting-verifier-tx-2024-equipment,https://verifiedvoting.org/verifier/#mode/navigate/map/voteEquip/mapType/ppEquip/year/2024/state/48,Verified Voting Verifier data is county-level election-administration context. It documents equipment systems and related fields by jurisdiction; it is not a turnout or vote-result source.
TX,2024,TX-455,Trinity County,county,ES&S,ES&S ExpressVote +,Optical Scan,county_context,hand_marked_paper,"Hand marked paper ballots, BMDs for accessibility",Ballot Marking Devices for all voters,Batch-Fed Optical Scanners,Commercial Electronic Poll Book,Optical Scan,11453,21,20,verified-voting-verifier-tx-2024-equipment,https://verifiedvoting.org/verifier/#mode/navigate/map/voteEquip/mapType/ppEquip/year/2024/state/48,Verified Voting Verifier data is county-level election-administration context. It documents equipment systems and related fields by jurisdiction; it is not a turnout or vote-result source.
TX,2024,TX-457,Tyler County,county,ES&S,ES&S ExpressVote +,Optical Scan,county_context,hand_marked_paper,"Hand marked paper ballots, BMDs for accessibility",Ballot Marking Devices for all voters,Hand-Fed Optical Scanners,Commercial Electronic Poll Book,Optical Scan,13633,17,17,verified-voting-verifier-tx-2024-equipment,https://verifiedvoting.org/verifier/#mode/navigate/map/voteEquip/mapType/ppEquip/year/2024/state/48,Verified Voting Verifier data is county-level election-administration context. It documents equipment systems and related fields by jurisdiction; it is not a turnout or vote-result source.
TX,2024,TX-459,Upshur County,county,Hart InterCivic,Hart InterCivic Verity Duo +,Optical Scan,county_context,not_recorded,Ballot Marking Devices for all voters,Ballot Marking Devices for all voters,Hand-Fed Optical Scanners,In-House Electronic Poll Book,Optical Scan,28468,19,15,verified-voting-verifier-tx-2024-equipment,https://verifiedvoting.org/verifier/#mode/navigate/map/voteEquip/mapType/ppEquip/year/2024/state/48,Verified Voting Verifier data is county-level election-administration context. It documents equipment systems and related fields by jurisdiction; it is not a turnout or vote-result source.
TX,2024,TX-461,Upton County,county,ES&S,ES&S ExpressVote +,Optical Scan,county_context,not_recorded,Ballot Marking Devices for all voters,Ballot Marking Devices for all voters,Hand-Fed Optical Scanners,In-House Electronic Poll Book,Optical Scan,1926,6,2,verified-voting-verifier-tx-2024-equipment,https://verifiedvoting.org/verifier/#mode/navigate/map/voteEquip/mapType/ppEquip/year/2024/state/48,Verified Voting Verifier data is county-level election-administration context. It documents equipment systems and related fields by jurisdiction; it is not a turnout or vote-result source.
TX,2024,TX-463,Uvalde County,county,Hart InterCivic,Hart InterCivic Verity Touch Writer +,Optical Scan,county_context,hand_marked_paper,"Hand marked paper ballots, BMDs for accessibility",Ballot Marking Devices for all voters,Hand-Fed Optical Scanners,Commercial Electronic Poll Book,Optical Scan,16301,14,10,verified-voting-verifier-tx-2024-equipment,https://verifiedvoting.org/verifier/#mode/navigate/map/voteEquip/mapType/ppEquip/year/2024/state/48,Verified Voting Verifier data is county-level election-administration context. It documents equipment systems and related fields by jurisdiction; it is not a turnout or vote-result source.
TX,2024,TX-465,Val Verde County,county,ES&S,ES&S ExpressVote +,Optical Scan,county_context,not_recorded,Ballot Marking Devices for all voters,Ballot Marking Devices for all voters,Batch-Fed Optical Scanners,In-House Electronic Poll Book,Optical Scan,27827,17,5,verified-voting-verifier-tx-2024-equipment,https://verifiedvoting.org/verifier/#mode/navigate/map/voteEquip/mapType/ppEquip/year/2024/state/48,Verified Voting Verifier data is county-level election-administration context. It documents equipment systems and related fields by jurisdiction; it is not a turnout or vote-result source.
TX,2024,TX-467,Van Zandt County,county,Hart InterCivic,Hart InterCivic Verity Duo +,Optical Scan,county_context,hand_marked_paper,"Hand marked paper ballots, BMDs for accessibility",Ballot Marking Devices for all voters,Batch-Fed Optical Scanners,Commercial Electronic Poll Book,Optical Scan,38524,18,18,verified-voting-verifier-tx-2024-equipment,https://verifiedvoting.org/verifier/#mode/navigate/map/voteEquip/mapType/ppEquip/year/2024/state/48,Verified Voting Verifier data is county-level election-administration context. It documents equipment systems and related fields by jurisdiction; it is not a turnout or vote-result source.
TX,2024,TX-469,Victoria County,county,ES&S,ES&S ExpressVote +,Optical Scan,county_context,not_recorded,Ballot Marking Devices for all voters,Ballot Marking Devices for all voters,Batch-Fed Optical Scanners,In-House Electronic Poll Book,Optical Scan,52912,35,26,verified-voting-verifier-tx-2024-equipment,https://verifiedvoting.org/verifier/#mode/navigate/map/voteEquip/mapType/ppEquip/year/2024/state/48,Verified Voting Verifier data is county-level election-administration context. It documents equipment systems and related fields by jurisdiction; it is not a turnout or vote-result source.
TX,2024,TX-471,Walker County,county,ES&S,ES&S ExpressVote +,Optical Scan,county_context,not_recorded,Ballot Marking Devices for all voters,Ballot Marking Devices for all voters,Batch-Fed Optical Scanners,In-House Electronic Poll Book,Optical Scan,34567,17,9,verified-voting-verifier-tx-2024-equipment,https://verifiedvoting.org/verifier/#mode/navigate/map/voteEquip/mapType/ppEquip/year/2024/state/48,Verified Voting Verifier data is county-level election-administration context. It documents equipment systems and related fields by jurisdiction; it is not a turnout or vote-result source.
TX,2024,TX-473,Waller County,county,Hart InterCivic,Hart InterCivic Verity Duo +,Optical Scan,county_context,not_recorded,Ballot Marking Devices for all voters,Ballot Marking Devices for all voters,Hand-Fed Optical Scanners,In-House Electronic Poll Book,Optical Scan,39944,20,16,verified-voting-verifier-tx-2024-equipment,https://verifiedvoting.org/verifier/#mode/navigate/map/voteEquip/mapType/ppEquip/year/2024/state/48,Verified Voting Verifier data is county-level election-administration context. It documents equipment systems and related fields by jurisdiction; it is not a turnout or vote-result source.
TX,2024,TX-475,Ward County,county,Hart InterCivic,Hart InterCivic Verity Touch Writer +,Optical Scan,county_context,hand_marked_paper,"Hand marked paper ballots, BMDs for accessibility",Ballot Marking Devices for all voters,Batch-Fed Optical Scanners,Commercial Electronic Poll Book,Optical Scan,6271,9,5,verified-voting-verifier-tx-2024-equipment,https://verifiedvoting.org/verifier/#mode/navigate/map/voteEquip/mapType/ppEquip/year/2024/state/48,Verified Voting Verifier data is county-level election-administration context. It documents equipment systems and related fields by jurisdiction; it is not a turnout or vote-result source.
TX,2024,TX-477,Washington County,county,ES&S,ES&S ExpressVote +,Optical Scan,county_context,hand_marked_paper,"Hand marked paper ballots, BMDs for accessibility",Ballot Marking Devices for all voters,Batch-Fed Optical Scanners,Commercial Electronic Poll Book,Optical Scan,23955,19,14,verified-voting-verifier-tx-2024-equipment,https://verifiedvoting.org/verifier/#mode/navigate/map/voteEquip/mapType/ppEquip/year/2024/state/48,Verified Voting Verifier data is county-level election-administration context. It documents equipment systems and related fields by jurisdiction; it is not a turnout or vote-result source.
TX,2024,TX-479,Webb County,county,ES&S,ES&S ExpressVote +,Optical Scan,county_context,not_recorded,Ballot Marking Devices for all voters,Ballot Marking Devices for all voters,Batch-Fed Optical Scanners,In-House Electronic Poll Book,Optical Scan,132616,79,41,verified-voting-verifier-tx-2024-equipment,https://verifiedvoting.org/verifier/#mode/navigate/map/voteEquip/mapType/ppEquip/year/2024/state/48,Verified Voting Verifier data is county-level election-administration context. It documents equipment systems and related fields by jurisdiction; it is not a turnout or vote-result source.
TX,2024,TX-481,Wharton County,county,ES&S,ES&S ExpressVote +,Optical Scan,county_context,not_recorded,Ballot Marking Devices for all voters,Ballot Marking Devices for all voters,Batch-Fed Optical Scanners,In-House Electronic Poll Book,Optical Scan,25108,12,8,verified-voting-verifier-tx-2024-equipment,https://verifiedvoting.org/verifier/#mode/navigate/map/voteEquip/mapType/ppEquip/year/2024/state/48,Verified Voting Verifier data is county-level election-administration context. It documents equipment systems and related fields by jurisdiction; it is not a turnout or vote-result source.
TX,2024,TX-483,Wheeler County,county,Hart InterCivic,Hart InterCivic Verity Duo +,Optical Scan,county_context,not_recorded,Ballot Marking Devices for all voters,Ballot Marking Devices for all voters,Batch-Fed Optical Scanners,In-House Electronic Poll Book,Optical Scan,3055,4,4,verified-voting-verifier-tx-2024-equipment,https://verifiedvoting.org/verifier/#mode/navigate/map/voteEquip/mapType/ppEquip/year/2024/state/48,Verified Voting Verifier data is county-level election-administration context. It documents equipment systems and related fields by jurisdiction; it is not a turnout or vote-result source.
TX,2024,TX-485,Wichita County,county,Hart InterCivic,Hart InterCivic Verity Duo +,Optical Scan,county_context,not_recorded,Ballot Marking Devices for all voters,Ballot Marking Devices for all voters,Batch-Fed Optical Scanners,In-House Electronic Poll Book,Optical Scan,68766,40,20,verified-voting-verifier-tx-2024-equipment,https://verifiedvoting.org/verifier/#mode/navigate/map/voteEquip/mapType/ppEquip/year/2024/state/48,Verified Voting Verifier data is county-level election-administration context. It documents equipment systems and related fields by jurisdiction; it is not a turnout or vote-result source.
TX,2024,TX-487,Wilbarger County,county,Hart InterCivic,Hart InterCivic Verity Duo +,Optical Scan,county_context,hand_marked_paper,"Hand marked paper ballots, BMDs for accessibility",Ballot Marking Devices for all voters,Batch-Fed Optical Scanners,Commercial Electronic Poll Book,Optical Scan,7477,4,4,verified-voting-verifier-tx-2024-equipment,https://verifiedvoting.org/verifier/#mode/navigate/map/voteEquip/mapType/ppEquip/year/2024/state/48,Verified Voting Verifier data is county-level election-administration context. It documents equipment systems and related fields by jurisdiction; it is not a turnout or vote-result source.
TX,2024,TX-489,Willacy County,county,Hart InterCivic,Hart InterCivic Verity Duo +,Optical Scan,county_context,hand_marked_paper,"Hand marked paper ballots, BMDs for accessibility",Ballot Marking Devices for all voters,Hand-Fed Optical Scanners,Commercial Electronic Poll Book,Optical Scan,11145,17,15,verified-voting-verifier-tx-2024-equipment,https://verifiedvoting.org/verifier/#mode/navigate/map/voteEquip/mapType/ppEquip/year/2024/state/48,Verified Voting Verifier data is county-level election-administration context. It documents equipment systems and related fields by jurisdiction; it is not a turnout or vote-result source.
TX,2024,TX-491,Williamson County,county,ES&S,ES&S ExpressVote +,Optical Scan,county_context,not_recorded,Ballot Marking Devices for all voters,Ballot Marking Devices for all voters,Batch-Fed Optical Scanners,In-House Electronic Poll Book,Optical Scan,397705,164,82,verified-voting-verifier-tx-2024-equipment,https://verifiedvoting.org/verifier/#mode/navigate/map/voteEquip/mapType/ppEquip/year/2024/state/48,Verified Voting Verifier data is county-level election-administration context. It documents equipment systems and related fields by jurisdiction; it is not a turnout or vote-result source.
TX,2024,TX-493,Wilson County,county,ES&S,ES&S ExpressVote +,Optical Scan,county_context,hand_marked_paper,"Hand marked paper ballots, BMDs for accessibility",Ballot Marking Devices for all voters,Batch-Fed Optical Scanners,Commercial Electronic Poll Book,Optical Scan,36674,13,12,verified-voting-verifier-tx-2024-equipment,https://verifiedvoting.org/verifier/#mode/navigate/map/voteEquip/mapType/ppEquip/year/2024/state/48,Verified Voting Verifier data is county-level election-administration context. It documents equipment systems and related fields by jurisdiction; it is not a turnout or vote-result source.
TX,2024,TX-495,Winkler County,county,ES&S,ES&S ExpressVote +,Optical Scan,county_context,hand_marked_paper,"Hand marked paper ballots, BMDs for accessibility",Ballot Marking Devices for all voters,Batch-Fed Optical Scanners,Paper Poll Book,Optical Scan,3700,6,5,verified-voting-verifier-tx-2024-equipment,https://verifiedvoting.org/verifier/#mode/navigate/map/voteEquip/mapType/ppEquip/year/2024/state/48,Verified Voting Verifier data is county-level election-administration context. It documents equipment systems and related fields by jurisdiction; it is not a turnout or vote-result source.
TX,2024,TX-497,Wise County,county,Hart InterCivic,Hart InterCivic Verity Duo +,Optical Scan,county_context,not_recorded,Ballot Marking Devices for all voters,Ballot Marking Devices for all voters,Batch-Fed Optical Scanners,In-House Electronic Poll Book,Optical Scan,51216,29,21,verified-voting-verifier-tx-2024-equipment,https://verifiedvoting.org/verifier/#mode/navigate/map/voteEquip/mapType/ppEquip/year/2024/state/48,Verified Voting Verifier data is county-level election-administration context. It documents equipment systems and related fields by jurisdiction; it is not a turnout or vote-result source.
TX,2024,TX-499,Wood County,county,Hart InterCivic,Hart InterCivic Verity Duo +,Optical Scan,county_context,hand_marked_paper,"Hand marked paper ballots, BMDs for accessibility",Ballot Marking Devices for all voters,Hand-Fed Optical Scanners,Commercial Electronic Poll Book,Optical Scan,32693,14,11,verified-voting-verifier-tx-2024-equipment,https://verifiedvoting.org/verifier/#mode/navigate/map/voteEquip/mapType/ppEquip/year/2024/state/48,Verified Voting Verifier data is county-level election-administration context. It documents equipment systems and related fields by jurisdiction; it is not a turnout or vote-result source.
TX,2024,TX-501,Yoakum County,county,ES&S,ES&S ExpressVote +,Optical Scan,county_context,not_recorded,Ballot Marking Devices for all voters,Ballot Marking Devices for all voters,Hand-Fed Optical Scanners,In-House Electronic Poll Book,Optical Scan,3904,6,2,verified-voting-verifier-tx-2024-equipment,https://verifiedvoting.org/verifier/#mode/navigate/map/voteEquip/mapType/ppEquip/year/2024/state/48,Verified Voting Verifier data is county-level election-administration context. It documents equipment systems and related fields by jurisdiction; it is not a turnout or vote-result source.
TX,2024,TX-503,Young County,county,Hart InterCivic,Hart InterCivic Verity Duo +,Optical Scan,county_context,not_recorded,Ballot Marking Devices for all voters,Ballot Marking Devices for all voters,Batch-Fed Optical Scanners,In-House Electronic Poll Book,Optical Scan,12183,9,5,verified-voting-verifier-tx-2024-equipment,https://verifiedvoting.org/verifier/#mode/navigate/map/voteEquip/mapType/ppEquip/year/2024/state/48,Verified Voting Verifier data is county-level election-administration context. It documents equipment systems and related fields by jurisdiction; it is not a turnout or vote-result source.
TX,2024,TX-505,Zapata County,county,Hart InterCivic,Jurisdiction does not use BMDs,Optical Scan and DRE,county_context,hand_marked_paper,"Hand marked paper ballots, DREs for accessibility without VVPAT",DREs without VVPAT for all voters,Hand-Fed Optical Scanners,Commercial Electronic Poll Book,Optical Scan and DRE,7662,7,7,verified-voting-verifier-tx-2024-equipment,https://verifiedvoting.org/verifier/#mode/navigate/map/voteEquip/mapType/ppEquip/year/2024/state/48,Verified Voting Verifier data is county-level election-administration context. It documents equipment systems and related fields by jurisdiction; it is not a turnout or vote-result source.
TX,2024,TX-507,Zavala County,county,ES&S,ES&S ExpressVote +,Optical Scan,county_context,hand_marked_paper,"Hand marked paper ballots, BMDs for accessibility",Ballot Marking Devices for all voters,Batch-Fed Optical Scanners,Commercial Electronic Poll Book,Optical Scan,7036,7,6,verified-voting-verifier-tx-2024-equipment,https://verifiedvoting.org/verifier/#mode/navigate/map/voteEquip/mapType/ppEquip/year/2024/state/48,Verified Voting Verifier data is county-level election-administration context. It documents equipment systems and related fields by jurisdiction; it is not a turnout or vote-result source.
