state,electionYear,jurisdictionCode,jurisdictionName,level,vendor,systemName,equipmentType,usage,paperRecord,standardSystem,accessibleSystem,absenteeSystem,pollBookSystem,tabulation,registeredVoters,precincts,pollingPlaces,sourceGranularity,uniformityWarningRequired,uniformityNote,configurationSignals,sourceDocumentId,sourceUrl,caveat
VA,2024,VA-515,,county,,HMPB,Election administration equipment context,county_context,hand_marked_paper,"Hand marked paper ballots, BMDs for accessibility",Ballot Marking Devices for all voters,Hand-Fed Optical Scanners,In-House Electronic Poll Book,,,,,county,true,"Verifier row is a county-level summary. polling-place system reports multiple values: Hand marked paper ballots, BMDs for accessibility; accessible voting system differs from standard polling-place system; absentee system differs from standard polling-place system. Do not infer every precinct or ballot mode used one identical setup.","polling-place system reports multiple values: Hand marked paper ballots, BMDs for accessibility | accessible voting system differs from standard polling-place system | absentee system differs from standard polling-place system",verified-voting-verifier-va-2024-equipment,https://verifiedvoting.org/verifier/#mode/navigate/map/voteEquip/mapType/ppEquip/year/2024/state/51,"Verified Voting Verifier data is jurisdiction-level election-administration context. Most rows are counties, but some states report state-level rows and some county rows can summarize mixed tabulation, accessible-device, absentee, poll-book, or other configurations. Treat it as source-linked context, not proof every precinct in a county used one identical setup, and not a turnout or vote-result source."
VA,2024,VA-001,Accomack County,county,Unisyn,Unisyn OpenElect OVI +,Optical Scan,county_context,hand_marked_paper,"Hand marked paper ballots, BMDs for accessibility",Ballot Marking Devices for all voters,Hand-Fed Optical Scanners,Commercial Electronic Poll Book,Optical Scan,24777,18,16,county,true,"Verifier row is a county-level summary. polling-place system reports multiple values: Hand marked paper ballots, BMDs for accessibility; accessible voting system differs from standard polling-place system; absentee system differs from standard polling-place system. Do not infer every precinct or ballot mode used one identical setup.","polling-place system reports multiple values: Hand marked paper ballots, BMDs for accessibility | accessible voting system differs from standard polling-place system | absentee system differs from standard polling-place system",verified-voting-verifier-va-2024-equipment,https://verifiedvoting.org/verifier/#mode/navigate/map/voteEquip/mapType/ppEquip/year/2024/state/51,"Verified Voting Verifier data is jurisdiction-level election-administration context. Most rows are counties, but some states report state-level rows and some county rows can summarize mixed tabulation, accessible-device, absentee, poll-book, or other configurations. Treat it as source-linked context, not proof every precinct in a county used one identical setup, and not a turnout or vote-result source."
VA,2024,VA-003,Albemarle County,county,ES&S,ES&S ExpressVote +,Optical Scan,county_context,hand_marked_paper,"Hand marked paper ballots, BMDs for accessibility",Ballot Marking Devices for all voters,Hand-Fed Optical Scanners,Commercial Electronic Poll Book,Optical Scan,83036,32,29,county,true,"Verifier row is a county-level summary. polling-place system reports multiple values: Hand marked paper ballots, BMDs for accessibility; accessible voting system differs from standard polling-place system; absentee system differs from standard polling-place system. Do not infer every precinct or ballot mode used one identical setup.","polling-place system reports multiple values: Hand marked paper ballots, BMDs for accessibility | accessible voting system differs from standard polling-place system | absentee system differs from standard polling-place system",verified-voting-verifier-va-2024-equipment,https://verifiedvoting.org/verifier/#mode/navigate/map/voteEquip/mapType/ppEquip/year/2024/state/51,"Verified Voting Verifier data is jurisdiction-level election-administration context. Most rows are counties, but some states report state-level rows and some county rows can summarize mixed tabulation, accessible-device, absentee, poll-book, or other configurations. Treat it as source-linked context, not proof every precinct in a county used one identical setup, and not a turnout or vote-result source."
VA,2024,VA-005,Alleghany County,county,ES&S,ES&S ExpressVote +,Optical Scan,county_context,hand_marked_paper,"Hand marked paper ballots, BMDs for accessibility",Ballot Marking Devices for all voters,Hand-Fed Optical Scanners,Commercial Electronic Poll Book,Optical Scan,10741,14,12,county,true,"Verifier row is a county-level summary. polling-place system reports multiple values: Hand marked paper ballots, BMDs for accessibility; accessible voting system differs from standard polling-place system; absentee system differs from standard polling-place system. Do not infer every precinct or ballot mode used one identical setup.","polling-place system reports multiple values: Hand marked paper ballots, BMDs for accessibility | accessible voting system differs from standard polling-place system | absentee system differs from standard polling-place system",verified-voting-verifier-va-2024-equipment,https://verifiedvoting.org/verifier/#mode/navigate/map/voteEquip/mapType/ppEquip/year/2024/state/51,"Verified Voting Verifier data is jurisdiction-level election-administration context. Most rows are counties, but some states report state-level rows and some county rows can summarize mixed tabulation, accessible-device, absentee, poll-book, or other configurations. Treat it as source-linked context, not proof every precinct in a county used one identical setup, and not a turnout or vote-result source."
VA,2024,VA-007,Amelia County,county,Dominion,Dominion ImageCast Evolution +,Optical Scan,county_context,hand_marked_paper,"Hand marked paper ballots, BMDs for accessibility",Ballot Marking Devices for all voters,Hand-Fed Optical Scanners,Commercial Electronic Poll Book,Optical Scan,10196,7,5,county,true,"Verifier row is a county-level summary. polling-place system reports multiple values: Hand marked paper ballots, BMDs for accessibility; accessible voting system differs from standard polling-place system; absentee system differs from standard polling-place system. Do not infer every precinct or ballot mode used one identical setup.","polling-place system reports multiple values: Hand marked paper ballots, BMDs for accessibility | accessible voting system differs from standard polling-place system | absentee system differs from standard polling-place system",verified-voting-verifier-va-2024-equipment,https://verifiedvoting.org/verifier/#mode/navigate/map/voteEquip/mapType/ppEquip/year/2024/state/51,"Verified Voting Verifier data is jurisdiction-level election-administration context. Most rows are counties, but some states report state-level rows and some county rows can summarize mixed tabulation, accessible-device, absentee, poll-book, or other configurations. Treat it as source-linked context, not proof every precinct in a county used one identical setup, and not a turnout or vote-result source."
VA,2024,VA-009,Amherst County,county,Hart InterCivic,Hart InterCivic Verity Touch Writer +,Optical Scan,county_context,hand_marked_paper,"Hand marked paper ballots, BMDs for accessibility",Ballot Marking Devices for all voters,Hand-Fed Optical Scanners,Commercial Electronic Poll Book,Optical Scan,22664,13,11,county,true,"Verifier row is a county-level summary. polling-place system reports multiple values: Hand marked paper ballots, BMDs for accessibility; accessible voting system differs from standard polling-place system; absentee system differs from standard polling-place system. Do not infer every precinct or ballot mode used one identical setup.","polling-place system reports multiple values: Hand marked paper ballots, BMDs for accessibility | accessible voting system differs from standard polling-place system | absentee system differs from standard polling-place system",verified-voting-verifier-va-2024-equipment,https://verifiedvoting.org/verifier/#mode/navigate/map/voteEquip/mapType/ppEquip/year/2024/state/51,"Verified Voting Verifier data is jurisdiction-level election-administration context. Most rows are counties, but some states report state-level rows and some county rows can summarize mixed tabulation, accessible-device, absentee, poll-book, or other configurations. Treat it as source-linked context, not proof every precinct in a county used one identical setup, and not a turnout or vote-result source."
VA,2024,VA-011,Appomattox County,county,ES&S,ES&S ExpressVote +,Optical Scan,county_context,hand_marked_paper,"Hand marked paper ballots, BMDs for accessibility",Ballot Marking Devices for all voters,Hand-Fed Optical Scanners,Paper Poll Book,Optical Scan,12166,11,9,county,true,"Verifier row is a county-level summary. polling-place system reports multiple values: Hand marked paper ballots, BMDs for accessibility; accessible voting system differs from standard polling-place system; absentee system differs from standard polling-place system. Do not infer every precinct or ballot mode used one identical setup.","polling-place system reports multiple values: Hand marked paper ballots, BMDs for accessibility | accessible voting system differs from standard polling-place system | absentee system differs from standard polling-place system",verified-voting-verifier-va-2024-equipment,https://verifiedvoting.org/verifier/#mode/navigate/map/voteEquip/mapType/ppEquip/year/2024/state/51,"Verified Voting Verifier data is jurisdiction-level election-administration context. Most rows are counties, but some states report state-level rows and some county rows can summarize mixed tabulation, accessible-device, absentee, poll-book, or other configurations. Treat it as source-linked context, not proof every precinct in a county used one identical setup, and not a turnout or vote-result source."
VA,2024,VA-013,Arlington County,county,Unisyn,Unisyn OpenElect OVI +,Optical Scan,county_context,hand_marked_paper,"Hand marked paper ballots, BMDs for accessibility",Ballot Marking Devices for all voters,Batch-Fed Optical Scanners,Commercial Electronic Poll Book,Optical Scan,165346,59,54,county,true,"Verifier row is a county-level summary. polling-place system reports multiple values: Hand marked paper ballots, BMDs for accessibility; accessible voting system differs from standard polling-place system; absentee system differs from standard polling-place system. Do not infer every precinct or ballot mode used one identical setup.","polling-place system reports multiple values: Hand marked paper ballots, BMDs for accessibility | accessible voting system differs from standard polling-place system | absentee system differs from standard polling-place system",verified-voting-verifier-va-2024-equipment,https://verifiedvoting.org/verifier/#mode/navigate/map/voteEquip/mapType/ppEquip/year/2024/state/51,"Verified Voting Verifier data is jurisdiction-level election-administration context. Most rows are counties, but some states report state-level rows and some county rows can summarize mixed tabulation, accessible-device, absentee, poll-book, or other configurations. Treat it as source-linked context, not proof every precinct in a county used one identical setup, and not a turnout or vote-result source."
VA,2024,VA-015,Augusta County,county,Unisyn,Unisyn OpenElect FVT + Unisyn OpenElect OVI +,Optical Scan,county_context,hand_marked_paper,"Hand marked paper ballots, BMDs for accessibility",Ballot Marking Devices for all voters,Hand-Fed Optical Scanners,Commercial Electronic Poll Book,Optical Scan,55166,30,28,county,true,"Verifier row is a county-level summary. polling-place system reports multiple values: Hand marked paper ballots, BMDs for accessibility; accessible voting system differs from standard polling-place system; absentee system differs from standard polling-place system. Do not infer every precinct or ballot mode used one identical setup.","polling-place system reports multiple values: Hand marked paper ballots, BMDs for accessibility | accessible voting system differs from standard polling-place system | absentee system differs from standard polling-place system",verified-voting-verifier-va-2024-equipment,https://verifiedvoting.org/verifier/#mode/navigate/map/voteEquip/mapType/ppEquip/year/2024/state/51,"Verified Voting Verifier data is jurisdiction-level election-administration context. Most rows are counties, but some states report state-level rows and some county rows can summarize mixed tabulation, accessible-device, absentee, poll-book, or other configurations. Treat it as source-linked context, not proof every precinct in a county used one identical setup, and not a turnout or vote-result source."
VA,2024,VA-017,Bath County,county,ES&S,ES&S ExpressVote +,Optical Scan,county_context,hand_marked_paper,"Hand marked paper ballots, BMDs for accessibility",Ballot Marking Devices for all voters,Hand-Fed Optical Scanners,Commercial Electronic Poll Book,Optical Scan,3270,9,7,county,true,"Verifier row is a county-level summary. polling-place system reports multiple values: Hand marked paper ballots, BMDs for accessibility; accessible voting system differs from standard polling-place system; absentee system differs from standard polling-place system. Do not infer every precinct or ballot mode used one identical setup.","polling-place system reports multiple values: Hand marked paper ballots, BMDs for accessibility | accessible voting system differs from standard polling-place system | absentee system differs from standard polling-place system",verified-voting-verifier-va-2024-equipment,https://verifiedvoting.org/verifier/#mode/navigate/map/voteEquip/mapType/ppEquip/year/2024/state/51,"Verified Voting Verifier data is jurisdiction-level election-administration context. Most rows are counties, but some states report state-level rows and some county rows can summarize mixed tabulation, accessible-device, absentee, poll-book, or other configurations. Treat it as source-linked context, not proof every precinct in a county used one identical setup, and not a turnout or vote-result source."
VA,2024,VA-019,Bedford County,county,Dominion,Dominion ImageCast Evolution +,Optical Scan,county_context,hand_marked_paper,"Hand marked paper ballots, BMDs for accessibility",Ballot Marking Devices for all voters,Hand-Fed Optical Scanners,In-House Electronic Poll Book,Optical Scan,62766,35,32,county,true,"Verifier row is a county-level summary. polling-place system reports multiple values: Hand marked paper ballots, BMDs for accessibility; accessible voting system differs from standard polling-place system; absentee system differs from standard polling-place system. Do not infer every precinct or ballot mode used one identical setup.","polling-place system reports multiple values: Hand marked paper ballots, BMDs for accessibility | accessible voting system differs from standard polling-place system | absentee system differs from standard polling-place system",verified-voting-verifier-va-2024-equipment,https://verifiedvoting.org/verifier/#mode/navigate/map/voteEquip/mapType/ppEquip/year/2024/state/51,"Verified Voting Verifier data is jurisdiction-level election-administration context. Most rows are counties, but some states report state-level rows and some county rows can summarize mixed tabulation, accessible-device, absentee, poll-book, or other configurations. Treat it as source-linked context, not proof every precinct in a county used one identical setup, and not a turnout or vote-result source."
VA,2024,VA-021,Bland County,county,ES&S,ES&S ExpressVote +,Optical Scan,county_context,hand_marked_paper,"Hand marked paper ballots, BMDs for accessibility",Ballot Marking Devices for all voters,Hand-Fed Optical Scanners,Commercial Electronic Poll Book,Optical Scan,4379,9,7,county,true,"Verifier row is a county-level summary. polling-place system reports multiple values: Hand marked paper ballots, BMDs for accessibility; accessible voting system differs from standard polling-place system; absentee system differs from standard polling-place system. Do not infer every precinct or ballot mode used one identical setup.","polling-place system reports multiple values: Hand marked paper ballots, BMDs for accessibility | accessible voting system differs from standard polling-place system | absentee system differs from standard polling-place system",verified-voting-verifier-va-2024-equipment,https://verifiedvoting.org/verifier/#mode/navigate/map/voteEquip/mapType/ppEquip/year/2024/state/51,"Verified Voting Verifier data is jurisdiction-level election-administration context. Most rows are counties, but some states report state-level rows and some county rows can summarize mixed tabulation, accessible-device, absentee, poll-book, or other configurations. Treat it as source-linked context, not proof every precinct in a county used one identical setup, and not a turnout or vote-result source."
VA,2024,VA-023,Botetourt County,county,ES&S,ES&S ExpressVote +,Optical Scan,county_context,hand_marked_paper,"Hand marked paper ballots, BMDs for accessibility",Ballot Marking Devices for all voters,Hand-Fed Optical Scanners,Commercial Electronic Poll Book,Optical Scan,26342,12,10,county,true,"Verifier row is a county-level summary. polling-place system reports multiple values: Hand marked paper ballots, BMDs for accessibility; accessible voting system differs from standard polling-place system; absentee system differs from standard polling-place system. Do not infer every precinct or ballot mode used one identical setup.","polling-place system reports multiple values: Hand marked paper ballots, BMDs for accessibility | accessible voting system differs from standard polling-place system | absentee system differs from standard polling-place system",verified-voting-verifier-va-2024-equipment,https://verifiedvoting.org/verifier/#mode/navigate/map/voteEquip/mapType/ppEquip/year/2024/state/51,"Verified Voting Verifier data is jurisdiction-level election-administration context. Most rows are counties, but some states report state-level rows and some county rows can summarize mixed tabulation, accessible-device, absentee, poll-book, or other configurations. Treat it as source-linked context, not proof every precinct in a county used one identical setup, and not a turnout or vote-result source."
VA,2024,VA-025,Brunswick County,county,Unisyn,Unisyn OpenElect OVI +,Optical Scan,county_context,hand_marked_paper,"Hand marked paper ballots, BMDs for accessibility",Ballot Marking Devices for all voters,Hand-Fed Optical Scanners,Commercial Electronic Poll Book,Optical Scan,10908,15,12,county,true,"Verifier row is a county-level summary. polling-place system reports multiple values: Hand marked paper ballots, BMDs for accessibility; accessible voting system differs from standard polling-place system; absentee system differs from standard polling-place system. Do not infer every precinct or ballot mode used one identical setup.","polling-place system reports multiple values: Hand marked paper ballots, BMDs for accessibility | accessible voting system differs from standard polling-place system | absentee system differs from standard polling-place system",verified-voting-verifier-va-2024-equipment,https://verifiedvoting.org/verifier/#mode/navigate/map/voteEquip/mapType/ppEquip/year/2024/state/51,"Verified Voting Verifier data is jurisdiction-level election-administration context. Most rows are counties, but some states report state-level rows and some county rows can summarize mixed tabulation, accessible-device, absentee, poll-book, or other configurations. Treat it as source-linked context, not proof every precinct in a county used one identical setup, and not a turnout or vote-result source."
VA,2024,VA-027,Buchanan County,county,Dominion,Dominion ImageCast Evolution +,Optical Scan,county_context,hand_marked_paper,"Hand marked paper ballots, BMDs for accessibility",Ballot Marking Devices for all voters,Hand-Fed Optical Scanners,Commercial Electronic Poll Book,Optical Scan,14046,20,18,county,true,"Verifier row is a county-level summary. polling-place system reports multiple values: Hand marked paper ballots, BMDs for accessibility; accessible voting system differs from standard polling-place system; absentee system differs from standard polling-place system. Do not infer every precinct or ballot mode used one identical setup.","polling-place system reports multiple values: Hand marked paper ballots, BMDs for accessibility | accessible voting system differs from standard polling-place system | absentee system differs from standard polling-place system",verified-voting-verifier-va-2024-equipment,https://verifiedvoting.org/verifier/#mode/navigate/map/voteEquip/mapType/ppEquip/year/2024/state/51,"Verified Voting Verifier data is jurisdiction-level election-administration context. Most rows are counties, but some states report state-level rows and some county rows can summarize mixed tabulation, accessible-device, absentee, poll-book, or other configurations. Treat it as source-linked context, not proof every precinct in a county used one identical setup, and not a turnout or vote-result source."
VA,2024,VA-029,Buckingham County,county,ES&S,ES&S ExpressVote +,Optical Scan,county_context,hand_marked_paper,"Hand marked paper ballots, BMDs for accessibility",Ballot Marking Devices for all voters,Hand-Fed Optical Scanners,Commercial Electronic Poll Book,Optical Scan,10787,12,10,county,true,"Verifier row is a county-level summary. polling-place system reports multiple values: Hand marked paper ballots, BMDs for accessibility; accessible voting system differs from standard polling-place system; absentee system differs from standard polling-place system. Do not infer every precinct or ballot mode used one identical setup.","polling-place system reports multiple values: Hand marked paper ballots, BMDs for accessibility | accessible voting system differs from standard polling-place system | absentee system differs from standard polling-place system",verified-voting-verifier-va-2024-equipment,https://verifiedvoting.org/verifier/#mode/navigate/map/voteEquip/mapType/ppEquip/year/2024/state/51,"Verified Voting Verifier data is jurisdiction-level election-administration context. Most rows are counties, but some states report state-level rows and some county rows can summarize mixed tabulation, accessible-device, absentee, poll-book, or other configurations. Treat it as source-linked context, not proof every precinct in a county used one identical setup, and not a turnout or vote-result source."
VA,2024,VA-031,Campbell County,county,Hart InterCivic,Hart InterCivic Verity Touch Writer +,Optical Scan,county_context,hand_marked_paper,"Hand marked paper ballots, BMDs for accessibility",Ballot Marking Devices for all voters,Hand-Fed Optical Scanners,Commercial Electronic Poll Book,Optical Scan,40478,18,16,county,true,"Verifier row is a county-level summary. polling-place system reports multiple values: Hand marked paper ballots, BMDs for accessibility; accessible voting system differs from standard polling-place system; absentee system differs from standard polling-place system. Do not infer every precinct or ballot mode used one identical setup.","polling-place system reports multiple values: Hand marked paper ballots, BMDs for accessibility | accessible voting system differs from standard polling-place system | absentee system differs from standard polling-place system",verified-voting-verifier-va-2024-equipment,https://verifiedvoting.org/verifier/#mode/navigate/map/voteEquip/mapType/ppEquip/year/2024/state/51,"Verified Voting Verifier data is jurisdiction-level election-administration context. Most rows are counties, but some states report state-level rows and some county rows can summarize mixed tabulation, accessible-device, absentee, poll-book, or other configurations. Treat it as source-linked context, not proof every precinct in a county used one identical setup, and not a turnout or vote-result source."
VA,2024,VA-033,Caroline County,county,Dominion,Dominion ImageCast Precinct BMD +,Optical Scan,county_context,hand_marked_paper,"Hand marked paper ballots, BMDs for accessibility",Ballot Marking Devices for all voters,Hand-Fed Optical Scanners,Commercial Electronic Poll Book,Optical Scan,23037,15,12,county,true,"Verifier row is a county-level summary. polling-place system reports multiple values: Hand marked paper ballots, BMDs for accessibility; accessible voting system differs from standard polling-place system; absentee system differs from standard polling-place system. Do not infer every precinct or ballot mode used one identical setup.","polling-place system reports multiple values: Hand marked paper ballots, BMDs for accessibility | accessible voting system differs from standard polling-place system | absentee system differs from standard polling-place system",verified-voting-verifier-va-2024-equipment,https://verifiedvoting.org/verifier/#mode/navigate/map/voteEquip/mapType/ppEquip/year/2024/state/51,"Verified Voting Verifier data is jurisdiction-level election-administration context. Most rows are counties, but some states report state-level rows and some county rows can summarize mixed tabulation, accessible-device, absentee, poll-book, or other configurations. Treat it as source-linked context, not proof every precinct in a county used one identical setup, and not a turnout or vote-result source."
VA,2024,VA-035,Carroll County,county,ES&S,ES&S ExpressVote +,Optical Scan,county_context,hand_marked_paper,"Hand marked paper ballots, BMDs for accessibility",Ballot Marking Devices for all voters,Hand-Fed Optical Scanners,Commercial Electronic Poll Book,Optical Scan,21321,18,16,county,true,"Verifier row is a county-level summary. polling-place system reports multiple values: Hand marked paper ballots, BMDs for accessibility; accessible voting system differs from standard polling-place system; absentee system differs from standard polling-place system. Do not infer every precinct or ballot mode used one identical setup.","polling-place system reports multiple values: Hand marked paper ballots, BMDs for accessibility | accessible voting system differs from standard polling-place system | absentee system differs from standard polling-place system",verified-voting-verifier-va-2024-equipment,https://verifiedvoting.org/verifier/#mode/navigate/map/voteEquip/mapType/ppEquip/year/2024/state/51,"Verified Voting Verifier data is jurisdiction-level election-administration context. Most rows are counties, but some states report state-level rows and some county rows can summarize mixed tabulation, accessible-device, absentee, poll-book, or other configurations. Treat it as source-linked context, not proof every precinct in a county used one identical setup, and not a turnout or vote-result source."
VA,2024,VA-036,Charles City County,county,ES&S,ES&S ExpressVote +,Optical Scan,county_context,hand_marked_paper,"Hand marked paper ballots, BMDs for accessibility",Ballot Marking Devices for all voters,Hand-Fed Optical Scanners,Commercial Electronic Poll Book,Optical Scan,5710,5,3,county,true,"Verifier row is a county-level summary. polling-place system reports multiple values: Hand marked paper ballots, BMDs for accessibility; accessible voting system differs from standard polling-place system; absentee system differs from standard polling-place system. Do not infer every precinct or ballot mode used one identical setup.","polling-place system reports multiple values: Hand marked paper ballots, BMDs for accessibility | accessible voting system differs from standard polling-place system | absentee system differs from standard polling-place system",verified-voting-verifier-va-2024-equipment,https://verifiedvoting.org/verifier/#mode/navigate/map/voteEquip/mapType/ppEquip/year/2024/state/51,"Verified Voting Verifier data is jurisdiction-level election-administration context. Most rows are counties, but some states report state-level rows and some county rows can summarize mixed tabulation, accessible-device, absentee, poll-book, or other configurations. Treat it as source-linked context, not proof every precinct in a county used one identical setup, and not a turnout or vote-result source."
VA,2024,VA-037,Charlotte County,county,Dominion,Dominion ImageCast Evolution +,Optical Scan,county_context,hand_marked_paper,"Hand marked paper ballots, BMDs for accessibility",Ballot Marking Devices for all voters,Hand-Fed Optical Scanners,In-House Electronic Poll Book,Optical Scan,8108,9,7,county,true,"Verifier row is a county-level summary. polling-place system reports multiple values: Hand marked paper ballots, BMDs for accessibility; accessible voting system differs from standard polling-place system; absentee system differs from standard polling-place system. Do not infer every precinct or ballot mode used one identical setup.","polling-place system reports multiple values: Hand marked paper ballots, BMDs for accessibility | accessible voting system differs from standard polling-place system | absentee system differs from standard polling-place system",verified-voting-verifier-va-2024-equipment,https://verifiedvoting.org/verifier/#mode/navigate/map/voteEquip/mapType/ppEquip/year/2024/state/51,"Verified Voting Verifier data is jurisdiction-level election-administration context. Most rows are counties, but some states report state-level rows and some county rows can summarize mixed tabulation, accessible-device, absentee, poll-book, or other configurations. Treat it as source-linked context, not proof every precinct in a county used one identical setup, and not a turnout or vote-result source."
VA,2024,VA-041,Chesterfield County,county,ES&S,ES&S ExpressVote +,Optical Scan,county_context,hand_marked_paper,"Hand marked paper ballots, BMDs for accessibility",Ballot Marking Devices for all voters,Batch-Fed Optical Scanners,Commercial Electronic Poll Book,Optical Scan,265554,85,73,county,true,"Verifier row is a county-level summary. polling-place system reports multiple values: Hand marked paper ballots, BMDs for accessibility; accessible voting system differs from standard polling-place system; absentee system differs from standard polling-place system. Do not infer every precinct or ballot mode used one identical setup.","polling-place system reports multiple values: Hand marked paper ballots, BMDs for accessibility | accessible voting system differs from standard polling-place system | absentee system differs from standard polling-place system",verified-voting-verifier-va-2024-equipment,https://verifiedvoting.org/verifier/#mode/navigate/map/voteEquip/mapType/ppEquip/year/2024/state/51,"Verified Voting Verifier data is jurisdiction-level election-administration context. Most rows are counties, but some states report state-level rows and some county rows can summarize mixed tabulation, accessible-device, absentee, poll-book, or other configurations. Treat it as source-linked context, not proof every precinct in a county used one identical setup, and not a turnout or vote-result source."
VA,2024,VA-510,City of Alexandria,city,Hart InterCivic,Hart InterCivic Verity Touch Writer +,Optical Scan,county_context,hand_marked_paper,"Hand marked paper ballots, BMDs for accessibility",Ballot Marking Devices for all voters,Batch-Fed Optical Scanners,Commercial Electronic Poll Book,Optical Scan,99370,37,32,city,true,"Verifier row is a city-level summary. polling-place system reports multiple values: Hand marked paper ballots, BMDs for accessibility; source row is city level, not county level; accessible voting system differs from standard polling-place system; absentee system differs from standard polling-place system. Do not infer every precinct or ballot mode used one identical setup.","polling-place system reports multiple values: Hand marked paper ballots, BMDs for accessibility | source row is city level, not county level | accessible voting system differs from standard polling-place system | absentee system differs from standard polling-place system",verified-voting-verifier-va-2024-equipment,https://verifiedvoting.org/verifier/#mode/navigate/map/voteEquip/mapType/ppEquip/year/2024/state/51,"Verified Voting Verifier data is jurisdiction-level election-administration context. Most rows are counties, but some states report state-level rows and some county rows can summarize mixed tabulation, accessible-device, absentee, poll-book, or other configurations. Treat it as source-linked context, not proof every precinct in a county used one identical setup, and not a turnout or vote-result source."
VA,2024,VA-520,City of Bristol,city,Dominion,Dominion ImageCast Evolution +,Optical Scan,county_context,hand_marked_paper,"Hand marked paper ballots, BMDs for accessibility",Ballot Marking Devices for all voters,Hand-Fed Optical Scanners,In-House Electronic Poll Book,Optical Scan,11441,7,5,city,true,"Verifier row is a city-level summary. polling-place system reports multiple values: Hand marked paper ballots, BMDs for accessibility; source row is city level, not county level; accessible voting system differs from standard polling-place system; absentee system differs from standard polling-place system. Do not infer every precinct or ballot mode used one identical setup.","polling-place system reports multiple values: Hand marked paper ballots, BMDs for accessibility | source row is city level, not county level | accessible voting system differs from standard polling-place system | absentee system differs from standard polling-place system",verified-voting-verifier-va-2024-equipment,https://verifiedvoting.org/verifier/#mode/navigate/map/voteEquip/mapType/ppEquip/year/2024/state/51,"Verified Voting Verifier data is jurisdiction-level election-administration context. Most rows are counties, but some states report state-level rows and some county rows can summarize mixed tabulation, accessible-device, absentee, poll-book, or other configurations. Treat it as source-linked context, not proof every precinct in a county used one identical setup, and not a turnout or vote-result source."
VA,2024,VA-530,City of Buena Vista,city,Dominion,Dominion ImageCast Evolution +,Optical Scan,county_context,hand_marked_paper,"Hand marked paper ballots, BMDs for accessibility",Ballot Marking Devices for all voters,Hand-Fed Optical Scanners,In-House Electronic Poll Book,Optical Scan,4108,4,2,city,true,"Verifier row is a city-level summary. polling-place system reports multiple values: Hand marked paper ballots, BMDs for accessibility; source row is city level, not county level; accessible voting system differs from standard polling-place system; absentee system differs from standard polling-place system. Do not infer every precinct or ballot mode used one identical setup.","polling-place system reports multiple values: Hand marked paper ballots, BMDs for accessibility | source row is city level, not county level | accessible voting system differs from standard polling-place system | absentee system differs from standard polling-place system",verified-voting-verifier-va-2024-equipment,https://verifiedvoting.org/verifier/#mode/navigate/map/voteEquip/mapType/ppEquip/year/2024/state/51,"Verified Voting Verifier data is jurisdiction-level election-administration context. Most rows are counties, but some states report state-level rows and some county rows can summarize mixed tabulation, accessible-device, absentee, poll-book, or other configurations. Treat it as source-linked context, not proof every precinct in a county used one identical setup, and not a turnout or vote-result source."
VA,2024,VA-540,City of Charlottesville,city,Hart InterCivic,Hart InterCivic Verity Touch Writer +,Optical Scan,county_context,hand_marked_paper,"Hand marked paper ballots, BMDs for accessibility",Ballot Marking Devices for all voters,Batch-Fed Optical Scanners,Commercial Electronic Poll Book,Optical Scan,32029,11,9,city,true,"Verifier row is a city-level summary. polling-place system reports multiple values: Hand marked paper ballots, BMDs for accessibility; source row is city level, not county level; accessible voting system differs from standard polling-place system; absentee system differs from standard polling-place system. Do not infer every precinct or ballot mode used one identical setup.","polling-place system reports multiple values: Hand marked paper ballots, BMDs for accessibility | source row is city level, not county level | accessible voting system differs from standard polling-place system | absentee system differs from standard polling-place system",verified-voting-verifier-va-2024-equipment,https://verifiedvoting.org/verifier/#mode/navigate/map/voteEquip/mapType/ppEquip/year/2024/state/51,"Verified Voting Verifier data is jurisdiction-level election-administration context. Most rows are counties, but some states report state-level rows and some county rows can summarize mixed tabulation, accessible-device, absentee, poll-book, or other configurations. Treat it as source-linked context, not proof every precinct in a county used one identical setup, and not a turnout or vote-result source."
VA,2024,VA-550,City of Chesapeake,city,Hart InterCivic,Hart InterCivic Verity Touch Writer +,Optical Scan,county_context,hand_marked_paper,"Hand marked paper ballots, BMDs for accessibility",Ballot Marking Devices for all voters,Batch-Fed Optical Scanners,Commercial Electronic Poll Book,Optical Scan,171813,71,64,city,true,"Verifier row is a city-level summary. polling-place system reports multiple values: Hand marked paper ballots, BMDs for accessibility; source row is city level, not county level; accessible voting system differs from standard polling-place system; absentee system differs from standard polling-place system. Do not infer every precinct or ballot mode used one identical setup.","polling-place system reports multiple values: Hand marked paper ballots, BMDs for accessibility | source row is city level, not county level | accessible voting system differs from standard polling-place system | absentee system differs from standard polling-place system",verified-voting-verifier-va-2024-equipment,https://verifiedvoting.org/verifier/#mode/navigate/map/voteEquip/mapType/ppEquip/year/2024/state/51,"Verified Voting Verifier data is jurisdiction-level election-administration context. Most rows are counties, but some states report state-level rows and some county rows can summarize mixed tabulation, accessible-device, absentee, poll-book, or other configurations. Treat it as source-linked context, not proof every precinct in a county used one identical setup, and not a turnout or vote-result source."
VA,2024,VA-570,City of Colonial Heights,city,ES&S,ES&S ExpressVote +,Optical Scan,county_context,hand_marked_paper,"Hand marked paper ballots, BMDs for accessibility",Ballot Marking Devices for all voters,Hand-Fed Optical Scanners,Commercial Electronic Poll Book,Optical Scan,12283,7,5,city,true,"Verifier row is a city-level summary. polling-place system reports multiple values: Hand marked paper ballots, BMDs for accessibility; source row is city level, not county level; accessible voting system differs from standard polling-place system; absentee system differs from standard polling-place system. Do not infer every precinct or ballot mode used one identical setup.","polling-place system reports multiple values: Hand marked paper ballots, BMDs for accessibility | source row is city level, not county level | accessible voting system differs from standard polling-place system | absentee system differs from standard polling-place system",verified-voting-verifier-va-2024-equipment,https://verifiedvoting.org/verifier/#mode/navigate/map/voteEquip/mapType/ppEquip/year/2024/state/51,"Verified Voting Verifier data is jurisdiction-level election-administration context. Most rows are counties, but some states report state-level rows and some county rows can summarize mixed tabulation, accessible-device, absentee, poll-book, or other configurations. Treat it as source-linked context, not proof every precinct in a county used one identical setup, and not a turnout or vote-result source."
VA,2024,VA-580,City of Covington,city,ES&S,ES&S ExpressVote +,Optical Scan,county_context,hand_marked_paper,"Hand marked paper ballots, BMDs for accessibility",Ballot Marking Devices for all voters,Hand-Fed Optical Scanners,Paper Poll Book,Optical Scan,3653,7,5,city,true,"Verifier row is a city-level summary. polling-place system reports multiple values: Hand marked paper ballots, BMDs for accessibility; source row is city level, not county level; accessible voting system differs from standard polling-place system; absentee system differs from standard polling-place system. Do not infer every precinct or ballot mode used one identical setup.","polling-place system reports multiple values: Hand marked paper ballots, BMDs for accessibility | source row is city level, not county level | accessible voting system differs from standard polling-place system | absentee system differs from standard polling-place system",verified-voting-verifier-va-2024-equipment,https://verifiedvoting.org/verifier/#mode/navigate/map/voteEquip/mapType/ppEquip/year/2024/state/51,"Verified Voting Verifier data is jurisdiction-level election-administration context. Most rows are counties, but some states report state-level rows and some county rows can summarize mixed tabulation, accessible-device, absentee, poll-book, or other configurations. Treat it as source-linked context, not proof every precinct in a county used one identical setup, and not a turnout or vote-result source."
VA,2024,VA-590,City of Danville,city,Unisyn,Unisyn OpenElect FVT +,Optical Scan,county_context,hand_marked_paper,"Hand marked paper ballots, BMDs for accessibility",Ballot Marking Devices for all voters,Batch-Fed Optical Scanners,Commercial Electronic Poll Book,Optical Scan,26440,18,16,city,true,"Verifier row is a city-level summary. polling-place system reports multiple values: Hand marked paper ballots, BMDs for accessibility; source row is city level, not county level; accessible voting system differs from standard polling-place system; absentee system differs from standard polling-place system. Do not infer every precinct or ballot mode used one identical setup.","polling-place system reports multiple values: Hand marked paper ballots, BMDs for accessibility | source row is city level, not county level | accessible voting system differs from standard polling-place system | absentee system differs from standard polling-place system",verified-voting-verifier-va-2024-equipment,https://verifiedvoting.org/verifier/#mode/navigate/map/voteEquip/mapType/ppEquip/year/2024/state/51,"Verified Voting Verifier data is jurisdiction-level election-administration context. Most rows are counties, but some states report state-level rows and some county rows can summarize mixed tabulation, accessible-device, absentee, poll-book, or other configurations. Treat it as source-linked context, not proof every precinct in a county used one identical setup, and not a turnout or vote-result source."
VA,2024,VA-595,City of Emporia,city,ES&S,ES&S ExpressVote +,Optical Scan,county_context,hand_marked_paper,"Hand marked paper ballots, BMDs for accessibility",Ballot Marking Devices for all voters,Hand-Fed Optical Scanners,Commercial Electronic Poll Book,Optical Scan,3737,9,5,city,true,"Verifier row is a city-level summary. polling-place system reports multiple values: Hand marked paper ballots, BMDs for accessibility; source row is city level, not county level; accessible voting system differs from standard polling-place system; absentee system differs from standard polling-place system. Do not infer every precinct or ballot mode used one identical setup.","polling-place system reports multiple values: Hand marked paper ballots, BMDs for accessibility | source row is city level, not county level | accessible voting system differs from standard polling-place system | absentee system differs from standard polling-place system",verified-voting-verifier-va-2024-equipment,https://verifiedvoting.org/verifier/#mode/navigate/map/voteEquip/mapType/ppEquip/year/2024/state/51,"Verified Voting Verifier data is jurisdiction-level election-administration context. Most rows are counties, but some states report state-level rows and some county rows can summarize mixed tabulation, accessible-device, absentee, poll-book, or other configurations. Treat it as source-linked context, not proof every precinct in a county used one identical setup, and not a turnout or vote-result source."
VA,2024,VA-600,City of Fairfax,city,Unisyn,Unisyn OpenElect OVI +,Optical Scan,county_context,hand_marked_paper,"Hand marked paper ballots, BMDs for accessibility",Ballot Marking Devices for all voters,Hand-Fed Optical Scanners,Commercial Electronic Poll Book,Optical Scan,17476,8,6,city,true,"Verifier row is a city-level summary. polling-place system reports multiple values: Hand marked paper ballots, BMDs for accessibility; source row is city level, not county level; accessible voting system differs from standard polling-place system; absentee system differs from standard polling-place system. Do not infer every precinct or ballot mode used one identical setup.","polling-place system reports multiple values: Hand marked paper ballots, BMDs for accessibility | source row is city level, not county level | accessible voting system differs from standard polling-place system | absentee system differs from standard polling-place system",verified-voting-verifier-va-2024-equipment,https://verifiedvoting.org/verifier/#mode/navigate/map/voteEquip/mapType/ppEquip/year/2024/state/51,"Verified Voting Verifier data is jurisdiction-level election-administration context. Most rows are counties, but some states report state-level rows and some county rows can summarize mixed tabulation, accessible-device, absentee, poll-book, or other configurations. Treat it as source-linked context, not proof every precinct in a county used one identical setup, and not a turnout or vote-result source."
VA,2024,VA-610,City of Falls Church,city,Hart InterCivic,Hart InterCivic Verity Touch Writer +,Optical Scan,county_context,hand_marked_paper,"Hand marked paper ballots, BMDs for accessibility",Ballot Marking Devices for all voters,Hand-Fed Optical Scanners,Commercial Electronic Poll Book,Optical Scan,10812,5,2,city,true,"Verifier row is a city-level summary. polling-place system reports multiple values: Hand marked paper ballots, BMDs for accessibility; source row is city level, not county level; accessible voting system differs from standard polling-place system; absentee system differs from standard polling-place system. Do not infer every precinct or ballot mode used one identical setup.","polling-place system reports multiple values: Hand marked paper ballots, BMDs for accessibility | source row is city level, not county level | accessible voting system differs from standard polling-place system | absentee system differs from standard polling-place system",verified-voting-verifier-va-2024-equipment,https://verifiedvoting.org/verifier/#mode/navigate/map/voteEquip/mapType/ppEquip/year/2024/state/51,"Verified Voting Verifier data is jurisdiction-level election-administration context. Most rows are counties, but some states report state-level rows and some county rows can summarize mixed tabulation, accessible-device, absentee, poll-book, or other configurations. Treat it as source-linked context, not proof every precinct in a county used one identical setup, and not a turnout or vote-result source."
VA,2024,VA-620,City of Franklin,city,ES&S,ES&S ExpressVote +,Optical Scan,county_context,hand_marked_paper,"Hand marked paper ballots, BMDs for accessibility",Ballot Marking Devices for all voters,Hand-Fed Optical Scanners,Paper Poll Book,Optical Scan,5801,8,6,city,true,"Verifier row is a city-level summary. polling-place system reports multiple values: Hand marked paper ballots, BMDs for accessibility; source row is city level, not county level; accessible voting system differs from standard polling-place system; absentee system differs from standard polling-place system. Do not infer every precinct or ballot mode used one identical setup.","polling-place system reports multiple values: Hand marked paper ballots, BMDs for accessibility | source row is city level, not county level | accessible voting system differs from standard polling-place system | absentee system differs from standard polling-place system",verified-voting-verifier-va-2024-equipment,https://verifiedvoting.org/verifier/#mode/navigate/map/voteEquip/mapType/ppEquip/year/2024/state/51,"Verified Voting Verifier data is jurisdiction-level election-administration context. Most rows are counties, but some states report state-level rows and some county rows can summarize mixed tabulation, accessible-device, absentee, poll-book, or other configurations. Treat it as source-linked context, not proof every precinct in a county used one identical setup, and not a turnout or vote-result source."
VA,2024,VA-630,City of Fredericksburg,city,ES&S,ES&S ExpressVote +,Optical Scan,county_context,hand_marked_paper,"Hand marked paper ballots, BMDs for accessibility",Ballot Marking Devices for all voters,Hand-Fed Optical Scanners,Commercial Electronic Poll Book,Optical Scan,18990,7,5,city,true,"Verifier row is a city-level summary. polling-place system reports multiple values: Hand marked paper ballots, BMDs for accessibility; source row is city level, not county level; accessible voting system differs from standard polling-place system; absentee system differs from standard polling-place system. Do not infer every precinct or ballot mode used one identical setup.","polling-place system reports multiple values: Hand marked paper ballots, BMDs for accessibility | source row is city level, not county level | accessible voting system differs from standard polling-place system | absentee system differs from standard polling-place system",verified-voting-verifier-va-2024-equipment,https://verifiedvoting.org/verifier/#mode/navigate/map/voteEquip/mapType/ppEquip/year/2024/state/51,"Verified Voting Verifier data is jurisdiction-level election-administration context. Most rows are counties, but some states report state-level rows and some county rows can summarize mixed tabulation, accessible-device, absentee, poll-book, or other configurations. Treat it as source-linked context, not proof every precinct in a county used one identical setup, and not a turnout or vote-result source."
VA,2024,VA-640,City of Galax,city,Unisyn,Unisyn OpenElect OVI +,Optical Scan,county_context,hand_marked_paper,"Hand marked paper ballots, BMDs for accessibility",Ballot Marking Devices for all voters,Hand-Fed Optical Scanners,Commercial Electronic Poll Book,Optical Scan,3950,4,2,city,true,"Verifier row is a city-level summary. polling-place system reports multiple values: Hand marked paper ballots, BMDs for accessibility; source row is city level, not county level; accessible voting system differs from standard polling-place system; absentee system differs from standard polling-place system. Do not infer every precinct or ballot mode used one identical setup.","polling-place system reports multiple values: Hand marked paper ballots, BMDs for accessibility | source row is city level, not county level | accessible voting system differs from standard polling-place system | absentee system differs from standard polling-place system",verified-voting-verifier-va-2024-equipment,https://verifiedvoting.org/verifier/#mode/navigate/map/voteEquip/mapType/ppEquip/year/2024/state/51,"Verified Voting Verifier data is jurisdiction-level election-administration context. Most rows are counties, but some states report state-level rows and some county rows can summarize mixed tabulation, accessible-device, absentee, poll-book, or other configurations. Treat it as source-linked context, not proof every precinct in a county used one identical setup, and not a turnout or vote-result source."
VA,2024,VA-650,City of Hampton,city,ES&S,ES&S ExpressVote +,Optical Scan,county_context,hand_marked_paper,"Hand marked paper ballots, BMDs for accessibility",Ballot Marking Devices for all voters,Hand-Fed Optical Scanners,Commercial Electronic Poll Book,Optical Scan,92734,32,30,city,true,"Verifier row is a city-level summary. polling-place system reports multiple values: Hand marked paper ballots, BMDs for accessibility; source row is city level, not county level; accessible voting system differs from standard polling-place system; absentee system differs from standard polling-place system. Do not infer every precinct or ballot mode used one identical setup.","polling-place system reports multiple values: Hand marked paper ballots, BMDs for accessibility | source row is city level, not county level | accessible voting system differs from standard polling-place system | absentee system differs from standard polling-place system",verified-voting-verifier-va-2024-equipment,https://verifiedvoting.org/verifier/#mode/navigate/map/voteEquip/mapType/ppEquip/year/2024/state/51,"Verified Voting Verifier data is jurisdiction-level election-administration context. Most rows are counties, but some states report state-level rows and some county rows can summarize mixed tabulation, accessible-device, absentee, poll-book, or other configurations. Treat it as source-linked context, not proof every precinct in a county used one identical setup, and not a turnout or vote-result source."
VA,2024,VA-660,City of Harrisonburg,city,ES&S,ES&S ExpressVote +,Optical Scan,county_context,hand_marked_paper,"Hand marked paper ballots, BMDs for accessibility",Ballot Marking Devices for all voters,Hand-Fed Optical Scanners,Commercial Electronic Poll Book,Optical Scan,23491,10,8,city,true,"Verifier row is a city-level summary. polling-place system reports multiple values: Hand marked paper ballots, BMDs for accessibility; source row is city level, not county level; accessible voting system differs from standard polling-place system; absentee system differs from standard polling-place system. Do not infer every precinct or ballot mode used one identical setup.","polling-place system reports multiple values: Hand marked paper ballots, BMDs for accessibility | source row is city level, not county level | accessible voting system differs from standard polling-place system | absentee system differs from standard polling-place system",verified-voting-verifier-va-2024-equipment,https://verifiedvoting.org/verifier/#mode/navigate/map/voteEquip/mapType/ppEquip/year/2024/state/51,"Verified Voting Verifier data is jurisdiction-level election-administration context. Most rows are counties, but some states report state-level rows and some county rows can summarize mixed tabulation, accessible-device, absentee, poll-book, or other configurations. Treat it as source-linked context, not proof every precinct in a county used one identical setup, and not a turnout or vote-result source."
VA,2024,VA-670,City of Hopewell,city,ES&S,ES&S ExpressVote +,Optical Scan,county_context,hand_marked_paper,"Hand marked paper ballots, BMDs for accessibility",Ballot Marking Devices for all voters,Hand-Fed Optical Scanners,Commercial Electronic Poll Book,Optical Scan,14990,9,7,city,true,"Verifier row is a city-level summary. polling-place system reports multiple values: Hand marked paper ballots, BMDs for accessibility; source row is city level, not county level; accessible voting system differs from standard polling-place system; absentee system differs from standard polling-place system. Do not infer every precinct or ballot mode used one identical setup.","polling-place system reports multiple values: Hand marked paper ballots, BMDs for accessibility | source row is city level, not county level | accessible voting system differs from standard polling-place system | absentee system differs from standard polling-place system",verified-voting-verifier-va-2024-equipment,https://verifiedvoting.org/verifier/#mode/navigate/map/voteEquip/mapType/ppEquip/year/2024/state/51,"Verified Voting Verifier data is jurisdiction-level election-administration context. Most rows are counties, but some states report state-level rows and some county rows can summarize mixed tabulation, accessible-device, absentee, poll-book, or other configurations. Treat it as source-linked context, not proof every precinct in a county used one identical setup, and not a turnout or vote-result source."
VA,2024,VA-678,City of Lexington,city,Hart InterCivic,Hart InterCivic Verity Touch Writer +,Optical Scan,county_context,hand_marked_paper,"Hand marked paper ballots, BMDs for accessibility",Ballot Marking Devices for all voters,Hand-Fed Optical Scanners,Commercial Electronic Poll Book,Optical Scan,3524,3,1,city,true,"Verifier row is a city-level summary. polling-place system reports multiple values: Hand marked paper ballots, BMDs for accessibility; source row is city level, not county level; accessible voting system differs from standard polling-place system; absentee system differs from standard polling-place system. Do not infer every precinct or ballot mode used one identical setup.","polling-place system reports multiple values: Hand marked paper ballots, BMDs for accessibility | source row is city level, not county level | accessible voting system differs from standard polling-place system | absentee system differs from standard polling-place system",verified-voting-verifier-va-2024-equipment,https://verifiedvoting.org/verifier/#mode/navigate/map/voteEquip/mapType/ppEquip/year/2024/state/51,"Verified Voting Verifier data is jurisdiction-level election-administration context. Most rows are counties, but some states report state-level rows and some county rows can summarize mixed tabulation, accessible-device, absentee, poll-book, or other configurations. Treat it as source-linked context, not proof every precinct in a county used one identical setup, and not a turnout or vote-result source."
VA,2024,VA-680,City of Lynchburg,city,Unisyn,Unisyn OpenElect OVI +,Optical Scan,county_context,hand_marked_paper,"Hand marked paper ballots, BMDs for accessibility",Ballot Marking Devices for all voters,Hand-Fed Optical Scanners,Commercial Electronic Poll Book,Optical Scan,52512,20,18,city,true,"Verifier row is a city-level summary. polling-place system reports multiple values: Hand marked paper ballots, BMDs for accessibility; source row is city level, not county level; accessible voting system differs from standard polling-place system; absentee system differs from standard polling-place system. Do not infer every precinct or ballot mode used one identical setup.","polling-place system reports multiple values: Hand marked paper ballots, BMDs for accessibility | source row is city level, not county level | accessible voting system differs from standard polling-place system | absentee system differs from standard polling-place system",verified-voting-verifier-va-2024-equipment,https://verifiedvoting.org/verifier/#mode/navigate/map/voteEquip/mapType/ppEquip/year/2024/state/51,"Verified Voting Verifier data is jurisdiction-level election-administration context. Most rows are counties, but some states report state-level rows and some county rows can summarize mixed tabulation, accessible-device, absentee, poll-book, or other configurations. Treat it as source-linked context, not proof every precinct in a county used one identical setup, and not a turnout or vote-result source."
VA,2024,VA-683,City of Manassas,city,Unisyn,Unisyn OpenElect OVI +,Optical Scan,county_context,hand_marked_paper,"Hand marked paper ballots, BMDs for accessibility",Ballot Marking Devices for all voters,Hand-Fed Optical Scanners,Commercial Electronic Poll Book,Optical Scan,22252,8,6,city,true,"Verifier row is a city-level summary. polling-place system reports multiple values: Hand marked paper ballots, BMDs for accessibility; source row is city level, not county level; accessible voting system differs from standard polling-place system; absentee system differs from standard polling-place system. Do not infer every precinct or ballot mode used one identical setup.","polling-place system reports multiple values: Hand marked paper ballots, BMDs for accessibility | source row is city level, not county level | accessible voting system differs from standard polling-place system | absentee system differs from standard polling-place system",verified-voting-verifier-va-2024-equipment,https://verifiedvoting.org/verifier/#mode/navigate/map/voteEquip/mapType/ppEquip/year/2024/state/51,"Verified Voting Verifier data is jurisdiction-level election-administration context. Most rows are counties, but some states report state-level rows and some county rows can summarize mixed tabulation, accessible-device, absentee, poll-book, or other configurations. Treat it as source-linked context, not proof every precinct in a county used one identical setup, and not a turnout or vote-result source."
VA,2024,VA-685,City of Manassas Park,city,Unisyn,Unisyn OpenElect FVT +,Optical Scan,county_context,hand_marked_paper,"Hand marked paper ballots, BMDs for accessibility",Ballot Marking Devices for all voters,Hand-Fed Optical Scanners,Commercial Electronic Poll Book,Optical Scan,8813,5,3,city,true,"Verifier row is a city-level summary. polling-place system reports multiple values: Hand marked paper ballots, BMDs for accessibility; source row is city level, not county level; accessible voting system differs from standard polling-place system; absentee system differs from standard polling-place system. Do not infer every precinct or ballot mode used one identical setup.","polling-place system reports multiple values: Hand marked paper ballots, BMDs for accessibility | source row is city level, not county level | accessible voting system differs from standard polling-place system | absentee system differs from standard polling-place system",verified-voting-verifier-va-2024-equipment,https://verifiedvoting.org/verifier/#mode/navigate/map/voteEquip/mapType/ppEquip/year/2024/state/51,"Verified Voting Verifier data is jurisdiction-level election-administration context. Most rows are counties, but some states report state-level rows and some county rows can summarize mixed tabulation, accessible-device, absentee, poll-book, or other configurations. Treat it as source-linked context, not proof every precinct in a county used one identical setup, and not a turnout or vote-result source."
VA,2024,VA-690,City of Martinsville,city,ES&S,ES&S ExpressVote +,Optical Scan,county_context,hand_marked_paper,"Hand marked paper ballots, BMDs for accessibility",Ballot Marking Devices for all voters,Hand-Fed Optical Scanners,Commercial Electronic Poll Book,Optical Scan,8380,8,6,city,true,"Verifier row is a city-level summary. polling-place system reports multiple values: Hand marked paper ballots, BMDs for accessibility; source row is city level, not county level; accessible voting system differs from standard polling-place system; absentee system differs from standard polling-place system. Do not infer every precinct or ballot mode used one identical setup.","polling-place system reports multiple values: Hand marked paper ballots, BMDs for accessibility | source row is city level, not county level | accessible voting system differs from standard polling-place system | absentee system differs from standard polling-place system",verified-voting-verifier-va-2024-equipment,https://verifiedvoting.org/verifier/#mode/navigate/map/voteEquip/mapType/ppEquip/year/2024/state/51,"Verified Voting Verifier data is jurisdiction-level election-administration context. Most rows are counties, but some states report state-level rows and some county rows can summarize mixed tabulation, accessible-device, absentee, poll-book, or other configurations. Treat it as source-linked context, not proof every precinct in a county used one identical setup, and not a turnout or vote-result source."
VA,2024,VA-700,City of Newport News,city,ES&S,ES&S ExpressVote +,Optical Scan,county_context,hand_marked_paper,"Hand marked paper ballots, BMDs for accessibility",Ballot Marking Devices for all voters,Batch-Fed Optical Scanners,Commercial Electronic Poll Book,Optical Scan,113330,47,42,city,true,"Verifier row is a city-level summary. polling-place system reports multiple values: Hand marked paper ballots, BMDs for accessibility; source row is city level, not county level; accessible voting system differs from standard polling-place system; absentee system differs from standard polling-place system. Do not infer every precinct or ballot mode used one identical setup.","polling-place system reports multiple values: Hand marked paper ballots, BMDs for accessibility | source row is city level, not county level | accessible voting system differs from standard polling-place system | absentee system differs from standard polling-place system",verified-voting-verifier-va-2024-equipment,https://verifiedvoting.org/verifier/#mode/navigate/map/voteEquip/mapType/ppEquip/year/2024/state/51,"Verified Voting Verifier data is jurisdiction-level election-administration context. Most rows are counties, but some states report state-level rows and some county rows can summarize mixed tabulation, accessible-device, absentee, poll-book, or other configurations. Treat it as source-linked context, not proof every precinct in a county used one identical setup, and not a turnout or vote-result source."
VA,2024,VA-710,City of Norfolk,city,Hart InterCivic,Hart InterCivic Verity Touch Writer +,Optical Scan,county_context,hand_marked_paper,"Hand marked paper ballots, BMDs for accessibility",Ballot Marking Devices for all voters,Batch-Fed Optical Scanners,Commercial Electronic Poll Book,Optical Scan,130227,54,48,city,true,"Verifier row is a city-level summary. polling-place system reports multiple values: Hand marked paper ballots, BMDs for accessibility; source row is city level, not county level; accessible voting system differs from standard polling-place system; absentee system differs from standard polling-place system. Do not infer every precinct or ballot mode used one identical setup.","polling-place system reports multiple values: Hand marked paper ballots, BMDs for accessibility | source row is city level, not county level | accessible voting system differs from standard polling-place system | absentee system differs from standard polling-place system",verified-voting-verifier-va-2024-equipment,https://verifiedvoting.org/verifier/#mode/navigate/map/voteEquip/mapType/ppEquip/year/2024/state/51,"Verified Voting Verifier data is jurisdiction-level election-administration context. Most rows are counties, but some states report state-level rows and some county rows can summarize mixed tabulation, accessible-device, absentee, poll-book, or other configurations. Treat it as source-linked context, not proof every precinct in a county used one identical setup, and not a turnout or vote-result source."
VA,2024,VA-720,City of Norton,city,ES&S,ES&S ExpressVote +,Optical Scan,county_context,hand_marked_paper,"Hand marked paper ballots, BMDs for accessibility",Ballot Marking Devices for all voters,Hand-Fed Optical Scanners,Commercial Electronic Poll Book,Optical Scan,2509,3,1,city,true,"Verifier row is a city-level summary. polling-place system reports multiple values: Hand marked paper ballots, BMDs for accessibility; source row is city level, not county level; accessible voting system differs from standard polling-place system; absentee system differs from standard polling-place system. Do not infer every precinct or ballot mode used one identical setup.","polling-place system reports multiple values: Hand marked paper ballots, BMDs for accessibility | source row is city level, not county level | accessible voting system differs from standard polling-place system | absentee system differs from standard polling-place system",verified-voting-verifier-va-2024-equipment,https://verifiedvoting.org/verifier/#mode/navigate/map/voteEquip/mapType/ppEquip/year/2024/state/51,"Verified Voting Verifier data is jurisdiction-level election-administration context. Most rows are counties, but some states report state-level rows and some county rows can summarize mixed tabulation, accessible-device, absentee, poll-book, or other configurations. Treat it as source-linked context, not proof every precinct in a county used one identical setup, and not a turnout or vote-result source."
VA,2024,VA-730,City of Petersburg,city,ES&S,ES&S ExpressVote +,Optical Scan,county_context,hand_marked_paper,"Hand marked paper ballots, BMDs for accessibility",Ballot Marking Devices for all voters,Hand-Fed Optical Scanners,Commercial Electronic Poll Book,Optical Scan,21817,9,7,city,true,"Verifier row is a city-level summary. polling-place system reports multiple values: Hand marked paper ballots, BMDs for accessibility; source row is city level, not county level; accessible voting system differs from standard polling-place system; absentee system differs from standard polling-place system. Do not infer every precinct or ballot mode used one identical setup.","polling-place system reports multiple values: Hand marked paper ballots, BMDs for accessibility | source row is city level, not county level | accessible voting system differs from standard polling-place system | absentee system differs from standard polling-place system",verified-voting-verifier-va-2024-equipment,https://verifiedvoting.org/verifier/#mode/navigate/map/voteEquip/mapType/ppEquip/year/2024/state/51,"Verified Voting Verifier data is jurisdiction-level election-administration context. Most rows are counties, but some states report state-level rows and some county rows can summarize mixed tabulation, accessible-device, absentee, poll-book, or other configurations. Treat it as source-linked context, not proof every precinct in a county used one identical setup, and not a turnout or vote-result source."
VA,2024,VA-735,City of Poquoson,city,ES&S,ES&S ExpressVote +,Optical Scan,county_context,hand_marked_paper,"Hand marked paper ballots, BMDs for accessibility",Ballot Marking Devices for all voters,Hand-Fed Optical Scanners,Commercial Electronic Poll Book,Optical Scan,9590,5,3,city,true,"Verifier row is a city-level summary. polling-place system reports multiple values: Hand marked paper ballots, BMDs for accessibility; source row is city level, not county level; accessible voting system differs from standard polling-place system; absentee system differs from standard polling-place system. Do not infer every precinct or ballot mode used one identical setup.","polling-place system reports multiple values: Hand marked paper ballots, BMDs for accessibility | source row is city level, not county level | accessible voting system differs from standard polling-place system | absentee system differs from standard polling-place system",verified-voting-verifier-va-2024-equipment,https://verifiedvoting.org/verifier/#mode/navigate/map/voteEquip/mapType/ppEquip/year/2024/state/51,"Verified Voting Verifier data is jurisdiction-level election-administration context. Most rows are counties, but some states report state-level rows and some county rows can summarize mixed tabulation, accessible-device, absentee, poll-book, or other configurations. Treat it as source-linked context, not proof every precinct in a county used one identical setup, and not a turnout or vote-result source."
VA,2024,VA-740,City of Portsmouth,city,ES&S,ES&S ExpressVote +,Optical Scan,county_context,hand_marked_paper,"Hand marked paper ballots, BMDs for accessibility",Ballot Marking Devices for all voters,Batch-Fed Optical Scanners,Commercial Electronic Poll Book,Optical Scan,64283,33,31,city,true,"Verifier row is a city-level summary. polling-place system reports multiple values: Hand marked paper ballots, BMDs for accessibility; source row is city level, not county level; accessible voting system differs from standard polling-place system; absentee system differs from standard polling-place system. Do not infer every precinct or ballot mode used one identical setup.","polling-place system reports multiple values: Hand marked paper ballots, BMDs for accessibility | source row is city level, not county level | accessible voting system differs from standard polling-place system | absentee system differs from standard polling-place system",verified-voting-verifier-va-2024-equipment,https://verifiedvoting.org/verifier/#mode/navigate/map/voteEquip/mapType/ppEquip/year/2024/state/51,"Verified Voting Verifier data is jurisdiction-level election-administration context. Most rows are counties, but some states report state-level rows and some county rows can summarize mixed tabulation, accessible-device, absentee, poll-book, or other configurations. Treat it as source-linked context, not proof every precinct in a county used one identical setup, and not a turnout or vote-result source."
VA,2024,VA-750,City of Radford,city,Dominion,Dominion ImageCast Evolution +,Optical Scan,county_context,hand_marked_paper,"Hand marked paper ballots, BMDs for accessibility",Ballot Marking Devices for all voters,Hand-Fed Optical Scanners,In-House Electronic Poll Book,Optical Scan,8330,6,4,city,true,"Verifier row is a city-level summary. polling-place system reports multiple values: Hand marked paper ballots, BMDs for accessibility; source row is city level, not county level; accessible voting system differs from standard polling-place system; absentee system differs from standard polling-place system. Do not infer every precinct or ballot mode used one identical setup.","polling-place system reports multiple values: Hand marked paper ballots, BMDs for accessibility | source row is city level, not county level | accessible voting system differs from standard polling-place system | absentee system differs from standard polling-place system",verified-voting-verifier-va-2024-equipment,https://verifiedvoting.org/verifier/#mode/navigate/map/voteEquip/mapType/ppEquip/year/2024/state/51,"Verified Voting Verifier data is jurisdiction-level election-administration context. Most rows are counties, but some states report state-level rows and some county rows can summarize mixed tabulation, accessible-device, absentee, poll-book, or other configurations. Treat it as source-linked context, not proof every precinct in a county used one identical setup, and not a turnout or vote-result source."
VA,2024,VA-760,City of Richmond,city,ES&S,ES&S ExpressVote +,Optical Scan,county_context,hand_marked_paper,"Hand marked paper ballots, BMDs for accessibility",Ballot Marking Devices for all voters,Batch-Fed Optical Scanners,Commercial Electronic Poll Book,Optical Scan,147877,74,69,city,true,"Verifier row is a city-level summary. polling-place system reports multiple values: Hand marked paper ballots, BMDs for accessibility; source row is city level, not county level; accessible voting system differs from standard polling-place system; absentee system differs from standard polling-place system. Do not infer every precinct or ballot mode used one identical setup.","polling-place system reports multiple values: Hand marked paper ballots, BMDs for accessibility | source row is city level, not county level | accessible voting system differs from standard polling-place system | absentee system differs from standard polling-place system",verified-voting-verifier-va-2024-equipment,https://verifiedvoting.org/verifier/#mode/navigate/map/voteEquip/mapType/ppEquip/year/2024/state/51,"Verified Voting Verifier data is jurisdiction-level election-administration context. Most rows are counties, but some states report state-level rows and some county rows can summarize mixed tabulation, accessible-device, absentee, poll-book, or other configurations. Treat it as source-linked context, not proof every precinct in a county used one identical setup, and not a turnout or vote-result source."
VA,2024,VA-770,City of Roanoke,city,Unisyn,Unisyn OpenElect OVI +,Optical Scan,county_context,hand_marked_paper,"Hand marked paper ballots, BMDs for accessibility",Ballot Marking Devices for all voters,Hand-Fed Optical Scanners,Commercial Electronic Poll Book,Optical Scan,61033,22,20,city,true,"Verifier row is a city-level summary. polling-place system reports multiple values: Hand marked paper ballots, BMDs for accessibility; source row is city level, not county level; accessible voting system differs from standard polling-place system; absentee system differs from standard polling-place system. Do not infer every precinct or ballot mode used one identical setup.","polling-place system reports multiple values: Hand marked paper ballots, BMDs for accessibility | source row is city level, not county level | accessible voting system differs from standard polling-place system | absentee system differs from standard polling-place system",verified-voting-verifier-va-2024-equipment,https://verifiedvoting.org/verifier/#mode/navigate/map/voteEquip/mapType/ppEquip/year/2024/state/51,"Verified Voting Verifier data is jurisdiction-level election-administration context. Most rows are counties, but some states report state-level rows and some county rows can summarize mixed tabulation, accessible-device, absentee, poll-book, or other configurations. Treat it as source-linked context, not proof every precinct in a county used one identical setup, and not a turnout or vote-result source."
VA,2024,VA-775,City of Salem,city,Dominion,Dominion ImageCast Evolution +,Optical Scan,county_context,hand_marked_paper,"Hand marked paper ballots, BMDs for accessibility",Ballot Marking Devices for all voters,Hand-Fed Optical Scanners,In-House Electronic Poll Book,Optical Scan,16806,12,10,city,true,"Verifier row is a city-level summary. polling-place system reports multiple values: Hand marked paper ballots, BMDs for accessibility; source row is city level, not county level; accessible voting system differs from standard polling-place system; absentee system differs from standard polling-place system. Do not infer every precinct or ballot mode used one identical setup.","polling-place system reports multiple values: Hand marked paper ballots, BMDs for accessibility | source row is city level, not county level | accessible voting system differs from standard polling-place system | absentee system differs from standard polling-place system",verified-voting-verifier-va-2024-equipment,https://verifiedvoting.org/verifier/#mode/navigate/map/voteEquip/mapType/ppEquip/year/2024/state/51,"Verified Voting Verifier data is jurisdiction-level election-administration context. Most rows are counties, but some states report state-level rows and some county rows can summarize mixed tabulation, accessible-device, absentee, poll-book, or other configurations. Treat it as source-linked context, not proof every precinct in a county used one identical setup, and not a turnout or vote-result source."
VA,2024,VA-790,City of Staunton,city,ES&S,ES&S ExpressVote +,Optical Scan,county_context,hand_marked_paper,"Hand marked paper ballots, BMDs for accessibility",Ballot Marking Devices for all voters,Hand-Fed Optical Scanners,Commercial Electronic Poll Book,Optical Scan,17870,7,5,city,true,"Verifier row is a city-level summary. polling-place system reports multiple values: Hand marked paper ballots, BMDs for accessibility; source row is city level, not county level; accessible voting system differs from standard polling-place system; absentee system differs from standard polling-place system. Do not infer every precinct or ballot mode used one identical setup.","polling-place system reports multiple values: Hand marked paper ballots, BMDs for accessibility | source row is city level, not county level | accessible voting system differs from standard polling-place system | absentee system differs from standard polling-place system",verified-voting-verifier-va-2024-equipment,https://verifiedvoting.org/verifier/#mode/navigate/map/voteEquip/mapType/ppEquip/year/2024/state/51,"Verified Voting Verifier data is jurisdiction-level election-administration context. Most rows are counties, but some states report state-level rows and some county rows can summarize mixed tabulation, accessible-device, absentee, poll-book, or other configurations. Treat it as source-linked context, not proof every precinct in a county used one identical setup, and not a turnout or vote-result source."
VA,2024,VA-800,City of Suffolk,city,Dominion,Dominion ImageCast Evolution +,Optical Scan,county_context,hand_marked_paper,"Hand marked paper ballots, BMDs for accessibility",Ballot Marking Devices for all voters,Hand-Fed Optical Scanners,In-House Electronic Poll Book,Optical Scan,70004,32,30,city,true,"Verifier row is a city-level summary. polling-place system reports multiple values: Hand marked paper ballots, BMDs for accessibility; source row is city level, not county level; accessible voting system differs from standard polling-place system; absentee system differs from standard polling-place system. Do not infer every precinct or ballot mode used one identical setup.","polling-place system reports multiple values: Hand marked paper ballots, BMDs for accessibility | source row is city level, not county level | accessible voting system differs from standard polling-place system | absentee system differs from standard polling-place system",verified-voting-verifier-va-2024-equipment,https://verifiedvoting.org/verifier/#mode/navigate/map/voteEquip/mapType/ppEquip/year/2024/state/51,"Verified Voting Verifier data is jurisdiction-level election-administration context. Most rows are counties, but some states report state-level rows and some county rows can summarize mixed tabulation, accessible-device, absentee, poll-book, or other configurations. Treat it as source-linked context, not proof every precinct in a county used one identical setup, and not a turnout or vote-result source."
VA,2024,VA-810,City of Virginia Beach,city,ES&S,ES&S ExpressVote +,Optical Scan,county_context,hand_marked_paper,"Hand marked paper ballots, BMDs for accessibility",Ballot Marking Devices for all voters,Batch-Fed Optical Scanners,Commercial Electronic Poll Book,Optical Scan,315570,115,108,city,true,"Verifier row is a city-level summary. polling-place system reports multiple values: Hand marked paper ballots, BMDs for accessibility; source row is city level, not county level; accessible voting system differs from standard polling-place system; absentee system differs from standard polling-place system. Do not infer every precinct or ballot mode used one identical setup.","polling-place system reports multiple values: Hand marked paper ballots, BMDs for accessibility | source row is city level, not county level | accessible voting system differs from standard polling-place system | absentee system differs from standard polling-place system",verified-voting-verifier-va-2024-equipment,https://verifiedvoting.org/verifier/#mode/navigate/map/voteEquip/mapType/ppEquip/year/2024/state/51,"Verified Voting Verifier data is jurisdiction-level election-administration context. Most rows are counties, but some states report state-level rows and some county rows can summarize mixed tabulation, accessible-device, absentee, poll-book, or other configurations. Treat it as source-linked context, not proof every precinct in a county used one identical setup, and not a turnout or vote-result source."
VA,2024,VA-820,City of Waynesboro,city,ES&S,ES&S ExpressVote +,Optical Scan,county_context,hand_marked_paper,"Hand marked paper ballots, BMDs for accessibility",Ballot Marking Devices for all voters,Hand-Fed Optical Scanners,Commercial Electronic Poll Book,Optical Scan,15124,6,4,city,true,"Verifier row is a city-level summary. polling-place system reports multiple values: Hand marked paper ballots, BMDs for accessibility; source row is city level, not county level; accessible voting system differs from standard polling-place system; absentee system differs from standard polling-place system. Do not infer every precinct or ballot mode used one identical setup.","polling-place system reports multiple values: Hand marked paper ballots, BMDs for accessibility | source row is city level, not county level | accessible voting system differs from standard polling-place system | absentee system differs from standard polling-place system",verified-voting-verifier-va-2024-equipment,https://verifiedvoting.org/verifier/#mode/navigate/map/voteEquip/mapType/ppEquip/year/2024/state/51,"Verified Voting Verifier data is jurisdiction-level election-administration context. Most rows are counties, but some states report state-level rows and some county rows can summarize mixed tabulation, accessible-device, absentee, poll-book, or other configurations. Treat it as source-linked context, not proof every precinct in a county used one identical setup, and not a turnout or vote-result source."
VA,2024,VA-830,City of Williamsburg,city,Unisyn,Unisyn OpenElect OVI +,Optical Scan,county_context,hand_marked_paper,"Hand marked paper ballots, BMDs for accessibility",Ballot Marking Devices for all voters,Hand-Fed Optical Scanners,Commercial Electronic Poll Book,Optical Scan,9785,4,2,city,true,"Verifier row is a city-level summary. polling-place system reports multiple values: Hand marked paper ballots, BMDs for accessibility; source row is city level, not county level; accessible voting system differs from standard polling-place system; absentee system differs from standard polling-place system. Do not infer every precinct or ballot mode used one identical setup.","polling-place system reports multiple values: Hand marked paper ballots, BMDs for accessibility | source row is city level, not county level | accessible voting system differs from standard polling-place system | absentee system differs from standard polling-place system",verified-voting-verifier-va-2024-equipment,https://verifiedvoting.org/verifier/#mode/navigate/map/voteEquip/mapType/ppEquip/year/2024/state/51,"Verified Voting Verifier data is jurisdiction-level election-administration context. Most rows are counties, but some states report state-level rows and some county rows can summarize mixed tabulation, accessible-device, absentee, poll-book, or other configurations. Treat it as source-linked context, not proof every precinct in a county used one identical setup, and not a turnout or vote-result source."
VA,2024,VA-840,City of Winchester,city,Unisyn,Unisyn OpenElect OVI +,Optical Scan,county_context,hand_marked_paper,"Hand marked paper ballots, BMDs for accessibility",Ballot Marking Devices for all voters,Hand-Fed Optical Scanners,Commercial Electronic Poll Book,Optical Scan,16569,8,6,city,true,"Verifier row is a city-level summary. polling-place system reports multiple values: Hand marked paper ballots, BMDs for accessibility; source row is city level, not county level; accessible voting system differs from standard polling-place system; absentee system differs from standard polling-place system. Do not infer every precinct or ballot mode used one identical setup.","polling-place system reports multiple values: Hand marked paper ballots, BMDs for accessibility | source row is city level, not county level | accessible voting system differs from standard polling-place system | absentee system differs from standard polling-place system",verified-voting-verifier-va-2024-equipment,https://verifiedvoting.org/verifier/#mode/navigate/map/voteEquip/mapType/ppEquip/year/2024/state/51,"Verified Voting Verifier data is jurisdiction-level election-administration context. Most rows are counties, but some states report state-level rows and some county rows can summarize mixed tabulation, accessible-device, absentee, poll-book, or other configurations. Treat it as source-linked context, not proof every precinct in a county used one identical setup, and not a turnout or vote-result source."
VA,2024,VA-043,Clarke County,county,ES&S,ES&S ExpressVote +,Optical Scan,county_context,hand_marked_paper,"Hand marked paper ballots, BMDs for accessibility",Ballot Marking Devices for all voters,Hand-Fed Optical Scanners,Commercial Electronic Poll Book,Optical Scan,11993,9,6,county,true,"Verifier row is a county-level summary. polling-place system reports multiple values: Hand marked paper ballots, BMDs for accessibility; accessible voting system differs from standard polling-place system; absentee system differs from standard polling-place system. Do not infer every precinct or ballot mode used one identical setup.","polling-place system reports multiple values: Hand marked paper ballots, BMDs for accessibility | accessible voting system differs from standard polling-place system | absentee system differs from standard polling-place system",verified-voting-verifier-va-2024-equipment,https://verifiedvoting.org/verifier/#mode/navigate/map/voteEquip/mapType/ppEquip/year/2024/state/51,"Verified Voting Verifier data is jurisdiction-level election-administration context. Most rows are counties, but some states report state-level rows and some county rows can summarize mixed tabulation, accessible-device, absentee, poll-book, or other configurations. Treat it as source-linked context, not proof every precinct in a county used one identical setup, and not a turnout or vote-result source."
VA,2024,VA-045,Craig County,county,Dominion,Dominion ImageCast Evolution +,Optical Scan,county_context,hand_marked_paper,"Hand marked paper ballots, BMDs for accessibility",Ballot Marking Devices for all voters,Hand-Fed Optical Scanners,In-House Electronic Poll Book,Optical Scan,3838,10,8,county,true,"Verifier row is a county-level summary. polling-place system reports multiple values: Hand marked paper ballots, BMDs for accessibility; accessible voting system differs from standard polling-place system; absentee system differs from standard polling-place system. Do not infer every precinct or ballot mode used one identical setup.","polling-place system reports multiple values: Hand marked paper ballots, BMDs for accessibility | accessible voting system differs from standard polling-place system | absentee system differs from standard polling-place system",verified-voting-verifier-va-2024-equipment,https://verifiedvoting.org/verifier/#mode/navigate/map/voteEquip/mapType/ppEquip/year/2024/state/51,"Verified Voting Verifier data is jurisdiction-level election-administration context. Most rows are counties, but some states report state-level rows and some county rows can summarize mixed tabulation, accessible-device, absentee, poll-book, or other configurations. Treat it as source-linked context, not proof every precinct in a county used one identical setup, and not a turnout or vote-result source."
VA,2024,VA-047,Culpeper County,county,ES&S,ES&S ExpressVote +,Optical Scan,county_context,hand_marked_paper,"Hand marked paper ballots, BMDs for accessibility",Ballot Marking Devices for all voters,Hand-Fed Optical Scanners,Commercial Electronic Poll Book,Optical Scan,37125,17,15,county,true,"Verifier row is a county-level summary. polling-place system reports multiple values: Hand marked paper ballots, BMDs for accessibility; accessible voting system differs from standard polling-place system; absentee system differs from standard polling-place system. Do not infer every precinct or ballot mode used one identical setup.","polling-place system reports multiple values: Hand marked paper ballots, BMDs for accessibility | accessible voting system differs from standard polling-place system | absentee system differs from standard polling-place system",verified-voting-verifier-va-2024-equipment,https://verifiedvoting.org/verifier/#mode/navigate/map/voteEquip/mapType/ppEquip/year/2024/state/51,"Verified Voting Verifier data is jurisdiction-level election-administration context. Most rows are counties, but some states report state-level rows and some county rows can summarize mixed tabulation, accessible-device, absentee, poll-book, or other configurations. Treat it as source-linked context, not proof every precinct in a county used one identical setup, and not a turnout or vote-result source."
VA,2024,VA-049,Cumberland County,county,Dominion,Dominion ImageCast Evolution +,Optical Scan,county_context,hand_marked_paper,"Hand marked paper ballots, BMDs for accessibility",Ballot Marking Devices for all voters,Hand-Fed Optical Scanners,Commercial Electronic Poll Book,Optical Scan,7404,7,4,county,true,"Verifier row is a county-level summary. polling-place system reports multiple values: Hand marked paper ballots, BMDs for accessibility; accessible voting system differs from standard polling-place system; absentee system differs from standard polling-place system. Do not infer every precinct or ballot mode used one identical setup.","polling-place system reports multiple values: Hand marked paper ballots, BMDs for accessibility | accessible voting system differs from standard polling-place system | absentee system differs from standard polling-place system",verified-voting-verifier-va-2024-equipment,https://verifiedvoting.org/verifier/#mode/navigate/map/voteEquip/mapType/ppEquip/year/2024/state/51,"Verified Voting Verifier data is jurisdiction-level election-administration context. Most rows are counties, but some states report state-level rows and some county rows can summarize mixed tabulation, accessible-device, absentee, poll-book, or other configurations. Treat it as source-linked context, not proof every precinct in a county used one identical setup, and not a turnout or vote-result source."
VA,2024,VA-051,Dickenson County,county,Dominion,Dominion ImageCast Evolution +,Optical Scan,county_context,hand_marked_paper,"Hand marked paper ballots, BMDs for accessibility",Ballot Marking Devices for all voters,Hand-Fed Optical Scanners,In-House Electronic Poll Book,Optical Scan,9574,13,11,county,true,"Verifier row is a county-level summary. polling-place system reports multiple values: Hand marked paper ballots, BMDs for accessibility; accessible voting system differs from standard polling-place system; absentee system differs from standard polling-place system. Do not infer every precinct or ballot mode used one identical setup.","polling-place system reports multiple values: Hand marked paper ballots, BMDs for accessibility | accessible voting system differs from standard polling-place system | absentee system differs from standard polling-place system",verified-voting-verifier-va-2024-equipment,https://verifiedvoting.org/verifier/#mode/navigate/map/voteEquip/mapType/ppEquip/year/2024/state/51,"Verified Voting Verifier data is jurisdiction-level election-administration context. Most rows are counties, but some states report state-level rows and some county rows can summarize mixed tabulation, accessible-device, absentee, poll-book, or other configurations. Treat it as source-linked context, not proof every precinct in a county used one identical setup, and not a turnout or vote-result source."
VA,2024,VA-053,Dinwiddie County,county,Unisyn,Unisyn OpenElect OVI +,Optical Scan,county_context,hand_marked_paper,"Hand marked paper ballots, BMDs for accessibility",Ballot Marking Devices for all voters,Hand-Fed Optical Scanners,Commercial Electronic Poll Book,Optical Scan,20786,15,13,county,true,"Verifier row is a county-level summary. polling-place system reports multiple values: Hand marked paper ballots, BMDs for accessibility; accessible voting system differs from standard polling-place system; absentee system differs from standard polling-place system. Do not infer every precinct or ballot mode used one identical setup.","polling-place system reports multiple values: Hand marked paper ballots, BMDs for accessibility | accessible voting system differs from standard polling-place system | absentee system differs from standard polling-place system",verified-voting-verifier-va-2024-equipment,https://verifiedvoting.org/verifier/#mode/navigate/map/voteEquip/mapType/ppEquip/year/2024/state/51,"Verified Voting Verifier data is jurisdiction-level election-administration context. Most rows are counties, but some states report state-level rows and some county rows can summarize mixed tabulation, accessible-device, absentee, poll-book, or other configurations. Treat it as source-linked context, not proof every precinct in a county used one identical setup, and not a turnout or vote-result source."
VA,2024,VA-057,Essex County,county,Hart InterCivic,Hart InterCivic Verity Touch Writer +,Optical Scan,county_context,hand_marked_paper,"Hand marked paper ballots, BMDs for accessibility",Ballot Marking Devices for all voters,Hand-Fed Optical Scanners,Commercial Electronic Poll Book,Optical Scan,8047,6,4,county,true,"Verifier row is a county-level summary. polling-place system reports multiple values: Hand marked paper ballots, BMDs for accessibility; accessible voting system differs from standard polling-place system; absentee system differs from standard polling-place system. Do not infer every precinct or ballot mode used one identical setup.","polling-place system reports multiple values: Hand marked paper ballots, BMDs for accessibility | accessible voting system differs from standard polling-place system | absentee system differs from standard polling-place system",verified-voting-verifier-va-2024-equipment,https://verifiedvoting.org/verifier/#mode/navigate/map/voteEquip/mapType/ppEquip/year/2024/state/51,"Verified Voting Verifier data is jurisdiction-level election-administration context. Most rows are counties, but some states report state-level rows and some county rows can summarize mixed tabulation, accessible-device, absentee, poll-book, or other configurations. Treat it as source-linked context, not proof every precinct in a county used one identical setup, and not a turnout or vote-result source."
VA,2024,VA-059,Fairfax County,county,ES&S,ES&S ExpressVote +,Optical Scan,county_context,hand_marked_paper,"Hand marked paper ballots, BMDs for accessibility",Ballot Marking Devices for all voters,Batch-Fed Optical Scanners,Commercial Electronic Poll Book,Optical Scan,748516,281,246,county,true,"Verifier row is a county-level summary. polling-place system reports multiple values: Hand marked paper ballots, BMDs for accessibility; accessible voting system differs from standard polling-place system; absentee system differs from standard polling-place system. Do not infer every precinct or ballot mode used one identical setup.","polling-place system reports multiple values: Hand marked paper ballots, BMDs for accessibility | accessible voting system differs from standard polling-place system | absentee system differs from standard polling-place system",verified-voting-verifier-va-2024-equipment,https://verifiedvoting.org/verifier/#mode/navigate/map/voteEquip/mapType/ppEquip/year/2024/state/51,"Verified Voting Verifier data is jurisdiction-level election-administration context. Most rows are counties, but some states report state-level rows and some county rows can summarize mixed tabulation, accessible-device, absentee, poll-book, or other configurations. Treat it as source-linked context, not proof every precinct in a county used one identical setup, and not a turnout or vote-result source."
VA,2024,VA-061,Fauquier County,county,ES&S,ES&S ExpressVote +,Optical Scan,county_context,hand_marked_paper,"Hand marked paper ballots, BMDs for accessibility",Ballot Marking Devices for all voters,Hand-Fed Optical Scanners,Commercial Electronic Poll Book,Optical Scan,55107,28,24,county,true,"Verifier row is a county-level summary. polling-place system reports multiple values: Hand marked paper ballots, BMDs for accessibility; accessible voting system differs from standard polling-place system; absentee system differs from standard polling-place system. Do not infer every precinct or ballot mode used one identical setup.","polling-place system reports multiple values: Hand marked paper ballots, BMDs for accessibility | accessible voting system differs from standard polling-place system | absentee system differs from standard polling-place system",verified-voting-verifier-va-2024-equipment,https://verifiedvoting.org/verifier/#mode/navigate/map/voteEquip/mapType/ppEquip/year/2024/state/51,"Verified Voting Verifier data is jurisdiction-level election-administration context. Most rows are counties, but some states report state-level rows and some county rows can summarize mixed tabulation, accessible-device, absentee, poll-book, or other configurations. Treat it as source-linked context, not proof every precinct in a county used one identical setup, and not a turnout or vote-result source."
VA,2024,VA-063,Floyd County,county,Hart InterCivic,Hart InterCivic Verity Touch Writer +,Optical Scan,county_context,hand_marked_paper,"Hand marked paper ballots, BMDs for accessibility",Ballot Marking Devices for all voters,Hand-Fed Optical Scanners,Commercial Electronic Poll Book,Optical Scan,11839,7,5,county,true,"Verifier row is a county-level summary. polling-place system reports multiple values: Hand marked paper ballots, BMDs for accessibility; accessible voting system differs from standard polling-place system; absentee system differs from standard polling-place system. Do not infer every precinct or ballot mode used one identical setup.","polling-place system reports multiple values: Hand marked paper ballots, BMDs for accessibility | accessible voting system differs from standard polling-place system | absentee system differs from standard polling-place system",verified-voting-verifier-va-2024-equipment,https://verifiedvoting.org/verifier/#mode/navigate/map/voteEquip/mapType/ppEquip/year/2024/state/51,"Verified Voting Verifier data is jurisdiction-level election-administration context. Most rows are counties, but some states report state-level rows and some county rows can summarize mixed tabulation, accessible-device, absentee, poll-book, or other configurations. Treat it as source-linked context, not proof every precinct in a county used one identical setup, and not a turnout or vote-result source."
VA,2024,VA-065,Fluvanna County,county,Unisyn,Unisyn OpenElect OVI +,Optical Scan,county_context,hand_marked_paper,"Hand marked paper ballots, BMDs for accessibility",Ballot Marking Devices for all voters,Hand-Fed Optical Scanners,Commercial Electronic Poll Book,Optical Scan,21009,7,5,county,true,"Verifier row is a county-level summary. polling-place system reports multiple values: Hand marked paper ballots, BMDs for accessibility; accessible voting system differs from standard polling-place system; absentee system differs from standard polling-place system. Do not infer every precinct or ballot mode used one identical setup.","polling-place system reports multiple values: Hand marked paper ballots, BMDs for accessibility | accessible voting system differs from standard polling-place system | absentee system differs from standard polling-place system",verified-voting-verifier-va-2024-equipment,https://verifiedvoting.org/verifier/#mode/navigate/map/voteEquip/mapType/ppEquip/year/2024/state/51,"Verified Voting Verifier data is jurisdiction-level election-administration context. Most rows are counties, but some states report state-level rows and some county rows can summarize mixed tabulation, accessible-device, absentee, poll-book, or other configurations. Treat it as source-linked context, not proof every precinct in a county used one identical setup, and not a turnout or vote-result source."
VA,2024,VA-067,Franklin County,county,Dominion,Dominion ImageCast Evolution +,Optical Scan,county_context,hand_marked_paper,"Hand marked paper ballots, BMDs for accessibility",Ballot Marking Devices for all voters,Hand-Fed Optical Scanners,In-House Electronic Poll Book,Optical Scan,39734,25,23,county,true,"Verifier row is a county-level summary. polling-place system reports multiple values: Hand marked paper ballots, BMDs for accessibility; accessible voting system differs from standard polling-place system; absentee system differs from standard polling-place system. Do not infer every precinct or ballot mode used one identical setup.","polling-place system reports multiple values: Hand marked paper ballots, BMDs for accessibility | accessible voting system differs from standard polling-place system | absentee system differs from standard polling-place system",verified-voting-verifier-va-2024-equipment,https://verifiedvoting.org/verifier/#mode/navigate/map/voteEquip/mapType/ppEquip/year/2024/state/51,"Verified Voting Verifier data is jurisdiction-level election-administration context. Most rows are counties, but some states report state-level rows and some county rows can summarize mixed tabulation, accessible-device, absentee, poll-book, or other configurations. Treat it as source-linked context, not proof every precinct in a county used one identical setup, and not a turnout or vote-result source."
VA,2024,VA-069,Frederick County,county,ES&S,ES&S ExpressVote +,Optical Scan,county_context,hand_marked_paper,"Hand marked paper ballots, BMDs for accessibility",Ballot Marking Devices for all voters,Hand-Fed Optical Scanners,Commercial Electronic Poll Book,Optical Scan,67254,31,23,county,true,"Verifier row is a county-level summary. polling-place system reports multiple values: Hand marked paper ballots, BMDs for accessibility; accessible voting system differs from standard polling-place system; absentee system differs from standard polling-place system. Do not infer every precinct or ballot mode used one identical setup.","polling-place system reports multiple values: Hand marked paper ballots, BMDs for accessibility | accessible voting system differs from standard polling-place system | absentee system differs from standard polling-place system",verified-voting-verifier-va-2024-equipment,https://verifiedvoting.org/verifier/#mode/navigate/map/voteEquip/mapType/ppEquip/year/2024/state/51,"Verified Voting Verifier data is jurisdiction-level election-administration context. Most rows are counties, but some states report state-level rows and some county rows can summarize mixed tabulation, accessible-device, absentee, poll-book, or other configurations. Treat it as source-linked context, not proof every precinct in a county used one identical setup, and not a turnout or vote-result source."
VA,2024,VA-071,Giles County,county,ES&S,ES&S ExpressVote +,Optical Scan,county_context,hand_marked_paper,"Hand marked paper ballots, BMDs for accessibility",Ballot Marking Devices for all voters,Hand-Fed Optical Scanners,Commercial Electronic Poll Book,Optical Scan,11903,11,9,county,true,"Verifier row is a county-level summary. polling-place system reports multiple values: Hand marked paper ballots, BMDs for accessibility; accessible voting system differs from standard polling-place system; absentee system differs from standard polling-place system. Do not infer every precinct or ballot mode used one identical setup.","polling-place system reports multiple values: Hand marked paper ballots, BMDs for accessibility | accessible voting system differs from standard polling-place system | absentee system differs from standard polling-place system",verified-voting-verifier-va-2024-equipment,https://verifiedvoting.org/verifier/#mode/navigate/map/voteEquip/mapType/ppEquip/year/2024/state/51,"Verified Voting Verifier data is jurisdiction-level election-administration context. Most rows are counties, but some states report state-level rows and some county rows can summarize mixed tabulation, accessible-device, absentee, poll-book, or other configurations. Treat it as source-linked context, not proof every precinct in a county used one identical setup, and not a turnout or vote-result source."
VA,2024,VA-073,Gloucester County,county,Dominion,Dominion ImageCast Evolution +,Optical Scan,county_context,hand_marked_paper,"Hand marked paper ballots, BMDs for accessibility",Ballot Marking Devices for all voters,Hand-Fed Optical Scanners,Commercial Electronic Poll Book,Optical Scan,30025,13,11,county,true,"Verifier row is a county-level summary. polling-place system reports multiple values: Hand marked paper ballots, BMDs for accessibility; accessible voting system differs from standard polling-place system; absentee system differs from standard polling-place system. Do not infer every precinct or ballot mode used one identical setup.","polling-place system reports multiple values: Hand marked paper ballots, BMDs for accessibility | accessible voting system differs from standard polling-place system | absentee system differs from standard polling-place system",verified-voting-verifier-va-2024-equipment,https://verifiedvoting.org/verifier/#mode/navigate/map/voteEquip/mapType/ppEquip/year/2024/state/51,"Verified Voting Verifier data is jurisdiction-level election-administration context. Most rows are counties, but some states report state-level rows and some county rows can summarize mixed tabulation, accessible-device, absentee, poll-book, or other configurations. Treat it as source-linked context, not proof every precinct in a county used one identical setup, and not a turnout or vote-result source."
VA,2024,VA-075,Goochland County,county,ES&S,ES&S ExpressVote +,Optical Scan,county_context,hand_marked_paper,"Hand marked paper ballots, BMDs for accessibility",Ballot Marking Devices for all voters,Hand-Fed Optical Scanners,Commercial Electronic Poll Book,Optical Scan,23046,14,11,county,true,"Verifier row is a county-level summary. polling-place system reports multiple values: Hand marked paper ballots, BMDs for accessibility; accessible voting system differs from standard polling-place system; absentee system differs from standard polling-place system. Do not infer every precinct or ballot mode used one identical setup.","polling-place system reports multiple values: Hand marked paper ballots, BMDs for accessibility | accessible voting system differs from standard polling-place system | absentee system differs from standard polling-place system",verified-voting-verifier-va-2024-equipment,https://verifiedvoting.org/verifier/#mode/navigate/map/voteEquip/mapType/ppEquip/year/2024/state/51,"Verified Voting Verifier data is jurisdiction-level election-administration context. Most rows are counties, but some states report state-level rows and some county rows can summarize mixed tabulation, accessible-device, absentee, poll-book, or other configurations. Treat it as source-linked context, not proof every precinct in a county used one identical setup, and not a turnout or vote-result source."
VA,2024,VA-077,Grayson County,county,ES&S,ES&S ExpressVote +,Optical Scan,county_context,hand_marked_paper,"Hand marked paper ballots, BMDs for accessibility",Ballot Marking Devices for all voters,Hand-Fed Optical Scanners,Commercial Electronic Poll Book,Optical Scan,10673,17,15,county,true,"Verifier row is a county-level summary. polling-place system reports multiple values: Hand marked paper ballots, BMDs for accessibility; accessible voting system differs from standard polling-place system; absentee system differs from standard polling-place system. Do not infer every precinct or ballot mode used one identical setup.","polling-place system reports multiple values: Hand marked paper ballots, BMDs for accessibility | accessible voting system differs from standard polling-place system | absentee system differs from standard polling-place system",verified-voting-verifier-va-2024-equipment,https://verifiedvoting.org/verifier/#mode/navigate/map/voteEquip/mapType/ppEquip/year/2024/state/51,"Verified Voting Verifier data is jurisdiction-level election-administration context. Most rows are counties, but some states report state-level rows and some county rows can summarize mixed tabulation, accessible-device, absentee, poll-book, or other configurations. Treat it as source-linked context, not proof every precinct in a county used one identical setup, and not a turnout or vote-result source."
VA,2024,VA-079,Greene County,county,Unisyn,Unisyn OpenElect FVT + Unisyn OpenElect OVI +,Optical Scan,county_context,hand_marked_paper,"Hand marked paper ballots, BMDs for accessibility",Ballot Marking Devices for all voters,Hand-Fed Optical Scanners,Commercial Electronic Poll Book,Optical Scan,15258,8,6,county,true,"Verifier row is a county-level summary. polling-place system reports multiple values: Hand marked paper ballots, BMDs for accessibility; accessible voting system differs from standard polling-place system; absentee system differs from standard polling-place system. Do not infer every precinct or ballot mode used one identical setup.","polling-place system reports multiple values: Hand marked paper ballots, BMDs for accessibility | accessible voting system differs from standard polling-place system | absentee system differs from standard polling-place system",verified-voting-verifier-va-2024-equipment,https://verifiedvoting.org/verifier/#mode/navigate/map/voteEquip/mapType/ppEquip/year/2024/state/51,"Verified Voting Verifier data is jurisdiction-level election-administration context. Most rows are counties, but some states report state-level rows and some county rows can summarize mixed tabulation, accessible-device, absentee, poll-book, or other configurations. Treat it as source-linked context, not proof every precinct in a county used one identical setup, and not a turnout or vote-result source."
VA,2024,VA-081,Greensville County,county,Dominion,Dominion ImageCast Evolution +,Optical Scan,county_context,hand_marked_paper,"Hand marked paper ballots, BMDs for accessibility",Ballot Marking Devices for all voters,Hand-Fed Optical Scanners,Paper Poll Book,Optical Scan,6236,11,9,county,true,"Verifier row is a county-level summary. polling-place system reports multiple values: Hand marked paper ballots, BMDs for accessibility; accessible voting system differs from standard polling-place system; absentee system differs from standard polling-place system. Do not infer every precinct or ballot mode used one identical setup.","polling-place system reports multiple values: Hand marked paper ballots, BMDs for accessibility | accessible voting system differs from standard polling-place system | absentee system differs from standard polling-place system",verified-voting-verifier-va-2024-equipment,https://verifiedvoting.org/verifier/#mode/navigate/map/voteEquip/mapType/ppEquip/year/2024/state/51,"Verified Voting Verifier data is jurisdiction-level election-administration context. Most rows are counties, but some states report state-level rows and some county rows can summarize mixed tabulation, accessible-device, absentee, poll-book, or other configurations. Treat it as source-linked context, not proof every precinct in a county used one identical setup, and not a turnout or vote-result source."
VA,2024,VA-083,Halifax County,county,Unisyn,Unisyn OpenElect OVI +,Optical Scan,county_context,hand_marked_paper,"Hand marked paper ballots, BMDs for accessibility",Ballot Marking Devices for all voters,Hand-Fed Optical Scanners,Commercial Electronic Poll Book,Optical Scan,24714,22,20,county,true,"Verifier row is a county-level summary. polling-place system reports multiple values: Hand marked paper ballots, BMDs for accessibility; accessible voting system differs from standard polling-place system; absentee system differs from standard polling-place system. Do not infer every precinct or ballot mode used one identical setup.","polling-place system reports multiple values: Hand marked paper ballots, BMDs for accessibility | accessible voting system differs from standard polling-place system | absentee system differs from standard polling-place system",verified-voting-verifier-va-2024-equipment,https://verifiedvoting.org/verifier/#mode/navigate/map/voteEquip/mapType/ppEquip/year/2024/state/51,"Verified Voting Verifier data is jurisdiction-level election-administration context. Most rows are counties, but some states report state-level rows and some county rows can summarize mixed tabulation, accessible-device, absentee, poll-book, or other configurations. Treat it as source-linked context, not proof every precinct in a county used one identical setup, and not a turnout or vote-result source."
VA,2024,VA-085,Hanover County,county,ES&S,ES&S ExpressVote +,Optical Scan,county_context,hand_marked_paper,"Hand marked paper ballots, BMDs for accessibility",Ballot Marking Devices for all voters,Batch-Fed Optical Scanners,Commercial Electronic Poll Book,Optical Scan,86833,38,35,county,true,"Verifier row is a county-level summary. polling-place system reports multiple values: Hand marked paper ballots, BMDs for accessibility; accessible voting system differs from standard polling-place system; absentee system differs from standard polling-place system. Do not infer every precinct or ballot mode used one identical setup.","polling-place system reports multiple values: Hand marked paper ballots, BMDs for accessibility | accessible voting system differs from standard polling-place system | absentee system differs from standard polling-place system",verified-voting-verifier-va-2024-equipment,https://verifiedvoting.org/verifier/#mode/navigate/map/voteEquip/mapType/ppEquip/year/2024/state/51,"Verified Voting Verifier data is jurisdiction-level election-administration context. Most rows are counties, but some states report state-level rows and some county rows can summarize mixed tabulation, accessible-device, absentee, poll-book, or other configurations. Treat it as source-linked context, not proof every precinct in a county used one identical setup, and not a turnout or vote-result source."
VA,2024,VA-087,Henrico County,county,ES&S,ES&S ExpressVote +,Optical Scan,county_context,hand_marked_paper,"Hand marked paper ballots, BMDs for accessibility",Ballot Marking Devices for all voters,Batch-Fed Optical Scanners,Commercial Electronic Poll Book,Optical Scan,236754,92,87,county,true,"Verifier row is a county-level summary. polling-place system reports multiple values: Hand marked paper ballots, BMDs for accessibility; accessible voting system differs from standard polling-place system; absentee system differs from standard polling-place system. Do not infer every precinct or ballot mode used one identical setup.","polling-place system reports multiple values: Hand marked paper ballots, BMDs for accessibility | accessible voting system differs from standard polling-place system | absentee system differs from standard polling-place system",verified-voting-verifier-va-2024-equipment,https://verifiedvoting.org/verifier/#mode/navigate/map/voteEquip/mapType/ppEquip/year/2024/state/51,"Verified Voting Verifier data is jurisdiction-level election-administration context. Most rows are counties, but some states report state-level rows and some county rows can summarize mixed tabulation, accessible-device, absentee, poll-book, or other configurations. Treat it as source-linked context, not proof every precinct in a county used one identical setup, and not a turnout or vote-result source."
VA,2024,VA-089,Henry County,county,Hart InterCivic,Hart InterCivic Verity Touch Writer +,Optical Scan,county_context,hand_marked_paper,"Hand marked paper ballots, BMDs for accessibility",Ballot Marking Devices for all voters,Hand-Fed Optical Scanners,Commercial Electronic Poll Book,Optical Scan,34809,26,24,county,true,"Verifier row is a county-level summary. polling-place system reports multiple values: Hand marked paper ballots, BMDs for accessibility; accessible voting system differs from standard polling-place system; absentee system differs from standard polling-place system. Do not infer every precinct or ballot mode used one identical setup.","polling-place system reports multiple values: Hand marked paper ballots, BMDs for accessibility | accessible voting system differs from standard polling-place system | absentee system differs from standard polling-place system",verified-voting-verifier-va-2024-equipment,https://verifiedvoting.org/verifier/#mode/navigate/map/voteEquip/mapType/ppEquip/year/2024/state/51,"Verified Voting Verifier data is jurisdiction-level election-administration context. Most rows are counties, but some states report state-level rows and some county rows can summarize mixed tabulation, accessible-device, absentee, poll-book, or other configurations. Treat it as source-linked context, not proof every precinct in a county used one identical setup, and not a turnout or vote-result source."
VA,2024,VA-091,Highland County,county,Unisyn,Unisyn OpenElect OVI +,Optical Scan,county_context,hand_marked_paper,"Hand marked paper ballots, BMDs for accessibility",Ballot Marking Devices for all voters,Hand-Fed Optical Scanners,Commercial Electronic Poll Book,Optical Scan,1856,7,5,county,true,"Verifier row is a county-level summary. polling-place system reports multiple values: Hand marked paper ballots, BMDs for accessibility; accessible voting system differs from standard polling-place system; absentee system differs from standard polling-place system. Do not infer every precinct or ballot mode used one identical setup.","polling-place system reports multiple values: Hand marked paper ballots, BMDs for accessibility | accessible voting system differs from standard polling-place system | absentee system differs from standard polling-place system",verified-voting-verifier-va-2024-equipment,https://verifiedvoting.org/verifier/#mode/navigate/map/voteEquip/mapType/ppEquip/year/2024/state/51,"Verified Voting Verifier data is jurisdiction-level election-administration context. Most rows are counties, but some states report state-level rows and some county rows can summarize mixed tabulation, accessible-device, absentee, poll-book, or other configurations. Treat it as source-linked context, not proof every precinct in a county used one identical setup, and not a turnout or vote-result source."
VA,2024,VA-093,Isle of Wight County,county,ES&S,ES&S ExpressVote +,Optical Scan,county_context,hand_marked_paper,"Hand marked paper ballots, BMDs for accessibility",Ballot Marking Devices for all voters,Hand-Fed Optical Scanners,Commercial Electronic Poll Book,Optical Scan,31050,19,15,county,true,"Verifier row is a county-level summary. polling-place system reports multiple values: Hand marked paper ballots, BMDs for accessibility; accessible voting system differs from standard polling-place system; absentee system differs from standard polling-place system. Do not infer every precinct or ballot mode used one identical setup.","polling-place system reports multiple values: Hand marked paper ballots, BMDs for accessibility | accessible voting system differs from standard polling-place system | absentee system differs from standard polling-place system",verified-voting-verifier-va-2024-equipment,https://verifiedvoting.org/verifier/#mode/navigate/map/voteEquip/mapType/ppEquip/year/2024/state/51,"Verified Voting Verifier data is jurisdiction-level election-administration context. Most rows are counties, but some states report state-level rows and some county rows can summarize mixed tabulation, accessible-device, absentee, poll-book, or other configurations. Treat it as source-linked context, not proof every precinct in a county used one identical setup, and not a turnout or vote-result source."
VA,2024,VA-095,James City County,county,Unisyn,Unisyn OpenElect OVI +,Optical Scan,county_context,hand_marked_paper,"Hand marked paper ballots, BMDs for accessibility",Ballot Marking Devices for all voters,Batch-Fed Optical Scanners,Commercial Electronic Poll Book,Optical Scan,62929,20,18,county,true,"Verifier row is a county-level summary. polling-place system reports multiple values: Hand marked paper ballots, BMDs for accessibility; accessible voting system differs from standard polling-place system; absentee system differs from standard polling-place system. Do not infer every precinct or ballot mode used one identical setup.","polling-place system reports multiple values: Hand marked paper ballots, BMDs for accessibility | accessible voting system differs from standard polling-place system | absentee system differs from standard polling-place system",verified-voting-verifier-va-2024-equipment,https://verifiedvoting.org/verifier/#mode/navigate/map/voteEquip/mapType/ppEquip/year/2024/state/51,"Verified Voting Verifier data is jurisdiction-level election-administration context. Most rows are counties, but some states report state-level rows and some county rows can summarize mixed tabulation, accessible-device, absentee, poll-book, or other configurations. Treat it as source-linked context, not proof every precinct in a county used one identical setup, and not a turnout or vote-result source."
VA,2024,VA-097,King and Queen County,county,Hart InterCivic,Hart InterCivic Verity Touch Writer +,Optical Scan,county_context,hand_marked_paper,"Hand marked paper ballots, BMDs for accessibility",Ballot Marking Devices for all voters,Hand-Fed Optical Scanners,Commercial Electronic Poll Book,Optical Scan,5285,8,5,county,true,"Verifier row is a county-level summary. polling-place system reports multiple values: Hand marked paper ballots, BMDs for accessibility; accessible voting system differs from standard polling-place system; absentee system differs from standard polling-place system. Do not infer every precinct or ballot mode used one identical setup.","polling-place system reports multiple values: Hand marked paper ballots, BMDs for accessibility | accessible voting system differs from standard polling-place system | absentee system differs from standard polling-place system",verified-voting-verifier-va-2024-equipment,https://verifiedvoting.org/verifier/#mode/navigate/map/voteEquip/mapType/ppEquip/year/2024/state/51,"Verified Voting Verifier data is jurisdiction-level election-administration context. Most rows are counties, but some states report state-level rows and some county rows can summarize mixed tabulation, accessible-device, absentee, poll-book, or other configurations. Treat it as source-linked context, not proof every precinct in a county used one identical setup, and not a turnout or vote-result source."
VA,2024,VA-099,King George County,county,Hart InterCivic,Hart InterCivic Verity Touch Writer +,Optical Scan,county_context,hand_marked_paper,"Hand marked paper ballots, BMDs for accessibility",Ballot Marking Devices for all voters,Hand-Fed Optical Scanners,Commercial Electronic Poll Book,Optical Scan,19803,7,5,county,true,"Verifier row is a county-level summary. polling-place system reports multiple values: Hand marked paper ballots, BMDs for accessibility; accessible voting system differs from standard polling-place system; absentee system differs from standard polling-place system. Do not infer every precinct or ballot mode used one identical setup.","polling-place system reports multiple values: Hand marked paper ballots, BMDs for accessibility | accessible voting system differs from standard polling-place system | absentee system differs from standard polling-place system",verified-voting-verifier-va-2024-equipment,https://verifiedvoting.org/verifier/#mode/navigate/map/voteEquip/mapType/ppEquip/year/2024/state/51,"Verified Voting Verifier data is jurisdiction-level election-administration context. Most rows are counties, but some states report state-level rows and some county rows can summarize mixed tabulation, accessible-device, absentee, poll-book, or other configurations. Treat it as source-linked context, not proof every precinct in a county used one identical setup, and not a turnout or vote-result source."
VA,2024,VA-101,King William County,county,ES&S,ES&S ExpressVote +,Optical Scan,county_context,hand_marked_paper,"Hand marked paper ballots, BMDs for accessibility",Ballot Marking Devices for all voters,Hand-Fed Optical Scanners,Commercial Electronic Poll Book,Optical Scan,14288,8,6,county,true,"Verifier row is a county-level summary. polling-place system reports multiple values: Hand marked paper ballots, BMDs for accessibility; accessible voting system differs from standard polling-place system; absentee system differs from standard polling-place system. Do not infer every precinct or ballot mode used one identical setup.","polling-place system reports multiple values: Hand marked paper ballots, BMDs for accessibility | accessible voting system differs from standard polling-place system | absentee system differs from standard polling-place system",verified-voting-verifier-va-2024-equipment,https://verifiedvoting.org/verifier/#mode/navigate/map/voteEquip/mapType/ppEquip/year/2024/state/51,"Verified Voting Verifier data is jurisdiction-level election-administration context. Most rows are counties, but some states report state-level rows and some county rows can summarize mixed tabulation, accessible-device, absentee, poll-book, or other configurations. Treat it as source-linked context, not proof every precinct in a county used one identical setup, and not a turnout or vote-result source."
VA,2024,VA-103,Lancaster County,county,Unisyn,Unisyn OpenElect OVI +,Optical Scan,county_context,hand_marked_paper,"Hand marked paper ballots, BMDs for accessibility",Ballot Marking Devices for all voters,Hand-Fed Optical Scanners,Commercial Electronic Poll Book,Optical Scan,9077,8,6,county,true,"Verifier row is a county-level summary. polling-place system reports multiple values: Hand marked paper ballots, BMDs for accessibility; accessible voting system differs from standard polling-place system; absentee system differs from standard polling-place system. Do not infer every precinct or ballot mode used one identical setup.","polling-place system reports multiple values: Hand marked paper ballots, BMDs for accessibility | accessible voting system differs from standard polling-place system | absentee system differs from standard polling-place system",verified-voting-verifier-va-2024-equipment,https://verifiedvoting.org/verifier/#mode/navigate/map/voteEquip/mapType/ppEquip/year/2024/state/51,"Verified Voting Verifier data is jurisdiction-level election-administration context. Most rows are counties, but some states report state-level rows and some county rows can summarize mixed tabulation, accessible-device, absentee, poll-book, or other configurations. Treat it as source-linked context, not proof every precinct in a county used one identical setup, and not a turnout or vote-result source."
VA,2024,VA-105,Lee County,county,Dominion,Dominion ImageCast Evolution +,Optical Scan,county_context,hand_marked_paper,"Hand marked paper ballots, BMDs for accessibility",Ballot Marking Devices for all voters,Hand-Fed Optical Scanners,In-House Electronic Poll Book,Optical Scan,15140,18,16,county,true,"Verifier row is a county-level summary. polling-place system reports multiple values: Hand marked paper ballots, BMDs for accessibility; accessible voting system differs from standard polling-place system; absentee system differs from standard polling-place system. Do not infer every precinct or ballot mode used one identical setup.","polling-place system reports multiple values: Hand marked paper ballots, BMDs for accessibility | accessible voting system differs from standard polling-place system | absentee system differs from standard polling-place system",verified-voting-verifier-va-2024-equipment,https://verifiedvoting.org/verifier/#mode/navigate/map/voteEquip/mapType/ppEquip/year/2024/state/51,"Verified Voting Verifier data is jurisdiction-level election-administration context. Most rows are counties, but some states report state-level rows and some county rows can summarize mixed tabulation, accessible-device, absentee, poll-book, or other configurations. Treat it as source-linked context, not proof every precinct in a county used one identical setup, and not a turnout or vote-result source."
VA,2024,VA-107,Loudoun County,county,Unisyn,Unisyn OpenElect FVT + Unisyn OpenElect OVI +,Optical Scan,county_context,hand_marked_paper,"Hand marked paper ballots, BMDs for accessibility",Ballot Marking Devices for all voters,Batch-Fed Optical Scanners,Commercial Electronic Poll Book,Optical Scan,284374,112,106,county,true,"Verifier row is a county-level summary. polling-place system reports multiple values: Hand marked paper ballots, BMDs for accessibility; accessible voting system differs from standard polling-place system; absentee system differs from standard polling-place system. Do not infer every precinct or ballot mode used one identical setup.","polling-place system reports multiple values: Hand marked paper ballots, BMDs for accessibility | accessible voting system differs from standard polling-place system | absentee system differs from standard polling-place system",verified-voting-verifier-va-2024-equipment,https://verifiedvoting.org/verifier/#mode/navigate/map/voteEquip/mapType/ppEquip/year/2024/state/51,"Verified Voting Verifier data is jurisdiction-level election-administration context. Most rows are counties, but some states report state-level rows and some county rows can summarize mixed tabulation, accessible-device, absentee, poll-book, or other configurations. Treat it as source-linked context, not proof every precinct in a county used one identical setup, and not a turnout or vote-result source."
VA,2024,VA-109,Louisa County,county,Dominion,Dominion ImageCast Evolution +,Optical Scan,county_context,hand_marked_paper,"Hand marked paper ballots, BMDs for accessibility",Ballot Marking Devices for all voters,Hand-Fed Optical Scanners,Commercial Electronic Poll Book,Optical Scan,30412,16,12,county,true,"Verifier row is a county-level summary. polling-place system reports multiple values: Hand marked paper ballots, BMDs for accessibility; accessible voting system differs from standard polling-place system; absentee system differs from standard polling-place system. Do not infer every precinct or ballot mode used one identical setup.","polling-place system reports multiple values: Hand marked paper ballots, BMDs for accessibility | accessible voting system differs from standard polling-place system | absentee system differs from standard polling-place system",verified-voting-verifier-va-2024-equipment,https://verifiedvoting.org/verifier/#mode/navigate/map/voteEquip/mapType/ppEquip/year/2024/state/51,"Verified Voting Verifier data is jurisdiction-level election-administration context. Most rows are counties, but some states report state-level rows and some county rows can summarize mixed tabulation, accessible-device, absentee, poll-book, or other configurations. Treat it as source-linked context, not proof every precinct in a county used one identical setup, and not a turnout or vote-result source."
VA,2024,VA-111,Lunenburg County,county,ES&S,ES&S ExpressVote +,Optical Scan,county_context,hand_marked_paper,"Hand marked paper ballots, BMDs for accessibility",Ballot Marking Devices for all voters,Hand-Fed Optical Scanners,Commercial Electronic Poll Book,Optical Scan,7956,13,11,county,true,"Verifier row is a county-level summary. polling-place system reports multiple values: Hand marked paper ballots, BMDs for accessibility; accessible voting system differs from standard polling-place system; absentee system differs from standard polling-place system. Do not infer every precinct or ballot mode used one identical setup.","polling-place system reports multiple values: Hand marked paper ballots, BMDs for accessibility | accessible voting system differs from standard polling-place system | absentee system differs from standard polling-place system",verified-voting-verifier-va-2024-equipment,https://verifiedvoting.org/verifier/#mode/navigate/map/voteEquip/mapType/ppEquip/year/2024/state/51,"Verified Voting Verifier data is jurisdiction-level election-administration context. Most rows are counties, but some states report state-level rows and some county rows can summarize mixed tabulation, accessible-device, absentee, poll-book, or other configurations. Treat it as source-linked context, not proof every precinct in a county used one identical setup, and not a turnout or vote-result source."
VA,2024,VA-113,Madison County,county,Hart InterCivic,Hart InterCivic Verity Touch Writer +,Optical Scan,county_context,hand_marked_paper,"Hand marked paper ballots, BMDs for accessibility",Ballot Marking Devices for all voters,Hand-Fed Optical Scanners,Commercial Electronic Poll Book,Optical Scan,10429,11,9,county,true,"Verifier row is a county-level summary. polling-place system reports multiple values: Hand marked paper ballots, BMDs for accessibility; accessible voting system differs from standard polling-place system; absentee system differs from standard polling-place system. Do not infer every precinct or ballot mode used one identical setup.","polling-place system reports multiple values: Hand marked paper ballots, BMDs for accessibility | accessible voting system differs from standard polling-place system | absentee system differs from standard polling-place system",verified-voting-verifier-va-2024-equipment,https://verifiedvoting.org/verifier/#mode/navigate/map/voteEquip/mapType/ppEquip/year/2024/state/51,"Verified Voting Verifier data is jurisdiction-level election-administration context. Most rows are counties, but some states report state-level rows and some county rows can summarize mixed tabulation, accessible-device, absentee, poll-book, or other configurations. Treat it as source-linked context, not proof every precinct in a county used one identical setup, and not a turnout or vote-result source."
VA,2024,VA-115,Mathews County,county,Unisyn,Unisyn OpenElect OVI +,Optical Scan,county_context,hand_marked_paper,"Hand marked paper ballots, BMDs for accessibility",Ballot Marking Devices for all voters,Hand-Fed Optical Scanners,Commercial Electronic Poll Book,Optical Scan,7284,5,3,county,true,"Verifier row is a county-level summary. polling-place system reports multiple values: Hand marked paper ballots, BMDs for accessibility; accessible voting system differs from standard polling-place system; absentee system differs from standard polling-place system. Do not infer every precinct or ballot mode used one identical setup.","polling-place system reports multiple values: Hand marked paper ballots, BMDs for accessibility | accessible voting system differs from standard polling-place system | absentee system differs from standard polling-place system",verified-voting-verifier-va-2024-equipment,https://verifiedvoting.org/verifier/#mode/navigate/map/voteEquip/mapType/ppEquip/year/2024/state/51,"Verified Voting Verifier data is jurisdiction-level election-administration context. Most rows are counties, but some states report state-level rows and some county rows can summarize mixed tabulation, accessible-device, absentee, poll-book, or other configurations. Treat it as source-linked context, not proof every precinct in a county used one identical setup, and not a turnout or vote-result source."
VA,2024,VA-117,Mecklenburg County,county,Dominion,Dominion ImageCast Evolution +,Optical Scan,county_context,hand_marked_paper,"Hand marked paper ballots, BMDs for accessibility",Ballot Marking Devices for all voters,Hand-Fed Optical Scanners,Commercial Electronic Poll Book,Optical Scan,21783,24,21,county,true,"Verifier row is a county-level summary. polling-place system reports multiple values: Hand marked paper ballots, BMDs for accessibility; accessible voting system differs from standard polling-place system; absentee system differs from standard polling-place system. Do not infer every precinct or ballot mode used one identical setup.","polling-place system reports multiple values: Hand marked paper ballots, BMDs for accessibility | accessible voting system differs from standard polling-place system | absentee system differs from standard polling-place system",verified-voting-verifier-va-2024-equipment,https://verifiedvoting.org/verifier/#mode/navigate/map/voteEquip/mapType/ppEquip/year/2024/state/51,"Verified Voting Verifier data is jurisdiction-level election-administration context. Most rows are counties, but some states report state-level rows and some county rows can summarize mixed tabulation, accessible-device, absentee, poll-book, or other configurations. Treat it as source-linked context, not proof every precinct in a county used one identical setup, and not a turnout or vote-result source."
VA,2024,VA-119,Middlesex County,county,Unisyn,Unisyn OpenElect OVI +,Optical Scan,county_context,hand_marked_paper,"Hand marked paper ballots, BMDs for accessibility",Ballot Marking Devices for all voters,Hand-Fed Optical Scanners,Commercial Electronic Poll Book,Optical Scan,8453,8,6,county,true,"Verifier row is a county-level summary. polling-place system reports multiple values: Hand marked paper ballots, BMDs for accessibility; accessible voting system differs from standard polling-place system; absentee system differs from standard polling-place system. Do not infer every precinct or ballot mode used one identical setup.","polling-place system reports multiple values: Hand marked paper ballots, BMDs for accessibility | accessible voting system differs from standard polling-place system | absentee system differs from standard polling-place system",verified-voting-verifier-va-2024-equipment,https://verifiedvoting.org/verifier/#mode/navigate/map/voteEquip/mapType/ppEquip/year/2024/state/51,"Verified Voting Verifier data is jurisdiction-level election-administration context. Most rows are counties, but some states report state-level rows and some county rows can summarize mixed tabulation, accessible-device, absentee, poll-book, or other configurations. Treat it as source-linked context, not proof every precinct in a county used one identical setup, and not a turnout or vote-result source."
VA,2024,VA-121,Montgomery County,county,Unisyn,Unisyn OpenElect FVT +,Optical Scan,county_context,hand_marked_paper,"Hand marked paper ballots, BMDs for accessibility",Ballot Marking Devices for all voters,Batch-Fed Optical Scanners,Commercial Electronic Poll Book,Optical Scan,57768,32,27,county,true,"Verifier row is a county-level summary. polling-place system reports multiple values: Hand marked paper ballots, BMDs for accessibility; accessible voting system differs from standard polling-place system; absentee system differs from standard polling-place system. Do not infer every precinct or ballot mode used one identical setup.","polling-place system reports multiple values: Hand marked paper ballots, BMDs for accessibility | accessible voting system differs from standard polling-place system | absentee system differs from standard polling-place system",verified-voting-verifier-va-2024-equipment,https://verifiedvoting.org/verifier/#mode/navigate/map/voteEquip/mapType/ppEquip/year/2024/state/51,"Verified Voting Verifier data is jurisdiction-level election-administration context. Most rows are counties, but some states report state-level rows and some county rows can summarize mixed tabulation, accessible-device, absentee, poll-book, or other configurations. Treat it as source-linked context, not proof every precinct in a county used one identical setup, and not a turnout or vote-result source."
VA,2024,VA-125,Nelson County,county,Unisyn,Unisyn OpenElect OVI +,Optical Scan,county_context,hand_marked_paper,"Hand marked paper ballots, BMDs for accessibility",Ballot Marking Devices for all voters,Hand-Fed Optical Scanners,Commercial Electronic Poll Book,Optical Scan,11650,11,9,county,true,"Verifier row is a county-level summary. polling-place system reports multiple values: Hand marked paper ballots, BMDs for accessibility; accessible voting system differs from standard polling-place system; absentee system differs from standard polling-place system. Do not infer every precinct or ballot mode used one identical setup.","polling-place system reports multiple values: Hand marked paper ballots, BMDs for accessibility | accessible voting system differs from standard polling-place system | absentee system differs from standard polling-place system",verified-voting-verifier-va-2024-equipment,https://verifiedvoting.org/verifier/#mode/navigate/map/voteEquip/mapType/ppEquip/year/2024/state/51,"Verified Voting Verifier data is jurisdiction-level election-administration context. Most rows are counties, but some states report state-level rows and some county rows can summarize mixed tabulation, accessible-device, absentee, poll-book, or other configurations. Treat it as source-linked context, not proof every precinct in a county used one identical setup, and not a turnout or vote-result source."
VA,2024,VA-127,New Kent County,county,ES&S,ES&S ExpressVote +,Optical Scan,county_context,hand_marked_paper,"Hand marked paper ballots, BMDs for accessibility",Ballot Marking Devices for all voters,Hand-Fed Optical Scanners,Commercial Electronic Poll Book,Optical Scan,19963,12,10,county,true,"Verifier row is a county-level summary. polling-place system reports multiple values: Hand marked paper ballots, BMDs for accessibility; accessible voting system differs from standard polling-place system; absentee system differs from standard polling-place system. Do not infer every precinct or ballot mode used one identical setup.","polling-place system reports multiple values: Hand marked paper ballots, BMDs for accessibility | accessible voting system differs from standard polling-place system | absentee system differs from standard polling-place system",verified-voting-verifier-va-2024-equipment,https://verifiedvoting.org/verifier/#mode/navigate/map/voteEquip/mapType/ppEquip/year/2024/state/51,"Verified Voting Verifier data is jurisdiction-level election-administration context. Most rows are counties, but some states report state-level rows and some county rows can summarize mixed tabulation, accessible-device, absentee, poll-book, or other configurations. Treat it as source-linked context, not proof every precinct in a county used one identical setup, and not a turnout or vote-result source."
VA,2024,VA-131,Northampton County,county,Unisyn,Unisyn OpenElect OVI +,Optical Scan,county_context,hand_marked_paper,"Hand marked paper ballots, BMDs for accessibility",Ballot Marking Devices for all voters,Hand-Fed Optical Scanners,Commercial Electronic Poll Book,Optical Scan,9493,7,5,county,true,"Verifier row is a county-level summary. polling-place system reports multiple values: Hand marked paper ballots, BMDs for accessibility; accessible voting system differs from standard polling-place system; absentee system differs from standard polling-place system. Do not infer every precinct or ballot mode used one identical setup.","polling-place system reports multiple values: Hand marked paper ballots, BMDs for accessibility | accessible voting system differs from standard polling-place system | absentee system differs from standard polling-place system",verified-voting-verifier-va-2024-equipment,https://verifiedvoting.org/verifier/#mode/navigate/map/voteEquip/mapType/ppEquip/year/2024/state/51,"Verified Voting Verifier data is jurisdiction-level election-administration context. Most rows are counties, but some states report state-level rows and some county rows can summarize mixed tabulation, accessible-device, absentee, poll-book, or other configurations. Treat it as source-linked context, not proof every precinct in a county used one identical setup, and not a turnout or vote-result source."
VA,2024,VA-133,Northumberland County,county,Hart InterCivic,Hart InterCivic Verity Touch Writer +,Optical Scan,county_context,hand_marked_paper,"Hand marked paper ballots, BMDs for accessibility",Ballot Marking Devices for all voters,Hand-Fed Optical Scanners,Commercial Electronic Poll Book,Optical Scan,10179,7,5,county,true,"Verifier row is a county-level summary. polling-place system reports multiple values: Hand marked paper ballots, BMDs for accessibility; accessible voting system differs from standard polling-place system; absentee system differs from standard polling-place system. Do not infer every precinct or ballot mode used one identical setup.","polling-place system reports multiple values: Hand marked paper ballots, BMDs for accessibility | accessible voting system differs from standard polling-place system | absentee system differs from standard polling-place system",verified-voting-verifier-va-2024-equipment,https://verifiedvoting.org/verifier/#mode/navigate/map/voteEquip/mapType/ppEquip/year/2024/state/51,"Verified Voting Verifier data is jurisdiction-level election-administration context. Most rows are counties, but some states report state-level rows and some county rows can summarize mixed tabulation, accessible-device, absentee, poll-book, or other configurations. Treat it as source-linked context, not proof every precinct in a county used one identical setup, and not a turnout or vote-result source."
VA,2024,VA-135,Nottoway County,county,Dominion,Dominion ImageCast Evolution +,Optical Scan,county_context,hand_marked_paper,"Hand marked paper ballots, BMDs for accessibility",Ballot Marking Devices for all voters,Hand-Fed Optical Scanners,In-House Electronic Poll Book,Optical Scan,9274,10,7,county,true,"Verifier row is a county-level summary. polling-place system reports multiple values: Hand marked paper ballots, BMDs for accessibility; accessible voting system differs from standard polling-place system; absentee system differs from standard polling-place system. Do not infer every precinct or ballot mode used one identical setup.","polling-place system reports multiple values: Hand marked paper ballots, BMDs for accessibility | accessible voting system differs from standard polling-place system | absentee system differs from standard polling-place system",verified-voting-verifier-va-2024-equipment,https://verifiedvoting.org/verifier/#mode/navigate/map/voteEquip/mapType/ppEquip/year/2024/state/51,"Verified Voting Verifier data is jurisdiction-level election-administration context. Most rows are counties, but some states report state-level rows and some county rows can summarize mixed tabulation, accessible-device, absentee, poll-book, or other configurations. Treat it as source-linked context, not proof every precinct in a county used one identical setup, and not a turnout or vote-result source."
VA,2024,VA-137,Orange County,county,Unisyn,Unisyn OpenElect OVI +,Optical Scan,county_context,hand_marked_paper,"Hand marked paper ballots, BMDs for accessibility",Ballot Marking Devices for all voters,Hand-Fed Optical Scanners,Commercial Electronic Poll Book,Optical Scan,28631,14,12,county,true,"Verifier row is a county-level summary. polling-place system reports multiple values: Hand marked paper ballots, BMDs for accessibility; accessible voting system differs from standard polling-place system; absentee system differs from standard polling-place system. Do not infer every precinct or ballot mode used one identical setup.","polling-place system reports multiple values: Hand marked paper ballots, BMDs for accessibility | accessible voting system differs from standard polling-place system | absentee system differs from standard polling-place system",verified-voting-verifier-va-2024-equipment,https://verifiedvoting.org/verifier/#mode/navigate/map/voteEquip/mapType/ppEquip/year/2024/state/51,"Verified Voting Verifier data is jurisdiction-level election-administration context. Most rows are counties, but some states report state-level rows and some county rows can summarize mixed tabulation, accessible-device, absentee, poll-book, or other configurations. Treat it as source-linked context, not proof every precinct in a county used one identical setup, and not a turnout or vote-result source."
VA,2024,VA-139,Page County,county,Dominion,Dominion ImageCast Evolution +,Optical Scan,county_context,hand_marked_paper,"Hand marked paper ballots, BMDs for accessibility",Ballot Marking Devices for all voters,Hand-Fed Optical Scanners,Commercial Electronic Poll Book,Optical Scan,17170,8,5,county,true,"Verifier row is a county-level summary. polling-place system reports multiple values: Hand marked paper ballots, BMDs for accessibility; accessible voting system differs from standard polling-place system; absentee system differs from standard polling-place system. Do not infer every precinct or ballot mode used one identical setup.","polling-place system reports multiple values: Hand marked paper ballots, BMDs for accessibility | accessible voting system differs from standard polling-place system | absentee system differs from standard polling-place system",verified-voting-verifier-va-2024-equipment,https://verifiedvoting.org/verifier/#mode/navigate/map/voteEquip/mapType/ppEquip/year/2024/state/51,"Verified Voting Verifier data is jurisdiction-level election-administration context. Most rows are counties, but some states report state-level rows and some county rows can summarize mixed tabulation, accessible-device, absentee, poll-book, or other configurations. Treat it as source-linked context, not proof every precinct in a county used one identical setup, and not a turnout or vote-result source."
VA,2024,VA-141,Patrick County,county,ES&S,ES&S ExpressVote +,Optical Scan,county_context,hand_marked_paper,"Hand marked paper ballots, BMDs for accessibility",Ballot Marking Devices for all voters,Hand-Fed Optical Scanners,Commercial Electronic Poll Book,Optical Scan,12884,15,13,county,true,"Verifier row is a county-level summary. polling-place system reports multiple values: Hand marked paper ballots, BMDs for accessibility; accessible voting system differs from standard polling-place system; absentee system differs from standard polling-place system. Do not infer every precinct or ballot mode used one identical setup.","polling-place system reports multiple values: Hand marked paper ballots, BMDs for accessibility | accessible voting system differs from standard polling-place system | absentee system differs from standard polling-place system",verified-voting-verifier-va-2024-equipment,https://verifiedvoting.org/verifier/#mode/navigate/map/voteEquip/mapType/ppEquip/year/2024/state/51,"Verified Voting Verifier data is jurisdiction-level election-administration context. Most rows are counties, but some states report state-level rows and some county rows can summarize mixed tabulation, accessible-device, absentee, poll-book, or other configurations. Treat it as source-linked context, not proof every precinct in a county used one identical setup, and not a turnout or vote-result source."
VA,2024,VA-143,Pittsylvania County,county,ES&S,ES&S ExpressVote +,Optical Scan,county_context,hand_marked_paper,"Hand marked paper ballots, BMDs for accessibility",Ballot Marking Devices for all voters,Hand-Fed Optical Scanners,Commercial Electronic Poll Book,Optical Scan,44380,31,29,county,true,"Verifier row is a county-level summary. polling-place system reports multiple values: Hand marked paper ballots, BMDs for accessibility; accessible voting system differs from standard polling-place system; absentee system differs from standard polling-place system. Do not infer every precinct or ballot mode used one identical setup.","polling-place system reports multiple values: Hand marked paper ballots, BMDs for accessibility | accessible voting system differs from standard polling-place system | absentee system differs from standard polling-place system",verified-voting-verifier-va-2024-equipment,https://verifiedvoting.org/verifier/#mode/navigate/map/voteEquip/mapType/ppEquip/year/2024/state/51,"Verified Voting Verifier data is jurisdiction-level election-administration context. Most rows are counties, but some states report state-level rows and some county rows can summarize mixed tabulation, accessible-device, absentee, poll-book, or other configurations. Treat it as source-linked context, not proof every precinct in a county used one identical setup, and not a turnout or vote-result source."
VA,2024,VA-145,Powhatan County,county,Unisyn,Unisyn OpenElect OVI +,Optical Scan,county_context,hand_marked_paper,"Hand marked paper ballots, BMDs for accessibility",Ballot Marking Devices for all voters,Hand-Fed Optical Scanners,Commercial Electronic Poll Book,Optical Scan,24562,14,12,county,true,"Verifier row is a county-level summary. polling-place system reports multiple values: Hand marked paper ballots, BMDs for accessibility; accessible voting system differs from standard polling-place system; absentee system differs from standard polling-place system. Do not infer every precinct or ballot mode used one identical setup.","polling-place system reports multiple values: Hand marked paper ballots, BMDs for accessibility | accessible voting system differs from standard polling-place system | absentee system differs from standard polling-place system",verified-voting-verifier-va-2024-equipment,https://verifiedvoting.org/verifier/#mode/navigate/map/voteEquip/mapType/ppEquip/year/2024/state/51,"Verified Voting Verifier data is jurisdiction-level election-administration context. Most rows are counties, but some states report state-level rows and some county rows can summarize mixed tabulation, accessible-device, absentee, poll-book, or other configurations. Treat it as source-linked context, not proof every precinct in a county used one identical setup, and not a turnout or vote-result source."
VA,2024,VA-147,Prince Edward County,county,ES&S,ES&S ExpressVote +,Optical Scan,county_context,hand_marked_paper,"Hand marked paper ballots, BMDs for accessibility",Ballot Marking Devices for all voters,Hand-Fed Optical Scanners,Commercial Electronic Poll Book,Optical Scan,13130,12,10,county,true,"Verifier row is a county-level summary. polling-place system reports multiple values: Hand marked paper ballots, BMDs for accessibility; accessible voting system differs from standard polling-place system; absentee system differs from standard polling-place system. Do not infer every precinct or ballot mode used one identical setup.","polling-place system reports multiple values: Hand marked paper ballots, BMDs for accessibility | accessible voting system differs from standard polling-place system | absentee system differs from standard polling-place system",verified-voting-verifier-va-2024-equipment,https://verifiedvoting.org/verifier/#mode/navigate/map/voteEquip/mapType/ppEquip/year/2024/state/51,"Verified Voting Verifier data is jurisdiction-level election-administration context. Most rows are counties, but some states report state-level rows and some county rows can summarize mixed tabulation, accessible-device, absentee, poll-book, or other configurations. Treat it as source-linked context, not proof every precinct in a county used one identical setup, and not a turnout or vote-result source."
VA,2024,VA-149,Prince George County,county,ES&S,ES&S ExpressVote +,Optical Scan,county_context,hand_marked_paper,"Hand marked paper ballots, BMDs for accessibility",Ballot Marking Devices for all voters,Hand-Fed Optical Scanners,Commercial Electronic Poll Book,Optical Scan,23913,12,10,county,true,"Verifier row is a county-level summary. polling-place system reports multiple values: Hand marked paper ballots, BMDs for accessibility; accessible voting system differs from standard polling-place system; absentee system differs from standard polling-place system. Do not infer every precinct or ballot mode used one identical setup.","polling-place system reports multiple values: Hand marked paper ballots, BMDs for accessibility | accessible voting system differs from standard polling-place system | absentee system differs from standard polling-place system",verified-voting-verifier-va-2024-equipment,https://verifiedvoting.org/verifier/#mode/navigate/map/voteEquip/mapType/ppEquip/year/2024/state/51,"Verified Voting Verifier data is jurisdiction-level election-administration context. Most rows are counties, but some states report state-level rows and some county rows can summarize mixed tabulation, accessible-device, absentee, poll-book, or other configurations. Treat it as source-linked context, not proof every precinct in a county used one identical setup, and not a turnout or vote-result source."
VA,2024,VA-153,Prince William County,county,Hart InterCivic,Hart InterCivic Verity Touch Writer +,Optical Scan,county_context,hand_marked_paper,"Hand marked paper ballots, BMDs for accessibility",Ballot Marking Devices for all voters,Batch-Fed Optical Scanners,Commercial Electronic Poll Book,Optical Scan,302789,110,102,county,true,"Verifier row is a county-level summary. polling-place system reports multiple values: Hand marked paper ballots, BMDs for accessibility; accessible voting system differs from standard polling-place system; absentee system differs from standard polling-place system. Do not infer every precinct or ballot mode used one identical setup.","polling-place system reports multiple values: Hand marked paper ballots, BMDs for accessibility | accessible voting system differs from standard polling-place system | absentee system differs from standard polling-place system",verified-voting-verifier-va-2024-equipment,https://verifiedvoting.org/verifier/#mode/navigate/map/voteEquip/mapType/ppEquip/year/2024/state/51,"Verified Voting Verifier data is jurisdiction-level election-administration context. Most rows are counties, but some states report state-level rows and some county rows can summarize mixed tabulation, accessible-device, absentee, poll-book, or other configurations. Treat it as source-linked context, not proof every precinct in a county used one identical setup, and not a turnout or vote-result source."
VA,2024,VA-155,Pulaski County,county,ES&S,ES&S ExpressVote +,Optical Scan,county_context,hand_marked_paper,"Hand marked paper ballots, BMDs for accessibility",Ballot Marking Devices for all voters,Hand-Fed Optical Scanners,Commercial Electronic Poll Book,Optical Scan,23433,15,12,county,true,"Verifier row is a county-level summary. polling-place system reports multiple values: Hand marked paper ballots, BMDs for accessibility; accessible voting system differs from standard polling-place system; absentee system differs from standard polling-place system. Do not infer every precinct or ballot mode used one identical setup.","polling-place system reports multiple values: Hand marked paper ballots, BMDs for accessibility | accessible voting system differs from standard polling-place system | absentee system differs from standard polling-place system",verified-voting-verifier-va-2024-equipment,https://verifiedvoting.org/verifier/#mode/navigate/map/voteEquip/mapType/ppEquip/year/2024/state/51,"Verified Voting Verifier data is jurisdiction-level election-administration context. Most rows are counties, but some states report state-level rows and some county rows can summarize mixed tabulation, accessible-device, absentee, poll-book, or other configurations. Treat it as source-linked context, not proof every precinct in a county used one identical setup, and not a turnout or vote-result source."
VA,2024,VA-157,Rappahannock County,county,Dominion,Dominion ImageCast Precinct BMD +,Optical Scan,county_context,hand_marked_paper,"Hand marked paper ballots, BMDs for accessibility",Ballot Marking Devices for all voters,Hand-Fed Optical Scanners,Commercial Electronic Poll Book,Optical Scan,6040,8,6,county,true,"Verifier row is a county-level summary. polling-place system reports multiple values: Hand marked paper ballots, BMDs for accessibility; accessible voting system differs from standard polling-place system; absentee system differs from standard polling-place system. Do not infer every precinct or ballot mode used one identical setup.","polling-place system reports multiple values: Hand marked paper ballots, BMDs for accessibility | accessible voting system differs from standard polling-place system | absentee system differs from standard polling-place system",verified-voting-verifier-va-2024-equipment,https://verifiedvoting.org/verifier/#mode/navigate/map/voteEquip/mapType/ppEquip/year/2024/state/51,"Verified Voting Verifier data is jurisdiction-level election-administration context. Most rows are counties, but some states report state-level rows and some county rows can summarize mixed tabulation, accessible-device, absentee, poll-book, or other configurations. Treat it as source-linked context, not proof every precinct in a county used one identical setup, and not a turnout or vote-result source."
VA,2024,VA-159,Richmond County,county,Hart InterCivic,Hart InterCivic Verity Touch Writer +,Optical Scan,county_context,hand_marked_paper,"Hand marked paper ballots, BMDs for accessibility",Ballot Marking Devices for all voters,Hand-Fed Optical Scanners,Paper Poll Book,Optical Scan,5544,7,5,county,true,"Verifier row is a county-level summary. polling-place system reports multiple values: Hand marked paper ballots, BMDs for accessibility; accessible voting system differs from standard polling-place system; absentee system differs from standard polling-place system. Do not infer every precinct or ballot mode used one identical setup.","polling-place system reports multiple values: Hand marked paper ballots, BMDs for accessibility | accessible voting system differs from standard polling-place system | absentee system differs from standard polling-place system",verified-voting-verifier-va-2024-equipment,https://verifiedvoting.org/verifier/#mode/navigate/map/voteEquip/mapType/ppEquip/year/2024/state/51,"Verified Voting Verifier data is jurisdiction-level election-administration context. Most rows are counties, but some states report state-level rows and some county rows can summarize mixed tabulation, accessible-device, absentee, poll-book, or other configurations. Treat it as source-linked context, not proof every precinct in a county used one identical setup, and not a turnout or vote-result source."
VA,2024,VA-161,Roanoke County,county,Unisyn,Unisyn OpenElect FVT +,Optical Scan,county_context,hand_marked_paper,"Hand marked paper ballots, BMDs for accessibility",Ballot Marking Devices for all voters,Hand-Fed Optical Scanners,Commercial Electronic Poll Book,Optical Scan,70997,36,33,county,true,"Verifier row is a county-level summary. polling-place system reports multiple values: Hand marked paper ballots, BMDs for accessibility; accessible voting system differs from standard polling-place system; absentee system differs from standard polling-place system. Do not infer every precinct or ballot mode used one identical setup.","polling-place system reports multiple values: Hand marked paper ballots, BMDs for accessibility | accessible voting system differs from standard polling-place system | absentee system differs from standard polling-place system",verified-voting-verifier-va-2024-equipment,https://verifiedvoting.org/verifier/#mode/navigate/map/voteEquip/mapType/ppEquip/year/2024/state/51,"Verified Voting Verifier data is jurisdiction-level election-administration context. Most rows are counties, but some states report state-level rows and some county rows can summarize mixed tabulation, accessible-device, absentee, poll-book, or other configurations. Treat it as source-linked context, not proof every precinct in a county used one identical setup, and not a turnout or vote-result source."
VA,2024,VA-163,Rockbridge County,county,Hart InterCivic,Hart InterCivic Verity Touch Writer +,Optical Scan,county_context,hand_marked_paper,"Hand marked paper ballots, BMDs for accessibility",Ballot Marking Devices for all voters,Hand-Fed Optical Scanners,Commercial Electronic Poll Book,Optical Scan,16348,19,16,county,true,"Verifier row is a county-level summary. polling-place system reports multiple values: Hand marked paper ballots, BMDs for accessibility; accessible voting system differs from standard polling-place system; absentee system differs from standard polling-place system. Do not infer every precinct or ballot mode used one identical setup.","polling-place system reports multiple values: Hand marked paper ballots, BMDs for accessibility | accessible voting system differs from standard polling-place system | absentee system differs from standard polling-place system",verified-voting-verifier-va-2024-equipment,https://verifiedvoting.org/verifier/#mode/navigate/map/voteEquip/mapType/ppEquip/year/2024/state/51,"Verified Voting Verifier data is jurisdiction-level election-administration context. Most rows are counties, but some states report state-level rows and some county rows can summarize mixed tabulation, accessible-device, absentee, poll-book, or other configurations. Treat it as source-linked context, not proof every precinct in a county used one identical setup, and not a turnout or vote-result source."
VA,2024,VA-165,Rockingham County,county,Unisyn,Unisyn OpenElect FVT +,Optical Scan,county_context,hand_marked_paper,"Hand marked paper ballots, BMDs for accessibility",Ballot Marking Devices for all voters,Hand-Fed Optical Scanners,Commercial Electronic Poll Book,Optical Scan,56945,31,29,county,true,"Verifier row is a county-level summary. polling-place system reports multiple values: Hand marked paper ballots, BMDs for accessibility; accessible voting system differs from standard polling-place system; absentee system differs from standard polling-place system. Do not infer every precinct or ballot mode used one identical setup.","polling-place system reports multiple values: Hand marked paper ballots, BMDs for accessibility | accessible voting system differs from standard polling-place system | absentee system differs from standard polling-place system",verified-voting-verifier-va-2024-equipment,https://verifiedvoting.org/verifier/#mode/navigate/map/voteEquip/mapType/ppEquip/year/2024/state/51,"Verified Voting Verifier data is jurisdiction-level election-administration context. Most rows are counties, but some states report state-level rows and some county rows can summarize mixed tabulation, accessible-device, absentee, poll-book, or other configurations. Treat it as source-linked context, not proof every precinct in a county used one identical setup, and not a turnout or vote-result source."
VA,2024,VA-167,Russell County,county,Dominion,Dominion ImageCast Evolution +,Optical Scan,county_context,hand_marked_paper,"Hand marked paper ballots, BMDs for accessibility",Ballot Marking Devices for all voters,Hand-Fed Optical Scanners,In-House Electronic Poll Book,Optical Scan,18883,17,14,county,true,"Verifier row is a county-level summary. polling-place system reports multiple values: Hand marked paper ballots, BMDs for accessibility; accessible voting system differs from standard polling-place system; absentee system differs from standard polling-place system. Do not infer every precinct or ballot mode used one identical setup.","polling-place system reports multiple values: Hand marked paper ballots, BMDs for accessibility | accessible voting system differs from standard polling-place system | absentee system differs from standard polling-place system",verified-voting-verifier-va-2024-equipment,https://verifiedvoting.org/verifier/#mode/navigate/map/voteEquip/mapType/ppEquip/year/2024/state/51,"Verified Voting Verifier data is jurisdiction-level election-administration context. Most rows are counties, but some states report state-level rows and some county rows can summarize mixed tabulation, accessible-device, absentee, poll-book, or other configurations. Treat it as source-linked context, not proof every precinct in a county used one identical setup, and not a turnout or vote-result source."
VA,2024,VA-169,Scott County,county,Dominion,Dominion ImageCast Evolution +,Optical Scan,county_context,hand_marked_paper,"Hand marked paper ballots, BMDs for accessibility",Ballot Marking Devices for all voters,Hand-Fed Optical Scanners,Commercial Electronic Poll Book,Optical Scan,15749,19,17,county,true,"Verifier row is a county-level summary. polling-place system reports multiple values: Hand marked paper ballots, BMDs for accessibility; accessible voting system differs from standard polling-place system; absentee system differs from standard polling-place system. Do not infer every precinct or ballot mode used one identical setup.","polling-place system reports multiple values: Hand marked paper ballots, BMDs for accessibility | accessible voting system differs from standard polling-place system | absentee system differs from standard polling-place system",verified-voting-verifier-va-2024-equipment,https://verifiedvoting.org/verifier/#mode/navigate/map/voteEquip/mapType/ppEquip/year/2024/state/51,"Verified Voting Verifier data is jurisdiction-level election-administration context. Most rows are counties, but some states report state-level rows and some county rows can summarize mixed tabulation, accessible-device, absentee, poll-book, or other configurations. Treat it as source-linked context, not proof every precinct in a county used one identical setup, and not a turnout or vote-result source."
VA,2024,VA-171,Shenandoah County,county,Unisyn,Unisyn OpenElect FVT + Unisyn OpenElect OVI +,Optical Scan,county_context,hand_marked_paper,"Hand marked paper ballots, BMDs for accessibility",Ballot Marking Devices for all voters,Hand-Fed Optical Scanners,Commercial Electronic Poll Book,Optical Scan,31959,16,12,county,true,"Verifier row is a county-level summary. polling-place system reports multiple values: Hand marked paper ballots, BMDs for accessibility; accessible voting system differs from standard polling-place system; absentee system differs from standard polling-place system. Do not infer every precinct or ballot mode used one identical setup.","polling-place system reports multiple values: Hand marked paper ballots, BMDs for accessibility | accessible voting system differs from standard polling-place system | absentee system differs from standard polling-place system",verified-voting-verifier-va-2024-equipment,https://verifiedvoting.org/verifier/#mode/navigate/map/voteEquip/mapType/ppEquip/year/2024/state/51,"Verified Voting Verifier data is jurisdiction-level election-administration context. Most rows are counties, but some states report state-level rows and some county rows can summarize mixed tabulation, accessible-device, absentee, poll-book, or other configurations. Treat it as source-linked context, not proof every precinct in a county used one identical setup, and not a turnout or vote-result source."
VA,2024,VA-173,Smyth County,county,Dominion,Dominion ImageCast Evolution +,Optical Scan,county_context,hand_marked_paper,"Hand marked paper ballots, BMDs for accessibility",Ballot Marking Devices for all voters,Hand-Fed Optical Scanners,In-House Electronic Poll Book,Optical Scan,19863,14,11,county,true,"Verifier row is a county-level summary. polling-place system reports multiple values: Hand marked paper ballots, BMDs for accessibility; accessible voting system differs from standard polling-place system; absentee system differs from standard polling-place system. Do not infer every precinct or ballot mode used one identical setup.","polling-place system reports multiple values: Hand marked paper ballots, BMDs for accessibility | accessible voting system differs from standard polling-place system | absentee system differs from standard polling-place system",verified-voting-verifier-va-2024-equipment,https://verifiedvoting.org/verifier/#mode/navigate/map/voteEquip/mapType/ppEquip/year/2024/state/51,"Verified Voting Verifier data is jurisdiction-level election-administration context. Most rows are counties, but some states report state-level rows and some county rows can summarize mixed tabulation, accessible-device, absentee, poll-book, or other configurations. Treat it as source-linked context, not proof every precinct in a county used one identical setup, and not a turnout or vote-result source."
VA,2024,VA-175,Southampton County,county,ES&S,ES&S ExpressVote +,Optical Scan,county_context,hand_marked_paper,"Hand marked paper ballots, BMDs for accessibility",Ballot Marking Devices for all voters,Hand-Fed Optical Scanners,Commercial Electronic Poll Book,Optical Scan,12877,13,11,county,true,"Verifier row is a county-level summary. polling-place system reports multiple values: Hand marked paper ballots, BMDs for accessibility; accessible voting system differs from standard polling-place system; absentee system differs from standard polling-place system. Do not infer every precinct or ballot mode used one identical setup.","polling-place system reports multiple values: Hand marked paper ballots, BMDs for accessibility | accessible voting system differs from standard polling-place system | absentee system differs from standard polling-place system",verified-voting-verifier-va-2024-equipment,https://verifiedvoting.org/verifier/#mode/navigate/map/voteEquip/mapType/ppEquip/year/2024/state/51,"Verified Voting Verifier data is jurisdiction-level election-administration context. Most rows are counties, but some states report state-level rows and some county rows can summarize mixed tabulation, accessible-device, absentee, poll-book, or other configurations. Treat it as source-linked context, not proof every precinct in a county used one identical setup, and not a turnout or vote-result source."
VA,2024,VA-177,Spotsylvania County,county,ES&S,ES&S ExpressVote +,Optical Scan,county_context,hand_marked_paper,"Hand marked paper ballots, BMDs for accessibility",Ballot Marking Devices for all voters,Hand-Fed Optical Scanners,Commercial Electronic Poll Book,Optical Scan,105387,32,29,county,true,"Verifier row is a county-level summary. polling-place system reports multiple values: Hand marked paper ballots, BMDs for accessibility; accessible voting system differs from standard polling-place system; absentee system differs from standard polling-place system. Do not infer every precinct or ballot mode used one identical setup.","polling-place system reports multiple values: Hand marked paper ballots, BMDs for accessibility | accessible voting system differs from standard polling-place system | absentee system differs from standard polling-place system",verified-voting-verifier-va-2024-equipment,https://verifiedvoting.org/verifier/#mode/navigate/map/voteEquip/mapType/ppEquip/year/2024/state/51,"Verified Voting Verifier data is jurisdiction-level election-administration context. Most rows are counties, but some states report state-level rows and some county rows can summarize mixed tabulation, accessible-device, absentee, poll-book, or other configurations. Treat it as source-linked context, not proof every precinct in a county used one identical setup, and not a turnout or vote-result source."
VA,2024,VA-179,Stafford County,county,ES&S,ES&S ExpressVote +,Optical Scan,county_context,hand_marked_paper,"Hand marked paper ballots, BMDs for accessibility",Ballot Marking Devices for all voters,Hand-Fed Optical Scanners,Commercial Electronic Poll Book,Optical Scan,109566,39,37,county,true,"Verifier row is a county-level summary. polling-place system reports multiple values: Hand marked paper ballots, BMDs for accessibility; accessible voting system differs from standard polling-place system; absentee system differs from standard polling-place system. Do not infer every precinct or ballot mode used one identical setup.","polling-place system reports multiple values: Hand marked paper ballots, BMDs for accessibility | accessible voting system differs from standard polling-place system | absentee system differs from standard polling-place system",verified-voting-verifier-va-2024-equipment,https://verifiedvoting.org/verifier/#mode/navigate/map/voteEquip/mapType/ppEquip/year/2024/state/51,"Verified Voting Verifier data is jurisdiction-level election-administration context. Most rows are counties, but some states report state-level rows and some county rows can summarize mixed tabulation, accessible-device, absentee, poll-book, or other configurations. Treat it as source-linked context, not proof every precinct in a county used one identical setup, and not a turnout or vote-result source."
VA,2024,VA-181,Surry County,county,ES&S,ES&S ExpressVote +,Optical Scan,county_context,hand_marked_paper,"Hand marked paper ballots, BMDs for accessibility",Ballot Marking Devices for all voters,Hand-Fed Optical Scanners,Commercial Electronic Poll Book,Optical Scan,5594,8,6,county,true,"Verifier row is a county-level summary. polling-place system reports multiple values: Hand marked paper ballots, BMDs for accessibility; accessible voting system differs from standard polling-place system; absentee system differs from standard polling-place system. Do not infer every precinct or ballot mode used one identical setup.","polling-place system reports multiple values: Hand marked paper ballots, BMDs for accessibility | accessible voting system differs from standard polling-place system | absentee system differs from standard polling-place system",verified-voting-verifier-va-2024-equipment,https://verifiedvoting.org/verifier/#mode/navigate/map/voteEquip/mapType/ppEquip/year/2024/state/51,"Verified Voting Verifier data is jurisdiction-level election-administration context. Most rows are counties, but some states report state-level rows and some county rows can summarize mixed tabulation, accessible-device, absentee, poll-book, or other configurations. Treat it as source-linked context, not proof every precinct in a county used one identical setup, and not a turnout or vote-result source."
VA,2024,VA-183,Sussex County,county,ES&S,ES&S ExpressVote +,Optical Scan,county_context,hand_marked_paper,"Hand marked paper ballots, BMDs for accessibility",Ballot Marking Devices for all voters,Hand-Fed Optical Scanners,Paper Poll Book,Optical Scan,6879,12,9,county,true,"Verifier row is a county-level summary. polling-place system reports multiple values: Hand marked paper ballots, BMDs for accessibility; accessible voting system differs from standard polling-place system; absentee system differs from standard polling-place system. Do not infer every precinct or ballot mode used one identical setup.","polling-place system reports multiple values: Hand marked paper ballots, BMDs for accessibility | accessible voting system differs from standard polling-place system | absentee system differs from standard polling-place system",verified-voting-verifier-va-2024-equipment,https://verifiedvoting.org/verifier/#mode/navigate/map/voteEquip/mapType/ppEquip/year/2024/state/51,"Verified Voting Verifier data is jurisdiction-level election-administration context. Most rows are counties, but some states report state-level rows and some county rows can summarize mixed tabulation, accessible-device, absentee, poll-book, or other configurations. Treat it as source-linked context, not proof every precinct in a county used one identical setup, and not a turnout or vote-result source."
VA,2024,VA-185,Tazewell County,county,ES&S,ES&S ExpressVote +,Optical Scan,county_context,hand_marked_paper,"Hand marked paper ballots, BMDs for accessibility",Ballot Marking Devices for all voters,Hand-Fed Optical Scanners,Commercial Electronic Poll Book,Optical Scan,25588,22,20,county,true,"Verifier row is a county-level summary. polling-place system reports multiple values: Hand marked paper ballots, BMDs for accessibility; accessible voting system differs from standard polling-place system; absentee system differs from standard polling-place system. Do not infer every precinct or ballot mode used one identical setup.","polling-place system reports multiple values: Hand marked paper ballots, BMDs for accessibility | accessible voting system differs from standard polling-place system | absentee system differs from standard polling-place system",verified-voting-verifier-va-2024-equipment,https://verifiedvoting.org/verifier/#mode/navigate/map/voteEquip/mapType/ppEquip/year/2024/state/51,"Verified Voting Verifier data is jurisdiction-level election-administration context. Most rows are counties, but some states report state-level rows and some county rows can summarize mixed tabulation, accessible-device, absentee, poll-book, or other configurations. Treat it as source-linked context, not proof every precinct in a county used one identical setup, and not a turnout or vote-result source."
VA,2024,VA-187,Warren County,county,Unisyn,Unisyn OpenElect OVI +,Optical Scan,county_context,hand_marked_paper,"Hand marked paper ballots, BMDs for accessibility",Ballot Marking Devices for all voters,Hand-Fed Optical Scanners,Commercial Electronic Poll Book,Optical Scan,30260,13,11,county,true,"Verifier row is a county-level summary. polling-place system reports multiple values: Hand marked paper ballots, BMDs for accessibility; accessible voting system differs from standard polling-place system; absentee system differs from standard polling-place system. Do not infer every precinct or ballot mode used one identical setup.","polling-place system reports multiple values: Hand marked paper ballots, BMDs for accessibility | accessible voting system differs from standard polling-place system | absentee system differs from standard polling-place system",verified-voting-verifier-va-2024-equipment,https://verifiedvoting.org/verifier/#mode/navigate/map/voteEquip/mapType/ppEquip/year/2024/state/51,"Verified Voting Verifier data is jurisdiction-level election-administration context. Most rows are counties, but some states report state-level rows and some county rows can summarize mixed tabulation, accessible-device, absentee, poll-book, or other configurations. Treat it as source-linked context, not proof every precinct in a county used one identical setup, and not a turnout or vote-result source."
VA,2024,VA-191,Washington County,county,Dominion,Dominion ImageCast Evolution +,Optical Scan,county_context,hand_marked_paper,"Hand marked paper ballots, BMDs for accessibility",Ballot Marking Devices for all voters,Hand-Fed Optical Scanners,In-House Electronic Poll Book,Optical Scan,38908,21,19,county,true,"Verifier row is a county-level summary. polling-place system reports multiple values: Hand marked paper ballots, BMDs for accessibility; accessible voting system differs from standard polling-place system; absentee system differs from standard polling-place system. Do not infer every precinct or ballot mode used one identical setup.","polling-place system reports multiple values: Hand marked paper ballots, BMDs for accessibility | accessible voting system differs from standard polling-place system | absentee system differs from standard polling-place system",verified-voting-verifier-va-2024-equipment,https://verifiedvoting.org/verifier/#mode/navigate/map/voteEquip/mapType/ppEquip/year/2024/state/51,"Verified Voting Verifier data is jurisdiction-level election-administration context. Most rows are counties, but some states report state-level rows and some county rows can summarize mixed tabulation, accessible-device, absentee, poll-book, or other configurations. Treat it as source-linked context, not proof every precinct in a county used one identical setup, and not a turnout or vote-result source."
VA,2024,VA-193,Westmoreland County,county,Hart InterCivic,Hart InterCivic Verity Touch Writer +,Optical Scan,county_context,hand_marked_paper,"Hand marked paper ballots, BMDs for accessibility",Ballot Marking Devices for all voters,Hand-Fed Optical Scanners,Commercial Electronic Poll Book,Optical Scan,14344,10,8,county,true,"Verifier row is a county-level summary. polling-place system reports multiple values: Hand marked paper ballots, BMDs for accessibility; accessible voting system differs from standard polling-place system; absentee system differs from standard polling-place system. Do not infer every precinct or ballot mode used one identical setup.","polling-place system reports multiple values: Hand marked paper ballots, BMDs for accessibility | accessible voting system differs from standard polling-place system | absentee system differs from standard polling-place system",verified-voting-verifier-va-2024-equipment,https://verifiedvoting.org/verifier/#mode/navigate/map/voteEquip/mapType/ppEquip/year/2024/state/51,"Verified Voting Verifier data is jurisdiction-level election-administration context. Most rows are counties, but some states report state-level rows and some county rows can summarize mixed tabulation, accessible-device, absentee, poll-book, or other configurations. Treat it as source-linked context, not proof every precinct in a county used one identical setup, and not a turnout or vote-result source."
VA,2024,VA-195,Wise County,county,ES&S,ES&S ExpressVote +,Optical Scan,county_context,hand_marked_paper,"Hand marked paper ballots, BMDs for accessibility",Ballot Marking Devices for all voters,Hand-Fed Optical Scanners,Commercial Electronic Poll Book,Optical Scan,24378,15,10,county,true,"Verifier row is a county-level summary. polling-place system reports multiple values: Hand marked paper ballots, BMDs for accessibility; accessible voting system differs from standard polling-place system; absentee system differs from standard polling-place system. Do not infer every precinct or ballot mode used one identical setup.","polling-place system reports multiple values: Hand marked paper ballots, BMDs for accessibility | accessible voting system differs from standard polling-place system | absentee system differs from standard polling-place system",verified-voting-verifier-va-2024-equipment,https://verifiedvoting.org/verifier/#mode/navigate/map/voteEquip/mapType/ppEquip/year/2024/state/51,"Verified Voting Verifier data is jurisdiction-level election-administration context. Most rows are counties, but some states report state-level rows and some county rows can summarize mixed tabulation, accessible-device, absentee, poll-book, or other configurations. Treat it as source-linked context, not proof every precinct in a county used one identical setup, and not a turnout or vote-result source."
VA,2024,VA-197,Wythe County,county,ES&S,ES&S ExpressVote +,Optical Scan,county_context,hand_marked_paper,"Hand marked paper ballots, BMDs for accessibility",Ballot Marking Devices for all voters,Hand-Fed Optical Scanners,Commercial Electronic Poll Book,Optical Scan,20863,13,10,county,true,"Verifier row is a county-level summary. polling-place system reports multiple values: Hand marked paper ballots, BMDs for accessibility; accessible voting system differs from standard polling-place system; absentee system differs from standard polling-place system. Do not infer every precinct or ballot mode used one identical setup.","polling-place system reports multiple values: Hand marked paper ballots, BMDs for accessibility | accessible voting system differs from standard polling-place system | absentee system differs from standard polling-place system",verified-voting-verifier-va-2024-equipment,https://verifiedvoting.org/verifier/#mode/navigate/map/voteEquip/mapType/ppEquip/year/2024/state/51,"Verified Voting Verifier data is jurisdiction-level election-administration context. Most rows are counties, but some states report state-level rows and some county rows can summarize mixed tabulation, accessible-device, absentee, poll-book, or other configurations. Treat it as source-linked context, not proof every precinct in a county used one identical setup, and not a turnout or vote-result source."
VA,2024,VA-199,York County,county,ES&S,ES&S ExpressVote +,Optical Scan,county_context,hand_marked_paper,"Hand marked paper ballots, BMDs for accessibility",Ballot Marking Devices for all voters,Hand-Fed Optical Scanners,Commercial Electronic Poll Book,Optical Scan,50014,17,13,county,true,"Verifier row is a county-level summary. polling-place system reports multiple values: Hand marked paper ballots, BMDs for accessibility; accessible voting system differs from standard polling-place system; absentee system differs from standard polling-place system. Do not infer every precinct or ballot mode used one identical setup.","polling-place system reports multiple values: Hand marked paper ballots, BMDs for accessibility | accessible voting system differs from standard polling-place system | absentee system differs from standard polling-place system",verified-voting-verifier-va-2024-equipment,https://verifiedvoting.org/verifier/#mode/navigate/map/voteEquip/mapType/ppEquip/year/2024/state/51,"Verified Voting Verifier data is jurisdiction-level election-administration context. Most rows are counties, but some states report state-level rows and some county rows can summarize mixed tabulation, accessible-device, absentee, poll-book, or other configurations. Treat it as source-linked context, not proof every precinct in a county used one identical setup, and not a turnout or vote-result source."
