{"type":"FeatureCollection","bbox":[-88.058471679688,37.771728515625,-84.784545898438,41.760589599609],"features":[{"type":"Feature","bbox":[-86.526611328125,41.432861328125,-86.059265136719,41.760528564453],"geometry":{"type":"Polygon","coordinates":[[[-86.062622070312,41.760528564453],[-86.062255859375,41.709686279297],[-86.060241699219,41.622650146484],[-86.059265136719,41.479064941406],[-86.156066894531,41.479248046875],[-86.286682128906,41.478698730469],[-86.467041015625,41.476623535156],[-86.466735839844,41.433044433594],[-86.524658203125,41.432861328125],[-86.52490234375,41.519104003906],[-86.500244140625,41.52099609375],[-86.498168945312,41.561065673828],[-86.486389160156,41.570617675781],[-86.487548828125,41.649322509766],[-86.526611328125,41.650421142578],[-86.523864746094,41.759429931641],[-86.265441894531,41.760223388672],[-86.062622070312,41.760528564453]]]},"properties":{"_isDeleted":false,"AREA":"1.28987075409956E-01","PERIMETER":"1.65525192607987E+00","CO18_D00_":"2","CO18_D00_I":"1","STATE":"18","COUNTY":"141","NAME":"St. Joseph","LSAD":"06","LSAD_TRANS":"County","CODE":"pbvs","CODE_ACC":"bmds","CODE_ABS":"bmds","CODE_EV":"pbvs","equipmentGroupLabel":"Unisyn - Unisyn OpenElect FVT +","equipmentSystemName":"Unisyn OpenElect FVT +","equipmentType":"Optical Scan","equipmentVendor":"Unisyn","jurisdictionCode":"IN-141","jurisdictionName":"St. Joseph County","sourceGranularity":"county","standardSystem":"Ballot Marking Devices for all voters","accessibleSystem":"Ballot Marking Devices for all voters","absenteeSystem":"Batch-Fed Optical Scanners","pollBookSystem":"In-House Electronic Poll Book","tabulation":"Optical Scan","equipmentCodeMatched":true,"sourceDocumentId":"verified-voting-verifier-in-2024-equipment","sourceUrl":"https://verifiedvoting.org/verifier/#mode/navigate/map/voteEquip/mapType/ppEquip/year/2024/state/18"}},{"type":"Feature","bbox":[-86.062622070312,41.434875488281,-85.653564453125,41.760528564453],"geometry":{"type":"Polygon","coordinates":[[[-85.659790039062,41.759124755859],[-85.65478515625,41.523376464844],[-85.653564453125,41.436828613281],[-85.672973632812,41.436706542969],[-85.817077636719,41.434875488281],[-85.912048339844,41.435729980469],[-86.058898925781,41.435791015625],[-86.059265136719,41.479064941406],[-86.060241699219,41.622650146484],[-86.062255859375,41.709686279297],[-86.062622070312,41.760528564453],[-85.791381835938,41.759063720703],[-85.659790039062,41.759124755859]]]},"properties":{"_isDeleted":false,"AREA":"1.30871516475315E-01","PERIMETER":"1.46195379791400E+00","CO18_D00_":"3","CO18_D00_I":"2","STATE":"18","COUNTY":"039","NAME":"Elkhart","LSAD":"06","LSAD_TRANS":"County","CODE":"mpdn","CODE_ACC":"dren","CODE_ABS":"dren","CODE_EV":"mpdn","equipmentGroupLabel":"ES&S - ES&S ExpressVote +","equipmentSystemName":"ES&S ExpressVote +","equipmentType":"Optical Scan","equipmentVendor":"ES&S","jurisdictionCode":"IN-039","jurisdictionName":"Elkhart County","sourceGranularity":"county","standardSystem":"Ballot Marking Devices for all voters","accessibleSystem":"Ballot Marking Devices for all voters","absenteeSystem":"Batch-Fed Optical Scanners","pollBookSystem":"In-House Electronic Poll Book","tabulation":"Optical Scan","equipmentCodeMatched":true,"sourceDocumentId":"verified-voting-verifier-in-2024-equipment","sourceUrl":"https://verifiedvoting.org/verifier/#mode/navigate/map/voteEquip/mapType/ppEquip/year/2024/state/18"}},{"type":"Feature","bbox":[-86.932739257812,41.236938476562,-86.486389160156,41.760223388672],"geometry":{"type":"Polygon","coordinates":[[[-86.523864746094,41.759429931641],[-86.526611328125,41.650421142578],[-86.487548828125,41.649322509766],[-86.486389160156,41.570617675781],[-86.498168945312,41.561065673828],[-86.500244140625,41.52099609375],[-86.52490234375,41.519104003906],[-86.524658203125,41.432861328125],[-86.642761230469,41.432739257812],[-86.670776367188,41.4140625],[-86.700744628906,41.402496337891],[-86.707763671875,41.381256103516],[-86.7236328125,41.360809326172],[-86.724426269531,41.352722167969],[-86.735107421875,41.338592529297],[-86.740905761719,41.320983886719],[-86.761901855469,41.307739257812],[-86.783813476562,41.285583496094],[-86.814636230469,41.273590087891],[-86.8388671875,41.272064208984],[-86.846252441406,41.267730712891],[-86.872314453125,41.263916015625],[-86.920593261719,41.245147705078],[-86.930053710938,41.236938476562],[-86.930969238281,41.339874267578],[-86.92919921875,41.449676513672],[-86.929870605469,41.536041259766],[-86.932373046875,41.617309570312],[-86.932739257812,41.711029052734],[-86.909118652344,41.726928710938],[-86.875366210938,41.737945556641],[-86.824829101562,41.760223388672],[-86.523864746094,41.759429931641]]]},"properties":{"_isDeleted":false,"AREA":"1.68834452935682E-01","PERIMETER":"1.77984932098702E+00","CO18_D00_":"4","CO18_D00_I":"3","STATE":"18","COUNTY":"091","NAME":"LaPorte","LSAD":"06","LSAD_TRANS":"County","CODE":"dren","CODE_ACC":"dren","CODE_ABS":"dren","CODE_EV":"dren","equipmentGroupLabel":"MicroVote - Jurisdiction does not use BMDs","equipmentSystemName":"Jurisdiction does not use BMDs","equipmentType":"DRE","equipmentVendor":"MicroVote","jurisdictionCode":"IN-091","jurisdictionName":"LaPorte County","sourceGranularity":"county","standardSystem":"DREs with VVPAT for all voters","accessibleSystem":"DREs with VVPAT for all voters","absenteeSystem":"Hand-Fed Optical Scanners","pollBookSystem":"Commercial Electronic Poll Book","tabulation":"DRE","equipmentCodeMatched":true,"sourceDocumentId":"verified-voting-verifier-in-2024-equipment","sourceUrl":"https://verifiedvoting.org/verifier/#mode/navigate/map/voteEquip/mapType/ppEquip/year/2024/state/18"}},{"type":"Feature","bbox":[-85.196594238281,41.526733398438,-84.8046875,41.760223388672],"geometry":{"type":"Polygon","coordinates":[[[-84.8046875,41.530181884766],[-84.8115234375,41.530242919922],[-84.905456542969,41.528381347656],[-85.055603027344,41.527160644531],[-85.193908691406,41.526733398438],[-85.195007324219,41.663848876953],[-85.196594238281,41.759735107422],[-85.039428710938,41.759979248047],[-84.972778320312,41.759368896484],[-84.805847167969,41.760223388672],[-84.80615234375,41.674499511719],[-84.8046875,41.530181884766]]]},"properties":{"_isDeleted":false,"AREA":"9.02502715274945E-02","PERIMETER":"1.24306964264467E+00","CO18_D00_":"5","CO18_D00_I":"4","STATE":"18","COUNTY":"151","NAME":"Steuben","LSAD":"06","LSAD_TRANS":"County","CODE":"mpdn","CODE_ACC":"dren","CODE_ABS":"dren","CODE_EV":"mpdn","equipmentGroupLabel":"MicroVote - Jurisdiction does not use BMDs","equipmentSystemName":"Jurisdiction does not use BMDs","equipmentType":"DRE","equipmentVendor":"MicroVote","jurisdictionCode":"IN-151","jurisdictionName":"Steuben County","sourceGranularity":"county","standardSystem":"DREs with VVPAT for all voters","accessibleSystem":"DREs with VVPAT for all voters","absenteeSystem":"Hand-Fed Optical Scanners","pollBookSystem":"Commercial Electronic Poll Book","tabulation":"DRE","equipmentCodeMatched":true,"sourceDocumentId":"verified-voting-verifier-in-2024-equipment","sourceUrl":"https://verifiedvoting.org/verifier/#mode/navigate/map/voteEquip/mapType/ppEquip/year/2024/state/18"}},{"type":"Feature","bbox":[-85.659790039062,41.523376464844,-85.193908691406,41.760101318359],"geometry":{"type":"Polygon","coordinates":[[[-85.196594238281,41.759735107422],[-85.195007324219,41.663848876953],[-85.193908691406,41.526733398438],[-85.252197265625,41.526611328125],[-85.539367675781,41.524963378906],[-85.65478515625,41.523376464844],[-85.659790039062,41.759124755859],[-85.30810546875,41.760101318359],[-85.196594238281,41.759735107422]]]},"properties":{"_isDeleted":false,"AREA":"1.08240575105855E-01","PERIMETER":"1.39298136427734E+00","CO18_D00_":"6","CO18_D00_I":"5","STATE":"18","COUNTY":"087","NAME":"LaGrange","LSAD":"06","LSAD_TRANS":"County","CODE":"mpdn","CODE_ACC":"dren","CODE_ABS":"dren","CODE_EV":"mpdn","equipmentGroupLabel":"MicroVote - Jurisdiction does not use BMDs","equipmentSystemName":"Jurisdiction does not use BMDs","equipmentType":"DRE","equipmentVendor":"MicroVote","jurisdictionCode":"IN-087","jurisdictionName":"LaGrange County","sourceGranularity":"county","standardSystem":"DREs with VVPAT for all voters","accessibleSystem":"DREs with VVPAT for all voters","absenteeSystem":"Hand-Fed Optical Scanners","pollBookSystem":"Commercial Electronic Poll Book","tabulation":"DRE","equipmentCodeMatched":true,"sourceDocumentId":"verified-voting-verifier-in-2024-equipment","sourceUrl":"https://verifiedvoting.org/verifier/#mode/navigate/map/voteEquip/mapType/ppEquip/year/2024/state/18"}},{"type":"Feature","bbox":[-87.222595214844,41.2197265625,-86.92919921875,41.711029052734],"geometry":{"type":"Polygon","coordinates":[[[-86.932739257812,41.711029052734],[-86.932373046875,41.617309570312],[-86.929870605469,41.536041259766],[-86.92919921875,41.449676513672],[-86.930969238281,41.339874267578],[-86.930053710938,41.236938476562],[-86.939758300781,41.229339599609],[-86.968811035156,41.2197265625],[-87.033386230469,41.254211425781],[-87.061645507812,41.270050048828],[-87.121948242188,41.286376953125],[-87.131042480469,41.286315917969],[-87.192626953125,41.265106201172],[-87.218872070312,41.242004394531],[-87.220275878906,41.333404541016],[-87.219665527344,41.426422119141],[-87.220031738281,41.507019042969],[-87.222595214844,41.624176025391],[-87.187622070312,41.629638671875],[-87.16064453125,41.637268066406],[-87.160766601562,41.645355224609],[-87.125793457031,41.650299072266],[-87.120300292969,41.645660400391],[-87.066040039062,41.661865234375],[-87.027893066406,41.674621582031],[-86.932739257812,41.711029052734]]]},"properties":{"_isDeleted":false,"AREA":"1.17278124035867E-01","PERIMETER":"1.49037218549101E+00","CO18_D00_":"7","CO18_D00_I":"6","STATE":"18","COUNTY":"127","NAME":"Porter","LSAD":"06","LSAD_TRANS":"County","CODE":"pbvs","CODE_ACC":"bmds","CODE_ABS":"bmds","CODE_EV":"pbvs","equipmentGroupLabel":"ES&S - ES&S ExpressVote +","equipmentSystemName":"ES&S ExpressVote +","equipmentType":"Optical Scan","equipmentVendor":"ES&S","jurisdictionCode":"IN-127","jurisdictionName":"Porter County","sourceGranularity":"county","standardSystem":"Ballot Marking Devices for all voters","accessibleSystem":"Ballot Marking Devices for all voters","absenteeSystem":"Batch-Fed Optical Scanners","pollBookSystem":"In-House Electronic Poll Book","tabulation":"Optical Scan","equipmentCodeMatched":true,"sourceDocumentId":"verified-voting-verifier-in-2024-equipment","sourceUrl":"https://verifiedvoting.org/verifier/#mode/navigate/map/voteEquip/mapType/ppEquip/year/2024/state/18"}},{"type":"Feature","bbox":[-87.526733398438,41.162261962891,-87.218872070312,41.709930419922],"geometry":{"type":"Polygon","coordinates":[[[-87.222595214844,41.624176025391],[-87.220031738281,41.507019042969],[-87.219665527344,41.426422119141],[-87.220275878906,41.333404541016],[-87.218872070312,41.242004394531],[-87.226257324219,41.235534667969],[-87.275634765625,41.218688964844],[-87.285583496094,41.215270996094],[-87.324035644531,41.186553955078],[-87.346435546875,41.182342529297],[-87.381164550781,41.17236328125],[-87.393615722656,41.162811279297],[-87.414611816406,41.162261962891],[-87.441955566406,41.17333984375],[-87.526550292969,41.166015625],[-87.526733398438,41.298156738281],[-87.525329589844,41.380828857422],[-87.525634765625,41.470123291016],[-87.524597167969,41.563293457031],[-87.52490234375,41.70263671875],[-87.5205078125,41.709930419922],[-87.505310058594,41.691497802734],[-87.470703125,41.672821044922],[-87.463134765625,41.675537109375],[-87.432922363281,41.665069580078],[-87.438903808594,41.654296875],[-87.423461914062,41.642791748047],[-87.365417480469,41.629516601562],[-87.324279785156,41.623016357422],[-87.28759765625,41.622222900391],[-87.278381347656,41.619720458984],[-87.222595214844,41.624176025391]]]},"properties":{"_isDeleted":false,"AREA":"1.39715855652582E-01","PERIMETER":"1.60277054099110E+00","CO18_D00_":"8","CO18_D00_I":"7","STATE":"18","COUNTY":"089","NAME":"Lake","LSAD":"06","LSAD_TRANS":"County","CODE":"dren","CODE_ACC":"dren","CODE_ABS":"dren","CODE_EV":"dren","equipmentGroupLabel":"MicroVote - Jurisdiction does not use BMDs","equipmentSystemName":"Jurisdiction does not use BMDs","equipmentType":"DRE","equipmentVendor":"MicroVote","jurisdictionCode":"IN-089","jurisdictionName":"Lake County","sourceGranularity":"county","standardSystem":"DREs with VVPAT for all voters","accessibleSystem":"DREs with VVPAT for all voters","absenteeSystem":"Hand-Fed Optical Scanners","pollBookSystem":"Commercial Electronic Poll Book","tabulation":"DRE","equipmentCodeMatched":true,"sourceDocumentId":"verified-voting-verifier-in-2024-equipment","sourceUrl":"https://verifiedvoting.org/verifier/#mode/navigate/map/voteEquip/mapType/ppEquip/year/2024/state/18"}},{"type":"Feature","bbox":[-85.193908691406,41.264282226562,-84.803527832031,41.530242919922],"geometry":{"type":"Polygon","coordinates":[[[-84.8115234375,41.530242919922],[-84.8046875,41.530181884766],[-84.803527832031,41.271087646484],[-84.806457519531,41.271026611328],[-85.02001953125,41.266448974609],[-85.192077636719,41.264282226562],[-85.193603515625,41.321960449219],[-85.192932128906,41.380035400391],[-85.193908691406,41.526733398438],[-85.055603027344,41.527160644531],[-84.905456542969,41.528381347656],[-84.8115234375,41.530242919922]]]},"properties":{"_isDeleted":false,"AREA":"1.01464373545507E-01","PERIMETER":"1.29950299324974E+00","CO18_D00_":"9","CO18_D00_I":"8","STATE":"18","COUNTY":"033","NAME":"DeKalb","LSAD":"06","LSAD_TRANS":"County","CODE":"dren","CODE_ACC":"dren","CODE_ABS":"dren","CODE_EV":"dren","equipmentGroupLabel":"MicroVote - Jurisdiction does not use BMDs","equipmentSystemName":"Jurisdiction does not use BMDs","equipmentType":"DRE","equipmentVendor":"MicroVote","jurisdictionCode":"IN-033","jurisdictionName":"DeKalb County","sourceGranularity":"county","standardSystem":"DREs with VVPAT for all voters","accessibleSystem":"DREs with VVPAT for all voters","absenteeSystem":"Hand-Fed Optical Scanners","pollBookSystem":"Commercial Electronic Poll Book","tabulation":"DRE","equipmentCodeMatched":true,"sourceDocumentId":"verified-voting-verifier-in-2024-equipment","sourceUrl":"https://verifiedvoting.org/verifier/#mode/navigate/map/voteEquip/mapType/ppEquip/year/2024/state/18"}},{"type":"Feature","bbox":[-85.65478515625,41.264099121094,-85.192077636719,41.526733398438],"geometry":{"type":"Polygon","coordinates":[[[-85.193908691406,41.526733398438],[-85.192932128906,41.380035400391],[-85.193603515625,41.321960449219],[-85.192077636719,41.264282226562],[-85.307678222656,41.264099121094],[-85.537170410156,41.266143798828],[-85.536071777344,41.295135498047],[-85.614013671875,41.295257568359],[-85.651916503906,41.294769287109],[-85.653259277344,41.345520019531],[-85.653564453125,41.436828613281],[-85.65478515625,41.523376464844],[-85.539367675781,41.524963378906],[-85.252197265625,41.526611328125],[-85.193908691406,41.526733398438]]]},"properties":{"_isDeleted":false,"AREA":"1.16455006841002E-01","PERIMETER":"1.44198105249446E+00","CO18_D00_":"10","CO18_D00_I":"9","STATE":"18","COUNTY":"113","NAME":"Noble","LSAD":"06","LSAD_TRANS":"County","CODE":"dren","CODE_ACC":"dren","CODE_ABS":"dren","CODE_EV":"dren","equipmentGroupLabel":"MicroVote - Jurisdiction does not use BMDs","equipmentSystemName":"Jurisdiction does not use BMDs","equipmentType":"DRE","equipmentVendor":"MicroVote","jurisdictionCode":"IN-113","jurisdictionName":"Noble County","sourceGranularity":"county","standardSystem":"DREs with VVPAT for all voters","accessibleSystem":"DREs with VVPAT for all voters","absenteeSystem":"Hand-Fed Optical Scanners","pollBookSystem":"Commercial Electronic Poll Book","tabulation":"DRE","equipmentCodeMatched":true,"sourceDocumentId":"verified-voting-verifier-in-2024-equipment","sourceUrl":"https://verifiedvoting.org/verifier/#mode/navigate/map/voteEquip/mapType/ppEquip/year/2024/state/18"}},{"type":"Feature","bbox":[-86.467041015625,41.171630859375,-86.054016113281,41.479248046875],"geometry":{"type":"Polygon","coordinates":[[[-86.156066894531,41.479248046875],[-86.059265136719,41.479064941406],[-86.058898925781,41.435791015625],[-86.057983398438,41.339874267578],[-86.054016113281,41.173095703125],[-86.077331542969,41.1728515625],[-86.114318847656,41.172424316406],[-86.250610351562,41.172424316406],[-86.467041015625,41.171630859375],[-86.46630859375,41.375061035156],[-86.466735839844,41.433044433594],[-86.467041015625,41.476623535156],[-86.286682128906,41.478698730469],[-86.156066894531,41.479248046875]]]},"properties":{"_isDeleted":false,"AREA":"1.25334785530006E-01","PERIMETER":"1.43461183326388E+00","CO18_D00_":"11","CO18_D00_I":"10","STATE":"18","COUNTY":"099","NAME":"Marshall","LSAD":"06","LSAD_TRANS":"County","CODE":"dren","CODE_ACC":"dren","CODE_ABS":"dren","CODE_EV":"dren","equipmentGroupLabel":"MicroVote - Jurisdiction does not use BMDs","equipmentSystemName":"Jurisdiction does not use BMDs","equipmentType":"DRE","equipmentVendor":"MicroVote","jurisdictionCode":"IN-099","jurisdictionName":"Marshall County","sourceGranularity":"county","standardSystem":"DREs with VVPAT for all voters","accessibleSystem":"DREs with VVPAT for all voters","absenteeSystem":"Hand-Fed Optical Scanners","pollBookSystem":"Commercial Electronic Poll Book","tabulation":"DRE","equipmentCodeMatched":true,"sourceDocumentId":"verified-voting-verifier-in-2024-equipment","sourceUrl":"https://verifiedvoting.org/verifier/#mode/navigate/map/voteEquip/mapType/ppEquip/year/2024/state/18"}},{"type":"Feature","bbox":[-86.077331542969,41.041870117188,-85.6513671875,41.436828613281],"geometry":{"type":"Polygon","coordinates":[[[-85.672973632812,41.436706542969],[-85.653564453125,41.436828613281],[-85.653259277344,41.345520019531],[-85.651916503906,41.294769287109],[-85.6513671875,41.235900878906],[-85.652709960938,41.178497314453],[-85.686584472656,41.178375244141],[-85.685974121094,41.118133544922],[-85.684143066406,41.046661376953],[-85.795776367188,41.043640136719],[-85.945617675781,41.042846679688],[-86.018615722656,41.041870117188],[-86.018310546875,41.086181640625],[-86.075866699219,41.084899902344],[-86.077331542969,41.1728515625],[-86.054016113281,41.173095703125],[-86.057983398438,41.339874267578],[-86.058898925781,41.435791015625],[-85.912048339844,41.435729980469],[-85.817077636719,41.434875488281],[-85.672973632812,41.436706542969]]]},"properties":{"_isDeleted":false,"AREA":"1.54230553824492E-01","PERIMETER":"1.63984633257176E+00","CO18_D00_":"12","CO18_D00_I":"11","STATE":"18","COUNTY":"085","NAME":"Kosciusko","LSAD":"06","LSAD_TRANS":"County","CODE":"dren","CODE_ACC":"dren","CODE_ABS":"dren","CODE_EV":"dren","equipmentGroupLabel":"MicroVote - Jurisdiction does not use BMDs","equipmentSystemName":"Jurisdiction does not use BMDs","equipmentType":"DRE","equipmentVendor":"MicroVote","jurisdictionCode":"IN-085","jurisdictionName":"Kosciusko County","sourceGranularity":"county","standardSystem":"DREs with VVPAT for all voters","accessibleSystem":"DREs with VVPAT for all voters","absenteeSystem":"Hand-Fed Optical Scanners","pollBookSystem":"Commercial Electronic Poll Book","tabulation":"DRE","equipmentCodeMatched":true,"sourceDocumentId":"verified-voting-verifier-in-2024-equipment","sourceUrl":"https://verifiedvoting.org/verifier/#mode/navigate/map/voteEquip/mapType/ppEquip/year/2024/state/18"}},{"type":"Feature","bbox":[-86.930297851562,41.171630859375,-86.46630859375,41.433044433594],"geometry":{"type":"Polygon","coordinates":[[[-86.466735839844,41.433044433594],[-86.46630859375,41.375061035156],[-86.467041015625,41.171630859375],[-86.582946777344,41.172119140625],[-86.930053710938,41.17236328125],[-86.930297851562,41.17236328125],[-86.930053710938,41.236938476562],[-86.920593261719,41.245147705078],[-86.872314453125,41.263916015625],[-86.846252441406,41.267730712891],[-86.8388671875,41.272064208984],[-86.814636230469,41.273590087891],[-86.783813476562,41.285583496094],[-86.761901855469,41.307739257812],[-86.740905761719,41.320983886719],[-86.735107421875,41.338592529297],[-86.724426269531,41.352722167969],[-86.7236328125,41.360809326172],[-86.707763671875,41.381256103516],[-86.700744628906,41.402496337891],[-86.670776367188,41.4140625],[-86.642761230469,41.432739257812],[-86.524658203125,41.432861328125],[-86.466735839844,41.433044433594]]]},"properties":{"_isDeleted":false,"AREA":"8.69370591990022E-02","PERIMETER":"1.33846887589197E+00","CO18_D00_":"13","CO18_D00_I":"12","STATE":"18","COUNTY":"149","NAME":"Starke","LSAD":"06","LSAD_TRANS":"County","CODE":"dren","CODE_ACC":"dren","CODE_ABS":"dren","CODE_EV":"dren","equipmentGroupLabel":"MicroVote - Jurisdiction does not use BMDs","equipmentSystemName":"Jurisdiction does not use BMDs","equipmentType":"DRE","equipmentVendor":"MicroVote","jurisdictionCode":"IN-149","jurisdictionName":"Starke County","sourceGranularity":"county","standardSystem":"DREs with VVPAT for all voters","accessibleSystem":"DREs with VVPAT for all voters","absenteeSystem":"Hand-Fed Optical Scanners","pollBookSystem":"Commercial Electronic Poll Book","tabulation":"DRE","equipmentCodeMatched":true,"sourceDocumentId":"verified-voting-verifier-in-2024-equipment","sourceUrl":"https://verifiedvoting.org/verifier/#mode/navigate/map/voteEquip/mapType/ppEquip/year/2024/state/18"}},{"type":"Feature","bbox":[-85.686584472656,41.001800537109,-85.307678222656,41.295257568359],"geometry":{"type":"Polygon","coordinates":[[[-85.614013671875,41.295257568359],[-85.536071777344,41.295135498047],[-85.537170410156,41.266143798828],[-85.307678222656,41.264099121094],[-85.309692382812,41.246978759766],[-85.309814453125,41.179229736328],[-85.338500976562,41.179107666016],[-85.337219238281,41.089630126953],[-85.335205078125,41.005340576172],[-85.345764160156,41.005340576172],[-85.4521484375,41.005096435547],[-85.643859863281,41.002227783203],[-85.683227539062,41.001800537109],[-85.684143066406,41.046661376953],[-85.685974121094,41.118133544922],[-85.686584472656,41.178375244141],[-85.652709960938,41.178497314453],[-85.6513671875,41.235900878906],[-85.651916503906,41.294769287109],[-85.614013671875,41.295257568359]]]},"properties":{"_isDeleted":false,"AREA":"9.38600655525009E-02","PERIMETER":"1.33662404599821E+00","CO18_D00_":"14","CO18_D00_I":"13","STATE":"18","COUNTY":"183","NAME":"Whitley","LSAD":"06","LSAD_TRANS":"County","CODE":"dren","CODE_ACC":"dren","CODE_ABS":"dren","CODE_EV":"dren","equipmentGroupLabel":"MicroVote - Jurisdiction does not use BMDs","equipmentSystemName":"Jurisdiction does not use BMDs","equipmentType":"DRE","equipmentVendor":"MicroVote","jurisdictionCode":"IN-183","jurisdictionName":"Whitley County","sourceGranularity":"county","standardSystem":"DREs with VVPAT for all voters","accessibleSystem":"DREs with VVPAT for all voters","absenteeSystem":"Hand-Fed Optical Scanners","pollBookSystem":"Commercial Electronic Poll Book","tabulation":"DRE","equipmentCodeMatched":true,"sourceDocumentId":"verified-voting-verifier-in-2024-equipment","sourceUrl":"https://verifiedvoting.org/verifier/#mode/navigate/map/voteEquip/mapType/ppEquip/year/2024/state/18"}},{"type":"Feature","bbox":[-87.276550292969,40.736480712891,-86.930053710938,41.286376953125],"geometry":{"type":"Polygon","coordinates":[[[-87.033386230469,41.254211425781],[-86.968811035156,41.2197265625],[-86.939758300781,41.229339599609],[-86.930053710938,41.236938476562],[-86.930297851562,41.17236328125],[-86.931030273438,41.013488769531],[-86.9306640625,40.912445068359],[-86.987487792969,40.912200927734],[-86.986389160156,40.837890625],[-87.099731445312,40.837585449219],[-87.098510742188,40.736541748047],[-87.267333984375,40.736480712891],[-87.267944335938,40.865905761719],[-87.26904296875,40.911499023438],[-87.276550292969,40.911437988281],[-87.276000976562,40.984161376953],[-87.275634765625,41.212707519531],[-87.275634765625,41.218688964844],[-87.226257324219,41.235534667969],[-87.218872070312,41.242004394531],[-87.192626953125,41.265106201172],[-87.131042480469,41.286315917969],[-87.121948242188,41.286376953125],[-87.061645507812,41.270050048828],[-87.033386230469,41.254211425781]]]},"properties":{"_isDeleted":false,"AREA":"1.55643716871502E-01","PERIMETER":"1.71157620308395E+00","CO18_D00_":"15","CO18_D00_I":"14","STATE":"18","COUNTY":"073","NAME":"Jasper","LSAD":"06","LSAD_TRANS":"County","CODE":"dren","CODE_ACC":"dren","CODE_ABS":"dren","CODE_EV":"dren","equipmentGroupLabel":"MicroVote - Jurisdiction does not use BMDs","equipmentSystemName":"Jurisdiction does not use BMDs","equipmentType":"DRE","equipmentVendor":"MicroVote","jurisdictionCode":"IN-073","jurisdictionName":"Jasper County","sourceGranularity":"county","standardSystem":"DREs with VVPAT for all voters","accessibleSystem":"DREs with VVPAT for all voters","absenteeSystem":"Hand-Fed Optical Scanners","pollBookSystem":"Commercial Electronic Poll Book","tabulation":"DRE","equipmentCodeMatched":true,"sourceDocumentId":"verified-voting-verifier-in-2024-equipment","sourceUrl":"https://verifiedvoting.org/verifier/#mode/navigate/map/voteEquip/mapType/ppEquip/year/2024/state/18"}},{"type":"Feature","bbox":[-85.338500976562,40.916534423828,-84.802856445312,41.271087646484],"geometry":{"type":"Polygon","coordinates":[[[-84.806457519531,41.271026611328],[-84.803527832031,41.271087646484],[-84.802856445312,40.922393798828],[-84.880798339844,40.920562744141],[-85.073852539062,40.917816162109],[-85.133605957031,40.917205810547],[-85.167053222656,40.916534423828],[-85.3359375,40.917022705078],[-85.335205078125,41.005340576172],[-85.337219238281,41.089630126953],[-85.338500976562,41.179107666016],[-85.309814453125,41.179229736328],[-85.309692382812,41.246978759766],[-85.307678222656,41.264099121094],[-85.192077636719,41.264282226562],[-85.02001953125,41.266448974609],[-84.806457519531,41.271026611328]]]},"properties":{"_isDeleted":false,"AREA":"1.83239627086000E-01","PERIMETER":"1.76198628943835E+00","CO18_D00_":"16","CO18_D00_I":"15","STATE":"18","COUNTY":"003","NAME":"Allen","LSAD":"06","LSAD_TRANS":"County","CODE":"dren","CODE_ACC":"dren","CODE_ABS":"dren","CODE_EV":"dren","equipmentGroupLabel":"MicroVote - Jurisdiction does not use BMDs","equipmentSystemName":"Jurisdiction does not use BMDs","equipmentType":"DRE","equipmentVendor":"MicroVote","jurisdictionCode":"IN-003","jurisdictionName":"Allen County","sourceGranularity":"county","standardSystem":"DREs with VVPAT for all voters","accessibleSystem":"DREs with VVPAT for all voters","absenteeSystem":"Hand-Fed Optical Scanners","pollBookSystem":"Commercial Electronic Poll Book","tabulation":"DRE","equipmentCodeMatched":true,"sourceDocumentId":"verified-voting-verifier-in-2024-equipment","sourceUrl":"https://verifiedvoting.org/verifier/#mode/navigate/map/voteEquip/mapType/ppEquip/year/2024/state/18"}},{"type":"Feature","bbox":[-87.526672363281,40.736480712891,-87.267333984375,41.218688964844],"geometry":{"type":"Polygon","coordinates":[[[-87.275634765625,41.212707519531],[-87.276000976562,40.984161376953],[-87.276550292969,40.911437988281],[-87.26904296875,40.911499023438],[-87.267944335938,40.865905761719],[-87.267333984375,40.736480712891],[-87.363037109375,40.736480712891],[-87.526123046875,40.736907958984],[-87.525756835938,40.854339599609],[-87.526672363281,41.121459960938],[-87.526550292969,41.166015625],[-87.441955566406,41.17333984375],[-87.414611816406,41.162261962891],[-87.393615722656,41.162811279297],[-87.381164550781,41.17236328125],[-87.346435546875,41.182342529297],[-87.324035644531,41.186553955078],[-87.285583496094,41.215270996094],[-87.275634765625,41.218688964844],[-87.275634765625,41.212707519531]]]},"properties":{"_isDeleted":false,"AREA":"1.11810123445244E-01","PERIMETER":"1.44737493007577E+00","CO18_D00_":"17","CO18_D00_I":"16","STATE":"18","COUNTY":"111","NAME":"Newton","LSAD":"06","LSAD_TRANS":"County","CODE":"pbvs","CODE_ACC":"dren","CODE_ABS":"dren","CODE_EV":"pbvs","equipmentGroupLabel":"Hart InterCivic - Hart InterCivic Verity Touch Writer +","equipmentSystemName":"Hart InterCivic Verity Touch Writer +","equipmentType":"Optical Scan","equipmentVendor":"Hart InterCivic","jurisdictionCode":"IN-111","jurisdictionName":"Newton County","sourceGranularity":"county","standardSystem":"Hand marked paper ballots, BMDs for accessibility","accessibleSystem":"Ballot Marking Devices for all voters","absenteeSystem":"Hand-Fed Optical Scanners","pollBookSystem":"Commercial Electronic Poll Book","tabulation":"Optical Scan","equipmentCodeMatched":true,"sourceDocumentId":"verified-voting-verifier-in-2024-equipment","sourceUrl":"https://verifiedvoting.org/verifier/#mode/navigate/map/voteEquip/mapType/ppEquip/year/2024/state/18"}},{"type":"Feature","bbox":[-86.468505859375,40.909118652344,-85.945617675781,41.1728515625],"geometry":{"type":"Polygon","coordinates":[[[-86.114318847656,41.172424316406],[-86.077331542969,41.1728515625],[-86.075866699219,41.084899902344],[-86.018310546875,41.086181640625],[-86.018615722656,41.041870117188],[-85.945617675781,41.042846679688],[-85.946411132812,40.999206542969],[-86.023742675781,40.998291015625],[-86.129821777344,40.996215820312],[-86.168273925781,40.996276855469],[-86.169006347656,40.90966796875],[-86.242431640625,40.909118652344],[-86.331237792969,40.90966796875],[-86.468505859375,40.909851074219],[-86.467041015625,41.171630859375],[-86.250610351562,41.172424316406],[-86.114318847656,41.172424316406]]]},"properties":{"_isDeleted":false,"AREA":"1.02995543918017E-01","PERIMETER":"1.56746483825296E+00","CO18_D00_":"18","CO18_D00_I":"17","STATE":"18","COUNTY":"049","NAME":"Fulton","LSAD":"06","LSAD_TRANS":"County","CODE":"mpdn","CODE_ACC":"dren","CODE_ABS":"dren","CODE_EV":"mpdn","equipmentGroupLabel":"Hart InterCivic - Hart InterCivic Verity Duo +","equipmentSystemName":"Hart InterCivic Verity Duo +","equipmentType":"Optical Scan","equipmentVendor":"Hart InterCivic","jurisdictionCode":"IN-049","jurisdictionName":"Fulton County","sourceGranularity":"county","standardSystem":"Ballot Marking Devices for all voters","accessibleSystem":"Ballot Marking Devices for all voters","absenteeSystem":"Hand-Fed Optical Scanners","pollBookSystem":"In-House Electronic Poll Book","tabulation":"Optical Scan","equipmentCodeMatched":true,"sourceDocumentId":"verified-voting-verifier-in-2024-equipment","sourceUrl":"https://verifiedvoting.org/verifier/#mode/navigate/map/voteEquip/mapType/ppEquip/year/2024/state/18"}},{"type":"Feature","bbox":[-86.931030273438,40.909851074219,-86.467041015625,41.17236328125],"geometry":{"type":"Polygon","coordinates":[[[-86.930053710938,41.17236328125],[-86.582946777344,41.172119140625],[-86.467041015625,41.171630859375],[-86.468505859375,40.909851074219],[-86.581481933594,40.910949707031],[-86.696716308594,40.912261962891],[-86.795471191406,40.912506103516],[-86.9306640625,40.912445068359],[-86.931030273438,41.013488769531],[-86.930297851562,41.17236328125],[-86.930053710938,41.17236328125]]]},"properties":{"_isDeleted":false,"AREA":"1.20531919422003E-01","PERIMETER":"1.44719748862984E+00","CO18_D00_":"19","CO18_D00_I":"18","STATE":"18","COUNTY":"131","NAME":"Pulaski","LSAD":"06","LSAD_TRANS":"County","CODE":"dren","CODE_ACC":"dren","CODE_ABS":"dren","CODE_EV":"dren","equipmentGroupLabel":"MicroVote - Jurisdiction does not use BMDs","equipmentSystemName":"Jurisdiction does not use BMDs","equipmentType":"DRE","equipmentVendor":"MicroVote","jurisdictionCode":"IN-131","jurisdictionName":"Pulaski County","sourceGranularity":"county","standardSystem":"DREs with VVPAT for all voters","accessibleSystem":"DREs with VVPAT for all voters","absenteeSystem":"Hand-Fed Optical Scanners","pollBookSystem":"Commercial Electronic Poll Book","tabulation":"DRE","equipmentCodeMatched":true,"sourceDocumentId":"verified-voting-verifier-in-2024-equipment","sourceUrl":"https://verifiedvoting.org/verifier/#mode/navigate/map/voteEquip/mapType/ppEquip/year/2024/state/18"}},{"type":"Feature","bbox":[-85.946411132812,40.651153564453,-85.638549804688,41.046661376953],"geometry":{"type":"Polygon","coordinates":[[[-85.684143066406,41.046661376953],[-85.683227539062,41.001800537109],[-85.643859863281,41.002227783203],[-85.640991210938,40.849761962891],[-85.641723632812,40.843688964844],[-85.638549804688,40.652984619141],[-85.86474609375,40.651824951172],[-85.939697265625,40.651153564453],[-85.94140625,40.777587890625],[-85.944702148438,40.939239501953],[-85.946411132812,40.999206542969],[-85.945617675781,41.042846679688],[-85.795776367188,41.043640136719],[-85.684143066406,41.046661376953]]]},"properties":{"_isDeleted":false,"AREA":"1.16475925752501E-01","PERIMETER":"1.38960541934407E+00","CO18_D00_":"20","CO18_D00_I":"19","STATE":"18","COUNTY":"169","NAME":"Wabash","LSAD":"06","LSAD_TRANS":"County","CODE":"dren","CODE_ACC":"dren","CODE_ABS":"dren","CODE_EV":"dren","equipmentGroupLabel":"MicroVote - Jurisdiction does not use BMDs","equipmentSystemName":"Jurisdiction does not use BMDs","equipmentType":"DRE","equipmentVendor":"MicroVote","jurisdictionCode":"IN-169","jurisdictionName":"Wabash County","sourceGranularity":"county","standardSystem":"DREs with VVPAT for all voters","accessibleSystem":"DREs with VVPAT for all voters","absenteeSystem":"Hand-Fed Optical Scanners","pollBookSystem":"Commercial Electronic Poll Book","tabulation":"DRE","equipmentCodeMatched":true,"sourceDocumentId":"verified-voting-verifier-in-2024-equipment","sourceUrl":"https://verifiedvoting.org/verifier/#mode/navigate/map/voteEquip/mapType/ppEquip/year/2024/state/18"}},{"type":"Feature","bbox":[-85.643859863281,40.652984619141,-85.33447265625,41.005340576172],"geometry":{"type":"Polygon","coordinates":[[[-85.345764160156,41.005340576172],[-85.335205078125,41.005340576172],[-85.3359375,40.917022705078],[-85.33447265625,40.654388427734],[-85.448791503906,40.653594970703],[-85.463623046875,40.653533935547],[-85.638549804688,40.652984619141],[-85.641723632812,40.843688964844],[-85.640991210938,40.849761962891],[-85.643859863281,41.002227783203],[-85.4521484375,41.005096435547],[-85.345764160156,41.005340576172]]]},"properties":{"_isDeleted":false,"AREA":"1.07241574467998E-01","PERIMETER":"1.31340617839141E+00","CO18_D00_":"21","CO18_D00_I":"20","STATE":"18","COUNTY":"069","NAME":"Huntington","LSAD":"06","LSAD_TRANS":"County","CODE":"dren","CODE_ACC":"dren","CODE_ABS":"dren","CODE_EV":"dren","equipmentGroupLabel":"MicroVote - Jurisdiction does not use BMDs","equipmentSystemName":"Jurisdiction does not use BMDs","equipmentType":"DRE","equipmentVendor":"MicroVote","jurisdictionCode":"IN-069","jurisdictionName":"Huntington County","sourceGranularity":"county","standardSystem":"DREs with VVPAT for all voters","accessibleSystem":"DREs with VVPAT for all voters","absenteeSystem":"Hand-Fed Optical Scanners","pollBookSystem":"Commercial Electronic Poll Book","tabulation":"DRE","equipmentCodeMatched":true,"sourceDocumentId":"verified-voting-verifier-in-2024-equipment","sourceUrl":"https://verifiedvoting.org/verifier/#mode/navigate/map/voteEquip/mapType/ppEquip/year/2024/state/18"}},{"type":"Feature","bbox":[-86.169006347656,40.562713623047,-85.86376953125,40.999206542969],"geometry":{"type":"Polygon","coordinates":[[[-85.946411132812,40.999206542969],[-85.944702148438,40.939239501953],[-85.94140625,40.777587890625],[-85.939697265625,40.651153564453],[-85.86474609375,40.651824951172],[-85.86376953125,40.565582275391],[-85.873229980469,40.565399169922],[-86.165100097656,40.562713623047],[-86.165466308594,40.634063720703],[-86.166748046875,40.676605224609],[-86.165710449219,40.742889404297],[-86.168823242188,40.743499755859],[-86.167602539062,40.873016357422],[-86.169006347656,40.90966796875],[-86.168273925781,40.996276855469],[-86.129821777344,40.996215820312],[-86.023742675781,40.998291015625],[-85.946411132812,40.999206542969]]]},"properties":{"_isDeleted":false,"AREA":"1.04244991800995E-01","PERIMETER":"1.46928346454164E+00","CO18_D00_":"22","CO18_D00_I":"21","STATE":"18","COUNTY":"103","NAME":"Miami","LSAD":"06","LSAD_TRANS":"County","CODE":"dren","CODE_ACC":"dren","CODE_ABS":"dren","CODE_EV":"dren","equipmentGroupLabel":"MicroVote - Jurisdiction does not use BMDs","equipmentSystemName":"Jurisdiction does not use BMDs","equipmentType":"DRE","equipmentVendor":"MicroVote","jurisdictionCode":"IN-103","jurisdictionName":"Miami County","sourceGranularity":"county","standardSystem":"DREs with VVPAT for all voters","accessibleSystem":"DREs with VVPAT for all voters","absenteeSystem":"Hand-Fed Optical Scanners","pollBookSystem":"Commercial Electronic Poll Book","tabulation":"DRE","equipmentCodeMatched":true,"sourceDocumentId":"verified-voting-verifier-in-2024-equipment","sourceUrl":"https://verifiedvoting.org/verifier/#mode/navigate/map/voteEquip/mapType/ppEquip/year/2024/state/18"}},{"type":"Feature","bbox":[-85.073852539062,40.568206787109,-84.802124023438,40.922393798828],"geometry":{"type":"Polygon","coordinates":[[[-84.880798339844,40.920562744141],[-84.802856445312,40.922393798828],[-84.802124023438,40.800598144531],[-84.802185058594,40.572204589844],[-84.959411621094,40.570190429688],[-85.068420410156,40.568206787109],[-85.070373535156,40.655548095703],[-85.069396972656,40.655548095703],[-85.070129394531,40.743133544922],[-85.073852539062,40.917816162109],[-84.880798339844,40.920562744141]]]},"properties":{"_isDeleted":false,"AREA":"9.38548614210046E-02","PERIMETER":"1.23876289375858E+00","CO18_D00_":"23","CO18_D00_I":"22","STATE":"18","COUNTY":"001","NAME":"Adams","LSAD":"06","LSAD_TRANS":"County","CODE":"dren","CODE_ACC":"dren","CODE_ABS":"dren","CODE_EV":"dren","equipmentGroupLabel":"MicroVote - Jurisdiction does not use BMDs","equipmentSystemName":"Jurisdiction does not use BMDs","equipmentType":"DRE","equipmentVendor":"MicroVote","jurisdictionCode":"IN-001","jurisdictionName":"Adams County","sourceGranularity":"county","standardSystem":"DREs with VVPAT for all voters","accessibleSystem":"DREs with VVPAT for all voters","absenteeSystem":"Hand-Fed Optical Scanners","pollBookSystem":"Commercial Electronic Poll Book","tabulation":"DRE","equipmentCodeMatched":true,"sourceDocumentId":"verified-voting-verifier-in-2024-equipment","sourceUrl":"https://verifiedvoting.org/verifier/#mode/navigate/map/voteEquip/mapType/ppEquip/year/2024/state/18"}},{"type":"Feature","bbox":[-85.448791503906,40.566680908203,-85.068420410156,40.917816162109],"geometry":{"type":"Polygon","coordinates":[[[-85.133605957031,40.917205810547],[-85.073852539062,40.917816162109],[-85.070129394531,40.743133544922],[-85.069396972656,40.655548095703],[-85.070373535156,40.655548095703],[-85.068420410156,40.568206787109],[-85.201171875,40.567108154297],[-85.333618164062,40.567169189453],[-85.446960449219,40.566680908203],[-85.448791503906,40.653594970703],[-85.33447265625,40.654388427734],[-85.3359375,40.917022705078],[-85.167053222656,40.916534423828],[-85.133605957031,40.917205810547]]]},"properties":{"_isDeleted":false,"AREA":"1.02242492798500E-01","PERIMETER":"1.45598829788423E+00","CO18_D00_":"24","CO18_D00_I":"23","STATE":"18","COUNTY":"179","NAME":"Wells","LSAD":"06","LSAD_TRANS":"County","CODE":"dren","CODE_ACC":"dren","CODE_ABS":"dren","CODE_EV":"dren","equipmentGroupLabel":"MicroVote - Jurisdiction does not use BMDs","equipmentSystemName":"Jurisdiction does not use BMDs","equipmentType":"DRE","equipmentVendor":"MicroVote","jurisdictionCode":"IN-179","jurisdictionName":"Wells County","sourceGranularity":"county","standardSystem":"DREs with VVPAT for all voters","accessibleSystem":"DREs with VVPAT for all voters","absenteeSystem":"Hand-Fed Optical Scanners","pollBookSystem":"Commercial Electronic Poll Book","tabulation":"DRE","equipmentCodeMatched":true,"sourceDocumentId":"verified-voting-verifier-in-2024-equipment","sourceUrl":"https://verifiedvoting.org/verifier/#mode/navigate/map/voteEquip/mapType/ppEquip/year/2024/state/18"}},{"type":"Feature","bbox":[-87.099731445312,40.561492919922,-86.580322265625,40.912506103516],"geometry":{"type":"Polygon","coordinates":[[[-86.795471191406,40.912506103516],[-86.696716308594,40.912261962891],[-86.581481933594,40.910949707031],[-86.580322265625,40.824920654297],[-86.581726074219,40.735748291016],[-86.747741699219,40.737518310547],[-86.757263183594,40.726989746094],[-86.748168945312,40.718719482422],[-86.758666992188,40.710205078125],[-86.761901855469,40.700103759766],[-86.753051757812,40.686828613281],[-86.762145996094,40.679534912109],[-86.742614746094,40.678375244141],[-86.75830078125,40.664245605469],[-86.7744140625,40.664001464844],[-86.772888183594,40.649139404297],[-86.771240234375,40.562042236328],[-86.911254882812,40.561492919922],[-87.002014160156,40.562225341797],[-87.09521484375,40.562896728516],[-87.097229003906,40.649444580078],[-87.096923828125,40.736358642578],[-87.098510742188,40.736541748047],[-87.099731445312,40.837585449219],[-86.986389160156,40.837890625],[-86.987487792969,40.912200927734],[-86.9306640625,40.912445068359],[-86.795471191406,40.912506103516]]]},"properties":{"_isDeleted":false,"AREA":"1.40473352380005E-01","PERIMETER":"1.78934409418271E+00","CO18_D00_":"25","CO18_D00_I":"24","STATE":"18","COUNTY":"181","NAME":"White","LSAD":"06","LSAD_TRANS":"County","CODE":"mpdn","CODE_ACC":"dren","CODE_ABS":"dren","CODE_EV":"mpdn","equipmentGroupLabel":"MicroVote - Jurisdiction does not use BMDs","equipmentSystemName":"Jurisdiction does not use BMDs","equipmentType":"DRE","equipmentVendor":"MicroVote","jurisdictionCode":"IN-181","jurisdictionName":"White County","sourceGranularity":"county","standardSystem":"DREs with VVPAT for all voters","accessibleSystem":"DREs with VVPAT for all voters","absenteeSystem":"Hand-Fed Optical Scanners","pollBookSystem":"Commercial Electronic Poll Book","tabulation":"DRE","equipmentCodeMatched":true,"sourceDocumentId":"verified-voting-verifier-in-2024-equipment","sourceUrl":"https://verifiedvoting.org/verifier/#mode/navigate/map/voteEquip/mapType/ppEquip/year/2024/state/18"}},{"type":"Feature","bbox":[-86.581726074219,40.561309814453,-86.165100097656,40.910949707031],"geometry":{"type":"Polygon","coordinates":[[[-86.581481933594,40.910949707031],[-86.468505859375,40.909851074219],[-86.331237792969,40.90966796875],[-86.242431640625,40.909118652344],[-86.169006347656,40.90966796875],[-86.167602539062,40.873016357422],[-86.168823242188,40.743499755859],[-86.165710449219,40.742889404297],[-86.166748046875,40.676605224609],[-86.165466308594,40.634063720703],[-86.165100097656,40.562713623047],[-86.242248535156,40.561859130859],[-86.374206542969,40.561309814453],[-86.373474121094,40.692596435547],[-86.525085449219,40.692352294922],[-86.525024414062,40.735443115234],[-86.581726074219,40.735748291016],[-86.580322265625,40.824920654297],[-86.581481933594,40.910949707031]]]},"properties":{"_isDeleted":false,"AREA":"1.14619707062500E-01","PERIMETER":"1.52949418142449E+00","CO18_D00_":"26","CO18_D00_I":"25","STATE":"18","COUNTY":"017","NAME":"Cass","LSAD":"06","LSAD_TRANS":"County","CODE":"dren","CODE_ACC":"dren","CODE_ABS":"dren","CODE_EV":"dren","equipmentGroupLabel":"Hart InterCivic - Hart InterCivic Verity Duo +","equipmentSystemName":"Hart InterCivic Verity Duo +","equipmentType":"Optical Scan","equipmentVendor":"Hart InterCivic","jurisdictionCode":"IN-017","jurisdictionName":"Cass County","sourceGranularity":"county","standardSystem":"Ballot Marking Devices for all voters","accessibleSystem":"Ballot Marking Devices for all voters","absenteeSystem":"Hand-Fed Optical Scanners","pollBookSystem":"In-House Electronic Poll Book","tabulation":"Optical Scan","equipmentCodeMatched":true,"sourceDocumentId":"verified-voting-verifier-in-2024-equipment","sourceUrl":"https://verifiedvoting.org/verifier/#mode/navigate/map/voteEquip/mapType/ppEquip/year/2024/state/18"}},{"type":"Feature","bbox":[-86.7744140625,40.430999755859,-86.373474121094,40.737518310547],"geometry":{"type":"Polygon","coordinates":[[[-86.7744140625,40.664001464844],[-86.75830078125,40.664245605469],[-86.742614746094,40.678375244141],[-86.762145996094,40.679534912109],[-86.753051757812,40.686828613281],[-86.761901855469,40.700103759766],[-86.758666992188,40.710205078125],[-86.748168945312,40.718719482422],[-86.757263183594,40.726989746094],[-86.747741699219,40.737518310547],[-86.581726074219,40.735748291016],[-86.525024414062,40.735443115234],[-86.525085449219,40.692352294922],[-86.373474121094,40.692596435547],[-86.374206542969,40.561309814453],[-86.375732421875,40.431854248047],[-86.468566894531,40.430999755859],[-86.694580078125,40.431976318359],[-86.6953125,40.556030273438],[-86.697509765625,40.561859130859],[-86.771240234375,40.562042236328],[-86.772888183594,40.649139404297],[-86.7744140625,40.664001464844]]]},"properties":{"_isDeleted":false,"AREA":"1.03336577350497E-01","PERIMETER":"1.45526846053348E+00","CO18_D00_":"27","CO18_D00_I":"26","STATE":"18","COUNTY":"015","NAME":"Carroll","LSAD":"06","LSAD_TRANS":"County","CODE":"mpdn","CODE_ACC":"dren","CODE_ABS":"dren","CODE_EV":"mpdn","equipmentGroupLabel":"ES&S - ES&S ExpressVote +","equipmentSystemName":"ES&S ExpressVote +","equipmentType":"Optical Scan","equipmentVendor":"ES&S","jurisdictionCode":"IN-015","jurisdictionName":"Carroll County","sourceGranularity":"county","standardSystem":"Ballot Marking Devices for all voters","accessibleSystem":"Ballot Marking Devices for all voters","absenteeSystem":"Hand-Fed Optical Scanners","pollBookSystem":"In-House Electronic Poll Book","tabulation":"Optical Scan","equipmentCodeMatched":true,"sourceDocumentId":"verified-voting-verifier-in-2024-equipment","sourceUrl":"https://verifiedvoting.org/verifier/#mode/navigate/map/voteEquip/mapType/ppEquip/year/2024/state/18"}},{"type":"Feature","bbox":[-87.526489257812,40.475616455078,-87.093688964844,40.736907958984],"geometry":{"type":"Polygon","coordinates":[[[-87.363037109375,40.736480712891],[-87.267333984375,40.736480712891],[-87.098510742188,40.736541748047],[-87.096923828125,40.736358642578],[-87.097229003906,40.649444580078],[-87.09521484375,40.562896728516],[-87.093688964844,40.475738525391],[-87.206726074219,40.475616455078],[-87.377502441406,40.476898193359],[-87.518005371094,40.477203369141],[-87.526489257812,40.477142333984],[-87.526123046875,40.736907958984],[-87.363037109375,40.736480712891]]]},"properties":{"_isDeleted":false,"AREA":"1.11986203834501E-01","PERIMETER":"1.38246580746434E+00","CO18_D00_":"28","CO18_D00_I":"27","STATE":"18","COUNTY":"007","NAME":"Benton","LSAD":"06","LSAD_TRANS":"County","CODE":"mpdn","CODE_ACC":"dren","CODE_ABS":"dren","CODE_EV":"mpdn","equipmentGroupLabel":"Hart InterCivic - Hart InterCivic Verity Duo +","equipmentSystemName":"Hart InterCivic Verity Duo +","equipmentType":"Optical Scan","equipmentVendor":"Hart InterCivic","jurisdictionCode":"IN-007","jurisdictionName":"Benton County","sourceGranularity":"county","standardSystem":"Ballot Marking Devices for all voters","accessibleSystem":"Ballot Marking Devices for all voters","absenteeSystem":"Hand-Fed Optical Scanners","pollBookSystem":"In-House Electronic Poll Book","tabulation":"Optical Scan","equipmentCodeMatched":true,"sourceDocumentId":"verified-voting-verifier-in-2024-equipment","sourceUrl":"https://verifiedvoting.org/verifier/#mode/navigate/map/voteEquip/mapType/ppEquip/year/2024/state/18"}},{"type":"Feature","bbox":[-85.86474609375,40.378356933594,-85.444274902344,40.653594970703],"geometry":{"type":"Polygon","coordinates":[[[-85.463623046875,40.653533935547],[-85.448791503906,40.653594970703],[-85.446960449219,40.566680908203],[-85.444274902344,40.379150390625],[-85.559326171875,40.378662109375],[-85.578491210938,40.379516601562],[-85.652709960938,40.379516601562],[-85.690185546875,40.378479003906],[-85.765869140625,40.379150390625],[-85.862243652344,40.378356933594],[-85.862182617188,40.406829833984],[-85.864379882812,40.551391601562],[-85.86376953125,40.565582275391],[-85.86474609375,40.651824951172],[-85.638549804688,40.652984619141],[-85.463623046875,40.653533935547]]]},"properties":{"_isDeleted":false,"AREA":"1.14175572447999E-01","PERIMETER":"1.38258593021137E+00","CO18_D00_":"29","CO18_D00_I":"28","STATE":"18","COUNTY":"053","NAME":"Grant","LSAD":"06","LSAD_TRANS":"County","CODE":"dren","CODE_ACC":"dren","CODE_ABS":"dren","CODE_EV":"dren","equipmentGroupLabel":"MicroVote - Jurisdiction does not use BMDs","equipmentSystemName":"Jurisdiction does not use BMDs","equipmentType":"DRE","equipmentVendor":"MicroVote","jurisdictionCode":"IN-053","jurisdictionName":"Grant County","sourceGranularity":"county","standardSystem":"DREs with VVPAT for all voters","accessibleSystem":"DREs with VVPAT for all voters","absenteeSystem":"Hand-Fed Optical Scanners","pollBookSystem":"Commercial Electronic Poll Book","tabulation":"DRE","equipmentCodeMatched":true,"sourceDocumentId":"verified-voting-verifier-in-2024-equipment","sourceUrl":"https://verifiedvoting.org/verifier/#mode/navigate/map/voteEquip/mapType/ppEquip/year/2024/state/18"}},{"type":"Feature","bbox":[-85.219848632812,40.306701660156,-84.802185058594,40.572204589844],"geometry":{"type":"Polygon","coordinates":[[[-84.803894042969,40.310119628906],[-84.808715820312,40.31005859375],[-85.017517089844,40.30908203125],[-85.218688964844,40.306701660156],[-85.219848632812,40.379150390625],[-85.206665039062,40.379272460938],[-85.206481933594,40.479400634766],[-85.200805664062,40.479461669922],[-85.201171875,40.567108154297],[-85.068420410156,40.568206787109],[-84.959411621094,40.570190429688],[-84.802185058594,40.572204589844],[-84.802490234375,40.501800537109],[-84.804443359375,40.411529541016],[-84.803894042969,40.310119628906]]]},"properties":{"_isDeleted":false,"AREA":"1.05518795468494E-01","PERIMETER":"1.35506799435202E+00","CO18_D00_":"30","CO18_D00_I":"29","STATE":"18","COUNTY":"075","NAME":"Jay","LSAD":"06","LSAD_TRANS":"County","CODE":"dren","CODE_ACC":"dren","CODE_ABS":"dren","CODE_EV":"dren","equipmentGroupLabel":"MicroVote - Jurisdiction does not use BMDs","equipmentSystemName":"Jurisdiction does not use BMDs","equipmentType":"DRE","equipmentVendor":"MicroVote","jurisdictionCode":"IN-075","jurisdictionName":"Jay County","sourceGranularity":"county","standardSystem":"DREs with VVPAT for all voters","accessibleSystem":"DREs with VVPAT for all voters","absenteeSystem":"Hand-Fed Optical Scanners","pollBookSystem":"Commercial Electronic Poll Book","tabulation":"DRE","equipmentCodeMatched":true,"sourceDocumentId":"verified-voting-verifier-in-2024-equipment","sourceUrl":"https://verifiedvoting.org/verifier/#mode/navigate/map/voteEquip/mapType/ppEquip/year/2024/state/18"}},{"type":"Feature","bbox":[-85.446960449219,40.378173828125,-85.200805664062,40.567169189453],"geometry":{"type":"Polygon","coordinates":[[[-85.333618164062,40.567169189453],[-85.201171875,40.567108154297],[-85.200805664062,40.479461669922],[-85.206481933594,40.479400634766],[-85.206665039062,40.379272460938],[-85.219848632812,40.379150390625],[-85.331665039062,40.378173828125],[-85.444274902344,40.379150390625],[-85.446960449219,40.566680908203],[-85.333618164062,40.567169189453]]]},"properties":{"_isDeleted":false,"AREA":"4.55121634514946E-02","PERIMETER":"8.65427769490266E-01","CO18_D00_":"31","CO18_D00_I":"30","STATE":"18","COUNTY":"009","NAME":"Blackford","LSAD":"06","LSAD_TRANS":"County","CODE":"dren","CODE_ACC":"dren","CODE_ABS":"dren","CODE_EV":"dren","equipmentGroupLabel":"MicroVote - Jurisdiction does not use BMDs","equipmentSystemName":"Jurisdiction does not use BMDs","equipmentType":"DRE","equipmentVendor":"MicroVote","jurisdictionCode":"IN-009","jurisdictionName":"Blackford County","sourceGranularity":"county","standardSystem":"DREs with VVPAT for all voters","accessibleSystem":"DREs with VVPAT for all voters","absenteeSystem":"Hand-Fed Optical Scanners","pollBookSystem":"Commercial Electronic Poll Book","tabulation":"DRE","equipmentCodeMatched":true,"sourceDocumentId":"verified-voting-verifier-in-2024-equipment","sourceUrl":"https://verifiedvoting.org/verifier/#mode/navigate/map/voteEquip/mapType/ppEquip/year/2024/state/18"}},{"type":"Feature","bbox":[-86.375732421875,40.373779296875,-85.862182617188,40.565582275391],"geometry":{"type":"Polygon","coordinates":[[[-85.873229980469,40.565399169922],[-85.86376953125,40.565582275391],[-85.864379882812,40.551391601562],[-85.862182617188,40.406829833984],[-85.975402832031,40.406219482422],[-86.242736816406,40.402893066406],[-86.242980957031,40.373840332031],[-86.28076171875,40.373779296875],[-86.28076171875,40.388336181641],[-86.309265136719,40.388336181641],[-86.309448242188,40.431671142578],[-86.328308105469,40.431793212891],[-86.375732421875,40.431854248047],[-86.374206542969,40.561309814453],[-86.242248535156,40.561859130859],[-86.165100097656,40.562713623047],[-85.873229980469,40.565399169922]]]},"properties":{"_isDeleted":false,"AREA":"8.08389113990061E-02","PERIMETER":"1.39876063463172E+00","CO18_D00_":"32","CO18_D00_I":"31","STATE":"18","COUNTY":"067","NAME":"Howard","LSAD":"06","LSAD_TRANS":"County","CODE":"pbvs","CODE_ACC":"bmds","CODE_ABS":"bmds","CODE_EV":"pbvs","equipmentGroupLabel":"ES&S - ES&S ExpressVote +","equipmentSystemName":"ES&S ExpressVote +","equipmentType":"Optical Scan","equipmentVendor":"ES&S","jurisdictionCode":"IN-067","jurisdictionName":"Howard County","sourceGranularity":"county","standardSystem":"Hand marked paper ballots, BMDs for accessibility","accessibleSystem":"Ballot Marking Devices for all voters","absenteeSystem":"Batch-Fed Optical Scanners","pollBookSystem":"Commercial Electronic Poll Book","tabulation":"Optical Scan","equipmentCodeMatched":true,"sourceDocumentId":"verified-voting-verifier-in-2024-equipment","sourceUrl":"https://verifiedvoting.org/verifier/#mode/navigate/map/voteEquip/mapType/ppEquip/year/2024/state/18"}},{"type":"Feature","bbox":[-87.09521484375,40.214385986328,-86.694580078125,40.562896728516],"geometry":{"type":"Polygon","coordinates":[[[-87.002014160156,40.562225341797],[-86.911254882812,40.561492919922],[-86.771240234375,40.562042236328],[-86.697509765625,40.561859130859],[-86.6953125,40.556030273438],[-86.694580078125,40.431976318359],[-86.695739746094,40.214385986328],[-86.937683105469,40.214996337891],[-87.092224121094,40.214813232422],[-87.0927734375,40.330627441406],[-87.092041015625,40.353210449219],[-87.092163085938,40.366424560547],[-87.092529296875,40.475738525391],[-87.093688964844,40.475738525391],[-87.09521484375,40.562896728516],[-87.002014160156,40.562225341797]]]},"properties":{"_isDeleted":false,"AREA":"1.38188765251010E-01","PERIMETER":"1.49179785972921E+00","CO18_D00_":"33","CO18_D00_I":"32","STATE":"18","COUNTY":"157","NAME":"Tippecanoe","LSAD":"06","LSAD_TRANS":"County","CODE":"dren","CODE_ACC":"dren","CODE_ABS":"dren","CODE_EV":"dren","equipmentGroupLabel":"MicroVote - Jurisdiction does not use BMDs","equipmentSystemName":"Jurisdiction does not use BMDs","equipmentType":"DRE","equipmentVendor":"MicroVote","jurisdictionCode":"IN-157","jurisdictionName":"Tippecanoe County","sourceGranularity":"county","standardSystem":"DREs with VVPAT for all voters","accessibleSystem":"DREs with VVPAT for all voters","absenteeSystem":"Hand-Fed Optical Scanners","pollBookSystem":"Commercial Electronic Poll Book","tabulation":"DRE","equipmentCodeMatched":true,"sourceDocumentId":"verified-voting-verifier-in-2024-equipment","sourceUrl":"https://verifiedvoting.org/verifier/#mode/navigate/map/voteEquip/mapType/ppEquip/year/2024/state/18"}},{"type":"Feature","bbox":[-87.531433105469,40.127410888672,-87.092163085938,40.477203369141],"geometry":{"type":"Polygon","coordinates":[[[-87.518005371094,40.477203369141],[-87.377502441406,40.476898193359],[-87.206726074219,40.475616455078],[-87.093688964844,40.475738525391],[-87.092529296875,40.475738525391],[-87.092163085938,40.366424560547],[-87.106201171875,40.354675292969],[-87.131530761719,40.340545654297],[-87.153503417969,40.334838867188],[-87.173278808594,40.333923339844],[-87.185974121094,40.326904296875],[-87.208740234375,40.321136474609],[-87.234069824219,40.310729980469],[-87.244873046875,40.309265136719],[-87.249267578125,40.299591064453],[-87.281372070312,40.278350830078],[-87.294128417969,40.257965087891],[-87.314453125,40.248291015625],[-87.334045410156,40.226928710938],[-87.357604980469,40.210845947266],[-87.392944335938,40.202697753906],[-87.403869628906,40.195983886719],[-87.419860839844,40.192230224609],[-87.437072753906,40.169708251953],[-87.430419921875,40.151428222656],[-87.405578613281,40.140167236328],[-87.406616210938,40.127532958984],[-87.490539550781,40.127410888672],[-87.490417480469,40.148406982422],[-87.526550292969,40.148162841797],[-87.531433105469,40.148040771484],[-87.526489257812,40.477142333984],[-87.518005371094,40.477203369141]]]},"properties":{"_isDeleted":false,"AREA":"1.00641561601506E-01","PERIMETER":"1.50195281317047E+00","CO18_D00_":"34","CO18_D00_I":"33","STATE":"18","COUNTY":"171","NAME":"Warren","LSAD":"06","LSAD_TRANS":"County","CODE":"dren","CODE_ACC":"dren","CODE_ABS":"dren","CODE_EV":"dren","equipmentGroupLabel":"Hart InterCivic - Hart InterCivic Verity Duo +","equipmentSystemName":"Hart InterCivic Verity Duo +","equipmentType":"Optical Scan","equipmentVendor":"Hart InterCivic","jurisdictionCode":"IN-171","jurisdictionName":"Warren County","sourceGranularity":"county","standardSystem":"Ballot Marking Devices for all voters","accessibleSystem":"Ballot Marking Devices for all voters","absenteeSystem":"Hand-Fed Optical Scanners","pollBookSystem":"In-House Electronic Poll Book","tabulation":"Optical Scan","equipmentCodeMatched":true,"sourceDocumentId":"verified-voting-verifier-in-2024-equipment","sourceUrl":"https://verifiedvoting.org/verifier/#mode/navigate/map/voteEquip/mapType/ppEquip/year/2024/state/18"}},{"type":"Feature","bbox":[-86.69580078125,40.176879882812,-86.242248535156,40.431976318359],"geometry":{"type":"Polygon","coordinates":[[[-86.328308105469,40.431793212891],[-86.309448242188,40.431671142578],[-86.309265136719,40.388336181641],[-86.28076171875,40.388336181641],[-86.28076171875,40.373779296875],[-86.242980957031,40.373840332031],[-86.24267578125,40.215850830078],[-86.242248535156,40.180786132812],[-86.398864746094,40.17724609375],[-86.467834472656,40.176879882812],[-86.69580078125,40.178649902344],[-86.695739746094,40.214385986328],[-86.694580078125,40.431976318359],[-86.468566894531,40.430999755859],[-86.375732421875,40.431854248047],[-86.328308105469,40.431793212891]]]},"properties":{"_isDeleted":false,"AREA":"1.11198744377998E-01","PERIMETER":"1.40939315800151E+00","CO18_D00_":"35","CO18_D00_I":"34","STATE":"18","COUNTY":"023","NAME":"Clinton","LSAD":"06","LSAD_TRANS":"County","CODE":"dren","CODE_ACC":"dren","CODE_ABS":"dren","CODE_EV":"dren","equipmentGroupLabel":"MicroVote - Jurisdiction does not use BMDs","equipmentSystemName":"Jurisdiction does not use BMDs","equipmentType":"DRE","equipmentVendor":"MicroVote","jurisdictionCode":"IN-023","jurisdictionName":"Clinton County","sourceGranularity":"county","standardSystem":"DREs with VVPAT for all voters","accessibleSystem":"DREs with VVPAT for all voters","absenteeSystem":"Hand-Fed Optical Scanners","pollBookSystem":"Commercial Electronic Poll Book","tabulation":"DRE","equipmentCodeMatched":true,"sourceDocumentId":"verified-voting-verifier-in-2024-equipment","sourceUrl":"https://verifiedvoting.org/verifier/#mode/navigate/map/voteEquip/mapType/ppEquip/year/2024/state/18"}},{"type":"Feature","bbox":[-86.242980957031,40.215850830078,-85.860229492188,40.406829833984],"geometry":{"type":"Polygon","coordinates":[[[-85.862182617188,40.406829833984],[-85.862243652344,40.378356933594],[-85.861206054688,40.305786132812],[-85.860229492188,40.305786132812],[-85.861877441406,40.218933105469],[-85.877685546875,40.218811035156],[-86.098937988281,40.217651367188],[-86.24267578125,40.215850830078],[-86.242980957031,40.373840332031],[-86.242736816406,40.402893066406],[-85.975402832031,40.406219482422],[-85.862182617188,40.406829833984]]]},"properties":{"_isDeleted":false,"AREA":"7.14594280929922E-02","PERIMETER":"1.13737594463655E+00","CO18_D00_":"36","CO18_D00_I":"35","STATE":"18","COUNTY":"159","NAME":"Tipton","LSAD":"06","LSAD_TRANS":"County","CODE":"dren","CODE_ACC":"dren","CODE_ABS":"dren","CODE_EV":"dren","equipmentGroupLabel":"MicroVote - Jurisdiction does not use BMDs","equipmentSystemName":"Jurisdiction does not use BMDs","equipmentType":"DRE","equipmentVendor":"MicroVote","jurisdictionCode":"IN-159","jurisdictionName":"Tipton County","sourceGranularity":"county","standardSystem":"DREs with VVPAT for all voters","accessibleSystem":"DREs with VVPAT for all voters","absenteeSystem":"Hand-Fed Optical Scanners","pollBookSystem":"Commercial Electronic Poll Book","tabulation":"DRE","equipmentCodeMatched":true,"sourceDocumentId":"verified-voting-verifier-in-2024-equipment","sourceUrl":"https://verifiedvoting.org/verifier/#mode/navigate/map/voteEquip/mapType/ppEquip/year/2024/state/18"}},{"type":"Feature","bbox":[-85.863525390625,39.943634033203,-85.575805664062,40.379516601562],"geometry":{"type":"Polygon","coordinates":[[[-85.652709960938,40.379516601562],[-85.578491210938,40.379516601562],[-85.575805664062,40.248229980469],[-85.576110839844,40.077117919922],[-85.576293945312,39.945831298828],[-85.615356445312,39.945953369141],[-85.786682128906,39.944610595703],[-85.862426757812,39.943634033203],[-85.86181640625,39.961364746094],[-85.863525390625,40.132568359375],[-85.861877441406,40.218933105469],[-85.860229492188,40.305786132812],[-85.861206054688,40.305786132812],[-85.862243652344,40.378356933594],[-85.765869140625,40.379150390625],[-85.690185546875,40.378479003906],[-85.652709960938,40.379516601562]]]},"properties":{"_isDeleted":false,"AREA":"1.23999802181997E-01","PERIMETER":"1.44008039505398E+00","CO18_D00_":"37","CO18_D00_I":"36","STATE":"18","COUNTY":"095","NAME":"Madison","LSAD":"06","LSAD_TRANS":"County","CODE":"dren","CODE_ACC":"dren","CODE_ABS":"dren","CODE_EV":"dren","equipmentGroupLabel":"ES&S - ES&S ExpressVote +","equipmentSystemName":"ES&S ExpressVote +","equipmentType":"Optical Scan","equipmentVendor":"ES&S","jurisdictionCode":"IN-095","jurisdictionName":"Madison County","sourceGranularity":"county","standardSystem":"Ballot Marking Devices for all voters","accessibleSystem":"Ballot Marking Devices for all voters","absenteeSystem":"Batch-Fed Optical Scanners","pollBookSystem":"In-House Electronic Poll Book","tabulation":"Optical Scan","equipmentCodeMatched":true,"sourceDocumentId":"verified-voting-verifier-in-2024-equipment","sourceUrl":"https://verifiedvoting.org/verifier/#mode/navigate/map/voteEquip/mapType/ppEquip/year/2024/state/18"}},{"type":"Feature","bbox":[-85.578491210938,40.076446533203,-85.21435546875,40.379516601562],"geometry":{"type":"Polygon","coordinates":[[[-85.559326171875,40.378662109375],[-85.444274902344,40.379150390625],[-85.331665039062,40.378173828125],[-85.219848632812,40.379150390625],[-85.218688964844,40.306701660156],[-85.21435546875,40.076934814453],[-85.366027832031,40.076446533203],[-85.576110839844,40.077117919922],[-85.575805664062,40.248229980469],[-85.578491210938,40.379516601562],[-85.559326171875,40.378662109375]]]},"properties":{"_isDeleted":false,"AREA":"1.08492268743504E-01","PERIMETER":"1.32651766601483E+00","CO18_D00_":"38","CO18_D00_I":"37","STATE":"18","COUNTY":"035","NAME":"Delaware","LSAD":"06","LSAD_TRANS":"County","CODE":"dren","CODE_ACC":"dren","CODE_ABS":"dren","CODE_EV":"dren","equipmentGroupLabel":"MicroVote - Jurisdiction does not use BMDs","equipmentSystemName":"Jurisdiction does not use BMDs","equipmentType":"DRE","equipmentVendor":"MicroVote","jurisdictionCode":"IN-035","jurisdictionName":"Delaware County","sourceGranularity":"county","standardSystem":"DREs with VVPAT for all voters","accessibleSystem":"DREs with VVPAT for all voters","absenteeSystem":"Hand-Fed Optical Scanners","pollBookSystem":"Commercial Electronic Poll Book","tabulation":"DRE","equipmentCodeMatched":true,"sourceDocumentId":"verified-voting-verifier-in-2024-equipment","sourceUrl":"https://verifiedvoting.org/verifier/#mode/navigate/map/voteEquip/mapType/ppEquip/year/2024/state/18"}},{"type":"Feature","bbox":[-87.43994140625,39.952453613281,-87.090148925781,40.366424560547],"geometry":{"type":"Polygon","coordinates":[[[-87.092041015625,40.353210449219],[-87.0927734375,40.330627441406],[-87.092224121094,40.214813232422],[-87.091857910156,40.087158203125],[-87.090148925781,39.960571289062],[-87.091003417969,39.953002929688],[-87.189575195312,39.953369140625],[-87.420227050781,39.952453613281],[-87.43994140625,39.961364746094],[-87.430236816406,39.970977783203],[-87.427673339844,39.986663818359],[-87.433349609375,39.994171142578],[-87.434936523438,40.026428222656],[-87.424499511719,40.039337158203],[-87.431457519531,40.047729492188],[-87.417419433594,40.058685302734],[-87.407897949219,40.1064453125],[-87.406616210938,40.127532958984],[-87.405578613281,40.140167236328],[-87.430419921875,40.151428222656],[-87.437072753906,40.169708251953],[-87.419860839844,40.192230224609],[-87.403869628906,40.195983886719],[-87.392944335938,40.202697753906],[-87.357604980469,40.210845947266],[-87.334045410156,40.226928710938],[-87.314453125,40.248291015625],[-87.294128417969,40.257965087891],[-87.281372070312,40.278350830078],[-87.249267578125,40.299591064453],[-87.244873046875,40.309265136719],[-87.234069824219,40.310729980469],[-87.208740234375,40.321136474609],[-87.185974121094,40.326904296875],[-87.173278808594,40.333923339844],[-87.153503417969,40.334838867188],[-87.131530761719,40.340545654297],[-87.106201171875,40.354675292969],[-87.092163085938,40.366424560547],[-87.092041015625,40.353210449219]]]},"properties":{"_isDeleted":false,"AREA":"1.08883803214997E-01","PERIMETER":"1.44310171719192E+00","CO18_D00_":"39","CO18_D00_I":"38","STATE":"18","COUNTY":"045","NAME":"Fountain","LSAD":"06","LSAD_TRANS":"County","CODE":"dren","CODE_ACC":"dren","CODE_ABS":"dren","CODE_EV":"dren","equipmentGroupLabel":"Hart InterCivic - Hart InterCivic Verity Duo +","equipmentSystemName":"Hart InterCivic Verity Duo +","equipmentType":"Optical Scan","equipmentVendor":"Hart InterCivic","jurisdictionCode":"IN-045","jurisdictionName":"Fountain County","sourceGranularity":"county","standardSystem":"Ballot Marking Devices for all voters","accessibleSystem":"Ballot Marking Devices for all voters","absenteeSystem":"Hand-Fed Optical Scanners","pollBookSystem":"In-House Electronic Poll Book","tabulation":"Optical Scan","equipmentCodeMatched":true,"sourceDocumentId":"verified-voting-verifier-in-2024-equipment","sourceUrl":"https://verifiedvoting.org/verifier/#mode/navigate/map/voteEquip/mapType/ppEquip/year/2024/state/18"}},{"type":"Feature","bbox":[-85.218688964844,40.00439453125,-84.803894042969,40.310119628906],"geometry":{"type":"Polygon","coordinates":[[[-84.808715820312,40.31005859375],[-84.803894042969,40.310119628906],[-84.80615234375,40.197998046875],[-84.808227539062,40.129028320312],[-84.810913085938,40.004943847656],[-84.856506347656,40.005798339844],[-85.121643066406,40.00439453125],[-85.201416015625,40.004516601562],[-85.213500976562,40.00439453125],[-85.21435546875,40.076934814453],[-85.218688964844,40.306701660156],[-85.017517089844,40.30908203125],[-84.808715820312,40.31005859375]]]},"properties":{"_isDeleted":false,"AREA":"1.24080958615442E-01","PERIMETER":"1.42589363124683E+00","CO18_D00_":"40","CO18_D00_I":"39","STATE":"18","COUNTY":"135","NAME":"Randolph","LSAD":"06","LSAD_TRANS":"County","CODE":"dren","CODE_ACC":"dren","CODE_ABS":"dren","CODE_EV":"dren","equipmentGroupLabel":"MicroVote - Jurisdiction does not use BMDs","equipmentSystemName":"Jurisdiction does not use BMDs","equipmentType":"DRE","equipmentVendor":"MicroVote","jurisdictionCode":"IN-135","jurisdictionName":"Randolph County","sourceGranularity":"county","standardSystem":"DREs with VVPAT for all voters","accessibleSystem":"DREs with VVPAT for all voters","absenteeSystem":"Hand-Fed Optical Scanners","pollBookSystem":"Commercial Electronic Poll Book","tabulation":"DRE","equipmentCodeMatched":true,"sourceDocumentId":"verified-voting-verifier-in-2024-equipment","sourceUrl":"https://verifiedvoting.org/verifier/#mode/navigate/map/voteEquip/mapType/ppEquip/year/2024/state/18"}},{"type":"Feature","bbox":[-86.24267578125,39.925933837891,-85.86181640625,40.218933105469],"geometry":{"type":"Polygon","coordinates":[[[-85.877685546875,40.218811035156],[-85.861877441406,40.218933105469],[-85.863525390625,40.132568359375],[-85.86181640625,39.961364746094],[-85.862426757812,39.943634033203],[-85.8623046875,39.928924560547],[-85.937561035156,39.927154541016],[-86.103271484375,39.926605224609],[-86.164978027344,39.926849365234],[-86.240661621094,39.925933837891],[-86.240783691406,40.008819580078],[-86.242248535156,40.180786132812],[-86.24267578125,40.215850830078],[-86.098937988281,40.217651367188],[-85.877685546875,40.218811035156]]]},"properties":{"_isDeleted":false,"AREA":"1.10121110022493E-01","PERIMETER":"1.33967894511703E+00","CO18_D00_":"41","CO18_D00_I":"40","STATE":"18","COUNTY":"057","NAME":"Hamilton","LSAD":"06","LSAD_TRANS":"County","CODE":"dren","CODE_ACC":"dren","CODE_ABS":"dren","CODE_EV":"dren","equipmentGroupLabel":"MicroVote - Jurisdiction does not use BMDs","equipmentSystemName":"Jurisdiction does not use BMDs","equipmentType":"DRE","equipmentVendor":"MicroVote","jurisdictionCode":"IN-057","jurisdictionName":"Hamilton County","sourceGranularity":"county","standardSystem":"DREs with VVPAT for all voters","accessibleSystem":"DREs with VVPAT for all voters","absenteeSystem":"Hand-Fed Optical Scanners","pollBookSystem":"Commercial Electronic Poll Book","tabulation":"DRE","equipmentCodeMatched":true,"sourceDocumentId":"verified-voting-verifier-in-2024-equipment","sourceUrl":"https://verifiedvoting.org/verifier/#mode/navigate/map/voteEquip/mapType/ppEquip/year/2024/state/18"}},{"type":"Feature","bbox":[-87.092224121094,39.864868164062,-86.695129394531,40.214996337891],"geometry":{"type":"Polygon","coordinates":[[[-86.937683105469,40.214996337891],[-86.695739746094,40.214385986328],[-86.69580078125,40.178649902344],[-86.69580078125,40.010406494141],[-86.695190429688,39.922821044922],[-86.695129394531,39.864868164062],[-86.801635742188,39.865112304688],[-87.009399414062,39.86669921875],[-87.091552734375,39.867248535156],[-87.091003417969,39.953002929688],[-87.090148925781,39.960571289062],[-87.091857910156,40.087158203125],[-87.092224121094,40.214813232422],[-86.937683105469,40.214996337891]]]},"properties":{"_isDeleted":false,"AREA":"1.38118449682500E-01","PERIMETER":"1.49070610220492E+00","CO18_D00_":"42","CO18_D00_I":"41","STATE":"18","COUNTY":"107","NAME":"Montgomery","LSAD":"06","LSAD_TRANS":"County","CODE":"mpdn","CODE_ACC":"dren","CODE_ABS":"dren","CODE_EV":"mpdn","equipmentGroupLabel":"Unisyn - Unisyn OpenElect FVT + Unisyn OpenElect OVI-VC +","equipmentSystemName":"Unisyn OpenElect FVT + Unisyn OpenElect OVI-VC +","equipmentType":"Optical Scan","equipmentVendor":"Unisyn","jurisdictionCode":"IN-107","jurisdictionName":"Montgomery County","sourceGranularity":"county","standardSystem":"Ballot Marking Devices for all voters","accessibleSystem":"Ballot Marking Devices for all voters","absenteeSystem":"Batch-Fed Optical Scanners","pollBookSystem":"In-House Electronic Poll Book","tabulation":"Optical Scan","equipmentCodeMatched":true,"sourceDocumentId":"verified-voting-verifier-in-2024-equipment","sourceUrl":"https://verifiedvoting.org/verifier/#mode/navigate/map/voteEquip/mapType/ppEquip/year/2024/state/18"}},{"type":"Feature","bbox":[-86.69580078125,39.922821044922,-86.240661621094,40.180786132812],"geometry":{"type":"Polygon","coordinates":[[[-86.242248535156,40.180786132812],[-86.240783691406,40.008819580078],[-86.240661621094,39.925933837891],[-86.326232910156,39.924041748047],[-86.344543457031,39.924163818359],[-86.47314453125,39.922821044922],[-86.6572265625,39.923126220703],[-86.695190429688,39.922821044922],[-86.69580078125,40.010406494141],[-86.69580078125,40.178649902344],[-86.467834472656,40.176879882812],[-86.398864746094,40.17724609375],[-86.242248535156,40.180786132812]]]},"properties":{"_isDeleted":false,"AREA":"1.15701015434995E-01","PERIMETER":"1.41893372165671E+00","CO18_D00_":"43","CO18_D00_I":"42","STATE":"18","COUNTY":"011","NAME":"Boone","LSAD":"06","LSAD_TRANS":"County","CODE":"dren","CODE_ACC":"dren","CODE_ABS":"dren","CODE_EV":"dren","equipmentGroupLabel":"MicroVote - Jurisdiction does not use BMDs","equipmentSystemName":"Jurisdiction does not use BMDs","equipmentType":"DRE","equipmentVendor":"MicroVote","jurisdictionCode":"IN-011","jurisdictionName":"Boone County","sourceGranularity":"county","standardSystem":"DREs with VVPAT for all voters","accessibleSystem":"DREs with VVPAT for all voters","absenteeSystem":"Hand-Fed Optical Scanners","pollBookSystem":"Commercial Electronic Poll Book","tabulation":"DRE","equipmentCodeMatched":true,"sourceDocumentId":"verified-voting-verifier-in-2024-equipment","sourceUrl":"https://verifiedvoting.org/verifier/#mode/navigate/map/voteEquip/mapType/ppEquip/year/2024/state/18"}},{"type":"Feature","bbox":[-87.533203125,39.607238769531,-87.353820800781,40.148406982422],"geometry":{"type":"Polygon","coordinates":[[[-87.526550292969,40.148162841797],[-87.490417480469,40.148406982422],[-87.490539550781,40.127410888672],[-87.406616210938,40.127532958984],[-87.407897949219,40.1064453125],[-87.417419433594,40.058685302734],[-87.431457519531,40.047729492188],[-87.424499511719,40.039337158203],[-87.434936523438,40.026428222656],[-87.433349609375,39.994171142578],[-87.427673339844,39.986663818359],[-87.430236816406,39.970977783203],[-87.43994140625,39.961364746094],[-87.420227050781,39.952453613281],[-87.422302246094,39.944793701172],[-87.433654785156,39.935180664062],[-87.419067382812,39.925689697266],[-87.40673828125,39.928497314453],[-87.412963867188,39.917724609375],[-87.407531738281,39.911926269531],[-87.378601074219,39.902740478516],[-87.367980957031,39.888610839844],[-87.379089355469,39.876983642578],[-87.367919921875,39.867614746094],[-87.353820800781,39.862091064453],[-87.366333007812,39.842834472656],[-87.385498046875,39.833343505859],[-87.384948730469,39.810577392578],[-87.374572753906,39.792388916016],[-87.374633789062,39.776550292969],[-87.380554199219,39.766754150391],[-87.377136230469,39.746063232422],[-87.383972167969,39.720306396484],[-87.3798828125,39.707000732422],[-87.381530761719,39.693420410156],[-87.390625,39.673400878906],[-87.388305664062,39.665161132812],[-87.395568847656,39.653594970703],[-87.392272949219,39.635345458984],[-87.381469726562,39.617340087891],[-87.382385253906,39.60791015625],[-87.532165527344,39.607238769531],[-87.53271484375,39.664855957031],[-87.533203125,39.883148193359],[-87.531433105469,40.148040771484],[-87.526550292969,40.148162841797]]]},"properties":{"_isDeleted":false,"AREA":"7.08529961707765E-02","PERIMETER":"1.52303943998457E+00","CO18_D00_":"44","CO18_D00_I":"43","STATE":"18","COUNTY":"165","NAME":"Vermillion","LSAD":"06","LSAD_TRANS":"County","CODE":"mpdn","CODE_ACC":"dren","CODE_ABS":"dren","CODE_EV":"mpdn","equipmentGroupLabel":"MicroVote - Jurisdiction does not use BMDs","equipmentSystemName":"Jurisdiction does not use BMDs","equipmentType":"DRE","equipmentVendor":"MicroVote","jurisdictionCode":"IN-165","jurisdictionName":"Vermillion County","sourceGranularity":"county","standardSystem":"DREs with VVPAT for all voters","accessibleSystem":"DREs with VVPAT for all voters","absenteeSystem":"Hand-Fed Optical Scanners","pollBookSystem":"Commercial Electronic Poll Book","tabulation":"DRE","equipmentCodeMatched":true,"sourceDocumentId":"verified-voting-verifier-in-2024-equipment","sourceUrl":"https://verifiedvoting.org/verifier/#mode/navigate/map/voteEquip/mapType/ppEquip/year/2024/state/18"}},{"type":"Feature","bbox":[-85.596801757812,39.786407470703,-85.200256347656,40.077117919922],"geometry":{"type":"Polygon","coordinates":[[[-85.366027832031,40.076446533203],[-85.21435546875,40.076934814453],[-85.213500976562,40.00439453125],[-85.201416015625,40.004516601562],[-85.200256347656,39.960815429688],[-85.200866699219,39.873779296875],[-85.220581054688,39.873596191406],[-85.221008300781,39.788421630859],[-85.301513671875,39.787506103516],[-85.305114746094,39.787506103516],[-85.447814941406,39.787445068359],[-85.544799804688,39.786407470703],[-85.596801757812,39.786529541016],[-85.596618652344,39.872924804688],[-85.576965332031,39.872497558594],[-85.576293945312,39.945831298828],[-85.576110839844,40.077117919922],[-85.366027832031,40.076446533203]]]},"properties":{"_isDeleted":false,"AREA":"1.07755460836501E-01","PERIMETER":"1.36912488865091E+00","CO18_D00_":"45","CO18_D00_I":"44","STATE":"18","COUNTY":"065","NAME":"Henry","LSAD":"06","LSAD_TRANS":"County","CODE":"dren","CODE_ACC":"dren","CODE_ABS":"dren","CODE_EV":"dren","equipmentGroupLabel":"ES&S - ES&S ExpressVote +","equipmentSystemName":"ES&S ExpressVote +","equipmentType":"Optical Scan","equipmentVendor":"ES&S","jurisdictionCode":"IN-065","jurisdictionName":"Henry County","sourceGranularity":"county","standardSystem":"Ballot Marking Devices for all voters","accessibleSystem":"Ballot Marking Devices for all voters","absenteeSystem":"Hand-Fed Optical Scanners","pollBookSystem":"In-House Electronic Poll Book","tabulation":"Optical Scan","equipmentCodeMatched":true,"sourceDocumentId":"verified-voting-verifier-in-2024-equipment","sourceUrl":"https://verifiedvoting.org/verifier/#mode/navigate/map/voteEquip/mapType/ppEquip/year/2024/state/18"}},{"type":"Feature","bbox":[-85.221008300781,39.714538574219,-84.810913085938,40.005798339844],"geometry":{"type":"Polygon","coordinates":[[[-84.856506347656,40.005798339844],[-84.810913085938,40.004943847656],[-84.814147949219,39.814178466797],[-84.814086914062,39.726531982422],[-84.969482421875,39.726776123047],[-84.969116210938,39.728973388672],[-85.015686035156,39.728912353516],[-85.034240722656,39.729156494141],[-85.034423828125,39.714538574219],[-85.184936523438,39.715515136719],[-85.183349609375,39.788360595703],[-85.221008300781,39.788421630859],[-85.220581054688,39.873596191406],[-85.200866699219,39.873779296875],[-85.200256347656,39.960815429688],[-85.201416015625,40.004516601562],[-85.121643066406,40.00439453125],[-84.856506347656,40.005798339844]]]},"properties":{"_isDeleted":false,"AREA":"1.10238676711073E-01","PERIMETER":"1.40433100922486E+00","CO18_D00_":"46","CO18_D00_I":"45","STATE":"18","COUNTY":"177","NAME":"Wayne","LSAD":"06","LSAD_TRANS":"County","CODE":"dren","CODE_ACC":"dren","CODE_ABS":"dren","CODE_EV":"dren","equipmentGroupLabel":"Hart InterCivic - Hart InterCivic Verity Touch Writer +","equipmentSystemName":"Hart InterCivic Verity Touch Writer +","equipmentType":"Optical Scan","equipmentVendor":"Hart InterCivic","jurisdictionCode":"IN-177","jurisdictionName":"Wayne County","sourceGranularity":"county","standardSystem":"Hand marked paper ballots, BMDs for accessibility","accessibleSystem":"Ballot Marking Devices for all voters","absenteeSystem":"Hand-Fed Optical Scanners","pollBookSystem":"Commercial Electronic Poll Book","tabulation":"Optical Scan","equipmentCodeMatched":true,"sourceDocumentId":"verified-voting-verifier-in-2024-equipment","sourceUrl":"https://verifiedvoting.org/verifier/#mode/navigate/map/voteEquip/mapType/ppEquip/year/2024/state/18"}},{"type":"Feature","bbox":[-87.433654785156,39.604736328125,-87.009399414062,39.953369140625],"geometry":{"type":"Polygon","coordinates":[[[-87.189575195312,39.953369140625],[-87.091003417969,39.953002929688],[-87.091552734375,39.867248535156],[-87.009399414062,39.86669921875],[-87.012878417969,39.604736328125],[-87.12060546875,39.605773925781],[-87.198974609375,39.607116699219],[-87.325500488281,39.608215332031],[-87.382385253906,39.60791015625],[-87.381469726562,39.617340087891],[-87.392272949219,39.635345458984],[-87.395568847656,39.653594970703],[-87.388305664062,39.665161132812],[-87.390625,39.673400878906],[-87.381530761719,39.693420410156],[-87.3798828125,39.707000732422],[-87.383972167969,39.720306396484],[-87.377136230469,39.746063232422],[-87.380554199219,39.766754150391],[-87.374633789062,39.776550292969],[-87.374572753906,39.792388916016],[-87.384948730469,39.810577392578],[-87.385498046875,39.833343505859],[-87.366333007812,39.842834472656],[-87.353820800781,39.862091064453],[-87.367919921875,39.867614746094],[-87.379089355469,39.876983642578],[-87.367980957031,39.888610839844],[-87.378601074219,39.902740478516],[-87.407531738281,39.911926269531],[-87.412963867188,39.917724609375],[-87.40673828125,39.928497314453],[-87.419067382812,39.925689697266],[-87.433654785156,39.935180664062],[-87.422302246094,39.944793701172],[-87.420227050781,39.952453613281],[-87.189575195312,39.953369140625]]]},"properties":{"_isDeleted":false,"AREA":"1.22550651759497E-01","PERIMETER":"1.59921971910963E+00","CO18_D00_":"47","CO18_D00_I":"46","STATE":"18","COUNTY":"121","NAME":"Parke","LSAD":"06","LSAD_TRANS":"County","CODE":"dren","CODE_ACC":"dren","CODE_ABS":"dren","CODE_EV":"dren","equipmentGroupLabel":"MicroVote - Jurisdiction does not use BMDs","equipmentSystemName":"Jurisdiction does not use BMDs","equipmentType":"DRE","equipmentVendor":"MicroVote","jurisdictionCode":"IN-121","jurisdictionName":"Parke County","sourceGranularity":"county","standardSystem":"DREs with VVPAT for all voters","accessibleSystem":"DREs with VVPAT for all voters","absenteeSystem":"Hand-Fed Optical Scanners","pollBookSystem":"Commercial Electronic Poll Book","tabulation":"DRE","equipmentCodeMatched":true,"sourceDocumentId":"verified-voting-verifier-in-2024-equipment","sourceUrl":"https://verifiedvoting.org/verifier/#mode/navigate/map/voteEquip/mapType/ppEquip/year/2024/state/18"}},{"type":"Feature","bbox":[-85.953918457031,39.697021484375,-85.576293945312,39.945953369141],"geometry":{"type":"Polygon","coordinates":[[[-85.615356445312,39.945953369141],[-85.576293945312,39.945831298828],[-85.576965332031,39.872497558594],[-85.596618652344,39.872924804688],[-85.596801757812,39.786529541016],[-85.633483886719,39.786163330078],[-85.63330078125,39.698516845703],[-85.70654296875,39.698883056641],[-85.762939453125,39.699066162109],[-85.896301269531,39.698211669922],[-85.951538085938,39.697021484375],[-85.951538085938,39.74072265625],[-85.953918457031,39.86962890625],[-85.937866210938,39.869750976562],[-85.937561035156,39.927154541016],[-85.8623046875,39.928924560547],[-85.862426757812,39.943634033203],[-85.786682128906,39.944610595703],[-85.615356445312,39.945953369141]]]},"properties":{"_isDeleted":false,"AREA":"8.35809086020005E-02","PERIMETER":"1.24432018134232E+00","CO18_D00_":"48","CO18_D00_I":"47","STATE":"18","COUNTY":"059","NAME":"Hancock","LSAD":"06","LSAD_TRANS":"County","CODE":"pbvs","CODE_ACC":"bmds","CODE_ABS":"bmds","CODE_EV":"pbvs","equipmentGroupLabel":"ES&S - ES&S ExpressVote +","equipmentSystemName":"ES&S ExpressVote +","equipmentType":"Optical Scan","equipmentVendor":"ES&S","jurisdictionCode":"IN-059","jurisdictionName":"Hancock County","sourceGranularity":"county","standardSystem":"Hand marked paper ballots, BMDs for accessibility","accessibleSystem":"Ballot Marking Devices for all voters","absenteeSystem":"Batch-Fed Optical Scanners","pollBookSystem":"Commercial Electronic Poll Book","tabulation":"Optical Scan","equipmentCodeMatched":true,"sourceDocumentId":"verified-voting-verifier-in-2024-equipment","sourceUrl":"https://verifiedvoting.org/verifier/#mode/navigate/map/voteEquip/mapType/ppEquip/year/2024/state/18"}},{"type":"Feature","bbox":[-86.328247070312,39.631805419922,-85.937561035156,39.927154541016],"geometry":{"type":"Polygon","coordinates":[[[-85.937561035156,39.927154541016],[-85.937866210938,39.869750976562],[-85.953918457031,39.86962890625],[-85.951538085938,39.74072265625],[-85.951538085938,39.697021484375],[-85.952026367188,39.638336181641],[-85.971313476562,39.638153076172],[-86.101440429688,39.635650634766],[-86.249877929688,39.633636474609],[-86.326416015625,39.631805419922],[-86.326354980469,39.781555175781],[-86.328247070312,39.866027832031],[-86.325317382812,39.866027832031],[-86.326232910156,39.924041748047],[-86.240661621094,39.925933837891],[-86.164978027344,39.926849365234],[-86.103271484375,39.926605224609],[-85.937561035156,39.927154541016]]]},"properties":{"_isDeleted":false,"AREA":"1.09756416393000E-01","PERIMETER":"1.36360134947318E+00","CO18_D00_":"49","CO18_D00_I":"48","STATE":"18","COUNTY":"097","NAME":"Marion","LSAD":"06","LSAD_TRANS":"County","CODE":"mpdn","CODE_ACC":"dren","CODE_ABS":"dren","CODE_EV":"mpdn","equipmentGroupLabel":"ES&S - ES&S ExpressVote +","equipmentSystemName":"ES&S ExpressVote +","equipmentType":"Optical Scan","equipmentVendor":"ES&S","jurisdictionCode":"IN-097","jurisdictionName":"Marion County","sourceGranularity":"county","standardSystem":"Ballot Marking Devices for all voters","accessibleSystem":"Ballot Marking Devices for all voters","absenteeSystem":"Batch-Fed Optical Scanners","pollBookSystem":"In-House Electronic Poll Book","tabulation":"Optical Scan","equipmentCodeMatched":true,"sourceDocumentId":"verified-voting-verifier-in-2024-equipment","sourceUrl":"https://verifiedvoting.org/verifier/#mode/navigate/map/voteEquip/mapType/ppEquip/year/2024/state/18"}},{"type":"Feature","bbox":[-86.695190429688,39.600830078125,-86.325317382812,39.924163818359],"geometry":{"type":"Polygon","coordinates":[[[-86.344543457031,39.924163818359],[-86.326232910156,39.924041748047],[-86.325317382812,39.866027832031],[-86.328247070312,39.866027832031],[-86.326354980469,39.781555175781],[-86.326416015625,39.631805419922],[-86.465881347656,39.630004882812],[-86.465576171875,39.600830078125],[-86.656860351562,39.601135253906],[-86.642883300781,39.617828369141],[-86.641845703125,39.630065917969],[-86.687438964844,39.630310058594],[-86.686767578125,39.760620117188],[-86.686950683594,39.864807128906],[-86.695129394531,39.864868164062],[-86.695190429688,39.922821044922],[-86.6572265625,39.923126220703],[-86.47314453125,39.922821044922],[-86.344543457031,39.924163818359]]]},"properties":{"_isDeleted":false,"AREA":"1.11324710427003E-01","PERIMETER":"1.40699015111457E+00","CO18_D00_":"50","CO18_D00_I":"49","STATE":"18","COUNTY":"063","NAME":"Hendricks","LSAD":"06","LSAD_TRANS":"County","CODE":"dren","CODE_ACC":"dren","CODE_ABS":"dren","CODE_EV":"dren","equipmentGroupLabel":"MicroVote - Jurisdiction does not use BMDs","equipmentSystemName":"Jurisdiction does not use BMDs","equipmentType":"DRE","equipmentVendor":"MicroVote","jurisdictionCode":"IN-063","jurisdictionName":"Hendricks County","sourceGranularity":"county","standardSystem":"DREs with VVPAT for all voters","accessibleSystem":"DREs with VVPAT for all voters","absenteeSystem":"Hand-Fed Optical Scanners","pollBookSystem":"Commercial Electronic Poll Book","tabulation":"DRE","equipmentCodeMatched":true,"sourceDocumentId":"verified-voting-verifier-in-2024-equipment","sourceUrl":"https://verifiedvoting.org/verifier/#mode/navigate/map/voteEquip/mapType/ppEquip/year/2024/state/18"}},{"type":"Feature","bbox":[-87.014892578125,39.470153808594,-86.641845703125,39.86669921875],"geometry":{"type":"Polygon","coordinates":[[[-87.009399414062,39.86669921875],[-86.801635742188,39.865112304688],[-86.695129394531,39.864868164062],[-86.686950683594,39.864807128906],[-86.686767578125,39.760620117188],[-86.687438964844,39.630310058594],[-86.641845703125,39.630065917969],[-86.642883300781,39.617828369141],[-86.656860351562,39.601135253906],[-86.651916503906,39.595672607422],[-86.659545898438,39.579162597656],[-86.6513671875,39.552032470703],[-86.65966796875,39.547271728516],[-86.672912597656,39.529449462891],[-86.687561035156,39.521881103516],[-86.686828613281,39.470153808594],[-86.762145996094,39.470275878906],[-86.780578613281,39.471557617188],[-86.940002441406,39.473327636719],[-87.014892578125,39.473754882812],[-87.012878417969,39.604736328125],[-87.009399414062,39.86669921875]]]},"properties":{"_isDeleted":false,"AREA":"1.31194288059001E-01","PERIMETER":"1.54082244727774E+00","CO18_D00_":"51","CO18_D00_I":"50","STATE":"18","COUNTY":"133","NAME":"Putnam","LSAD":"06","LSAD_TRANS":"County","CODE":"dren","CODE_ACC":"dren","CODE_ABS":"dren","CODE_EV":"dren","equipmentGroupLabel":"MicroVote - Jurisdiction does not use BMDs","equipmentSystemName":"Jurisdiction does not use BMDs","equipmentType":"DRE","equipmentVendor":"MicroVote","jurisdictionCode":"IN-133","jurisdictionName":"Putnam County","sourceGranularity":"county","standardSystem":"DREs with VVPAT for all voters","accessibleSystem":"DREs with VVPAT for all voters","absenteeSystem":"Hand-Fed Optical Scanners","pollBookSystem":"Commercial Electronic Poll Book","tabulation":"DRE","equipmentCodeMatched":true,"sourceDocumentId":"verified-voting-verifier-in-2024-equipment","sourceUrl":"https://verifiedvoting.org/verifier/#mode/navigate/map/voteEquip/mapType/ppEquip/year/2024/state/18"}},{"type":"Feature","bbox":[-85.301513671875,39.525360107422,-85.034423828125,39.788421630859],"geometry":{"type":"Polygon","coordinates":[[[-85.221008300781,39.788421630859],[-85.183349609375,39.788360595703],[-85.184936523438,39.715515136719],[-85.034423828125,39.714538574219],[-85.036071777344,39.526214599609],[-85.129638671875,39.526641845703],[-85.279296875,39.525482177734],[-85.298156738281,39.525360107422],[-85.300231933594,39.634552001953],[-85.301513671875,39.787506103516],[-85.221008300781,39.788421630859]]]},"properties":{"_isDeleted":false,"AREA":"5.84603401480016E-02","PERIMETER":"1.05476236104581E+00","CO18_D00_":"52","CO18_D00_I":"51","STATE":"18","COUNTY":"041","NAME":"Fayette","LSAD":"06","LSAD_TRANS":"County","CODE":"dren","CODE_ACC":"dren","CODE_ABS":"dren","CODE_EV":"dren","equipmentGroupLabel":"MicroVote - Jurisdiction does not use BMDs","equipmentSystemName":"Jurisdiction does not use BMDs","equipmentType":"DRE","equipmentVendor":"MicroVote","jurisdictionCode":"IN-041","jurisdictionName":"Fayette County","sourceGranularity":"county","standardSystem":"DREs with VVPAT for all voters","accessibleSystem":"DREs with VVPAT for all voters","absenteeSystem":"Hand-Fed Optical Scanners","pollBookSystem":"Commercial Electronic Poll Book","tabulation":"DRE","equipmentCodeMatched":true,"sourceDocumentId":"verified-voting-verifier-in-2024-equipment","sourceUrl":"https://verifiedvoting.org/verifier/#mode/navigate/map/voteEquip/mapType/ppEquip/year/2024/state/18"}},{"type":"Feature","bbox":[-85.633483886719,39.452331542969,-85.297546386719,39.787506103516],"geometry":{"type":"Polygon","coordinates":[[[-85.305114746094,39.787506103516],[-85.301513671875,39.787506103516],[-85.300231933594,39.634552001953],[-85.298156738281,39.525360107422],[-85.297546386719,39.453125],[-85.375854492188,39.452880859375],[-85.441772460938,39.453125],[-85.572692871094,39.452331542969],[-85.629638671875,39.453002929688],[-85.632141113281,39.611297607422],[-85.632507324219,39.698455810547],[-85.63330078125,39.698516845703],[-85.633483886719,39.786163330078],[-85.596801757812,39.786529541016],[-85.544799804688,39.786407470703],[-85.447814941406,39.787445068359],[-85.305114746094,39.787506103516]]]},"properties":{"_isDeleted":false,"AREA":"1.11026663631997E-01","PERIMETER":"1.33402739000501E+00","CO18_D00_":"53","CO18_D00_I":"52","STATE":"18","COUNTY":"139","NAME":"Rush","LSAD":"06","LSAD_TRANS":"County","CODE":"dren","CODE_ACC":"dren","CODE_ABS":"dren","CODE_EV":"dren","equipmentGroupLabel":"MicroVote - Jurisdiction does not use BMDs","equipmentSystemName":"Jurisdiction does not use BMDs","equipmentType":"DRE","equipmentVendor":"MicroVote","jurisdictionCode":"IN-139","jurisdictionName":"Rush County","sourceGranularity":"county","standardSystem":"DREs with VVPAT for all voters","accessibleSystem":"DREs with VVPAT for all voters","absenteeSystem":"Hand-Fed Optical Scanners","pollBookSystem":"Commercial Electronic Poll Book","tabulation":"DRE","equipmentCodeMatched":true,"sourceDocumentId":"verified-voting-verifier-in-2024-equipment","sourceUrl":"https://verifiedvoting.org/verifier/#mode/navigate/map/voteEquip/mapType/ppEquip/year/2024/state/18"}},{"type":"Feature","bbox":[-85.036071777344,39.521942138672,-84.814086914062,39.729156494141],"geometry":{"type":"Polygon","coordinates":[[[-85.015686035156,39.728912353516],[-84.969116210938,39.728973388672],[-84.969482421875,39.726776123047],[-84.814086914062,39.726531982422],[-84.815368652344,39.521942138672],[-84.910095214844,39.524017333984],[-85.022888183594,39.524383544922],[-85.036071777344,39.526214599609],[-85.034423828125,39.714538574219],[-85.034240722656,39.729156494141],[-85.015686035156,39.728912353516]]]},"properties":{"_isDeleted":false,"AREA":"4.48909929554959E-02","PERIMETER":"8.53763128032463E-01","CO18_D00_":"54","CO18_D00_I":"53","STATE":"18","COUNTY":"161","NAME":"Union","LSAD":"06","LSAD_TRANS":"County","CODE":"mpdn","CODE_ACC":"dren","CODE_ABS":"dren","CODE_EV":"mpdn","equipmentGroupLabel":"ES&S - ES&S ExpressVote +","equipmentSystemName":"ES&S ExpressVote +","equipmentType":"Optical Scan","equipmentVendor":"ES&S","jurisdictionCode":"IN-161","jurisdictionName":"Union County","sourceGranularity":"county","standardSystem":"Hand marked paper ballots, BMDs for accessibility","accessibleSystem":"Ballot Marking Devices for all voters","absenteeSystem":"Hand-Fed Optical Scanners","pollBookSystem":"Commercial Electronic Poll Book","tabulation":"Optical Scan","equipmentCodeMatched":true,"sourceDocumentId":"verified-voting-verifier-in-2024-equipment","sourceUrl":"https://verifiedvoting.org/verifier/#mode/navigate/map/voteEquip/mapType/ppEquip/year/2024/state/18"}},{"type":"Feature","bbox":[-85.953491210938,39.347259521484,-85.629638671875,39.699066162109],"geometry":{"type":"Polygon","coordinates":[[[-85.70654296875,39.698883056641],[-85.63330078125,39.698516845703],[-85.632507324219,39.698455810547],[-85.632141113281,39.611297607422],[-85.629638671875,39.453002929688],[-85.630615234375,39.350128173828],[-85.684692382812,39.349822998047],[-85.799072265625,39.350006103516],[-85.85400390625,39.349334716797],[-85.951965332031,39.347259521484],[-85.953491210938,39.383422851562],[-85.952941894531,39.435760498047],[-85.951293945312,39.435943603516],[-85.950744628906,39.494995117188],[-85.952087402344,39.552764892578],[-85.952026367188,39.638336181641],[-85.951538085938,39.697021484375],[-85.896301269531,39.698211669922],[-85.762939453125,39.699066162109],[-85.70654296875,39.698883056641]]]},"properties":{"_isDeleted":false,"AREA":"1.12075898205997E-01","PERIMETER":"1.34124159894141E+00","CO18_D00_":"55","CO18_D00_I":"54","STATE":"18","COUNTY":"145","NAME":"Shelby","LSAD":"06","LSAD_TRANS":"County","CODE":"dren","CODE_ACC":"dren","CODE_ABS":"dren","CODE_EV":"dren","equipmentGroupLabel":"MicroVote - Jurisdiction does not use BMDs","equipmentSystemName":"Jurisdiction does not use BMDs","equipmentType":"DRE","equipmentVendor":"MicroVote","jurisdictionCode":"IN-145","jurisdictionName":"Shelby County","sourceGranularity":"county","standardSystem":"DREs with VVPAT for all voters","accessibleSystem":"DREs with VVPAT for all voters","absenteeSystem":"Hand-Fed Optical Scanners","pollBookSystem":"Commercial Electronic Poll Book","tabulation":"DRE","equipmentCodeMatched":true,"sourceDocumentId":"verified-voting-verifier-in-2024-equipment","sourceUrl":"https://verifiedvoting.org/verifier/#mode/navigate/map/voteEquip/mapType/ppEquip/year/2024/state/18"}},{"type":"Feature","bbox":[-86.251647949219,39.341674804688,-85.950744628906,39.638336181641],"geometry":{"type":"Polygon","coordinates":[[[-85.971313476562,39.638153076172],[-85.952026367188,39.638336181641],[-85.952087402344,39.552764892578],[-85.950744628906,39.494995117188],[-85.951293945312,39.435943603516],[-85.952941894531,39.435760498047],[-85.953491210938,39.383422851562],[-85.951965332031,39.347259521484],[-86.085571289062,39.344146728516],[-86.147888183594,39.342956542969],[-86.251647949219,39.341674804688],[-86.251281738281,39.420440673828],[-86.251586914062,39.516662597656],[-86.250244140625,39.516723632812],[-86.249877929688,39.633636474609],[-86.101440429688,39.635650634766],[-85.971313476562,39.638153076172]]]},"properties":{"_isDeleted":false,"AREA":"8.71980582475045E-02","PERIMETER":"1.18389039363758E+00","CO18_D00_":"56","CO18_D00_I":"55","STATE":"18","COUNTY":"081","NAME":"Johnson","LSAD":"06","LSAD_TRANS":"County","CODE":"dren","CODE_ACC":"dren","CODE_ABS":"dren","CODE_EV":"dren","equipmentGroupLabel":"MicroVote - Jurisdiction does not use BMDs","equipmentSystemName":"Jurisdiction does not use BMDs","equipmentType":"DRE","equipmentVendor":"MicroVote","jurisdictionCode":"IN-081","jurisdictionName":"Johnson County","sourceGranularity":"county","standardSystem":"DREs with VVPAT for all voters","accessibleSystem":"DREs with VVPAT for all voters","absenteeSystem":"Hand-Fed Optical Scanners","pollBookSystem":"Commercial Electronic Poll Book","tabulation":"DRE","equipmentCodeMatched":true,"sourceDocumentId":"verified-voting-verifier-in-2024-equipment","sourceUrl":"https://verifiedvoting.org/verifier/#mode/navigate/map/voteEquip/mapType/ppEquip/year/2024/state/18"}},{"type":"Feature","bbox":[-86.687561035156,39.338256835938,-86.249877929688,39.633636474609],"geometry":{"type":"Polygon","coordinates":[[[-86.249877929688,39.633636474609],[-86.250244140625,39.516723632812],[-86.251586914062,39.516662597656],[-86.251281738281,39.420440673828],[-86.251647949219,39.341674804688],[-86.38134765625,39.339721679688],[-86.465087890625,39.338256835938],[-86.630859375,39.340759277344],[-86.630798339844,39.347930908203],[-86.632080078125,39.470336914062],[-86.686828613281,39.470153808594],[-86.687561035156,39.521881103516],[-86.672912597656,39.529449462891],[-86.65966796875,39.547271728516],[-86.6513671875,39.552032470703],[-86.659545898438,39.579162597656],[-86.651916503906,39.595672607422],[-86.656860351562,39.601135253906],[-86.465576171875,39.600830078125],[-86.465881347656,39.630004882812],[-86.326416015625,39.631805419922],[-86.249877929688,39.633636474609]]]},"properties":{"_isDeleted":false,"AREA":"1.10988903073991E-01","PERIMETER":"1.47387720928820E+00","CO18_D00_":"57","CO18_D00_I":"56","STATE":"18","COUNTY":"109","NAME":"Morgan","LSAD":"06","LSAD_TRANS":"County","CODE":"dren","CODE_ACC":"dren","CODE_ABS":"dren","CODE_EV":"dren","equipmentGroupLabel":"MicroVote - Jurisdiction does not use BMDs","equipmentSystemName":"Jurisdiction does not use BMDs","equipmentType":"DRE","equipmentVendor":"MicroVote","jurisdictionCode":"IN-109","jurisdictionName":"Morgan County","sourceGranularity":"county","standardSystem":"DREs with VVPAT for all voters","accessibleSystem":"DREs with VVPAT for all voters","absenteeSystem":"Hand-Fed Optical Scanners","pollBookSystem":"Commercial Electronic Poll Book","tabulation":"DRE","equipmentCodeMatched":true,"sourceDocumentId":"verified-voting-verifier-in-2024-equipment","sourceUrl":"https://verifiedvoting.org/verifier/#mode/navigate/map/voteEquip/mapType/ppEquip/year/2024/state/18"}},{"type":"Feature","bbox":[-87.609985351562,39.258941650391,-87.198974609375,39.608215332031],"geometry":{"type":"Polygon","coordinates":[[[-87.325500488281,39.608215332031],[-87.198974609375,39.607116699219],[-87.200073242188,39.519714355469],[-87.238830566406,39.520568847656],[-87.239440917969,39.484893798828],[-87.240356445312,39.259002685547],[-87.381896972656,39.258941650391],[-87.60009765625,39.259490966797],[-87.60400390625,39.259429931641],[-87.609985351562,39.282196044922],[-87.597534179688,39.29638671875],[-87.600402832031,39.312866210938],[-87.589050292969,39.333801269531],[-87.578308105469,39.34033203125],[-87.554382324219,39.340454101562],[-87.5439453125,39.352874755859],[-87.531616210938,39.347869873047],[-87.531311035156,39.436614990234],[-87.532165527344,39.607238769531],[-87.382385253906,39.60791015625],[-87.325500488281,39.608215332031]]]},"properties":{"_isDeleted":false,"AREA":"1.11034600851162E-01","PERIMETER":"1.49335598113688E+00","CO18_D00_":"58","CO18_D00_I":"57","STATE":"18","COUNTY":"167","NAME":"Vigo","LSAD":"06","LSAD_TRANS":"County","CODE":"mpdn","CODE_ACC":"dren","CODE_ABS":"dren","CODE_EV":"mpdn","equipmentGroupLabel":"Unisyn - Unisyn OpenElect FVT +","equipmentSystemName":"Unisyn OpenElect FVT +","equipmentType":"Optical Scan","equipmentVendor":"Unisyn","jurisdictionCode":"IN-167","jurisdictionName":"Vigo County","sourceGranularity":"county","standardSystem":"Ballot Marking Devices for all voters","accessibleSystem":"Ballot Marking Devices for all voters","absenteeSystem":"Batch-Fed Optical Scanners","pollBookSystem":"In-House Electronic Poll Book","tabulation":"Optical Scan","equipmentCodeMatched":true,"sourceDocumentId":"verified-voting-verifier-in-2024-equipment","sourceUrl":"https://verifiedvoting.org/verifier/#mode/navigate/map/voteEquip/mapType/ppEquip/year/2024/state/18"}},{"type":"Feature","bbox":[-87.24072265625,39.167938232422,-86.940002441406,39.607116699219],"geometry":{"type":"Polygon","coordinates":[[[-87.198974609375,39.607116699219],[-87.12060546875,39.605773925781],[-87.012878417969,39.604736328125],[-87.014892578125,39.473754882812],[-86.940002441406,39.473327636719],[-86.9423828125,39.429504394531],[-86.942443847656,39.342041015625],[-87.053649902344,39.342590332031],[-87.0546875,39.269897460938],[-87.054504394531,39.168060302734],[-87.071472167969,39.167938232422],[-87.212951660156,39.171112060547],[-87.24072265625,39.171783447266],[-87.240356445312,39.259002685547],[-87.239440917969,39.484893798828],[-87.238830566406,39.520568847656],[-87.200073242188,39.519714355469],[-87.198974609375,39.607116699219]]]},"properties":{"_isDeleted":false,"AREA":"9.76084903980017E-02","PERIMETER":"1.47288520760963E+00","CO18_D00_":"59","CO18_D00_I":"58","STATE":"18","COUNTY":"021","NAME":"Clay","LSAD":"06","LSAD_TRANS":"County","CODE":"dren","CODE_ACC":"dren","CODE_ABS":"dren","CODE_EV":"dren","equipmentGroupLabel":"MicroVote - Jurisdiction does not use BMDs","equipmentSystemName":"Jurisdiction does not use BMDs","equipmentType":"DRE","equipmentVendor":"MicroVote","jurisdictionCode":"IN-021","jurisdictionName":"Clay County","sourceGranularity":"county","standardSystem":"DREs with VVPAT for all voters","accessibleSystem":"DREs with VVPAT for all voters","absenteeSystem":"Hand-Fed Optical Scanners","pollBookSystem":"Commercial Electronic Poll Book","tabulation":"DRE","equipmentCodeMatched":true,"sourceDocumentId":"verified-voting-verifier-in-2024-equipment","sourceUrl":"https://verifiedvoting.org/verifier/#mode/navigate/map/voteEquip/mapType/ppEquip/year/2024/state/18"}},{"type":"Feature","bbox":[-85.298156738281,39.268249511719,-84.815368652344,39.526641845703],"geometry":{"type":"Polygon","coordinates":[[[-85.279296875,39.525482177734],[-85.129638671875,39.526641845703],[-85.036071777344,39.526214599609],[-85.022888183594,39.524383544922],[-84.910095214844,39.524017333984],[-84.815368652344,39.521942138672],[-84.815734863281,39.477325439453],[-84.819458007812,39.305145263672],[-85.031921386719,39.306793212891],[-85.065551757812,39.307037353516],[-85.065246582031,39.309906005859],[-85.132751464844,39.310028076172],[-85.21826171875,39.308258056641],[-85.296508789062,39.268249511719],[-85.296203613281,39.354766845703],[-85.297546386719,39.453125],[-85.298156738281,39.525360107422],[-85.279296875,39.525482177734]]]},"properties":{"_isDeleted":false,"AREA":"1.06021567076990E-01","PERIMETER":"1.44965029518854E+00","CO18_D00_":"60","CO18_D00_I":"59","STATE":"18","COUNTY":"047","NAME":"Franklin","LSAD":"06","LSAD_TRANS":"County","CODE":"mpdn","CODE_ACC":"dren","CODE_ABS":"dren","CODE_EV":"mpdn","equipmentGroupLabel":"MicroVote - Jurisdiction does not use BMDs","equipmentSystemName":"Jurisdiction does not use BMDs","equipmentType":"DRE","equipmentVendor":"MicroVote","jurisdictionCode":"IN-047","jurisdictionName":"Franklin County","sourceGranularity":"county","standardSystem":"DREs with VVPAT for all voters","accessibleSystem":"DREs with VVPAT for all voters","absenteeSystem":"Hand-Fed Optical Scanners","pollBookSystem":"Commercial Electronic Poll Book","tabulation":"DRE","equipmentCodeMatched":true,"sourceDocumentId":"verified-voting-verifier-in-2024-equipment","sourceUrl":"https://verifiedvoting.org/verifier/#mode/navigate/map/voteEquip/mapType/ppEquip/year/2024/state/18"}},{"type":"Feature","bbox":[-87.0546875,39.165771484375,-86.630798339844,39.473327636719],"geometry":{"type":"Polygon","coordinates":[[[-86.940002441406,39.473327636719],[-86.780578613281,39.471557617188],[-86.762145996094,39.470275878906],[-86.686828613281,39.470153808594],[-86.632080078125,39.470336914062],[-86.630798339844,39.347930908203],[-86.648010253906,39.355072021484],[-86.657287597656,39.351165771484],[-86.654907226562,39.333068847656],[-86.666076660156,39.329315185547],[-86.685546875,39.335998535156],[-86.682983398438,39.165771484375],[-86.877014160156,39.167297363281],[-86.890808105469,39.167877197266],[-87.054504394531,39.168060302734],[-87.0546875,39.269897460938],[-87.053649902344,39.342590332031],[-86.942443847656,39.342041015625],[-86.9423828125,39.429504394531],[-86.940002441406,39.473327636719]]]},"properties":{"_isDeleted":false,"AREA":"1.04912238565501E-01","PERIMETER":"1.47982718803418E+00","CO18_D00_":"61","CO18_D00_I":"60","STATE":"18","COUNTY":"119","NAME":"Owen","LSAD":"06","LSAD_TRANS":"County","CODE":"dren","CODE_ACC":"dren","CODE_ABS":"dren","CODE_EV":"dren","equipmentGroupLabel":"MicroVote - Jurisdiction does not use BMDs","equipmentSystemName":"Jurisdiction does not use BMDs","equipmentType":"DRE","equipmentVendor":"MicroVote","jurisdictionCode":"IN-119","jurisdictionName":"Owen County","sourceGranularity":"county","standardSystem":"DREs with VVPAT for all voters","accessibleSystem":"DREs with VVPAT for all voters","absenteeSystem":"Hand-Fed Optical Scanners","pollBookSystem":"Commercial Electronic Poll Book","tabulation":"DRE","equipmentCodeMatched":true,"sourceDocumentId":"verified-voting-verifier-in-2024-equipment","sourceUrl":"https://verifiedvoting.org/verifier/#mode/navigate/map/voteEquip/mapType/ppEquip/year/2024/state/18"}},{"type":"Feature","bbox":[-85.687377929688,39.130645751953,-85.296203613281,39.453125],"geometry":{"type":"Polygon","coordinates":[[[-85.375854492188,39.452880859375],[-85.297546386719,39.453125],[-85.296203613281,39.354766845703],[-85.296508789062,39.268249511719],[-85.440002441406,39.195587158203],[-85.566284179688,39.132781982422],[-85.686828613281,39.130645751953],[-85.687377929688,39.232849121094],[-85.684692382812,39.349822998047],[-85.630615234375,39.350128173828],[-85.629638671875,39.453002929688],[-85.572692871094,39.452331542969],[-85.441772460938,39.453125],[-85.375854492188,39.452880859375]]]},"properties":{"_isDeleted":false,"AREA":"1.00999182255511E-01","PERIMETER":"1.31637830104711E+00","CO18_D00_":"62","CO18_D00_I":"61","STATE":"18","COUNTY":"031","NAME":"Decatur","LSAD":"06","LSAD_TRANS":"County","CODE":"dren","CODE_ACC":"dren","CODE_ABS":"dren","CODE_EV":"dren","equipmentGroupLabel":"MicroVote - Jurisdiction does not use BMDs","equipmentSystemName":"Jurisdiction does not use BMDs","equipmentType":"DRE","equipmentVendor":"MicroVote","jurisdictionCode":"IN-031","jurisdictionName":"Decatur County","sourceGranularity":"county","standardSystem":"DREs with VVPAT for all voters","accessibleSystem":"DREs with VVPAT for all voters","absenteeSystem":"Hand Counted Paper Ballots","pollBookSystem":"Commercial Electronic Poll Book","tabulation":"DRE","equipmentCodeMatched":true,"sourceDocumentId":"verified-voting-verifier-in-2024-equipment","sourceUrl":"https://verifiedvoting.org/verifier/#mode/navigate/map/voteEquip/mapType/ppEquip/year/2024/state/18"}},{"type":"Feature","bbox":[-86.685546875,38.990814208984,-86.317443847656,39.355072021484],"geometry":{"type":"Polygon","coordinates":[[[-86.685546875,39.335998535156],[-86.666076660156,39.329315185547],[-86.654907226562,39.333068847656],[-86.657287597656,39.351165771484],[-86.648010253906,39.355072021484],[-86.630798339844,39.347930908203],[-86.630859375,39.340759277344],[-86.465087890625,39.338256835938],[-86.38134765625,39.339721679688],[-86.3798828125,39.251220703125],[-86.372375488281,39.251037597656],[-86.36962890625,39.143737792969],[-86.369140625,39.061737060547],[-86.369995117188,39.04833984375],[-86.318115234375,39.048767089844],[-86.317443847656,38.990814208984],[-86.605895996094,38.992218017578],[-86.682250976562,38.992401123047],[-86.68212890625,39.062530517578],[-86.682983398438,39.165771484375],[-86.685546875,39.335998535156]]]},"properties":{"_isDeleted":false,"AREA":"1.11017282398499E-01","PERIMETER":"1.46334026515235E+00","CO18_D00_":"63","CO18_D00_I":"62","STATE":"18","COUNTY":"105","NAME":"Monroe","LSAD":"06","LSAD_TRANS":"County","CODE":"dren","CODE_ACC":"dren","CODE_ABS":"dren","CODE_EV":"dren","equipmentGroupLabel":"Hart InterCivic - Hart InterCivic Verity Touch Writer +","equipmentSystemName":"Hart InterCivic Verity Touch Writer +","equipmentType":"Optical Scan","equipmentVendor":"Hart InterCivic","jurisdictionCode":"IN-105","jurisdictionName":"Monroe County","sourceGranularity":"county","standardSystem":"Hand marked paper ballots, BMDs for accessibility","accessibleSystem":"Ballot Marking Devices for all voters","absenteeSystem":"Batch-Fed Optical Scanners","pollBookSystem":"Commercial Electronic Poll Book","tabulation":"Optical Scan","equipmentCodeMatched":true,"sourceDocumentId":"verified-voting-verifier-in-2024-equipment","sourceUrl":"https://verifiedvoting.org/verifier/#mode/navigate/map/voteEquip/mapType/ppEquip/year/2024/state/18"}},{"type":"Feature","bbox":[-86.085571289062,39.035858154297,-85.684692382812,39.350006103516],"geometry":{"type":"Polygon","coordinates":[[[-85.85400390625,39.349334716797],[-85.799072265625,39.350006103516],[-85.684692382812,39.349822998047],[-85.687377929688,39.232849121094],[-85.686828613281,39.130645751953],[-85.7998046875,39.128875732422],[-85.799011230469,39.068237304688],[-85.817504882812,39.070434570312],[-85.828491210938,39.063446044922],[-85.842163085938,39.062957763672],[-85.84716796875,39.056701660156],[-85.860229492188,39.049499511719],[-85.860900878906,39.040863037109],[-86.038818359375,39.036407470703],[-86.079833984375,39.035858154297],[-86.080200195312,39.050231933594],[-86.079040527344,39.079620361328],[-86.081787109375,39.226257324219],[-86.083312988281,39.255950927734],[-86.084350585938,39.327972412109],[-86.085571289062,39.344146728516],[-85.951965332031,39.347259521484],[-85.85400390625,39.349334716797]]]},"properties":{"_isDeleted":false,"AREA":"1.10547077763990E-01","PERIMETER":"1.40630272692784E+00","CO18_D00_":"64","CO18_D00_I":"63","STATE":"18","COUNTY":"005","NAME":"Bartholomew","LSAD":"06","LSAD_TRANS":"County","CODE":"dren","CODE_ACC":"dren","CODE_ABS":"dren","CODE_EV":"dren","equipmentGroupLabel":"MicroVote - Jurisdiction does not use BMDs","equipmentSystemName":"Jurisdiction does not use BMDs","equipmentType":"DRE","equipmentVendor":"MicroVote","jurisdictionCode":"IN-005","jurisdictionName":"Bartholomew County","sourceGranularity":"county","standardSystem":"DREs with VVPAT for all voters","accessibleSystem":"DREs with VVPAT for all voters","absenteeSystem":"Hand-Fed Optical Scanners","pollBookSystem":"Commercial Electronic Poll Book","tabulation":"DRE","equipmentCodeMatched":true,"sourceDocumentId":"verified-voting-verifier-in-2024-equipment","sourceUrl":"https://verifiedvoting.org/verifier/#mode/navigate/map/voteEquip/mapType/ppEquip/year/2024/state/18"}},{"type":"Feature","bbox":[-86.38134765625,39.04833984375,-86.079040527344,39.344146728516],"geometry":{"type":"Polygon","coordinates":[[[-86.147888183594,39.342956542969],[-86.085571289062,39.344146728516],[-86.084350585938,39.327972412109],[-86.083312988281,39.255950927734],[-86.081787109375,39.226257324219],[-86.079040527344,39.079620361328],[-86.080200195312,39.050231933594],[-86.172302246094,39.048522949219],[-86.25,39.049194335938],[-86.318115234375,39.048767089844],[-86.369995117188,39.04833984375],[-86.369140625,39.061737060547],[-86.36962890625,39.143737792969],[-86.372375488281,39.251037597656],[-86.3798828125,39.251220703125],[-86.38134765625,39.339721679688],[-86.251647949219,39.341674804688],[-86.147888183594,39.342956542969]]]},"properties":{"_isDeleted":false,"AREA":"8.55123175925012E-02","PERIMETER":"1.18125425032908E+00","CO18_D00_":"65","CO18_D00_I":"64","STATE":"18","COUNTY":"013","NAME":"Brown","LSAD":"06","LSAD_TRANS":"County","CODE":"mpdn","CODE_ACC":"dren","CODE_ABS":"dren","CODE_EV":"mpdn","equipmentGroupLabel":"Unisyn - Unisyn OpenElect FVT +","equipmentSystemName":"Unisyn OpenElect FVT +","equipmentType":"Optical Scan","equipmentVendor":"Unisyn","jurisdictionCode":"IN-013","jurisdictionName":"Brown County","sourceGranularity":"county","standardSystem":"Hand marked paper ballots, BMDs for accessibility","accessibleSystem":"Ballot Marking Devices for all voters","absenteeSystem":"Hand-Fed Optical Scanners","pollBookSystem":"Commercial Electronic Poll Book","tabulation":"Optical Scan","equipmentCodeMatched":true,"sourceDocumentId":"verified-voting-verifier-in-2024-equipment","sourceUrl":"https://verifiedvoting.org/verifier/#mode/navigate/map/voteEquip/mapType/ppEquip/year/2024/state/18"}},{"type":"Feature","bbox":[-85.44482421875,38.912994384766,-85.065246582031,39.310028076172],"geometry":{"type":"Polygon","coordinates":[[[-85.132751464844,39.310028076172],[-85.065246582031,39.309906005859],[-85.065551757812,39.307037353516],[-85.090209960938,39.177703857422],[-85.113037109375,39.050598144531],[-85.132446289062,38.948028564453],[-85.135803222656,38.929534912109],[-85.203002929688,38.928497314453],[-85.203125,38.913757324219],[-85.258850097656,38.914001464844],[-85.44482421875,38.912994384766],[-85.444641113281,38.993133544922],[-85.442749023438,39.088165283203],[-85.441833496094,39.088165283203],[-85.440002441406,39.195587158203],[-85.296508789062,39.268249511719],[-85.21826171875,39.308258056641],[-85.132751464844,39.310028076172]]]},"properties":{"_isDeleted":false,"AREA":"1.20801695485998E-01","PERIMETER":"1.39608762866904E+00","CO18_D00_":"66","CO18_D00_I":"65","STATE":"18","COUNTY":"137","NAME":"Ripley","LSAD":"06","LSAD_TRANS":"County","CODE":"mpdn","CODE_ACC":"dren","CODE_ABS":"dren","CODE_EV":"mpdn","equipmentGroupLabel":"Hart InterCivic - Hart InterCivic Verity Duo +","equipmentSystemName":"Hart InterCivic Verity Duo +","equipmentType":"Optical Scan","equipmentVendor":"Hart InterCivic","jurisdictionCode":"IN-137","jurisdictionName":"Ripley County","sourceGranularity":"county","standardSystem":"Ballot Marking Devices for all voters","accessibleSystem":"Ballot Marking Devices for all voters","absenteeSystem":"Hand-Fed Optical Scanners","pollBookSystem":"In-House Electronic Poll Book","tabulation":"Optical Scan","equipmentCodeMatched":true,"sourceDocumentId":"verified-voting-verifier-in-2024-equipment","sourceUrl":"https://verifiedvoting.org/verifier/#mode/navigate/map/voteEquip/mapType/ppEquip/year/2024/state/18"}},{"type":"Feature","bbox":[-85.132446289062,38.935516357422,-84.819458007812,39.307037353516],"geometry":{"type":"Polygon","coordinates":[[[-85.031921386719,39.306793212891],[-84.819458007812,39.305145263672],[-84.820129394531,39.227233886719],[-84.820129394531,39.105438232422],[-84.831176757812,39.101898193359],[-84.860656738281,39.078125],[-84.888793945312,39.066375732422],[-84.897338867188,39.057342529297],[-84.889038085938,39.040802001953],[-84.878051757812,39.030822753906],[-84.897583007812,39.013824462891],[-84.912780761719,39.019012451172],[-84.947082519531,39.000030517578],[-84.953796386719,38.994842529297],[-84.970153808594,38.992462158203],[-84.998474121094,38.995880126953],[-85.003540039062,38.975189208984],[-85.016052246094,38.982116699219],[-85.024597167969,38.974456787109],[-85.04150390625,38.975372314453],[-85.05078125,38.963500976562],[-85.045532226562,38.957885742188],[-85.058166503906,38.958068847656],[-85.060119628906,38.947967529297],[-85.070068359375,38.956451416016],[-85.072021484375,38.948089599609],[-85.084533691406,38.950897216797],[-85.097412109375,38.935516357422],[-85.103637695312,38.940490722656],[-85.118713378906,38.937194824219],[-85.120849609375,38.944396972656],[-85.11328125,38.952789306641],[-85.120910644531,38.955841064453],[-85.132446289062,38.948028564453],[-85.113037109375,39.050598144531],[-85.090209960938,39.177703857422],[-85.065551757812,39.307037353516],[-85.031921386719,39.306793212891]]]},"properties":{"_isDeleted":false,"AREA":"8.28946528402769E-02","PERIMETER":"1.33741213100554E+00","CO18_D00_":"67","CO18_D00_I":"66","STATE":"18","COUNTY":"029","NAME":"Dearborn","LSAD":"06","LSAD_TRANS":"County","CODE":"pbvs","CODE_ACC":"bmds","CODE_ABS":"bmds","CODE_EV":"pbvs","equipmentGroupLabel":"ES&S - ES&S ExpressVote +","equipmentSystemName":"ES&S ExpressVote +","equipmentType":"Optical Scan","equipmentVendor":"ES&S","jurisdictionCode":"IN-029","jurisdictionName":"Dearborn County","sourceGranularity":"county","standardSystem":"Ballot Marking Devices for all voters","accessibleSystem":"Ballot Marking Devices for all voters","absenteeSystem":"Batch-Fed Optical Scanners","pollBookSystem":"In-House Electronic Poll Book","tabulation":"Optical Scan","equipmentCodeMatched":true,"sourceDocumentId":"verified-voting-verifier-in-2024-equipment","sourceUrl":"https://verifiedvoting.org/verifier/#mode/navigate/map/voteEquip/mapType/ppEquip/year/2024/state/18"}},{"type":"Feature","bbox":[-87.64599609375,38.901672363281,-87.240356445312,39.259490966797],"geometry":{"type":"Polygon","coordinates":[[[-87.60009765625,39.259490966797],[-87.381896972656,39.258941650391],[-87.240356445312,39.259002685547],[-87.24072265625,39.171783447266],[-87.24072265625,38.907867431641],[-87.240783691406,38.901672363281],[-87.354309082031,38.901672363281],[-87.534545898438,38.902404785156],[-87.518798828125,38.923217773438],[-87.51220703125,38.954437255859],[-87.529479980469,38.971893310547],[-87.578308105469,38.98876953125],[-87.5791015625,39.001617431641],[-87.569641113281,39.019378662109],[-87.575012207031,39.034057617188],[-87.572570800781,39.057281494141],[-87.596374511719,39.079620361328],[-87.608459472656,39.082427978516],[-87.616638183594,39.089935302734],[-87.619140625,39.1005859375],[-87.632202148438,39.106781005859],[-87.632202148438,39.118713378906],[-87.643127441406,39.128570556641],[-87.64599609375,39.144897460938],[-87.640441894531,39.166748046875],[-87.620788574219,39.174774169922],[-87.588562011719,39.197845458984],[-87.574523925781,39.218414306641],[-87.58349609375,39.243560791016],[-87.593444824219,39.247436523438],[-87.60400390625,39.259429931641],[-87.60009765625,39.259490966797]]]},"properties":{"_isDeleted":false,"AREA":"1.22122298409714E-01","PERIMETER":"1.50936964451334E+00","CO18_D00_":"68","CO18_D00_I":"67","STATE":"18","COUNTY":"153","NAME":"Sullivan","LSAD":"06","LSAD_TRANS":"County","CODE":"dren","CODE_ACC":"dren","CODE_ABS":"dren","CODE_EV":"dren","equipmentGroupLabel":"MicroVote - Jurisdiction does not use BMDs","equipmentSystemName":"Jurisdiction does not use BMDs","equipmentType":"DRE","equipmentVendor":"MicroVote","jurisdictionCode":"IN-153","jurisdictionName":"Sullivan County","sourceGranularity":"county","standardSystem":"DREs with VVPAT for all voters","accessibleSystem":"DREs with VVPAT for all voters","absenteeSystem":"Hand-Fed Optical Scanners","pollBookSystem":"Commercial Electronic Poll Book","tabulation":"DRE","equipmentCodeMatched":true,"sourceDocumentId":"verified-voting-verifier-in-2024-equipment","sourceUrl":"https://verifiedvoting.org/verifier/#mode/navigate/map/voteEquip/mapType/ppEquip/year/2024/state/18"}},{"type":"Feature","bbox":[-85.7998046875,38.807495117188,-85.440002441406,39.195587158203],"geometry":{"type":"Polygon","coordinates":[[[-85.440002441406,39.195587158203],[-85.441833496094,39.088165283203],[-85.442749023438,39.088165283203],[-85.444641113281,38.993133544922],[-85.44482421875,38.912994384766],[-85.538146972656,38.912200927734],[-85.537414550781,38.882598876953],[-85.573669433594,38.882659912109],[-85.573608398438,38.853759765625],[-85.610961914062,38.853759765625],[-85.610595703125,38.824249267578],[-85.683837890625,38.823638916016],[-85.683776855469,38.815399169922],[-85.702819824219,38.816436767578],[-85.715515136719,38.828186035156],[-85.728271484375,38.828125],[-85.739929199219,38.819305419922],[-85.757690429688,38.819244384766],[-85.771728515625,38.809387207031],[-85.795288085938,38.807495117188],[-85.797180175781,38.966918945312],[-85.799011230469,39.068237304688],[-85.7998046875,39.128875732422],[-85.686828613281,39.130645751953],[-85.566284179688,39.132781982422],[-85.440002441406,39.195587158203]]]},"properties":{"_isDeleted":false,"AREA":"1.01901001642003E-01","PERIMETER":"1.50421120111305E+00","CO18_D00_":"69","CO18_D00_I":"68","STATE":"18","COUNTY":"079","NAME":"Jennings","LSAD":"06","LSAD_TRANS":"County","CODE":"mpdn","CODE_ACC":"dren","CODE_ABS":"dren","CODE_EV":"mpdn","equipmentGroupLabel":"ES&S - ES&S ExpressVote +","equipmentSystemName":"ES&S ExpressVote +","equipmentType":"Optical Scan","equipmentVendor":"ES&S","jurisdictionCode":"IN-079","jurisdictionName":"Jennings County","sourceGranularity":"county","standardSystem":"Hand marked paper ballots, BMDs for accessibility","accessibleSystem":"Ballot Marking Devices for all voters","absenteeSystem":"Hand-Fed Optical Scanners","pollBookSystem":"Commercial Electronic Poll Book","tabulation":"Optical Scan","equipmentCodeMatched":true,"sourceDocumentId":"verified-voting-verifier-in-2024-equipment","sourceUrl":"https://verifiedvoting.org/verifier/#mode/navigate/map/voteEquip/mapType/ppEquip/year/2024/state/18"}},{"type":"Feature","bbox":[-87.24072265625,38.902526855469,-86.68212890625,39.171783447266],"geometry":{"type":"Polygon","coordinates":[[[-87.212951660156,39.171112060547],[-87.071472167969,39.167938232422],[-87.054504394531,39.168060302734],[-86.890808105469,39.167877197266],[-86.877014160156,39.167297363281],[-86.682983398438,39.165771484375],[-86.68212890625,39.062530517578],[-86.682250976562,38.992401123047],[-86.682800292969,38.904693603516],[-86.757385253906,38.904388427734],[-86.904174804688,38.904205322266],[-87.031372070312,38.902526855469],[-87.098693847656,38.903961181641],[-87.124633789062,38.904571533203],[-87.1298828125,38.907318115234],[-87.24072265625,38.907867431641],[-87.24072265625,39.171783447266],[-87.212951660156,39.171112060547]]]},"properties":{"_isDeleted":false,"AREA":"1.47071072409507E-01","PERIMETER":"1.64321739003714E+00","CO18_D00_":"70","CO18_D00_I":"69","STATE":"18","COUNTY":"055","NAME":"Greene","LSAD":"06","LSAD_TRANS":"County","CODE":"dren","CODE_ACC":"dren","CODE_ABS":"dren","CODE_EV":"dren","equipmentGroupLabel":"MicroVote - Jurisdiction does not use BMDs","equipmentSystemName":"Jurisdiction does not use BMDs","equipmentType":"DRE","equipmentVendor":"MicroVote","jurisdictionCode":"IN-055","jurisdictionName":"Greene County","sourceGranularity":"county","standardSystem":"DREs with VVPAT for all voters","accessibleSystem":"DREs with VVPAT for all voters","absenteeSystem":"Hand-Fed Optical Scanners","pollBookSystem":"Commercial Electronic Poll Book","tabulation":"DRE","equipmentCodeMatched":true,"sourceDocumentId":"verified-voting-verifier-in-2024-equipment","sourceUrl":"https://verifiedvoting.org/verifier/#mode/navigate/map/voteEquip/mapType/ppEquip/year/2024/state/18"}},{"type":"Feature","bbox":[-86.318115234375,38.726165771484,-85.795288085938,39.070434570312],"geometry":{"type":"Polygon","coordinates":[[[-85.84716796875,39.056701660156],[-85.842163085938,39.062957763672],[-85.828491210938,39.063446044922],[-85.817504882812,39.070434570312],[-85.799011230469,39.068237304688],[-85.797180175781,38.966918945312],[-85.795288085938,38.807495117188],[-85.807189941406,38.788879394531],[-85.804809570312,38.780670166016],[-85.817321777344,38.777862548828],[-85.829772949219,38.764221191406],[-85.832214355469,38.752899169922],[-85.841552734375,38.741088867188],[-85.869506835938,38.726165771484],[-85.888427734375,38.734405517578],[-85.900451660156,38.7421875],[-85.896240234375,38.750457763672],[-85.911682128906,38.756561279297],[-85.916625976562,38.745666503906],[-85.93603515625,38.755401611328],[-85.938110351562,38.7626953125],[-85.951110839844,38.754730224609],[-85.960571289062,38.764099121094],[-85.976623535156,38.752349853516],[-85.985595703125,38.758270263672],[-85.985900878906,38.76806640625],[-85.999206542969,38.760192871094],[-86.014831542969,38.756988525391],[-86.022033691406,38.766906738281],[-86.025573730469,38.756317138672],[-86.04052734375,38.760864257812],[-86.061401367188,38.777862548828],[-86.075073242188,38.774688720703],[-86.091674804688,38.783386230469],[-86.103942871094,38.765563964844],[-86.116394042969,38.766967773438],[-86.134643554688,38.762573242188],[-86.16357421875,38.774810791016],[-86.172302246094,38.773040771484],[-86.184326171875,38.782531738281],[-86.188049316406,38.776763916016],[-86.205505371094,38.781799316406],[-86.197631835938,38.773773193359],[-86.213073730469,38.779388427734],[-86.217346191406,38.771148681641],[-86.2265625,38.777984619141],[-86.240783691406,38.765869140625],[-86.275268554688,38.763793945312],[-86.277893066406,38.9013671875],[-86.280334472656,38.990997314453],[-86.317443847656,38.990814208984],[-86.318115234375,39.048767089844],[-86.25,39.049194335938],[-86.172302246094,39.048522949219],[-86.080200195312,39.050231933594],[-86.079833984375,39.035858154297],[-86.038818359375,39.036407470703],[-85.860900878906,39.040863037109],[-85.860229492188,39.049499511719],[-85.84716796875,39.056701660156]]]},"properties":{"_isDeleted":false,"AREA":"1.38216019981653E-01","PERIMETER":"1.92523644053795E+00","CO18_D00_":"71","CO18_D00_I":"70","STATE":"18","COUNTY":"071","NAME":"Jackson","LSAD":"06","LSAD_TRANS":"County","CODE":"mpdn","CODE_ACC":"dren","CODE_ABS":"dren","CODE_EV":"mpdn","equipmentGroupLabel":"Unisyn - Unisyn OpenElect FVT + Unisyn OpenElect OVI +","equipmentSystemName":"Unisyn OpenElect FVT + Unisyn OpenElect OVI +","equipmentType":"Optical Scan","equipmentVendor":"Unisyn","jurisdictionCode":"IN-071","jurisdictionName":"Jackson County","sourceGranularity":"county","standardSystem":"Hand marked paper ballots, BMDs for accessibility","accessibleSystem":"Ballot Marking Devices for all voters","absenteeSystem":"Hand-Fed Optical Scanners","pollBookSystem":"Commercial Electronic Poll Book","tabulation":"Optical Scan","equipmentCodeMatched":true,"sourceDocumentId":"verified-voting-verifier-in-2024-equipment","sourceUrl":"https://verifiedvoting.org/verifier/#mode/navigate/map/voteEquip/mapType/ppEquip/year/2024/state/18"}},{"type":"Feature","bbox":[-85.140258789062,38.90087890625,-84.829833984375,39.030822753906],"geometry":{"type":"Polygon","coordinates":[[[-84.947082519531,39.000030517578],[-84.912780761719,39.019012451172],[-84.897583007812,39.013824462891],[-84.878051757812,39.030822753906],[-84.85693359375,39.011535644531],[-84.837097167969,38.988037109375],[-84.829833984375,38.969329833984],[-84.835144042969,38.957946777344],[-84.86474609375,38.934906005859],[-84.877746582031,38.920349121094],[-84.877014160156,38.909027099609],[-84.870483398438,38.90087890625],[-85.043884277344,38.901916503906],[-85.044128417969,38.902984619141],[-85.140258789062,38.903167724609],[-85.135803222656,38.929534912109],[-85.132446289062,38.948028564453],[-85.120910644531,38.955841064453],[-85.11328125,38.952789306641],[-85.120849609375,38.944396972656],[-85.118713378906,38.937194824219],[-85.103637695312,38.940490722656],[-85.097412109375,38.935516357422],[-85.084533691406,38.950897216797],[-85.072021484375,38.948089599609],[-85.070068359375,38.956451416016],[-85.060119628906,38.947967529297],[-85.058166503906,38.958068847656],[-85.045532226562,38.957885742188],[-85.05078125,38.963500976562],[-85.04150390625,38.975372314453],[-85.024597167969,38.974456787109],[-85.016052246094,38.982116699219],[-85.003540039062,38.975189208984],[-84.998474121094,38.995880126953],[-84.970153808594,38.992462158203],[-84.953796386719,38.994842529297],[-84.947082519531,39.000030517578]]]},"properties":{"_isDeleted":false,"AREA":"2.34982659526057E-02","PERIMETER":"8.87953146833238E-01","CO18_D00_":"72","CO18_D00_I":"71","STATE":"18","COUNTY":"115","NAME":"Ohio","LSAD":"06","LSAD_TRANS":"County","CODE":"mpdn","CODE_ACC":"dren","CODE_ABS":"dren","CODE_EV":"mpdn","equipmentGroupLabel":"Hart InterCivic - Hart InterCivic Verity Touch Writer +","equipmentSystemName":"Hart InterCivic Verity Touch Writer +","equipmentType":"Optical Scan","equipmentVendor":"Hart InterCivic","jurisdictionCode":"IN-115","jurisdictionName":"Ohio County","sourceGranularity":"county","standardSystem":"Hand marked paper ballots, BMDs for accessibility","accessibleSystem":"Ballot Marking Devices for all voters","absenteeSystem":"Hand-Fed Optical Scanners","pollBookSystem":"Commercial Electronic Poll Book","tabulation":"Optical Scan","equipmentCodeMatched":true,"sourceDocumentId":"verified-voting-verifier-in-2024-equipment","sourceUrl":"https://verifiedvoting.org/verifier/#mode/navigate/map/voteEquip/mapType/ppEquip/year/2024/state/18"}},{"type":"Feature","bbox":[-86.683349609375,38.686553955078,-86.275268554688,38.992401123047],"geometry":{"type":"Polygon","coordinates":[[[-86.605895996094,38.992218017578],[-86.317443847656,38.990814208984],[-86.280334472656,38.990997314453],[-86.277893066406,38.9013671875],[-86.275268554688,38.763793945312],[-86.287170410156,38.753570556641],[-86.290649414062,38.735748291016],[-86.309997558594,38.733123779297],[-86.308471679688,38.688018798828],[-86.43896484375,38.687408447266],[-86.460021972656,38.688629150391],[-86.590942382812,38.687042236328],[-86.683044433594,38.686553955078],[-86.683349609375,38.772857666016],[-86.682800292969,38.904693603516],[-86.682250976562,38.992401123047],[-86.605895996094,38.992218017578]]]},"properties":{"_isDeleted":false,"AREA":"1.21519391926999E-01","PERIMETER":"1.42127957930397E+00","CO18_D00_":"73","CO18_D00_I":"72","STATE":"18","COUNTY":"093","NAME":"Lawrence","LSAD":"06","LSAD_TRANS":"County","CODE":"dren","CODE_ACC":"dren","CODE_ABS":"dren","CODE_EV":"dren","equipmentGroupLabel":"MicroVote - Jurisdiction does not use BMDs","equipmentSystemName":"Jurisdiction does not use BMDs","equipmentType":"DRE","equipmentVendor":"MicroVote","jurisdictionCode":"IN-093","jurisdictionName":"Lawrence County","sourceGranularity":"county","standardSystem":"DREs with VVPAT for all voters","accessibleSystem":"DREs with VVPAT for all voters","absenteeSystem":"Hand-Fed Optical Scanners","pollBookSystem":"Commercial Electronic Poll Book","tabulation":"DRE","equipmentCodeMatched":true,"sourceDocumentId":"verified-voting-verifier-in-2024-equipment","sourceUrl":"https://verifiedvoting.org/verifier/#mode/navigate/map/voteEquip/mapType/ppEquip/year/2024/state/18"}},{"type":"Feature","bbox":[-85.203552246094,38.688079833984,-84.784545898438,38.929534912109],"geometry":{"type":"Polygon","coordinates":[[[-85.135803222656,38.929534912109],[-85.140258789062,38.903167724609],[-85.044128417969,38.902984619141],[-85.043884277344,38.901916503906],[-84.870483398438,38.90087890625],[-84.860717773438,38.897644042969],[-84.812744140625,38.895141601562],[-84.7880859375,38.883697509766],[-84.784545898438,38.875305175781],[-84.788269042969,38.864288330078],[-84.80322265625,38.850708007812],[-84.823303222656,38.839202880859],[-84.829895019531,38.830627441406],[-84.827026367188,38.818634033203],[-84.816467285156,38.805297851562],[-84.811645507812,38.792755126953],[-84.814636230469,38.784484863281],[-84.835632324219,38.784240722656],[-84.856872558594,38.790222167969],[-84.893859863281,38.793670654297],[-84.932922363281,38.777496337891],[-84.947631835938,38.775238037109],[-84.978698730469,38.779266357422],[-84.999877929688,38.774688720703],[-85.011779785156,38.766723632812],[-85.071899414062,38.741577148438],[-85.100952148438,38.726776123047],[-85.132995605469,38.702392578125],[-85.146850585938,38.695373535156],[-85.172546386719,38.688079833984],[-85.201416015625,38.690887451172],[-85.203552246094,38.816864013672],[-85.203125,38.913757324219],[-85.203002929688,38.928497314453],[-85.135803222656,38.929534912109]]]},"properties":{"_isDeleted":false,"AREA":"6.00473113586429E-02","PERIMETER":"1.23243903200939E+00","CO18_D00_":"74","CO18_D00_I":"73","STATE":"18","COUNTY":"155","NAME":"Switzerland","LSAD":"06","LSAD_TRANS":"County","CODE":"mpdn","CODE_ACC":"dren","CODE_ABS":"dren","CODE_EV":"mpdn","equipmentGroupLabel":"Hart InterCivic - Hart InterCivic Verity Duo +","equipmentSystemName":"Hart InterCivic Verity Duo +","equipmentType":"Optical Scan","equipmentVendor":"Hart InterCivic","jurisdictionCode":"IN-155","jurisdictionName":"Switzerland County","sourceGranularity":"county","standardSystem":"Hand marked paper ballots, BMDs for accessibility","accessibleSystem":"Ballot Marking Devices for all voters","absenteeSystem":"Hand-Fed Optical Scanners","pollBookSystem":"Commercial Electronic Poll Book","tabulation":"Optical Scan","equipmentCodeMatched":true,"sourceDocumentId":"verified-voting-verifier-in-2024-equipment","sourceUrl":"https://verifiedvoting.org/verifier/#mode/navigate/map/voteEquip/mapType/ppEquip/year/2024/state/18"}},{"type":"Feature","bbox":[-85.683837890625,38.586181640625,-85.201416015625,38.914001464844],"geometry":{"type":"Polygon","coordinates":[[[-85.258850097656,38.914001464844],[-85.203125,38.913757324219],[-85.203552246094,38.816864013672],[-85.201416015625,38.690887451172],[-85.226013183594,38.705413818359],[-85.246459960938,38.731781005859],[-85.258850097656,38.737731933594],[-85.289184570312,38.742370605469],[-85.306030273438,38.741638183594],[-85.351745605469,38.731597900391],[-85.372253417969,38.730560302734],[-85.410888671875,38.737060546875],[-85.434020996094,38.729461669922],[-85.452087402344,38.709320068359],[-85.455444335938,38.682037353516],[-85.438720703125,38.659301757812],[-85.439270019531,38.6103515625],[-85.428283691406,38.586364746094],[-85.478759765625,38.586181640625],[-85.478698730469,38.592468261719],[-85.496337890625,38.59228515625],[-85.49658203125,38.606872558594],[-85.524230957031,38.606506347656],[-85.570007324219,38.606201171875],[-85.570922851562,38.678466796875],[-85.608154296875,38.6787109375],[-85.608642578125,38.707733154297],[-85.645751953125,38.707916259766],[-85.646179199219,38.729827880859],[-85.664245605469,38.730010986328],[-85.664306640625,38.736907958984],[-85.683288574219,38.736785888672],[-85.683776855469,38.815399169922],[-85.683837890625,38.823638916016],[-85.610595703125,38.824249267578],[-85.610961914062,38.853759765625],[-85.573608398438,38.853759765625],[-85.573669433594,38.882659912109],[-85.537414550781,38.882598876953],[-85.538146972656,38.912200927734],[-85.44482421875,38.912994384766],[-85.258850097656,38.914001464844]]]},"properties":{"_isDeleted":false,"AREA":"9.74509432730573E-02","PERIMETER":"1.71124033640461E+00","CO18_D00_":"75","CO18_D00_I":"74","STATE":"18","COUNTY":"077","NAME":"Jefferson","LSAD":"06","LSAD_TRANS":"County","CODE":"dren","CODE_ACC":"dren","CODE_ABS":"dren","CODE_EV":"dren","equipmentGroupLabel":"MicroVote - Jurisdiction does not use BMDs","equipmentSystemName":"Jurisdiction does not use BMDs","equipmentType":"DRE","equipmentVendor":"MicroVote","jurisdictionCode":"IN-077","jurisdictionName":"Jefferson County","sourceGranularity":"county","standardSystem":"DREs with VVPAT for all voters","accessibleSystem":"DREs with VVPAT for all voters","absenteeSystem":"Hand-Fed Optical Scanners","pollBookSystem":"Commercial Electronic Poll Book","tabulation":"DRE","equipmentCodeMatched":true,"sourceDocumentId":"verified-voting-verifier-in-2024-equipment","sourceUrl":"https://verifiedvoting.org/verifier/#mode/navigate/map/voteEquip/mapType/ppEquip/year/2024/state/18"}},{"type":"Feature","bbox":[-87.744384765625,38.414123535156,-87.098693847656,38.907867431641],"geometry":{"type":"Polygon","coordinates":[[[-87.24072265625,38.907867431641],[-87.1298828125,38.907318115234],[-87.124633789062,38.904571533203],[-87.098693847656,38.903961181641],[-87.118041992188,38.886871337891],[-87.1298828125,38.884185791016],[-87.120056152344,38.874755859375],[-87.135803222656,38.871948242188],[-87.1328125,38.859527587891],[-87.143676757812,38.867340087891],[-87.139465332031,38.850341796875],[-87.144653320312,38.839508056641],[-87.170349121094,38.846954345703],[-87.185852050781,38.845794677734],[-87.17333984375,38.839508056641],[-87.171508789062,38.831848144531],[-87.186767578125,38.833679199219],[-87.197143554688,38.826538085938],[-87.189575195312,38.822357177734],[-87.1953125,38.815338134766],[-87.203674316406,38.825561523438],[-87.203063964844,38.816375732422],[-87.213256835938,38.807983398438],[-87.2109375,38.820892333984],[-87.221923828125,38.810424804688],[-87.239868164062,38.819244384766],[-87.244995117188,38.808837890625],[-87.239868164062,38.787658691406],[-87.243347167969,38.779144287109],[-87.255493164062,38.778717041016],[-87.257507324219,38.767761230469],[-87.239501953125,38.765625],[-87.243835449219,38.750030517578],[-87.238525390625,38.743225097656],[-87.249572753906,38.741149902344],[-87.262817382812,38.730316162109],[-87.257019042969,38.718872070312],[-87.269897460938,38.706512451172],[-87.266845703125,38.701171875],[-87.278503417969,38.691314697266],[-87.261413574219,38.685821533203],[-87.272399902344,38.683258056641],[-87.256958007812,38.665924072266],[-87.255676269531,38.655212402344],[-87.24169921875,38.660675048828],[-87.239868164062,38.647369384766],[-87.249694824219,38.652954101562],[-87.24072265625,38.632202148438],[-87.252563476562,38.630554199219],[-87.241760253906,38.619781494141],[-87.23876953125,38.610534667969],[-87.249938964844,38.615234375],[-87.2451171875,38.595550537109],[-87.249328613281,38.586853027344],[-87.23779296875,38.575714111328],[-87.24755859375,38.569458007812],[-87.238037109375,38.560607910156],[-87.248229980469,38.558135986328],[-87.237426757812,38.552337646484],[-87.242065429688,38.544921875],[-87.249938964844,38.5419921875],[-87.254455566406,38.528411865234],[-87.287780761719,38.511871337891],[-87.301208496094,38.510223388672],[-87.312072753906,38.521118164062],[-87.323913574219,38.524047851562],[-87.351013183594,38.541687011719],[-87.366088867188,38.543334960938],[-87.370056152344,38.538055419922],[-87.361389160156,38.523071289062],[-87.367553710938,38.512908935547],[-87.381896972656,38.520324707031],[-87.383728027344,38.537750244141],[-87.403259277344,38.541381835938],[-87.408935546875,38.528533935547],[-87.422546386719,38.531951904297],[-87.4228515625,38.539611816406],[-87.432373046875,38.537567138672],[-87.432067871094,38.530487060547],[-87.462890625,38.533477783203],[-87.466552734375,38.524047851562],[-87.47607421875,38.527984619141],[-87.47216796875,38.515167236328],[-87.488403320312,38.507415771484],[-87.492980957031,38.497131347656],[-87.501281738281,38.496032714844],[-87.518615722656,38.503784179688],[-87.531066894531,38.498718261719],[-87.530700683594,38.515228271484],[-87.540466308594,38.518371582031],[-87.549438476562,38.511627197266],[-87.540893554688,38.491912841797],[-87.5751953125,38.491668701172],[-87.579650878906,38.498962402344],[-87.587341308594,38.492156982422],[-87.580078125,38.483612060547],[-87.590148925781,38.462432861328],[-87.599304199219,38.45068359375],[-87.609130859375,38.446929931641],[-87.621337890625,38.449371337891],[-87.633178710938,38.442718505859],[-87.63720703125,38.452453613281],[-87.656372070312,38.457763671875],[-87.6640625,38.449066162109],[-87.673034667969,38.447662353516],[-87.661682128906,38.435668945312],[-87.672241210938,38.428894042969],[-87.680847167969,38.431762695312],[-87.700073242188,38.421844482422],[-87.721801757812,38.416381835938],[-87.744384765625,38.414123535156],[-87.740966796875,38.435546875],[-87.730102539062,38.446502685547],[-87.743103027344,38.458984375],[-87.739501953125,38.475036621094],[-87.713989257812,38.479858398438],[-87.693115234375,38.488006591797],[-87.678344726562,38.498413085938],[-87.663696289062,38.5029296875],[-87.654113769531,38.511871337891],[-87.660705566406,38.541076660156],[-87.650634765625,38.556243896484],[-87.651489257812,38.568176269531],[-87.637756347656,38.588500976562],[-87.623901367188,38.593963623047],[-87.627319335938,38.605407714844],[-87.622375488281,38.618865966797],[-87.6201171875,38.639434814453],[-87.593627929688,38.667388916016],[-87.545532226562,38.677612304688],[-87.531188964844,38.683990478516],[-87.519592285156,38.697204589844],[-87.516662597656,38.71630859375],[-87.496459960938,38.742736816406],[-87.498901367188,38.757781982422],[-87.496459960938,38.778533935547],[-87.52734375,38.818084716797],[-87.521667480469,38.826538085938],[-87.52587890625,38.848754882812],[-87.550476074219,38.859527587891],[-87.544067382812,38.895080566406],[-87.534545898438,38.902404785156],[-87.354309082031,38.901672363281],[-87.240783691406,38.901672363281],[-87.24072265625,38.907867431641]]]},"properties":{"_isDeleted":false,"AREA":"1.40570647588329E-01","PERIMETER":"3.09030576134737E+00","CO18_D00_":"76","CO18_D00_I":"75","STATE":"18","COUNTY":"083","NAME":"Knox","LSAD":"06","LSAD_TRANS":"County","CODE":"dren","CODE_ACC":"dren","CODE_ABS":"dren","CODE_EV":"dren","equipmentGroupLabel":"MicroVote - Jurisdiction does not use BMDs","equipmentSystemName":"Jurisdiction does not use BMDs","equipmentType":"DRE","equipmentVendor":"MicroVote","jurisdictionCode":"IN-083","jurisdictionName":"Knox County","sourceGranularity":"county","standardSystem":"DREs with VVPAT for all voters","accessibleSystem":"DREs with VVPAT for all voters","absenteeSystem":"Hand-Fed Optical Scanners","pollBookSystem":"Commercial Electronic Poll Book","tabulation":"DRE","equipmentCodeMatched":true,"sourceDocumentId":"verified-voting-verifier-in-2024-equipment","sourceUrl":"https://verifiedvoting.org/verifier/#mode/navigate/map/voteEquip/mapType/ppEquip/year/2024/state/18"}},{"type":"Feature","bbox":[-86.924133300781,38.494873046875,-86.682312011719,38.904693603516],"geometry":{"type":"Polygon","coordinates":[[[-86.757385253906,38.904388427734],[-86.682800292969,38.904693603516],[-86.683349609375,38.772857666016],[-86.683044433594,38.686553955078],[-86.682312011719,38.526245117188],[-86.819030761719,38.526123046875],[-86.837585449219,38.526489257812],[-86.836730957031,38.521728515625],[-86.855651855469,38.509063720703],[-86.87109375,38.505279541016],[-86.878845214844,38.494873046875],[-86.900512695312,38.501098632812],[-86.913208007812,38.495910644531],[-86.924133300781,38.504638671875],[-86.924011230469,38.627319335938],[-86.922912597656,38.817230224609],[-86.904174804688,38.817474365234],[-86.904174804688,38.904205322266],[-86.757385253906,38.904388427734]]]},"properties":{"_isDeleted":false,"AREA":"9.13336657415025E-02","PERIMETER":"1.28403254547351E+00","CO18_D00_":"77","CO18_D00_I":"76","STATE":"18","COUNTY":"101","NAME":"Martin","LSAD":"06","LSAD_TRANS":"County","CODE":"mpdn","CODE_ACC":"dren","CODE_ABS":"dren","CODE_EV":"mpdn","equipmentGroupLabel":"ES&S - ES&S ExpressVote +","equipmentSystemName":"ES&S ExpressVote +","equipmentType":"Optical Scan","equipmentVendor":"ES&S","jurisdictionCode":"IN-101","jurisdictionName":"Martin County","sourceGranularity":"county","standardSystem":"Hand marked paper ballots, BMDs for accessibility","accessibleSystem":"Ballot Marking Devices for all voters","absenteeSystem":"Hand-Fed Optical Scanners","pollBookSystem":"Commercial Electronic Poll Book","tabulation":"Optical Scan","equipmentCodeMatched":true,"sourceDocumentId":"verified-voting-verifier-in-2024-equipment","sourceUrl":"https://verifiedvoting.org/verifier/#mode/navigate/map/voteEquip/mapType/ppEquip/year/2024/state/18"}},{"type":"Feature","bbox":[-87.278503417969,38.490447998047,-86.904174804688,38.904205322266],"geometry":{"type":"Polygon","coordinates":[[[-87.098693847656,38.903961181641],[-87.031372070312,38.902526855469],[-86.904174804688,38.904205322266],[-86.904174804688,38.817474365234],[-86.922912597656,38.817230224609],[-86.924011230469,38.627319335938],[-86.924133300781,38.504638671875],[-86.935791015625,38.504577636719],[-86.947631835938,38.490447998047],[-86.956359863281,38.493255615234],[-86.95654296875,38.503295898438],[-86.974731445312,38.501953125],[-86.993896484375,38.513031005859],[-87.006469726562,38.508575439453],[-87.012268066406,38.512237548828],[-87.0234375,38.507171630859],[-87.033081054688,38.512176513672],[-87.046508789062,38.510345458984],[-87.054992675781,38.502319335938],[-87.064758300781,38.502563476562],[-87.072387695312,38.514678955078],[-87.086669921875,38.512847900391],[-87.100463867188,38.534393310547],[-87.115112304688,38.536895751953],[-87.124633789062,38.524963378906],[-87.135498046875,38.531890869141],[-87.135375976562,38.519104003906],[-87.1513671875,38.515838623047],[-87.154724121094,38.527374267578],[-87.170227050781,38.531829833984],[-87.175537109375,38.544006347656],[-87.185363769531,38.548522949219],[-87.207092285156,38.551666259766],[-87.220947265625,38.538818359375],[-87.242065429688,38.544921875],[-87.237426757812,38.552337646484],[-87.248229980469,38.558135986328],[-87.238037109375,38.560607910156],[-87.24755859375,38.569458007812],[-87.23779296875,38.575714111328],[-87.249328613281,38.586853027344],[-87.2451171875,38.595550537109],[-87.249938964844,38.615234375],[-87.23876953125,38.610534667969],[-87.241760253906,38.619781494141],[-87.252563476562,38.630554199219],[-87.24072265625,38.632202148438],[-87.249694824219,38.652954101562],[-87.239868164062,38.647369384766],[-87.24169921875,38.660675048828],[-87.255676269531,38.655212402344],[-87.256958007812,38.665924072266],[-87.272399902344,38.683258056641],[-87.261413574219,38.685821533203],[-87.278503417969,38.691314697266],[-87.266845703125,38.701171875],[-87.269897460938,38.706512451172],[-87.257019042969,38.718872070312],[-87.262817382812,38.730316162109],[-87.249572753906,38.741149902344],[-87.238525390625,38.743225097656],[-87.243835449219,38.750030517578],[-87.239501953125,38.765625],[-87.257507324219,38.767761230469],[-87.255493164062,38.778717041016],[-87.243347167969,38.779144287109],[-87.239868164062,38.787658691406],[-87.244995117188,38.808837890625],[-87.239868164062,38.819244384766],[-87.221923828125,38.810424804688],[-87.2109375,38.820892333984],[-87.213256835938,38.807983398438],[-87.203063964844,38.816375732422],[-87.203674316406,38.825561523438],[-87.1953125,38.815338134766],[-87.189575195312,38.822357177734],[-87.197143554688,38.826538085938],[-87.186767578125,38.833679199219],[-87.171508789062,38.831848144531],[-87.17333984375,38.839508056641],[-87.185852050781,38.845794677734],[-87.170349121094,38.846954345703],[-87.144653320312,38.839508056641],[-87.139465332031,38.850341796875],[-87.143676757812,38.867340087891],[-87.1328125,38.859527587891],[-87.135803222656,38.871948242188],[-87.120056152344,38.874755859375],[-87.1298828125,38.884185791016],[-87.118041992188,38.886871337891],[-87.098693847656,38.903961181641]]]},"properties":{"_isDeleted":false,"AREA":"1.17158563617840E-01","PERIMETER":"2.16546465164305E+00","CO18_D00_":"78","CO18_D00_I":"77","STATE":"18","COUNTY":"027","NAME":"Daviess","LSAD":"06","LSAD_TRANS":"County","CODE":"dren","CODE_ACC":"dren","CODE_ABS":"dren","CODE_EV":"dren","equipmentGroupLabel":"MicroVote - Jurisdiction does not use BMDs","equipmentSystemName":"Jurisdiction does not use BMDs","equipmentType":"DRE","equipmentVendor":"MicroVote","jurisdictionCode":"IN-027","jurisdictionName":"Daviess County","sourceGranularity":"county","standardSystem":"DREs with VVPAT for all voters","accessibleSystem":"DREs with VVPAT for all voters","absenteeSystem":"Hand-Fed Optical Scanners","pollBookSystem":"Commercial Electronic Poll Book","tabulation":"DRE","equipmentCodeMatched":true,"sourceDocumentId":"verified-voting-verifier-in-2024-equipment","sourceUrl":"https://verifiedvoting.org/verifier/#mode/navigate/map/voteEquip/mapType/ppEquip/year/2024/state/18"}},{"type":"Feature","bbox":[-85.888427734375,38.561218261719,-85.570007324219,38.828186035156],"geometry":{"type":"Polygon","coordinates":[[[-85.728271484375,38.828125],[-85.715515136719,38.828186035156],[-85.702819824219,38.816436767578],[-85.683776855469,38.815399169922],[-85.683288574219,38.736785888672],[-85.664306640625,38.736907958984],[-85.664245605469,38.730010986328],[-85.646179199219,38.729827880859],[-85.645751953125,38.707916259766],[-85.608642578125,38.707733154297],[-85.608154296875,38.6787109375],[-85.570922851562,38.678466796875],[-85.570007324219,38.606201171875],[-85.630310058594,38.605651855469],[-85.750183105469,38.605834960938],[-85.793518066406,38.604797363281],[-85.793579101562,38.59033203125],[-85.803100585938,38.590270996094],[-85.802978515625,38.5830078125],[-85.812316894531,38.582885742188],[-85.812133789062,38.575531005859],[-85.821411132812,38.575408935547],[-85.821105957031,38.561401367188],[-85.847839355469,38.561218261719],[-85.848571777344,38.576263427734],[-85.885620117188,38.575408935547],[-85.886779785156,38.648742675781],[-85.888061523438,38.648742675781],[-85.888427734375,38.734405517578],[-85.869506835938,38.726165771484],[-85.841552734375,38.741088867188],[-85.832214355469,38.752899169922],[-85.829772949219,38.764221191406],[-85.817321777344,38.777862548828],[-85.804809570312,38.780670166016],[-85.807189941406,38.788879394531],[-85.795288085938,38.807495117188],[-85.771728515625,38.809387207031],[-85.757690429688,38.819244384766],[-85.739929199219,38.819305419922],[-85.728271484375,38.828125]]]},"properties":{"_isDeleted":false,"AREA":"5.16554090990012E-02","PERIMETER":"1.19233954355854E+00","CO18_D00_":"79","CO18_D00_I":"78","STATE":"18","COUNTY":"143","NAME":"Scott","LSAD":"06","LSAD_TRANS":"County","CODE":"mpdn","CODE_ACC":"dren","CODE_ABS":"dren","CODE_EV":"mpdn","equipmentGroupLabel":"MicroVote - Jurisdiction does not use BMDs","equipmentSystemName":"Jurisdiction does not use BMDs","equipmentType":"DRE","equipmentVendor":"MicroVote","jurisdictionCode":"IN-143","jurisdictionName":"Scott County","sourceGranularity":"county","standardSystem":"DREs with VVPAT for all voters","accessibleSystem":"DREs with VVPAT for all voters","absenteeSystem":"Hand-Fed Optical Scanners","pollBookSystem":"Commercial Electronic Poll Book","tabulation":"DRE","equipmentCodeMatched":true,"sourceDocumentId":"verified-voting-verifier-in-2024-equipment","sourceUrl":"https://verifiedvoting.org/verifier/#mode/navigate/map/voteEquip/mapType/ppEquip/year/2024/state/18"}},{"type":"Feature","bbox":[-86.309997558594,38.417877197266,-85.847534179688,38.783386230469],"geometry":{"type":"Polygon","coordinates":[[[-86.275268554688,38.763793945312],[-86.240783691406,38.765869140625],[-86.2265625,38.777984619141],[-86.217346191406,38.771148681641],[-86.213073730469,38.779388427734],[-86.197631835938,38.773773193359],[-86.205505371094,38.781799316406],[-86.188049316406,38.776763916016],[-86.184326171875,38.782531738281],[-86.172302246094,38.773040771484],[-86.16357421875,38.774810791016],[-86.134643554688,38.762573242188],[-86.116394042969,38.766967773438],[-86.103942871094,38.765563964844],[-86.091674804688,38.783386230469],[-86.075073242188,38.774688720703],[-86.061401367188,38.777862548828],[-86.04052734375,38.760864257812],[-86.025573730469,38.756317138672],[-86.022033691406,38.766906738281],[-86.014831542969,38.756988525391],[-85.999206542969,38.760192871094],[-85.985900878906,38.76806640625],[-85.985595703125,38.758270263672],[-85.976623535156,38.752349853516],[-85.960571289062,38.764099121094],[-85.951110839844,38.754730224609],[-85.938110351562,38.7626953125],[-85.93603515625,38.755401611328],[-85.916625976562,38.745666503906],[-85.911682128906,38.756561279297],[-85.896240234375,38.750457763672],[-85.900451660156,38.7421875],[-85.888427734375,38.734405517578],[-85.888061523438,38.648742675781],[-85.886779785156,38.648742675781],[-85.885620117188,38.575408935547],[-85.848571777344,38.576263427734],[-85.847839355469,38.561218261719],[-85.847534179688,38.547119140625],[-85.866271972656,38.547119140625],[-85.8662109375,38.518371582031],[-85.884643554688,38.518127441406],[-85.884704589844,38.503479003906],[-85.957092285156,38.501953125],[-85.956176757812,38.488922119141],[-85.993286132812,38.488494873047],[-85.99462890625,38.418304443359],[-86.0146484375,38.418609619141],[-86.032836914062,38.417877197266],[-86.123291015625,38.419403076172],[-86.2548828125,38.422698974609],[-86.308654785156,38.422882080078],[-86.307495117188,38.644317626953],[-86.308471679688,38.688018798828],[-86.309997558594,38.733123779297],[-86.290649414062,38.735748291016],[-86.287170410156,38.753570556641],[-86.275268554688,38.763793945312]]]},"properties":{"_isDeleted":false,"AREA":"1.38318807266359E-01","PERIMETER":"1.81653370297339E+00","CO18_D00_":"80","CO18_D00_I":"79","STATE":"18","COUNTY":"175","NAME":"Washington","LSAD":"06","LSAD_TRANS":"County","CODE":"mpdn","CODE_ACC":"dren","CODE_ABS":"dren","CODE_EV":"mpdn","equipmentGroupLabel":"Hart InterCivic - Hart InterCivic Verity Touch Writer +","equipmentSystemName":"Hart InterCivic Verity Touch Writer +","equipmentType":"Optical Scan","equipmentVendor":"Hart InterCivic","jurisdictionCode":"IN-175","jurisdictionName":"Washington County","sourceGranularity":"county","standardSystem":"Hand marked paper ballots, BMDs for accessibility","accessibleSystem":"Ballot Marking Devices for all voters","absenteeSystem":"Hand-Fed Optical Scanners","pollBookSystem":"Commercial Electronic Poll Book","tabulation":"Optical Scan","equipmentCodeMatched":true,"sourceDocumentId":"verified-voting-verifier-in-2024-equipment","sourceUrl":"https://verifiedvoting.org/verifier/#mode/navigate/map/voteEquip/mapType/ppEquip/year/2024/state/18"}},{"type":"Feature","bbox":[-86.683044433594,38.39404296875,-86.307495117188,38.688629150391],"geometry":{"type":"Polygon","coordinates":[[[-86.308471679688,38.688018798828],[-86.307495117188,38.644317626953],[-86.308654785156,38.422882080078],[-86.308837890625,38.39404296875],[-86.451721191406,38.396453857422],[-86.569396972656,38.396026611328],[-86.681396484375,38.394744873047],[-86.682312011719,38.526245117188],[-86.683044433594,38.686553955078],[-86.590942382812,38.687042236328],[-86.460021972656,38.688629150391],[-86.43896484375,38.687408447266],[-86.308471679688,38.688018798828]]]},"properties":{"_isDeleted":false,"AREA":"1.09237075641002E-01","PERIMETER":"1.33412750025568E+00","CO18_D00_":"81","CO18_D00_I":"80","STATE":"18","COUNTY":"117","NAME":"Orange","LSAD":"06","LSAD_TRANS":"County","CODE":"dren","CODE_ACC":"dren","CODE_ABS":"dren","CODE_EV":"dren","equipmentGroupLabel":"MicroVote - Jurisdiction does not use BMDs","equipmentSystemName":"Jurisdiction does not use BMDs","equipmentType":"DRE","equipmentVendor":"MicroVote","jurisdictionCode":"IN-117","jurisdictionName":"Orange County","sourceGranularity":"county","standardSystem":"DREs with VVPAT for all voters","accessibleSystem":"DREs with VVPAT for all voters","absenteeSystem":"Hand-Fed Optical Scanners","pollBookSystem":"Commercial Electronic Poll Book","tabulation":"DRE","equipmentCodeMatched":true,"sourceDocumentId":"verified-voting-verifier-in-2024-equipment","sourceUrl":"https://verifiedvoting.org/verifier/#mode/navigate/map/voteEquip/mapType/ppEquip/year/2024/state/18"}},{"type":"Feature","bbox":[-85.99462890625,38.267852783203,-85.415588378906,38.606872558594],"geometry":{"type":"Polygon","coordinates":[[[-85.524230957031,38.606506347656],[-85.49658203125,38.606872558594],[-85.496337890625,38.59228515625],[-85.478698730469,38.592468261719],[-85.478759765625,38.586181640625],[-85.428283691406,38.586364746094],[-85.415832519531,38.563537597656],[-85.415588378906,38.546325683594],[-85.423034667969,38.531585693359],[-85.43310546875,38.52392578125],[-85.45849609375,38.514373779297],[-85.474304199219,38.504089355469],[-85.481262207031,38.488372802734],[-85.498840332031,38.468231201172],[-85.536499023438,38.4560546875],[-85.5751953125,38.453247070312],[-85.587768554688,38.450439453125],[-85.607604980469,38.439239501953],[-85.620483398438,38.423065185547],[-85.638000488281,38.380340576172],[-85.638732910156,38.361419677734],[-85.653625488281,38.327087402344],[-85.674987792969,38.301330566406],[-85.683532714844,38.29541015625],[-85.738708496094,38.269378662109],[-85.750915527344,38.267852783203],[-85.761047363281,38.272552490234],[-85.773315429688,38.286163330078],[-85.791564941406,38.288543701172],[-85.796203613281,38.306610107422],[-85.793212890625,38.315582275391],[-85.783447265625,38.321350097656],[-85.794494628906,38.325134277344],[-85.796813964844,38.333038330078],[-85.785888671875,38.331512451172],[-85.790222167969,38.338165283203],[-85.769714355469,38.34375],[-85.7607421875,38.350280761719],[-85.781188964844,38.374114990234],[-85.785339355469,38.374725341797],[-85.808898925781,38.400604248047],[-85.808349609375,38.404388427734],[-85.966857910156,38.403472900391],[-85.966979980469,38.410827636719],[-85.994567871094,38.410949707031],[-85.99462890625,38.418304443359],[-85.993286132812,38.488494873047],[-85.956176757812,38.488922119141],[-85.957092285156,38.501953125],[-85.884704589844,38.503479003906],[-85.884643554688,38.518127441406],[-85.8662109375,38.518371582031],[-85.866271972656,38.547119140625],[-85.847534179688,38.547119140625],[-85.847839355469,38.561218261719],[-85.821105957031,38.561401367188],[-85.821411132812,38.575408935547],[-85.812133789062,38.575531005859],[-85.812316894531,38.582885742188],[-85.802978515625,38.5830078125],[-85.803100585938,38.590270996094],[-85.793579101562,38.59033203125],[-85.793518066406,38.604797363281],[-85.750183105469,38.605834960938],[-85.630310058594,38.605651855469],[-85.570007324219,38.606201171875],[-85.524230957031,38.606506347656]]]},"properties":{"_isDeleted":false,"AREA":"1.00585165620423E-01","PERIMETER":"1.74499600414605E+00","CO18_D00_":"82","CO18_D00_I":"81","STATE":"18","COUNTY":"019","NAME":"Clark","LSAD":"06","LSAD_TRANS":"County","CODE":"mpdn","CODE_ACC":"dren","CODE_ABS":"dren","CODE_EV":"mpdn","equipmentGroupLabel":"ES&S - ES&S AutoMARK +","equipmentSystemName":"ES&S AutoMARK +","equipmentType":"Optical Scan","equipmentVendor":"ES&S","jurisdictionCode":"IN-019","jurisdictionName":"Clark County","sourceGranularity":"county","standardSystem":"Hand marked paper ballots, BMDs for accessibility","accessibleSystem":"Ballot Marking Devices for all voters","absenteeSystem":"Batch-Fed Optical Scanners","pollBookSystem":"Commercial Electronic Poll Book","tabulation":"Optical Scan","equipmentCodeMatched":true,"sourceDocumentId":"verified-voting-verifier-in-2024-equipment","sourceUrl":"https://verifiedvoting.org/verifier/#mode/navigate/map/voteEquip/mapType/ppEquip/year/2024/state/18"}},{"type":"Feature","bbox":[-87.462951660156,38.231018066406,-87.072387695312,38.551666259766],"geometry":{"type":"Polygon","coordinates":[[[-87.242065429688,38.544921875],[-87.220947265625,38.538818359375],[-87.207092285156,38.551666259766],[-87.185363769531,38.548522949219],[-87.175537109375,38.544006347656],[-87.170227050781,38.531829833984],[-87.154724121094,38.527374267578],[-87.1513671875,38.515838623047],[-87.135375976562,38.519104003906],[-87.135498046875,38.531890869141],[-87.124633789062,38.524963378906],[-87.115112304688,38.536895751953],[-87.100463867188,38.534393310547],[-87.086669921875,38.512847900391],[-87.072387695312,38.514678955078],[-87.073120117188,38.45751953125],[-87.072448730469,38.303833007812],[-87.072998046875,38.232604980469],[-87.125610351562,38.23291015625],[-87.1630859375,38.231567382812],[-87.232177734375,38.231018066406],[-87.298278808594,38.231628417969],[-87.298278808594,38.246124267578],[-87.316833496094,38.246063232422],[-87.31591796875,38.375335693359],[-87.335693359375,38.379364013672],[-87.341491699219,38.386779785156],[-87.355163574219,38.386840820312],[-87.370666503906,38.376800537109],[-87.379455566406,38.383270263672],[-87.388671875,38.377166748047],[-87.407409667969,38.375457763672],[-87.4072265625,38.436340332031],[-87.444396972656,38.436096191406],[-87.444458007812,38.465362548828],[-87.462951660156,38.465301513672],[-87.462890625,38.533477783203],[-87.432067871094,38.530487060547],[-87.432373046875,38.537567138672],[-87.4228515625,38.539611816406],[-87.422546386719,38.531951904297],[-87.408935546875,38.528533935547],[-87.403259277344,38.541381835938],[-87.383728027344,38.537750244141],[-87.381896972656,38.520324707031],[-87.367553710938,38.512908935547],[-87.361389160156,38.523071289062],[-87.370056152344,38.538055419922],[-87.366088867188,38.543334960938],[-87.351013183594,38.541687011719],[-87.323913574219,38.524047851562],[-87.312072753906,38.521118164062],[-87.301208496094,38.510223388672],[-87.287780761719,38.511871337891],[-87.254455566406,38.528411865234],[-87.249938964844,38.5419921875],[-87.242065429688,38.544921875]]]},"properties":{"_isDeleted":false,"AREA":"9.10929317555086E-02","PERIMETER":"1.66244183015202E+00","CO18_D00_":"83","CO18_D00_I":"82","STATE":"18","COUNTY":"125","NAME":"Pike","LSAD":"06","LSAD_TRANS":"County","CODE":"dren","CODE_ACC":"dren","CODE_ABS":"dren","CODE_EV":"dren","equipmentGroupLabel":"MicroVote - Jurisdiction does not use BMDs","equipmentSystemName":"Jurisdiction does not use BMDs","equipmentType":"DRE","equipmentVendor":"MicroVote","jurisdictionCode":"IN-125","jurisdictionName":"Pike County","sourceGranularity":"county","standardSystem":"DREs with VVPAT for all voters","accessibleSystem":"DREs with VVPAT for all voters","absenteeSystem":"Hand-Fed Optical Scanners","pollBookSystem":"Commercial Electronic Poll Book","tabulation":"DRE","equipmentCodeMatched":true,"sourceDocumentId":"verified-voting-verifier-in-2024-equipment","sourceUrl":"https://verifiedvoting.org/verifier/#mode/navigate/map/voteEquip/mapType/ppEquip/year/2024/state/18"}},{"type":"Feature","bbox":[-87.977722167969,38.165466308594,-87.31591796875,38.533477783203],"geometry":{"type":"Polygon","coordinates":[[[-87.47216796875,38.515167236328],[-87.47607421875,38.527984619141],[-87.466552734375,38.524047851562],[-87.462890625,38.533477783203],[-87.462951660156,38.465301513672],[-87.444458007812,38.465362548828],[-87.444396972656,38.436096191406],[-87.4072265625,38.436340332031],[-87.407409667969,38.375457763672],[-87.388671875,38.377166748047],[-87.379455566406,38.383270263672],[-87.370666503906,38.376800537109],[-87.355163574219,38.386840820312],[-87.341491699219,38.386779785156],[-87.335693359375,38.379364013672],[-87.31591796875,38.375335693359],[-87.316833496094,38.246063232422],[-87.316955566406,38.201751708984],[-87.466613769531,38.201202392578],[-87.46728515625,38.165466308594],[-87.666564941406,38.168273925781],[-87.688354492188,38.16845703125],[-87.688171386719,38.200958251953],[-87.799682617188,38.201934814453],[-87.799011230469,38.228485107422],[-87.970886230469,38.230224609375],[-87.977722167969,38.230285644531],[-87.960205078125,38.237121582031],[-87.945861816406,38.256958007812],[-87.952087402344,38.273742675781],[-87.938659667969,38.289276123047],[-87.928833007812,38.292388916016],[-87.908203125,38.273986816406],[-87.887817382812,38.285247802734],[-87.88037109375,38.299560546875],[-87.868713378906,38.299133300781],[-87.85302734375,38.289276123047],[-87.838195800781,38.293731689453],[-87.831909179688,38.307220458984],[-87.832702636719,38.324829101562],[-87.822692871094,38.346923828125],[-87.806030273438,38.363098144531],[-87.779907226562,38.370849609375],[-87.745239257812,38.408996582031],[-87.744384765625,38.414123535156],[-87.721801757812,38.416381835938],[-87.700073242188,38.421844482422],[-87.680847167969,38.431762695312],[-87.672241210938,38.428894042969],[-87.661682128906,38.435668945312],[-87.673034667969,38.447662353516],[-87.6640625,38.449066162109],[-87.656372070312,38.457763671875],[-87.63720703125,38.452453613281],[-87.633178710938,38.442718505859],[-87.621337890625,38.449371337891],[-87.609130859375,38.446929931641],[-87.599304199219,38.45068359375],[-87.590148925781,38.462432861328],[-87.580078125,38.483612060547],[-87.587341308594,38.492156982422],[-87.579650878906,38.498962402344],[-87.5751953125,38.491668701172],[-87.540893554688,38.491912841797],[-87.549438476562,38.511627197266],[-87.540466308594,38.518371582031],[-87.530700683594,38.515228271484],[-87.531066894531,38.498718261719],[-87.518615722656,38.503784179688],[-87.501281738281,38.496032714844],[-87.492980957031,38.497131347656],[-87.488403320312,38.507415771484],[-87.47216796875,38.515167236328]]]},"properties":{"_isDeleted":false,"AREA":"1.33022445811593E-01","PERIMETER":"2.22187587255120E+00","CO18_D00_":"84","CO18_D00_I":"83","STATE":"18","COUNTY":"051","NAME":"Gibson","LSAD":"06","LSAD_TRANS":"County","CODE":"mpdn","CODE_ACC":"dren","CODE_ABS":"dren","CODE_EV":"mpdn","equipmentGroupLabel":"Hart InterCivic - Hart InterCivic Verity Touch Writer +","equipmentSystemName":"Hart InterCivic Verity Touch Writer +","equipmentType":"Optical Scan","equipmentVendor":"Hart InterCivic","jurisdictionCode":"IN-051","jurisdictionName":"Gibson County","sourceGranularity":"county","standardSystem":"Hand marked paper ballots, BMDs for accessibility","accessibleSystem":"Ballot Marking Devices for all voters","absenteeSystem":"Hand-Fed Optical Scanners","pollBookSystem":"Commercial Electronic Poll Book","tabulation":"Optical Scan","equipmentCodeMatched":true,"sourceDocumentId":"verified-voting-verifier-in-2024-equipment","sourceUrl":"https://verifiedvoting.org/verifier/#mode/navigate/map/voteEquip/mapType/ppEquip/year/2024/state/18"}},{"type":"Feature","bbox":[-87.073120117188,38.203033447266,-86.678955078125,38.526489257812],"geometry":{"type":"Polygon","coordinates":[[[-86.819030761719,38.526123046875],[-86.682312011719,38.526245117188],[-86.681396484375,38.394744873047],[-86.679443359375,38.263031005859],[-86.678955078125,38.248077392578],[-86.792114257812,38.249114990234],[-86.791442871094,38.205108642578],[-86.86572265625,38.204986572266],[-86.923645019531,38.203033447266],[-87.017395019531,38.203521728516],[-87.073059082031,38.203826904297],[-87.072998046875,38.232604980469],[-87.072448730469,38.303833007812],[-87.073120117188,38.45751953125],[-87.072387695312,38.514678955078],[-87.064758300781,38.502563476562],[-87.054992675781,38.502319335938],[-87.046508789062,38.510345458984],[-87.033081054688,38.512176513672],[-87.0234375,38.507171630859],[-87.012268066406,38.512237548828],[-87.006469726562,38.508575439453],[-86.993896484375,38.513031005859],[-86.974731445312,38.501953125],[-86.95654296875,38.503295898438],[-86.956359863281,38.493255615234],[-86.947631835938,38.490447998047],[-86.935791015625,38.504577636719],[-86.924133300781,38.504638671875],[-86.913208007812,38.495910644531],[-86.900512695312,38.501098632812],[-86.878845214844,38.494873046875],[-86.87109375,38.505279541016],[-86.855651855469,38.509063720703],[-86.836730957031,38.521728515625],[-86.837585449219,38.526489257812],[-86.819030761719,38.526123046875]]]},"properties":{"_isDeleted":false,"AREA":"1.16189317344997E-01","PERIMETER":"1.48404239955015E+00","CO18_D00_":"85","CO18_D00_I":"84","STATE":"18","COUNTY":"037","NAME":"Dubois","LSAD":"06","LSAD_TRANS":"County","CODE":"dren","CODE_ACC":"dren","CODE_ABS":"dren","CODE_EV":"dren","equipmentGroupLabel":"MicroVote - Jurisdiction does not use BMDs","equipmentSystemName":"Jurisdiction does not use BMDs","equipmentType":"DRE","equipmentVendor":"MicroVote","jurisdictionCode":"IN-037","jurisdictionName":"Dubois County","sourceGranularity":"county","standardSystem":"DREs with VVPAT for all voters","accessibleSystem":"DREs with VVPAT for all voters","absenteeSystem":"Hand-Fed Optical Scanners","pollBookSystem":"Commercial Electronic Poll Book","tabulation":"DRE","equipmentCodeMatched":true,"sourceDocumentId":"verified-voting-verifier-in-2024-equipment","sourceUrl":"https://verifiedvoting.org/verifier/#mode/navigate/map/voteEquip/mapType/ppEquip/year/2024/state/18"}},{"type":"Feature","bbox":[-86.681396484375,38.105773925781,-86.245544433594,38.422882080078],"geometry":{"type":"Polygon","coordinates":[[[-86.308654785156,38.422882080078],[-86.2548828125,38.422698974609],[-86.255004882812,38.422515869141],[-86.2646484375,38.410888671875],[-86.252136230469,38.406982421875],[-86.250671386719,38.398040771484],[-86.261779785156,38.395355224609],[-86.245544433594,38.387634277344],[-86.261047363281,38.381317138672],[-86.257934570312,38.366943359375],[-86.248840332031,38.363952636719],[-86.251159667969,38.348754882812],[-86.265502929688,38.362121582031],[-86.276611328125,38.349548339844],[-86.2734375,38.321533203125],[-86.28173828125,38.324035644531],[-86.28955078125,38.316375732422],[-86.276245117188,38.308685302734],[-86.274353027344,38.301086425781],[-86.264587402344,38.308502197266],[-86.264587402344,38.294891357422],[-86.2548828125,38.296447753906],[-86.256958007812,38.284057617188],[-86.265502929688,38.286346435547],[-86.274780273438,38.2802734375],[-86.276977539062,38.227203369141],[-86.2841796875,38.220794677734],[-86.292785644531,38.224700927734],[-86.29541015625,38.209106445312],[-86.290161132812,38.202667236328],[-86.306274414062,38.202728271484],[-86.317199707031,38.178253173828],[-86.329895019531,38.181549072266],[-86.308044433594,38.166442871094],[-86.31884765625,38.163208007812],[-86.325866699219,38.154266357422],[-86.323425292969,38.139007568359],[-86.335144042969,38.129211425781],[-86.375305175781,38.130584716797],[-86.38720703125,38.124633789062],[-86.396179199219,38.107757568359],[-86.405029296875,38.105773925781],[-86.431762695312,38.126098632812],[-86.449768066406,38.127197265625],[-86.462280273438,38.120056152344],[-86.460388183594,38.206817626953],[-86.571594238281,38.20751953125],[-86.570068359375,38.266326904297],[-86.572937011719,38.266204833984],[-86.641540527344,38.263275146484],[-86.679443359375,38.263031005859],[-86.681396484375,38.394744873047],[-86.569396972656,38.396026611328],[-86.451721191406,38.396453857422],[-86.308837890625,38.39404296875],[-86.308654785156,38.422882080078]]]},"properties":{"_isDeleted":false,"AREA":"8.41760541732945E-02","PERIMETER":"1.77158731172106E+00","CO18_D00_":"86","CO18_D00_I":"85","STATE":"18","COUNTY":"025","NAME":"Crawford","LSAD":"06","LSAD_TRANS":"County","CODE":"mpdn","CODE_ACC":"dren","CODE_ABS":"dren","CODE_EV":"mpdn","equipmentGroupLabel":"ES&S - ES&S AutoMARK +","equipmentSystemName":"ES&S AutoMARK +","equipmentType":"Optical Scan","equipmentVendor":"ES&S","jurisdictionCode":"IN-025","jurisdictionName":"Crawford County","sourceGranularity":"county","standardSystem":"Hand marked paper ballots, BMDs for accessibility","accessibleSystem":"Ballot Marking Devices for all voters","absenteeSystem":"Hand-Fed Optical Scanners","pollBookSystem":"Commercial Electronic Poll Book","tabulation":"Optical Scan","equipmentCodeMatched":true,"sourceDocumentId":"verified-voting-verifier-in-2024-equipment","sourceUrl":"https://verifiedvoting.org/verifier/#mode/navigate/map/voteEquip/mapType/ppEquip/year/2024/state/18"}},{"type":"Feature","bbox":[-86.329895019531,37.959320068359,-85.900573730469,38.422698974609],"geometry":{"type":"Polygon","coordinates":[[[-86.255004882812,38.422515869141],[-86.2548828125,38.422698974609],[-86.123291015625,38.419403076172],[-86.032836914062,38.417877197266],[-86.032531738281,38.330657958984],[-86.014343261719,38.330718994141],[-86.014038085938,38.301635742188],[-85.995178222656,38.302429199219],[-85.992004394531,38.275329589844],[-85.973388671875,38.275268554688],[-85.973388671875,38.260681152344],[-85.955017089844,38.260498046875],[-85.955017089844,38.202056884766],[-85.957641601562,38.188720703125],[-85.922729492188,38.188537597656],[-85.900573730469,38.185668945312],[-85.900634765625,38.178070068359],[-85.90869140625,38.161163330078],[-85.909423828125,38.140045166016],[-85.905090332031,38.111053466797],[-85.906127929688,38.086151123047],[-85.9169921875,38.061828613281],[-85.92236328125,38.028656005859],[-85.939453125,38.010925292969],[-85.951416015625,38.005584716797],[-85.976013183594,38.003570556641],[-86.020629882812,37.99609375],[-86.032470703125,37.990051269531],[-86.033386230469,37.970397949219],[-86.038146972656,37.959320068359],[-86.048461914062,37.959381103516],[-86.064819335938,37.975616455078],[-86.079956054688,38.000823974609],[-86.108093261719,38.013427734375],[-86.141052246094,38.015441894531],[-86.167297363281,38.009826660156],[-86.178955078125,38.011291503906],[-86.220336914062,38.027923583984],[-86.233032226562,38.039306640625],[-86.249938964844,38.045806884766],[-86.266845703125,38.05712890625],[-86.273559570312,38.067413330078],[-86.278625488281,38.098510742188],[-86.271179199219,38.130096435547],[-86.271789550781,38.137847900391],[-86.287719726562,38.158050537109],[-86.308044433594,38.166442871094],[-86.329895019531,38.181549072266],[-86.317199707031,38.178253173828],[-86.306274414062,38.202728271484],[-86.290161132812,38.202667236328],[-86.29541015625,38.209106445312],[-86.292785644531,38.224700927734],[-86.2841796875,38.220794677734],[-86.276977539062,38.227203369141],[-86.274780273438,38.2802734375],[-86.265502929688,38.286346435547],[-86.256958007812,38.284057617188],[-86.2548828125,38.296447753906],[-86.264587402344,38.294891357422],[-86.264587402344,38.308502197266],[-86.274353027344,38.301086425781],[-86.276245117188,38.308685302734],[-86.28955078125,38.316375732422],[-86.28173828125,38.324035644531],[-86.2734375,38.321533203125],[-86.276611328125,38.349548339844],[-86.265502929688,38.362121582031],[-86.251159667969,38.348754882812],[-86.248840332031,38.363952636719],[-86.257934570312,38.366943359375],[-86.261047363281,38.381317138672],[-86.245544433594,38.387634277344],[-86.261779785156,38.395355224609],[-86.250671386719,38.398040771484],[-86.252136230469,38.406982421875],[-86.2646484375,38.410888671875],[-86.255004882812,38.422515869141]]]},"properties":{"_isDeleted":false,"AREA":"1.29672677327568E-01","PERIMETER":"1.92093547803621E+00","CO18_D00_":"87","CO18_D00_I":"86","STATE":"18","COUNTY":"061","NAME":"Harrison","LSAD":"06","LSAD_TRANS":"County","CODE":"mpdn","CODE_ACC":"dren","CODE_ABS":"dren","CODE_EV":"mpdn","equipmentGroupLabel":"Hart InterCivic - Hart InterCivic Verity Touch Writer +","equipmentSystemName":"Hart InterCivic Verity Touch Writer +","equipmentType":"Optical Scan","equipmentVendor":"Hart InterCivic","jurisdictionCode":"IN-061","jurisdictionName":"Harrison County","sourceGranularity":"county","standardSystem":"Hand marked paper ballots, BMDs for accessibility","accessibleSystem":"Ballot Marking Devices for all voters","absenteeSystem":"Hand-Fed Optical Scanners","pollBookSystem":"Commercial Electronic Poll Book","tabulation":"Optical Scan","equipmentCodeMatched":true,"sourceDocumentId":"verified-voting-verifier-in-2024-equipment","sourceUrl":"https://verifiedvoting.org/verifier/#mode/navigate/map/voteEquip/mapType/ppEquip/year/2024/state/18"}},{"type":"Feature","bbox":[-86.032836914062,38.178070068359,-85.7607421875,38.418609619141],"geometry":{"type":"Polygon","coordinates":[[[-86.0146484375,38.418609619141],[-85.99462890625,38.418304443359],[-85.994567871094,38.410949707031],[-85.966979980469,38.410827636719],[-85.966857910156,38.403472900391],[-85.808349609375,38.404388427734],[-85.808898925781,38.400604248047],[-85.785339355469,38.374725341797],[-85.781188964844,38.374114990234],[-85.7607421875,38.350280761719],[-85.769714355469,38.34375],[-85.790222167969,38.338165283203],[-85.785888671875,38.331512451172],[-85.796813964844,38.333038330078],[-85.794494628906,38.325134277344],[-85.783447265625,38.321350097656],[-85.793212890625,38.315582275391],[-85.796203613281,38.306610107422],[-85.791564941406,38.288543701172],[-85.816101074219,38.282958984375],[-85.829345703125,38.276733398438],[-85.838012695312,38.257385253906],[-85.839599609375,38.23974609375],[-85.851440429688,38.223175048828],[-85.880249023438,38.203338623047],[-85.900634765625,38.178070068359],[-85.900573730469,38.185668945312],[-85.922729492188,38.188537597656],[-85.957641601562,38.188720703125],[-85.955017089844,38.202056884766],[-85.955017089844,38.260498046875],[-85.973388671875,38.260681152344],[-85.973388671875,38.275268554688],[-85.992004394531,38.275329589844],[-85.995178222656,38.302429199219],[-86.014038085938,38.301635742188],[-86.014343261719,38.330718994141],[-86.032531738281,38.330657958984],[-86.032836914062,38.417877197266],[-86.0146484375,38.418609619141]]]},"properties":{"_isDeleted":false,"AREA":"3.95893088106505E-02","PERIMETER":"9.84282932892346E-01","CO18_D00_":"88","CO18_D00_I":"87","STATE":"18","COUNTY":"043","NAME":"Floyd","LSAD":"06","LSAD_TRANS":"County","CODE":"pbvs","CODE_ACC":"bmds","CODE_ABS":"bmds","CODE_EV":"pbvs","equipmentGroupLabel":"Unisyn - Unisyn OpenElect FVT +","equipmentSystemName":"Unisyn OpenElect FVT +","equipmentType":"Optical Scan","equipmentVendor":"Unisyn","jurisdictionCode":"IN-043","jurisdictionName":"Floyd County","sourceGranularity":"county","standardSystem":"Ballot Marking Devices for all voters","accessibleSystem":"Ballot Marking Devices for all voters","absenteeSystem":"Batch-Fed Optical Scanners","pollBookSystem":"In-House Electronic Poll Book","tabulation":"Optical Scan","equipmentCodeMatched":true,"sourceDocumentId":"verified-voting-verifier-in-2024-equipment","sourceUrl":"https://verifiedvoting.org/verifier/#mode/navigate/map/voteEquip/mapType/ppEquip/year/2024/state/18"}},{"type":"Feature","bbox":[-86.813903808594,37.842712402344,-86.430114746094,38.266326904297],"geometry":{"type":"Polygon","coordinates":[[[-86.572937011719,38.266204833984],[-86.570068359375,38.266326904297],[-86.571594238281,38.20751953125],[-86.460388183594,38.206817626953],[-86.462280273438,38.120056152344],[-86.466186523438,38.106750488281],[-86.458740234375,38.096405029297],[-86.433959960938,38.086761474609],[-86.430114746094,38.07861328125],[-86.432739257812,38.067169189453],[-86.452209472656,38.050506591797],[-86.471862792969,38.046173095703],[-86.5,38.045745849609],[-86.517272949219,38.042633056641],[-86.52490234375,38.027862548828],[-86.525146484375,37.968200683594],[-86.5185546875,37.951782226562],[-86.507019042969,37.936431884766],[-86.510986328125,37.926086425781],[-86.534118652344,37.917022705078],[-86.566223144531,37.922119140625],[-86.588500976562,37.921142578125],[-86.599792480469,37.90673828125],[-86.598083496094,37.867340087891],[-86.604614257812,37.858276367188],[-86.638244628906,37.842712402344],[-86.658203125,37.844146728516],[-86.662475585938,37.85693359375],[-86.644714355469,37.894805908203],[-86.650085449219,37.910614013672],[-86.673034667969,37.914886474609],[-86.685974121094,37.913055419922],[-86.718444824219,37.893096923828],[-86.7314453125,37.894317626953],[-86.7509765625,37.912872314453],[-86.779968261719,37.956512451172],[-86.794921875,37.988952636719],[-86.813903808594,37.998321533203],[-86.798095703125,38.015625],[-86.786743164062,38.000640869141],[-86.772583007812,37.998199462891],[-86.776306152344,38.022430419922],[-86.780822753906,38.028289794922],[-86.766723632812,38.029266357422],[-86.78662109375,38.041015625],[-86.778991699219,38.053283691406],[-86.768676757812,38.059509277344],[-86.779174804688,38.078918457031],[-86.766845703125,38.093475341797],[-86.774047851562,38.105224609375],[-86.781677246094,38.101623535156],[-86.792846679688,38.117034912109],[-86.800903320312,38.110626220703],[-86.806823730469,38.118560791016],[-86.794921875,38.125915527344],[-86.80615234375,38.142883300781],[-86.795227050781,38.157135009766],[-86.802734375,38.170593261719],[-86.803039550781,38.181427001953],[-86.791259765625,38.180145263672],[-86.791442871094,38.205108642578],[-86.792114257812,38.249114990234],[-86.678955078125,38.248077392578],[-86.679443359375,38.263031005859],[-86.641540527344,38.263275146484],[-86.572937011719,38.266204833984]]]},"properties":{"_isDeleted":false,"AREA":"1.02692280759135E-01","PERIMETER":"1.75130161318593E+00","CO18_D00_":"89","CO18_D00_I":"88","STATE":"18","COUNTY":"123","NAME":"Perry","LSAD":"06","LSAD_TRANS":"County","CODE":"dren","CODE_ACC":"dren","CODE_ABS":"dren","CODE_EV":"dren","equipmentGroupLabel":"MicroVote - Jurisdiction does not use BMDs","equipmentSystemName":"Jurisdiction does not use BMDs","equipmentType":"DRE","equipmentVendor":"MicroVote","jurisdictionCode":"IN-123","jurisdictionName":"Perry County","sourceGranularity":"county","standardSystem":"DREs with VVPAT for all voters","accessibleSystem":"DREs with VVPAT for all voters","absenteeSystem":"Hand-Fed Optical Scanners","pollBookSystem":"Commercial Electronic Poll Book","tabulation":"DRE","equipmentCodeMatched":true,"sourceDocumentId":"verified-voting-verifier-in-2024-equipment","sourceUrl":"https://verifiedvoting.org/verifier/#mode/navigate/map/voteEquip/mapType/ppEquip/year/2024/state/18"}},{"type":"Feature","bbox":[-87.472961425781,37.878784179688,-87.017395019531,38.246124267578],"geometry":{"type":"Polygon","coordinates":[[[-87.298278808594,38.246124267578],[-87.298278808594,38.231628417969],[-87.232177734375,38.231018066406],[-87.1630859375,38.231567382812],[-87.125610351562,38.23291015625],[-87.072998046875,38.232604980469],[-87.073059082031,38.203826904297],[-87.017395019531,38.203521728516],[-87.017395019531,38.118377685547],[-87.072448730469,38.118072509766],[-87.074645996094,38.097045898438],[-87.091674804688,38.078186035156],[-87.097534179688,38.056579589844],[-87.090942382812,38.048797607422],[-87.124572753906,38.043792724609],[-87.132751464844,38.054809570312],[-87.146362304688,38.058959960938],[-87.153381347656,38.052673339844],[-87.154052734375,38.032043457031],[-87.165954589844,38.027984619141],[-87.152954101562,38.023956298828],[-87.157409667969,38.016967773438],[-87.166442871094,38.018432617188],[-87.169494628906,38.011352539062],[-87.186096191406,37.996398925781],[-87.2138671875,37.976531982422],[-87.224426269531,37.972351074219],[-87.233703613281,37.949401855469],[-87.2392578125,37.952453613281],[-87.267944335938,37.924987792969],[-87.268859863281,37.878784179688],[-87.302307128906,37.8984375],[-87.320007324219,37.90576171875],[-87.335388183594,37.907531738281],[-87.361572265625,37.920959472656],[-87.380249023438,37.935577392578],[-87.418579101562,37.944763183594],[-87.450927734375,37.941192626953],[-87.449340820312,38.003814697266],[-87.449829101562,38.03515625],[-87.472961425781,38.034912109375],[-87.471801757812,38.121948242188],[-87.467895507812,38.121948242188],[-87.46728515625,38.165466308594],[-87.466613769531,38.201202392578],[-87.316955566406,38.201751708984],[-87.316833496094,38.246063232422],[-87.298278808594,38.246124267578]]]},"properties":{"_isDeleted":false,"AREA":"1.03954599016503E-01","PERIMETER":"1.62205636727871E+00","CO18_D00_":"90","CO18_D00_I":"89","STATE":"18","COUNTY":"173","NAME":"Warrick","LSAD":"06","LSAD_TRANS":"County","CODE":"dren","CODE_ACC":"dren","CODE_ABS":"dren","CODE_EV":"dren","equipmentGroupLabel":"MicroVote - Jurisdiction does not use BMDs","equipmentSystemName":"Jurisdiction does not use BMDs","equipmentType":"DRE","equipmentVendor":"MicroVote","jurisdictionCode":"IN-173","jurisdictionName":"Warrick County","sourceGranularity":"county","standardSystem":"DREs with VVPAT for all voters","accessibleSystem":"DREs with VVPAT for all voters","absenteeSystem":"Hand-Fed Optical Scanners","pollBookSystem":"Commercial Electronic Poll Book","tabulation":"DRE","equipmentCodeMatched":true,"sourceDocumentId":"verified-voting-verifier-in-2024-equipment","sourceUrl":"https://verifiedvoting.org/verifier/#mode/navigate/map/voteEquip/mapType/ppEquip/year/2024/state/18"}},{"type":"Feature","bbox":[-88.058471679688,37.773193359375,-87.688171386719,38.230285644531],"geometry":{"type":"Polygon","coordinates":[[[-87.970886230469,38.230224609375],[-87.799011230469,38.228485107422],[-87.799682617188,38.201934814453],[-87.688171386719,38.200958251953],[-87.688354492188,38.16845703125],[-87.688903808594,38.124755859375],[-87.696716308594,38.124816894531],[-87.697937011719,38.032104492188],[-87.700500488281,37.897430419922],[-87.7236328125,37.892059326172],[-87.740112304688,37.894622802734],[-87.76220703125,37.890899658203],[-87.783569335938,37.877746582031],[-87.795166015625,37.875274658203],[-87.83056640625,37.87646484375],[-87.841186523438,37.88232421875],[-87.845520019531,37.893157958984],[-87.857238769531,37.900634765625],[-87.865539550781,37.915069580078],[-87.877319335938,37.924011230469],[-87.892395019531,37.927917480469],[-87.90478515625,37.924865722656],[-87.938293457031,37.890777587891],[-87.940979003906,37.879150390625],[-87.936157226562,37.867889404297],[-87.914855957031,37.849578857422],[-87.907775878906,37.837585449219],[-87.90380859375,37.817749023438],[-87.906799316406,37.807647705078],[-87.932556152344,37.797668457031],[-87.944458007812,37.775268554688],[-87.9599609375,37.773193359375],[-87.976379394531,37.787963867188],[-87.9970703125,37.797668457031],[-88.0458984375,37.807464599609],[-88.0517578125,37.813720703125],[-88.044128417969,37.830780029297],[-88.044555664062,37.840698242188],[-88.053100585938,37.847808837891],[-88.058471679688,37.865325927734],[-88.050354003906,37.8828125],[-88.033325195312,37.894073486328],[-88.031555175781,37.901672363281],[-88.044128417969,37.926818847656],[-88.036071777344,37.942687988281],[-88.012878417969,37.966491699219],[-88.012573242188,37.977020263672],[-88.025756835938,38.007232666016],[-88.029724121094,38.025054931641],[-88.020385742188,38.046539306641],[-87.990295410156,38.056457519531],[-87.98486328125,38.069000244141],[-87.998413085938,38.090057373047],[-87.999755859375,38.100830078125],[-87.974243164062,38.121948242188],[-87.945434570312,38.126586914062],[-87.921630859375,38.148376464844],[-87.928833007812,38.168579101562],[-87.95947265625,38.184356689453],[-87.975830078125,38.197784423828],[-87.984191894531,38.2099609375],[-87.977722167969,38.230285644531],[-87.970886230469,38.230224609375]]]},"properties":{"_isDeleted":false,"AREA":"1.10212862688210E-01","PERIMETER":"1.74906565944841E+00","CO18_D00_":"91","CO18_D00_I":"90","STATE":"18","COUNTY":"129","NAME":"Posey","LSAD":"06","LSAD_TRANS":"County","CODE":"dren","CODE_ACC":"dren","CODE_ABS":"dren","CODE_EV":"dren","equipmentGroupLabel":"Unisyn - Unisyn OpenElect FVT +","equipmentSystemName":"Unisyn OpenElect FVT +","equipmentType":"Optical Scan","equipmentVendor":"Unisyn","jurisdictionCode":"IN-129","jurisdictionName":"Posey County","sourceGranularity":"county","standardSystem":"Ballot Marking Devices for all voters","accessibleSystem":"Ballot Marking Devices for all voters","absenteeSystem":"Batch-Fed Optical Scanners","pollBookSystem":"In-House Electronic Poll Book","tabulation":"Optical Scan","equipmentCodeMatched":true,"sourceDocumentId":"verified-voting-verifier-in-2024-equipment","sourceUrl":"https://verifiedvoting.org/verifier/#mode/navigate/map/voteEquip/mapType/ppEquip/year/2024/state/18"}},{"type":"Feature","bbox":[-87.268859863281,37.782501220703,-86.766723632812,38.205108642578],"geometry":{"type":"Polygon","coordinates":[[[-86.791442871094,38.205108642578],[-86.791259765625,38.180145263672],[-86.803039550781,38.181427001953],[-86.802734375,38.170593261719],[-86.795227050781,38.157135009766],[-86.80615234375,38.142883300781],[-86.794921875,38.125915527344],[-86.806823730469,38.118560791016],[-86.800903320312,38.110626220703],[-86.792846679688,38.117034912109],[-86.781677246094,38.101623535156],[-86.774047851562,38.105224609375],[-86.766845703125,38.093475341797],[-86.779174804688,38.078918457031],[-86.768676757812,38.059509277344],[-86.778991699219,38.053283691406],[-86.78662109375,38.041015625],[-86.766723632812,38.029266357422],[-86.780822753906,38.028289794922],[-86.776306152344,38.022430419922],[-86.772583007812,37.998199462891],[-86.786743164062,38.000640869141],[-86.798095703125,38.015625],[-86.813903808594,37.998321533203],[-86.823486328125,37.998931884766],[-86.855895996094,37.987243652344],[-86.884948730469,37.96435546875],[-86.90234375,37.946166992188],[-86.919250488281,37.936676025391],[-86.978942871094,37.93017578125],[-87.01025390625,37.919647216797],[-87.033386230469,37.906616210938],[-87.046203613281,37.889862060547],[-87.043823242188,37.870758056641],[-87.051391601562,37.853668212891],[-87.057800292969,37.827423095703],[-87.070739746094,37.801910400391],[-87.090637207031,37.787780761719],[-87.111145019531,37.782501220703],[-87.127502441406,37.785003662109],[-87.133117675781,37.792175292969],[-87.141906738281,37.816162109375],[-87.158874511719,37.837829589844],[-87.170776367188,37.842346191406],[-87.202209472656,37.843780517578],[-87.220947265625,37.849090576172],[-87.255187988281,37.867279052734],[-87.268859863281,37.878784179688],[-87.267944335938,37.924987792969],[-87.2392578125,37.952453613281],[-87.233703613281,37.949401855469],[-87.224426269531,37.972351074219],[-87.2138671875,37.976531982422],[-87.186096191406,37.996398925781],[-87.169494628906,38.011352539062],[-87.166442871094,38.018432617188],[-87.157409667969,38.016967773438],[-87.152954101562,38.023956298828],[-87.165954589844,38.027984619141],[-87.154052734375,38.032043457031],[-87.153381347656,38.052673339844],[-87.146362304688,38.058959960938],[-87.132751464844,38.054809570312],[-87.124572753906,38.043792724609],[-87.090942382812,38.048797607422],[-87.097534179688,38.056579589844],[-87.091674804688,38.078186035156],[-87.074645996094,38.097045898438],[-87.072448730469,38.118072509766],[-87.017395019531,38.118377685547],[-87.017395019531,38.203521728516],[-86.923645019531,38.203033447266],[-86.86572265625,38.204986572266],[-86.791442871094,38.205108642578]]]},"properties":{"_isDeleted":false,"AREA":"1.06680257192473E-01","PERIMETER":"1.84250649741866E+00","CO18_D00_":"92","CO18_D00_I":"91","STATE":"18","COUNTY":"147","NAME":"Spencer","LSAD":"06","LSAD_TRANS":"County","CODE":"dren","CODE_ACC":"dren","CODE_ABS":"dren","CODE_EV":"dren","equipmentGroupLabel":"MicroVote - Jurisdiction does not use BMDs","equipmentSystemName":"Jurisdiction does not use BMDs","equipmentType":"DRE","equipmentVendor":"MicroVote","jurisdictionCode":"IN-147","jurisdictionName":"Spencer County","sourceGranularity":"county","standardSystem":"DREs with VVPAT for all voters","accessibleSystem":"DREs with VVPAT for all voters","absenteeSystem":"Hand-Fed Optical Scanners","pollBookSystem":"Commercial Electronic Poll Book","tabulation":"DRE","equipmentCodeMatched":true,"sourceDocumentId":"verified-voting-verifier-in-2024-equipment","sourceUrl":"https://verifiedvoting.org/verifier/#mode/navigate/map/voteEquip/mapType/ppEquip/year/2024/state/18"}},{"type":"Feature","bbox":[-87.700500488281,37.825897216797,-87.449340820312,38.16845703125],"geometry":{"type":"Polygon","coordinates":[[[-87.666564941406,38.168273925781],[-87.46728515625,38.165466308594],[-87.467895507812,38.121948242188],[-87.471801757812,38.121948242188],[-87.472961425781,38.034912109375],[-87.449829101562,38.03515625],[-87.449340820312,38.003814697266],[-87.450927734375,37.941192626953],[-87.465515136719,37.933685302734],[-87.501098632812,37.909149169922],[-87.511474609375,37.906433105469],[-87.520263671875,37.912567138672],[-87.55126953125,37.925415039062],[-87.565856933594,37.937896728516],[-87.574279785156,37.954803466797],[-87.577880859375,37.971557617188],[-87.585876464844,37.975433349609],[-87.601440429688,37.972534179688],[-87.606140136719,37.949645996094],[-87.625549316406,37.933441162109],[-87.628356933594,37.921447753906],[-87.620239257812,37.906921386719],[-87.591552734375,37.887176513672],[-87.588684082031,37.860961914062],[-87.606567382812,37.838684082031],[-87.615356445312,37.831970214844],[-87.645874023438,37.825897216797],[-87.67236328125,37.829132080078],[-87.679138183594,37.836303710938],[-87.681579589844,37.855895996094],[-87.6640625,37.877136230469],[-87.66650390625,37.895782470703],[-87.684020996094,37.903503417969],[-87.700500488281,37.897430419922],[-87.697937011719,38.032104492188],[-87.696716308594,38.124816894531],[-87.688903808594,38.124755859375],[-87.688354492188,38.16845703125],[-87.666564941406,38.168273925781]]]},"properties":{"_isDeleted":false,"AREA":"6.26620432415998E-02","PERIMETER":"1.30226795796531E+00","CO18_D00_":"93","CO18_D00_I":"92","STATE":"18","COUNTY":"163","NAME":"Vanderburgh","LSAD":"06","LSAD_TRANS":"County","CODE":"dren","CODE_ACC":"dren","CODE_ABS":"dren","CODE_EV":"dren","equipmentGroupLabel":"Unisyn - Unisyn OpenElect FVT +","equipmentSystemName":"Unisyn OpenElect FVT +","equipmentType":"Optical Scan","equipmentVendor":"Unisyn","jurisdictionCode":"IN-163","jurisdictionName":"Vanderburgh County","sourceGranularity":"county","standardSystem":"Ballot Marking Devices for all voters","accessibleSystem":"Ballot Marking Devices for all voters","absenteeSystem":"Batch-Fed Optical Scanners","pollBookSystem":"In-House Electronic Poll Book","tabulation":"Optical Scan","equipmentCodeMatched":true,"sourceDocumentId":"verified-voting-verifier-in-2024-equipment","sourceUrl":"https://verifiedvoting.org/verifier/#mode/navigate/map/voteEquip/mapType/ppEquip/year/2024/state/18"}}],"properties":{"electionYear":2024,"source":"Verified Voting Verifier area geometry","sourceDocumentId":"verified-voting-verifier-in-2024-equipment","sourceUrl":"https://verifiedvoting.org/verifier/#mode/navigate/map/voteEquip/mapType/ppEquip/year/2024/state/18","state":"IN"}}
