{"type":"FeatureCollection","bbox":[-102.05169677734,36.993072509766,-94.589904785156,40.003143310547],"features":[{"type":"Feature","bbox":[-102.05169677734,39.568176269531,-101.41009521484,40.003143310547],"geometry":{"type":"Polygon","coordinates":[[[-101.41101074219,40.002319335938],[-101.41009521484,39.814788818359],[-101.41058349609,39.742156982422],[-101.41192626953,39.640716552734],[-101.41387939453,39.568298339844],[-101.78961181641,39.568420410156],[-102.00329589844,39.568176269531],[-102.0498046875,39.568176269531],[-102.05151367188,39.849761962891],[-102.05169677734,40.003021240234],[-101.90417480469,40.003143310547],[-101.84094238281,40.002777099609],[-101.62573242188,40.002685546875],[-101.41101074219,40.002319335938]]]},"properties":{"_isDeleted":false,"AREA":"2.77978661380216E-01","PERIMETER":"2.14556512652427E+00","CO20_D00_":"2","CO20_D00_I":"1","STATE":"20","COUNTY":"023","NAME":"Cheyenne","LSAD":"06","LSAD_TRANS":"County","CODE":"pbvs","CODE_ACC":"bmds","CODE_ABS":"bmds","CODE_EV":"pbvs","equipmentGroupLabel":"Dominion - Dominion ImageCast X BMD +","equipmentSystemName":"Dominion ImageCast X BMD +","equipmentType":"Optical Scan","equipmentVendor":"Dominion","jurisdictionCode":"KS-023","jurisdictionName":"Cheyenne County","sourceGranularity":"county","standardSystem":"Hand marked paper ballots, BMDs for accessibility","accessibleSystem":"Ballot Marking Devices for all voters","absenteeSystem":"Hand-Fed Optical Scanners","pollBookSystem":"Commercial Electronic Poll Book","tabulation":"Optical Scan","equipmentCodeMatched":true,"sourceDocumentId":"verified-voting-verifier-ks-2024-equipment","sourceUrl":"https://verifiedvoting.org/verifier/#mode/navigate/map/voteEquip/mapType/ppEquip/year/2024/state/20"}},{"type":"Feature","bbox":[-101.41387939453,39.567718505859,-100.73876953125,40.002685546875],"geometry":{"type":"Polygon","coordinates":[[[-100.73876953125,40.002227783203],[-100.74005126953,39.915222167969],[-100.74102783203,39.66552734375],[-100.74084472656,39.567962646484],[-100.84478759766,39.567718505859],[-100.92462158203,39.568054199219],[-101.11407470703,39.568054199219],[-101.18341064453,39.568420410156],[-101.38903808594,39.568298339844],[-101.41387939453,39.568298339844],[-101.41192626953,39.640716552734],[-101.41058349609,39.742156982422],[-101.41009521484,39.814788818359],[-101.41101074219,40.002319335938],[-101.32403564453,40.002685546875],[-100.93737792969,40.002105712891],[-100.73876953125,40.002227783203]]]},"properties":{"_isDeleted":false,"AREA":"2.91301933426951E-01","PERIMETER":"2.21375331792488E+00","CO20_D00_":"3","CO20_D00_I":"2","STATE":"20","COUNTY":"153","NAME":"Rawlins","LSAD":"06","LSAD_TRANS":"County","CODE":"pbvs","CODE_ACC":"bmds","CODE_ABS":"bmds","CODE_EV":"pbvs","equipmentGroupLabel":"ES&S - ES&S ExpressVote +","equipmentSystemName":"ES&S ExpressVote +","equipmentType":"Optical Scan","equipmentVendor":"ES&S","jurisdictionCode":"KS-153","jurisdictionName":"Rawlins County","sourceGranularity":"county","standardSystem":"Hand marked paper ballots, BMDs for accessibility","accessibleSystem":"Ballot Marking Devices for all voters","absenteeSystem":"Hand-Fed Optical Scanners","pollBookSystem":"Paper Poll Book","tabulation":"Optical Scan","equipmentCodeMatched":true,"sourceDocumentId":"verified-voting-verifier-ks-2024-equipment","sourceUrl":"https://verifiedvoting.org/verifier/#mode/navigate/map/voteEquip/mapType/ppEquip/year/2024/state/20"}},{"type":"Feature","bbox":[-98.505249023438,39.566925048828,-97.931640625,40.002563476562],"geometry":{"type":"Polygon","coordinates":[[[-97.931762695312,40.001983642578],[-97.931640625,39.914428710938],[-97.933349609375,39.827667236328],[-97.931640625,39.653930664062],[-97.931884765625,39.567047119141],[-98.119018554688,39.566925048828],[-98.242492675781,39.5673828125],[-98.487365722656,39.567504882812],[-98.505249023438,39.567596435547],[-98.504455566406,39.741363525391],[-98.504211425781,39.858978271484],[-98.504699707031,39.915344238281],[-98.504455566406,40.002319335938],[-98.193420410156,40.002563476562],[-98.099548339844,40.002227783203],[-97.931762695312,40.001983642578]]]},"properties":{"_isDeleted":false,"AREA":"2.49046485819077E-01","PERIMETER":"2.01589918542363E+00","CO20_D00_":"4","CO20_D00_I":"3","STATE":"20","COUNTY":"089","NAME":"Jewell","LSAD":"06","LSAD_TRANS":"County","CODE":"drev","CODE_ACC":"drev","CODE_ABS":"drev","CODE_EV":"drev","equipmentGroupLabel":"ES&S - ES&S ExpressVote +","equipmentSystemName":"ES&S ExpressVote +","equipmentType":"Optical Scan","equipmentVendor":"ES&S","jurisdictionCode":"KS-089","jurisdictionName":"Jewell County","sourceGranularity":"county","standardSystem":"Hand marked paper ballots, BMDs for accessibility","accessibleSystem":"Ballot Marking Devices for all voters","absenteeSystem":"Hand-Fed Optical Scanners","pollBookSystem":"Paper Poll Book","tabulation":"Optical Scan","equipmentCodeMatched":true,"sourceDocumentId":"verified-voting-verifier-ks-2024-equipment","sourceUrl":"https://verifiedvoting.org/verifier/#mode/navigate/map/voteEquip/mapType/ppEquip/year/2024/state/20"}},{"type":"Feature","bbox":[-99.067077636719,39.567596435547,-98.504211425781,40.002563476562],"geometry":{"type":"Polygon","coordinates":[[[-98.504455566406,40.002319335938],[-98.504699707031,39.915344238281],[-98.504211425781,39.858978271484],[-98.504455566406,39.741363525391],[-98.505249023438,39.567596435547],[-98.710205078125,39.567596435547],[-98.84912109375,39.567962646484],[-99.044067382812,39.567840576172],[-99.065795898438,39.567962646484],[-99.066284179688,39.622833251953],[-99.066162109375,39.756378173828],[-99.067077636719,40.002105712891],[-98.834411621094,40.002319335938],[-98.710327148438,40.002227783203],[-98.690307617188,40.002563476562],[-98.504455566406,40.002319335938]]]},"properties":{"_isDeleted":false,"AREA":"2.44153087045352E-01","PERIMETER":"1.99226532308271E+00","CO20_D00_":"5","CO20_D00_I":"4","STATE":"20","COUNTY":"183","NAME":"Smith","LSAD":"06","LSAD_TRANS":"County","CODE":"pbvs","CODE_ACC":"bmds","CODE_ABS":"bmds","CODE_EV":"pbvs","equipmentGroupLabel":"ES&S - ES&S ExpressVote +","equipmentSystemName":"ES&S ExpressVote +","equipmentType":"Optical Scan","equipmentVendor":"ES&S","jurisdictionCode":"KS-183","jurisdictionName":"Smith County","sourceGranularity":"county","standardSystem":"Hand marked paper ballots, BMDs for accessibility","accessibleSystem":"Ballot Marking Devices for all voters","absenteeSystem":"Hand-Fed Optical Scanners","pollBookSystem":"Commercial Electronic Poll Book","tabulation":"Optical Scan","equipmentCodeMatched":true,"sourceDocumentId":"verified-voting-verifier-ks-2024-equipment","sourceUrl":"https://verifiedvoting.org/verifier/#mode/navigate/map/voteEquip/mapType/ppEquip/year/2024/state/20"}},{"type":"Feature","bbox":[-100.74102783203,39.566925048828,-100.17779541016,40.002227783203],"geometry":{"type":"Polygon","coordinates":[[[-100.17779541016,40.001525878906],[-100.17901611328,39.914428710938],[-100.18017578125,39.737487792969],[-100.17980957031,39.653930664062],[-100.18029785156,39.566925048828],[-100.30133056641,39.567596435547],[-100.45434570312,39.567504882812],[-100.66613769531,39.567962646484],[-100.72021484375,39.568054199219],[-100.74084472656,39.567962646484],[-100.74102783203,39.66552734375],[-100.74005126953,39.915222167969],[-100.73876953125,40.002227783203],[-100.64538574219,40.001892089844],[-100.17779541016,40.001525878906]]]},"properties":{"_isDeleted":false,"AREA":"2.43510488132764E-01","PERIMETER":"1.99059228541876E+00","CO20_D00_":"6","CO20_D00_I":"5","STATE":"20","COUNTY":"039","NAME":"Decatur","LSAD":"06","LSAD_TRANS":"County","CODE":"pbvs","CODE_ACC":"bmds","CODE_ABS":"bmds","CODE_EV":"pbvs","equipmentGroupLabel":"ES&S - ES&S ExpressVote +","equipmentSystemName":"ES&S ExpressVote +","equipmentType":"Optical Scan","equipmentVendor":"ES&S","jurisdictionCode":"KS-039","jurisdictionName":"Decatur County","sourceGranularity":"county","standardSystem":"Hand marked paper ballots, BMDs for accessibility","accessibleSystem":"Ballot Marking Devices for all voters","absenteeSystem":"Hand-Fed Optical Scanners","pollBookSystem":"Paper Poll Book","tabulation":"Optical Scan","equipmentCodeMatched":true,"sourceDocumentId":"verified-voting-verifier-ks-2024-equipment","sourceUrl":"https://verifiedvoting.org/verifier/#mode/navigate/map/voteEquip/mapType/ppEquip/year/2024/state/20"}},{"type":"Feature","bbox":[-99.6279296875,39.567169189453,-99.065795898438,40.002227783203],"geometry":{"type":"Polygon","coordinates":[[[-99.067077636719,40.002105712891],[-99.066162109375,39.756378173828],[-99.066284179688,39.622833251953],[-99.065795898438,39.567962646484],[-99.290344238281,39.567260742188],[-99.42138671875,39.567169189453],[-99.535583496094,39.567504882812],[-99.602233886719,39.567260742188],[-99.6279296875,39.5673828125],[-99.6279296875,39.740783691406],[-99.626892089844,39.828460693359],[-99.626892089844,39.914428710938],[-99.625671386719,39.973876953125],[-99.6259765625,40.001892089844],[-99.423583984375,40.002227783203],[-99.403381347656,40.001983642578],[-99.169738769531,40.001892089844],[-99.067077636719,40.002105712891]]]},"properties":{"_isDeleted":false,"AREA":"2.43672345876566E-01","PERIMETER":"1.98979485200077E+00","CO20_D00_":"7","CO20_D00_I":"6","STATE":"20","COUNTY":"147","NAME":"Phillips","LSAD":"06","LSAD_TRANS":"County","CODE":"pbvs","CODE_ACC":"bmds","CODE_ABS":"bmds","CODE_EV":"pbvs","equipmentGroupLabel":"ES&S - ES&S ExpressVote +","equipmentSystemName":"ES&S ExpressVote +","equipmentType":"Optical Scan","equipmentVendor":"ES&S","jurisdictionCode":"KS-147","jurisdictionName":"Phillips County","sourceGranularity":"county","standardSystem":"Hand marked paper ballots, BMDs for accessibility","accessibleSystem":"Ballot Marking Devices for all voters","absenteeSystem":"Batch-Fed Optical Scanners","pollBookSystem":"Paper Poll Book","tabulation":"Optical Scan","equipmentCodeMatched":true,"sourceDocumentId":"verified-voting-verifier-ks-2024-equipment","sourceUrl":"https://verifiedvoting.org/verifier/#mode/navigate/map/voteEquip/mapType/ppEquip/year/2024/state/20"}},{"type":"Feature","bbox":[-97.933349609375,39.653472900391,-97.368469238281,40.001983642578],"geometry":{"type":"Polygon","coordinates":[[[-97.369018554688,40.001983642578],[-97.368469238281,39.839752197266],[-97.368713378906,39.654022216797],[-97.613525390625,39.653472900391],[-97.697387695312,39.653930664062],[-97.849304199219,39.653564453125],[-97.931640625,39.653930664062],[-97.933349609375,39.827667236328],[-97.931640625,39.914428710938],[-97.931762695312,40.001983642578],[-97.511352539062,40.001892089844],[-97.369018554688,40.001983642578]]]},"properties":{"_isDeleted":false,"AREA":"1.96258938457988E-01","PERIMETER":"1.82189065674752E+00","CO20_D00_":"8","CO20_D00_I":"7","STATE":"20","COUNTY":"157","NAME":"Republic","LSAD":"06","LSAD_TRANS":"County","CODE":"pbvs","CODE_ACC":"bmds","CODE_ABS":"bmds","CODE_EV":"pbvs","equipmentGroupLabel":"ES&S - ES&S ExpressVote +","equipmentSystemName":"ES&S ExpressVote +","equipmentType":"Optical Scan","equipmentVendor":"ES&S","jurisdictionCode":"KS-157","jurisdictionName":"Republic County","sourceGranularity":"county","standardSystem":"Hand marked paper ballots, BMDs for accessibility","accessibleSystem":"Ballot Marking Devices for all voters","absenteeSystem":"Hand-Fed Optical Scanners","pollBookSystem":"Commercial Electronic Poll Book","tabulation":"Optical Scan","equipmentCodeMatched":true,"sourceDocumentId":"verified-voting-verifier-ks-2024-equipment","sourceUrl":"https://verifiedvoting.org/verifier/#mode/navigate/map/voteEquip/mapType/ppEquip/year/2024/state/20"}},{"type":"Feature","bbox":[-97.369018554688,39.566467285156,-96.805053710938,40.001983642578],"geometry":{"type":"Polygon","coordinates":[[[-96.805297851562,40.001312255859],[-96.805053710938,39.983215332031],[-96.806335449219,39.802947998047],[-96.806335449219,39.566467285156],[-96.958801269531,39.566467285156],[-97.282958984375,39.566467285156],[-97.29833984375,39.566802978516],[-97.368591308594,39.566925048828],[-97.368713378906,39.654022216797],[-97.368469238281,39.839752197266],[-97.369018554688,40.001983642578],[-97.245178222656,40.001525878906],[-97.049682617188,40.001312255859],[-96.805297851562,40.001312255859]]]},"properties":{"_isDeleted":false,"AREA":"2.44735664061956E-01","PERIMETER":"1.99649168244795E+00","CO20_D00_":"9","CO20_D00_I":"8","STATE":"20","COUNTY":"201","NAME":"Washington","LSAD":"06","LSAD_TRANS":"County","CODE":"mpdn","CODE_ACC":"dren","CODE_ABS":"dren","CODE_EV":"mpdn","equipmentGroupLabel":"ES&S - ES&S ExpressVote +","equipmentSystemName":"ES&S ExpressVote +","equipmentType":"Optical Scan","equipmentVendor":"ES&S","jurisdictionCode":"KS-201","jurisdictionName":"Washington County","sourceGranularity":"county","standardSystem":"Hand marked paper ballots, BMDs for accessibility","accessibleSystem":"Ballot Marking Devices for all voters","absenteeSystem":"Hand-Fed Optical Scanners","pollBookSystem":"Commercial Electronic Poll Book","tabulation":"Optical Scan","equipmentCodeMatched":true,"sourceDocumentId":"verified-voting-verifier-ks-2024-equipment","sourceUrl":"https://verifiedvoting.org/verifier/#mode/navigate/map/voteEquip/mapType/ppEquip/year/2024/state/20"}},{"type":"Feature","bbox":[-100.18029785156,39.566802978516,-99.625671386719,40.001892089844],"geometry":{"type":"Polygon","coordinates":[[[-99.6259765625,40.001892089844],[-99.625671386719,39.973876953125],[-99.626892089844,39.914428710938],[-99.626892089844,39.828460693359],[-99.6279296875,39.740783691406],[-99.6279296875,39.5673828125],[-99.881958007812,39.566802978516],[-100.16162109375,39.567260742188],[-100.18029785156,39.566925048828],[-100.17980957031,39.653930664062],[-100.18017578125,39.737487792969],[-100.17901611328,39.914428710938],[-100.17779541016,40.001525878906],[-99.813415527344,40.001434326172],[-99.74658203125,40.001770019531],[-99.6259765625,40.001892089844]]]},"properties":{"_isDeleted":false,"AREA":"2.39984902304003E-01","PERIMETER":"1.97354968426054E+00","CO20_D00_":"10","CO20_D00_I":"9","STATE":"20","COUNTY":"137","NAME":"Norton","LSAD":"06","LSAD_TRANS":"County","CODE":"mpdn","CODE_ACC":"dren","CODE_ABS":"dren","CODE_EV":"mpdn","equipmentGroupLabel":"ES&S - ES&S ExpressVote +","equipmentSystemName":"ES&S ExpressVote +","equipmentType":"Optical Scan","equipmentVendor":"ES&S","jurisdictionCode":"KS-137","jurisdictionName":"Norton County","sourceGranularity":"county","standardSystem":"Hand marked paper ballots, BMDs for accessibility","accessibleSystem":"Ballot Marking Devices for all voters","absenteeSystem":"Batch-Fed Optical Scanners","pollBookSystem":"Paper Poll Book","tabulation":"Optical Scan","equipmentCodeMatched":true,"sourceDocumentId":"verified-voting-verifier-ks-2024-equipment","sourceUrl":"https://verifiedvoting.org/verifier/#mode/navigate/map/voteEquip/mapType/ppEquip/year/2024/state/20"}},{"type":"Feature","bbox":[-96.806335449219,39.566009521484,-96.238952636719,40.001312255859],"geometry":{"type":"Polygon","coordinates":[[[-96.239196777344,40.000640869141],[-96.239440917969,39.986633300781],[-96.23974609375,39.653350830078],[-96.238952636719,39.566253662109],[-96.407348632812,39.566009521484],[-96.580200195312,39.566345214844],[-96.581665039062,39.566345214844],[-96.689758300781,39.566589355469],[-96.806335449219,39.566467285156],[-96.806335449219,39.802947998047],[-96.805053710938,39.983215332031],[-96.805297851562,40.001312255859],[-96.239196777344,40.000640869141]]]},"properties":{"_isDeleted":false,"AREA":"2.46238743688034E-01","PERIMETER":"2.00348268326046E+00","CO20_D00_":"11","CO20_D00_I":"10","STATE":"20","COUNTY":"117","NAME":"Marshall","LSAD":"06","LSAD_TRANS":"County","CODE":"pbvs","CODE_ACC":"bmds","CODE_ABS":"bmds","CODE_EV":"pbvs","equipmentGroupLabel":"Unisyn - Unisyn OpenElect OVI +","equipmentSystemName":"Unisyn OpenElect OVI +","equipmentType":"Optical Scan","equipmentVendor":"Unisyn","jurisdictionCode":"KS-117","jurisdictionName":"Marshall County","sourceGranularity":"county","standardSystem":"Hand marked paper ballots, BMDs for accessibility","accessibleSystem":"Ballot Marking Devices for all voters","absenteeSystem":"Hand-Fed Optical Scanners","pollBookSystem":"Commercial Electronic Poll Book","tabulation":"Optical Scan","equipmentCodeMatched":true,"sourceDocumentId":"verified-voting-verifier-ks-2024-equipment","sourceUrl":"https://verifiedvoting.org/verifier/#mode/navigate/map/voteEquip/mapType/ppEquip/year/2024/state/20"}},{"type":"Feature","bbox":[-96.23974609375,39.566009521484,-95.787963867188,40.000732421875],"geometry":{"type":"Polygon","coordinates":[[[-95.787963867188,40.000396728516],[-95.7880859375,39.914428710938],[-95.789001464844,39.750030517578],[-95.789001464844,39.653015136719],[-95.789306640625,39.566009521484],[-95.995300292969,39.566253662109],[-96.035949707031,39.566131591797],[-96.238952636719,39.566253662109],[-96.23974609375,39.653350830078],[-96.239440917969,39.986633300781],[-96.239196777344,40.000640869141],[-96.051635742188,40.000732421875],[-95.787963867188,40.000396728516]]]},"properties":{"_isDeleted":false,"AREA":"1.95870107896995E-01","PERIMETER":"1.76978789656129E+00","CO20_D00_":"12","CO20_D00_I":"11","STATE":"20","COUNTY":"131","NAME":"Nemaha","LSAD":"06","LSAD_TRANS":"County","CODE":"pbvs","CODE_ACC":"bmds","CODE_ABS":"bmds","CODE_EV":"pbvs","equipmentGroupLabel":"ES&S - ES&S ExpressVote +","equipmentSystemName":"ES&S ExpressVote +","equipmentType":"Optical Scan","equipmentVendor":"ES&S","jurisdictionCode":"KS-131","jurisdictionName":"Nemaha County","sourceGranularity":"county","standardSystem":"Hand marked paper ballots, BMDs for accessibility","accessibleSystem":"Ballot Marking Devices for all voters","absenteeSystem":"Hand-Fed Optical Scanners","pollBookSystem":"Paper Poll Book","tabulation":"Optical Scan","equipmentCodeMatched":true,"sourceDocumentId":"verified-voting-verifier-ks-2024-equipment","sourceUrl":"https://verifiedvoting.org/verifier/#mode/navigate/map/voteEquip/mapType/ppEquip/year/2024/state/20"}},{"type":"Feature","bbox":[-95.789001464844,39.652770996094,-95.339538574219,40.000396728516],"geometry":{"type":"Polygon","coordinates":[[[-95.339904785156,39.999938964844],[-95.339538574219,39.924011230469],[-95.339782714844,39.805816650391],[-95.339782714844,39.653015136719],[-95.526672363281,39.652770996094],[-95.564086914062,39.653015136719],[-95.725891113281,39.653228759766],[-95.789001464844,39.653015136719],[-95.789001464844,39.750030517578],[-95.7880859375,39.914428710938],[-95.787963867188,40.000396728516],[-95.339904785156,39.999938964844]]]},"properties":{"_isDeleted":false,"AREA":"1.55850732651009E-01","PERIMETER":"1.59185492443801E+00","CO20_D00_":"13","CO20_D00_I":"12","STATE":"20","COUNTY":"013","NAME":"Brown","LSAD":"06","LSAD_TRANS":"County","CODE":"pbvs","CODE_ACC":"bmds","CODE_ABS":"bmds","CODE_EV":"pbvs","equipmentGroupLabel":"ES&S - ES&S ExpressVote +","equipmentSystemName":"ES&S ExpressVote +","equipmentType":"Optical Scan","equipmentVendor":"ES&S","jurisdictionCode":"KS-013","jurisdictionName":"Brown County","sourceGranularity":"county","standardSystem":"Hand marked paper ballots, BMDs for accessibility","accessibleSystem":"Ballot Marking Devices for all voters","absenteeSystem":"Hand-Fed Optical Scanners","pollBookSystem":"Commercial Electronic Poll Book","tabulation":"Optical Scan","equipmentCodeMatched":true,"sourceDocumentId":"verified-voting-verifier-ks-2024-equipment","sourceUrl":"https://verifiedvoting.org/verifier/#mode/navigate/map/voteEquip/mapType/ppEquip/year/2024/state/20"}},{"type":"Feature","bbox":[-95.339904785156,39.623504638672,-94.859436035156,39.999938964844],"geometry":{"type":"Polygon","coordinates":[[[-95.055053710938,39.623504638672],[-95.1005859375,39.623626708984],[-95.099304199219,39.635131835938],[-95.107177734375,39.636383056641],[-95.1142578125,39.643432617188],[-95.115173339844,39.652557373047],[-95.227294921875,39.652893066406],[-95.339782714844,39.653015136719],[-95.339782714844,39.805816650391],[-95.339538574219,39.924011230469],[-95.339904785156,39.999938964844],[-95.308227539062,39.999938964844],[-95.302429199219,39.984344482422],[-95.269897460938,39.969421386719],[-95.257568359375,39.954864501953],[-95.241333007812,39.944946289062],[-95.220153808594,39.944366455078],[-95.204406738281,39.938903808594],[-95.201232910156,39.934143066406],[-95.205688476562,39.908294677734],[-95.19384765625,39.900665283203],[-95.179504394531,39.900085449219],[-95.159790039062,39.906921386719],[-95.143737792969,39.901916503906],[-95.140563964844,39.881652832031],[-95.128112792969,39.874114990234],[-95.08154296875,39.861724853516],[-95.037719726562,39.865478515625],[-95.027954101562,39.871520996094],[-95.02587890625,39.886749267578],[-95.018676757812,39.897338867188],[-95.003784179688,39.900421142578],[-94.990234375,39.897003173828],[-94.959289550781,39.901672363281],[-94.943786621094,39.898162841797],[-94.927856445312,39.886077880859],[-94.931457519531,39.872528076172],[-94.938781738281,39.866943359375],[-94.942504882812,39.856597900391],[-94.937622070312,39.849761962891],[-94.916931152344,39.836090087891],[-94.886840820312,39.833129882812],[-94.877075195312,39.823699951172],[-94.876281738281,39.806823730469],[-94.884033203125,39.794189453125],[-94.892883300781,39.791107177734],[-94.925537109375,39.789764404297],[-94.932739257812,39.786224365234],[-94.934204101562,39.773590087891],[-94.912231445312,39.759338378906],[-94.899169921875,39.761291503906],[-94.881408691406,39.771209716797],[-94.867126464844,39.771636962891],[-94.860656738281,39.763122558594],[-94.859436035156,39.753662109375],[-94.862915039062,39.742950439453],[-94.875610351562,39.730438232422],[-94.891723632812,39.724853515625],[-94.902587890625,39.724182128906],[-94.918273925781,39.728729248047],[-94.939208984375,39.741577148438],[-94.955261230469,39.745697021484],[-94.970397949219,39.732147216797],[-94.968933105469,39.692962646484],[-94.976379394531,39.681365966797],[-94.984069824219,39.677825927734],[-95.009033203125,39.67578125],[-95.027587890625,39.665405273438],[-95.049438476562,39.637847900391],[-95.055053710938,39.623504638672]]]},"properties":{"_isDeleted":false,"AREA":"1.08139111493430E-01","PERIMETER":"1.79199952040551E+00","CO20_D00_":"14","CO20_D00_I":"13","STATE":"20","COUNTY":"043","NAME":"Doniphan","LSAD":"06","LSAD_TRANS":"County","CODE":"pbvs","CODE_ACC":"bmds","CODE_ABS":"bmds","CODE_EV":"pbvs","equipmentGroupLabel":"ES&S - ES&S ExpressVote +","equipmentSystemName":"ES&S ExpressVote +","equipmentType":"Optical Scan","equipmentVendor":"ES&S","jurisdictionCode":"KS-043","jurisdictionName":"Doniphan County","sourceGranularity":"county","standardSystem":"Hand marked paper ballots, BMDs for accessibility","accessibleSystem":"Ballot Marking Devices for all voters","absenteeSystem":"Hand-Fed Optical Scanners","pollBookSystem":"Commercial Electronic Poll Book","tabulation":"Optical Scan","equipmentCodeMatched":true,"sourceDocumentId":"verified-voting-verifier-ks-2024-equipment","sourceUrl":"https://verifiedvoting.org/verifier/#mode/navigate/map/voteEquip/mapType/ppEquip/year/2024/state/20"}},{"type":"Feature","bbox":[-97.931884765625,39.306182861328,-97.368469238281,39.654022216797],"geometry":{"type":"Polygon","coordinates":[[[-97.697387695312,39.653930664062],[-97.613525390625,39.653472900391],[-97.368713378906,39.654022216797],[-97.368591308594,39.566925048828],[-97.368469238281,39.504516601562],[-97.36962890625,39.306182861328],[-97.407165527344,39.306396484375],[-97.66748046875,39.306640625],[-97.7978515625,39.306762695312],[-97.929443359375,39.306396484375],[-97.929931640625,39.393524169922],[-97.929565429688,39.495422363281],[-97.928649902344,39.566925048828],[-97.931884765625,39.567047119141],[-97.931640625,39.653930664062],[-97.849304199219,39.653564453125],[-97.697387695312,39.653930664062]]]},"properties":{"_isDeleted":false,"AREA":"1.94812233564502E-01","PERIMETER":"1.82142560830015E+00","CO20_D00_":"15","CO20_D00_I":"14","STATE":"20","COUNTY":"029","NAME":"Cloud","LSAD":"06","LSAD_TRANS":"County","CODE":"pbvs","CODE_ACC":"bmds","CODE_ABS":"bmds","CODE_EV":"pbvs","equipmentGroupLabel":"ES&S - ES&S ExpressVote +","equipmentSystemName":"ES&S ExpressVote +","equipmentType":"Optical Scan","equipmentVendor":"ES&S","jurisdictionCode":"KS-029","jurisdictionName":"Cloud County","sourceGranularity":"county","standardSystem":"Hand marked paper ballots, BMDs for accessibility","accessibleSystem":"Ballot Marking Devices for all voters","absenteeSystem":"Hand-Fed Optical Scanners","pollBookSystem":"Commercial Electronic Poll Book","tabulation":"Optical Scan","equipmentCodeMatched":true,"sourceDocumentId":"verified-voting-verifier-ks-2024-equipment","sourceUrl":"https://verifiedvoting.org/verifier/#mode/navigate/map/voteEquip/mapType/ppEquip/year/2024/state/20"}},{"type":"Feature","bbox":[-96.035949707031,39.216125488281,-95.564086914062,39.653228759766],"geometry":{"type":"Polygon","coordinates":[[[-95.725891113281,39.653228759766],[-95.564086914062,39.653015136719],[-95.564208984375,39.565795898438],[-95.570373535156,39.565795898438],[-95.570495605469,39.419128417969],[-95.589294433594,39.419128417969],[-95.588806152344,39.353881835938],[-95.589599609375,39.216125488281],[-95.632751464844,39.216583251953],[-95.849670410156,39.216674804688],[-95.887023925781,39.216918945312],[-96.035461425781,39.216461181641],[-96.03466796875,39.303802490234],[-96.035949707031,39.566131591797],[-95.995300292969,39.566253662109],[-95.789306640625,39.566009521484],[-95.789001464844,39.653015136719],[-95.725891113281,39.653228759766]]]},"properties":{"_isDeleted":false,"AREA":"1.78209941611003E-01","PERIMETER":"1.81585266519986E+00","CO20_D00_":"16","CO20_D00_I":"15","STATE":"20","COUNTY":"085","NAME":"Jackson","LSAD":"06","LSAD_TRANS":"County","CODE":"pbvs","CODE_ACC":"bmds","CODE_ABS":"bmds","CODE_EV":"pbvs","equipmentGroupLabel":"Dominion - Dominion ImageCast X BMD +","equipmentSystemName":"Dominion ImageCast X BMD +","equipmentType":"Optical Scan","equipmentVendor":"Dominion","jurisdictionCode":"KS-085","jurisdictionName":"Jackson County","sourceGranularity":"county","standardSystem":"Hand marked paper ballots, BMDs for accessibility","accessibleSystem":"Ballot Marking Devices for all voters","absenteeSystem":"Hand-Fed Optical Scanners","pollBookSystem":"Commercial Electronic Poll Book","tabulation":"Optical Scan","equipmentCodeMatched":true,"sourceDocumentId":"verified-voting-verifier-ks-2024-equipment","sourceUrl":"https://verifiedvoting.org/verifier/#mode/navigate/map/voteEquip/mapType/ppEquip/year/2024/state/20"}},{"type":"Feature","bbox":[-95.570495605469,39.418792724609,-94.968505859375,39.653015136719],"geometry":{"type":"Polygon","coordinates":[[[-95.526672363281,39.652770996094],[-95.339782714844,39.653015136719],[-95.227294921875,39.652893066406],[-95.115173339844,39.652557373047],[-95.1142578125,39.643432617188],[-95.107177734375,39.636383056641],[-95.099304199219,39.635131835938],[-95.1005859375,39.623626708984],[-95.055053710938,39.623504638672],[-95.04638671875,39.601531982422],[-95.049194335938,39.589599609375],[-95.056823730469,39.580596923828],[-95.07666015625,39.576721191406],[-95.089538574219,39.5810546875],[-95.107421875,39.573883056641],[-95.113525390625,39.553955078125],[-95.102844238281,39.533325195312],[-95.077453613281,39.513519287109],[-95.059448242188,39.506134033203],[-95.0498046875,39.494384765625],[-95.047058105469,39.474914550781],[-95.033386230469,39.460815429688],[-95.015747070312,39.452850341797],[-94.990112304688,39.446228027344],[-94.978759765625,39.436218261719],[-94.9765625,39.426635742188],[-94.968505859375,39.418914794922],[-95.066528320312,39.418792724609],[-95.1796875,39.418914794922],[-95.467407226562,39.420715332031],[-95.570495605469,39.419128417969],[-95.570373535156,39.565795898438],[-95.564208984375,39.565795898438],[-95.564086914062,39.653015136719],[-95.526672363281,39.652770996094]]]},"properties":{"_isDeleted":false,"AREA":"1.18054089944734E-01","PERIMETER":"1.71997657359580E+00","CO20_D00_":"17","CO20_D00_I":"16","STATE":"20","COUNTY":"005","NAME":"Atchison","LSAD":"06","LSAD_TRANS":"County","CODE":"pbvs","CODE_ACC":"bmds","CODE_ABS":"bmds","CODE_EV":"pbvs","equipmentGroupLabel":"ES&S - ES&S ExpressVote +","equipmentSystemName":"ES&S ExpressVote +","equipmentType":"Optical Scan","equipmentVendor":"ES&S","jurisdictionCode":"KS-005","jurisdictionName":"Atchison County","sourceGranularity":"county","standardSystem":"Hand marked paper ballots, BMDs for accessibility","accessibleSystem":"Ballot Marking Devices for all voters","absenteeSystem":"Hand-Fed Optical Scanners","pollBookSystem":"Commercial Electronic Poll Book","tabulation":"Optical Scan","equipmentCodeMatched":true,"sourceDocumentId":"verified-voting-verifier-ks-2024-equipment","sourceUrl":"https://verifiedvoting.org/verifier/#mode/navigate/map/voteEquip/mapType/ppEquip/year/2024/state/20"}},{"type":"Feature","bbox":[-102.0498046875,39.133117675781,-101.38903808594,39.568420410156],"geometry":{"type":"Polygon","coordinates":[[[-102.00329589844,39.568176269531],[-101.78961181641,39.568420410156],[-101.41387939453,39.568298339844],[-101.38903808594,39.568298339844],[-101.39141845703,39.308807373047],[-101.39166259766,39.135162353516],[-101.47821044922,39.134704589844],[-101.71044921875,39.133697509766],[-101.83990478516,39.133331298828],[-101.96942138672,39.133453369141],[-102.04718017578,39.133117675781],[-102.04931640625,39.42333984375],[-102.0498046875,39.568176269531],[-102.00329589844,39.568176269531]]]},"properties":{"_isDeleted":false,"AREA":"2.85802214638206E-01","PERIMETER":"2.18437449197124E+00","CO20_D00_":"18","CO20_D00_I":"17","STATE":"20","COUNTY":"181","NAME":"Sherman","LSAD":"06","LSAD_TRANS":"County","CODE":"pbvs","CODE_ACC":"bmds","CODE_ABS":"bmds","CODE_EV":"pbvs","equipmentGroupLabel":"ES&S - ES&S ExpressVote +","equipmentSystemName":"ES&S ExpressVote +","equipmentType":"Optical Scan","equipmentVendor":"ES&S","jurisdictionCode":"KS-181","jurisdictionName":"Sherman County","sourceGranularity":"county","standardSystem":"Hand marked paper ballots, BMDs for accessibility","accessibleSystem":"Ballot Marking Devices for all voters","absenteeSystem":"Hand-Fed Optical Scanners","pollBookSystem":"Commercial Electronic Poll Book","tabulation":"Optical Scan","equipmentCodeMatched":true,"sourceDocumentId":"verified-voting-verifier-ks-2024-equipment","sourceUrl":"https://verifiedvoting.org/verifier/#mode/navigate/map/voteEquip/mapType/ppEquip/year/2024/state/20"}},{"type":"Feature","bbox":[-101.39166259766,39.132873535156,-100.72021484375,39.568420410156],"geometry":{"type":"Polygon","coordinates":[[[-101.38903808594,39.568298339844],[-101.18341064453,39.568420410156],[-101.11407470703,39.568054199219],[-100.92462158203,39.568054199219],[-100.84478759766,39.567718505859],[-100.74084472656,39.567962646484],[-100.72021484375,39.568054199219],[-100.72149658203,39.221801757812],[-100.72125244141,39.133239746094],[-100.74182128906,39.133331298828],[-100.81188964844,39.133239746094],[-100.94506835938,39.132873535156],[-101.05596923828,39.132995605469],[-101.14514160156,39.1337890625],[-101.23864746094,39.135162353516],[-101.31311035156,39.135375976562],[-101.39166259766,39.135162353516],[-101.39141845703,39.308807373047],[-101.38903808594,39.568298339844]]]},"properties":{"_isDeleted":false,"AREA":"2.90897545189499E-01","PERIMETER":"2.20740779496318E+00","CO20_D00_":"19","CO20_D00_I":"18","STATE":"20","COUNTY":"193","NAME":"Thomas","LSAD":"06","LSAD_TRANS":"County","CODE":"pbvs","CODE_ACC":"bmds","CODE_ABS":"bmds","CODE_EV":"pbvs","equipmentGroupLabel":"Dominion - Dominion ImageCast X BMD +","equipmentSystemName":"Dominion ImageCast X BMD +","equipmentType":"Optical Scan","equipmentVendor":"Dominion","jurisdictionCode":"KS-193","jurisdictionName":"Thomas County","sourceGranularity":"county","standardSystem":"Hand marked paper ballots, BMDs for accessibility","accessibleSystem":"Ballot Marking Devices for all voters","absenteeSystem":"Hand-Fed Optical Scanners","pollBookSystem":"Commercial Electronic Poll Book","tabulation":"Optical Scan","equipmentCodeMatched":true,"sourceDocumentId":"verified-voting-verifier-ks-2024-equipment","sourceUrl":"https://verifiedvoting.org/verifier/#mode/navigate/map/voteEquip/mapType/ppEquip/year/2024/state/20"}},{"type":"Feature","bbox":[-100.72149658203,39.131866455078,-100.16162109375,39.568054199219],"geometry":{"type":"Polygon","coordinates":[[[-100.66613769531,39.567962646484],[-100.45434570312,39.567504882812],[-100.30133056641,39.567596435547],[-100.18029785156,39.566925048828],[-100.16162109375,39.567260742188],[-100.16217041016,39.480041503906],[-100.16192626953,39.392944335938],[-100.16357421875,39.248107910156],[-100.16436767578,39.131866455078],[-100.2763671875,39.132659912109],[-100.72125244141,39.133239746094],[-100.72149658203,39.221801757812],[-100.72021484375,39.568054199219],[-100.66613769531,39.567962646484]]]},"properties":{"_isDeleted":false,"AREA":"2.42670853873498E-01","PERIMETER":"1.98573857475974E+00","CO20_D00_":"20","CO20_D00_I":"19","STATE":"20","COUNTY":"179","NAME":"Sheridan","LSAD":"06","LSAD_TRANS":"County","CODE":"pbvs","CODE_ACC":"bmds","CODE_ABS":"bmds","CODE_EV":"pbvs","equipmentGroupLabel":"Dominion - Dominion ImageCast X BMD +","equipmentSystemName":"Dominion ImageCast X BMD +","equipmentType":"Optical Scan","equipmentVendor":"Dominion","jurisdictionCode":"KS-179","jurisdictionName":"Sheridan County","sourceGranularity":"county","standardSystem":"Hand marked paper ballots, BMDs for accessibility","accessibleSystem":"Ballot Marking Devices for all voters","absenteeSystem":"Hand-Fed Optical Scanners","pollBookSystem":"Paper Poll Book","tabulation":"Optical Scan","equipmentCodeMatched":true,"sourceDocumentId":"verified-voting-verifier-ks-2024-equipment","sourceUrl":"https://verifiedvoting.org/verifier/#mode/navigate/map/voteEquip/mapType/ppEquip/year/2024/state/20"}},{"type":"Feature","bbox":[-99.605651855469,39.13232421875,-99.044067382812,39.567962646484],"geometry":{"type":"Polygon","coordinates":[[[-99.065795898438,39.567962646484],[-99.044067382812,39.567840576172],[-99.044494628906,39.480834960938],[-99.045776367188,39.437133789062],[-99.045288085938,39.393859863281],[-99.046569824219,39.326110839844],[-99.048522949219,39.307220458984],[-99.04736328125,39.263610839844],[-99.048034667969,39.219635009766],[-99.047729492188,39.132995605469],[-99.23486328125,39.133239746094],[-99.342163085938,39.13232421875],[-99.406372070312,39.132537841797],[-99.591857910156,39.13232421875],[-99.605407714844,39.132415771484],[-99.605651855469,39.234802246094],[-99.604919433594,39.303680419922],[-99.602783203125,39.37939453125],[-99.601989746094,39.481201171875],[-99.602233886719,39.567260742188],[-99.535583496094,39.567504882812],[-99.42138671875,39.567169189453],[-99.290344238281,39.567260742188],[-99.065795898438,39.567962646484]]]},"properties":{"_isDeleted":false,"AREA":"2.42326171056498E-01","PERIMETER":"1.98589871992136E+00","CO20_D00_":"21","CO20_D00_I":"20","STATE":"20","COUNTY":"163","NAME":"Rooks","LSAD":"06","LSAD_TRANS":"County","CODE":"mpdn","CODE_ACC":"dren","CODE_ABS":"dren","CODE_EV":"mpdn","equipmentGroupLabel":"Dominion - Dominion ImageCast X BMD +","equipmentSystemName":"Dominion ImageCast X BMD +","equipmentType":"Optical Scan","equipmentVendor":"Dominion","jurisdictionCode":"KS-163","jurisdictionName":"Rooks County","sourceGranularity":"county","standardSystem":"Hand marked paper ballots, BMDs for accessibility","accessibleSystem":"Ballot Marking Devices for all voters","absenteeSystem":"Batch-Fed Optical Scanners","pollBookSystem":"Commercial Electronic Poll Book","tabulation":"Optical Scan","equipmentCodeMatched":true,"sourceDocumentId":"verified-voting-verifier-ks-2024-equipment","sourceUrl":"https://verifiedvoting.org/verifier/#mode/navigate/map/voteEquip/mapType/ppEquip/year/2024/state/20"}},{"type":"Feature","bbox":[-99.048522949219,39.132659912109,-98.487365722656,39.567962646484],"geometry":{"type":"Polygon","coordinates":[[[-98.84912109375,39.567962646484],[-98.710205078125,39.567596435547],[-98.505249023438,39.567596435547],[-98.487365722656,39.567504882812],[-98.489074707031,39.451232910156],[-98.489807128906,39.350372314453],[-98.489868164062,39.219635009766],[-98.489807128906,39.132659912109],[-98.508361816406,39.132873535156],[-98.648254394531,39.133453369141],[-98.713195800781,39.133117675781],[-98.880432128906,39.133453369141],[-99.037475585938,39.133117675781],[-99.047729492188,39.132995605469],[-99.048034667969,39.219635009766],[-99.04736328125,39.263610839844],[-99.048522949219,39.307220458984],[-99.046569824219,39.326110839844],[-99.045288085938,39.393859863281],[-99.045776367188,39.437133789062],[-99.044494628906,39.480834960938],[-99.044067382812,39.567840576172],[-98.84912109375,39.567962646484]]]},"properties":{"_isDeleted":false,"AREA":"2.42023609703501E-01","PERIMETER":"1.98435594687121E+00","CO20_D00_":"22","CO20_D00_I":"21","STATE":"20","COUNTY":"141","NAME":"Osborne","LSAD":"06","LSAD_TRANS":"County","CODE":"pbvs","CODE_ACC":"bmds","CODE_ABS":"bmds","CODE_EV":"pbvs","equipmentGroupLabel":"Unisyn - Unisyn OpenElect FVT +","equipmentSystemName":"Unisyn OpenElect FVT +","equipmentType":"Optical Scan","equipmentVendor":"Unisyn","jurisdictionCode":"KS-141","jurisdictionName":"Osborne County","sourceGranularity":"county","standardSystem":"Hand marked paper ballots, BMDs for accessibility","accessibleSystem":"Ballot Marking Devices for all voters","absenteeSystem":"Hand-Fed Optical Scanners","pollBookSystem":"Paper Poll Book","tabulation":"Optical Scan","equipmentCodeMatched":true,"sourceDocumentId":"verified-voting-verifier-ks-2024-equipment","sourceUrl":"https://verifiedvoting.org/verifier/#mode/navigate/map/voteEquip/mapType/ppEquip/year/2024/state/20"}},{"type":"Feature","bbox":[-98.489868164062,39.219085693359,-97.928649902344,39.567504882812],"geometry":{"type":"Polygon","coordinates":[[[-98.487365722656,39.567504882812],[-98.242492675781,39.5673828125],[-98.119018554688,39.566925048828],[-97.931884765625,39.567047119141],[-97.928649902344,39.566925048828],[-97.929565429688,39.495422363281],[-97.929931640625,39.393524169922],[-97.929443359375,39.306396484375],[-97.931762695312,39.277252197266],[-97.93017578125,39.219207763672],[-98.178039550781,39.219085693359],[-98.313415527344,39.219757080078],[-98.412719726562,39.219421386719],[-98.477111816406,39.219635009766],[-98.489868164062,39.219635009766],[-98.489807128906,39.350372314453],[-98.489074707031,39.451232910156],[-98.487365722656,39.567504882812]]]},"properties":{"_isDeleted":false,"AREA":"1.94600952348510E-01","PERIMETER":"1.81435018659056E+00","CO20_D00_":"23","CO20_D00_I":"22","STATE":"20","COUNTY":"123","NAME":"Mitchell","LSAD":"06","LSAD_TRANS":"County","CODE":"mpdn","CODE_ACC":"dren","CODE_ABS":"dren","CODE_EV":"mpdn","equipmentGroupLabel":"ES&S - ES&S ExpressVote +","equipmentSystemName":"ES&S ExpressVote +","equipmentType":"Optical Scan","equipmentVendor":"ES&S","jurisdictionCode":"KS-123","jurisdictionName":"Mitchell County","sourceGranularity":"county","standardSystem":"Hand marked paper ballots, BMDs for accessibility","accessibleSystem":"Ballot Marking Devices for all voters","absenteeSystem":"Hand-Fed Optical Scanners","pollBookSystem":"Commercial Electronic Poll Book","tabulation":"Optical Scan","equipmentCodeMatched":true,"sourceDocumentId":"verified-voting-verifier-ks-2024-equipment","sourceUrl":"https://verifiedvoting.org/verifier/#mode/navigate/map/voteEquip/mapType/ppEquip/year/2024/state/20"}},{"type":"Feature","bbox":[-100.16436767578,39.131622314453,-99.601989746094,39.5673828125],"geometry":{"type":"Polygon","coordinates":[[[-99.602233886719,39.567260742188],[-99.601989746094,39.481201171875],[-99.602783203125,39.37939453125],[-99.604919433594,39.303680419922],[-99.605651855469,39.234802246094],[-99.605407714844,39.132415771484],[-99.830871582031,39.131866455078],[-99.999938964844,39.131988525391],[-100.03570556641,39.131622314453],[-100.14794921875,39.132202148438],[-100.16436767578,39.131866455078],[-100.16357421875,39.248107910156],[-100.16192626953,39.392944335938],[-100.16217041016,39.480041503906],[-100.16162109375,39.567260742188],[-99.881958007812,39.566802978516],[-99.6279296875,39.5673828125],[-99.602233886719,39.567260742188]]]},"properties":{"_isDeleted":false,"AREA":"2.43218084018499E-01","PERIMETER":"1.98881462938739E+00","CO20_D00_":"24","CO20_D00_I":"23","STATE":"20","COUNTY":"065","NAME":"Graham","LSAD":"06","LSAD_TRANS":"County","CODE":"pbvs","CODE_ACC":"bmds","CODE_ABS":"bmds","CODE_EV":"pbvs","equipmentGroupLabel":"Dominion - Dominion ImageCast X BMD +","equipmentSystemName":"Dominion ImageCast X BMD +","equipmentType":"Optical Scan","equipmentVendor":"Dominion","jurisdictionCode":"KS-065","jurisdictionName":"Graham County","sourceGranularity":"county","standardSystem":"Hand marked paper ballots, BMDs for accessibility","accessibleSystem":"Ballot Marking Devices for all voters","absenteeSystem":"Batch-Fed Optical Scanners","pollBookSystem":"Commercial Electronic Poll Book","tabulation":"Optical Scan","equipmentCodeMatched":true,"sourceDocumentId":"verified-voting-verifier-ks-2024-equipment","sourceUrl":"https://verifiedvoting.org/verifier/#mode/navigate/map/voteEquip/mapType/ppEquip/year/2024/state/20"}},{"type":"Feature","bbox":[-97.37109375,39.131988525391,-96.958679199219,39.566925048828],"geometry":{"type":"Polygon","coordinates":[[[-97.29833984375,39.566802978516],[-97.282958984375,39.566467285156],[-96.958801269531,39.566467285156],[-96.958679199219,39.539367675781],[-96.960815429688,39.423248291016],[-96.96142578125,39.220336914062],[-96.960754394531,39.181854248047],[-96.961303710938,39.13232421875],[-96.963439941406,39.13232421875],[-97.147583007812,39.133331298828],[-97.259399414062,39.132873535156],[-97.37109375,39.131988525391],[-97.370971679688,39.182769775391],[-97.36962890625,39.306182861328],[-97.368469238281,39.504516601562],[-97.368591308594,39.566925048828],[-97.29833984375,39.566802978516]]]},"properties":{"_isDeleted":false,"AREA":"1.77398665070996E-01","PERIMETER":"1.68882754460544E+00","CO20_D00_":"25","CO20_D00_I":"24","STATE":"20","COUNTY":"027","NAME":"Clay","LSAD":"06","LSAD_TRANS":"County","CODE":"dren","CODE_ACC":"dren","CODE_ABS":"dren","CODE_EV":"dren","equipmentGroupLabel":"Unisyn - Unisyn OpenElect OVI +","equipmentSystemName":"Unisyn OpenElect OVI +","equipmentType":"Optical Scan","equipmentVendor":"Unisyn","jurisdictionCode":"KS-027","jurisdictionName":"Clay County","sourceGranularity":"county","standardSystem":"Hand marked paper ballots, BMDs for accessibility","accessibleSystem":"Ballot Marking Devices for all voters","absenteeSystem":"Hand-Fed Optical Scanners","pollBookSystem":"Commercial Electronic Poll Book","tabulation":"Optical Scan","equipmentCodeMatched":true,"sourceDocumentId":"verified-voting-verifier-ks-2024-equipment","sourceUrl":"https://verifiedvoting.org/verifier/#mode/navigate/map/voteEquip/mapType/ppEquip/year/2024/state/20"}},{"type":"Feature","bbox":[-96.96142578125,39.043273925781,-96.388793945312,39.566589355469],"geometry":{"type":"Polygon","coordinates":[[[-96.689758300781,39.566589355469],[-96.581665039062,39.566345214844],[-96.591613769531,39.552337646484],[-96.591918945312,39.543914794922],[-96.617553710938,39.532531738281],[-96.622802734375,39.538238525391],[-96.632690429688,39.532440185547],[-96.644287109375,39.518890380859],[-96.639770507812,39.510223388672],[-96.649291992188,39.507141113281],[-96.661743164062,39.492004394531],[-96.666381835938,39.477661132812],[-96.673889160156,39.472869873047],[-96.682678222656,39.481994628906],[-96.689636230469,39.468536376953],[-96.687561035156,39.462066650391],[-96.698059082031,39.457855224609],[-96.706726074219,39.461486816406],[-96.721618652344,39.44384765625],[-96.713195800781,39.43701171875],[-96.72607421875,39.422790527344],[-96.715148925781,39.420288085938],[-96.714538574219,39.412078857422],[-96.719909667969,39.404663085938],[-96.726867675781,39.403991699219],[-96.717529296875,39.392822265625],[-96.693298339844,39.371643066406],[-96.683959960938,39.368804931641],[-96.6904296875,39.361175537109],[-96.670288085938,39.34375],[-96.662658691406,39.343994140625],[-96.671508789062,39.335205078125],[-96.6669921875,39.328735351562],[-96.655029296875,39.324401855469],[-96.647155761719,39.326568603516],[-96.648986816406,39.319946289062],[-96.656616210938,39.316986083984],[-96.653076171875,39.312225341797],[-96.633728027344,39.299346923828],[-96.635559082031,39.288208007812],[-96.609375,39.266571044922],[-96.59716796875,39.263702392578],[-96.591918945312,39.249938964844],[-96.576232910156,39.249481201172],[-96.575622558594,39.243774414062],[-96.588195800781,39.243103027344],[-96.583374023438,39.234222412109],[-96.561889648438,39.241271972656],[-96.551879882812,39.2236328125],[-96.547058105469,39.208374023438],[-96.541931152344,39.213500976562],[-96.530334472656,39.212371826172],[-96.519165039062,39.205413818359],[-96.520629882812,39.198120117188],[-96.557312011719,39.198577880859],[-96.560485839844,39.196655273438],[-96.557800292969,39.181518554688],[-96.515441894531,39.186614990234],[-96.518859863281,39.173431396484],[-96.504516601562,39.167846679688],[-96.495727539062,39.167724609375],[-96.490112304688,39.177062988281],[-96.478088378906,39.176147460938],[-96.477294921875,39.165679931641],[-96.46142578125,39.167144775391],[-96.463928222656,39.175354003906],[-96.457702636719,39.190612792969],[-96.444152832031,39.190155029297],[-96.430114746094,39.186279296875],[-96.413391113281,39.185272216797],[-96.398620605469,39.1796875],[-96.388793945312,39.172729492188],[-96.389343261719,39.130157470703],[-96.390869140625,39.130157470703],[-96.390747070312,39.043273925781],[-96.501159667969,39.043609619141],[-96.501159667969,39.07275390625],[-96.705993652344,39.073120117188],[-96.705993652344,39.091674804688],[-96.726745605469,39.088928222656],[-96.734008789062,39.081207275391],[-96.743225097656,39.081878662109],[-96.7431640625,39.087799072266],[-96.85107421875,39.08837890625],[-96.850952148438,39.101348876953],[-96.837219238281,39.118865966797],[-96.831359863281,39.130035400391],[-96.831359863281,39.139038085938],[-96.849914550781,39.138916015625],[-96.849914550781,39.218963623047],[-96.945678710938,39.22021484375],[-96.96142578125,39.220336914062],[-96.960815429688,39.423248291016],[-96.958679199219,39.539367675781],[-96.958801269531,39.566467285156],[-96.806335449219,39.566467285156],[-96.689758300781,39.566589355469]]]},"properties":{"_isDeleted":false,"AREA":"1.68223474138506E-01","PERIMETER":"2.70861676477805E+00","CO20_D00_":"26","CO20_D00_I":"25","STATE":"20","COUNTY":"161","NAME":"Riley","LSAD":"06","LSAD_TRANS":"County","CODE":"drev","CODE_ACC":"dren","CODE_ABS":"dren","CODE_EV":"drev","equipmentGroupLabel":"ES&S - ES&S ExpressVote +","equipmentSystemName":"ES&S ExpressVote +","equipmentType":"Optical Scan","equipmentVendor":"ES&S","jurisdictionCode":"KS-161","jurisdictionName":"Riley County","sourceGranularity":"county","standardSystem":"Ballot Marking Devices for all voters","accessibleSystem":"Ballot Marking Devices for all voters","absenteeSystem":"Batch-Fed Optical Scanners","pollBookSystem":"In-House Electronic Poll Book","tabulation":"Optical Scan","equipmentCodeMatched":true,"sourceDocumentId":"verified-voting-verifier-ks-2024-equipment","sourceUrl":"https://verifiedvoting.org/verifier/#mode/navigate/map/voteEquip/mapType/ppEquip/year/2024/state/20"}},{"type":"Feature","bbox":[-96.726867675781,39.126495361328,-96.03466796875,39.566345214844],"geometry":{"type":"Polygon","coordinates":[[[-96.580200195312,39.566345214844],[-96.407348632812,39.566009521484],[-96.238952636719,39.566253662109],[-96.035949707031,39.566131591797],[-96.03466796875,39.303802490234],[-96.035461425781,39.216461181641],[-96.035827636719,39.129821777344],[-96.039001464844,39.126495361328],[-96.0439453125,39.141204833984],[-96.057922363281,39.141540527344],[-96.07763671875,39.150207519531],[-96.088195800781,39.15234375],[-96.0908203125,39.158721923828],[-96.083862304688,39.163299560547],[-96.070434570312,39.162384033203],[-96.063415527344,39.157592773438],[-96.057250976562,39.16259765625],[-96.068603515625,39.179443359375],[-96.083557128906,39.193450927734],[-96.09619140625,39.191864013672],[-96.104614257812,39.200164794922],[-96.111572265625,39.200073242188],[-96.115539550781,39.190734863281],[-96.126098632812,39.187194824219],[-96.147277832031,39.192199707031],[-96.175659179688,39.188568115234],[-96.178833007812,39.203125],[-96.183288574219,39.207000732422],[-96.196716308594,39.20654296875],[-96.203979492188,39.199951171875],[-96.221313476562,39.201416015625],[-96.231201171875,39.211578369141],[-96.240539550781,39.210662841797],[-96.251586914062,39.194946289062],[-96.265930175781,39.180603027344],[-96.278137207031,39.181610107422],[-96.293151855469,39.19482421875],[-96.304748535156,39.197326660156],[-96.321411132812,39.189819335938],[-96.326293945312,39.181854248047],[-96.331420898438,39.158843994141],[-96.338806152344,39.162048339844],[-96.345092773438,39.154418945312],[-96.358276367188,39.156463623047],[-96.356323242188,39.169555664062],[-96.36328125,39.172058105469],[-96.37158203125,39.164764404297],[-96.379699707031,39.164764404297],[-96.388793945312,39.172729492188],[-96.398620605469,39.1796875],[-96.413391113281,39.185272216797],[-96.430114746094,39.186279296875],[-96.444152832031,39.190155029297],[-96.457702636719,39.190612792969],[-96.463928222656,39.175354003906],[-96.46142578125,39.167144775391],[-96.477294921875,39.165679931641],[-96.478088378906,39.176147460938],[-96.490112304688,39.177062988281],[-96.495727539062,39.167724609375],[-96.504516601562,39.167846679688],[-96.518859863281,39.173431396484],[-96.515441894531,39.186614990234],[-96.557800292969,39.181518554688],[-96.560485839844,39.196655273438],[-96.557312011719,39.198577880859],[-96.520629882812,39.198120117188],[-96.519165039062,39.205413818359],[-96.530334472656,39.212371826172],[-96.541931152344,39.213500976562],[-96.547058105469,39.208374023438],[-96.551879882812,39.2236328125],[-96.561889648438,39.241271972656],[-96.583374023438,39.234222412109],[-96.588195800781,39.243103027344],[-96.575622558594,39.243774414062],[-96.576232910156,39.249481201172],[-96.591918945312,39.249938964844],[-96.59716796875,39.263702392578],[-96.609375,39.266571044922],[-96.635559082031,39.288208007812],[-96.633728027344,39.299346923828],[-96.653076171875,39.312225341797],[-96.656616210938,39.316986083984],[-96.648986816406,39.319946289062],[-96.647155761719,39.326568603516],[-96.655029296875,39.324401855469],[-96.6669921875,39.328735351562],[-96.671508789062,39.335205078125],[-96.662658691406,39.343994140625],[-96.670288085938,39.34375],[-96.6904296875,39.361175537109],[-96.683959960938,39.368804931641],[-96.693298339844,39.371643066406],[-96.717529296875,39.392822265625],[-96.726867675781,39.403991699219],[-96.719909667969,39.404663085938],[-96.714538574219,39.412078857422],[-96.715148925781,39.420288085938],[-96.72607421875,39.422790527344],[-96.713195800781,39.43701171875],[-96.721618652344,39.44384765625],[-96.706726074219,39.461486816406],[-96.698059082031,39.457855224609],[-96.687561035156,39.462066650391],[-96.689636230469,39.468536376953],[-96.682678222656,39.481994628906],[-96.673889160156,39.472869873047],[-96.666381835938,39.477661132812],[-96.661743164062,39.492004394531],[-96.649291992188,39.507141113281],[-96.639770507812,39.510223388672],[-96.644287109375,39.518890380859],[-96.632690429688,39.532440185547],[-96.622802734375,39.538238525391],[-96.617553710938,39.532531738281],[-96.591918945312,39.543914794922],[-96.591613769531,39.552337646484],[-96.581665039062,39.566345214844],[-96.580200195312,39.566345214844]]]},"properties":{"_isDeleted":false,"AREA":"2.33413791209495E-01","PERIMETER":"2.62954249430372E+00","CO20_D00_":"27","CO20_D00_I":"26","STATE":"20","COUNTY":"149","NAME":"Pottawatomie","LSAD":"06","LSAD_TRANS":"County","CODE":"pbvs","CODE_ACC":"bmds","CODE_ABS":"bmds","CODE_EV":"pbvs","equipmentGroupLabel":"Unisyn - Unisyn OpenElect FVT +","equipmentSystemName":"Unisyn OpenElect FVT +","equipmentType":"Optical Scan","equipmentVendor":"Unisyn","jurisdictionCode":"KS-149","jurisdictionName":"Pottawatomie County","sourceGranularity":"county","standardSystem":"Hand marked paper ballots, BMDs for accessibility","accessibleSystem":"Ballot Marking Devices for all voters","absenteeSystem":"Batch-Fed Optical Scanners","pollBookSystem":"Commercial Electronic Poll Book","tabulation":"Optical Scan","equipmentCodeMatched":true,"sourceDocumentId":"verified-voting-verifier-ks-2024-equipment","sourceUrl":"https://verifiedvoting.org/verifier/#mode/navigate/map/voteEquip/mapType/ppEquip/year/2024/state/20"}},{"type":"Feature","bbox":[-95.597595214844,39.031677246094,-95.179565429688,39.420715332031],"geometry":{"type":"Polygon","coordinates":[[[-95.467407226562,39.420715332031],[-95.1796875,39.418914794922],[-95.18017578125,39.371765136719],[-95.179565429688,39.317810058594],[-95.18017578125,39.252563476562],[-95.179931640625,39.12890625],[-95.187927246094,39.128662109375],[-95.187194824219,39.044067382812],[-95.27490234375,39.044067382812],[-95.28369140625,39.047485351562],[-95.282836914062,39.033264160156],[-95.287780761719,39.031890869141],[-95.291870117188,39.041442871094],[-95.297912597656,39.042266845703],[-95.315002441406,39.034729003906],[-95.340698242188,39.031677246094],[-95.359008789062,39.035522460938],[-95.387756347656,39.048736572266],[-95.400573730469,39.060028076172],[-95.423461914062,39.067749023438],[-95.436096191406,39.069793701172],[-95.45947265625,39.067077636719],[-95.488708496094,39.054779052734],[-95.500244140625,39.056030273438],[-95.507629394531,39.064575195312],[-95.548706054688,39.068328857422],[-95.570678710938,39.056030273438],[-95.582336425781,39.053985595703],[-95.597595214844,39.068328857422],[-95.594604492188,39.081878662109],[-95.5947265625,39.129119873047],[-95.589294433594,39.129821777344],[-95.589599609375,39.216125488281],[-95.588806152344,39.353881835938],[-95.589294433594,39.419128417969],[-95.570495605469,39.419128417969],[-95.467407226562,39.420715332031]]]},"properties":{"_isDeleted":false,"AREA":"1.50486159892006E-01","PERIMETER":"1.61536086464867E+00","CO20_D00_":"28","CO20_D00_I":"27","STATE":"20","COUNTY":"087","NAME":"Jefferson","LSAD":"06","LSAD_TRANS":"County","CODE":"mpdn","CODE_ACC":"dren","CODE_ABS":"dren","CODE_EV":"mpdn","equipmentGroupLabel":"Unisyn - Unisyn OpenElect OVI-VC +","equipmentSystemName":"Unisyn OpenElect OVI-VC +","equipmentType":"Optical Scan","equipmentVendor":"Unisyn","jurisdictionCode":"KS-087","jurisdictionName":"Jefferson County","sourceGranularity":"county","standardSystem":"Hand marked paper ballots, BMDs for accessibility","accessibleSystem":"Ballot Marking Devices for all voters","absenteeSystem":"Hand-Fed Optical Scanners","pollBookSystem":"Commercial Electronic Poll Book","tabulation":"Optical Scan","equipmentCodeMatched":true,"sourceDocumentId":"verified-voting-verifier-ks-2024-equipment","sourceUrl":"https://verifiedvoting.org/verifier/#mode/navigate/map/voteEquip/mapType/ppEquip/year/2024/state/20"}},{"type":"Feature","bbox":[-95.187927246094,38.954467773438,-94.775512695312,39.418914794922],"geometry":{"type":"Polygon","coordinates":[[[-95.066528320312,39.418792724609],[-94.968505859375,39.418914794922],[-94.954833984375,39.413787841797],[-94.9462890625,39.405578613281],[-94.945495605469,39.393859863281],[-94.933654785156,39.385559082031],[-94.923034667969,39.384521484375],[-94.901794433594,39.392822265625],[-94.885009765625,39.389770507812],[-94.879089355469,39.375640869141],[-94.890930175781,39.364013671875],[-94.902465820312,39.360382080078],[-94.91064453125,39.348297119141],[-94.908020019531,39.323608398438],[-94.900085449219,39.300140380859],[-94.887084960938,39.286499023438],[-94.878295898438,39.281127929688],[-94.846313476562,39.268493652344],[-94.831420898438,39.256317138672],[-94.825622558594,39.241729736328],[-94.834838867188,39.223846435547],[-94.823791503906,39.209869384766],[-94.811584472656,39.20654296875],[-94.787353515625,39.207702636719],[-94.775512695312,39.200622558594],[-94.86328125,39.202117919922],[-94.900390625,39.202117919922],[-94.901306152344,39.12890625],[-94.908264160156,39.128570556641],[-94.909057617188,38.991027832031],[-94.919860839844,38.9833984375],[-94.92236328125,38.988494873047],[-94.916259765625,38.9951171875],[-94.919616699219,39.001617431641],[-94.92724609375,39.002868652344],[-94.952087402344,38.983734130859],[-94.970336914062,38.982940673828],[-94.980346679688,38.992370605469],[-95.011413574219,39.000793457031],[-95.021789550781,38.999542236328],[-95.02783203125,38.978820800781],[-95.038269042969,38.974151611328],[-95.056274414062,38.982147216797],[-95.069580078125,38.986694335938],[-95.082580566406,38.9833984375],[-95.085632324219,38.978271484375],[-95.077331542969,38.964721679688],[-95.080993652344,38.956848144531],[-95.08837890625,38.954467773438],[-95.101257324219,38.957641601562],[-95.109924316406,38.971099853516],[-95.12744140625,38.966430664062],[-95.161499023438,38.980987548828],[-95.16845703125,38.965850830078],[-95.186218261719,38.963928222656],[-95.187194824219,39.044067382812],[-95.187927246094,39.128662109375],[-95.179931640625,39.12890625],[-95.18017578125,39.252563476562],[-95.179565429688,39.317810058594],[-95.18017578125,39.371765136719],[-95.1796875,39.418914794922],[-95.066528320312,39.418792724609]]]},"properties":{"_isDeleted":false,"AREA":"1.26480896930835E-01","PERIMETER":"1.81879387398099E+00","CO20_D00_":"29","CO20_D00_I":"28","STATE":"20","COUNTY":"103","NAME":"Leavenworth","LSAD":"06","LSAD_TRANS":"County","CODE":"dren","CODE_ACC":"dren","CODE_ABS":"dren","CODE_EV":"dren","equipmentGroupLabel":"ES&S - ES&S ExpressVote +","equipmentSystemName":"ES&S ExpressVote +","equipmentType":"Optical Scan","equipmentVendor":"ES&S","jurisdictionCode":"KS-103","jurisdictionName":"Leavenworth County","sourceGranularity":"county","standardSystem":"Hand marked paper ballots, BMDs for accessibility","accessibleSystem":"Ballot Marking Devices for all voters","absenteeSystem":"Hand-Fed Optical Scanners","pollBookSystem":"Commercial Electronic Poll Book","tabulation":"Optical Scan","equipmentCodeMatched":true,"sourceDocumentId":"verified-voting-verifier-ks-2024-equipment","sourceUrl":"https://verifiedvoting.org/verifier/#mode/navigate/map/voteEquip/mapType/ppEquip/year/2024/state/20"}},{"type":"Feature","bbox":[-97.931762695312,38.957885742188,-97.36962890625,39.306762695312],"geometry":{"type":"Polygon","coordinates":[[[-97.66748046875,39.306640625],[-97.407165527344,39.306396484375],[-97.36962890625,39.306182861328],[-97.370971679688,39.182769775391],[-97.37109375,39.131988525391],[-97.37109375,38.998199462891],[-97.371765136719,38.957885742188],[-97.486999511719,38.958099365234],[-97.789733886719,38.9580078125],[-97.928649902344,38.958221435547],[-97.928771972656,39.117858886719],[-97.930603027344,39.132080078125],[-97.93017578125,39.219207763672],[-97.931762695312,39.277252197266],[-97.929443359375,39.306396484375],[-97.7978515625,39.306762695312],[-97.66748046875,39.306640625]]]},"properties":{"_isDeleted":false,"AREA":"1.94770048511491E-01","PERIMETER":"1.81553208228040E+00","CO20_D00_":"30","CO20_D00_I":"29","STATE":"20","COUNTY":"143","NAME":"Ottawa","LSAD":"06","LSAD_TRANS":"County","CODE":"mpdn","CODE_ACC":"dren","CODE_ABS":"dren","CODE_EV":"mpdn","equipmentGroupLabel":"Unisyn - Unisyn OpenElect OVI +","equipmentSystemName":"Unisyn OpenElect OVI +","equipmentType":"Optical Scan","equipmentVendor":"Unisyn","jurisdictionCode":"KS-143","jurisdictionName":"Ottawa County","sourceGranularity":"county","standardSystem":"Hand marked paper ballots, BMDs for accessibility","accessibleSystem":"Ballot Marking Devices for all voters","absenteeSystem":"Hand-Fed Optical Scanners","pollBookSystem":"Commercial Electronic Poll Book","tabulation":"Optical Scan","equipmentCodeMatched":true,"sourceDocumentId":"verified-voting-verifier-ks-2024-equipment","sourceUrl":"https://verifiedvoting.org/verifier/#mode/navigate/map/voteEquip/mapType/ppEquip/year/2024/state/20"}},{"type":"Feature","bbox":[-96.963684082031,38.86962890625,-96.501159667969,39.220336914062],"geometry":{"type":"Polygon","coordinates":[[[-96.945678710938,39.22021484375],[-96.849914550781,39.218963623047],[-96.849914550781,39.138916015625],[-96.831359863281,39.139038085938],[-96.831359863281,39.130035400391],[-96.837219238281,39.118865966797],[-96.850952148438,39.101348876953],[-96.85107421875,39.08837890625],[-96.7431640625,39.087799072266],[-96.743225097656,39.081878662109],[-96.734008789062,39.081207275391],[-96.726745605469,39.088928222656],[-96.705993652344,39.091674804688],[-96.705993652344,39.073120117188],[-96.501159667969,39.07275390625],[-96.501159667969,39.043609619141],[-96.501647949219,38.971557617188],[-96.501525878906,38.86962890625],[-96.585693359375,38.870330810547],[-96.68701171875,38.870330810547],[-96.815795898438,38.869964599609],[-96.890258789062,38.870208740234],[-96.926818847656,38.870422363281],[-96.926208496094,38.978729248047],[-96.936340332031,38.972229003906],[-96.938415527344,38.976104736328],[-96.963439941406,38.964935302734],[-96.963684082031,39.001617431641],[-96.962890625,39.102935791016],[-96.963439941406,39.13232421875],[-96.961303710938,39.13232421875],[-96.960754394531,39.181854248047],[-96.96142578125,39.220336914062],[-96.945678710938,39.22021484375]]]},"properties":{"_isDeleted":false,"AREA":"1.08928058844495E-01","PERIMETER":"1.69581259006715E+00","CO20_D00_":"31","CO20_D00_I":"30","STATE":"20","COUNTY":"061","NAME":"Geary","LSAD":"06","LSAD_TRANS":"County","CODE":"dren","CODE_ACC":"dren","CODE_ABS":"dren","CODE_EV":"dren","equipmentGroupLabel":"ES&S - ES&S ExpressVote +","equipmentSystemName":"ES&S ExpressVote +","equipmentType":"Optical Scan","equipmentVendor":"ES&S","jurisdictionCode":"KS-061","jurisdictionName":"Geary County","sourceGranularity":"county","standardSystem":"Ballot Marking Devices for all voters","accessibleSystem":"Ballot Marking Devices for all voters","absenteeSystem":"Hand-Fed Optical Scanners","pollBookSystem":"In-House Electronic Poll Book","tabulation":"Optical Scan","equipmentCodeMatched":true,"sourceDocumentId":"verified-voting-verifier-ks-2024-equipment","sourceUrl":"https://verifiedvoting.org/verifier/#mode/navigate/map/voteEquip/mapType/ppEquip/year/2024/state/20"}},{"type":"Feature","bbox":[-98.489868164062,38.870666503906,-97.928649902344,39.219757080078],"geometry":{"type":"Polygon","coordinates":[[[-98.477111816406,39.219635009766],[-98.412719726562,39.219421386719],[-98.313415527344,39.219757080078],[-98.178039550781,39.219085693359],[-97.93017578125,39.219207763672],[-97.930603027344,39.132080078125],[-97.928771972656,39.117858886719],[-97.928649902344,38.958221435547],[-97.929016113281,38.871124267578],[-98.169372558594,38.870666503906],[-98.262878417969,38.871337890625],[-98.346435546875,38.870788574219],[-98.48486328125,38.870788574219],[-98.485473632812,39.015960693359],[-98.483642578125,39.132659912109],[-98.489807128906,39.132659912109],[-98.489868164062,39.219635009766],[-98.477111816406,39.219635009766]]]},"properties":{"_isDeleted":false,"AREA":"1.94027874323498E-01","PERIMETER":"1.82123142991863E+00","CO20_D00_":"32","CO20_D00_I":"31","STATE":"20","COUNTY":"105","NAME":"Lincoln","LSAD":"06","LSAD_TRANS":"County","CODE":"drev","CODE_ACC":"drev","CODE_ABS":"drev","CODE_EV":"drev","equipmentGroupLabel":"Unisyn - Unisyn OpenElect FVT +","equipmentSystemName":"Unisyn OpenElect FVT +","equipmentType":"Optical Scan","equipmentVendor":"Unisyn","jurisdictionCode":"KS-105","jurisdictionName":"Lincoln County","sourceGranularity":"county","standardSystem":"Ballot Marking Devices for all voters","accessibleSystem":"Ballot Marking Devices for all voters","absenteeSystem":"Hand-Fed Optical Scanners","pollBookSystem":"In-House Electronic Poll Book","tabulation":"Optical Scan","equipmentCodeMatched":true,"sourceDocumentId":"verified-voting-verifier-ks-2024-equipment","sourceUrl":"https://verifiedvoting.org/verifier/#mode/navigate/map/voteEquip/mapType/ppEquip/year/2024/state/20"}},{"type":"Feature","bbox":[-96.039001464844,38.868835449219,-95.500244140625,39.216918945312],"geometry":{"type":"Polygon","coordinates":[[[-95.887023925781,39.216918945312],[-95.849670410156,39.216674804688],[-95.632751464844,39.216583251953],[-95.589599609375,39.216125488281],[-95.589294433594,39.129821777344],[-95.5947265625,39.129119873047],[-95.594604492188,39.081878662109],[-95.597595214844,39.068328857422],[-95.582336425781,39.053985595703],[-95.570678710938,39.056030273438],[-95.548706054688,39.068328857422],[-95.507629394531,39.064575195312],[-95.500244140625,39.056030273438],[-95.500244140625,38.884094238281],[-95.500671386719,38.869750976562],[-95.54736328125,38.869415283203],[-95.668518066406,38.869873046875],[-95.799682617188,38.868835449219],[-95.946350097656,38.869750976562],[-95.946655273438,38.954345703125],[-95.946594238281,39.098724365234],[-95.956237792969,39.099060058594],[-95.972534179688,39.111602783203],[-95.982788085938,39.113189697266],[-95.993957519531,39.109191894531],[-96.009216308594,39.116149902344],[-96.005981445312,39.121490478516],[-95.991333007812,39.127197265625],[-95.995544433594,39.134124755859],[-96.005065917969,39.131164550781],[-96.020324707031,39.120239257812],[-96.039001464844,39.126495361328],[-96.035827636719,39.129821777344],[-96.035461425781,39.216461181641],[-95.887023925781,39.216918945312]]]},"properties":{"_isDeleted":false,"AREA":"1.49905270102503E-01","PERIMETER":"1.81818463242020E+00","CO20_D00_":"33","CO20_D00_I":"32","STATE":"20","COUNTY":"177","NAME":"Shawnee","LSAD":"06","LSAD_TRANS":"County","CODE":"mpdn","CODE_ACC":"dren","CODE_ABS":"dren","CODE_EV":"mpdn","equipmentGroupLabel":"ES&S - ES&S ExpressVote +","equipmentSystemName":"ES&S ExpressVote +","equipmentType":"Optical Scan","equipmentVendor":"ES&S","jurisdictionCode":"KS-177","jurisdictionName":"Shawnee County","sourceGranularity":"county","standardSystem":"Hand marked paper ballots, BMDs for accessibility","accessibleSystem":"Ballot Marking Devices for all voters","absenteeSystem":"Batch-Fed Optical Scanners","pollBookSystem":"Commercial Electronic Poll Book","tabulation":"Optical Scan","equipmentCodeMatched":true,"sourceDocumentId":"verified-voting-verifier-ks-2024-equipment","sourceUrl":"https://verifiedvoting.org/verifier/#mode/navigate/map/voteEquip/mapType/ppEquip/year/2024/state/20"}},{"type":"Feature","bbox":[-96.501647949219,38.738922119141,-95.945861816406,39.211578369141],"geometry":{"type":"Polygon","coordinates":[[[-96.039001464844,39.126495361328],[-96.020324707031,39.120239257812],[-96.005065917969,39.131164550781],[-95.995544433594,39.134124755859],[-95.991333007812,39.127197265625],[-96.005981445312,39.121490478516],[-96.009216308594,39.116149902344],[-95.993957519531,39.109191894531],[-95.982788085938,39.113189697266],[-95.972534179688,39.111602783203],[-95.956237792969,39.099060058594],[-95.946594238281,39.098724365234],[-95.946655273438,38.954345703125],[-95.946350097656,38.869750976562],[-95.94677734375,38.826385498047],[-95.945861816406,38.738922119141],[-96.068420410156,38.739166259766],[-96.214721679688,38.738922119141],[-96.334716796875,38.7392578125],[-96.352600097656,38.7392578125],[-96.389709472656,38.738922119141],[-96.390502929688,38.825805664062],[-96.501647949219,38.826263427734],[-96.501525878906,38.86962890625],[-96.501647949219,38.971557617188],[-96.501159667969,39.043609619141],[-96.390747070312,39.043273925781],[-96.390869140625,39.130157470703],[-96.389343261719,39.130157470703],[-96.388793945312,39.172729492188],[-96.379699707031,39.164764404297],[-96.37158203125,39.164764404297],[-96.36328125,39.172058105469],[-96.356323242188,39.169555664062],[-96.358276367188,39.156463623047],[-96.345092773438,39.154418945312],[-96.338806152344,39.162048339844],[-96.331420898438,39.158843994141],[-96.326293945312,39.181854248047],[-96.321411132812,39.189819335938],[-96.304748535156,39.197326660156],[-96.293151855469,39.19482421875],[-96.278137207031,39.181610107422],[-96.265930175781,39.180603027344],[-96.251586914062,39.194946289062],[-96.240539550781,39.210662841797],[-96.231201171875,39.211578369141],[-96.221313476562,39.201416015625],[-96.203979492188,39.199951171875],[-96.196716308594,39.20654296875],[-96.183288574219,39.207000732422],[-96.178833007812,39.203125],[-96.175659179688,39.188568115234],[-96.147277832031,39.192199707031],[-96.126098632812,39.187194824219],[-96.115539550781,39.190734863281],[-96.111572265625,39.200073242188],[-96.104614257812,39.200164794922],[-96.09619140625,39.191864013672],[-96.083557128906,39.193450927734],[-96.068603515625,39.179443359375],[-96.057250976562,39.16259765625],[-96.063415527344,39.157592773438],[-96.070434570312,39.162384033203],[-96.083862304688,39.163299560547],[-96.0908203125,39.158721923828],[-96.088195800781,39.15234375],[-96.07763671875,39.150207519531],[-96.057922363281,39.141540527344],[-96.0439453125,39.141204833984],[-96.039001464844,39.126495361328]]]},"properties":{"_isDeleted":false,"AREA":"2.15268096597485E-01","PERIMETER":"2.18531645071708E+00","CO20_D00_":"34","CO20_D00_I":"33","STATE":"20","COUNTY":"197","NAME":"Wabaunsee","LSAD":"06","LSAD_TRANS":"County","CODE":"pbvs","CODE_ACC":"bmds","CODE_ABS":"bmds","CODE_EV":"pbvs","equipmentGroupLabel":"Unisyn - Unisyn OpenElect FVT +","equipmentSystemName":"Unisyn OpenElect FVT +","equipmentType":"Optical Scan","equipmentVendor":"Unisyn","jurisdictionCode":"KS-197","jurisdictionName":"Wabaunsee County","sourceGranularity":"county","standardSystem":"Hand marked paper ballots, BMDs for accessibility","accessibleSystem":"Ballot Marking Devices for all voters","absenteeSystem":"Hand-Fed Optical Scanners","pollBookSystem":"Commercial Electronic Poll Book","tabulation":"Optical Scan","equipmentCodeMatched":true,"sourceDocumentId":"verified-voting-verifier-ks-2024-equipment","sourceUrl":"https://verifiedvoting.org/verifier/#mode/navigate/map/voteEquip/mapType/ppEquip/year/2024/state/20"}},{"type":"Feature","bbox":[-94.909057617188,38.991027832031,-94.589904785156,39.202117919922],"geometry":{"type":"Polygon","coordinates":[[[-94.86328125,39.202117919922],[-94.775512695312,39.200622558594],[-94.763061523438,39.179901123047],[-94.752258300781,39.173187255859],[-94.736572265625,39.169219970703],[-94.714111328125,39.170349121094],[-94.687255859375,39.183441162109],[-94.680297851562,39.184234619141],[-94.663818359375,39.179107666016],[-94.660278320312,39.168060302734],[-94.662414550781,39.157592773438],[-94.640014648438,39.153045654297],[-94.61572265625,39.159973144531],[-94.601745605469,39.159637451172],[-94.591979980469,39.154968261719],[-94.589904785156,39.140411376953],[-94.606994628906,39.119323730469],[-94.607421875,39.0439453125],[-94.779235839844,39.043731689453],[-94.798156738281,39.044067382812],[-94.821594238281,39.051239013672],[-94.837768554688,39.059112548828],[-94.856567382812,39.061614990234],[-94.879455566406,39.055114746094],[-94.890258789062,39.028015136719],[-94.892761230469,39.0087890625],[-94.909057617188,38.991027832031],[-94.908264160156,39.128570556641],[-94.901306152344,39.12890625],[-94.900390625,39.202117919922],[-94.86328125,39.202117919922]]]},"properties":{"_isDeleted":false,"AREA":"4.20015933077227E-02","PERIMETER":"1.03600344971585E+00","CO20_D00_":"35","CO20_D00_I":"34","STATE":"20","COUNTY":"209","NAME":"Wyandotte","LSAD":"06","LSAD_TRANS":"County","CODE":"mpdn","CODE_ACC":"dren","CODE_ABS":"dren","CODE_EV":"mpdn","equipmentGroupLabel":"ES&S - ES&S ExpressVote +","equipmentSystemName":"ES&S ExpressVote +","equipmentType":"Optical Scan","equipmentVendor":"ES&S","jurisdictionCode":"KS-209","jurisdictionName":"Wyandotte County","sourceGranularity":"county","standardSystem":"Hand marked paper ballots, BMDs for accessibility","accessibleSystem":"Ballot Marking Devices for all voters","absenteeSystem":"Batch-Fed Optical Scanners","pollBookSystem":"Commercial Electronic Poll Book","tabulation":"Optical Scan","equipmentCodeMatched":true,"sourceDocumentId":"verified-voting-verifier-ks-2024-equipment","sourceUrl":"https://verifiedvoting.org/verifier/#mode/navigate/map/voteEquip/mapType/ppEquip/year/2024/state/20"}},{"type":"Feature","bbox":[-101.48455810547,38.698944091797,-100.81188964844,39.135375976562],"geometry":{"type":"Polygon","coordinates":[[[-101.39166259766,39.135162353516],[-101.31311035156,39.135375976562],[-101.23864746094,39.135162353516],[-101.14514160156,39.1337890625],[-101.05596923828,39.132995605469],[-100.94506835938,39.132873535156],[-100.81188964844,39.133239746094],[-100.8134765625,39.047149658203],[-100.81439208984,38.960510253906],[-100.81713867188,38.851409912109],[-100.81872558594,38.699859619141],[-100.94317626953,38.698944091797],[-101.12829589844,38.700561523438],[-101.26196289062,38.701232910156],[-101.37152099609,38.700897216797],[-101.48455810547,38.699981689453],[-101.48284912109,38.775360107422],[-101.47912597656,39.048400878906],[-101.47821044922,39.134704589844],[-101.39166259766,39.135162353516]]]},"properties":{"_isDeleted":false,"AREA":"2.88661642692503E-01","PERIMETER":"2.20062561042889E+00","CO20_D00_":"36","CO20_D00_I":"35","STATE":"20","COUNTY":"109","NAME":"Logan","LSAD":"06","LSAD_TRANS":"County","CODE":"pbvs","CODE_ACC":"bmds","CODE_ABS":"bmds","CODE_EV":"pbvs","equipmentGroupLabel":"Dominion - Dominion ImageCast X BMD +","equipmentSystemName":"Dominion ImageCast X BMD +","equipmentType":"Optical Scan","equipmentVendor":"Dominion","jurisdictionCode":"KS-109","jurisdictionName":"Logan County","sourceGranularity":"county","standardSystem":"Hand marked paper ballots, BMDs for accessibility","accessibleSystem":"Ballot Marking Devices for all voters","absenteeSystem":"Hand-Fed Optical Scanners","pollBookSystem":"Commercial Electronic Poll Book","tabulation":"Optical Scan","equipmentCodeMatched":true,"sourceDocumentId":"verified-voting-verifier-ks-2024-equipment","sourceUrl":"https://verifiedvoting.org/verifier/#mode/navigate/map/voteEquip/mapType/ppEquip/year/2024/state/20"}},{"type":"Feature","bbox":[-102.04718017578,38.697601318359,-101.47821044922,39.134704589844],"geometry":{"type":"Polygon","coordinates":[[[-101.47821044922,39.134704589844],[-101.47912597656,39.048400878906],[-101.48284912109,38.775360107422],[-101.48455810547,38.699981689453],[-101.56744384766,38.699523925781],[-101.70751953125,38.698394775391],[-101.81787109375,38.697814941406],[-102.04522705078,38.697601318359],[-102.04534912109,38.813385009766],[-102.04718017578,39.133117675781],[-101.96942138672,39.133453369141],[-101.83990478516,39.133331298828],[-101.71044921875,39.133697509766],[-101.47821044922,39.134704589844]]]},"properties":{"_isDeleted":false,"AREA":"2.45926510992351E-01","PERIMETER":"1.99998357143873E+00","CO20_D00_":"37","CO20_D00_I":"36","STATE":"20","COUNTY":"199","NAME":"Wallace","LSAD":"06","LSAD_TRANS":"County","CODE":"mpdn","CODE_ACC":"dren","CODE_ABS":"dren","CODE_EV":"mpdn","equipmentGroupLabel":"Unisyn - Unisyn OpenElect FVT +","equipmentSystemName":"Unisyn OpenElect FVT +","equipmentType":"Optical Scan","equipmentVendor":"Unisyn","jurisdictionCode":"KS-199","jurisdictionName":"Wallace County","sourceGranularity":"county","standardSystem":"Hand marked paper ballots, BMDs for accessibility","accessibleSystem":"Ballot Marking Devices for all voters","absenteeSystem":"Hand-Fed Optical Scanners","pollBookSystem":"Commercial Electronic Poll Book","tabulation":"Optical Scan","equipmentCodeMatched":true,"sourceDocumentId":"verified-voting-verifier-ks-2024-equipment","sourceUrl":"https://verifiedvoting.org/verifier/#mode/navigate/map/voteEquip/mapType/ppEquip/year/2024/state/20"}},{"type":"Feature","bbox":[-99.042602539062,38.696807861328,-98.483642578125,39.133453369141],"geometry":{"type":"Polygon","coordinates":[[[-98.508361816406,39.132873535156],[-98.489807128906,39.132659912109],[-98.483642578125,39.132659912109],[-98.485473632812,39.015960693359],[-98.48486328125,38.870788574219],[-98.486145019531,38.696899414062],[-98.72021484375,38.696807861328],[-98.812377929688,38.696899414062],[-99.032775878906,38.696807861328],[-99.042602539062,38.696899414062],[-99.039367675781,38.841979980469],[-99.0390625,38.944000244141],[-99.037475585938,39.133117675781],[-98.880432128906,39.133453369141],[-98.713195800781,39.133117675781],[-98.648254394531,39.133453369141],[-98.508361816406,39.132873535156]]]},"properties":{"_isDeleted":false,"AREA":"2.41830958763502E-01","PERIMETER":"1.98251407411190E+00","CO20_D00_":"38","CO20_D00_I":"37","STATE":"20","COUNTY":"167","NAME":"Russell","LSAD":"06","LSAD_TRANS":"County","CODE":"pbvs","CODE_ACC":"bmds","CODE_ABS":"bmds","CODE_EV":"pbvs","equipmentGroupLabel":"Unisyn - Unisyn OpenElect OVI-VC +","equipmentSystemName":"Unisyn OpenElect OVI-VC +","equipmentType":"Optical Scan","equipmentVendor":"Unisyn","jurisdictionCode":"KS-167","jurisdictionName":"Russell County","sourceGranularity":"county","standardSystem":"Hand marked paper ballots, BMDs for accessibility","accessibleSystem":"Ballot Marking Devices for all voters","absenteeSystem":"Hand-Fed Optical Scanners","pollBookSystem":"Commercial Electronic Poll Book","tabulation":"Optical Scan","equipmentCodeMatched":true,"sourceDocumentId":"verified-voting-verifier-ks-2024-equipment","sourceUrl":"https://verifiedvoting.org/verifier/#mode/navigate/map/voteEquip/mapType/ppEquip/year/2024/state/20"}},{"type":"Feature","bbox":[-97.381225585938,38.608795166016,-96.890258789062,39.133331298828],"geometry":{"type":"Polygon","coordinates":[[[-97.259399414062,39.132873535156],[-97.147583007812,39.133331298828],[-96.963439941406,39.13232421875],[-96.962890625,39.102935791016],[-96.963684082031,39.001617431641],[-96.963439941406,38.964935302734],[-96.938415527344,38.976104736328],[-96.936340332031,38.972229003906],[-96.926208496094,38.978729248047],[-96.926818847656,38.870422363281],[-96.890258789062,38.870208740234],[-96.890258789062,38.812377929688],[-96.92724609375,38.812255859375],[-96.927490234375,38.695983886719],[-96.930358886719,38.695983886719],[-96.930236816406,38.609344482422],[-97.040649414062,38.608795166016],[-97.156555175781,38.609344482422],[-97.260986328125,38.609222412109],[-97.372009277344,38.609344482422],[-97.372131347656,38.914276123047],[-97.381225585938,38.917236328125],[-97.381225585938,38.928833007812],[-97.372009277344,38.928741455078],[-97.371765136719,38.957885742188],[-97.37109375,38.998199462891],[-97.37109375,39.131988525391],[-97.259399414062,39.132873535156]]]},"properties":{"_isDeleted":false,"AREA":"2.29032693634997E-01","PERIMETER":"2.05801005852412E+00","CO20_D00_":"39","CO20_D00_I":"38","STATE":"20","COUNTY":"041","NAME":"Dickinson","LSAD":"06","LSAD_TRANS":"County","CODE":"pbvs","CODE_ACC":"bmds","CODE_ABS":"bmds","CODE_EV":"pbvs","equipmentGroupLabel":"ES&S - ES&S ExpressVote +","equipmentSystemName":"ES&S ExpressVote +","equipmentType":"Optical Scan","equipmentVendor":"ES&S","jurisdictionCode":"KS-041","jurisdictionName":"Dickinson County","sourceGranularity":"county","standardSystem":"Hand marked paper ballots, BMDs for accessibility","accessibleSystem":"Ballot Marking Devices for all voters","absenteeSystem":"Batch-Fed Optical Scanners","pollBookSystem":"Paper Poll Book","tabulation":"Optical Scan","equipmentCodeMatched":true,"sourceDocumentId":"verified-voting-verifier-ks-2024-equipment","sourceUrl":"https://verifiedvoting.org/verifier/#mode/navigate/map/voteEquip/mapType/ppEquip/year/2024/state/20"}},{"type":"Feature","bbox":[-99.598449707031,38.696441650391,-99.037475585938,39.133239746094],"geometry":{"type":"Polygon","coordinates":[[[-99.406372070312,39.132537841797],[-99.342163085938,39.13232421875],[-99.23486328125,39.133239746094],[-99.047729492188,39.132995605469],[-99.037475585938,39.133117675781],[-99.0390625,38.944000244141],[-99.039367675781,38.841979980469],[-99.042602539062,38.696899414062],[-99.154479980469,38.697265625],[-99.585021972656,38.696441650391],[-99.598449707031,38.696441650391],[-99.597412109375,38.735168457031],[-99.593811035156,39.035064697266],[-99.591857910156,39.13232421875],[-99.406372070312,39.132537841797]]]},"properties":{"_isDeleted":false,"AREA":"2.42218659602997E-01","PERIMETER":"1.98252432101869E+00","CO20_D00_":"40","CO20_D00_I":"39","STATE":"20","COUNTY":"051","NAME":"Ellis","LSAD":"06","LSAD_TRANS":"County","CODE":"dren","CODE_ACC":"dren","CODE_ABS":"dren","CODE_EV":"dren","equipmentGroupLabel":"ES&S - ES&S ExpressVote +","equipmentSystemName":"ES&S ExpressVote +","equipmentType":"Optical Scan","equipmentVendor":"ES&S","jurisdictionCode":"KS-051","jurisdictionName":"Ellis County","sourceGranularity":"county","standardSystem":"Hand marked paper ballots, BMDs for accessibility","accessibleSystem":"Ballot Marking Devices for all voters","absenteeSystem":"Batch-Fed Optical Scanners","pollBookSystem":"Commercial Electronic Poll Book","tabulation":"Optical Scan","equipmentCodeMatched":true,"sourceDocumentId":"verified-voting-verifier-ks-2024-equipment","sourceUrl":"https://verifiedvoting.org/verifier/#mode/navigate/map/voteEquip/mapType/ppEquip/year/2024/state/20"}},{"type":"Feature","bbox":[-100.81872558594,38.697265625,-100.14794921875,39.133331298828],"geometry":{"type":"Polygon","coordinates":[[[-100.74182128906,39.133331298828],[-100.72125244141,39.133239746094],[-100.2763671875,39.132659912109],[-100.16436767578,39.131866455078],[-100.14794921875,39.132202148438],[-100.14849853516,39.045318603516],[-100.15161132812,38.871002197266],[-100.15179443359,38.787322998047],[-100.15399169922,38.697265625],[-100.24713134766,38.698150634766],[-100.42724609375,38.699768066406],[-100.58312988281,38.700103759766],[-100.68798828125,38.699981689453],[-100.81872558594,38.699859619141],[-100.81713867188,38.851409912109],[-100.81439208984,38.960510253906],[-100.8134765625,39.047149658203],[-100.81188964844,39.133239746094],[-100.74182128906,39.133331298828]]]},"properties":{"_isDeleted":false,"AREA":"2.88246930307000E-01","PERIMETER":"2.19711036872688E+00","CO20_D00_":"41","CO20_D00_I":"40","STATE":"20","COUNTY":"063","NAME":"Gove","LSAD":"06","LSAD_TRANS":"County","CODE":"pbvs","CODE_ACC":"bmds","CODE_ABS":"bmds","CODE_EV":"pbvs","equipmentGroupLabel":"Unisyn - Unisyn OpenElect FVT +","equipmentSystemName":"Unisyn OpenElect FVT +","equipmentType":"Optical Scan","equipmentVendor":"Unisyn","jurisdictionCode":"KS-063","jurisdictionName":"Gove County","sourceGranularity":"county","standardSystem":"Hand marked paper ballots, BMDs for accessibility","accessibleSystem":"Ballot Marking Devices for all voters","absenteeSystem":"Hand-Fed Optical Scanners","pollBookSystem":"Commercial Electronic Poll Book","tabulation":"Optical Scan","equipmentCodeMatched":true,"sourceDocumentId":"verified-voting-verifier-ks-2024-equipment","sourceUrl":"https://verifiedvoting.org/verifier/#mode/navigate/map/voteEquip/mapType/ppEquip/year/2024/state/20"}},{"type":"Feature","bbox":[-100.15399169922,38.696350097656,-99.591857910156,39.132415771484],"geometry":{"type":"Polygon","coordinates":[[[-99.591857910156,39.13232421875],[-99.593811035156,39.035064697266],[-99.597412109375,38.735168457031],[-99.598449707031,38.696441650391],[-99.789733886719,38.696899414062],[-99.806274414062,38.696685791016],[-100.04547119141,38.696350097656],[-100.15399169922,38.697265625],[-100.15179443359,38.787322998047],[-100.15161132812,38.871002197266],[-100.14849853516,39.045318603516],[-100.14794921875,39.132202148438],[-100.03570556641,39.131622314453],[-99.999938964844,39.131988525391],[-99.830871582031,39.131866455078],[-99.605407714844,39.132415771484],[-99.591857910156,39.13232421875]]]},"properties":{"_isDeleted":false,"AREA":"2.41819286658000E-01","PERIMETER":"1.98240118596307E+00","CO20_D00_":"42","CO20_D00_I":"41","STATE":"20","COUNTY":"195","NAME":"Trego","LSAD":"06","LSAD_TRANS":"County","CODE":"pbvs","CODE_ACC":"bmds","CODE_ABS":"bmds","CODE_EV":"pbvs","equipmentGroupLabel":"ES&S - ES&S ExpressVote +","equipmentSystemName":"ES&S ExpressVote +","equipmentType":"Optical Scan","equipmentVendor":"ES&S","jurisdictionCode":"KS-195","jurisdictionName":"Trego County","sourceGranularity":"county","standardSystem":"Hand marked paper ballots, BMDs for accessibility","accessibleSystem":"Ballot Marking Devices for all voters","absenteeSystem":"Hand-Fed Optical Scanners","pollBookSystem":"Commercial Electronic Poll Book","tabulation":"Optical Scan","equipmentCodeMatched":true,"sourceDocumentId":"verified-voting-verifier-ks-2024-equipment","sourceUrl":"https://verifiedvoting.org/verifier/#mode/navigate/map/voteEquip/mapType/ppEquip/year/2024/state/20"}},{"type":"Feature","bbox":[-95.501037597656,38.738250732422,-95.055908203125,39.069793701172],"geometry":{"type":"Polygon","coordinates":[[[-95.500244140625,39.056030273438],[-95.488708496094,39.054779052734],[-95.45947265625,39.067077636719],[-95.436096191406,39.069793701172],[-95.423461914062,39.067749023438],[-95.400573730469,39.060028076172],[-95.387756347656,39.048736572266],[-95.359008789062,39.035522460938],[-95.340698242188,39.031677246094],[-95.315002441406,39.034729003906],[-95.297912597656,39.042266845703],[-95.291870117188,39.041442871094],[-95.287780761719,39.031890869141],[-95.282836914062,39.033264160156],[-95.28369140625,39.047485351562],[-95.27490234375,39.044067382812],[-95.187194824219,39.044067382812],[-95.186218261719,38.963928222656],[-95.16845703125,38.965850830078],[-95.161499023438,38.980987548828],[-95.12744140625,38.966430664062],[-95.109924316406,38.971099853516],[-95.101257324219,38.957641601562],[-95.08837890625,38.954467773438],[-95.080993652344,38.956848144531],[-95.077331542969,38.964721679688],[-95.085632324219,38.978271484375],[-95.082580566406,38.9833984375],[-95.069580078125,38.986694335938],[-95.056274414062,38.982147216797],[-95.055908203125,38.920532226562],[-95.056396484375,38.738464355469],[-95.167663574219,38.738250732422],[-95.43212890625,38.738800048828],[-95.500244140625,38.738586425781],[-95.501037597656,38.738464355469],[-95.500671386719,38.869750976562],[-95.500244140625,38.884094238281],[-95.500244140625,39.056030273438]]]},"properties":{"_isDeleted":false,"AREA":"1.27576888350507E-01","PERIMETER":"1.62843423652707E+00","CO20_D00_":"43","CO20_D00_I":"42","STATE":"20","COUNTY":"045","NAME":"Douglas","LSAD":"06","LSAD_TRANS":"County","CODE":"pbvs","CODE_ACC":"bmds","CODE_ABS":"bmds","CODE_EV":"pbvs","equipmentGroupLabel":"Unisyn - Unisyn OpenElect OVI +","equipmentSystemName":"Unisyn OpenElect OVI +","equipmentType":"Optical Scan","equipmentVendor":"Unisyn","jurisdictionCode":"KS-045","jurisdictionName":"Douglas County","sourceGranularity":"county","standardSystem":"Hand marked paper ballots, BMDs for accessibility","accessibleSystem":"Ballot Marking Devices for all voters","absenteeSystem":"Batch-Fed Optical Scanners","pollBookSystem":"Commercial Electronic Poll Book","tabulation":"Optical Scan","equipmentCodeMatched":true,"sourceDocumentId":"verified-voting-verifier-ks-2024-equipment","sourceUrl":"https://verifiedvoting.org/verifier/#mode/navigate/map/voteEquip/mapType/ppEquip/year/2024/state/20"}},{"type":"Feature","bbox":[-95.056396484375,38.738128662109,-94.607421875,39.061614990234],"geometry":{"type":"Polygon","coordinates":[[[-94.909057617188,38.991027832031],[-94.892761230469,39.0087890625],[-94.890258789062,39.028015136719],[-94.879455566406,39.055114746094],[-94.856567382812,39.061614990234],[-94.837768554688,39.059112548828],[-94.821594238281,39.051239013672],[-94.798156738281,39.044067382812],[-94.779235839844,39.043731689453],[-94.607421875,39.0439453125],[-94.608337402344,38.981781005859],[-94.608032226562,38.847198486328],[-94.607543945312,38.827514648438],[-94.609497070312,38.738128662109],[-94.964294433594,38.738586425781],[-95.056396484375,38.738464355469],[-95.055908203125,38.920532226562],[-95.056274414062,38.982147216797],[-95.038269042969,38.974151611328],[-95.02783203125,38.978820800781],[-95.021789550781,38.999542236328],[-95.011413574219,39.000793457031],[-94.980346679688,38.992370605469],[-94.970336914062,38.982940673828],[-94.952087402344,38.983734130859],[-94.92724609375,39.002868652344],[-94.919616699219,39.001617431641],[-94.916259765625,38.9951171875],[-94.92236328125,38.988494873047],[-94.919860839844,38.9833984375],[-94.909057617188,38.991027832031]]]},"properties":{"_isDeleted":false,"AREA":"1.29071784880885E-01","PERIMETER":"1.55431445469366E+00","CO20_D00_":"44","CO20_D00_I":"43","STATE":"20","COUNTY":"091","NAME":"Johnson","LSAD":"06","LSAD_TRANS":"County","CODE":"dren","CODE_ACC":"dren","CODE_ABS":"dren","CODE_EV":"dren","equipmentGroupLabel":"ES&S - ES&S ExpressVote +","equipmentSystemName":"ES&S ExpressVote +","equipmentType":"Optical Scan","equipmentVendor":"ES&S","jurisdictionCode":"KS-091","jurisdictionName":"Johnson County","sourceGranularity":"county","standardSystem":"Ballot Marking Devices for all voters","accessibleSystem":"Ballot Marking Devices for all voters","absenteeSystem":"Batch-Fed Optical Scanners","pollBookSystem":"In-House Electronic Poll Book","tabulation":"Optical Scan","equipmentCodeMatched":true,"sourceDocumentId":"verified-voting-verifier-ks-2024-equipment","sourceUrl":"https://verifiedvoting.org/verifier/#mode/navigate/map/voteEquip/mapType/ppEquip/year/2024/state/20"}},{"type":"Feature","bbox":[-97.929016113281,38.60888671875,-97.371765136719,38.958221435547],"geometry":{"type":"Polygon","coordinates":[[[-97.486999511719,38.958099365234],[-97.371765136719,38.957885742188],[-97.372009277344,38.928741455078],[-97.381225585938,38.928833007812],[-97.381225585938,38.917236328125],[-97.372131347656,38.914276123047],[-97.372009277344,38.609344482422],[-97.488952636719,38.609344482422],[-97.603271484375,38.60888671875],[-97.924560546875,38.609924316406],[-97.925109863281,38.696807861328],[-97.928466796875,38.696899414062],[-97.928466796875,38.809295654297],[-97.929016113281,38.871124267578],[-97.928649902344,38.958221435547],[-97.789733886719,38.9580078125],[-97.486999511719,38.958099365234]]]},"properties":{"_isDeleted":false,"AREA":"1.93678543857503E-01","PERIMETER":"1.82766072089764E+00","CO20_D00_":"45","CO20_D00_I":"44","STATE":"20","COUNTY":"169","NAME":"Saline","LSAD":"06","LSAD_TRANS":"County","CODE":"drev","CODE_ACC":"drev","CODE_ABS":"drev","CODE_EV":"drev","equipmentGroupLabel":"ES&S - ES&S ExpressVote +","equipmentSystemName":"ES&S ExpressVote +","equipmentType":"Optical Scan","equipmentVendor":"ES&S","jurisdictionCode":"KS-169","jurisdictionName":"Saline County","sourceGranularity":"county","standardSystem":"Ballot Marking Devices for all voters","accessibleSystem":"Ballot Marking Devices for all voters","absenteeSystem":"Hand-Fed Optical Scanners","pollBookSystem":"In-House Electronic Poll Book","tabulation":"Optical Scan","equipmentCodeMatched":true,"sourceDocumentId":"verified-voting-verifier-ks-2024-equipment","sourceUrl":"https://verifiedvoting.org/verifier/#mode/navigate/map/voteEquip/mapType/ppEquip/year/2024/state/20"}},{"type":"Feature","bbox":[-98.486145019531,38.521789550781,-97.924255371094,38.871337890625],"geometry":{"type":"Polygon","coordinates":[[[-97.929016113281,38.871124267578],[-97.928466796875,38.809295654297],[-97.928466796875,38.696899414062],[-97.925109863281,38.696807861328],[-97.924560546875,38.609924316406],[-97.924255371094,38.522705078125],[-98.016784667969,38.522247314453],[-98.256958007812,38.522247314453],[-98.48046875,38.521789550781],[-98.47998046875,38.621185302734],[-98.480102539062,38.696899414062],[-98.486145019531,38.696899414062],[-98.48486328125,38.870788574219],[-98.346435546875,38.870788574219],[-98.262878417969,38.871337890625],[-98.169372558594,38.870666503906],[-97.929016113281,38.871124267578]]]},"properties":{"_isDeleted":false,"AREA":"1.94014643933999E-01","PERIMETER":"1.81856178346283E+00","CO20_D00_":"46","CO20_D00_I":"45","STATE":"20","COUNTY":"053","NAME":"Ellsworth","LSAD":"06","LSAD_TRANS":"County","CODE":"pbvs","CODE_ACC":"bmds","CODE_ABS":"bmds","CODE_EV":"pbvs","equipmentGroupLabel":"ES&S - ES&S ExpressVote +","equipmentSystemName":"ES&S ExpressVote +","equipmentType":"Optical Scan","equipmentVendor":"ES&S","jurisdictionCode":"KS-053","jurisdictionName":"Ellsworth County","sourceGranularity":"county","standardSystem":"Hand marked paper ballots, BMDs for accessibility","accessibleSystem":"Ballot Marking Devices for all voters","absenteeSystem":"Batch-Fed Optical Scanners","pollBookSystem":"Commercial Electronic Poll Book","tabulation":"Optical Scan","equipmentCodeMatched":true,"sourceDocumentId":"verified-voting-verifier-ks-2024-equipment","sourceUrl":"https://verifiedvoting.org/verifier/#mode/navigate/map/voteEquip/mapType/ppEquip/year/2024/state/20"}},{"type":"Feature","bbox":[-96.930358886719,38.521667480469,-96.352600097656,38.870330810547],"geometry":{"type":"Polygon","coordinates":[[[-96.68701171875,38.870330810547],[-96.585693359375,38.870330810547],[-96.501525878906,38.86962890625],[-96.501647949219,38.826263427734],[-96.390502929688,38.825805664062],[-96.389709472656,38.738922119141],[-96.352600097656,38.7392578125],[-96.35302734375,38.609588623047],[-96.353759765625,38.521667480469],[-96.685424804688,38.521911621094],[-96.819641113281,38.5224609375],[-96.929992675781,38.5224609375],[-96.930236816406,38.609344482422],[-96.930358886719,38.695983886719],[-96.927490234375,38.695983886719],[-96.92724609375,38.812255859375],[-96.890258789062,38.812377929688],[-96.890258789062,38.870208740234],[-96.815795898438,38.869964599609],[-96.68701171875,38.870330810547]]]},"properties":{"_isDeleted":false,"AREA":"1.88475860731007E-01","PERIMETER":"1.84849288125508E+00","CO20_D00_":"47","CO20_D00_I":"46","STATE":"20","COUNTY":"127","NAME":"Morris","LSAD":"06","LSAD_TRANS":"County","CODE":"mpdn","CODE_ACC":"dren","CODE_ABS":"dren","CODE_EV":"mpdn","equipmentGroupLabel":"Unisyn - Unisyn OpenElect FVT +","equipmentSystemName":"Unisyn OpenElect FVT +","equipmentType":"Optical Scan","equipmentVendor":"Unisyn","jurisdictionCode":"KS-127","jurisdictionName":"Morris County","sourceGranularity":"county","standardSystem":"Hand marked paper ballots, BMDs for accessibility","accessibleSystem":"Ballot Marking Devices for all voters","absenteeSystem":"Batch-Fed Optical Scanners","pollBookSystem":"Paper Poll Book","tabulation":"Optical Scan","equipmentCodeMatched":true,"sourceDocumentId":"verified-voting-verifier-ks-2024-equipment","sourceUrl":"https://verifiedvoting.org/verifier/#mode/navigate/map/voteEquip/mapType/ppEquip/year/2024/state/20"}},{"type":"Feature","bbox":[-95.950317382812,38.433990478516,-95.500671386719,38.869873046875],"geometry":{"type":"Polygon","coordinates":[[[-95.668518066406,38.869873046875],[-95.54736328125,38.869415283203],[-95.500671386719,38.869750976562],[-95.501037597656,38.738464355469],[-95.501159667969,38.694976806641],[-95.50830078125,38.695098876953],[-95.508972167969,38.658874511719],[-95.508178710938,38.434356689453],[-95.655639648438,38.4345703125],[-95.844177246094,38.433990478516],[-95.950317382812,38.434356689453],[-95.949523925781,38.640441894531],[-95.949645996094,38.695190429688],[-95.945434570312,38.695190429688],[-95.945861816406,38.738922119141],[-95.94677734375,38.826385498047],[-95.946350097656,38.869750976562],[-95.799682617188,38.868835449219],[-95.668518066406,38.869873046875]]]},"properties":{"_isDeleted":false,"AREA":"1.92765872937003E-01","PERIMETER":"1.77054796257584E+00","CO20_D00_":"48","CO20_D00_I":"47","STATE":"20","COUNTY":"139","NAME":"Osage","LSAD":"06","LSAD_TRANS":"County","CODE":"pbvs","CODE_ACC":"bmds","CODE_ABS":"bmds","CODE_EV":"pbvs","equipmentGroupLabel":"ES&S - ES&S ExpressVote +","equipmentSystemName":"ES&S ExpressVote +","equipmentType":"Optical Scan","equipmentVendor":"ES&S","jurisdictionCode":"KS-139","jurisdictionName":"Osage County","sourceGranularity":"county","standardSystem":"Hand marked paper ballots, BMDs for accessibility","accessibleSystem":"Ballot Marking Devices for all voters","absenteeSystem":"Hand-Fed Optical Scanners","pollBookSystem":"Commercial Electronic Poll Book","tabulation":"Optical Scan","equipmentCodeMatched":true,"sourceDocumentId":"verified-voting-verifier-ks-2024-equipment","sourceUrl":"https://verifiedvoting.org/verifier/#mode/navigate/map/voteEquip/mapType/ppEquip/year/2024/state/20"}},{"type":"Feature","bbox":[-96.357238769531,38.171081542969,-95.945434570312,38.7392578125],"geometry":{"type":"Polygon","coordinates":[[[-96.334716796875,38.7392578125],[-96.214721679688,38.738922119141],[-96.068420410156,38.739166259766],[-95.945861816406,38.738922119141],[-95.945434570312,38.695190429688],[-95.949645996094,38.695190429688],[-95.949523925781,38.640441894531],[-95.950317382812,38.434356689453],[-95.950805664062,38.376281738281],[-95.949951171875,38.260009765625],[-95.95849609375,38.260009765625],[-95.959106445312,38.171081542969],[-96.048461914062,38.171905517578],[-96.279602050781,38.172790527344],[-96.357238769531,38.172698974609],[-96.356140136719,38.260375976562],[-96.35546875,38.260375976562],[-96.353759765625,38.521667480469],[-96.35302734375,38.609588623047],[-96.352600097656,38.7392578125],[-96.334716796875,38.7392578125]]]},"properties":{"_isDeleted":false,"AREA":"2.28600378959497E-01","PERIMETER":"1.95275073852458E+00","CO20_D00_":"49","CO20_D00_I":"48","STATE":"20","COUNTY":"111","NAME":"Lyon","LSAD":"06","LSAD_TRANS":"County","CODE":"dren","CODE_ACC":"dren","CODE_ABS":"dren","CODE_EV":"dren","equipmentGroupLabel":"ES&S - ES&S ExpressVote +","equipmentSystemName":"ES&S ExpressVote +","equipmentType":"Optical Scan","equipmentVendor":"ES&S","jurisdictionCode":"KS-111","jurisdictionName":"Lyon County","sourceGranularity":"county","standardSystem":"Ballot Marking Devices for all voters","accessibleSystem":"Ballot Marking Devices for all voters","absenteeSystem":"Batch-Fed Optical Scanners","pollBookSystem":"In-House Electronic Poll Book","tabulation":"Optical Scan","equipmentCodeMatched":true,"sourceDocumentId":"verified-voting-verifier-ks-2024-equipment","sourceUrl":"https://verifiedvoting.org/verifier/#mode/navigate/map/voteEquip/mapType/ppEquip/year/2024/state/20"}},{"type":"Feature","bbox":[-95.508972167969,38.389953613281,-95.056396484375,38.738800048828],"geometry":{"type":"Polygon","coordinates":[[[-95.500244140625,38.738586425781],[-95.43212890625,38.738800048828],[-95.167663574219,38.738250732422],[-95.056396484375,38.738464355469],[-95.056640625,38.694854736328],[-95.065734863281,38.694854736328],[-95.065063476562,38.637237548828],[-95.065063476562,38.554138183594],[-95.065612792969,38.516326904297],[-95.065246582031,38.447662353516],[-95.065856933594,38.389953613281],[-95.233764648438,38.390502929688],[-95.303955078125,38.390289306641],[-95.48974609375,38.390625],[-95.508178710938,38.390380859375],[-95.508178710938,38.434356689453],[-95.508972167969,38.658874511719],[-95.50830078125,38.695098876953],[-95.501159667969,38.694976806641],[-95.501037597656,38.738464355469],[-95.500244140625,38.738586425781]]]},"properties":{"_isDeleted":false,"AREA":"1.54364525464993E-01","PERIMETER":"1.60000270517611E+00","CO20_D00_":"50","CO20_D00_I":"49","STATE":"20","COUNTY":"059","NAME":"Franklin","LSAD":"06","LSAD_TRANS":"County","CODE":"pbvs","CODE_ACC":"bmds","CODE_ABS":"bmds","CODE_EV":"pbvs","equipmentGroupLabel":"ES&S - ES&S ExpressVote +","equipmentSystemName":"ES&S ExpressVote +","equipmentType":"Optical Scan","equipmentVendor":"ES&S","jurisdictionCode":"KS-059","jurisdictionName":"Franklin County","sourceGranularity":"county","standardSystem":"Hand marked paper ballots, BMDs for accessibility","accessibleSystem":"Ballot Marking Devices for all voters","absenteeSystem":"Hand-Fed Optical Scanners","pollBookSystem":"Commercial Electronic Poll Book","tabulation":"Optical Scan","equipmentCodeMatched":true,"sourceDocumentId":"verified-voting-verifier-ks-2024-equipment","sourceUrl":"https://verifiedvoting.org/verifier/#mode/navigate/map/voteEquip/mapType/ppEquip/year/2024/state/20"}},{"type":"Feature","bbox":[-95.065856933594,38.388671875,-94.609497070312,38.738586425781],"geometry":{"type":"Polygon","coordinates":[[[-94.964294433594,38.738586425781],[-94.609497070312,38.738128662109],[-94.611877441406,38.620513916016],[-94.613220214844,38.388671875],[-94.757263183594,38.389038085938],[-94.825500488281,38.388793945312],[-94.954833984375,38.389038085938],[-95.01025390625,38.389587402344],[-95.065856933594,38.389953613281],[-95.065246582031,38.447662353516],[-95.065612792969,38.516326904297],[-95.065063476562,38.554138183594],[-95.065063476562,38.637237548828],[-95.065734863281,38.694854736328],[-95.056640625,38.694854736328],[-95.056396484375,38.738464355469],[-94.964294433594,38.738586425781]]]},"properties":{"_isDeleted":false,"AREA":"1.58004529847970E-01","PERIMETER":"1.60675625224656E+00","CO20_D00_":"51","CO20_D00_I":"50","STATE":"20","COUNTY":"121","NAME":"Miami","LSAD":"06","LSAD_TRANS":"County","CODE":"drev","CODE_ACC":"dren","CODE_ABS":"dren","CODE_EV":"drev","equipmentGroupLabel":"ES&S - ES&S ExpressVote Tabulator +","equipmentSystemName":"ES&S ExpressVote Tabulator +","equipmentType":"BMD/Tabulator","equipmentVendor":"ES&S","jurisdictionCode":"KS-121","jurisdictionName":"Miami County","sourceGranularity":"county","standardSystem":"Ballot Marking Device/Tabulators for all voters","accessibleSystem":"Ballot Marking Device/Tabulators for all voters","absenteeSystem":"Hand-Fed Optical Scanners","pollBookSystem":"In-House Electronic Poll Book","tabulation":"BMD/Tabulator","equipmentCodeMatched":true,"sourceDocumentId":"verified-voting-verifier-ks-2024-equipment","sourceUrl":"https://verifiedvoting.org/verifier/#mode/navigate/map/voteEquip/mapType/ppEquip/year/2024/state/20"}},{"type":"Feature","bbox":[-101.56756591797,38.263092041016,-101.12542724609,38.701232910156],"geometry":{"type":"Polygon","coordinates":[[[-101.26196289062,38.701232910156],[-101.12829589844,38.700561523438],[-101.12762451172,38.409637451172],[-101.12542724609,38.264465332031],[-101.54229736328,38.263214111328],[-101.56744384766,38.263092041016],[-101.56713867188,38.466674804688],[-101.56756591797,38.553558349609],[-101.56713867188,38.596832275391],[-101.56744384766,38.699523925781],[-101.48455810547,38.699981689453],[-101.37152099609,38.700897216797],[-101.26196289062,38.701232910156]]]},"properties":{"_isDeleted":false,"AREA":"1.92153187865506E-01","PERIMETER":"1.75378147467801E+00","CO20_D00_":"52","CO20_D00_I":"51","STATE":"20","COUNTY":"203","NAME":"Wichita","LSAD":"06","LSAD_TRANS":"County","CODE":"pbvs","CODE_ACC":"bmds","CODE_ABS":"bmds","CODE_EV":"pbvs","equipmentGroupLabel":"ES&S - ES&S ExpressVote +","equipmentSystemName":"ES&S ExpressVote +","equipmentType":"Optical Scan","equipmentVendor":"ES&S","jurisdictionCode":"KS-203","jurisdictionName":"Wichita County","sourceGranularity":"county","standardSystem":"Hand marked paper ballots, BMDs for accessibility","accessibleSystem":"Ballot Marking Devices for all voters","absenteeSystem":"Hand-Fed Optical Scanners","pollBookSystem":"Commercial Electronic Poll Book","tabulation":"Optical Scan","equipmentCodeMatched":true,"sourceDocumentId":"verified-voting-verifier-ks-2024-equipment","sourceUrl":"https://verifiedvoting.org/verifier/#mode/navigate/map/voteEquip/mapType/ppEquip/year/2024/state/20"}},{"type":"Feature","bbox":[-101.12829589844,38.264221191406,-100.68444824219,38.700561523438],"geometry":{"type":"Polygon","coordinates":[[[-101.12829589844,38.700561523438],[-100.94317626953,38.698944091797],[-100.81872558594,38.699859619141],[-100.68798828125,38.699981689453],[-100.68585205078,38.409759521484],[-100.68444824219,38.292572021484],[-100.68469238281,38.264221191406],[-100.88385009766,38.26513671875],[-101.10327148438,38.264465332031],[-101.12542724609,38.264465332031],[-101.12762451172,38.409637451172],[-101.12829589844,38.700561523438]]]},"properties":{"_isDeleted":false,"AREA":"1.91905942254495E-01","PERIMETER":"1.75309155767832E+00","CO20_D00_":"53","CO20_D00_I":"52","STATE":"20","COUNTY":"171","NAME":"Scott","LSAD":"06","LSAD_TRANS":"County","CODE":"pbvs","CODE_ACC":"bmds","CODE_ABS":"bmds","CODE_EV":"pbvs","equipmentGroupLabel":"ES&S - ES&S ExpressVote +","equipmentSystemName":"ES&S ExpressVote +","equipmentType":"Optical Scan","equipmentVendor":"ES&S","jurisdictionCode":"KS-171","jurisdictionName":"Scott County","sourceGranularity":"county","standardSystem":"Hand marked paper ballots, BMDs for accessibility","accessibleSystem":"Ballot Marking Devices for all voters","absenteeSystem":"Hand-Fed Optical Scanners","pollBookSystem":"Commercial Electronic Poll Book","tabulation":"Optical Scan","equipmentCodeMatched":true,"sourceDocumentId":"verified-voting-verifier-ks-2024-equipment","sourceUrl":"https://verifiedvoting.org/verifier/#mode/navigate/map/voteEquip/mapType/ppEquip/year/2024/state/20"}},{"type":"Feature","bbox":[-100.68798828125,38.262298583984,-100.24438476562,38.700103759766],"geometry":{"type":"Polygon","coordinates":[[[-100.58312988281,38.700103759766],[-100.42724609375,38.699768066406],[-100.24713134766,38.698150634766],[-100.24884033203,38.632019042969],[-100.24755859375,38.567779541016],[-100.24700927734,38.478179931641],[-100.24438476562,38.322998046875],[-100.24438476562,38.262298583984],[-100.39947509766,38.262756347656],[-100.53790283203,38.263793945312],[-100.68469238281,38.264221191406],[-100.68444824219,38.292572021484],[-100.68585205078,38.409759521484],[-100.68798828125,38.699981689453],[-100.58312988281,38.700103759766]]]},"properties":{"_isDeleted":false,"AREA":"1.91841320891001E-01","PERIMETER":"1.75285138953443E+00","CO20_D00_":"54","CO20_D00_I":"53","STATE":"20","COUNTY":"101","NAME":"Lane","LSAD":"06","LSAD_TRANS":"County","CODE":"pbvs","CODE_ACC":"bmds","CODE_ABS":"bmds","CODE_EV":"pbvs","equipmentGroupLabel":"ES&S - ES&S ExpressVote +","equipmentSystemName":"ES&S ExpressVote +","equipmentType":"Optical Scan","equipmentVendor":"ES&S","jurisdictionCode":"KS-101","jurisdictionName":"Lane County","sourceGranularity":"county","standardSystem":"Hand marked paper ballots, BMDs for accessibility","accessibleSystem":"Ballot Marking Devices for all voters","absenteeSystem":"Hand-Fed Optical Scanners","pollBookSystem":"Commercial Electronic Poll Book","tabulation":"Optical Scan","equipmentCodeMatched":true,"sourceDocumentId":"verified-voting-verifier-ks-2024-equipment","sourceUrl":"https://verifiedvoting.org/verifier/#mode/navigate/map/voteEquip/mapType/ppEquip/year/2024/state/20"}},{"type":"Feature","bbox":[-102.04534912109,38.262420654297,-101.56713867188,38.699523925781],"geometry":{"type":"Polygon","coordinates":[[[-101.56744384766,38.699523925781],[-101.56713867188,38.596832275391],[-101.56756591797,38.553558349609],[-101.56713867188,38.466674804688],[-101.56744384766,38.263092041016],[-101.77160644531,38.262420654297],[-102.04443359375,38.262420654297],[-102.04486083984,38.384368896484],[-102.04443359375,38.415771484375],[-102.04534912109,38.453582763672],[-102.04522705078,38.697601318359],[-101.81787109375,38.697814941406],[-101.70751953125,38.698394775391],[-101.56744384766,38.699523925781]]]},"properties":{"_isDeleted":false,"AREA":"2.08095414828227E-01","PERIMETER":"1.82634265683294E+00","CO20_D00_":"55","CO20_D00_I":"54","STATE":"20","COUNTY":"071","NAME":"Greeley","LSAD":"06","LSAD_TRANS":"County","CODE":"mpdn","CODE_ACC":"dren","CODE_ABS":"dren","CODE_EV":"mpdn","equipmentGroupLabel":"Unisyn - Unisyn OpenElect FVT +","equipmentSystemName":"Unisyn OpenElect FVT +","equipmentType":"Optical Scan","equipmentVendor":"Unisyn","jurisdictionCode":"KS-071","jurisdictionName":"Greeley County","sourceGranularity":"county","standardSystem":"Hand marked paper ballots, BMDs for accessibility","accessibleSystem":"Ballot Marking Devices for all voters","absenteeSystem":"Hand-Fed Optical Scanners","pollBookSystem":"Commercial Electronic Poll Book","tabulation":"Optical Scan","equipmentCodeMatched":true,"sourceDocumentId":"verified-voting-verifier-ks-2024-equipment","sourceUrl":"https://verifiedvoting.org/verifier/#mode/navigate/map/voteEquip/mapType/ppEquip/year/2024/state/20"}},{"type":"Feature","bbox":[-100.24884033203,38.261505126953,-99.584228515625,38.698150634766],"geometry":{"type":"Polygon","coordinates":[[[-100.24713134766,38.698150634766],[-100.15399169922,38.697265625],[-100.04547119141,38.696350097656],[-99.806274414062,38.696685791016],[-99.789733886719,38.696899414062],[-99.598449707031,38.696441650391],[-99.585021972656,38.696441650391],[-99.586486816406,38.623016357422],[-99.586486816406,38.502655029297],[-99.585327148438,38.436492919922],[-99.584777832031,38.349395751953],[-99.584228515625,38.262176513672],[-99.886840820312,38.261505126953],[-100.00994873047,38.261505126953],[-100.22705078125,38.262176513672],[-100.24438476562,38.262298583984],[-100.24438476562,38.322998046875],[-100.24700927734,38.478179931641],[-100.24755859375,38.567779541016],[-100.24884033203,38.632019042969],[-100.24713134766,38.698150634766]]]},"properties":{"_isDeleted":false,"AREA":"2.87460726267498E-01","PERIMETER":"2.19263818861350E+00","CO20_D00_":"56","CO20_D00_I":"55","STATE":"20","COUNTY":"135","NAME":"Ness","LSAD":"06","LSAD_TRANS":"County","CODE":"pbvs","CODE_ACC":"bmds","CODE_ABS":"bmds","CODE_EV":"pbvs","equipmentGroupLabel":"ES&S - ES&S ExpressVote +","equipmentSystemName":"ES&S ExpressVote +","equipmentType":"Optical Scan","equipmentVendor":"ES&S","jurisdictionCode":"KS-135","jurisdictionName":"Ness County","sourceGranularity":"county","standardSystem":"Hand marked paper ballots, BMDs for accessibility","accessibleSystem":"Ballot Marking Devices for all voters","absenteeSystem":"Hand-Fed Optical Scanners","pollBookSystem":"Commercial Electronic Poll Book","tabulation":"Optical Scan","equipmentCodeMatched":true,"sourceDocumentId":"verified-voting-verifier-ks-2024-equipment","sourceUrl":"https://verifiedvoting.org/verifier/#mode/navigate/map/voteEquip/mapType/ppEquip/year/2024/state/20"}},{"type":"Feature","bbox":[-99.586486816406,38.348388671875,-99.032348632812,38.697265625],"geometry":{"type":"Polygon","coordinates":[[[-99.042602539062,38.696899414062],[-99.032775878906,38.696807861328],[-99.032897949219,38.609344482422],[-99.032653808594,38.435028076172],[-99.033264160156,38.423522949219],[-99.032348632812,38.348388671875],[-99.124206542969,38.348480224609],[-99.252990722656,38.350646972656],[-99.36181640625,38.349517822266],[-99.584777832031,38.349395751953],[-99.585327148438,38.436492919922],[-99.586486816406,38.502655029297],[-99.586486816406,38.623016357422],[-99.585021972656,38.696441650391],[-99.154479980469,38.697265625],[-99.042602539062,38.696899414062]]]},"properties":{"_isDeleted":false,"AREA":"1.92212018541496E-01","PERIMETER":"1.80042494587852E+00","CO20_D00_":"57","CO20_D00_I":"56","STATE":"20","COUNTY":"165","NAME":"Rush","LSAD":"06","LSAD_TRANS":"County","CODE":"pbvs","CODE_ACC":"bmds","CODE_ABS":"bmds","CODE_EV":"pbvs","equipmentGroupLabel":"ES&S - ES&S ExpressVote +","equipmentSystemName":"ES&S ExpressVote +","equipmentType":"Optical Scan","equipmentVendor":"ES&S","jurisdictionCode":"KS-165","jurisdictionName":"Rush County","sourceGranularity":"county","standardSystem":"Hand marked paper ballots, BMDs for accessibility","accessibleSystem":"Ballot Marking Devices for all voters","absenteeSystem":"Hand-Fed Optical Scanners","pollBookSystem":"Commercial Electronic Poll Book","tabulation":"Optical Scan","equipmentCodeMatched":true,"sourceDocumentId":"verified-voting-verifier-ks-2024-equipment","sourceUrl":"https://verifiedvoting.org/verifier/#mode/navigate/map/voteEquip/mapType/ppEquip/year/2024/state/20"}},{"type":"Feature","bbox":[-99.033264160156,38.260833740234,-98.479736328125,38.696899414062],"geometry":{"type":"Polygon","coordinates":[[[-98.812377929688,38.696899414062],[-98.72021484375,38.696807861328],[-98.486145019531,38.696899414062],[-98.480102539062,38.696899414062],[-98.47998046875,38.621185302734],[-98.48046875,38.521789550781],[-98.480651855469,38.399383544922],[-98.479736328125,38.260833740234],[-98.54296875,38.261260986328],[-98.708190917969,38.260833740234],[-98.802917480469,38.261047363281],[-98.912536621094,38.261047363281],[-99.032470703125,38.261169433594],[-99.032348632812,38.348388671875],[-99.033264160156,38.423522949219],[-99.032653808594,38.435028076172],[-99.032897949219,38.609344482422],[-99.032775878906,38.696807861328],[-98.812377929688,38.696899414062]]]},"properties":{"_isDeleted":false,"AREA":"2.40777972861507E-01","PERIMETER":"1.97710897443169E+00","CO20_D00_":"58","CO20_D00_I":"57","STATE":"20","COUNTY":"009","NAME":"Barton","LSAD":"06","LSAD_TRANS":"County","CODE":"dren","CODE_ACC":"dren","CODE_ABS":"dren","CODE_EV":"dren","equipmentGroupLabel":"ES&S - ES&S ExpressVote +","equipmentSystemName":"ES&S ExpressVote +","equipmentType":"Optical Scan","equipmentVendor":"ES&S","jurisdictionCode":"KS-009","jurisdictionName":"Barton County","sourceGranularity":"county","standardSystem":"Hand marked paper ballots, BMDs for accessibility","accessibleSystem":"Ballot Marking Devices for all voters","absenteeSystem":"Hand-Fed Optical Scanners","pollBookSystem":"Commercial Electronic Poll Book","tabulation":"Optical Scan","equipmentCodeMatched":true,"sourceDocumentId":"verified-voting-verifier-ks-2024-equipment","sourceUrl":"https://verifiedvoting.org/verifier/#mode/navigate/map/voteEquip/mapType/ppEquip/year/2024/state/20"}},{"type":"Feature","bbox":[-97.925354003906,38.173492431641,-97.371337890625,38.609924316406],"geometry":{"type":"Polygon","coordinates":[[[-97.924560546875,38.609924316406],[-97.603271484375,38.60888671875],[-97.488952636719,38.609344482422],[-97.372009277344,38.609344482422],[-97.372009277344,38.522125244141],[-97.371337890625,38.260711669922],[-97.371765136719,38.173492431641],[-97.595520019531,38.173950195312],[-97.702087402344,38.173614501953],[-97.922424316406,38.173706054688],[-97.922424316406,38.26025390625],[-97.925354003906,38.260375976562],[-97.92431640625,38.347808837891],[-97.924682617188,38.460540771484],[-97.924255371094,38.522705078125],[-97.924560546875,38.609924316406]]]},"properties":{"_isDeleted":false,"AREA":"2.40690740823008E-01","PERIMETER":"1.97841155342984E+00","CO20_D00_":"59","CO20_D00_I":"58","STATE":"20","COUNTY":"113","NAME":"McPherson","LSAD":"06","LSAD_TRANS":"County","CODE":"pbvs","CODE_ACC":"bmds","CODE_ABS":"bmds","CODE_EV":"pbvs","equipmentGroupLabel":"ES&S - ES&S ExpressVote +","equipmentSystemName":"ES&S ExpressVote +","equipmentType":"Optical Scan","equipmentVendor":"ES&S","jurisdictionCode":"KS-113","jurisdictionName":"McPherson County","sourceGranularity":"county","standardSystem":"Hand marked paper ballots, BMDs for accessibility","accessibleSystem":"Ballot Marking Devices for all voters","absenteeSystem":"Batch-Fed Optical Scanners","pollBookSystem":"Paper Poll Book","tabulation":"Optical Scan","equipmentCodeMatched":true,"sourceDocumentId":"verified-voting-verifier-ks-2024-equipment","sourceUrl":"https://verifiedvoting.org/verifier/#mode/navigate/map/voteEquip/mapType/ppEquip/year/2024/state/20"}},{"type":"Feature","bbox":[-97.372009277344,38.085479736328,-96.819458007812,38.609344482422],"geometry":{"type":"Polygon","coordinates":[[[-97.260986328125,38.609222412109],[-97.156555175781,38.609344482422],[-97.040649414062,38.608795166016],[-96.930236816406,38.609344482422],[-96.929992675781,38.5224609375],[-96.819641113281,38.5224609375],[-96.819458007812,38.348480224609],[-96.837890625,38.348602294922],[-96.838012695312,38.261383056641],[-96.840942382812,38.261383056641],[-96.841186523438,38.201599121094],[-96.840515136719,38.150726318359],[-96.840942382812,38.085479736328],[-96.932373046875,38.085571289062],[-97.111389160156,38.087188720703],[-97.153015136719,38.087646484375],[-97.153747558594,38.160064697266],[-97.15283203125,38.174865722656],[-97.263366699219,38.174743652344],[-97.371765136719,38.173492431641],[-97.371337890625,38.260711669922],[-97.372009277344,38.522125244141],[-97.372009277344,38.609344482422],[-97.260986328125,38.609222412109]]]},"properties":{"_isDeleted":false,"AREA":"2.54556025857008E-01","PERIMETER":"2.15160802356592E+00","CO20_D00_":"60","CO20_D00_I":"59","STATE":"20","COUNTY":"115","NAME":"Marion","LSAD":"06","LSAD_TRANS":"County","CODE":"pbvs","CODE_ACC":"bmds","CODE_ABS":"bmds","CODE_EV":"pbvs","equipmentGroupLabel":"ES&S - ES&S ExpressVote +","equipmentSystemName":"ES&S ExpressVote +","equipmentType":"Optical Scan","equipmentVendor":"ES&S","jurisdictionCode":"KS-115","jurisdictionName":"Marion County","sourceGranularity":"county","standardSystem":"Hand marked paper ballots, BMDs for accessibility","accessibleSystem":"Ballot Marking Devices for all voters","absenteeSystem":"Batch-Fed Optical Scanners","pollBookSystem":"Commercial Electronic Poll Book","tabulation":"Optical Scan","equipmentCodeMatched":true,"sourceDocumentId":"verified-voting-verifier-ks-2024-equipment","sourceUrl":"https://verifiedvoting.org/verifier/#mode/navigate/map/voteEquip/mapType/ppEquip/year/2024/state/20"}},{"type":"Feature","bbox":[-98.480651855469,38.15869140625,-97.922424316406,38.522705078125],"geometry":{"type":"Polygon","coordinates":[[[-98.016784667969,38.522247314453],[-97.924255371094,38.522705078125],[-97.924682617188,38.460540771484],[-97.92431640625,38.347808837891],[-97.925354003906,38.260375976562],[-97.922424316406,38.26025390625],[-97.922424316406,38.173706054688],[-97.9296875,38.173706054688],[-97.968872070312,38.173156738281],[-98.142272949219,38.173828125],[-98.142150878906,38.159484863281],[-98.2158203125,38.15869140625],[-98.216064453125,38.173492431641],[-98.362243652344,38.173614501953],[-98.472717285156,38.172576904297],[-98.472351074219,38.260711669922],[-98.479736328125,38.260833740234],[-98.480651855469,38.399383544922],[-98.48046875,38.521789550781],[-98.256958007812,38.522247314453],[-98.016784667969,38.522247314453]]]},"properties":{"_isDeleted":false,"AREA":"1.94401103102993E-01","PERIMETER":"1.84407444763598E+00","CO20_D00_":"61","CO20_D00_I":"60","STATE":"20","COUNTY":"159","NAME":"Rice","LSAD":"06","LSAD_TRANS":"County","CODE":"dren","CODE_ACC":"dren","CODE_ABS":"dren","CODE_EV":"dren","equipmentGroupLabel":"Dominion - Dominion ImageCast X BMD +","equipmentSystemName":"Dominion ImageCast X BMD +","equipmentType":"Optical Scan","equipmentVendor":"Dominion","jurisdictionCode":"KS-159","jurisdictionName":"Rice County","sourceGranularity":"county","standardSystem":"Hand marked paper ballots, BMDs for accessibility","accessibleSystem":"Ballot Marking Devices for all voters","absenteeSystem":"Batch-Fed Optical Scanners","pollBookSystem":"Commercial Electronic Poll Book","tabulation":"Optical Scan","equipmentCodeMatched":true,"sourceDocumentId":"verified-voting-verifier-ks-2024-equipment","sourceUrl":"https://verifiedvoting.org/verifier/#mode/navigate/map/voteEquip/mapType/ppEquip/year/2024/state/20"}},{"type":"Feature","bbox":[-96.841186523438,38.085479736328,-96.353759765625,38.5224609375],"geometry":{"type":"Polygon","coordinates":[[[-96.819641113281,38.5224609375],[-96.685424804688,38.521911621094],[-96.353759765625,38.521667480469],[-96.35546875,38.260375976562],[-96.356140136719,38.260375976562],[-96.357238769531,38.172698974609],[-96.358032226562,38.085815429688],[-96.522705078125,38.086395263672],[-96.644165039062,38.086395263672],[-96.840942382812,38.085479736328],[-96.840515136719,38.150726318359],[-96.841186523438,38.201599121094],[-96.840942382812,38.261383056641],[-96.838012695312,38.261383056641],[-96.837890625,38.348602294922],[-96.819458007812,38.348480224609],[-96.819641113281,38.5224609375]]]},"properties":{"_isDeleted":false,"AREA":"2.07540159380001E-01","PERIMETER":"1.84391920568998E+00","CO20_D00_":"62","CO20_D00_I":"61","STATE":"20","COUNTY":"017","NAME":"Chase","LSAD":"06","LSAD_TRANS":"County","CODE":"pbvs","CODE_ACC":"bmds","CODE_ABS":"bmds","CODE_EV":"pbvs","equipmentGroupLabel":"Unisyn - Unisyn OpenElect FVT +","equipmentSystemName":"Unisyn OpenElect FVT +","equipmentType":"Optical Scan","equipmentVendor":"Unisyn","jurisdictionCode":"KS-017","jurisdictionName":"Chase County","sourceGranularity":"county","standardSystem":"Hand marked paper ballots, BMDs for accessibility","accessibleSystem":"Ballot Marking Devices for all voters","absenteeSystem":"Hand-Fed Optical Scanners","pollBookSystem":"Commercial Electronic Poll Book","tabulation":"Optical Scan","equipmentCodeMatched":true,"sourceDocumentId":"verified-voting-verifier-ks-2024-equipment","sourceUrl":"https://verifiedvoting.org/verifier/#mode/navigate/map/voteEquip/mapType/ppEquip/year/2024/state/20"}},{"type":"Feature","bbox":[-95.959289550781,38.038208007812,-95.507385253906,38.4345703125],"geometry":{"type":"Polygon","coordinates":[[[-95.655639648438,38.4345703125],[-95.508178710938,38.434356689453],[-95.508178710938,38.390380859375],[-95.507385253906,38.259216308594],[-95.516845703125,38.259216308594],[-95.519226074219,38.038208007812],[-95.565002441406,38.038208007812],[-95.64697265625,38.039245605469],[-95.738891601562,38.039245605469],[-95.812194824219,38.039825439453],[-95.959289550781,38.040374755859],[-95.959106445312,38.171081542969],[-95.95849609375,38.260009765625],[-95.949951171875,38.260009765625],[-95.950805664062,38.376281738281],[-95.950317382812,38.434356689453],[-95.844177246094,38.433990478516],[-95.655639648438,38.4345703125]]]},"properties":{"_isDeleted":false,"AREA":"1.74460974142997E-01","PERIMETER":"1.69025053087211E+00","CO20_D00_":"63","CO20_D00_I":"62","STATE":"20","COUNTY":"031","NAME":"Coffey","LSAD":"06","LSAD_TRANS":"County","CODE":"drev","CODE_ACC":"drev","CODE_ABS":"drev","CODE_EV":"drev","equipmentGroupLabel":"ES&S - ES&S ExpressVote Tabulator +","equipmentSystemName":"ES&S ExpressVote Tabulator +","equipmentType":"BMD/Tabulator","equipmentVendor":"ES&S","jurisdictionCode":"KS-031","jurisdictionName":"Coffey County","sourceGranularity":"county","standardSystem":"Ballot Marking Device/Tabulators for all voters","accessibleSystem":"Ballot Marking Device/Tabulators for all voters","absenteeSystem":"Hand-Fed Optical Scanners","pollBookSystem":"Commercial Electronic Poll Book","tabulation":"BMD/Tabulator","equipmentCodeMatched":true,"sourceDocumentId":"verified-voting-verifier-ks-2024-equipment","sourceUrl":"https://verifiedvoting.org/verifier/#mode/navigate/map/voteEquip/mapType/ppEquip/year/2024/state/20"}},{"type":"Feature","bbox":[-95.519226074219,38.037658691406,-95.064819335938,38.390625],"geometry":{"type":"Polygon","coordinates":[[[-95.233764648438,38.390502929688],[-95.065856933594,38.389953613281],[-95.064819335938,38.309326171875],[-95.065063476562,38.258758544922],[-95.075378417969,38.258758544922],[-95.076782226562,38.182708740234],[-95.076782226562,38.095733642578],[-95.077697753906,38.037658691406],[-95.198181152344,38.037658691406],[-95.3798828125,38.03857421875],[-95.463562011719,38.038208007812],[-95.519226074219,38.038208007812],[-95.516845703125,38.259216308594],[-95.507385253906,38.259216308594],[-95.508178710938,38.390380859375],[-95.48974609375,38.390625],[-95.303955078125,38.390289306641],[-95.233764648438,38.390502929688]]]},"properties":{"_isDeleted":false,"AREA":"1.55670556609994E-01","PERIMETER":"1.60820386081229E+00","CO20_D00_":"64","CO20_D00_I":"63","STATE":"20","COUNTY":"003","NAME":"Anderson","LSAD":"06","LSAD_TRANS":"County","CODE":"mpdn","CODE_ACC":"dren","CODE_ABS":"dren","CODE_EV":"mpdn","equipmentGroupLabel":"Unisyn - Unisyn OpenElect FVT + Unisyn OpenElect OVI-VC +","equipmentSystemName":"Unisyn OpenElect FVT + Unisyn OpenElect OVI-VC +","equipmentType":"Optical Scan","equipmentVendor":"Unisyn","jurisdictionCode":"KS-003","jurisdictionName":"Anderson County","sourceGranularity":"county","standardSystem":"Hand marked paper ballots, BMDs for accessibility","accessibleSystem":"Ballot Marking Devices for all voters","absenteeSystem":"Hand-Fed Optical Scanners","pollBookSystem":"Commercial Electronic Poll Book","tabulation":"Optical Scan","equipmentCodeMatched":true,"sourceDocumentId":"verified-voting-verifier-ks-2024-equipment","sourceUrl":"https://verifiedvoting.org/verifier/#mode/navigate/map/voteEquip/mapType/ppEquip/year/2024/state/20"}},{"type":"Feature","bbox":[-95.077697753906,38.036956787109,-94.612670898438,38.389953613281],"geometry":{"type":"Polygon","coordinates":[[[-95.01025390625,38.389587402344],[-94.954833984375,38.389038085938],[-94.825500488281,38.388793945312],[-94.757263183594,38.389038085938],[-94.613220214844,38.388671875],[-94.612670898438,38.314788818359],[-94.612670898438,38.217651367188],[-94.613830566406,38.149810791016],[-94.613952636719,38.036956787109],[-94.731994628906,38.037414550781],[-94.933166503906,38.037078857422],[-95.077697753906,38.037658691406],[-95.076782226562,38.095733642578],[-95.076782226562,38.182708740234],[-95.075378417969,38.258758544922],[-95.065063476562,38.258758544922],[-95.064819335938,38.309326171875],[-95.065856933594,38.389953613281],[-95.01025390625,38.389587402344]]]},"properties":{"_isDeleted":false,"AREA":"1.61533346203419E-01","PERIMETER":"1.63080932997419E+00","CO20_D00_":"65","CO20_D00_I":"64","STATE":"20","COUNTY":"107","NAME":"Linn","LSAD":"06","LSAD_TRANS":"County","CODE":"pbvs","CODE_ACC":"bmds","CODE_ABS":"bmds","CODE_EV":"pbvs","equipmentGroupLabel":"ES&S - ES&S ExpressVote +","equipmentSystemName":"ES&S ExpressVote +","equipmentType":"Optical Scan","equipmentVendor":"ES&S","jurisdictionCode":"KS-107","jurisdictionName":"Linn County","sourceGranularity":"county","standardSystem":"Hand marked paper ballots, BMDs for accessibility","accessibleSystem":"Ballot Marking Devices for all voters","absenteeSystem":"Hand-Fed Optical Scanners","pollBookSystem":"Commercial Electronic Poll Book","tabulation":"Optical Scan","equipmentCodeMatched":true,"sourceDocumentId":"verified-voting-verifier-ks-2024-equipment","sourceUrl":"https://verifiedvoting.org/verifier/#mode/navigate/map/voteEquip/mapType/ppEquip/year/2024/state/20"}},{"type":"Feature","bbox":[-99.584777832031,37.999633789062,-98.912414550781,38.350646972656],"geometry":{"type":"Polygon","coordinates":[[[-99.36181640625,38.349517822266],[-99.252990722656,38.350646972656],[-99.124206542969,38.348480224609],[-99.032348632812,38.348388671875],[-99.032470703125,38.261169433594],[-98.912536621094,38.261047363281],[-98.912414550781,38.174407958984],[-98.913208007812,38.000518798828],[-99.022216796875,38.000427246094],[-99.132080078125,37.999633789062],[-99.223266601562,37.999633789062],[-99.350219726562,38.000762939453],[-99.350219726562,38.087524414062],[-99.459899902344,38.088104248047],[-99.569519042969,38.08740234375],[-99.570556640625,38.262176513672],[-99.579528808594,38.262176513672],[-99.584228515625,38.262176513672],[-99.584777832031,38.349395751953],[-99.36181640625,38.349517822266]]]},"properties":{"_isDeleted":false,"AREA":"2.00972802275503E-01","PERIMETER":"2.04663925842581E+00","CO20_D00_":"66","CO20_D00_I":"65","STATE":"20","COUNTY":"145","NAME":"Pawnee","LSAD":"06","LSAD_TRANS":"County","CODE":"pbvs","CODE_ACC":"bmds","CODE_ABS":"bmds","CODE_EV":"pbvs","equipmentGroupLabel":"ES&S - ES&S AutoMARK +","equipmentSystemName":"ES&S AutoMARK +","equipmentType":"Optical Scan","equipmentVendor":"ES&S","jurisdictionCode":"KS-145","jurisdictionName":"Pawnee County","sourceGranularity":"county","standardSystem":"Hand marked paper ballots, BMDs for accessibility","accessibleSystem":"Ballot Marking Devices for all voters","absenteeSystem":"Batch-Fed Optical Scanners","pollBookSystem":"Paper Poll Book","tabulation":"Optical Scan","equipmentCodeMatched":true,"sourceDocumentId":"verified-voting-verifier-ks-2024-equipment","sourceUrl":"https://verifiedvoting.org/verifier/#mode/navigate/map/voteEquip/mapType/ppEquip/year/2024/state/20"}},{"type":"Feature","bbox":[-101.10382080078,37.736267089844,-100.22534179688,38.26513671875],"geometry":{"type":"Polygon","coordinates":[[[-100.88385009766,38.26513671875],[-100.68469238281,38.264221191406],[-100.53790283203,38.263793945312],[-100.39947509766,38.262756347656],[-100.24438476562,38.262298583984],[-100.22705078125,38.262176513672],[-100.22570800781,38.151397705078],[-100.22534179688,38.088195800781],[-100.22662353516,38.0009765625],[-100.31500244141,38.001342773438],[-100.44537353516,38.000762939453],[-100.66418457031,38.002593994141],[-100.66510009766,37.829071044922],[-100.65155029297,37.828704833984],[-100.65222167969,37.736267089844],[-100.7978515625,37.736724853516],[-100.94384765625,37.73681640625],[-101.08972167969,37.736480712891],[-101.08972167969,37.828826904297],[-101.10382080078,37.828826904297],[-101.10278320312,37.930633544922],[-101.10235595703,38.090362548828],[-101.10290527344,38.155029296875],[-101.10327148438,38.264465332031],[-100.88385009766,38.26513671875]]]},"properties":{"_isDeleted":false,"AREA":"3.46265660597998E-01","PERIMETER":"2.83427893037767E+00","CO20_D00_":"67","CO20_D00_I":"66","STATE":"20","COUNTY":"055","NAME":"Finney","LSAD":"06","LSAD_TRANS":"County","CODE":"pbvs","CODE_ACC":"bmds","CODE_ABS":"bmds","CODE_EV":"pbvs","equipmentGroupLabel":"ES&S - ES&S ExpressVote +","equipmentSystemName":"ES&S ExpressVote +","equipmentType":"Optical Scan","equipmentVendor":"ES&S","jurisdictionCode":"KS-055","jurisdictionName":"Finney County","sourceGranularity":"county","standardSystem":"Hand marked paper ballots, BMDs for accessibility","accessibleSystem":"Ballot Marking Devices for all voters","absenteeSystem":"Hand-Fed Optical Scanners","pollBookSystem":"Commercial Electronic Poll Book","tabulation":"Optical Scan","equipmentCodeMatched":true,"sourceDocumentId":"verified-voting-verifier-ks-2024-equipment","sourceUrl":"https://verifiedvoting.org/verifier/#mode/navigate/map/voteEquip/mapType/ppEquip/year/2024/state/20"}},{"type":"Feature","bbox":[-101.54272460938,37.736022949219,-101.08972167969,38.264465332031],"geometry":{"type":"Polygon","coordinates":[[[-101.12542724609,38.264465332031],[-101.10327148438,38.264465332031],[-101.10290527344,38.155029296875],[-101.10235595703,38.090362548828],[-101.10278320312,37.930633544922],[-101.10382080078,37.828826904297],[-101.08972167969,37.828826904297],[-101.08972167969,37.736480712891],[-101.17248535156,37.736358642578],[-101.29022216797,37.736022949219],[-101.52716064453,37.736145019531],[-101.52728271484,37.827697753906],[-101.54272460938,37.827575683594],[-101.54187011719,37.914581298828],[-101.54125976562,38.075012207031],[-101.54229736328,38.263214111328],[-101.12542724609,38.264465332031]]]},"properties":{"_isDeleted":false,"AREA":"2.31515772390509E-01","PERIMETER":"1.96129020922012E+00","CO20_D00_":"68","CO20_D00_I":"67","STATE":"20","COUNTY":"093","NAME":"Kearny","LSAD":"06","LSAD_TRANS":"County","CODE":"mpdn","CODE_ACC":"dren","CODE_ABS":"dren","CODE_EV":"mpdn","equipmentGroupLabel":"Dominion - Dominion ImageCast X BMD +","equipmentSystemName":"Dominion ImageCast X BMD +","equipmentType":"Optical Scan","equipmentVendor":"Dominion","jurisdictionCode":"KS-093","jurisdictionName":"Kearny County","sourceGranularity":"county","standardSystem":"Hand marked paper ballots, BMDs for accessibility","accessibleSystem":"Ballot Marking Devices for all voters","absenteeSystem":"Hand-Fed Optical Scanners","pollBookSystem":"Commercial Electronic Poll Book","tabulation":"Optical Scan","equipmentCodeMatched":true,"sourceDocumentId":"verified-voting-verifier-ks-2024-equipment","sourceUrl":"https://verifiedvoting.org/verifier/#mode/navigate/map/voteEquip/mapType/ppEquip/year/2024/state/20"}},{"type":"Feature","bbox":[-102.04467773438,37.736145019531,-101.52716064453,38.263214111328],"geometry":{"type":"Polygon","coordinates":[[[-101.56744384766,38.263092041016],[-101.54229736328,38.263214111328],[-101.54125976562,38.075012207031],[-101.54187011719,37.914581298828],[-101.54272460938,37.827575683594],[-101.52728271484,37.827697753906],[-101.52716064453,37.736145019531],[-101.65093994141,37.736724853516],[-101.72711181641,37.736724853516],[-101.85211181641,37.737976074219],[-102.04193115234,37.738525390625],[-102.04296875,37.803558349609],[-102.04467773438,38.045501708984],[-102.04418945312,38.113037109375],[-102.04443359375,38.262420654297],[-101.77160644531,38.262420654297],[-101.56744384766,38.263092041016]]]},"properties":{"_isDeleted":false,"AREA":"2.64992431640322E-01","PERIMETER":"2.08338132596488E+00","CO20_D00_":"69","CO20_D00_I":"68","STATE":"20","COUNTY":"075","NAME":"Hamilton","LSAD":"06","LSAD_TRANS":"County","CODE":"mpdn","CODE_ACC":"dren","CODE_ABS":"dren","CODE_EV":"mpdn","equipmentGroupLabel":"Dominion - Dominion ImageCast X BMD +","equipmentSystemName":"Dominion ImageCast X BMD +","equipmentType":"Optical Scan","equipmentVendor":"Dominion","jurisdictionCode":"KS-075","jurisdictionName":"Hamilton County","sourceGranularity":"county","standardSystem":"Hand marked paper ballots, BMDs for accessibility","accessibleSystem":"Ballot Marking Devices for all voters","absenteeSystem":"Hand-Fed Optical Scanners","pollBookSystem":"Commercial Electronic Poll Book","tabulation":"Optical Scan","equipmentCodeMatched":true,"sourceDocumentId":"verified-voting-verifier-ks-2024-equipment","sourceUrl":"https://verifiedvoting.org/verifier/#mode/navigate/map/voteEquip/mapType/ppEquip/year/2024/state/20"}},{"type":"Feature","bbox":[-100.22705078125,37.912750244141,-99.569519042969,38.262176513672],"geometry":{"type":"Polygon","coordinates":[[[-99.579528808594,38.262176513672],[-99.570556640625,38.262176513672],[-99.569519042969,38.08740234375],[-99.569641113281,37.912963867188],[-99.604919433594,37.912750244141],[-99.679504394531,37.913421630859],[-99.780151367188,37.912963867188],[-99.873779296875,37.913299560547],[-99.987182617188,37.912963867188],[-100.22705078125,37.914001464844],[-100.22662353516,38.0009765625],[-100.22534179688,38.088195800781],[-100.22570800781,38.151397705078],[-100.22705078125,38.262176513672],[-100.00994873047,38.261505126953],[-99.886840820312,38.261505126953],[-99.584228515625,38.262176513672],[-99.579528808594,38.262176513672]]]},"properties":{"_isDeleted":false,"AREA":"2.28815145819492E-01","PERIMETER":"2.01142395904894E+00","CO20_D00_":"70","CO20_D00_I":"69","STATE":"20","COUNTY":"083","NAME":"Hodgeman","LSAD":"06","LSAD_TRANS":"County","CODE":"mpdn","CODE_ACC":"dren","CODE_ABS":"dren","CODE_EV":"mpdn","equipmentGroupLabel":"Dominion - Dominion ImageCast X BMD +","equipmentSystemName":"Dominion ImageCast X BMD +","equipmentType":"Optical Scan","equipmentVendor":"Dominion","jurisdictionCode":"KS-083","jurisdictionName":"Hodgeman County","sourceGranularity":"county","standardSystem":"Hand marked paper ballots, BMDs for accessibility","accessibleSystem":"Ballot Marking Devices for all voters","absenteeSystem":"Hand-Fed Optical Scanners","pollBookSystem":"Commercial Electronic Poll Book","tabulation":"Optical Scan","equipmentCodeMatched":true,"sourceDocumentId":"verified-voting-verifier-ks-2024-equipment","sourceUrl":"https://verifiedvoting.org/verifier/#mode/navigate/map/voteEquip/mapType/ppEquip/year/2024/state/20"}},{"type":"Feature","bbox":[-99.022521972656,37.824401855469,-98.471923828125,38.261260986328],"geometry":{"type":"Polygon","coordinates":[[[-98.802917480469,38.261047363281],[-98.708190917969,38.260833740234],[-98.54296875,38.261260986328],[-98.479736328125,38.260833740234],[-98.472351074219,38.260711669922],[-98.472717285156,38.172576904297],[-98.472351074219,37.972625732422],[-98.471923828125,37.899871826172],[-98.472351074219,37.824615478516],[-98.629943847656,37.824401855469],[-98.802429199219,37.825531005859],[-98.903869628906,37.825531005859],[-99.013305664062,37.825073242188],[-99.022521972656,37.827117919922],[-99.022216796875,38.000427246094],[-98.913208007812,38.000518798828],[-98.912414550781,38.174407958984],[-98.912536621094,38.261047363281],[-98.802917480469,38.261047363281]]]},"properties":{"_isDeleted":false,"AREA":"2.11196824609994E-01","PERIMETER":"1.97075665773844E+00","CO20_D00_":"71","CO20_D00_I":"70","STATE":"20","COUNTY":"185","NAME":"Stafford","LSAD":"06","LSAD_TRANS":"County","CODE":"pbvs","CODE_ACC":"bmds","CODE_ABS":"bmds","CODE_EV":"pbvs","equipmentGroupLabel":"Unisyn - Unisyn OpenElect FVT +","equipmentSystemName":"Unisyn OpenElect FVT +","equipmentType":"Optical Scan","equipmentVendor":"Unisyn","jurisdictionCode":"KS-185","jurisdictionName":"Stafford County","sourceGranularity":"county","standardSystem":"Hand marked paper ballots, BMDs for accessibility","accessibleSystem":"Ballot Marking Devices for all voters","absenteeSystem":"Batch-Fed Optical Scanners","pollBookSystem":"Paper Poll Book","tabulation":"Optical Scan","equipmentCodeMatched":true,"sourceDocumentId":"verified-voting-verifier-ks-2024-equipment","sourceUrl":"https://verifiedvoting.org/verifier/#mode/navigate/map/voteEquip/mapType/ppEquip/year/2024/state/20"}},{"type":"Feature","bbox":[-97.702331542969,37.912170410156,-97.15234375,38.174865722656],"geometry":{"type":"Polygon","coordinates":[[[-97.15283203125,38.174865722656],[-97.153747558594,38.160064697266],[-97.153015136719,38.087646484375],[-97.15234375,37.912628173828],[-97.157958984375,37.912628173828],[-97.262939453125,37.912170410156],[-97.683532714844,37.912628173828],[-97.702087402344,37.912963867188],[-97.702331542969,38.035705566406],[-97.702087402344,38.173614501953],[-97.595520019531,38.173950195312],[-97.371765136719,38.173492431641],[-97.263366699219,38.174743652344],[-97.15283203125,38.174865722656]]]},"properties":{"_isDeleted":false,"AREA":"1.43662704713504E-01","PERIMETER":"1.62206403800726E+00","CO20_D00_":"72","CO20_D00_I":"71","STATE":"20","COUNTY":"079","NAME":"Harvey","LSAD":"06","LSAD_TRANS":"County","CODE":"mpdn","CODE_ACC":"dren","CODE_ABS":"dren","CODE_EV":"mpdn","equipmentGroupLabel":"Clear Ballot - Clear Ballot ClearAccess +","equipmentSystemName":"Clear Ballot ClearAccess +","equipmentType":"Optical Scan","equipmentVendor":"Clear Ballot","jurisdictionCode":"KS-079","jurisdictionName":"Harvey County","sourceGranularity":"county","standardSystem":"Hand marked paper ballots, BMDs for accessibility","accessibleSystem":"Ballot Marking Devices for all voters","absenteeSystem":"Batch-Fed Optical Scanners","pollBookSystem":"Commercial Electronic Poll Book","tabulation":"Optical Scan","equipmentCodeMatched":true,"sourceDocumentId":"verified-voting-verifier-ks-2024-equipment","sourceUrl":"https://verifiedvoting.org/verifier/#mode/navigate/map/voteEquip/mapType/ppEquip/year/2024/state/20"}},{"type":"Feature","bbox":[-98.472717285156,37.732604980469,-97.698669433594,38.173828125],"geometry":{"type":"Polygon","coordinates":[[[-97.9296875,38.173706054688],[-97.922424316406,38.173706054688],[-97.702087402344,38.173614501953],[-97.702331542969,38.035705566406],[-97.702087402344,37.912963867188],[-97.702331542969,37.825408935547],[-97.69970703125,37.825286865234],[-97.698669433594,37.735229492188],[-97.724426269531,37.734436035156],[-97.807739257812,37.733856201172],[-97.918090820312,37.733856201172],[-98.163696289062,37.732849121094],[-98.375549316406,37.732604980469],[-98.46484375,37.732727050781],[-98.46484375,37.824615478516],[-98.472351074219,37.824615478516],[-98.471923828125,37.899871826172],[-98.472351074219,37.972625732422],[-98.472717285156,38.172576904297],[-98.362243652344,38.173614501953],[-98.216064453125,38.173492431641],[-98.2158203125,38.15869140625],[-98.142150878906,38.159484863281],[-98.142272949219,38.173828125],[-97.968872070312,38.173156738281],[-97.9296875,38.173706054688]]]},"properties":{"_isDeleted":false,"AREA":"3.37517341973492E-01","PERIMETER":"2.45399493807421E+00","CO20_D00_":"73","CO20_D00_I":"72","STATE":"20","COUNTY":"155","NAME":"Reno","LSAD":"06","LSAD_TRANS":"County","CODE":"mpdn","CODE_ACC":"dren","CODE_ABS":"dren","CODE_EV":"mpdn","equipmentGroupLabel":"Dominion - Dominion ImageCast X BMD +","equipmentSystemName":"Dominion ImageCast X BMD +","equipmentType":"Optical Scan","equipmentVendor":"Dominion","jurisdictionCode":"KS-155","jurisdictionName":"Reno County","sourceGranularity":"county","standardSystem":"Hand marked paper ballots, BMDs for accessibility","accessibleSystem":"Ballot Marking Devices for all voters","absenteeSystem":"Batch-Fed Optical Scanners","pollBookSystem":"Commercial Electronic Poll Book","tabulation":"Optical Scan","equipmentCodeMatched":true,"sourceDocumentId":"verified-voting-verifier-ks-2024-equipment","sourceUrl":"https://verifiedvoting.org/verifier/#mode/navigate/map/voteEquip/mapType/ppEquip/year/2024/state/20"}},{"type":"Feature","bbox":[-96.526000976562,37.603729248047,-95.958190917969,38.172790527344],"geometry":{"type":"Polygon","coordinates":[[[-96.279602050781,38.172790527344],[-96.048461914062,38.171905517578],[-95.959106445312,38.171081542969],[-95.959289550781,38.040374755859],[-95.95849609375,37.943817138672],[-95.958618164062,37.872772216797],[-95.958190917969,37.825408935547],[-95.961364746094,37.821990966797],[-95.960815429688,37.734313964844],[-95.960205078125,37.696746826172],[-95.960998535156,37.603729248047],[-96.03515625,37.604187011719],[-96.088317871094,37.605194091797],[-96.307861328125,37.6064453125],[-96.493225097656,37.607238769531],[-96.525329589844,37.607025146484],[-96.526000976562,37.655883789062],[-96.525573730469,37.737609863281],[-96.52587890625,37.799224853516],[-96.5244140625,37.93505859375],[-96.523742675781,37.955322265625],[-96.522705078125,38.086395263672],[-96.358032226562,38.085815429688],[-96.357238769531,38.172698974609],[-96.279602050781,38.172790527344]]]},"properties":{"_isDeleted":false,"AREA":"3.05688010222001E-01","PERIMETER":"2.26219031615531E+00","CO20_D00_":"74","CO20_D00_I":"73","STATE":"20","COUNTY":"073","NAME":"Greenwood","LSAD":"06","LSAD_TRANS":"County","CODE":"pbvs","CODE_ACC":"bmds","CODE_ABS":"bmds","CODE_EV":"pbvs","equipmentGroupLabel":"ES&S - ES&S ExpressVote +","equipmentSystemName":"ES&S ExpressVote +","equipmentType":"Optical Scan","equipmentVendor":"ES&S","jurisdictionCode":"KS-073","jurisdictionName":"Greenwood County","sourceGranularity":"county","standardSystem":"Ballot Marking Devices for all voters","accessibleSystem":"Ballot Marking Devices for all voters","absenteeSystem":"Hand-Fed Optical Scanners","pollBookSystem":"In-House Electronic Poll Book","tabulation":"Optical Scan","equipmentCodeMatched":true,"sourceDocumentId":"verified-voting-verifier-ks-2024-equipment","sourceUrl":"https://verifiedvoting.org/verifier/#mode/navigate/map/voteEquip/mapType/ppEquip/year/2024/state/20"}},{"type":"Feature","bbox":[-99.5703125,37.732971191406,-99.013305664062,38.088104248047],"geometry":{"type":"Polygon","coordinates":[[[-99.350219726562,38.000762939453],[-99.223266601562,37.999633789062],[-99.132080078125,37.999633789062],[-99.022216796875,38.000427246094],[-99.022521972656,37.827117919922],[-99.013305664062,37.825073242188],[-99.013549804688,37.732971191406],[-99.153686523438,37.733520507812],[-99.340759277344,37.733520507812],[-99.559509277344,37.734893798828],[-99.559936523438,37.825408935547],[-99.5703125,37.825408935547],[-99.569641113281,37.912963867188],[-99.569519042969,38.08740234375],[-99.459899902344,38.088104248047],[-99.350219726562,38.087524414062],[-99.350219726562,38.000762939453]]]},"properties":{"_isDeleted":false,"AREA":"1.65011090592000E-01","PERIMETER":"1.82708859306072E+00","CO20_D00_":"75","CO20_D00_I":"74","STATE":"20","COUNTY":"047","NAME":"Edwards","LSAD":"06","LSAD_TRANS":"County","CODE":"pbvs","CODE_ACC":"bmds","CODE_ABS":"bmds","CODE_EV":"pbvs","equipmentGroupLabel":"ES&S - ES&S AutoMARK +","equipmentSystemName":"ES&S AutoMARK +","equipmentType":"Optical Scan","equipmentVendor":"ES&S","jurisdictionCode":"KS-047","jurisdictionName":"Edwards County","sourceGranularity":"county","standardSystem":"Hand marked paper ballots, BMDs for accessibility","accessibleSystem":"Ballot Marking Devices for all voters","absenteeSystem":"Batch-Fed Optical Scanners","pollBookSystem":"Paper Poll Book","tabulation":"Optical Scan","equipmentCodeMatched":true,"sourceDocumentId":"verified-voting-verifier-ks-2024-equipment","sourceUrl":"https://verifiedvoting.org/verifier/#mode/navigate/map/voteEquip/mapType/ppEquip/year/2024/state/20"}},{"type":"Feature","bbox":[-97.153259277344,37.475524902344,-96.522705078125,38.087646484375],"geometry":{"type":"Polygon","coordinates":[[[-97.111389160156,38.087188720703],[-96.932373046875,38.085571289062],[-96.840942382812,38.085479736328],[-96.644165039062,38.086395263672],[-96.522705078125,38.086395263672],[-96.523742675781,37.955322265625],[-96.5244140625,37.93505859375],[-96.52587890625,37.799224853516],[-96.525573730469,37.737609863281],[-96.526000976562,37.655883789062],[-96.525329589844,37.607025146484],[-96.5263671875,37.5],[-96.525634765625,37.476440429688],[-96.589294433594,37.476654052734],[-96.714782714844,37.475616455078],[-96.836608886719,37.476196289062],[-96.936584472656,37.475616455078],[-97.080383300781,37.475616455078],[-97.153259277344,37.475524902344],[-97.152954101562,37.737854003906],[-97.153259277344,37.818237304688],[-97.152160644531,37.825073242188],[-97.15234375,37.912628173828],[-97.153015136719,38.087646484375],[-97.111389160156,38.087188720703]]]},"properties":{"_isDeleted":false,"AREA":"3.83153517438996E-01","PERIMETER":"2.48017383836198E+00","CO20_D00_":"76","CO20_D00_I":"75","STATE":"20","COUNTY":"015","NAME":"Butler","LSAD":"06","LSAD_TRANS":"County","CODE":"dren","CODE_ACC":"dren","CODE_ABS":"dren","CODE_EV":"dren","equipmentGroupLabel":"ES&S - ES&S ExpressVote +","equipmentSystemName":"ES&S ExpressVote +","equipmentType":"Optical Scan","equipmentVendor":"ES&S","jurisdictionCode":"KS-015","jurisdictionName":"Butler County","sourceGranularity":"county","standardSystem":"Ballot Marking Devices for all voters","accessibleSystem":"Ballot Marking Devices for all voters","absenteeSystem":"Batch-Fed Optical Scanners","pollBookSystem":"In-House Electronic Poll Book","tabulation":"Optical Scan","equipmentCodeMatched":true,"sourceDocumentId":"verified-voting-verifier-ks-2024-equipment","sourceUrl":"https://verifiedvoting.org/verifier/#mode/navigate/map/voteEquip/mapType/ppEquip/year/2024/state/20"}},{"type":"Feature","bbox":[-95.961364746094,37.732849121094,-95.519226074219,38.040374755859],"geometry":{"type":"Polygon","coordinates":[[[-95.738891601562,38.039245605469],[-95.64697265625,38.039245605469],[-95.565002441406,38.038208007812],[-95.519226074219,38.038208007812],[-95.519226074219,37.820281982422],[-95.524841308594,37.820281982422],[-95.525634765625,37.732849121094],[-95.921203613281,37.734222412109],[-95.960815429688,37.734313964844],[-95.961364746094,37.821990966797],[-95.958190917969,37.825408935547],[-95.958618164062,37.872772216797],[-95.95849609375,37.943817138672],[-95.959289550781,38.040374755859],[-95.812194824219,38.039825439453],[-95.738891601562,38.039245605469]]]},"properties":{"_isDeleted":false,"AREA":"1.34080694767498E-01","PERIMETER":"1.49377656598680E+00","CO20_D00_":"77","CO20_D00_I":"76","STATE":"20","COUNTY":"207","NAME":"Woodson","LSAD":"06","LSAD_TRANS":"County","CODE":"pbvs","CODE_ACC":"bmds","CODE_ABS":"bmds","CODE_EV":"pbvs","equipmentGroupLabel":"Unisyn - Unisyn OpenElect FVT +","equipmentSystemName":"Unisyn OpenElect FVT +","equipmentType":"Optical Scan","equipmentVendor":"Unisyn","jurisdictionCode":"KS-207","jurisdictionName":"Woodson County","sourceGranularity":"county","standardSystem":"Hand marked paper ballots, BMDs for accessibility","accessibleSystem":"Ballot Marking Devices for all voters","absenteeSystem":"Hand-Fed Optical Scanners","pollBookSystem":"Commercial Electronic Poll Book","tabulation":"Optical Scan","equipmentCodeMatched":true,"sourceDocumentId":"verified-voting-verifier-ks-2024-equipment","sourceUrl":"https://verifiedvoting.org/verifier/#mode/navigate/map/voteEquip/mapType/ppEquip/year/2024/state/20"}},{"type":"Feature","bbox":[-95.525634765625,37.732513427734,-95.077697753906,38.03857421875],"geometry":{"type":"Polygon","coordinates":[[[-95.463562011719,38.038208007812],[-95.3798828125,38.03857421875],[-95.198181152344,38.037658691406],[-95.077697753906,38.037658691406],[-95.080078125,37.878021240234],[-95.079711914062,37.819946289062],[-95.088073730469,37.819946289062],[-95.088073730469,37.732604980469],[-95.159790039062,37.734313964844],[-95.16943359375,37.732971191406],[-95.244750976562,37.732513427734],[-95.397277832031,37.733062744141],[-95.525634765625,37.732849121094],[-95.524841308594,37.820281982422],[-95.519226074219,37.820281982422],[-95.519226074219,38.038208007812],[-95.463562011719,38.038208007812]]]},"properties":{"_isDeleted":false,"AREA":"1.34003926457996E-01","PERIMETER":"1.50365650181781E+00","CO20_D00_":"78","CO20_D00_I":"77","STATE":"20","COUNTY":"001","NAME":"Allen","LSAD":"06","LSAD_TRANS":"County","CODE":"pbvs","CODE_ACC":"bmds","CODE_ABS":"bmds","CODE_EV":"pbvs","equipmentGroupLabel":"ES&S - ES&S ExpressVote +","equipmentSystemName":"ES&S ExpressVote +","equipmentType":"Optical Scan","equipmentVendor":"ES&S","jurisdictionCode":"KS-001","jurisdictionName":"Allen County","sourceGranularity":"county","standardSystem":"Hand marked paper ballots, BMDs for accessibility","accessibleSystem":"Ballot Marking Devices for all voters","absenteeSystem":"Batch-Fed Optical Scanners","pollBookSystem":"Commercial Electronic Poll Book","tabulation":"Optical Scan","equipmentCodeMatched":true,"sourceDocumentId":"verified-voting-verifier-ks-2024-equipment","sourceUrl":"https://verifiedvoting.org/verifier/#mode/navigate/map/voteEquip/mapType/ppEquip/year/2024/state/20"}},{"type":"Feature","bbox":[-95.088073730469,37.673065185547,-94.613952636719,38.037658691406],"geometry":{"type":"Polygon","coordinates":[[[-94.933166503906,38.037078857422],[-94.731994628906,38.037414550781],[-94.613952636719,38.036956787109],[-94.614624023438,37.944396972656],[-94.61767578125,37.772918701172],[-94.61767578125,37.673065185547],[-94.703430175781,37.673187255859],[-94.735900878906,37.673980712891],[-94.81396484375,37.673980712891],[-94.883666992188,37.674896240234],[-95.033386230469,37.674896240234],[-95.087951660156,37.674560546875],[-95.088073730469,37.732604980469],[-95.088073730469,37.819946289062],[-95.079711914062,37.819946289062],[-95.080078125,37.878021240234],[-95.077697753906,38.037658691406],[-94.933166503906,38.037078857422]]]},"properties":{"_isDeleted":false,"AREA":"1.69369184465000E-01","PERIMETER":"1.66933602444190E+00","CO20_D00_":"79","CO20_D00_I":"78","STATE":"20","COUNTY":"011","NAME":"Bourbon","LSAD":"06","LSAD_TRANS":"County","CODE":"pbvs","CODE_ACC":"bmds","CODE_ABS":"bmds","CODE_EV":"pbvs","equipmentGroupLabel":"Clear Ballot - Clear Ballot ClearAccess +","equipmentSystemName":"Clear Ballot ClearAccess +","equipmentType":"Optical Scan","equipmentVendor":"Clear Ballot","jurisdictionCode":"KS-011","jurisdictionName":"Bourbon County","sourceGranularity":"county","standardSystem":"Hand marked paper ballots, BMDs for accessibility","accessibleSystem":"Ballot Marking Devices for all voters","absenteeSystem":"Hand-Fed Optical Scanners","pollBookSystem":"Commercial Electronic Poll Book","tabulation":"Optical Scan","equipmentCodeMatched":true,"sourceDocumentId":"verified-voting-verifier-ks-2024-equipment","sourceUrl":"https://verifiedvoting.org/verifier/#mode/navigate/map/voteEquip/mapType/ppEquip/year/2024/state/20"}},{"type":"Feature","bbox":[-100.66510009766,37.474945068359,-100.21453857422,38.002593994141],"geometry":{"type":"Polygon","coordinates":[[[-100.22662353516,38.0009765625],[-100.22705078125,37.914001464844],[-100.22741699219,37.826904296875],[-100.21453857422,37.826904296875],[-100.21466064453,37.737060546875],[-100.21606445312,37.475280761719],[-100.32476806641,37.474945068359],[-100.65289306641,37.474945068359],[-100.65234375,37.562042236328],[-100.65222167969,37.736267089844],[-100.65155029297,37.828704833984],[-100.66510009766,37.829071044922],[-100.66418457031,38.002593994141],[-100.44537353516,38.000762939453],[-100.31500244141,38.001342773438],[-100.22662353516,38.0009765625]]]},"properties":{"_isDeleted":false,"AREA":"2.30155406134003E-01","PERIMETER":"1.95397178454777E+00","CO20_D00_":"80","CO20_D00_I":"79","STATE":"20","COUNTY":"069","NAME":"Gray","LSAD":"06","LSAD_TRANS":"County","CODE":"pbvs","CODE_ACC":"bmds","CODE_ABS":"bmds","CODE_EV":"pbvs","equipmentGroupLabel":"Unisyn - Unisyn OpenElect FVT +","equipmentSystemName":"Unisyn OpenElect FVT +","equipmentType":"Optical Scan","equipmentVendor":"Unisyn","jurisdictionCode":"KS-069","jurisdictionName":"Gray County","sourceGranularity":"county","standardSystem":"Hand marked paper ballots, BMDs for accessibility","accessibleSystem":"Ballot Marking Devices for all voters","absenteeSystem":"Hand-Fed Optical Scanners","pollBookSystem":"Paper Poll Book","tabulation":"Optical Scan","equipmentCodeMatched":true,"sourceDocumentId":"verified-voting-verifier-ks-2024-equipment","sourceUrl":"https://verifiedvoting.org/verifier/#mode/navigate/map/voteEquip/mapType/ppEquip/year/2024/state/20"}},{"type":"Feature","bbox":[-100.22741699219,37.467102050781,-99.555969238281,37.914001464844],"geometry":{"type":"Polygon","coordinates":[[[-99.873779296875,37.913299560547],[-99.780151367188,37.912963867188],[-99.679504394531,37.913421630859],[-99.604919433594,37.912750244141],[-99.569641113281,37.912963867188],[-99.5703125,37.825408935547],[-99.559936523438,37.825408935547],[-99.559509277344,37.734893798828],[-99.557800292969,37.629913330078],[-99.555969238281,37.467651367188],[-99.665161132812,37.467102050781],[-99.774719238281,37.467437744141],[-99.979675292969,37.472320556641],[-100.05255126953,37.473815917969],[-100.10705566406,37.474822998047],[-100.21606445312,37.475280761719],[-100.21466064453,37.737060546875],[-100.21453857422,37.826904296875],[-100.22741699219,37.826904296875],[-100.22705078125,37.914001464844],[-99.987182617188,37.912963867188],[-99.873779296875,37.913299560547]]]},"properties":{"_isDeleted":false,"AREA":"2.90832883970497E-01","PERIMETER":"2.22460357733840E+00","CO20_D00_":"81","CO20_D00_I":"80","STATE":"20","COUNTY":"057","NAME":"Ford","LSAD":"06","LSAD_TRANS":"County","CODE":"dren","CODE_ACC":"dren","CODE_ABS":"dren","CODE_EV":"dren","equipmentGroupLabel":"Dominion - Dominion ImageCast X BMD +","equipmentSystemName":"Dominion ImageCast X BMD +","equipmentType":"Optical Scan","equipmentVendor":"Dominion","jurisdictionCode":"KS-057","jurisdictionName":"Ford County","sourceGranularity":"county","standardSystem":"Ballot Marking Devices for all voters","accessibleSystem":"Ballot Marking Devices for all voters","absenteeSystem":"Batch-Fed Optical Scanners","pollBookSystem":"In-House Electronic Poll Book","tabulation":"Optical Scan","equipmentCodeMatched":true,"sourceDocumentId":"verified-voting-verifier-ks-2024-equipment","sourceUrl":"https://verifiedvoting.org/verifier/#mode/navigate/map/voteEquip/mapType/ppEquip/year/2024/state/20"}},{"type":"Feature","bbox":[-97.808654785156,37.474273681641,-97.152160644531,37.912963867188],"geometry":{"type":"Polygon","coordinates":[[[-97.157958984375,37.912628173828],[-97.15234375,37.912628173828],[-97.152160644531,37.825073242188],[-97.153259277344,37.818237304688],[-97.152954101562,37.737854003906],[-97.153259277344,37.475524902344],[-97.257995605469,37.475524902344],[-97.332458496094,37.476776123047],[-97.368896484375,37.477233886719],[-97.442260742188,37.475738525391],[-97.514526367188,37.475616455078],[-97.697631835938,37.474487304688],[-97.807434082031,37.474273681641],[-97.808654785156,37.646881103516],[-97.806945800781,37.654846191406],[-97.807739257812,37.733856201172],[-97.724426269531,37.734436035156],[-97.698669433594,37.735229492188],[-97.69970703125,37.825286865234],[-97.702331542969,37.825408935547],[-97.702087402344,37.912963867188],[-97.683532714844,37.912628173828],[-97.262939453125,37.912170410156],[-97.157958984375,37.912628173828]]]},"properties":{"_isDeleted":false,"AREA":"2.67035860383002E-01","PERIMETER":"2.19044215930403E+00","CO20_D00_":"82","CO20_D00_I":"81","STATE":"20","COUNTY":"173","NAME":"Sedgwick","LSAD":"06","LSAD_TRANS":"County","CODE":"drev","CODE_ACC":"drev","CODE_ABS":"drev","CODE_EV":"drev","equipmentGroupLabel":"ES&S - ES&S ExpressVote +","equipmentSystemName":"ES&S ExpressVote +","equipmentType":"Optical Scan","equipmentVendor":"ES&S","jurisdictionCode":"KS-173","jurisdictionName":"Sedgwick County","sourceGranularity":"county","standardSystem":"Hand marked paper ballots, BMDs for accessibility","accessibleSystem":"Ballot Marking Devices for all voters","absenteeSystem":"Batch-Fed Optical Scanners","pollBookSystem":"Commercial Electronic Poll Book","tabulation":"Optical Scan","equipmentCodeMatched":true,"sourceDocumentId":"verified-voting-verifier-ks-2024-equipment","sourceUrl":"https://verifiedvoting.org/verifier/#mode/navigate/map/voteEquip/mapType/ppEquip/year/2024/state/20"}},{"type":"Feature","bbox":[-99.015258789062,37.470153808594,-98.464599609375,37.825531005859],"geometry":{"type":"Polygon","coordinates":[[[-98.903869628906,37.825531005859],[-98.802429199219,37.825531005859],[-98.629943847656,37.824401855469],[-98.472351074219,37.824615478516],[-98.46484375,37.824615478516],[-98.46484375,37.732727050781],[-98.464965820312,37.601684570312],[-98.464599609375,37.47119140625],[-98.482971191406,37.471069335938],[-98.65478515625,37.470611572266],[-98.8662109375,37.470520019531],[-98.875305175781,37.470153808594],[-99.012512207031,37.470397949219],[-99.015258789062,37.643585205078],[-99.013549804688,37.732971191406],[-99.013305664062,37.825073242188],[-98.903869628906,37.825531005859]]]},"properties":{"_isDeleted":false,"AREA":"1.94542632137005E-01","PERIMETER":"1.80455233944317E+00","CO20_D00_":"83","CO20_D00_I":"82","STATE":"20","COUNTY":"151","NAME":"Pratt","LSAD":"06","LSAD_TRANS":"County","CODE":"mpdn","CODE_ACC":"dren","CODE_ABS":"dren","CODE_EV":"mpdn","equipmentGroupLabel":"Unisyn - Unisyn OpenElect FVT +","equipmentSystemName":"Unisyn OpenElect FVT +","equipmentType":"Optical Scan","equipmentVendor":"Unisyn","jurisdictionCode":"KS-151","jurisdictionName":"Pratt County","sourceGranularity":"county","standardSystem":"Hand marked paper ballots, BMDs for accessibility","accessibleSystem":"Ballot Marking Devices for all voters","absenteeSystem":"Hand-Fed Optical Scanners","pollBookSystem":"Commercial Electronic Poll Book","tabulation":"Optical Scan","equipmentCodeMatched":true,"sourceDocumentId":"verified-voting-verifier-ks-2024-equipment","sourceUrl":"https://verifiedvoting.org/verifier/#mode/navigate/map/voteEquip/mapType/ppEquip/year/2024/state/20"}},{"type":"Feature","bbox":[-102.04205322266,37.388519287109,-101.52575683594,37.738525390625],"geometry":{"type":"Polygon","coordinates":[[[-102.04193115234,37.738525390625],[-101.85211181641,37.737976074219],[-101.72711181641,37.736724853516],[-101.65093994141,37.736724853516],[-101.52716064453,37.736145019531],[-101.5263671875,37.644592285156],[-101.52575683594,37.388641357422],[-101.55651855469,37.388519287109],[-101.88238525391,37.389099121094],[-102.04156494141,37.389221191406],[-102.04205322266,37.535278320312],[-102.04156494141,37.680480957031],[-102.04193115234,37.738525390625]]]},"properties":{"_isDeleted":false,"AREA":"1.79621514426900E-01","PERIMETER":"1.72755519814723E+00","CO20_D00_":"84","CO20_D00_I":"83","STATE":"20","COUNTY":"187","NAME":"Stanton","LSAD":"06","LSAD_TRANS":"County","CODE":"mpdn","CODE_ACC":"dren","CODE_ABS":"dren","CODE_EV":"mpdn","equipmentGroupLabel":"Dominion - Dominion ImageCast X BMD +","equipmentSystemName":"Dominion ImageCast X BMD +","equipmentType":"Optical Scan","equipmentVendor":"Dominion","jurisdictionCode":"KS-187","jurisdictionName":"Stanton County","sourceGranularity":"county","standardSystem":"Hand marked paper ballots, BMDs for accessibility","accessibleSystem":"Ballot Marking Devices for all voters","absenteeSystem":"Hand-Fed Optical Scanners","pollBookSystem":"Commercial Electronic Poll Book","tabulation":"Optical Scan","equipmentCodeMatched":true,"sourceDocumentId":"verified-voting-verifier-ks-2024-equipment","sourceUrl":"https://verifiedvoting.org/verifier/#mode/navigate/map/voteEquip/mapType/ppEquip/year/2024/state/20"}},{"type":"Feature","bbox":[-101.09051513672,37.387512207031,-100.65222167969,37.73681640625],"geometry":{"type":"Polygon","coordinates":[[[-100.65222167969,37.736267089844],[-100.65234375,37.562042236328],[-100.65289306641,37.474945068359],[-100.65258789062,37.387512207031],[-100.75152587891,37.387603759766],[-100.79821777344,37.387969970703],[-101.06781005859,37.387847900391],[-101.08959960938,37.387725830078],[-101.08923339844,37.431457519531],[-101.09051513672,37.625030517578],[-101.08972167969,37.736480712891],[-100.94384765625,37.73681640625],[-100.7978515625,37.736724853516],[-100.65222167969,37.736267089844]]]},"properties":{"_isDeleted":false,"AREA":"1.52586518164999E-01","PERIMETER":"1.57197984762689E+00","CO20_D00_":"85","CO20_D00_I":"84","STATE":"20","COUNTY":"081","NAME":"Haskell","LSAD":"06","LSAD_TRANS":"County","CODE":"pbvs","CODE_ACC":"bmds","CODE_ABS":"bmds","CODE_EV":"pbvs","equipmentGroupLabel":"Dominion - Dominion ImageCast X BMD +","equipmentSystemName":"Dominion ImageCast X BMD +","equipmentType":"Optical Scan","equipmentVendor":"Dominion","jurisdictionCode":"KS-081","jurisdictionName":"Haskell County","sourceGranularity":"county","standardSystem":"Hand marked paper ballots, BMDs for accessibility","accessibleSystem":"Ballot Marking Devices for all voters","absenteeSystem":"Hand-Fed Optical Scanners","pollBookSystem":"Commercial Electronic Poll Book","tabulation":"Optical Scan","equipmentCodeMatched":true,"sourceDocumentId":"verified-voting-verifier-ks-2024-equipment","sourceUrl":"https://verifiedvoting.org/verifier/#mode/navigate/map/voteEquip/mapType/ppEquip/year/2024/state/20"}},{"type":"Feature","bbox":[-101.52716064453,37.387725830078,-101.08923339844,37.736480712891],"geometry":{"type":"Polygon","coordinates":[[[-101.17248535156,37.736358642578],[-101.08972167969,37.736480712891],[-101.09051513672,37.625030517578],[-101.08923339844,37.431457519531],[-101.08959960938,37.387725830078],[-101.13537597656,37.388061523438],[-101.3212890625,37.38818359375],[-101.36999511719,37.387847900391],[-101.42584228516,37.388397216797],[-101.52575683594,37.388641357422],[-101.5263671875,37.644592285156],[-101.52716064453,37.736145019531],[-101.29022216797,37.736022949219],[-101.17248535156,37.736358642578]]]},"properties":{"_isDeleted":false,"AREA":"1.51884227310497E-01","PERIMETER":"1.57014035396999E+00","CO20_D00_":"86","CO20_D00_I":"85","STATE":"20","COUNTY":"067","NAME":"Grant","LSAD":"06","LSAD_TRANS":"County","CODE":"mpdn","CODE_ACC":"dren","CODE_ABS":"dren","CODE_EV":"mpdn","equipmentGroupLabel":"Unisyn - Unisyn OpenElect FVT +","equipmentSystemName":"Unisyn OpenElect FVT +","equipmentType":"Optical Scan","equipmentVendor":"Unisyn","jurisdictionCode":"KS-067","jurisdictionName":"Grant County","sourceGranularity":"county","standardSystem":"Ballot Marking Devices for all voters","accessibleSystem":"Ballot Marking Devices for all voters","absenteeSystem":"Hand-Fed Optical Scanners","pollBookSystem":"In-House Electronic Poll Book","tabulation":"Optical Scan","equipmentCodeMatched":true,"sourceDocumentId":"verified-voting-verifier-ks-2024-equipment","sourceUrl":"https://verifiedvoting.org/verifier/#mode/navigate/map/voteEquip/mapType/ppEquip/year/2024/state/20"}},{"type":"Feature","bbox":[-99.559509277344,37.381011962891,-99.011474609375,37.734893798828],"geometry":{"type":"Polygon","coordinates":[[[-99.559509277344,37.734893798828],[-99.340759277344,37.733520507812],[-99.153686523438,37.733520507812],[-99.013549804688,37.732971191406],[-99.015258789062,37.643585205078],[-99.012512207031,37.470397949219],[-99.011474609375,37.384185791016],[-99.214538574219,37.38330078125],[-99.487670898438,37.381011962891],[-99.543090820312,37.381134033203],[-99.555725097656,37.381134033203],[-99.555969238281,37.467651367188],[-99.557800292969,37.629913330078],[-99.559509277344,37.734893798828]]]},"properties":{"_isDeleted":false,"AREA":"1.90856359064495E-01","PERIMETER":"1.79299440658703E+00","CO20_D00_":"87","CO20_D00_I":"86","STATE":"20","COUNTY":"097","NAME":"Kiowa","LSAD":"06","LSAD_TRANS":"County","CODE":"pbvs","CODE_ACC":"dren","CODE_ABS":"dren","CODE_EV":"pbvs","equipmentGroupLabel":"Unisyn - Unisyn OpenElect OVI +","equipmentSystemName":"Unisyn OpenElect OVI +","equipmentType":"Optical Scan","equipmentVendor":"Unisyn","jurisdictionCode":"KS-097","jurisdictionName":"Kiowa County","sourceGranularity":"county","standardSystem":"Hand marked paper ballots, BMDs for accessibility","accessibleSystem":"Ballot Marking Devices for all voters","absenteeSystem":"Hand-Fed Optical Scanners","pollBookSystem":"Commercial Electronic Poll Book","tabulation":"Optical Scan","equipmentCodeMatched":true,"sourceDocumentId":"verified-voting-verifier-ks-2024-equipment","sourceUrl":"https://verifiedvoting.org/verifier/#mode/navigate/map/voteEquip/mapType/ppEquip/year/2024/state/20"}},{"type":"Feature","bbox":[-95.962524414062,37.383972167969,-95.525024414062,37.734313964844],"geometry":{"type":"Polygon","coordinates":[[[-95.921203613281,37.734222412109],[-95.525634765625,37.732849121094],[-95.526062011719,37.629913330078],[-95.525146484375,37.558532714844],[-95.525024414062,37.5],[-95.525817871094,37.442047119141],[-95.525634765625,37.383972167969],[-95.66552734375,37.384643554688],[-95.90771484375,37.386474609375],[-95.961364746094,37.386688232422],[-95.962524414062,37.44580078125],[-95.962524414062,37.502044677734],[-95.960998535156,37.603729248047],[-95.960205078125,37.696746826172],[-95.960815429688,37.734313964844],[-95.921203613281,37.734222412109]]]},"properties":{"_isDeleted":false,"AREA":"1.51844638939501E-01","PERIMETER":"1.56775155822068E+00","CO20_D00_":"88","CO20_D00_I":"87","STATE":"20","COUNTY":"205","NAME":"Wilson","LSAD":"06","LSAD_TRANS":"County","CODE":"mpdn","CODE_ACC":"dren","CODE_ABS":"dren","CODE_EV":"mpdn","equipmentGroupLabel":"ES&S - ES&S ExpressVote +","equipmentSystemName":"ES&S ExpressVote +","equipmentType":"Optical Scan","equipmentVendor":"ES&S","jurisdictionCode":"KS-205","jurisdictionName":"Wilson County","sourceGranularity":"county","standardSystem":"Hand marked paper ballots, BMDs for accessibility","accessibleSystem":"Ballot Marking Devices for all voters","absenteeSystem":"Hand-Fed Optical Scanners","pollBookSystem":"Commercial Electronic Poll Book","tabulation":"Optical Scan","equipmentCodeMatched":true,"sourceDocumentId":"verified-voting-verifier-ks-2024-equipment","sourceUrl":"https://verifiedvoting.org/verifier/#mode/navigate/map/voteEquip/mapType/ppEquip/year/2024/state/20"}},{"type":"Feature","bbox":[-95.526062011719,37.383850097656,-95.087585449219,37.734313964844],"geometry":{"type":"Polygon","coordinates":[[[-95.397277832031,37.733062744141],[-95.244750976562,37.732513427734],[-95.16943359375,37.732971191406],[-95.159790039062,37.734313964844],[-95.088073730469,37.732604980469],[-95.087951660156,37.674560546875],[-95.087585449219,37.605316162109],[-95.08837890625,37.513427734375],[-95.087707519531,37.456848144531],[-95.088073730469,37.383850097656],[-95.12451171875,37.384094238281],[-95.379211425781,37.384185791016],[-95.521179199219,37.383972167969],[-95.525634765625,37.383972167969],[-95.525817871094,37.442047119141],[-95.525024414062,37.5],[-95.525146484375,37.558532714844],[-95.526062011719,37.629913330078],[-95.525634765625,37.732849121094],[-95.397277832031,37.733062744141]]]},"properties":{"_isDeleted":false,"AREA":"1.52668390830004E-01","PERIMETER":"1.57296394900828E+00","CO20_D00_":"89","CO20_D00_I":"88","STATE":"20","COUNTY":"133","NAME":"Neosho","LSAD":"06","LSAD_TRANS":"County","CODE":"pbvs","CODE_ACC":"bmds","CODE_ABS":"bmds","CODE_EV":"pbvs","equipmentGroupLabel":"ES&S - ES&S ExpressVote +","equipmentSystemName":"ES&S ExpressVote +","equipmentType":"Optical Scan","equipmentVendor":"ES&S","jurisdictionCode":"KS-133","jurisdictionName":"Neosho County","sourceGranularity":"county","standardSystem":"Hand marked paper ballots, BMDs for accessibility","accessibleSystem":"Ballot Marking Devices for all voters","absenteeSystem":"Hand-Fed Optical Scanners","pollBookSystem":"Commercial Electronic Poll Book","tabulation":"Optical Scan","equipmentCodeMatched":true,"sourceDocumentId":"verified-voting-verifier-ks-2024-equipment","sourceUrl":"https://verifiedvoting.org/verifier/#mode/navigate/map/voteEquip/mapType/ppEquip/year/2024/state/20"}},{"type":"Feature","bbox":[-98.464965820312,37.384094238281,-97.806945800781,37.733856201172],"geometry":{"type":"Polygon","coordinates":[[[-97.918090820312,37.733856201172],[-97.807739257812,37.733856201172],[-97.806945800781,37.654846191406],[-97.808654785156,37.646881103516],[-97.807434082031,37.474273681641],[-97.806945800781,37.386352539062],[-97.91650390625,37.385559082031],[-98.036926269531,37.385223388672],[-98.157104492188,37.384307861328],[-98.349731445312,37.384094238281],[-98.46484375,37.384094238281],[-98.464599609375,37.47119140625],[-98.464965820312,37.601684570312],[-98.46484375,37.732727050781],[-98.375549316406,37.732604980469],[-98.163696289062,37.732849121094],[-97.918090820312,37.733856201172]]]},"properties":{"_isDeleted":false,"AREA":"2.28909052708996E-01","PERIMETER":"2.01146963537427E+00","CO20_D00_":"90","CO20_D00_I":"89","STATE":"20","COUNTY":"095","NAME":"Kingman","LSAD":"06","LSAD_TRANS":"County","CODE":"dren","CODE_ACC":"dren","CODE_ABS":"dren","CODE_EV":"dren","equipmentGroupLabel":"ES&S - ES&S ExpressVote +","equipmentSystemName":"ES&S ExpressVote +","equipmentType":"Optical Scan","equipmentVendor":"ES&S","jurisdictionCode":"KS-095","jurisdictionName":"Kingman County","sourceGranularity":"county","standardSystem":"Hand marked paper ballots, BMDs for accessibility","accessibleSystem":"Ballot Marking Devices for all voters","absenteeSystem":"Hand-Fed Optical Scanners","pollBookSystem":"Commercial Electronic Poll Book","tabulation":"Optical Scan","equipmentCodeMatched":true,"sourceDocumentId":"verified-voting-verifier-ks-2024-equipment","sourceUrl":"https://verifiedvoting.org/verifier/#mode/navigate/map/voteEquip/mapType/ppEquip/year/2024/state/20"}},{"type":"Feature","bbox":[-95.08837890625,37.338317871094,-94.616760253906,37.674896240234],"geometry":{"type":"Polygon","coordinates":[[[-94.883666992188,37.674896240234],[-94.81396484375,37.673980712891],[-94.735900878906,37.673980712891],[-94.703430175781,37.673187255859],[-94.61767578125,37.673065185547],[-94.616760253906,37.521514892578],[-94.617553710938,37.338439941406],[-94.671203613281,37.338317871094],[-94.832214355469,37.339569091797],[-94.9228515625,37.340026855469],[-95.0751953125,37.339904785156],[-95.074951171875,37.383728027344],[-95.088073730469,37.383850097656],[-95.087707519531,37.456848144531],[-95.08837890625,37.513427734375],[-95.087585449219,37.605316162109],[-95.087951660156,37.674560546875],[-95.033386230469,37.674896240234],[-94.883666992188,37.674896240234]]]},"properties":{"_isDeleted":false,"AREA":"1.57044034053998E-01","PERIMETER":"1.61021230138070E+00","CO20_D00_":"91","CO20_D00_I":"90","STATE":"20","COUNTY":"037","NAME":"Crawford","LSAD":"06","LSAD_TRANS":"County","CODE":"pbvs","CODE_ACC":"bmds","CODE_ABS":"bmds","CODE_EV":"pbvs","equipmentGroupLabel":"ES&S - ES&S ExpressVote +","equipmentSystemName":"ES&S ExpressVote +","equipmentType":"Optical Scan","equipmentVendor":"ES&S","jurisdictionCode":"KS-037","jurisdictionName":"Crawford County","sourceGranularity":"county","standardSystem":"Hand marked paper ballots, BMDs for accessibility","accessibleSystem":"Ballot Marking Devices for all voters","absenteeSystem":"Hand-Fed Optical Scanners","pollBookSystem":"Commercial Electronic Poll Book","tabulation":"Optical Scan","equipmentCodeMatched":true,"sourceDocumentId":"verified-voting-verifier-ks-2024-equipment","sourceUrl":"https://verifiedvoting.org/verifier/#mode/navigate/map/voteEquip/mapType/ppEquip/year/2024/state/20"}},{"type":"Feature","bbox":[-96.5263671875,37.299255371094,-95.960998535156,37.607238769531],"geometry":{"type":"Polygon","coordinates":[[[-96.307861328125,37.6064453125],[-96.088317871094,37.605194091797],[-96.03515625,37.604187011719],[-95.960998535156,37.603729248047],[-95.962524414062,37.502044677734],[-95.962524414062,37.44580078125],[-95.961364746094,37.386688232422],[-95.964660644531,37.386596679688],[-95.96435546875,37.299255371094],[-95.99462890625,37.299713134766],[-96.186706542969,37.300964355469],[-96.272338867188,37.300750732422],[-96.342712402344,37.301879882812],[-96.524841308594,37.302673339844],[-96.524658203125,37.332733154297],[-96.525634765625,37.476440429688],[-96.5263671875,37.5],[-96.525329589844,37.607025146484],[-96.493225097656,37.607238769531],[-96.307861328125,37.6064453125]]]},"properties":{"_isDeleted":false,"AREA":"1.71537540433001E-01","PERIMETER":"1.73688086538710E+00","CO20_D00_":"92","CO20_D00_I":"91","STATE":"20","COUNTY":"049","NAME":"Elk","LSAD":"06","LSAD_TRANS":"County","CODE":"pbvs","CODE_ACC":"bmds","CODE_ABS":"bmds","CODE_EV":"pbvs","equipmentGroupLabel":"Dominion - Dominion ImageCast X BMD +","equipmentSystemName":"Dominion ImageCast X BMD +","equipmentType":"Optical Scan","equipmentVendor":"Dominion","jurisdictionCode":"KS-049","jurisdictionName":"Elk County","sourceGranularity":"county","standardSystem":"Hand marked paper ballots, BMDs for accessibility","accessibleSystem":"Ballot Marking Devices for all voters","absenteeSystem":"Hand-Fed Optical Scanners","pollBookSystem":"Commercial Electronic Poll Book","tabulation":"Optical Scan","equipmentCodeMatched":true,"sourceDocumentId":"verified-voting-verifier-ks-2024-equipment","sourceUrl":"https://verifiedvoting.org/verifier/#mode/navigate/map/voteEquip/mapType/ppEquip/year/2024/state/20"}},{"type":"Feature","bbox":[-97.807434082031,36.998657226562,-97.147705078125,37.477233886719],"geometry":{"type":"Polygon","coordinates":[[[-97.332458496094,37.476776123047],[-97.257995605469,37.475524902344],[-97.153259277344,37.475524902344],[-97.1494140625,37.390686035156],[-97.150634765625,37.390686035156],[-97.150512695312,37.259643554688],[-97.149536132812,37.223205566406],[-97.149719238281,37.158294677734],[-97.14892578125,37.121398925781],[-97.147705078125,36.999114990234],[-97.462280273438,36.998657226562],[-97.606567382812,36.998657226562],[-97.637084960938,36.999114990234],[-97.802307128906,36.998657226562],[-97.802062988281,37.124481201172],[-97.802734375,37.154663085938],[-97.802185058594,37.212738037109],[-97.804443359375,37.386352539062],[-97.806945800781,37.386352539062],[-97.807434082031,37.474273681641],[-97.697631835938,37.474487304688],[-97.514526367188,37.475616455078],[-97.442260742188,37.475738525391],[-97.368896484375,37.477233886719],[-97.332458496094,37.476776123047]]]},"properties":{"_isDeleted":false,"AREA":"3.11572897757502E-01","PERIMETER":"2.26510852420838E+00","CO20_D00_":"93","CO20_D00_I":"92","STATE":"20","COUNTY":"191","NAME":"Sumner","LSAD":"06","LSAD_TRANS":"County","CODE":"dren","CODE_ACC":"dren","CODE_ABS":"dren","CODE_EV":"dren","equipmentGroupLabel":"ES&S - ES&S ExpressVote +","equipmentSystemName":"ES&S ExpressVote +","equipmentType":"Optical Scan","equipmentVendor":"ES&S","jurisdictionCode":"KS-191","jurisdictionName":"Sumner County","sourceGranularity":"county","standardSystem":"Ballot Marking Devices for all voters","accessibleSystem":"Ballot Marking Devices for all voters","absenteeSystem":"Hand-Fed Optical Scanners","pollBookSystem":"In-House Electronic Poll Book","tabulation":"Optical Scan","equipmentCodeMatched":true,"sourceDocumentId":"verified-voting-verifier-ks-2024-equipment","sourceUrl":"https://verifiedvoting.org/verifier/#mode/navigate/map/voteEquip/mapType/ppEquip/year/2024/state/20"}},{"type":"Feature","bbox":[-97.153259277344,36.998657226562,-96.524658203125,37.476654052734],"geometry":{"type":"Polygon","coordinates":[[[-97.080383300781,37.475616455078],[-96.936584472656,37.475616455078],[-96.836608886719,37.476196289062],[-96.714782714844,37.475616455078],[-96.589294433594,37.476654052734],[-96.525634765625,37.476440429688],[-96.524658203125,37.332733154297],[-96.524841308594,37.302673339844],[-96.525207519531,37.259521484375],[-96.525085449219,37.128570556641],[-96.525451660156,36.998657226562],[-96.736511230469,36.999237060547],[-97.030090332031,36.998901367188],[-97.147705078125,36.999114990234],[-97.14892578125,37.121398925781],[-97.149719238281,37.158294677734],[-97.149536132812,37.223205566406],[-97.150512695312,37.259643554688],[-97.150634765625,37.390686035156],[-97.1494140625,37.390686035156],[-97.153259277344,37.475524902344],[-97.080383300781,37.475616455078]]]},"properties":{"_isDeleted":false,"AREA":"2.97887325503983E-01","PERIMETER":"2.20583793257138E+00","CO20_D00_":"94","CO20_D00_I":"93","STATE":"20","COUNTY":"035","NAME":"Cowley","LSAD":"06","LSAD_TRANS":"County","CODE":"dren","CODE_ACC":"dren","CODE_ABS":"dren","CODE_EV":"dren","equipmentGroupLabel":"ES&S - ES&S ExpressVote +","equipmentSystemName":"ES&S ExpressVote +","equipmentType":"Optical Scan","equipmentVendor":"ES&S","jurisdictionCode":"KS-035","jurisdictionName":"Cowley County","sourceGranularity":"county","standardSystem":"Hand marked paper ballots, BMDs for accessibility","accessibleSystem":"Ballot Marking Devices for all voters","absenteeSystem":"Hand-Fed Optical Scanners","pollBookSystem":"Commercial Electronic Poll Book","tabulation":"Optical Scan","equipmentCodeMatched":true,"sourceDocumentId":"verified-voting-verifier-ks-2024-equipment","sourceUrl":"https://verifiedvoting.org/verifier/#mode/navigate/map/voteEquip/mapType/ppEquip/year/2024/state/20"}},{"type":"Feature","bbox":[-100.65289306641,36.999908447266,-100.08905029297,37.475280761719],"geometry":{"type":"Polygon","coordinates":[[[-100.21606445312,37.475280761719],[-100.10705566406,37.474822998047],[-100.10729980469,37.387145996094],[-100.09149169922,37.386810302734],[-100.09167480469,37.342987060547],[-100.09124755859,37.209197998047],[-100.09167480469,37.176177978516],[-100.09112548828,37.125061035156],[-100.08905029297,37.036010742188],[-100.08941650391,37.002075195312],[-100.20166015625,37.002075195312],[-100.55157470703,37.000610351562],[-100.63336181641,36.999908447266],[-100.63366699219,37.073913574219],[-100.63549804688,37.124603271484],[-100.63525390625,37.286041259766],[-100.6337890625,37.387512207031],[-100.65258789062,37.387512207031],[-100.65289306641,37.474945068359],[-100.32476806641,37.474945068359],[-100.21606445312,37.475280761719]]]},"properties":{"_isDeleted":false,"AREA":"2.57675856292119E-01","PERIMETER":"2.07191465171341E+00","CO20_D00_":"95","CO20_D00_I":"94","STATE":"20","COUNTY":"119","NAME":"Meade","LSAD":"06","LSAD_TRANS":"County","CODE":"mpdn","CODE_ACC":"dren","CODE_ABS":"dren","CODE_EV":"mpdn","equipmentGroupLabel":"Unisyn - Unisyn OpenElect OVI-VC +","equipmentSystemName":"Unisyn OpenElect OVI-VC +","equipmentType":"Optical Scan","equipmentVendor":"Unisyn","jurisdictionCode":"KS-119","jurisdictionName":"Meade County","sourceGranularity":"county","standardSystem":"Hand marked paper ballots, BMDs for accessibility","accessibleSystem":"Ballot Marking Devices for all voters","absenteeSystem":"Hand-Fed Optical Scanners","pollBookSystem":"Commercial Electronic Poll Book","tabulation":"Optical Scan","equipmentCodeMatched":true,"sourceDocumentId":"verified-voting-verifier-ks-2024-equipment","sourceUrl":"https://verifiedvoting.org/verifier/#mode/navigate/map/voteEquip/mapType/ppEquip/year/2024/state/20"}},{"type":"Feature","bbox":[-100.10729980469,36.999572753906,-99.541076660156,37.474822998047],"geometry":{"type":"Polygon","coordinates":[[[-100.05255126953,37.473815917969],[-99.979675292969,37.472320556641],[-99.774719238281,37.467437744141],[-99.665161132812,37.467102050781],[-99.555969238281,37.467651367188],[-99.555725097656,37.381134033203],[-99.543090820312,37.381134033203],[-99.544616699219,37.304718017578],[-99.544128417969,37.196319580078],[-99.5419921875,37.112762451172],[-99.541076660156,36.999572753906],[-99.648681640625,36.999572753906],[-99.657653808594,37.000152587891],[-99.875366210938,37.001617431641],[-99.9951171875,37.001617431641],[-100.08941650391,37.002075195312],[-100.08905029297,37.036010742188],[-100.09112548828,37.125061035156],[-100.09167480469,37.176177978516],[-100.09124755859,37.209197998047],[-100.09167480469,37.342987060547],[-100.09149169922,37.386810302734],[-100.10729980469,37.387145996094],[-100.10705566406,37.474822998047],[-100.05255126953,37.473815917969]]]},"properties":{"_isDeleted":false,"AREA":"2.57006554183458E-01","PERIMETER":"2.06885255946705E+00","CO20_D00_":"96","CO20_D00_I":"95","STATE":"20","COUNTY":"025","NAME":"Clark","LSAD":"06","LSAD_TRANS":"County","CODE":"mpdn","CODE_ACC":"dren","CODE_ABS":"dren","CODE_EV":"mpdn","equipmentGroupLabel":"Unisyn - Unisyn OpenElect OVI +","equipmentSystemName":"Unisyn OpenElect OVI +","equipmentType":"Optical Scan","equipmentVendor":"Unisyn","jurisdictionCode":"KS-025","jurisdictionName":"Clark County","sourceGranularity":"county","standardSystem":"Hand marked paper ballots, BMDs for accessibility","accessibleSystem":"Ballot Marking Devices for all voters","absenteeSystem":"Hand-Fed Optical Scanners","pollBookSystem":"Paper Poll Book","tabulation":"Optical Scan","equipmentCodeMatched":true,"sourceDocumentId":"verified-voting-verifier-ks-2024-equipment","sourceUrl":"https://verifiedvoting.org/verifier/#mode/navigate/map/voteEquip/mapType/ppEquip/year/2024/state/20"}},{"type":"Feature","bbox":[-99.012512207031,36.997985839844,-98.347106933594,37.47119140625],"geometry":{"type":"Polygon","coordinates":[[[-98.482971191406,37.471069335938],[-98.464599609375,37.47119140625],[-98.46484375,37.384094238281],[-98.349731445312,37.384094238281],[-98.348571777344,37.181640625],[-98.348266601562,37.172302246094],[-98.347106933594,36.997985839844],[-98.408935546875,36.99853515625],[-98.544860839844,36.998992919922],[-98.714416503906,36.998992919922],[-99.000793457031,36.999450683594],[-99.001037597656,37.123809814453],[-99.002258300781,37.269653320312],[-99.001220703125,37.384307861328],[-99.011474609375,37.384185791016],[-99.012512207031,37.470397949219],[-98.875305175781,37.470153808594],[-98.8662109375,37.470520019531],[-98.65478515625,37.470611572266],[-98.482971191406,37.471069335938]]]},"properties":{"_isDeleted":false,"AREA":"2.98788549322773E-01","PERIMETER":"2.27142098248566E+00","CO20_D00_":"97","CO20_D00_I":"96","STATE":"20","COUNTY":"007","NAME":"Barber","LSAD":"06","LSAD_TRANS":"County","CODE":"mpdn","CODE_ACC":"dren","CODE_ABS":"dren","CODE_EV":"mpdn","equipmentGroupLabel":"Unisyn - Unisyn OpenElect FVT +","equipmentSystemName":"Unisyn OpenElect FVT +","equipmentType":"Optical Scan","equipmentVendor":"Unisyn","jurisdictionCode":"KS-007","jurisdictionName":"Barber County","sourceGranularity":"county","standardSystem":"Hand marked paper ballots, BMDs for accessibility","accessibleSystem":"Ballot Marking Devices for all voters","absenteeSystem":"Hand-Fed Optical Scanners","pollBookSystem":"Commercial Electronic Poll Book","tabulation":"Optical Scan","equipmentCodeMatched":true,"sourceDocumentId":"verified-voting-verifier-ks-2024-equipment","sourceUrl":"https://verifiedvoting.org/verifier/#mode/navigate/map/voteEquip/mapType/ppEquip/year/2024/state/20"}},{"type":"Feature","bbox":[-102.04223632812,36.993072509766,-101.55517578125,37.389221191406],"geometry":{"type":"Polygon","coordinates":[[[-101.88238525391,37.389099121094],[-101.55651855469,37.388519287109],[-101.55572509766,37.224914550781],[-101.55572509766,37.097961425781],[-101.55517578125,36.995361328125],[-101.60162353516,36.995147705078],[-102.04223632812,36.993072509766],[-102.04193115234,37.035095214844],[-102.04193115234,37.3525390625],[-102.04156494141,37.389221191406],[-101.88238525391,37.389099121094]]]},"properties":{"_isDeleted":false,"AREA":"1.91847072792054E-01","PERIMETER":"1.76131627605905E+00","CO20_D00_":"98","CO20_D00_I":"97","STATE":"20","COUNTY":"129","NAME":"Morton","LSAD":"06","LSAD_TRANS":"County","CODE":"pbvs","CODE_ACC":"bmds","CODE_ABS":"bmds","CODE_EV":"pbvs","equipmentGroupLabel":"Dominion - Dominion ImageCast X BMD +","equipmentSystemName":"Dominion ImageCast X BMD +","equipmentType":"Optical Scan","equipmentVendor":"Dominion","jurisdictionCode":"KS-129","jurisdictionName":"Morton County","sourceGranularity":"county","standardSystem":"Hand marked paper ballots, BMDs for accessibility","accessibleSystem":"Ballot Marking Devices for all voters","absenteeSystem":"Hand-Fed Optical Scanners","pollBookSystem":"Commercial Electronic Poll Book","tabulation":"Optical Scan","equipmentCodeMatched":true,"sourceDocumentId":"verified-voting-verifier-ks-2024-equipment","sourceUrl":"https://verifiedvoting.org/verifier/#mode/navigate/map/voteEquip/mapType/ppEquip/year/2024/state/20"}},{"type":"Feature","bbox":[-101.55651855469,36.995361328125,-101.06671142578,37.388641357422],"geometry":{"type":"Polygon","coordinates":[[[-101.52575683594,37.388641357422],[-101.42584228516,37.388397216797],[-101.36999511719,37.387847900391],[-101.3212890625,37.38818359375],[-101.13537597656,37.388061523438],[-101.08959960938,37.387725830078],[-101.06781005859,37.387847900391],[-101.06762695312,37.155456542969],[-101.06671142578,36.997863769531],[-101.48522949219,36.995574951172],[-101.55517578125,36.995361328125],[-101.55572509766,37.097961425781],[-101.55572509766,37.224914550781],[-101.55651855469,37.388519287109],[-101.52575683594,37.388641357422]]]},"properties":{"_isDeleted":false,"AREA":"1.91234236374006E-01","PERIMETER":"1.76020820629574E+00","CO20_D00_":"99","CO20_D00_I":"98","STATE":"20","COUNTY":"189","NAME":"Stevens","LSAD":"06","LSAD_TRANS":"County","CODE":"pbvs","CODE_ACC":"bmds","CODE_ABS":"bmds","CODE_EV":"pbvs","equipmentGroupLabel":"Dominion - Dominion ImageCast X BMD +","equipmentSystemName":"Dominion ImageCast X BMD +","equipmentType":"Optical Scan","equipmentVendor":"Dominion","jurisdictionCode":"KS-189","jurisdictionName":"Stevens County","sourceGranularity":"county","standardSystem":"Hand marked paper ballots, BMDs for accessibility","accessibleSystem":"Ballot Marking Devices for all voters","absenteeSystem":"Hand-Fed Optical Scanners","pollBookSystem":"Commercial Electronic Poll Book","tabulation":"Optical Scan","equipmentCodeMatched":true,"sourceDocumentId":"verified-voting-verifier-ks-2024-equipment","sourceUrl":"https://verifiedvoting.org/verifier/#mode/navigate/map/voteEquip/mapType/ppEquip/year/2024/state/20"}},{"type":"Feature","bbox":[-101.06781005859,36.997863769531,-100.63336181641,37.387969970703],"geometry":{"type":"Polygon","coordinates":[[[-100.75152587891,37.387603759766],[-100.65258789062,37.387512207031],[-100.6337890625,37.387512207031],[-100.63525390625,37.286041259766],[-100.63549804688,37.124603271484],[-100.63366699219,37.073913574219],[-100.63336181641,36.999908447266],[-100.73443603516,36.998992919922],[-100.81427001953,36.999114990234],[-100.94555664062,36.998107910156],[-101.06671142578,36.997863769531],[-101.06762695312,37.155456542969],[-101.06781005859,37.387847900391],[-100.79821777344,37.387969970703],[-100.75152587891,37.387603759766]]]},"properties":{"_isDeleted":false,"AREA":"1.68354309579999E-01","PERIMETER":"1.64512793411651E+00","CO20_D00_":"100","CO20_D00_I":"99","STATE":"20","COUNTY":"175","NAME":"Seward","LSAD":"06","LSAD_TRANS":"County","CODE":"dren","CODE_ACC":"dren","CODE_ABS":"dren","CODE_EV":"dren","equipmentGroupLabel":"Unisyn - Unisyn OpenElect FVT +","equipmentSystemName":"Unisyn OpenElect FVT +","equipmentType":"Optical Scan","equipmentVendor":"Unisyn","jurisdictionCode":"KS-175","jurisdictionName":"Seward County","sourceGranularity":"county","standardSystem":"Ballot Marking Devices for all voters","accessibleSystem":"Ballot Marking Devices for all voters","absenteeSystem":"Hand-Fed Optical Scanners","pollBookSystem":"In-House Electronic Poll Book","tabulation":"Optical Scan","equipmentCodeMatched":true,"sourceDocumentId":"verified-voting-verifier-ks-2024-equipment","sourceUrl":"https://verifiedvoting.org/verifier/#mode/navigate/map/voteEquip/mapType/ppEquip/year/2024/state/20"}},{"type":"Feature","bbox":[-95.964660644531,36.999114990234,-95.518005371094,37.386688232422],"geometry":{"type":"Polygon","coordinates":[[[-95.961364746094,37.386688232422],[-95.90771484375,37.386474609375],[-95.66552734375,37.384643554688],[-95.525634765625,37.383972167969],[-95.521179199219,37.383972167969],[-95.519592285156,37.339691162109],[-95.518005371094,37.266357421875],[-95.519226074219,37.226715087891],[-95.521545410156,37.193695068359],[-95.522094726562,37.145782470703],[-95.521850585938,37.077117919922],[-95.522644042969,37.063568115234],[-95.522399902344,36.999237060547],[-95.91015625,36.999359130859],[-95.964233398438,36.999114990234],[-95.964660644531,37.092376708984],[-95.964111328125,37.189025878906],[-95.96435546875,37.299255371094],[-95.964660644531,37.386596679688],[-95.961364746094,37.386688232422]]]},"properties":{"_isDeleted":false,"AREA":"1.71224160924525E-01","PERIMETER":"1.65791375342138E+00","CO20_D00_":"101","CO20_D00_I":"100","STATE":"20","COUNTY":"125","NAME":"Montgomery","LSAD":"06","LSAD_TRANS":"County","CODE":"pbvs","CODE_ACC":"bmds","CODE_ABS":"bmds","CODE_EV":"pbvs","equipmentGroupLabel":"ES&S - ES&S ExpressVote +","equipmentSystemName":"ES&S ExpressVote +","equipmentType":"Optical Scan","equipmentVendor":"ES&S","jurisdictionCode":"KS-125","jurisdictionName":"Montgomery County","sourceGranularity":"county","standardSystem":"Hand marked paper ballots, BMDs for accessibility","accessibleSystem":"Ballot Marking Devices for all voters","absenteeSystem":"Batch-Fed Optical Scanners","pollBookSystem":"Paper Poll Book","tabulation":"Optical Scan","equipmentCodeMatched":true,"sourceDocumentId":"verified-voting-verifier-ks-2024-equipment","sourceUrl":"https://verifiedvoting.org/verifier/#mode/navigate/map/voteEquip/mapType/ppEquip/year/2024/state/20"}},{"type":"Feature","bbox":[-98.349731445312,36.997985839844,-97.802062988281,37.386352539062],"geometry":{"type":"Polygon","coordinates":[[[-97.804443359375,37.386352539062],[-97.802185058594,37.212738037109],[-97.802734375,37.154663085938],[-97.802062988281,37.124481201172],[-97.802307128906,36.998657226562],[-98.111999511719,36.998107910156],[-98.347106933594,36.997985839844],[-98.348266601562,37.172302246094],[-98.348571777344,37.181640625],[-98.349731445312,37.384094238281],[-98.157104492188,37.384307861328],[-98.036926269531,37.385223388672],[-97.91650390625,37.385559082031],[-97.806945800781,37.386352539062],[-97.804443359375,37.386352539062]]]},"properties":{"_isDeleted":false,"AREA":"2.11050495633651E-01","PERIMETER":"1.86425270014054E+00","CO20_D00_":"102","CO20_D00_I":"101","STATE":"20","COUNTY":"077","NAME":"Harper","LSAD":"06","LSAD_TRANS":"County","CODE":"dren","CODE_ACC":"dren","CODE_ABS":"dren","CODE_EV":"dren","equipmentGroupLabel":"Unisyn - Unisyn OpenElect OVI +","equipmentSystemName":"Unisyn OpenElect OVI +","equipmentType":"Optical Scan","equipmentVendor":"Unisyn","jurisdictionCode":"KS-077","jurisdictionName":"Harper County","sourceGranularity":"county","standardSystem":"Hand marked paper ballots, BMDs for accessibility","accessibleSystem":"Ballot Marking Devices for all voters","absenteeSystem":"Hand-Fed Optical Scanners","pollBookSystem":"Paper Poll Book","tabulation":"Optical Scan","equipmentCodeMatched":true,"sourceDocumentId":"verified-voting-verifier-ks-2024-equipment","sourceUrl":"https://verifiedvoting.org/verifier/#mode/navigate/map/voteEquip/mapType/ppEquip/year/2024/state/20"}},{"type":"Feature","bbox":[-95.522644042969,36.999237060547,-95.073486328125,37.384185791016],"geometry":{"type":"Polygon","coordinates":[[[-95.12451171875,37.384094238281],[-95.088073730469,37.383850097656],[-95.074951171875,37.383728027344],[-95.0751953125,37.339904785156],[-95.075317382812,37.281372070312],[-95.074157714844,37.230377197266],[-95.074157714844,37.135070800781],[-95.073486328125,36.999450683594],[-95.1953125,36.999572753906],[-95.407653808594,36.999237060547],[-95.522399902344,36.999237060547],[-95.522644042969,37.063568115234],[-95.521850585938,37.077117919922],[-95.522094726562,37.145782470703],[-95.521545410156,37.193695068359],[-95.519226074219,37.226715087891],[-95.518005371094,37.266357421875],[-95.519592285156,37.339691162109],[-95.521179199219,37.383972167969],[-95.379211425781,37.384185791016],[-95.12451171875,37.384094238281]]]},"properties":{"_isDeleted":false,"AREA":"1.71735120233020E-01","PERIMETER":"1.66440932840394E+00","CO20_D00_":"103","CO20_D00_I":"102","STATE":"20","COUNTY":"099","NAME":"Labette","LSAD":"06","LSAD_TRANS":"County","CODE":"pbvs","CODE_ACC":"bmds","CODE_ABS":"bmds","CODE_EV":"pbvs","equipmentGroupLabel":"ES&S - ES&S ExpressVote +","equipmentSystemName":"ES&S ExpressVote +","equipmentType":"Optical Scan","equipmentVendor":"ES&S","jurisdictionCode":"KS-099","jurisdictionName":"Labette County","sourceGranularity":"county","standardSystem":"Hand marked paper ballots, BMDs for accessibility","accessibleSystem":"Ballot Marking Devices for all voters","absenteeSystem":"Batch-Fed Optical Scanners","pollBookSystem":"Commercial Electronic Poll Book","tabulation":"Optical Scan","equipmentCodeMatched":true,"sourceDocumentId":"verified-voting-verifier-ks-2024-equipment","sourceUrl":"https://verifiedvoting.org/verifier/#mode/navigate/map/voteEquip/mapType/ppEquip/year/2024/state/20"}},{"type":"Feature","bbox":[-99.544616699219,36.999237060547,-99.000793457031,37.384307861328],"geometry":{"type":"Polygon","coordinates":[[[-99.011474609375,37.384185791016],[-99.001220703125,37.384307861328],[-99.002258300781,37.269653320312],[-99.001037597656,37.123809814453],[-99.000793457031,36.999450683594],[-99.049621582031,36.999237060547],[-99.277465820312,36.999572753906],[-99.375366210938,37.000152587891],[-99.406921386719,36.999572753906],[-99.541076660156,36.999572753906],[-99.5419921875,37.112762451172],[-99.544128417969,37.196319580078],[-99.544616699219,37.304718017578],[-99.543090820312,37.381134033203],[-99.487670898438,37.381011962891],[-99.214538574219,37.38330078125],[-99.011474609375,37.384185791016]]]},"properties":{"_isDeleted":false,"AREA":"2.07570326638493E-01","PERIMETER":"1.84873690583935E+00","CO20_D00_":"104","CO20_D00_I":"103","STATE":"20","COUNTY":"033","NAME":"Comanche","LSAD":"06","LSAD_TRANS":"County","CODE":"mpdn","CODE_ACC":"dren","CODE_ABS":"dren","CODE_EV":"mpdn","equipmentGroupLabel":"Unisyn - Unisyn OpenElect OVI +","equipmentSystemName":"Unisyn OpenElect OVI +","equipmentType":"Optical Scan","equipmentVendor":"Unisyn","jurisdictionCode":"KS-033","jurisdictionName":"Comanche County","sourceGranularity":"county","standardSystem":"Hand marked paper ballots, BMDs for accessibility","accessibleSystem":"Ballot Marking Devices for all voters","absenteeSystem":"Hand-Fed Optical Scanners","pollBookSystem":"Paper Poll Book","tabulation":"Optical Scan","equipmentCodeMatched":true,"sourceDocumentId":"verified-voting-verifier-ks-2024-equipment","sourceUrl":"https://verifiedvoting.org/verifier/#mode/navigate/map/voteEquip/mapType/ppEquip/year/2024/state/20"}},{"type":"Feature","bbox":[-95.075317382812,36.998107910156,-94.617553710938,37.340026855469],"geometry":{"type":"Polygon","coordinates":[[[-94.832214355469,37.339569091797],[-94.671203613281,37.338317871094],[-94.617553710938,37.338439941406],[-94.618225097656,37.188812255859],[-94.617797851562,37.056732177734],[-94.618041992188,36.998107910156],[-94.625183105469,36.998657226562],[-94.853149414062,36.998901367188],[-94.995239257812,36.999450683594],[-95.073486328125,36.999450683594],[-95.074157714844,37.135070800781],[-95.074157714844,37.230377197266],[-95.075317382812,37.281372070312],[-95.0751953125,37.339904785156],[-94.9228515625,37.340026855469],[-94.832214355469,37.339569091797]]]},"properties":{"_isDeleted":false,"AREA":"1.55279520248005E-01","PERIMETER":"1.59370638611963E+00","CO20_D00_":"105","CO20_D00_I":"104","STATE":"20","COUNTY":"021","NAME":"Cherokee","LSAD":"06","LSAD_TRANS":"County","CODE":"pbvs","CODE_ACC":"bmds","CODE_ABS":"bmds","CODE_EV":"pbvs","equipmentGroupLabel":"ES&S - ES&S ExpressVote +","equipmentSystemName":"ES&S ExpressVote +","equipmentType":"Optical Scan","equipmentVendor":"ES&S","jurisdictionCode":"KS-021","jurisdictionName":"Cherokee County","sourceGranularity":"county","standardSystem":"Hand marked paper ballots, BMDs for accessibility","accessibleSystem":"Ballot Marking Devices for all voters","absenteeSystem":"Batch-Fed Optical Scanners","pollBookSystem":"Commercial Electronic Poll Book","tabulation":"Optical Scan","equipmentCodeMatched":true,"sourceDocumentId":"verified-voting-verifier-ks-2024-equipment","sourceUrl":"https://verifiedvoting.org/verifier/#mode/navigate/map/voteEquip/mapType/ppEquip/year/2024/state/20"}},{"type":"Feature","bbox":[-96.525451660156,36.998657226562,-95.964111328125,37.302673339844],"geometry":{"type":"Polygon","coordinates":[[[-96.524841308594,37.302673339844],[-96.342712402344,37.301879882812],[-96.272338867188,37.300750732422],[-96.186706542969,37.300964355469],[-95.99462890625,37.299713134766],[-95.96435546875,37.299255371094],[-95.964111328125,37.189025878906],[-95.964660644531,37.092376708984],[-95.964233398438,36.999114990234],[-96.000732421875,36.998901367188],[-96.394287109375,36.999237060547],[-96.525451660156,36.998657226562],[-96.525085449219,37.128570556641],[-96.525207519531,37.259521484375],[-96.524841308594,37.302673339844]]]},"properties":{"_isDeleted":false,"AREA":"1.69426617331468E-01","PERIMETER":"1.72607850595218E+00","CO20_D00_":"106","CO20_D00_I":"105","STATE":"20","COUNTY":"019","NAME":"Chautauqua","LSAD":"06","LSAD_TRANS":"County","CODE":"pbvs","CODE_ACC":"bmds","CODE_ABS":"bmds","CODE_EV":"pbvs","equipmentGroupLabel":"ES&S - ES&S ExpressVote +","equipmentSystemName":"ES&S ExpressVote +","equipmentType":"Optical Scan","equipmentVendor":"ES&S","jurisdictionCode":"KS-019","jurisdictionName":"Chautauqua County","sourceGranularity":"county","standardSystem":"Hand marked paper ballots, BMDs for accessibility","accessibleSystem":"Ballot Marking Devices for all voters","absenteeSystem":"Hand-Fed Optical Scanners","pollBookSystem":"Commercial Electronic Poll Book","tabulation":"Optical Scan","equipmentCodeMatched":true,"sourceDocumentId":"verified-voting-verifier-ks-2024-equipment","sourceUrl":"https://verifiedvoting.org/verifier/#mode/navigate/map/voteEquip/mapType/ppEquip/year/2024/state/20"}}],"properties":{"electionYear":2024,"source":"Verified Voting Verifier area geometry","sourceDocumentId":"verified-voting-verifier-ks-2024-equipment","sourceUrl":"https://verifiedvoting.org/verifier/#mode/navigate/map/voteEquip/mapType/ppEquip/year/2024/state/20","state":"KS"}}
