{"type":"FeatureCollection","bbox":[-83.353210449219,32.034576416016,-78.541076660156,35.215393066406],"features":[{"type":"Feature","bbox":[-82.764465332031,34.483978271484,-82.146728515625,35.215393066406],"geometry":{"type":"Polygon","coordinates":[[[-82.216247558594,35.196014404297],[-82.221069335938,34.964263916016],[-82.215148925781,34.962738037109],[-82.221435546875,34.958831787109],[-82.226440429688,34.850738525391],[-82.196044921875,34.835174560547],[-82.173461914062,34.805969238281],[-82.16455078125,34.806396484375],[-82.168579101562,34.797668457031],[-82.157348632812,34.792602539062],[-82.153503417969,34.782104492188],[-82.146728515625,34.785552978516],[-82.238037109375,34.5869140625],[-82.236145019531,34.535797119141],[-82.314025878906,34.483978271484],[-82.334350585938,34.500122070312],[-82.343994140625,34.500122070312],[-82.343688964844,34.511657714844],[-82.364501953125,34.515991210938],[-82.385620117188,34.538513183594],[-82.409973144531,34.546600341797],[-82.420288085938,34.558868408203],[-82.428039550781,34.598510742188],[-82.453552246094,34.62451171875],[-82.44970703125,34.639862060547],[-82.455627441406,34.656982421875],[-82.46484375,34.658508300781],[-82.465087890625,34.672393798828],[-82.45654296875,34.680236816406],[-82.463562011719,34.685607910156],[-82.459655761719,34.700439453125],[-82.465148925781,34.706298828125],[-82.456604003906,34.711151123047],[-82.465270996094,34.721069335938],[-82.459411621094,34.739807128906],[-82.463562011719,34.744262695312],[-82.455017089844,34.750885009766],[-82.452026367188,34.7763671875],[-82.459655761719,34.780914306641],[-82.460815429688,34.796569824219],[-82.468811035156,34.797668457031],[-82.486877441406,34.819396972656],[-82.476684570312,34.827850341797],[-82.4873046875,34.831878662109],[-82.480285644531,34.840393066406],[-82.489135742188,34.841064453125],[-82.483215332031,34.857513427734],[-82.489074707031,34.861328125],[-82.489807128906,34.884826660156],[-82.497009277344,34.888488769531],[-82.502014160156,34.908752441406],[-82.51806640625,34.920349121094],[-82.527404785156,34.965972900391],[-82.547668457031,34.978729248047],[-82.533935546875,34.984252929688],[-82.542297363281,35.001068115234],[-82.537963867188,35.015441894531],[-82.595092773438,35.009063720703],[-82.585998535156,35.031768798828],[-82.58984375,35.042114257812],[-82.598510742188,35.038421630859],[-82.597412109375,35.053924560547],[-82.590637207031,35.063323974609],[-82.572998046875,35.065460205078],[-82.572143554688,35.074279785156],[-82.6416015625,35.060333251953],[-82.703125,35.061431884766],[-82.742004394531,35.047332763672],[-82.758056640625,35.054962158203],[-82.764465332031,35.068176269531],[-82.738403320312,35.079406738281],[-82.726989746094,35.094085693359],[-82.69482421875,35.098419189453],[-82.68359375,35.125823974609],[-82.662353515625,35.118103027344],[-82.642211914062,35.129180908203],[-82.628967285156,35.126098632812],[-82.609680175781,35.139038085938],[-82.578308105469,35.142120361328],[-82.550476074219,35.159454345703],[-82.529907226562,35.155639648438],[-82.460083007812,35.178100585938],[-82.451171875,35.165252685547],[-82.439575195312,35.165832519531],[-82.419677734375,35.198577880859],[-82.392883300781,35.215393066406],[-82.384033203125,35.210571289062],[-82.380859375,35.189544677734],[-82.371276855469,35.181396484375],[-82.361450195312,35.190795898438],[-82.344482421875,35.193084716797],[-82.323364257812,35.184783935547],[-82.282470703125,35.199829101562],[-82.216247558594,35.196014404297]]]},"properties":{"_isDeleted":false,"AREA":"2.02981823534876E-01","PERIMETER":"2.76686780520608E+00","CO45_D00_":"2","CO45_D00_I":"1","STATE":"45","COUNTY":"045","NAME":"Greenville","LSAD":"06","LSAD_TRANS":"County","CODE":"dren","CODE_ACC":"dren","CODE_ABS":"dren","CODE_EV":"nev","equipmentGroupLabel":"ES&S - ES&S ExpressVote +","equipmentSystemName":"ES&S ExpressVote +","equipmentType":"Optical Scan","equipmentVendor":"ES&S","jurisdictionCode":"SC-045","jurisdictionName":"Greenville County","sourceGranularity":"county","standardSystem":"Ballot Marking Devices for all voters","accessibleSystem":"Ballot Marking Devices for all voters","absenteeSystem":"Batch-Fed Optical Scanners","pollBookSystem":"In-House Electronic Poll Book","tabulation":"Optical Scan","equipmentCodeMatched":true,"sourceDocumentId":"verified-voting-verifier-sc-2024-equipment","sourceUrl":"https://verifiedvoting.org/verifier/#mode/navigate/map/voteEquip/mapType/ppEquip/year/2024/state/45"}},{"type":"Feature","bbox":[-82.226440429688,34.580383300781,-81.711669921875,35.196014404297],"geometry":{"type":"Polygon","coordinates":[[[-81.874389648438,35.184112548828],[-81.808959960938,35.062591552734],[-81.807189941406,35.035705566406],[-81.794311523438,35.03564453125],[-81.790161132812,35.028228759766],[-81.7548828125,34.9326171875],[-81.734802246094,34.932922363281],[-81.724182128906,34.917633056641],[-81.711669921875,34.912567138672],[-81.713195800781,34.911041259766],[-81.783264160156,34.837158203125],[-81.824340820312,34.679870605469],[-81.853942871094,34.594635009766],[-81.86376953125,34.580383300781],[-81.879699707031,34.596618652344],[-81.887634277344,34.593292236328],[-81.894165039062,34.601837158203],[-81.910888671875,34.603363037109],[-81.952331542969,34.649688720703],[-81.970642089844,34.649932861328],[-81.970397949219,34.657775878906],[-81.977844238281,34.660858154297],[-82.00390625,34.662170410156],[-82.036376953125,34.681213378906],[-82.057250976562,34.700958251953],[-82.071105957031,34.7041015625],[-82.066345214844,34.71533203125],[-82.078247070312,34.719665527344],[-82.083923339844,34.744354248047],[-82.100891113281,34.744354248047],[-82.110107421875,34.755950927734],[-82.114685058594,34.748748779297],[-82.135009765625,34.772827148438],[-82.146728515625,34.785552978516],[-82.153503417969,34.782104492188],[-82.157348632812,34.792602539062],[-82.168579101562,34.797668457031],[-82.16455078125,34.806396484375],[-82.173461914062,34.805969238281],[-82.196044921875,34.835174560547],[-82.226440429688,34.850738525391],[-82.221435546875,34.958831787109],[-82.215148925781,34.962738037109],[-82.221069335938,34.964263916016],[-82.216247558594,35.196014404297],[-81.874389648438,35.184112548828]]]},"properties":{"_isDeleted":false,"AREA":"2.09292146948991E-01","PERIMETER":"1.99593395796428E+00","CO45_D00_":"3","CO45_D00_I":"2","STATE":"45","COUNTY":"083","NAME":"Spartanburg","LSAD":"06","LSAD_TRANS":"County","CODE":"dren","CODE_ACC":"dren","CODE_ABS":"dren","CODE_EV":"nev","equipmentGroupLabel":"ES&S - ES&S ExpressVote +","equipmentSystemName":"ES&S ExpressVote +","equipmentType":"Optical Scan","equipmentVendor":"ES&S","jurisdictionCode":"SC-083","jurisdictionName":"Spartanburg County","sourceGranularity":"county","standardSystem":"Ballot Marking Devices for all voters","accessibleSystem":"Ballot Marking Devices for all voters","absenteeSystem":"Batch-Fed Optical Scanners","pollBookSystem":"In-House Electronic Poll Book","tabulation":"Optical Scan","equipmentCodeMatched":true,"sourceDocumentId":"verified-voting-verifier-sc-2024-equipment","sourceUrl":"https://verifiedvoting.org/verifier/#mode/navigate/map/voteEquip/mapType/ppEquip/year/2024/state/45"}},{"type":"Feature","bbox":[-81.874389648438,34.839294433594,-81.366638183594,35.184112548828],"geometry":{"type":"Polygon","coordinates":[[[-81.366638183594,35.164886474609],[-81.401245117188,35.136688232422],[-81.409301757812,35.048706054688],[-81.464904785156,35.045867919922],[-81.46923828125,35.050994873047],[-81.486999511719,35.034851074219],[-81.483947753906,34.993804931641],[-81.47607421875,34.981323242188],[-81.492370605469,34.946716308594],[-81.473815917969,34.935852050781],[-81.477233886719,34.924468994141],[-81.470458984375,34.912933349609],[-81.478332519531,34.897094726562],[-81.46875,34.865661621094],[-81.453369140625,34.847015380859],[-81.457275390625,34.839294433594],[-81.483520507812,34.855895996094],[-81.482055664062,34.866455078125],[-81.515380859375,34.877044677734],[-81.522705078125,34.877197265625],[-81.528564453125,34.867340087891],[-81.534545898438,34.879608154297],[-81.542846679688,34.86962890625],[-81.586853027344,34.887084960938],[-81.626281738281,34.874176025391],[-81.637817382812,34.880126953125],[-81.647888183594,34.900604248047],[-81.677612304688,34.900695800781],[-81.684631347656,34.912811279297],[-81.699279785156,34.905609130859],[-81.711669921875,34.912567138672],[-81.724182128906,34.917633056641],[-81.734802246094,34.932922363281],[-81.7548828125,34.9326171875],[-81.790161132812,35.028228759766],[-81.794311523438,35.03564453125],[-81.807189941406,35.035705566406],[-81.808959960938,35.062591552734],[-81.874389648438,35.184112548828],[-81.366638183594,35.164886474609]]]},"properties":{"_isDeleted":false,"AREA":"1.01671249756504E-01","PERIMETER":"1.64935202092446E+00","CO45_D00_":"4","CO45_D00_I":"3","STATE":"45","COUNTY":"021","NAME":"Cherokee","LSAD":"06","LSAD_TRANS":"County","CODE":"dren","CODE_ACC":"dren","CODE_ABS":"dren","CODE_EV":"nev","equipmentGroupLabel":"ES&S - ES&S ExpressVote +","equipmentSystemName":"ES&S ExpressVote +","equipmentType":"Optical Scan","equipmentVendor":"ES&S","jurisdictionCode":"SC-021","jurisdictionName":"Cherokee County","sourceGranularity":"county","standardSystem":"Ballot Marking Devices for all voters","accessibleSystem":"Ballot Marking Devices for all voters","absenteeSystem":"Hand-Fed Optical Scanners","pollBookSystem":"In-House Electronic Poll Book","tabulation":"Optical Scan","equipmentCodeMatched":true,"sourceDocumentId":"verified-voting-verifier-sc-2024-equipment","sourceUrl":"https://verifiedvoting.org/verifier/#mode/navigate/map/voteEquip/mapType/ppEquip/year/2024/state/45"}},{"type":"Feature","bbox":[-81.492370605469,34.820709228516,-80.865051269531,35.164886474609],"geometry":{"type":"Polygon","coordinates":[[[-80.906555175781,35.076782226562],[-80.906433105469,35.076110839844],[-80.897338867188,35.033508300781],[-80.909362792969,35.017669677734],[-80.904907226562,35.010101318359],[-80.897033691406,35.013610839844],[-80.902404785156,35.005767822266],[-80.885803222656,34.991302490234],[-80.888122558594,34.983795166016],[-80.86865234375,34.950836181641],[-80.865051269531,34.924835205078],[-80.878845214844,34.901062011719],[-80.880065917969,34.875122070312],[-80.878784179688,34.862426757812],[-80.866638183594,34.848022460938],[-80.896789550781,34.828430175781],[-80.898132324219,34.820709228516],[-81.286987304688,34.821899414062],[-81.478393554688,34.821533203125],[-81.457275390625,34.839294433594],[-81.453369140625,34.847015380859],[-81.46875,34.865661621094],[-81.478332519531,34.897094726562],[-81.470458984375,34.912933349609],[-81.477233886719,34.924468994141],[-81.473815917969,34.935852050781],[-81.492370605469,34.946716308594],[-81.47607421875,34.981323242188],[-81.483947753906,34.993804931641],[-81.486999511719,35.034851074219],[-81.46923828125,35.050994873047],[-81.464904785156,35.045867919922],[-81.409301757812,35.048706054688],[-81.401245117188,35.136688232422],[-81.366638183594,35.164886474609],[-81.043640136719,35.149841308594],[-81.051025390625,35.131622314453],[-81.038940429688,35.126251220703],[-81.032775878906,35.108062744141],[-81.052062988281,35.096221923828],[-81.057983398438,35.073181152344],[-81.0576171875,35.062438964844],[-81.04150390625,35.044677734375],[-80.934936523438,35.107391357422],[-80.906555175781,35.076782226562]]]},"properties":{"_isDeleted":false,"AREA":"1.77892982509013E-01","PERIMETER":"2.03934356524770E+00","CO45_D00_":"5","CO45_D00_I":"4","STATE":"45","COUNTY":"091","NAME":"York","LSAD":"06","LSAD_TRANS":"County","CODE":"dren","CODE_ACC":"dren","CODE_ABS":"dren","CODE_EV":"nev","equipmentGroupLabel":"ES&S - ES&S ExpressVote +","equipmentSystemName":"ES&S ExpressVote +","equipmentType":"Optical Scan","equipmentVendor":"ES&S","jurisdictionCode":"SC-091","jurisdictionName":"York County","sourceGranularity":"county","standardSystem":"Ballot Marking Devices for all voters","accessibleSystem":"Ballot Marking Devices for all voters","absenteeSystem":"Batch-Fed Optical Scanners","pollBookSystem":"In-House Electronic Poll Book","tabulation":"Optical Scan","equipmentCodeMatched":true,"sourceDocumentId":"verified-voting-verifier-sc-2024-equipment","sourceUrl":"https://verifiedvoting.org/verifier/#mode/navigate/map/voteEquip/mapType/ppEquip/year/2024/state/45"}},{"type":"Feature","bbox":[-82.943542480469,34.623199462891,-82.476684570312,35.085571289062],"geometry":{"type":"Polygon","coordinates":[[[-82.764465332031,35.068176269531],[-82.758056640625,35.054962158203],[-82.742004394531,35.047332763672],[-82.703125,35.061431884766],[-82.6416015625,35.060333251953],[-82.572143554688,35.074279785156],[-82.572998046875,35.065460205078],[-82.590637207031,35.063323974609],[-82.597412109375,35.053924560547],[-82.598510742188,35.038421630859],[-82.58984375,35.042114257812],[-82.585998535156,35.031768798828],[-82.595092773438,35.009063720703],[-82.537963867188,35.015441894531],[-82.542297363281,35.001068115234],[-82.533935546875,34.984252929688],[-82.547668457031,34.978729248047],[-82.527404785156,34.965972900391],[-82.51806640625,34.920349121094],[-82.502014160156,34.908752441406],[-82.497009277344,34.888488769531],[-82.489807128906,34.884826660156],[-82.489074707031,34.861328125],[-82.483215332031,34.857513427734],[-82.489135742188,34.841064453125],[-82.480285644531,34.840393066406],[-82.4873046875,34.831878662109],[-82.476684570312,34.827850341797],[-82.486877441406,34.819396972656],[-82.489807128906,34.817932128906],[-82.782531738281,34.676940917969],[-82.840209960938,34.623199462891],[-82.854919433594,34.626190185547],[-82.849182128906,34.636413574219],[-82.830078125,34.640808105469],[-82.839294433594,34.644989013672],[-82.822692871094,34.654632568359],[-82.836181640625,34.651306152344],[-82.852478027344,34.669464111328],[-82.849670410156,34.696319580078],[-82.865539550781,34.702362060547],[-82.856384277344,34.714324951172],[-82.857238769531,34.728271484375],[-82.899719238281,34.740966796875],[-82.881652832031,34.785919189453],[-82.873168945312,34.790008544922],[-82.887512207031,34.795837402344],[-82.887573242188,34.807281494141],[-82.896667480469,34.802886962891],[-82.900939941406,34.823059082031],[-82.896240234375,34.837371826172],[-82.909240722656,34.894958496094],[-82.900085449219,34.901702880859],[-82.908813476562,34.92138671875],[-82.903137207031,34.935180664062],[-82.915771484375,34.947448730469],[-82.908447265625,34.953857421875],[-82.919250488281,34.96044921875],[-82.915771484375,34.972290039062],[-82.934631347656,34.976898193359],[-82.943542480469,34.988128662109],[-82.93017578125,35.009490966797],[-82.911865234375,35.009582519531],[-82.920532226562,35.015686035156],[-82.913513183594,35.029632568359],[-82.918151855469,35.036224365234],[-82.904907226562,35.042022705078],[-82.897521972656,35.055999755859],[-82.783264160156,35.085571289062],[-82.7763671875,35.081329345703],[-82.781921386719,35.066772460938],[-82.764465332031,35.068176269531]]]},"properties":{"_isDeleted":false,"AREA":"1.30722631892302E-01","PERIMETER":"1.99640956481731E+00","CO45_D00_":"6","CO45_D00_I":"5","STATE":"45","COUNTY":"077","NAME":"Pickens","LSAD":"06","LSAD_TRANS":"County","CODE":"dren","CODE_ACC":"dren","CODE_ABS":"dren","CODE_EV":"nev","equipmentGroupLabel":"ES&S - ES&S ExpressVote +","equipmentSystemName":"ES&S ExpressVote +","equipmentType":"Optical Scan","equipmentVendor":"ES&S","jurisdictionCode":"SC-077","jurisdictionName":"Pickens County","sourceGranularity":"county","standardSystem":"Ballot Marking Devices for all voters","accessibleSystem":"Ballot Marking Devices for all voters","absenteeSystem":"Hand-Fed Optical Scanners","pollBookSystem":"In-House Electronic Poll Book","tabulation":"Optical Scan","equipmentCodeMatched":true,"sourceDocumentId":"verified-voting-verifier-sc-2024-equipment","sourceUrl":"https://verifiedvoting.org/verifier/#mode/navigate/map/voteEquip/mapType/ppEquip/year/2024/state/45"}},{"type":"Feature","bbox":[-80.909362792969,34.457763671875,-80.408325195312,35.076782226562],"geometry":{"type":"Polygon","coordinates":[[[-80.906433105469,35.076110839844],[-80.906555175781,35.076782226562],[-80.781982421875,34.935791015625],[-80.797485351562,34.819763183594],[-80.561645507812,34.817474365234],[-80.552062988281,34.791351318359],[-80.514709472656,34.766906738281],[-80.516235351562,34.759185791016],[-80.489379882812,34.723358154297],[-80.486633300781,34.705810546875],[-80.460571289062,34.677001953125],[-80.431640625,34.659912109375],[-80.435180664062,34.642578125],[-80.414245605469,34.628112792969],[-80.419006347656,34.620025634766],[-80.408325195312,34.61474609375],[-80.528076171875,34.569061279297],[-80.550537109375,34.560119628906],[-80.541748046875,34.5341796875],[-80.535949707031,34.533905029297],[-80.524230957031,34.512084960938],[-80.527404785156,34.503936767578],[-80.544006347656,34.507476806641],[-80.548828125,34.493225097656],[-80.579406738281,34.484558105469],[-80.595703125,34.502105712891],[-80.610290527344,34.488800048828],[-80.613220214844,34.499755859375],[-80.629577636719,34.498657226562],[-80.629638671875,34.491149902344],[-80.622863769531,34.491455078125],[-80.630493164062,34.481018066406],[-80.63232421875,34.491455078125],[-80.644897460938,34.491912841797],[-80.646850585938,34.482421875],[-80.658386230469,34.478607177734],[-80.689025878906,34.515319824219],[-80.698059082031,34.515838623047],[-80.713500976562,34.487640380859],[-80.740356445312,34.480377197266],[-80.745544433594,34.491149902344],[-80.739685058594,34.506744384766],[-80.745544433594,34.512603759766],[-80.737609863281,34.539489746094],[-80.743286132812,34.539916992188],[-80.879211425781,34.457763671875],[-80.898681640625,34.486694335938],[-80.881713867188,34.500122070312],[-80.87744140625,34.543151855469],[-80.872924804688,34.554962158203],[-80.878112792969,34.581115722656],[-80.89208984375,34.598236083984],[-80.889221191406,34.618194580078],[-80.896301269531,34.634796142578],[-80.88720703125,34.652923583984],[-80.888488769531,34.668579101562],[-80.859558105469,34.698883056641],[-80.877563476562,34.743896484375],[-80.876586914062,34.789001464844],[-80.898132324219,34.820709228516],[-80.896789550781,34.828430175781],[-80.866638183594,34.848022460938],[-80.878784179688,34.862426757812],[-80.880065917969,34.875122070312],[-80.878845214844,34.901062011719],[-80.865051269531,34.924835205078],[-80.86865234375,34.950836181641],[-80.888122558594,34.983795166016],[-80.885803222656,34.991302490234],[-80.902404785156,35.005767822266],[-80.897033691406,35.013610839844],[-80.904907226562,35.010101318359],[-80.909362792969,35.017669677734],[-80.897338867188,35.033508300781],[-80.906433105469,35.076110839844]]]},"properties":{"_isDeleted":false,"AREA":"1.41453602722503E-01","PERIMETER":"2.44222884401516E+00","CO45_D00_":"7","CO45_D00_I":"6","STATE":"45","COUNTY":"057","NAME":"Lancaster","LSAD":"06","LSAD_TRANS":"County","CODE":"dren","CODE_ACC":"dren","CODE_ABS":"dren","CODE_EV":"nev","equipmentGroupLabel":"ES&S - ES&S ExpressVote +","equipmentSystemName":"ES&S ExpressVote +","equipmentType":"Optical Scan","equipmentVendor":"ES&S","jurisdictionCode":"SC-057","jurisdictionName":"Lancaster County","sourceGranularity":"county","standardSystem":"Ballot Marking Devices for all voters","accessibleSystem":"Ballot Marking Devices for all voters","absenteeSystem":"Batch-Fed Optical Scanners","pollBookSystem":"In-House Electronic Poll Book","tabulation":"Optical Scan","equipmentCodeMatched":true,"sourceDocumentId":"verified-voting-verifier-sc-2024-equipment","sourceUrl":"https://verifiedvoting.org/verifier/#mode/navigate/map/voteEquip/mapType/ppEquip/year/2024/state/45"}},{"type":"Feature","bbox":[-83.353210449219,34.472137451172,-82.822692871094,35.055999755859],"geometry":{"type":"Polygon","coordinates":[[[-82.897521972656,35.055999755859],[-82.904907226562,35.042022705078],[-82.918151855469,35.036224365234],[-82.913513183594,35.029632568359],[-82.920532226562,35.015686035156],[-82.911865234375,35.009582519531],[-82.93017578125,35.009490966797],[-82.943542480469,34.988128662109],[-82.934631347656,34.976898193359],[-82.915771484375,34.972290039062],[-82.919250488281,34.96044921875],[-82.908447265625,34.953857421875],[-82.915771484375,34.947448730469],[-82.903137207031,34.935180664062],[-82.908813476562,34.92138671875],[-82.900085449219,34.901702880859],[-82.909240722656,34.894958496094],[-82.896240234375,34.837371826172],[-82.900939941406,34.823059082031],[-82.896667480469,34.802886962891],[-82.887573242188,34.807281494141],[-82.887512207031,34.795837402344],[-82.873168945312,34.790008544922],[-82.881652832031,34.785919189453],[-82.899719238281,34.740966796875],[-82.857238769531,34.728271484375],[-82.856384277344,34.714324951172],[-82.865539550781,34.702362060547],[-82.849670410156,34.696319580078],[-82.852478027344,34.669464111328],[-82.836181640625,34.651306152344],[-82.822692871094,34.654632568359],[-82.839294433594,34.644989013672],[-82.830078125,34.640808105469],[-82.849182128906,34.636413574219],[-82.854919433594,34.626190185547],[-82.840209960938,34.623199462891],[-82.845092773438,34.618713378906],[-82.866821289062,34.617401123047],[-82.855285644531,34.609252929688],[-82.992126464844,34.479187011719],[-83.002868652344,34.472137451172],[-83.043762207031,34.488800048828],[-83.054443359375,34.502838134766],[-83.069396972656,34.502105712891],[-83.087158203125,34.515899658203],[-83.078063964844,34.524780273438],[-83.102172851562,34.532135009766],[-83.122863769531,34.560119628906],[-83.152526855469,34.578247070312],[-83.154602050781,34.588165283203],[-83.170227050781,34.592346191406],[-83.169982910156,34.605407714844],[-83.231750488281,34.611297607422],[-83.255249023438,34.637664794922],[-83.292846679688,34.654174804688],[-83.304626464844,34.669525146484],[-83.338684082031,34.682006835938],[-83.349975585938,34.699127197266],[-83.353210449219,34.728637695312],[-83.320007324219,34.759613037109],[-83.323852539062,34.789733886719],[-83.301147460938,34.803985595703],[-83.302917480469,34.812194824219],[-83.289916992188,34.824462890625],[-83.275573730469,34.816833496094],[-83.268127441406,34.821380615234],[-83.267639160156,34.845245361328],[-83.254577636719,34.846405029297],[-83.239013671875,34.875640869141],[-83.205627441406,34.880126953125],[-83.203308105469,34.893707275391],[-83.153259277344,34.926300048828],[-83.140563964844,34.924926757812],[-83.12109375,34.939086914062],[-83.126953125,34.953765869141],[-83.10693359375,34.982696533203],[-83.108520507812,35.000762939453],[-82.897521972656,35.055999755859]]]},"properties":{"_isDeleted":false,"AREA":"1.71642599206798E-01","PERIMETER":"2.19217719665258E+00","CO45_D00_":"8","CO45_D00_I":"7","STATE":"45","COUNTY":"073","NAME":"Oconee","LSAD":"06","LSAD_TRANS":"County","CODE":"dren","CODE_ACC":"dren","CODE_ABS":"dren","CODE_EV":"nev","equipmentGroupLabel":"ES&S - ES&S ExpressVote +","equipmentSystemName":"ES&S ExpressVote +","equipmentType":"Optical Scan","equipmentVendor":"ES&S","jurisdictionCode":"SC-073","jurisdictionName":"Oconee County","sourceGranularity":"county","standardSystem":"Ballot Marking Devices for all voters","accessibleSystem":"Ballot Marking Devices for all voters","absenteeSystem":"Hand-Fed Optical Scanners","pollBookSystem":"In-House Electronic Poll Book","tabulation":"Optical Scan","equipmentCodeMatched":true,"sourceDocumentId":"verified-voting-verifier-sc-2024-equipment","sourceUrl":"https://verifiedvoting.org/verifier/#mode/navigate/map/voteEquip/mapType/ppEquip/year/2024/state/45"}},{"type":"Feature","bbox":[-81.853942871094,34.444915771484,-81.416320800781,34.912811279297],"geometry":{"type":"Polygon","coordinates":[[[-81.713195800781,34.911041259766],[-81.711669921875,34.912567138672],[-81.699279785156,34.905609130859],[-81.684631347656,34.912811279297],[-81.677612304688,34.900695800781],[-81.647888183594,34.900604248047],[-81.637817382812,34.880126953125],[-81.626281738281,34.874176025391],[-81.586853027344,34.887084960938],[-81.542846679688,34.86962890625],[-81.534545898438,34.879608154297],[-81.528564453125,34.867340087891],[-81.522705078125,34.877197265625],[-81.515380859375,34.877044677734],[-81.482055664062,34.866455078125],[-81.483520507812,34.855895996094],[-81.457275390625,34.839294433594],[-81.478393554688,34.821533203125],[-81.4873046875,34.813385009766],[-81.468994140625,34.810943603516],[-81.46923828125,34.802734375],[-81.459167480469,34.797515869141],[-81.452697753906,34.761749267578],[-81.482299804688,34.744354248047],[-81.488220214844,34.733032226562],[-81.479248046875,34.723876953125],[-81.461853027344,34.726501464844],[-81.4541015625,34.720916748047],[-81.454162597656,34.675170898438],[-81.44189453125,34.653747558594],[-81.416320800781,34.635223388672],[-81.426818847656,34.579193115234],[-81.422668457031,34.572021484375],[-81.427490234375,34.529479980469],[-81.423156738281,34.494384765625],[-81.438171386719,34.496887207031],[-81.445251464844,34.48779296875],[-81.468627929688,34.494171142578],[-81.484436035156,34.490142822266],[-81.54052734375,34.444915771484],[-81.551025390625,34.452178955078],[-81.546325683594,34.461639404297],[-81.557189941406,34.463562011719],[-81.552795410156,34.476837158203],[-81.588439941406,34.496826171875],[-81.602478027344,34.512664794922],[-81.613647460938,34.513854980469],[-81.61767578125,34.525085449219],[-81.640014648438,34.527435302734],[-81.643493652344,34.533599853516],[-81.65966796875,34.546691894531],[-81.678283691406,34.551086425781],[-81.677185058594,34.557922363281],[-81.690734863281,34.552703857422],[-81.700256347656,34.55908203125],[-81.716674804688,34.551605224609],[-81.747680664062,34.568481445312],[-81.810974121094,34.578247070312],[-81.842956542969,34.600799560547],[-81.853942871094,34.594635009766],[-81.824340820312,34.679870605469],[-81.783264160156,34.837158203125],[-81.713195800781,34.911041259766]]]},"properties":{"_isDeleted":false,"AREA":"1.31440353636499E-01","PERIMETER":"1.74423130274012E+00","CO45_D00_":"9","CO45_D00_I":"8","STATE":"45","COUNTY":"087","NAME":"Union","LSAD":"06","LSAD_TRANS":"County","CODE":"dren","CODE_ACC":"dren","CODE_ABS":"dren","CODE_EV":"nev","equipmentGroupLabel":"ES&S - ES&S ExpressVote +","equipmentSystemName":"ES&S ExpressVote +","equipmentType":"Optical Scan","equipmentVendor":"ES&S","jurisdictionCode":"SC-087","jurisdictionName":"Union County","sourceGranularity":"county","standardSystem":"Ballot Marking Devices for all voters","accessibleSystem":"Ballot Marking Devices for all voters","absenteeSystem":"Hand-Fed Optical Scanners","pollBookSystem":"In-House Electronic Poll Book","tabulation":"Optical Scan","equipmentCodeMatched":true,"sourceDocumentId":"verified-voting-verifier-sc-2024-equipment","sourceUrl":"https://verifiedvoting.org/verifier/#mode/navigate/map/voteEquip/mapType/ppEquip/year/2024/state/45"}},{"type":"Feature","bbox":[-81.488220214844,34.543151855469,-80.859558105469,34.821899414062],"geometry":{"type":"Polygon","coordinates":[[[-81.286987304688,34.821899414062],[-80.898132324219,34.820709228516],[-80.876586914062,34.789001464844],[-80.877563476562,34.743896484375],[-80.859558105469,34.698883056641],[-80.888488769531,34.668579101562],[-80.88720703125,34.652923583984],[-80.896301269531,34.634796142578],[-80.889221191406,34.618194580078],[-80.89208984375,34.598236083984],[-80.878112792969,34.581115722656],[-80.872924804688,34.554962158203],[-80.87744140625,34.543151855469],[-81.414245605469,34.571716308594],[-81.422668457031,34.572021484375],[-81.426818847656,34.579193115234],[-81.416320800781,34.635223388672],[-81.44189453125,34.653747558594],[-81.454162597656,34.675170898438],[-81.4541015625,34.720916748047],[-81.461853027344,34.726501464844],[-81.479248046875,34.723876953125],[-81.488220214844,34.733032226562],[-81.482299804688,34.744354248047],[-81.452697753906,34.761749267578],[-81.459167480469,34.797515869141],[-81.46923828125,34.802734375],[-81.468994140625,34.810943603516],[-81.4873046875,34.813385009766],[-81.478393554688,34.821533203125],[-81.286987304688,34.821899414062]]]},"properties":{"_isDeleted":false,"AREA":"1.49332870494499E-01","PERIMETER":"1.79788605320212E+00","CO45_D00_":"10","CO45_D00_I":"9","STATE":"45","COUNTY":"023","NAME":"Chester","LSAD":"06","LSAD_TRANS":"County","CODE":"dren","CODE_ACC":"dren","CODE_ABS":"dren","CODE_EV":"nev","equipmentGroupLabel":"ES&S - ES&S ExpressVote +","equipmentSystemName":"ES&S ExpressVote +","equipmentType":"Optical Scan","equipmentVendor":"ES&S","jurisdictionCode":"SC-023","jurisdictionName":"Chester County","sourceGranularity":"county","standardSystem":"Ballot Marking Devices for all voters","accessibleSystem":"Ballot Marking Devices for all voters","absenteeSystem":"Hand-Fed Optical Scanners","pollBookSystem":"In-House Electronic Poll Book","tabulation":"Optical Scan","equipmentCodeMatched":true,"sourceDocumentId":"verified-voting-verifier-sc-2024-equipment","sourceUrl":"https://verifiedvoting.org/verifier/#mode/navigate/map/voteEquip/mapType/ppEquip/year/2024/state/45"}},{"type":"Feature","bbox":[-82.992126464844,34.208740234375,-82.314025878906,34.819396972656],"geometry":{"type":"Polygon","coordinates":[[[-82.489807128906,34.817932128906],[-82.486877441406,34.819396972656],[-82.468811035156,34.797668457031],[-82.460815429688,34.796569824219],[-82.459655761719,34.780914306641],[-82.452026367188,34.7763671875],[-82.455017089844,34.750885009766],[-82.463562011719,34.744262695312],[-82.459411621094,34.739807128906],[-82.465270996094,34.721069335938],[-82.456604003906,34.711151123047],[-82.465148925781,34.706298828125],[-82.459655761719,34.700439453125],[-82.463562011719,34.685607910156],[-82.45654296875,34.680236816406],[-82.465087890625,34.672393798828],[-82.46484375,34.658508300781],[-82.455627441406,34.656982421875],[-82.44970703125,34.639862060547],[-82.453552246094,34.62451171875],[-82.428039550781,34.598510742188],[-82.420288085938,34.558868408203],[-82.409973144531,34.546600341797],[-82.385620117188,34.538513183594],[-82.364501953125,34.515991210938],[-82.343688964844,34.511657714844],[-82.343994140625,34.500122070312],[-82.334350585938,34.500122070312],[-82.314025878906,34.483978271484],[-82.323913574219,34.477569580078],[-82.741088867188,34.208740234375],[-82.74658203125,34.266387939453],[-82.780334472656,34.296722412109],[-82.794067382812,34.339752197266],[-82.8349609375,34.366027832031],[-82.860656738281,34.457397460938],[-82.875427246094,34.463470458984],[-82.876892089844,34.475311279297],[-82.902648925781,34.485870361328],[-82.9228515625,34.481384277344],[-82.940795898438,34.486083984375],[-82.954650878906,34.477294921875],[-82.960632324219,34.481994628906],[-82.992126464844,34.479187011719],[-82.855285644531,34.609252929688],[-82.845092773438,34.618713378906],[-82.840209960938,34.623199462891],[-82.782531738281,34.676940917969],[-82.489807128906,34.817932128906]]]},"properties":{"_isDeleted":false,"AREA":"1.92615971313059E-01","PERIMETER":"2.10614650900591E+00","CO45_D00_":"11","CO45_D00_I":"10","STATE":"45","COUNTY":"007","NAME":"Anderson","LSAD":"06","LSAD_TRANS":"County","CODE":"dren","CODE_ACC":"dren","CODE_ABS":"dren","CODE_EV":"nev","equipmentGroupLabel":"ES&S - ES&S ExpressVote +","equipmentSystemName":"ES&S ExpressVote +","equipmentType":"Optical Scan","equipmentVendor":"ES&S","jurisdictionCode":"SC-007","jurisdictionName":"Anderson County","sourceGranularity":"county","standardSystem":"Ballot Marking Devices for all voters","accessibleSystem":"Ballot Marking Devices for all voters","absenteeSystem":"Batch-Fed Optical Scanners","pollBookSystem":"In-House Electronic Poll Book","tabulation":"Optical Scan","equipmentCodeMatched":true,"sourceDocumentId":"verified-voting-verifier-sc-2024-equipment","sourceUrl":"https://verifiedvoting.org/verifier/#mode/navigate/map/voteEquip/mapType/ppEquip/year/2024/state/45"}},{"type":"Feature","bbox":[-80.561645507812,34.366180419922,-79.777770996094,34.817474365234],"geometry":{"type":"Polygon","coordinates":[[[-79.927551269531,34.806549072266],[-79.934631347656,34.797576904297],[-79.928100585938,34.769836425781],[-79.892944335938,34.741912841797],[-79.870361328125,34.691711425781],[-79.830383300781,34.657196044922],[-79.816833496094,34.658660888672],[-79.796020507812,34.648010253906],[-79.800537109375,34.637664794922],[-79.777770996094,34.614318847656],[-79.784057617188,34.607269287109],[-79.80615234375,34.605712890625],[-79.829956054688,34.531921386719],[-79.843017578125,34.533447265625],[-79.874755859375,34.501953125],[-79.875122070312,34.49609375],[-79.895263671875,34.489166259766],[-79.919555664062,34.495635986328],[-79.961853027344,34.486968994141],[-79.981506347656,34.501373291016],[-80.024780273438,34.486968994141],[-80.045654296875,34.492401123047],[-80.288513183594,34.366180419922],[-80.285705566406,34.393646240234],[-80.296447753906,34.394836425781],[-80.32421875,34.433532714844],[-80.330322265625,34.509521484375],[-80.352478027344,34.520538330078],[-80.358581542969,34.536163330078],[-80.372131347656,34.546447753906],[-80.384216308594,34.593444824219],[-80.408325195312,34.61474609375],[-80.419006347656,34.620025634766],[-80.414245605469,34.628112792969],[-80.435180664062,34.642578125],[-80.431640625,34.659912109375],[-80.460571289062,34.677001953125],[-80.486633300781,34.705810546875],[-80.489379882812,34.723358154297],[-80.516235351562,34.759185791016],[-80.514709472656,34.766906738281],[-80.552062988281,34.791351318359],[-80.561645507812,34.817474365234],[-79.927551269531,34.806549072266]]]},"properties":{"_isDeleted":false,"AREA":"2.05229071122502E-01","PERIMETER":"2.24787516468006E+00","CO45_D00_":"12","CO45_D00_I":"11","STATE":"45","COUNTY":"025","NAME":"Chesterfield","LSAD":"06","LSAD_TRANS":"County","CODE":"dren","CODE_ACC":"dren","CODE_ABS":"dren","CODE_EV":"nev","equipmentGroupLabel":"ES&S - ES&S ExpressVote +","equipmentSystemName":"ES&S ExpressVote +","equipmentType":"Optical Scan","equipmentVendor":"ES&S","jurisdictionCode":"SC-025","jurisdictionName":"Chesterfield County","sourceGranularity":"county","standardSystem":"Ballot Marking Devices for all voters","accessibleSystem":"Ballot Marking Devices for all voters","absenteeSystem":"Hand-Fed Optical Scanners","pollBookSystem":"In-House Electronic Poll Book","tabulation":"Optical Scan","equipmentCodeMatched":true,"sourceDocumentId":"verified-voting-verifier-sc-2024-equipment","sourceUrl":"https://verifiedvoting.org/verifier/#mode/navigate/map/voteEquip/mapType/ppEquip/year/2024/state/45"}},{"type":"Feature","bbox":[-79.934631347656,34.297973632812,-79.449951171875,34.806549072266],"geometry":{"type":"Polygon","coordinates":[[[-79.449951171875,34.621002197266],[-79.633422851562,34.297973632812],[-79.65771484375,34.30517578125],[-79.660339355469,34.322265625],[-79.69287109375,34.356781005859],[-79.673645019531,34.37109375],[-79.689453125,34.381744384766],[-79.683837890625,34.399963378906],[-79.699645996094,34.406646728516],[-79.720825195312,34.392242431641],[-79.718444824219,34.417083740234],[-79.729248046875,34.417877197266],[-79.750549316406,34.436767578125],[-79.751770019531,34.466491699219],[-79.731628417969,34.466339111328],[-79.732360839844,34.477142333984],[-79.721496582031,34.486846923828],[-79.7265625,34.495483398438],[-79.754028320312,34.503723144531],[-79.752075195312,34.513488769531],[-79.763244628906,34.519073486328],[-79.770446777344,34.508483886719],[-79.768310546875,34.497344970703],[-79.782897949219,34.497772216797],[-79.788024902344,34.484252929688],[-79.796997070312,34.491668701172],[-79.806091308594,34.484558105469],[-79.833374023438,34.51025390625],[-79.829956054688,34.531921386719],[-79.80615234375,34.605712890625],[-79.784057617188,34.607269287109],[-79.777770996094,34.614318847656],[-79.800537109375,34.637664794922],[-79.796020507812,34.648010253906],[-79.816833496094,34.658660888672],[-79.830383300781,34.657196044922],[-79.870361328125,34.691711425781],[-79.892944335938,34.741912841797],[-79.928100585938,34.769836425781],[-79.934631347656,34.797576904297],[-79.927551269531,34.806549072266],[-79.675231933594,34.804718017578],[-79.449951171875,34.621002197266]]]},"properties":{"_isDeleted":false,"AREA":"1.23535325637496E-01","PERIMETER":"1.90369191319152E+00","CO45_D00_":"13","CO45_D00_I":"12","STATE":"45","COUNTY":"069","NAME":"Marlboro","LSAD":"06","LSAD_TRANS":"County","CODE":"dren","CODE_ACC":"dren","CODE_ABS":"dren","CODE_EV":"nev","equipmentGroupLabel":"ES&S - ES&S ExpressVote +","equipmentSystemName":"ES&S ExpressVote +","equipmentType":"Optical Scan","equipmentVendor":"ES&S","jurisdictionCode":"SC-069","jurisdictionName":"Marlboro County","sourceGranularity":"county","standardSystem":"Ballot Marking Devices for all voters","accessibleSystem":"Ballot Marking Devices for all voters","absenteeSystem":"Hand-Fed Optical Scanners","pollBookSystem":"In-House Electronic Poll Book","tabulation":"Optical Scan","equipmentCodeMatched":true,"sourceDocumentId":"verified-voting-verifier-sc-2024-equipment","sourceUrl":"https://verifiedvoting.org/verifier/#mode/navigate/map/voteEquip/mapType/ppEquip/year/2024/state/45"}},{"type":"Feature","bbox":[-82.314514160156,34.203094482422,-81.643493652344,34.785552978516],"geometry":{"type":"Polygon","coordinates":[[[-82.135009765625,34.772827148438],[-82.114685058594,34.748748779297],[-82.110107421875,34.755950927734],[-82.100891113281,34.744354248047],[-82.083923339844,34.744354248047],[-82.078247070312,34.719665527344],[-82.066345214844,34.71533203125],[-82.071105957031,34.7041015625],[-82.057250976562,34.700958251953],[-82.036376953125,34.681213378906],[-82.00390625,34.662170410156],[-81.977844238281,34.660858154297],[-81.970397949219,34.657775878906],[-81.970642089844,34.649932861328],[-81.952331542969,34.649688720703],[-81.910888671875,34.603363037109],[-81.894165039062,34.601837158203],[-81.887634277344,34.593292236328],[-81.879699707031,34.596618652344],[-81.86376953125,34.580383300781],[-81.853942871094,34.594635009766],[-81.842956542969,34.600799560547],[-81.810974121094,34.578247070312],[-81.747680664062,34.568481445312],[-81.716674804688,34.551605224609],[-81.700256347656,34.55908203125],[-81.690734863281,34.552703857422],[-81.677185058594,34.557922363281],[-81.678283691406,34.551086425781],[-81.65966796875,34.546691894531],[-81.643493652344,34.533599853516],[-81.645812988281,34.527282714844],[-81.704040527344,34.453582763672],[-81.722473144531,34.449676513672],[-81.734436035156,34.437713623047],[-81.782348632812,34.365386962891],[-81.8125,34.347381591797],[-81.834533691406,34.344085693359],[-81.849792480469,34.332916259766],[-81.848571777344,34.323455810547],[-81.893005371094,34.302886962891],[-81.911193847656,34.246795654297],[-81.944946289062,34.203094482422],[-81.971008300781,34.222106933594],[-81.977966308594,34.237915039062],[-82.00927734375,34.242462158203],[-82.08447265625,34.299743652344],[-82.110046386719,34.307952880859],[-82.121704101562,34.303405761719],[-82.133972167969,34.32373046875],[-82.168701171875,34.330047607422],[-82.177978515625,34.358123779297],[-82.196838378906,34.375],[-82.213012695312,34.378509521484],[-82.221435546875,34.391143798828],[-82.231262207031,34.392486572266],[-82.2314453125,34.402099609375],[-82.244567871094,34.403411865234],[-82.246276855469,34.409576416016],[-82.287902832031,34.453582763672],[-82.314514160156,34.469573974609],[-82.314025878906,34.483978271484],[-82.236145019531,34.535797119141],[-82.238037109375,34.5869140625],[-82.146728515625,34.785552978516],[-82.135009765625,34.772827148438]]]},"properties":{"_isDeleted":false,"AREA":"1.84021048170491E-01","PERIMETER":"2.11855906894833E+00","CO45_D00_":"14","CO45_D00_I":"13","STATE":"45","COUNTY":"059","NAME":"Laurens","LSAD":"06","LSAD_TRANS":"County","CODE":"dren","CODE_ACC":"dren","CODE_ABS":"dren","CODE_EV":"nev","equipmentGroupLabel":"ES&S - ES&S ExpressVote +","equipmentSystemName":"ES&S ExpressVote +","equipmentType":"Optical Scan","equipmentVendor":"ES&S","jurisdictionCode":"SC-059","jurisdictionName":"Laurens County","sourceGranularity":"county","standardSystem":"Ballot Marking Devices for all voters","accessibleSystem":"Ballot Marking Devices for all voters","absenteeSystem":"Hand-Fed Optical Scanners","pollBookSystem":"In-House Electronic Poll Book","tabulation":"Optical Scan","equipmentCodeMatched":true,"sourceDocumentId":"verified-voting-verifier-sc-2024-equipment","sourceUrl":"https://verifiedvoting.org/verifier/#mode/navigate/map/voteEquip/mapType/ppEquip/year/2024/state/45"}},{"type":"Feature","bbox":[-82.866821289062,34.609252929688,-82.845092773438,34.618713378906],"geometry":{"type":"Polygon","coordinates":[[[-82.845092773438,34.618713378906],[-82.855285644531,34.609252929688],[-82.866821289062,34.617401123047],[-82.845092773438,34.618713378906]]]},"properties":{"_isDeleted":false,"AREA":"1.25581418502330E-04","PERIMETER":"6.04543721252882E-02","CO45_D00_":"15","CO45_D00_I":"14","STATE":"45","COUNTY":"077","NAME":"Pickens","LSAD":"06","LSAD_TRANS":"County","CODE":"dren","CODE_ACC":"dren","CODE_ABS":"dren","CODE_EV":"nev","equipmentGroupLabel":"ES&S - ES&S ExpressVote +","equipmentSystemName":"ES&S ExpressVote +","equipmentType":"Optical Scan","equipmentVendor":"ES&S","jurisdictionCode":"SC-077","jurisdictionName":"Pickens County","sourceGranularity":"county","standardSystem":"Ballot Marking Devices for all voters","accessibleSystem":"Ballot Marking Devices for all voters","absenteeSystem":"Hand-Fed Optical Scanners","pollBookSystem":"In-House Electronic Poll Book","tabulation":"Optical Scan","equipmentCodeMatched":true,"sourceDocumentId":"verified-voting-verifier-sc-2024-equipment","sourceUrl":"https://verifiedvoting.org/verifier/#mode/navigate/map/voteEquip/mapType/ppEquip/year/2024/state/45"}},{"type":"Feature","bbox":[-79.633422851562,34.230194091797,-79.071166992188,34.621002197266],"geometry":{"type":"Polygon","coordinates":[[[-79.071166992188,34.299224853516],[-79.078063964844,34.293060302734],[-79.085083007812,34.295166015625],[-79.086364746094,34.28466796875],[-79.109680175781,34.272796630859],[-79.128112792969,34.253631591797],[-79.173461914062,34.287536621094],[-79.214233398438,34.255523681641],[-79.23974609375,34.254364013672],[-79.29443359375,34.277038574219],[-79.30517578125,34.269256591797],[-79.370178222656,34.297515869141],[-79.411499023438,34.300231933594],[-79.480651855469,34.288055419922],[-79.478454589844,34.278503417969],[-79.497924804688,34.27197265625],[-79.510131835938,34.258453369141],[-79.554321289062,34.246490478516],[-79.547485351562,34.230194091797],[-79.561340332031,34.258026123047],[-79.587036132812,34.281372070312],[-79.625183105469,34.300842285156],[-79.633422851562,34.297973632812],[-79.449951171875,34.621002197266],[-79.071166992188,34.299224853516]]]},"properties":{"_isDeleted":false,"AREA":"1.03183156181490E-01","PERIMETER":"1.59514458675023E+00","CO45_D00_":"16","CO45_D00_I":"15","STATE":"45","COUNTY":"033","NAME":"Dillon","LSAD":"06","LSAD_TRANS":"County","CODE":"dren","CODE_ACC":"dren","CODE_ABS":"dren","CODE_EV":"nev","equipmentGroupLabel":"ES&S - ES&S ExpressVote +","equipmentSystemName":"ES&S ExpressVote +","equipmentType":"Optical Scan","equipmentVendor":"ES&S","jurisdictionCode":"SC-033","jurisdictionName":"Dillon County","sourceGranularity":"county","standardSystem":"Ballot Marking Devices for all voters","accessibleSystem":"Ballot Marking Devices for all voters","absenteeSystem":"Hand-Fed Optical Scanners","pollBookSystem":"In-House Electronic Poll Book","tabulation":"Optical Scan","equipmentCodeMatched":true,"sourceDocumentId":"verified-voting-verifier-sc-2024-equipment","sourceUrl":"https://verifiedvoting.org/verifier/#mode/navigate/map/voteEquip/mapType/ppEquip/year/2024/state/45"}},{"type":"Feature","bbox":[-80.879211425781,34.068939208984,-80.285705566406,34.61474609375],"geometry":{"type":"Polygon","coordinates":[[[-80.528076171875,34.569061279297],[-80.408325195312,34.61474609375],[-80.384216308594,34.593444824219],[-80.372131347656,34.546447753906],[-80.358581542969,34.536163330078],[-80.352478027344,34.520538330078],[-80.330322265625,34.509521484375],[-80.32421875,34.433532714844],[-80.296447753906,34.394836425781],[-80.285705566406,34.393646240234],[-80.288513183594,34.366180419922],[-80.288696289062,34.364135742188],[-80.326049804688,34.34423828125],[-80.325134277344,34.339233398438],[-80.363708496094,34.339447021484],[-80.36572265625,34.328155517578],[-80.35302734375,34.303466796875],[-80.381958007812,34.30517578125],[-80.437316894531,34.284454345703],[-80.424011230469,34.250396728516],[-80.432983398438,34.248840332031],[-80.430786132812,34.226959228516],[-80.445190429688,34.206024169922],[-80.454711914062,34.208251953125],[-80.452331542969,34.198974609375],[-80.464477539062,34.174896240234],[-80.479797363281,34.168670654297],[-80.580078125,34.099945068359],[-80.618530273438,34.109191894531],[-80.6162109375,34.099548339844],[-80.703552246094,34.080993652344],[-80.719299316406,34.068939208984],[-80.869445800781,34.182891845703],[-80.825927734375,34.268737792969],[-80.769897460938,34.377136230469],[-80.783630371094,34.388793945312],[-80.783142089844,34.406494140625],[-80.79345703125,34.413269042969],[-80.833190917969,34.414794921875],[-80.879211425781,34.457763671875],[-80.743286132812,34.539916992188],[-80.737609863281,34.539489746094],[-80.745544433594,34.512603759766],[-80.739685058594,34.506744384766],[-80.745544433594,34.491149902344],[-80.740356445312,34.480377197266],[-80.713500976562,34.487640380859],[-80.698059082031,34.515838623047],[-80.689025878906,34.515319824219],[-80.658386230469,34.478607177734],[-80.646850585938,34.482421875],[-80.644897460938,34.491912841797],[-80.63232421875,34.491455078125],[-80.630493164062,34.481018066406],[-80.622863769531,34.491455078125],[-80.629638671875,34.491149902344],[-80.629577636719,34.498657226562],[-80.613220214844,34.499755859375],[-80.610290527344,34.488800048828],[-80.595703125,34.502105712891],[-80.579406738281,34.484558105469],[-80.548828125,34.493225097656],[-80.544006347656,34.507476806641],[-80.527404785156,34.503936767578],[-80.524230957031,34.512084960938],[-80.535949707031,34.533905029297],[-80.541748046875,34.5341796875],[-80.550537109375,34.560119628906],[-80.528076171875,34.569061279297]]]},"properties":{"_isDeleted":false,"AREA":"1.87827129470503E-01","PERIMETER":"2.38965960801178E+00","CO45_D00_":"17","CO45_D00_I":"16","STATE":"45","COUNTY":"055","NAME":"Kershaw","LSAD":"06","LSAD_TRANS":"County","CODE":"dren","CODE_ACC":"dren","CODE_ABS":"dren","CODE_EV":"nev","equipmentGroupLabel":"ES&S - ES&S ExpressVote +","equipmentSystemName":"ES&S ExpressVote +","equipmentType":"Optical Scan","equipmentVendor":"ES&S","jurisdictionCode":"SC-055","jurisdictionName":"Kershaw County","sourceGranularity":"county","standardSystem":"Ballot Marking Devices for all voters","accessibleSystem":"Ballot Marking Devices for all voters","absenteeSystem":"Hand-Fed Optical Scanners","pollBookSystem":"Commercial Electronic Poll Book","tabulation":"Optical Scan","equipmentCodeMatched":true,"sourceDocumentId":"verified-voting-verifier-sc-2024-equipment","sourceUrl":"https://verifiedvoting.org/verifier/#mode/navigate/map/voteEquip/mapType/ppEquip/year/2024/state/45"}},{"type":"Feature","bbox":[-81.427490234375,34.174530029297,-80.769897460938,34.572021484375],"geometry":{"type":"Polygon","coordinates":[[[-81.414245605469,34.571716308594],[-80.87744140625,34.543151855469],[-80.881713867188,34.500122070312],[-80.898681640625,34.486694335938],[-80.879211425781,34.457763671875],[-80.833190917969,34.414794921875],[-80.79345703125,34.413269042969],[-80.783142089844,34.406494140625],[-80.783630371094,34.388793945312],[-80.769897460938,34.377136230469],[-80.825927734375,34.268737792969],[-80.862121582031,34.264404296875],[-80.961975097656,34.252014160156],[-81.038818359375,34.232482910156],[-81.044128417969,34.236511230469],[-81.060791015625,34.227905273438],[-81.068786621094,34.232177734375],[-81.074829101562,34.222473144531],[-81.083557128906,34.224548339844],[-81.095520019531,34.213806152344],[-81.18115234375,34.220275878906],[-81.168212890625,34.197296142578],[-81.178894042969,34.187103271484],[-81.178283691406,34.174530029297],[-81.226379394531,34.205657958984],[-81.251281738281,34.202941894531],[-81.281311035156,34.231658935547],[-81.316833496094,34.239440917969],[-81.34228515625,34.266906738281],[-81.339599609375,34.292175292969],[-81.358947753906,34.310516357422],[-81.37060546875,34.347686767578],[-81.396545410156,34.389831542969],[-81.421203613281,34.453857421875],[-81.412475585938,34.469879150391],[-81.423156738281,34.494384765625],[-81.427490234375,34.529479980469],[-81.422668457031,34.572021484375],[-81.414245605469,34.571716308594]]]},"properties":{"_isDeleted":false,"AREA":"1.80270210197004E-01","PERIMETER":"1.90795117591038E+00","CO45_D00_":"18","CO45_D00_I":"17","STATE":"45","COUNTY":"039","NAME":"Fairfield","LSAD":"06","LSAD_TRANS":"County","CODE":"dren","CODE_ACC":"dren","CODE_ABS":"dren","CODE_EV":"nev","equipmentGroupLabel":"ES&S - ES&S ExpressVote +","equipmentSystemName":"ES&S ExpressVote +","equipmentType":"Optical Scan","equipmentVendor":"ES&S","jurisdictionCode":"SC-039","jurisdictionName":"Fairfield County","sourceGranularity":"county","standardSystem":"Ballot Marking Devices for all voters","accessibleSystem":"Ballot Marking Devices for all voters","absenteeSystem":"Hand-Fed Optical Scanners","pollBookSystem":"In-House Electronic Poll Book","tabulation":"Optical Scan","equipmentCodeMatched":true,"sourceDocumentId":"verified-voting-verifier-sc-2024-equipment","sourceUrl":"https://verifiedvoting.org/verifier/#mode/navigate/map/voteEquip/mapType/ppEquip/year/2024/state/45"}},{"type":"Feature","bbox":[-80.288696289062,34.085968017578,-79.65771484375,34.533447265625],"geometry":{"type":"Polygon","coordinates":[[[-79.874755859375,34.501953125],[-79.843017578125,34.533447265625],[-79.829956054688,34.531921386719],[-79.833374023438,34.51025390625],[-79.806091308594,34.484558105469],[-79.796997070312,34.491668701172],[-79.788024902344,34.484252929688],[-79.782897949219,34.497772216797],[-79.768310546875,34.497344970703],[-79.770446777344,34.508483886719],[-79.763244628906,34.519073486328],[-79.752075195312,34.513488769531],[-79.754028320312,34.503723144531],[-79.7265625,34.495483398438],[-79.721496582031,34.486846923828],[-79.732360839844,34.477142333984],[-79.731628417969,34.466339111328],[-79.751770019531,34.466491699219],[-79.750549316406,34.436767578125],[-79.729248046875,34.417877197266],[-79.718444824219,34.417083740234],[-79.720825195312,34.392242431641],[-79.699645996094,34.406646728516],[-79.683837890625,34.399963378906],[-79.689453125,34.381744384766],[-79.673645019531,34.37109375],[-79.69287109375,34.356781005859],[-79.660339355469,34.322265625],[-79.65771484375,34.30517578125],[-79.658874511719,34.30517578125],[-79.669372558594,34.303924560547],[-79.684509277344,34.284606933594],[-79.7294921875,34.295166015625],[-79.752563476562,34.250549316406],[-79.749328613281,34.245025634766],[-79.809020996094,34.252227783203],[-80.072814941406,34.085968017578],[-80.107177734375,34.115142822266],[-80.1298828125,34.125640869141],[-80.158569335938,34.16162109375],[-80.112670898438,34.196990966797],[-80.111694335938,34.228576660156],[-80.135803222656,34.272430419922],[-80.135375976562,34.284545898438],[-80.170166015625,34.315948486328],[-80.17724609375,34.366180419922],[-80.191040039062,34.366638183594],[-80.206298828125,34.339019775391],[-80.2431640625,34.324401855469],[-80.252075195312,34.339813232422],[-80.279235839844,34.351715087891],[-80.288696289062,34.364135742188],[-80.288513183594,34.366180419922],[-80.045654296875,34.492401123047],[-80.024780273438,34.486968994141],[-79.981506347656,34.501373291016],[-79.961853027344,34.486968994141],[-79.919555664062,34.495635986328],[-79.895263671875,34.489166259766],[-79.875122070312,34.49609375],[-79.874755859375,34.501953125]]]},"properties":{"_isDeleted":false,"AREA":"1.43814838284995E-01","PERIMETER":"2.16182225823585E+00","CO45_D00_":"19","CO45_D00_I":"18","STATE":"45","COUNTY":"031","NAME":"Darlington","LSAD":"06","LSAD_TRANS":"County","CODE":"dren","CODE_ACC":"dren","CODE_ABS":"dren","CODE_EV":"nev","equipmentGroupLabel":"ES&S - ES&S ExpressVote +","equipmentSystemName":"ES&S ExpressVote +","equipmentType":"Optical Scan","equipmentVendor":"ES&S","jurisdictionCode":"SC-031","jurisdictionName":"Darlington County","sourceGranularity":"county","standardSystem":"Ballot Marking Devices for all voters","accessibleSystem":"Ballot Marking Devices for all voters","absenteeSystem":"Hand-Fed Optical Scanners","pollBookSystem":"In-House Electronic Poll Book","tabulation":"Optical Scan","equipmentCodeMatched":true,"sourceDocumentId":"verified-voting-verifier-sc-2024-equipment","sourceUrl":"https://verifiedvoting.org/verifier/#mode/navigate/map/voteEquip/mapType/ppEquip/year/2024/state/45"}},{"type":"Feature","bbox":[-81.944946289062,34.070861816406,-81.316833496094,34.533599853516],"geometry":{"type":"Polygon","coordinates":[[[-81.645812988281,34.527282714844],[-81.643493652344,34.533599853516],[-81.640014648438,34.527435302734],[-81.61767578125,34.525085449219],[-81.613647460938,34.513854980469],[-81.602478027344,34.512664794922],[-81.588439941406,34.496826171875],[-81.552795410156,34.476837158203],[-81.557189941406,34.463562011719],[-81.546325683594,34.461639404297],[-81.551025390625,34.452178955078],[-81.54052734375,34.444915771484],[-81.484436035156,34.490142822266],[-81.468627929688,34.494171142578],[-81.445251464844,34.48779296875],[-81.438171386719,34.496887207031],[-81.423156738281,34.494384765625],[-81.412475585938,34.469879150391],[-81.421203613281,34.453857421875],[-81.396545410156,34.389831542969],[-81.37060546875,34.347686767578],[-81.358947753906,34.310516357422],[-81.339599609375,34.292175292969],[-81.34228515625,34.266906738281],[-81.316833496094,34.239440917969],[-81.345275878906,34.205017089844],[-81.338928222656,34.197601318359],[-81.352294921875,34.196624755859],[-81.373291015625,34.179595947266],[-81.403625488281,34.177825927734],[-81.437133789062,34.129974365234],[-81.389770507812,34.075408935547],[-81.402770996094,34.070861816406],[-81.424743652344,34.083190917969],[-81.444641113281,34.077911376953],[-81.463806152344,34.087310791016],[-81.471923828125,34.076507568359],[-81.485107421875,34.082305908203],[-81.502502441406,34.073852539062],[-81.513793945312,34.082244873047],[-81.538879394531,34.081726074219],[-81.547790527344,34.09375],[-81.5712890625,34.099700927734],[-81.589599609375,34.1171875],[-81.600463867188,34.112915039062],[-81.607543945312,34.123138427734],[-81.620971679688,34.125122070312],[-81.6376953125,34.146423339844],[-81.672607421875,34.156036376953],[-81.691467285156,34.172912597656],[-81.716247558594,34.175476074219],[-81.731079101562,34.187316894531],[-81.756469726562,34.177032470703],[-81.770263671875,34.174468994141],[-81.778564453125,34.164916992188],[-81.785705566406,34.165954589844],[-81.782775878906,34.172393798828],[-81.82763671875,34.1728515625],[-81.826904296875,34.182098388672],[-81.838928222656,34.172332763672],[-81.8603515625,34.179321289062],[-81.879028320312,34.158386230469],[-81.866760253906,34.140380859375],[-81.8701171875,34.135406494141],[-81.8974609375,34.146697998047],[-81.907958984375,34.163146972656],[-81.905395507812,34.178070068359],[-81.91796875,34.177398681641],[-81.920471191406,34.192016601562],[-81.938049316406,34.194946289062],[-81.944946289062,34.203094482422],[-81.911193847656,34.246795654297],[-81.893005371094,34.302886962891],[-81.848571777344,34.323455810547],[-81.849792480469,34.332916259766],[-81.834533691406,34.344085693359],[-81.8125,34.347381591797],[-81.782348632812,34.365386962891],[-81.734436035156,34.437713623047],[-81.722473144531,34.449676513672],[-81.704040527344,34.453582763672],[-81.645812988281,34.527282714844]]]},"properties":{"_isDeleted":false,"AREA":"1.64150125386488E-01","PERIMETER":"2.15971524301286E+00","CO45_D00_":"20","CO45_D00_I":"19","STATE":"45","COUNTY":"071","NAME":"Newberry","LSAD":"06","LSAD_TRANS":"County","CODE":"dren","CODE_ACC":"dren","CODE_ABS":"dren","CODE_EV":"nev","equipmentGroupLabel":"ES&S - ES&S ExpressVote +","equipmentSystemName":"ES&S ExpressVote +","equipmentType":"Optical Scan","equipmentVendor":"ES&S","jurisdictionCode":"SC-071","jurisdictionName":"Newberry County","sourceGranularity":"county","standardSystem":"Ballot Marking Devices for all voters","accessibleSystem":"Ballot Marking Devices for all voters","absenteeSystem":"Hand-Fed Optical Scanners","pollBookSystem":"In-House Electronic Poll Book","tabulation":"Optical Scan","equipmentCodeMatched":true,"sourceDocumentId":"verified-voting-verifier-sc-2024-equipment","sourceUrl":"https://verifiedvoting.org/verifier/#mode/navigate/map/voteEquip/mapType/ppEquip/year/2024/state/45"}},{"type":"Feature","bbox":[-82.741088867188,34.014099121094,-82.239929199219,34.483978271484],"geometry":{"type":"Polygon","coordinates":[[[-82.323913574219,34.477569580078],[-82.314025878906,34.483978271484],[-82.314514160156,34.469573974609],[-82.287902832031,34.453582763672],[-82.246276855469,34.409576416016],[-82.247619628906,34.408569335938],[-82.334228515625,34.342620849609],[-82.322814941406,34.324249267578],[-82.310974121094,34.320373535156],[-82.307556152344,34.277496337891],[-82.264404296875,34.244720458984],[-82.247741699219,34.219635009766],[-82.239929199219,34.190399169922],[-82.249328613281,34.135772705078],[-82.267150878906,34.108367919922],[-82.326965332031,34.064086914062],[-82.377258300781,34.057403564453],[-82.45263671875,34.060363769531],[-82.48388671875,34.081207275391],[-82.500549316406,34.071868896484],[-82.530517578125,34.071960449219],[-82.594543457031,34.014099121094],[-82.594543457031,34.028717041016],[-82.626892089844,34.063446044922],[-82.640502929688,34.067535400391],[-82.645629882812,34.076080322266],[-82.641540527344,34.092224121094],[-82.659057617188,34.103515625],[-82.675170898438,34.129730224609],[-82.717468261719,34.150512695312],[-82.741088867188,34.208740234375],[-82.323913574219,34.477569580078]]]},"properties":{"_isDeleted":false,"AREA":"1.29499840654112E-01","PERIMETER":"1.66711990147365E+00","CO45_D00_":"21","CO45_D00_I":"20","STATE":"45","COUNTY":"001","NAME":"Abbeville","LSAD":"06","LSAD_TRANS":"County","CODE":"dren","CODE_ACC":"dren","CODE_ABS":"dren","CODE_EV":"nev","equipmentGroupLabel":"ES&S - ES&S ExpressVote +","equipmentSystemName":"ES&S ExpressVote +","equipmentType":"Optical Scan","equipmentVendor":"ES&S","jurisdictionCode":"SC-001","jurisdictionName":"Abbeville County","sourceGranularity":"county","standardSystem":"Ballot Marking Devices for all voters","accessibleSystem":"Ballot Marking Devices for all voters","absenteeSystem":"Hand-Fed Optical Scanners","pollBookSystem":"In-House Electronic Poll Book","tabulation":"Optical Scan","equipmentCodeMatched":true,"sourceDocumentId":"verified-voting-verifier-sc-2024-equipment","sourceUrl":"https://verifiedvoting.org/verifier/#mode/navigate/map/voteEquip/mapType/ppEquip/year/2024/state/45"}},{"type":"Feature","bbox":[-82.334228515625,33.953216552734,-81.8701171875,34.409576416016],"geometry":{"type":"Polygon","coordinates":[[[-82.247619628906,34.408569335938],[-82.246276855469,34.409576416016],[-82.244567871094,34.403411865234],[-82.2314453125,34.402099609375],[-82.231262207031,34.392486572266],[-82.221435546875,34.391143798828],[-82.213012695312,34.378509521484],[-82.196838378906,34.375],[-82.177978515625,34.358123779297],[-82.168701171875,34.330047607422],[-82.133972167969,34.32373046875],[-82.121704101562,34.303405761719],[-82.110046386719,34.307952880859],[-82.08447265625,34.299743652344],[-82.00927734375,34.242462158203],[-81.977966308594,34.237915039062],[-81.971008300781,34.222106933594],[-81.944946289062,34.203094482422],[-81.938049316406,34.194946289062],[-81.920471191406,34.192016601562],[-81.91796875,34.177398681641],[-81.905395507812,34.178070068359],[-81.907958984375,34.163146972656],[-81.8974609375,34.146697998047],[-81.8701171875,34.135406494141],[-81.895874023438,34.099700927734],[-81.915771484375,34.090972900391],[-81.917846679688,34.079162597656],[-81.928649902344,34.075775146484],[-81.946166992188,34.038848876953],[-81.990783691406,33.996612548828],[-82.007873535156,33.961730957031],[-82.046875,33.953216552734],[-82.045227050781,33.9833984375],[-82.07568359375,33.979431152344],[-82.150817871094,33.986694335938],[-82.1748046875,33.972381591797],[-82.213623046875,33.985809326172],[-82.245178222656,34.018646240234],[-82.306274414062,33.971588134766],[-82.326965332031,34.064086914062],[-82.267150878906,34.108367919922],[-82.249328613281,34.135772705078],[-82.239929199219,34.190399169922],[-82.247741699219,34.219635009766],[-82.264404296875,34.244720458984],[-82.307556152344,34.277496337891],[-82.310974121094,34.320373535156],[-82.322814941406,34.324249267578],[-82.334228515625,34.342620849609],[-82.247619628906,34.408569335938]]]},"properties":{"_isDeleted":false,"AREA":"1.17236920001500E-01","PERIMETER":"1.72594242044244E+00","CO45_D00_":"22","CO45_D00_I":"21","STATE":"45","COUNTY":"047","NAME":"Greenwood","LSAD":"06","LSAD_TRANS":"County","CODE":"dren","CODE_ACC":"dren","CODE_ABS":"dren","CODE_EV":"nev","equipmentGroupLabel":"ES&S - ES&S ExpressVote +","equipmentSystemName":"ES&S ExpressVote +","equipmentType":"Optical Scan","equipmentVendor":"ES&S","jurisdictionCode":"SC-047","jurisdictionName":"Greenwood County","sourceGranularity":"county","standardSystem":"Ballot Marking Devices for all voters","accessibleSystem":"Ballot Marking Devices for all voters","absenteeSystem":"Hand-Fed Optical Scanners","pollBookSystem":"In-House Electronic Poll Book","tabulation":"Optical Scan","equipmentCodeMatched":true,"sourceDocumentId":"verified-voting-verifier-sc-2024-equipment","sourceUrl":"https://verifiedvoting.org/verifier/#mode/navigate/map/voteEquip/mapType/ppEquip/year/2024/state/45"}},{"type":"Feature","bbox":[-80.481323242188,33.951965332031,-80.000549316406,34.366638183594],"geometry":{"type":"Polygon","coordinates":[[[-80.2431640625,34.324401855469],[-80.206298828125,34.339019775391],[-80.191040039062,34.366638183594],[-80.17724609375,34.366180419922],[-80.170166015625,34.315948486328],[-80.135375976562,34.284545898438],[-80.135803222656,34.272430419922],[-80.111694335938,34.228576660156],[-80.112670898438,34.196990966797],[-80.158569335938,34.16162109375],[-80.1298828125,34.125640869141],[-80.107177734375,34.115142822266],[-80.072814941406,34.085968017578],[-80.031311035156,34.075836181641],[-80.000549316406,34.047882080078],[-80.026733398438,34.008514404297],[-80.072631835938,34.006591796875],[-80.180297851562,33.951965332031],[-80.188232421875,34.004913330078],[-80.249755859375,33.992126464844],[-80.264770507812,34.029815673828],[-80.294921875,34.039428710938],[-80.317321777344,34.078277587891],[-80.378723144531,34.080688476562],[-80.395629882812,34.089508056641],[-80.405517578125,34.081359863281],[-80.481323242188,34.112548828125],[-80.479797363281,34.168670654297],[-80.464477539062,34.174896240234],[-80.452331542969,34.198974609375],[-80.454711914062,34.208251953125],[-80.445190429688,34.206024169922],[-80.430786132812,34.226959228516],[-80.432983398438,34.248840332031],[-80.424011230469,34.250396728516],[-80.437316894531,34.284454345703],[-80.381958007812,34.30517578125],[-80.35302734375,34.303466796875],[-80.36572265625,34.328155517578],[-80.363708496094,34.339447021484],[-80.325134277344,34.339233398438],[-80.326049804688,34.34423828125],[-80.288696289062,34.364135742188],[-80.279235839844,34.351715087891],[-80.252075195312,34.339813232422],[-80.2431640625,34.324401855469]]]},"properties":{"_isDeleted":false,"AREA":"1.04115564336998E-01","PERIMETER":"1.70081712608206E+00","CO45_D00_":"23","CO45_D00_I":"22","STATE":"45","COUNTY":"061","NAME":"Lee","LSAD":"06","LSAD_TRANS":"County","CODE":"dren","CODE_ACC":"dren","CODE_ABS":"dren","CODE_EV":"nev","equipmentGroupLabel":"ES&S - ES&S ExpressVote +","equipmentSystemName":"ES&S ExpressVote +","equipmentType":"Optical Scan","equipmentVendor":"ES&S","jurisdictionCode":"SC-061","jurisdictionName":"Lee County","sourceGranularity":"county","standardSystem":"Ballot Marking Devices for all voters","accessibleSystem":"Ballot Marking Devices for all voters","absenteeSystem":"Hand-Fed Optical Scanners","pollBookSystem":"In-House Electronic Poll Book","tabulation":"Optical Scan","equipmentCodeMatched":true,"sourceDocumentId":"verified-voting-verifier-sc-2024-equipment","sourceUrl":"https://verifiedvoting.org/verifier/#mode/navigate/map/voteEquip/mapType/ppEquip/year/2024/state/45"}},{"type":"Feature","bbox":[-80.072814941406,33.775604248047,-79.314270019531,34.30517578125],"geometry":{"type":"Polygon","coordinates":[[[-79.658874511719,34.30517578125],[-79.65771484375,34.30517578125],[-79.633422851562,34.297973632812],[-79.625183105469,34.300842285156],[-79.587036132812,34.281372070312],[-79.561340332031,34.258026123047],[-79.547485351562,34.230194091797],[-79.548828125,34.20361328125],[-79.57177734375,34.183654785156],[-79.544555664062,34.152648925781],[-79.541625976562,34.139129638672],[-79.532592773438,34.135681152344],[-79.532409667969,34.126281738281],[-79.517150878906,34.126739501953],[-79.524597167969,34.115570068359],[-79.514282226562,34.105072021484],[-79.519409179688,34.102722167969],[-79.515258789062,34.097198486328],[-79.529052734375,34.100219726562],[-79.52978515625,34.079956054688],[-79.535888671875,34.076080322266],[-79.511108398438,34.040222167969],[-79.508666992188,34.004974365234],[-79.516967773438,33.993957519531],[-79.499755859375,33.971282958984],[-79.48193359375,33.965850830078],[-79.492797851562,33.950866699219],[-79.484252929688,33.938598632812],[-79.475402832031,33.938018798828],[-79.4697265625,33.928314208984],[-79.462890625,33.931762695312],[-79.458312988281,33.920013427734],[-79.451965332031,33.924652099609],[-79.4521484375,33.914825439453],[-79.428955078125,33.897766113281],[-79.400451660156,33.892272949219],[-79.409484863281,33.884643554688],[-79.389526367188,33.873260498047],[-79.368347167969,33.842926025391],[-79.354797363281,33.840576171875],[-79.353698730469,33.834045410156],[-79.349182128906,33.842041015625],[-79.339782714844,33.841461181641],[-79.336791992188,33.832580566406],[-79.320678710938,33.830017089844],[-79.314270019531,33.808563232422],[-79.317260742188,33.79931640625],[-79.323364257812,33.803924560547],[-79.324768066406,33.799102783203],[-79.34033203125,33.802764892578],[-79.352172851562,33.815093994141],[-79.382019042969,33.818634033203],[-79.388244628906,33.807373046875],[-79.430786132812,33.794311523438],[-79.441467285156,33.784637451172],[-79.473693847656,33.783966064453],[-79.497009277344,33.775604248047],[-79.634765625,33.808349609375],[-79.6357421875,33.818023681641],[-79.678466796875,33.814208984375],[-79.687438964844,33.804901123047],[-79.699645996094,33.813995361328],[-79.724426269531,33.814300537109],[-79.743347167969,33.835083007812],[-79.79833984375,33.835571289062],[-79.834899902344,33.882659912109],[-79.855102539062,33.891754150391],[-79.875671386719,33.885070800781],[-79.947692871094,33.887359619141],[-79.974548339844,33.946533203125],[-79.893493652344,33.988037109375],[-79.903625488281,34.002197265625],[-79.959716796875,34.021362304688],[-80.000549316406,34.047882080078],[-80.031311035156,34.075836181641],[-80.072814941406,34.085968017578],[-79.809020996094,34.252227783203],[-79.749328613281,34.245025634766],[-79.752563476562,34.250549316406],[-79.7294921875,34.295166015625],[-79.684509277344,34.284606933594],[-79.669372558594,34.303924560547],[-79.658874511719,34.30517578125]]]},"properties":{"_isDeleted":false,"AREA":"2.03170950912823E-01","PERIMETER":"2.52133721423522E+00","CO45_D00_":"24","CO45_D00_I":"23","STATE":"45","COUNTY":"041","NAME":"Florence","LSAD":"06","LSAD_TRANS":"County","CODE":"dren","CODE_ACC":"dren","CODE_ABS":"dren","CODE_EV":"nev","equipmentGroupLabel":"ES&S - ES&S ExpressVote +","equipmentSystemName":"ES&S ExpressVote +","equipmentType":"Optical Scan","equipmentVendor":"ES&S","jurisdictionCode":"SC-041","jurisdictionName":"Florence County","sourceGranularity":"county","standardSystem":"Ballot Marking Devices for all voters","accessibleSystem":"Ballot Marking Devices for all voters","absenteeSystem":"Batch-Fed Optical Scanners","pollBookSystem":"In-House Electronic Poll Book","tabulation":"Optical Scan","equipmentCodeMatched":true,"sourceDocumentId":"verified-voting-verifier-sc-2024-equipment","sourceUrl":"https://verifiedvoting.org/verifier/#mode/navigate/map/voteEquip/mapType/ppEquip/year/2024/state/45"}},{"type":"Feature","bbox":[-79.57177734375,33.694244384766,-79.128112792969,34.300231933594],"geometry":{"type":"Polygon","coordinates":[[[-79.370178222656,34.297515869141],[-79.30517578125,34.269256591797],[-79.29443359375,34.277038574219],[-79.23974609375,34.254364013672],[-79.214233398438,34.255523681641],[-79.173461914062,34.287536621094],[-79.128112792969,34.253631591797],[-79.133544921875,34.238800048828],[-79.128112792969,34.230987548828],[-79.135620117188,34.229156494141],[-79.130859375,34.221527099609],[-79.144226074219,34.206176757812],[-79.153930664062,34.207214355469],[-79.173583984375,34.179534912109],[-79.176879882812,34.184753417969],[-79.192687988281,34.175415039062],[-79.197326660156,34.158660888672],[-79.209106445312,34.150085449219],[-79.205322265625,34.134155273438],[-79.220642089844,34.122039794922],[-79.220886230469,34.107727050781],[-79.22900390625,34.108001708984],[-79.250366210938,34.089721679688],[-79.239501953125,34.076721191406],[-79.247741699219,34.057037353516],[-79.307495117188,34.027465820312],[-79.307373046875,34.005340576172],[-79.31640625,33.99609375],[-79.328430175781,34.000152587891],[-79.339111328125,33.969512939453],[-79.329895019531,33.960571289062],[-79.333801269531,33.952789306641],[-79.311706542969,33.944030761719],[-79.317199707031,33.9345703125],[-79.306884765625,33.934783935547],[-79.312316894531,33.918182373047],[-79.2998046875,33.90380859375],[-79.286193847656,33.894989013672],[-79.283081054688,33.900726318359],[-79.263549804688,33.892425537109],[-79.256530761719,33.865020751953],[-79.263854980469,33.843078613281],[-79.249084472656,33.829711914062],[-79.258239746094,33.825164794922],[-79.26025390625,33.814880371094],[-79.235168457031,33.763488769531],[-79.218505859375,33.755676269531],[-79.219787597656,33.747833251953],[-79.195922851562,33.727874755859],[-79.190246582031,33.705749511719],[-79.200622558594,33.709808349609],[-79.196166992188,33.701354980469],[-79.235046386719,33.694244384766],[-79.249267578125,33.696960449219],[-79.242370605469,33.705902099609],[-79.2744140625,33.708404541016],[-79.26953125,33.719848632812],[-79.286437988281,33.717590332031],[-79.293273925781,33.752227783203],[-79.317016601562,33.779846191406],[-79.324768066406,33.799102783203],[-79.323364257812,33.803924560547],[-79.317260742188,33.79931640625],[-79.314270019531,33.808563232422],[-79.320678710938,33.830017089844],[-79.336791992188,33.832580566406],[-79.339782714844,33.841461181641],[-79.349182128906,33.842041015625],[-79.353698730469,33.834045410156],[-79.354797363281,33.840576171875],[-79.368347167969,33.842926025391],[-79.389526367188,33.873260498047],[-79.409484863281,33.884643554688],[-79.400451660156,33.892272949219],[-79.428955078125,33.897766113281],[-79.4521484375,33.914825439453],[-79.451965332031,33.924652099609],[-79.458312988281,33.920013427734],[-79.462890625,33.931762695312],[-79.4697265625,33.928314208984],[-79.475402832031,33.938018798828],[-79.484252929688,33.938598632812],[-79.492797851562,33.950866699219],[-79.48193359375,33.965850830078],[-79.499755859375,33.971282958984],[-79.516967773438,33.993957519531],[-79.508666992188,34.004974365234],[-79.511108398438,34.040222167969],[-79.535888671875,34.076080322266],[-79.52978515625,34.079956054688],[-79.529052734375,34.100219726562],[-79.515258789062,34.097198486328],[-79.519409179688,34.102722167969],[-79.514282226562,34.105072021484],[-79.524597167969,34.115570068359],[-79.517150878906,34.126739501953],[-79.532409667969,34.126281738281],[-79.532592773438,34.135681152344],[-79.541625976562,34.139129638672],[-79.544555664062,34.152648925781],[-79.57177734375,34.183654785156],[-79.548828125,34.20361328125],[-79.547485351562,34.230194091797],[-79.554321289062,34.246490478516],[-79.510131835938,34.258453369141],[-79.497924804688,34.27197265625],[-79.478454589844,34.278503417969],[-79.480651855469,34.288055419922],[-79.411499023438,34.300231933594],[-79.370178222656,34.297515869141]]]},"properties":{"_isDeleted":false,"AREA":"1.24984505473675E-01","PERIMETER":"2.44666442192547E+00","CO45_D00_":"25","CO45_D00_I":"24","STATE":"45","COUNTY":"067","NAME":"Marion","LSAD":"06","LSAD_TRANS":"County","CODE":"dren","CODE_ACC":"dren","CODE_ABS":"dren","CODE_EV":"nev","equipmentGroupLabel":"ES&S - ES&S ExpressVote +","equipmentSystemName":"ES&S ExpressVote +","equipmentType":"Optical Scan","equipmentVendor":"ES&S","jurisdictionCode":"SC-067","jurisdictionName":"Marion County","sourceGranularity":"county","standardSystem":"Ballot Marking Devices for all voters","accessibleSystem":"Ballot Marking Devices for all voters","absenteeSystem":"Hand-Fed Optical Scanners","pollBookSystem":"In-House Electronic Poll Book","tabulation":"Optical Scan","equipmentCodeMatched":true,"sourceDocumentId":"verified-voting-verifier-sc-2024-equipment","sourceUrl":"https://verifiedvoting.org/verifier/#mode/navigate/map/voteEquip/mapType/ppEquip/year/2024/state/45"}},{"type":"Feature","bbox":[-79.339111328125,33.571807861328,-78.541076660156,34.299224853516],"geometry":{"type":"Polygon","coordinates":[[[-79.078063964844,34.293060302734],[-79.071166992188,34.299224853516],[-78.541076660156,33.85107421875],[-78.672180175781,33.817596435547],[-78.772705078125,33.768463134766],[-78.862915039062,33.705596923828],[-78.93798828125,33.639831542969],[-79.002075195312,33.572113037109],[-79.1005859375,33.571807861328],[-79.100158691406,33.609710693359],[-79.109008789062,33.600311279297],[-79.121215820312,33.604797363281],[-79.123229980469,33.623229980469],[-79.1337890625,33.638580322266],[-79.134887695312,33.648498535156],[-79.127258300781,33.643646240234],[-79.124328613281,33.652740478516],[-79.129516601562,33.650085449219],[-79.137084960938,33.664123535156],[-79.151916503906,33.658172607422],[-79.15673828125,33.684173583984],[-79.190246582031,33.705749511719],[-79.195922851562,33.727874755859],[-79.219787597656,33.747833251953],[-79.218505859375,33.755676269531],[-79.235168457031,33.763488769531],[-79.26025390625,33.814880371094],[-79.258239746094,33.825164794922],[-79.249084472656,33.829711914062],[-79.263854980469,33.843078613281],[-79.256530761719,33.865020751953],[-79.263549804688,33.892425537109],[-79.283081054688,33.900726318359],[-79.286193847656,33.894989013672],[-79.2998046875,33.90380859375],[-79.312316894531,33.918182373047],[-79.306884765625,33.934783935547],[-79.317199707031,33.9345703125],[-79.311706542969,33.944030761719],[-79.333801269531,33.952789306641],[-79.329895019531,33.960571289062],[-79.339111328125,33.969512939453],[-79.328430175781,34.000152587891],[-79.31640625,33.99609375],[-79.307373046875,34.005340576172],[-79.307495117188,34.027465820312],[-79.247741699219,34.057037353516],[-79.239501953125,34.076721191406],[-79.250366210938,34.089721679688],[-79.22900390625,34.108001708984],[-79.220886230469,34.107727050781],[-79.220642089844,34.122039794922],[-79.205322265625,34.134155273438],[-79.209106445312,34.150085449219],[-79.197326660156,34.158660888672],[-79.192687988281,34.175415039062],[-79.176879882812,34.184753417969],[-79.173583984375,34.179534912109],[-79.153930664062,34.207214355469],[-79.144226074219,34.206176757812],[-79.130859375,34.221527099609],[-79.135620117188,34.229156494141],[-79.128112792969,34.230987548828],[-79.133544921875,34.238800048828],[-79.128112792969,34.253631591797],[-79.109680175781,34.272796630859],[-79.086364746094,34.28466796875],[-79.085083007812,34.295166015625],[-79.078063964844,34.293060302734]]]},"properties":{"_isDeleted":false,"AREA":"2.89431806551875E-01","PERIMETER":"2.60063320974029E+00","CO45_D00_":"26","CO45_D00_I":"25","STATE":"45","COUNTY":"051","NAME":"Horry","LSAD":"06","LSAD_TRANS":"County","CODE":"dren","CODE_ACC":"dren","CODE_ABS":"dren","CODE_EV":"nev","equipmentGroupLabel":"ES&S - ES&S ExpressVote +","equipmentSystemName":"ES&S ExpressVote +","equipmentType":"Optical Scan","equipmentVendor":"ES&S","jurisdictionCode":"SC-051","jurisdictionName":"Horry County","sourceGranularity":"county","standardSystem":"Ballot Marking Devices for all voters","accessibleSystem":"Ballot Marking Devices for all voters","absenteeSystem":"Batch-Fed Optical Scanners","pollBookSystem":"In-House Electronic Poll Book","tabulation":"Optical Scan","equipmentCodeMatched":true,"sourceDocumentId":"verified-voting-verifier-sc-2024-equipment","sourceUrl":"https://verifiedvoting.org/verifier/#mode/navigate/map/voteEquip/mapType/ppEquip/year/2024/state/45"}},{"type":"Feature","bbox":[-81.345275878906,33.743194580078,-80.59619140625,34.268737792969],"geometry":{"type":"Polygon","coordinates":[[[-80.862121582031,34.264404296875],[-80.825927734375,34.268737792969],[-80.869445800781,34.182891845703],[-80.719299316406,34.068939208984],[-80.703552246094,34.080993652344],[-80.6162109375,34.099548339844],[-80.636535644531,34.082153320312],[-80.628295898438,34.077301025391],[-80.619140625,34.081726074219],[-80.629150390625,34.069885253906],[-80.61279296875,34.056091308594],[-80.6064453125,34.057922363281],[-80.612609863281,34.0517578125],[-80.600891113281,34.039337158203],[-80.608154296875,34.028472900391],[-80.602111816406,34.025329589844],[-80.615173339844,34.024871826172],[-80.627502441406,34.013061523438],[-80.62548828125,34.003082275391],[-80.635925292969,34.007995605469],[-80.635375976562,34.00146484375],[-80.646667480469,33.997924804688],[-80.630432128906,33.975769042969],[-80.633117675781,33.966522216797],[-80.615661621094,33.965270996094],[-80.628173828125,33.947784423828],[-80.617309570312,33.935729980469],[-80.626770019531,33.933746337891],[-80.634033203125,33.917907714844],[-80.62548828125,33.898132324219],[-80.615112304688,33.892578125],[-80.620361328125,33.888671875],[-80.62548828125,33.893524169922],[-80.622924804688,33.860412597656],[-80.633483886719,33.852691650391],[-80.616333007812,33.834930419922],[-80.615356445312,33.814422607422],[-80.59814453125,33.804168701172],[-80.605712890625,33.804290771484],[-80.59619140625,33.787353515625],[-80.609802246094,33.752532958984],[-80.620239257812,33.743194580078],[-80.632751464844,33.74365234375],[-80.656372070312,33.761413574219],[-80.654663085938,33.773468017578],[-80.6865234375,33.755981445312],[-80.687316894531,33.761047363281],[-80.705322265625,33.759796142578],[-80.711730957031,33.771270751953],[-80.71533203125,33.760467529297],[-80.726867675781,33.768249511719],[-80.738464355469,33.75634765625],[-80.735717773438,33.766571044922],[-80.744995117188,33.776397705078],[-80.751525878906,33.770538330078],[-80.746520996094,33.761779785156],[-80.759643554688,33.773986816406],[-80.7822265625,33.760681152344],[-80.782958984375,33.768920898438],[-80.815673828125,33.781036376953],[-80.825012207031,33.774719238281],[-80.829223632812,33.778167724609],[-80.822509765625,33.786956787109],[-80.833435058594,33.785491943359],[-80.83740234375,33.793884277344],[-80.86572265625,33.802673339844],[-80.874816894531,33.815460205078],[-80.91552734375,33.811431884766],[-80.9130859375,33.832946777344],[-80.936218261719,33.826416015625],[-80.953735351562,33.842620849609],[-80.98828125,33.849670410156],[-80.986206054688,33.857391357422],[-81.002075195312,33.863037109375],[-80.997192382812,33.875671386719],[-81.012268066406,33.880065917969],[-81.021362304688,33.888092041016],[-81.008728027344,33.904083251953],[-81.029602050781,33.914306640625],[-81.016967773438,33.930816650391],[-81.052856445312,33.998443603516],[-81.097229003906,34.017913818359],[-81.125854492188,34.056243896484],[-81.173095703125,34.090545654297],[-81.238220214844,34.101989746094],[-81.275817871094,34.097351074219],[-81.315002441406,34.146118164062],[-81.299743652344,34.165344238281],[-81.317199707031,34.186218261719],[-81.338928222656,34.197601318359],[-81.345275878906,34.205017089844],[-81.316833496094,34.239440917969],[-81.281311035156,34.231658935547],[-81.251281738281,34.202941894531],[-81.226379394531,34.205657958984],[-81.178283691406,34.174530029297],[-81.178894042969,34.187103271484],[-81.168212890625,34.197296142578],[-81.18115234375,34.220275878906],[-81.095520019531,34.213806152344],[-81.083557128906,34.224548339844],[-81.074829101562,34.222473144531],[-81.068786621094,34.232177734375],[-81.060791015625,34.227905273438],[-81.044128417969,34.236511230469],[-81.038818359375,34.232482910156],[-80.961975097656,34.252014160156],[-80.862121582031,34.264404296875]]]},"properties":{"_isDeleted":false,"AREA":"1.95115091528997E-01","PERIMETER":"2.93285704423806E+00","CO45_D00_":"27","CO45_D00_I":"26","STATE":"45","COUNTY":"079","NAME":"Richland","LSAD":"06","LSAD_TRANS":"County","CODE":"dren","CODE_ACC":"dren","CODE_ABS":"dren","CODE_EV":"nev","equipmentGroupLabel":"ES&S - ES&S ExpressVote +","equipmentSystemName":"ES&S ExpressVote +","equipmentType":"Optical Scan","equipmentVendor":"ES&S","jurisdictionCode":"SC-079","jurisdictionName":"Richland County","sourceGranularity":"county","standardSystem":"Ballot Marking Devices for all voters","accessibleSystem":"Ballot Marking Devices for all voters","absenteeSystem":"Batch-Fed Optical Scanners","pollBookSystem":"In-House Electronic Poll Book","tabulation":"Optical Scan","equipmentCodeMatched":true,"sourceDocumentId":"verified-voting-verifier-sc-2024-equipment","sourceUrl":"https://verifiedvoting.org/verifier/#mode/navigate/map/voteEquip/mapType/ppEquip/year/2024/state/45"}},{"type":"Feature","bbox":[-81.571411132812,33.652740478516,-80.924865722656,34.197601318359],"geometry":{"type":"Polygon","coordinates":[[[-81.338928222656,34.197601318359],[-81.317199707031,34.186218261719],[-81.299743652344,34.165344238281],[-81.315002441406,34.146118164062],[-81.275817871094,34.097351074219],[-81.238220214844,34.101989746094],[-81.173095703125,34.090545654297],[-81.125854492188,34.056243896484],[-81.097229003906,34.017913818359],[-81.052856445312,33.998443603516],[-81.016967773438,33.930816650391],[-81.029602050781,33.914306640625],[-81.008728027344,33.904083251953],[-81.021362304688,33.888092041016],[-81.012268066406,33.880065917969],[-81.037841796875,33.870910644531],[-81.046569824219,33.792999267578],[-81.059204101562,33.770660400391],[-81.058532714844,33.747039794922],[-81.0361328125,33.745178222656],[-81.032836914062,33.764068603516],[-81.0234375,33.763488769531],[-81.013977050781,33.78125],[-80.962097167969,33.778961181641],[-80.924865722656,33.756561279297],[-80.95849609375,33.736755371094],[-80.992004394531,33.732208251953],[-81.042785644531,33.707092285156],[-81.086791992188,33.695343017578],[-81.187194824219,33.652740478516],[-81.275024414062,33.696075439453],[-81.290466308594,33.694305419922],[-81.364868164062,33.727935791016],[-81.412231445312,33.730651855469],[-81.431701660156,33.756866455078],[-81.435729980469,33.775665283203],[-81.460571289062,33.797241210938],[-81.512329101562,33.812896728516],[-81.533935546875,33.832641601562],[-81.540954589844,33.852111816406],[-81.560729980469,33.862609863281],[-81.571411132812,33.877288818359],[-81.471923828125,34.076507568359],[-81.463806152344,34.087310791016],[-81.444641113281,34.077911376953],[-81.424743652344,34.083190917969],[-81.402770996094,34.070861816406],[-81.389770507812,34.075408935547],[-81.437133789062,34.129974365234],[-81.403625488281,34.177825927734],[-81.373291015625,34.179595947266],[-81.352294921875,34.196624755859],[-81.338928222656,34.197601318359]]]},"properties":{"_isDeleted":false,"AREA":"1.91315767043003E-01","PERIMETER":"2.21307327226251E+00","CO45_D00_":"28","CO45_D00_I":"27","STATE":"45","COUNTY":"063","NAME":"Lexington","LSAD":"06","LSAD_TRANS":"County","CODE":"dren","CODE_ACC":"dren","CODE_ABS":"dren","CODE_EV":"nev","equipmentGroupLabel":"ES&S - ES&S ExpressVote +","equipmentSystemName":"ES&S ExpressVote +","equipmentType":"Optical Scan","equipmentVendor":"ES&S","jurisdictionCode":"SC-063","jurisdictionName":"Lexington County","sourceGranularity":"county","standardSystem":"Ballot Marking Devices for all voters","accessibleSystem":"Ballot Marking Devices for all voters","absenteeSystem":"Batch-Fed Optical Scanners","pollBookSystem":"In-House Electronic Poll Book","tabulation":"Optical Scan","equipmentCodeMatched":true,"sourceDocumentId":"verified-voting-verifier-sc-2024-equipment","sourceUrl":"https://verifiedvoting.org/verifier/#mode/navigate/map/voteEquip/mapType/ppEquip/year/2024/state/45"}},{"type":"Feature","bbox":[-82.007873535156,33.814422607422,-81.471923828125,34.187316894531],"geometry":{"type":"Polygon","coordinates":[[[-81.756469726562,34.177032470703],[-81.731079101562,34.187316894531],[-81.716247558594,34.175476074219],[-81.691467285156,34.172912597656],[-81.672607421875,34.156036376953],[-81.6376953125,34.146423339844],[-81.620971679688,34.125122070312],[-81.607543945312,34.123138427734],[-81.600463867188,34.112915039062],[-81.589599609375,34.1171875],[-81.5712890625,34.099700927734],[-81.547790527344,34.09375],[-81.538879394531,34.081726074219],[-81.513793945312,34.082244873047],[-81.502502441406,34.073852539062],[-81.485107421875,34.082305908203],[-81.471923828125,34.076507568359],[-81.571411132812,33.877288818359],[-81.65185546875,33.814422607422],[-81.836730957031,33.866424560547],[-81.870361328125,33.892120361328],[-81.894592285156,33.975402832031],[-81.931945800781,33.976928710938],[-82.007873535156,33.961730957031],[-81.990783691406,33.996612548828],[-81.946166992188,34.038848876953],[-81.928649902344,34.075775146484],[-81.917846679688,34.079162597656],[-81.915771484375,34.090972900391],[-81.895874023438,34.099700927734],[-81.8701171875,34.135406494141],[-81.866760253906,34.140380859375],[-81.879028320312,34.158386230469],[-81.8603515625,34.179321289062],[-81.838928222656,34.172332763672],[-81.826904296875,34.182098388672],[-81.82763671875,34.1728515625],[-81.782775878906,34.172393798828],[-81.785705566406,34.165954589844],[-81.778564453125,34.164916992188],[-81.770263671875,34.174468994141],[-81.756469726562,34.177032470703]]]},"properties":{"_isDeleted":false,"AREA":"1.16737653831000E-01","PERIMETER":"1.56357248620037E+00","CO45_D00_":"29","CO45_D00_I":"28","STATE":"45","COUNTY":"081","NAME":"Saluda","LSAD":"06","LSAD_TRANS":"County","CODE":"dren","CODE_ACC":"dren","CODE_ABS":"dren","CODE_EV":"nev","equipmentGroupLabel":"ES&S - ES&S ExpressVote +","equipmentSystemName":"ES&S ExpressVote +","equipmentType":"Optical Scan","equipmentVendor":"ES&S","jurisdictionCode":"SC-081","jurisdictionName":"Saluda County","sourceGranularity":"county","standardSystem":"Ballot Marking Devices for all voters","accessibleSystem":"Ballot Marking Devices for all voters","absenteeSystem":"Hand-Fed Optical Scanners","pollBookSystem":"In-House Electronic Poll Book","tabulation":"Optical Scan","equipmentCodeMatched":true,"sourceDocumentId":"verified-voting-verifier-sc-2024-equipment","sourceUrl":"https://verifiedvoting.org/verifier/#mode/navigate/map/voteEquip/mapType/ppEquip/year/2024/state/45"}},{"type":"Feature","bbox":[-80.646667480469,33.643920898438,-79.893493652344,34.168670654297],"geometry":{"type":"Polygon","coordinates":[[[-80.479797363281,34.168670654297],[-80.481323242188,34.112548828125],[-80.405517578125,34.081359863281],[-80.395629882812,34.089508056641],[-80.378723144531,34.080688476562],[-80.317321777344,34.078277587891],[-80.294921875,34.039428710938],[-80.264770507812,34.029815673828],[-80.249755859375,33.992126464844],[-80.188232421875,34.004913330078],[-80.180297851562,33.951965332031],[-80.072631835938,34.006591796875],[-80.026733398438,34.008514404297],[-80.000549316406,34.047882080078],[-79.959716796875,34.021362304688],[-79.903625488281,34.002197265625],[-79.893493652344,33.988037109375],[-79.974548339844,33.946533203125],[-80.12158203125,33.869506835938],[-80.135437011719,33.868774414062],[-80.191772460938,33.840789794922],[-80.255859375,33.8037109375],[-80.270751953125,33.786743164062],[-80.397094726562,33.767791748047],[-80.392028808594,33.715515136719],[-80.434387207031,33.711853027344],[-80.425903320312,33.724029541016],[-80.430908203125,33.73828125],[-80.449279785156,33.737487792969],[-80.454406738281,33.713531494141],[-80.478820800781,33.714263916016],[-80.497802734375,33.674041748047],[-80.534118652344,33.643920898438],[-80.565490722656,33.664703369141],[-80.562377929688,33.678375244141],[-80.589721679688,33.684234619141],[-80.596557617188,33.695098876953],[-80.593078613281,33.701934814453],[-80.615234375,33.711853027344],[-80.629638671875,33.737396240234],[-80.620239257812,33.743194580078],[-80.609802246094,33.752532958984],[-80.59619140625,33.787353515625],[-80.605712890625,33.804290771484],[-80.59814453125,33.804168701172],[-80.615356445312,33.814422607422],[-80.616333007812,33.834930419922],[-80.633483886719,33.852691650391],[-80.622924804688,33.860412597656],[-80.62548828125,33.893524169922],[-80.620361328125,33.888671875],[-80.615112304688,33.892578125],[-80.62548828125,33.898132324219],[-80.634033203125,33.917907714844],[-80.626770019531,33.933746337891],[-80.617309570312,33.935729980469],[-80.628173828125,33.947784423828],[-80.615661621094,33.965270996094],[-80.633117675781,33.966522216797],[-80.630432128906,33.975769042969],[-80.646667480469,33.997924804688],[-80.635375976562,34.00146484375],[-80.635925292969,34.007995605469],[-80.62548828125,34.003082275391],[-80.627502441406,34.013061523438],[-80.615173339844,34.024871826172],[-80.602111816406,34.025329589844],[-80.608154296875,34.028472900391],[-80.600891113281,34.039337158203],[-80.612609863281,34.0517578125],[-80.6064453125,34.057922363281],[-80.61279296875,34.056091308594],[-80.629150390625,34.069885253906],[-80.619140625,34.081726074219],[-80.628295898438,34.077301025391],[-80.636535644531,34.082153320312],[-80.6162109375,34.099548339844],[-80.618530273438,34.109191894531],[-80.580078125,34.099945068359],[-80.479797363281,34.168670654297]]]},"properties":{"_isDeleted":false,"AREA":"1.72215940176995E-01","PERIMETER":"2.66042469750914E+00","CO45_D00_":"30","CO45_D00_I":"29","STATE":"45","COUNTY":"085","NAME":"Sumter","LSAD":"06","LSAD_TRANS":"County","CODE":"dren","CODE_ACC":"dren","CODE_ABS":"dren","CODE_EV":"nev","equipmentGroupLabel":"ES&S - ES&S ExpressVote +","equipmentSystemName":"ES&S ExpressVote +","equipmentType":"Optical Scan","equipmentVendor":"ES&S","jurisdictionCode":"SC-085","jurisdictionName":"Sumter County","sourceGranularity":"county","standardSystem":"Ballot Marking Devices for all voters","accessibleSystem":"Ballot Marking Devices for all voters","absenteeSystem":"Batch-Fed Optical Scanners","pollBookSystem":"In-House Electronic Poll Book","tabulation":"Optical Scan","equipmentCodeMatched":true,"sourceDocumentId":"verified-voting-verifier-sc-2024-equipment","sourceUrl":"https://verifiedvoting.org/verifier/#mode/navigate/map/voteEquip/mapType/ppEquip/year/2024/state/45"}},{"type":"Feature","bbox":[-82.594543457031,33.589874267578,-82.045227050781,34.081207275391],"geometry":{"type":"Polygon","coordinates":[[[-82.530517578125,34.071960449219],[-82.500549316406,34.071868896484],[-82.48388671875,34.081207275391],[-82.45263671875,34.060363769531],[-82.377258300781,34.057403564453],[-82.326965332031,34.064086914062],[-82.306274414062,33.971588134766],[-82.245178222656,34.018646240234],[-82.213623046875,33.985809326172],[-82.1748046875,33.972381591797],[-82.150817871094,33.986694335938],[-82.07568359375,33.979431152344],[-82.045227050781,33.9833984375],[-82.046875,33.953216552734],[-82.155639648438,33.929290771484],[-82.148193359375,33.902770996094],[-82.158630371094,33.898132324219],[-82.154541015625,33.881622314453],[-82.114013671875,33.830078125],[-82.138854980469,33.818542480469],[-82.133911132812,33.810607910156],[-82.143615722656,33.794525146484],[-82.158630371094,33.792694091797],[-82.153137207031,33.782562255859],[-82.172729492188,33.765167236328],[-82.164672851562,33.744689941406],[-82.182800292969,33.725219726562],[-82.165771484375,33.690185546875],[-82.145202636719,33.686065673828],[-82.147583007812,33.676239013672],[-82.134216308594,33.673583984375],[-82.128662109375,33.659057617188],[-82.110412597656,33.655242919922],[-82.095520019531,33.633880615234],[-82.115356445312,33.596496582031],[-82.129028320312,33.589874267578],[-82.142883300781,33.594299316406],[-82.15625,33.608612060547],[-82.179809570312,33.615966796875],[-82.196533203125,33.630554199219],[-82.200622558594,33.664642333984],[-82.234558105469,33.700164794922],[-82.247436523438,33.752593994141],[-82.298217773438,33.783508300781],[-82.300170898438,33.800628662109],[-82.40380859375,33.865478515625],[-82.422790527344,33.863708496094],[-82.455078125,33.881622314453],[-82.492919921875,33.909759521484],[-82.512939453125,33.936981201172],[-82.556762695312,33.945373535156],[-82.579528808594,33.979736328125],[-82.575500488281,33.992065429688],[-82.589233398438,34.000152587891],[-82.594543457031,34.014099121094],[-82.530517578125,34.071960449219]]]},"properties":{"_isDeleted":false,"AREA":"9.93929803037625E-02","PERIMETER":"2.04332781584132E+00","CO45_D00_":"31","CO45_D00_I":"30","STATE":"45","COUNTY":"065","NAME":"McCormick","LSAD":"06","LSAD_TRANS":"County","CODE":"dren","CODE_ACC":"dren","CODE_ABS":"dren","CODE_EV":"nev","equipmentGroupLabel":"ES&S - ES&S ExpressVote +","equipmentSystemName":"ES&S ExpressVote +","equipmentType":"Optical Scan","equipmentVendor":"ES&S","jurisdictionCode":"SC-065","jurisdictionName":"McCormick County","sourceGranularity":"county","standardSystem":"Ballot Marking Devices for all voters","accessibleSystem":"Ballot Marking Devices for all voters","absenteeSystem":"Hand-Fed Optical Scanners","pollBookSystem":"In-House Electronic Poll Book","tabulation":"Optical Scan","equipmentCodeMatched":true,"sourceDocumentId":"verified-voting-verifier-sc-2024-equipment","sourceUrl":"https://verifiedvoting.org/verifier/#mode/navigate/map/voteEquip/mapType/ppEquip/year/2024/state/45"}},{"type":"Feature","bbox":[-82.182800292969,33.532104492188,-81.65185546875,33.976928710938],"geometry":{"type":"Polygon","coordinates":[[[-82.007873535156,33.961730957031],[-81.931945800781,33.976928710938],[-81.894592285156,33.975402832031],[-81.870361328125,33.892120361328],[-81.836730957031,33.866424560547],[-81.65185546875,33.814422607422],[-82.012512207031,33.532104492188],[-82.046325683594,33.563812255859],[-82.115356445312,33.596496582031],[-82.095520019531,33.633880615234],[-82.110412597656,33.655242919922],[-82.128662109375,33.659057617188],[-82.134216308594,33.673583984375],[-82.147583007812,33.676239013672],[-82.145202636719,33.686065673828],[-82.165771484375,33.690185546875],[-82.182800292969,33.725219726562],[-82.164672851562,33.744689941406],[-82.172729492188,33.765167236328],[-82.153137207031,33.782562255859],[-82.158630371094,33.792694091797],[-82.143615722656,33.794525146484],[-82.133911132812,33.810607910156],[-82.138854980469,33.818542480469],[-82.114013671875,33.830078125],[-82.154541015625,33.881622314453],[-82.158630371094,33.898132324219],[-82.148193359375,33.902770996094],[-82.155639648438,33.929290771484],[-82.046875,33.953216552734],[-82.007873535156,33.961730957031]]]},"properties":{"_isDeleted":false,"AREA":"1.27706370855827E-01","PERIMETER":"1.66487309198855E+00","CO45_D00_":"32","CO45_D00_I":"31","STATE":"45","COUNTY":"037","NAME":"Edgefield","LSAD":"06","LSAD_TRANS":"County","CODE":"dren","CODE_ACC":"dren","CODE_ABS":"dren","CODE_EV":"nev","equipmentGroupLabel":"ES&S - ES&S ExpressVote +","equipmentSystemName":"ES&S ExpressVote +","equipmentType":"Optical Scan","equipmentVendor":"ES&S","jurisdictionCode":"SC-037","jurisdictionName":"Edgefield County","sourceGranularity":"county","standardSystem":"Ballot Marking Devices for all voters","accessibleSystem":"Ballot Marking Devices for all voters","absenteeSystem":"Hand-Fed Optical Scanners","pollBookSystem":"In-House Electronic Poll Book","tabulation":"Optical Scan","equipmentCodeMatched":true,"sourceDocumentId":"verified-voting-verifier-sc-2024-equipment","sourceUrl":"https://verifiedvoting.org/verifier/#mode/navigate/map/voteEquip/mapType/ppEquip/year/2024/state/45"}},{"type":"Feature","bbox":[-80.540344238281,33.431365966797,-79.875671386719,33.946533203125],"geometry":{"type":"Polygon","coordinates":[[[-79.974548339844,33.946533203125],[-79.947692871094,33.887359619141],[-79.875671386719,33.885070800781],[-79.915283203125,33.818634033203],[-79.944519042969,33.810180664062],[-79.99560546875,33.767883300781],[-79.974304199219,33.721557617188],[-79.993225097656,33.704437255859],[-80.101684570312,33.496856689453],[-80.125305175781,33.50244140625],[-80.127624511719,33.492889404297],[-80.151672363281,33.486053466797],[-80.14990234375,33.475708007812],[-80.131774902344,33.463073730469],[-80.144165039062,33.464111328125],[-80.1396484375,33.453826904297],[-80.151123046875,33.460144042969],[-80.149658203125,33.448608398438],[-80.161682128906,33.449188232422],[-80.162536621094,33.460662841797],[-80.171691894531,33.449127197266],[-80.180358886719,33.454711914062],[-80.181640625,33.448455810547],[-80.199096679688,33.443389892578],[-80.197387695312,33.450897216797],[-80.207763671875,33.452484130859],[-80.203674316406,33.442077636719],[-80.220764160156,33.447937011719],[-80.222229003906,33.443695068359],[-80.238708496094,33.439727783203],[-80.239868164062,33.454620361328],[-80.267822265625,33.437805175781],[-80.281921386719,33.448303222656],[-80.322509765625,33.431365966797],[-80.364379882812,33.432891845703],[-80.393127441406,33.4453125],[-80.436950683594,33.477966308594],[-80.439086914062,33.501983642578],[-80.460021972656,33.502868652344],[-80.456420898438,33.512115478516],[-80.467712402344,33.516174316406],[-80.468322753906,33.523223876953],[-80.447265625,33.524536132812],[-80.451843261719,33.5458984375],[-80.468383789062,33.541046142578],[-80.484985351562,33.559997558594],[-80.496276855469,33.558471679688],[-80.516174316406,33.576904296875],[-80.502136230469,33.590240478516],[-80.519775390625,33.597381591797],[-80.52001953125,33.614196777344],[-80.540344238281,33.627990722656],[-80.528259277344,33.636749267578],[-80.534118652344,33.643920898438],[-80.497802734375,33.674041748047],[-80.478820800781,33.714263916016],[-80.454406738281,33.713531494141],[-80.449279785156,33.737487792969],[-80.430908203125,33.73828125],[-80.425903320312,33.724029541016],[-80.434387207031,33.711853027344],[-80.392028808594,33.715515136719],[-80.397094726562,33.767791748047],[-80.270751953125,33.786743164062],[-80.255859375,33.8037109375],[-80.191772460938,33.840789794922],[-80.135437011719,33.868774414062],[-80.12158203125,33.869506835938],[-79.974548339844,33.946533203125]]]},"properties":{"_isDeleted":false,"AREA":"1.75143426339004E-01","PERIMETER":"2.28626294877371E+00","CO45_D00_":"33","CO45_D00_I":"32","STATE":"45","COUNTY":"027","NAME":"Clarendon","LSAD":"06","LSAD_TRANS":"County","CODE":"dren","CODE_ACC":"dren","CODE_ABS":"dren","CODE_EV":"nev","equipmentGroupLabel":"ES&S - ES&S ExpressVote +","equipmentSystemName":"ES&S ExpressVote +","equipmentType":"Optical Scan","equipmentVendor":"ES&S","jurisdictionCode":"SC-027","jurisdictionName":"Clarendon County","sourceGranularity":"county","standardSystem":"Ballot Marking Devices for all voters","accessibleSystem":"Ballot Marking Devices for all voters","absenteeSystem":"Hand-Fed Optical Scanners","pollBookSystem":"In-House Electronic Poll Book","tabulation":"Optical Scan","equipmentCodeMatched":true,"sourceDocumentId":"verified-voting-verifier-sc-2024-equipment","sourceUrl":"https://verifiedvoting.org/verifier/#mode/navigate/map/voteEquip/mapType/ppEquip/year/2024/state/45"}},{"type":"Feature","bbox":[-80.101684570312,33.304901123047,-79.317016601562,33.891754150391],"geometry":{"type":"Polygon","coordinates":[[[-79.875671386719,33.885070800781],[-79.855102539062,33.891754150391],[-79.834899902344,33.882659912109],[-79.79833984375,33.835571289062],[-79.743347167969,33.835083007812],[-79.724426269531,33.814300537109],[-79.699645996094,33.813995361328],[-79.687438964844,33.804901123047],[-79.678466796875,33.814208984375],[-79.6357421875,33.818023681641],[-79.634765625,33.808349609375],[-79.497009277344,33.775604248047],[-79.473693847656,33.783966064453],[-79.441467285156,33.784637451172],[-79.430786132812,33.794311523438],[-79.388244628906,33.807373046875],[-79.382019042969,33.818634033203],[-79.352172851562,33.815093994141],[-79.34033203125,33.802764892578],[-79.324768066406,33.799102783203],[-79.317016601562,33.779846191406],[-79.317077636719,33.779846191406],[-79.338928222656,33.774108886719],[-79.347290039062,33.754821777344],[-79.410339355469,33.687683105469],[-79.4423828125,33.59619140625],[-79.43603515625,33.572265625],[-79.48388671875,33.536193847656],[-79.496398925781,33.517486572266],[-79.5419921875,33.494415283203],[-79.591003417969,33.442657470703],[-79.596008300781,33.421600341797],[-79.6337890625,33.372467041016],[-79.676513671875,33.337738037109],[-79.677001953125,33.304901123047],[-79.709533691406,33.321197509766],[-79.734802246094,33.320190429688],[-79.75537109375,33.329437255859],[-79.781555175781,33.368194580078],[-79.794921875,33.377960205078],[-79.806518554688,33.372680664062],[-79.854736328125,33.402801513672],[-79.861267089844,33.417755126953],[-79.878234863281,33.425109863281],[-79.868957519531,33.435028076172],[-79.895446777344,33.454467773438],[-79.903076171875,33.450439453125],[-79.90283203125,33.455871582031],[-79.940795898438,33.476226806641],[-79.964050292969,33.498260498047],[-79.98974609375,33.498260498047],[-79.996948242188,33.5068359375],[-80.001770019531,33.494781494141],[-80.012084960938,33.505157470703],[-80.0185546875,33.498321533203],[-80.02392578125,33.506256103516],[-80.041687011719,33.500885009766],[-80.050476074219,33.506317138672],[-80.079833984375,33.5068359375],[-80.101684570312,33.496856689453],[-79.993225097656,33.704437255859],[-79.974304199219,33.721557617188],[-79.99560546875,33.767883300781],[-79.944519042969,33.810180664062],[-79.915283203125,33.818634033203],[-79.875671386719,33.885070800781]]]},"properties":{"_isDeleted":false,"AREA":"2.35778577713328E-01","PERIMETER":"2.43073297450565E+00","CO45_D00_":"34","CO45_D00_I":"33","STATE":"45","COUNTY":"089","NAME":"Williamsburg","LSAD":"06","LSAD_TRANS":"County","CODE":"dren","CODE_ACC":"dren","CODE_ABS":"dren","CODE_EV":"nev","equipmentGroupLabel":"ES&S - ES&S ExpressVote +","equipmentSystemName":"ES&S ExpressVote +","equipmentType":"Optical Scan","equipmentVendor":"ES&S","jurisdictionCode":"SC-089","jurisdictionName":"Williamsburg County","sourceGranularity":"county","standardSystem":"Ballot Marking Devices for all voters","accessibleSystem":"Ballot Marking Devices for all voters","absenteeSystem":"Hand-Fed Optical Scanners","pollBookSystem":"In-House Electronic Poll Book","tabulation":"Optical Scan","equipmentCodeMatched":true,"sourceDocumentId":"verified-voting-verifier-sc-2024-equipment","sourceUrl":"https://verifiedvoting.org/verifier/#mode/navigate/map/voteEquip/mapType/ppEquip/year/2024/state/45"}},{"type":"Feature","bbox":[-81.059204101562,33.466003417969,-80.496276855469,33.880065917969],"geometry":{"type":"Polygon","coordinates":[[[-81.037841796875,33.870910644531],[-81.012268066406,33.880065917969],[-80.997192382812,33.875671386719],[-81.002075195312,33.863037109375],[-80.986206054688,33.857391357422],[-80.98828125,33.849670410156],[-80.953735351562,33.842620849609],[-80.936218261719,33.826416015625],[-80.9130859375,33.832946777344],[-80.91552734375,33.811431884766],[-80.874816894531,33.815460205078],[-80.86572265625,33.802673339844],[-80.83740234375,33.793884277344],[-80.833435058594,33.785491943359],[-80.822509765625,33.786956787109],[-80.829223632812,33.778167724609],[-80.825012207031,33.774719238281],[-80.815673828125,33.781036376953],[-80.782958984375,33.768920898438],[-80.7822265625,33.760681152344],[-80.759643554688,33.773986816406],[-80.746520996094,33.761779785156],[-80.751525878906,33.770538330078],[-80.744995117188,33.776397705078],[-80.735717773438,33.766571044922],[-80.738464355469,33.75634765625],[-80.726867675781,33.768249511719],[-80.71533203125,33.760467529297],[-80.711730957031,33.771270751953],[-80.705322265625,33.759796142578],[-80.687316894531,33.761047363281],[-80.6865234375,33.755981445312],[-80.654663085938,33.773468017578],[-80.656372070312,33.761413574219],[-80.632751464844,33.74365234375],[-80.620239257812,33.743194580078],[-80.629638671875,33.737396240234],[-80.615234375,33.711853027344],[-80.593078613281,33.701934814453],[-80.596557617188,33.695098876953],[-80.589721679688,33.684234619141],[-80.562377929688,33.678375244141],[-80.565490722656,33.664703369141],[-80.534118652344,33.643920898438],[-80.528259277344,33.636749267578],[-80.540344238281,33.627990722656],[-80.52001953125,33.614196777344],[-80.519775390625,33.597381591797],[-80.502136230469,33.590240478516],[-80.516174316406,33.576904296875],[-80.496276855469,33.558471679688],[-80.505676269531,33.552368164062],[-80.503295898438,33.535827636719],[-80.539916992188,33.561920166016],[-80.551330566406,33.558746337891],[-80.552062988281,33.5654296875],[-80.603637695312,33.5556640625],[-80.610473632812,33.550811767578],[-80.588073730469,33.538696289062],[-80.624694824219,33.498901367188],[-80.619567871094,33.493041992188],[-80.624755859375,33.488616943359],[-80.611267089844,33.470428466797],[-80.616577148438,33.466003417969],[-80.627258300781,33.473785400391],[-80.658996582031,33.471008300781],[-80.695617675781,33.508819580078],[-80.693786621094,33.521728515625],[-80.8076171875,33.604064941406],[-80.88134765625,33.619689941406],[-80.920104980469,33.605590820312],[-80.939636230469,33.608764648438],[-80.94384765625,33.643646240234],[-80.965515136719,33.625274658203],[-81.042785644531,33.707092285156],[-80.992004394531,33.732208251953],[-80.95849609375,33.736755371094],[-80.924865722656,33.756561279297],[-80.962097167969,33.778961181641],[-81.013977050781,33.78125],[-81.0234375,33.763488769531],[-81.032836914062,33.764068603516],[-81.0361328125,33.745178222656],[-81.058532714844,33.747039794922],[-81.059204101562,33.770660400391],[-81.046569824219,33.792999267578],[-81.037841796875,33.870910644531]]]},"properties":{"_isDeleted":false,"AREA":"9.87600457805038E-02","PERIMETER":"2.30326094100004E+00","CO45_D00_":"35","CO45_D00_I":"34","STATE":"45","COUNTY":"017","NAME":"Calhoun","LSAD":"06","LSAD_TRANS":"County","CODE":"dren","CODE_ACC":"dren","CODE_ABS":"dren","CODE_EV":"nev","equipmentGroupLabel":"ES&S - ES&S ExpressVote +","equipmentSystemName":"ES&S ExpressVote +","equipmentType":"Optical Scan","equipmentVendor":"ES&S","jurisdictionCode":"SC-017","jurisdictionName":"Calhoun County","sourceGranularity":"county","standardSystem":"Ballot Marking Devices for all voters","accessibleSystem":"Ballot Marking Devices for all voters","absenteeSystem":"Hand-Fed Optical Scanners","pollBookSystem":"In-House Electronic Poll Book","tabulation":"Optical Scan","equipmentCodeMatched":true,"sourceDocumentId":"verified-voting-verifier-sc-2024-equipment","sourceUrl":"https://verifiedvoting.org/verifier/#mode/navigate/map/voteEquip/mapType/ppEquip/year/2024/state/45"}},{"type":"Feature","bbox":[-82.012512207031,33.198150634766,-81.187194824219,33.877288818359],"geometry":{"type":"Polygon","coordinates":[[[-81.571411132812,33.877288818359],[-81.560729980469,33.862609863281],[-81.540954589844,33.852111816406],[-81.533935546875,33.832641601562],[-81.512329101562,33.812896728516],[-81.460571289062,33.797241210938],[-81.435729980469,33.775665283203],[-81.431701660156,33.756866455078],[-81.412231445312,33.730651855469],[-81.364868164062,33.727935791016],[-81.290466308594,33.694305419922],[-81.275024414062,33.696075439453],[-81.187194824219,33.652740478516],[-81.372863769531,33.490386962891],[-81.757080078125,33.198150634766],[-81.774047851562,33.221130371094],[-81.781005859375,33.219787597656],[-81.778869628906,33.209808349609],[-81.805236816406,33.21142578125],[-81.809631347656,33.22265625],[-81.852111816406,33.24755859375],[-81.847290039062,33.266357421875],[-81.838195800781,33.27294921875],[-81.863159179688,33.288818359375],[-81.861450195312,33.297943115234],[-81.849609375,33.299530029297],[-81.847229003906,33.306732177734],[-81.867919921875,33.313995361328],[-81.875793457031,33.307403564453],[-81.884094238281,33.310424804688],[-81.900268554688,33.331115722656],[-81.909301757812,33.324157714844],[-81.91796875,33.341552734375],[-81.939697265625,33.344909667969],[-81.934814453125,33.356018066406],[-81.9462890625,33.370635986328],[-81.925720214844,33.371124267578],[-81.936950683594,33.404174804688],[-81.920104980469,33.410705566406],[-81.9267578125,33.426574707031],[-81.913452148438,33.441253662109],[-81.929382324219,33.465789794922],[-81.985961914062,33.486511230469],[-82.012512207031,33.532104492188],[-81.65185546875,33.814422607422],[-81.571411132812,33.877288818359]]]},"properties":{"_isDeleted":false,"AREA":"2.71765370503221E-01","PERIMETER":"2.44272208817915E+00","CO45_D00_":"36","CO45_D00_I":"35","STATE":"45","COUNTY":"003","NAME":"Aiken","LSAD":"06","LSAD_TRANS":"County","CODE":"dren","CODE_ACC":"dren","CODE_ABS":"dren","CODE_EV":"nev","equipmentGroupLabel":"ES&S - ES&S ExpressVote +","equipmentSystemName":"ES&S ExpressVote +","equipmentType":"Optical Scan","equipmentVendor":"ES&S","jurisdictionCode":"SC-003","jurisdictionName":"Aiken County","sourceGranularity":"county","standardSystem":"Ballot Marking Devices for all voters","accessibleSystem":"Ballot Marking Devices for all voters","absenteeSystem":"Batch-Fed Optical Scanners","pollBookSystem":"In-House Electronic Poll Book","tabulation":"Optical Scan","equipmentCodeMatched":true,"sourceDocumentId":"verified-voting-verifier-sc-2024-equipment","sourceUrl":"https://verifiedvoting.org/verifier/#mode/navigate/map/voteEquip/mapType/ppEquip/year/2024/state/45"}},{"type":"Feature","bbox":[-79.677001953125,33.109954833984,-79.002075195312,33.779846191406],"geometry":{"type":"Polygon","coordinates":[[[-79.317077636719,33.779846191406],[-79.317016601562,33.779846191406],[-79.293273925781,33.752227783203],[-79.286437988281,33.717590332031],[-79.26953125,33.719848632812],[-79.2744140625,33.708404541016],[-79.242370605469,33.705902099609],[-79.249267578125,33.696960449219],[-79.235046386719,33.694244384766],[-79.196166992188,33.701354980469],[-79.200622558594,33.709808349609],[-79.190246582031,33.705749511719],[-79.15673828125,33.684173583984],[-79.151916503906,33.658172607422],[-79.137084960938,33.664123535156],[-79.129516601562,33.650085449219],[-79.124328613281,33.652740478516],[-79.127258300781,33.643646240234],[-79.134887695312,33.648498535156],[-79.1337890625,33.638580322266],[-79.123229980469,33.623229980469],[-79.121215820312,33.604797363281],[-79.109008789062,33.600311279297],[-79.100158691406,33.609710693359],[-79.1005859375,33.571807861328],[-79.002075195312,33.572113037109],[-79.028503417969,33.533355712891],[-79.084594726562,33.483642578125],[-79.1474609375,33.378265380859],[-79.180236816406,33.254089355469],[-79.17236328125,33.206573486328],[-79.187805175781,33.173675537109],[-79.246032714844,33.124847412109],[-79.290832519531,33.109954833984],[-79.271850585938,33.123382568359],[-79.273681640625,33.139099121094],[-79.350769042969,33.153503417969],[-79.40185546875,33.182067871094],[-79.427368164062,33.209442138672],[-79.446655273438,33.213409423828],[-79.455749511719,33.218780517578],[-79.452270507812,33.226348876953],[-79.462036132812,33.229339599609],[-79.458679199219,33.235229492188],[-79.472900390625,33.229553222656],[-79.470581054688,33.239410400391],[-79.482849121094,33.235443115234],[-79.479248046875,33.24609375],[-79.493957519531,33.236022949219],[-79.545776367188,33.254821777344],[-79.549743652344,33.264953613281],[-79.559753417969,33.260467529297],[-79.562255859375,33.272521972656],[-79.606506347656,33.279266357422],[-79.6259765625,33.291168212891],[-79.677001953125,33.304901123047],[-79.676513671875,33.337738037109],[-79.6337890625,33.372467041016],[-79.596008300781,33.421600341797],[-79.591003417969,33.442657470703],[-79.5419921875,33.494415283203],[-79.496398925781,33.517486572266],[-79.48388671875,33.536193847656],[-79.43603515625,33.572265625],[-79.4423828125,33.59619140625],[-79.410339355469,33.687683105469],[-79.347290039062,33.754821777344],[-79.338928222656,33.774108886719],[-79.317077636719,33.779846191406]]]},"properties":{"_isDeleted":false,"AREA":"2.19299728327205E-01","PERIMETER":"2.41501295234548E+00","CO45_D00_":"37","CO45_D00_I":"36","STATE":"45","COUNTY":"043","NAME":"Georgetown","LSAD":"06","LSAD_TRANS":"County","CODE":"dren","CODE_ACC":"dren","CODE_ABS":"dren","CODE_EV":"nev","equipmentGroupLabel":"ES&S - ES&S ExpressVote +","equipmentSystemName":"ES&S ExpressVote +","equipmentType":"Optical Scan","equipmentVendor":"ES&S","jurisdictionCode":"SC-043","jurisdictionName":"Georgetown County","sourceGranularity":"county","standardSystem":"Ballot Marking Devices for all voters","accessibleSystem":"Ballot Marking Devices for all voters","absenteeSystem":"Hand-Fed Optical Scanners","pollBookSystem":"In-House Electronic Poll Book","tabulation":"Optical Scan","equipmentCodeMatched":true,"sourceDocumentId":"verified-voting-verifier-sc-2024-equipment","sourceUrl":"https://verifiedvoting.org/verifier/#mode/navigate/map/voteEquip/mapType/ppEquip/year/2024/state/45"}},{"type":"Feature","bbox":[-81.372863769531,33.176910400391,-80.222229003906,33.707092285156],"geometry":{"type":"Polygon","coordinates":[[[-81.042785644531,33.707092285156],[-80.965515136719,33.625274658203],[-80.94384765625,33.643646240234],[-80.939636230469,33.608764648438],[-80.920104980469,33.605590820312],[-80.88134765625,33.619689941406],[-80.8076171875,33.604064941406],[-80.693786621094,33.521728515625],[-80.695617675781,33.508819580078],[-80.658996582031,33.471008300781],[-80.627258300781,33.473785400391],[-80.616577148438,33.466003417969],[-80.611267089844,33.470428466797],[-80.624755859375,33.488616943359],[-80.619567871094,33.493041992188],[-80.624694824219,33.498901367188],[-80.588073730469,33.538696289062],[-80.610473632812,33.550811767578],[-80.603637695312,33.5556640625],[-80.552062988281,33.5654296875],[-80.551330566406,33.558746337891],[-80.539916992188,33.561920166016],[-80.503295898438,33.535827636719],[-80.505676269531,33.552368164062],[-80.496276855469,33.558471679688],[-80.484985351562,33.559997558594],[-80.468383789062,33.541046142578],[-80.451843261719,33.5458984375],[-80.447265625,33.524536132812],[-80.468322753906,33.523223876953],[-80.467712402344,33.516174316406],[-80.456420898438,33.512115478516],[-80.460021972656,33.502868652344],[-80.439086914062,33.501983642578],[-80.436950683594,33.477966308594],[-80.393127441406,33.4453125],[-80.364379882812,33.432891845703],[-80.322509765625,33.431365966797],[-80.281921386719,33.448303222656],[-80.267822265625,33.437805175781],[-80.239868164062,33.454620361328],[-80.238708496094,33.439727783203],[-80.222229003906,33.443695068359],[-80.222534179688,33.391265869141],[-80.229858398438,33.391540527344],[-80.230224609375,33.384063720703],[-80.238464355469,33.39111328125],[-80.241333007812,33.382659912109],[-80.239685058594,33.351959228516],[-80.25390625,33.299407958984],[-80.311584472656,33.264587402344],[-80.354309082031,33.276794433594],[-80.36181640625,33.257385253906],[-80.391845703125,33.264526367188],[-80.427001953125,33.257751464844],[-80.473266601562,33.273620605469],[-80.484497070312,33.279998779297],[-80.493896484375,33.297576904297],[-80.494079589844,33.321136474609],[-80.502746582031,33.334503173828],[-80.790283203125,33.180816650391],[-80.7978515625,33.176910400391],[-80.816589355469,33.187042236328],[-80.825073242188,33.201873779297],[-80.837524414062,33.203704833984],[-80.837280273438,33.210754394531],[-80.844055175781,33.212463378906],[-80.838500976562,33.218780517578],[-80.846984863281,33.221343994141],[-80.846069335938,33.238311767578],[-80.856079101562,33.240356445312],[-80.862915039062,33.251007080078],[-80.887878417969,33.258056640625],[-80.885498046875,33.263275146484],[-80.948364257812,33.309234619141],[-80.961242675781,33.308502197266],[-81.031005859375,33.348815917969],[-81.048034667969,33.34912109375],[-81.078308105469,33.374816894531],[-81.103820800781,33.378784179688],[-81.156982421875,33.405639648438],[-81.189025878906,33.411010742188],[-81.206604003906,33.437652587891],[-81.22265625,33.43994140625],[-81.253723144531,33.446197509766],[-81.296875,33.479675292969],[-81.344543457031,33.480926513672],[-81.372863769531,33.490386962891],[-81.187194824219,33.652740478516],[-81.086791992188,33.695343017578],[-81.042785644531,33.707092285156]]]},"properties":{"_isDeleted":false,"AREA":"2.83314131085974E-01","PERIMETER":"3.33695591314858E+00","CO45_D00_":"38","CO45_D00_I":"37","STATE":"45","COUNTY":"075","NAME":"Orangeburg","LSAD":"06","LSAD_TRANS":"County","CODE":"dren","CODE_ACC":"dren","CODE_ABS":"dren","CODE_EV":"nev","equipmentGroupLabel":"ES&S - ES&S ExpressVote +","equipmentSystemName":"ES&S ExpressVote +","equipmentType":"Optical Scan","equipmentVendor":"ES&S","jurisdictionCode":"SC-075","jurisdictionName":"Orangeburg County","sourceGranularity":"county","standardSystem":"Ballot Marking Devices for all voters","accessibleSystem":"Ballot Marking Devices for all voters","absenteeSystem":"Batch-Fed Optical Scanners","pollBookSystem":"In-House Electronic Poll Book","tabulation":"Optical Scan","equipmentCodeMatched":true,"sourceDocumentId":"verified-voting-verifier-sc-2024-equipment","sourceUrl":"https://verifiedvoting.org/verifier/#mode/navigate/map/voteEquip/mapType/ppEquip/year/2024/state/45"}},{"type":"Feature","bbox":[-80.36181640625,32.821594238281,-79.446533203125,33.5068359375],"geometry":{"type":"Polygon","coordinates":[[[-80.050476074219,33.506317138672],[-80.041687011719,33.500885009766],[-80.02392578125,33.506256103516],[-80.0185546875,33.498321533203],[-80.012084960938,33.505157470703],[-80.001770019531,33.494781494141],[-79.996948242188,33.5068359375],[-79.98974609375,33.498260498047],[-79.964050292969,33.498260498047],[-79.940795898438,33.476226806641],[-79.90283203125,33.455871582031],[-79.903076171875,33.450439453125],[-79.895446777344,33.454467773438],[-79.868957519531,33.435028076172],[-79.878234863281,33.425109863281],[-79.861267089844,33.417755126953],[-79.854736328125,33.402801513672],[-79.806518554688,33.372680664062],[-79.794921875,33.377960205078],[-79.781555175781,33.368194580078],[-79.75537109375,33.329437255859],[-79.734802246094,33.320190429688],[-79.709533691406,33.321197509766],[-79.677001953125,33.304901123047],[-79.6259765625,33.291168212891],[-79.606506347656,33.279266357422],[-79.562255859375,33.272521972656],[-79.559753417969,33.260467529297],[-79.549743652344,33.264953613281],[-79.545776367188,33.254821777344],[-79.493957519531,33.236022949219],[-79.479248046875,33.24609375],[-79.482849121094,33.235443115234],[-79.470581054688,33.239410400391],[-79.472900390625,33.229553222656],[-79.458679199219,33.235229492188],[-79.462036132812,33.229339599609],[-79.452270507812,33.226348876953],[-79.455749511719,33.218780517578],[-79.446655273438,33.213409423828],[-79.446533203125,33.212158203125],[-79.483825683594,33.203430175781],[-79.518920898438,33.148132324219],[-79.533996582031,33.144165039062],[-79.549987792969,33.15576171875],[-79.562316894531,33.156219482422],[-79.600952148438,33.135864257812],[-79.62060546875,33.136077880859],[-79.642333984375,33.124572753906],[-79.6611328125,33.089752197266],[-79.715209960938,33.039978027344],[-79.729736328125,33.012725830078],[-79.765441894531,32.987243652344],[-79.769226074219,32.968658447266],[-79.763305664062,32.956329345703],[-79.771057128906,32.941802978516],[-79.783142089844,32.943115234375],[-79.820190429688,32.920867919922],[-79.836608886719,32.918670654297],[-79.85498046875,32.873870849609],[-79.883666992188,32.868225097656],[-79.897216796875,32.858734130859],[-79.896667480469,32.830474853516],[-79.911193847656,32.821594238281],[-79.928283691406,32.823944091797],[-79.931518554688,32.849700927734],[-79.960998535156,32.866241455078],[-79.962097167969,32.892517089844],[-79.950378417969,32.91015625],[-80.011779785156,32.899871826172],[-80.042053222656,32.956848144531],[-80.039611816406,32.983856201172],[-80.04833984375,32.985778808594],[-80.054809570312,32.999725341797],[-80.098083496094,32.988067626953],[-80.106201171875,33.001190185547],[-80.114013671875,32.998321533203],[-80.149291992188,33.021697998047],[-80.321350097656,33.152404785156],[-80.296325683594,33.179412841797],[-80.330749511719,33.198425292969],[-80.335388183594,33.224487304688],[-80.346374511719,33.235443115234],[-80.348388671875,33.248870849609],[-80.36181640625,33.257385253906],[-80.354309082031,33.276794433594],[-80.311584472656,33.264587402344],[-80.25390625,33.299407958984],[-80.239685058594,33.351959228516],[-80.241333007812,33.382659912109],[-80.238464355469,33.39111328125],[-80.230224609375,33.384063720703],[-80.229858398438,33.391540527344],[-80.222534179688,33.391265869141],[-80.222229003906,33.443695068359],[-80.220764160156,33.447937011719],[-80.203674316406,33.442077636719],[-80.207763671875,33.452484130859],[-80.197387695312,33.450897216797],[-80.199096679688,33.443389892578],[-80.181640625,33.448455810547],[-80.180358886719,33.454711914062],[-80.171691894531,33.449127197266],[-80.162536621094,33.460662841797],[-80.161682128906,33.449188232422],[-80.149658203125,33.448608398438],[-80.151123046875,33.460144042969],[-80.1396484375,33.453826904297],[-80.144165039062,33.464111328125],[-80.131774902344,33.463073730469],[-80.14990234375,33.475708007812],[-80.151672363281,33.486053466797],[-80.127624511719,33.492889404297],[-80.125305175781,33.50244140625],[-80.101684570312,33.496856689453],[-80.079833984375,33.5068359375],[-80.050476074219,33.506317138672]]]},"properties":{"_isDeleted":false,"AREA":"3.07570985591881E-01","PERIMETER":"3.11592197076726E+00","CO45_D00_":"39","CO45_D00_I":"38","STATE":"45","COUNTY":"015","NAME":"Berkeley","LSAD":"06","LSAD_TRANS":"County","CODE":"dren","CODE_ACC":"dren","CODE_ABS":"dren","CODE_EV":"nev","equipmentGroupLabel":"ES&S - ES&S ExpressVote +","equipmentSystemName":"ES&S ExpressVote +","equipmentType":"Optical Scan","equipmentVendor":"ES&S","jurisdictionCode":"SC-015","jurisdictionName":"Berkeley County","sourceGranularity":"county","standardSystem":"Ballot Marking Devices for all voters","accessibleSystem":"Ballot Marking Devices for all voters","absenteeSystem":"Batch-Fed Optical Scanners","pollBookSystem":"In-House Electronic Poll Book","tabulation":"Optical Scan","equipmentCodeMatched":true,"sourceDocumentId":"verified-voting-verifier-sc-2024-equipment","sourceUrl":"https://verifiedvoting.org/verifier/#mode/navigate/map/voteEquip/mapType/ppEquip/year/2024/state/45"}},{"type":"Feature","bbox":[-81.772399902344,33.094543457031,-81.193054199219,33.490386962891],"geometry":{"type":"Polygon","coordinates":[[[-81.372863769531,33.490386962891],[-81.344543457031,33.480926513672],[-81.296875,33.479675292969],[-81.253723144531,33.446197509766],[-81.22265625,33.43994140625],[-81.213195800781,33.397857666016],[-81.2177734375,33.208770751953],[-81.227783203125,33.160675048828],[-81.193054199219,33.118682861328],[-81.241882324219,33.118469238281],[-81.28369140625,33.108551025391],[-81.364807128906,33.108032226562],[-81.541870117188,33.158264160156],[-81.614562988281,33.094757080078],[-81.646423339844,33.094543457031],[-81.704650878906,33.116424560547],[-81.743774414062,33.141448974609],[-81.763061523438,33.159454345703],[-81.772399902344,33.180450439453],[-81.757080078125,33.198150634766],[-81.372863769531,33.490386962891]]]},"properties":{"_isDeleted":false,"AREA":"1.39728489848145E-01","PERIMETER":"1.66900083418185E+00","CO45_D00_":"40","CO45_D00_I":"39","STATE":"45","COUNTY":"011","NAME":"Barnwell","LSAD":"06","LSAD_TRANS":"County","CODE":"dren","CODE_ACC":"dren","CODE_ABS":"dren","CODE_EV":"nev","equipmentGroupLabel":"ES&S - ES&S ExpressVote +","equipmentSystemName":"ES&S ExpressVote +","equipmentType":"Optical Scan","equipmentVendor":"ES&S","jurisdictionCode":"SC-011","jurisdictionName":"Barnwell County","sourceGranularity":"county","standardSystem":"Ballot Marking Devices for all voters","accessibleSystem":"Ballot Marking Devices for all voters","absenteeSystem":"Hand-Fed Optical Scanners","pollBookSystem":"Commercial Electronic Poll Book","tabulation":"Optical Scan","equipmentCodeMatched":true,"sourceDocumentId":"verified-voting-verifier-sc-2024-equipment","sourceUrl":"https://verifiedvoting.org/verifier/#mode/navigate/map/voteEquip/mapType/ppEquip/year/2024/state/45"}},{"type":"Feature","bbox":[-81.227783203125,33.026458740234,-80.7978515625,33.43994140625],"geometry":{"type":"Polygon","coordinates":[[[-81.103820800781,33.378784179688],[-81.078308105469,33.374816894531],[-81.048034667969,33.34912109375],[-81.031005859375,33.348815917969],[-80.961242675781,33.308502197266],[-80.948364257812,33.309234619141],[-80.885498046875,33.263275146484],[-80.887878417969,33.258056640625],[-80.862915039062,33.251007080078],[-80.856079101562,33.240356445312],[-80.846069335938,33.238311767578],[-80.846984863281,33.221343994141],[-80.838500976562,33.218780517578],[-80.844055175781,33.212463378906],[-80.837280273438,33.210754394531],[-80.837524414062,33.203704833984],[-80.825073242188,33.201873779297],[-80.816589355469,33.187042236328],[-80.7978515625,33.176910400391],[-80.895385742188,33.125366210938],[-80.888977050781,33.102172851562],[-80.876647949219,33.093353271484],[-80.89599609375,33.061401367188],[-80.905883789062,33.060241699219],[-80.937133789062,33.1025390625],[-81.082580566406,33.026458740234],[-81.101135253906,33.049072265625],[-81.124389648438,33.053192138672],[-81.193054199219,33.118682861328],[-81.227783203125,33.160675048828],[-81.2177734375,33.208770751953],[-81.213195800781,33.397857666016],[-81.22265625,33.43994140625],[-81.206604003906,33.437652587891],[-81.189025878906,33.411010742188],[-81.156982421875,33.405639648438],[-81.103820800781,33.378784179688]]]},"properties":{"_isDeleted":false,"AREA":"9.90438465724947E-02","PERIMETER":"1.51868761158132E+00","CO45_D00_":"41","CO45_D00_I":"40","STATE":"45","COUNTY":"009","NAME":"Bamberg","LSAD":"06","LSAD_TRANS":"County","CODE":"dren","CODE_ACC":"dren","CODE_ABS":"dren","CODE_EV":"nev","equipmentGroupLabel":"ES&S - ES&S ExpressVote +","equipmentSystemName":"ES&S ExpressVote +","equipmentType":"Optical Scan","equipmentVendor":"ES&S","jurisdictionCode":"SC-009","jurisdictionName":"Bamberg County","sourceGranularity":"county","standardSystem":"Ballot Marking Devices for all voters","accessibleSystem":"Ballot Marking Devices for all voters","absenteeSystem":"Hand-Fed Optical Scanners","pollBookSystem":"In-House Electronic Poll Book","tabulation":"Optical Scan","equipmentCodeMatched":true,"sourceDocumentId":"verified-voting-verifier-sc-2024-equipment","sourceUrl":"https://verifiedvoting.org/verifier/#mode/navigate/map/voteEquip/mapType/ppEquip/year/2024/state/45"}},{"type":"Feature","bbox":[-80.790283203125,32.816741943359,-80.0791015625,33.334503173828],"geometry":{"type":"Polygon","coordinates":[[[-80.502746582031,33.334503173828],[-80.494079589844,33.321136474609],[-80.493896484375,33.297576904297],[-80.484497070312,33.279998779297],[-80.473266601562,33.273620605469],[-80.427001953125,33.257751464844],[-80.391845703125,33.264526367188],[-80.36181640625,33.257385253906],[-80.348388671875,33.248870849609],[-80.346374511719,33.235443115234],[-80.335388183594,33.224487304688],[-80.330749511719,33.198425292969],[-80.296325683594,33.179412841797],[-80.321350097656,33.152404785156],[-80.149291992188,33.021697998047],[-80.177001953125,33.009338378906],[-80.147094726562,32.983428955078],[-80.134948730469,32.998413085938],[-80.110412597656,32.9853515625],[-80.140197753906,32.979614257812],[-80.0791015625,32.926666259766],[-80.0966796875,32.88525390625],[-80.102172851562,32.893402099609],[-80.118469238281,32.893463134766],[-80.122192382812,32.902282714844],[-80.126281738281,32.889587402344],[-80.138305664062,32.884002685547],[-80.145812988281,32.887756347656],[-80.159973144531,32.875549316406],[-80.155090332031,32.864776611328],[-80.159790039062,32.857635498047],[-80.181335449219,32.870941162109],[-80.183776855469,32.853302001953],[-80.160827636719,32.840606689453],[-80.146667480469,32.816741943359],[-80.302124023438,32.851837158203],[-80.401306152344,32.858459472656],[-80.396179199219,32.883056640625],[-80.385437011719,32.887084960938],[-80.406127929688,32.909698486328],[-80.399353027344,32.936004638672],[-80.404541015625,32.953979492188],[-80.418823242188,32.96728515625],[-80.40869140625,32.984619140625],[-80.406921386719,33.017791748047],[-80.387817382812,33.032836914062],[-80.400695800781,33.052734375],[-80.413208007812,33.046661376953],[-80.421813964844,33.054870605469],[-80.447570800781,33.054138183594],[-80.451110839844,33.061859130859],[-80.474731445312,33.064361572266],[-80.510314941406,33.057220458984],[-80.526977539062,33.061706542969],[-80.531982421875,33.069641113281],[-80.54736328125,33.065734863281],[-80.550537109375,33.058166503906],[-80.591430664062,33.057800292969],[-80.622619628906,33.066253662109],[-80.670471191406,33.103546142578],[-80.692138671875,33.129852294922],[-80.691467285156,33.137420654297],[-80.704650878906,33.146148681641],[-80.703063964844,33.152465820312],[-80.734436035156,33.170013427734],[-80.77197265625,33.171569824219],[-80.790283203125,33.180816650391],[-80.502746582031,33.334503173828]]]},"properties":{"_isDeleted":false,"AREA":"1.44248503901002E-01","PERIMETER":"2.44610591023133E+00","CO45_D00_":"42","CO45_D00_I":"41","STATE":"45","COUNTY":"035","NAME":"Dorchester","LSAD":"06","LSAD_TRANS":"County","CODE":"dren","CODE_ACC":"dren","CODE_ABS":"dren","CODE_EV":"nev","equipmentGroupLabel":"ES&S - ES&S ExpressVote +","equipmentSystemName":"ES&S ExpressVote +","equipmentType":"Optical Scan","equipmentVendor":"ES&S","jurisdictionCode":"SC-035","jurisdictionName":"Dorchester County","sourceGranularity":"county","standardSystem":"Ballot Marking Devices for all voters","accessibleSystem":"Ballot Marking Devices for all voters","absenteeSystem":"Batch-Fed Optical Scanners","pollBookSystem":"In-House Electronic Poll Book","tabulation":"Optical Scan","equipmentCodeMatched":true,"sourceDocumentId":"verified-voting-verifier-sc-2024-equipment","sourceUrl":"https://verifiedvoting.org/verifier/#mode/navigate/map/voteEquip/mapType/ppEquip/year/2024/state/45"}},{"type":"Feature","bbox":[-80.45361328125,32.493591308594,-79.271850585938,33.213409423828],"geometry":{"type":"Polygon","coordinates":[[[-79.446533203125,33.212158203125],[-79.446655273438,33.213409423828],[-79.427368164062,33.209442138672],[-79.40185546875,33.182067871094],[-79.350769042969,33.153503417969],[-79.273681640625,33.139099121094],[-79.271850585938,33.123382568359],[-79.290832519531,33.109954833984],[-79.329895019531,33.089965820312],[-79.339294433594,33.050323486328],[-79.359924316406,33.006622314453],[-79.403686523438,33.00390625],[-79.423400878906,33.015075683594],[-79.483459472656,33.001281738281],[-79.488647460938,33.015808105469],[-79.506896972656,33.032775878906],[-79.5224609375,33.035339355469],[-79.557556152344,33.021240234375],[-79.580688476562,33.006408691406],[-79.617614746094,32.952728271484],[-79.606140136719,32.925933837891],[-79.572570800781,32.933868408203],[-79.575988769531,32.90625],[-79.631103515625,32.888549804688],[-79.695068359375,32.850372314453],[-79.702941894531,32.835754394531],[-79.719848632812,32.825775146484],[-79.716735839844,32.813598632812],[-79.726379394531,32.805938720703],[-79.81103515625,32.776947021484],[-79.818237304688,32.766357421875],[-79.84033203125,32.7568359375],[-79.86669921875,32.757415771484],[-79.873596191406,32.745666503906],[-79.870300292969,32.727752685547],[-79.888000488281,32.695129394531],[-79.884887695312,32.684417724609],[-79.975219726562,32.639556884766],[-79.999389648438,32.611785888672],[-80.076965332031,32.603271484375],[-80.121337890625,32.590515136719],[-80.148376464844,32.578460693359],[-80.167236328125,32.559875488281],[-80.171691894531,32.546081542969],[-80.205200195312,32.555541992188],[-80.249572753906,32.529571533203],[-80.260620117188,32.536376953125],[-80.264587402344,32.528594970703],[-80.290283203125,32.526702880859],[-80.31884765625,32.511047363281],[-80.321228027344,32.523162841797],[-80.346923828125,32.526245117188],[-80.349243164062,32.518249511719],[-80.324096679688,32.501800537109],[-80.326599121094,32.493804931641],[-80.336242675781,32.493591308594],[-80.352783203125,32.500183105469],[-80.379028320312,32.530883789062],[-80.41650390625,32.546295166016],[-80.412719726562,32.556579589844],[-80.396057128906,32.561645507812],[-80.388977050781,32.571716308594],[-80.397705078125,32.592620849609],[-80.387573242188,32.616485595703],[-80.395080566406,32.619232177734],[-80.419738769531,32.604309082031],[-80.427185058594,32.625152587891],[-80.408447265625,32.626708984375],[-80.388549804688,32.651153564453],[-80.40576171875,32.652984619141],[-80.420288085938,32.669586181641],[-80.422424316406,32.689056396484],[-80.416076660156,32.695281982422],[-80.422912597656,32.714752197266],[-80.435791015625,32.713073730469],[-80.429321289062,32.719665527344],[-80.446044921875,32.727447509766],[-80.45361328125,32.739868164062],[-80.446350097656,32.764526367188],[-80.4326171875,32.779357910156],[-80.435485839844,32.788238525391],[-80.407409667969,32.811096191406],[-80.394226074219,32.844573974609],[-80.401306152344,32.858459472656],[-80.302124023438,32.851837158203],[-80.146667480469,32.816741943359],[-80.160827636719,32.840606689453],[-80.183776855469,32.853302001953],[-80.181335449219,32.870941162109],[-80.159790039062,32.857635498047],[-80.155090332031,32.864776611328],[-80.159973144531,32.875549316406],[-80.145812988281,32.887756347656],[-80.138305664062,32.884002685547],[-80.126281738281,32.889587402344],[-80.122192382812,32.902282714844],[-80.118469238281,32.893463134766],[-80.102172851562,32.893402099609],[-80.0966796875,32.88525390625],[-80.0791015625,32.926666259766],[-80.140197753906,32.979614257812],[-80.110412597656,32.9853515625],[-80.134948730469,32.998413085938],[-80.147094726562,32.983428955078],[-80.177001953125,33.009338378906],[-80.149291992188,33.021697998047],[-80.114013671875,32.998321533203],[-80.106201171875,33.001190185547],[-80.098083496094,32.988067626953],[-80.054809570312,32.999725341797],[-80.04833984375,32.985778808594],[-80.039611816406,32.983856201172],[-80.042053222656,32.956848144531],[-80.011779785156,32.899871826172],[-79.950378417969,32.91015625],[-79.962097167969,32.892517089844],[-79.960998535156,32.866241455078],[-79.931518554688,32.849700927734],[-79.928283691406,32.823944091797],[-79.911193847656,32.821594238281],[-79.896667480469,32.830474853516],[-79.897216796875,32.858734130859],[-79.883666992188,32.868225097656],[-79.85498046875,32.873870849609],[-79.836608886719,32.918670654297],[-79.820190429688,32.920867919922],[-79.783142089844,32.943115234375],[-79.771057128906,32.941802978516],[-79.763305664062,32.956329345703],[-79.769226074219,32.968658447266],[-79.765441894531,32.987243652344],[-79.729736328125,33.012725830078],[-79.715209960938,33.039978027344],[-79.6611328125,33.089752197266],[-79.642333984375,33.124572753906],[-79.62060546875,33.136077880859],[-79.600952148438,33.135864257812],[-79.562316894531,33.156219482422],[-79.549987792969,33.15576171875],[-79.533996582031,33.144165039062],[-79.518920898438,33.148132324219],[-79.483825683594,33.203430175781],[-79.446533203125,33.212158203125]]]},"properties":{"_isDeleted":false,"AREA":"2.58749136479262E-01","PERIMETER":"4.38148383047605E+00","CO45_D00_":"43","CO45_D00_I":"42","STATE":"45","COUNTY":"019","NAME":"Charleston","LSAD":"06","LSAD_TRANS":"County","CODE":"dren","CODE_ACC":"dren","CODE_ABS":"dren","CODE_EV":"nev","equipmentGroupLabel":"ES&S - ES&S ExpressVote +","equipmentSystemName":"ES&S ExpressVote +","equipmentType":"Optical Scan","equipmentVendor":"ES&S","jurisdictionCode":"SC-019","jurisdictionName":"Charleston County","sourceGranularity":"county","standardSystem":"Ballot Marking Devices for all voters","accessibleSystem":"Ballot Marking Devices for all voters","absenteeSystem":"Batch-Fed Optical Scanners","pollBookSystem":"In-House Electronic Poll Book","tabulation":"Optical Scan","equipmentCodeMatched":true,"sourceDocumentId":"verified-voting-verifier-sc-2024-equipment","sourceUrl":"https://verifiedvoting.org/verifier/#mode/navigate/map/voteEquip/mapType/ppEquip/year/2024/state/45"}},{"type":"Feature","bbox":[-81.082580566406,32.470672607422,-80.249572753906,33.180816650391],"geometry":{"type":"Polygon","coordinates":[[[-80.790283203125,33.180816650391],[-80.77197265625,33.171569824219],[-80.734436035156,33.170013427734],[-80.703063964844,33.152465820312],[-80.704650878906,33.146148681641],[-80.691467285156,33.137420654297],[-80.692138671875,33.129852294922],[-80.670471191406,33.103546142578],[-80.622619628906,33.066253662109],[-80.591430664062,33.057800292969],[-80.550537109375,33.058166503906],[-80.54736328125,33.065734863281],[-80.531982421875,33.069641113281],[-80.526977539062,33.061706542969],[-80.510314941406,33.057220458984],[-80.474731445312,33.064361572266],[-80.451110839844,33.061859130859],[-80.447570800781,33.054138183594],[-80.421813964844,33.054870605469],[-80.413208007812,33.046661376953],[-80.400695800781,33.052734375],[-80.387817382812,33.032836914062],[-80.406921386719,33.017791748047],[-80.40869140625,32.984619140625],[-80.418823242188,32.96728515625],[-80.404541015625,32.953979492188],[-80.399353027344,32.936004638672],[-80.406127929688,32.909698486328],[-80.385437011719,32.887084960938],[-80.396179199219,32.883056640625],[-80.401306152344,32.858459472656],[-80.394226074219,32.844573974609],[-80.407409667969,32.811096191406],[-80.435485839844,32.788238525391],[-80.4326171875,32.779357910156],[-80.446350097656,32.764526367188],[-80.45361328125,32.739868164062],[-80.446044921875,32.727447509766],[-80.429321289062,32.719665527344],[-80.435791015625,32.713073730469],[-80.422912597656,32.714752197266],[-80.416076660156,32.695281982422],[-80.422424316406,32.689056396484],[-80.420288085938,32.669586181641],[-80.40576171875,32.652984619141],[-80.388549804688,32.651153564453],[-80.408447265625,32.626708984375],[-80.427185058594,32.625152587891],[-80.419738769531,32.604309082031],[-80.395080566406,32.619232177734],[-80.387573242188,32.616485595703],[-80.397705078125,32.592620849609],[-80.388977050781,32.571716308594],[-80.396057128906,32.561645507812],[-80.412719726562,32.556579589844],[-80.41650390625,32.546295166016],[-80.379028320312,32.530883789062],[-80.352783203125,32.500183105469],[-80.336242675781,32.493591308594],[-80.326599121094,32.493804931641],[-80.324096679688,32.501800537109],[-80.349243164062,32.518249511719],[-80.346923828125,32.526245117188],[-80.321228027344,32.523162841797],[-80.31884765625,32.511047363281],[-80.290283203125,32.526702880859],[-80.264587402344,32.528594970703],[-80.260620117188,32.536376953125],[-80.249572753906,32.529571533203],[-80.332397460938,32.478088378906],[-80.343811035156,32.490783691406],[-80.363952636719,32.496063232422],[-80.392517089844,32.475280761719],[-80.413452148438,32.470672607422],[-80.423400878906,32.497985839844],[-80.439392089844,32.503479003906],[-80.472045898438,32.496948242188],[-80.476867675781,32.4853515625],[-80.504577636719,32.496948242188],[-80.517700195312,32.519134521484],[-80.536437988281,32.529205322266],[-80.551513671875,32.565765380859],[-80.557373046875,32.566192626953],[-80.565979003906,32.550933837891],[-80.565246582031,32.565460205078],[-80.582763671875,32.566192626953],[-80.576171875,32.577728271484],[-80.579833984375,32.584259033203],[-80.599731445312,32.581024169922],[-80.60986328125,32.589996337891],[-80.620910644531,32.581176757812],[-80.647827148438,32.596374511719],[-80.660583496094,32.615112304688],[-80.654296875,32.626495361328],[-80.669921875,32.622436523438],[-80.675720214844,32.627136230469],[-80.673889160156,32.632873535156],[-80.658630371094,32.635070800781],[-80.660705566406,32.643310546875],[-80.67822265625,32.642639160156],[-80.684814453125,32.656066894531],[-80.668823242188,32.66357421875],[-80.670837402344,32.671264648438],[-80.684448242188,32.672882080078],[-80.703491210938,32.664520263672],[-80.721130371094,32.679809570312],[-80.728149414062,32.673553466797],[-80.738098144531,32.682434082031],[-80.744812011719,32.674224853516],[-80.765625,32.675231933594],[-80.767639160156,32.680541992188],[-80.772644042969,32.676208496094],[-80.777893066406,32.686614990234],[-80.806945800781,32.68896484375],[-80.826293945312,32.704315185547],[-80.848510742188,32.726043701172],[-80.866149902344,32.775543212891],[-80.895446777344,32.810119628906],[-80.900695800781,32.833404541016],[-80.930969238281,32.864837646484],[-80.946533203125,32.876068115234],[-80.958984375,32.876647949219],[-80.966674804688,32.889801025391],[-80.987121582031,32.901489257812],[-81.013244628906,32.954925537109],[-81.052917480469,32.989532470703],[-81.0556640625,33.001800537109],[-81.082580566406,33.026458740234],[-80.937133789062,33.1025390625],[-80.905883789062,33.060241699219],[-80.89599609375,33.061401367188],[-80.876647949219,33.093353271484],[-80.888977050781,33.102172851562],[-80.895385742188,33.125366210938],[-80.7978515625,33.176910400391],[-80.790283203125,33.180816650391]]]},"properties":{"_isDeleted":false,"AREA":"2.68562512536634E-01","PERIMETER":"3.42989314891206E+00","CO45_D00_":"44","CO45_D00_I":"43","STATE":"45","COUNTY":"029","NAME":"Colleton","LSAD":"06","LSAD_TRANS":"County","CODE":"dren","CODE_ACC":"dren","CODE_ABS":"dren","CODE_EV":"nev","equipmentGroupLabel":"ES&S - ES&S ExpressVote +","equipmentSystemName":"ES&S ExpressVote +","equipmentType":"Optical Scan","equipmentVendor":"ES&S","jurisdictionCode":"SC-029","jurisdictionName":"Colleton County","sourceGranularity":"county","standardSystem":"Ballot Marking Devices for all voters","accessibleSystem":"Ballot Marking Devices for all voters","absenteeSystem":"Hand-Fed Optical Scanners","pollBookSystem":"Commercial Electronic Poll Book","tabulation":"Optical Scan","equipmentCodeMatched":true,"sourceDocumentId":"verified-voting-verifier-sc-2024-equipment","sourceUrl":"https://verifiedvoting.org/verifier/#mode/navigate/map/voteEquip/mapType/ppEquip/year/2024/state/45"}},{"type":"Feature","bbox":[-81.614562988281,32.744842529297,-81.082580566406,33.158264160156],"geometry":{"type":"Polygon","coordinates":[[[-81.614562988281,33.094757080078],[-81.541870117188,33.158264160156],[-81.364807128906,33.108032226562],[-81.28369140625,33.108551025391],[-81.241882324219,33.118469238281],[-81.193054199219,33.118682861328],[-81.124389648438,33.053192138672],[-81.101135253906,33.049072265625],[-81.082580566406,33.026458740234],[-81.235778808594,32.940185546875],[-81.236389160156,32.906463623047],[-81.260070800781,32.902954101562],[-81.276672363281,32.89208984375],[-81.261657714844,32.839141845703],[-81.328430175781,32.789489746094],[-81.338684082031,32.768432617188],[-81.393981933594,32.744842529297],[-81.410339355469,32.744995117188],[-81.426208496094,32.768280029297],[-81.421142578125,32.778045654297],[-81.428955078125,32.785461425781],[-81.41796875,32.818206787109],[-81.421569824219,32.835174560547],[-81.443603515625,32.8505859375],[-81.452575683594,32.847961425781],[-81.453857421875,32.874084472656],[-81.479431152344,32.881072998047],[-81.463989257812,32.897796630859],[-81.479125976562,32.905578613281],[-81.483154296875,32.921813964844],[-81.502380371094,32.935333251953],[-81.499389648438,32.944946289062],[-81.508422851562,32.958312988281],[-81.499450683594,32.964782714844],[-81.491394042969,33.008026123047],[-81.51123046875,33.027770996094],[-81.544250488281,33.046875],[-81.556945800781,33.045104980469],[-81.560485839844,33.05517578125],[-81.572814941406,33.054138183594],[-81.588562011719,33.07080078125],[-81.599182128906,33.07177734375],[-81.59814453125,33.081085205078],[-81.60986328125,33.082122802734],[-81.614562988281,33.094757080078]]]},"properties":{"_isDeleted":false,"AREA":"1.02804566153537E-01","PERIMETER":"1.65669064294646E+00","CO45_D00_":"45","CO45_D00_I":"44","STATE":"45","COUNTY":"005","NAME":"Allendale","LSAD":"06","LSAD_TRANS":"County","CODE":"dren","CODE_ACC":"dren","CODE_ABS":"dren","CODE_EV":"nev","equipmentGroupLabel":"ES&S - ES&S ExpressVote +","equipmentSystemName":"ES&S ExpressVote +","equipmentType":"Optical Scan","equipmentVendor":"ES&S","jurisdictionCode":"SC-005","jurisdictionName":"Allendale County","sourceGranularity":"county","standardSystem":"Ballot Marking Devices for all voters","accessibleSystem":"Ballot Marking Devices for all voters","absenteeSystem":"Hand-Fed Optical Scanners","pollBookSystem":"In-House Electronic Poll Book","tabulation":"Optical Scan","equipmentCodeMatched":true,"sourceDocumentId":"verified-voting-verifier-sc-2024-equipment","sourceUrl":"https://verifiedvoting.org/verifier/#mode/navigate/map/voteEquip/mapType/ppEquip/year/2024/state/45"}},{"type":"Feature","bbox":[-81.427490234375,32.556427001953,-80.826293945312,33.026458740234],"geometry":{"type":"Polygon","coordinates":[[[-81.0556640625,33.001800537109],[-81.052917480469,32.989532470703],[-81.013244628906,32.954925537109],[-80.987121582031,32.901489257812],[-80.966674804688,32.889801025391],[-80.958984375,32.876647949219],[-80.946533203125,32.876068115234],[-80.930969238281,32.864837646484],[-80.900695800781,32.833404541016],[-80.895446777344,32.810119628906],[-80.866149902344,32.775543212891],[-80.848510742188,32.726043701172],[-80.826293945312,32.704315185547],[-80.837219238281,32.699829101562],[-80.869689941406,32.660919189453],[-80.902404785156,32.62158203125],[-80.929260253906,32.636535644531],[-80.959045410156,32.642791748047],[-80.962646484375,32.653350830078],[-80.949584960938,32.662322998047],[-80.94580078125,32.687347412109],[-80.964477539062,32.694854736328],[-80.976135253906,32.720550537109],[-80.994140625,32.729583740234],[-81.014587402344,32.753021240234],[-81.089904785156,32.695373535156],[-81.281311035156,32.556427001953],[-81.297912597656,32.563049316406],[-81.328735351562,32.561218261719],[-81.366943359375,32.577056884766],[-81.369750976562,32.591247558594],[-81.380981445312,32.589630126953],[-81.411865234375,32.618408203125],[-81.418395996094,32.634704589844],[-81.4072265625,32.631713867188],[-81.405090332031,32.642639160156],[-81.393005371094,32.651519775391],[-81.407165527344,32.660491943359],[-81.401000976562,32.677459716797],[-81.408264160156,32.694915771484],[-81.427490234375,32.701904296875],[-81.410339355469,32.744995117188],[-81.393981933594,32.744842529297],[-81.338684082031,32.768432617188],[-81.328430175781,32.789489746094],[-81.261657714844,32.839141845703],[-81.276672363281,32.89208984375],[-81.260070800781,32.902954101562],[-81.236389160156,32.906463623047],[-81.235778808594,32.940185546875],[-81.082580566406,33.026458740234],[-81.0556640625,33.001800537109]]]},"properties":{"_isDeleted":false,"AREA":"1.40378578132607E-01","PERIMETER":"1.96162630688463E+00","CO45_D00_":"46","CO45_D00_I":"45","STATE":"45","COUNTY":"049","NAME":"Hampton","LSAD":"06","LSAD_TRANS":"County","CODE":"dren","CODE_ACC":"dren","CODE_ABS":"dren","CODE_EV":"nev","equipmentGroupLabel":"ES&S - ES&S ExpressVote +","equipmentSystemName":"ES&S ExpressVote +","equipmentType":"Optical Scan","equipmentVendor":"ES&S","jurisdictionCode":"SC-049","jurisdictionName":"Hampton County","sourceGranularity":"county","standardSystem":"Ballot Marking Devices for all voters","accessibleSystem":"Ballot Marking Devices for all voters","absenteeSystem":"Hand-Fed Optical Scanners","pollBookSystem":"In-House Electronic Poll Book","tabulation":"Optical Scan","equipmentCodeMatched":true,"sourceDocumentId":"verified-voting-verifier-sc-2024-equipment","sourceUrl":"https://verifiedvoting.org/verifier/#mode/navigate/map/voteEquip/mapType/ppEquip/year/2024/state/45"}},{"type":"Feature","bbox":[-81.281311035156,32.034576416016,-80.8173828125,32.753021240234],"geometry":{"type":"Polygon","coordinates":[[[-81.089904785156,32.695373535156],[-81.014587402344,32.753021240234],[-80.994140625,32.729583740234],[-80.976135253906,32.720550537109],[-80.964477539062,32.694854736328],[-80.94580078125,32.687347412109],[-80.949584960938,32.662322998047],[-80.962646484375,32.653350830078],[-80.959045410156,32.642791748047],[-80.929260253906,32.636535644531],[-80.902404785156,32.62158203125],[-80.869689941406,32.660919189453],[-80.848388671875,32.632354736328],[-80.848815917969,32.616058349609],[-80.836547851562,32.608856201172],[-80.831481933594,32.593383789062],[-80.839172363281,32.557464599609],[-80.8359375,32.544036865234],[-80.847717285156,32.530059814453],[-80.823303222656,32.497161865234],[-80.8173828125,32.472564697266],[-80.818603515625,32.463928222656],[-80.833923339844,32.456878662109],[-80.850158691406,32.416259765625],[-80.829223632812,32.411499023438],[-80.84228515625,32.394683837891],[-80.841369628906,32.385040283203],[-80.858825683594,32.379699707031],[-80.877563476562,32.345916748047],[-80.890686035156,32.347686767578],[-80.892211914062,32.353698730469],[-80.923400878906,32.352386474609],[-80.934692382812,32.300323486328],[-81.006286621094,32.306182861328],[-80.993408203125,32.291564941406],[-80.990600585938,32.265808105469],[-81.016296386719,32.241943359375],[-81.012268066406,32.218444824219],[-80.994873046875,32.197662353516],[-81.000610351562,32.195587158203],[-80.962341308594,32.184722900391],[-80.969177246094,32.175994873047],[-80.96044921875,32.178192138672],[-80.947937011719,32.168365478516],[-80.957092285156,32.165344238281],[-80.950378417969,32.160430908203],[-80.952697753906,32.141693115234],[-80.96044921875,32.151245117188],[-80.967956542969,32.149475097656],[-80.967163085938,32.140686035156],[-80.95849609375,32.137359619141],[-80.96142578125,32.126342773438],[-80.941284179688,32.137145996094],[-80.928527832031,32.138458251953],[-80.922973632812,32.130554199219],[-80.90966796875,32.134735107422],[-80.928283691406,32.122253417969],[-80.895629882812,32.107696533203],[-80.910461425781,32.079864501953],[-80.878051757812,32.079803466797],[-80.905334472656,32.051910400391],[-80.885437011719,32.034576416016],[-80.917846679688,32.037567138672],[-80.954467773438,32.068634033203],[-80.983093261719,32.07958984375],[-81.002258300781,32.100067138672],[-81.032653808594,32.08544921875],[-81.050231933594,32.085296630859],[-81.06689453125,32.090301513672],[-81.091491699219,32.110778808594],[-81.1171875,32.117614746094],[-81.121948242188,32.161834716797],[-81.129577636719,32.165557861328],[-81.119384765625,32.175415039062],[-81.118225097656,32.189208984375],[-81.156555175781,32.243927001953],[-81.145812988281,32.263366699219],[-81.11962890625,32.28759765625],[-81.122924804688,32.307281494141],[-81.137634277344,32.328216552734],[-81.133544921875,32.341278076172],[-81.142517089844,32.350891113281],[-81.154418945312,32.346069335938],[-81.170043945312,32.361328125],[-81.169311523438,32.369415283203],[-81.181030273438,32.380340576172],[-81.177185058594,32.391662597656],[-81.205078125,32.423736572266],[-81.208374023438,32.435943603516],[-81.202270507812,32.450408935547],[-81.186828613281,32.464050292969],[-81.200012207031,32.467956542969],[-81.233581542969,32.498504638672],[-81.238708496094,32.508850097656],[-81.234619140625,32.516265869141],[-81.252807617188,32.518310546875],[-81.277099609375,32.535430908203],[-81.281311035156,32.556427001953],[-81.089904785156,32.695373535156]]]},"properties":{"_isDeleted":false,"AREA":"1.67242917533502E-01","PERIMETER":"2.66673027164975E+00","CO45_D00_":"47","CO45_D00_I":"46","STATE":"45","COUNTY":"053","NAME":"Jasper","LSAD":"06","LSAD_TRANS":"County","CODE":"dren","CODE_ACC":"dren","CODE_ABS":"dren","CODE_EV":"nev","equipmentGroupLabel":"ES&S - ES&S ExpressVote +","equipmentSystemName":"ES&S ExpressVote +","equipmentType":"Optical Scan","equipmentVendor":"ES&S","jurisdictionCode":"SC-053","jurisdictionName":"Jasper County","sourceGranularity":"county","standardSystem":"Ballot Marking Devices for all voters","accessibleSystem":"Ballot Marking Devices for all voters","absenteeSystem":"Hand-Fed Optical Scanners","pollBookSystem":"In-House Electronic Poll Book","tabulation":"Optical Scan","equipmentCodeMatched":true,"sourceDocumentId":"verified-voting-verifier-sc-2024-equipment","sourceUrl":"https://verifiedvoting.org/verifier/#mode/navigate/map/voteEquip/mapType/ppEquip/year/2024/state/45"}},{"type":"Feature","bbox":[-81.016296386719,32.079803466797,-80.429870605469,32.704315185547],"geometry":{"type":"Polygon","coordinates":[[[-80.826293945312,32.704315185547],[-80.806945800781,32.68896484375],[-80.777893066406,32.686614990234],[-80.772644042969,32.676208496094],[-80.767639160156,32.680541992188],[-80.765625,32.675231933594],[-80.744812011719,32.674224853516],[-80.738098144531,32.682434082031],[-80.728149414062,32.673553466797],[-80.721130371094,32.679809570312],[-80.703491210938,32.664520263672],[-80.684448242188,32.672882080078],[-80.670837402344,32.671264648438],[-80.668823242188,32.66357421875],[-80.684814453125,32.656066894531],[-80.67822265625,32.642639160156],[-80.660705566406,32.643310546875],[-80.658630371094,32.635070800781],[-80.673889160156,32.632873535156],[-80.675720214844,32.627136230469],[-80.669921875,32.622436523438],[-80.654296875,32.626495361328],[-80.660583496094,32.615112304688],[-80.647827148438,32.596374511719],[-80.620910644531,32.581176757812],[-80.60986328125,32.589996337891],[-80.599731445312,32.581024169922],[-80.579833984375,32.584259033203],[-80.576171875,32.577728271484],[-80.582763671875,32.566192626953],[-80.565246582031,32.565460205078],[-80.565979003906,32.550933837891],[-80.557373046875,32.566192626953],[-80.551513671875,32.565765380859],[-80.536437988281,32.529205322266],[-80.517700195312,32.519134521484],[-80.504577636719,32.496948242188],[-80.476867675781,32.4853515625],[-80.484619140625,32.460968017578],[-80.480102539062,32.447021484375],[-80.467590332031,32.425201416016],[-80.446044921875,32.423675537109],[-80.429870605469,32.401794433594],[-80.434326171875,32.375213623047],[-80.456787109375,32.336883544922],[-80.455139160156,32.326446533203],[-80.545715332031,32.282012939453],[-80.571105957031,32.273284912109],[-80.596374511719,32.273498535156],[-80.658630371094,32.248626708984],[-80.669128417969,32.216735839844],[-80.721435546875,32.160430908203],[-80.812438964844,32.109771728516],[-80.844421386719,32.109680175781],[-80.878051757812,32.079803466797],[-80.910461425781,32.079864501953],[-80.895629882812,32.107696533203],[-80.928283691406,32.122253417969],[-80.90966796875,32.134735107422],[-80.922973632812,32.130554199219],[-80.928527832031,32.138458251953],[-80.941284179688,32.137145996094],[-80.96142578125,32.126342773438],[-80.95849609375,32.137359619141],[-80.967163085938,32.140686035156],[-80.967956542969,32.149475097656],[-80.96044921875,32.151245117188],[-80.952697753906,32.141693115234],[-80.950378417969,32.160430908203],[-80.957092285156,32.165344238281],[-80.947937011719,32.168365478516],[-80.96044921875,32.178192138672],[-80.969177246094,32.175994873047],[-80.962341308594,32.184722900391],[-81.000610351562,32.195587158203],[-80.994873046875,32.197662353516],[-81.012268066406,32.218444824219],[-81.016296386719,32.241943359375],[-80.990600585938,32.265808105469],[-80.993408203125,32.291564941406],[-81.006286621094,32.306182861328],[-80.934692382812,32.300323486328],[-80.923400878906,32.352386474609],[-80.892211914062,32.353698730469],[-80.890686035156,32.347686767578],[-80.877563476562,32.345916748047],[-80.858825683594,32.379699707031],[-80.841369628906,32.385040283203],[-80.84228515625,32.394683837891],[-80.829223632812,32.411499023438],[-80.850158691406,32.416259765625],[-80.833923339844,32.456878662109],[-80.818603515625,32.463928222656],[-80.8173828125,32.472564697266],[-80.823303222656,32.497161865234],[-80.847717285156,32.530059814453],[-80.8359375,32.544036865234],[-80.839172363281,32.557464599609],[-80.831481933594,32.593383789062],[-80.836547851562,32.608856201172],[-80.848815917969,32.616058349609],[-80.848388671875,32.632354736328],[-80.869689941406,32.660919189453],[-80.837219238281,32.699829101562],[-80.826293945312,32.704315185547]]]},"properties":{"_isDeleted":false,"AREA":"1.82265862359396E-01","PERIMETER":"2.55722990018828E+00","CO45_D00_":"48","CO45_D00_I":"47","STATE":"45","COUNTY":"013","NAME":"Beaufort","LSAD":"06","LSAD_TRANS":"County","CODE":"dren","CODE_ACC":"dren","CODE_ABS":"dren","CODE_EV":"nev","equipmentGroupLabel":"ES&S - ES&S ExpressVote +","equipmentSystemName":"ES&S ExpressVote +","equipmentType":"Optical Scan","equipmentVendor":"ES&S","jurisdictionCode":"SC-013","jurisdictionName":"Beaufort County","sourceGranularity":"county","standardSystem":"Ballot Marking Devices for all voters","accessibleSystem":"Ballot Marking Devices for all voters","absenteeSystem":"Batch-Fed Optical Scanners","pollBookSystem":"In-House Electronic Poll Book","tabulation":"Optical Scan","equipmentCodeMatched":true,"sourceDocumentId":"verified-voting-verifier-sc-2024-equipment","sourceUrl":"https://verifiedvoting.org/verifier/#mode/navigate/map/voteEquip/mapType/ppEquip/year/2024/state/45"}}],"properties":{"electionYear":2024,"source":"Verified Voting Verifier area geometry","sourceDocumentId":"verified-voting-verifier-sc-2024-equipment","sourceUrl":"https://verifiedvoting.org/verifier/#mode/navigate/map/voteEquip/mapType/ppEquip/year/2024/state/45","state":"SC"}}
