{"type":"FeatureCollection","bbox":[-79.762145996094,40.496032714844,-71.856201171875,45.015899658203],"features":[{"type":"Feature","bbox":[-75.860046386719,44.050415039062,-74.525695800781,45.015899658203],"geometry":{"type":"Polygon","coordinates":[[[-74.535095214844,44.099273681641],[-74.854187011719,44.070068359375],[-75.062744140625,44.050415039062],[-75.170104980469,44.096984863281],[-75.446166992188,44.217620849609],[-75.860046386719,44.403289794922],[-75.820861816406,44.432250976562],[-75.807678222656,44.4716796875],[-75.766235351562,44.515838623047],[-75.505859375,44.705108642578],[-75.423950195312,44.756286621094],[-75.413818359375,44.768829345703],[-75.372314453125,44.783050537109],[-75.346496582031,44.805480957031],[-75.333740234375,44.806335449219],[-75.306457519531,44.826110839844],[-75.307678222656,44.836730957031],[-75.241333007812,44.866912841797],[-75.228637695312,44.867858886719],[-75.218505859375,44.875579833984],[-75.143005371094,44.900207519531],[-75.133911132812,44.911773681641],[-75.0966796875,44.927093505859],[-75.066284179688,44.930114746094],[-75.027038574219,44.946533203125],[-75.005065917969,44.958343505859],[-74.99267578125,44.977416992188],[-74.972412109375,44.983428955078],[-74.907958984375,44.983306884766],[-74.887817382812,45.000091552734],[-74.861877441406,45.002746582031],[-74.826538085938,45.015899658203],[-74.793151855469,45.004669189453],[-74.768737792969,45.003814697266],[-74.760192871094,44.994903564453],[-74.74462890625,44.990539550781],[-74.731262207031,44.990417480469],[-74.726196289062,44.994903564453],[-74.720275878906,44.953033447266],[-74.641845703125,44.952545166016],[-74.525695800781,44.170562744141],[-74.544494628906,44.169372558594],[-74.535095214844,44.099273681641]]]},"properties":{"_isDeleted":false,"AREA":"8.26707054982691E-01","PERIMETER":"3.76747971004081E+00","CO36_D00_":"2","CO36_D00_I":"1","STATE":"36","COUNTY":"089","NAME":"St. Lawrence","LSAD":"06","LSAD_TRANS":"County","CODE":"pbvs","CODE_ACC":"bmds","CODE_ABS":"bmds","CODE_EV":"nev","equipmentGroupLabel":"Dominion - Dominion ImageCast Evolution + Dominion ImageCast Precinct BMD +","equipmentSystemName":"Dominion ImageCast Evolution + Dominion ImageCast Precinct BMD +","equipmentType":"Optical Scan","equipmentVendor":"Dominion","jurisdictionCode":"NY-089","jurisdictionName":"St. Lawrence County","sourceGranularity":"county","standardSystem":"Hand marked paper ballots, BMDs for accessibility","accessibleSystem":"Ballot Marking Devices for all voters","absenteeSystem":"Batch-Fed Optical Scanners","pollBookSystem":"Commercial Electronic Poll Book","tabulation":"Optical Scan","equipmentCodeMatched":true,"sourceDocumentId":"verified-voting-verifier-ny-2024-equipment","sourceUrl":"https://verifiedvoting.org/verifier/#mode/navigate/map/voteEquip/mapType/ppEquip/year/2024/state/36"}},{"type":"Feature","bbox":[-74.02734375,44.429718017578,-73.333190917969,45.010833740234],"geometry":{"type":"Polygon","coordinates":[[[-74.025024414062,44.980041503906],[-74.02734375,44.995727539062],[-73.343078613281,45.010833740234],[-73.354614257812,44.9873046875],[-73.338256835938,44.964721679688],[-73.338928222656,44.917694091797],[-73.358032226562,44.901275634766],[-73.369140625,44.866668701172],[-73.379821777344,44.856994628906],[-73.381286621094,44.845062255859],[-73.369567871094,44.829132080078],[-73.33544921875,44.804534912109],[-73.333190917969,44.788726806641],[-73.365478515625,44.741790771484],[-73.365478515625,44.700286865234],[-73.361267089844,44.694519042969],[-73.370056152344,44.684844970703],[-73.369567871094,44.663513183594],[-73.379028320312,44.65673828125],[-73.383117675781,44.645751953125],[-73.378540039062,44.641418457031],[-73.38671875,44.636352539062],[-73.390197753906,44.618377685547],[-73.376831054688,44.599548339844],[-73.381774902344,44.589294433594],[-73.374328613281,44.575439453125],[-73.338562011719,44.546844482422],[-73.464050292969,44.535369873047],[-73.459594726562,44.520050048828],[-73.47119140625,44.514038085938],[-73.471069335938,44.507751464844],[-73.48828125,44.499542236328],[-73.495056152344,44.489288330078],[-73.523986816406,44.489776611328],[-73.555114746094,44.482177734375],[-73.5712890625,44.465301513672],[-73.596374511719,44.462646484375],[-73.611145019531,44.455047607422],[-73.628967285156,44.458282470703],[-73.672668457031,44.441040039062],[-73.700256347656,44.4404296875],[-73.700622558594,44.445495605469],[-73.90966796875,44.429718017578],[-73.932861328125,44.576171875],[-73.945861816406,44.574829101562],[-73.966125488281,44.709106445312],[-73.986328125,44.707763671875],[-74.006713867188,44.836975097656],[-74.008483886719,44.899230957031],[-74.025024414062,44.980041503906]]]},"properties":{"_isDeleted":false,"AREA":"3.28888586700901E-01","PERIMETER":"2.51479319225225E+00","CO36_D00_":"3","CO36_D00_I":"2","STATE":"36","COUNTY":"019","NAME":"Clinton","LSAD":"06","LSAD_TRANS":"County","CODE":"pbvs","CODE_ACC":"bmds","CODE_ABS":"bmds","CODE_EV":"nev","equipmentGroupLabel":"Dominion - Dominion ImageCast Evolution +","equipmentSystemName":"Dominion ImageCast Evolution +","equipmentType":"Optical Scan","equipmentVendor":"Dominion","jurisdictionCode":"NY-019","jurisdictionName":"Clinton County","sourceGranularity":"county","standardSystem":"Hand marked paper ballots, BMDs for accessibility","accessibleSystem":"Ballot Marking Devices for all voters","absenteeSystem":"Batch-Fed Optical Scanners","pollBookSystem":"In-House Electronic Poll Book","tabulation":"Optical Scan","equipmentCodeMatched":true,"sourceDocumentId":"verified-voting-verifier-ny-2024-equipment","sourceUrl":"https://verifiedvoting.org/verifier/#mode/navigate/map/voteEquip/mapType/ppEquip/year/2024/state/36"}},{"type":"Feature","bbox":[-74.726196289062,44.099273681641,-73.90966796875,45.003326416016],"geometry":{"type":"Polygon","coordinates":[[[-74.025024414062,44.980041503906],[-74.008483886719,44.899230957031],[-74.006713867188,44.836975097656],[-73.986328125,44.707763671875],[-73.966125488281,44.709106445312],[-73.945861816406,44.574829101562],[-73.932861328125,44.576171875],[-73.90966796875,44.429718017578],[-74.141418457031,44.407257080078],[-74.093444824219,44.137634277344],[-74.281860351562,44.120513916016],[-74.535095214844,44.099273681641],[-74.544494628906,44.169372558594],[-74.525695800781,44.170562744141],[-74.641845703125,44.952545166016],[-74.720275878906,44.953033447266],[-74.726196289062,44.994903564453],[-74.701904296875,45.003326416016],[-74.335205078125,44.991882324219],[-74.02734375,44.995727539062],[-74.025024414062,44.980041503906]]]},"properties":{"_isDeleted":false,"AREA":"4.98256890159890E-01","PERIMETER":"3.26194240721814E+00","CO36_D00_":"4","CO36_D00_I":"3","STATE":"36","COUNTY":"033","NAME":"Franklin","LSAD":"06","LSAD_TRANS":"County","CODE":"pbvs","CODE_ACC":"bmds","CODE_ABS":"bmds","CODE_EV":"nev","equipmentGroupLabel":"Dominion - Dominion ImageCast Evolution +","equipmentSystemName":"Dominion ImageCast Evolution +","equipmentType":"Optical Scan","equipmentVendor":"Dominion","jurisdictionCode":"NY-033","jurisdictionName":"Franklin County","sourceGranularity":"county","standardSystem":"Hand marked paper ballots, BMDs for accessibility","accessibleSystem":"Ballot Marking Devices for all voters","absenteeSystem":"Batch-Fed Optical Scanners","pollBookSystem":"In-House Electronic Poll Book","tabulation":"Optical Scan","equipmentCodeMatched":true,"sourceDocumentId":"verified-voting-verifier-ny-2024-equipment","sourceUrl":"https://verifiedvoting.org/verifier/#mode/navigate/map/voteEquip/mapType/ppEquip/year/2024/state/36"}},{"type":"Feature","bbox":[-74.336730957031,43.744476318359,-73.293579101562,44.546844482422],"geometry":{"type":"Polygon","coordinates":[[[-73.464050292969,44.535369873047],[-73.338562011719,44.546844482422],[-73.329406738281,44.529235839844],[-73.321960449219,44.525238037109],[-73.320861816406,44.513671875],[-73.306640625,44.500274658203],[-73.298889160156,44.471313476562],[-73.300109863281,44.454681396484],[-73.293579101562,44.440551757812],[-73.31494140625,44.388458251953],[-73.33349609375,44.372283935547],[-73.334838867188,44.364440917969],[-73.323974609375,44.333801269531],[-73.322204589844,44.301452636719],[-73.310974121094,44.274200439453],[-73.323486328125,44.243927001953],[-73.343200683594,44.238006591797],[-73.361999511719,44.208557128906],[-73.390563964844,44.190826416016],[-73.3896484375,44.181182861328],[-73.396850585938,44.173828125],[-73.402404785156,44.145843505859],[-73.415710449219,44.1328125],[-73.411315917969,44.112670898438],[-73.42919921875,44.079376220703],[-73.437744140625,44.044982910156],[-73.410705566406,44.026885986328],[-73.405883789062,44.016265869141],[-73.412536621094,43.982727050781],[-73.40673828125,43.96728515625],[-73.408569335938,43.932922363281],[-73.395874023438,43.902984619141],[-73.374084472656,43.87548828125],[-73.382019042969,43.85498046875],[-73.372253417969,43.845336914062],[-73.388427734375,43.832427978516],[-73.392761230469,43.822174072266],[-73.379272460938,43.808410644531],[-73.438110351562,43.8037109375],[-73.853088378906,43.764251708984],[-74.057006835938,43.744476318359],[-74.0546875,43.768249511719],[-74.046142578125,43.781158447266],[-74.046997070312,43.796356201172],[-74.085571289062,43.808898925781],[-74.091613769531,43.804321289062],[-74.118408203125,43.809509277344],[-74.138671875,43.817687988281],[-74.139404296875,43.826385498047],[-74.149047851562,43.829406738281],[-74.200927734375,43.820709228516],[-74.213684082031,43.810821533203],[-74.336730957031,43.925201416016],[-74.255920410156,43.969818115234],[-74.281860351562,44.120513916016],[-74.093444824219,44.137634277344],[-74.141418457031,44.407257080078],[-73.90966796875,44.429718017578],[-73.700622558594,44.445495605469],[-73.700256347656,44.4404296875],[-73.672668457031,44.441040039062],[-73.628967285156,44.458282470703],[-73.611145019531,44.455047607422],[-73.596374511719,44.462646484375],[-73.5712890625,44.465301513672],[-73.555114746094,44.482177734375],[-73.523986816406,44.489776611328],[-73.495056152344,44.489288330078],[-73.48828125,44.499542236328],[-73.471069335938,44.507751464844],[-73.47119140625,44.514038085938],[-73.459594726562,44.520050048828],[-73.464050292969,44.535369873047]]]},"properties":{"_isDeleted":false,"AREA":"5.58043714091527E-01","PERIMETER":"3.56630595343607E+00","CO36_D00_":"5","CO36_D00_I":"4","STATE":"36","COUNTY":"031","NAME":"Essex","LSAD":"06","LSAD_TRANS":"County","CODE":"pbvs","CODE_ACC":"bmds","CODE_ABS":"bmds","CODE_EV":"nev","equipmentGroupLabel":"Dominion - Dominion ImageCast Evolution +","equipmentSystemName":"Dominion ImageCast Evolution +","equipmentType":"Optical Scan","equipmentVendor":"Dominion","jurisdictionCode":"NY-031","jurisdictionName":"Essex County","sourceGranularity":"county","standardSystem":"Hand marked paper ballots, BMDs for accessibility","accessibleSystem":"Ballot Marking Devices for all voters","absenteeSystem":"Hand-Fed Optical Scanners","pollBookSystem":"In-House Electronic Poll Book","tabulation":"Optical Scan","equipmentCodeMatched":true,"sourceDocumentId":"verified-voting-verifier-ny-2024-equipment","sourceUrl":"https://verifiedvoting.org/verifier/#mode/navigate/map/voteEquip/mapType/ppEquip/year/2024/state/36"}},{"type":"Feature","bbox":[-76.367004394531,43.668121337891,-75.446166992188,44.403289794922],"geometry":{"type":"Polygon","coordinates":[[[-75.860046386719,44.403289794922],[-75.446166992188,44.217620849609],[-75.545776367188,44.10302734375],[-75.484497070312,44.074188232422],[-75.502746582031,44.05126953125],[-75.493347167969,44.046783447266],[-75.502014160156,44.036193847656],[-75.501770019531,44.009521484375],[-75.550048828125,44.008178710938],[-75.542907714844,43.9677734375],[-75.5771484375,43.965240478516],[-75.603576660156,43.971405029297],[-75.758117675781,43.878753662109],[-75.840515136719,43.883941650391],[-75.850524902344,43.791778564453],[-75.786743164062,43.788269042969],[-75.774536132812,43.688873291016],[-76.025085449219,43.706970214844],[-76.02197265625,43.668121337891],[-76.085754394531,43.672943115234],[-76.200500488281,43.68017578125],[-76.213195800781,43.753509521484],[-76.229187011719,43.804077148438],[-76.250061035156,43.825653076172],[-76.283264160156,43.843872070312],[-76.282653808594,43.858612060547],[-76.261535644531,43.873321533203],[-76.243347167969,43.877899169922],[-76.227416992188,43.875],[-76.219299316406,43.866790771484],[-76.202209472656,43.864868164062],[-76.158142089844,43.887542724609],[-76.133178710938,43.892974853516],[-76.127258300781,43.897918701172],[-76.125,43.912780761719],[-76.13427734375,43.954742431641],[-76.146118164062,43.964630126953],[-76.169738769531,43.962219238281],[-76.184814453125,43.971160888672],[-76.22802734375,43.982727050781],[-76.244445800781,43.975738525391],[-76.268676757812,43.980804443359],[-76.269653320312,44.001068115234],[-76.298950195312,44.017730712891],[-76.300537109375,44.057159423828],[-76.360229492188,44.070922851562],[-76.360717773438,44.087585449219],[-76.367004394531,44.100372314453],[-76.355651855469,44.13330078125],[-76.312561035156,44.199035644531],[-76.245483398438,44.20361328125],[-76.191345214844,44.221252441406],[-76.164184570312,44.239562988281],[-76.161804199219,44.280700683594],[-76.130920410156,44.296630859375],[-76.097351074219,44.299530029297],[-76.045227050781,44.331756591797],[-76.0009765625,44.347534179688],[-75.97021484375,44.342834472656],[-75.949462890625,44.34912109375],[-75.860046386719,44.403289794922]]]},"properties":{"_isDeleted":false,"AREA":"3.96075142442943E-01","PERIMETER":"3.32273773048970E+00","CO36_D00_":"6","CO36_D00_I":"5","STATE":"36","COUNTY":"045","NAME":"Jefferson","LSAD":"06","LSAD_TRANS":"County","CODE":"pbvs","CODE_ACC":"bmds","CODE_ABS":"bmds","CODE_EV":"nev","equipmentGroupLabel":"Clear Ballot - Clear Ballot ClearMark +","equipmentSystemName":"Clear Ballot ClearMark +","equipmentType":"Optical Scan","equipmentVendor":"Clear Ballot","jurisdictionCode":"NY-045","jurisdictionName":"Jefferson County","sourceGranularity":"county","standardSystem":"Hand marked paper ballots, BMDs for accessibility","accessibleSystem":"Ballot Marking Devices for all voters","absenteeSystem":"Batch-Fed Optical Scanners","pollBookSystem":"Commercial Electronic Poll Book","tabulation":"Optical Scan","equipmentCodeMatched":true,"sourceDocumentId":"verified-voting-verifier-ny-2024-equipment","sourceUrl":"https://verifiedvoting.org/verifier/#mode/navigate/map/voteEquip/mapType/ppEquip/year/2024/state/36"}},{"type":"Feature","bbox":[-75.850524902344,43.419708251953,-75.110168457031,44.217620849609],"geometry":{"type":"Polygon","coordinates":[[[-75.446166992188,44.217620849609],[-75.170104980469,44.096984863281],[-75.110168457031,43.615264892578],[-75.533508300781,43.419708251953],[-75.756164550781,43.470397949219],[-75.774536132812,43.688873291016],[-75.786743164062,43.788269042969],[-75.850524902344,43.791778564453],[-75.840515136719,43.883941650391],[-75.758117675781,43.878753662109],[-75.603576660156,43.971405029297],[-75.5771484375,43.965240478516],[-75.542907714844,43.9677734375],[-75.550048828125,44.008178710938],[-75.501770019531,44.009521484375],[-75.502014160156,44.036193847656],[-75.493347167969,44.046783447266],[-75.502746582031,44.05126953125],[-75.484497070312,44.074188232422],[-75.545776367188,44.10302734375],[-75.446166992188,44.217620849609]]]},"properties":{"_isDeleted":false,"AREA":"3.73468333234006E-01","PERIMETER":"2.67383569167990E+00","CO36_D00_":"7","CO36_D00_I":"6","STATE":"36","COUNTY":"049","NAME":"Lewis","LSAD":"06","LSAD_TRANS":"County","CODE":"pbvs","CODE_ACC":"bmds","CODE_ABS":"bmds","CODE_EV":"nev","equipmentGroupLabel":"Dominion - Dominion ImageCast Evolution +","equipmentSystemName":"Dominion ImageCast Evolution +","equipmentType":"Optical Scan","equipmentVendor":"Dominion","jurisdictionCode":"NY-049","jurisdictionName":"Lewis County","sourceGranularity":"county","standardSystem":"Hand marked paper ballots, BMDs for accessibility","accessibleSystem":"Ballot Marking Devices for all voters","absenteeSystem":"Hand-Fed Optical Scanners","pollBookSystem":"Commercial Electronic Poll Book","tabulation":"Optical Scan","equipmentCodeMatched":true,"sourceDocumentId":"verified-voting-verifier-ny-2024-equipment","sourceUrl":"https://verifiedvoting.org/verifier/#mode/navigate/map/voteEquip/mapType/ppEquip/year/2024/state/36"}},{"type":"Feature","bbox":[-74.86767578125,43.214630126953,-74.046142578125,44.120513916016],"geometry":{"type":"Polygon","coordinates":[[[-74.281860351562,44.120513916016],[-74.255920410156,43.969818115234],[-74.336730957031,43.925201416016],[-74.213684082031,43.810821533203],[-74.200927734375,43.820709228516],[-74.149047851562,43.829406738281],[-74.139404296875,43.826385498047],[-74.138671875,43.817687988281],[-74.118408203125,43.809509277344],[-74.091613769531,43.804321289062],[-74.085571289062,43.808898925781],[-74.046997070312,43.796356201172],[-74.046142578125,43.781158447266],[-74.0546875,43.768249511719],[-74.057006835938,43.744476318359],[-74.214538574219,43.728668212891],[-74.160034179688,43.371459960938],[-74.14013671875,43.253967285156],[-74.224182128906,43.248168945312],[-74.220825195312,43.221374511719],[-74.322387695312,43.214630126953],[-74.326354980469,43.241638183594],[-74.534606933594,43.228149414062],[-74.712524414062,43.286163330078],[-74.86767578125,43.33984375],[-74.775634765625,43.486663818359],[-74.854187011719,44.070068359375],[-74.535095214844,44.099273681641],[-74.281860351562,44.120513916016]]]},"properties":{"_isDeleted":false,"AREA":"5.22472283248494E-01","PERIMETER":"3.43858899943947E+00","CO36_D00_":"8","CO36_D00_I":"7","STATE":"36","COUNTY":"041","NAME":"Hamilton","LSAD":"06","LSAD_TRANS":"County","CODE":"pbvs","CODE_ACC":"bmds","CODE_ABS":"bmds","CODE_EV":"nev","equipmentGroupLabel":"Dominion - Dominion ImageCast Precinct BMD +","equipmentSystemName":"Dominion ImageCast Precinct BMD +","equipmentType":"Optical Scan","equipmentVendor":"Dominion","jurisdictionCode":"NY-041","jurisdictionName":"Hamilton County","sourceGranularity":"county","standardSystem":"Hand marked paper ballots, BMDs for accessibility","accessibleSystem":"Ballot Marking Devices for all voters","absenteeSystem":"Hand-Fed Optical Scanners","pollBookSystem":"Paper Poll Book","tabulation":"Optical Scan","equipmentCodeMatched":true,"sourceDocumentId":"verified-voting-verifier-ny-2024-equipment","sourceUrl":"https://verifiedvoting.org/verifier/#mode/navigate/map/voteEquip/mapType/ppEquip/year/2024/state/36"}},{"type":"Feature","bbox":[-75.219116210938,42.824981689453,-74.695556640625,44.096984863281],"geometry":{"type":"Polygon","coordinates":[[[-75.170104980469,44.096984863281],[-75.062744140625,44.050415039062],[-74.854187011719,44.070068359375],[-74.775634765625,43.486663818359],[-74.86767578125,43.33984375],[-74.712524414062,43.286163330078],[-74.695556640625,43.174102783203],[-74.709167480469,43.172271728516],[-74.717712402344,43.165405273438],[-74.718200683594,43.159973144531],[-74.707946777344,43.149963378906],[-74.735717773438,43.143585205078],[-74.729431152344,43.123413085938],[-74.758483886719,43.119689941406],[-74.758483886719,43.114013671875],[-74.769958496094,43.11328125],[-74.765747070312,43.090118408203],[-74.774169921875,43.078430175781],[-74.759948730469,43.047424316406],[-74.743408203125,43.029449462891],[-74.743774414062,42.999298095703],[-74.740051269531,42.998321533203],[-74.763244628906,42.863220214844],[-74.878784179688,42.898315429688],[-74.892272949219,42.833038330078],[-74.906677246094,42.824981689453],[-75.097595214844,42.907012939453],[-75.101013183594,42.908325195312],[-75.139709472656,42.859710693359],[-75.210693359375,42.856567382812],[-75.212097167969,42.879974365234],[-75.201599121094,42.880584716797],[-75.219116210938,43.052490234375],[-75.160827636719,43.11474609375],[-75.069152832031,43.227294921875],[-75.07373046875,43.229461669922],[-75.071472167969,43.234405517578],[-75.093017578125,43.230804443359],[-75.122619628906,43.241058349609],[-75.12451171875,43.247192382812],[-75.142883300781,43.254669189453],[-75.150939941406,43.246826171875],[-75.152526855469,43.2578125],[-75.162292480469,43.258422851562],[-75.148193359375,43.289672851562],[-75.14794921875,43.305114746094],[-75.120300292969,43.304138183594],[-75.119812011719,43.309814453125],[-75.107543945312,43.311614990234],[-75.099792480469,43.323822021484],[-75.076538085938,43.330688476562],[-75.110168457031,43.615264892578],[-75.170104980469,44.096984863281]]]},"properties":{"_isDeleted":false,"AREA":"4.19829261361018E-01","PERIMETER":"3.82712489915920E+00","CO36_D00_":"9","CO36_D00_I":"8","STATE":"36","COUNTY":"043","NAME":"Herkimer","LSAD":"06","LSAD_TRANS":"County","CODE":"pbvs","CODE_ACC":"bmds","CODE_ABS":"bmds","CODE_EV":"nev","equipmentGroupLabel":"Hart InterCivic - Hart InterCivic Verity Touch Writer +","equipmentSystemName":"Hart InterCivic Verity Touch Writer +","equipmentType":"Optical Scan","equipmentVendor":"Hart InterCivic","jurisdictionCode":"NY-043","jurisdictionName":"Herkimer County","sourceGranularity":"county","standardSystem":"Hand marked paper ballots, BMDs for accessibility","accessibleSystem":"Ballot Marking Devices for all voters","absenteeSystem":"Hand-Fed Optical Scanners","pollBookSystem":"Commercial Electronic Poll Book","tabulation":"Optical Scan","equipmentCodeMatched":true,"sourceDocumentId":"verified-voting-verifier-ny-2024-equipment","sourceUrl":"https://verifiedvoting.org/verifier/#mode/navigate/map/voteEquip/mapType/ppEquip/year/2024/state/36"}},{"type":"Feature","bbox":[-73.636596679688,42.941253662109,-73.241577148438,43.808410644531],"geometry":{"type":"Polygon","coordinates":[[[-73.274291992188,42.943664550781],[-73.379638671875,42.943786621094],[-73.393615722656,42.953094482422],[-73.433044433594,42.958282470703],[-73.44921875,42.951141357422],[-73.450561523438,42.944519042969],[-73.635498046875,42.941253662109],[-73.629333496094,42.951507568359],[-73.631164550781,42.970581054688],[-73.608703613281,42.983245849609],[-73.606628417969,42.999176025391],[-73.593627929688,43.014373779297],[-73.586364746094,43.048400878906],[-73.578186035156,43.055755615234],[-73.581665039062,43.070220947266],[-73.575378417969,43.083984375],[-73.575378417969,43.114868164062],[-73.5908203125,43.135131835938],[-73.580139160156,43.153717041016],[-73.583251953125,43.16552734375],[-73.589782714844,43.170471191406],[-73.580932617188,43.182434082031],[-73.585754394531,43.192321777344],[-73.579284667969,43.208831787109],[-73.585876464844,43.227416992188],[-73.597473144531,43.240936279297],[-73.586853027344,43.255889892578],[-73.59228515625,43.267120361328],[-73.600524902344,43.268432617188],[-73.599670410156,43.27978515625],[-73.588562011719,43.299438476562],[-73.594970703125,43.306060791016],[-73.628723144531,43.486419677734],[-73.636596679688,43.497528076172],[-73.631713867188,43.497039794922],[-73.635620117188,43.500915527344],[-73.63232421875,43.512115478516],[-73.62646484375,43.521545410156],[-73.618957519531,43.520568847656],[-73.616638183594,43.537109375],[-73.607360839844,43.551330566406],[-73.61376953125,43.55615234375],[-73.612426757812,43.563262939453],[-73.580932617188,43.573638916016],[-73.576965332031,43.579559326172],[-73.581665039062,43.580413818359],[-73.571899414062,43.585723876953],[-73.539428710938,43.625030517578],[-73.501342773438,43.645660400391],[-73.501953125,43.651702880859],[-73.493225097656,43.655334472656],[-73.494445800781,43.673065185547],[-73.486633300781,43.679443359375],[-73.467102050781,43.724945068359],[-73.45947265625,43.730010986328],[-73.464050292969,43.757507324219],[-73.457153320312,43.762573242188],[-73.471435546875,43.773681640625],[-73.436767578125,43.800567626953],[-73.438110351562,43.8037109375],[-73.379272460938,43.808410644531],[-73.376342773438,43.798767089844],[-73.357543945312,43.785980224609],[-73.350646972656,43.770416259766],[-73.369689941406,43.744232177734],[-73.370544433594,43.725280761719],[-73.404724121094,43.690185546875],[-73.415466308594,43.652435302734],[-73.426391601562,43.642547607422],[-73.427856445312,43.634460449219],[-73.417602539062,43.621673583984],[-73.430908203125,43.587036132812],[-73.395751953125,43.568115234375],[-73.383361816406,43.576782226562],[-73.383483886719,43.596801757812],[-73.372497558594,43.604766845703],[-73.3759765625,43.612609863281],[-73.369934082031,43.619140625],[-73.371887207031,43.624450683594],[-73.34765625,43.622497558594],[-73.323852539062,43.627563476562],[-73.310607910156,43.624084472656],[-73.306274414062,43.628051757812],[-73.292175292969,43.602478027344],[-73.296875,43.587280273438],[-73.292053222656,43.584503173828],[-73.294555664062,43.578948974609],[-73.284912109375,43.579193115234],[-73.258605957031,43.564971923828],[-73.248596191406,43.553863525391],[-73.250061035156,43.543365478516],[-73.241577148438,43.534912109375],[-73.247619628906,43.523101806641],[-73.256408691406,43.25927734375],[-73.274291992188,42.943664550781]]]},"properties":{"_isDeleted":false,"AREA":"2.43026975139219E-01","PERIMETER":"2.75305919490218E+00","CO36_D00_":"10","CO36_D00_I":"9","STATE":"36","COUNTY":"115","NAME":"Washington","LSAD":"06","LSAD_TRANS":"County","CODE":"pbvs","CODE_ACC":"bmds","CODE_ABS":"bmds","CODE_EV":"nev","equipmentGroupLabel":"Hart InterCivic - Hart InterCivic Verity Touch Writer +","equipmentSystemName":"Hart InterCivic Verity Touch Writer +","equipmentType":"Optical Scan","equipmentVendor":"Hart InterCivic","jurisdictionCode":"NY-115","jurisdictionName":"Washington County","sourceGranularity":"county","standardSystem":"Hand marked paper ballots, BMDs for accessibility","accessibleSystem":"Ballot Marking Devices for all voters","absenteeSystem":"Batch-Fed Optical Scanners","pollBookSystem":"Commercial Electronic Poll Book","tabulation":"Optical Scan","equipmentCodeMatched":true,"sourceDocumentId":"verified-voting-verifier-ny-2024-equipment","sourceUrl":"https://verifiedvoting.org/verifier/#mode/navigate/map/voteEquip/mapType/ppEquip/year/2024/state/36"}},{"type":"Feature","bbox":[-74.214538574219,43.222717285156,-73.436767578125,43.8037109375],"geometry":{"type":"Polygon","coordinates":[[[-73.853088378906,43.764251708984],[-73.438110351562,43.8037109375],[-73.436767578125,43.800567626953],[-73.471435546875,43.773681640625],[-73.457153320312,43.762573242188],[-73.464050292969,43.757507324219],[-73.45947265625,43.730010986328],[-73.467102050781,43.724945068359],[-73.486633300781,43.679443359375],[-73.494445800781,43.673065185547],[-73.493225097656,43.655334472656],[-73.501953125,43.651702880859],[-73.501342773438,43.645660400391],[-73.539428710938,43.625030517578],[-73.571899414062,43.585723876953],[-73.581665039062,43.580413818359],[-73.576965332031,43.579559326172],[-73.580932617188,43.573638916016],[-73.612426757812,43.563262939453],[-73.61376953125,43.55615234375],[-73.607360839844,43.551330566406],[-73.616638183594,43.537109375],[-73.618957519531,43.520568847656],[-73.62646484375,43.521545410156],[-73.63232421875,43.512115478516],[-73.635620117188,43.500915527344],[-73.631713867188,43.497039794922],[-73.636596679688,43.497528076172],[-73.628723144531,43.486419677734],[-73.594970703125,43.306060791016],[-73.636840820312,43.306915283203],[-73.642700195312,43.304138183594],[-73.641906738281,43.293273925781],[-73.650695800781,43.28955078125],[-73.671203613281,43.293151855469],[-73.675170898438,43.285095214844],[-73.661071777344,43.272888183594],[-73.669494628906,43.263854980469],[-73.680725097656,43.267333984375],[-73.690124511719,43.283996582031],[-73.695190429688,43.278930664062],[-73.730407714844,43.270721435547],[-73.739929199219,43.264709472656],[-73.737548828125,43.255157470703],[-73.743957519531,43.242736816406],[-73.77001953125,43.222717285156],[-73.792907714844,43.246246337891],[-73.815368652344,43.250946044922],[-73.826599121094,43.245635986328],[-73.834899902344,43.250946044922],[-73.835510253906,43.265777587891],[-73.825134277344,43.277496337891],[-73.824523925781,43.304260253906],[-73.836853027344,43.306549072266],[-73.842956542969,43.318756103516],[-73.858642578125,43.328155517578],[-73.853210449219,43.337677001953],[-73.875061035156,43.361938476562],[-73.870971679688,43.37255859375],[-73.88330078125,43.398010253906],[-74.160034179688,43.371459960938],[-74.214538574219,43.728668212891],[-74.057006835938,43.744476318359],[-73.853088378906,43.764251708984]]]},"properties":{"_isDeleted":false,"AREA":"2.68799149448487E-01","PERIMETER":"2.65134452261906E+00","CO36_D00_":"11","CO36_D00_I":"10","STATE":"36","COUNTY":"113","NAME":"Warren","LSAD":"06","LSAD_TRANS":"County","CODE":"pbvs","CODE_ACC":"bmds","CODE_ABS":"bmds","CODE_EV":"nev","equipmentGroupLabel":"Clear Ballot - Clear Ballot ClearMark +","equipmentSystemName":"Clear Ballot ClearMark +","equipmentType":"Optical Scan","equipmentVendor":"Clear Ballot","jurisdictionCode":"NY-113","jurisdictionName":"Warren County","sourceGranularity":"county","standardSystem":"Hand marked paper ballots, BMDs for accessibility","accessibleSystem":"Ballot Marking Devices for all voters","absenteeSystem":"Batch-Fed Optical Scanners","pollBookSystem":"Commercial Electronic Poll Book","tabulation":"Optical Scan","equipmentCodeMatched":true,"sourceDocumentId":"verified-voting-verifier-ny-2024-equipment","sourceUrl":"https://verifiedvoting.org/verifier/#mode/navigate/map/voteEquip/mapType/ppEquip/year/2024/state/36"}},{"type":"Feature","bbox":[-76.617065429688,43.155639648438,-75.756164550781,43.706970214844],"geometry":{"type":"Polygon","coordinates":[[[-76.085754394531,43.672943115234],[-76.02197265625,43.668121337891],[-76.025085449219,43.706970214844],[-75.774536132812,43.688873291016],[-75.756164550781,43.470397949219],[-75.814575195312,43.483520507812],[-75.88671875,43.325012207031],[-75.862976074219,43.319213867188],[-75.884216308594,43.155639648438],[-75.926879882812,43.162750244141],[-75.932922363281,43.176635742188],[-75.952575683594,43.171081542969],[-75.962097167969,43.180358886719],[-75.979614257812,43.177703857422],[-75.993347167969,43.183380126953],[-76.004333496094,43.176879882812],[-76.010986328125,43.18505859375],[-76.031494140625,43.190734863281],[-76.04931640625,43.202941894531],[-76.077819824219,43.199432373047],[-76.085083007812,43.213073730469],[-76.068054199219,43.212585449219],[-76.106140136719,43.224395751953],[-76.116271972656,43.233703613281],[-76.148498535156,43.239593505859],[-76.172302246094,43.250091552734],[-76.200378417969,43.270599365234],[-76.210754394531,43.268432617188],[-76.213439941406,43.239959716797],[-76.204956054688,43.237426757812],[-76.202575683594,43.222229003906],[-76.194213867188,43.217041015625],[-76.198669433594,43.212585449219],[-76.206176757812,43.216552734375],[-76.208374023438,43.2080078125],[-76.217895507812,43.204742431641],[-76.24462890625,43.214508056641],[-76.257446289062,43.23681640625],[-76.267578125,43.239593505859],[-76.275512695312,43.23876953125],[-76.267700195312,43.232727050781],[-76.262023925781,43.218475341797],[-76.271301269531,43.203887939453],[-76.280944824219,43.201110839844],[-76.28955078125,43.218963623047],[-76.307495117188,43.230804443359],[-76.479187011719,43.2275390625],[-76.481140136719,43.256622314453],[-76.60498046875,43.253601074219],[-76.617065429688,43.419097900391],[-76.522033691406,43.468566894531],[-76.486877441406,43.475341796875],[-76.472412109375,43.492828369141],[-76.417541503906,43.521301269531],[-76.368774414062,43.525756835938],[-76.345520019531,43.513458251953],[-76.296997070312,43.512847900391],[-76.228637695312,43.532989501953],[-76.203430175781,43.574981689453],[-76.196533203125,43.649780273438],[-76.200500488281,43.68017578125],[-76.085754394531,43.672943115234]]]},"properties":{"_isDeleted":false,"AREA":"2.93418882344369E-01","PERIMETER":"2.89319650670840E+00","CO36_D00_":"12","CO36_D00_I":"11","STATE":"36","COUNTY":"075","NAME":"Oswego","LSAD":"06","LSAD_TRANS":"County","CODE":"pbvs","CODE_ACC":"bmds","CODE_ABS":"bmds","CODE_EV":"nev","equipmentGroupLabel":"Clear Ballot - Clear Ballot ClearMark +","equipmentSystemName":"Clear Ballot ClearMark +","equipmentType":"Optical Scan","equipmentVendor":"Clear Ballot","jurisdictionCode":"NY-075","jurisdictionName":"Oswego County","sourceGranularity":"county","standardSystem":"Hand marked paper ballots, BMDs for accessibility","accessibleSystem":"Ballot Marking Devices for all voters","absenteeSystem":"Batch-Fed Optical Scanners","pollBookSystem":"Commercial Electronic Poll Book","tabulation":"Optical Scan","equipmentCodeMatched":true,"sourceDocumentId":"verified-voting-verifier-ny-2024-equipment","sourceUrl":"https://verifiedvoting.org/verifier/#mode/navigate/map/voteEquip/mapType/ppEquip/year/2024/state/36"}},{"type":"Feature","bbox":[-75.88671875,42.863342285156,-75.069152832031,43.615264892578],"geometry":{"type":"Polygon","coordinates":[[[-75.110168457031,43.615264892578],[-75.076538085938,43.330688476562],[-75.099792480469,43.323822021484],[-75.107543945312,43.311614990234],[-75.119812011719,43.309814453125],[-75.120300292969,43.304138183594],[-75.14794921875,43.305114746094],[-75.148193359375,43.289672851562],[-75.162292480469,43.258422851562],[-75.152526855469,43.2578125],[-75.150939941406,43.246826171875],[-75.142883300781,43.254669189453],[-75.12451171875,43.247192382812],[-75.122619628906,43.241058349609],[-75.093017578125,43.230804443359],[-75.071472167969,43.234405517578],[-75.07373046875,43.229461669922],[-75.069152832031,43.227294921875],[-75.160827636719,43.11474609375],[-75.219116210938,43.052490234375],[-75.201599121094,42.880584716797],[-75.212097167969,42.879974365234],[-75.242614746094,42.877807617188],[-75.247924804688,42.871520996094],[-75.437072753906,42.863342285156],[-75.444091796875,42.933044433594],[-75.544250488281,42.931732177734],[-75.552795410156,43.037536621094],[-75.597045898438,43.035369873047],[-75.59814453125,43.043334960938],[-75.607666015625,43.053466796875],[-75.599609375,43.061553955078],[-75.6396484375,43.078430175781],[-75.639526367188,43.096160888672],[-75.655212402344,43.109069824219],[-75.652709960938,43.113647460938],[-75.681030273438,43.121124267578],[-75.685119628906,43.123779296875],[-75.681274414062,43.128479003906],[-75.693603515625,43.133209228516],[-75.694885253906,43.139587402344],[-75.706604003906,43.137176513672],[-75.706726074219,43.151062011719],[-75.738830566406,43.164794921875],[-75.751953125,43.159027099609],[-75.775390625,43.171936035156],[-75.797302246094,43.159362792969],[-75.840637207031,43.160705566406],[-75.863830566406,43.147308349609],[-75.884216308594,43.155639648438],[-75.862976074219,43.319213867188],[-75.88671875,43.325012207031],[-75.814575195312,43.483520507812],[-75.756164550781,43.470397949219],[-75.533508300781,43.419708251953],[-75.110168457031,43.615264892578]]]},"properties":{"_isDeleted":false,"AREA":"3.60873685647490E-01","PERIMETER":"3.07415227873129E+00","CO36_D00_":"13","CO36_D00_I":"12","STATE":"36","COUNTY":"065","NAME":"Oneida","LSAD":"06","LSAD_TRANS":"County","CODE":"pbvs","CODE_ACC":"bmds","CODE_ABS":"bmds","CODE_EV":"nev","equipmentGroupLabel":"Dominion - Dominion ImageCast Evolution +","equipmentSystemName":"Dominion ImageCast Evolution +","equipmentType":"Optical Scan","equipmentVendor":"Dominion","jurisdictionCode":"NY-065","jurisdictionName":"Oneida County","sourceGranularity":"county","standardSystem":"Hand marked paper ballots, BMDs for accessibility","accessibleSystem":"Ballot Marking Devices for all voters","absenteeSystem":"Batch-Fed Optical Scanners","pollBookSystem":"In-House Electronic Poll Book","tabulation":"Optical Scan","equipmentCodeMatched":true,"sourceDocumentId":"verified-voting-verifier-ny-2024-equipment","sourceUrl":"https://verifiedvoting.org/verifier/#mode/navigate/map/voteEquip/mapType/ppEquip/year/2024/state/36"}},{"type":"Feature","bbox":[-76.739990234375,42.618560791016,-76.265502929688,43.419097900391],"geometry":{"type":"Polygon","coordinates":[[[-76.617065429688,43.419097900391],[-76.60498046875,43.253601074219],[-76.481140136719,43.256622314453],[-76.479187011719,43.2275390625],[-76.473022460938,43.14599609375],[-76.486328125,43.143218994141],[-76.4716796875,43.10498046875],[-76.491271972656,43.106292724609],[-76.499206542969,43.097137451172],[-76.491943359375,43.004974365234],[-76.463012695312,43.006286621094],[-76.45068359375,42.845703125],[-76.356994628906,42.849456787109],[-76.298706054688,42.807464599609],[-76.275329589844,42.780456542969],[-76.274719238281,42.771270751953],[-76.265502929688,42.623626708984],[-76.458312988281,42.618560791016],[-76.459899902344,42.627105712891],[-76.66650390625,42.623504638672],[-76.687866210938,42.674774169922],[-76.728881835938,42.712890625],[-76.737487792969,42.75390625],[-76.739990234375,42.789367675781],[-76.719482421875,42.825439453125],[-76.717224121094,42.838836669922],[-76.72119140625,42.869598388672],[-76.737487792969,42.902069091797],[-76.734191894531,42.944763183594],[-76.7392578125,42.954406738281],[-76.736755371094,42.97021484375],[-76.727600097656,42.978179931641],[-76.728759765625,42.987701416016],[-76.720581054688,42.995422363281],[-76.7216796875,43.007843017578],[-76.711181640625,43.017974853516],[-76.713806152344,43.024017333984],[-76.719116210938,43.037414550781],[-76.717712402344,43.062744140625],[-76.705871582031,43.070709228516],[-76.702331542969,43.080718994141],[-76.722534179688,43.343719482422],[-76.698364257812,43.344451904297],[-76.684875488281,43.352630615234],[-76.630676269531,43.413330078125],[-76.617065429688,43.419097900391]]]},"properties":{"_isDeleted":false,"AREA":"2.09977894515420E-01","PERIMETER":"2.46105956440427E+00","CO36_D00_":"14","CO36_D00_I":"13","STATE":"36","COUNTY":"011","NAME":"Cayuga","LSAD":"06","LSAD_TRANS":"County","CODE":"pbvs","CODE_ACC":"bmds","CODE_ABS":"bmds","CODE_EV":"nev","equipmentGroupLabel":"Clear Ballot - Clear Ballot ClearMark +","equipmentSystemName":"Clear Ballot ClearMark +","equipmentType":"Optical Scan","equipmentVendor":"Clear Ballot","jurisdictionCode":"NY-011","jurisdictionName":"Cayuga County","sourceGranularity":"county","standardSystem":"Hand marked paper ballots, BMDs for accessibility","accessibleSystem":"Ballot Marking Devices for all voters","absenteeSystem":"Batch-Fed Optical Scanners","pollBookSystem":"Commercial Electronic Poll Book","tabulation":"Optical Scan","equipmentCodeMatched":true,"sourceDocumentId":"verified-voting-verifier-ny-2024-equipment","sourceUrl":"https://verifiedvoting.org/verifier/#mode/navigate/map/voteEquip/mapType/ppEquip/year/2024/state/36"}},{"type":"Feature","bbox":[-74.160034179688,42.775512695312,-73.575378417969,43.398010253906],"geometry":{"type":"Polygon","coordinates":[[[-73.88330078125,43.398010253906],[-73.870971679688,43.37255859375],[-73.875061035156,43.361938476562],[-73.853210449219,43.337677001953],[-73.858642578125,43.328155517578],[-73.842956542969,43.318756103516],[-73.836853027344,43.306549072266],[-73.824523925781,43.304260253906],[-73.825134277344,43.277496337891],[-73.835510253906,43.265777587891],[-73.834899902344,43.250946044922],[-73.826599121094,43.245635986328],[-73.815368652344,43.250946044922],[-73.792907714844,43.246246337891],[-73.77001953125,43.222717285156],[-73.743957519531,43.242736816406],[-73.737548828125,43.255157470703],[-73.739929199219,43.264709472656],[-73.730407714844,43.270721435547],[-73.695190429688,43.278930664062],[-73.690124511719,43.283996582031],[-73.680725097656,43.267333984375],[-73.669494628906,43.263854980469],[-73.661071777344,43.272888183594],[-73.675170898438,43.285095214844],[-73.671203613281,43.293151855469],[-73.650695800781,43.28955078125],[-73.641906738281,43.293273925781],[-73.642700195312,43.304138183594],[-73.636840820312,43.306915283203],[-73.594970703125,43.306060791016],[-73.588562011719,43.299438476562],[-73.599670410156,43.27978515625],[-73.600524902344,43.268432617188],[-73.59228515625,43.267120361328],[-73.586853027344,43.255889892578],[-73.597473144531,43.240936279297],[-73.585876464844,43.227416992188],[-73.579284667969,43.208831787109],[-73.585754394531,43.192321777344],[-73.580932617188,43.182434082031],[-73.589782714844,43.170471191406],[-73.583251953125,43.16552734375],[-73.580139160156,43.153717041016],[-73.5908203125,43.135131835938],[-73.575378417969,43.114868164062],[-73.575378417969,43.083984375],[-73.581665039062,43.070220947266],[-73.578186035156,43.055755615234],[-73.586364746094,43.048400878906],[-73.593627929688,43.014373779297],[-73.606628417969,42.999176025391],[-73.608703613281,42.983245849609],[-73.631164550781,42.970581054688],[-73.629333496094,42.951507568359],[-73.635498046875,42.941253662109],[-73.660339355469,42.932464599609],[-73.68359375,42.901336669922],[-73.684326171875,42.891906738281],[-73.673095703125,42.875030517578],[-73.675903320312,42.858489990234],[-73.671936035156,42.843780517578],[-73.658386230469,42.809051513672],[-73.672180175781,42.796142578125],[-73.6767578125,42.783233642578],[-73.688293457031,42.775512695312],[-73.703186035156,42.782501220703],[-73.719787597656,42.801330566406],[-73.716674804688,42.808197021484],[-73.726684570312,42.822540283203],[-73.737670898438,42.818817138672],[-73.7666015625,42.7861328125],[-73.782409667969,42.791778564453],[-73.797973632812,42.779479980469],[-73.809326171875,42.778869628906],[-73.82763671875,42.783721923828],[-73.828979492188,42.790100097656],[-73.875793457031,42.834259033203],[-73.881713867188,42.850891113281],[-73.895812988281,42.851013183594],[-73.904602050781,42.911224365234],[-73.955444335938,42.897338867188],[-73.969421386719,42.911224365234],[-74.006469726562,42.933776855469],[-74.055419921875,42.953338623047],[-74.093078613281,42.955749511719],[-74.097412109375,42.982879638672],[-74.14013671875,43.253967285156],[-74.160034179688,43.371459960938],[-73.88330078125,43.398010253906]]]},"properties":{"_isDeleted":false,"AREA":"2.41633314937515E-01","PERIMETER":"2.48299453274319E+00","CO36_D00_":"15","CO36_D00_I":"14","STATE":"36","COUNTY":"091","NAME":"Saratoga","LSAD":"06","LSAD_TRANS":"County","CODE":"pbvs","CODE_ACC":"bmds","CODE_ABS":"bmds","CODE_EV":"nev","equipmentGroupLabel":"Dominion - Dominion ImageCast Precinct BMD +","equipmentSystemName":"Dominion ImageCast Precinct BMD +","equipmentType":"Optical Scan","equipmentVendor":"Dominion","jurisdictionCode":"NY-091","jurisdictionName":"Saratoga County","sourceGranularity":"county","standardSystem":"Hand marked paper ballots, BMDs for accessibility","accessibleSystem":"Ballot Marking Devices for all voters","absenteeSystem":"Batch-Fed Optical Scanners","pollBookSystem":"Commercial Electronic Poll Book","tabulation":"Optical Scan","equipmentCodeMatched":true,"sourceDocumentId":"verified-voting-verifier-ny-2024-equipment","sourceUrl":"https://verifiedvoting.org/verifier/#mode/navigate/map/voteEquip/mapType/ppEquip/year/2024/state/36"}},{"type":"Feature","bbox":[-78.466491699219,43.128601074219,-77.994750976562,43.376525878906],"geometry":{"type":"Polygon","coordinates":[[[-77.994750976562,43.365173339844],[-77.997314453125,43.132965087891],[-78.465515136719,43.128601074219],[-78.46044921875,43.216186523438],[-78.466491699219,43.302825927734],[-78.465515136719,43.371215820312],[-78.370178222656,43.376525878906],[-78.233642578125,43.369049072266],[-78.104431152344,43.375549316406],[-77.994750976562,43.365173339844]]]},"properties":{"_isDeleted":false,"AREA":"1.12769178238072E-01","PERIMETER":"1.41646565017850E+00","CO36_D00_":"16","CO36_D00_I":"15","STATE":"36","COUNTY":"073","NAME":"Orleans","LSAD":"06","LSAD_TRANS":"County","CODE":"pbvs","CODE_ACC":"bmds","CODE_ABS":"bmds","CODE_EV":"nev","equipmentGroupLabel":"Clear Ballot - Clear Ballot ClearMark +","equipmentSystemName":"Clear Ballot ClearMark +","equipmentType":"Optical Scan","equipmentVendor":"Clear Ballot","jurisdictionCode":"NY-073","jurisdictionName":"Orleans County","sourceGranularity":"county","standardSystem":"Hand marked paper ballots, BMDs for accessibility","accessibleSystem":"Ballot Marking Devices for all voters","absenteeSystem":"Batch-Fed Optical Scanners","pollBookSystem":"Commercial Electronic Poll Book","tabulation":"Optical Scan","equipmentCodeMatched":true,"sourceDocumentId":"verified-voting-verifier-ny-2024-equipment","sourceUrl":"https://verifiedvoting.org/verifier/#mode/navigate/map/voteEquip/mapType/ppEquip/year/2024/state/36"}},{"type":"Feature","bbox":[-79.074462890625,43.018829345703,-78.46044921875,43.374725341797],"geometry":{"type":"Polygon","coordinates":[[[-78.465515136719,43.371215820312],[-78.466491699219,43.302825927734],[-78.46044921875,43.216186523438],[-78.465515136719,43.128601074219],[-78.464416503906,43.088195800781],[-78.472229003906,43.081695556641],[-78.475036621094,43.086029052734],[-78.497436523438,43.081939697266],[-78.510009765625,43.097961425781],[-78.513977050781,43.090850830078],[-78.536071777344,43.085662841797],[-78.546569824219,43.089996337891],[-78.541259765625,43.093505859375],[-78.545715332031,43.098693847656],[-78.550659179688,43.093383789062],[-78.560791015625,43.090240478516],[-78.554748535156,43.095184326172],[-78.56005859375,43.097503662109],[-78.565124511719,43.088562011719],[-78.576354980469,43.088684082031],[-78.572509765625,43.081939697266],[-78.575866699219,43.079864501953],[-78.581665039062,43.088928222656],[-78.582641601562,43.075531005859],[-78.590942382812,43.076385498047],[-78.59375,43.069610595703],[-78.616271972656,43.074676513672],[-78.61279296875,43.083862304688],[-78.619567871094,43.087585449219],[-78.626647949219,43.084930419922],[-78.632568359375,43.091094970703],[-78.630187988281,43.093872070312],[-78.641479492188,43.097259521484],[-78.640563964844,43.089874267578],[-78.648864746094,43.086883544922],[-78.646240234375,43.080718994141],[-78.6640625,43.086273193359],[-78.682739257812,43.079986572266],[-78.690979003906,43.088439941406],[-78.718017578125,43.081085205078],[-78.727294921875,43.086151123047],[-78.735717773438,43.082275390625],[-78.740905761719,43.068298339844],[-78.757690429688,43.070831298828],[-78.778076171875,43.065399169922],[-78.801452636719,43.065887451172],[-78.807006835938,43.053466796875],[-78.8291015625,43.051300048828],[-78.832214355469,43.047790527344],[-78.825988769531,43.035949707031],[-78.841796875,43.018829345703],[-78.89013671875,43.02197265625],[-78.896179199219,43.044158935547],[-78.911499023438,43.054779052734],[-78.945251464844,43.066955566406],[-79.023803710938,43.067199707031],[-79.074462890625,43.077819824219],[-79.060241699219,43.105102539062],[-79.062561035156,43.120178222656],[-79.042419433594,43.143707275391],[-79.052978515625,43.173614501953],[-79.050720214844,43.197387695312],[-79.055786132812,43.238525390625],[-79.070373535156,43.262390136719],[-78.971801757812,43.281219482422],[-78.836242675781,43.318511962891],[-78.696899414062,43.341186523438],[-78.63427734375,43.357574462891],[-78.48876953125,43.374725341797],[-78.465515136719,43.371215820312]]]},"properties":{"_isDeleted":false,"AREA":"1.52880143131025E-01","PERIMETER":"1.98402938907287E+00","CO36_D00_":"17","CO36_D00_I":"16","STATE":"36","COUNTY":"063","NAME":"Niagara","LSAD":"06","LSAD_TRANS":"County","CODE":"pbvs","CODE_ACC":"bmds","CODE_ABS":"bmds","CODE_EV":"nev","equipmentGroupLabel":"Dominion - Dominion ImageCast Evolution +","equipmentSystemName":"Dominion ImageCast Evolution +","equipmentType":"Optical Scan","equipmentVendor":"Dominion","jurisdictionCode":"NY-063","jurisdictionName":"Niagara County","sourceGranularity":"county","standardSystem":"Hand marked paper ballots, BMDs for accessibility","accessibleSystem":"Ballot Marking Devices for all voters","absenteeSystem":"Batch-Fed Optical Scanners","pollBookSystem":"In-House Electronic Poll Book","tabulation":"Optical Scan","equipmentCodeMatched":true,"sourceDocumentId":"verified-voting-verifier-ny-2024-equipment","sourceUrl":"https://verifiedvoting.org/verifier/#mode/navigate/map/voteEquip/mapType/ppEquip/year/2024/state/36"}},{"type":"Feature","bbox":[-77.997314453125,42.9404296875,-77.371154785156,43.368072509766],"geometry":{"type":"Polygon","coordinates":[[[-77.374694824219,43.277709960938],[-77.371154785156,43.034637451172],[-77.485412597656,43.034515380859],[-77.482543945312,42.943206787109],[-77.580505371094,42.943908691406],[-77.758666992188,42.9404296875],[-77.758544921875,42.944519042969],[-77.731018066406,42.947052001953],[-77.734313964844,42.954650878906],[-77.728515625,42.952972412109],[-77.723937988281,42.972137451172],[-77.71826171875,42.973236083984],[-77.721130371094,42.979736328125],[-77.732604980469,42.981811523438],[-77.730712890625,42.988311767578],[-77.824523925781,42.988067626953],[-77.909851074219,42.987701416016],[-77.904052734375,43.037048339844],[-77.950988769531,43.039581298828],[-77.908142089844,43.129333496094],[-77.905883789062,43.133575439453],[-77.997314453125,43.132965087891],[-77.994750976562,43.365173339844],[-77.965209960938,43.368072509766],[-77.875305175781,43.349609375],[-77.797424316406,43.33984375],[-77.76025390625,43.341186523438],[-77.714172363281,43.323577880859],[-77.701354980469,43.308258056641],[-77.653747558594,43.279418945312],[-77.628234863281,43.271331787109],[-77.577209472656,43.243225097656],[-77.550964355469,43.235748291016],[-77.5341796875,43.234527587891],[-77.500854492188,43.250335693359],[-77.374694824219,43.277709960938]]]},"properties":{"_isDeleted":false,"AREA":"1.91198980912489E-01","PERIMETER":"2.19951201188628E+00","CO36_D00_":"18","CO36_D00_I":"17","STATE":"36","COUNTY":"055","NAME":"Monroe","LSAD":"06","LSAD_TRANS":"County","CODE":"pbvs","CODE_ACC":"bmds","CODE_ABS":"bmds","CODE_EV":"nev","equipmentGroupLabel":"Dominion - Dominion ImageCast Precinct BMD +","equipmentSystemName":"Dominion ImageCast Precinct BMD +","equipmentType":"Optical Scan","equipmentVendor":"Dominion","jurisdictionCode":"NY-055","jurisdictionName":"Monroe County","sourceGranularity":"county","standardSystem":"Hand marked paper ballots, BMDs for accessibility","accessibleSystem":"Ballot Marking Devices for all voters","absenteeSystem":"Batch-Fed Optical Scanners","pollBookSystem":"Commercial Electronic Poll Book","tabulation":"Optical Scan","equipmentCodeMatched":true,"sourceDocumentId":"verified-voting-verifier-ny-2024-equipment","sourceUrl":"https://verifiedvoting.org/verifier/#mode/navigate/map/voteEquip/mapType/ppEquip/year/2024/state/36"}},{"type":"Feature","bbox":[-77.374694824219,43.012451171875,-76.702331542969,43.343719482422],"geometry":{"type":"Polygon","coordinates":[[[-76.722534179688,43.343719482422],[-76.702331542969,43.080718994141],[-76.705871582031,43.070709228516],[-76.717712402344,43.062744140625],[-76.719116210938,43.037414550781],[-76.713806152344,43.024017333984],[-76.963806152344,43.013153076172],[-77.133422851562,43.012451171875],[-77.134155273438,43.039825439453],[-77.371154785156,43.034637451172],[-77.374694824219,43.277709960938],[-77.314575195312,43.280975341797],[-77.26416015625,43.277374267578],[-77.213989257812,43.284118652344],[-77.173095703125,43.281463623047],[-77.11181640625,43.287963867188],[-77.033874511719,43.271209716797],[-76.988403320312,43.274475097656],[-76.958374023438,43.269989013672],[-76.904296875,43.291839599609],[-76.877380371094,43.292938232422],[-76.841674804688,43.305358886719],[-76.794677734375,43.3095703125],[-76.768981933594,43.318389892578],[-76.73095703125,43.343353271484],[-76.722534179688,43.343719482422]]]},"properties":{"_isDeleted":false,"AREA":"1.75540452006622E-01","PERIMETER":"1.93583105397891E+00","CO36_D00_":"19","CO36_D00_I":"18","STATE":"36","COUNTY":"117","NAME":"Wayne","LSAD":"06","LSAD_TRANS":"County","CODE":"pbvs","CODE_ACC":"bmds","CODE_ABS":"bmds","CODE_EV":"nev","equipmentGroupLabel":"Dominion - Dominion ImageCast Evolution +","equipmentSystemName":"Dominion ImageCast Evolution +","equipmentType":"Optical Scan","equipmentVendor":"Dominion","jurisdictionCode":"NY-117","jurisdictionName":"Wayne County","sourceGranularity":"county","standardSystem":"Hand marked paper ballots, BMDs for accessibility","accessibleSystem":"Ballot Marking Devices for all voters","absenteeSystem":"Hand-Fed Optical Scanners","pollBookSystem":"Commercial Electronic Poll Book","tabulation":"Optical Scan","equipmentCodeMatched":true,"sourceDocumentId":"verified-voting-verifier-ny-2024-equipment","sourceUrl":"https://verifiedvoting.org/verifier/#mode/navigate/map/voteEquip/mapType/ppEquip/year/2024/state/36"}},{"type":"Feature","bbox":[-74.774169921875,42.982879638672,-74.097412109375,43.286163330078],"geometry":{"type":"Polygon","coordinates":[[[-74.712524414062,43.286163330078],[-74.534606933594,43.228149414062],[-74.326354980469,43.241638183594],[-74.322387695312,43.214630126953],[-74.220825195312,43.221374511719],[-74.224182128906,43.248168945312],[-74.14013671875,43.253967285156],[-74.097412109375,42.982879638672],[-74.542175292969,42.985412597656],[-74.587097167969,42.998077392578],[-74.759948730469,43.047424316406],[-74.774169921875,43.078430175781],[-74.765747070312,43.090118408203],[-74.769958496094,43.11328125],[-74.758483886719,43.114013671875],[-74.758483886719,43.119689941406],[-74.729431152344,43.123413085938],[-74.735717773438,43.143585205078],[-74.707946777344,43.149963378906],[-74.718200683594,43.159973144531],[-74.717712402344,43.165405273438],[-74.709167480469,43.172271728516],[-74.695556640625,43.174102783203],[-74.712524414062,43.286163330078]]]},"properties":{"_isDeleted":false,"AREA":"1.52638614820010E-01","PERIMETER":"1.92822139762188E+00","CO36_D00_":"20","CO36_D00_I":"19","STATE":"36","COUNTY":"035","NAME":"Fulton","LSAD":"06","LSAD_TRANS":"County","CODE":"pbvs","CODE_ACC":"bmds","CODE_ABS":"bmds","CODE_EV":"nev","equipmentGroupLabel":"Dominion - Dominion ImageCast Evolution + Dominion ImageCast Precinct BMD +","equipmentSystemName":"Dominion ImageCast Evolution + Dominion ImageCast Precinct BMD +","equipmentType":"Optical Scan","equipmentVendor":"Dominion","jurisdictionCode":"NY-035","jurisdictionName":"Fulton County","sourceGranularity":"county","standardSystem":"Hand marked paper ballots, BMDs for accessibility","accessibleSystem":"Ballot Marking Devices for all voters","absenteeSystem":"Hand-Fed Optical Scanners","pollBookSystem":"In-House Electronic Poll Book","tabulation":"Optical Scan","equipmentCodeMatched":true,"sourceDocumentId":"verified-voting-verifier-ny-2024-equipment","sourceUrl":"https://verifiedvoting.org/verifier/#mode/navigate/map/voteEquip/mapType/ppEquip/year/2024/state/36"}},{"type":"Feature","bbox":[-76.499206542969,42.771270751953,-75.89599609375,43.270599365234],"geometry":{"type":"Polygon","coordinates":[[[-76.172302246094,43.250091552734],[-76.148498535156,43.239593505859],[-76.116271972656,43.233703613281],[-76.106140136719,43.224395751953],[-76.068054199219,43.212585449219],[-76.085083007812,43.213073730469],[-76.077819824219,43.199432373047],[-76.04931640625,43.202941894531],[-76.031494140625,43.190734863281],[-76.010986328125,43.18505859375],[-76.004333496094,43.176879882812],[-75.993347167969,43.183380126953],[-75.989624023438,43.179168701172],[-75.991943359375,43.172882080078],[-75.982055664062,43.173126220703],[-75.974304199219,43.163116455078],[-75.977416992188,43.158782958984],[-75.971557617188,43.154907226562],[-75.977111816406,43.136108398438],[-75.971984863281,43.140441894531],[-75.966735839844,43.134765625],[-75.9501953125,43.135009765625],[-75.960815429688,43.123199462891],[-75.956115722656,43.115478515625],[-75.965515136719,43.119567871094],[-75.976623535156,43.10302734375],[-75.975402832031,43.090850830078],[-75.961669921875,43.085784912109],[-75.926879882812,43.090606689453],[-75.917236328125,43.086029052734],[-75.89599609375,42.790954589844],[-75.91650390625,42.789733886719],[-76.274719238281,42.771270751953],[-76.275329589844,42.780456542969],[-76.298706054688,42.807464599609],[-76.356994628906,42.849456787109],[-76.45068359375,42.845703125],[-76.463012695312,43.006286621094],[-76.491943359375,43.004974365234],[-76.499206542969,43.097137451172],[-76.491271972656,43.106292724609],[-76.4716796875,43.10498046875],[-76.486328125,43.143218994141],[-76.473022460938,43.14599609375],[-76.479187011719,43.2275390625],[-76.307495117188,43.230804443359],[-76.28955078125,43.218963623047],[-76.280944824219,43.201110839844],[-76.271301269531,43.203887939453],[-76.262023925781,43.218475341797],[-76.267700195312,43.232727050781],[-76.275512695312,43.23876953125],[-76.267578125,43.239593505859],[-76.257446289062,43.23681640625],[-76.24462890625,43.214508056641],[-76.217895507812,43.204742431641],[-76.208374023438,43.2080078125],[-76.206176757812,43.216552734375],[-76.198669433594,43.212585449219],[-76.194213867188,43.217041015625],[-76.202575683594,43.222229003906],[-76.204956054688,43.237426757812],[-76.213439941406,43.239959716797],[-76.210754394531,43.268432617188],[-76.200378417969,43.270599365234],[-76.172302246094,43.250091552734]]]},"properties":{"_isDeleted":false,"AREA":"2.30343858622992E-01","PERIMETER":"2.35518605606947E+00","CO36_D00_":"21","CO36_D00_I":"20","STATE":"36","COUNTY":"067","NAME":"Onondaga","LSAD":"06","LSAD_TRANS":"County","CODE":"pbvs","CODE_ACC":"bmds","CODE_ABS":"bmds","CODE_EV":"nev","equipmentGroupLabel":"Clear Ballot - Clear Ballot ClearMark +","equipmentSystemName":"Clear Ballot ClearMark +","equipmentType":"Optical Scan","equipmentVendor":"Clear Ballot","jurisdictionCode":"NY-067","jurisdictionName":"Onondaga County","sourceGranularity":"county","standardSystem":"Hand marked paper ballots, BMDs for accessibility","accessibleSystem":"Ballot Marking Devices for all voters","absenteeSystem":"Batch-Fed Optical Scanners","pollBookSystem":"Commercial Electronic Poll Book","tabulation":"Optical Scan","equipmentCodeMatched":true,"sourceDocumentId":"verified-voting-verifier-ny-2024-equipment","sourceUrl":"https://verifiedvoting.org/verifier/#mode/navigate/map/voteEquip/mapType/ppEquip/year/2024/state/36"}},{"type":"Feature","bbox":[-75.993347167969,42.723876953125,-75.239990234375,43.183380126953],"geometry":{"type":"Polygon","coordinates":[[[-75.993347167969,43.183380126953],[-75.979614257812,43.177703857422],[-75.962097167969,43.180358886719],[-75.952575683594,43.171081542969],[-75.932922363281,43.176635742188],[-75.926879882812,43.162750244141],[-75.884216308594,43.155639648438],[-75.863830566406,43.147308349609],[-75.840637207031,43.160705566406],[-75.797302246094,43.159362792969],[-75.775390625,43.171936035156],[-75.751953125,43.159027099609],[-75.738830566406,43.164794921875],[-75.706726074219,43.151062011719],[-75.706604003906,43.137176513672],[-75.694885253906,43.139587402344],[-75.693603515625,43.133209228516],[-75.681274414062,43.128479003906],[-75.685119628906,43.123779296875],[-75.681030273438,43.121124267578],[-75.652709960938,43.113647460938],[-75.655212402344,43.109069824219],[-75.639526367188,43.096160888672],[-75.6396484375,43.078430175781],[-75.599609375,43.061553955078],[-75.607666015625,43.053466796875],[-75.59814453125,43.043334960938],[-75.597045898438,43.035369873047],[-75.552795410156,43.037536621094],[-75.544250488281,42.931732177734],[-75.444091796875,42.933044433594],[-75.437072753906,42.863342285156],[-75.247924804688,42.871520996094],[-75.243957519531,42.861755371094],[-75.247314453125,42.845123291016],[-75.242126464844,42.843292236328],[-75.239990234375,42.833892822266],[-75.249877929688,42.8251953125],[-75.241882324219,42.817352294922],[-75.248901367188,42.811706542969],[-75.251892089844,42.788787841797],[-75.258911132812,42.777069091797],[-75.27197265625,42.773559570312],[-75.28271484375,42.751983642578],[-75.295593261719,42.744140625],[-75.398620605469,42.739196777344],[-75.427917480469,42.738098144531],[-75.428649902344,42.745452880859],[-75.889831542969,42.723876953125],[-75.89599609375,42.790954589844],[-75.917236328125,43.086029052734],[-75.926879882812,43.090606689453],[-75.961669921875,43.085784912109],[-75.975402832031,43.090850830078],[-75.976623535156,43.10302734375],[-75.965515136719,43.119567871094],[-75.956115722656,43.115478515625],[-75.960815429688,43.123199462891],[-75.9501953125,43.135009765625],[-75.966735839844,43.134765625],[-75.971984863281,43.140441894531],[-75.977111816406,43.136108398438],[-75.971557617188,43.154907226562],[-75.977416992188,43.158782958984],[-75.974304199219,43.163116455078],[-75.982055664062,43.173126220703],[-75.991943359375,43.172882080078],[-75.989624023438,43.179168701172],[-75.993347167969,43.183380126953]]]},"properties":{"_isDeleted":false,"AREA":"1.88832051922653E-01","PERIMETER":"2.47517205298832E+00","CO36_D00_":"22","CO36_D00_I":"21","STATE":"36","COUNTY":"053","NAME":"Madison","LSAD":"06","LSAD_TRANS":"County","CODE":"pbvs","CODE_ACC":"bmds","CODE_ABS":"bmds","CODE_EV":"nev","equipmentGroupLabel":"Dominion - Dominion ImageCast Evolution +","equipmentSystemName":"Dominion ImageCast Evolution +","equipmentType":"Optical Scan","equipmentVendor":"Dominion","jurisdictionCode":"NY-053","jurisdictionName":"Madison County","sourceGranularity":"county","standardSystem":"Hand marked paper ballots, BMDs for accessibility","accessibleSystem":"Ballot Marking Devices for all voters","absenteeSystem":"Batch-Fed Optical Scanners","pollBookSystem":"In-House Electronic Poll Book","tabulation":"Optical Scan","equipmentCodeMatched":true,"sourceDocumentId":"verified-voting-verifier-ny-2024-equipment","sourceUrl":"https://verifiedvoting.org/verifier/#mode/navigate/map/voteEquip/mapType/ppEquip/year/2024/state/36"}},{"type":"Feature","bbox":[-78.465515136719,42.862487792969,-77.904052734375,43.133575439453],"geometry":{"type":"Polygon","coordinates":[[[-77.908142089844,43.129333496094],[-77.950988769531,43.039581298828],[-77.904052734375,43.037048339844],[-77.909851074219,42.987701416016],[-77.911376953125,42.945007324219],[-77.934204101562,42.945617675781],[-77.935180664062,42.905181884766],[-77.95556640625,42.905792236328],[-77.954956054688,42.862487792969],[-78.074157714844,42.863677978516],[-78.074157714844,42.870208740234],[-78.273559570312,42.869354248047],[-78.464416503906,42.867431640625],[-78.464416503906,43.088195800781],[-78.465515136719,43.128601074219],[-77.997314453125,43.132965087891],[-77.905883789062,43.133575439453],[-77.908142089844,43.129333496094]]]},"properties":{"_isDeleted":false,"AREA":"1.41648480732500E-01","PERIMETER":"1.71273134218465E+00","CO36_D00_":"23","CO36_D00_I":"22","STATE":"36","COUNTY":"037","NAME":"Genesee","LSAD":"06","LSAD_TRANS":"County","CODE":"pbvs","CODE_ACC":"bmds","CODE_ABS":"bmds","CODE_EV":"nev","equipmentGroupLabel":"Dominion - Dominion ImageCast Evolution +","equipmentSystemName":"Dominion ImageCast Evolution +","equipmentType":"Optical Scan","equipmentVendor":"Dominion","jurisdictionCode":"NY-037","jurisdictionName":"Genesee County","sourceGranularity":"county","standardSystem":"Hand marked paper ballots, BMDs for accessibility","accessibleSystem":"Ballot Marking Devices for all voters","absenteeSystem":"Batch-Fed Optical Scanners","pollBookSystem":"Commercial Electronic Poll Book","tabulation":"Optical Scan","equipmentCodeMatched":true,"sourceDocumentId":"verified-voting-verifier-ny-2024-equipment","sourceUrl":"https://verifiedvoting.org/verifier/#mode/navigate/map/voteEquip/mapType/ppEquip/year/2024/state/36"}},{"type":"Feature","bbox":[-79.13671875,42.438079833984,-78.463195800781,43.098693847656],"geometry":{"type":"Polygon","coordinates":[[[-78.550659179688,43.093383789062],[-78.545715332031,43.098693847656],[-78.541259765625,43.093505859375],[-78.546569824219,43.089996337891],[-78.536071777344,43.085662841797],[-78.513977050781,43.090850830078],[-78.510009765625,43.097961425781],[-78.497436523438,43.081939697266],[-78.475036621094,43.086029052734],[-78.472229003906,43.081695556641],[-78.464416503906,43.088195800781],[-78.464416503906,42.867431640625],[-78.486267089844,42.86767578125],[-78.488037109375,42.780700683594],[-78.463195800781,42.780456542969],[-78.463928222656,42.536163330078],[-78.488403320312,42.534698486328],[-78.490966796875,42.530364990234],[-78.511840820312,42.52734375],[-78.519287109375,42.519256591797],[-78.528137207031,42.521209716797],[-78.562866210938,42.510223388672],[-78.583740234375,42.514312744141],[-78.624755859375,42.502258300781],[-78.642944335938,42.492248535156],[-78.661437988281,42.492370605469],[-78.680969238281,42.484283447266],[-78.682739257812,42.477996826172],[-78.693603515625,42.471740722656],[-78.700256347656,42.474639892578],[-78.702697753906,42.486450195312],[-78.714233398438,42.485504150391],[-78.73583984375,42.479339599609],[-78.739318847656,42.473663330078],[-78.749145507812,42.473663330078],[-78.760925292969,42.462097167969],[-78.778686523438,42.461853027344],[-78.771179199219,42.457153320312],[-78.781311035156,42.455322265625],[-78.798706054688,42.462097167969],[-78.837768554688,42.443023681641],[-78.883728027344,42.438079833984],[-78.888244628906,42.442047119141],[-78.893737792969,42.439178466797],[-78.900390625,42.448455810547],[-78.920776367188,42.442901611328],[-78.923828125,42.447357177734],[-78.918518066406,42.453277587891],[-78.939025878906,42.467864990234],[-78.957092285156,42.472595214844],[-78.961547851562,42.493438720703],[-78.986145019531,42.505157470703],[-78.983642578125,42.511901855469],[-78.996887207031,42.532531738281],[-79.032592773438,42.542541503906],[-79.040588378906,42.537231445312],[-79.060729980469,42.537841796875],[-79.090148925781,42.550140380859],[-79.081726074219,42.555328369141],[-79.091003417969,42.556060791016],[-79.0966796875,42.564636230469],[-79.104370117188,42.563049316406],[-79.108520507812,42.570190429688],[-79.125732421875,42.565124511719],[-79.136596679688,42.569580078125],[-79.13671875,42.569702148438],[-79.129638671875,42.58984375],[-79.121887207031,42.594177246094],[-79.111267089844,42.613372802734],[-79.078674316406,42.640014648438],[-79.063720703125,42.644744873047],[-79.062194824219,42.668365478516],[-79.048767089844,42.689117431641],[-79.018859863281,42.701538085938],[-78.991149902344,42.705291748047],[-78.944091796875,42.731964111328],[-78.918151855469,42.737274169922],[-78.868530273438,42.770202636719],[-78.853454589844,42.783935546875],[-78.851318359375,42.791778564453],[-78.863586425781,42.813018798828],[-78.865661621094,42.826782226562],[-78.859375,42.841369628906],[-78.865539550781,42.852355957031],[-78.872192382812,42.853302001953],[-78.8916015625,42.884796142578],[-78.912475585938,42.886505126953],[-78.905700683594,42.899871826172],[-78.905578613281,42.923278808594],[-78.918884277344,42.946807861328],[-78.932373046875,42.955871582031],[-78.961669921875,42.957794189453],[-78.97509765625,42.968780517578],[-79.011535644531,42.985290527344],[-79.019958496094,42.994720458984],[-79.020935058594,43.014251708984],[-79.005126953125,43.047058105469],[-79.005493164062,43.057189941406],[-79.010559082031,43.064300537109],[-79.023803710938,43.067199707031],[-78.945251464844,43.066955566406],[-78.911499023438,43.054779052734],[-78.896179199219,43.044158935547],[-78.89013671875,43.02197265625],[-78.841796875,43.018829345703],[-78.825988769531,43.035949707031],[-78.832214355469,43.047790527344],[-78.8291015625,43.051300048828],[-78.807006835938,43.053466796875],[-78.801452636719,43.065887451172],[-78.778076171875,43.065399169922],[-78.757690429688,43.070831298828],[-78.740905761719,43.068298339844],[-78.735717773438,43.082275390625],[-78.727294921875,43.086151123047],[-78.718017578125,43.081085205078],[-78.690979003906,43.088439941406],[-78.682739257812,43.079986572266],[-78.6640625,43.086273193359],[-78.646240234375,43.080718994141],[-78.648864746094,43.086883544922],[-78.640563964844,43.089874267578],[-78.641479492188,43.097259521484],[-78.630187988281,43.093872070312],[-78.632568359375,43.091094970703],[-78.626647949219,43.084930419922],[-78.619567871094,43.087585449219],[-78.61279296875,43.083862304688],[-78.616271972656,43.074676513672],[-78.59375,43.069610595703],[-78.590942382812,43.076385498047],[-78.582641601562,43.075531005859],[-78.581665039062,43.088928222656],[-78.575866699219,43.079864501953],[-78.572509765625,43.081939697266],[-78.576354980469,43.088684082031],[-78.565124511719,43.088562011719],[-78.56005859375,43.097503662109],[-78.554748535156,43.095184326172],[-78.560791015625,43.090240478516],[-78.550659179688,43.093383789062]]]},"properties":{"_isDeleted":false,"AREA":"3.00356674599158E-01","PERIMETER":"3.11639465998271E+00","CO36_D00_":"24","CO36_D00_I":"23","STATE":"36","COUNTY":"029","NAME":"Erie","LSAD":"06","LSAD_TRANS":"County","CODE":"pbvs","CODE_ACC":"bmds","CODE_ABS":"bmds","CODE_EV":"nev","equipmentGroupLabel":"ES&S - ES&S AutoMARK +","equipmentSystemName":"ES&S AutoMARK +","equipmentType":"Optical Scan","equipmentVendor":"ES&S","jurisdictionCode":"NY-029","jurisdictionName":"Erie County","sourceGranularity":"county","standardSystem":"Hand marked paper ballots, BMDs for accessibility","accessibleSystem":"Ballot Marking Devices for all voters","absenteeSystem":"Batch-Fed Optical Scanners","pollBookSystem":"Commercial Electronic Poll Book","tabulation":"Optical Scan","equipmentCodeMatched":true,"sourceDocumentId":"verified-voting-verifier-ny-2024-equipment","sourceUrl":"https://verifiedvoting.org/verifier/#mode/navigate/map/voteEquip/mapType/ppEquip/year/2024/state/36"}},{"type":"Feature","bbox":[-74.763244628906,42.772979736328,-74.085205078125,43.047424316406],"geometry":{"type":"Polygon","coordinates":[[[-74.587097167969,42.998077392578],[-74.542175292969,42.985412597656],[-74.097412109375,42.982879638672],[-74.093078613281,42.955749511719],[-74.085205078125,42.896759033203],[-74.257141113281,42.812072753906],[-74.255798339844,42.8056640625],[-74.263671875,42.796630859375],[-74.289489746094,42.783843994141],[-74.454833984375,42.772979736328],[-74.562133789062,42.812774658203],[-74.648254394531,42.829559326172],[-74.763244628906,42.863220214844],[-74.740051269531,42.998321533203],[-74.743774414062,42.999298095703],[-74.743408203125,43.029449462891],[-74.759948730469,43.047424316406],[-74.587097167969,42.998077392578]]]},"properties":{"_isDeleted":false,"AREA":"1.17146128989494E-01","PERIMETER":"1.68754942471661E+00","CO36_D00_":"25","CO36_D00_I":"24","STATE":"36","COUNTY":"057","NAME":"Montgomery","LSAD":"06","LSAD_TRANS":"County","CODE":"pbvs","CODE_ACC":"bmds","CODE_ABS":"bmds","CODE_EV":"nev","equipmentGroupLabel":"Clear Ballot - Clear Ballot ClearMark +","equipmentSystemName":"Clear Ballot ClearMark +","equipmentType":"Optical Scan","equipmentVendor":"Clear Ballot","jurisdictionCode":"NY-057","jurisdictionName":"Montgomery County","sourceGranularity":"county","standardSystem":"Hand marked paper ballots, BMDs for accessibility","accessibleSystem":"Ballot Marking Devices for all voters","absenteeSystem":"Batch-Fed Optical Scanners","pollBookSystem":"Commercial Electronic Poll Book","tabulation":"Optical Scan","equipmentCodeMatched":true,"sourceDocumentId":"verified-voting-verifier-ny-2024-equipment","sourceUrl":"https://verifiedvoting.org/verifier/#mode/navigate/map/voteEquip/mapType/ppEquip/year/2024/state/36"}},{"type":"Feature","bbox":[-77.611633300781,42.576324462891,-76.963317871094,43.039825439453],"geometry":{"type":"Polygon","coordinates":[[[-77.134155273438,43.039825439453],[-77.133422851562,43.012451171875],[-76.963806152344,43.013153076172],[-76.963317871094,42.872619628906],[-76.9755859375,42.870086669922],[-76.981262207031,42.862243652344],[-76.972595214844,42.837158203125],[-76.97802734375,42.828948974609],[-76.974426269531,42.812774658203],[-76.9775390625,42.773223876953],[-76.972351074219,42.76416015625],[-77.312927246094,42.761260986328],[-77.346557617188,42.716400146484],[-77.354431152344,42.697204589844],[-77.357299804688,42.669097900391],[-77.367065429688,42.667907714844],[-77.366455078125,42.576324462891],[-77.489990234375,42.577301025391],[-77.486877441406,42.670318603516],[-77.598815917969,42.671997070312],[-77.611633300781,42.763214111328],[-77.588195800781,42.762969970703],[-77.587951660156,42.854034423828],[-77.552124023438,42.854034423828],[-77.554443359375,42.863342285156],[-77.546447753906,42.866333007812],[-77.554077148438,42.874420166016],[-77.549377441406,42.879241943359],[-77.556091308594,42.889739990234],[-77.553466796875,42.894226074219],[-77.56298828125,42.917602539062],[-77.560485839844,42.921966552734],[-77.580505371094,42.943908691406],[-77.482543945312,42.943206787109],[-77.485412597656,43.034515380859],[-77.371154785156,43.034637451172],[-77.134155273438,43.039825439453]]]},"properties":{"_isDeleted":false,"AREA":"1.88955953153973E-01","PERIMETER":"2.25992381927378E+00","CO36_D00_":"26","CO36_D00_I":"25","STATE":"36","COUNTY":"069","NAME":"Ontario","LSAD":"06","LSAD_TRANS":"County","CODE":"pbvs","CODE_ACC":"bmds","CODE_ABS":"bmds","CODE_EV":"nev","equipmentGroupLabel":"Dominion - Dominion ImageCast Evolution +","equipmentSystemName":"Dominion ImageCast Evolution +","equipmentType":"Optical Scan","equipmentVendor":"Dominion","jurisdictionCode":"NY-069","jurisdictionName":"Ontario County","sourceGranularity":"county","standardSystem":"Hand marked paper ballots, BMDs for accessibility","accessibleSystem":"Ballot Marking Devices for all voters","absenteeSystem":"Batch-Fed Optical Scanners","pollBookSystem":"In-House Electronic Poll Book","tabulation":"Optical Scan","equipmentCodeMatched":true,"sourceDocumentId":"verified-voting-verifier-ny-2024-equipment","sourceUrl":"https://verifiedvoting.org/verifier/#mode/navigate/map/voteEquip/mapType/ppEquip/year/2024/state/36"}},{"type":"Feature","bbox":[-76.981262207031,42.541473388672,-76.5859375,43.024017333984],"geometry":{"type":"Polygon","coordinates":[[[-76.713806152344,43.024017333984],[-76.711181640625,43.017974853516],[-76.7216796875,43.007843017578],[-76.720581054688,42.995422363281],[-76.728759765625,42.987701416016],[-76.727600097656,42.978179931641],[-76.736755371094,42.97021484375],[-76.7392578125,42.954406738281],[-76.734191894531,42.944763183594],[-76.737487792969,42.902069091797],[-76.72119140625,42.869598388672],[-76.717224121094,42.838836669922],[-76.719482421875,42.825439453125],[-76.739990234375,42.789367675781],[-76.737487792969,42.75390625],[-76.728881835938,42.712890625],[-76.687866210938,42.674774169922],[-76.66650390625,42.623504638672],[-76.656127929688,42.604797363281],[-76.626708984375,42.573791503906],[-76.5859375,42.549896240234],[-76.696594238281,42.546661376953],[-76.69970703125,42.546661376953],[-76.895629882812,42.541473388672],[-76.897094726562,42.663665771484],[-76.938720703125,42.721466064453],[-76.947509765625,42.764282226562],[-76.972351074219,42.76416015625],[-76.9775390625,42.773223876953],[-76.974426269531,42.812774658203],[-76.97802734375,42.828948974609],[-76.972595214844,42.837158203125],[-76.981262207031,42.862243652344],[-76.9755859375,42.870086669922],[-76.963317871094,42.872619628906],[-76.963806152344,43.013153076172],[-76.713806152344,43.024017333984]]]},"properties":{"_isDeleted":false,"AREA":"1.11263322811003E-01","PERIMETER":"1.65713609840291E+00","CO36_D00_":"27","CO36_D00_I":"26","STATE":"36","COUNTY":"099","NAME":"Seneca","LSAD":"06","LSAD_TRANS":"County","CODE":"pbvs","CODE_ACC":"bmds","CODE_ABS":"bmds","CODE_EV":"nev","equipmentGroupLabel":"Dominion - Dominion ImageCast Evolution +","equipmentSystemName":"Dominion ImageCast Evolution +","equipmentType":"Optical Scan","equipmentVendor":"Dominion","jurisdictionCode":"NY-099","jurisdictionName":"Seneca County","sourceGranularity":"county","standardSystem":"Hand marked paper ballots, BMDs for accessibility","accessibleSystem":"Ballot Marking Devices for all voters","absenteeSystem":"Batch-Fed Optical Scanners","pollBookSystem":"In-House Electronic Poll Book","tabulation":"Optical Scan","equipmentCodeMatched":true,"sourceDocumentId":"verified-voting-verifier-ny-2024-equipment","sourceUrl":"https://verifiedvoting.org/verifier/#mode/navigate/map/voteEquip/mapType/ppEquip/year/2024/state/36"}},{"type":"Feature","bbox":[-78.060485839844,42.471252441406,-77.486877441406,42.988311767578],"geometry":{"type":"Polygon","coordinates":[[[-77.824523925781,42.988067626953],[-77.730712890625,42.988311767578],[-77.732604980469,42.981811523438],[-77.721130371094,42.979736328125],[-77.71826171875,42.973236083984],[-77.723937988281,42.972137451172],[-77.728515625,42.952972412109],[-77.734313964844,42.954650878906],[-77.731018066406,42.947052001953],[-77.758544921875,42.944519042969],[-77.758666992188,42.9404296875],[-77.580505371094,42.943908691406],[-77.560485839844,42.921966552734],[-77.56298828125,42.917602539062],[-77.553466796875,42.894226074219],[-77.556091308594,42.889739990234],[-77.549377441406,42.879241943359],[-77.554077148438,42.874420166016],[-77.546447753906,42.866333007812],[-77.554443359375,42.863342285156],[-77.552124023438,42.854034423828],[-77.587951660156,42.854034423828],[-77.588195800781,42.762969970703],[-77.611633300781,42.763214111328],[-77.598815917969,42.671997070312],[-77.486877441406,42.670318603516],[-77.489990234375,42.577301025391],[-77.651062011719,42.580322265625],[-77.659851074219,42.580322265625],[-77.661315917969,42.535064697266],[-77.720581054688,42.535064697266],[-77.722961425781,42.471252441406],[-77.840209960938,42.474517822266],[-77.840698242188,42.517700195312],[-78.038696289062,42.520965576172],[-78.041564941406,42.529174804688],[-78.047607421875,42.526397705078],[-78.042541503906,42.535186767578],[-78.048706054688,42.538696289062],[-78.0595703125,42.532287597656],[-78.060485839844,42.536895751953],[-78.049194335938,42.543884277344],[-78.051940917969,42.54833984375],[-78.047973632812,42.557983398438],[-78.0283203125,42.567993164062],[-78.033630371094,42.573425292969],[-78.046508789062,42.5703125],[-78.050964355469,42.575714111328],[-78.0361328125,42.587554931641],[-78.023864746094,42.584899902344],[-78.008728027344,42.589233398438],[-78.006225585938,42.598754882812],[-78.021789550781,42.596099853516],[-78.028930664062,42.603820800781],[-77.988952636719,42.616027832031],[-77.989196777344,42.625549316406],[-77.972106933594,42.646545410156],[-77.969909667969,42.6611328125],[-77.956298828125,42.667907714844],[-77.954956054688,42.862487792969],[-77.95556640625,42.905792236328],[-77.935180664062,42.905181884766],[-77.934204101562,42.945617675781],[-77.911376953125,42.945007324219],[-77.909851074219,42.987701416016],[-77.824523925781,42.988067626953]]]},"properties":{"_isDeleted":false,"AREA":"1.82290319752520E-01","PERIMETER":"2.44702260673918E+00","CO36_D00_":"28","CO36_D00_I":"27","STATE":"36","COUNTY":"051","NAME":"Livingston","LSAD":"06","LSAD_TRANS":"County","CODE":"pbvs","CODE_ACC":"bmds","CODE_ABS":"bmds","CODE_EV":"nev","equipmentGroupLabel":"Dominion - Dominion ImageCast Evolution + Dominion ImageCast Precinct BMD +","equipmentSystemName":"Dominion ImageCast Evolution + Dominion ImageCast Precinct BMD +","equipmentType":"Optical Scan","equipmentVendor":"Dominion","jurisdictionCode":"NY-051","jurisdictionName":"Livingston County","sourceGranularity":"county","standardSystem":"Hand marked paper ballots, BMDs for accessibility","accessibleSystem":"Ballot Marking Devices for all voters","absenteeSystem":"Batch-Fed Optical Scanners","pollBookSystem":"Commercial Electronic Poll Book","tabulation":"Optical Scan","equipmentCodeMatched":true,"sourceDocumentId":"verified-voting-verifier-ny-2024-equipment","sourceUrl":"https://verifiedvoting.org/verifier/#mode/navigate/map/voteEquip/mapType/ppEquip/year/2024/state/36"}},{"type":"Feature","bbox":[-73.785583496094,42.464263916016,-73.264892578125,42.958282470703],"geometry":{"type":"Polygon","coordinates":[[[-73.393615722656,42.953094482422],[-73.379638671875,42.943786621094],[-73.274291992188,42.943664550781],[-73.278625488281,42.833404541016],[-73.285400390625,42.834136962891],[-73.28369140625,42.813873291016],[-73.290954589844,42.801910400391],[-73.2763671875,42.745941162109],[-73.264892578125,42.745941162109],[-73.352478027344,42.509979248047],[-73.396362304688,42.505767822266],[-73.783752441406,42.464263916016],[-73.785583496094,42.487182617188],[-73.761047363281,42.526275634766],[-73.752136230469,42.566680908203],[-73.761169433594,42.6103515625],[-73.741760253906,42.654388427734],[-73.702453613281,42.699981689453],[-73.703552246094,42.709503173828],[-73.697265625,42.728820800781],[-73.690124511719,42.735198974609],[-73.6767578125,42.783233642578],[-73.672180175781,42.796142578125],[-73.658386230469,42.809051513672],[-73.671936035156,42.843780517578],[-73.675903320312,42.858489990234],[-73.673095703125,42.875030517578],[-73.684326171875,42.891906738281],[-73.68359375,42.901336669922],[-73.660339355469,42.932464599609],[-73.635498046875,42.941253662109],[-73.450561523438,42.944519042969],[-73.44921875,42.951141357422],[-73.433044433594,42.958282470703],[-73.393615722656,42.953094482422]]]},"properties":{"_isDeleted":false,"AREA":"1.89361193390988E-01","PERIMETER":"1.84027622559213E+00","CO36_D00_":"29","CO36_D00_I":"28","STATE":"36","COUNTY":"083","NAME":"Rensselaer","LSAD":"06","LSAD_TRANS":"County","CODE":"pbvs","CODE_ACC":"bmds","CODE_ABS":"bmds","CODE_EV":"nev","equipmentGroupLabel":"Clear Ballot - Clear Ballot ClearMark +","equipmentSystemName":"Clear Ballot ClearMark +","equipmentType":"Optical Scan","equipmentVendor":"Clear Ballot","jurisdictionCode":"NY-083","jurisdictionName":"Rensselaer County","sourceGranularity":"county","standardSystem":"Hand marked paper ballots, BMDs for accessibility","accessibleSystem":"Ballot Marking Devices for all voters","absenteeSystem":"Batch-Fed Optical Scanners","pollBookSystem":"Commercial Electronic Poll Book","tabulation":"Optical Scan","equipmentCodeMatched":true,"sourceDocumentId":"verified-voting-verifier-ny-2024-equipment","sourceUrl":"https://verifiedvoting.org/verifier/#mode/navigate/map/voteEquip/mapType/ppEquip/year/2024/state/36"}},{"type":"Feature","bbox":[-74.306579589844,42.710845947266,-73.809326171875,42.955749511719],"geometry":{"type":"Polygon","coordinates":[[[-74.093078613281,42.955749511719],[-74.055419921875,42.953338623047],[-74.006469726562,42.933776855469],[-73.969421386719,42.911224365234],[-73.955444335938,42.897338867188],[-73.904602050781,42.911224365234],[-73.895812988281,42.851013183594],[-73.881713867188,42.850891113281],[-73.875793457031,42.834259033203],[-73.828979492188,42.790100097656],[-73.82763671875,42.783721923828],[-73.809326171875,42.778869628906],[-73.8095703125,42.775146484375],[-74.180297851562,42.730010986328],[-74.184143066406,42.712524414062],[-74.202697753906,42.710845947266],[-74.23974609375,42.718933105469],[-74.272216796875,42.714233398438],[-74.270751953125,42.719543457031],[-74.277648925781,42.719421386719],[-74.306579589844,42.750061035156],[-74.286926269531,42.756683349609],[-74.263061523438,42.755706787109],[-74.255187988281,42.760772705078],[-74.25146484375,42.765625],[-74.254577636719,42.775268554688],[-74.247741699219,42.785522460938],[-74.254455566406,42.795288085938],[-74.263671875,42.796630859375],[-74.255798339844,42.8056640625],[-74.257141113281,42.812072753906],[-74.085205078125,42.896759033203],[-74.093078613281,42.955749511719]]]},"properties":{"_isDeleted":false,"AREA":"5.97423106225026E-02","PERIMETER":"1.31069821998351E+00","CO36_D00_":"30","CO36_D00_I":"29","STATE":"36","COUNTY":"093","NAME":"Schenectady","LSAD":"06","LSAD_TRANS":"County","CODE":"pbvs","CODE_ACC":"bmds","CODE_ABS":"bmds","CODE_EV":"nev","equipmentGroupLabel":"ES&S - ES&S AutoMARK +","equipmentSystemName":"ES&S AutoMARK +","equipmentType":"Optical Scan","equipmentVendor":"ES&S","jurisdictionCode":"NY-093","jurisdictionName":"Schenectady County","sourceGranularity":"county","standardSystem":"Hand marked paper ballots, BMDs for accessibility","accessibleSystem":"Ballot Marking Devices for all voters","absenteeSystem":"Batch-Fed Optical Scanners","pollBookSystem":"Commercial Electronic Poll Book","tabulation":"Optical Scan","equipmentCodeMatched":true,"sourceDocumentId":"verified-voting-verifier-ny-2024-equipment","sourceUrl":"https://verifiedvoting.org/verifier/#mode/navigate/map/voteEquip/mapType/ppEquip/year/2024/state/36"}},{"type":"Feature","bbox":[-75.415283203125,42.313934326172,-74.630615234375,42.908325195312],"geometry":{"type":"Polygon","coordinates":[[[-75.097595214844,42.907012939453],[-74.906677246094,42.824981689453],[-74.892272949219,42.833038330078],[-74.878784179688,42.898315429688],[-74.763244628906,42.863220214844],[-74.648254394531,42.829559326172],[-74.665405273438,42.791900634766],[-74.667419433594,42.750640869141],[-74.630615234375,42.626770019531],[-74.671630859375,42.565338134766],[-74.711608886719,42.517822265625],[-74.752014160156,42.514190673828],[-74.770935058594,42.504547119141],[-74.842224121094,42.512390136719],[-74.936462402344,42.471374511719],[-74.937194824219,42.478607177734],[-74.963928222656,42.475830078125],[-74.984252929688,42.443634033203],[-74.991088867188,42.445922851562],[-74.99267578125,42.439880371094],[-75.017883300781,42.454132080078],[-75.019836425781,42.429016113281],[-75.059020996094,42.430603027344],[-75.093383789062,42.420593261719],[-75.143005371094,42.381378173828],[-75.147094726562,42.385589599609],[-75.197021484375,42.358337402344],[-75.190856933594,42.379943847656],[-75.209594726562,42.376312255859],[-75.217651367188,42.367370605469],[-75.260498046875,42.366790771484],[-75.270141601562,42.357849121094],[-75.26953125,42.350982666016],[-75.292358398438,42.339385986328],[-75.308715820312,42.321166992188],[-75.34130859375,42.314788818359],[-75.354614257812,42.319122314453],[-75.371826171875,42.315979003906],[-75.376647949219,42.321411132812],[-75.38330078125,42.315277099609],[-75.389587402344,42.319610595703],[-75.415283203125,42.313934326172],[-75.398620605469,42.336364746094],[-75.402587890625,42.348571777344],[-75.39306640625,42.358459472656],[-75.403198242188,42.365447998047],[-75.404541015625,42.385131835938],[-75.3935546875,42.400573730469],[-75.375,42.410461425781],[-75.386657714844,42.445922851562],[-75.399719238281,42.461730957031],[-75.404418945312,42.478729248047],[-75.395874023438,42.486328125],[-75.396057128906,42.506713867188],[-75.403198242188,42.508666992188],[-75.389221191406,42.511199951172],[-75.383911132812,42.520233154297],[-75.386779785156,42.523620605469],[-75.37255859375,42.536529541016],[-75.367370605469,42.552429199219],[-75.330932617188,42.567413330078],[-75.324645996094,42.590576171875],[-75.335510253906,42.593475341797],[-75.337951660156,42.611083984375],[-75.3232421875,42.622283935547],[-75.328796386719,42.629302978516],[-75.3232421875,42.634490966797],[-75.322998046875,42.644134521484],[-75.327697753906,42.648101806641],[-75.330688476562,42.67138671875],[-75.327331542969,42.679107666016],[-75.315856933594,42.685760498047],[-75.296569824219,42.719055175781],[-75.295593261719,42.744140625],[-75.28271484375,42.751983642578],[-75.27197265625,42.773559570312],[-75.258911132812,42.777069091797],[-75.251892089844,42.788787841797],[-75.248901367188,42.811706542969],[-75.241882324219,42.817352294922],[-75.249877929688,42.8251953125],[-75.239990234375,42.833892822266],[-75.242126464844,42.843292236328],[-75.247314453125,42.845123291016],[-75.243957519531,42.861755371094],[-75.247924804688,42.871520996094],[-75.242614746094,42.877807617188],[-75.212097167969,42.879974365234],[-75.210693359375,42.856567382812],[-75.139709472656,42.859710693359],[-75.101013183594,42.908325195312],[-75.097595214844,42.907012939453]]]},"properties":{"_isDeleted":false,"AREA":"2.88488356044341E-01","PERIMETER":"2.75155052051749E+00","CO36_D00_":"31","CO36_D00_I":"30","STATE":"36","COUNTY":"077","NAME":"Otsego","LSAD":"06","LSAD_TRANS":"County","CODE":"pbvs","CODE_ACC":"bmds","CODE_ABS":"bmds","CODE_EV":"nev","equipmentGroupLabel":"Hart InterCivic - Hart InterCivic Verity Touch Writer +","equipmentSystemName":"Hart InterCivic Verity Touch Writer +","equipmentType":"Optical Scan","equipmentVendor":"Hart InterCivic","jurisdictionCode":"NY-077","jurisdictionName":"Otsego County","sourceGranularity":"county","standardSystem":"Hand marked paper ballots, BMDs for accessibility","accessibleSystem":"Ballot Marking Devices for all voters","absenteeSystem":"Batch-Fed Optical Scanners","pollBookSystem":"Commercial Electronic Poll Book","tabulation":"Optical Scan","equipmentCodeMatched":true,"sourceDocumentId":"verified-voting-verifier-ny-2024-equipment","sourceUrl":"https://verifiedvoting.org/verifier/#mode/navigate/map/voteEquip/mapType/ppEquip/year/2024/state/36"}},{"type":"Feature","bbox":[-78.488037109375,42.519134521484,-77.954956054688,42.870208740234],"geometry":{"type":"Polygon","coordinates":[[[-78.273559570312,42.869354248047],[-78.074157714844,42.870208740234],[-78.074157714844,42.863677978516],[-77.954956054688,42.862487792969],[-77.956298828125,42.667907714844],[-77.969909667969,42.6611328125],[-77.972106933594,42.646545410156],[-77.989196777344,42.625549316406],[-77.988952636719,42.616027832031],[-78.028930664062,42.603820800781],[-78.021789550781,42.596099853516],[-78.006225585938,42.598754882812],[-78.008728027344,42.589233398438],[-78.023864746094,42.584899902344],[-78.0361328125,42.587554931641],[-78.050964355469,42.575714111328],[-78.046508789062,42.5703125],[-78.033630371094,42.573425292969],[-78.0283203125,42.567993164062],[-78.047973632812,42.557983398438],[-78.051940917969,42.54833984375],[-78.049194335938,42.543884277344],[-78.060485839844,42.536895751953],[-78.0595703125,42.532287597656],[-78.048706054688,42.538696289062],[-78.042541503906,42.535186767578],[-78.047607421875,42.526397705078],[-78.041564941406,42.529174804688],[-78.038696289062,42.520965576172],[-78.223510742188,42.521545410156],[-78.308776855469,42.520965576172],[-78.464660644531,42.519134521484],[-78.463928222656,42.536163330078],[-78.463195800781,42.780456542969],[-78.488037109375,42.780700683594],[-78.486267089844,42.86767578125],[-78.464416503906,42.867431640625],[-78.273559570312,42.869354248047]]]},"properties":{"_isDeleted":false,"AREA":"1.69737048486498E-01","PERIMETER":"1.87445415457359E+00","CO36_D00_":"32","CO36_D00_I":"31","STATE":"36","COUNTY":"121","NAME":"Wyoming","LSAD":"06","LSAD_TRANS":"County","CODE":"pbvs","CODE_ACC":"bmds","CODE_ABS":"bmds","CODE_EV":"nev","equipmentGroupLabel":"Dominion - Dominion ImageCast Evolution + Dominion ImageCast Precinct BMD +","equipmentSystemName":"Dominion ImageCast Evolution + Dominion ImageCast Precinct BMD +","equipmentType":"Optical Scan","equipmentVendor":"Dominion","jurisdictionCode":"NY-121","jurisdictionName":"Wyoming County","sourceGranularity":"county","standardSystem":"Hand marked paper ballots, BMDs for accessibility","accessibleSystem":"Ballot Marking Devices for all voters","absenteeSystem":"Hand-Fed Optical Scanners","pollBookSystem":"Commercial Electronic Poll Book","tabulation":"Optical Scan","equipmentCodeMatched":true,"sourceDocumentId":"verified-voting-verifier-ny-2024-equipment","sourceUrl":"https://verifiedvoting.org/verifier/#mode/navigate/map/voteEquip/mapType/ppEquip/year/2024/state/36"}},{"type":"Feature","bbox":[-74.711608886719,42.354949951172,-74.164611816406,42.829559326172],"geometry":{"type":"Polygon","coordinates":[[[-74.648254394531,42.829559326172],[-74.562133789062,42.812774658203],[-74.454833984375,42.772979736328],[-74.289489746094,42.783843994141],[-74.263671875,42.796630859375],[-74.254455566406,42.795288085938],[-74.247741699219,42.785522460938],[-74.254577636719,42.775268554688],[-74.25146484375,42.765625],[-74.255187988281,42.760772705078],[-74.263061523438,42.755706787109],[-74.286926269531,42.756683349609],[-74.306579589844,42.750061035156],[-74.277648925781,42.719421386719],[-74.270751953125,42.719543457031],[-74.272216796875,42.714233398438],[-74.23974609375,42.718933105469],[-74.202697753906,42.710845947266],[-74.184143066406,42.712524414062],[-74.180297851562,42.730010986328],[-74.164611816406,42.717224121094],[-74.169799804688,42.667419433594],[-74.193420410156,42.619049072266],[-74.215148925781,42.597442626953],[-74.22021484375,42.585388183594],[-74.233947753906,42.575714111328],[-74.240356445312,42.552917480469],[-74.225646972656,42.526397705078],[-74.224914550781,42.508544921875],[-74.264831542969,42.419860839844],[-74.263427734375,42.407073974609],[-74.254211425781,42.408172607422],[-74.244689941406,42.377166748047],[-74.259216308594,42.379089355469],[-74.276550292969,42.36328125],[-74.346069335938,42.355682373047],[-74.378967285156,42.373901367188],[-74.443542480469,42.354949951172],[-74.617248535156,42.423736572266],[-74.711608886719,42.517822265625],[-74.671630859375,42.565338134766],[-74.630615234375,42.626770019531],[-74.667419433594,42.750640869141],[-74.665405273438,42.791900634766],[-74.648254394531,42.829559326172]]]},"properties":{"_isDeleted":false,"AREA":"1.77937262831510E-01","PERIMETER":"1.96484180882626E+00","CO36_D00_":"33","CO36_D00_I":"32","STATE":"36","COUNTY":"095","NAME":"Schoharie","LSAD":"06","LSAD_TRANS":"County","CODE":"pbvs","CODE_ACC":"bmds","CODE_ABS":"bmds","CODE_EV":"nev","equipmentGroupLabel":"Dominion - Dominion ImageCast Evolution + Dominion ImageCast Precinct BMD +","equipmentSystemName":"Dominion ImageCast Evolution + Dominion ImageCast Precinct BMD +","equipmentType":"Optical Scan","equipmentVendor":"Dominion","jurisdictionCode":"NY-095","jurisdictionName":"Schoharie County","sourceGranularity":"county","standardSystem":"Hand marked paper ballots, BMDs for accessibility","accessibleSystem":"Ballot Marking Devices for all voters","absenteeSystem":"Batch-Fed Optical Scanners","pollBookSystem":"Commercial Electronic Poll Book","tabulation":"Optical Scan","equipmentCodeMatched":true,"sourceDocumentId":"verified-voting-verifier-ny-2024-equipment","sourceUrl":"https://verifiedvoting.org/verifier/#mode/navigate/map/voteEquip/mapType/ppEquip/year/2024/state/36"}},{"type":"Feature","bbox":[-74.264831542969,42.407073974609,-73.6767578125,42.822540283203],"geometry":{"type":"Polygon","coordinates":[[[-73.809326171875,42.778869628906],[-73.797973632812,42.779479980469],[-73.782409667969,42.791778564453],[-73.7666015625,42.7861328125],[-73.737670898438,42.818817138672],[-73.726684570312,42.822540283203],[-73.716674804688,42.808197021484],[-73.719787597656,42.801330566406],[-73.703186035156,42.782501220703],[-73.688293457031,42.775512695312],[-73.6767578125,42.783233642578],[-73.690124511719,42.735198974609],[-73.697265625,42.728820800781],[-73.703552246094,42.709503173828],[-73.702453613281,42.699981689453],[-73.741760253906,42.654388427734],[-73.761169433594,42.6103515625],[-73.752136230469,42.566680908203],[-73.761047363281,42.526275634766],[-73.785583496094,42.487182617188],[-73.783752441406,42.464263916016],[-74.254211425781,42.408172607422],[-74.263427734375,42.407073974609],[-74.264831542969,42.419860839844],[-74.224914550781,42.508544921875],[-74.225646972656,42.526397705078],[-74.240356445312,42.552917480469],[-74.233947753906,42.575714111328],[-74.22021484375,42.585388183594],[-74.215148925781,42.597442626953],[-74.193420410156,42.619049072266],[-74.169799804688,42.667419433594],[-74.164611816406,42.717224121094],[-74.180297851562,42.730010986328],[-73.8095703125,42.775146484375],[-73.809326171875,42.778869628906]]]},"properties":{"_isDeleted":false,"AREA":"1.51487090718998E-01","PERIMETER":"1.77857068917899E+00","CO36_D00_":"34","CO36_D00_I":"33","STATE":"36","COUNTY":"001","NAME":"Albany","LSAD":"06","LSAD_TRANS":"County","CODE":"pbvs","CODE_ACC":"bmds","CODE_ABS":"bmds","CODE_EV":"nev","equipmentGroupLabel":"ES&S - ES&S AutoMARK +","equipmentSystemName":"ES&S AutoMARK +","equipmentType":"Optical Scan","equipmentVendor":"ES&S","jurisdictionCode":"NY-001","jurisdictionName":"Albany County","sourceGranularity":"county","standardSystem":"Hand marked paper ballots, BMDs for accessibility","accessibleSystem":"Ballot Marking Devices for all voters","absenteeSystem":"Batch-Fed Optical Scanners","pollBookSystem":"Commercial Electronic Poll Book","tabulation":"Optical Scan","equipmentCodeMatched":true,"sourceDocumentId":"verified-voting-verifier-ny-2024-equipment","sourceUrl":"https://verifiedvoting.org/verifier/#mode/navigate/map/voteEquip/mapType/ppEquip/year/2024/state/36"}},{"type":"Feature","bbox":[-76.274719238281,42.407562255859,-75.864013671875,42.790954589844],"geometry":{"type":"Polygon","coordinates":[[[-75.91650390625,42.789733886719],[-75.89599609375,42.790954589844],[-75.889831542969,42.723876953125],[-75.864013671875,42.415649414062],[-76.017761230469,42.408996582031],[-76.022216796875,42.412750244141],[-76.130187988281,42.410339355469],[-76.253356933594,42.407562255859],[-76.265502929688,42.623626708984],[-76.274719238281,42.771270751953],[-75.91650390625,42.789733886719]]]},"properties":{"_isDeleted":false,"AREA":"1.42471176530496E-01","PERIMETER":"1.51458754589219E+00","CO36_D00_":"35","CO36_D00_I":"34","STATE":"36","COUNTY":"023","NAME":"Cortland","LSAD":"06","LSAD_TRANS":"County","CODE":"pbvs","CODE_ACC":"bmds","CODE_ABS":"bmds","CODE_EV":"nev","equipmentGroupLabel":"Dominion - Dominion ImageCast Evolution +","equipmentSystemName":"Dominion ImageCast Evolution +","equipmentType":"Optical Scan","equipmentVendor":"Dominion","jurisdictionCode":"NY-023","jurisdictionName":"Cortland County","sourceGranularity":"county","standardSystem":"Hand marked paper ballots, BMDs for accessibility","accessibleSystem":"Ballot Marking Devices for all voters","absenteeSystem":"Batch-Fed Optical Scanners","pollBookSystem":"In-House Electronic Poll Book","tabulation":"Optical Scan","equipmentCodeMatched":true,"sourceDocumentId":"verified-voting-verifier-ny-2024-equipment","sourceUrl":"https://verifiedvoting.org/verifier/#mode/navigate/map/voteEquip/mapType/ppEquip/year/2024/state/36"}},{"type":"Feature","bbox":[-77.367065429688,42.459197998047,-76.889831542969,42.764282226562],"geometry":{"type":"Polygon","coordinates":[[[-76.972351074219,42.76416015625],[-76.947509765625,42.764282226562],[-76.938720703125,42.721466064453],[-76.897094726562,42.663665771484],[-76.895629882812,42.541473388672],[-76.900817871094,42.493804931641],[-76.889831542969,42.463043212891],[-76.963928222656,42.459197998047],[-76.964416503906,42.464263916016],[-76.988037109375,42.463287353516],[-76.989379882812,42.484893798828],[-77.107238769531,42.483795166016],[-77.107604980469,42.505767822266],[-77.114318847656,42.508178710938],[-77.137145996094,42.494537353516],[-77.149475097656,42.500091552734],[-77.149597167969,42.553894042969],[-77.143798828125,42.576812744141],[-77.366455078125,42.576324462891],[-77.367065429688,42.667907714844],[-77.357299804688,42.669097900391],[-77.354431152344,42.697204589844],[-77.346557617188,42.716400146484],[-77.312927246094,42.761260986328],[-76.972351074219,42.76416015625]]]},"properties":{"_isDeleted":false,"AREA":"1.06802410794006E-01","PERIMETER":"1.50711210972005E+00","CO36_D00_":"36","CO36_D00_I":"35","STATE":"36","COUNTY":"123","NAME":"Yates","LSAD":"06","LSAD_TRANS":"County","CODE":"pbvs","CODE_ACC":"bmds","CODE_ABS":"bmds","CODE_EV":"nev","equipmentGroupLabel":"Hart InterCivic - Hart InterCivic Verity Touch Writer +","equipmentSystemName":"Hart InterCivic Verity Touch Writer +","equipmentType":"Optical Scan","equipmentVendor":"Hart InterCivic","jurisdictionCode":"NY-123","jurisdictionName":"Yates County","sourceGranularity":"county","standardSystem":"Hand marked paper ballots, BMDs for accessibility","accessibleSystem":"Ballot Marking Devices for all voters","absenteeSystem":"Hand-Fed Optical Scanners","pollBookSystem":"Commercial Electronic Poll Book","tabulation":"Optical Scan","equipmentCodeMatched":true,"sourceDocumentId":"verified-voting-verifier-ny-2024-equipment","sourceUrl":"https://verifiedvoting.org/verifier/#mode/navigate/map/voteEquip/mapType/ppEquip/year/2024/state/36"}},{"type":"Feature","bbox":[-75.889831542969,42.194976806641,-75.295593261719,42.745452880859],"geometry":{"type":"Polygon","coordinates":[[[-75.398620605469,42.739196777344],[-75.295593261719,42.744140625],[-75.296569824219,42.719055175781],[-75.315856933594,42.685760498047],[-75.327331542969,42.679107666016],[-75.330688476562,42.67138671875],[-75.327697753906,42.648101806641],[-75.322998046875,42.644134521484],[-75.3232421875,42.634490966797],[-75.328796386719,42.629302978516],[-75.3232421875,42.622283935547],[-75.337951660156,42.611083984375],[-75.335510253906,42.593475341797],[-75.324645996094,42.590576171875],[-75.330932617188,42.567413330078],[-75.367370605469,42.552429199219],[-75.37255859375,42.536529541016],[-75.386779785156,42.523620605469],[-75.383911132812,42.520233154297],[-75.389221191406,42.511199951172],[-75.403198242188,42.508666992188],[-75.396057128906,42.506713867188],[-75.395874023438,42.486328125],[-75.404418945312,42.478729248047],[-75.399719238281,42.461730957031],[-75.386657714844,42.445922851562],[-75.375,42.410461425781],[-75.3935546875,42.400573730469],[-75.404541015625,42.385131835938],[-75.403198242188,42.365447998047],[-75.39306640625,42.358459472656],[-75.402587890625,42.348571777344],[-75.398620605469,42.336364746094],[-75.415283203125,42.313934326172],[-75.418395996094,42.194976806641],[-75.637145996094,42.195587158203],[-75.63916015625,42.248687744141],[-75.819396972656,42.2490234375],[-75.836303710938,42.244079589844],[-75.84375,42.259643554688],[-75.864013671875,42.415649414062],[-75.889831542969,42.723876953125],[-75.428649902344,42.745452880859],[-75.427917480469,42.738098144531],[-75.398620605469,42.739196777344]]]},"properties":{"_isDeleted":false,"AREA":"2.54920663189989E-01","PERIMETER":"2.28655014388794E+00","CO36_D00_":"37","CO36_D00_I":"36","STATE":"36","COUNTY":"017","NAME":"Chenango","LSAD":"06","LSAD_TRANS":"County","CODE":"pbvs","CODE_ACC":"bmds","CODE_ABS":"bmds","CODE_EV":"nev","equipmentGroupLabel":"Clear Ballot - Clear Ballot ClearMark +","equipmentSystemName":"Clear Ballot ClearMark +","equipmentType":"Optical Scan","equipmentVendor":"Clear Ballot","jurisdictionCode":"NY-017","jurisdictionName":"Chenango County","sourceGranularity":"county","standardSystem":"Hand marked paper ballots, BMDs for accessibility","accessibleSystem":"Ballot Marking Devices for all voters","absenteeSystem":"Hand-Fed Optical Scanners","pollBookSystem":"Commercial Electronic Poll Book","tabulation":"Optical Scan","equipmentCodeMatched":true,"sourceDocumentId":"verified-voting-verifier-ny-2024-equipment","sourceUrl":"https://verifiedvoting.org/verifier/#mode/navigate/map/voteEquip/mapType/ppEquip/year/2024/state/36"}},{"type":"Feature","bbox":[-76.696594238281,42.262908935547,-76.23779296875,42.627105712891],"geometry":{"type":"Polygon","coordinates":[[[-76.459899902344,42.627105712891],[-76.458312988281,42.618560791016],[-76.265502929688,42.623626708984],[-76.253356933594,42.407562255859],[-76.293029785156,42.406585693359],[-76.299438476562,42.384521484375],[-76.241882324219,42.363403320312],[-76.23779296875,42.351226806641],[-76.251037597656,42.324920654297],[-76.250061035156,42.296691894531],[-76.288208007812,42.296691894531],[-76.288208007812,42.308258056641],[-76.3505859375,42.308380126953],[-76.350830078125,42.318298339844],[-76.415222167969,42.318389892578],[-76.416198730469,42.262908935547],[-76.474487304688,42.263763427734],[-76.473876953125,42.281127929688],[-76.538269042969,42.28173828125],[-76.619384765625,42.282806396484],[-76.691528320312,42.284393310547],[-76.690551757812,42.373291015625],[-76.685852050781,42.373413085938],[-76.696594238281,42.546661376953],[-76.5859375,42.549896240234],[-76.626708984375,42.573791503906],[-76.656127929688,42.604797363281],[-76.66650390625,42.623504638672],[-76.459899902344,42.627105712891]]]},"properties":{"_isDeleted":false,"AREA":"1.39324083262982E-01","PERIMETER":"1.85616302452211E+00","CO36_D00_":"38","CO36_D00_I":"37","STATE":"36","COUNTY":"109","NAME":"Tompkins","LSAD":"06","LSAD_TRANS":"County","CODE":"pbvs","CODE_ACC":"bmds","CODE_ABS":"bmds","CODE_EV":"nev","equipmentGroupLabel":"Clear Ballot - Clear Ballot ClearMark +","equipmentSystemName":"Clear Ballot ClearMark +","equipmentType":"Optical Scan","equipmentVendor":"Clear Ballot","jurisdictionCode":"NY-109","jurisdictionName":"Tompkins County","sourceGranularity":"county","standardSystem":"Hand marked paper ballots, BMDs for accessibility","accessibleSystem":"Ballot Marking Devices for all voters","absenteeSystem":"Batch-Fed Optical Scanners","pollBookSystem":"Commercial Electronic Poll Book","tabulation":"Optical Scan","equipmentCodeMatched":true,"sourceDocumentId":"verified-voting-verifier-ny-2024-equipment","sourceUrl":"https://verifiedvoting.org/verifier/#mode/navigate/map/voteEquip/mapType/ppEquip/year/2024/state/36"}},{"type":"Feature","bbox":[-77.749877929688,41.998718261719,-76.964965820312,42.580322265625],"geometry":{"type":"Polygon","coordinates":[[[-77.651062011719,42.580322265625],[-77.489990234375,42.577301025391],[-77.366455078125,42.576324462891],[-77.143798828125,42.576812744141],[-77.149597167969,42.553894042969],[-77.149475097656,42.500091552734],[-77.137145996094,42.494537353516],[-77.114318847656,42.508178710938],[-77.107604980469,42.505767822266],[-77.107238769531,42.483795166016],[-77.099609375,42.272308349609],[-76.964965820312,42.278472900391],[-76.965576171875,42.001251220703],[-77.749877929688,41.998718261719],[-77.731018066406,42.404052734375],[-77.72607421875,42.404052734375],[-77.722961425781,42.471252441406],[-77.720581054688,42.535064697266],[-77.661315917969,42.535064697266],[-77.659851074219,42.580322265625],[-77.651062011719,42.580322265625]]]},"properties":{"_isDeleted":false,"AREA":"3.96845013463999E-01","PERIMETER":"2.72072519730442E+00","CO36_D00_":"39","CO36_D00_I":"38","STATE":"36","COUNTY":"101","NAME":"Steuben","LSAD":"06","LSAD_TRANS":"County","CODE":"pbvs","CODE_ACC":"bmds","CODE_ABS":"bmds","CODE_EV":"nev","equipmentGroupLabel":"Clear Ballot - Clear Ballot ClearMark +","equipmentSystemName":"Clear Ballot ClearMark +","equipmentType":"Optical Scan","equipmentVendor":"Clear Ballot","jurisdictionCode":"NY-101","jurisdictionName":"Steuben County","sourceGranularity":"county","standardSystem":"Hand marked paper ballots, BMDs for accessibility","accessibleSystem":"Ballot Marking Devices for all voters","absenteeSystem":"Batch-Fed Optical Scanners","pollBookSystem":"Commercial Electronic Poll Book","tabulation":"Optical Scan","equipmentCodeMatched":true,"sourceDocumentId":"verified-voting-verifier-ny-2024-equipment","sourceUrl":"https://verifiedvoting.org/verifier/#mode/navigate/map/voteEquip/mapType/ppEquip/year/2024/state/36"}},{"type":"Feature","bbox":[-79.761901855469,41.999084472656,-79.060729980469,42.570190429688],"geometry":{"type":"Polygon","coordinates":[[[-79.136596679688,42.569580078125],[-79.125732421875,42.565124511719],[-79.108520507812,42.570190429688],[-79.104370117188,42.563049316406],[-79.0966796875,42.564636230469],[-79.091003417969,42.556060791016],[-79.081726074219,42.555328369141],[-79.090148925781,42.550140380859],[-79.060729980469,42.537841796875],[-79.061218261719,41.999206542969],[-79.761413574219,41.999084472656],[-79.761901855469,42.269775390625],[-79.645324707031,42.315643310547],[-79.546203613281,42.363403320312],[-79.474731445312,42.404296875],[-79.453552246094,42.411163330078],[-79.429016113281,42.428314208984],[-79.405395507812,42.453277587891],[-79.351928710938,42.488861083984],[-79.331420898438,42.489105224609],[-79.317687988281,42.499847412109],[-79.242919921875,42.531707763672],[-79.148681640625,42.553649902344],[-79.13671875,42.569702148438],[-79.136596679688,42.569580078125]]]},"properties":{"_isDeleted":false,"AREA":"3.06121365444294E-01","PERIMETER":"2.33161121291425E+00","CO36_D00_":"40","CO36_D00_I":"39","STATE":"36","COUNTY":"013","NAME":"Chautauqua","LSAD":"06","LSAD_TRANS":"County","CODE":"pbvs","CODE_ACC":"bmds","CODE_ABS":"bmds","CODE_EV":"nev","equipmentGroupLabel":"Dominion - Dominion ImageCast Evolution +","equipmentSystemName":"Dominion ImageCast Evolution +","equipmentType":"Optical Scan","equipmentVendor":"Dominion","jurisdictionCode":"NY-013","jurisdictionName":"Chautauqua County","sourceGranularity":"county","standardSystem":"Hand marked paper ballots, BMDs for accessibility","accessibleSystem":"Ballot Marking Devices for all voters","absenteeSystem":"Batch-Fed Optical Scanners","pollBookSystem":"In-House Electronic Poll Book","tabulation":"Optical Scan","equipmentCodeMatched":true,"sourceDocumentId":"verified-voting-verifier-ny-2024-equipment","sourceUrl":"https://verifiedvoting.org/verifier/#mode/navigate/map/voteEquip/mapType/ppEquip/year/2024/state/36"}},{"type":"Feature","bbox":[-77.107238769531,42.233703613281,-76.619384765625,42.546661376953],"geometry":{"type":"Polygon","coordinates":[[[-76.69970703125,42.546661376953],[-76.696594238281,42.546661376953],[-76.685852050781,42.373413085938],[-76.690551757812,42.373291015625],[-76.691528320312,42.284393310547],[-76.619384765625,42.282806396484],[-76.619506835938,42.248687744141],[-76.642272949219,42.233703613281],[-76.648071289062,42.238067626953],[-76.685607910156,42.237701416016],[-76.685729980469,42.248321533203],[-76.732666015625,42.248077392578],[-76.733825683594,42.293670654297],[-76.777893066406,42.294158935547],[-76.964721679688,42.287414550781],[-76.964965820312,42.278472900391],[-77.099609375,42.272308349609],[-77.107238769531,42.483795166016],[-76.989379882812,42.484893798828],[-76.988037109375,42.463287353516],[-76.964416503906,42.464263916016],[-76.963928222656,42.459197998047],[-76.889831542969,42.463043212891],[-76.900817871094,42.493804931641],[-76.895629882812,42.541473388672],[-76.69970703125,42.546661376953]]]},"properties":{"_isDeleted":false,"AREA":"9.69153340795024E-02","PERIMETER":"1.65917214186147E+00","CO36_D00_":"41","CO36_D00_I":"40","STATE":"36","COUNTY":"097","NAME":"Schuyler","LSAD":"06","LSAD_TRANS":"County","CODE":"pbvs","CODE_ACC":"bmds","CODE_ABS":"bmds","CODE_EV":"nev","equipmentGroupLabel":"Dominion - Dominion ImageCast Precinct BMD +","equipmentSystemName":"Dominion ImageCast Precinct BMD +","equipmentType":"Optical Scan","equipmentVendor":"Dominion","jurisdictionCode":"NY-097","jurisdictionName":"Schuyler County","sourceGranularity":"county","standardSystem":"Hand marked paper ballots, BMDs for accessibility","accessibleSystem":"Ballot Marking Devices for all voters","absenteeSystem":"Hand-Fed Optical Scanners","pollBookSystem":"Commercial Electronic Poll Book","tabulation":"Optical Scan","equipmentCodeMatched":true,"sourceDocumentId":"verified-voting-verifier-ny-2024-equipment","sourceUrl":"https://verifiedvoting.org/verifier/#mode/navigate/map/voteEquip/mapType/ppEquip/year/2024/state/36"}},{"type":"Feature","bbox":[-79.061218261719,41.999206542969,-78.308044433594,42.542541503906],"geometry":{"type":"Polygon","coordinates":[[[-78.624755859375,42.502258300781],[-78.583740234375,42.514312744141],[-78.562866210938,42.510223388672],[-78.528137207031,42.521209716797],[-78.519287109375,42.519256591797],[-78.511840820312,42.52734375],[-78.490966796875,42.530364990234],[-78.488403320312,42.534698486328],[-78.463928222656,42.536163330078],[-78.464660644531,42.519134521484],[-78.308776855469,42.520965576172],[-78.308044433594,41.999450683594],[-79.061218261719,41.999206542969],[-79.060729980469,42.537841796875],[-79.040588378906,42.537231445312],[-79.032592773438,42.542541503906],[-78.996887207031,42.532531738281],[-78.983642578125,42.511901855469],[-78.986145019531,42.505157470703],[-78.961547851562,42.493438720703],[-78.957092285156,42.472595214844],[-78.939025878906,42.467864990234],[-78.918518066406,42.453277587891],[-78.923828125,42.447357177734],[-78.920776367188,42.442901611328],[-78.900390625,42.448455810547],[-78.893737792969,42.439178466797],[-78.888244628906,42.442047119141],[-78.883728027344,42.438079833984],[-78.837768554688,42.443023681641],[-78.798706054688,42.462097167969],[-78.781311035156,42.455322265625],[-78.771179199219,42.457153320312],[-78.778686523438,42.461853027344],[-78.760925292969,42.462097167969],[-78.749145507812,42.473663330078],[-78.739318847656,42.473663330078],[-78.73583984375,42.479339599609],[-78.714233398438,42.485504150391],[-78.702697753906,42.486450195312],[-78.700256347656,42.474639892578],[-78.693603515625,42.471740722656],[-78.682739257812,42.477996826172],[-78.680969238281,42.484283447266],[-78.661437988281,42.492370605469],[-78.642944335938,42.492248535156],[-78.624755859375,42.502258300781]]]},"properties":{"_isDeleted":false,"AREA":"3.73603659413984E-01","PERIMETER":"2.77138464656393E+00","CO36_D00_":"42","CO36_D00_I":"41","STATE":"36","COUNTY":"009","NAME":"Cattaraugus","LSAD":"06","LSAD_TRANS":"County","CODE":"pbvs","CODE_ACC":"bmds","CODE_ABS":"bmds","CODE_EV":"nev","equipmentGroupLabel":"Dominion - Dominion ImageCast Evolution +","equipmentSystemName":"Dominion ImageCast Evolution +","equipmentType":"Optical Scan","equipmentVendor":"Dominion","jurisdictionCode":"NY-009","jurisdictionName":"Cattaraugus County","sourceGranularity":"county","standardSystem":"Hand marked paper ballots, BMDs for accessibility","accessibleSystem":"Ballot Marking Devices for all voters","absenteeSystem":"Batch-Fed Optical Scanners","pollBookSystem":"In-House Electronic Poll Book","tabulation":"Optical Scan","equipmentCodeMatched":true,"sourceDocumentId":"verified-voting-verifier-ny-2024-equipment","sourceUrl":"https://verifiedvoting.org/verifier/#mode/navigate/map/voteEquip/mapType/ppEquip/year/2024/state/36"}},{"type":"Feature","bbox":[-78.308776855469,41.998718261719,-77.722961425781,42.521545410156],"geometry":{"type":"Polygon","coordinates":[[[-78.223510742188,42.521545410156],[-78.038696289062,42.520965576172],[-77.840698242188,42.517700195312],[-77.840209960938,42.474517822266],[-77.722961425781,42.471252441406],[-77.72607421875,42.404052734375],[-77.731018066406,42.404052734375],[-77.749877929688,41.998718261719],[-78.308044433594,41.999450683594],[-78.308776855469,42.520965576172],[-78.223510742188,42.521545410156]]]},"properties":{"_isDeleted":false,"AREA":"2.92270905047486E-01","PERIMETER":"2.19143949365256E+00","CO36_D00_":"43","CO36_D00_I":"42","STATE":"36","COUNTY":"003","NAME":"Allegany","LSAD":"06","LSAD_TRANS":"County","CODE":"pbvs","CODE_ACC":"bmds","CODE_ABS":"bmds","CODE_EV":"nev","equipmentGroupLabel":"Hart InterCivic - Hart InterCivic Verity Touch Writer +","equipmentSystemName":"Hart InterCivic Verity Touch Writer +","equipmentType":"Optical Scan","equipmentVendor":"Hart InterCivic","jurisdictionCode":"NY-003","jurisdictionName":"Allegany County","sourceGranularity":"county","standardSystem":"Hand marked paper ballots, BMDs for accessibility","accessibleSystem":"Ballot Marking Devices for all voters","absenteeSystem":"Batch-Fed Optical Scanners","pollBookSystem":"Commercial Electronic Poll Book","tabulation":"Optical Scan","equipmentCodeMatched":true,"sourceDocumentId":"verified-voting-verifier-ny-2024-equipment","sourceUrl":"https://verifiedvoting.org/verifier/#mode/navigate/map/voteEquip/mapType/ppEquip/year/2024/state/36"}},{"type":"Feature","bbox":[-75.421752929688,41.850921630859,-74.42822265625,42.517822265625],"geometry":{"type":"Polygon","coordinates":[[[-74.842224121094,42.512390136719],[-74.770935058594,42.504547119141],[-74.752014160156,42.514190673828],[-74.711608886719,42.517822265625],[-74.617248535156,42.423736572266],[-74.443542480469,42.354949951172],[-74.42822265625,42.349060058594],[-74.537231445312,42.201385498047],[-74.451721191406,42.169189453125],[-74.503967285156,42.144927978516],[-74.531005859375,42.146484375],[-74.553527832031,42.121520996094],[-74.780700683594,42.016326904297],[-74.788940429688,42.012451171875],[-75.146362304688,41.850921630859],[-75.164123535156,41.851531982422],[-75.169189453125,41.870239257812],[-75.174621582031,41.872650146484],[-75.185180664062,41.85986328125],[-75.204040527344,41.869873046875],[-75.214904785156,41.867462158203],[-75.223693847656,41.857452392578],[-75.241088867188,41.867095947266],[-75.251220703125,41.862030029297],[-75.260498046875,41.863830566406],[-75.263732910156,41.870727539062],[-75.257568359375,41.877105712891],[-75.260620117188,41.883728027344],[-75.271240234375,41.887359619141],[-75.272766113281,41.897125244141],[-75.267456054688,41.907012939453],[-75.276550292969,41.922241210938],[-75.279052734375,41.938873291016],[-75.289306640625,41.94287109375],[-75.293640136719,41.954559326172],[-75.300415039062,41.953826904297],[-75.301635742188,41.948394775391],[-75.312866210938,41.950225830078],[-75.329223632812,41.968200683594],[-75.342163085938,41.972900390625],[-75.337585449219,41.986633300781],[-75.341064453125,41.992797851562],[-75.359558105469,41.999450683594],[-75.3642578125,42.008117675781],[-75.379211425781,42.002197265625],[-75.396545410156,42.006561279297],[-75.421752929688,42.041534423828],[-75.418395996094,42.194976806641],[-75.415283203125,42.313934326172],[-75.389587402344,42.319610595703],[-75.38330078125,42.315277099609],[-75.376647949219,42.321411132812],[-75.371826171875,42.315979003906],[-75.354614257812,42.319122314453],[-75.34130859375,42.314788818359],[-75.308715820312,42.321166992188],[-75.292358398438,42.339385986328],[-75.26953125,42.350982666016],[-75.270141601562,42.357849121094],[-75.260498046875,42.366790771484],[-75.217651367188,42.367370605469],[-75.209594726562,42.376312255859],[-75.190856933594,42.379943847656],[-75.197021484375,42.358337402344],[-75.147094726562,42.385589599609],[-75.143005371094,42.381378173828],[-75.093383789062,42.420593261719],[-75.059020996094,42.430603027344],[-75.019836425781,42.429016113281],[-75.017883300781,42.454132080078],[-74.99267578125,42.439880371094],[-74.991088867188,42.445922851562],[-74.984252929688,42.443634033203],[-74.963928222656,42.475830078125],[-74.937194824219,42.478607177734],[-74.936462402344,42.471374511719],[-74.842224121094,42.512390136719]]]},"properties":{"_isDeleted":false,"AREA":"4.14468764461002E-01","PERIMETER":"3.00577367511643E+00","CO36_D00_":"44","CO36_D00_I":"43","STATE":"36","COUNTY":"025","NAME":"Delaware","LSAD":"06","LSAD_TRANS":"County","CODE":"pbvs","CODE_ACC":"bmds","CODE_ABS":"bmds","CODE_EV":"nev","equipmentGroupLabel":"Dominion - Dominion ImageCast Precinct BMD +","equipmentSystemName":"Dominion ImageCast Precinct BMD +","equipmentType":"Optical Scan","equipmentVendor":"Dominion","jurisdictionCode":"NY-025","jurisdictionName":"Delaware County","sourceGranularity":"county","standardSystem":"Hand marked paper ballots, BMDs for accessibility","accessibleSystem":"Ballot Marking Devices for all voters","absenteeSystem":"Hand-Fed Optical Scanners","pollBookSystem":"Commercial Electronic Poll Book","tabulation":"Optical Scan","equipmentCodeMatched":true,"sourceDocumentId":"verified-voting-verifier-ny-2024-equipment","sourceUrl":"https://verifiedvoting.org/verifier/#mode/navigate/map/voteEquip/mapType/ppEquip/year/2024/state/36"}},{"type":"Feature","bbox":[-73.929626464844,41.977966308594,-73.352478027344,42.509979248047],"geometry":{"type":"Polygon","coordinates":[[[-73.396362304688,42.505767822266],[-73.352478027344,42.509979248047],[-73.508117675781,42.086303710938],[-73.496887207031,42.049621582031],[-73.521362304688,42.049987792969],[-73.527038574219,41.977966308594],[-73.710876464844,42.005462646484],[-73.907775878906,42.079528808594],[-73.929626464844,42.078826904297],[-73.921875,42.108612060547],[-73.91064453125,42.127319335938],[-73.892333984375,42.16748046875],[-73.874572753906,42.174011230469],[-73.855163574219,42.191375732422],[-73.847778320312,42.230346679688],[-73.832580566406,42.244079589844],[-73.802917480469,42.253631591797],[-73.784118652344,42.280395507812],[-73.782409667969,42.327331542969],[-73.793273925781,42.356170654297],[-73.794250488281,42.375091552734],[-73.774353027344,42.435668945312],[-73.775451660156,42.460144042969],[-73.783752441406,42.464263916016],[-73.396362304688,42.505767822266]]]},"properties":{"_isDeleted":false,"AREA":"1.83228111226507E-01","PERIMETER":"1.91584007595042E+00","CO36_D00_":"45","CO36_D00_I":"44","STATE":"36","COUNTY":"021","NAME":"Columbia","LSAD":"06","LSAD_TRANS":"County","CODE":"pbvs","CODE_ACC":"bmds","CODE_ABS":"bmds","CODE_EV":"nev","equipmentGroupLabel":"Dominion - Dominion ImageCast Evolution +","equipmentSystemName":"Dominion ImageCast Evolution +","equipmentType":"Optical Scan","equipmentVendor":"Dominion","jurisdictionCode":"NY-021","jurisdictionName":"Columbia County","sourceGranularity":"county","standardSystem":"Hand marked paper ballots, BMDs for accessibility","accessibleSystem":"Ballot Marking Devices for all voters","absenteeSystem":"Batch-Fed Optical Scanners","pollBookSystem":"In-House Electronic Poll Book","tabulation":"Optical Scan","equipmentCodeMatched":true,"sourceDocumentId":"verified-voting-verifier-ny-2024-equipment","sourceUrl":"https://verifiedvoting.org/verifier/#mode/navigate/map/voteEquip/mapType/ppEquip/year/2024/state/36"}},{"type":"Feature","bbox":[-74.537231445312,42.096557617188,-73.774353027344,42.464263916016],"geometry":{"type":"Polygon","coordinates":[[[-73.783752441406,42.464263916016],[-73.775451660156,42.460144042969],[-73.774353027344,42.435668945312],[-73.794250488281,42.375091552734],[-73.793273925781,42.356170654297],[-73.782409667969,42.327331542969],[-73.784118652344,42.280395507812],[-73.802917480469,42.253631591797],[-73.832580566406,42.244079589844],[-73.847778320312,42.230346679688],[-73.855163574219,42.191375732422],[-73.874572753906,42.174011230469],[-73.892333984375,42.16748046875],[-73.91064453125,42.127319335938],[-74.00244140625,42.177001953125],[-74.003540039062,42.163391113281],[-74.019470214844,42.162292480469],[-74.042419433594,42.170379638672],[-74.07470703125,42.096557617188],[-74.307189941406,42.114288330078],[-74.451721191406,42.169189453125],[-74.537231445312,42.201385498047],[-74.42822265625,42.349060058594],[-74.443542480469,42.354949951172],[-74.378967285156,42.373901367188],[-74.346069335938,42.355682373047],[-74.276550292969,42.36328125],[-74.259216308594,42.379089355469],[-74.244689941406,42.377166748047],[-74.254211425781,42.408172607422],[-73.783752441406,42.464263916016]]]},"properties":{"_isDeleted":false,"AREA":"1.86015175125005E-01","PERIMETER":"2.06424721430584E+00","CO36_D00_":"46","CO36_D00_I":"45","STATE":"36","COUNTY":"039","NAME":"Greene","LSAD":"06","LSAD_TRANS":"County","CODE":"pbvs","CODE_ACC":"bmds","CODE_ABS":"bmds","CODE_EV":"nev","equipmentGroupLabel":"Dominion - Dominion ImageCast Evolution +","equipmentSystemName":"Dominion ImageCast Evolution +","equipmentType":"Optical Scan","equipmentVendor":"Dominion","jurisdictionCode":"NY-039","jurisdictionName":"Greene County","sourceGranularity":"county","standardSystem":"Hand marked paper ballots, BMDs for accessibility","accessibleSystem":"Ballot Marking Devices for all voters","absenteeSystem":"Batch-Fed Optical Scanners","pollBookSystem":"In-House Electronic Poll Book","tabulation":"Optical Scan","equipmentCodeMatched":true,"sourceDocumentId":"verified-voting-verifier-ny-2024-equipment","sourceUrl":"https://verifiedvoting.org/verifier/#mode/navigate/map/voteEquip/mapType/ppEquip/year/2024/state/36"}},{"type":"Feature","bbox":[-76.130187988281,41.998840332031,-75.359558105469,42.415649414062],"geometry":{"type":"Polygon","coordinates":[[[-75.864013671875,42.415649414062],[-75.84375,42.259643554688],[-75.836303710938,42.244079589844],[-75.819396972656,42.2490234375],[-75.63916015625,42.248687744141],[-75.637145996094,42.195587158203],[-75.418395996094,42.194976806641],[-75.421752929688,42.041534423828],[-75.396545410156,42.006561279297],[-75.379211425781,42.002197265625],[-75.3642578125,42.008117675781],[-75.359558105469,41.999450683594],[-76.105773925781,41.998840332031],[-76.116149902344,42.185577392578],[-76.086975097656,42.186798095703],[-76.086608886719,42.212951660156],[-76.08251953125,42.213073730469],[-76.0810546875,42.229370117188],[-76.0908203125,42.249633789062],[-76.096252441406,42.24951171875],[-76.096618652344,42.257476806641],[-76.080688476562,42.258087158203],[-76.087707519531,42.278717041016],[-76.1005859375,42.278472900391],[-76.101196289062,42.287292480469],[-76.106506347656,42.287414550781],[-76.106506347656,42.293548583984],[-76.098693847656,42.293670654297],[-76.099060058594,42.303314208984],[-76.1015625,42.310333251953],[-76.106140136719,42.310333251953],[-76.106384277344,42.318756103516],[-76.1123046875,42.318634033203],[-76.112426757812,42.326477050781],[-76.116271972656,42.326599121094],[-76.116638183594,42.337219238281],[-76.109313964844,42.337341308594],[-76.109802246094,42.344940185547],[-76.114501953125,42.366912841797],[-76.122436523438,42.367156982422],[-76.120178222656,42.380767822266],[-76.130187988281,42.410339355469],[-76.022216796875,42.412750244141],[-76.017761230469,42.408996582031],[-75.864013671875,42.415649414062]]]},"properties":{"_isDeleted":false,"AREA":"2.01830115026497E-01","PERIMETER":"2.46697860454602E+00","CO36_D00_":"47","CO36_D00_I":"46","STATE":"36","COUNTY":"007","NAME":"Broome","LSAD":"06","LSAD_TRANS":"County","CODE":"pbvs","CODE_ACC":"bmds","CODE_ABS":"bmds","CODE_EV":"nev","equipmentGroupLabel":"Clear Ballot - Clear Ballot ClearMark +","equipmentSystemName":"Clear Ballot ClearMark +","equipmentType":"Optical Scan","equipmentVendor":"Clear Ballot","jurisdictionCode":"NY-007","jurisdictionName":"Broome County","sourceGranularity":"county","standardSystem":"Hand marked paper ballots, BMDs for accessibility","accessibleSystem":"Ballot Marking Devices for all voters","absenteeSystem":"Batch-Fed Optical Scanners","pollBookSystem":"Commercial Electronic Poll Book","tabulation":"Optical Scan","equipmentCodeMatched":true,"sourceDocumentId":"verified-voting-verifier-ny-2024-equipment","sourceUrl":"https://verifiedvoting.org/verifier/#mode/navigate/map/voteEquip/mapType/ppEquip/year/2024/state/36"}},{"type":"Feature","bbox":[-76.563415527344,41.998840332031,-76.080688476562,42.410339355469],"geometry":{"type":"Polygon","coordinates":[[[-76.130187988281,42.410339355469],[-76.120178222656,42.380767822266],[-76.122436523438,42.367156982422],[-76.114501953125,42.366912841797],[-76.109802246094,42.344940185547],[-76.109313964844,42.337341308594],[-76.116638183594,42.337219238281],[-76.116271972656,42.326599121094],[-76.112426757812,42.326477050781],[-76.1123046875,42.318634033203],[-76.106384277344,42.318756103516],[-76.106140136719,42.310333251953],[-76.1015625,42.310333251953],[-76.099060058594,42.303314208984],[-76.098693847656,42.293670654297],[-76.106506347656,42.293548583984],[-76.106506347656,42.287414550781],[-76.101196289062,42.287292480469],[-76.1005859375,42.278472900391],[-76.087707519531,42.278717041016],[-76.080688476562,42.258087158203],[-76.096618652344,42.257476806641],[-76.096252441406,42.24951171875],[-76.0908203125,42.249633789062],[-76.0810546875,42.229370117188],[-76.08251953125,42.213073730469],[-76.086608886719,42.212951660156],[-76.086975097656,42.186798095703],[-76.116149902344,42.185577392578],[-76.105773925781,41.998840332031],[-76.55810546875,42.000152587891],[-76.561462402344,42.009094238281],[-76.541442871094,42.051666259766],[-76.559387207031,42.131286621094],[-76.55419921875,42.131408691406],[-76.563415527344,42.153839111328],[-76.536499023438,42.155426025391],[-76.538269042969,42.28173828125],[-76.473876953125,42.281127929688],[-76.474487304688,42.263763427734],[-76.416198730469,42.262908935547],[-76.415222167969,42.318389892578],[-76.350830078125,42.318298339844],[-76.3505859375,42.308380126953],[-76.288208007812,42.308258056641],[-76.288208007812,42.296691894531],[-76.250061035156,42.296691894531],[-76.251037597656,42.324920654297],[-76.23779296875,42.351226806641],[-76.241882324219,42.363403320312],[-76.299438476562,42.384521484375],[-76.293029785156,42.406585693359],[-76.253356933594,42.407562255859],[-76.130187988281,42.410339355469]]]},"properties":{"_isDeleted":false,"AREA":"1.47526529001006E-01","PERIMETER":"2.04544801852201E+00","CO36_D00_":"48","CO36_D00_I":"47","STATE":"36","COUNTY":"107","NAME":"Tioga","LSAD":"06","LSAD_TRANS":"County","CODE":"pbvs","CODE_ACC":"bmds","CODE_ABS":"bmds","CODE_EV":"nev","equipmentGroupLabel":"Dominion - Dominion ImageCast Precinct BMD +","equipmentSystemName":"Dominion ImageCast Precinct BMD +","equipmentType":"Optical Scan","equipmentVendor":"Dominion","jurisdictionCode":"NY-107","jurisdictionName":"Tioga County","sourceGranularity":"county","standardSystem":"Hand marked paper ballots, BMDs for accessibility","accessibleSystem":"Ballot Marking Devices for all voters","absenteeSystem":"Batch-Fed Optical Scanners","pollBookSystem":"Commercial Electronic Poll Book","tabulation":"Optical Scan","equipmentCodeMatched":true,"sourceDocumentId":"verified-voting-verifier-ny-2024-equipment","sourceUrl":"https://verifiedvoting.org/verifier/#mode/navigate/map/voteEquip/mapType/ppEquip/year/2024/state/36"}},{"type":"Feature","bbox":[-76.965576171875,42.000152587891,-76.536499023438,42.294158935547],"geometry":{"type":"Polygon","coordinates":[[[-76.777893066406,42.294158935547],[-76.733825683594,42.293670654297],[-76.732666015625,42.248077392578],[-76.685729980469,42.248321533203],[-76.685607910156,42.237701416016],[-76.648071289062,42.238067626953],[-76.642272949219,42.233703613281],[-76.619506835938,42.248687744141],[-76.619384765625,42.282806396484],[-76.538269042969,42.28173828125],[-76.536499023438,42.155426025391],[-76.563415527344,42.153839111328],[-76.55419921875,42.131408691406],[-76.559387207031,42.131286621094],[-76.541442871094,42.051666259766],[-76.561462402344,42.009094238281],[-76.55810546875,42.000152587891],[-76.965576171875,42.001251220703],[-76.964965820312,42.278472900391],[-76.964721679688,42.287414550781],[-76.777893066406,42.294158935547]]]},"properties":{"_isDeleted":false,"AREA":"1.15847947678500E-01","PERIMETER":"1.54171743071072E+00","CO36_D00_":"49","CO36_D00_I":"48","STATE":"36","COUNTY":"015","NAME":"Chemung","LSAD":"06","LSAD_TRANS":"County","CODE":"pbvs","CODE_ACC":"bmds","CODE_ABS":"bmds","CODE_EV":"nev","equipmentGroupLabel":"Dominion - Dominion ImageCast Evolution + Dominion ImageCast Precinct BMD +","equipmentSystemName":"Dominion ImageCast Evolution + Dominion ImageCast Precinct BMD +","equipmentType":"Optical Scan","equipmentVendor":"Dominion","jurisdictionCode":"NY-015","jurisdictionName":"Chemung County","sourceGranularity":"county","standardSystem":"Hand marked paper ballots, BMDs for accessibility","accessibleSystem":"Ballot Marking Devices for all voters","absenteeSystem":"Batch-Fed Optical Scanners","pollBookSystem":"Commercial Electronic Poll Book","tabulation":"Optical Scan","equipmentCodeMatched":true,"sourceDocumentId":"verified-voting-verifier-ny-2024-equipment","sourceUrl":"https://verifiedvoting.org/verifier/#mode/navigate/map/voteEquip/mapType/ppEquip/year/2024/state/36"}},{"type":"Feature","bbox":[-74.780700683594,41.58056640625,-73.91064453125,42.177001953125],"geometry":{"type":"Polygon","coordinates":[[[-74.019470214844,42.162292480469],[-74.003540039062,42.163391113281],[-74.00244140625,42.177001953125],[-73.91064453125,42.127319335938],[-73.921875,42.108612060547],[-73.929626464844,42.078826904297],[-73.926086425781,42.071929931641],[-73.932861328125,42.059631347656],[-73.937194824219,42.029724121094],[-73.933837890625,42.01416015625],[-73.953735351562,41.952758789062],[-73.957946777344,41.921997070312],[-73.96435546875,41.913177490234],[-73.961791992188,41.900512695312],[-73.945617675781,41.882171630859],[-73.939270019531,41.866851806641],[-73.948913574219,41.8486328125],[-73.952392578125,41.787963867188],[-73.951538085938,41.770599365234],[-73.94091796875,41.755737304688],[-73.946594238281,41.699035644531],[-73.942504882812,41.68408203125],[-73.952514648438,41.625213623047],[-73.953247070312,41.589996337891],[-74.053588867188,41.58056640625],[-74.067993164062,41.605804443359],[-74.090026855469,41.598541259766],[-74.0986328125,41.607238769531],[-74.134460449219,41.615692138672],[-74.126342773438,41.58251953125],[-74.184997558594,41.594085693359],[-74.1875,41.5908203125],[-74.251586914062,41.605316162109],[-74.250122070312,41.629302978516],[-74.263305664062,41.632568359375],[-74.304077148438,41.615570068359],[-74.305847167969,41.609039306641],[-74.312622070312,41.610870361328],[-74.331665039062,41.596862792969],[-74.340515136719,41.594451904297],[-74.349060058594,41.598297119141],[-74.353759765625,41.591918945312],[-74.367370605469,41.590942382812],[-74.36474609375,41.595184326172],[-74.37548828125,41.597961425781],[-74.39501953125,41.644866943359],[-74.575012207031,41.745239257812],[-74.48779296875,41.834411621094],[-74.453674316406,41.875549316406],[-74.780700683594,42.016326904297],[-74.553527832031,42.121520996094],[-74.531005859375,42.146484375],[-74.503967285156,42.144927978516],[-74.451721191406,42.169189453125],[-74.307189941406,42.114288330078],[-74.07470703125,42.096557617188],[-74.042419433594,42.170379638672],[-74.019470214844,42.162292480469]]]},"properties":{"_isDeleted":false,"AREA":"3.26109016380013E-01","PERIMETER":"2.91304635311545E+00","CO36_D00_":"50","CO36_D00_I":"49","STATE":"36","COUNTY":"111","NAME":"Ulster","LSAD":"06","LSAD_TRANS":"County","CODE":"pbvs","CODE_ACC":"bmds","CODE_ABS":"bmds","CODE_EV":"nev","equipmentGroupLabel":"Hart InterCivic - Hart InterCivic Verity Touch Writer +","equipmentSystemName":"Hart InterCivic Verity Touch Writer +","equipmentType":"Optical Scan","equipmentVendor":"Hart InterCivic","jurisdictionCode":"NY-111","jurisdictionName":"Ulster County","sourceGranularity":"county","standardSystem":"Hand marked paper ballots, BMDs for accessibility","accessibleSystem":"Ballot Marking Devices for all voters","absenteeSystem":"Batch-Fed Optical Scanners","pollBookSystem":"Commercial Electronic Poll Book","tabulation":"Optical Scan","equipmentCodeMatched":true,"sourceDocumentId":"verified-voting-verifier-ny-2024-equipment","sourceUrl":"https://verifiedvoting.org/verifier/#mode/navigate/map/voteEquip/mapType/ppEquip/year/2024/state/36"}},{"type":"Feature","bbox":[-74.000061035156,41.438934326172,-73.487365722656,42.079528808594],"geometry":{"type":"Polygon","coordinates":[[[-73.929626464844,42.078826904297],[-73.907775878906,42.079528808594],[-73.710876464844,42.005462646484],[-73.527038574219,41.977966308594],[-73.521362304688,42.049987792969],[-73.496887207031,42.049621582031],[-73.487365722656,42.049621582031],[-73.489624023438,42.000030517578],[-73.530029296875,41.527130126953],[-73.580139160156,41.526397705078],[-73.817993164062,41.500122070312],[-73.933715820312,41.48828125],[-73.981506347656,41.438934326172],[-74.000061035156,41.456573486328],[-73.994995117188,41.497344970703],[-73.997131347656,41.51953125],[-73.987854003906,41.542816162109],[-73.958068847656,41.573944091797],[-73.953247070312,41.589996337891],[-73.952514648438,41.625213623047],[-73.942504882812,41.68408203125],[-73.946594238281,41.699035644531],[-73.94091796875,41.755737304688],[-73.951538085938,41.770599365234],[-73.952392578125,41.787963867188],[-73.948913574219,41.8486328125],[-73.939270019531,41.866851806641],[-73.945617675781,41.882171630859],[-73.961791992188,41.900512695312],[-73.96435546875,41.913177490234],[-73.957946777344,41.921997070312],[-73.953735351562,41.952758789062],[-73.933837890625,42.01416015625],[-73.937194824219,42.029724121094],[-73.932861328125,42.059631347656],[-73.926086425781,42.071929931641],[-73.929626464844,42.078826904297]]]},"properties":{"_isDeleted":false,"AREA":"2.31445177313492E-01","PERIMETER":"2.22234959614412E+00","CO36_D00_":"51","CO36_D00_I":"50","STATE":"36","COUNTY":"027","NAME":"Dutchess","LSAD":"06","LSAD_TRANS":"County","CODE":"pbvs","CODE_ACC":"bmds","CODE_ABS":"bmds","CODE_EV":"nev","equipmentGroupLabel":"Dominion - Dominion ImageCast Evolution +","equipmentSystemName":"Dominion ImageCast Evolution +","equipmentType":"Optical Scan","equipmentVendor":"Dominion","jurisdictionCode":"NY-027","jurisdictionName":"Dutchess County","sourceGranularity":"county","standardSystem":"Hand marked paper ballots, BMDs for accessibility","accessibleSystem":"Ballot Marking Devices for all voters","absenteeSystem":"Batch-Fed Optical Scanners","pollBookSystem":"In-House Electronic Poll Book","tabulation":"Optical Scan","equipmentCodeMatched":true,"sourceDocumentId":"verified-voting-verifier-ny-2024-equipment","sourceUrl":"https://verifiedvoting.org/verifier/#mode/navigate/map/voteEquip/mapType/ppEquip/year/2024/state/36"}},{"type":"Feature","bbox":[-75.146362304688,41.422668457031,-74.36474609375,42.016326904297],"geometry":{"type":"Polygon","coordinates":[[[-74.788940429688,42.012451171875],[-74.780700683594,42.016326904297],[-74.453674316406,41.875549316406],[-74.48779296875,41.834411621094],[-74.575012207031,41.745239257812],[-74.39501953125,41.644866943359],[-74.37548828125,41.597961425781],[-74.36474609375,41.595184326172],[-74.367370605469,41.590942382812],[-74.391052246094,41.584197998047],[-74.398864746094,41.575622558594],[-74.407470703125,41.574554443359],[-74.408630371094,41.568145751953],[-74.417602539062,41.569854736328],[-74.419372558594,41.562469482422],[-74.434020996094,41.553680419922],[-74.43798828125,41.543304443359],[-74.44482421875,41.544036865234],[-74.444274902344,41.537506103516],[-74.4755859375,41.510131835938],[-74.475463867188,41.504333496094],[-74.760681152344,41.490814208984],[-74.750549316406,41.464630126953],[-74.759826660156,41.460906982422],[-74.761413574219,41.450042724609],[-74.752380371094,41.433654785156],[-74.754638671875,41.424957275391],[-74.793884277344,41.422668457031],[-74.8076171875,41.442810058594],[-74.830627441406,41.430511474609],[-74.858520507812,41.444366455078],[-74.893859863281,41.438934326172],[-74.896423339844,41.442199707031],[-74.890380859375,41.455352783203],[-74.906921386719,41.461151123047],[-74.912414550781,41.475616455078],[-74.941772460938,41.483581542969],[-74.958312988281,41.476348876953],[-74.983276367188,41.480926513672],[-74.984375,41.506622314453],[-75.003173828125,41.508087158203],[-75.003784179688,41.523986816406],[-75.024780273438,41.535095214844],[-75.024780273438,41.539794921875],[-75.016052246094,41.544281005859],[-75.018493652344,41.5517578125],[-75.074584960938,41.605682373047],[-75.059753417969,41.610748291016],[-75.060119628906,41.617492675781],[-75.044189453125,41.617980957031],[-75.049865722656,41.662506103516],[-75.059265136719,41.672271728516],[-75.05126953125,41.679992675781],[-75.052734375,41.688415527344],[-75.068786621094,41.708099365234],[-75.066650390625,41.712554931641],[-75.049865722656,41.713287353516],[-75.053344726562,41.752502441406],[-75.060729980469,41.764678955078],[-75.075927734375,41.771545410156],[-75.095458984375,41.768280029297],[-75.104614257812,41.774200439453],[-75.101501464844,41.787963867188],[-75.0927734375,41.79638671875],[-75.076904296875,41.798461914062],[-75.072143554688,41.813781738281],[-75.089416503906,41.811614990234],[-75.11328125,41.822814941406],[-75.115600585938,41.844665527344],[-75.146362304688,41.850921630859],[-74.788940429688,42.012451171875]]]},"properties":{"_isDeleted":false,"AREA":"2.79364071966999E-01","PERIMETER":"2.67340332793609E+00","CO36_D00_":"52","CO36_D00_I":"51","STATE":"36","COUNTY":"105","NAME":"Sullivan","LSAD":"06","LSAD_TRANS":"County","CODE":"pbvs","CODE_ACC":"bmds","CODE_ABS":"bmds","CODE_EV":"nev","equipmentGroupLabel":"Dominion - Dominion ImageCast Evolution +","equipmentSystemName":"Dominion ImageCast Evolution +","equipmentType":"Optical Scan","equipmentVendor":"Dominion","jurisdictionCode":"NY-105","jurisdictionName":"Sullivan County","sourceGranularity":"county","standardSystem":"Hand marked paper ballots, BMDs for accessibility","accessibleSystem":"Ballot Marking Devices for all voters","absenteeSystem":"Batch-Fed Optical Scanners","pollBookSystem":"In-House Electronic Poll Book","tabulation":"Optical Scan","equipmentCodeMatched":true,"sourceDocumentId":"verified-voting-verifier-ny-2024-equipment","sourceUrl":"https://verifiedvoting.org/verifier/#mode/navigate/map/voteEquip/mapType/ppEquip/year/2024/state/36"}},{"type":"Feature","bbox":[-74.761413574219,41.142913818359,-73.947326660156,41.632568359375],"geometry":{"type":"Polygon","coordinates":[[[-74.263305664062,41.632568359375],[-74.250122070312,41.629302978516],[-74.251586914062,41.605316162109],[-74.1875,41.5908203125],[-74.184997558594,41.594085693359],[-74.126342773438,41.58251953125],[-74.134460449219,41.615692138672],[-74.0986328125,41.607238769531],[-74.090026855469,41.598541259766],[-74.067993164062,41.605804443359],[-74.053588867188,41.58056640625],[-73.953247070312,41.589996337891],[-73.958068847656,41.573944091797],[-73.987854003906,41.542816162109],[-73.997131347656,41.51953125],[-73.994995117188,41.497344970703],[-74.000061035156,41.456573486328],[-73.981506347656,41.438934326172],[-73.960876464844,41.401672363281],[-73.947326660156,41.395263671875],[-73.961181640625,41.348480224609],[-73.981384277344,41.32470703125],[-74.234436035156,41.142913818359],[-74.696411132812,41.357269287109],[-74.689758300781,41.361511230469],[-74.691101074219,41.367279052734],[-74.708435058594,41.378875732422],[-74.715942382812,41.392608642578],[-74.733642578125,41.39697265625],[-74.740905761719,41.405059814453],[-74.736694335938,41.429168701172],[-74.754638671875,41.424957275391],[-74.752380371094,41.433654785156],[-74.761413574219,41.450042724609],[-74.759826660156,41.460906982422],[-74.750549316406,41.464630126953],[-74.760681152344,41.490814208984],[-74.475463867188,41.504333496094],[-74.4755859375,41.510131835938],[-74.444274902344,41.537506103516],[-74.44482421875,41.544036865234],[-74.43798828125,41.543304443359],[-74.434020996094,41.553680419922],[-74.419372558594,41.562469482422],[-74.417602539062,41.569854736328],[-74.408630371094,41.568145751953],[-74.407470703125,41.574554443359],[-74.398864746094,41.575622558594],[-74.391052246094,41.584197998047],[-74.367370605469,41.590942382812],[-74.353759765625,41.591918945312],[-74.349060058594,41.598297119141],[-74.340515136719,41.594451904297],[-74.331665039062,41.596862792969],[-74.312622070312,41.610870361328],[-74.305847167969,41.609039306641],[-74.304077148438,41.615570068359],[-74.263305664062,41.632568359375]]]},"properties":{"_isDeleted":false,"AREA":"2.33849933591994E-01","PERIMETER":"2.33772128027186E+00","CO36_D00_":"53","CO36_D00_I":"52","STATE":"36","COUNTY":"071","NAME":"Orange","LSAD":"06","LSAD_TRANS":"County","CODE":"pbvs","CODE_ACC":"bmds","CODE_ABS":"bmds","CODE_EV":"nev","equipmentGroupLabel":"Dominion - Dominion ImageCast Evolution +","equipmentSystemName":"Dominion ImageCast Evolution +","equipmentType":"Optical Scan","equipmentVendor":"Dominion","jurisdictionCode":"NY-071","jurisdictionName":"Orange County","sourceGranularity":"county","standardSystem":"Hand marked paper ballots, BMDs for accessibility","accessibleSystem":"Ballot Marking Devices for all voters","absenteeSystem":"Batch-Fed Optical Scanners","pollBookSystem":"In-House Electronic Poll Book","tabulation":"Optical Scan","equipmentCodeMatched":true,"sourceDocumentId":"verified-voting-verifier-ny-2024-equipment","sourceUrl":"https://verifiedvoting.org/verifier/#mode/navigate/map/voteEquip/mapType/ppEquip/year/2024/state/36"}},{"type":"Feature","bbox":[-73.982543945312,41.321685791016,-73.530029296875,41.527130126953],"geometry":{"type":"Polygon","coordinates":[[[-73.817993164062,41.500122070312],[-73.580139160156,41.526397705078],[-73.530029296875,41.527130126953],[-73.544616699219,41.366333007812],[-73.681701660156,41.352691650391],[-73.982543945312,41.321685791016],[-73.981384277344,41.32470703125],[-73.961181640625,41.348480224609],[-73.947326660156,41.395263671875],[-73.960876464844,41.401672363281],[-73.981506347656,41.438934326172],[-73.933715820312,41.48828125],[-73.817993164062,41.500122070312]]]},"properties":{"_isDeleted":false,"AREA":"6.87091268445005E-02","PERIMETER":"1.21914664404936E+00","CO36_D00_":"54","CO36_D00_I":"53","STATE":"36","COUNTY":"079","NAME":"Putnam","LSAD":"06","LSAD_TRANS":"County","CODE":"pbvs","CODE_ACC":"bmds","CODE_ABS":"bmds","CODE_EV":"nev","equipmentGroupLabel":"Dominion - Dominion ImageCast Evolution +","equipmentSystemName":"Dominion ImageCast Evolution +","equipmentType":"Optical Scan","equipmentVendor":"Dominion","jurisdictionCode":"NY-079","jurisdictionName":"Putnam County","sourceGranularity":"county","standardSystem":"Hand marked paper ballots, BMDs for accessibility","accessibleSystem":"Ballot Marking Devices for all voters","absenteeSystem":"Batch-Fed Optical Scanners","pollBookSystem":"In-House Electronic Poll Book","tabulation":"Optical Scan","equipmentCodeMatched":true,"sourceDocumentId":"verified-voting-verifier-ny-2024-equipment","sourceUrl":"https://verifiedvoting.org/verifier/#mode/navigate/map/voteEquip/mapType/ppEquip/year/2024/state/36"}},{"type":"Feature","bbox":[-73.982543945312,40.880981445312,-73.482604980469,41.366333007812],"geometry":{"type":"Polygon","coordinates":[[[-73.681701660156,41.352691650391],[-73.544616699219,41.366333007812],[-73.550903320312,41.295379638672],[-73.482604980469,41.212738037109],[-73.727783203125,41.100677490234],[-73.654663085938,41.011657714844],[-73.659362792969,40.999450683594],[-73.656005859375,40.979553222656],[-73.662048339844,40.966156005859],[-73.678039550781,40.962799072266],[-73.686401367188,40.945159912109],[-73.756713867188,40.91259765625],[-73.783508300781,40.880981445312],[-73.838256835938,40.894012451172],[-73.841430664062,40.903930664062],[-73.853088378906,40.907287597656],[-73.850708007812,40.909942626953],[-73.860107421875,40.900543212891],[-73.917907714844,40.917541503906],[-73.893920898438,40.997161865234],[-73.889282226562,41.03759765625],[-73.894836425781,41.082336425781],[-73.887512207031,41.138305664062],[-73.892456054688,41.150634765625],[-73.91162109375,41.167755126953],[-73.931396484375,41.205017089844],[-73.970520019531,41.247741699219],[-73.969665527344,41.26318359375],[-73.945861816406,41.289489746094],[-73.966979980469,41.301666259766],[-73.981018066406,41.314208984375],[-73.982543945312,41.321685791016],[-73.681701660156,41.352691650391]]]},"properties":{"_isDeleted":false,"AREA":"1.32747926718205E-01","PERIMETER":"1.84137301154917E+00","CO36_D00_":"55","CO36_D00_I":"54","STATE":"36","COUNTY":"119","NAME":"Westchester","LSAD":"06","LSAD_TRANS":"County","CODE":"pbvs","CODE_ACC":"bmds","CODE_ABS":"bmds","CODE_EV":"nev","equipmentGroupLabel":"Dominion - Dominion ImageCast Evolution +","equipmentSystemName":"Dominion ImageCast Evolution +","equipmentType":"Optical Scan","equipmentVendor":"Dominion","jurisdictionCode":"NY-119","jurisdictionName":"Westchester County","sourceGranularity":"county","standardSystem":"Hand marked paper ballots, BMDs for accessibility","accessibleSystem":"Ballot Marking Devices for all voters","absenteeSystem":"Batch-Fed Optical Scanners","pollBookSystem":"In-House Electronic Poll Book","tabulation":"Optical Scan","equipmentCodeMatched":true,"sourceDocumentId":"verified-voting-verifier-ny-2024-equipment","sourceUrl":"https://verifiedvoting.org/verifier/#mode/navigate/map/voteEquip/mapType/ppEquip/year/2024/state/36"}},{"type":"Feature","bbox":[-74.234436035156,40.997161865234,-73.887512207031,41.32470703125],"geometry":{"type":"Polygon","coordinates":[[[-73.982543945312,41.321685791016],[-73.981018066406,41.314208984375],[-73.966979980469,41.301666259766],[-73.945861816406,41.289489746094],[-73.969665527344,41.26318359375],[-73.970520019531,41.247741699219],[-73.931396484375,41.205017089844],[-73.91162109375,41.167755126953],[-73.892456054688,41.150634765625],[-73.887512207031,41.138305664062],[-73.894836425781,41.082336425781],[-73.889282226562,41.03759765625],[-73.893920898438,40.997161865234],[-73.904968261719,40.997528076172],[-74.234436035156,41.142913818359],[-73.981384277344,41.32470703125],[-73.982543945312,41.321685791016]]]},"properties":{"_isDeleted":false,"AREA":"5.53767705820018E-02","PERIMETER":"1.07870597734334E+00","CO36_D00_":"56","CO36_D00_I":"55","STATE":"36","COUNTY":"087","NAME":"Rockland","LSAD":"06","LSAD_TRANS":"County","CODE":"pbvs","CODE_ACC":"bmds","CODE_ABS":"bmds","CODE_EV":"nev","equipmentGroupLabel":"ES&S - ES&S AutoMARK +","equipmentSystemName":"ES&S AutoMARK +","equipmentType":"Optical Scan","equipmentVendor":"ES&S","jurisdictionCode":"NY-087","jurisdictionName":"Rockland County","sourceGranularity":"county","standardSystem":"Hand marked paper ballots, BMDs for accessibility","accessibleSystem":"Ballot Marking Devices for all voters","absenteeSystem":"Batch-Fed Optical Scanners","pollBookSystem":"Commercial Electronic Poll Book","tabulation":"Optical Scan","equipmentCodeMatched":true,"sourceDocumentId":"verified-voting-verifier-ny-2024-equipment","sourceUrl":"https://verifiedvoting.org/verifier/#mode/navigate/map/voteEquip/mapType/ppEquip/year/2024/state/36"}},{"type":"Feature","bbox":[-72.036804199219,41.249786376953,-71.9267578125,41.290069580078],"geometry":{"type":"Polygon","coordinates":[[[-71.943542480469,41.286712646484],[-71.9267578125,41.290069580078],[-71.935180664062,41.280548095703],[-72.002380371094,41.252807617188],[-72.036804199219,41.249786376953],[-72.018920898438,41.274169921875],[-71.943542480469,41.286712646484]]]},"properties":{"_isDeleted":false,"AREA":"1.64295420953348E-03","PERIMETER":"2.45873786104219E-01","CO36_D00_":"57","CO36_D00_I":"56","STATE":"36","COUNTY":"103","NAME":"Suffolk","LSAD":"06","LSAD_TRANS":"County","CODE":"pbvs","CODE_ACC":"bmds","CODE_ABS":"bmds","CODE_EV":"nev","equipmentGroupLabel":"Dominion - Dominion ImageCast Evolution + Dominion ImageCast Precinct BMD +","equipmentSystemName":"Dominion ImageCast Evolution + Dominion ImageCast Precinct BMD +","equipmentType":"Optical Scan","equipmentVendor":"Dominion","jurisdictionCode":"NY-103","jurisdictionName":"Suffolk County","sourceGranularity":"county","standardSystem":"Hand marked paper ballots, BMDs for accessibility","accessibleSystem":"Ballot Marking Devices for all voters","absenteeSystem":"Batch-Fed Optical Scanners","pollBookSystem":"Commercial Electronic Poll Book","tabulation":"Optical Scan","equipmentCodeMatched":true,"sourceDocumentId":"verified-voting-verifier-ny-2024-equipment","sourceUrl":"https://verifiedvoting.org/verifier/#mode/navigate/map/voteEquip/mapType/ppEquip/year/2024/state/36"}},{"type":"Feature","bbox":[-73.496643066406,40.609802246094,-71.856201171875,41.161224365234],"geometry":{"type":"Polygon","coordinates":[[[-73.423889160156,40.609802246094],[-73.423522949219,40.671203613281],[-73.455261230469,40.840942382812],[-73.464050292969,40.859527587891],[-73.462463378906,40.867248535156],[-73.476013183594,40.877136230469],[-73.477355957031,40.899322509766],[-73.496643066406,40.923461914062],[-73.49169921875,40.942047119141],[-73.485290527344,40.946380615234],[-73.463684082031,40.937683105469],[-73.436645507812,40.934906005859],[-73.429809570312,40.929718017578],[-73.428833007812,40.921539306641],[-73.406005859375,40.920196533203],[-73.400817871094,40.953979492188],[-73.392883300781,40.955322265625],[-73.374450683594,40.937561035156],[-73.352722167969,40.926727294922],[-73.331359863281,40.929626464844],[-73.295043945312,40.924438476562],[-73.229309082031,40.905120849609],[-73.14892578125,40.928894042969],[-73.140747070312,40.966156005859],[-73.1103515625,40.971954345703],[-73.081481933594,40.973052978516],[-73.043640136719,40.962188720703],[-72.995849609375,40.966522216797],[-72.888244628906,40.962921142578],[-72.825988769531,40.969787597656],[-72.774108886719,40.96533203125],[-72.760009765625,40.975341796875],[-72.714416503906,40.985595703125],[-72.585327148438,40.997528076172],[-72.521484375,41.03759765625],[-72.477233886719,41.052185058594],[-72.445251464844,41.086090087891],[-72.417907714844,41.087890625],[-72.397033691406,41.096343994141],[-72.356140136719,41.133605957031],[-72.322326660156,41.140594482422],[-72.27880859375,41.15869140625],[-72.26806640625,41.154113769531],[-72.245361328125,41.161224365234],[-72.237670898438,41.156402587891],[-72.26513671875,41.12841796875],[-72.300354003906,41.112243652344],[-72.299987792969,41.132049560547],[-72.306396484375,41.137847900391],[-72.326538085938,41.132171630859],[-72.335266113281,41.120208740234],[-72.335144042969,41.106964111328],[-72.317260742188,41.088623046875],[-72.297729492188,41.081024169922],[-72.280334472656,41.080413818359],[-72.276733398438,41.07666015625],[-72.283020019531,41.06787109375],[-72.273620605469,41.051574707031],[-72.260437011719,41.042053222656],[-72.229309082031,41.044342041016],[-72.201843261719,41.032287597656],[-72.190490722656,41.032501220703],[-72.162841796875,41.053131103516],[-72.15380859375,41.051818847656],[-72.137268066406,41.039642333984],[-72.137390136719,41.023956298828],[-72.116271972656,40.999816894531],[-72.102172851562,40.991485595703],[-72.0830078125,40.996459960938],[-72.076110839844,41.009124755859],[-72.051513671875,41.006469726562],[-72.051879882812,41.020446777344],[-72.047424316406,41.022491455078],[-72.035827636719,41.020690917969],[-71.999267578125,41.039642333984],[-71.967041015625,41.047729492188],[-71.960998535156,41.054229736328],[-71.959594726562,41.071228027344],[-71.899230957031,41.080780029297],[-71.889465332031,41.075714111328],[-71.864379882812,41.076904296875],[-71.856201171875,41.070648193359],[-71.873901367188,41.052307128906],[-71.903686523438,41.040130615234],[-71.935668945312,41.034210205078],[-72.114440917969,40.972076416016],[-72.395812988281,40.866638183594],[-72.863159179688,40.732971191406],[-73.054992675781,40.666381835938],[-73.262084960938,40.621490478516],[-73.306396484375,40.620788574219],[-73.319152832031,40.6357421875],[-73.423889160156,40.609802246094]]]},"properties":{"_isDeleted":false,"AREA":"3.18436966355272E-01","PERIMETER":"4.19700731400766E+00","CO36_D00_":"58","CO36_D00_I":"57","STATE":"36","COUNTY":"103","NAME":"Suffolk","LSAD":"06","LSAD_TRANS":"County","CODE":"pbvs","CODE_ACC":"bmds","CODE_ABS":"bmds","CODE_EV":"nev","equipmentGroupLabel":"Dominion - Dominion ImageCast Evolution + Dominion ImageCast Precinct BMD +","equipmentSystemName":"Dominion ImageCast Evolution + Dominion ImageCast Precinct BMD +","equipmentType":"Optical Scan","equipmentVendor":"Dominion","jurisdictionCode":"NY-103","jurisdictionName":"Suffolk County","sourceGranularity":"county","standardSystem":"Hand marked paper ballots, BMDs for accessibility","accessibleSystem":"Ballot Marking Devices for all voters","absenteeSystem":"Batch-Fed Optical Scanners","pollBookSystem":"Commercial Electronic Poll Book","tabulation":"Optical Scan","equipmentCodeMatched":true,"sourceDocumentId":"verified-voting-verifier-ny-2024-equipment","sourceUrl":"https://verifiedvoting.org/verifier/#mode/navigate/map/voteEquip/mapType/ppEquip/year/2024/state/36"}},{"type":"Feature","bbox":[-72.142944335938,41.053985595703,-72.081176757812,41.115142822266],"geometry":{"type":"Polygon","coordinates":[[[-72.081176757812,41.093933105469],[-72.086975097656,41.058319091797],[-72.095642089844,41.053985595703],[-72.097106933594,41.075836181641],[-72.103149414062,41.086456298828],[-72.120483398438,41.093200683594],[-72.139221191406,41.092468261719],[-72.142944335938,41.097778320312],[-72.128356933594,41.108154296875],[-72.126647949219,41.115142822266],[-72.084167480469,41.101531982422],[-72.081176757812,41.093933105469]]]},"properties":{"_isDeleted":false,"AREA":"1.43493994349995E-03","PERIMETER":"2.03494527355569E-01","CO36_D00_":"59","CO36_D00_I":"58","STATE":"36","COUNTY":"103","NAME":"Suffolk","LSAD":"06","LSAD_TRANS":"County","CODE":"pbvs","CODE_ACC":"bmds","CODE_ABS":"bmds","CODE_EV":"nev","equipmentGroupLabel":"Dominion - Dominion ImageCast Evolution + Dominion ImageCast Precinct BMD +","equipmentSystemName":"Dominion ImageCast Evolution + Dominion ImageCast Precinct BMD +","equipmentType":"Optical Scan","equipmentVendor":"Dominion","jurisdictionCode":"NY-103","jurisdictionName":"Suffolk County","sourceGranularity":"county","standardSystem":"Hand marked paper ballots, BMDs for accessibility","accessibleSystem":"Ballot Marking Devices for all voters","absenteeSystem":"Batch-Fed Optical Scanners","pollBookSystem":"Commercial Electronic Poll Book","tabulation":"Optical Scan","equipmentCodeMatched":true,"sourceDocumentId":"verified-voting-verifier-ny-2024-equipment","sourceUrl":"https://verifiedvoting.org/verifier/#mode/navigate/map/voteEquip/mapType/ppEquip/year/2024/state/36"}},{"type":"Feature","bbox":[-73.933349609375,40.785919189453,-73.781188964844,40.917541503906],"geometry":{"type":"Polygon","coordinates":[[[-73.917907714844,40.917541503906],[-73.860107421875,40.900543212891],[-73.850708007812,40.909942626953],[-73.853088378906,40.907287597656],[-73.841430664062,40.903930664062],[-73.838256835938,40.894012451172],[-73.783508300781,40.880981445312],[-73.788696289062,40.858428955078],[-73.781188964844,40.838897705078],[-73.788208007812,40.842041015625],[-73.792175292969,40.855773925781],[-73.799560546875,40.848052978516],[-73.812805175781,40.846740722656],[-73.815612792969,40.835144042969],[-73.811828613281,40.825378417969],[-73.785949707031,40.80078125],[-73.815979003906,40.805358886719],[-73.862670898438,40.797271728516],[-73.873474121094,40.785919189453],[-73.912475585938,40.796173095703],[-73.927185058594,40.802215576172],[-73.932495117188,40.811492919922],[-73.932983398438,40.835632324219],[-73.906921386719,40.873382568359],[-73.910034179688,40.878936767578],[-73.915100097656,40.875579833984],[-73.924560546875,40.878936767578],[-73.933349609375,40.882080078125],[-73.917907714844,40.917541503906]]]},"properties":{"_isDeleted":false,"AREA":"1.34661729443057E-02","PERIMETER":"6.23949992309221E-01","CO36_D00_":"60","CO36_D00_I":"59","STATE":"36","COUNTY":"005","NAME":"Bronx","LSAD":"06","LSAD_TRANS":"County","CODE":"pbvs","CODE_ACC":"bmds","CODE_ABS":"bmds","CODE_EV":"nev","equipmentGroupLabel":"ES&S - ES&S AutoMARK +","equipmentSystemName":"ES&S AutoMARK +","equipmentType":"Optical Scan","equipmentVendor":"ES&S","jurisdictionCode":"NY-005","jurisdictionName":"Bronx County","sourceGranularity":"county","standardSystem":"Hand marked paper ballots, BMDs for accessibility","accessibleSystem":"Ballot Marking Devices for all voters","absenteeSystem":"Batch-Fed Optical Scanners","pollBookSystem":"Commercial Electronic Poll Book","tabulation":"Optical Scan","equipmentCodeMatched":true,"sourceDocumentId":"verified-voting-verifier-ny-2024-equipment","sourceUrl":"https://verifiedvoting.org/verifier/#mode/navigate/map/voteEquip/mapType/ppEquip/year/2024/state/36"}},{"type":"Feature","bbox":[-73.775329589844,40.880035400391,-73.766967773438,40.888366699219],"geometry":{"type":"Polygon","coordinates":[[[-73.76708984375,40.884735107422],[-73.766967773438,40.880035400391],[-73.775329589844,40.882202148438],[-73.770568847656,40.888366699219],[-73.76708984375,40.884735107422]]]},"properties":{"_isDeleted":false,"AREA":"5.36049999999202E-05","PERIMETER":"2.93729675001441E-02","CO36_D00_":"61","CO36_D00_I":"60","STATE":"36","COUNTY":"119","NAME":"Westchester","LSAD":"06","LSAD_TRANS":"County","CODE":"pbvs","CODE_ACC":"bmds","CODE_ABS":"bmds","CODE_EV":"nev","equipmentGroupLabel":"Dominion - Dominion ImageCast Evolution +","equipmentSystemName":"Dominion ImageCast Evolution +","equipmentType":"Optical Scan","equipmentVendor":"Dominion","jurisdictionCode":"NY-119","jurisdictionName":"Westchester County","sourceGranularity":"county","standardSystem":"Hand marked paper ballots, BMDs for accessibility","accessibleSystem":"Ballot Marking Devices for all voters","absenteeSystem":"Batch-Fed Optical Scanners","pollBookSystem":"In-House Electronic Poll Book","tabulation":"Optical Scan","equipmentCodeMatched":true,"sourceDocumentId":"verified-voting-verifier-ny-2024-equipment","sourceUrl":"https://verifiedvoting.org/verifier/#mode/navigate/map/voteEquip/mapType/ppEquip/year/2024/state/36"}},{"type":"Feature","bbox":[-74.024780273438,40.678802490234,-73.906921386719,40.882080078125],"geometry":{"type":"Polygon","coordinates":[[[-73.924560546875,40.878936767578],[-73.915100097656,40.875579833984],[-73.910034179688,40.878936767578],[-73.906921386719,40.873382568359],[-73.932983398438,40.835632324219],[-73.932495117188,40.811492919922],[-73.927185058594,40.802215576172],[-73.912475585938,40.796173095703],[-73.909484863281,40.789916992188],[-73.927185058594,40.776397705078],[-73.9345703125,40.778076171875],[-73.935607910156,40.768798828125],[-73.952514648438,40.753601074219],[-73.96240234375,40.736114501953],[-73.961547851562,40.723815917969],[-73.969421386719,40.706787109375],[-73.994506835938,40.704132080078],[-74.00390625,40.689056396484],[-74.020446777344,40.678802490234],[-74.024780273438,40.68701171875],[-74.016845703125,40.701721191406],[-74.024536132812,40.709442138672],[-74.013793945312,40.756622314453],[-73.963134765625,40.826812744141],[-73.933349609375,40.882080078125],[-73.924560546875,40.878936767578]]]},"properties":{"_isDeleted":false,"AREA":"9.11057664508538E-03","PERIMETER":"5.61022392443233E-01","CO36_D00_":"62","CO36_D00_I":"61","STATE":"36","COUNTY":"061","NAME":"New York","LSAD":"06","LSAD_TRANS":"County","CODE":"pbvs","CODE_ACC":"bmds","CODE_ABS":"bmds","CODE_EV":"nev","equipmentGroupLabel":"ES&S - ES&S AutoMARK +","equipmentSystemName":"ES&S AutoMARK +","equipmentType":"Optical Scan","equipmentVendor":"ES&S","jurisdictionCode":"NY-061","jurisdictionName":"New York County","sourceGranularity":"county","standardSystem":"Hand marked paper ballots, BMDs for accessibility","accessibleSystem":"Ballot Marking Devices for all voters","absenteeSystem":"Batch-Fed Optical Scanners","pollBookSystem":"Commercial Electronic Poll Book","tabulation":"Optical Scan","equipmentCodeMatched":true,"sourceDocumentId":"verified-voting-verifier-ny-2024-equipment","sourceUrl":"https://verifiedvoting.org/verifier/#mode/navigate/map/voteEquip/mapType/ppEquip/year/2024/state/36"}},{"type":"Feature","bbox":[-73.768188476562,40.582763671875,-73.423522949219,40.923461914062],"geometry":{"type":"Polygon","coordinates":[[[-73.496643066406,40.923461914062],[-73.477355957031,40.899322509766],[-73.476013183594,40.877136230469],[-73.462463378906,40.867248535156],[-73.464050292969,40.859527587891],[-73.455261230469,40.840942382812],[-73.423522949219,40.671203613281],[-73.423889160156,40.609802246094],[-73.562377929688,40.583740234375],[-73.610900878906,40.587707519531],[-73.646728515625,40.582763671875],[-73.754333496094,40.586395263672],[-73.73681640625,40.5927734375],[-73.73828125,40.602935791016],[-73.74560546875,40.610748291016],[-73.754821777344,40.609069824219],[-73.765747070312,40.614379882812],[-73.7666015625,40.625854492188],[-73.744079589844,40.636810302734],[-73.739929199219,40.634765625],[-73.740661621094,40.646484375],[-73.724731445312,40.651184082031],[-73.728393554688,40.6650390625],[-73.725708007812,40.708953857422],[-73.729675292969,40.721038818359],[-73.707153320312,40.726684570312],[-73.699401855469,40.739959716797],[-73.700866699219,40.751434326172],[-73.749755859375,40.782196044922],[-73.768188476562,40.800903320312],[-73.754333496094,40.826812744141],[-73.728271484375,40.852874755859],[-73.729553222656,40.866516113281],[-73.713684082031,40.870147705078],[-73.675537109375,40.856994628906],[-73.655883789062,40.863861083984],[-73.654296875,40.878204345703],[-73.6337890625,40.898132324219],[-73.617492675781,40.897888183594],[-73.566101074219,40.915740966797],[-73.548767089844,40.908996582031],[-73.514953613281,40.912841796875],[-73.496643066406,40.923461914062]]]},"properties":{"_isDeleted":false,"AREA":"8.99378418926240E-02","PERIMETER":"1.36708654909489E+00","CO36_D00_":"63","CO36_D00_I":"62","STATE":"36","COUNTY":"059","NAME":"Nassau","LSAD":"06","LSAD_TRANS":"County","CODE":"pbvs","CODE_ACC":"bmds","CODE_ABS":"bmds","CODE_EV":"nev","equipmentGroupLabel":"ES&S - ES&S AutoMARK +","equipmentSystemName":"ES&S AutoMARK +","equipmentType":"Optical Scan","equipmentVendor":"ES&S","jurisdictionCode":"NY-059","jurisdictionName":"Nassau County","sourceGranularity":"county","standardSystem":"Hand marked paper ballots, BMDs for accessibility","accessibleSystem":"Ballot Marking Devices for all voters","absenteeSystem":"Batch-Fed Optical Scanners","pollBookSystem":"Commercial Electronic Poll Book","tabulation":"Optical Scan","equipmentCodeMatched":true,"sourceDocumentId":"verified-voting-verifier-ny-2024-equipment","sourceUrl":"https://verifiedvoting.org/verifier/#mode/navigate/map/voteEquip/mapType/ppEquip/year/2024/state/36"}},{"type":"Feature","bbox":[-73.773376464844,40.844909667969,-73.765991210938,40.859405517578],"geometry":{"type":"Polygon","coordinates":[[[-73.773376464844,40.859405517578],[-73.766235351562,40.857360839844],[-73.765991210938,40.844909667969],[-73.773010253906,40.848052978516],[-73.773376464844,40.859405517578]]]},"properties":{"_isDeleted":false,"AREA":"1.04861726491398E-04","PERIMETER":"4.06035308908811E-02","CO36_D00_":"64","CO36_D00_I":"63","STATE":"36","COUNTY":"005","NAME":"Bronx","LSAD":"06","LSAD_TRANS":"County","CODE":"pbvs","CODE_ACC":"bmds","CODE_ABS":"bmds","CODE_EV":"nev","equipmentGroupLabel":"ES&S - ES&S AutoMARK +","equipmentSystemName":"ES&S AutoMARK +","equipmentType":"Optical Scan","equipmentVendor":"ES&S","jurisdictionCode":"NY-005","jurisdictionName":"Bronx County","sourceGranularity":"county","standardSystem":"Hand marked paper ballots, BMDs for accessibility","accessibleSystem":"Ballot Marking Devices for all voters","absenteeSystem":"Batch-Fed Optical Scanners","pollBookSystem":"Commercial Electronic Poll Book","tabulation":"Optical Scan","equipmentCodeMatched":true,"sourceDocumentId":"verified-voting-verifier-ny-2024-equipment","sourceUrl":"https://verifiedvoting.org/verifier/#mode/navigate/map/voteEquip/mapType/ppEquip/year/2024/state/36"}},{"type":"Feature","bbox":[-73.96240234375,40.545135498047,-73.699401855469,40.805358886719],"geometry":{"type":"Polygon","coordinates":[[[-73.815979003906,40.805358886719],[-73.785949707031,40.80078125],[-73.781311035156,40.794860839844],[-73.768188476562,40.800903320312],[-73.749755859375,40.782196044922],[-73.700866699219,40.751434326172],[-73.699401855469,40.739959716797],[-73.707153320312,40.726684570312],[-73.729675292969,40.721038818359],[-73.725708007812,40.708953857422],[-73.728393554688,40.6650390625],[-73.724731445312,40.651184082031],[-73.740661621094,40.646484375],[-73.739929199219,40.634765625],[-73.744079589844,40.636810302734],[-73.7666015625,40.625854492188],[-73.765747070312,40.614379882812],[-73.754821777344,40.609069824219],[-73.74560546875,40.610748291016],[-73.73828125,40.602935791016],[-73.73681640625,40.5927734375],[-73.754333496094,40.586395263672],[-73.753356933594,40.590484619141],[-73.774963378906,40.590728759766],[-73.806762695312,40.584594726562],[-73.934448242188,40.545135498047],[-73.932739257812,40.560211181641],[-73.939270019531,40.566497802734],[-73.879150390625,40.574096679688],[-73.849731445312,40.588317871094],[-73.834289550781,40.606781005859],[-73.833190917969,40.628967285156],[-73.84814453125,40.643707275391],[-73.855163574219,40.642730712891],[-73.862548828125,40.65673828125],[-73.855529785156,40.662994384766],[-73.857482910156,40.670959472656],[-73.869140625,40.694976806641],[-73.896423339844,40.681335449219],[-73.904174804688,40.695220947266],[-73.921142578125,40.709075927734],[-73.926940917969,40.725006103516],[-73.946716308594,40.737182617188],[-73.96240234375,40.736114501953],[-73.952514648438,40.753601074219],[-73.935607910156,40.768798828125],[-73.9345703125,40.778076171875],[-73.927185058594,40.776397705078],[-73.909484863281,40.789916992188],[-73.912475585938,40.796173095703],[-73.873474121094,40.785919189453],[-73.862670898438,40.797271728516],[-73.815979003906,40.805358886719]]]},"properties":{"_isDeleted":false,"AREA":"3.50306883689964E-02","PERIMETER":"1.18931904081617E+00","CO36_D00_":"65","CO36_D00_I":"64","STATE":"36","COUNTY":"081","NAME":"Queens","LSAD":"06","LSAD_TRANS":"County","CODE":"pbvs","CODE_ACC":"bmds","CODE_ABS":"bmds","CODE_EV":"nev","equipmentGroupLabel":"ES&S - ES&S AutoMARK +","equipmentSystemName":"ES&S AutoMARK +","equipmentType":"Optical Scan","equipmentVendor":"ES&S","jurisdictionCode":"NY-081","jurisdictionName":"Queens County","sourceGranularity":"county","standardSystem":"Hand marked paper ballots, BMDs for accessibility","accessibleSystem":"Ballot Marking Devices for all voters","absenteeSystem":"Batch-Fed Optical Scanners","pollBookSystem":"Commercial Electronic Poll Book","tabulation":"Optical Scan","equipmentCodeMatched":true,"sourceDocumentId":"verified-voting-verifier-ny-2024-equipment","sourceUrl":"https://verifiedvoting.org/verifier/#mode/navigate/map/voteEquip/mapType/ppEquip/year/2024/state/36"}},{"type":"Feature","bbox":[-74.042419433594,40.566497802734,-73.833190917969,40.737182617188],"geometry":{"type":"Polygon","coordinates":[[[-73.96240234375,40.736114501953],[-73.946716308594,40.737182617188],[-73.926940917969,40.725006103516],[-73.921142578125,40.709075927734],[-73.904174804688,40.695220947266],[-73.896423339844,40.681335449219],[-73.869140625,40.694976806641],[-73.857482910156,40.670959472656],[-73.855529785156,40.662994384766],[-73.862548828125,40.65673828125],[-73.855163574219,40.642730712891],[-73.84814453125,40.643707275391],[-73.833190917969,40.628967285156],[-73.834289550781,40.606781005859],[-73.849731445312,40.588317871094],[-73.879150390625,40.574096679688],[-73.939270019531,40.566497802734],[-73.950012207031,40.573364257812],[-73.991394042969,40.570343017578],[-74.012023925781,40.574584960938],[-74.001525878906,40.590606689453],[-74.003173828125,40.595672607422],[-74.032897949219,40.604370117188],[-74.042419433594,40.624877929688],[-74.032043457031,40.646484375],[-74.018249511719,40.659027099609],[-74.020446777344,40.678802490234],[-74.00390625,40.689056396484],[-73.994506835938,40.704132080078],[-73.969421386719,40.706787109375],[-73.961547851562,40.723815917969],[-73.96240234375,40.736114501953]]]},"properties":{"_isDeleted":false,"AREA":"2.29766741724804E-02","PERIMETER":"6.87533666103039E-01","CO36_D00_":"66","CO36_D00_I":"65","STATE":"36","COUNTY":"047","NAME":"Kings","LSAD":"06","LSAD_TRANS":"County","CODE":"pbvs","CODE_ACC":"bmds","CODE_ABS":"bmds","CODE_EV":"nev","equipmentGroupLabel":"ES&S - ES&S AutoMARK +","equipmentSystemName":"ES&S AutoMARK +","equipmentType":"Optical Scan","equipmentVendor":"ES&S","jurisdictionCode":"NY-047","jurisdictionName":"Kings County","sourceGranularity":"county","standardSystem":"Hand marked paper ballots, BMDs for accessibility","accessibleSystem":"Ballot Marking Devices for all voters","absenteeSystem":"Batch-Fed Optical Scanners","pollBookSystem":"Commercial Electronic Poll Book","tabulation":"Optical Scan","equipmentCodeMatched":true,"sourceDocumentId":"verified-voting-verifier-ny-2024-equipment","sourceUrl":"https://verifiedvoting.org/verifier/#mode/navigate/map/voteEquip/mapType/ppEquip/year/2024/state/36"}},{"type":"Feature","bbox":[-74.047241210938,40.688446044922,-74.037963867188,40.698944091797],"geometry":{"type":"Polygon","coordinates":[[[-74.042907714844,40.697021484375],[-74.037963867188,40.698944091797],[-74.04443359375,40.688446044922],[-74.047241210938,40.690490722656],[-74.042907714844,40.697021484375]]]},"properties":{"_isDeleted":false,"AREA":"4.31187332110144E-05","PERIMETER":"3.13356532160558E-02","CO36_D00_":"67","CO36_D00_I":"66","STATE":"36","COUNTY":"061","NAME":"New York","LSAD":"06","LSAD_TRANS":"County","CODE":"pbvs","CODE_ACC":"bmds","CODE_ABS":"bmds","CODE_EV":"nev","equipmentGroupLabel":"ES&S - ES&S AutoMARK +","equipmentSystemName":"ES&S AutoMARK +","equipmentType":"Optical Scan","equipmentVendor":"ES&S","jurisdictionCode":"NY-061","jurisdictionName":"New York County","sourceGranularity":"county","standardSystem":"Hand marked paper ballots, BMDs for accessibility","accessibleSystem":"Ballot Marking Devices for all voters","absenteeSystem":"Batch-Fed Optical Scanners","pollBookSystem":"Commercial Electronic Poll Book","tabulation":"Optical Scan","equipmentCodeMatched":true,"sourceDocumentId":"verified-voting-verifier-ny-2024-equipment","sourceUrl":"https://verifiedvoting.org/verifier/#mode/navigate/map/voteEquip/mapType/ppEquip/year/2024/state/36"}},{"type":"Feature","bbox":[-74.256042480469,40.496643066406,-74.053161621094,40.648284912109],"geometry":{"type":"Polygon","coordinates":[[[-74.088012695312,40.648284912109],[-74.075805664062,40.648040771484],[-74.069641113281,40.641174316406],[-74.067626953125,40.623779296875],[-74.053161621094,40.603637695312],[-74.068115234375,40.584106445312],[-74.13720703125,40.530059814453],[-74.148681640625,40.534515380859],[-74.2197265625,40.502563476562],[-74.250122070312,40.496643066406],[-74.256042480469,40.507873535156],[-74.242919921875,40.520874023438],[-74.24169921875,40.53125],[-74.247741699219,40.543334960938],[-74.210815429688,40.560943603516],[-74.204040527344,40.589294433594],[-74.195373535156,40.601837158203],[-74.196105957031,40.616180419922],[-74.201782226562,40.619445800781],[-74.200561523438,40.631378173828],[-74.189331054688,40.642120361328],[-74.174011230469,40.645141601562],[-74.152893066406,40.638885498047],[-74.088012695312,40.648284912109]]]},"properties":{"_isDeleted":false,"AREA":"1.62995395999997E-02","PERIMETER":"5.98770170019655E-01","CO36_D00_":"68","CO36_D00_I":"67","STATE":"36","COUNTY":"085","NAME":"Richmond","LSAD":"06","LSAD_TRANS":"County","CODE":"pbvs","CODE_ACC":"bmds","CODE_ABS":"bmds","CODE_EV":"nev","equipmentGroupLabel":"ES&S - ES&S AutoMARK +","equipmentSystemName":"ES&S AutoMARK +","equipmentType":"Optical Scan","equipmentVendor":"ES&S","jurisdictionCode":"NY-085","jurisdictionName":"Richmond County","sourceGranularity":"county","standardSystem":"Hand marked paper ballots, BMDs for accessibility","accessibleSystem":"Ballot Marking Devices for all voters","absenteeSystem":"Batch-Fed Optical Scanners","pollBookSystem":"Commercial Electronic Poll Book","tabulation":"Optical Scan","equipmentCodeMatched":true,"sourceDocumentId":"verified-voting-verifier-ny-2024-equipment","sourceUrl":"https://verifiedvoting.org/verifier/#mode/navigate/map/voteEquip/mapType/ppEquip/year/2024/state/36"}}],"properties":{"electionYear":2024,"source":"Verified Voting Verifier area geometry","sourceDocumentId":"verified-voting-verifier-ny-2024-equipment","sourceUrl":"https://verifiedvoting.org/verifier/#mode/navigate/map/voteEquip/mapType/ppEquip/year/2024/state/36","state":"NY"}}
