"JurisdictionID","JurisContainerID","JurisName","EISCandidateID","CandidateName","EISContestID","ContestName","PrecinctName","Registration","EISPartyID","PartyName","VoteCount"
"16","0","COOK","200","Danny K. Davis","310","7TH CONGRESS","8500003","1364","11","Democratic","971"
"16","0","COOK","200","Danny K. Davis","310","7TH CONGRESS","8500006","1394","11","Democratic","826"
"16","0","COOK","200","Danny K. Davis","310","7TH CONGRESS","8500020","1708","11","Democratic","1079"
"16","0","COOK","200","Danny K. Davis","310","7TH CONGRESS","8500031","1605","11","Democratic","1123"
"16","0","COOK","200","Danny K. Davis","310","7TH CONGRESS","8500032","1409","11","Democratic","902"
"16","0","COOK","200","Danny K. Davis","310","7TH CONGRESS","8900025","1188","11","Democratic","87"
"16","0","COOK","200","Danny K. Davis","310","7TH CONGRESS","8900036","1450","11","Democratic","643"
"16","0","COOK","200","Danny K. Davis","310","7TH CONGRESS","8900047","1123","11","Democratic","512"
"16","0","COOK","200","Danny K. Davis","310","7TH CONGRESS","8900056","1202","11","Democratic","553"
"16","0","COOK","200","Danny K. Davis","310","7TH CONGRESS","8900059","800","11","Democratic","389"
"16","0","COOK","200","Danny K. Davis","310","7TH CONGRESS","8900069","756","11","Democratic","363"
"16","0","COOK","200","Danny K. Davis","310","7TH CONGRESS","8900079","734","11","Democratic","416"
"16","0","COOK","200","Danny K. Davis","310","7TH CONGRESS","8900081","868","11","Democratic","383"
"16","0","COOK","200","Danny K. Davis","310","7TH CONGRESS","9100005","1289","11","Democratic","743"
"16","0","COOK","200","Danny K. Davis","310","7TH CONGRESS","9100006","664","11","Democratic","348"
"16","0","COOK","205","Chad Koppie","310","7TH CONGRESS","8500001","1548","12","Republican","118"
"16","0","COOK","205","Chad Koppie","310","7TH CONGRESS","8500014","1101","12","Republican","114"
"16","0","COOK","205","Chad Koppie","310","7TH CONGRESS","8500017","1476","12","Republican","126"
"16","0","COOK","205","Chad Koppie","310","7TH CONGRESS","8500029","911","12","Republican","100"
"16","0","COOK","205","Chad Koppie","310","7TH CONGRESS","8500030","975","12","Republican","68"
"16","0","COOK","205","Chad Koppie","310","7TH CONGRESS","8900001","915","12","Republican","94"
"16","0","COOK","205","Chad Koppie","310","7TH CONGRESS","8900009","813","12","Republican","37"
"16","0","COOK","205","Chad Koppie","310","7TH CONGRESS","8900031","577","12","Republican","21"
"16","0","COOK","205","Chad Koppie","310","7TH CONGRESS","8900033","1123","12","Republican","37"
"16","0","COOK","205","Chad Koppie","310","7TH CONGRESS","8900042","1310","12","Republican","349"
"16","0","COOK","205","Chad Koppie","310","7TH CONGRESS","8900043","665","12","Republican","31"
"16","0","COOK","205","Chad Koppie","310","7TH CONGRESS","8900057","890","12","Republican","190"
"16","0","COOK","205","Chad Koppie","310","7TH CONGRESS","8900066","1227","12","Republican","126"
"16","0","COOK","205","Chad Koppie","310","7TH CONGRESS","8900076","1144","12","Republican","150"
"16","0","COOK","205","Chad Koppie","310","7TH CONGRESS","8900077","824","12","Republican","111"
"16","0","COOK","50001","Write-in","310","7TH CONGRESS","8500008","1018","99","Nonpartisan","1"
"16","0","COOK","50001","Write-in","310","7TH CONGRESS","8500019","1327","99","Nonpartisan","1"
"16","0","COOK","50001","Write-in","310","7TH CONGRESS","8500022","1662","99","Nonpartisan","1"
"16","0","COOK","50001","Write-in","310","7TH CONGRESS","8900005","1296","99","Nonpartisan","1"
"105","16","CITY OF CHICAGO","200","Danny K. Davis","310","7TH CONGRESS","Ward 01 Precinct 21","1269","11","Democratic","9"
"105","16","CITY OF CHICAGO","200","Danny K. Davis","310","7TH CONGRESS","Ward 01 Precinct 22","1719","11","Democratic","1193"
"105","16","CITY OF CHICAGO","200","Danny K. Davis","310","7TH CONGRESS","Ward 03 Precinct 05","380","11","Democratic","165"
"105","16","CITY OF CHICAGO","200","Danny K. Davis","310","7TH CONGRESS","Ward 03 Precinct 16","613","11","Democratic","433"
"105","16","CITY OF CHICAGO","200","Danny K. Davis","310","7TH CONGRESS","Ward 04 Precinct 25","1654","11","Democratic","1189"
"105","16","CITY OF CHICAGO","200","Danny K. Davis","310","7TH CONGRESS","Ward 04 Precinct 28","1610","11","Democratic","1153"
"105","16","CITY OF CHICAGO","200","Danny K. Davis","310","7TH CONGRESS","Ward 11 Precinct 07","1427","11","Democratic","332"
"16","0","COOK","200","Danny K. Davis","310","7TH CONGRESS","8500001","1548","11","Democratic","1038"
"16","0","COOK","200","Danny K. Davis","310","7TH CONGRESS","8500004","1171","11","Democratic","748"
"16","0","COOK","200","Danny K. Davis","310","7TH CONGRESS","8500017","1476","11","Democratic","1014"
"16","0","COOK","200","Danny K. Davis","310","7TH CONGRESS","8500018","963","11","Democratic","633"
"16","0","COOK","200","Danny K. Davis","310","7TH CONGRESS","8500029","911","11","Democratic","640"
"16","0","COOK","200","Danny K. Davis","310","7TH CONGRESS","8500030","975","11","Democratic","626"
"16","0","COOK","200","Danny K. Davis","310","7TH CONGRESS","8900001","915","11","Democratic","383"
"16","0","COOK","200","Danny K. Davis","310","7TH CONGRESS","8900013","947","11","Democratic","419"
"16","0","COOK","200","Danny K. Davis","310","7TH CONGRESS","8900031","577","11","Democratic","274"
"16","0","COOK","200","Danny K. Davis","310","7TH CONGRESS","8900033","1123","11","Democratic","611"
"16","0","COOK","200","Danny K. Davis","310","7TH CONGRESS","8900034","1405","11","Democratic","832"
"16","0","COOK","200","Danny K. Davis","310","7TH CONGRESS","8900043","665","11","Democratic","319"
"16","0","COOK","200","Danny K. Davis","310","7TH CONGRESS","8900045","1317","11","Democratic","643"
"16","0","COOK","200","Danny K. Davis","310","7TH CONGRESS","8900057","890","11","Democratic","424"
"16","0","COOK","200","Danny K. Davis","310","7TH CONGRESS","8900077","824","11","Democratic","392"
"16","0","COOK","200","Danny K. Davis","310","7TH CONGRESS","9100007","1040","11","Democratic","579"
"16","0","COOK","205","Chad Koppie","310","7TH CONGRESS","7800026","1583","12","Republican","435"
"16","0","COOK","205","Chad Koppie","310","7TH CONGRESS","8500012","578","12","Republican","64"
"16","0","COOK","205","Chad Koppie","310","7TH CONGRESS","8500015","1379","12","Republican","92"
"16","0","COOK","205","Chad Koppie","310","7TH CONGRESS","8500027","1587","12","Republican","139"
"16","0","COOK","205","Chad Koppie","310","7TH CONGRESS","8900020","1329","12","Republican","77"
"16","0","COOK","205","Chad Koppie","310","7TH CONGRESS","8900022","735","12","Republican","29"
"16","0","COOK","205","Chad Koppie","310","7TH CONGRESS","8900030","1103","12","Republican","122"
"16","0","COOK","205","Chad Koppie","310","7TH CONGRESS","8900040","1518","12","Republican","74"
"16","0","COOK","205","Chad Koppie","310","7TH CONGRESS","8900044","1104","12","Republican","40"
"16","0","COOK","205","Chad Koppie","310","7TH CONGRESS","8900052","814","12","Republican","42"
"16","0","COOK","205","Chad Koppie","310","7TH CONGRESS","8900064","933","12","Republican","49"
"16","0","COOK","205","Chad Koppie","310","7TH CONGRESS","8900067","1248","12","Republican","136"
"16","0","COOK","205","Chad Koppie","310","7TH CONGRESS","8900085","1147","12","Republican","252"
"16","0","COOK","205","Chad Koppie","310","7TH CONGRESS","8900086","1493","12","Republican","49"
"16","0","COOK","205","Chad Koppie","310","7TH CONGRESS","9100002","1693","12","Republican","399"
"16","0","COOK","205","Chad Koppie","310","7TH CONGRESS","9100003","991","12","Republican","181"
"16","0","COOK","50001","Write-in","310","7TH CONGRESS","8500007","1331","99","Nonpartisan","1"
"16","0","COOK","50001","Write-in","310","7TH CONGRESS","8500010","989","99","Nonpartisan","1"
"16","0","COOK","50001","Write-in","310","7TH CONGRESS","8900037","694","99","Nonpartisan","1"
"105","16","CITY OF CHICAGO","200","Danny K. Davis","310","7TH CONGRESS","Ward 02 Precinct 03","1237","11","Democratic","834"
"105","16","CITY OF CHICAGO","200","Danny K. Davis","310","7TH CONGRESS","Ward 02 Precinct 18","1238","11","Democratic","708"
"105","16","CITY OF CHICAGO","200","Danny K. Davis","310","7TH CONGRESS","Ward 03 Precinct 17","574","11","Democratic","269"
"105","16","CITY OF CHICAGO","200","Danny K. Davis","310","7TH CONGRESS","Ward 03 Precinct 25","1662","11","Democratic","975"
"105","16","CITY OF CHICAGO","200","Danny K. Davis","310","7TH CONGRESS","Ward 04 Precinct 24","1404","11","Democratic","115"
"105","16","CITY OF CHICAGO","200","Danny K. Davis","310","7TH CONGRESS","Ward 04 Precinct 26","1327","11","Democratic","851"
"16","0","COOK","200","Danny K. Davis","310","7TH CONGRESS","7800026","1583","11","Democratic","527"
"16","0","COOK","200","Danny K. Davis","310","7TH CONGRESS","8500002","1293","11","Democratic","906"
"16","0","COOK","200","Danny K. Davis","310","7TH CONGRESS","8500015","1379","11","Democratic","877"
"16","0","COOK","200","Danny K. Davis","310","7TH CONGRESS","8500027","1587","11","Democratic","1059"
"16","0","COOK","200","Danny K. Davis","310","7TH CONGRESS","8900022","735","11","Democratic","385"
"16","0","COOK","200","Danny K. Davis","310","7TH CONGRESS","8900030","1103","11","Democratic","492"
"16","0","COOK","200","Danny K. Davis","310","7TH CONGRESS","8900044","1104","11","Democratic","497"
"16","0","COOK","200","Danny K. Davis","310","7TH CONGRESS","8900067","1248","11","Democratic","755"
"16","0","COOK","200","Danny K. Davis","310","7TH CONGRESS","8900068","587","11","Democratic","304"
"16","0","COOK","200","Danny K. Davis","310","7TH CONGRESS","8900085","1147","11","Democratic","537"
"16","0","COOK","200","Danny K. Davis","310","7TH CONGRESS","8900086","1493","11","Democratic","790"
"16","0","COOK","200","Danny K. Davis","310","7TH CONGRESS","9100002","1693","11","Democratic","853"
"16","0","COOK","200","Danny K. Davis","310","7TH CONGRESS","9100003","991","11","Democratic","548"
"16","0","COOK","205","Chad Koppie","310","7TH CONGRESS","8500010","989","12","Republican","72"
"16","0","COOK","205","Chad Koppie","310","7TH CONGRESS","8500013","1019","12","Republican","63"
"16","0","COOK","205","Chad Koppie","310","7TH CONGRESS","8500024","751","12","Republican","71"
"16","0","COOK","205","Chad Koppie","310","7TH CONGRESS","8500028","1554","12","Republican","117"
"16","0","COOK","205","Chad Koppie","310","7TH CONGRESS","8900018","1227","12","Republican","63"
"16","0","COOK","205","Chad Koppie","310","7TH CONGRESS","8900041","775","12","Republican","27"
"16","0","COOK","205","Chad Koppie","310","7TH CONGRESS","8900051","1069","12","Republican","227"
"16","0","COOK","205","Chad Koppie","310","7TH CONGRESS","8900053","1141","12","Republican","31"
"16","0","COOK","205","Chad Koppie","310","7TH CONGRESS","8900065","778","12","Republican","54"
"16","0","COOK","205","Chad Koppie","310","7TH CONGRESS","8900073","1282","12","Republican","179"
"16","0","COOK","205","Chad Koppie","310","7TH CONGRESS","8900083","1682","12","Republican","52"
"16","0","COOK","50001","Write-in","310","7TH CONGRESS","8500001","1548","99","Nonpartisan","1"
"16","0","COOK","50001","Write-in","310","7TH CONGRESS","8500018","963","99","Nonpartisan","1"
"16","0","COOK","50001","Write-in","310","7TH CONGRESS","8500030","975","99","Nonpartisan","2"
"16","0","COOK","50001","Write-in","310","7TH CONGRESS","8900013","947","99","Nonpartisan","1"
"105","16","CITY OF CHICAGO","200","Danny K. Davis","310","7TH CONGRESS","Ward 02 Precinct 10","1037","11","Democratic","495"
"105","16","CITY OF CHICAGO","200","Danny K. Davis","310","7TH CONGRESS","Ward 03 Precinct 06","1440","11","Democratic","898"
"105","16","CITY OF CHICAGO","200","Danny K. Davis","310","7TH CONGRESS","Ward 03 Precinct 09","830","11","Democratic","572"
"105","16","CITY OF CHICAGO","200","Danny K. Davis","310","7TH CONGRESS","Ward 03 Precinct 18","862","11","Democratic","328"
"105","16","CITY OF CHICAGO","200","Danny K. Davis","310","7TH CONGRESS","Ward 03 Precinct 20","1257","11","Democratic","305"
"105","16","CITY OF CHICAGO","200","Danny K. Davis","310","7TH CONGRESS","Ward 03 Precinct 21","1234","11","Democratic","852"
"105","16","CITY OF CHICAGO","200","Danny K. Davis","310","7TH CONGRESS","Ward 11 Precinct 01","817","11","Democratic","242"
"105","16","CITY OF CHICAGO","200","Danny K. Davis","310","7TH CONGRESS","Ward 11 Precinct 11","225","11","Democratic","43"
"105","16","CITY OF CHICAGO","200","Danny K. Davis","310","7TH CONGRESS","Ward 15 Precinct 16","1334","11","Democratic","503"
"105","16","CITY OF CHICAGO","200","Danny K. Davis","310","7TH CONGRESS","Ward 15 Precinct 19","784","11","Democratic","251"
"105","16","CITY OF CHICAGO","200","Danny K. Davis","310","7TH CONGRESS","Ward 16 Precinct 18","1386","11","Democratic","508"
"105","16","CITY OF CHICAGO","200","Danny K. Davis","310","7TH CONGRESS","Ward 16 Precinct 19","1134","11","Democratic","421"
"16","0","COOK","200","Danny K. Davis","310","7TH CONGRESS","8500013","1019","11","Democratic","676"
"16","0","COOK","200","Danny K. Davis","310","7TH CONGRESS","8500016","1544","11","Democratic","1051"
"16","0","COOK","200","Danny K. Davis","310","7TH CONGRESS","8500028","1554","11","Democratic","957"
"16","0","COOK","200","Danny K. Davis","310","7TH CONGRESS","8900041","775","11","Democratic","391"
"16","0","COOK","200","Danny K. Davis","310","7TH CONGRESS","8900053","1141","11","Democratic","511"
"16","0","COOK","200","Danny K. Davis","310","7TH CONGRESS","8900065","778","11","Democratic","443"
"16","0","COOK","200","Danny K. Davis","310","7TH CONGRESS","8900083","1682","11","Democratic","920"
"16","0","COOK","200","Danny K. Davis","310","7TH CONGRESS","9100004","1118","11","Democratic","629"
"16","0","COOK","205","Chad Koppie","310","7TH CONGRESS","8500008","1018","12","Republican","62"
"16","0","COOK","205","Chad Koppie","310","7TH CONGRESS","8500011","965","12","Republican","75"
"16","0","COOK","205","Chad Koppie","310","7TH CONGRESS","8500022","1662","12","Republican","155"
"16","0","COOK","205","Chad Koppie","310","7TH CONGRESS","8500025","989","12","Republican","92"
"16","0","COOK","205","Chad Koppie","310","7TH CONGRESS","8500026","1534","12","Republican","98"
"16","0","COOK","205","Chad Koppie","310","7TH CONGRESS","8900019","1389","12","Republican","51"
"16","0","COOK","205","Chad Koppie","310","7TH CONGRESS","8900038","885","12","Republican","47"
"16","0","COOK","205","Chad Koppie","310","7TH CONGRESS","8900049","739","12","Republican","69"
"16","0","COOK","205","Chad Koppie","310","7TH CONGRESS","8900074","1319","12","Republican","265"
"16","0","COOK","205","Chad Koppie","310","7TH CONGRESS","8900084","777","12","Republican","231"
"16","0","COOK","205","Chad Koppie","310","7TH CONGRESS","9100001","1483","12","Republican","358"
"16","0","COOK","50001","Write-in","310","7TH CONGRESS","8500003","1364","99","Nonpartisan","1"
"16","0","COOK","50001","Write-in","310","7TH CONGRESS","8500020","1708","99","Nonpartisan","1"
"16","0","COOK","50001","Write-in","310","7TH CONGRESS","8500032","1409","99","Nonpartisan","1"
"16","0","COOK","50001","Write-in","310","7TH CONGRESS","8900047","1123","99","Nonpartisan","1"
"105","16","CITY OF CHICAGO","200","Danny K. Davis","310","7TH CONGRESS","Ward 01 Precinct 23","879","11","Democratic","599"
"105","16","CITY OF CHICAGO","200","Danny K. Davis","310","7TH CONGRESS","Ward 03 Precinct 07","691","11","Democratic","127"
"105","16","CITY OF CHICAGO","200","Danny K. Davis","310","7TH CONGRESS","Ward 03 Precinct 19","1655","11","Democratic","401"
"105","16","CITY OF CHICAGO","200","Danny K. Davis","310","7TH CONGRESS","Ward 04 Precinct 27","1513","11","Democratic","1165"
"105","16","CITY OF CHICAGO","200","Danny K. Davis","310","7TH CONGRESS","Ward 11 Precinct 09","1559","11","Democratic","457"
"105","16","CITY OF CHICAGO","200","Danny K. Davis","310","7TH CONGRESS","Ward 11 Precinct 12","400","11","Democratic","146"
"105","16","CITY OF CHICAGO","200","Danny K. Davis","310","7TH CONGRESS","Ward 14 Precinct 01","1658","11","Democratic","386"
"105","16","CITY OF CHICAGO","200","Danny K. Davis","310","7TH CONGRESS","Ward 15 Precinct 15","976","11","Democratic","362"
"105","16","CITY OF CHICAGO","200","Danny K. Davis","310","7TH CONGRESS","Ward 15 Precinct 17","1313","11","Democratic","524"
"105","16","CITY OF CHICAGO","200","Danny K. Davis","310","7TH CONGRESS","Ward 16 Precinct 08","692","11","Democratic","201"
"105","16","CITY OF CHICAGO","200","Danny K. Davis","310","7TH CONGRESS","Ward 16 Precinct 09","1214","11","Democratic","458"
"105","16","CITY OF CHICAGO","200","Danny K. Davis","310","7TH CONGRESS","Ward 16 Precinct 17","1693","11","Democratic","620"
"105","16","CITY OF CHICAGO","200","Danny K. Davis","310","7TH CONGRESS","Ward 17 Precinct 05","614","11","Democratic","254"
"105","16","CITY OF CHICAGO","200","Danny K. Davis","310","7TH CONGRESS","Ward 17 Precinct 14","689","11","Democratic","266"
"105","16","CITY OF CHICAGO","200","Danny K. Davis","310","7TH CONGRESS","Ward 20 Precinct 04","426","11","Democratic","162"
"105","16","CITY OF CHICAGO","200","Danny K. Davis","310","7TH CONGRESS","Ward 20 Precinct 23","633","11","Democratic","298"
"105","16","CITY OF CHICAGO","200","Danny K. Davis","310","7TH CONGRESS","Ward 24 Precinct 10","1038","11","Democratic","456"
"16","0","COOK","200","Danny K. Davis","310","7TH CONGRESS","8500009","1507","11","Democratic","987"
"16","0","COOK","200","Danny K. Davis","310","7TH CONGRESS","8500012","578","11","Democratic","354"
"16","0","COOK","200","Danny K. Davis","310","7TH CONGRESS","8500023","1078","11","Democratic","697"
"16","0","COOK","200","Danny K. Davis","310","7TH CONGRESS","8900006","1424","11","Democratic","621"
"16","0","COOK","200","Danny K. Davis","310","7TH CONGRESS","8900008","1139","11","Democratic","583"
"16","0","COOK","200","Danny K. Davis","310","7TH CONGRESS","8900020","1329","11","Democratic","682"
"16","0","COOK","200","Danny K. Davis","310","7TH CONGRESS","8900028","1229","11","Democratic","509"
"16","0","COOK","200","Danny K. Davis","310","7TH CONGRESS","8900039","1578","11","Democratic","718"
"16","0","COOK","200","Danny K. Davis","310","7TH CONGRESS","8900040","1518","11","Democratic","815"
"16","0","COOK","200","Danny K. Davis","310","7TH CONGRESS","8900050","1571","11","Democratic","742"
"16","0","COOK","200","Danny K. Davis","310","7TH CONGRESS","8900052","814","11","Democratic","358"
"16","0","COOK","200","Danny K. Davis","310","7TH CONGRESS","8900064","933","11","Democratic","475"
"16","0","COOK","200","Danny K. Davis","310","7TH CONGRESS","8900072","769","11","Democratic","455"
"16","0","COOK","200","Danny K. Davis","310","7TH CONGRESS","8900082","1312","11","Democratic","743"
"16","0","COOK","205","Chad Koppie","310","7TH CONGRESS","8500004","1171","12","Republican","140"
"16","0","COOK","205","Chad Koppie","310","7TH CONGRESS","8500007","1331","12","Republican","117"
"16","0","COOK","205","Chad Koppie","310","7TH CONGRESS","8500018","963","12","Republican","103"
"16","0","COOK","205","Chad Koppie","310","7TH CONGRESS","8500021","833","12","Republican","71"
"16","0","COOK","205","Chad Koppie","310","7TH CONGRESS","8900004","1124","12","Republican","43"
"16","0","COOK","205","Chad Koppie","310","7TH CONGRESS","8900013","947","12","Republican","204"
"16","0","COOK","205","Chad Koppie","310","7TH CONGRESS","8900034","1405","12","Republican","66"
"16","0","COOK","205","Chad Koppie","310","7TH CONGRESS","8900037","694","12","Republican","25"
"16","0","COOK","205","Chad Koppie","310","7TH CONGRESS","8900045","1317","12","Republican","34"
"16","0","COOK","205","Chad Koppie","310","7TH CONGRESS","8900048","1221","12","Republican","89"
"16","0","COOK","205","Chad Koppie","310","7TH CONGRESS","8900060","675","12","Republican","81"
"16","0","COOK","205","Chad Koppie","310","7TH CONGRESS","8900061","980","12","Republican","86"
"16","0","COOK","205","Chad Koppie","310","7TH CONGRESS","8900062","1071","12","Republican","125"
"16","0","COOK","205","Chad Koppie","310","7TH CONGRESS","8900070","765","12","Republican","198"
"16","0","COOK","205","Chad Koppie","310","7TH CONGRESS","9100007","1040","12","Republican","193"
"16","0","COOK","50001","Write-in","310","7TH CONGRESS","8500012","578","99","Nonpartisan","1"
"16","0","COOK","50001","Write-in","310","7TH CONGRESS","8500015","1379","99","Nonpartisan","2"
"16","0","COOK","50001","Write-in","310","7TH CONGRESS","8500027","1587","99","Nonpartisan","1"
"16","0","COOK","50001","Write-in","310","7TH CONGRESS","8900044","1104","99","Nonpartisan","1"
"16","0","COOK","50001","Write-in","310","7TH CONGRESS","9100002","1693","99","Nonpartisan","6"
"105","16","CITY OF CHICAGO","200","Danny K. Davis","310","7TH CONGRESS","Ward 01 Precinct 13","1060","11","Democratic","724"
"105","16","CITY OF CHICAGO","200","Danny K. Davis","310","7TH CONGRESS","Ward 01 Precinct 14","940","11","Democratic","612"
"105","16","CITY OF CHICAGO","200","Danny K. Davis","310","7TH CONGRESS","Ward 02 Precinct 21","252","11","Democratic","140"
"105","16","CITY OF CHICAGO","200","Danny K. Davis","310","7TH CONGRESS","Ward 02 Precinct 22","1131","11","Democratic","634"
"105","16","CITY OF CHICAGO","200","Danny K. Davis","310","7TH CONGRESS","Ward 03 Precinct 08","1511","11","Democratic","832"
"105","16","CITY OF CHICAGO","200","Danny K. Davis","310","7TH CONGRESS","Ward 03 Precinct 11","1748","11","Democratic","1079"
"105","16","CITY OF CHICAGO","200","Danny K. Davis","310","7TH CONGRESS","Ward 11 Precinct 13","1074","11","Democratic","392"
"16","0","COOK","200","Danny K. Davis","310","7TH CONGRESS","8500007","1331","11","Democratic","885"
"16","0","COOK","200","Danny K. Davis","310","7TH CONGRESS","8500010","989","11","Democratic","703"
"16","0","COOK","200","Danny K. Davis","310","7TH CONGRESS","8500021","833","11","Democratic","560"
"16","0","COOK","200","Danny K. Davis","310","7TH CONGRESS","8500024","751","11","Democratic","495"
"16","0","COOK","200","Danny K. Davis","310","7TH CONGRESS","8900004","1124","11","Democratic","523"
"16","0","COOK","200","Danny K. Davis","310","7TH CONGRESS","8900018","1227","11","Democratic","660"
"16","0","COOK","200","Danny K. Davis","310","7TH CONGRESS","8900037","694","11","Democratic","324"
"16","0","COOK","200","Danny K. Davis","310","7TH CONGRESS","8900048","1221","11","Democratic","623"
"16","0","COOK","200","Danny K. Davis","310","7TH CONGRESS","8900051","1069","11","Democratic","538"
"16","0","COOK","200","Danny K. Davis","310","7TH CONGRESS","8900060","675","11","Democratic","344"
"16","0","COOK","200","Danny K. Davis","310","7TH CONGRESS","8900061","980","11","Democratic","582"
"16","0","COOK","200","Danny K. Davis","310","7TH CONGRESS","8900062","1071","11","Democratic","654"
"16","0","COOK","200","Danny K. Davis","310","7TH CONGRESS","8900070","765","11","Democratic","379"
"16","0","COOK","200","Danny K. Davis","310","7TH CONGRESS","8900073","1282","11","Democratic","755"
"16","0","COOK","205","Chad Koppie","310","7TH CONGRESS","8500002","1293","12","Republican","132"
"16","0","COOK","205","Chad Koppie","310","7TH CONGRESS","8500005","1165","12","Republican","119"
"16","0","COOK","205","Chad Koppie","310","7TH CONGRESS","8500019","1327","12","Republican","92"
"16","0","COOK","205","Chad Koppie","310","7TH CONGRESS","8900003","1109","12","Republican","151"
"16","0","COOK","205","Chad Koppie","310","7TH CONGRESS","8900005","1296","12","Republican","306"
"16","0","COOK","205","Chad Koppie","310","7TH CONGRESS","8900035","1235","12","Republican","360"
"16","0","COOK","205","Chad Koppie","310","7TH CONGRESS","8900058","724","12","Republican","24"
"16","0","COOK","205","Chad Koppie","310","7TH CONGRESS","8900068","587","12","Republican","101"
"16","0","COOK","205","Chad Koppie","310","7TH CONGRESS","8900071","1718","12","Republican","91"
"16","0","COOK","50001","Write-in","310","7TH CONGRESS","8500023","1078","99","Nonpartisan","2"
"16","0","COOK","50001","Write-in","310","7TH CONGRESS","8900006","1424","99","Nonpartisan","1"
"16","0","COOK","50001","Write-in","310","7TH CONGRESS","8900072","769","99","Nonpartisan","1"
"105","16","CITY OF CHICAGO","200","Danny K. Davis","310","7TH CONGRESS","Ward 01 Precinct 16","1489","11","Democratic","1050"
"105","16","CITY OF CHICAGO","200","Danny K. Davis","310","7TH CONGRESS","Ward 02 Precinct 01","1632","11","Democratic","917"
"105","16","CITY OF CHICAGO","200","Danny K. Davis","310","7TH CONGRESS","Ward 02 Precinct 04","1367","11","Democratic","809"
"105","16","CITY OF CHICAGO","200","Danny K. Davis","310","7TH CONGRESS","Ward 03 Precinct 01","1631","11","Democratic","931"
"105","16","CITY OF CHICAGO","200","Danny K. Davis","310","7TH CONGRESS","Ward 03 Precinct 03","1244","11","Democratic","662"
"105","16","CITY OF CHICAGO","200","Danny K. Davis","310","7TH CONGRESS","Ward 03 Precinct 14","1743","11","Democratic","1103"
"105","16","CITY OF CHICAGO","200","Danny K. Davis","310","7TH CONGRESS","Ward 03 Precinct 15","1340","11","Democratic","785"
"105","16","CITY OF CHICAGO","200","Danny K. Davis","310","7TH CONGRESS","Ward 11 Precinct 03","1915","11","Democratic","556"
"105","16","CITY OF CHICAGO","200","Danny K. Davis","310","7TH CONGRESS","Ward 11 Precinct 21","1385","11","Democratic","539"
"105","16","CITY OF CHICAGO","200","Danny K. Davis","310","7TH CONGRESS","Ward 16 Precinct 02","821","11","Democratic","289"
"105","16","CITY OF CHICAGO","200","Danny K. Davis","310","7TH CONGRESS","Ward 16 Precinct 04","654","11","Democratic","251"
"105","16","CITY OF CHICAGO","200","Danny K. Davis","310","7TH CONGRESS","Ward 16 Precinct 14","1443","11","Democratic","526"
"105","16","CITY OF CHICAGO","200","Danny K. Davis","310","7TH CONGRESS","Ward 16 Precinct 22","1080","11","Democratic","415"
"105","16","CITY OF CHICAGO","200","Danny K. Davis","310","7TH CONGRESS","Ward 16 Precinct 23","1023","11","Democratic","70"
"16","0","COOK","200","Danny K. Davis","310","7TH CONGRESS","8500011","965","11","Democratic","648"
"16","0","COOK","200","Danny K. Davis","310","7TH CONGRESS","8500014","1101","11","Democratic","739"
"16","0","COOK","200","Danny K. Davis","310","7TH CONGRESS","8500025","989","11","Democratic","694"
"16","0","COOK","200","Danny K. Davis","310","7TH CONGRESS","8500026","1534","11","Democratic","964"
"16","0","COOK","200","Danny K. Davis","310","7TH CONGRESS","8900009","813","11","Democratic","444"
"16","0","COOK","200","Danny K. Davis","310","7TH CONGRESS","8900019","1389","11","Democratic","652"
"16","0","COOK","200","Danny K. Davis","310","7TH CONGRESS","8900042","1310","11","Democratic","578"
"16","0","COOK","200","Danny K. Davis","310","7TH CONGRESS","8900066","1227","11","Democratic","699"
"16","0","COOK","200","Danny K. Davis","310","7TH CONGRESS","8900074","1319","11","Democratic","612"
"16","0","COOK","200","Danny K. Davis","310","7TH CONGRESS","8900076","1144","11","Democratic","604"
"16","0","COOK","200","Danny K. Davis","310","7TH CONGRESS","8900084","777","11","Democratic","316"
"16","0","COOK","200","Danny K. Davis","310","7TH CONGRESS","9100001","1483","11","Democratic","681"
"16","0","COOK","205","Chad Koppie","310","7TH CONGRESS","8500006","1394","12","Republican","104"
"16","0","COOK","205","Chad Koppie","310","7TH CONGRESS","8500009","1507","12","Republican","95"
"16","0","COOK","205","Chad Koppie","310","7TH CONGRESS","8500020","1708","12","Republican","139"
"16","0","COOK","205","Chad Koppie","310","7TH CONGRESS","8500023","1078","12","Republican","112"
"16","0","COOK","205","Chad Koppie","310","7TH CONGRESS","8900006","1424","12","Republican","358"
"16","0","COOK","205","Chad Koppie","310","7TH CONGRESS","8900008","1139","12","Republican","97"
"16","0","COOK","205","Chad Koppie","310","7TH CONGRESS","8900028","1229","12","Republican","322"
"16","0","COOK","205","Chad Koppie","310","7TH CONGRESS","8900036","1450","12","Republican","74"
"16","0","COOK","205","Chad Koppie","310","7TH CONGRESS","8900039","1578","12","Republican","173"
"16","0","COOK","205","Chad Koppie","310","7TH CONGRESS","8900047","1123","12","Republican","44"
"16","0","COOK","205","Chad Koppie","310","7TH CONGRESS","8900050","1571","12","Republican","231"
"16","0","COOK","205","Chad Koppie","310","7TH CONGRESS","8900072","769","12","Republican","101"
"16","0","COOK","205","Chad Koppie","310","7TH CONGRESS","8900081","868","12","Republican","108"
"16","0","COOK","205","Chad Koppie","310","7TH CONGRESS","8900082","1312","12","Republican","55"
"16","0","COOK","50001","Write-in","310","7TH CONGRESS","8500013","1019","99","Nonpartisan","1"
"16","0","COOK","50001","Write-in","310","7TH CONGRESS","8500028","1554","99","Nonpartisan","1"
"16","0","COOK","50001","Write-in","310","7TH CONGRESS","8900041","775","99","Nonpartisan","1"
"16","0","COOK","50001","Write-in","310","7TH CONGRESS","9100004","1118","99","Nonpartisan","1"
"105","16","CITY OF CHICAGO","200","Danny K. Davis","310","7TH CONGRESS","Ward 01 Precinct 12","701","11","Democratic","477"
"105","16","CITY OF CHICAGO","200","Danny K. Davis","310","7TH CONGRESS","Ward 01 Precinct 24","1736","11","Democratic","1114"
"105","16","CITY OF CHICAGO","200","Danny K. Davis","310","7TH CONGRESS","Ward 01 Precinct 25","1742","11","Democratic","1066"
"105","16","CITY OF CHICAGO","200","Danny K. Davis","310","7TH CONGRESS","Ward 01 Precinct 26","1559","11","Democratic","970"
"105","16","CITY OF CHICAGO","200","Danny K. Davis","310","7TH CONGRESS","Ward 03 Precinct 10","823","11","Democratic","520"
"105","16","CITY OF CHICAGO","200","Danny K. Davis","310","7TH CONGRESS","Ward 03 Precinct 13","1431","11","Democratic","969"
"105","16","CITY OF CHICAGO","200","Danny K. Davis","310","7TH CONGRESS","Ward 03 Precinct 22","947","11","Democratic","638"
"105","16","CITY OF CHICAGO","200","Danny K. Davis","310","7TH CONGRESS","Ward 03 Precinct 24","474","11","Democratic","214"
"105","16","CITY OF CHICAGO","200","Danny K. Davis","310","7TH CONGRESS","Ward 11 Precinct 02","387","11","Democratic","104"
"105","16","CITY OF CHICAGO","200","Danny K. Davis","310","7TH CONGRESS","Ward 15 Precinct 01","744","11","Democratic","218"
"105","16","CITY OF CHICAGO","200","Danny K. Davis","310","7TH CONGRESS","Ward 16 Precinct 01","1222","11","Democratic","449"
"105","16","CITY OF CHICAGO","200","Danny K. Davis","310","7TH CONGRESS","Ward 11 Precinct 10","335","11","Democratic","67"
"105","16","CITY OF CHICAGO","200","Danny K. Davis","310","7TH CONGRESS","Ward 11 Precinct 22","1222","11","Democratic","386"
"105","16","CITY OF CHICAGO","200","Danny K. Davis","310","7TH CONGRESS","Ward 11 Precinct 23","1099","11","Democratic","409"
"105","16","CITY OF CHICAGO","200","Danny K. Davis","310","7TH CONGRESS","Ward 16 Precinct 05","1430","11","Democratic","521"
"105","16","CITY OF CHICAGO","200","Danny K. Davis","310","7TH CONGRESS","Ward 16 Precinct 24","921","11","Democratic","355"
"105","16","CITY OF CHICAGO","200","Danny K. Davis","310","7TH CONGRESS","Ward 17 Precinct 02","881","11","Democratic","182"
"105","16","CITY OF CHICAGO","200","Danny K. Davis","310","7TH CONGRESS","Ward 17 Precinct 03","926","11","Democratic","411"
"105","16","CITY OF CHICAGO","200","Danny K. Davis","310","7TH CONGRESS","Ward 17 Precinct 12","568","11","Democratic","209"
"105","16","CITY OF CHICAGO","200","Danny K. Davis","310","7TH CONGRESS","Ward 20 Precinct 10","1532","11","Democratic","746"
"105","16","CITY OF CHICAGO","200","Danny K. Davis","310","7TH CONGRESS","Ward 20 Precinct 14","984","11","Democratic","173"
"105","16","CITY OF CHICAGO","200","Danny K. Davis","310","7TH CONGRESS","Ward 24 Precinct 08","818","11","Democratic","329"
"105","16","CITY OF CHICAGO","200","Danny K. Davis","310","7TH CONGRESS","Ward 24 Precinct 11","1281","11","Democratic","529"
"105","16","CITY OF CHICAGO","200","Danny K. Davis","310","7TH CONGRESS","Ward 27 Precinct 01","1119","11","Democratic","654"
"105","16","CITY OF CHICAGO","200","Danny K. Davis","310","7TH CONGRESS","Ward 27 Precinct 02","1436","11","Democratic","825"
"105","16","CITY OF CHICAGO","200","Danny K. Davis","310","7TH CONGRESS","Ward 27 Precinct 29","1621","11","Democratic","1009"
"105","16","CITY OF CHICAGO","200","Danny K. Davis","310","7TH CONGRESS","Ward 28 Precinct 18","944","11","Democratic","449"
"105","16","CITY OF CHICAGO","200","Danny K. Davis","310","7TH CONGRESS","Ward 29 Precinct 04","982","11","Democratic","100"
"105","16","CITY OF CHICAGO","200","Danny K. Davis","310","7TH CONGRESS","Ward 29 Precinct 13","1520","11","Democratic","760"
"105","16","CITY OF CHICAGO","200","Danny K. Davis","310","7TH CONGRESS","Ward 29 Precinct 16","1401","11","Democratic","724"
"105","16","CITY OF CHICAGO","200","Danny K. Davis","310","7TH CONGRESS","Ward 34 Precinct 07","557","11","Democratic","330"
"105","16","CITY OF CHICAGO","200","Danny K. Davis","310","7TH CONGRESS","Ward 34 Precinct 11","1172","11","Democratic","812"
"105","16","CITY OF CHICAGO","200","Danny K. Davis","310","7TH CONGRESS","Ward 34 Precinct 17","1544","11","Democratic","1135"
"105","16","CITY OF CHICAGO","200","Danny K. Davis","310","7TH CONGRESS","Ward 37 Precinct 05","1060","11","Democratic","394"
"105","16","CITY OF CHICAGO","200","Danny K. Davis","310","7TH CONGRESS","Ward 42 Precinct 01","570","11","Democratic","320"
"105","16","CITY OF CHICAGO","200","Danny K. Davis","310","7TH CONGRESS","Ward 42 Precinct 04","1257","11","Democratic","768"
"105","16","CITY OF CHICAGO","200","Danny K. Davis","310","7TH CONGRESS","Ward 42 Precinct 14","402","11","Democratic","277"
"105","16","CITY OF CHICAGO","205","Chad Koppie","310","7TH CONGRESS","Ward 01 Precinct 26","1559","12","Republican","230"
"105","16","CITY OF CHICAGO","205","Chad Koppie","310","7TH CONGRESS","Ward 02 Precinct 03","1237","12","Republican","202"
"105","16","CITY OF CHICAGO","205","Chad Koppie","310","7TH CONGRESS","Ward 03 Precinct 13","1431","12","Republican","196"
"105","16","CITY OF CHICAGO","205","Chad Koppie","310","7TH CONGRESS","Ward 03 Precinct 24","474","12","Republican","7"
"105","16","CITY OF CHICAGO","205","Chad Koppie","310","7TH CONGRESS","Ward 03 Precinct 25","1662","12","Republican","297"
"105","16","CITY OF CHICAGO","205","Chad Koppie","310","7TH CONGRESS","Ward 04 Precinct 24","1404","12","Republican","11"
"105","16","CITY OF CHICAGO","205","Chad Koppie","310","7TH CONGRESS","Ward 11 Precinct 08","1721","12","Republican","292"
"105","16","CITY OF CHICAGO","205","Chad Koppie","310","7TH CONGRESS","Ward 16 Precinct 03","954","12","Republican","25"
"105","16","CITY OF CHICAGO","205","Chad Koppie","310","7TH CONGRESS","Ward 16 Precinct 06","1151","12","Republican","32"
"105","16","CITY OF CHICAGO","205","Chad Koppie","310","7TH CONGRESS","Ward 16 Precinct 13","516","12","Republican","14"
"105","16","CITY OF CHICAGO","200","Danny K. Davis","310","7TH CONGRESS","Ward 11 Precinct 08","1721","11","Democratic","455"
"105","16","CITY OF CHICAGO","200","Danny K. Davis","310","7TH CONGRESS","Ward 16 Precinct 03","954","11","Democratic","348"
"105","16","CITY OF CHICAGO","200","Danny K. Davis","310","7TH CONGRESS","Ward 16 Precinct 06","1151","11","Democratic","499"
"105","16","CITY OF CHICAGO","200","Danny K. Davis","310","7TH CONGRESS","Ward 16 Precinct 07","793","11","Democratic","258"
"105","16","CITY OF CHICAGO","200","Danny K. Davis","310","7TH CONGRESS","Ward 16 Precinct 16","902","11","Democratic","338"
"105","16","CITY OF CHICAGO","200","Danny K. Davis","310","7TH CONGRESS","Ward 16 Precinct 25","464","11","Democratic","167"
"105","16","CITY OF CHICAGO","200","Danny K. Davis","310","7TH CONGRESS","Ward 17 Precinct 09","923","11","Democratic","326"
"105","16","CITY OF CHICAGO","200","Danny K. Davis","310","7TH CONGRESS","Ward 17 Precinct 13","795","11","Democratic","262"
"105","16","CITY OF CHICAGO","200","Danny K. Davis","310","7TH CONGRESS","Ward 20 Precinct 03","776","11","Democratic","210"
"105","16","CITY OF CHICAGO","200","Danny K. Davis","310","7TH CONGRESS","Ward 20 Precinct 11","1231","11","Democratic","523"
"105","16","CITY OF CHICAGO","200","Danny K. Davis","310","7TH CONGRESS","Ward 24 Precinct 06","1171","11","Democratic","524"
"105","16","CITY OF CHICAGO","200","Danny K. Davis","310","7TH CONGRESS","Ward 24 Precinct 09","1595","11","Democratic","652"
"105","16","CITY OF CHICAGO","200","Danny K. Davis","310","7TH CONGRESS","Ward 24 Precinct 20","1024","11","Democratic","510"
"105","16","CITY OF CHICAGO","200","Danny K. Davis","310","7TH CONGRESS","Ward 25 Precinct 13","1452","11","Democratic","709"
"105","16","CITY OF CHICAGO","200","Danny K. Davis","310","7TH CONGRESS","Ward 27 Precinct 10","1055","11","Democratic","537"
"105","16","CITY OF CHICAGO","200","Danny K. Davis","310","7TH CONGRESS","Ward 27 Precinct 12","924","11","Democratic","348"
"105","16","CITY OF CHICAGO","200","Danny K. Davis","310","7TH CONGRESS","Ward 27 Precinct 19","682","11","Democratic","236"
"105","16","CITY OF CHICAGO","200","Danny K. Davis","310","7TH CONGRESS","Ward 27 Precinct 20","1021","11","Democratic","456"
"105","16","CITY OF CHICAGO","200","Danny K. Davis","310","7TH CONGRESS","Ward 27 Precinct 26","1250","11","Democratic","658"
"105","16","CITY OF CHICAGO","200","Danny K. Davis","310","7TH CONGRESS","Ward 27 Precinct 27","1021","11","Democratic","493"
"105","16","CITY OF CHICAGO","200","Danny K. Davis","310","7TH CONGRESS","Ward 28 Precinct 09","799","11","Democratic","323"
"105","16","CITY OF CHICAGO","200","Danny K. Davis","310","7TH CONGRESS","Ward 28 Precinct 10","840","11","Democratic","182"
"105","16","CITY OF CHICAGO","200","Danny K. Davis","310","7TH CONGRESS","Ward 28 Precinct 11","1388","11","Democratic","722"
"105","16","CITY OF CHICAGO","200","Danny K. Davis","310","7TH CONGRESS","Ward 28 Precinct 17","1132","11","Democratic","478"
"105","16","CITY OF CHICAGO","200","Danny K. Davis","310","7TH CONGRESS","Ward 28 Precinct 19","1173","11","Democratic","447"
"105","16","CITY OF CHICAGO","200","Danny K. Davis","310","7TH CONGRESS","Ward 29 Precinct 11","1133","11","Democratic","562"
"105","16","CITY OF CHICAGO","200","Danny K. Davis","310","7TH CONGRESS","Ward 29 Precinct 14","1466","11","Democratic","662"
"105","16","CITY OF CHICAGO","200","Danny K. Davis","310","7TH CONGRESS","Ward 29 Precinct 24","1150","11","Democratic","548"
"105","16","CITY OF CHICAGO","200","Danny K. Davis","310","7TH CONGRESS","Ward 34 Precinct 08","915","11","Democratic","519"
"105","16","CITY OF CHICAGO","200","Danny K. Davis","310","7TH CONGRESS","Ward 34 Precinct 18","1490","11","Democratic","1011"
"105","16","CITY OF CHICAGO","200","Danny K. Davis","310","7TH CONGRESS","Ward 36 Precinct 21","961","11","Democratic","583"
"105","16","CITY OF CHICAGO","200","Danny K. Davis","310","7TH CONGRESS","Ward 37 Precinct 03","1327","11","Democratic","534"
"105","16","CITY OF CHICAGO","200","Danny K. Davis","310","7TH CONGRESS","Ward 37 Precinct 06","1515","11","Democratic","719"
"105","16","CITY OF CHICAGO","200","Danny K. Davis","310","7TH CONGRESS","Ward 37 Precinct 15","1390","11","Democratic","585"
"105","16","CITY OF CHICAGO","200","Danny K. Davis","310","7TH CONGRESS","Ward 37 Precinct 16","1457","11","Democratic","625"
"105","16","CITY OF CHICAGO","200","Danny K. Davis","310","7TH CONGRESS","Ward 37 Precinct 17","1079","11","Democratic","455"
"105","16","CITY OF CHICAGO","205","Chad Koppie","310","7TH CONGRESS","Ward 16 Precinct 16","902","12","Republican","28"
"105","16","CITY OF CHICAGO","205","Chad Koppie","310","7TH CONGRESS","Ward 16 Precinct 25","464","12","Republican","20"
"105","16","CITY OF CHICAGO","205","Chad Koppie","310","7TH CONGRESS","Ward 17 Precinct 09","923","12","Republican","18"
"105","16","CITY OF CHICAGO","205","Chad Koppie","310","7TH CONGRESS","Ward 20 Precinct 03","776","12","Republican","39"
"105","16","CITY OF CHICAGO","205","Chad Koppie","310","7TH CONGRESS","Ward 20 Precinct 11","1231","12","Republican","31"
"105","16","CITY OF CHICAGO","205","Chad Koppie","310","7TH CONGRESS","Ward 24 Precinct 06","1171","12","Republican","33"
"105","16","CITY OF CHICAGO","205","Chad Koppie","310","7TH CONGRESS","Ward 27 Precinct 08","1440","12","Republican","28"
"105","16","CITY OF CHICAGO","205","Chad Koppie","310","7TH CONGRESS","Ward 27 Precinct 10","1055","12","Republican","50"
"105","16","CITY OF CHICAGO","205","Chad Koppie","310","7TH CONGRESS","Ward 27 Precinct 19","682","12","Republican","47"
"105","16","CITY OF CHICAGO","205","Chad Koppie","310","7TH CONGRESS","Ward 27 Precinct 26","1250","12","Republican","74"
"105","16","CITY OF CHICAGO","205","Chad Koppie","310","7TH CONGRESS","Ward 27 Precinct 27","1021","12","Republican","73"
"105","16","CITY OF CHICAGO","205","Chad Koppie","310","7TH CONGRESS","Ward 28 Precinct 09","799","12","Republican","22"
"105","16","CITY OF CHICAGO","205","Chad Koppie","310","7TH CONGRESS","Ward 28 Precinct 10","840","12","Republican","24"
"105","16","CITY OF CHICAGO","205","Chad Koppie","310","7TH CONGRESS","Ward 28 Precinct 17","1132","12","Republican","53"
"105","16","CITY OF CHICAGO","205","Chad Koppie","310","7TH CONGRESS","Ward 29 Precinct 08","1707","12","Republican","216"
"105","16","CITY OF CHICAGO","205","Chad Koppie","310","7TH CONGRESS","Ward 29 Precinct 11","1133","12","Republican","65"
"105","16","CITY OF CHICAGO","205","Chad Koppie","310","7TH CONGRESS","Ward 29 Precinct 24","1150","12","Republican","38"
"105","16","CITY OF CHICAGO","205","Chad Koppie","310","7TH CONGRESS","Ward 34 Precinct 08","915","12","Republican","214"
"105","16","CITY OF CHICAGO","205","Chad Koppie","310","7TH CONGRESS","Ward 34 Precinct 18","1490","12","Republican","179"
"105","16","CITY OF CHICAGO","205","Chad Koppie","310","7TH CONGRESS","Ward 37 Precinct 03","1327","12","Republican","41"
"105","16","CITY OF CHICAGO","205","Chad Koppie","310","7TH CONGRESS","Ward 37 Precinct 15","1390","12","Republican","44"
"105","16","CITY OF CHICAGO","205","Chad Koppie","310","7TH CONGRESS","Ward 37 Precinct 16","1457","12","Republican","89"
"105","16","CITY OF CHICAGO","205","Chad Koppie","310","7TH CONGRESS","Ward 42 Precinct 12","930","12","Republican","252"
"105","16","CITY OF CHICAGO","205","Chad Koppie","310","7TH CONGRESS","Ward 42 Precinct 19","1506","12","Republican","374"
"105","16","CITY OF CHICAGO","205","Chad Koppie","310","7TH CONGRESS","Ward 42 Precinct 20","1531","12","Republican","382"
"105","16","CITY OF CHICAGO","205","Chad Koppie","310","7TH CONGRESS","Ward 42 Precinct 22","1803","12","Republican","401"
"105","16","CITY OF CHICAGO","50000","Write-in","310","7TH CONGRESS","Ward 04 Precinct 25","1654","99","Nonpartisan","1"
"105","16","CITY OF CHICAGO","50000","Write-in","310","7TH CONGRESS","Ward 04 Precinct 28","1610","99","Nonpartisan","4"
"105","16","CITY OF CHICAGO","50000","Write-in","310","7TH CONGRESS","Ward 11 Precinct 13","1074","99","Nonpartisan","1"
"105","16","CITY OF CHICAGO","50000","Write-in","310","7TH CONGRESS","Ward 11 Precinct 23","1099","99","Nonpartisan","2"
"105","16","CITY OF CHICAGO","50000","Write-in","310","7TH CONGRESS","Ward 17 Precinct 12","568","99","Nonpartisan","1"
"105","16","CITY OF CHICAGO","50000","Write-in","310","7TH CONGRESS","Ward 27 Precinct 02","1436","99","Nonpartisan","1"
"105","16","CITY OF CHICAGO","50000","Write-in","310","7TH CONGRESS","Ward 37 Precinct 20","1597","99","Nonpartisan","1"
"105","16","CITY OF CHICAGO","50000","Write-in","310","7TH CONGRESS","Ward 42 Precinct 14","402","99","Nonpartisan","1"
"105","16","CITY OF CHICAGO","200","Danny K. Davis","310","7TH CONGRESS","Ward 16 Precinct 20","981","11","Democratic","259"
"105","16","CITY OF CHICAGO","200","Danny K. Davis","310","7TH CONGRESS","Ward 17 Precinct 04","1064","11","Democratic","423"
"105","16","CITY OF CHICAGO","200","Danny K. Davis","310","7TH CONGRESS","Ward 20 Precinct 05","1050","11","Democratic","419"
"105","16","CITY OF CHICAGO","200","Danny K. Davis","310","7TH CONGRESS","Ward 24 Precinct 13","1490","11","Democratic","658"
"105","16","CITY OF CHICAGO","200","Danny K. Davis","310","7TH CONGRESS","Ward 24 Precinct 14","1039","11","Democratic","481"
"105","16","CITY OF CHICAGO","200","Danny K. Davis","310","7TH CONGRESS","Ward 25 Precinct 15","1065","11","Democratic","607"
"105","16","CITY OF CHICAGO","200","Danny K. Davis","310","7TH CONGRESS","Ward 27 Precinct 13","1126","11","Democratic","674"
"105","16","CITY OF CHICAGO","200","Danny K. Davis","310","7TH CONGRESS","Ward 28 Precinct 02","1020","11","Democratic","398"
"105","16","CITY OF CHICAGO","200","Danny K. Davis","310","7TH CONGRESS","Ward 28 Precinct 13","1124","11","Democratic","661"
"105","16","CITY OF CHICAGO","200","Danny K. Davis","310","7TH CONGRESS","Ward 28 Precinct 20","978","11","Democratic","393"
"105","16","CITY OF CHICAGO","200","Danny K. Davis","310","7TH CONGRESS","Ward 28 Precinct 21","1035","11","Democratic","441"
"105","16","CITY OF CHICAGO","200","Danny K. Davis","310","7TH CONGRESS","Ward 29 Precinct 05","856","11","Democratic","184"
"105","16","CITY OF CHICAGO","200","Danny K. Davis","310","7TH CONGRESS","Ward 29 Precinct 17","1027","11","Democratic","526"
"105","16","CITY OF CHICAGO","200","Danny K. Davis","310","7TH CONGRESS","Ward 29 Precinct 20","1188","11","Democratic","503"
"105","16","CITY OF CHICAGO","200","Danny K. Davis","310","7TH CONGRESS","Ward 36 Precinct 22","1201","11","Democratic","761"
"105","16","CITY OF CHICAGO","200","Danny K. Davis","310","7TH CONGRESS","Ward 36 Precinct 25","1349","11","Democratic","816"
"105","16","CITY OF CHICAGO","200","Danny K. Davis","310","7TH CONGRESS","Ward 37 Precinct 08","1560","11","Democratic","667"
"105","16","CITY OF CHICAGO","200","Danny K. Davis","310","7TH CONGRESS","Ward 42 Precinct 05","1533","11","Democratic","956"
"105","16","CITY OF CHICAGO","200","Danny K. Davis","310","7TH CONGRESS","Ward 42 Precinct 08","848","11","Democratic","533"
"105","16","CITY OF CHICAGO","205","Chad Koppie","310","7TH CONGRESS","Ward 02 Precinct 04","1367","12","Republican","270"
"105","16","CITY OF CHICAGO","205","Chad Koppie","310","7TH CONGRESS","Ward 03 Precinct 03","1244","12","Republican","83"
"105","16","CITY OF CHICAGO","205","Chad Koppie","310","7TH CONGRESS","Ward 03 Precinct 07","691","12","Republican","22"
"105","16","CITY OF CHICAGO","205","Chad Koppie","310","7TH CONGRESS","Ward 03 Precinct 15","1340","12","Republican","40"
"105","16","CITY OF CHICAGO","205","Chad Koppie","310","7TH CONGRESS","Ward 03 Precinct 19","1655","12","Republican","105"
"105","16","CITY OF CHICAGO","205","Chad Koppie","310","7TH CONGRESS","Ward 04 Precinct 27","1513","12","Republican","146"
"105","16","CITY OF CHICAGO","205","Chad Koppie","310","7TH CONGRESS","Ward 11 Precinct 09","1559","12","Republican","304"
"105","16","CITY OF CHICAGO","205","Chad Koppie","310","7TH CONGRESS","Ward 11 Precinct 12","400","12","Republican","126"
"105","16","CITY OF CHICAGO","205","Chad Koppie","310","7TH CONGRESS","Ward 11 Precinct 21","1385","12","Republican","374"
"105","16","CITY OF CHICAGO","205","Chad Koppie","310","7TH CONGRESS","Ward 15 Precinct 15","976","12","Republican","78"
"105","16","CITY OF CHICAGO","205","Chad Koppie","310","7TH CONGRESS","Ward 16 Precinct 08","692","12","Republican","28"
"105","16","CITY OF CHICAGO","205","Chad Koppie","310","7TH CONGRESS","Ward 16 Precinct 17","1693","12","Republican","82"
"105","16","CITY OF CHICAGO","205","Chad Koppie","310","7TH CONGRESS","Ward 17 Precinct 11","997","12","Republican","28"
"105","16","CITY OF CHICAGO","205","Chad Koppie","310","7TH CONGRESS","Ward 17 Precinct 14","689","12","Republican","18"
"105","16","CITY OF CHICAGO","205","Chad Koppie","310","7TH CONGRESS","Ward 20 Precinct 04","426","12","Republican","23"
"105","16","CITY OF CHICAGO","205","Chad Koppie","310","7TH CONGRESS","Ward 20 Precinct 23","633","12","Republican","17"
"105","16","CITY OF CHICAGO","205","Chad Koppie","310","7TH CONGRESS","Ward 24 Precinct 07","730","12","Republican","16"
"105","16","CITY OF CHICAGO","200","Danny K. Davis","310","7TH CONGRESS","Ward 11 Precinct 14","1876","11","Democratic","756"
"105","16","CITY OF CHICAGO","200","Danny K. Davis","310","7TH CONGRESS","Ward 15 Precinct 02","936","11","Democratic","242"
"105","16","CITY OF CHICAGO","200","Danny K. Davis","310","7TH CONGRESS","Ward 15 Precinct 18","990","11","Democratic","403"
"105","16","CITY OF CHICAGO","200","Danny K. Davis","310","7TH CONGRESS","Ward 16 Precinct 10","984","11","Democratic","376"
"105","16","CITY OF CHICAGO","200","Danny K. Davis","310","7TH CONGRESS","Ward 16 Precinct 11","871","11","Democratic","337"
"105","16","CITY OF CHICAGO","200","Danny K. Davis","310","7TH CONGRESS","Ward 16 Precinct 12","439","11","Democratic","172"
"105","16","CITY OF CHICAGO","200","Danny K. Davis","310","7TH CONGRESS","Ward 18 Precinct 11","1309","11","Democratic","608"
"105","16","CITY OF CHICAGO","200","Danny K. Davis","310","7TH CONGRESS","Ward 20 Precinct 06","593","11","Democratic","203"
"105","16","CITY OF CHICAGO","200","Danny K. Davis","310","7TH CONGRESS","Ward 20 Precinct 07","650","11","Democratic","293"
"105","16","CITY OF CHICAGO","200","Danny K. Davis","310","7TH CONGRESS","Ward 22 Precinct 01","695","11","Democratic","287"
"105","16","CITY OF CHICAGO","200","Danny K. Davis","310","7TH CONGRESS","Ward 24 Precinct 03","1259","11","Democratic","548"
"105","16","CITY OF CHICAGO","200","Danny K. Davis","310","7TH CONGRESS","Ward 24 Precinct 12","1811","11","Democratic","854"
"105","16","CITY OF CHICAGO","200","Danny K. Davis","310","7TH CONGRESS","Ward 25 Precinct 03","1116","11","Democratic","67"
"105","16","CITY OF CHICAGO","200","Danny K. Davis","310","7TH CONGRESS","Ward 27 Precinct 03","1203","11","Democratic","469"
"105","16","CITY OF CHICAGO","200","Danny K. Davis","310","7TH CONGRESS","Ward 27 Precinct 04","1277","11","Democratic","722"
"105","16","CITY OF CHICAGO","200","Danny K. Davis","310","7TH CONGRESS","Ward 27 Precinct 05","1289","11","Democratic","448"
"105","16","CITY OF CHICAGO","200","Danny K. Davis","310","7TH CONGRESS","Ward 27 Precinct 06","1454","11","Democratic","815"
"105","16","CITY OF CHICAGO","200","Danny K. Davis","310","7TH CONGRESS","Ward 27 Precinct 22","989","11","Democratic","504"
"105","16","CITY OF CHICAGO","200","Danny K. Davis","310","7TH CONGRESS","Ward 27 Precinct 23","1096","11","Democratic","452"
"105","16","CITY OF CHICAGO","200","Danny K. Davis","310","7TH CONGRESS","Ward 28 Precinct 01","1030","11","Democratic","420"
"105","16","CITY OF CHICAGO","200","Danny K. Davis","310","7TH CONGRESS","Ward 28 Precinct 04","958","11","Democratic","354"
"105","16","CITY OF CHICAGO","200","Danny K. Davis","310","7TH CONGRESS","Ward 28 Precinct 15","549","11","Democratic","386"
"105","16","CITY OF CHICAGO","200","Danny K. Davis","310","7TH CONGRESS","Ward 28 Precinct 24","765","11","Democratic","352"
"105","16","CITY OF CHICAGO","200","Danny K. Davis","310","7TH CONGRESS","Ward 29 Precinct 19","1679","11","Democratic","813"
"105","16","CITY OF CHICAGO","200","Danny K. Davis","310","7TH CONGRESS","Ward 34 Precinct 03","1701","11","Democratic","1133"
"105","16","CITY OF CHICAGO","200","Danny K. Davis","310","7TH CONGRESS","Ward 34 Precinct 12","970","11","Democratic","612"
"105","16","CITY OF CHICAGO","200","Danny K. Davis","310","7TH CONGRESS","Ward 34 Precinct 13","1474","11","Democratic","905"
"105","16","CITY OF CHICAGO","200","Danny K. Davis","310","7TH CONGRESS","Ward 34 Precinct 20","1361","11","Democratic","934"
"105","16","CITY OF CHICAGO","200","Danny K. Davis","310","7TH CONGRESS","Ward 36 Precinct 24","1142","11","Democratic","763"
"105","16","CITY OF CHICAGO","200","Danny K. Davis","310","7TH CONGRESS","Ward 36 Precinct 27","1391","11","Democratic","844"
"105","16","CITY OF CHICAGO","200","Danny K. Davis","310","7TH CONGRESS","Ward 37 Precinct 10","1072","11","Democratic","473"
"105","16","CITY OF CHICAGO","200","Danny K. Davis","310","7TH CONGRESS","Ward 37 Precinct 11","1159","11","Democratic","499"
"105","16","CITY OF CHICAGO","200","Danny K. Davis","310","7TH CONGRESS","Ward 37 Precinct 20","1597","11","Democratic","679"
"105","16","CITY OF CHICAGO","200","Danny K. Davis","310","7TH CONGRESS","Ward 42 Precinct 07","1135","11","Democratic","704"
"105","16","CITY OF CHICAGO","205","Chad Koppie","310","7TH CONGRESS","Ward 02 Precinct 18","1238","12","Republican","318"
"105","16","CITY OF CHICAGO","205","Chad Koppie","310","7TH CONGRESS","Ward 03 Precinct 06","1440","12","Republican","117"
"105","16","CITY OF CHICAGO","200","Danny K. Davis","310","7TH CONGRESS","Ward 27 Precinct 21","570","11","Democratic","126"
"105","16","CITY OF CHICAGO","200","Danny K. Davis","310","7TH CONGRESS","Ward 27 Precinct 28","971","11","Democratic","549"
"105","16","CITY OF CHICAGO","200","Danny K. Davis","310","7TH CONGRESS","Ward 28 Precinct 12","1631","11","Democratic","944"
"105","16","CITY OF CHICAGO","200","Danny K. Davis","310","7TH CONGRESS","Ward 28 Precinct 22","861","11","Democratic","332"
"105","16","CITY OF CHICAGO","200","Danny K. Davis","310","7TH CONGRESS","Ward 29 Precinct 15","1457","11","Democratic","687"
"105","16","CITY OF CHICAGO","200","Danny K. Davis","310","7TH CONGRESS","Ward 29 Precinct 18","1457","11","Democratic","739"
"105","16","CITY OF CHICAGO","200","Danny K. Davis","310","7TH CONGRESS","Ward 34 Precinct 01","1104","11","Democratic","735"
"105","16","CITY OF CHICAGO","200","Danny K. Davis","310","7TH CONGRESS","Ward 34 Precinct 09","1741","11","Democratic","1035"
"105","16","CITY OF CHICAGO","200","Danny K. Davis","310","7TH CONGRESS","Ward 34 Precinct 10","647","11","Democratic","399"
"105","16","CITY OF CHICAGO","200","Danny K. Davis","310","7TH CONGRESS","Ward 34 Precinct 19","1121","11","Democratic","820"
"105","16","CITY OF CHICAGO","200","Danny K. Davis","310","7TH CONGRESS","Ward 36 Precinct 23","1077","11","Democratic","694"
"105","16","CITY OF CHICAGO","200","Danny K. Davis","310","7TH CONGRESS","Ward 37 Precinct 09","796","11","Democratic","318"
"105","16","CITY OF CHICAGO","200","Danny K. Davis","310","7TH CONGRESS","Ward 37 Precinct 18","1341","11","Democratic","549"
"105","16","CITY OF CHICAGO","200","Danny K. Davis","310","7TH CONGRESS","Ward 42 Precinct 03","1797","11","Democratic","1025"
"105","16","CITY OF CHICAGO","200","Danny K. Davis","310","7TH CONGRESS","Ward 42 Precinct 06","606","11","Democratic","373"
"105","16","CITY OF CHICAGO","200","Danny K. Davis","310","7TH CONGRESS","Ward 42 Precinct 15","522","11","Democratic","294"
"105","16","CITY OF CHICAGO","205","Chad Koppie","310","7TH CONGRESS","Ward 01 Precinct 21","1269","12","Republican","2"
"105","16","CITY OF CHICAGO","205","Chad Koppie","310","7TH CONGRESS","Ward 02 Precinct 02","1674","12","Republican","293"
"105","16","CITY OF CHICAGO","205","Chad Koppie","310","7TH CONGRESS","Ward 03 Precinct 02","1168","12","Republican","2"
"105","16","CITY OF CHICAGO","205","Chad Koppie","310","7TH CONGRESS","Ward 03 Precinct 05","380","12","Republican","22"
"105","16","CITY OF CHICAGO","205","Chad Koppie","310","7TH CONGRESS","Ward 03 Precinct 16","613","12","Republican","50"
"105","16","CITY OF CHICAGO","205","Chad Koppie","310","7TH CONGRESS","Ward 04 Precinct 25","1654","12","Republican","201"
"105","16","CITY OF CHICAGO","205","Chad Koppie","310","7TH CONGRESS","Ward 11 Precinct 07","1427","12","Republican","127"
"105","16","CITY OF CHICAGO","205","Chad Koppie","310","7TH CONGRESS","Ward 11 Precinct 10","335","12","Republican","59"
"105","16","CITY OF CHICAGO","205","Chad Koppie","310","7TH CONGRESS","Ward 11 Precinct 22","1222","12","Republican","337"
"105","16","CITY OF CHICAGO","205","Chad Koppie","310","7TH CONGRESS","Ward 16 Precinct 05","1430","12","Republican","40"
"105","16","CITY OF CHICAGO","205","Chad Koppie","310","7TH CONGRESS","Ward 16 Precinct 15","1041","12","Republican","46"
"105","16","CITY OF CHICAGO","205","Chad Koppie","310","7TH CONGRESS","Ward 16 Precinct 24","921","12","Republican","27"
"105","16","CITY OF CHICAGO","205","Chad Koppie","310","7TH CONGRESS","Ward 17 Precinct 02","881","12","Republican","28"
"105","16","CITY OF CHICAGO","205","Chad Koppie","310","7TH CONGRESS","Ward 17 Precinct 12","568","12","Republican","19"
"105","16","CITY OF CHICAGO","205","Chad Koppie","310","7TH CONGRESS","Ward 20 Precinct 10","1532","12","Republican","56"
"105","16","CITY OF CHICAGO","205","Chad Koppie","310","7TH CONGRESS","Ward 24 Precinct 05","1864","12","Republican","57"
"105","16","CITY OF CHICAGO","205","Chad Koppie","310","7TH CONGRESS","Ward 24 Precinct 08","818","12","Republican","23"
"105","16","CITY OF CHICAGO","205","Chad Koppie","310","7TH CONGRESS","Ward 27 Precinct 01","1119","12","Republican","164"
"105","16","CITY OF CHICAGO","205","Chad Koppie","310","7TH CONGRESS","Ward 28 Precinct 18","944","12","Republican","32"
"105","16","CITY OF CHICAGO","205","Chad Koppie","310","7TH CONGRESS","Ward 29 Precinct 10","1375","12","Republican","69"
"105","16","CITY OF CHICAGO","200","Danny K. Davis","310","7TH CONGRESS","Ward 17 Precinct 08","744","11","Democratic","270"
"105","16","CITY OF CHICAGO","200","Danny K. Davis","310","7TH CONGRESS","Ward 17 Precinct 11","997","11","Democratic","342"
"105","16","CITY OF CHICAGO","200","Danny K. Davis","310","7TH CONGRESS","Ward 20 Precinct 08","871","11","Democratic","202"
"105","16","CITY OF CHICAGO","200","Danny K. Davis","310","7TH CONGRESS","Ward 20 Precinct 09","1220","11","Democratic","688"
"105","16","CITY OF CHICAGO","200","Danny K. Davis","310","7TH CONGRESS","Ward 24 Precinct 04","1252","11","Democratic","534"
"105","16","CITY OF CHICAGO","200","Danny K. Davis","310","7TH CONGRESS","Ward 24 Precinct 07","730","11","Democratic","287"
"105","16","CITY OF CHICAGO","200","Danny K. Davis","310","7TH CONGRESS","Ward 24 Precinct 17","1204","11","Democratic","464"
"105","16","CITY OF CHICAGO","200","Danny K. Davis","310","7TH CONGRESS","Ward 26 Precinct 27","1294","11","Democratic","228"
"105","16","CITY OF CHICAGO","200","Danny K. Davis","310","7TH CONGRESS","Ward 27 Precinct 09","1511","11","Democratic","785"
"105","16","CITY OF CHICAGO","200","Danny K. Davis","310","7TH CONGRESS","Ward 27 Precinct 11","1268","11","Democratic","762"
"105","16","CITY OF CHICAGO","200","Danny K. Davis","310","7TH CONGRESS","Ward 27 Precinct 18","1586","11","Democratic","865"
"105","16","CITY OF CHICAGO","200","Danny K. Davis","310","7TH CONGRESS","Ward 28 Precinct 07","939","11","Democratic","278"
"105","16","CITY OF CHICAGO","200","Danny K. Davis","310","7TH CONGRESS","Ward 28 Precinct 16","1560","11","Democratic","746"
"105","16","CITY OF CHICAGO","200","Danny K. Davis","310","7TH CONGRESS","Ward 28 Precinct 26","497","11","Democratic","230"
"105","16","CITY OF CHICAGO","200","Danny K. Davis","310","7TH CONGRESS","Ward 29 Precinct 09","947","11","Democratic","531"
"105","16","CITY OF CHICAGO","200","Danny K. Davis","310","7TH CONGRESS","Ward 29 Precinct 12","1442","11","Democratic","741"
"105","16","CITY OF CHICAGO","200","Danny K. Davis","310","7TH CONGRESS","Ward 29 Precinct 22","1568","11","Democratic","768"
"105","16","CITY OF CHICAGO","200","Danny K. Davis","310","7TH CONGRESS","Ward 34 Precinct 05","1472","11","Democratic","1061"
"105","16","CITY OF CHICAGO","200","Danny K. Davis","310","7TH CONGRESS","Ward 36 Precinct 17","1069","11","Democratic","608"
"105","16","CITY OF CHICAGO","200","Danny K. Davis","310","7TH CONGRESS","Ward 37 Precinct 01","1320","11","Democratic","545"
"105","16","CITY OF CHICAGO","200","Danny K. Davis","310","7TH CONGRESS","Ward 37 Precinct 04","1164","11","Democratic","532"
"105","16","CITY OF CHICAGO","200","Danny K. Davis","310","7TH CONGRESS","Ward 42 Precinct 13","538","11","Democratic","333"
"105","16","CITY OF CHICAGO","200","Danny K. Davis","310","7TH CONGRESS","Ward 42 Precinct 21","1791","11","Democratic","1032"
"105","16","CITY OF CHICAGO","205","Chad Koppie","310","7TH CONGRESS","Ward 01 Precinct 15","1471","12","Republican","168"
"105","16","CITY OF CHICAGO","205","Chad Koppie","310","7TH CONGRESS","Ward 02 Precinct 10","1037","12","Republican","210"
"105","16","CITY OF CHICAGO","205","Chad Koppie","310","7TH CONGRESS","Ward 02 Precinct 11","1264","12","Republican","299"
"105","16","CITY OF CHICAGO","205","Chad Koppie","310","7TH CONGRESS","Ward 02 Precinct 23","1240","12","Republican","102"
"105","16","CITY OF CHICAGO","205","Chad Koppie","310","7TH CONGRESS","Ward 03 Precinct 09","830","12","Republican","74"
"105","16","CITY OF CHICAGO","205","Chad Koppie","310","7TH CONGRESS","Ward 03 Precinct 12","1502","12","Republican","53"
"105","16","CITY OF CHICAGO","205","Chad Koppie","310","7TH CONGRESS","Ward 03 Precinct 21","1234","12","Republican","122"
"105","16","CITY OF CHICAGO","205","Chad Koppie","310","7TH CONGRESS","Ward 11 Precinct 01","817","12","Republican","97"
"105","16","CITY OF CHICAGO","205","Chad Koppie","310","7TH CONGRESS","Ward 15 Precinct 03","450","12","Republican","95"
"105","16","CITY OF CHICAGO","205","Chad Koppie","310","7TH CONGRESS","Ward 15 Precinct 10","955","12","Republican","22"
"105","16","CITY OF CHICAGO","205","Chad Koppie","310","7TH CONGRESS","Ward 15 Precinct 19","784","12","Republican","23"
"105","16","CITY OF CHICAGO","205","Chad Koppie","310","7TH CONGRESS","Ward 16 Precinct 20","981","12","Republican","17"
"105","16","CITY OF CHICAGO","205","Chad Koppie","310","7TH CONGRESS","Ward 20 Precinct 01","1127","12","Republican","17"
"105","16","CITY OF CHICAGO","200","Danny K. Davis","310","7TH CONGRESS","Ward 16 Precinct 13","516","11","Democratic","217"
"105","16","CITY OF CHICAGO","200","Danny K. Davis","310","7TH CONGRESS","Ward 16 Precinct 21","851","11","Democratic","311"
"105","16","CITY OF CHICAGO","200","Danny K. Davis","310","7TH CONGRESS","Ward 17 Precinct 06","1080","11","Democratic","406"
"105","16","CITY OF CHICAGO","200","Danny K. Davis","310","7TH CONGRESS","Ward 17 Precinct 07","585","11","Democratic","236"
"105","16","CITY OF CHICAGO","200","Danny K. Davis","310","7TH CONGRESS","Ward 24 Precinct 01","713","11","Democratic","334"
"105","16","CITY OF CHICAGO","200","Danny K. Davis","310","7TH CONGRESS","Ward 24 Precinct 02","612","11","Democratic","286"
"105","16","CITY OF CHICAGO","200","Danny K. Davis","310","7TH CONGRESS","Ward 24 Precinct 16","481","11","Democratic","207"
"105","16","CITY OF CHICAGO","200","Danny K. Davis","310","7TH CONGRESS","Ward 25 Precinct 17","772","11","Democratic","381"
"105","16","CITY OF CHICAGO","200","Danny K. Davis","310","7TH CONGRESS","Ward 27 Precinct 08","1440","11","Democratic","286"
"105","16","CITY OF CHICAGO","200","Danny K. Davis","310","7TH CONGRESS","Ward 27 Precinct 14","1133","11","Democratic","539"
"105","16","CITY OF CHICAGO","200","Danny K. Davis","310","7TH CONGRESS","Ward 27 Precinct 15","1517","11","Democratic","777"
"105","16","CITY OF CHICAGO","200","Danny K. Davis","310","7TH CONGRESS","Ward 27 Precinct 16","2037","11","Democratic","1249"
"105","16","CITY OF CHICAGO","200","Danny K. Davis","310","7TH CONGRESS","Ward 28 Precinct 03","308","11","Democratic","102"
"105","16","CITY OF CHICAGO","200","Danny K. Davis","310","7TH CONGRESS","Ward 28 Precinct 06","1209","11","Democratic","551"
"105","16","CITY OF CHICAGO","200","Danny K. Davis","310","7TH CONGRESS","Ward 28 Precinct 14","1099","11","Democratic","637"
"105","16","CITY OF CHICAGO","200","Danny K. Davis","310","7TH CONGRESS","Ward 28 Precinct 23","1049","11","Democratic","439"
"105","16","CITY OF CHICAGO","200","Danny K. Davis","310","7TH CONGRESS","Ward 28 Precinct 25","1833","11","Democratic","756"
"105","16","CITY OF CHICAGO","200","Danny K. Davis","310","7TH CONGRESS","Ward 29 Precinct 07","1282","11","Democratic","703"
"105","16","CITY OF CHICAGO","200","Danny K. Davis","310","7TH CONGRESS","Ward 29 Precinct 08","1707","11","Democratic","993"
"105","16","CITY OF CHICAGO","200","Danny K. Davis","310","7TH CONGRESS","Ward 29 Precinct 21","1178","11","Democratic","596"
"105","16","CITY OF CHICAGO","200","Danny K. Davis","310","7TH CONGRESS","Ward 34 Precinct 02","694","11","Democratic","383"
"105","16","CITY OF CHICAGO","200","Danny K. Davis","310","7TH CONGRESS","Ward 34 Precinct 04","917","11","Democratic","498"
"105","16","CITY OF CHICAGO","200","Danny K. Davis","310","7TH CONGRESS","Ward 36 Precinct 26","1164","11","Democratic","816"
"105","16","CITY OF CHICAGO","200","Danny K. Davis","310","7TH CONGRESS","Ward 42 Precinct 09","1283","11","Democratic","230"
"105","16","CITY OF CHICAGO","200","Danny K. Davis","310","7TH CONGRESS","Ward 42 Precinct 16","1624","11","Democratic","893"
"105","16","CITY OF CHICAGO","200","Danny K. Davis","310","7TH CONGRESS","Ward 42 Precinct 19","1506","11","Democratic","857"
"105","16","CITY OF CHICAGO","205","Chad Koppie","310","7TH CONGRESS","Ward 01 Precinct 13","1060","12","Republican","105"
"105","16","CITY OF CHICAGO","205","Chad Koppie","310","7TH CONGRESS","Ward 01 Precinct 22","1719","12","Republican","214"
"105","16","CITY OF CHICAGO","205","Chad Koppie","310","7TH CONGRESS","Ward 02 Precinct 21","252","12","Republican","80"
"105","16","CITY OF CHICAGO","205","Chad Koppie","310","7TH CONGRESS","Ward 02 Precinct 22","1131","12","Republican","276"
"105","16","CITY OF CHICAGO","205","Chad Koppie","310","7TH CONGRESS","Ward 03 Precinct 08","1511","12","Republican","54"
"105","16","CITY OF CHICAGO","205","Chad Koppie","310","7TH CONGRESS","Ward 04 Precinct 28","1610","12","Republican","200"
"105","16","CITY OF CHICAGO","205","Chad Koppie","310","7TH CONGRESS","Ward 11 Precinct 13","1074","12","Republican","245"
"105","16","CITY OF CHICAGO","205","Chad Koppie","310","7TH CONGRESS","Ward 11 Precinct 14","1876","12","Republican","337"
"105","16","CITY OF CHICAGO","205","Chad Koppie","310","7TH CONGRESS","Ward 11 Precinct 23","1099","12","Republican","271"
"105","16","CITY OF CHICAGO","205","Chad Koppie","310","7TH CONGRESS","Ward 15 Precinct 18","990","12","Republican","44"
"16","0","COOK","200","Danny K. Davis","310","7TH CONGRESS","8500005","1165","11","Democratic","779"
"16","0","COOK","200","Danny K. Davis","310","7TH CONGRESS","8500008","1018","11","Democratic","714"
"16","0","COOK","200","Danny K. Davis","310","7TH CONGRESS","8500019","1327","11","Democratic","852"
"16","0","COOK","200","Danny K. Davis","310","7TH CONGRESS","8500022","1662","11","Democratic","1043"
"16","0","COOK","200","Danny K. Davis","310","7TH CONGRESS","8900003","1109","11","Democratic","530"
"16","0","COOK","200","Danny K. Davis","310","7TH CONGRESS","8900005","1296","11","Democratic","537"
"16","0","COOK","200","Danny K. Davis","310","7TH CONGRESS","8900035","1235","11","Democratic","524"
"16","0","COOK","200","Danny K. Davis","310","7TH CONGRESS","8900038","885","11","Democratic","505"
"16","0","COOK","200","Danny K. Davis","310","7TH CONGRESS","8900049","739","11","Democratic","347"
"16","0","COOK","200","Danny K. Davis","310","7TH CONGRESS","8900058","724","11","Democratic","432"
"16","0","COOK","200","Danny K. Davis","310","7TH CONGRESS","8900071","1718","11","Democratic","267"
"16","0","COOK","205","Chad Koppie","310","7TH CONGRESS","8500003","1364","12","Republican","118"
"16","0","COOK","205","Chad Koppie","310","7TH CONGRESS","8500016","1544","12","Republican","158"
"16","0","COOK","205","Chad Koppie","310","7TH CONGRESS","8500031","1605","12","Republican","140"
"16","0","COOK","205","Chad Koppie","310","7TH CONGRESS","8500032","1409","12","Republican","76"
"16","0","COOK","205","Chad Koppie","310","7TH CONGRESS","8900025","1188","12","Republican","46"
"16","0","COOK","205","Chad Koppie","310","7TH CONGRESS","8900056","1202","12","Republican","60"
"16","0","COOK","205","Chad Koppie","310","7TH CONGRESS","8900059","800","12","Republican","105"
"16","0","COOK","205","Chad Koppie","310","7TH CONGRESS","8900069","756","12","Republican","116"
"16","0","COOK","205","Chad Koppie","310","7TH CONGRESS","8900079","734","12","Republican","50"
"16","0","COOK","205","Chad Koppie","310","7TH CONGRESS","9100004","1118","12","Republican","199"
"16","0","COOK","205","Chad Koppie","310","7TH CONGRESS","9100005","1289","12","Republican","243"
"16","0","COOK","205","Chad Koppie","310","7TH CONGRESS","9100006","664","12","Republican","146"
"16","0","COOK","50001","Write-in","310","7TH CONGRESS","8500011","965","99","Nonpartisan","1"
"16","0","COOK","50001","Write-in","310","7TH CONGRESS","8900042","1310","99","Nonpartisan","2"
"105","16","CITY OF CHICAGO","200","Danny K. Davis","310","7TH CONGRESS","Ward 01 Precinct 15","1471","11","Democratic","1062"
"105","16","CITY OF CHICAGO","200","Danny K. Davis","310","7TH CONGRESS","Ward 02 Precinct 02","1674","11","Democratic","1036"
"105","16","CITY OF CHICAGO","200","Danny K. Davis","310","7TH CONGRESS","Ward 02 Precinct 11","1264","11","Democratic","785"
"105","16","CITY OF CHICAGO","200","Danny K. Davis","310","7TH CONGRESS","Ward 02 Precinct 23","1240","11","Democratic","425"
"105","16","CITY OF CHICAGO","200","Danny K. Davis","310","7TH CONGRESS","Ward 03 Precinct 02","1168","11","Democratic","56"
"105","16","CITY OF CHICAGO","200","Danny K. Davis","310","7TH CONGRESS","Ward 03 Precinct 12","1502","11","Democratic","941"
"105","16","CITY OF CHICAGO","200","Danny K. Davis","310","7TH CONGRESS","Ward 15 Precinct 03","450","11","Democratic","156"
"105","16","CITY OF CHICAGO","200","Danny K. Davis","310","7TH CONGRESS","Ward 15 Precinct 10","955","11","Democratic","153"
"105","16","CITY OF CHICAGO","200","Danny K. Davis","310","7TH CONGRESS","Ward 16 Precinct 15","1041","11","Democratic","441"
"105","16","CITY OF CHICAGO","200","Danny K. Davis","310","7TH CONGRESS","Ward 20 Precinct 01","1127","11","Democratic","63"
"105","16","CITY OF CHICAGO","200","Danny K. Davis","310","7TH CONGRESS","Ward 22 Precinct 02","498","11","Democratic","143"
"105","16","CITY OF CHICAGO","200","Danny K. Davis","310","7TH CONGRESS","Ward 24 Precinct 05","1864","11","Democratic","773"
"105","16","CITY OF CHICAGO","200","Danny K. Davis","310","7TH CONGRESS","Ward 24 Precinct 15","1038","11","Democratic","364"
"105","16","CITY OF CHICAGO","200","Danny K. Davis","310","7TH CONGRESS","Ward 24 Precinct 18","1531","11","Democratic","240"
"105","16","CITY OF CHICAGO","200","Danny K. Davis","310","7TH CONGRESS","Ward 27 Precinct 07","1935","11","Democratic","1096"
"105","16","CITY OF CHICAGO","200","Danny K. Davis","310","7TH CONGRESS","Ward 42 Precinct 02","557","11","Democratic","344"
"105","16","CITY OF CHICAGO","200","Danny K. Davis","310","7TH CONGRESS","Ward 42 Precinct 12","930","11","Democratic","525"
"105","16","CITY OF CHICAGO","200","Danny K. Davis","310","7TH CONGRESS","Ward 42 Precinct 20","1531","11","Democratic","877"
"105","16","CITY OF CHICAGO","200","Danny K. Davis","310","7TH CONGRESS","Ward 42 Precinct 22","1803","11","Democratic","927"
"105","16","CITY OF CHICAGO","205","Chad Koppie","310","7TH CONGRESS","Ward 01 Precinct 14","940","12","Republican","95"
"105","16","CITY OF CHICAGO","205","Chad Koppie","310","7TH CONGRESS","Ward 01 Precinct 16","1489","12","Republican","141"
"105","16","CITY OF CHICAGO","205","Chad Koppie","310","7TH CONGRESS","Ward 02 Precinct 01","1632","12","Republican","350"
"105","16","CITY OF CHICAGO","205","Chad Koppie","310","7TH CONGRESS","Ward 03 Precinct 01","1631","12","Republican","59"
"105","16","CITY OF CHICAGO","205","Chad Koppie","310","7TH CONGRESS","Ward 03 Precinct 11","1748","12","Republican","58"
"105","16","CITY OF CHICAGO","205","Chad Koppie","310","7TH CONGRESS","Ward 03 Precinct 14","1743","12","Republican","238"
"105","16","CITY OF CHICAGO","205","Chad Koppie","310","7TH CONGRESS","Ward 11 Precinct 03","1915","12","Republican","288"
"105","16","CITY OF CHICAGO","205","Chad Koppie","310","7TH CONGRESS","Ward 15 Precinct 02","936","12","Republican","290"
"105","16","CITY OF CHICAGO","205","Chad Koppie","310","7TH CONGRESS","Ward 16 Precinct 02","821","12","Republican","40"
"105","16","CITY OF CHICAGO","205","Chad Koppie","310","7TH CONGRESS","Ward 16 Precinct 04","654","12","Republican","19"
"105","16","CITY OF CHICAGO","205","Chad Koppie","310","7TH CONGRESS","Ward 16 Precinct 12","439","12","Republican","27"
"105","16","CITY OF CHICAGO","205","Chad Koppie","310","7TH CONGRESS","Ward 16 Precinct 14","1443","12","Republican","42"
"105","16","CITY OF CHICAGO","205","Chad Koppie","310","7TH CONGRESS","Ward 16 Precinct 22","1080","12","Republican","60"
"105","16","CITY OF CHICAGO","205","Chad Koppie","310","7TH CONGRESS","Ward 16 Precinct 23","1023","12","Republican","12"
"105","16","CITY OF CHICAGO","205","Chad Koppie","310","7TH CONGRESS","Ward 17 Precinct 08","744","12","Republican","18"
"105","16","CITY OF CHICAGO","205","Chad Koppie","310","7TH CONGRESS","Ward 20 Precinct 07","650","12","Republican","21"
"105","16","CITY OF CHICAGO","205","Chad Koppie","310","7TH CONGRESS","Ward 20 Precinct 08","871","12","Republican","14"
"105","16","CITY OF CHICAGO","205","Chad Koppie","310","7TH CONGRESS","Ward 20 Precinct 09","1220","12","Republican","58"
"105","16","CITY OF CHICAGO","205","Chad Koppie","310","7TH CONGRESS","Ward 24 Precinct 03","1259","12","Republican","46"
"105","16","CITY OF CHICAGO","205","Chad Koppie","310","7TH CONGRESS","Ward 24 Precinct 04","1252","12","Republican","41"
"105","16","CITY OF CHICAGO","205","Chad Koppie","310","7TH CONGRESS","Ward 24 Precinct 17","1204","12","Republican","50"
"105","16","CITY OF CHICAGO","205","Chad Koppie","310","7TH CONGRESS","Ward 26 Precinct 27","1294","12","Republican","54"
"105","16","CITY OF CHICAGO","205","Chad Koppie","310","7TH CONGRESS","Ward 27 Precinct 06","1454","12","Republican","241"
"105","16","CITY OF CHICAGO","205","Chad Koppie","310","7TH CONGRESS","Ward 27 Precinct 09","1511","12","Republican","192"
"105","16","CITY OF CHICAGO","205","Chad Koppie","310","7TH CONGRESS","Ward 27 Precinct 18","1586","12","Republican","95"
"105","16","CITY OF CHICAGO","205","Chad Koppie","310","7TH CONGRESS","Ward 28 Precinct 07","939","12","Republican","32"
"105","16","CITY OF CHICAGO","205","Chad Koppie","310","7TH CONGRESS","Ward 28 Precinct 16","1560","12","Republican","96"
"105","16","CITY OF CHICAGO","205","Chad Koppie","310","7TH CONGRESS","Ward 28 Precinct 26","497","12","Republican","17"
"105","16","CITY OF CHICAGO","205","Chad Koppie","310","7TH CONGRESS","Ward 29 Precinct 09","947","12","Republican","38"
"105","16","CITY OF CHICAGO","205","Chad Koppie","310","7TH CONGRESS","Ward 29 Precinct 22","1568","12","Republican","40"
"105","16","CITY OF CHICAGO","205","Chad Koppie","310","7TH CONGRESS","Ward 34 Precinct 05","1472","12","Republican","246"
"105","16","CITY OF CHICAGO","205","Chad Koppie","310","7TH CONGRESS","Ward 36 Precinct 17","1069","12","Republican","77"
"105","16","CITY OF CHICAGO","205","Chad Koppie","310","7TH CONGRESS","Ward 24 Precinct 10","1038","12","Republican","16"
"105","16","CITY OF CHICAGO","205","Chad Koppie","310","7TH CONGRESS","Ward 27 Precinct 11","1268","12","Republican","250"
"105","16","CITY OF CHICAGO","205","Chad Koppie","310","7TH CONGRESS","Ward 27 Precinct 21","570","12","Republican","24"
"105","16","CITY OF CHICAGO","205","Chad Koppie","310","7TH CONGRESS","Ward 27 Precinct 28","971","12","Republican","322"
"105","16","CITY OF CHICAGO","205","Chad Koppie","310","7TH CONGRESS","Ward 28 Precinct 12","1631","12","Republican","172"
"105","16","CITY OF CHICAGO","205","Chad Koppie","310","7TH CONGRESS","Ward 29 Precinct 12","1442","12","Republican","58"
"105","16","CITY OF CHICAGO","205","Chad Koppie","310","7TH CONGRESS","Ward 29 Precinct 15","1457","12","Republican","76"
"105","16","CITY OF CHICAGO","205","Chad Koppie","310","7TH CONGRESS","Ward 34 Precinct 09","1741","12","Republican","414"
"105","16","CITY OF CHICAGO","205","Chad Koppie","310","7TH CONGRESS","Ward 34 Precinct 10","647","12","Republican","126"
"105","16","CITY OF CHICAGO","205","Chad Koppie","310","7TH CONGRESS","Ward 34 Precinct 19","1121","12","Republican","161"
"105","16","CITY OF CHICAGO","205","Chad Koppie","310","7TH CONGRESS","Ward 37 Precinct 04","1164","12","Republican","51"
"105","16","CITY OF CHICAGO","205","Chad Koppie","310","7TH CONGRESS","Ward 37 Precinct 18","1341","12","Republican","52"
"105","16","CITY OF CHICAGO","205","Chad Koppie","310","7TH CONGRESS","Ward 42 Precinct 03","1797","12","Republican","408"
"105","16","CITY OF CHICAGO","205","Chad Koppie","310","7TH CONGRESS","Ward 42 Precinct 13","538","12","Republican","113"
"105","16","CITY OF CHICAGO","50000","Write-in","310","7TH CONGRESS","Ward 03 Precinct 09","830","99","Nonpartisan","1"
"105","16","CITY OF CHICAGO","50000","Write-in","310","7TH CONGRESS","Ward 03 Precinct 20","1257","99","Nonpartisan","1"
"105","16","CITY OF CHICAGO","50000","Write-in","310","7TH CONGRESS","Ward 28 Precinct 13","1124","99","Nonpartisan","1"
"105","16","CITY OF CHICAGO","50000","Write-in","310","7TH CONGRESS","Ward 29 Precinct 20","1188","99","Nonpartisan","1"
"105","16","CITY OF CHICAGO","50000","Write-in","310","7TH CONGRESS","Ward 36 Precinct 22","1201","99","Nonpartisan","1"
"105","16","CITY OF CHICAGO","50000","Write-in","310","7TH CONGRESS","Ward 42 Precinct 05","1533","99","Nonpartisan","1"
"105","16","CITY OF CHICAGO","50000","Write-in","310","7TH CONGRESS","Ward 42 Precinct 08","848","99","Nonpartisan","2"
"105","16","CITY OF CHICAGO","205","Chad Koppie","310","7TH CONGRESS","Ward 36 Precinct 27","1391","12","Republican","179"
"105","16","CITY OF CHICAGO","205","Chad Koppie","310","7TH CONGRESS","Ward 37 Precinct 01","1320","12","Republican","73"
"105","16","CITY OF CHICAGO","205","Chad Koppie","310","7TH CONGRESS","Ward 42 Precinct 21","1791","12","Republican","390"
"105","16","CITY OF CHICAGO","50000","Write-in","310","7TH CONGRESS","Ward 01 Precinct 23","879","99","Nonpartisan","2"
"105","16","CITY OF CHICAGO","50000","Write-in","310","7TH CONGRESS","Ward 04 Precinct 27","1513","99","Nonpartisan","1"
"105","16","CITY OF CHICAGO","50000","Write-in","310","7TH CONGRESS","Ward 27 Precinct 14","1133","99","Nonpartisan","1"
"105","16","CITY OF CHICAGO","50000","Write-in","310","7TH CONGRESS","Ward 28 Precinct 12","1631","99","Nonpartisan","1"
"105","16","CITY OF CHICAGO","50000","Write-in","310","7TH CONGRESS","Ward 28 Precinct 14","1099","99","Nonpartisan","3"
"105","16","CITY OF CHICAGO","50000","Write-in","310","7TH CONGRESS","Ward 29 Precinct 15","1457","99","Nonpartisan","1"
"105","16","CITY OF CHICAGO","50000","Write-in","310","7TH CONGRESS","Ward 29 Precinct 18","1457","99","Nonpartisan","2"
"105","16","CITY OF CHICAGO","50000","Write-in","310","7TH CONGRESS","Ward 34 Precinct 01","1104","99","Nonpartisan","1"
"105","16","CITY OF CHICAGO","50000","Write-in","310","7TH CONGRESS","Ward 34 Precinct 02","694","99","Nonpartisan","2"
"105","16","CITY OF CHICAGO","50000","Write-in","310","7TH CONGRESS","Ward 34 Precinct 09","1741","99","Nonpartisan","1"
"105","16","CITY OF CHICAGO","50000","Write-in","310","7TH CONGRESS","Ward 42 Precinct 16","1624","99","Nonpartisan","1"
"105","16","CITY OF CHICAGO","205","Chad Koppie","310","7TH CONGRESS","Ward 29 Precinct 13","1520","12","Republican","63"
"105","16","CITY OF CHICAGO","205","Chad Koppie","310","7TH CONGRESS","Ward 34 Precinct 06","1069","12","Republican","195"
"105","16","CITY OF CHICAGO","205","Chad Koppie","310","7TH CONGRESS","Ward 34 Precinct 07","557","12","Republican","148"
"105","16","CITY OF CHICAGO","205","Chad Koppie","310","7TH CONGRESS","Ward 34 Precinct 16","1730","12","Republican","204"
"105","16","CITY OF CHICAGO","205","Chad Koppie","310","7TH CONGRESS","Ward 34 Precinct 17","1544","12","Republican","153"
"105","16","CITY OF CHICAGO","205","Chad Koppie","310","7TH CONGRESS","Ward 37 Precinct 05","1060","12","Republican","39"
"105","16","CITY OF CHICAGO","205","Chad Koppie","310","7TH CONGRESS","Ward 37 Precinct 14","1442","12","Republican","57"
"105","16","CITY OF CHICAGO","205","Chad Koppie","310","7TH CONGRESS","Ward 42 Precinct 01","570","12","Republican","153"
"105","16","CITY OF CHICAGO","205","Chad Koppie","310","7TH CONGRESS","Ward 42 Precinct 14","402","12","Republican","66"
"105","16","CITY OF CHICAGO","50000","Write-in","310","7TH CONGRESS","Ward 01 Precinct 13","1060","99","Nonpartisan","1"
"105","16","CITY OF CHICAGO","50000","Write-in","310","7TH CONGRESS","Ward 02 Precinct 22","1131","99","Nonpartisan","1"
"105","16","CITY OF CHICAGO","50000","Write-in","310","7TH CONGRESS","Ward 03 Precinct 08","1511","99","Nonpartisan","1"
"105","16","CITY OF CHICAGO","50000","Write-in","310","7TH CONGRESS","Ward 11 Precinct 03","1915","99","Nonpartisan","1"
"105","16","CITY OF CHICAGO","50000","Write-in","310","7TH CONGRESS","Ward 20 Precinct 06","593","99","Nonpartisan","1"
"105","16","CITY OF CHICAGO","50000","Write-in","310","7TH CONGRESS","Ward 28 Precinct 04","958","99","Nonpartisan","1"
"105","16","CITY OF CHICAGO","50000","Write-in","310","7TH CONGRESS","Ward 28 Precinct 07","939","99","Nonpartisan","1"
"105","16","CITY OF CHICAGO","50000","Write-in","310","7TH CONGRESS","Ward 29 Precinct 19","1679","99","Nonpartisan","2"
"105","16","CITY OF CHICAGO","50000","Write-in","310","7TH CONGRESS","Ward 34 Precinct 13","1474","99","Nonpartisan","1"
"105","16","CITY OF CHICAGO","50000","Write-in","310","7TH CONGRESS","Ward 34 Precinct 20","1361","99","Nonpartisan","1"
"105","16","CITY OF CHICAGO","50000","Write-in","310","7TH CONGRESS","Ward 36 Precinct 24","1142","99","Nonpartisan","4"
"105","16","CITY OF CHICAGO","50000","Write-in","310","7TH CONGRESS","Ward 36 Precinct 27","1391","99","Nonpartisan","1"
"105","16","CITY OF CHICAGO","50000","Write-in","310","7TH CONGRESS","Ward 37 Precinct 01","1320","99","Nonpartisan","1"
"105","16","CITY OF CHICAGO","205","Chad Koppie","310","7TH CONGRESS","Ward 22 Precinct 02","498","12","Republican","21"
"105","16","CITY OF CHICAGO","205","Chad Koppie","310","7TH CONGRESS","Ward 24 Precinct 14","1039","12","Republican","30"
"105","16","CITY OF CHICAGO","205","Chad Koppie","310","7TH CONGRESS","Ward 24 Precinct 15","1038","12","Republican","32"
"105","16","CITY OF CHICAGO","205","Chad Koppie","310","7TH CONGRESS","Ward 24 Precinct 18","1531","12","Republican","27"
"105","16","CITY OF CHICAGO","205","Chad Koppie","310","7TH CONGRESS","Ward 27 Precinct 07","1935","12","Republican","212"
"105","16","CITY OF CHICAGO","205","Chad Koppie","310","7TH CONGRESS","Ward 27 Precinct 17","890","12","Republican","57"
"105","16","CITY OF CHICAGO","205","Chad Koppie","310","7TH CONGRESS","Ward 27 Precinct 25","1609","12","Republican","76"
"105","16","CITY OF CHICAGO","205","Chad Koppie","310","7TH CONGRESS","Ward 28 Precinct 05","690","12","Republican","24"
"105","16","CITY OF CHICAGO","205","Chad Koppie","310","7TH CONGRESS","Ward 28 Precinct 08","1207","12","Republican","40"
"105","16","CITY OF CHICAGO","205","Chad Koppie","310","7TH CONGRESS","Ward 29 Precinct 20","1188","12","Republican","29"
"105","16","CITY OF CHICAGO","205","Chad Koppie","310","7TH CONGRESS","Ward 29 Precinct 23","1552","12","Republican","48"
"105","16","CITY OF CHICAGO","205","Chad Koppie","310","7TH CONGRESS","Ward 34 Precinct 14","1377","12","Republican","343"
"105","16","CITY OF CHICAGO","205","Chad Koppie","310","7TH CONGRESS","Ward 34 Precinct 15","1296","12","Republican","182"
"105","16","CITY OF CHICAGO","205","Chad Koppie","310","7TH CONGRESS","Ward 36 Precinct 25","1349","12","Republican","164"
"105","16","CITY OF CHICAGO","205","Chad Koppie","310","7TH CONGRESS","Ward 37 Precinct 12","1500","12","Republican","80"
"105","16","CITY OF CHICAGO","205","Chad Koppie","310","7TH CONGRESS","Ward 37 Precinct 13","1123","12","Republican","51"
"105","16","CITY OF CHICAGO","205","Chad Koppie","310","7TH CONGRESS","Ward 42 Precinct 08","848","12","Republican","189"
"105","16","CITY OF CHICAGO","205","Chad Koppie","310","7TH CONGRESS","Ward 42 Precinct 10","1041","12","Republican","290"
"105","16","CITY OF CHICAGO","205","Chad Koppie","310","7TH CONGRESS","Ward 42 Precinct 11","1244","12","Republican","228"
"105","16","CITY OF CHICAGO","205","Chad Koppie","310","7TH CONGRESS","Ward 42 Precinct 17","1761","12","Republican","457"
"105","16","CITY OF CHICAGO","205","Chad Koppie","310","7TH CONGRESS","Ward 42 Precinct 18","1150","12","Republican","266"
"105","16","CITY OF CHICAGO","205","Chad Koppie","310","7TH CONGRESS","Ward 43 Precinct 15","1696","12","Republican","132"
"105","16","CITY OF CHICAGO","50000","Write-in","310","7TH CONGRESS","Ward 02 Precinct 01","1632","99","Nonpartisan","1"
"105","16","CITY OF CHICAGO","50000","Write-in","310","7TH CONGRESS","Ward 03 Precinct 14","1743","99","Nonpartisan","2"
"105","16","CITY OF CHICAGO","50000","Write-in","310","7TH CONGRESS","Ward 11 Precinct 21","1385","99","Nonpartisan","1"
"105","16","CITY OF CHICAGO","50000","Write-in","310","7TH CONGRESS","Ward 27 Precinct 18","1586","99","Nonpartisan","1"
"105","16","CITY OF CHICAGO","50000","Write-in","310","7TH CONGRESS","Ward 34 Precinct 19","1121","99","Nonpartisan","2"
"105","16","CITY OF CHICAGO","50000","Write-in","310","7TH CONGRESS","Ward 36 Precinct 17","1069","99","Nonpartisan","3"
"105","16","CITY OF CHICAGO","50000","Write-in","310","7TH CONGRESS","Ward 42 Precinct 13","538","99","Nonpartisan","1"
"105","16","CITY OF CHICAGO","205","Chad Koppie","310","7TH CONGRESS","Ward 03 Precinct 17","574","12","Republican","11"
"105","16","CITY OF CHICAGO","205","Chad Koppie","310","7TH CONGRESS","Ward 03 Precinct 18","862","12","Republican","24"
"105","16","CITY OF CHICAGO","205","Chad Koppie","310","7TH CONGRESS","Ward 03 Precinct 20","1257","12","Republican","26"
"105","16","CITY OF CHICAGO","205","Chad Koppie","310","7TH CONGRESS","Ward 04 Precinct 26","1327","12","Republican","175"
"105","16","CITY OF CHICAGO","205","Chad Koppie","310","7TH CONGRESS","Ward 11 Precinct 11","225","12","Republican","40"
"105","16","CITY OF CHICAGO","205","Chad Koppie","310","7TH CONGRESS","Ward 15 Precinct 16","1334","12","Republican","89"
"105","16","CITY OF CHICAGO","205","Chad Koppie","310","7TH CONGRESS","Ward 16 Precinct 07","793","12","Republican","24"
"105","16","CITY OF CHICAGO","205","Chad Koppie","310","7TH CONGRESS","Ward 16 Precinct 18","1386","12","Republican","63"
"105","16","CITY OF CHICAGO","205","Chad Koppie","310","7TH CONGRESS","Ward 16 Precinct 19","1134","12","Republican","75"
"105","16","CITY OF CHICAGO","205","Chad Koppie","310","7TH CONGRESS","Ward 17 Precinct 04","1064","12","Republican","29"
"105","16","CITY OF CHICAGO","205","Chad Koppie","310","7TH CONGRESS","Ward 17 Precinct 13","795","12","Republican","19"
"105","16","CITY OF CHICAGO","205","Chad Koppie","310","7TH CONGRESS","Ward 20 Precinct 05","1050","12","Republican","33"
"105","16","CITY OF CHICAGO","205","Chad Koppie","310","7TH CONGRESS","Ward 24 Precinct 09","1595","12","Republican","45"
"105","16","CITY OF CHICAGO","205","Chad Koppie","310","7TH CONGRESS","Ward 24 Precinct 13","1490","12","Republican","53"
"105","16","CITY OF CHICAGO","205","Chad Koppie","310","7TH CONGRESS","Ward 24 Precinct 20","1024","12","Republican","46"
"105","16","CITY OF CHICAGO","205","Chad Koppie","310","7TH CONGRESS","Ward 25 Precinct 13","1452","12","Republican","118"
"105","16","CITY OF CHICAGO","205","Chad Koppie","310","7TH CONGRESS","Ward 25 Precinct 15","1065","12","Republican","164"
"105","16","CITY OF CHICAGO","205","Chad Koppie","310","7TH CONGRESS","Ward 27 Precinct 12","924","12","Republican","97"
"105","16","CITY OF CHICAGO","205","Chad Koppie","310","7TH CONGRESS","Ward 27 Precinct 13","1126","12","Republican","93"
"105","16","CITY OF CHICAGO","205","Chad Koppie","310","7TH CONGRESS","Ward 27 Precinct 20","1021","12","Republican","39"
"105","16","CITY OF CHICAGO","205","Chad Koppie","310","7TH CONGRESS","Ward 28 Precinct 02","1020","12","Republican","26"
"105","16","CITY OF CHICAGO","205","Chad Koppie","310","7TH CONGRESS","Ward 28 Precinct 11","1388","12","Republican","98"
"105","16","CITY OF CHICAGO","205","Chad Koppie","310","7TH CONGRESS","Ward 28 Precinct 13","1124","12","Republican","163"
"105","16","CITY OF CHICAGO","205","Chad Koppie","310","7TH CONGRESS","Ward 28 Precinct 19","1173","12","Republican","23"
"105","16","CITY OF CHICAGO","205","Chad Koppie","310","7TH CONGRESS","Ward 28 Precinct 20","978","12","Republican","39"
"105","16","CITY OF CHICAGO","205","Chad Koppie","310","7TH CONGRESS","Ward 28 Precinct 21","1035","12","Republican","35"
"105","16","CITY OF CHICAGO","205","Chad Koppie","310","7TH CONGRESS","Ward 29 Precinct 05","856","12","Republican","45"
"105","16","CITY OF CHICAGO","205","Chad Koppie","310","7TH CONGRESS","Ward 29 Precinct 14","1466","12","Republican","57"
"105","16","CITY OF CHICAGO","205","Chad Koppie","310","7TH CONGRESS","Ward 29 Precinct 17","1027","12","Republican","41"
"105","16","CITY OF CHICAGO","205","Chad Koppie","310","7TH CONGRESS","Ward 36 Precinct 21","961","12","Republican","166"
"105","16","CITY OF CHICAGO","205","Chad Koppie","310","7TH CONGRESS","Ward 36 Precinct 22","1201","12","Republican","125"
"105","16","CITY OF CHICAGO","205","Chad Koppie","310","7TH CONGRESS","Ward 37 Precinct 06","1515","12","Republican","67"
"105","16","CITY OF CHICAGO","205","Chad Koppie","310","7TH CONGRESS","Ward 37 Precinct 08","1560","12","Republican","59"
"105","16","CITY OF CHICAGO","205","Chad Koppie","310","7TH CONGRESS","Ward 37 Precinct 17","1079","12","Republican","37"
"105","16","CITY OF CHICAGO","205","Chad Koppie","310","7TH CONGRESS","Ward 42 Precinct 02","557","12","Republican","82"
"105","16","CITY OF CHICAGO","205","Chad Koppie","310","7TH CONGRESS","Ward 42 Precinct 05","1533","12","Republican","327"
"105","16","CITY OF CHICAGO","205","Chad Koppie","310","7TH CONGRESS","Ward 16 Precinct 10","984","12","Republican","31"
"105","16","CITY OF CHICAGO","205","Chad Koppie","310","7TH CONGRESS","Ward 16 Precinct 11","871","12","Republican","33"
"105","16","CITY OF CHICAGO","205","Chad Koppie","310","7TH CONGRESS","Ward 17 Precinct 03","926","12","Republican","33"
"105","16","CITY OF CHICAGO","205","Chad Koppie","310","7TH CONGRESS","Ward 18 Precinct 11","1309","12","Republican","53"
"105","16","CITY OF CHICAGO","205","Chad Koppie","310","7TH CONGRESS","Ward 20 Precinct 06","593","12","Republican","18"
"105","16","CITY OF CHICAGO","205","Chad Koppie","310","7TH CONGRESS","Ward 20 Precinct 14","984","12","Republican","6"
"105","16","CITY OF CHICAGO","205","Chad Koppie","310","7TH CONGRESS","Ward 22 Precinct 01","695","12","Republican","28"
"105","16","CITY OF CHICAGO","205","Chad Koppie","310","7TH CONGRESS","Ward 24 Precinct 11","1281","12","Republican","37"
"105","16","CITY OF CHICAGO","205","Chad Koppie","310","7TH CONGRESS","Ward 24 Precinct 12","1811","12","Republican","49"
"105","16","CITY OF CHICAGO","205","Chad Koppie","310","7TH CONGRESS","Ward 25 Precinct 03","1116","12","Republican","16"
"105","16","CITY OF CHICAGO","205","Chad Koppie","310","7TH CONGRESS","Ward 27 Precinct 02","1436","12","Republican","238"
"105","16","CITY OF CHICAGO","205","Chad Koppie","310","7TH CONGRESS","Ward 27 Precinct 03","1203","12","Republican","53"
"105","16","CITY OF CHICAGO","205","Chad Koppie","310","7TH CONGRESS","Ward 27 Precinct 04","1277","12","Republican","89"
"105","16","CITY OF CHICAGO","205","Chad Koppie","310","7TH CONGRESS","Ward 27 Precinct 05","1289","12","Republican","45"
"105","16","CITY OF CHICAGO","205","Chad Koppie","310","7TH CONGRESS","Ward 27 Precinct 22","989","12","Republican","51"
"105","16","CITY OF CHICAGO","205","Chad Koppie","310","7TH CONGRESS","Ward 27 Precinct 23","1096","12","Republican","36"
"105","16","CITY OF CHICAGO","205","Chad Koppie","310","7TH CONGRESS","Ward 27 Precinct 29","1621","12","Republican","269"
"105","16","CITY OF CHICAGO","205","Chad Koppie","310","7TH CONGRESS","Ward 28 Precinct 01","1030","12","Republican","24"
"105","16","CITY OF CHICAGO","205","Chad Koppie","310","7TH CONGRESS","Ward 28 Precinct 04","958","12","Republican","40"
"105","16","CITY OF CHICAGO","205","Chad Koppie","310","7TH CONGRESS","Ward 28 Precinct 15","549","12","Republican","24"
"105","16","CITY OF CHICAGO","205","Chad Koppie","310","7TH CONGRESS","Ward 28 Precinct 24","765","12","Republican","24"
"105","16","CITY OF CHICAGO","205","Chad Koppie","310","7TH CONGRESS","Ward 29 Precinct 04","982","12","Republican","60"
"105","16","CITY OF CHICAGO","205","Chad Koppie","310","7TH CONGRESS","Ward 29 Precinct 16","1401","12","Republican","59"
"105","16","CITY OF CHICAGO","205","Chad Koppie","310","7TH CONGRESS","Ward 29 Precinct 19","1679","12","Republican","53"
"105","16","CITY OF CHICAGO","205","Chad Koppie","310","7TH CONGRESS","Ward 34 Precinct 03","1701","12","Republican","307"
"105","16","CITY OF CHICAGO","205","Chad Koppie","310","7TH CONGRESS","Ward 34 Precinct 11","1172","12","Republican","213"
"105","16","CITY OF CHICAGO","205","Chad Koppie","310","7TH CONGRESS","Ward 34 Precinct 12","970","12","Republican","233"
"105","16","CITY OF CHICAGO","205","Chad Koppie","310","7TH CONGRESS","Ward 34 Precinct 13","1474","12","Republican","336"
"105","16","CITY OF CHICAGO","205","Chad Koppie","310","7TH CONGRESS","Ward 34 Precinct 20","1361","12","Republican","210"
"105","16","CITY OF CHICAGO","205","Chad Koppie","310","7TH CONGRESS","Ward 36 Precinct 24","1142","12","Republican","136"
"105","16","CITY OF CHICAGO","205","Chad Koppie","310","7TH CONGRESS","Ward 37 Precinct 10","1072","12","Republican","70"
"105","16","CITY OF CHICAGO","205","Chad Koppie","310","7TH CONGRESS","Ward 37 Precinct 11","1159","12","Republican","41"
"105","16","CITY OF CHICAGO","205","Chad Koppie","310","7TH CONGRESS","Ward 37 Precinct 20","1597","12","Republican","53"
"105","16","CITY OF CHICAGO","205","Chad Koppie","310","7TH CONGRESS","Ward 42 Precinct 04","1257","12","Republican","286"
"105","16","CITY OF CHICAGO","205","Chad Koppie","310","7TH CONGRESS","Ward 42 Precinct 07","1135","12","Republican","262"
"105","16","CITY OF CHICAGO","50000","Write-in","310","7TH CONGRESS","Ward 01 Precinct 24","1736","99","Nonpartisan","1"
"105","16","CITY OF CHICAGO","50000","Write-in","310","7TH CONGRESS","Ward 01 Precinct 15","1471","99","Nonpartisan","1"
"105","16","CITY OF CHICAGO","50000","Write-in","310","7TH CONGRESS","Ward 02 Precinct 02","1674","99","Nonpartisan","1"
"105","16","CITY OF CHICAGO","50000","Write-in","310","7TH CONGRESS","Ward 03 Precinct 12","1502","99","Nonpartisan","2"
"105","16","CITY OF CHICAGO","50000","Write-in","310","7TH CONGRESS","Ward 27 Precinct 07","1935","99","Nonpartisan","2"
"105","16","CITY OF CHICAGO","50000","Write-in","310","7TH CONGRESS","Ward 27 Precinct 17","890","99","Nonpartisan","1"
"105","16","CITY OF CHICAGO","50000","Write-in","310","7TH CONGRESS","Ward 27 Precinct 25","1609","99","Nonpartisan","2"
"105","16","CITY OF CHICAGO","50000","Write-in","310","7TH CONGRESS","Ward 29 Precinct 23","1552","99","Nonpartisan","1"
"105","16","CITY OF CHICAGO","50000","Write-in","310","7TH CONGRESS","Ward 34 Precinct 06","1069","99","Nonpartisan","1"
"105","16","CITY OF CHICAGO","50000","Write-in","310","7TH CONGRESS","Ward 34 Precinct 15","1296","99","Nonpartisan","1"
"105","16","CITY OF CHICAGO","50000","Write-in","310","7TH CONGRESS","Ward 34 Precinct 16","1730","99","Nonpartisan","4"
"105","16","CITY OF CHICAGO","50000","Write-in","310","7TH CONGRESS","Ward 37 Precinct 14","1442","99","Nonpartisan","1"
"105","16","CITY OF CHICAGO","50000","Write-in","310","7TH CONGRESS","Ward 42 Precinct 11","1244","99","Nonpartisan","1"
"105","16","CITY OF CHICAGO","50000","Write-in","310","7TH CONGRESS","Ward 01 Precinct 25","1742","99","Nonpartisan","2"
"105","16","CITY OF CHICAGO","50000","Write-in","310","7TH CONGRESS","Ward 01 Precinct 26","1559","99","Nonpartisan","1"
"105","16","CITY OF CHICAGO","50000","Write-in","310","7TH CONGRESS","Ward 03 Precinct 13","1431","99","Nonpartisan","1"
"105","16","CITY OF CHICAGO","50000","Write-in","310","7TH CONGRESS","Ward 03 Precinct 22","947","99","Nonpartisan","2"
"105","16","CITY OF CHICAGO","50000","Write-in","310","7TH CONGRESS","Ward 16 Precinct 01","1222","99","Nonpartisan","1"
"105","16","CITY OF CHICAGO","50000","Write-in","310","7TH CONGRESS","Ward 27 Precinct 16","2037","99","Nonpartisan","4"
"105","16","CITY OF CHICAGO","50000","Write-in","310","7TH CONGRESS","Ward 27 Precinct 26","1250","99","Nonpartisan","1"
"105","16","CITY OF CHICAGO","50000","Write-in","310","7TH CONGRESS","Ward 28 Precinct 17","1132","99","Nonpartisan","1"
"105","16","CITY OF CHICAGO","50000","Write-in","310","7TH CONGRESS","Ward 34 Precinct 04","917","99","Nonpartisan","1"
"105","16","CITY OF CHICAGO","200","Danny K. Davis","310","7TH CONGRESS","Ward 27 Precinct 17","890","11","Democratic","401"
"105","16","CITY OF CHICAGO","200","Danny K. Davis","310","7TH CONGRESS","Ward 27 Precinct 25","1609","11","Democratic","598"
"105","16","CITY OF CHICAGO","200","Danny K. Davis","310","7TH CONGRESS","Ward 28 Precinct 05","690","11","Democratic","332"
"105","16","CITY OF CHICAGO","200","Danny K. Davis","310","7TH CONGRESS","Ward 28 Precinct 08","1207","11","Democratic","553"
"105","16","CITY OF CHICAGO","200","Danny K. Davis","310","7TH CONGRESS","Ward 29 Precinct 10","1375","11","Democratic","679"
"105","16","CITY OF CHICAGO","200","Danny K. Davis","310","7TH CONGRESS","Ward 29 Precinct 23","1552","11","Democratic","685"
"105","16","CITY OF CHICAGO","200","Danny K. Davis","310","7TH CONGRESS","Ward 34 Precinct 06","1069","11","Democratic","700"
"105","16","CITY OF CHICAGO","200","Danny K. Davis","310","7TH CONGRESS","Ward 34 Precinct 14","1377","11","Democratic","777"
"105","16","CITY OF CHICAGO","200","Danny K. Davis","310","7TH CONGRESS","Ward 34 Precinct 15","1296","11","Democratic","769"
"105","16","CITY OF CHICAGO","200","Danny K. Davis","310","7TH CONGRESS","Ward 34 Precinct 16","1730","11","Democratic","1355"
"105","16","CITY OF CHICAGO","200","Danny K. Davis","310","7TH CONGRESS","Ward 37 Precinct 12","1500","11","Democratic","688"
"105","16","CITY OF CHICAGO","200","Danny K. Davis","310","7TH CONGRESS","Ward 37 Precinct 13","1123","11","Democratic","421"
"105","16","CITY OF CHICAGO","200","Danny K. Davis","310","7TH CONGRESS","Ward 37 Precinct 14","1442","11","Democratic","653"
"105","16","CITY OF CHICAGO","200","Danny K. Davis","310","7TH CONGRESS","Ward 42 Precinct 10","1041","11","Democratic","526"
"105","16","CITY OF CHICAGO","200","Danny K. Davis","310","7TH CONGRESS","Ward 42 Precinct 11","1244","11","Democratic","874"
"105","16","CITY OF CHICAGO","200","Danny K. Davis","310","7TH CONGRESS","Ward 42 Precinct 17","1761","11","Democratic","1007"
"105","16","CITY OF CHICAGO","200","Danny K. Davis","310","7TH CONGRESS","Ward 42 Precinct 18","1150","11","Democratic","628"
"105","16","CITY OF CHICAGO","200","Danny K. Davis","310","7TH CONGRESS","Ward 43 Precinct 15","1696","11","Democratic","569"
"105","16","CITY OF CHICAGO","205","Chad Koppie","310","7TH CONGRESS","Ward 01 Precinct 12","701","12","Republican","84"
"105","16","CITY OF CHICAGO","205","Chad Koppie","310","7TH CONGRESS","Ward 01 Precinct 23","879","12","Republican","117"
"105","16","CITY OF CHICAGO","205","Chad Koppie","310","7TH CONGRESS","Ward 01 Precinct 24","1736","12","Republican","199"
"105","16","CITY OF CHICAGO","205","Chad Koppie","310","7TH CONGRESS","Ward 01 Precinct 25","1742","12","Republican","194"
"105","16","CITY OF CHICAGO","205","Chad Koppie","310","7TH CONGRESS","Ward 03 Precinct 10","823","12","Republican","127"
"105","16","CITY OF CHICAGO","205","Chad Koppie","310","7TH CONGRESS","Ward 03 Precinct 22","947","12","Republican","67"
"105","16","CITY OF CHICAGO","205","Chad Koppie","310","7TH CONGRESS","Ward 11 Precinct 02","387","12","Republican","35"
"105","16","CITY OF CHICAGO","205","Chad Koppie","310","7TH CONGRESS","Ward 14 Precinct 01","1658","12","Republican","137"
"105","16","CITY OF CHICAGO","205","Chad Koppie","310","7TH CONGRESS","Ward 15 Precinct 01","744","12","Republican","235"
"105","16","CITY OF CHICAGO","205","Chad Koppie","310","7TH CONGRESS","Ward 15 Precinct 17","1313","12","Republican","49"
"105","16","CITY OF CHICAGO","205","Chad Koppie","310","7TH CONGRESS","Ward 16 Precinct 01","1222","12","Republican","44"
"105","16","CITY OF CHICAGO","205","Chad Koppie","310","7TH CONGRESS","Ward 16 Precinct 09","1214","12","Republican","32"
"105","16","CITY OF CHICAGO","205","Chad Koppie","310","7TH CONGRESS","Ward 16 Precinct 21","851","12","Republican","31"
"105","16","CITY OF CHICAGO","205","Chad Koppie","310","7TH CONGRESS","Ward 17 Precinct 05","614","12","Republican","17"
"105","16","CITY OF CHICAGO","205","Chad Koppie","310","7TH CONGRESS","Ward 17 Precinct 06","1080","12","Republican","32"
"105","16","CITY OF CHICAGO","205","Chad Koppie","310","7TH CONGRESS","Ward 17 Precinct 07","585","12","Republican","13"
"105","16","CITY OF CHICAGO","205","Chad Koppie","310","7TH CONGRESS","Ward 24 Precinct 01","713","12","Republican","17"
"105","16","CITY OF CHICAGO","205","Chad Koppie","310","7TH CONGRESS","Ward 24 Precinct 02","612","12","Republican","11"
"105","16","CITY OF CHICAGO","205","Chad Koppie","310","7TH CONGRESS","Ward 24 Precinct 16","481","12","Republican","20"
"105","16","CITY OF CHICAGO","205","Chad Koppie","310","7TH CONGRESS","Ward 25 Precinct 17","772","12","Republican","70"
"105","16","CITY OF CHICAGO","205","Chad Koppie","310","7TH CONGRESS","Ward 27 Precinct 14","1133","12","Republican","45"
"105","16","CITY OF CHICAGO","205","Chad Koppie","310","7TH CONGRESS","Ward 27 Precinct 15","1517","12","Republican","224"
"105","16","CITY OF CHICAGO","205","Chad Koppie","310","7TH CONGRESS","Ward 27 Precinct 16","2037","12","Republican","452"
"105","16","CITY OF CHICAGO","205","Chad Koppie","310","7TH CONGRESS","Ward 28 Precinct 03","308","12","Republican","12"
"105","16","CITY OF CHICAGO","205","Chad Koppie","310","7TH CONGRESS","Ward 28 Precinct 06","1209","12","Republican","45"
"105","16","CITY OF CHICAGO","205","Chad Koppie","310","7TH CONGRESS","Ward 28 Precinct 14","1099","12","Republican","75"
"105","16","CITY OF CHICAGO","205","Chad Koppie","310","7TH CONGRESS","Ward 28 Precinct 22","861","12","Republican","31"
"105","16","CITY OF CHICAGO","205","Chad Koppie","310","7TH CONGRESS","Ward 28 Precinct 23","1049","12","Republican","39"
"105","16","CITY OF CHICAGO","205","Chad Koppie","310","7TH CONGRESS","Ward 28 Precinct 25","1833","12","Republican","49"
"105","16","CITY OF CHICAGO","205","Chad Koppie","310","7TH CONGRESS","Ward 29 Precinct 07","1282","12","Republican","208"
"105","16","CITY OF CHICAGO","205","Chad Koppie","310","7TH CONGRESS","Ward 29 Precinct 18","1457","12","Republican","51"
"105","16","CITY OF CHICAGO","205","Chad Koppie","310","7TH CONGRESS","Ward 29 Precinct 21","1178","12","Republican","76"
"105","16","CITY OF CHICAGO","205","Chad Koppie","310","7TH CONGRESS","Ward 34 Precinct 01","1104","12","Republican","193"
"105","16","CITY OF CHICAGO","205","Chad Koppie","310","7TH CONGRESS","Ward 34 Precinct 02","694","12","Republican","154"
"105","16","CITY OF CHICAGO","205","Chad Koppie","310","7TH CONGRESS","Ward 34 Precinct 04","917","12","Republican","175"
"105","16","CITY OF CHICAGO","205","Chad Koppie","310","7TH CONGRESS","Ward 36 Precinct 23","1077","12","Republican","156"
"105","16","CITY OF CHICAGO","205","Chad Koppie","310","7TH CONGRESS","Ward 36 Precinct 26","1164","12","Republican","152"
"105","16","CITY OF CHICAGO","205","Chad Koppie","310","7TH CONGRESS","Ward 37 Precinct 09","796","12","Republican","18"
"105","16","CITY OF CHICAGO","205","Chad Koppie","310","7TH CONGRESS","Ward 42 Precinct 06","606","12","Republican","142"
"105","16","CITY OF CHICAGO","205","Chad Koppie","310","7TH CONGRESS","Ward 42 Precinct 09","1283","12","Republican","81"
"105","16","CITY OF CHICAGO","205","Chad Koppie","310","7TH CONGRESS","Ward 42 Precinct 15","522","12","Republican","208"
"105","16","CITY OF CHICAGO","205","Chad Koppie","310","7TH CONGRESS","Ward 42 Precinct 16","1624","12","Republican","429"
"105","16","CITY OF CHICAGO","50000","Write-in","310","7TH CONGRESS","Ward 03 Precinct 18","862","99","Nonpartisan","1"
"105","16","CITY OF CHICAGO","50000","Write-in","310","7TH CONGRESS","Ward 11 Precinct 08","1721","99","Nonpartisan","2"
"105","16","CITY OF CHICAGO","50000","Write-in","310","7TH CONGRESS","Ward 16 Precinct 18","1386","99","Nonpartisan","1"
"105","16","CITY OF CHICAGO","50000","Write-in","310","7TH CONGRESS","Ward 25 Precinct 13","1452","99","Nonpartisan","1"
"105","16","CITY OF CHICAGO","50000","Write-in","310","7TH CONGRESS","Ward 27 Precinct 12","924","99","Nonpartisan","1"
"105","16","CITY OF CHICAGO","50000","Write-in","310","7TH CONGRESS","Ward 28 Precinct 10","840","99","Nonpartisan","1"
"105","16","CITY OF CHICAGO","50000","Write-in","310","7TH CONGRESS","Ward 34 Precinct 18","1490","99","Nonpartisan","3"
"105","16","CITY OF CHICAGO","50000","Write-in","310","7TH CONGRESS","Ward 37 Precinct 15","1390","99","Nonpartisan","1"
"16","0","COOK","0","Under Votes","310","7TH CONGRESS","8500007","1331","0","","57"
"16","0","COOK","0","Over Votes","310","7TH CONGRESS","8500007","1331","0","","0"
"16","0","COOK","0","Over Votes","310","7TH CONGRESS","8500010","989","0","","0"
"16","0","COOK","0","Under Votes","310","7TH CONGRESS","8500010","989","0","","39"
"16","0","COOK","0","Under Votes","310","7TH CONGRESS","8500021","833","0","","30"
"16","0","COOK","0","Over Votes","310","7TH CONGRESS","8500021","833","0","","0"
"16","0","COOK","0","Over Votes","310","7TH CONGRESS","8500024","751","0","","0"
"16","0","COOK","0","Under Votes","310","7TH CONGRESS","8500024","751","0","","31"
"16","0","COOK","0","Over Votes","310","7TH CONGRESS","8900004","1124","0","","0"
"16","0","COOK","0","Under Votes","310","7TH CONGRESS","8900004","1124","0","","13"
"16","0","COOK","0","Over Votes","310","7TH CONGRESS","8900018","1227","0","","0"
"16","0","COOK","0","Under Votes","310","7TH CONGRESS","8900018","1227","0","","15"
"16","0","COOK","0","Over Votes","310","7TH CONGRESS","8900037","694","0","","0"
"16","0","COOK","0","Under Votes","310","7TH CONGRESS","8900037","694","0","","15"
"16","0","COOK","0","Over Votes","310","7TH CONGRESS","8900048","1221","0","","0"
"16","0","COOK","0","Under Votes","310","7TH CONGRESS","8900048","1221","0","","21"
"16","0","COOK","0","Over Votes","310","7TH CONGRESS","8900051","1069","0","","0"
"16","0","COOK","0","Under Votes","310","7TH CONGRESS","8900051","1069","0","","28"
"16","0","COOK","0","Over Votes","310","7TH CONGRESS","8900060","675","0","","0"
"16","0","COOK","0","Under Votes","310","7TH CONGRESS","8900060","675","0","","20"
"16","0","COOK","0","Over Votes","310","7TH CONGRESS","8900061","980","0","","0"
"16","0","COOK","0","Under Votes","310","7TH CONGRESS","8900061","980","0","","31"
"16","0","COOK","0","Over Votes","310","7TH CONGRESS","8900062","1071","0","","0"
"16","0","COOK","0","Under Votes","310","7TH CONGRESS","8900062","1071","0","","29"
"16","0","COOK","0","Over Votes","310","7TH CONGRESS","8900073","1282","0","","0"
"16","0","COOK","0","Under Votes","310","7TH CONGRESS","8900073","1282","0","","39"
"16","0","COOK","0","Over Votes","310","7TH CONGRESS","8900083","1682","0","","0"
"16","0","COOK","0","Under Votes","310","7TH CONGRESS","8900083","1682","0","","24"
"16","0","COOK","0","Under Votes","310","7TH CONGRESS","8500009","1507","0","","68"
"16","0","COOK","0","Over Votes","310","7TH CONGRESS","8500009","1507","0","","0"
"16","0","COOK","0","Over Votes","310","7TH CONGRESS","8500012","578","0","","0"
"16","0","COOK","0","Under Votes","310","7TH CONGRESS","8500012","578","0","","21"
"16","0","COOK","0","Under Votes","310","7TH CONGRESS","8500023","1078","0","","40"
"16","0","COOK","0","Over Votes","310","7TH CONGRESS","8500023","1078","0","","1"
"16","0","COOK","0","Under Votes","310","7TH CONGRESS","8900006","1424","0","","66"
"16","0","COOK","0","Over Votes","310","7TH CONGRESS","8900006","1424","0","","0"
"16","0","COOK","0","Under Votes","310","7TH CONGRESS","8900008","1139","0","","50"
"16","0","COOK","0","Over Votes","310","7TH CONGRESS","8900008","1139","0","","0"
"16","0","COOK","0","Under Votes","310","7TH CONGRESS","8900020","1329","0","","23"
"16","0","COOK","0","Over Votes","310","7TH CONGRESS","8900020","1329","0","","0"
"16","0","COOK","0","Under Votes","310","7TH CONGRESS","8900028","1229","0","","53"
"16","0","COOK","0","Over Votes","310","7TH CONGRESS","8900028","1229","0","","1"
"16","0","COOK","0","Over Votes","310","7TH CONGRESS","8900030","1103","0","","0"
"16","0","COOK","0","Under Votes","310","7TH CONGRESS","8900030","1103","0","","29"
"16","0","COOK","0","Under Votes","310","7TH CONGRESS","8900039","1578","0","","26"
"16","0","COOK","0","Over Votes","310","7TH CONGRESS","8900039","1578","0","","0"
"16","0","COOK","0","Over Votes","310","7TH CONGRESS","8900040","1518","0","","0"
"16","0","COOK","0","Under Votes","310","7TH CONGRESS","8900040","1518","0","","17"
"16","0","COOK","0","Under Votes","310","7TH CONGRESS","8900050","1571","0","","32"
"16","0","COOK","0","Over Votes","310","7TH CONGRESS","8900050","1571","0","","0"
"16","0","COOK","0","Under Votes","310","7TH CONGRESS","8900052","814","0","","14"
"16","0","COOK","0","Over Votes","310","7TH CONGRESS","8900052","814","0","","0"
"16","0","COOK","0","Over Votes","310","7TH CONGRESS","8900064","933","0","","1"
"16","0","COOK","0","Under Votes","310","7TH CONGRESS","8900064","933","0","","21"
"16","0","COOK","0","Under Votes","310","7TH CONGRESS","8900072","769","0","","31"
"16","0","COOK","0","Over Votes","310","7TH CONGRESS","8900072","769","0","","0"
"16","0","COOK","0","Under Votes","310","7TH CONGRESS","8900082","1312","0","","20"
"16","0","COOK","0","Over Votes","310","7TH CONGRESS","8900082","1312","0","","0"
"16","0","COOK","0","Over Votes","310","7TH CONGRESS","8900085","1147","0","","0"
"16","0","COOK","0","Under Votes","310","7TH CONGRESS","8900085","1147","0","","41"
"16","0","COOK","0","Over Votes","310","7TH CONGRESS","9100002","1693","0","","1"
"16","0","COOK","0","Under Votes","310","7TH CONGRESS","9100002","1693","0","","70"
"16","0","COOK","0","Over Votes","310","7TH CONGRESS","8500013","1019","0","","0"
"16","0","COOK","0","Under Votes","310","7TH CONGRESS","8500013","1019","0","","31"
"16","0","COOK","0","Over Votes","310","7TH CONGRESS","8500016","1544","0","","0"
"16","0","COOK","0","Under Votes","310","7TH CONGRESS","8500016","1544","0","","59"
"16","0","COOK","0","Over Votes","310","7TH CONGRESS","8500028","1554","0","","0"
"16","0","COOK","0","Under Votes","310","7TH CONGRESS","8500028","1554","0","","60"
"16","0","COOK","0","Over Votes","310","7TH CONGRESS","8900041","775","0","","0"
"16","0","COOK","0","Under Votes","310","7TH CONGRESS","8900041","775","0","","7"
"16","0","COOK","0","Over Votes","310","7TH CONGRESS","8900053","1141","0","","0"
"16","0","COOK","0","Under Votes","310","7TH CONGRESS","8900053","1141","0","","9"
"16","0","COOK","0","Over Votes","310","7TH CONGRESS","8900065","778","0","","0"
"16","0","COOK","0","Under Votes","310","7TH CONGRESS","8900065","778","0","","29"
"16","0","COOK","0","Over Votes","310","7TH CONGRESS","9100004","1118","0","","0"
"16","0","COOK","0","Under Votes","310","7TH CONGRESS","9100004","1118","0","","42"
"16","0","COOK","0","Over Votes","310","7TH CONGRESS","7800026","1583","0","","0"
"16","0","COOK","0","Under Votes","310","7TH CONGRESS","7800026","1583","0","","84"
"16","0","COOK","0","Over Votes","310","7TH CONGRESS","8500002","1293","0","","0"
"16","0","COOK","0","Under Votes","310","7TH CONGRESS","8500002","1293","0","","45"
"16","0","COOK","0","Over Votes","310","7TH CONGRESS","8500015","1379","0","","0"
"16","0","COOK","0","Under Votes","310","7TH CONGRESS","8500015","1379","0","","52"
"16","0","COOK","0","Over Votes","310","7TH CONGRESS","8500027","1587","0","","0"
"16","0","COOK","0","Under Votes","310","7TH CONGRESS","8500027","1587","0","","65"
"16","0","COOK","0","Over Votes","310","7TH CONGRESS","8900022","735","0","","0"
"16","0","COOK","0","Under Votes","310","7TH CONGRESS","8900022","735","0","","13"
"16","0","COOK","0","Over Votes","310","7TH CONGRESS","8900044","1104","0","","1"
"16","0","COOK","0","Under Votes","310","7TH CONGRESS","8900044","1104","0","","13"
"16","0","COOK","0","Over Votes","310","7TH CONGRESS","8900067","1248","0","","1"
"16","0","COOK","0","Under Votes","310","7TH CONGRESS","8900067","1248","0","","34"
"16","0","COOK","0","Over Votes","310","7TH CONGRESS","8900068","587","0","","0"
"16","0","COOK","0","Under Votes","310","7TH CONGRESS","8900068","587","0","","31"
"16","0","COOK","0","Over Votes","310","7TH CONGRESS","8900086","1493","0","","1"
"16","0","COOK","0","Under Votes","310","7TH CONGRESS","8900086","1493","0","","17"
"16","0","COOK","0","Over Votes","310","7TH CONGRESS","9100003","991","0","","0"
"16","0","COOK","0","Under Votes","310","7TH CONGRESS","9100003","991","0","","48"
"16","0","COOK","0","Under Votes","310","7TH CONGRESS","8500011","965","0","","28"
"16","0","COOK","0","Over Votes","310","7TH CONGRESS","8500011","965","0","","0"
"16","0","COOK","0","Under Votes","310","7TH CONGRESS","8500014","1101","0","","50"
"16","0","COOK","0","Over Votes","310","7TH CONGRESS","8500014","1101","0","","0"
"16","0","COOK","0","Under Votes","310","7TH CONGRESS","8500025","989","0","","26"
"16","0","COOK","0","Over Votes","310","7TH CONGRESS","8500025","989","0","","0"
"16","0","COOK","0","Under Votes","310","7TH CONGRESS","8500026","1534","0","","57"
"16","0","COOK","0","Over Votes","310","7TH CONGRESS","8500026","1534","0","","0"
"16","0","COOK","0","Under Votes","310","7TH CONGRESS","8900009","813","0","","19"
"16","0","COOK","0","Over Votes","310","7TH CONGRESS","8900009","813","0","","0"
"16","0","COOK","0","Under Votes","310","7TH CONGRESS","8900019","1389","0","","20"
"16","0","COOK","0","Over Votes","310","7TH CONGRESS","8900019","1389","0","","0"
"16","0","COOK","0","Under Votes","310","7TH CONGRESS","8900031","577","0","","12"
"16","0","COOK","0","Over Votes","310","7TH CONGRESS","8900031","577","0","","0"
"16","0","COOK","0","Under Votes","310","7TH CONGRESS","8900042","1310","0","","54"
"16","0","COOK","0","Over Votes","310","7TH CONGRESS","8900042","1310","0","","0"
"16","0","COOK","0","Under Votes","310","7TH CONGRESS","8900066","1227","0","","45"
"16","0","COOK","0","Over Votes","310","7TH CONGRESS","8900066","1227","0","","0"
"16","0","COOK","0","Under Votes","310","7TH CONGRESS","8900074","1319","0","","48"
"16","0","COOK","0","Over Votes","310","7TH CONGRESS","8900074","1319","0","","0"
"16","0","COOK","0","Under Votes","310","7TH CONGRESS","8900076","1144","0","","32"
"16","0","COOK","0","Over Votes","310","7TH CONGRESS","8900076","1144","0","","0"
"16","0","COOK","0","Under Votes","310","7TH CONGRESS","8900084","777","0","","40"
"16","0","COOK","0","Over Votes","310","7TH CONGRESS","8900084","777","0","","0"
"16","0","COOK","0","Under Votes","310","7TH CONGRESS","9100001","1483","0","","72"
"16","0","COOK","0","Over Votes","310","7TH CONGRESS","9100001","1483","0","","0"
"16","0","COOK","0","Under Votes","310","7TH CONGRESS","8500001","1548","0","","67"
"16","0","COOK","0","Over Votes","310","7TH CONGRESS","8500001","1548","0","","0"
"16","0","COOK","0","Under Votes","310","7TH CONGRESS","8500004","1171","0","","49"
"16","0","COOK","0","Over Votes","310","7TH CONGRESS","8500004","1171","0","","1"
"16","0","COOK","0","Under Votes","310","7TH CONGRESS","8500017","1476","0","","51"
"16","0","COOK","0","Over Votes","310","7TH CONGRESS","8500017","1476","0","","0"
"16","0","COOK","0","Under Votes","310","7TH CONGRESS","8500018","963","0","","42"
"16","0","COOK","0","Over Votes","310","7TH CONGRESS","8500018","963","0","","0"
"16","0","COOK","0","Under Votes","310","7TH CONGRESS","8500029","911","0","","36"
"16","0","COOK","0","Over Votes","310","7TH CONGRESS","8500029","911","0","","0"
"16","0","COOK","0","Under Votes","310","7TH CONGRESS","8500030","975","0","","20"
"16","0","COOK","0","Over Votes","310","7TH CONGRESS","8500030","975","0","","0"
"16","0","COOK","0","Under Votes","310","7TH CONGRESS","8900001","915","0","","17"
"16","0","COOK","0","Over Votes","310","7TH CONGRESS","8900001","915","0","","0"
"16","0","COOK","0","Over Votes","310","7TH CONGRESS","8900013","947","0","","0"
"16","0","COOK","0","Under Votes","310","7TH CONGRESS","8900013","947","0","","37"
"16","0","COOK","0","Under Votes","310","7TH CONGRESS","8900033","1123","0","","9"
"16","0","COOK","0","Over Votes","310","7TH CONGRESS","8900033","1123","0","","0"
"16","0","COOK","0","Over Votes","310","7TH CONGRESS","8900034","1405","0","","1"
"16","0","COOK","0","Under Votes","310","7TH CONGRESS","8900034","1405","0","","17"
"16","0","COOK","0","Under Votes","310","7TH CONGRESS","8900043","665","0","","8"
"16","0","COOK","0","Over Votes","310","7TH CONGRESS","8900043","665","0","","0"
"16","0","COOK","0","Over Votes","310","7TH CONGRESS","8900045","1317","0","","0"
"16","0","COOK","0","Under Votes","310","7TH CONGRESS","8900045","1317","0","","14"
"16","0","COOK","0","Under Votes","310","7TH CONGRESS","8900057","890","0","","28"
"16","0","COOK","0","Over Votes","310","7TH CONGRESS","8900057","890","0","","0"
"16","0","COOK","0","Over Votes","310","7TH CONGRESS","8900070","765","0","","0"
"16","0","COOK","0","Under Votes","310","7TH CONGRESS","8900070","765","0","","22"
"16","0","COOK","0","Under Votes","310","7TH CONGRESS","8900077","824","0","","20"
"16","0","COOK","0","Over Votes","310","7TH CONGRESS","8900077","824","0","","0"
"16","0","COOK","0","Over Votes","310","7TH CONGRESS","9100007","1040","0","","0"
"16","0","COOK","0","Under Votes","310","7TH CONGRESS","9100007","1040","0","","47"
"16","0","COOK","0","Over Votes","310","7TH CONGRESS","8500003","1364","0","","0"
"16","0","COOK","0","Under Votes","310","7TH CONGRESS","8500003","1364","0","","29"
"16","0","COOK","0","Under Votes","310","7TH CONGRESS","8500006","1394","0","","60"
"16","0","COOK","0","Over Votes","310","7TH CONGRESS","8500006","1394","0","","0"
"16","0","COOK","0","Under Votes","310","7TH CONGRESS","8500020","1708","0","","75"
"16","0","COOK","0","Over Votes","310","7TH CONGRESS","8500020","1708","0","","0"
"16","0","COOK","0","Over Votes","310","7TH CONGRESS","8500031","1605","0","","0"
"16","0","COOK","0","Under Votes","310","7TH CONGRESS","8500031","1605","0","","48"
"16","0","COOK","0","Under Votes","310","7TH CONGRESS","8500032","1409","0","","40"
"16","0","COOK","0","Over Votes","310","7TH CONGRESS","8500032","1409","0","","0"
"16","0","COOK","0","Under Votes","310","7TH CONGRESS","8900025","1188","0","","8"
"16","0","COOK","0","Over Votes","310","7TH CONGRESS","8900025","1188","0","","0"
"16","0","COOK","0","Under Votes","310","7TH CONGRESS","8900036","1450","0","","26"
"16","0","COOK","0","Over Votes","310","7TH CONGRESS","8900036","1450","0","","0"
"16","0","COOK","0","Under Votes","310","7TH CONGRESS","8900047","1123","0","","17"
"16","0","COOK","0","Over Votes","310","7TH CONGRESS","8900047","1123","0","","0"
"16","0","COOK","0","Over Votes","310","7TH CONGRESS","8900056","1202","0","","0"
"16","0","COOK","0","Under Votes","310","7TH CONGRESS","8900056","1202","0","","25"
"16","0","COOK","0","Over Votes","310","7TH CONGRESS","8900059","800","0","","0"
"16","0","COOK","0","Under Votes","310","7TH CONGRESS","8900059","800","0","","16"
"16","0","COOK","0","Over Votes","310","7TH CONGRESS","8900069","756","0","","0"
"16","0","COOK","0","Under Votes","310","7TH CONGRESS","8900069","756","0","","16"
"16","0","COOK","0","Over Votes","310","7TH CONGRESS","8900079","734","0","","0"
"16","0","COOK","0","Under Votes","310","7TH CONGRESS","8900079","734","0","","12"
"16","0","COOK","0","Under Votes","310","7TH CONGRESS","8900081","868","0","","25"
"16","0","COOK","0","Over Votes","310","7TH CONGRESS","8900081","868","0","","0"
"16","0","COOK","0","Over Votes","310","7TH CONGRESS","9100005","1289","0","","0"
"16","0","COOK","0","Under Votes","310","7TH CONGRESS","9100005","1289","0","","43"
"16","0","COOK","0","Over Votes","310","7TH CONGRESS","9100006","664","0","","0"
"16","0","COOK","0","Under Votes","310","7TH CONGRESS","9100006","664","0","","32"
"16","0","COOK","0","Over Votes","310","7TH CONGRESS","8500005","1165","0","","0"
"16","0","COOK","0","Under Votes","310","7TH CONGRESS","8500005","1165","0","","40"
"16","0","COOK","0","Under Votes","310","7TH CONGRESS","8500008","1018","0","","29"
"16","0","COOK","0","Over Votes","310","7TH CONGRESS","8500008","1018","0","","1"
"16","0","COOK","0","Over Votes","310","7TH CONGRESS","8500019","1327","0","","0"
"16","0","COOK","0","Under Votes","310","7TH CONGRESS","8500019","1327","0","","52"
"16","0","COOK","0","Under Votes","310","7TH CONGRESS","8500022","1662","0","","39"
"16","0","COOK","0","Over Votes","310","7TH CONGRESS","8500022","1662","0","","0"
"16","0","COOK","0","Under Votes","310","7TH CONGRESS","8900003","1109","0","","17"
"16","0","COOK","0","Over Votes","310","7TH CONGRESS","8900003","1109","0","","1"
"16","0","COOK","0","Under Votes","310","7TH CONGRESS","8900005","1296","0","","57"
"16","0","COOK","0","Over Votes","310","7TH CONGRESS","8900005","1296","0","","0"
"16","0","COOK","0","Under Votes","310","7TH CONGRESS","8900035","1235","0","","71"
"16","0","COOK","0","Over Votes","310","7TH CONGRESS","8900035","1235","0","","0"
"16","0","COOK","0","Under Votes","310","7TH CONGRESS","8900038","885","0","","14"
"16","0","COOK","0","Over Votes","310","7TH CONGRESS","8900038","885","0","","0"
"16","0","COOK","0","Under Votes","310","7TH CONGRESS","8900049","739","0","","17"
"16","0","COOK","0","Over Votes","310","7TH CONGRESS","8900049","739","0","","1"
"16","0","COOK","0","Under Votes","310","7TH CONGRESS","8900058","724","0","","12"
"16","0","COOK","0","Over Votes","310","7TH CONGRESS","8900058","724","0","","0"
"16","0","COOK","0","Under Votes","310","7TH CONGRESS","8900071","1718","0","","11"
"16","0","COOK","0","Over Votes","310","7TH CONGRESS","8900071","1718","0","","1"
"105","0","CITY OF CHICAGO","0","Under Votes","310","7TH CONGRESS","Ward 01 Precinct 15","1471","0","","70"
"105","0","CITY OF CHICAGO","0","Over Votes","310","7TH CONGRESS","Ward 01 Precinct 15","1471","0","","0"
"105","0","CITY OF CHICAGO","0","Under Votes","310","7TH CONGRESS","Ward 02 Precinct 02","1674","0","","68"
"105","0","CITY OF CHICAGO","0","Over Votes","310","7TH CONGRESS","Ward 02 Precinct 02","1674","0","","1"
"105","0","CITY OF CHICAGO","0","Under Votes","310","7TH CONGRESS","Ward 03 Precinct 02","1168","0","","1"
"105","0","CITY OF CHICAGO","0","Over Votes","310","7TH CONGRESS","Ward 03 Precinct 02","1168","0","","0"
"105","0","CITY OF CHICAGO","0","Under Votes","310","7TH CONGRESS","Ward 03 Precinct 12","1502","0","","40"
"105","0","CITY OF CHICAGO","0","Over Votes","310","7TH CONGRESS","Ward 03 Precinct 12","1502","0","","1"
"105","0","CITY OF CHICAGO","0","Under Votes","310","7TH CONGRESS","Ward 03 Precinct 16","613","0","","28"
"105","0","CITY OF CHICAGO","0","Over Votes","310","7TH CONGRESS","Ward 03 Precinct 16","613","0","","0"
"105","0","CITY OF CHICAGO","0","Under Votes","310","7TH CONGRESS","Ward 04 Precinct 25","1654","0","","68"
"105","0","CITY OF CHICAGO","0","Over Votes","310","7TH CONGRESS","Ward 04 Precinct 25","1654","0","","0"
"105","0","CITY OF CHICAGO","0","Under Votes","310","7TH CONGRESS","Ward 11 Precinct 07","1427","0","","157"
"105","0","CITY OF CHICAGO","0","Over Votes","310","7TH CONGRESS","Ward 11 Precinct 07","1427","0","","0"
"105","0","CITY OF CHICAGO","0","Under Votes","310","7TH CONGRESS","Ward 15 Precinct 03","450","0","","17"
"105","0","CITY OF CHICAGO","0","Over Votes","310","7TH CONGRESS","Ward 15 Precinct 03","450","0","","0"
"105","0","CITY OF CHICAGO","0","Under Votes","310","7TH CONGRESS","Ward 16 Precinct 05","1430","0","","30"
"105","0","CITY OF CHICAGO","0","Over Votes","310","7TH CONGRESS","Ward 16 Precinct 05","1430","0","","0"
"105","0","CITY OF CHICAGO","0","Under Votes","310","7TH CONGRESS","Ward 16 Precinct 15","1041","0","","24"
"105","0","CITY OF CHICAGO","0","Over Votes","310","7TH CONGRESS","Ward 16 Precinct 15","1041","0","","0"
"105","0","CITY OF CHICAGO","0","Under Votes","310","7TH CONGRESS","Ward 16 Precinct 24","921","0","","27"
"105","0","CITY OF CHICAGO","0","Over Votes","310","7TH CONGRESS","Ward 16 Precinct 24","921","0","","0"
"105","0","CITY OF CHICAGO","0","Under Votes","310","7TH CONGRESS","Ward 20 Precinct 01","1127","0","","7"
"105","0","CITY OF CHICAGO","0","Over Votes","310","7TH CONGRESS","Ward 20 Precinct 01","1127","0","","0"
"105","0","CITY OF CHICAGO","0","Under Votes","310","7TH CONGRESS","Ward 20 Precinct 10","1532","0","","33"
"105","0","CITY OF CHICAGO","0","Over Votes","310","7TH CONGRESS","Ward 20 Precinct 10","1532","0","","0"
"105","0","CITY OF CHICAGO","0","Under Votes","310","7TH CONGRESS","Ward 24 Precinct 05","1864","0","","49"
"105","0","CITY OF CHICAGO","0","Over Votes","310","7TH CONGRESS","Ward 24 Precinct 05","1864","0","","1"
"105","0","CITY OF CHICAGO","0","Under Votes","310","7TH CONGRESS","Ward 24 Precinct 18","1531","0","","24"
"105","0","CITY OF CHICAGO","0","Over Votes","310","7TH CONGRESS","Ward 24 Precinct 18","1531","0","","0"
"105","0","CITY OF CHICAGO","0","Over Votes","310","7TH CONGRESS","Ward 27 Precinct 07","1935","0","","3"
"105","0","CITY OF CHICAGO","0","Under Votes","310","7TH CONGRESS","Ward 27 Precinct 07","1935","0","","119"
"105","0","CITY OF CHICAGO","0","Over Votes","310","7TH CONGRESS","Ward 27 Precinct 17","890","0","","0"
"105","0","CITY OF CHICAGO","0","Under Votes","310","7TH CONGRESS","Ward 27 Precinct 17","890","0","","41"
"105","0","CITY OF CHICAGO","0","Over Votes","310","7TH CONGRESS","Ward 28 Precinct 08","1207","0","","1"
"105","0","CITY OF CHICAGO","0","Under Votes","310","7TH CONGRESS","Ward 28 Precinct 08","1207","0","","28"
"105","0","CITY OF CHICAGO","0","Over Votes","310","7TH CONGRESS","Ward 29 Precinct 10","1375","0","","0"
"105","0","CITY OF CHICAGO","0","Under Votes","310","7TH CONGRESS","Ward 29 Precinct 10","1375","0","","24"
"105","0","CITY OF CHICAGO","0","Over Votes","310","7TH CONGRESS","Ward 29 Precinct 23","1552","0","","0"
"105","0","CITY OF CHICAGO","0","Under Votes","310","7TH CONGRESS","Ward 29 Precinct 23","1552","0","","32"
"105","0","CITY OF CHICAGO","0","Under Votes","310","7TH CONGRESS","Ward 34 Precinct 06","1069","0","","52"
"105","0","CITY OF CHICAGO","0","Over Votes","310","7TH CONGRESS","Ward 34 Precinct 06","1069","0","","0"
"105","0","CITY OF CHICAGO","0","Under Votes","310","7TH CONGRESS","Ward 34 Precinct 07","557","0","","25"
"105","0","CITY OF CHICAGO","0","Over Votes","310","7TH CONGRESS","Ward 34 Precinct 07","557","0","","0"
"105","0","CITY OF CHICAGO","0","Over Votes","310","7TH CONGRESS","Ward 34 Precinct 15","1296","0","","0"
"105","0","CITY OF CHICAGO","0","Under Votes","310","7TH CONGRESS","Ward 34 Precinct 15","1296","0","","47"
"105","0","CITY OF CHICAGO","0","Over Votes","310","7TH CONGRESS","Ward 34 Precinct 16","1730","0","","0"
"105","0","CITY OF CHICAGO","0","Under Votes","310","7TH CONGRESS","Ward 34 Precinct 16","1730","0","","73"
"105","0","CITY OF CHICAGO","0","Under Votes","310","7TH CONGRESS","Ward 34 Precinct 17","1544","0","","57"
"105","0","CITY OF CHICAGO","0","Under Votes","310","7TH CONGRESS","Ward 01 Precinct 25","1742","0","","113"
"105","0","CITY OF CHICAGO","0","Over Votes","310","7TH CONGRESS","Ward 01 Precinct 25","1742","0","","0"
"105","0","CITY OF CHICAGO","0","Under Votes","310","7TH CONGRESS","Ward 01 Precinct 26","1559","0","","81"
"105","0","CITY OF CHICAGO","0","Over Votes","310","7TH CONGRESS","Ward 01 Precinct 26","1559","0","","0"
"105","0","CITY OF CHICAGO","0","Over Votes","310","7TH CONGRESS","Ward 02 Precinct 03","1237","0","","0"
"105","0","CITY OF CHICAGO","0","Under Votes","310","7TH CONGRESS","Ward 02 Precinct 03","1237","0","","72"
"105","0","CITY OF CHICAGO","0","Under Votes","310","7TH CONGRESS","Ward 03 Precinct 10","823","0","","46"
"105","0","CITY OF CHICAGO","0","Over Votes","310","7TH CONGRESS","Ward 03 Precinct 10","823","0","","0"
"105","0","CITY OF CHICAGO","0","Over Votes","310","7TH CONGRESS","Ward 03 Precinct 13","1431","0","","0"
"105","0","CITY OF CHICAGO","0","Under Votes","310","7TH CONGRESS","Ward 03 Precinct 13","1431","0","","50"
"105","0","CITY OF CHICAGO","0","Under Votes","310","7TH CONGRESS","Ward 03 Precinct 22","947","0","","35"
"105","0","CITY OF CHICAGO","0","Over Votes","310","7TH CONGRESS","Ward 03 Precinct 22","947","0","","0"
"105","0","CITY OF CHICAGO","0","Under Votes","310","7TH CONGRESS","Ward 03 Precinct 24","474","0","","20"
"105","0","CITY OF CHICAGO","0","Over Votes","310","7TH CONGRESS","Ward 03 Precinct 24","474","0","","0"
"105","0","CITY OF CHICAGO","0","Over Votes","310","7TH CONGRESS","Ward 03 Precinct 25","1662","0","","1"
"105","0","CITY OF CHICAGO","0","Under Votes","310","7TH CONGRESS","Ward 03 Precinct 25","1662","0","","61"
"105","0","CITY OF CHICAGO","0","Over Votes","310","7TH CONGRESS","Ward 04 Precinct 24","1404","0","","0"
"105","0","CITY OF CHICAGO","0","Under Votes","310","7TH CONGRESS","Ward 04 Precinct 24","1404","0","","5"
"105","0","CITY OF CHICAGO","0","Under Votes","310","7TH CONGRESS","Ward 11 Precinct 02","387","0","","37"
"105","0","CITY OF CHICAGO","0","Over Votes","310","7TH CONGRESS","Ward 11 Precinct 02","387","0","","0"
"105","0","CITY OF CHICAGO","0","Under Votes","310","7TH CONGRESS","Ward 15 Precinct 01","744","0","","57"
"105","0","CITY OF CHICAGO","0","Over Votes","310","7TH CONGRESS","Ward 15 Precinct 01","744","0","","0"
"105","0","CITY OF CHICAGO","0","Under Votes","310","7TH CONGRESS","Ward 16 Precinct 01","1222","0","","27"
"105","0","CITY OF CHICAGO","0","Over Votes","310","7TH CONGRESS","Ward 16 Precinct 01","1222","0","","0"
"105","0","CITY OF CHICAGO","0","Over Votes","310","7TH CONGRESS","Ward 16 Precinct 03","954","0","","0"
"105","0","CITY OF CHICAGO","0","Under Votes","310","7TH CONGRESS","Ward 16 Precinct 03","954","0","","23"
"105","0","CITY OF CHICAGO","0","Over Votes","310","7TH CONGRESS","Ward 16 Precinct 13","516","0","","0"
"105","0","CITY OF CHICAGO","0","Under Votes","310","7TH CONGRESS","Ward 16 Precinct 13","516","0","","4"
"105","0","CITY OF CHICAGO","0","Under Votes","310","7TH CONGRESS","Ward 16 Precinct 21","851","0","","26"
"105","0","CITY OF CHICAGO","0","Over Votes","310","7TH CONGRESS","Ward 16 Precinct 21","851","0","","0"
"105","0","CITY OF CHICAGO","0","Under Votes","310","7TH CONGRESS","Ward 17 Precinct 07","585","0","","10"
"105","0","CITY OF CHICAGO","0","Over Votes","310","7TH CONGRESS","Ward 17 Precinct 07","585","0","","0"
"105","0","CITY OF CHICAGO","0","Over Votes","310","7TH CONGRESS","Ward 17 Precinct 09","923","0","","0"
"105","0","CITY OF CHICAGO","0","Under Votes","310","7TH CONGRESS","Ward 17 Precinct 09","923","0","","23"
"105","0","CITY OF CHICAGO","0","Under Votes","310","7TH CONGRESS","Ward 24 Precinct 02","612","0","","14"
"105","0","CITY OF CHICAGO","0","Over Votes","310","7TH CONGRESS","Ward 24 Precinct 02","612","0","","0"
"105","0","CITY OF CHICAGO","0","Over Votes","310","7TH CONGRESS","Ward 24 Precinct 06","1171","0","","1"
"105","0","CITY OF CHICAGO","0","Under Votes","310","7TH CONGRESS","Ward 24 Precinct 06","1171","0","","29"
"105","0","CITY OF CHICAGO","0","Under Votes","310","7TH CONGRESS","Ward 24 Precinct 16","481","0","","18"
"105","0","CITY OF CHICAGO","0","Over Votes","310","7TH CONGRESS","Ward 24 Precinct 16","481","0","","0"
"105","0","CITY OF CHICAGO","0","Under Votes","310","7TH CONGRESS","Ward 27 Precinct 08","1440","0","","20"
"105","0","CITY OF CHICAGO","0","Over Votes","310","7TH CONGRESS","Ward 27 Precinct 08","1440","0","","0"
"105","0","CITY OF CHICAGO","0","Under Votes","310","7TH CONGRESS","Ward 27 Precinct 15","1517","0","","88"
"105","0","CITY OF CHICAGO","0","Over Votes","310","7TH CONGRESS","Ward 27 Precinct 15","1517","0","","0"
"105","0","CITY OF CHICAGO","0","Under Votes","310","7TH CONGRESS","Ward 27 Precinct 16","2037","0","","102"
"105","0","CITY OF CHICAGO","0","Over Votes","310","7TH CONGRESS","Ward 27 Precinct 16","2037","0","","0"
"105","0","CITY OF CHICAGO","0","Under Votes","310","7TH CONGRESS","Ward 27 Precinct 26","1250","0","","45"
"105","0","CITY OF CHICAGO","0","Over Votes","310","7TH CONGRESS","Ward 27 Precinct 26","1250","0","","4"
"105","0","CITY OF CHICAGO","0","Under Votes","310","7TH CONGRESS","Ward 27 Precinct 27","1021","0","","41"
"105","0","CITY OF CHICAGO","0","Under Votes","310","7TH CONGRESS","Ward 01 Precinct 12","701","0","","52"
"105","0","CITY OF CHICAGO","0","Over Votes","310","7TH CONGRESS","Ward 01 Precinct 12","701","0","","0"
"105","0","CITY OF CHICAGO","0","Under Votes","310","7TH CONGRESS","Ward 01 Precinct 23","879","0","","35"
"105","0","CITY OF CHICAGO","0","Over Votes","310","7TH CONGRESS","Ward 01 Precinct 23","879","0","","0"
"105","0","CITY OF CHICAGO","0","Under Votes","310","7TH CONGRESS","Ward 01 Precinct 24","1736","0","","99"
"105","0","CITY OF CHICAGO","0","Over Votes","310","7TH CONGRESS","Ward 01 Precinct 24","1736","0","","1"
"105","0","CITY OF CHICAGO","0","Under Votes","310","7TH CONGRESS","Ward 03 Precinct 07","691","0","","12"
"105","0","CITY OF CHICAGO","0","Over Votes","310","7TH CONGRESS","Ward 03 Precinct 07","691","0","","0"
"105","0","CITY OF CHICAGO","0","Under Votes","310","7TH CONGRESS","Ward 03 Precinct 19","1655","0","","22"
"105","0","CITY OF CHICAGO","0","Over Votes","310","7TH CONGRESS","Ward 03 Precinct 19","1655","0","","0"
"105","0","CITY OF CHICAGO","0","Under Votes","310","7TH CONGRESS","Ward 11 Precinct 12","400","0","","46"
"105","0","CITY OF CHICAGO","0","Over Votes","310","7TH CONGRESS","Ward 11 Precinct 12","400","0","","0"
"105","0","CITY OF CHICAGO","0","Under Votes","310","7TH CONGRESS","Ward 14 Precinct 01","1658","0","","39"
"105","0","CITY OF CHICAGO","0","Over Votes","310","7TH CONGRESS","Ward 14 Precinct 01","1658","0","","2"
"105","0","CITY OF CHICAGO","0","Under Votes","310","7TH CONGRESS","Ward 15 Precinct 17","1313","0","","28"
"105","0","CITY OF CHICAGO","0","Over Votes","310","7TH CONGRESS","Ward 15 Precinct 17","1313","0","","1"
"105","0","CITY OF CHICAGO","0","Under Votes","310","7TH CONGRESS","Ward 16 Precinct 08","692","0","","21"
"105","0","CITY OF CHICAGO","0","Over Votes","310","7TH CONGRESS","Ward 16 Precinct 08","692","0","","0"
"105","0","CITY OF CHICAGO","0","Under Votes","310","7TH CONGRESS","Ward 16 Precinct 09","1214","0","","32"
"105","0","CITY OF CHICAGO","0","Over Votes","310","7TH CONGRESS","Ward 16 Precinct 09","1214","0","","0"
"105","0","CITY OF CHICAGO","0","Under Votes","310","7TH CONGRESS","Ward 17 Precinct 05","614","0","","15"
"105","0","CITY OF CHICAGO","0","Over Votes","310","7TH CONGRESS","Ward 17 Precinct 05","614","0","","0"
"105","0","CITY OF CHICAGO","0","Under Votes","310","7TH CONGRESS","Ward 17 Precinct 06","1080","0","","34"
"105","0","CITY OF CHICAGO","0","Over Votes","310","7TH CONGRESS","Ward 17 Precinct 06","1080","0","","0"
"105","0","CITY OF CHICAGO","0","Under Votes","310","7TH CONGRESS","Ward 17 Precinct 14","689","0","","8"
"105","0","CITY OF CHICAGO","0","Over Votes","310","7TH CONGRESS","Ward 17 Precinct 14","689","0","","1"
"105","0","CITY OF CHICAGO","0","Under Votes","310","7TH CONGRESS","Ward 20 Precinct 04","426","0","","11"
"105","0","CITY OF CHICAGO","0","Over Votes","310","7TH CONGRESS","Ward 20 Precinct 04","426","0","","0"
"105","0","CITY OF CHICAGO","0","Under Votes","310","7TH CONGRESS","Ward 24 Precinct 01","713","0","","15"
"105","0","CITY OF CHICAGO","0","Over Votes","310","7TH CONGRESS","Ward 24 Precinct 01","713","0","","0"
"105","0","CITY OF CHICAGO","0","Under Votes","310","7TH CONGRESS","Ward 24 Precinct 10","1038","0","","29"
"105","0","CITY OF CHICAGO","0","Over Votes","310","7TH CONGRESS","Ward 24 Precinct 10","1038","0","","0"
"105","0","CITY OF CHICAGO","0","Under Votes","310","7TH CONGRESS","Ward 25 Precinct 17","772","0","","31"
"105","0","CITY OF CHICAGO","0","Over Votes","310","7TH CONGRESS","Ward 25 Precinct 17","772","0","","0"
"105","0","CITY OF CHICAGO","0","Under Votes","310","7TH CONGRESS","Ward 27 Precinct 14","1133","0","","26"
"105","0","CITY OF CHICAGO","0","Over Votes","310","7TH CONGRESS","Ward 27 Precinct 14","1133","0","","1"
"105","0","CITY OF CHICAGO","0","Under Votes","310","7TH CONGRESS","Ward 27 Precinct 21","570","0","","9"
"105","0","CITY OF CHICAGO","0","Over Votes","310","7TH CONGRESS","Ward 27 Precinct 21","570","0","","0"
"105","0","CITY OF CHICAGO","0","Under Votes","310","7TH CONGRESS","Ward 27 Precinct 28","971","0","","43"
"105","0","CITY OF CHICAGO","0","Over Votes","310","7TH CONGRESS","Ward 27 Precinct 28","971","0","","0"
"105","0","CITY OF CHICAGO","0","Under Votes","310","7TH CONGRESS","Ward 28 Precinct 03","308","0","","9"
"105","0","CITY OF CHICAGO","0","Over Votes","310","7TH CONGRESS","Ward 28 Precinct 03","308","0","","0"
"105","0","CITY OF CHICAGO","0","Under Votes","310","7TH CONGRESS","Ward 28 Precinct 12","1631","0","","71"
"105","0","CITY OF CHICAGO","0","Over Votes","310","7TH CONGRESS","Ward 28 Precinct 12","1631","0","","0"
"105","0","CITY OF CHICAGO","0","Under Votes","310","7TH CONGRESS","Ward 28 Precinct 14","1099","0","","50"
"105","0","CITY OF CHICAGO","0","Over Votes","310","7TH CONGRESS","Ward 28 Precinct 14","1099","0","","0"
"105","0","CITY OF CHICAGO","0","Under Votes","310","7TH CONGRESS","Ward 28 Precinct 22","861","0","","25"
"105","0","CITY OF CHICAGO","0","Over Votes","310","7TH CONGRESS","Ward 28 Precinct 22","861","0","","0"
"105","0","CITY OF CHICAGO","0","Under Votes","310","7TH CONGRESS","Ward 28 Precinct 23","1049","0","","24"
"105","0","CITY OF CHICAGO","0","Over Votes","310","7TH CONGRESS","Ward 01 Precinct 16","1489","0","","0"
"105","0","CITY OF CHICAGO","0","Under Votes","310","7TH CONGRESS","Ward 01 Precinct 16","1489","0","","79"
"105","0","CITY OF CHICAGO","0","Over Votes","310","7TH CONGRESS","Ward 02 Precinct 04","1367","0","","0"
"105","0","CITY OF CHICAGO","0","Under Votes","310","7TH CONGRESS","Ward 02 Precinct 04","1367","0","","85"
"105","0","CITY OF CHICAGO","0","Over Votes","310","7TH CONGRESS","Ward 03 Precinct 01","1631","0","","0"
"105","0","CITY OF CHICAGO","0","Under Votes","310","7TH CONGRESS","Ward 03 Precinct 01","1631","0","","38"
"105","0","CITY OF CHICAGO","0","Over Votes","310","7TH CONGRESS","Ward 03 Precinct 03","1244","0","","0"
"105","0","CITY OF CHICAGO","0","Under Votes","310","7TH CONGRESS","Ward 03 Precinct 03","1244","0","","75"
"105","0","CITY OF CHICAGO","0","Over Votes","310","7TH CONGRESS","Ward 03 Precinct 14","1743","0","","1"
"105","0","CITY OF CHICAGO","0","Under Votes","310","7TH CONGRESS","Ward 03 Precinct 14","1743","0","","86"
"105","0","CITY OF CHICAGO","0","Over Votes","310","7TH CONGRESS","Ward 03 Precinct 15","1340","0","","1"
"105","0","CITY OF CHICAGO","0","Under Votes","310","7TH CONGRESS","Ward 03 Precinct 15","1340","0","","42"
"105","0","CITY OF CHICAGO","0","Under Votes","310","7TH CONGRESS","Ward 04 Precinct 27","1513","0","","75"
"105","0","CITY OF CHICAGO","0","Over Votes","310","7TH CONGRESS","Ward 04 Precinct 27","1513","0","","0"
"105","0","CITY OF CHICAGO","0","Under Votes","310","7TH CONGRESS","Ward 11 Precinct 09","1559","0","","147"
"105","0","CITY OF CHICAGO","0","Over Votes","310","7TH CONGRESS","Ward 11 Precinct 09","1559","0","","1"
"105","0","CITY OF CHICAGO","0","Under Votes","310","7TH CONGRESS","Ward 11 Precinct 21","1385","0","","131"
"105","0","CITY OF CHICAGO","0","Over Votes","310","7TH CONGRESS","Ward 11 Precinct 21","1385","0","","0"
"105","0","CITY OF CHICAGO","0","Under Votes","310","7TH CONGRESS","Ward 15 Precinct 15","976","0","","25"
"105","0","CITY OF CHICAGO","0","Over Votes","310","7TH CONGRESS","Ward 15 Precinct 15","976","0","","0"
"105","0","CITY OF CHICAGO","0","Over Votes","310","7TH CONGRESS","Ward 16 Precinct 04","654","0","","0"
"105","0","CITY OF CHICAGO","0","Under Votes","310","7TH CONGRESS","Ward 16 Precinct 04","654","0","","9"
"105","0","CITY OF CHICAGO","0","Over Votes","310","7TH CONGRESS","Ward 16 Precinct 14","1443","0","","1"
"105","0","CITY OF CHICAGO","0","Under Votes","310","7TH CONGRESS","Ward 16 Precinct 14","1443","0","","31"
"105","0","CITY OF CHICAGO","0","Under Votes","310","7TH CONGRESS","Ward 16 Precinct 17","1693","0","","42"
"105","0","CITY OF CHICAGO","0","Over Votes","310","7TH CONGRESS","Ward 16 Precinct 17","1693","0","","0"
"105","0","CITY OF CHICAGO","0","Over Votes","310","7TH CONGRESS","Ward 16 Precinct 23","1023","0","","0"
"105","0","CITY OF CHICAGO","0","Under Votes","310","7TH CONGRESS","Ward 16 Precinct 23","1023","0","","10"
"105","0","CITY OF CHICAGO","0","Over Votes","310","7TH CONGRESS","Ward 17 Precinct 11","997","0","","0"
"105","0","CITY OF CHICAGO","0","Under Votes","310","7TH CONGRESS","Ward 17 Precinct 11","997","0","","33"
"105","0","CITY OF CHICAGO","0","Over Votes","310","7TH CONGRESS","Ward 20 Precinct 09","1220","0","","0"
"105","0","CITY OF CHICAGO","0","Under Votes","310","7TH CONGRESS","Ward 20 Precinct 09","1220","0","","32"
"105","0","CITY OF CHICAGO","0","Under Votes","310","7TH CONGRESS","Ward 20 Precinct 23","633","0","","19"
"105","0","CITY OF CHICAGO","0","Over Votes","310","7TH CONGRESS","Ward 20 Precinct 23","633","0","","2"
"105","0","CITY OF CHICAGO","0","Over Votes","310","7TH CONGRESS","Ward 24 Precinct 07","730","0","","0"
"105","0","CITY OF CHICAGO","0","Under Votes","310","7TH CONGRESS","Ward 24 Precinct 07","730","0","","21"
"105","0","CITY OF CHICAGO","0","Over Votes","310","7TH CONGRESS","Ward 27 Precinct 09","1511","0","","1"
"105","0","CITY OF CHICAGO","0","Under Votes","310","7TH CONGRESS","Ward 27 Precinct 09","1511","0","","69"
"105","0","CITY OF CHICAGO","0","Under Votes","310","7TH CONGRESS","Ward 27 Precinct 11","1268","0","","69"
"105","0","CITY OF CHICAGO","0","Over Votes","310","7TH CONGRESS","Ward 27 Precinct 11","1268","0","","0"
"105","0","CITY OF CHICAGO","0","Over Votes","310","7TH CONGRESS","Ward 27 Precinct 18","1586","0","","0"
"105","0","CITY OF CHICAGO","0","Under Votes","310","7TH CONGRESS","Ward 27 Precinct 18","1586","0","","72"
"105","0","CITY OF CHICAGO","0","Over Votes","310","7TH CONGRESS","Ward 29 Precinct 09","947","0","","0"
"105","0","CITY OF CHICAGO","0","Under Votes","310","7TH CONGRESS","Ward 29 Precinct 09","947","0","","20"
"105","0","CITY OF CHICAGO","0","Under Votes","310","7TH CONGRESS","Ward 29 Precinct 12","1442","0","","47"
"105","0","CITY OF CHICAGO","0","Over Votes","310","7TH CONGRESS","Ward 29 Precinct 12","1442","0","","0"
"105","0","CITY OF CHICAGO","0","Under Votes","310","7TH CONGRESS","Ward 34 Precinct 09","1741","0","","99"
"105","0","CITY OF CHICAGO","0","Over Votes","310","7TH CONGRESS","Ward 34 Precinct 09","1741","0","","0"
"105","0","CITY OF CHICAGO","0","Under Votes","310","7TH CONGRESS","Ward 34 Precinct 19","1121","0","","72"
"105","0","CITY OF CHICAGO","0","Under Votes","310","7TH CONGRESS","Ward 01 Precinct 13","1060","0","","57"
"105","0","CITY OF CHICAGO","0","Over Votes","310","7TH CONGRESS","Ward 01 Precinct 13","1060","0","","0"
"105","0","CITY OF CHICAGO","0","Over Votes","310","7TH CONGRESS","Ward 01 Precinct 14","940","0","","0"
"105","0","CITY OF CHICAGO","0","Under Votes","310","7TH CONGRESS","Ward 01 Precinct 14","940","0","","81"
"105","0","CITY OF CHICAGO","0","Over Votes","310","7TH CONGRESS","Ward 02 Precinct 01","1632","0","","0"
"105","0","CITY OF CHICAGO","0","Under Votes","310","7TH CONGRESS","Ward 02 Precinct 01","1632","0","","60"
"105","0","CITY OF CHICAGO","0","Over Votes","310","7TH CONGRESS","Ward 02 Precinct 22","1131","0","","0"
"105","0","CITY OF CHICAGO","0","Under Votes","310","7TH CONGRESS","Ward 02 Precinct 22","1131","0","","56"
"105","0","CITY OF CHICAGO","0","Over Votes","310","7TH CONGRESS","Ward 03 Precinct 08","1511","0","","0"
"105","0","CITY OF CHICAGO","0","Under Votes","310","7TH CONGRESS","Ward 03 Precinct 08","1511","0","","46"
"105","0","CITY OF CHICAGO","0","Over Votes","310","7TH CONGRESS","Ward 03 Precinct 11","1748","0","","2"
"105","0","CITY OF CHICAGO","0","Under Votes","310","7TH CONGRESS","Ward 03 Precinct 11","1748","0","","57"
"105","0","CITY OF CHICAGO","0","Over Votes","310","7TH CONGRESS","Ward 11 Precinct 03","1915","0","","0"
"105","0","CITY OF CHICAGO","0","Under Votes","310","7TH CONGRESS","Ward 11 Precinct 03","1915","0","","194"
"105","0","CITY OF CHICAGO","0","Over Votes","310","7TH CONGRESS","Ward 11 Precinct 14","1876","0","","0"
"105","0","CITY OF CHICAGO","0","Under Votes","310","7TH CONGRESS","Ward 11 Precinct 14","1876","0","","147"
"105","0","CITY OF CHICAGO","0","Over Votes","310","7TH CONGRESS","Ward 15 Precinct 02","936","0","","0"
"105","0","CITY OF CHICAGO","0","Under Votes","310","7TH CONGRESS","Ward 15 Precinct 02","936","0","","86"
"105","0","CITY OF CHICAGO","0","Over Votes","310","7TH CONGRESS","Ward 16 Precinct 02","821","0","","0"
"105","0","CITY OF CHICAGO","0","Under Votes","310","7TH CONGRESS","Ward 16 Precinct 02","821","0","","14"
"105","0","CITY OF CHICAGO","0","Over Votes","310","7TH CONGRESS","Ward 16 Precinct 10","984","0","","0"
"105","0","CITY OF CHICAGO","0","Under Votes","310","7TH CONGRESS","Ward 16 Precinct 10","984","0","","18"
"105","0","CITY OF CHICAGO","0","Over Votes","310","7TH CONGRESS","Ward 16 Precinct 11","871","0","","1"
"105","0","CITY OF CHICAGO","0","Under Votes","310","7TH CONGRESS","Ward 16 Precinct 11","871","0","","23"
"105","0","CITY OF CHICAGO","0","Over Votes","310","7TH CONGRESS","Ward 16 Precinct 12","439","0","","0"
"105","0","CITY OF CHICAGO","0","Under Votes","310","7TH CONGRESS","Ward 16 Precinct 12","439","0","","9"
"105","0","CITY OF CHICAGO","0","Over Votes","310","7TH CONGRESS","Ward 16 Precinct 22","1080","0","","0"
"105","0","CITY OF CHICAGO","0","Under Votes","310","7TH CONGRESS","Ward 16 Precinct 22","1080","0","","45"
"105","0","CITY OF CHICAGO","0","Over Votes","310","7TH CONGRESS","Ward 17 Precinct 08","744","0","","0"
"105","0","CITY OF CHICAGO","0","Under Votes","310","7TH CONGRESS","Ward 17 Precinct 08","744","0","","24"
"105","0","CITY OF CHICAGO","0","Over Votes","310","7TH CONGRESS","Ward 18 Precinct 11","1309","0","","0"
"105","0","CITY OF CHICAGO","0","Under Votes","310","7TH CONGRESS","Ward 18 Precinct 11","1309","0","","26"
"105","0","CITY OF CHICAGO","0","Over Votes","310","7TH CONGRESS","Ward 20 Precinct 06","593","0","","0"
"105","0","CITY OF CHICAGO","0","Under Votes","310","7TH CONGRESS","Ward 20 Precinct 06","593","0","","12"
"105","0","CITY OF CHICAGO","0","Over Votes","310","7TH CONGRESS","Ward 20 Precinct 07","650","0","","0"
"105","0","CITY OF CHICAGO","0","Under Votes","310","7TH CONGRESS","Ward 20 Precinct 07","650","0","","13"
"105","0","CITY OF CHICAGO","0","Over Votes","310","7TH CONGRESS","Ward 20 Precinct 08","871","0","","0"
"105","0","CITY OF CHICAGO","0","Under Votes","310","7TH CONGRESS","Ward 20 Precinct 08","871","0","","21"
"105","0","CITY OF CHICAGO","0","Over Votes","310","7TH CONGRESS","Ward 22 Precinct 01","695","0","","0"
"105","0","CITY OF CHICAGO","0","Under Votes","310","7TH CONGRESS","Ward 22 Precinct 01","695","0","","12"
"105","0","CITY OF CHICAGO","0","Over Votes","310","7TH CONGRESS","Ward 24 Precinct 03","1259","0","","0"
"105","0","CITY OF CHICAGO","0","Under Votes","310","7TH CONGRESS","Ward 24 Precinct 03","1259","0","","28"
"105","0","CITY OF CHICAGO","0","Over Votes","310","7TH CONGRESS","Ward 24 Precinct 04","1252","0","","0"
"105","0","CITY OF CHICAGO","0","Under Votes","310","7TH CONGRESS","Ward 24 Precinct 04","1252","0","","29"
"105","0","CITY OF CHICAGO","0","Over Votes","310","7TH CONGRESS","Ward 24 Precinct 17","1204","0","","0"
"105","0","CITY OF CHICAGO","0","Under Votes","310","7TH CONGRESS","Ward 24 Precinct 17","1204","0","","31"
"105","0","CITY OF CHICAGO","0","Over Votes","310","7TH CONGRESS","Ward 26 Precinct 27","1294","0","","0"
"105","0","CITY OF CHICAGO","0","Under Votes","310","7TH CONGRESS","Ward 26 Precinct 27","1294","0","","15"
"105","0","CITY OF CHICAGO","0","Under Votes","310","7TH CONGRESS","Ward 27 Precinct 04","1277","0","","33"
"105","0","CITY OF CHICAGO","0","Over Votes","310","7TH CONGRESS","Ward 02 Precinct 18","1238","0","","0"
"105","0","CITY OF CHICAGO","0","Under Votes","310","7TH CONGRESS","Ward 02 Precinct 18","1238","0","","53"
"105","0","CITY OF CHICAGO","0","Under Votes","310","7TH CONGRESS","Ward 03 Precinct 06","1440","0","","56"
"105","0","CITY OF CHICAGO","0","Over Votes","310","7TH CONGRESS","Ward 03 Precinct 06","1440","0","","0"
"105","0","CITY OF CHICAGO","0","Over Votes","310","7TH CONGRESS","Ward 03 Precinct 17","574","0","","0"
"105","0","CITY OF CHICAGO","0","Under Votes","310","7TH CONGRESS","Ward 03 Precinct 17","574","0","","13"
"105","0","CITY OF CHICAGO","0","Under Votes","310","7TH CONGRESS","Ward 03 Precinct 18","862","0","","30"
"105","0","CITY OF CHICAGO","0","Over Votes","310","7TH CONGRESS","Ward 03 Precinct 18","862","0","","0"
"105","0","CITY OF CHICAGO","0","Over Votes","310","7TH CONGRESS","Ward 04 Precinct 26","1327","0","","0"
"105","0","CITY OF CHICAGO","0","Under Votes","310","7TH CONGRESS","Ward 04 Precinct 26","1327","0","","56"
"105","0","CITY OF CHICAGO","0","Over Votes","310","7TH CONGRESS","Ward 11 Precinct 08","1721","0","","0"
"105","0","CITY OF CHICAGO","0","Under Votes","310","7TH CONGRESS","Ward 11 Precinct 08","1721","0","","222"
"105","0","CITY OF CHICAGO","0","Under Votes","310","7TH CONGRESS","Ward 11 Precinct 11","225","0","","67"
"105","0","CITY OF CHICAGO","0","Over Votes","310","7TH CONGRESS","Ward 11 Precinct 11","225","0","","0"
"105","0","CITY OF CHICAGO","0","Under Votes","310","7TH CONGRESS","Ward 15 Precinct 16","1334","0","","26"
"105","0","CITY OF CHICAGO","0","Over Votes","310","7TH CONGRESS","Ward 15 Precinct 16","1334","0","","1"
"105","0","CITY OF CHICAGO","0","Over Votes","310","7TH CONGRESS","Ward 16 Precinct 06","1151","0","","0"
"105","0","CITY OF CHICAGO","0","Under Votes","310","7TH CONGRESS","Ward 16 Precinct 06","1151","0","","23"
"105","0","CITY OF CHICAGO","0","Over Votes","310","7TH CONGRESS","Ward 16 Precinct 07","793","0","","0"
"105","0","CITY OF CHICAGO","0","Under Votes","310","7TH CONGRESS","Ward 16 Precinct 07","793","0","","13"
"105","0","CITY OF CHICAGO","0","Over Votes","310","7TH CONGRESS","Ward 16 Precinct 16","902","0","","0"
"105","0","CITY OF CHICAGO","0","Under Votes","310","7TH CONGRESS","Ward 16 Precinct 16","902","0","","28"
"105","0","CITY OF CHICAGO","0","Under Votes","310","7TH CONGRESS","Ward 16 Precinct 18","1386","0","","29"
"105","0","CITY OF CHICAGO","0","Over Votes","310","7TH CONGRESS","Ward 16 Precinct 18","1386","0","","0"
"105","0","CITY OF CHICAGO","0","Over Votes","310","7TH CONGRESS","Ward 16 Precinct 25","464","0","","0"
"105","0","CITY OF CHICAGO","0","Under Votes","310","7TH CONGRESS","Ward 16 Precinct 25","464","0","","11"
"105","0","CITY OF CHICAGO","0","Over Votes","310","7TH CONGRESS","Ward 17 Precinct 13","795","0","","0"
"105","0","CITY OF CHICAGO","0","Under Votes","310","7TH CONGRESS","Ward 17 Precinct 13","795","0","","25"
"105","0","CITY OF CHICAGO","0","Over Votes","310","7TH CONGRESS","Ward 20 Precinct 03","776","0","","0"
"105","0","CITY OF CHICAGO","0","Under Votes","310","7TH CONGRESS","Ward 20 Precinct 03","776","0","","17"
"105","0","CITY OF CHICAGO","0","Over Votes","310","7TH CONGRESS","Ward 20 Precinct 11","1231","0","","0"
"105","0","CITY OF CHICAGO","0","Under Votes","310","7TH CONGRESS","Ward 20 Precinct 11","1231","0","","46"
"105","0","CITY OF CHICAGO","0","Over Votes","310","7TH CONGRESS","Ward 24 Precinct 09","1595","0","","0"
"105","0","CITY OF CHICAGO","0","Under Votes","310","7TH CONGRESS","Ward 24 Precinct 09","1595","0","","29"
"105","0","CITY OF CHICAGO","0","Under Votes","310","7TH CONGRESS","Ward 24 Precinct 20","1024","0","","28"
"105","0","CITY OF CHICAGO","0","Over Votes","310","7TH CONGRESS","Ward 24 Precinct 20","1024","0","","0"
"105","0","CITY OF CHICAGO","0","Over Votes","310","7TH CONGRESS","Ward 25 Precinct 13","1452","0","","0"
"105","0","CITY OF CHICAGO","0","Under Votes","310","7TH CONGRESS","Ward 25 Precinct 13","1452","0","","47"
"105","0","CITY OF CHICAGO","0","Under Votes","310","7TH CONGRESS","Ward 27 Precinct 10","1055","0","","51"
"105","0","CITY OF CHICAGO","0","Over Votes","310","7TH CONGRESS","Ward 27 Precinct 10","1055","0","","1"
"105","0","CITY OF CHICAGO","0","Over Votes","310","7TH CONGRESS","Ward 27 Precinct 12","924","0","","0"
"105","0","CITY OF CHICAGO","0","Under Votes","310","7TH CONGRESS","Ward 27 Precinct 12","924","0","","32"
"105","0","CITY OF CHICAGO","0","Over Votes","310","7TH CONGRESS","Ward 27 Precinct 13","1126","0","","1"
"105","0","CITY OF CHICAGO","0","Under Votes","310","7TH CONGRESS","Ward 27 Precinct 13","1126","0","","28"
"105","0","CITY OF CHICAGO","0","Under Votes","310","7TH CONGRESS","Ward 27 Precinct 19","682","0","","21"
"105","0","CITY OF CHICAGO","0","Over Votes","310","7TH CONGRESS","Ward 27 Precinct 19","682","0","","0"
"105","0","CITY OF CHICAGO","0","Over Votes","310","7TH CONGRESS","Ward 27 Precinct 20","1021","0","","1"
"105","0","CITY OF CHICAGO","0","Under Votes","310","7TH CONGRESS","Ward 27 Precinct 20","1021","0","","23"
"105","0","CITY OF CHICAGO","0","Under Votes","310","7TH CONGRESS","Ward 28 Precinct 09","799","0","","30"
"105","0","CITY OF CHICAGO","0","Over Votes","310","7TH CONGRESS","Ward 02 Precinct 10","1037","0","","0"
"105","0","CITY OF CHICAGO","0","Under Votes","310","7TH CONGRESS","Ward 02 Precinct 10","1037","0","","35"
"105","0","CITY OF CHICAGO","0","Under Votes","310","7TH CONGRESS","Ward 02 Precinct 11","1264","0","","47"
"105","0","CITY OF CHICAGO","0","Over Votes","310","7TH CONGRESS","Ward 02 Precinct 11","1264","0","","0"
"105","0","CITY OF CHICAGO","0","Under Votes","310","7TH CONGRESS","Ward 02 Precinct 23","1240","0","","32"
"105","0","CITY OF CHICAGO","0","Over Votes","310","7TH CONGRESS","Ward 02 Precinct 23","1240","0","","1"
"105","0","CITY OF CHICAGO","0","Under Votes","310","7TH CONGRESS","Ward 03 Precinct 09","830","0","","33"
"105","0","CITY OF CHICAGO","0","Over Votes","310","7TH CONGRESS","Ward 03 Precinct 09","830","0","","0"
"105","0","CITY OF CHICAGO","0","Under Votes","310","7TH CONGRESS","Ward 03 Precinct 20","1257","0","","12"
"105","0","CITY OF CHICAGO","0","Over Votes","310","7TH CONGRESS","Ward 03 Precinct 20","1257","0","","0"
"105","0","CITY OF CHICAGO","0","Under Votes","310","7TH CONGRESS","Ward 03 Precinct 21","1234","0","","66"
"105","0","CITY OF CHICAGO","0","Over Votes","310","7TH CONGRESS","Ward 03 Precinct 21","1234","0","","0"
"105","0","CITY OF CHICAGO","0","Under Votes","310","7TH CONGRESS","Ward 11 Precinct 01","817","0","","60"
"105","0","CITY OF CHICAGO","0","Over Votes","310","7TH CONGRESS","Ward 11 Precinct 01","817","0","","0"
"105","0","CITY OF CHICAGO","0","Under Votes","310","7TH CONGRESS","Ward 15 Precinct 10","955","0","","15"
"105","0","CITY OF CHICAGO","0","Over Votes","310","7TH CONGRESS","Ward 15 Precinct 10","955","0","","0"
"105","0","CITY OF CHICAGO","0","Under Votes","310","7TH CONGRESS","Ward 15 Precinct 19","784","0","","22"
"105","0","CITY OF CHICAGO","0","Over Votes","310","7TH CONGRESS","Ward 15 Precinct 19","784","0","","0"
"105","0","CITY OF CHICAGO","0","Under Votes","310","7TH CONGRESS","Ward 16 Precinct 19","1134","0","","36"
"105","0","CITY OF CHICAGO","0","Over Votes","310","7TH CONGRESS","Ward 16 Precinct 19","1134","0","","0"
"105","0","CITY OF CHICAGO","0","Under Votes","310","7TH CONGRESS","Ward 16 Precinct 20","981","0","","14"
"105","0","CITY OF CHICAGO","0","Over Votes","310","7TH CONGRESS","Ward 16 Precinct 20","981","0","","0"
"105","0","CITY OF CHICAGO","0","Under Votes","310","7TH CONGRESS","Ward 17 Precinct 04","1064","0","","23"
"105","0","CITY OF CHICAGO","0","Over Votes","310","7TH CONGRESS","Ward 17 Precinct 04","1064","0","","0"
"105","0","CITY OF CHICAGO","0","Under Votes","310","7TH CONGRESS","Ward 20 Precinct 05","1050","0","","19"
"105","0","CITY OF CHICAGO","0","Over Votes","310","7TH CONGRESS","Ward 20 Precinct 05","1050","0","","0"
"105","0","CITY OF CHICAGO","0","Under Votes","310","7TH CONGRESS","Ward 22 Precinct 02","498","0","","14"
"105","0","CITY OF CHICAGO","0","Over Votes","310","7TH CONGRESS","Ward 22 Precinct 02","498","0","","0"
"105","0","CITY OF CHICAGO","0","Under Votes","310","7TH CONGRESS","Ward 24 Precinct 13","1490","0","","34"
"105","0","CITY OF CHICAGO","0","Over Votes","310","7TH CONGRESS","Ward 24 Precinct 13","1490","0","","0"
"105","0","CITY OF CHICAGO","0","Under Votes","310","7TH CONGRESS","Ward 24 Precinct 14","1039","0","","32"
"105","0","CITY OF CHICAGO","0","Over Votes","310","7TH CONGRESS","Ward 24 Precinct 14","1039","0","","0"
"105","0","CITY OF CHICAGO","0","Under Votes","310","7TH CONGRESS","Ward 24 Precinct 15","1038","0","","19"
"105","0","CITY OF CHICAGO","0","Over Votes","310","7TH CONGRESS","Ward 24 Precinct 15","1038","0","","1"
"105","0","CITY OF CHICAGO","0","Under Votes","310","7TH CONGRESS","Ward 25 Precinct 15","1065","0","","63"
"105","0","CITY OF CHICAGO","0","Over Votes","310","7TH CONGRESS","Ward 25 Precinct 15","1065","0","","0"
"105","0","CITY OF CHICAGO","0","Over Votes","310","7TH CONGRESS","Ward 27 Precinct 25","1609","0","","1"
"105","0","CITY OF CHICAGO","0","Under Votes","310","7TH CONGRESS","Ward 27 Precinct 25","1609","0","","41"
"105","0","CITY OF CHICAGO","0","Over Votes","310","7TH CONGRESS","Ward 28 Precinct 02","1020","0","","0"
"105","0","CITY OF CHICAGO","0","Under Votes","310","7TH CONGRESS","Ward 28 Precinct 02","1020","0","","20"
"105","0","CITY OF CHICAGO","0","Over Votes","310","7TH CONGRESS","Ward 28 Precinct 05","690","0","","0"
"105","0","CITY OF CHICAGO","0","Under Votes","310","7TH CONGRESS","Ward 28 Precinct 05","690","0","","30"
"105","0","CITY OF CHICAGO","0","Over Votes","310","7TH CONGRESS","Ward 28 Precinct 13","1124","0","","0"
"105","0","CITY OF CHICAGO","0","Under Votes","310","7TH CONGRESS","Ward 28 Precinct 13","1124","0","","59"
"105","0","CITY OF CHICAGO","0","Over Votes","310","7TH CONGRESS","Ward 28 Precinct 21","1035","0","","2"
"105","0","CITY OF CHICAGO","0","Under Votes","310","7TH CONGRESS","Ward 28 Precinct 21","1035","0","","19"
"105","0","CITY OF CHICAGO","0","Over Votes","310","7TH CONGRESS","Ward 29 Precinct 05","856","0","","1"
"105","0","CITY OF CHICAGO","0","Under Votes","310","7TH CONGRESS","Ward 29 Precinct 05","856","0","","6"
"105","0","CITY OF CHICAGO","0","Over Votes","310","7TH CONGRESS","Ward 29 Precinct 17","1027","0","","3"
"105","0","CITY OF CHICAGO","0","Under Votes","310","7TH CONGRESS","Ward 01 Precinct 21","1269","0","","6"
"105","0","CITY OF CHICAGO","0","Over Votes","310","7TH CONGRESS","Ward 01 Precinct 21","1269","0","","0"
"105","0","CITY OF CHICAGO","0","Under Votes","310","7TH CONGRESS","Ward 01 Precinct 22","1719","0","","78"
"105","0","CITY OF CHICAGO","0","Over Votes","310","7TH CONGRESS","Ward 01 Precinct 22","1719","0","","0"
"105","0","CITY OF CHICAGO","0","Under Votes","310","7TH CONGRESS","Ward 02 Precinct 21","252","0","","18"
"105","0","CITY OF CHICAGO","0","Over Votes","310","7TH CONGRESS","Ward 02 Precinct 21","252","0","","0"
"105","0","CITY OF CHICAGO","0","Under Votes","310","7TH CONGRESS","Ward 03 Precinct 05","380","0","","15"
"105","0","CITY OF CHICAGO","0","Over Votes","310","7TH CONGRESS","Ward 03 Precinct 05","380","0","","0"
"105","0","CITY OF CHICAGO","0","Over Votes","310","7TH CONGRESS","Ward 04 Precinct 28","1610","0","","0"
"105","0","CITY OF CHICAGO","0","Under Votes","310","7TH CONGRESS","Ward 04 Precinct 28","1610","0","","61"
"105","0","CITY OF CHICAGO","0","Under Votes","310","7TH CONGRESS","Ward 11 Precinct 10","335","0","","66"
"105","0","CITY OF CHICAGO","0","Over Votes","310","7TH CONGRESS","Ward 11 Precinct 10","335","0","","0"
"105","0","CITY OF CHICAGO","0","Over Votes","310","7TH CONGRESS","Ward 11 Precinct 13","1074","0","","0"
"105","0","CITY OF CHICAGO","0","Under Votes","310","7TH CONGRESS","Ward 11 Precinct 13","1074","0","","86"
"105","0","CITY OF CHICAGO","0","Under Votes","310","7TH CONGRESS","Ward 11 Precinct 22","1222","0","","99"
"105","0","CITY OF CHICAGO","0","Over Votes","310","7TH CONGRESS","Ward 11 Precinct 22","1222","0","","1"
"105","0","CITY OF CHICAGO","0","Over Votes","310","7TH CONGRESS","Ward 11 Precinct 23","1099","0","","0"
"105","0","CITY OF CHICAGO","0","Under Votes","310","7TH CONGRESS","Ward 11 Precinct 23","1099","0","","97"
"105","0","CITY OF CHICAGO","0","Over Votes","310","7TH CONGRESS","Ward 15 Precinct 18","990","0","","0"
"105","0","CITY OF CHICAGO","0","Under Votes","310","7TH CONGRESS","Ward 15 Precinct 18","990","0","","31"
"105","0","CITY OF CHICAGO","0","Over Votes","310","7TH CONGRESS","Ward 17 Precinct 02","881","0","","0"
"105","0","CITY OF CHICAGO","0","Under Votes","310","7TH CONGRESS","Ward 17 Precinct 02","881","0","","12"
"105","0","CITY OF CHICAGO","0","Over Votes","310","7TH CONGRESS","Ward 17 Precinct 03","926","0","","0"
"105","0","CITY OF CHICAGO","0","Under Votes","310","7TH CONGRESS","Ward 17 Precinct 03","926","0","","23"
"105","0","CITY OF CHICAGO","0","Under Votes","310","7TH CONGRESS","Ward 17 Precinct 12","568","0","","12"
"105","0","CITY OF CHICAGO","0","Over Votes","310","7TH CONGRESS","Ward 17 Precinct 12","568","0","","0"
"105","0","CITY OF CHICAGO","0","Over Votes","310","7TH CONGRESS","Ward 20 Precinct 14","984","0","","0"
"105","0","CITY OF CHICAGO","0","Under Votes","310","7TH CONGRESS","Ward 20 Precinct 14","984","0","","12"
"105","0","CITY OF CHICAGO","0","Under Votes","310","7TH CONGRESS","Ward 24 Precinct 08","818","0","","24"
"105","0","CITY OF CHICAGO","0","Over Votes","310","7TH CONGRESS","Ward 24 Precinct 08","818","0","","0"
"105","0","CITY OF CHICAGO","0","Over Votes","310","7TH CONGRESS","Ward 24 Precinct 11","1281","0","","0"
"105","0","CITY OF CHICAGO","0","Under Votes","310","7TH CONGRESS","Ward 24 Precinct 11","1281","0","","43"
"105","0","CITY OF CHICAGO","0","Over Votes","310","7TH CONGRESS","Ward 24 Precinct 12","1811","0","","0"
"105","0","CITY OF CHICAGO","0","Under Votes","310","7TH CONGRESS","Ward 24 Precinct 12","1811","0","","34"
"105","0","CITY OF CHICAGO","0","Over Votes","310","7TH CONGRESS","Ward 25 Precinct 03","1116","0","","0"
"105","0","CITY OF CHICAGO","0","Under Votes","310","7TH CONGRESS","Ward 25 Precinct 03","1116","0","","8"
"105","0","CITY OF CHICAGO","0","Under Votes","310","7TH CONGRESS","Ward 27 Precinct 01","1119","0","","65"
"105","0","CITY OF CHICAGO","0","Over Votes","310","7TH CONGRESS","Ward 27 Precinct 01","1119","0","","0"
"105","0","CITY OF CHICAGO","0","Under Votes","310","7TH CONGRESS","Ward 27 Precinct 02","1436","0","","70"
"105","0","CITY OF CHICAGO","0","Over Votes","310","7TH CONGRESS","Ward 27 Precinct 02","1436","0","","0"
"105","0","CITY OF CHICAGO","0","Under Votes","310","7TH CONGRESS","Ward 27 Precinct 03","1203","0","","34"
"105","0","CITY OF CHICAGO","0","Over Votes","310","7TH CONGRESS","Ward 27 Precinct 03","1203","0","","2"
"105","0","CITY OF CHICAGO","0","Under Votes","310","7TH CONGRESS","Ward 27 Precinct 22","989","0","","46"
"105","0","CITY OF CHICAGO","0","Over Votes","310","7TH CONGRESS","Ward 27 Precinct 22","989","0","","0"
"105","0","CITY OF CHICAGO","0","Under Votes","310","7TH CONGRESS","Ward 27 Precinct 29","1621","0","","87"
"105","0","CITY OF CHICAGO","0","Over Votes","310","7TH CONGRESS","Ward 27 Precinct 29","1621","0","","0"
"105","0","CITY OF CHICAGO","0","Under Votes","310","7TH CONGRESS","Ward 28 Precinct 01","1030","0","","25"
"105","0","CITY OF CHICAGO","0","Over Votes","310","7TH CONGRESS","Ward 28 Precinct 01","1030","0","","0"
"105","0","CITY OF CHICAGO","0","Under Votes","310","7TH CONGRESS","Ward 28 Precinct 18","944","0","","20"
"105","0","CITY OF CHICAGO","0","Over Votes","310","7TH CONGRESS","Ward 34 Precinct 17","1544","0","","0"
"105","0","CITY OF CHICAGO","0","Over Votes","310","7TH CONGRESS","Ward 37 Precinct 13","1123","0","","1"
"105","0","CITY OF CHICAGO","0","Under Votes","310","7TH CONGRESS","Ward 37 Precinct 13","1123","0","","23"
"105","0","CITY OF CHICAGO","0","Over Votes","310","7TH CONGRESS","Ward 37 Precinct 14","1442","0","","0"
"105","0","CITY OF CHICAGO","0","Under Votes","310","7TH CONGRESS","Ward 37 Precinct 14","1442","0","","32"
"105","0","CITY OF CHICAGO","0","Over Votes","310","7TH CONGRESS","Ward 42 Precinct 10","1041","0","","0"
"105","0","CITY OF CHICAGO","0","Under Votes","310","7TH CONGRESS","Ward 42 Precinct 10","1041","0","","39"
"105","0","CITY OF CHICAGO","0","Over Votes","310","7TH CONGRESS","Ward 42 Precinct 11","1244","0","","1"
"105","0","CITY OF CHICAGO","0","Under Votes","310","7TH CONGRESS","Ward 42 Precinct 11","1244","0","","59"
"105","0","CITY OF CHICAGO","0","Over Votes","310","7TH CONGRESS","Ward 42 Precinct 18","1150","0","","0"
"105","0","CITY OF CHICAGO","0","Under Votes","310","7TH CONGRESS","Ward 42 Precinct 18","1150","0","","61"
"105","0","CITY OF CHICAGO","0","Over Votes","310","7TH CONGRESS","Ward 34 Precinct 19","1121","0","","0"
"105","0","CITY OF CHICAGO","0","Over Votes","310","7TH CONGRESS","Ward 36 Precinct 17","1069","0","","0"
"105","0","CITY OF CHICAGO","0","Under Votes","310","7TH CONGRESS","Ward 36 Precinct 17","1069","0","","80"
"105","0","CITY OF CHICAGO","0","Over Votes","310","7TH CONGRESS","Ward 37 Precinct 04","1164","0","","2"
"105","0","CITY OF CHICAGO","0","Under Votes","310","7TH CONGRESS","Ward 37 Precinct 04","1164","0","","35"
"105","0","CITY OF CHICAGO","0","Under Votes","310","7TH CONGRESS","Ward 42 Precinct 13","538","0","","26"
"105","0","CITY OF CHICAGO","0","Over Votes","310","7TH CONGRESS","Ward 42 Precinct 13","538","0","","0"
"105","0","CITY OF CHICAGO","0","Over Votes","310","7TH CONGRESS","Ward 42 Precinct 21","1791","0","","0"
"105","0","CITY OF CHICAGO","0","Under Votes","310","7TH CONGRESS","Ward 42 Precinct 21","1791","0","","79"
"105","0","CITY OF CHICAGO","0","Over Votes","310","7TH CONGRESS","Ward 27 Precinct 27","1021","0","","1"
"105","0","CITY OF CHICAGO","0","Under Votes","310","7TH CONGRESS","Ward 28 Precinct 06","1209","0","","34"
"105","0","CITY OF CHICAGO","0","Over Votes","310","7TH CONGRESS","Ward 28 Precinct 06","1209","0","","2"
"105","0","CITY OF CHICAGO","0","Under Votes","310","7TH CONGRESS","Ward 28 Precinct 17","1132","0","","35"
"105","0","CITY OF CHICAGO","0","Over Votes","310","7TH CONGRESS","Ward 28 Precinct 17","1132","0","","1"
"105","0","CITY OF CHICAGO","0","Under Votes","310","7TH CONGRESS","Ward 28 Precinct 25","1833","0","","66"
"105","0","CITY OF CHICAGO","0","Over Votes","310","7TH CONGRESS","Ward 28 Precinct 25","1833","0","","1"
"105","0","CITY OF CHICAGO","0","Under Votes","310","7TH CONGRESS","Ward 29 Precinct 07","1282","0","","56"
"105","0","CITY OF CHICAGO","0","Over Votes","310","7TH CONGRESS","Ward 29 Precinct 07","1282","0","","0"
"105","0","CITY OF CHICAGO","0","Under Votes","310","7TH CONGRESS","Ward 29 Precinct 08","1707","0","","51"
"105","0","CITY OF CHICAGO","0","Over Votes","310","7TH CONGRESS","Ward 29 Precinct 08","1707","0","","1"
"105","0","CITY OF CHICAGO","0","Under Votes","310","7TH CONGRESS","Ward 29 Precinct 21","1178","0","","38"
"105","0","CITY OF CHICAGO","0","Over Votes","310","7TH CONGRESS","Ward 29 Precinct 21","1178","0","","0"
"105","0","CITY OF CHICAGO","0","Under Votes","310","7TH CONGRESS","Ward 29 Precinct 24","1150","0","","28"
"105","0","CITY OF CHICAGO","0","Over Votes","310","7TH CONGRESS","Ward 29 Precinct 24","1150","0","","0"
"105","0","CITY OF CHICAGO","0","Under Votes","310","7TH CONGRESS","Ward 34 Precinct 04","917","0","","52"
"105","0","CITY OF CHICAGO","0","Over Votes","310","7TH CONGRESS","Ward 34 Precinct 04","917","0","","0"
"105","0","CITY OF CHICAGO","0","Under Votes","310","7TH CONGRESS","Ward 36 Precinct 26","1164","0","","56"
"105","0","CITY OF CHICAGO","0","Over Votes","310","7TH CONGRESS","Ward 36 Precinct 26","1164","0","","0"
"105","0","CITY OF CHICAGO","0","Under Votes","310","7TH CONGRESS","Ward 37 Precinct 15","1390","0","","55"
"105","0","CITY OF CHICAGO","0","Over Votes","310","7TH CONGRESS","Ward 37 Precinct 15","1390","0","","2"
"105","0","CITY OF CHICAGO","0","Under Votes","310","7TH CONGRESS","Ward 42 Precinct 09","1283","0","","12"
"105","0","CITY OF CHICAGO","0","Over Votes","310","7TH CONGRESS","Ward 42 Precinct 09","1283","0","","0"
"105","0","CITY OF CHICAGO","0","Under Votes","310","7TH CONGRESS","Ward 42 Precinct 19","1506","0","","77"
"105","0","CITY OF CHICAGO","0","Over Votes","310","7TH CONGRESS","Ward 42 Precinct 19","1506","0","","0"
"105","0","CITY OF CHICAGO","0","Under Votes","310","7TH CONGRESS","Ward 42 Precinct 20","1531","0","","81"
"105","0","CITY OF CHICAGO","0","Over Votes","310","7TH CONGRESS","Ward 42 Precinct 20","1531","0","","1"
"105","0","CITY OF CHICAGO","0","Over Votes","310","7TH CONGRESS","Ward 28 Precinct 23","1049","0","","1"
"105","0","CITY OF CHICAGO","0","Under Votes","310","7TH CONGRESS","Ward 29 Precinct 15","1457","0","","24"
"105","0","CITY OF CHICAGO","0","Over Votes","310","7TH CONGRESS","Ward 29 Precinct 15","1457","0","","0"
"105","0","CITY OF CHICAGO","0","Under Votes","310","7TH CONGRESS","Ward 29 Precinct 18","1457","0","","37"
"105","0","CITY OF CHICAGO","0","Over Votes","310","7TH CONGRESS","Ward 29 Precinct 18","1457","0","","0"
"105","0","CITY OF CHICAGO","0","Under Votes","310","7TH CONGRESS","Ward 34 Precinct 01","1104","0","","52"
"105","0","CITY OF CHICAGO","0","Over Votes","310","7TH CONGRESS","Ward 34 Precinct 01","1104","0","","1"
"105","0","CITY OF CHICAGO","0","Under Votes","310","7TH CONGRESS","Ward 34 Precinct 02","694","0","","39"
"105","0","CITY OF CHICAGO","0","Over Votes","310","7TH CONGRESS","Ward 34 Precinct 02","694","0","","0"
"105","0","CITY OF CHICAGO","0","Under Votes","310","7TH CONGRESS","Ward 34 Precinct 10","647","0","","39"
"105","0","CITY OF CHICAGO","0","Over Votes","310","7TH CONGRESS","Ward 34 Precinct 10","647","0","","0"
"105","0","CITY OF CHICAGO","0","Under Votes","310","7TH CONGRESS","Ward 36 Precinct 23","1077","0","","65"
"105","0","CITY OF CHICAGO","0","Over Votes","310","7TH CONGRESS","Ward 36 Precinct 23","1077","0","","1"
"105","0","CITY OF CHICAGO","0","Under Votes","310","7TH CONGRESS","Ward 37 Precinct 09","796","0","","14"
"105","0","CITY OF CHICAGO","0","Over Votes","310","7TH CONGRESS","Ward 37 Precinct 09","796","0","","1"
"105","0","CITY OF CHICAGO","0","Under Votes","310","7TH CONGRESS","Ward 37 Precinct 18","1341","0","","34"
"105","0","CITY OF CHICAGO","0","Over Votes","310","7TH CONGRESS","Ward 37 Precinct 18","1341","0","","0"
"105","0","CITY OF CHICAGO","0","Under Votes","310","7TH CONGRESS","Ward 42 Precinct 03","1797","0","","95"
"105","0","CITY OF CHICAGO","0","Over Votes","310","7TH CONGRESS","Ward 42 Precinct 03","1797","0","","1"
"105","0","CITY OF CHICAGO","0","Under Votes","310","7TH CONGRESS","Ward 42 Precinct 06","606","0","","24"
"105","0","CITY OF CHICAGO","0","Over Votes","310","7TH CONGRESS","Ward 42 Precinct 06","606","0","","0"
"105","0","CITY OF CHICAGO","0","Under Votes","310","7TH CONGRESS","Ward 42 Precinct 15","522","0","","27"
"105","0","CITY OF CHICAGO","0","Over Votes","310","7TH CONGRESS","Ward 42 Precinct 15","522","0","","0"
"105","0","CITY OF CHICAGO","0","Under Votes","310","7TH CONGRESS","Ward 42 Precinct 16","1624","0","","93"
"105","0","CITY OF CHICAGO","0","Over Votes","310","7TH CONGRESS","Ward 42 Precinct 16","1624","0","","0"
"105","0","CITY OF CHICAGO","0","Over Votes","310","7TH CONGRESS","Ward 27 Precinct 04","1277","0","","0"
"105","0","CITY OF CHICAGO","0","Under Votes","310","7TH CONGRESS","Ward 27 Precinct 05","1289","0","","35"
"105","0","CITY OF CHICAGO","0","Over Votes","310","7TH CONGRESS","Ward 27 Precinct 05","1289","0","","0"
"105","0","CITY OF CHICAGO","0","Over Votes","310","7TH CONGRESS","Ward 27 Precinct 06","1454","0","","0"
"105","0","CITY OF CHICAGO","0","Under Votes","310","7TH CONGRESS","Ward 27 Precinct 06","1454","0","","54"
"105","0","CITY OF CHICAGO","0","Under Votes","310","7TH CONGRESS","Ward 27 Precinct 23","1096","0","","35"
"105","0","CITY OF CHICAGO","0","Over Votes","310","7TH CONGRESS","Ward 27 Precinct 23","1096","0","","0"
"105","0","CITY OF CHICAGO","0","Under Votes","310","7TH CONGRESS","Ward 28 Precinct 04","958","0","","16"
"105","0","CITY OF CHICAGO","0","Over Votes","310","7TH CONGRESS","Ward 28 Precinct 04","958","0","","1"
"105","0","CITY OF CHICAGO","0","Over Votes","310","7TH CONGRESS","Ward 28 Precinct 07","939","0","","0"
"105","0","CITY OF CHICAGO","0","Under Votes","310","7TH CONGRESS","Ward 28 Precinct 07","939","0","","21"
"105","0","CITY OF CHICAGO","0","Under Votes","310","7TH CONGRESS","Ward 28 Precinct 15","549","0","","40"
"105","0","CITY OF CHICAGO","0","Over Votes","310","7TH CONGRESS","Ward 28 Precinct 15","549","0","","0"
"105","0","CITY OF CHICAGO","0","Over Votes","310","7TH CONGRESS","Ward 28 Precinct 16","1560","0","","0"
"105","0","CITY OF CHICAGO","0","Under Votes","310","7TH CONGRESS","Ward 28 Precinct 16","1560","0","","56"
"105","0","CITY OF CHICAGO","0","Under Votes","310","7TH CONGRESS","Ward 28 Precinct 24","765","0","","15"
"105","0","CITY OF CHICAGO","0","Over Votes","310","7TH CONGRESS","Ward 28 Precinct 24","765","0","","0"
"105","0","CITY OF CHICAGO","0","Over Votes","310","7TH CONGRESS","Ward 28 Precinct 26","497","0","","0"
"105","0","CITY OF CHICAGO","0","Under Votes","310","7TH CONGRESS","Ward 28 Precinct 26","497","0","","6"
"105","0","CITY OF CHICAGO","0","Under Votes","310","7TH CONGRESS","Ward 29 Precinct 19","1679","0","","31"
"105","0","CITY OF CHICAGO","0","Over Votes","310","7TH CONGRESS","Ward 29 Precinct 19","1679","0","","0"
"105","0","CITY OF CHICAGO","0","Over Votes","310","7TH CONGRESS","Ward 29 Precinct 22","1568","0","","0"
"105","0","CITY OF CHICAGO","0","Under Votes","310","7TH CONGRESS","Ward 29 Precinct 22","1568","0","","30"
"105","0","CITY OF CHICAGO","0","Under Votes","310","7TH CONGRESS","Ward 34 Precinct 03","1701","0","","89"
"105","0","CITY OF CHICAGO","0","Over Votes","310","7TH CONGRESS","Ward 34 Precinct 03","1701","0","","0"
"105","0","CITY OF CHICAGO","0","Over Votes","310","7TH CONGRESS","Ward 34 Precinct 05","1472","0","","0"
"105","0","CITY OF CHICAGO","0","Under Votes","310","7TH CONGRESS","Ward 34 Precinct 05","1472","0","","86"
"105","0","CITY OF CHICAGO","0","Under Votes","310","7TH CONGRESS","Ward 34 Precinct 13","1474","0","","79"
"105","0","CITY OF CHICAGO","0","Over Votes","310","7TH CONGRESS","Ward 34 Precinct 13","1474","0","","0"
"105","0","CITY OF CHICAGO","0","Under Votes","310","7TH CONGRESS","Ward 36 Precinct 27","1391","0","","59"
"105","0","CITY OF CHICAGO","0","Over Votes","310","7TH CONGRESS","Ward 36 Precinct 27","1391","0","","0"
"105","0","CITY OF CHICAGO","0","Over Votes","310","7TH CONGRESS","Ward 37 Precinct 01","1320","0","","3"
"105","0","CITY OF CHICAGO","0","Under Votes","310","7TH CONGRESS","Ward 37 Precinct 01","1320","0","","41"
"105","0","CITY OF CHICAGO","0","Under Votes","310","7TH CONGRESS","Ward 37 Precinct 10","1072","0","","28"
"105","0","CITY OF CHICAGO","0","Over Votes","310","7TH CONGRESS","Ward 37 Precinct 10","1072","0","","1"
"105","0","CITY OF CHICAGO","0","Under Votes","310","7TH CONGRESS","Ward 37 Precinct 11","1159","0","","17"
"105","0","CITY OF CHICAGO","0","Over Votes","310","7TH CONGRESS","Ward 37 Precinct 11","1159","0","","0"
"105","0","CITY OF CHICAGO","0","Under Votes","310","7TH CONGRESS","Ward 42 Precinct 07","1135","0","","62"
"105","0","CITY OF CHICAGO","0","Over Votes","310","7TH CONGRESS","Ward 42 Precinct 07","1135","0","","0"
"105","0","CITY OF CHICAGO","0","Under Votes","310","7TH CONGRESS","Ward 29 Precinct 17","1027","0","","47"
"105","0","CITY OF CHICAGO","0","Over Votes","310","7TH CONGRESS","Ward 29 Precinct 20","1188","0","","0"
"105","0","CITY OF CHICAGO","0","Under Votes","310","7TH CONGRESS","Ward 29 Precinct 20","1188","0","","34"
"105","0","CITY OF CHICAGO","0","Over Votes","310","7TH CONGRESS","Ward 34 Precinct 14","1377","0","","0"
"105","0","CITY OF CHICAGO","0","Under Votes","310","7TH CONGRESS","Ward 34 Precinct 14","1377","0","","79"
"105","0","CITY OF CHICAGO","0","Over Votes","310","7TH CONGRESS","Ward 36 Precinct 25","1349","0","","0"
"105","0","CITY OF CHICAGO","0","Under Votes","310","7TH CONGRESS","Ward 36 Precinct 25","1349","0","","59"
"105","0","CITY OF CHICAGO","0","Over Votes","310","7TH CONGRESS","Ward 37 Precinct 08","1560","0","","1"
"105","0","CITY OF CHICAGO","0","Under Votes","310","7TH CONGRESS","Ward 37 Precinct 08","1560","0","","38"
"105","0","CITY OF CHICAGO","0","Over Votes","310","7TH CONGRESS","Ward 37 Precinct 12","1500","0","","0"
"105","0","CITY OF CHICAGO","0","Under Votes","310","7TH CONGRESS","Ward 37 Precinct 12","1500","0","","30"
"105","0","CITY OF CHICAGO","0","Over Votes","310","7TH CONGRESS","Ward 42 Precinct 05","1533","0","","0"
"105","0","CITY OF CHICAGO","0","Under Votes","310","7TH CONGRESS","Ward 42 Precinct 05","1533","0","","82"
"105","0","CITY OF CHICAGO","0","Over Votes","310","7TH CONGRESS","Ward 42 Precinct 08","848","0","","0"
"105","0","CITY OF CHICAGO","0","Under Votes","310","7TH CONGRESS","Ward 42 Precinct 08","848","0","","43"
"105","0","CITY OF CHICAGO","0","Over Votes","310","7TH CONGRESS","Ward 42 Precinct 17","1761","0","","0"
"105","0","CITY OF CHICAGO","0","Under Votes","310","7TH CONGRESS","Ward 42 Precinct 17","1761","0","","92"
"105","0","CITY OF CHICAGO","0","Over Votes","310","7TH CONGRESS","Ward 43 Precinct 15","1696","0","","0"
"105","0","CITY OF CHICAGO","0","Under Votes","310","7TH CONGRESS","Ward 43 Precinct 15","1696","0","","38"
"105","0","CITY OF CHICAGO","0","Over Votes","310","7TH CONGRESS","Ward 28 Precinct 09","799","0","","0"
"105","0","CITY OF CHICAGO","0","Over Votes","310","7TH CONGRESS","Ward 28 Precinct 10","840","0","","0"
"105","0","CITY OF CHICAGO","0","Under Votes","310","7TH CONGRESS","Ward 28 Precinct 10","840","0","","7"
"105","0","CITY OF CHICAGO","0","Over Votes","310","7TH CONGRESS","Ward 28 Precinct 11","1388","0","","0"
"105","0","CITY OF CHICAGO","0","Under Votes","310","7TH CONGRESS","Ward 28 Precinct 11","1388","0","","45"
"105","0","CITY OF CHICAGO","0","Over Votes","310","7TH CONGRESS","Ward 28 Precinct 19","1173","0","","1"
"105","0","CITY OF CHICAGO","0","Under Votes","310","7TH CONGRESS","Ward 28 Precinct 19","1173","0","","47"
"105","0","CITY OF CHICAGO","0","Over Votes","310","7TH CONGRESS","Ward 28 Precinct 20","978","0","","0"
"105","0","CITY OF CHICAGO","0","Under Votes","310","7TH CONGRESS","Ward 28 Precinct 20","978","0","","27"
"105","0","CITY OF CHICAGO","0","Under Votes","310","7TH CONGRESS","Ward 29 Precinct 11","1133","0","","34"
"105","0","CITY OF CHICAGO","0","Over Votes","310","7TH CONGRESS","Ward 29 Precinct 11","1133","0","","0"
"105","0","CITY OF CHICAGO","0","Over Votes","310","7TH CONGRESS","Ward 29 Precinct 14","1466","0","","0"
"105","0","CITY OF CHICAGO","0","Under Votes","310","7TH CONGRESS","Ward 29 Precinct 14","1466","0","","34"
"105","0","CITY OF CHICAGO","0","Over Votes","310","7TH CONGRESS","Ward 34 Precinct 08","915","0","","0"
"105","0","CITY OF CHICAGO","0","Under Votes","310","7TH CONGRESS","Ward 34 Precinct 08","915","0","","57"
"105","0","CITY OF CHICAGO","0","Under Votes","310","7TH CONGRESS","Ward 34 Precinct 18","1490","0","","54"
"105","0","CITY OF CHICAGO","0","Over Votes","310","7TH CONGRESS","Ward 34 Precinct 18","1490","0","","0"
"105","0","CITY OF CHICAGO","0","Over Votes","310","7TH CONGRESS","Ward 36 Precinct 21","961","0","","0"
"105","0","CITY OF CHICAGO","0","Under Votes","310","7TH CONGRESS","Ward 36 Precinct 21","961","0","","57"
"105","0","CITY OF CHICAGO","0","Over Votes","310","7TH CONGRESS","Ward 36 Precinct 22","1201","0","","1"
"105","0","CITY OF CHICAGO","0","Under Votes","310","7TH CONGRESS","Ward 36 Precinct 22","1201","0","","71"
"105","0","CITY OF CHICAGO","0","Under Votes","310","7TH CONGRESS","Ward 37 Precinct 03","1327","0","","27"
"105","0","CITY OF CHICAGO","0","Over Votes","310","7TH CONGRESS","Ward 37 Precinct 03","1327","0","","0"
"105","0","CITY OF CHICAGO","0","Over Votes","310","7TH CONGRESS","Ward 37 Precinct 06","1515","0","","2"
"105","0","CITY OF CHICAGO","0","Under Votes","310","7TH CONGRESS","Ward 37 Precinct 06","1515","0","","34"
"105","0","CITY OF CHICAGO","0","Under Votes","310","7TH CONGRESS","Ward 37 Precinct 16","1457","0","","33"
"105","0","CITY OF CHICAGO","0","Over Votes","310","7TH CONGRESS","Ward 37 Precinct 16","1457","0","","1"
"105","0","CITY OF CHICAGO","0","Over Votes","310","7TH CONGRESS","Ward 37 Precinct 17","1079","0","","0"
"105","0","CITY OF CHICAGO","0","Under Votes","310","7TH CONGRESS","Ward 37 Precinct 17","1079","0","","27"
"105","0","CITY OF CHICAGO","0","Over Votes","310","7TH CONGRESS","Ward 42 Precinct 02","557","0","","0"
"105","0","CITY OF CHICAGO","0","Under Votes","310","7TH CONGRESS","Ward 42 Precinct 02","557","0","","25"
"105","0","CITY OF CHICAGO","0","Under Votes","310","7TH CONGRESS","Ward 42 Precinct 12","930","0","","43"
"105","0","CITY OF CHICAGO","0","Over Votes","310","7TH CONGRESS","Ward 42 Precinct 12","930","0","","0"
"105","0","CITY OF CHICAGO","0","Under Votes","310","7TH CONGRESS","Ward 42 Precinct 22","1803","0","","85"
"105","0","CITY OF CHICAGO","0","Over Votes","310","7TH CONGRESS","Ward 42 Precinct 22","1803","0","","1"
"105","0","CITY OF CHICAGO","0","Over Votes","310","7TH CONGRESS","Ward 28 Precinct 18","944","0","","1"
"105","0","CITY OF CHICAGO","0","Under Votes","310","7TH CONGRESS","Ward 29 Precinct 04","982","0","","15"
"105","0","CITY OF CHICAGO","0","Over Votes","310","7TH CONGRESS","Ward 29 Precinct 04","982","0","","0"
"105","0","CITY OF CHICAGO","0","Under Votes","310","7TH CONGRESS","Ward 29 Precinct 13","1520","0","","22"
"105","0","CITY OF CHICAGO","0","Over Votes","310","7TH CONGRESS","Ward 29 Precinct 13","1520","0","","2"
"105","0","CITY OF CHICAGO","0","Under Votes","310","7TH CONGRESS","Ward 29 Precinct 16","1401","0","","19"
"105","0","CITY OF CHICAGO","0","Over Votes","310","7TH CONGRESS","Ward 29 Precinct 16","1401","0","","0"
"105","0","CITY OF CHICAGO","0","Under Votes","310","7TH CONGRESS","Ward 34 Precinct 11","1172","0","","52"
"105","0","CITY OF CHICAGO","0","Over Votes","310","7TH CONGRESS","Ward 34 Precinct 11","1172","0","","0"
"105","0","CITY OF CHICAGO","0","Under Votes","310","7TH CONGRESS","Ward 34 Precinct 12","970","0","","63"
"105","0","CITY OF CHICAGO","0","Over Votes","310","7TH CONGRESS","Ward 34 Precinct 12","970","0","","0"
"105","0","CITY OF CHICAGO","0","Under Votes","310","7TH CONGRESS","Ward 34 Precinct 20","1361","0","","65"
"105","0","CITY OF CHICAGO","0","Over Votes","310","7TH CONGRESS","Ward 34 Precinct 20","1361","0","","0"
"105","0","CITY OF CHICAGO","0","Under Votes","310","7TH CONGRESS","Ward 36 Precinct 24","1142","0","","57"
"105","0","CITY OF CHICAGO","0","Over Votes","310","7TH CONGRESS","Ward 36 Precinct 24","1142","0","","0"
"105","0","CITY OF CHICAGO","0","Under Votes","310","7TH CONGRESS","Ward 37 Precinct 05","1060","0","","29"
"105","0","CITY OF CHICAGO","0","Over Votes","310","7TH CONGRESS","Ward 37 Precinct 05","1060","0","","0"
"105","0","CITY OF CHICAGO","0","Under Votes","310","7TH CONGRESS","Ward 37 Precinct 20","1597","0","","25"
"105","0","CITY OF CHICAGO","0","Over Votes","310","7TH CONGRESS","Ward 37 Precinct 20","1597","0","","0"
"105","0","CITY OF CHICAGO","0","Under Votes","310","7TH CONGRESS","Ward 42 Precinct 01","570","0","","31"
"105","0","CITY OF CHICAGO","0","Over Votes","310","7TH CONGRESS","Ward 42 Precinct 01","570","0","","0"
"105","0","CITY OF CHICAGO","0","Under Votes","310","7TH CONGRESS","Ward 42 Precinct 04","1257","0","","60"
"105","0","CITY OF CHICAGO","0","Over Votes","310","7TH CONGRESS","Ward 42 Precinct 04","1257","0","","0"
"105","0","CITY OF CHICAGO","0","Under Votes","310","7TH CONGRESS","Ward 42 Precinct 14","402","0","","17"
"105","0","CITY OF CHICAGO","0","Over Votes","310","7TH CONGRESS","Ward 42 Precinct 14","402","0","","0"
