"JurisdictionID","JurisContainerID","JurisName","EISCandidateID","CandidateName","EISContestID","ContestName","PrecinctName","Registration","EISPartyID","PartyName","VoteCount"
"16","0","COOK","190","Sean Casten","300","6TH CONGRESS","7200009","1397","11","Democratic","497"
"16","0","COOK","190","Sean Casten","300","6TH CONGRESS","7200016","907","11","Democratic","307"
"16","0","COOK","190","Sean Casten","300","6TH CONGRESS","7200022","887","11","Democratic","276"
"16","0","COOK","190","Sean Casten","300","6TH CONGRESS","7200044","1384","11","Democratic","479"
"16","0","COOK","190","Sean Casten","300","6TH CONGRESS","7200059","879","11","Democratic","336"
"16","0","COOK","190","Sean Casten","300","6TH CONGRESS","7200060","818","11","Democratic","260"
"16","0","COOK","190","Sean Casten","300","6TH CONGRESS","7900017","1063","11","Democratic","339"
"16","0","COOK","190","Sean Casten","300","6TH CONGRESS","7900026","1411","11","Democratic","380"
"16","0","COOK","190","Sean Casten","300","6TH CONGRESS","7900027","862","11","Democratic","287"
"16","0","COOK","190","Sean Casten","300","6TH CONGRESS","7900028","1391","11","Democratic","564"
"16","0","COOK","190","Sean Casten","300","6TH CONGRESS","7900046","848","11","Democratic","280"
"16","0","COOK","190","Sean Casten","300","6TH CONGRESS","7900047","925","11","Democratic","264"
"16","0","COOK","190","Sean Casten","300","6TH CONGRESS","7900052","1096","11","Democratic","427"
"16","0","COOK","190","Sean Casten","300","6TH CONGRESS","8600005","1482","11","Democratic","461"
"16","0","COOK","190","Sean Casten","300","6TH CONGRESS","8600024","1621","11","Democratic","484"
"16","0","COOK","190","Sean Casten","300","6TH CONGRESS","8600044","895","11","Democratic","291"
"16","0","COOK","190","Sean Casten","300","6TH CONGRESS","8600045","1406","11","Democratic","492"
"16","0","COOK","190","Sean Casten","300","6TH CONGRESS","8600048","970","11","Democratic","328"
"16","0","COOK","190","Sean Casten","300","6TH CONGRESS","8600056","785","11","Democratic","212"
"16","0","COOK","190","Sean Casten","300","6TH CONGRESS","8800001","592","11","Democratic","173"
"16","0","COOK","190","Sean Casten","300","6TH CONGRESS","8800017","1458","11","Democratic","339"
"16","0","COOK","190","Sean Casten","300","6TH CONGRESS","8800019","1198","11","Democratic","340"
"16","0","COOK","190","Sean Casten","300","6TH CONGRESS","8800025","1135","11","Democratic","150"
"16","0","COOK","190","Sean Casten","300","6TH CONGRESS","8800027","1155","11","Democratic","368"
"16","0","COOK","190","Sean Casten","300","6TH CONGRESS","8800034","708","11","Democratic","192"
"16","0","COOK","190","Sean Casten","300","6TH CONGRESS","9700025","1259","11","Democratic","430"
"16","0","COOK","190","Sean Casten","300","6TH CONGRESS","9700054","1042","11","Democratic","444"
"16","0","COOK","190","Sean Casten","300","6TH CONGRESS","9700065","1337","11","Democratic","458"
"16","0","COOK","190","Sean Casten","300","6TH CONGRESS","9700082","1561","11","Democratic","486"
"16","0","COOK","195","Niki Conforti","300","6TH CONGRESS","7200058","1096","12","Republican","343"
"16","0","COOK","195","Niki Conforti","300","6TH CONGRESS","7900025","984","12","Republican","328"
"16","0","COOK","195","Niki Conforti","300","6TH CONGRESS","7900036","1789","12","Republican","537"
"16","0","COOK","195","Niki Conforti","300","6TH CONGRESS","7900051","1022","12","Republican","317"
"16","0","COOK","195","Niki Conforti","300","6TH CONGRESS","7900068","847","12","Republican","193"
"16","0","COOK","195","Niki Conforti","300","6TH CONGRESS","8600006","1442","12","Republican","434"
"16","0","COOK","195","Niki Conforti","300","6TH CONGRESS","8600013","1366","12","Republican","378"
"16","0","COOK","195","Niki Conforti","300","6TH CONGRESS","8600014","1076","12","Republican","323"
"16","0","COOK","195","Niki Conforti","300","6TH CONGRESS","8600023","1628","12","Republican","531"
"16","0","COOK","195","Niki Conforti","300","6TH CONGRESS","8600031","809","12","Republican","247"
"16","0","COOK","195","Niki Conforti","300","6TH CONGRESS","8600032","1641","12","Republican","555"
"16","0","COOK","195","Niki Conforti","300","6TH CONGRESS","8600041","914","12","Republican","334"
"16","0","COOK","195","Niki Conforti","300","6TH CONGRESS","8600054","1056","12","Republican","376"
"16","0","COOK","195","Niki Conforti","300","6TH CONGRESS","8800006","772","12","Republican","163"
"16","0","COOK","190","Sean Casten","300","6TH CONGRESS","7200064","1197","11","Democratic","440"
"16","0","COOK","190","Sean Casten","300","6TH CONGRESS","7900023","1257","11","Democratic","409"
"16","0","COOK","190","Sean Casten","300","6TH CONGRESS","7900034","460","11","Democratic","148"
"16","0","COOK","190","Sean Casten","300","6TH CONGRESS","7900050","1119","11","Democratic","265"
"16","0","COOK","190","Sean Casten","300","6TH CONGRESS","7900066","959","11","Democratic","246"
"16","0","COOK","190","Sean Casten","300","6TH CONGRESS","7900068","847","11","Democratic","295"
"16","0","COOK","190","Sean Casten","300","6TH CONGRESS","8600001","1608","11","Democratic","594"
"16","0","COOK","190","Sean Casten","300","6TH CONGRESS","8600009","1653","11","Democratic","520"
"16","0","COOK","190","Sean Casten","300","6TH CONGRESS","8600010","1109","11","Democratic","368"
"16","0","COOK","190","Sean Casten","300","6TH CONGRESS","8600019","754","11","Democratic","224"
"16","0","COOK","190","Sean Casten","300","6TH CONGRESS","8600027","1343","11","Democratic","403"
"16","0","COOK","190","Sean Casten","300","6TH CONGRESS","8600038","639","11","Democratic","201"
"16","0","COOK","190","Sean Casten","300","6TH CONGRESS","8600041","914","11","Democratic","264"
"16","0","COOK","190","Sean Casten","300","6TH CONGRESS","8800004","858","11","Democratic","246"
"16","0","COOK","190","Sean Casten","300","6TH CONGRESS","8800005","791","11","Democratic","157"
"16","0","COOK","190","Sean Casten","300","6TH CONGRESS","8800006","772","11","Democratic","170"
"16","0","COOK","190","Sean Casten","300","6TH CONGRESS","8800013","1511","11","Democratic","406"
"16","0","COOK","190","Sean Casten","300","6TH CONGRESS","8800015","1775","11","Democratic","578"
"16","0","COOK","190","Sean Casten","300","6TH CONGRESS","8800021","785","11","Democratic","212"
"16","0","COOK","190","Sean Casten","300","6TH CONGRESS","8800030","1061","11","Democratic","386"
"16","0","COOK","190","Sean Casten","300","6TH CONGRESS","9400012","1360","11","Democratic","154"
"16","0","COOK","190","Sean Casten","300","6TH CONGRESS","9700006","1427","11","Democratic","335"
"16","0","COOK","190","Sean Casten","300","6TH CONGRESS","9700021","1668","11","Democratic","444"
"16","0","COOK","190","Sean Casten","300","6TH CONGRESS","9700022","865","11","Democratic","299"
"16","0","COOK","190","Sean Casten","300","6TH CONGRESS","9700023","1682","11","Democratic","484"
"16","0","COOK","190","Sean Casten","300","6TH CONGRESS","9700038","1142","11","Democratic","392"
"16","0","COOK","190","Sean Casten","300","6TH CONGRESS","9700039","885","11","Democratic","388"
"16","0","COOK","190","Sean Casten","300","6TH CONGRESS","9700041","1633","11","Democratic","577"
"16","0","COOK","190","Sean Casten","300","6TH CONGRESS","9700048","729","11","Democratic","268"
"16","0","COOK","195","Niki Conforti","300","6TH CONGRESS","7200016","907","12","Republican","334"
"16","0","COOK","195","Niki Conforti","300","6TH CONGRESS","7200033","1387","12","Republican","427"
"16","0","COOK","195","Niki Conforti","300","6TH CONGRESS","7200034","1287","12","Republican","459"
"16","0","COOK","195","Niki Conforti","300","6TH CONGRESS","7900020","1533","12","Republican","499"
"16","0","COOK","195","Niki Conforti","300","6TH CONGRESS","7900021","1373","12","Republican","399"
"16","0","COOK","195","Niki Conforti","300","6TH CONGRESS","7900032","409","12","Republican","119"
"16","0","COOK","195","Niki Conforti","300","6TH CONGRESS","7900047","925","12","Republican","147"
"16","0","COOK","195","Niki Conforti","300","6TH CONGRESS","7900048","1052","12","Republican","297"
"16","0","COOK","195","Niki Conforti","300","6TH CONGRESS","8600018","1317","12","Republican","532"
"16","0","COOK","195","Niki Conforti","300","6TH CONGRESS","8600048","970","12","Republican","316"
"16","0","COOK","195","Niki Conforti","300","6TH CONGRESS","8800002","731","12","Republican","340"
"16","0","COOK","195","Niki Conforti","300","6TH CONGRESS","8800019","1198","12","Republican","409"
"16","0","COOK","195","Niki Conforti","300","6TH CONGRESS","8900046","250","12","Republican","74"
"16","0","COOK","195","Niki Conforti","300","6TH CONGRESS","9700003","963","12","Republican","295"
"16","0","COOK","190","Sean Casten","300","6TH CONGRESS","7200011","1119","11","Democratic","440"
"16","0","COOK","190","Sean Casten","300","6TH CONGRESS","7200015","1392","11","Democratic","417"
"16","0","COOK","190","Sean Casten","300","6TH CONGRESS","7200024","758","11","Democratic","244"
"16","0","COOK","190","Sean Casten","300","6TH CONGRESS","7900029","1147","11","Democratic","309"
"16","0","COOK","190","Sean Casten","300","6TH CONGRESS","7900040","1164","11","Democratic","316"
"16","0","COOK","190","Sean Casten","300","6TH CONGRESS","7900053","1012","11","Democratic","360"
"16","0","COOK","190","Sean Casten","300","6TH CONGRESS","7900063","1437","11","Democratic","443"
"16","0","COOK","190","Sean Casten","300","6TH CONGRESS","8600016","1677","11","Democratic","403"
"16","0","COOK","190","Sean Casten","300","6TH CONGRESS","8600017","645","11","Democratic","214"
"16","0","COOK","190","Sean Casten","300","6TH CONGRESS","8600025","1590","11","Democratic","504"
"16","0","COOK","190","Sean Casten","300","6TH CONGRESS","8600026","1629","11","Democratic","567"
"16","0","COOK","190","Sean Casten","300","6TH CONGRESS","8600034","1339","11","Democratic","431"
"16","0","COOK","190","Sean Casten","300","6TH CONGRESS","8600035","1770","11","Democratic","570"
"16","0","COOK","190","Sean Casten","300","6TH CONGRESS","8600036","781","11","Democratic","242"
"16","0","COOK","190","Sean Casten","300","6TH CONGRESS","8600037","999","11","Democratic","340"
"16","0","COOK","190","Sean Casten","300","6TH CONGRESS","8800010","1184","11","Democratic","365"
"16","0","COOK","190","Sean Casten","300","6TH CONGRESS","8800011","967","11","Democratic","280"
"16","0","COOK","190","Sean Casten","300","6TH CONGRESS","8800026","760","11","Democratic","170"
"16","0","COOK","190","Sean Casten","300","6TH CONGRESS","9700001","659","11","Democratic","139"
"16","0","COOK","190","Sean Casten","300","6TH CONGRESS","9700011","1044","11","Democratic","391"
"16","0","COOK","190","Sean Casten","300","6TH CONGRESS","9700013","1095","11","Democratic","492"
"16","0","COOK","190","Sean Casten","300","6TH CONGRESS","9700026","959","11","Democratic","291"
"16","0","COOK","190","Sean Casten","300","6TH CONGRESS","9700035","1747","11","Democratic","640"
"16","0","COOK","190","Sean Casten","300","6TH CONGRESS","9700056","1513","11","Democratic","574"
"16","0","COOK","190","Sean Casten","300","6TH CONGRESS","9700057","1078","11","Democratic","468"
"16","0","COOK","190","Sean Casten","300","6TH CONGRESS","9700073","1483","11","Democratic","270"
"16","0","COOK","195","Niki Conforti","300","6TH CONGRESS","7200009","1397","12","Republican","366"
"16","0","COOK","195","Niki Conforti","300","6TH CONGRESS","7200022","887","12","Republican","283"
"16","0","COOK","195","Niki Conforti","300","6TH CONGRESS","7200044","1384","12","Republican","444"
"16","0","COOK","195","Niki Conforti","300","6TH CONGRESS","7200059","879","12","Republican","233"
"16","0","COOK","195","Niki Conforti","300","6TH CONGRESS","7200060","818","12","Republican","234"
"16","0","COOK","195","Niki Conforti","300","6TH CONGRESS","7900017","1063","12","Republican","403"
"16","0","COOK","195","Niki Conforti","300","6TH CONGRESS","7900026","1411","12","Republican","227"
"16","0","COOK","195","Niki Conforti","300","6TH CONGRESS","7900027","862","12","Republican","225"
"16","0","COOK","195","Niki Conforti","300","6TH CONGRESS","7900028","1391","12","Republican","511"
"16","0","COOK","195","Niki Conforti","300","6TH CONGRESS","7900044","1407","12","Republican","497"
"16","0","COOK","195","Niki Conforti","300","6TH CONGRESS","7900046","848","12","Republican","318"
"16","0","COOK","195","Niki Conforti","300","6TH CONGRESS","7900052","1096","12","Republican","325"
"16","0","COOK","195","Niki Conforti","300","6TH CONGRESS","8600004","1461","12","Republican","522"
"16","0","COOK","195","Niki Conforti","300","6TH CONGRESS","8600005","1482","12","Republican","557"
"16","0","COOK","195","Niki Conforti","300","6TH CONGRESS","8600024","1621","12","Republican","558"
"16","0","COOK","195","Niki Conforti","300","6TH CONGRESS","8600044","895","12","Republican","267"
"16","0","COOK","195","Niki Conforti","300","6TH CONGRESS","8600045","1406","12","Republican","491"
"16","0","COOK","190","Sean Casten","300","6TH CONGRESS","7200027","1565","11","Democratic","516"
"16","0","COOK","190","Sean Casten","300","6TH CONGRESS","7900012","1613","11","Democratic","118"
"16","0","COOK","190","Sean Casten","300","6TH CONGRESS","7900033","446","11","Democratic","124"
"16","0","COOK","190","Sean Casten","300","6TH CONGRESS","7900044","1407","11","Democratic","589"
"16","0","COOK","190","Sean Casten","300","6TH CONGRESS","7900058","1214","11","Democratic","258"
"16","0","COOK","190","Sean Casten","300","6TH CONGRESS","8600003","1426","11","Democratic","486"
"16","0","COOK","190","Sean Casten","300","6TH CONGRESS","8600004","1461","11","Democratic","538"
"16","0","COOK","190","Sean Casten","300","6TH CONGRESS","8600029","1820","11","Democratic","486"
"16","0","COOK","190","Sean Casten","300","6TH CONGRESS","8600030","683","11","Democratic","211"
"16","0","COOK","190","Sean Casten","300","6TH CONGRESS","8600040","1171","11","Democratic","335"
"16","0","COOK","190","Sean Casten","300","6TH CONGRESS","8600053","1357","11","Democratic","342"
"16","0","COOK","190","Sean Casten","300","6TH CONGRESS","8800008","1668","11","Democratic","422"
"16","0","COOK","190","Sean Casten","300","6TH CONGRESS","8800014","625","11","Democratic","176"
"16","0","COOK","190","Sean Casten","300","6TH CONGRESS","8800023","839","11","Democratic","210"
"16","0","COOK","190","Sean Casten","300","6TH CONGRESS","8800032","637","11","Democratic","126"
"16","0","COOK","190","Sean Casten","300","6TH CONGRESS","9700008","1205","11","Democratic","456"
"16","0","COOK","190","Sean Casten","300","6TH CONGRESS","9700028","803","11","Democratic","302"
"16","0","COOK","190","Sean Casten","300","6TH CONGRESS","9700031","1257","11","Democratic","543"
"16","0","COOK","190","Sean Casten","300","6TH CONGRESS","9700052","1611","11","Democratic","668"
"16","0","COOK","190","Sean Casten","300","6TH CONGRESS","9700061","942","11","Democratic","298"
"16","0","COOK","190","Sean Casten","300","6TH CONGRESS","9700062","1622","11","Democratic","617"
"16","0","COOK","190","Sean Casten","300","6TH CONGRESS","9700063","1754","11","Democratic","653"
"16","0","COOK","190","Sean Casten","300","6TH CONGRESS","9700070","1285","11","Democratic","408"
"16","0","COOK","190","Sean Casten","300","6TH CONGRESS","9700071","930","11","Democratic","216"
"16","0","COOK","190","Sean Casten","300","6TH CONGRESS","9700078","1462","11","Democratic","421"
"16","0","COOK","190","Sean Casten","300","6TH CONGRESS","9700079","1015","11","Democratic","401"
"16","0","COOK","190","Sean Casten","300","6TH CONGRESS","9700081","543","11","Democratic","145"
"16","0","COOK","195","Niki Conforti","300","6TH CONGRESS","7200011","1119","12","Republican","305"
"16","0","COOK","195","Niki Conforti","300","6TH CONGRESS","7200064","1197","12","Republican","326"
"16","0","COOK","195","Niki Conforti","300","6TH CONGRESS","7900023","1257","12","Republican","463"
"16","0","COOK","195","Niki Conforti","300","6TH CONGRESS","7900034","460","12","Republican","140"
"16","0","COOK","195","Niki Conforti","300","6TH CONGRESS","7900040","1164","12","Republican","146"
"16","0","COOK","195","Niki Conforti","300","6TH CONGRESS","7900050","1119","12","Republican","167"
"16","0","COOK","195","Niki Conforti","300","6TH CONGRESS","7900066","959","12","Republican","136"
"16","0","COOK","195","Niki Conforti","300","6TH CONGRESS","8600001","1608","12","Republican","412"
"16","0","COOK","195","Niki Conforti","300","6TH CONGRESS","8600009","1653","12","Republican","478"
"16","0","COOK","195","Niki Conforti","300","6TH CONGRESS","8600010","1109","12","Republican","369"
"16","0","COOK","195","Niki Conforti","300","6TH CONGRESS","8600017","645","12","Republican","211"
"16","0","COOK","195","Niki Conforti","300","6TH CONGRESS","8600019","754","12","Republican","242"
"16","0","COOK","195","Niki Conforti","300","6TH CONGRESS","8600026","1629","12","Republican","484"
"16","0","COOK","195","Niki Conforti","300","6TH CONGRESS","8600027","1343","12","Republican","385"
"16","0","COOK","195","Niki Conforti","300","6TH CONGRESS","8600037","999","12","Republican","347"
"16","0","COOK","195","Niki Conforti","300","6TH CONGRESS","8600038","639","12","Republican","192"
"16","0","COOK","190","Sean Casten","300","6TH CONGRESS","7200058","1096","11","Democratic","369"
"16","0","COOK","190","Sean Casten","300","6TH CONGRESS","7900025","984","11","Democratic","394"
"16","0","COOK","190","Sean Casten","300","6TH CONGRESS","7900036","1789","11","Democratic","416"
"16","0","COOK","190","Sean Casten","300","6TH CONGRESS","7900038","770","11","Democratic","130"
"16","0","COOK","190","Sean Casten","300","6TH CONGRESS","7900051","1022","11","Democratic","266"
"16","0","COOK","190","Sean Casten","300","6TH CONGRESS","8600006","1442","11","Democratic","449"
"16","0","COOK","190","Sean Casten","300","6TH CONGRESS","8600007","1383","11","Democratic","415"
"16","0","COOK","190","Sean Casten","300","6TH CONGRESS","8600013","1366","11","Democratic","477"
"16","0","COOK","190","Sean Casten","300","6TH CONGRESS","8600014","1076","11","Democratic","362"
"16","0","COOK","190","Sean Casten","300","6TH CONGRESS","8600015","1615","11","Democratic","51"
"16","0","COOK","190","Sean Casten","300","6TH CONGRESS","8600023","1628","11","Democratic","542"
"16","0","COOK","190","Sean Casten","300","6TH CONGRESS","8600031","809","11","Democratic","248"
"16","0","COOK","190","Sean Casten","300","6TH CONGRESS","8600032","1641","11","Democratic","485"
"16","0","COOK","190","Sean Casten","300","6TH CONGRESS","8600046","776","11","Democratic","226"
"16","0","COOK","190","Sean Casten","300","6TH CONGRESS","8600054","1056","11","Democratic","339"
"16","0","COOK","190","Sean Casten","300","6TH CONGRESS","8600058","939","11","Democratic","322"
"16","0","COOK","190","Sean Casten","300","6TH CONGRESS","8800009","1557","11","Democratic","478"
"16","0","COOK","190","Sean Casten","300","6TH CONGRESS","8800016","1206","11","Democratic","397"
"16","0","COOK","190","Sean Casten","300","6TH CONGRESS","8800018","1230","11","Democratic","286"
"16","0","COOK","190","Sean Casten","300","6TH CONGRESS","8800033","1256","11","Democratic","355"
"16","0","COOK","190","Sean Casten","300","6TH CONGRESS","8800035","1436","11","Democratic","408"
"16","0","COOK","190","Sean Casten","300","6TH CONGRESS","9700009","1221","11","Democratic","441"
"16","0","COOK","190","Sean Casten","300","6TH CONGRESS","9700010","1154","11","Democratic","555"
"16","0","COOK","190","Sean Casten","300","6TH CONGRESS","9700016","1362","11","Democratic","397"
"16","0","COOK","190","Sean Casten","300","6TH CONGRESS","9700032","1422","11","Democratic","578"
"16","0","COOK","190","Sean Casten","300","6TH CONGRESS","9700034","1117","11","Democratic","398"
"16","0","COOK","190","Sean Casten","300","6TH CONGRESS","9700042","1268","11","Democratic","375"
"16","0","COOK","190","Sean Casten","300","6TH CONGRESS","9700043","638","11","Democratic","139"
"16","0","COOK","190","Sean Casten","300","6TH CONGRESS","9700053","1626","11","Democratic","488"
"16","0","COOK","190","Sean Casten","300","6TH CONGRESS","9700072","1401","11","Democratic","349"
"16","0","COOK","195","Niki Conforti","300","6TH CONGRESS","7200019","1562","12","Republican","411"
"16","0","COOK","195","Niki Conforti","300","6TH CONGRESS","7200020","1424","12","Republican","462"
"16","0","COOK","195","Niki Conforti","300","6TH CONGRESS","7200030","1036","12","Republican","25"
"16","0","COOK","195","Niki Conforti","300","6TH CONGRESS","7200050","1699","12","Republican","563"
"16","0","COOK","195","Niki Conforti","300","6TH CONGRESS","7200052","992","12","Republican","220"
"16","0","COOK","195","Niki Conforti","300","6TH CONGRESS","7200065","1252","12","Republican","437"
"16","0","COOK","195","Niki Conforti","300","6TH CONGRESS","7900004","691","12","Republican","261"
"16","0","COOK","195","Niki Conforti","300","6TH CONGRESS","7900005","1181","12","Republican","314"
"16","0","COOK","195","Niki Conforti","300","6TH CONGRESS","7900013","1362","12","Republican","84"
"16","0","COOK","195","Niki Conforti","300","6TH CONGRESS","7900024","1602","12","Republican","513"
"16","0","COOK","195","Niki Conforti","300","6TH CONGRESS","7900035","1058","12","Republican","434"
"16","0","COOK","195","Niki Conforti","300","6TH CONGRESS","7900042","872","12","Republican","284"
"16","0","COOK","195","Niki Conforti","300","6TH CONGRESS","7900043","786","12","Republican","158"
"16","0","COOK","190","Sean Casten","300","6TH CONGRESS","7900008","1596","11","Democratic","428"
"16","0","COOK","190","Sean Casten","300","6TH CONGRESS","7900010","837","11","Democratic","233"
"16","0","COOK","190","Sean Casten","300","6TH CONGRESS","7900031","869","11","Democratic","367"
"16","0","COOK","190","Sean Casten","300","6TH CONGRESS","7900039","953","11","Democratic","398"
"16","0","COOK","190","Sean Casten","300","6TH CONGRESS","7900041","636","11","Democratic","195"
"16","0","COOK","190","Sean Casten","300","6TH CONGRESS","7900049","663","11","Democratic","200"
"16","0","COOK","190","Sean Casten","300","6TH CONGRESS","7900054","534","11","Democratic","234"
"16","0","COOK","190","Sean Casten","300","6TH CONGRESS","7900055","1026","11","Democratic","379"
"16","0","COOK","190","Sean Casten","300","6TH CONGRESS","7900065","1527","11","Democratic","406"
"16","0","COOK","190","Sean Casten","300","6TH CONGRESS","8600008","1440","11","Democratic","440"
"16","0","COOK","190","Sean Casten","300","6TH CONGRESS","8600049","1512","11","Democratic","520"
"16","0","COOK","190","Sean Casten","300","6TH CONGRESS","8600050","940","11","Democratic","309"
"16","0","COOK","190","Sean Casten","300","6TH CONGRESS","8600051","1237","11","Democratic","394"
"16","0","COOK","190","Sean Casten","300","6TH CONGRESS","8600061","803","11","Democratic","270"
"16","0","COOK","190","Sean Casten","300","6TH CONGRESS","8600062","1070","11","Democratic","316"
"16","0","COOK","190","Sean Casten","300","6TH CONGRESS","8800003","784","11","Democratic","303"
"16","0","COOK","190","Sean Casten","300","6TH CONGRESS","8800012","1145","11","Democratic","284"
"16","0","COOK","190","Sean Casten","300","6TH CONGRESS","8800020","1217","11","Democratic","345"
"16","0","COOK","190","Sean Casten","300","6TH CONGRESS","8800028","861","11","Democratic","317"
"16","0","COOK","190","Sean Casten","300","6TH CONGRESS","8800029","997","11","Democratic","334"
"16","0","COOK","190","Sean Casten","300","6TH CONGRESS","8900023","1181","11","Democratic","67"
"16","0","COOK","190","Sean Casten","300","6TH CONGRESS","9700002","1073","11","Democratic","367"
"16","0","COOK","190","Sean Casten","300","6TH CONGRESS","9700004","1770","11","Democratic","473"
"16","0","COOK","190","Sean Casten","300","6TH CONGRESS","9700012","694","11","Democratic","250"
"16","0","COOK","190","Sean Casten","300","6TH CONGRESS","9700036","1092","11","Democratic","459"
"16","0","COOK","190","Sean Casten","300","6TH CONGRESS","9700045","1702","11","Democratic","697"
"16","0","COOK","190","Sean Casten","300","6TH CONGRESS","9700047","1202","11","Democratic","384"
"16","0","COOK","190","Sean Casten","300","6TH CONGRESS","9700066","1570","11","Democratic","418"
"16","0","COOK","190","Sean Casten","300","6TH CONGRESS","9700074","1756","11","Democratic","493"
"16","0","COOK","195","Niki Conforti","300","6TH CONGRESS","7200015","1392","12","Republican","513"
"16","0","COOK","195","Niki Conforti","300","6TH CONGRESS","7200024","758","12","Republican","256"
"16","0","COOK","195","Niki Conforti","300","6TH CONGRESS","7200053","625","12","Republican","260"
"16","0","COOK","195","Niki Conforti","300","6TH CONGRESS","7900029","1147","12","Republican","393"
"16","0","COOK","195","Niki Conforti","300","6TH CONGRESS","7900053","1012","12","Republican","365"
"16","0","COOK","195","Niki Conforti","300","6TH CONGRESS","7900062","1057","12","Republican","467"
"16","0","COOK","195","Niki Conforti","300","6TH CONGRESS","7900063","1437","12","Republican","569"
"16","0","COOK","195","Niki Conforti","300","6TH CONGRESS","8600016","1677","12","Republican","681"
"16","0","COOK","195","Niki Conforti","300","6TH CONGRESS","8600025","1590","12","Republican","570"
"16","0","COOK","195","Niki Conforti","300","6TH CONGRESS","8600033","1498","12","Republican","543"
"16","0","COOK","195","Niki Conforti","300","6TH CONGRESS","8600034","1339","12","Republican","435"
"16","0","COOK","195","Niki Conforti","300","6TH CONGRESS","8600035","1770","12","Republican","675"
"16","0","COOK","195","Niki Conforti","300","6TH CONGRESS","8600036","781","12","Republican","304"
"16","0","COOK","195","Niki Conforti","300","6TH CONGRESS","8800010","1184","12","Republican","495"
"16","0","COOK","190","Sean Casten","300","6TH CONGRESS","7200020","1424","11","Democratic","461"
"16","0","COOK","190","Sean Casten","300","6TH CONGRESS","7200030","1036","11","Democratic","24"
"16","0","COOK","190","Sean Casten","300","6TH CONGRESS","7200052","992","11","Democratic","384"
"16","0","COOK","190","Sean Casten","300","6TH CONGRESS","7200053","625","11","Democratic","166"
"16","0","COOK","190","Sean Casten","300","6TH CONGRESS","7200065","1252","11","Democratic","395"
"16","0","COOK","190","Sean Casten","300","6TH CONGRESS","7900004","691","11","Democratic","206"
"16","0","COOK","190","Sean Casten","300","6TH CONGRESS","7900005","1181","11","Democratic","466"
"16","0","COOK","190","Sean Casten","300","6TH CONGRESS","7900013","1362","11","Democratic","536"
"16","0","COOK","190","Sean Casten","300","6TH CONGRESS","7900024","1602","11","Democratic","752"
"16","0","COOK","190","Sean Casten","300","6TH CONGRESS","7900035","1058","11","Democratic","245"
"16","0","COOK","190","Sean Casten","300","6TH CONGRESS","7900043","786","11","Democratic","265"
"16","0","COOK","190","Sean Casten","300","6TH CONGRESS","7900061","940","11","Democratic","431"
"16","0","COOK","190","Sean Casten","300","6TH CONGRESS","7900062","1057","11","Democratic","345"
"16","0","COOK","190","Sean Casten","300","6TH CONGRESS","7900069","1183","11","Democratic","531"
"16","0","COOK","190","Sean Casten","300","6TH CONGRESS","8600012","536","11","Democratic","151"
"16","0","COOK","190","Sean Casten","300","6TH CONGRESS","8600021","1156","11","Democratic","375"
"16","0","COOK","190","Sean Casten","300","6TH CONGRESS","8600022","1014","11","Democratic","349"
"16","0","COOK","190","Sean Casten","300","6TH CONGRESS","8600033","1498","11","Democratic","484"
"16","0","COOK","190","Sean Casten","300","6TH CONGRESS","8600042","1446","11","Democratic","515"
"16","0","COOK","190","Sean Casten","300","6TH CONGRESS","8600043","679","11","Democratic","201"
"16","0","COOK","190","Sean Casten","300","6TH CONGRESS","8600055","763","11","Democratic","242"
"16","0","COOK","190","Sean Casten","300","6TH CONGRESS","8800007","1222","11","Democratic","297"
"16","0","COOK","190","Sean Casten","300","6TH CONGRESS","8800024","1615","11","Democratic","606"
"16","0","COOK","190","Sean Casten","300","6TH CONGRESS","8800031","1190","11","Democratic","277"
"16","0","COOK","190","Sean Casten","300","6TH CONGRESS","9700007","1728","11","Democratic","567"
"16","0","COOK","190","Sean Casten","300","6TH CONGRESS","9700030","1686","11","Democratic","495"
"16","0","COOK","190","Sean Casten","300","6TH CONGRESS","9700033","1150","11","Democratic","309"
"16","0","COOK","190","Sean Casten","300","6TH CONGRESS","9700050","1101","11","Democratic","409"
"16","0","COOK","190","Sean Casten","300","6TH CONGRESS","9700051","796","11","Democratic","192"
"16","0","COOK","190","Sean Casten","300","6TH CONGRESS","9700064","1314","11","Democratic","432"
"16","0","COOK","195","Niki Conforti","300","6TH CONGRESS","7200027","1565","12","Republican","388"
"16","0","COOK","195","Niki Conforti","300","6TH CONGRESS","7900010","837","12","Republican","146"
"16","0","COOK","195","Niki Conforti","300","6TH CONGRESS","7900012","1613","12","Republican","134"
"16","0","COOK","195","Niki Conforti","300","6TH CONGRESS","7900033","446","12","Republican","129"
"16","0","COOK","195","Niki Conforti","300","6TH CONGRESS","7900041","636","12","Republican","267"
"16","0","COOK","195","Niki Conforti","300","6TH CONGRESS","7900049","663","12","Republican","243"
"16","0","COOK","195","Niki Conforti","300","6TH CONGRESS","7900055","1026","12","Republican","410"
"16","0","COOK","195","Niki Conforti","300","6TH CONGRESS","7900058","1214","12","Republican","366"
"16","0","COOK","195","Niki Conforti","300","6TH CONGRESS","7900065","1527","12","Republican","484"
"16","0","COOK","195","Niki Conforti","300","6TH CONGRESS","8600003","1426","12","Republican","313"
"16","0","COOK","195","Niki Conforti","300","6TH CONGRESS","8600029","1820","12","Republican","651"
"16","0","COOK","195","Niki Conforti","300","6TH CONGRESS","8600030","683","12","Republican","254"
"16","0","COOK","195","Niki Conforti","300","6TH CONGRESS","8600040","1171","12","Republican","385"
"16","0","COOK","190","Sean Casten","300","6TH CONGRESS","7200019","1562","11","Democratic","568"
"16","0","COOK","190","Sean Casten","300","6TH CONGRESS","7200033","1387","11","Democratic","427"
"16","0","COOK","190","Sean Casten","300","6TH CONGRESS","7200034","1287","11","Democratic","434"
"16","0","COOK","190","Sean Casten","300","6TH CONGRESS","7200050","1699","11","Democratic","554"
"16","0","COOK","190","Sean Casten","300","6TH CONGRESS","7900020","1533","11","Democratic","712"
"16","0","COOK","190","Sean Casten","300","6TH CONGRESS","7900021","1373","11","Democratic","713"
"16","0","COOK","190","Sean Casten","300","6TH CONGRESS","7900032","409","11","Democratic","166"
"16","0","COOK","190","Sean Casten","300","6TH CONGRESS","7900042","872","11","Democratic","393"
"16","0","COOK","190","Sean Casten","300","6TH CONGRESS","7900048","1052","11","Democratic","306"
"16","0","COOK","190","Sean Casten","300","6TH CONGRESS","8600002","1154","11","Democratic","362"
"16","0","COOK","190","Sean Casten","300","6TH CONGRESS","8600018","1317","11","Democratic","414"
"16","0","COOK","190","Sean Casten","300","6TH CONGRESS","8600020","1392","11","Democratic","484"
"16","0","COOK","190","Sean Casten","300","6TH CONGRESS","8800002","731","11","Democratic","206"
"16","0","COOK","190","Sean Casten","300","6TH CONGRESS","8800022","265","11","Democratic","113"
"16","0","COOK","190","Sean Casten","300","6TH CONGRESS","8900046","250","11","Democratic","108"
"16","0","COOK","190","Sean Casten","300","6TH CONGRESS","9700003","963","11","Democratic","403"
"16","0","COOK","190","Sean Casten","300","6TH CONGRESS","9700005","1761","11","Democratic","607"
"16","0","COOK","190","Sean Casten","300","6TH CONGRESS","9700027","864","11","Democratic","300"
"16","0","COOK","190","Sean Casten","300","6TH CONGRESS","9700040","1123","11","Democratic","397"
"16","0","COOK","190","Sean Casten","300","6TH CONGRESS","9700046","1205","11","Democratic","440"
"16","0","COOK","190","Sean Casten","300","6TH CONGRESS","9700049","1090","11","Democratic","359"
"16","0","COOK","190","Sean Casten","300","6TH CONGRESS","9700058","1854","11","Democratic","350"
"16","0","COOK","190","Sean Casten","300","6TH CONGRESS","9700060","599","11","Democratic","185"
"16","0","COOK","190","Sean Casten","300","6TH CONGRESS","9700067","1600","11","Democratic","420"
"16","0","COOK","190","Sean Casten","300","6TH CONGRESS","9700075","1359","11","Democratic","472"
"16","0","COOK","190","Sean Casten","300","6TH CONGRESS","9700076","1197","11","Democratic","425"
"16","0","COOK","190","Sean Casten","300","6TH CONGRESS","9700077","970","11","Democratic","302"
"16","0","COOK","195","Niki Conforti","300","6TH CONGRESS","7900008","1596","12","Republican","433"
"16","0","COOK","195","Niki Conforti","300","6TH CONGRESS","7900031","869","12","Republican","282"
"16","0","COOK","195","Niki Conforti","300","6TH CONGRESS","7900038","770","12","Republican","148"
"16","0","COOK","195","Niki Conforti","300","6TH CONGRESS","7900039","953","12","Republican","245"
"16","0","COOK","195","Niki Conforti","300","6TH CONGRESS","7900054","534","12","Republican","143"
"16","0","COOK","195","Niki Conforti","300","6TH CONGRESS","8600007","1383","12","Republican","507"
"16","0","COOK","195","Niki Conforti","300","6TH CONGRESS","8600008","1440","12","Republican","465"
"16","0","COOK","195","Niki Conforti","300","6TH CONGRESS","8600015","1615","12","Republican","68"
"16","0","COOK","195","Niki Conforti","300","6TH CONGRESS","8600046","776","12","Republican","259"
"16","0","COOK","195","Niki Conforti","300","6TH CONGRESS","8600049","1512","12","Republican","502"
"16","0","COOK","195","Niki Conforti","300","6TH CONGRESS","8600050","940","12","Republican","283"
"16","0","COOK","195","Niki Conforti","300","6TH CONGRESS","8600058","939","12","Republican","332"
"16","0","COOK","195","Niki Conforti","300","6TH CONGRESS","8600061","803","12","Republican","284"
"16","0","COOK","195","Niki Conforti","300","6TH CONGRESS","8800003","784","12","Republican","285"
"16","0","COOK","195","Niki Conforti","300","6TH CONGRESS","8800012","1145","12","Republican","393"
"16","0","COOK","195","Niki Conforti","300","6TH CONGRESS","8800018","1230","12","Republican","395"
"16","0","COOK","195","Niki Conforti","300","6TH CONGRESS","8800009","1557","12","Republican","644"
"16","0","COOK","195","Niki Conforti","300","6TH CONGRESS","8800015","1775","12","Republican","707"
"16","0","COOK","195","Niki Conforti","300","6TH CONGRESS","8800016","1206","12","Republican","460"
"16","0","COOK","195","Niki Conforti","300","6TH CONGRESS","8800033","1256","12","Republican","416"
"16","0","COOK","195","Niki Conforti","300","6TH CONGRESS","9700006","1427","12","Republican","386"
"16","0","COOK","195","Niki Conforti","300","6TH CONGRESS","9700009","1221","12","Republican","283"
"16","0","COOK","195","Niki Conforti","300","6TH CONGRESS","9700016","1362","12","Republican","450"
"16","0","COOK","195","Niki Conforti","300","6TH CONGRESS","9700023","1682","12","Republican","540"
"16","0","COOK","195","Niki Conforti","300","6TH CONGRESS","9700032","1422","12","Republican","400"
"16","0","COOK","195","Niki Conforti","300","6TH CONGRESS","9700034","1117","12","Republican","230"
"16","0","COOK","195","Niki Conforti","300","6TH CONGRESS","9700041","1633","12","Republican","506"
"16","0","COOK","195","Niki Conforti","300","6TH CONGRESS","9700042","1268","12","Republican","351"
"16","0","COOK","195","Niki Conforti","300","6TH CONGRESS","9700043","638","12","Republican","19"
"16","0","COOK","195","Niki Conforti","300","6TH CONGRESS","9700053","1626","12","Republican","430"
"16","0","COOK","195","Niki Conforti","300","6TH CONGRESS","9700072","1401","12","Republican","308"
"16","0","COOK","50000","Write-in","300","6TH CONGRESS","7900039","953","99","Nonpartisan","1"
"16","0","COOK","50000","Write-in","300","6TH CONGRESS","8600032","1641","99","Nonpartisan","1"
"105","16","CITY OF CHICAGO","190","Sean Casten","300","6TH CONGRESS","Ward 13 Precinct 11","589","11","Democratic","206"
"105","16","CITY OF CHICAGO","190","Sean Casten","300","6TH CONGRESS","Ward 13 Precinct 39","777","11","Democratic","286"
"105","16","CITY OF CHICAGO","190","Sean Casten","300","6TH CONGRESS","Ward 19 Precinct 07","1368","11","Democratic","589"
"105","16","CITY OF CHICAGO","190","Sean Casten","300","6TH CONGRESS","Ward 19 Precinct 18","895","11","Democratic","232"
"105","16","CITY OF CHICAGO","190","Sean Casten","300","6TH CONGRESS","Ward 19 Precinct 29","1306","11","Democratic","396"
"105","16","CITY OF CHICAGO","190","Sean Casten","300","6TH CONGRESS","Ward 23 Precinct 05","759","11","Democratic","261"
"105","16","CITY OF CHICAGO","190","Sean Casten","300","6TH CONGRESS","Ward 23 Precinct 08","694","11","Democratic","248"
"105","16","CITY OF CHICAGO","195","Niki Conforti","300","6TH CONGRESS","Ward 13 Precinct 10","870","12","Republican","307"
"105","16","CITY OF CHICAGO","195","Niki Conforti","300","6TH CONGRESS","Ward 13 Precinct 40","710","12","Republican","203"
"105","16","CITY OF CHICAGO","195","Niki Conforti","300","6TH CONGRESS","Ward 19 Precinct 02","1209","12","Republican","156"
"105","16","CITY OF CHICAGO","195","Niki Conforti","300","6TH CONGRESS","Ward 19 Precinct 05","939","12","Republican","153"
"105","16","CITY OF CHICAGO","195","Niki Conforti","300","6TH CONGRESS","Ward 19 Precinct 16","925","12","Republican","463"
"105","16","CITY OF CHICAGO","195","Niki Conforti","300","6TH CONGRESS","Ward 19 Precinct 19","1030","12","Republican","134"
"105","16","CITY OF CHICAGO","195","Niki Conforti","300","6TH CONGRESS","Ward 23 Precinct 03","587","12","Republican","213"
"105","16","CITY OF CHICAGO","195","Niki Conforti","300","6TH CONGRESS","Ward 23 Precinct 06","446","12","Republican","169"
"22","0","DuPAGE","190","Sean Casten","300","6TH CONGRESS","Milton 044-0337","1064","11","Democratic","509"
"22","0","DuPAGE","190","Sean Casten","300","6TH CONGRESS","Milton 065-0366","5","11","Democratic","2"
"22","0","DuPAGE","190","Sean Casten","300","6TH CONGRESS","Milton 067-0369","882","11","Democratic","414"
"22","0","DuPAGE","190","Sean Casten","300","6TH CONGRESS","York 001-0395","510","11","Democratic","206"
"22","0","DuPAGE","190","Sean Casten","300","6TH CONGRESS","York 004-0398","1155","11","Democratic","451"
"22","0","DuPAGE","190","Sean Casten","300","6TH CONGRESS","York 007-0401","1079","11","Democratic","410"
"22","0","DuPAGE","190","Sean Casten","300","6TH CONGRESS","York 008-0404","672","11","Democratic","246"
"22","0","DuPAGE","190","Sean Casten","300","6TH CONGRESS","York 028-0427","870","11","Democratic","406"
"22","0","DuPAGE","190","Sean Casten","300","6TH CONGRESS","York 033-0433","1012","11","Democratic","515"
"22","0","DuPAGE","190","Sean Casten","300","6TH CONGRESS","York 055-0456","398","11","Democratic","187"
"22","0","DuPAGE","190","Sean Casten","300","6TH CONGRESS","York 056-0459","662","11","Democratic","299"
"22","0","DuPAGE","190","Sean Casten","300","6TH CONGRESS","York 074-0488","818","11","Democratic","324"
"22","0","DuPAGE","190","Sean Casten","300","6TH CONGRESS","York 075-0491","1138","11","Democratic","517"
"22","0","DuPAGE","190","Sean Casten","300","6TH CONGRESS","York 077-0494","456","11","Democratic","99"
"22","0","DuPAGE","190","Sean Casten","300","6TH CONGRESS","Lisle 015-0607","50","11","Democratic","27"
"22","0","DuPAGE","190","Sean Casten","300","6TH CONGRESS","Lisle 018-0610","1098","11","Democratic","492"
"22","0","DuPAGE","190","Sean Casten","300","6TH CONGRESS","Lisle 019-0613","131","11","Democratic","61"
"22","0","DuPAGE","190","Sean Casten","300","6TH CONGRESS","Downers Grove 004-0697","83","11","Democratic","41"
"22","0","DuPAGE","190","Sean Casten","300","6TH CONGRESS","Downers Grove 008-0703","1182","11","Democratic","621"
"22","0","DuPAGE","190","Sean Casten","300","6TH CONGRESS","Downers Grove 010-0706","624","11","Democratic","252"
"22","0","DuPAGE","190","Sean Casten","300","6TH CONGRESS","Downers Grove 018-0726","87","11","Democratic","41"
"22","0","DuPAGE","190","Sean Casten","300","6TH CONGRESS","Downers Grove 024-0735","51","11","Democratic","29"
"22","0","DuPAGE","190","Sean Casten","300","6TH CONGRESS","Downers Grove 044-0758","311","11","Democratic","135"
"22","0","DuPAGE","190","Sean Casten","300","6TH CONGRESS","Downers Grove 046-0761","13","11","Democratic","8"
"22","0","DuPAGE","190","Sean Casten","300","6TH CONGRESS","Downers Grove 048-0764","998","11","Democratic","421"
"22","0","DuPAGE","190","Sean Casten","300","6TH CONGRESS","Downers Grove 051-0767","1180","11","Democratic","467"
"22","0","DuPAGE","190","Sean Casten","300","6TH CONGRESS","Downers Grove 069-0787","196","11","Democratic","76"
"22","0","DuPAGE","190","Sean Casten","300","6TH CONGRESS","Downers Grove 071-0790","947","11","Democratic","364"
"22","0","DuPAGE","190","Sean Casten","300","6TH CONGRESS","Downers Grove 073-0793","1129","11","Democratic","400"
"22","0","DuPAGE","190","Sean Casten","300","6TH CONGRESS","Downers Grove 096-0822","1040","11","Democratic","298"
"22","0","DuPAGE","195","Niki Conforti","300","6TH CONGRESS","Addison 049-0207","641","12","Republican","234"
"22","0","DuPAGE","195","Niki Conforti","300","6TH CONGRESS","Addison 052-0210","1222","12","Republican","370"
"22","0","DuPAGE","195","Niki Conforti","300","6TH CONGRESS","Milton 034-0326","1215","12","Republican","399"
"22","0","DuPAGE","195","Niki Conforti","300","6TH CONGRESS","Milton 062-0361","1187","12","Republican","366"
"22","0","DuPAGE","195","Niki Conforti","300","6TH CONGRESS","Milton 064-0364","1166","12","Republican","425"
"22","0","DuPAGE","195","Niki Conforti","300","6TH CONGRESS","Milton 076-0384","1260","12","Republican","443"
"22","0","DuPAGE","195","Niki Conforti","300","6TH CONGRESS","Milton 078-0387","162","12","Republican","43"
"22","0","DuPAGE","195","Niki Conforti","300","6TH CONGRESS","Milton 079-0390","952","12","Republican","312"
"22","0","DuPAGE","195","Niki Conforti","300","6TH CONGRESS","Milton 081-0393","0","12","Republican","0"
"22","0","DuPAGE","195","Niki Conforti","300","6TH CONGRESS","York 017-0416","367","12","Republican","88"
"22","0","DuPAGE","195","Niki Conforti","300","6TH CONGRESS","York 023-0422","1323","12","Republican","352"
"22","0","DuPAGE","195","Niki Conforti","300","6TH CONGRESS","York 044-0445","1224","12","Republican","421"
"22","0","DuPAGE","195","Niki Conforti","300","6TH CONGRESS","York 047-0448","1162","12","Republican","396"
"22","0","DuPAGE","195","Niki Conforti","300","6TH CONGRESS","York 050-0451","1191","12","Republican","444"
"22","0","DuPAGE","195","Niki Conforti","300","6TH CONGRESS","York 053-0454","1330","12","Republican","386"
"16","0","COOK","195","Niki Conforti","300","6TH CONGRESS","9700025","1259","12","Republican","347"
"16","0","COOK","195","Niki Conforti","300","6TH CONGRESS","9700027","864","12","Republican","253"
"16","0","COOK","195","Niki Conforti","300","6TH CONGRESS","9700046","1205","12","Republican","353"
"16","0","COOK","195","Niki Conforti","300","6TH CONGRESS","9700058","1854","12","Republican","245"
"16","0","COOK","195","Niki Conforti","300","6TH CONGRESS","9700067","1600","12","Republican","505"
"16","0","COOK","195","Niki Conforti","300","6TH CONGRESS","9700075","1359","12","Republican","367"
"16","0","COOK","195","Niki Conforti","300","6TH CONGRESS","9700076","1197","12","Republican","472"
"16","0","COOK","195","Niki Conforti","300","6TH CONGRESS","9700077","970","12","Republican","282"
"16","0","COOK","50000","Write-in","300","6TH CONGRESS","7900021","1373","99","Nonpartisan","1"
"16","0","COOK","50000","Write-in","300","6TH CONGRESS","7900048","1052","99","Nonpartisan","1"
"16","0","COOK","50000","Write-in","300","6TH CONGRESS","8600020","1392","99","Nonpartisan","2"
"16","0","COOK","50000","Write-in","300","6TH CONGRESS","9700005","1761","99","Nonpartisan","1"
"16","0","COOK","50000","Write-in","300","6TH CONGRESS","9700049","1090","99","Nonpartisan","2"
"105","16","CITY OF CHICAGO","190","Sean Casten","300","6TH CONGRESS","Ward 13 Precinct 07","621","11","Democratic","249"
"105","16","CITY OF CHICAGO","190","Sean Casten","300","6TH CONGRESS","Ward 13 Precinct 19","540","11","Democratic","192"
"105","16","CITY OF CHICAGO","190","Sean Casten","300","6TH CONGRESS","Ward 13 Precinct 35","944","11","Democratic","386"
"105","16","CITY OF CHICAGO","190","Sean Casten","300","6TH CONGRESS","Ward 19 Precinct 02","1209","11","Democratic","823"
"105","16","CITY OF CHICAGO","190","Sean Casten","300","6TH CONGRESS","Ward 19 Precinct 12","1325","11","Democratic","387"
"105","16","CITY OF CHICAGO","190","Sean Casten","300","6TH CONGRESS","Ward 19 Precinct 24","926","11","Democratic","274"
"105","16","CITY OF CHICAGO","190","Sean Casten","300","6TH CONGRESS","Ward 19 Precinct 26","806","11","Democratic","277"
"105","16","CITY OF CHICAGO","190","Sean Casten","300","6TH CONGRESS","Ward 19 Precinct 35","977","11","Democratic","581"
"105","16","CITY OF CHICAGO","195","Niki Conforti","300","6TH CONGRESS","Ward 19 Precinct 22","953","12","Republican","181"
"105","16","CITY OF CHICAGO","195","Niki Conforti","300","6TH CONGRESS","Ward 19 Precinct 25","867","12","Republican","102"
"105","16","CITY OF CHICAGO","195","Niki Conforti","300","6TH CONGRESS","Ward 19 Precinct 33","722","12","Republican","382"
"105","16","CITY OF CHICAGO","195","Niki Conforti","300","6TH CONGRESS","Ward 19 Precinct 36","835","12","Republican","142"
"105","16","CITY OF CHICAGO","195","Niki Conforti","300","6TH CONGRESS","Ward 23 Precinct 10","1119","12","Republican","305"
"22","0","DuPAGE","190","Sean Casten","300","6TH CONGRESS","Addison 044-0199","790","11","Democratic","232"
"22","0","DuPAGE","190","Sean Casten","300","6TH CONGRESS","Addison 046-0202","1174","11","Democratic","475"
"22","0","DuPAGE","190","Sean Casten","300","6TH CONGRESS","Addison 048-0205","898","11","Democratic","275"
"22","0","DuPAGE","190","Sean Casten","300","6TH CONGRESS","Addison 050-0208","975","11","Democratic","406"
"22","0","DuPAGE","190","Sean Casten","300","6TH CONGRESS","Milton 031-0321","934","11","Democratic","433"
"22","0","DuPAGE","190","Sean Casten","300","6TH CONGRESS","Milton 032-0324","192","11","Democratic","113"
"22","0","DuPAGE","190","Sean Casten","300","6TH CONGRESS","Milton 035-0327","1246","11","Democratic","568"
"22","0","DuPAGE","190","Sean Casten","300","6TH CONGRESS","Milton 054-0350","1278","11","Democratic","589"
"22","0","DuPAGE","190","Sean Casten","300","6TH CONGRESS","Milton 074-0382","898","11","Democratic","375"
"22","0","DuPAGE","190","Sean Casten","300","6TH CONGRESS","Milton 078-0388","645","11","Democratic","264"
"22","0","DuPAGE","190","Sean Casten","300","6TH CONGRESS","York 014-0411","1014","11","Democratic","361"
"22","0","DuPAGE","190","Sean Casten","300","6TH CONGRESS","York 016-0414","530","11","Democratic","227"
"22","0","DuPAGE","190","Sean Casten","300","6TH CONGRESS","York 018-0417","1231","11","Democratic","587"
"16","0","COOK","195","Niki Conforti","300","6TH CONGRESS","8600051","1237","12","Republican","502"
"16","0","COOK","195","Niki Conforti","300","6TH CONGRESS","8600053","1357","12","Republican","632"
"16","0","COOK","195","Niki Conforti","300","6TH CONGRESS","8600062","1070","12","Republican","353"
"16","0","COOK","195","Niki Conforti","300","6TH CONGRESS","8800014","625","12","Republican","209"
"16","0","COOK","195","Niki Conforti","300","6TH CONGRESS","8800023","839","12","Republican","262"
"16","0","COOK","195","Niki Conforti","300","6TH CONGRESS","8800032","637","12","Republican","221"
"16","0","COOK","195","Niki Conforti","300","6TH CONGRESS","9700004","1770","12","Republican","291"
"16","0","COOK","195","Niki Conforti","300","6TH CONGRESS","9700028","803","12","Republican","150"
"16","0","COOK","195","Niki Conforti","300","6TH CONGRESS","9700031","1257","12","Republican","243"
"16","0","COOK","195","Niki Conforti","300","6TH CONGRESS","9700061","942","12","Republican","284"
"16","0","COOK","195","Niki Conforti","300","6TH CONGRESS","9700062","1622","12","Republican","462"
"16","0","COOK","195","Niki Conforti","300","6TH CONGRESS","9700070","1285","12","Republican","355"
"16","0","COOK","195","Niki Conforti","300","6TH CONGRESS","9700078","1462","12","Republican","359"
"16","0","COOK","195","Niki Conforti","300","6TH CONGRESS","9700079","1015","12","Republican","287"
"16","0","COOK","50000","Write-in","300","6TH CONGRESS","7900033","446","99","Nonpartisan","1"
"16","0","COOK","50000","Write-in","300","6TH CONGRESS","7900052","1096","99","Nonpartisan","1"
"16","0","COOK","50000","Write-in","300","6TH CONGRESS","8600029","1820","99","Nonpartisan","1"
"16","0","COOK","50000","Write-in","300","6TH CONGRESS","8600053","1357","99","Nonpartisan","1"
"16","0","COOK","50000","Write-in","300","6TH CONGRESS","8800014","625","99","Nonpartisan","1"
"16","0","COOK","50000","Write-in","300","6TH CONGRESS","8800023","839","99","Nonpartisan","1"
"16","0","COOK","50000","Write-in","300","6TH CONGRESS","8800025","1135","99","Nonpartisan","1"
"105","16","CITY OF CHICAGO","190","Sean Casten","300","6TH CONGRESS","Ward 13 Precinct 15","666","11","Democratic","219"
"105","16","CITY OF CHICAGO","190","Sean Casten","300","6TH CONGRESS","Ward 13 Precinct 30","788","11","Democratic","272"
"105","16","CITY OF CHICAGO","190","Sean Casten","300","6TH CONGRESS","Ward 19 Precinct 23","981","11","Democratic","417"
"105","16","CITY OF CHICAGO","190","Sean Casten","300","6TH CONGRESS","Ward 19 Precinct 34","1547","11","Democratic","694"
"105","16","CITY OF CHICAGO","195","Niki Conforti","300","6TH CONGRESS","Ward 13 Precinct 13","609","12","Republican","195"
"105","16","CITY OF CHICAGO","195","Niki Conforti","300","6TH CONGRESS","Ward 19 Precinct 06","1079","12","Republican","442"
"105","16","CITY OF CHICAGO","195","Niki Conforti","300","6TH CONGRESS","Ward 19 Precinct 10","916","12","Republican","139"
"105","16","CITY OF CHICAGO","195","Niki Conforti","300","6TH CONGRESS","Ward 19 Precinct 21","1494","12","Republican","618"
"105","16","CITY OF CHICAGO","195","Niki Conforti","300","6TH CONGRESS","Ward 19 Precinct 31","1405","12","Republican","104"
"105","16","CITY OF CHICAGO","195","Niki Conforti","300","6TH CONGRESS","Ward 23 Precinct 07","682","12","Republican","228"
"105","16","CITY OF CHICAGO","195","Niki Conforti","300","6TH CONGRESS","Ward 23 Precinct 09","991","12","Republican","305"
"22","0","DuPAGE","190","Sean Casten","300","6TH CONGRESS","Addison 049-0207","641","11","Democratic","240"
"22","0","DuPAGE","190","Sean Casten","300","6TH CONGRESS","Addison 052-0210","1222","11","Democratic","554"
"22","0","DuPAGE","190","Sean Casten","300","6TH CONGRESS","Milton 042-0335","1077","11","Democratic","513"
"22","0","DuPAGE","190","Sean Casten","300","6TH CONGRESS","Milton 062-0361","1187","11","Democratic","560"
"22","0","DuPAGE","190","Sean Casten","300","6TH CONGRESS","Milton 064-0364","1166","11","Democratic","493"
"22","0","DuPAGE","190","Sean Casten","300","6TH CONGRESS","Milton 065-0367","1","11","Democratic","0"
"22","0","DuPAGE","190","Sean Casten","300","6TH CONGRESS","Milton 078-0387","162","11","Democratic","50"
"22","0","DuPAGE","190","Sean Casten","300","6TH CONGRESS","Milton 079-0390","952","11","Democratic","464"
"22","0","DuPAGE","195","Niki Conforti","300","6TH CONGRESS","York 066-0474","1111","12","Republican","429"
"22","0","DuPAGE","195","Niki Conforti","300","6TH CONGRESS","York 068-0477","354","12","Republican","111"
"22","0","DuPAGE","195","Niki Conforti","300","6TH CONGRESS","York 070-0480","702","12","Republican","282"
"22","0","DuPAGE","195","Niki Conforti","300","6TH CONGRESS","York 084-0506","232","12","Republican","85"
"22","0","DuPAGE","195","Niki Conforti","300","6TH CONGRESS","Lisle 007-0596","1099","12","Republican","356"
"22","0","DuPAGE","195","Niki Conforti","300","6TH CONGRESS","Lisle 009-0599","146","12","Republican","40"
"22","0","DuPAGE","195","Niki Conforti","300","6TH CONGRESS","Lisle 033-0628","293","12","Republican","112"
"22","0","DuPAGE","195","Niki Conforti","300","6TH CONGRESS","Downers Grove 002-0692","1130","12","Republican","356"
"22","0","DuPAGE","195","Niki Conforti","300","6TH CONGRESS","Downers Grove 004-0695","847","12","Republican","270"
"22","0","DuPAGE","195","Niki Conforti","300","6TH CONGRESS","Downers Grove 015-0715","973","12","Republican","318"
"22","0","DuPAGE","195","Niki Conforti","300","6TH CONGRESS","Downers Grove 016-0718","1033","12","Republican","326"
"22","0","DuPAGE","195","Niki Conforti","300","6TH CONGRESS","Downers Grove 017-0721","955","12","Republican","270"
"22","0","DuPAGE","195","Niki Conforti","300","6TH CONGRESS","Downers Grove 018-0724","41","12","Republican","15"
"22","0","DuPAGE","195","Niki Conforti","300","6TH CONGRESS","Downers Grove 036-0747","486","12","Republican","120"
"22","0","DuPAGE","195","Niki Conforti","300","6TH CONGRESS","Downers Grove 038-0750","1088","12","Republican","294"
"22","0","DuPAGE","195","Niki Conforti","300","6TH CONGRESS","Downers Grove 040-0753","1179","12","Republican","346"
"22","0","DuPAGE","195","Niki Conforti","300","6TH CONGRESS","Downers Grove 059-0776","1318","12","Republican","477"
"22","0","DuPAGE","195","Niki Conforti","300","6TH CONGRESS","Downers Grove 062-0779","1193","12","Republican","384"
"22","0","DuPAGE","195","Niki Conforti","300","6TH CONGRESS","Downers Grove 065-0782","382","12","Republican","121"
"22","0","DuPAGE","195","Niki Conforti","300","6TH CONGRESS","Downers Grove 067-0785","889","12","Republican","338"
"22","0","DuPAGE","195","Niki Conforti","300","6TH CONGRESS","Downers Grove 086-0811","1202","12","Republican","527"
"22","0","DuPAGE","195","Niki Conforti","300","6TH CONGRESS","Downers Grove 089-0814","1115","12","Republican","377"
"22","0","DuPAGE","50000","Write-in","300","6TH CONGRESS","Addison 049-0207","641","99","Nonpartisan","2"
"22","0","DuPAGE","50000","Write-in","300","6TH CONGRESS","Addison 052-0210","1222","99","Nonpartisan","2"
"22","0","DuPAGE","50000","Write-in","300","6TH CONGRESS","Milton 042-0335","1077","99","Nonpartisan","3"
"22","0","DuPAGE","50000","Write-in","300","6TH CONGRESS","Milton 045-0338","1271","99","Nonpartisan","1"
"22","0","DuPAGE","50000","Write-in","300","6TH CONGRESS","Milton 062-0361","1187","99","Nonpartisan","3"
"22","0","DuPAGE","50000","Write-in","300","6TH CONGRESS","Milton 064-0364","1166","99","Nonpartisan","3"
"22","0","DuPAGE","50000","Write-in","300","6TH CONGRESS","Milton 065-0367","1","99","Nonpartisan","0"
"22","0","DuPAGE","50000","Write-in","300","6TH CONGRESS","Milton 079-0390","952","99","Nonpartisan","1"
"22","0","DuPAGE","50000","Write-in","300","6TH CONGRESS","Milton 081-0393","0","99","Nonpartisan","0"
"22","0","DuPAGE","50000","Write-in","300","6TH CONGRESS","York 002-0396","956","99","Nonpartisan","2"
"22","0","DuPAGE","50000","Write-in","300","6TH CONGRESS","York 023-0422","1323","99","Nonpartisan","5"
"22","0","DuPAGE","50000","Write-in","300","6TH CONGRESS","York 026-0425","951","99","Nonpartisan","2"
"22","0","DuPAGE","50000","Write-in","300","6TH CONGRESS","York 047-0448","1162","99","Nonpartisan","5"
"22","0","DuPAGE","50000","Write-in","300","6TH CONGRESS","York 050-0451","1191","99","Nonpartisan","1"
"22","0","DuPAGE","50000","Write-in","300","6TH CONGRESS","York 053-0454","1330","99","Nonpartisan","0"
"22","0","DuPAGE","50000","Write-in","300","6TH CONGRESS","York 055-0457","89","99","Nonpartisan","1"
"16","0","COOK","195","Niki Conforti","300","6TH CONGRESS","8800011","967","12","Republican","399"
"16","0","COOK","195","Niki Conforti","300","6TH CONGRESS","8800026","760","12","Republican","237"
"16","0","COOK","195","Niki Conforti","300","6TH CONGRESS","9700001","659","12","Republican","147"
"16","0","COOK","195","Niki Conforti","300","6TH CONGRESS","9700011","1044","12","Republican","276"
"16","0","COOK","195","Niki Conforti","300","6TH CONGRESS","9700035","1747","12","Republican","461"
"16","0","COOK","195","Niki Conforti","300","6TH CONGRESS","9700056","1513","12","Republican","449"
"16","0","COOK","195","Niki Conforti","300","6TH CONGRESS","9700064","1314","12","Republican","463"
"16","0","COOK","195","Niki Conforti","300","6TH CONGRESS","9700073","1483","12","Republican","172"
"16","0","COOK","50000","Write-in","300","6TH CONGRESS","7900063","1437","99","Nonpartisan","2"
"16","0","COOK","50000","Write-in","300","6TH CONGRESS","8600025","1590","99","Nonpartisan","1"
"16","0","COOK","50000","Write-in","300","6TH CONGRESS","8600035","1770","99","Nonpartisan","1"
"16","0","COOK","50000","Write-in","300","6TH CONGRESS","8600036","781","99","Nonpartisan","1"
"105","16","CITY OF CHICAGO","190","Sean Casten","300","6TH CONGRESS","Ward 13 Precinct 23","803","11","Democratic","266"
"105","16","CITY OF CHICAGO","190","Sean Casten","300","6TH CONGRESS","Ward 19 Precinct 03","1006","11","Democratic","233"
"105","16","CITY OF CHICAGO","190","Sean Casten","300","6TH CONGRESS","Ward 19 Precinct 06","1079","11","Democratic","351"
"105","16","CITY OF CHICAGO","190","Sean Casten","300","6TH CONGRESS","Ward 19 Precinct 17","885","11","Democratic","341"
"105","16","CITY OF CHICAGO","190","Sean Casten","300","6TH CONGRESS","Ward 23 Precinct 04","437","11","Democratic","142"
"105","16","CITY OF CHICAGO","195","Niki Conforti","300","6TH CONGRESS","Ward 13 Precinct 09","838","12","Republican","305"
"105","16","CITY OF CHICAGO","195","Niki Conforti","300","6TH CONGRESS","Ward 13 Precinct 21","704","12","Republican","209"
"105","16","CITY OF CHICAGO","195","Niki Conforti","300","6TH CONGRESS","Ward 13 Precinct 34","835","12","Republican","241"
"105","16","CITY OF CHICAGO","195","Niki Conforti","300","6TH CONGRESS","Ward 13 Precinct 37","790","12","Republican","312"
"105","16","CITY OF CHICAGO","195","Niki Conforti","300","6TH CONGRESS","Ward 19 Precinct 01","1442","12","Republican","461"
"105","16","CITY OF CHICAGO","195","Niki Conforti","300","6TH CONGRESS","Ward 19 Precinct 15","829","12","Republican","387"
"105","16","CITY OF CHICAGO","195","Niki Conforti","300","6TH CONGRESS","Ward 23 Precinct 02","974","12","Republican","331"
"22","0","DuPAGE","190","Sean Casten","300","6TH CONGRESS","Addison 044-0200","196","11","Democratic","56"
"22","0","DuPAGE","190","Sean Casten","300","6TH CONGRESS","Milton 031-0322","350","11","Democratic","144"
"22","0","DuPAGE","190","Sean Casten","300","6TH CONGRESS","Milton 051-0345","709","11","Democratic","340"
"22","0","DuPAGE","190","Sean Casten","300","6TH CONGRESS","Milton 053-0348","765","11","Democratic","340"
"22","0","DuPAGE","190","Sean Casten","300","6TH CONGRESS","Milton 055-0351","1129","11","Democratic","506"
"22","0","DuPAGE","190","Sean Casten","300","6TH CONGRESS","Milton 072-0377","8","11","Democratic","8"
"22","0","DuPAGE","190","Sean Casten","300","6TH CONGRESS","Milton 073-0380","339","11","Democratic","184"
"22","0","DuPAGE","190","Sean Casten","300","6TH CONGRESS","Milton 075-0383","887","11","Democratic","374"
"22","0","DuPAGE","190","Sean Casten","300","6TH CONGRESS","York 008-0403","151","11","Democratic","62"
"22","0","DuPAGE","190","Sean Casten","300","6TH CONGRESS","York 009-0406","1100","11","Democratic","505"
"22","0","DuPAGE","190","Sean Casten","300","6TH CONGRESS","York 015-0412","1066","11","Democratic","443"
"22","0","DuPAGE","190","Sean Casten","300","6TH CONGRESS","York 035-0435","991","11","Democratic","422"
"22","0","DuPAGE","190","Sean Casten","300","6TH CONGRESS","York 038-0438","1196","11","Democratic","568"
"22","0","DuPAGE","190","Sean Casten","300","6TH CONGRESS","York 041-0441","0","11","Democratic","0"
"22","0","DuPAGE","190","Sean Casten","300","6TH CONGRESS","York 061-0467","1200","11","Democratic","437"
"16","0","COOK","195","Niki Conforti","300","6TH CONGRESS","8800004","858","12","Republican","305"
"16","0","COOK","195","Niki Conforti","300","6TH CONGRESS","8800005","791","12","Republican","303"
"16","0","COOK","195","Niki Conforti","300","6TH CONGRESS","8800013","1511","12","Republican","601"
"16","0","COOK","195","Niki Conforti","300","6TH CONGRESS","8800021","785","12","Republican","280"
"16","0","COOK","195","Niki Conforti","300","6TH CONGRESS","8800030","1061","12","Republican","354"
"16","0","COOK","195","Niki Conforti","300","6TH CONGRESS","9400012","1360","12","Republican","108"
"16","0","COOK","195","Niki Conforti","300","6TH CONGRESS","9700013","1095","12","Republican","232"
"16","0","COOK","195","Niki Conforti","300","6TH CONGRESS","9700021","1668","12","Republican","413"
"16","0","COOK","195","Niki Conforti","300","6TH CONGRESS","9700022","865","12","Republican","229"
"16","0","COOK","195","Niki Conforti","300","6TH CONGRESS","9700026","959","12","Republican","220"
"16","0","COOK","195","Niki Conforti","300","6TH CONGRESS","9700038","1142","12","Republican","321"
"16","0","COOK","195","Niki Conforti","300","6TH CONGRESS","9700039","885","12","Republican","240"
"16","0","COOK","195","Niki Conforti","300","6TH CONGRESS","9700048","729","12","Republican","197"
"16","0","COOK","195","Niki Conforti","300","6TH CONGRESS","9700057","1078","12","Republican","279"
"16","0","COOK","50000","Write-in","300","6TH CONGRESS","7200065","1252","99","Nonpartisan","1"
"16","0","COOK","50000","Write-in","300","6TH CONGRESS","7900035","1058","99","Nonpartisan","1"
"16","0","COOK","50000","Write-in","300","6TH CONGRESS","7900062","1057","99","Nonpartisan","2"
"16","0","COOK","50000","Write-in","300","6TH CONGRESS","8600033","1498","99","Nonpartisan","1"
"16","0","COOK","50000","Write-in","300","6TH CONGRESS","8800007","1222","99","Nonpartisan","1"
"16","0","COOK","50000","Write-in","300","6TH CONGRESS","8800026","760","99","Nonpartisan","1"
"16","0","COOK","50000","Write-in","300","6TH CONGRESS","8800031","1190","99","Nonpartisan","1"
"105","16","CITY OF CHICAGO","190","Sean Casten","300","6TH CONGRESS","Ward 13 Precinct 03","857","11","Democratic","312"
"105","16","CITY OF CHICAGO","190","Sean Casten","300","6TH CONGRESS","Ward 13 Precinct 13","609","11","Democratic","214"
"105","16","CITY OF CHICAGO","190","Sean Casten","300","6TH CONGRESS","Ward 13 Precinct 31","616","11","Democratic","208"
"105","16","CITY OF CHICAGO","190","Sean Casten","300","6TH CONGRESS","Ward 19 Precinct 10","916","11","Democratic","537"
"105","16","CITY OF CHICAGO","190","Sean Casten","300","6TH CONGRESS","Ward 19 Precinct 11","923","11","Democratic","145"
"105","16","CITY OF CHICAGO","190","Sean Casten","300","6TH CONGRESS","Ward 19 Precinct 21","1494","11","Democratic","442"
"105","16","CITY OF CHICAGO","190","Sean Casten","300","6TH CONGRESS","Ward 19 Precinct 31","1405","11","Democratic","148"
"105","16","CITY OF CHICAGO","190","Sean Casten","300","6TH CONGRESS","Ward 23 Precinct 07","682","11","Democratic","243"
"105","16","CITY OF CHICAGO","190","Sean Casten","300","6TH CONGRESS","Ward 23 Precinct 09","991","11","Democratic","357"
"105","16","CITY OF CHICAGO","195","Niki Conforti","300","6TH CONGRESS","Ward 13 Precinct 11","589","12","Republican","149"
"105","16","CITY OF CHICAGO","195","Niki Conforti","300","6TH CONGRESS","Ward 13 Precinct 39","777","12","Republican","271"
"105","16","CITY OF CHICAGO","195","Niki Conforti","300","6TH CONGRESS","Ward 19 Precinct 04","1013","12","Republican","482"
"105","16","CITY OF CHICAGO","195","Niki Conforti","300","6TH CONGRESS","Ward 19 Precinct 07","1368","12","Republican","465"
"105","16","CITY OF CHICAGO","195","Niki Conforti","300","6TH CONGRESS","Ward 19 Precinct 18","895","12","Republican","421"
"105","16","CITY OF CHICAGO","195","Niki Conforti","300","6TH CONGRESS","Ward 19 Precinct 29","1306","12","Republican","524"
"105","16","CITY OF CHICAGO","195","Niki Conforti","300","6TH CONGRESS","Ward 23 Precinct 05","759","12","Republican","279"
"105","16","CITY OF CHICAGO","195","Niki Conforti","300","6TH CONGRESS","Ward 23 Precinct 08","694","12","Republican","210"
"22","0","DuPAGE","190","Sean Casten","300","6TH CONGRESS","Addison 053-0211","992","11","Democratic","403"
"16","0","COOK","195","Niki Conforti","300","6TH CONGRESS","8600056","785","12","Republican","350"
"16","0","COOK","195","Niki Conforti","300","6TH CONGRESS","8800001","592","12","Republican","236"
"16","0","COOK","195","Niki Conforti","300","6TH CONGRESS","8800008","1668","12","Republican","474"
"16","0","COOK","195","Niki Conforti","300","6TH CONGRESS","8800017","1458","12","Republican","527"
"16","0","COOK","195","Niki Conforti","300","6TH CONGRESS","8800025","1135","12","Republican","247"
"16","0","COOK","195","Niki Conforti","300","6TH CONGRESS","8800027","1155","12","Republican","339"
"16","0","COOK","195","Niki Conforti","300","6TH CONGRESS","8800034","708","12","Republican","240"
"16","0","COOK","195","Niki Conforti","300","6TH CONGRESS","9700008","1205","12","Republican","222"
"16","0","COOK","195","Niki Conforti","300","6TH CONGRESS","9700052","1611","12","Republican","393"
"16","0","COOK","195","Niki Conforti","300","6TH CONGRESS","9700054","1042","12","Republican","250"
"16","0","COOK","195","Niki Conforti","300","6TH CONGRESS","9700063","1754","12","Republican","470"
"16","0","COOK","195","Niki Conforti","300","6TH CONGRESS","9700065","1337","12","Republican","530"
"16","0","COOK","195","Niki Conforti","300","6TH CONGRESS","9700071","930","12","Republican","283"
"16","0","COOK","195","Niki Conforti","300","6TH CONGRESS","9700081","543","12","Republican","113"
"16","0","COOK","195","Niki Conforti","300","6TH CONGRESS","9700082","1561","12","Republican","440"
"16","0","COOK","50000","Write-in","300","6TH CONGRESS","7200027","1565","99","Nonpartisan","1"
"16","0","COOK","50000","Write-in","300","6TH CONGRESS","7900031","869","99","Nonpartisan","2"
"16","0","COOK","50000","Write-in","300","6TH CONGRESS","7900041","636","99","Nonpartisan","1"
"16","0","COOK","50000","Write-in","300","6TH CONGRESS","8800012","1145","99","Nonpartisan","1"
"16","0","COOK","50000","Write-in","300","6TH CONGRESS","8800028","861","99","Nonpartisan","1"
"16","0","COOK","50000","Write-in","300","6TH CONGRESS","9700002","1073","99","Nonpartisan","1"
"16","0","COOK","50000","Write-in","300","6TH CONGRESS","9700004","1770","99","Nonpartisan","1"
"105","16","CITY OF CHICAGO","190","Sean Casten","300","6TH CONGRESS","Ward 13 Precinct 09","838","11","Democratic","340"
"105","16","CITY OF CHICAGO","190","Sean Casten","300","6TH CONGRESS","Ward 13 Precinct 21","704","11","Democratic","239"
"105","16","CITY OF CHICAGO","190","Sean Casten","300","6TH CONGRESS","Ward 13 Precinct 34","835","11","Democratic","313"
"105","16","CITY OF CHICAGO","190","Sean Casten","300","6TH CONGRESS","Ward 13 Precinct 37","790","11","Democratic","245"
"105","16","CITY OF CHICAGO","190","Sean Casten","300","6TH CONGRESS","Ward 19 Precinct 01","1442","11","Democratic","625"
"105","16","CITY OF CHICAGO","190","Sean Casten","300","6TH CONGRESS","Ward 19 Precinct 04","1013","11","Democratic","263"
"105","16","CITY OF CHICAGO","190","Sean Casten","300","6TH CONGRESS","Ward 19 Precinct 15","829","11","Democratic","241"
"105","16","CITY OF CHICAGO","190","Sean Casten","300","6TH CONGRESS","Ward 23 Precinct 02","974","11","Democratic","364"
"105","16","CITY OF CHICAGO","195","Niki Conforti","300","6TH CONGRESS","Ward 13 Precinct 03","857","12","Republican","329"
"105","16","CITY OF CHICAGO","195","Niki Conforti","300","6TH CONGRESS","Ward 13 Precinct 07","621","12","Republican","162"
"105","16","CITY OF CHICAGO","195","Niki Conforti","300","6TH CONGRESS","Ward 13 Precinct 19","540","12","Republican","175"
"105","16","CITY OF CHICAGO","195","Niki Conforti","300","6TH CONGRESS","Ward 13 Precinct 31","616","12","Republican","184"
"105","16","CITY OF CHICAGO","195","Niki Conforti","300","6TH CONGRESS","Ward 13 Precinct 35","944","12","Republican","284"
"105","16","CITY OF CHICAGO","195","Niki Conforti","300","6TH CONGRESS","Ward 19 Precinct 11","923","12","Republican","306"
"105","16","CITY OF CHICAGO","195","Niki Conforti","300","6TH CONGRESS","Ward 19 Precinct 12","1325","12","Republican","623"
"105","16","CITY OF CHICAGO","195","Niki Conforti","300","6TH CONGRESS","Ward 19 Precinct 24","926","12","Republican","472"
"105","16","CITY OF CHICAGO","195","Niki Conforti","300","6TH CONGRESS","Ward 19 Precinct 26","806","12","Republican","145"
"105","16","CITY OF CHICAGO","195","Niki Conforti","300","6TH CONGRESS","Ward 19 Precinct 35","977","12","Republican","205"
"22","0","DuPAGE","50000","Write-in","300","6TH CONGRESS","York 070-0480","702","99","Nonpartisan","1"
"22","0","DuPAGE","50000","Write-in","300","6TH CONGRESS","York 073-0486","872","99","Nonpartisan","2"
"22","0","DuPAGE","50000","Write-in","300","6TH CONGRESS","York 074-0489","305","99","Nonpartisan","0"
"22","0","DuPAGE","50000","Write-in","300","6TH CONGRESS","Lisle 009-0599","146","99","Nonpartisan","0"
"22","0","DuPAGE","50000","Write-in","300","6TH CONGRESS","Lisle 016-0608","1180","99","Nonpartisan","2"
"22","0","DuPAGE","50000","Write-in","300","6TH CONGRESS","Downers Grove 002-0692","1130","99","Nonpartisan","2"
"22","0","DuPAGE","50000","Write-in","300","6TH CONGRESS","Downers Grove 004-0695","847","99","Nonpartisan","4"
"22","0","DuPAGE","50000","Write-in","300","6TH CONGRESS","Downers Grove 005-0698","1156","99","Nonpartisan","2"
"22","0","DuPAGE","50000","Write-in","300","6TH CONGRESS","Downers Grove 017-0721","955","99","Nonpartisan","1"
"22","0","DuPAGE","50000","Write-in","300","6TH CONGRESS","Downers Grove 018-0724","41","99","Nonpartisan","0"
"22","0","DuPAGE","50000","Write-in","300","6TH CONGRESS","Downers Grove 019-0727","883","99","Nonpartisan","3"
"22","0","DuPAGE","50000","Write-in","300","6TH CONGRESS","Downers Grove 038-0750","1088","99","Nonpartisan","1"
"22","0","DuPAGE","50000","Write-in","300","6TH CONGRESS","Downers Grove 040-0753","1179","99","Nonpartisan","4"
"22","0","DuPAGE","50000","Write-in","300","6TH CONGRESS","Downers Grove 045-0759","1126","99","Nonpartisan","1"
"22","0","DuPAGE","50000","Write-in","300","6TH CONGRESS","Downers Grove 065-0782","382","99","Nonpartisan","0"
"22","0","DuPAGE","50000","Write-in","300","6TH CONGRESS","Downers Grove 067-0785","889","99","Nonpartisan","3"
"22","0","DuPAGE","50000","Write-in","300","6TH CONGRESS","Downers Grove 069-0788","1055","99","Nonpartisan","1"
"22","0","DuPAGE","50000","Write-in","300","6TH CONGRESS","Downers Grove 086-0811","1202","99","Nonpartisan","4"
"22","0","DuPAGE","50000","Write-in","300","6TH CONGRESS","Downers Grove 089-0814","1115","99","Nonpartisan","4"
"22","0","DuPAGE","50000","Write-in","300","6TH CONGRESS","Downers Grove 092-0817","950","99","Nonpartisan","2"
"16","0","COOK","195","Niki Conforti","300","6TH CONGRESS","8800020","1217","12","Republican","423"
"16","0","COOK","195","Niki Conforti","300","6TH CONGRESS","8800028","861","12","Republican","116"
"16","0","COOK","195","Niki Conforti","300","6TH CONGRESS","8800029","997","12","Republican","390"
"16","0","COOK","195","Niki Conforti","300","6TH CONGRESS","8800035","1436","12","Republican","506"
"16","0","COOK","195","Niki Conforti","300","6TH CONGRESS","8900023","1181","12","Republican","43"
"16","0","COOK","195","Niki Conforti","300","6TH CONGRESS","9700002","1073","12","Republican","332"
"16","0","COOK","195","Niki Conforti","300","6TH CONGRESS","9700010","1154","12","Republican","225"
"16","0","COOK","195","Niki Conforti","300","6TH CONGRESS","9700012","694","12","Republican","175"
"16","0","COOK","195","Niki Conforti","300","6TH CONGRESS","9700036","1092","12","Republican","257"
"16","0","COOK","195","Niki Conforti","300","6TH CONGRESS","9700045","1702","12","Republican","285"
"16","0","COOK","195","Niki Conforti","300","6TH CONGRESS","9700047","1202","12","Republican","300"
"16","0","COOK","195","Niki Conforti","300","6TH CONGRESS","9700066","1570","12","Republican","475"
"16","0","COOK","195","Niki Conforti","300","6TH CONGRESS","9700074","1756","12","Republican","465"
"16","0","COOK","50000","Write-in","300","6TH CONGRESS","8600001","1608","99","Nonpartisan","1"
"16","0","COOK","50000","Write-in","300","6TH CONGRESS","8800016","1206","99","Nonpartisan","3"
"16","0","COOK","50000","Write-in","300","6TH CONGRESS","8800030","1061","99","Nonpartisan","3"
"16","0","COOK","50000","Write-in","300","6TH CONGRESS","9700021","1668","99","Nonpartisan","1"
"105","16","CITY OF CHICAGO","190","Sean Casten","300","6TH CONGRESS","Ward 13 Precinct 20","820","11","Democratic","283"
"105","16","CITY OF CHICAGO","190","Sean Casten","300","6TH CONGRESS","Ward 19 Precinct 22","953","11","Democratic","560"
"105","16","CITY OF CHICAGO","190","Sean Casten","300","6TH CONGRESS","Ward 19 Precinct 25","867","11","Democratic","392"
"105","16","CITY OF CHICAGO","190","Sean Casten","300","6TH CONGRESS","Ward 19 Precinct 33","722","11","Democratic","180"
"105","16","CITY OF CHICAGO","190","Sean Casten","300","6TH CONGRESS","Ward 19 Precinct 36","835","11","Democratic","359"
"105","16","CITY OF CHICAGO","190","Sean Casten","300","6TH CONGRESS","Ward 23 Precinct 01","546","11","Democratic","193"
"105","16","CITY OF CHICAGO","190","Sean Casten","300","6TH CONGRESS","Ward 23 Precinct 10","1119","11","Democratic","421"
"105","16","CITY OF CHICAGO","195","Niki Conforti","300","6TH CONGRESS","Ward 13 Precinct 15","666","12","Republican","187"
"105","16","CITY OF CHICAGO","195","Niki Conforti","300","6TH CONGRESS","Ward 13 Precinct 30","788","12","Republican","264"
"105","16","CITY OF CHICAGO","195","Niki Conforti","300","6TH CONGRESS","Ward 19 Precinct 23","981","12","Republican","340"
"105","16","CITY OF CHICAGO","195","Niki Conforti","300","6TH CONGRESS","Ward 19 Precinct 30","981","12","Republican","467"
"105","16","CITY OF CHICAGO","195","Niki Conforti","300","6TH CONGRESS","Ward 19 Precinct 34","1547","12","Republican","517"
"22","0","DuPAGE","190","Sean Casten","300","6TH CONGRESS","Addison 049-0206","0","11","Democratic","0"
"22","0","DuPAGE","190","Sean Casten","300","6TH CONGRESS","Addison 051-0209","1127","11","Democratic","542"
"22","0","DuPAGE","190","Sean Casten","300","6TH CONGRESS","Milton 033-0325","1316","11","Democratic","674"
"22","0","DuPAGE","190","Sean Casten","300","6TH CONGRESS","Milton 036-0328","1163","11","Democratic","585"
"22","0","DuPAGE","190","Sean Casten","300","6TH CONGRESS","Milton 041-0334","888","11","Democratic","421"
"22","0","DuPAGE","190","Sean Casten","300","6TH CONGRESS","Milton 061-0360","983","11","Democratic","472"
"22","0","DuPAGE","190","Sean Casten","300","6TH CONGRESS","Milton 063-0363","672","11","Democratic","289"
"22","0","DuPAGE","190","Sean Casten","300","6TH CONGRESS","Milton 079-0389","2","11","Democratic","0"
"22","0","DuPAGE","190","Sean Casten","300","6TH CONGRESS","Milton 081-0392","905","11","Democratic","377"
"22","0","DuPAGE","190","Sean Casten","300","6TH CONGRESS","York 017-0415","842","11","Democratic","395"
"22","0","DuPAGE","190","Sean Casten","300","6TH CONGRESS","York 022-0421","1119","11","Democratic","575"
"16","0","COOK","195","Niki Conforti","300","6TH CONGRESS","7900061","940","12","Republican","274"
"16","0","COOK","195","Niki Conforti","300","6TH CONGRESS","7900069","1183","12","Republican","401"
"16","0","COOK","195","Niki Conforti","300","6TH CONGRESS","8600002","1154","12","Republican","450"
"16","0","COOK","195","Niki Conforti","300","6TH CONGRESS","8600012","536","12","Republican","217"
"16","0","COOK","195","Niki Conforti","300","6TH CONGRESS","8600020","1392","12","Republican","381"
"16","0","COOK","195","Niki Conforti","300","6TH CONGRESS","8600021","1156","12","Republican","453"
"16","0","COOK","195","Niki Conforti","300","6TH CONGRESS","8600022","1014","12","Republican","310"
"16","0","COOK","195","Niki Conforti","300","6TH CONGRESS","8600042","1446","12","Republican","443"
"16","0","COOK","195","Niki Conforti","300","6TH CONGRESS","8600043","679","12","Republican","207"
"16","0","COOK","195","Niki Conforti","300","6TH CONGRESS","8600055","763","12","Republican","299"
"16","0","COOK","195","Niki Conforti","300","6TH CONGRESS","8800007","1222","12","Republican","431"
"16","0","COOK","195","Niki Conforti","300","6TH CONGRESS","8800022","265","12","Republican","73"
"16","0","COOK","195","Niki Conforti","300","6TH CONGRESS","8800024","1615","12","Republican","607"
"16","0","COOK","195","Niki Conforti","300","6TH CONGRESS","8800031","1190","12","Republican","422"
"16","0","COOK","195","Niki Conforti","300","6TH CONGRESS","9700005","1761","12","Republican","551"
"16","0","COOK","195","Niki Conforti","300","6TH CONGRESS","9700007","1728","12","Republican","691"
"16","0","COOK","195","Niki Conforti","300","6TH CONGRESS","9700030","1686","12","Republican","478"
"16","0","COOK","195","Niki Conforti","300","6TH CONGRESS","9700033","1150","12","Republican","312"
"16","0","COOK","195","Niki Conforti","300","6TH CONGRESS","9700040","1123","12","Republican","223"
"16","0","COOK","195","Niki Conforti","300","6TH CONGRESS","9700049","1090","12","Republican","389"
"16","0","COOK","195","Niki Conforti","300","6TH CONGRESS","9700050","1101","12","Republican","346"
"16","0","COOK","195","Niki Conforti","300","6TH CONGRESS","9700051","796","12","Republican","256"
"16","0","COOK","195","Niki Conforti","300","6TH CONGRESS","9700060","599","12","Republican","188"
"16","0","COOK","50000","Write-in","300","6TH CONGRESS","7200016","907","99","Nonpartisan","1"
"16","0","COOK","50000","Write-in","300","6TH CONGRESS","7200033","1387","99","Nonpartisan","1"
"16","0","COOK","50000","Write-in","300","6TH CONGRESS","7900046","848","99","Nonpartisan","2"
"16","0","COOK","50000","Write-in","300","6TH CONGRESS","8600024","1621","99","Nonpartisan","2"
"16","0","COOK","50000","Write-in","300","6TH CONGRESS","9700025","1259","99","Nonpartisan","2"
"105","16","CITY OF CHICAGO","190","Sean Casten","300","6TH CONGRESS","Ward 13 Precinct 10","870","11","Democratic","318"
"105","16","CITY OF CHICAGO","190","Sean Casten","300","6TH CONGRESS","Ward 13 Precinct 40","710","11","Democratic","288"
"105","16","CITY OF CHICAGO","190","Sean Casten","300","6TH CONGRESS","Ward 19 Precinct 05","939","11","Democratic","603"
"105","16","CITY OF CHICAGO","190","Sean Casten","300","6TH CONGRESS","Ward 19 Precinct 16","925","11","Democratic","253"
"105","16","CITY OF CHICAGO","190","Sean Casten","300","6TH CONGRESS","Ward 19 Precinct 19","1030","11","Democratic","599"
"105","16","CITY OF CHICAGO","190","Sean Casten","300","6TH CONGRESS","Ward 19 Precinct 30","981","11","Democratic","268"
"105","16","CITY OF CHICAGO","190","Sean Casten","300","6TH CONGRESS","Ward 23 Precinct 03","587","11","Democratic","226"
"105","16","CITY OF CHICAGO","190","Sean Casten","300","6TH CONGRESS","Ward 23 Precinct 06","446","11","Democratic","162"
"105","16","CITY OF CHICAGO","195","Niki Conforti","300","6TH CONGRESS","Ward 13 Precinct 20","820","12","Republican","237"
"105","16","CITY OF CHICAGO","195","Niki Conforti","300","6TH CONGRESS","Ward 13 Precinct 23","803","12","Republican","319"
"105","16","CITY OF CHICAGO","195","Niki Conforti","300","6TH CONGRESS","Ward 19 Precinct 03","1006","12","Republican","541"
"105","16","CITY OF CHICAGO","195","Niki Conforti","300","6TH CONGRESS","Ward 19 Precinct 17","885","12","Republican","345"
"105","16","CITY OF CHICAGO","195","Niki Conforti","300","6TH CONGRESS","Ward 23 Precinct 01","546","12","Republican","201"
"22","0","DuPAGE","190","Sean Casten","300","6TH CONGRESS","Milton 081-0393","0","11","Democratic","0"
"22","0","DuPAGE","190","Sean Casten","300","6TH CONGRESS","York 002-0396","956","11","Democratic","443"
"22","0","DuPAGE","190","Sean Casten","300","6TH CONGRESS","York 023-0422","1323","11","Democratic","634"
"22","0","DuPAGE","190","Sean Casten","300","6TH CONGRESS","York 026-0425","951","11","Democratic","428"
"22","0","DuPAGE","190","Sean Casten","300","6TH CONGRESS","York 047-0448","1162","11","Democratic","493"
"22","0","DuPAGE","190","Sean Casten","300","6TH CONGRESS","York 050-0451","1191","11","Democratic","496"
"22","0","DuPAGE","190","Sean Casten","300","6TH CONGRESS","York 053-0454","1330","11","Democratic","521"
"22","0","DuPAGE","190","Sean Casten","300","6TH CONGRESS","York 055-0457","89","11","Democratic","32"
"22","0","DuPAGE","190","Sean Casten","300","6TH CONGRESS","York 070-0480","702","11","Democratic","248"
"22","0","DuPAGE","190","Sean Casten","300","6TH CONGRESS","York 073-0486","872","11","Democratic","413"
"22","0","DuPAGE","190","Sean Casten","300","6TH CONGRESS","Lisle 009-0599","146","11","Democratic","59"
"22","0","DuPAGE","190","Sean Casten","300","6TH CONGRESS","Lisle 016-0608","1180","11","Democratic","536"
"22","0","DuPAGE","190","Sean Casten","300","6TH CONGRESS","Lisle 033-0628","293","11","Democratic","135"
"22","0","DuPAGE","190","Sean Casten","300","6TH CONGRESS","Downers Grove 002-0692","1130","11","Democratic","493"
"22","0","DuPAGE","190","Sean Casten","300","6TH CONGRESS","Downers Grove 004-0695","847","11","Democratic","327"
"22","0","DuPAGE","190","Sean Casten","300","6TH CONGRESS","Downers Grove 005-0698","1156","11","Democratic","467"
"22","0","DuPAGE","190","Sean Casten","300","6TH CONGRESS","Downers Grove 017-0721","955","11","Democratic","445"
"22","0","DuPAGE","190","Sean Casten","300","6TH CONGRESS","Downers Grove 018-0724","41","11","Democratic","10"
"22","0","DuPAGE","190","Sean Casten","300","6TH CONGRESS","Downers Grove 019-0727","883","11","Democratic","374"
"22","0","DuPAGE","190","Sean Casten","300","6TH CONGRESS","Downers Grove 038-0750","1088","11","Democratic","467"
"22","0","DuPAGE","190","Sean Casten","300","6TH CONGRESS","Downers Grove 040-0753","1179","11","Democratic","464"
"22","0","DuPAGE","190","Sean Casten","300","6TH CONGRESS","Downers Grove 045-0759","1126","11","Democratic","549"
"22","0","DuPAGE","190","Sean Casten","300","6TH CONGRESS","Downers Grove 062-0779","1193","11","Democratic","561"
"22","0","DuPAGE","190","Sean Casten","300","6TH CONGRESS","Downers Grove 065-0782","382","11","Democratic","243"
"22","0","DuPAGE","190","Sean Casten","300","6TH CONGRESS","Downers Grove 067-0785","889","11","Democratic","356"
"22","0","DuPAGE","190","Sean Casten","300","6TH CONGRESS","Downers Grove 069-0788","1055","11","Democratic","471"
"22","0","DuPAGE","190","Sean Casten","300","6TH CONGRESS","Downers Grove 086-0811","1202","11","Democratic","411"
"22","0","DuPAGE","190","Sean Casten","300","6TH CONGRESS","Downers Grove 089-0814","1115","11","Democratic","456"
"22","0","DuPAGE","190","Sean Casten","300","6TH CONGRESS","Downers Grove 092-0817","950","11","Democratic","308"
"22","0","DuPAGE","195","Niki Conforti","300","6TH CONGRESS","Addison 044-0199","790","12","Republican","261"
"22","0","DuPAGE","195","Niki Conforti","300","6TH CONGRESS","Addison 046-0202","1174","12","Republican","383"
"22","0","DuPAGE","195","Niki Conforti","300","6TH CONGRESS","Addison 048-0205","898","12","Republican","259"
"22","0","DuPAGE","195","Niki Conforti","300","6TH CONGRESS","Milton 031-0321","934","12","Republican","294"
"22","0","DuPAGE","195","Niki Conforti","300","6TH CONGRESS","Milton 032-0324","192","12","Republican","56"
"22","0","DuPAGE","195","Niki Conforti","300","6TH CONGRESS","Milton 052-0347","1060","12","Republican","322"
"22","0","DuPAGE","195","Niki Conforti","300","6TH CONGRESS","Milton 054-0350","1278","12","Republican","395"
"22","0","DuPAGE","195","Niki Conforti","300","6TH CONGRESS","Milton 073-0379","555","12","Republican","144"
"22","0","DuPAGE","195","Niki Conforti","300","6TH CONGRESS","Milton 074-0382","898","12","Republican","339"
"22","0","DuPAGE","190","Sean Casten","300","6TH CONGRESS","York 021-0420","920","11","Democratic","364"
"22","0","DuPAGE","190","Sean Casten","300","6TH CONGRESS","York 040-0440","1131","11","Democratic","510"
"22","0","DuPAGE","190","Sean Casten","300","6TH CONGRESS","York 042-0443","1175","11","Democratic","563"
"22","0","DuPAGE","190","Sean Casten","300","6TH CONGRESS","York 045-0446","1156","11","Democratic","517"
"22","0","DuPAGE","190","Sean Casten","300","6TH CONGRESS","York 048-0449","1108","11","Democratic","410"
"22","0","DuPAGE","190","Sean Casten","300","6TH CONGRESS","York 064-0472","628","11","Democratic","275"
"22","0","DuPAGE","190","Sean Casten","300","6TH CONGRESS","York 067-0475","1111","11","Democratic","449"
"22","0","DuPAGE","190","Sean Casten","300","6TH CONGRESS","York 068-0478","24","11","Democratic","7"
"22","0","DuPAGE","190","Sean Casten","300","6TH CONGRESS","York 081-0501","858","11","Democratic","378"
"22","0","DuPAGE","190","Sean Casten","300","6TH CONGRESS","York 083-0504","836","11","Democratic","383"
"22","0","DuPAGE","190","Sean Casten","300","6TH CONGRESS","Lisle 008-0597","1138","11","Democratic","513"
"22","0","DuPAGE","190","Sean Casten","300","6TH CONGRESS","Lisle 010-0600","602","11","Democratic","246"
"22","0","DuPAGE","190","Sean Casten","300","6TH CONGRESS","Lisle 033-0629","620","11","Democratic","279"
"22","0","DuPAGE","190","Sean Casten","300","6TH CONGRESS","Downers Grove 014-0713","0","11","Democratic","0"
"22","0","DuPAGE","190","Sean Casten","300","6TH CONGRESS","Downers Grove 015-0716","6","11","Democratic","2"
"22","0","DuPAGE","190","Sean Casten","300","6TH CONGRESS","Downers Grove 016-0719","43","11","Democratic","15"
"22","0","DuPAGE","190","Sean Casten","300","6TH CONGRESS","Downers Grove 017-0722","0","11","Democratic","0"
"22","0","DuPAGE","190","Sean Casten","300","6TH CONGRESS","Downers Grove 031-0742","1126","11","Democratic","486"
"22","0","DuPAGE","190","Sean Casten","300","6TH CONGRESS","Downers Grove 036-0748","404","11","Democratic","165"
"22","0","DuPAGE","190","Sean Casten","300","6TH CONGRESS","Downers Grove 039-0751","779","11","Democratic","319"
"22","0","DuPAGE","190","Sean Casten","300","6TH CONGRESS","Downers Grove 057-0774","1232","11","Democratic","556"
"22","0","DuPAGE","190","Sean Casten","300","6TH CONGRESS","Downers Grove 060-0777","1049","11","Democratic","394"
"22","0","DuPAGE","190","Sean Casten","300","6TH CONGRESS","Downers Grove 063-0780","1037","11","Democratic","492"
"22","0","DuPAGE","190","Sean Casten","300","6TH CONGRESS","Downers Grove 080-0803","52","11","Democratic","18"
"22","0","DuPAGE","190","Sean Casten","300","6TH CONGRESS","Downers Grove 083-0806","1315","11","Democratic","421"
"22","0","DuPAGE","190","Sean Casten","300","6TH CONGRESS","Downers Grove 087-0812","1128","11","Democratic","443"
"22","0","DuPAGE","195","Niki Conforti","300","6TH CONGRESS","Milton 046-0339","908","12","Republican","209"
"22","0","DuPAGE","195","Niki Conforti","300","6TH CONGRESS","Milton 051-0345","709","12","Republican","222"
"22","0","DuPAGE","195","Niki Conforti","300","6TH CONGRESS","Milton 053-0348","765","12","Republican","205"
"22","0","DuPAGE","195","Niki Conforti","300","6TH CONGRESS","Milton 072-0377","8","12","Republican","0"
"22","0","DuPAGE","195","Niki Conforti","300","6TH CONGRESS","York 006-0400","988","12","Republican","288"
"22","0","DuPAGE","195","Niki Conforti","300","6TH CONGRESS","York 008-0403","151","12","Republican","48"
"22","0","DuPAGE","195","Niki Conforti","300","6TH CONGRESS","York 009-0406","1100","12","Republican","358"
"22","0","DuPAGE","195","Niki Conforti","300","6TH CONGRESS","York 032-0432","765","12","Republican","216"
"22","0","DuPAGE","195","Niki Conforti","300","6TH CONGRESS","York 035-0435","991","12","Republican","289"
"22","0","DuPAGE","195","Niki Conforti","300","6TH CONGRESS","York 038-0438","1196","12","Republican","360"
"22","0","DuPAGE","195","Niki Conforti","300","6TH CONGRESS","York 057-0461","1127","12","Republican","370"
"22","0","DuPAGE","195","Niki Conforti","300","6TH CONGRESS","York 061-0467","1200","12","Republican","436"
"22","0","DuPAGE","195","Niki Conforti","300","6TH CONGRESS","York 074-0490","17","12","Republican","1"
"22","0","DuPAGE","195","Niki Conforti","300","6TH CONGRESS","York 014-0411","1014","12","Republican","271"
"22","0","DuPAGE","195","Niki Conforti","300","6TH CONGRESS","York 016-0414","530","12","Republican","171"
"22","0","DuPAGE","195","Niki Conforti","300","6TH CONGRESS","York 018-0417","1231","12","Republican","389"
"22","0","DuPAGE","195","Niki Conforti","300","6TH CONGRESS","York 037-0437","1155","12","Republican","365"
"22","0","DuPAGE","195","Niki Conforti","300","6TH CONGRESS","York 040-0440","1131","12","Republican","394"
"22","0","DuPAGE","195","Niki Conforti","300","6TH CONGRESS","York 042-0443","1175","12","Republican","400"
"22","0","DuPAGE","195","Niki Conforti","300","6TH CONGRESS","York 045-0446","1156","12","Republican","381"
"22","0","DuPAGE","195","Niki Conforti","300","6TH CONGRESS","York 063-0469","806","12","Republican","165"
"22","0","DuPAGE","195","Niki Conforti","300","6TH CONGRESS","York 064-0472","628","12","Republican","147"
"22","0","DuPAGE","195","Niki Conforti","300","6TH CONGRESS","York 067-0475","1111","12","Republican","423"
"22","0","DuPAGE","195","Niki Conforti","300","6TH CONGRESS","York 079-0498","422","12","Republican","134"
"22","0","DuPAGE","195","Niki Conforti","300","6TH CONGRESS","York 081-0501","858","12","Republican","295"
"22","0","DuPAGE","195","Niki Conforti","300","6TH CONGRESS","York 083-0504","836","12","Republican","233"
"22","0","DuPAGE","195","Niki Conforti","300","6TH CONGRESS","Lisle 003-0588","0","12","Republican","0"
"22","0","DuPAGE","195","Niki Conforti","300","6TH CONGRESS","Lisle 008-0597","1138","12","Republican","304"
"22","0","DuPAGE","195","Niki Conforti","300","6TH CONGRESS","Lisle 023-0617","1262","12","Republican","362"
"22","0","DuPAGE","195","Niki Conforti","300","6TH CONGRESS","Lisle 025-0620","382","12","Republican","150"
"22","0","DuPAGE","195","Niki Conforti","300","6TH CONGRESS","Lisle 046-0649","649","12","Republican","138"
"22","0","DuPAGE","195","Niki Conforti","300","6TH CONGRESS","Downers Grove 013-0710","1076","12","Republican","302"
"22","0","DuPAGE","195","Niki Conforti","300","6TH CONGRESS","Downers Grove 014-0713","0","12","Republican","0"
"22","0","DuPAGE","195","Niki Conforti","300","6TH CONGRESS","Downers Grove 015-0716","6","12","Republican","1"
"22","0","DuPAGE","195","Niki Conforti","300","6TH CONGRESS","Downers Grove 028-0739","993","12","Republican","295"
"22","0","DuPAGE","195","Niki Conforti","300","6TH CONGRESS","Downers Grove 031-0742","1126","12","Republican","407"
"22","0","DuPAGE","195","Niki Conforti","300","6TH CONGRESS","Downers Grove 036-0748","404","12","Republican","150"
"22","0","DuPAGE","195","Niki Conforti","300","6TH CONGRESS","Downers Grove 052-0768","946","12","Republican","329"
"22","0","DuPAGE","195","Niki Conforti","300","6TH CONGRESS","Downers Grove 055-0771","494","12","Republican","189"
"22","0","DuPAGE","195","Niki Conforti","300","6TH CONGRESS","Downers Grove 057-0774","1232","12","Republican","241"
"22","0","DuPAGE","195","Niki Conforti","300","6TH CONGRESS","Downers Grove 060-0777","1049","12","Republican","373"
"22","0","DuPAGE","195","Niki Conforti","300","6TH CONGRESS","Downers Grove 079-0800","950","12","Republican","329"
"22","0","DuPAGE","195","Niki Conforti","300","6TH CONGRESS","Downers Grove 080-0803","52","12","Republican","19"
"22","0","DuPAGE","195","Niki Conforti","300","6TH CONGRESS","Downers Grove 083-0806","1315","12","Republican","471"
"22","0","DuPAGE","50000","Write-in","300","6TH CONGRESS","Addison 040-0195","1121","99","Nonpartisan","1"
"22","0","DuPAGE","50000","Write-in","300","6TH CONGRESS","Milton 044-0337","1064","99","Nonpartisan","1"
"22","0","DuPAGE","50000","Write-in","300","6TH CONGRESS","Milton 051-0346","379","99","Nonpartisan","2"
"22","0","DuPAGE","50000","Write-in","300","6TH CONGRESS","Milton 065-0366","5","99","Nonpartisan","0"
"22","0","DuPAGE","50000","Write-in","300","6TH CONGRESS","Milton 067-0369","882","99","Nonpartisan","1"
"22","0","DuPAGE","50000","Write-in","300","6TH CONGRESS","York 004-0398","1155","99","Nonpartisan","4"
"22","0","DuPAGE","50000","Write-in","300","6TH CONGRESS","York 007-0401","1079","99","Nonpartisan","1"
"22","0","DuPAGE","190","Sean Casten","300","6TH CONGRESS","York 063-0470","113","11","Democratic","37"
"22","0","DuPAGE","190","Sean Casten","300","6TH CONGRESS","York 065-0473","1230","11","Democratic","557"
"22","0","DuPAGE","190","Sean Casten","300","6TH CONGRESS","York 076-0493","37","11","Democratic","15"
"22","0","DuPAGE","190","Sean Casten","300","6TH CONGRESS","York 080-0499","1100","11","Democratic","486"
"22","0","DuPAGE","190","Sean Casten","300","6TH CONGRESS","York 081-0502","426","11","Democratic","173"
"22","0","DuPAGE","190","Sean Casten","300","6TH CONGRESS","Lisle 003-0586","59","11","Democratic","14"
"22","0","DuPAGE","190","Sean Casten","300","6TH CONGRESS","Lisle 003-0589","2","11","Democratic","1"
"22","0","DuPAGE","190","Sean Casten","300","6TH CONGRESS","Lisle 024-0618","777","11","Democratic","329"
"22","0","DuPAGE","190","Sean Casten","300","6TH CONGRESS","Lisle 046-0650","1","11","Democratic","0"
"22","0","DuPAGE","190","Sean Casten","300","6TH CONGRESS","Downers Grove 010-0705","449","11","Democratic","179"
"22","0","DuPAGE","190","Sean Casten","300","6TH CONGRESS","Downers Grove 012-0708","1104","11","Democratic","587"
"22","0","DuPAGE","190","Sean Casten","300","6TH CONGRESS","Downers Grove 013-0711","0","11","Democratic","0"
"22","0","DuPAGE","190","Sean Casten","300","6TH CONGRESS","Downers Grove 015-0714","132","11","Democratic","65"
"22","0","DuPAGE","190","Sean Casten","300","6TH CONGRESS","Downers Grove 024-0734","909","11","Democratic","434"
"22","0","DuPAGE","190","Sean Casten","300","6TH CONGRESS","Downers Grove 026-0737","1067","11","Democratic","544"
"22","0","DuPAGE","190","Sean Casten","300","6TH CONGRESS","Downers Grove 029-0740","925","11","Democratic","393"
"22","0","DuPAGE","190","Sean Casten","300","6TH CONGRESS","Downers Grove 050-0766","931","11","Democratic","356"
"22","0","DuPAGE","190","Sean Casten","300","6TH CONGRESS","Downers Grove 053-0769","1191","11","Democratic","550"
"22","0","DuPAGE","190","Sean Casten","300","6TH CONGRESS","Downers Grove 055-0772","443","11","Democratic","224"
"22","0","DuPAGE","190","Sean Casten","300","6TH CONGRESS","Downers Grove 075-0795","899","11","Democratic","276"
"22","0","DuPAGE","190","Sean Casten","300","6TH CONGRESS","Downers Grove 080-0801","552","11","Democratic","249"
"22","0","DuPAGE","190","Sean Casten","300","6TH CONGRESS","Downers Grove 081-0804","803","11","Democratic","304"
"22","0","DuPAGE","190","Sean Casten","300","6TH CONGRESS","FEDERAL-F06","0","11","Democratic","320"
"22","0","DuPAGE","195","Niki Conforti","300","6TH CONGRESS","Milton 041-0334","888","12","Republican","280"
"22","0","DuPAGE","195","Niki Conforti","300","6TH CONGRESS","Milton 044-0337","1064","12","Republican","296"
"22","0","DuPAGE","195","Niki Conforti","300","6TH CONGRESS","Milton 063-0363","672","12","Republican","261"
"22","0","DuPAGE","195","Niki Conforti","300","6TH CONGRESS","Milton 065-0366","5","12","Republican","3"
"22","0","DuPAGE","195","Niki Conforti","300","6TH CONGRESS","Milton 067-0369","882","12","Republican","288"
"22","0","DuPAGE","195","Niki Conforti","300","6TH CONGRESS","Milton 081-0392","905","12","Republican","315"
"22","0","DuPAGE","195","Niki Conforti","300","6TH CONGRESS","York 001-0395","510","12","Republican","165"
"22","0","DuPAGE","195","Niki Conforti","300","6TH CONGRESS","York 004-0398","1155","12","Republican","399"
"22","0","DuPAGE","195","Niki Conforti","300","6TH CONGRESS","York 007-0401","1079","12","Republican","298"
"22","0","DuPAGE","195","Niki Conforti","300","6TH CONGRESS","York 025-0424","1172","12","Republican","358"
"22","0","DuPAGE","195","Niki Conforti","300","6TH CONGRESS","York 028-0427","870","12","Republican","306"
"22","0","DuPAGE","195","Niki Conforti","300","6TH CONGRESS","York 055-0456","398","12","Republican","87"
"22","0","DuPAGE","195","Niki Conforti","300","6TH CONGRESS","York 056-0459","662","12","Republican","235"
"22","0","DuPAGE","195","Niki Conforti","300","6TH CONGRESS","York 070-0482","0","12","Republican","0"
"22","0","DuPAGE","195","Niki Conforti","300","6TH CONGRESS","York 074-0488","818","12","Republican","213"
"22","0","DuPAGE","190","Sean Casten","300","6TH CONGRESS","Milton 043-0336","1039","11","Democratic","504"
"22","0","DuPAGE","190","Sean Casten","300","6TH CONGRESS","Milton 046-0339","908","11","Democratic","237"
"22","0","DuPAGE","190","Sean Casten","300","6TH CONGRESS","Milton 062-0362","11","11","Democratic","2"
"22","0","DuPAGE","190","Sean Casten","300","6TH CONGRESS","Milton 065-0365","874","11","Democratic","433"
"22","0","DuPAGE","190","Sean Casten","300","6TH CONGRESS","Milton 066-0368","1057","11","Democratic","444"
"22","0","DuPAGE","190","Sean Casten","300","6TH CONGRESS","Milton 080-0391","971","11","Democratic","446"
"22","0","DuPAGE","190","Sean Casten","300","6TH CONGRESS","York 001-0394","587","11","Democratic","252"
"22","0","DuPAGE","190","Sean Casten","300","6TH CONGRESS","York 003-0397","988","11","Democratic","403"
"22","0","DuPAGE","190","Sean Casten","300","6TH CONGRESS","York 006-0400","988","11","Democratic","401"
"22","0","DuPAGE","190","Sean Casten","300","6TH CONGRESS","York 024-0423","1193","11","Democratic","498"
"22","0","DuPAGE","190","Sean Casten","300","6TH CONGRESS","York 027-0426","825","11","Democratic","372"
"22","0","DuPAGE","190","Sean Casten","300","6TH CONGRESS","York 032-0432","765","11","Democratic","353"
"22","0","DuPAGE","190","Sean Casten","300","6TH CONGRESS","York 054-0455","981","11","Democratic","359"
"22","0","DuPAGE","190","Sean Casten","300","6TH CONGRESS","York 055-0458","551","11","Democratic","165"
"22","0","DuPAGE","190","Sean Casten","300","6TH CONGRESS","York 057-0461","1127","11","Democratic","483"
"22","0","DuPAGE","190","Sean Casten","300","6TH CONGRESS","York 070-0481","184","11","Democratic","77"
"22","0","DuPAGE","190","Sean Casten","300","6TH CONGRESS","York 073-0487","210","11","Democratic","87"
"22","0","DuPAGE","190","Sean Casten","300","6TH CONGRESS","York 074-0490","17","11","Democratic","5"
"22","0","DuPAGE","190","Sean Casten","300","6TH CONGRESS","Lisle 017-0609","985","11","Democratic","429"
"22","0","DuPAGE","190","Sean Casten","300","6TH CONGRESS","Lisle 019-0612","903","11","Democratic","391"
"22","0","DuPAGE","190","Sean Casten","300","6TH CONGRESS","Downers Grove 003-0693","1134","11","Democratic","470"
"22","0","DuPAGE","190","Sean Casten","300","6TH CONGRESS","Downers Grove 004-0696","181","11","Democratic","93"
"22","0","DuPAGE","190","Sean Casten","300","6TH CONGRESS","Downers Grove 007-0702","1135","11","Democratic","514"
"22","0","DuPAGE","190","Sean Casten","300","6TH CONGRESS","Downers Grove 018-0725","104","11","Democratic","46"
"22","0","DuPAGE","190","Sean Casten","300","6TH CONGRESS","Downers Grove 044-0757","539","11","Democratic","276"
"22","0","DuPAGE","190","Sean Casten","300","6TH CONGRESS","Downers Grove 046-0760","1242","11","Democratic","608"
"22","0","DuPAGE","190","Sean Casten","300","6TH CONGRESS","Downers Grove 047-0763","111","11","Democratic","52"
"22","0","DuPAGE","190","Sean Casten","300","6TH CONGRESS","Downers Grove 065-0783","534","11","Democratic","209"
"22","0","DuPAGE","190","Sean Casten","300","6TH CONGRESS","Downers Grove 068-0786","1012","11","Democratic","454"
"22","0","DuPAGE","190","Sean Casten","300","6TH CONGRESS","Downers Grove 070-0789","869","11","Democratic","334"
"22","0","DuPAGE","190","Sean Casten","300","6TH CONGRESS","Downers Grove 072-0792","346","11","Democratic","128"
"22","0","DuPAGE","190","Sean Casten","300","6TH CONGRESS","Downers Grove 090-0815","1138","11","Democratic","437"
"22","0","DuPAGE","190","Sean Casten","300","6TH CONGRESS","Downers Grove 093-0818","1194","11","Democratic","372"
"22","0","DuPAGE","190","Sean Casten","300","6TH CONGRESS","Downers Grove 095-0821","819","11","Democratic","260"
"22","0","DuPAGE","195","Niki Conforti","300","6TH CONGRESS","Addison 044-0200","196","12","Republican","75"
"22","0","DuPAGE","195","Niki Conforti","300","6TH CONGRESS","Addison 049-0206","0","12","Republican","0"
"22","0","DuPAGE","195","Niki Conforti","300","6TH CONGRESS","Addison 051-0209","1127","12","Republican","324"
"22","0","DuPAGE","195","Niki Conforti","300","6TH CONGRESS","Milton 031-0322","350","12","Republican","127"
"22","0","DuPAGE","195","Niki Conforti","300","6TH CONGRESS","Milton 033-0325","1316","12","Republican","400"
"22","0","DuPAGE","190","Sean Casten","300","6TH CONGRESS","Addison 040-0195","1121","11","Democratic","393"
"22","0","DuPAGE","190","Sean Casten","300","6TH CONGRESS","Addison 045-0201","1191","11","Democratic","478"
"22","0","DuPAGE","190","Sean Casten","300","6TH CONGRESS","Milton 011-0288","474","11","Democratic","179"
"22","0","DuPAGE","190","Sean Casten","300","6TH CONGRESS","Milton 032-0323","1029","11","Democratic","515"
"22","0","DuPAGE","190","Sean Casten","300","6TH CONGRESS","Milton 034-0326","1215","11","Democratic","575"
"22","0","DuPAGE","190","Sean Casten","300","6TH CONGRESS","Milton 051-0346","379","11","Democratic","179"
"22","0","DuPAGE","190","Sean Casten","300","6TH CONGRESS","Milton 053-0349","7","11","Democratic","4"
"22","0","DuPAGE","190","Sean Casten","300","6TH CONGRESS","Milton 056-0352","1100","11","Democratic","433"
"22","0","DuPAGE","190","Sean Casten","300","6TH CONGRESS","Milton 072-0378","1226","11","Democratic","575"
"22","0","DuPAGE","190","Sean Casten","300","6TH CONGRESS","Milton 073-0381","4","11","Democratic","3"
"22","0","DuPAGE","190","Sean Casten","300","6TH CONGRESS","Milton 076-0384","1260","11","Democratic","531"
"22","0","DuPAGE","190","Sean Casten","300","6TH CONGRESS","York 010-0407","1303","11","Democratic","602"
"22","0","DuPAGE","190","Sean Casten","300","6TH CONGRESS","York 013-0410","1204","11","Democratic","553"
"22","0","DuPAGE","190","Sean Casten","300","6TH CONGRESS","York 016-0413","543","11","Democratic","226"
"22","0","DuPAGE","190","Sean Casten","300","6TH CONGRESS","York 017-0416","367","11","Democratic","167"
"22","0","DuPAGE","190","Sean Casten","300","6TH CONGRESS","York 036-0436","1011","11","Democratic","404"
"22","0","DuPAGE","190","Sean Casten","300","6TH CONGRESS","York 039-0439","926","11","Democratic","388"
"22","0","DuPAGE","190","Sean Casten","300","6TH CONGRESS","York 041-0442","1189","11","Democratic","496"
"22","0","DuPAGE","190","Sean Casten","300","6TH CONGRESS","York 044-0445","1224","11","Democratic","469"
"22","0","DuPAGE","190","Sean Casten","300","6TH CONGRESS","York 062-0468","1057","11","Democratic","378"
"22","0","DuPAGE","190","Sean Casten","300","6TH CONGRESS","York 064-0471","676","11","Democratic","284"
"22","0","DuPAGE","190","Sean Casten","300","6TH CONGRESS","York 066-0474","1111","11","Democratic","362"
"22","0","DuPAGE","190","Sean Casten","300","6TH CONGRESS","York 068-0477","354","11","Democratic","158"
"22","0","DuPAGE","190","Sean Casten","300","6TH CONGRESS","York 079-0497","704","11","Democratic","181"
"22","0","DuPAGE","190","Sean Casten","300","6TH CONGRESS","York 080-0500","24","11","Democratic","8"
"22","0","DuPAGE","190","Sean Casten","300","6TH CONGRESS","York 082-0503","797","11","Democratic","226"
"22","0","DuPAGE","190","Sean Casten","300","6TH CONGRESS","York 084-0506","232","11","Democratic","55"
"22","0","DuPAGE","190","Sean Casten","300","6TH CONGRESS","Lisle 003-0587","1089","11","Democratic","464"
"22","0","DuPAGE","190","Sean Casten","300","6TH CONGRESS","Lisle 003-0590","0","11","Democratic","1"
"22","0","DuPAGE","190","Sean Casten","300","6TH CONGRESS","Lisle 007-0596","1099","11","Democratic","434"
"22","0","DuPAGE","190","Sean Casten","300","6TH CONGRESS","Lisle 025-0619","742","11","Democratic","385"
"22","0","DuPAGE","190","Sean Casten","300","6TH CONGRESS","Downers Grove 012-0709","2","11","Democratic","0"
"22","0","DuPAGE","190","Sean Casten","300","6TH CONGRESS","Downers Grove 014-0712","1079","11","Democratic","544"
"22","0","DuPAGE","190","Sean Casten","300","6TH CONGRESS","Downers Grove 015-0715","973","11","Democratic","440"
"22","0","DuPAGE","190","Sean Casten","300","6TH CONGRESS","Downers Grove 016-0718","1033","11","Democratic","435"
"22","0","DuPAGE","190","Sean Casten","300","6TH CONGRESS","Downers Grove 027-0738","1030","11","Democratic","524"
"22","0","DuPAGE","190","Sean Casten","300","6TH CONGRESS","Downers Grove 030-0741","918","11","Democratic","392"
"22","0","DuPAGE","190","Sean Casten","300","6TH CONGRESS","Downers Grove 036-0747","486","11","Democratic","276"
"22","0","DuPAGE","190","Sean Casten","300","6TH CONGRESS","Downers Grove 054-0770","1068","11","Democratic","484"
"22","0","DuPAGE","190","Sean Casten","300","6TH CONGRESS","York 025-0424","1172","11","Democratic","544"
"22","0","DuPAGE","190","Sean Casten","300","6TH CONGRESS","York 046-0447","1072","11","Democratic","377"
"22","0","DuPAGE","190","Sean Casten","300","6TH CONGRESS","York 049-0450","984","11","Democratic","463"
"22","0","DuPAGE","190","Sean Casten","300","6TH CONGRESS","York 068-0476","838","11","Democratic","277"
"22","0","DuPAGE","190","Sean Casten","300","6TH CONGRESS","York 069-0479","945","11","Democratic","391"
"22","0","DuPAGE","190","Sean Casten","300","6TH CONGRESS","York 070-0482","0","11","Democratic","0"
"22","0","DuPAGE","190","Sean Casten","300","6TH CONGRESS","York 084-0505","932","11","Democratic","457"
"22","0","DuPAGE","190","Sean Casten","300","6TH CONGRESS","Lisle 006-0595","1263","11","Democratic","562"
"22","0","DuPAGE","190","Sean Casten","300","6TH CONGRESS","Lisle 009-0598","1065","11","Democratic","512"
"22","0","DuPAGE","190","Sean Casten","300","6TH CONGRESS","Lisle 010-0601","636","11","Democratic","336"
"22","0","DuPAGE","190","Sean Casten","300","6TH CONGRESS","Downers Grove 001-0691","594","11","Democratic","253"
"22","0","DuPAGE","190","Sean Casten","300","6TH CONGRESS","Downers Grove 003-0694","39","11","Democratic","13"
"22","0","DuPAGE","190","Sean Casten","300","6TH CONGRESS","Downers Grove 015-0717","91","11","Democratic","49"
"22","0","DuPAGE","190","Sean Casten","300","6TH CONGRESS","Downers Grove 016-0720","85","11","Democratic","41"
"22","0","DuPAGE","190","Sean Casten","300","6TH CONGRESS","Downers Grove 018-0723","586","11","Democratic","250"
"22","0","DuPAGE","190","Sean Casten","300","6TH CONGRESS","Downers Grove 037-0749","1038","11","Democratic","544"
"22","0","DuPAGE","190","Sean Casten","300","6TH CONGRESS","Downers Grove 039-0752","438","11","Democratic","189"
"22","0","DuPAGE","190","Sean Casten","300","6TH CONGRESS","Downers Grove 058-0775","1075","11","Democratic","399"
"22","0","DuPAGE","190","Sean Casten","300","6TH CONGRESS","Downers Grove 061-0778","852","11","Democratic","385"
"22","0","DuPAGE","190","Sean Casten","300","6TH CONGRESS","Downers Grove 064-0781","910","11","Democratic","401"
"22","0","DuPAGE","190","Sean Casten","300","6TH CONGRESS","Downers Grove 066-0784","888","11","Democratic","378"
"22","0","DuPAGE","190","Sean Casten","300","6TH CONGRESS","Downers Grove 084-0807","999","11","Democratic","341"
"22","0","DuPAGE","190","Sean Casten","300","6TH CONGRESS","Downers Grove 088-0813","741","11","Democratic","249"
"22","0","DuPAGE","190","Sean Casten","300","6TH CONGRESS","Downers Grove 091-0816","924","11","Democratic","313"
"22","0","DuPAGE","195","Niki Conforti","300","6TH CONGRESS","Addison 040-0195","1121","12","Republican","350"
"22","0","DuPAGE","195","Niki Conforti","300","6TH CONGRESS","Addison 045-0201","1191","12","Republican","395"
"22","0","DuPAGE","195","Niki Conforti","300","6TH CONGRESS","Milton 011-0288","474","12","Republican","151"
"22","0","DuPAGE","195","Niki Conforti","300","6TH CONGRESS","Milton 032-0323","1029","12","Republican","289"
"22","0","DuPAGE","195","Niki Conforti","300","6TH CONGRESS","Milton 051-0346","379","12","Republican","110"
"22","0","DuPAGE","195","Niki Conforti","300","6TH CONGRESS","Milton 053-0349","7","12","Republican","3"
"22","0","DuPAGE","195","Niki Conforti","300","6TH CONGRESS","Milton 056-0352","1100","12","Republican","268"
"22","0","DuPAGE","195","Niki Conforti","300","6TH CONGRESS","Milton 072-0378","1226","12","Republican","319"
"22","0","DuPAGE","195","Niki Conforti","300","6TH CONGRESS","Milton 073-0381","4","12","Republican","0"
"22","0","DuPAGE","195","Niki Conforti","300","6TH CONGRESS","York 008-0404","672","12","Republican","181"
"22","0","DuPAGE","195","Niki Conforti","300","6TH CONGRESS","York 010-0407","1303","12","Republican","405"
"22","0","DuPAGE","195","Niki Conforti","300","6TH CONGRESS","York 013-0410","1204","12","Republican","344"
"22","0","DuPAGE","195","Niki Conforti","300","6TH CONGRESS","York 016-0413","543","12","Republican","155"
"22","0","DuPAGE","195","Niki Conforti","300","6TH CONGRESS","York 033-0433","1012","12","Republican","312"
"105","16","CITY OF CHICAGO","195","Niki Conforti","300","6TH CONGRESS","Ward 23 Precinct 04","437","12","Republican","177"
"22","0","DuPAGE","190","Sean Casten","300","6TH CONGRESS","Milton 045-0338","1271","11","Democratic","542"
"22","0","DuPAGE","190","Sean Casten","300","6TH CONGRESS","Milton 050-0344","725","11","Democratic","308"
"22","0","DuPAGE","190","Sean Casten","300","6TH CONGRESS","Milton 052-0347","1060","11","Democratic","448"
"22","0","DuPAGE","190","Sean Casten","300","6TH CONGRESS","Milton 073-0379","555","11","Democratic","309"
"22","0","DuPAGE","190","Sean Casten","300","6TH CONGRESS","York 007-0402","0","11","Democratic","0"
"22","0","DuPAGE","190","Sean Casten","300","6TH CONGRESS","York 008-0405","0","11","Democratic","0"
"22","0","DuPAGE","190","Sean Casten","300","6TH CONGRESS","York 031-0431","977","11","Democratic","432"
"22","0","DuPAGE","190","Sean Casten","300","6TH CONGRESS","York 034-0434","1062","11","Democratic","501"
"22","0","DuPAGE","190","Sean Casten","300","6TH CONGRESS","York 037-0437","1155","11","Democratic","527"
"22","0","DuPAGE","190","Sean Casten","300","6TH CONGRESS","York 057-0460","5","11","Democratic","2"
"22","0","DuPAGE","190","Sean Casten","300","6TH CONGRESS","York 060-0466","1175","11","Democratic","467"
"22","0","DuPAGE","190","Sean Casten","300","6TH CONGRESS","York 063-0469","806","11","Democratic","339"
"22","0","DuPAGE","190","Sean Casten","300","6TH CONGRESS","York 074-0489","305","11","Democratic","133"
"22","0","DuPAGE","190","Sean Casten","300","6TH CONGRESS","York 076-0492","815","11","Democratic","291"
"22","0","DuPAGE","190","Sean Casten","300","6TH CONGRESS","York 077-0495","752","11","Democratic","201"
"22","0","DuPAGE","190","Sean Casten","300","6TH CONGRESS","York 079-0498","422","11","Democratic","117"
"22","0","DuPAGE","190","Sean Casten","300","6TH CONGRESS","Lisle 002-0585","959","11","Democratic","379"
"22","0","DuPAGE","190","Sean Casten","300","6TH CONGRESS","Lisle 003-0588","0","11","Democratic","0"
"22","0","DuPAGE","190","Sean Casten","300","6TH CONGRESS","Lisle 018-0611","13","11","Democratic","9"
"22","0","DuPAGE","190","Sean Casten","300","6TH CONGRESS","Lisle 023-0617","1262","11","Democratic","515"
"22","0","DuPAGE","190","Sean Casten","300","6TH CONGRESS","Lisle 025-0620","382","11","Democratic","156"
"22","0","DuPAGE","190","Sean Casten","300","6TH CONGRESS","Lisle 046-0649","649","11","Democratic","298"
"22","0","DuPAGE","190","Sean Casten","300","6TH CONGRESS","Downers Grove 009-0704","1141","11","Democratic","556"
"22","0","DuPAGE","190","Sean Casten","300","6TH CONGRESS","Downers Grove 013-0710","1076","11","Democratic","545"
"22","0","DuPAGE","190","Sean Casten","300","6TH CONGRESS","Downers Grove 025-0736","1022","11","Democratic","549"
"22","0","DuPAGE","190","Sean Casten","300","6TH CONGRESS","Downers Grove 028-0739","993","11","Democratic","509"
"22","0","DuPAGE","190","Sean Casten","300","6TH CONGRESS","Downers Grove 047-0762","1110","11","Democratic","512"
"22","0","DuPAGE","190","Sean Casten","300","6TH CONGRESS","Downers Grove 049-0765","960","11","Democratic","383"
"22","0","DuPAGE","190","Sean Casten","300","6TH CONGRESS","Downers Grove 052-0768","946","11","Democratic","357"
"22","0","DuPAGE","190","Sean Casten","300","6TH CONGRESS","Downers Grove 055-0771","494","11","Democratic","224"
"22","0","DuPAGE","190","Sean Casten","300","6TH CONGRESS","Downers Grove 072-0791","691","11","Democratic","280"
"22","0","DuPAGE","190","Sean Casten","300","6TH CONGRESS","Downers Grove 074-0794","950","11","Democratic","366"
"22","0","DuPAGE","190","Sean Casten","300","6TH CONGRESS","Downers Grove 079-0800","950","11","Democratic","399"
"22","0","DuPAGE","195","Niki Conforti","300","6TH CONGRESS","Addison 050-0208","975","12","Republican","359"
"22","0","DuPAGE","195","Niki Conforti","300","6TH CONGRESS","Addison 053-0211","992","12","Republican","329"
"22","0","DuPAGE","195","Niki Conforti","300","6TH CONGRESS","Milton 035-0327","1246","12","Republican","403"
"22","0","DuPAGE","195","Niki Conforti","300","6TH CONGRESS","Milton 043-0336","1039","12","Republican","329"
"22","0","DuPAGE","195","Niki Conforti","300","6TH CONGRESS","Milton 062-0362","11","12","Republican","3"
"22","0","DuPAGE","50000","Write-in","300","6TH CONGRESS","York 008-0404","672","99","Nonpartisan","1"
"22","0","DuPAGE","50000","Write-in","300","6TH CONGRESS","York 028-0427","870","99","Nonpartisan","2"
"22","0","DuPAGE","50000","Write-in","300","6TH CONGRESS","York 033-0433","1012","99","Nonpartisan","2"
"22","0","DuPAGE","50000","Write-in","300","6TH CONGRESS","York 036-0436","1011","99","Nonpartisan","0"
"22","0","DuPAGE","50000","Write-in","300","6TH CONGRESS","York 055-0456","398","99","Nonpartisan","2"
"22","0","DuPAGE","50000","Write-in","300","6TH CONGRESS","York 056-0459","662","99","Nonpartisan","0"
"22","0","DuPAGE","50000","Write-in","300","6TH CONGRESS","York 074-0488","818","99","Nonpartisan","1"
"22","0","DuPAGE","50000","Write-in","300","6TH CONGRESS","York 075-0491","1138","99","Nonpartisan","4"
"22","0","DuPAGE","50000","Write-in","300","6TH CONGRESS","York 077-0494","456","99","Nonpartisan","6"
"22","0","DuPAGE","50000","Write-in","300","6TH CONGRESS","Lisle 003-0587","1089","99","Nonpartisan","3"
"22","0","DuPAGE","50000","Write-in","300","6TH CONGRESS","Lisle 015-0607","50","99","Nonpartisan","1"
"22","0","DuPAGE","50000","Write-in","300","6TH CONGRESS","Lisle 018-0610","1098","99","Nonpartisan","1"
"22","0","DuPAGE","50000","Write-in","300","6TH CONGRESS","Lisle 019-0613","131","99","Nonpartisan","0"
"22","0","DuPAGE","50000","Write-in","300","6TH CONGRESS","Downers Grove 004-0697","83","99","Nonpartisan","0"
"22","0","DuPAGE","50000","Write-in","300","6TH CONGRESS","Downers Grove 008-0703","1182","99","Nonpartisan","0"
"22","0","DuPAGE","50000","Write-in","300","6TH CONGRESS","Downers Grove 010-0706","624","99","Nonpartisan","1"
"22","0","DuPAGE","50000","Write-in","300","6TH CONGRESS","Downers Grove 024-0735","51","99","Nonpartisan","0"
"22","0","DuPAGE","50000","Write-in","300","6TH CONGRESS","Downers Grove 027-0738","1030","99","Nonpartisan","1"
"22","0","DuPAGE","50000","Write-in","300","6TH CONGRESS","Downers Grove 044-0758","311","99","Nonpartisan","0"
"22","0","DuPAGE","50000","Write-in","300","6TH CONGRESS","Downers Grove 046-0761","13","99","Nonpartisan","0"
"22","0","DuPAGE","50000","Write-in","300","6TH CONGRESS","Downers Grove 048-0764","998","99","Nonpartisan","3"
"22","0","DuPAGE","50000","Write-in","300","6TH CONGRESS","Downers Grove 051-0767","1180","99","Nonpartisan","6"
"22","0","DuPAGE","50000","Write-in","300","6TH CONGRESS","Downers Grove 071-0790","947","99","Nonpartisan","1"
"22","0","DuPAGE","50000","Write-in","300","6TH CONGRESS","Downers Grove 073-0793","1129","99","Nonpartisan","1"
"22","0","DuPAGE","50000","Write-in","300","6TH CONGRESS","Downers Grove 096-0822","1040","99","Nonpartisan","3"
"22","0","DuPAGE","195","Niki Conforti","300","6TH CONGRESS","York 076-0493","37","12","Republican","8"
"22","0","DuPAGE","195","Niki Conforti","300","6TH CONGRESS","York 080-0499","1100","12","Republican","344"
"22","0","DuPAGE","195","Niki Conforti","300","6TH CONGRESS","Lisle 003-0586","59","12","Republican","13"
"22","0","DuPAGE","195","Niki Conforti","300","6TH CONGRESS","Lisle 003-0589","2","12","Republican","0"
"22","0","DuPAGE","195","Niki Conforti","300","6TH CONGRESS","Lisle 019-0612","903","12","Republican","302"
"22","0","DuPAGE","195","Niki Conforti","300","6TH CONGRESS","Lisle 024-0618","777","12","Republican","244"
"22","0","DuPAGE","195","Niki Conforti","300","6TH CONGRESS","Lisle 046-0650","1","12","Republican","0"
"22","0","DuPAGE","195","Niki Conforti","300","6TH CONGRESS","Downers Grove 007-0702","1135","12","Republican","373"
"22","0","DuPAGE","195","Niki Conforti","300","6TH CONGRESS","Downers Grove 010-0705","449","12","Republican","139"
"22","0","DuPAGE","195","Niki Conforti","300","6TH CONGRESS","Downers Grove 012-0708","1104","12","Republican","296"
"22","0","DuPAGE","195","Niki Conforti","300","6TH CONGRESS","Downers Grove 013-0711","0","12","Republican","0"
"22","0","DuPAGE","195","Niki Conforti","300","6TH CONGRESS","Downers Grove 024-0734","909","12","Republican","269"
"22","0","DuPAGE","195","Niki Conforti","300","6TH CONGRESS","Downers Grove 026-0737","1067","12","Republican","307"
"22","0","DuPAGE","195","Niki Conforti","300","6TH CONGRESS","Downers Grove 029-0740","925","12","Republican","294"
"22","0","DuPAGE","195","Niki Conforti","300","6TH CONGRESS","Downers Grove 047-0763","111","12","Republican","37"
"22","0","DuPAGE","195","Niki Conforti","300","6TH CONGRESS","Downers Grove 050-0766","931","12","Republican","317"
"22","0","DuPAGE","195","Niki Conforti","300","6TH CONGRESS","Downers Grove 053-0769","1191","12","Republican","409"
"22","0","DuPAGE","195","Niki Conforti","300","6TH CONGRESS","Downers Grove 072-0792","346","12","Republican","138"
"22","0","DuPAGE","195","Niki Conforti","300","6TH CONGRESS","Downers Grove 075-0795","899","12","Republican","360"
"22","0","DuPAGE","195","Niki Conforti","300","6TH CONGRESS","Downers Grove 080-0801","552","12","Republican","187"
"22","0","DuPAGE","195","Niki Conforti","300","6TH CONGRESS","Downers Grove 095-0821","819","12","Republican","290"
"22","0","DuPAGE","50000","Write-in","300","6TH CONGRESS","Addison 044-0200","196","99","Nonpartisan","0"
"22","0","DuPAGE","50000","Write-in","300","6TH CONGRESS","Milton 031-0322","350","99","Nonpartisan","2"
"22","0","DuPAGE","50000","Write-in","300","6TH CONGRESS","Milton 051-0345","709","99","Nonpartisan","0"
"22","0","DuPAGE","50000","Write-in","300","6TH CONGRESS","Milton 053-0348","765","99","Nonpartisan","2"
"22","0","DuPAGE","50000","Write-in","300","6TH CONGRESS","Milton 055-0351","1129","99","Nonpartisan","0"
"22","0","DuPAGE","50000","Write-in","300","6TH CONGRESS","Milton 072-0377","8","99","Nonpartisan","0"
"22","0","DuPAGE","50000","Write-in","300","6TH CONGRESS","Milton 073-0380","339","99","Nonpartisan","0"
"22","0","DuPAGE","50000","Write-in","300","6TH CONGRESS","Milton 075-0383","887","99","Nonpartisan","3"
"22","0","DuPAGE","50000","Write-in","300","6TH CONGRESS","York 008-0403","151","99","Nonpartisan","1"
"22","0","DuPAGE","50000","Write-in","300","6TH CONGRESS","York 009-0406","1100","99","Nonpartisan","1"
"22","0","DuPAGE","50000","Write-in","300","6TH CONGRESS","York 015-0412","1066","99","Nonpartisan","3"
"22","0","DuPAGE","50000","Write-in","300","6TH CONGRESS","York 035-0435","991","99","Nonpartisan","0"
"22","0","DuPAGE","50000","Write-in","300","6TH CONGRESS","York 038-0438","1196","99","Nonpartisan","1"
"22","0","DuPAGE","50000","Write-in","300","6TH CONGRESS","York 041-0441","0","99","Nonpartisan","0"
"22","0","DuPAGE","50000","Write-in","300","6TH CONGRESS","York 061-0467","1200","99","Nonpartisan","9"
"22","0","DuPAGE","50000","Write-in","300","6TH CONGRESS","York 063-0470","113","99","Nonpartisan","0"
"22","0","DuPAGE","50000","Write-in","300","6TH CONGRESS","York 065-0473","1230","99","Nonpartisan","6"
"22","0","DuPAGE","50000","Write-in","300","6TH CONGRESS","York 080-0499","1100","99","Nonpartisan","2"
"22","0","DuPAGE","195","Niki Conforti","300","6TH CONGRESS","York 075-0491","1138","12","Republican","335"
"22","0","DuPAGE","195","Niki Conforti","300","6TH CONGRESS","Lisle 015-0607","50","12","Republican","17"
"22","0","DuPAGE","195","Niki Conforti","300","6TH CONGRESS","Lisle 018-0610","1098","12","Republican","296"
"22","0","DuPAGE","195","Niki Conforti","300","6TH CONGRESS","Lisle 019-0613","131","12","Republican","40"
"22","0","DuPAGE","195","Niki Conforti","300","6TH CONGRESS","Downers Grove 003-0694","39","12","Republican","16"
"22","0","DuPAGE","195","Niki Conforti","300","6TH CONGRESS","Downers Grove 004-0697","83","12","Republican","21"
"22","0","DuPAGE","195","Niki Conforti","300","6TH CONGRESS","Downers Grove 008-0703","1182","12","Republican","344"
"22","0","DuPAGE","195","Niki Conforti","300","6TH CONGRESS","Downers Grove 018-0723","586","12","Republican","223"
"22","0","DuPAGE","195","Niki Conforti","300","6TH CONGRESS","Downers Grove 018-0726","87","12","Republican","30"
"22","0","DuPAGE","195","Niki Conforti","300","6TH CONGRESS","Downers Grove 044-0758","311","12","Republican","110"
"22","0","DuPAGE","195","Niki Conforti","300","6TH CONGRESS","Downers Grove 046-0761","13","12","Republican","3"
"22","0","DuPAGE","195","Niki Conforti","300","6TH CONGRESS","Downers Grove 066-0784","888","12","Republican","313"
"22","0","DuPAGE","195","Niki Conforti","300","6TH CONGRESS","Downers Grove 069-0787","196","12","Republican","69"
"22","0","DuPAGE","195","Niki Conforti","300","6TH CONGRESS","Downers Grove 071-0790","947","12","Republican","363"
"22","0","DuPAGE","195","Niki Conforti","300","6TH CONGRESS","Downers Grove 073-0793","1129","12","Republican","422"
"22","0","DuPAGE","195","Niki Conforti","300","6TH CONGRESS","Downers Grove 088-0813","741","12","Republican","306"
"22","0","DuPAGE","195","Niki Conforti","300","6TH CONGRESS","Downers Grove 091-0816","924","12","Republican","385"
"22","0","DuPAGE","195","Niki Conforti","300","6TH CONGRESS","Downers Grove 096-0822","1040","12","Republican","434"
"22","0","DuPAGE","50000","Write-in","300","6TH CONGRESS","Addison 046-0202","1174","99","Nonpartisan","4"
"22","0","DuPAGE","50000","Write-in","300","6TH CONGRESS","Addison 048-0205","898","99","Nonpartisan","4"
"22","0","DuPAGE","50000","Write-in","300","6TH CONGRESS","Addison 050-0208","975","99","Nonpartisan","0"
"22","0","DuPAGE","50000","Write-in","300","6TH CONGRESS","Milton 031-0321","934","99","Nonpartisan","0"
"22","0","DuPAGE","50000","Write-in","300","6TH CONGRESS","Milton 032-0324","192","99","Nonpartisan","0"
"22","0","DuPAGE","50000","Write-in","300","6TH CONGRESS","Milton 035-0327","1246","99","Nonpartisan","1"
"22","0","DuPAGE","50000","Write-in","300","6TH CONGRESS","Milton 074-0382","898","99","Nonpartisan","0"
"22","0","DuPAGE","50000","Write-in","300","6TH CONGRESS","Milton 078-0388","645","99","Nonpartisan","1"
"22","0","DuPAGE","50000","Write-in","300","6TH CONGRESS","Milton 080-0391","971","99","Nonpartisan","0"
"22","0","DuPAGE","50000","Write-in","300","6TH CONGRESS","York 014-0411","1014","99","Nonpartisan","3"
"22","0","DuPAGE","50000","Write-in","300","6TH CONGRESS","York 016-0414","530","99","Nonpartisan","0"
"22","0","DuPAGE","50000","Write-in","300","6TH CONGRESS","York 018-0417","1231","99","Nonpartisan","2"
"22","0","DuPAGE","50000","Write-in","300","6TH CONGRESS","York 021-0420","920","99","Nonpartisan","7"
"22","0","DuPAGE","50000","Write-in","300","6TH CONGRESS","York 042-0443","1175","99","Nonpartisan","1"
"22","0","DuPAGE","50000","Write-in","300","6TH CONGRESS","York 045-0446","1156","99","Nonpartisan","0"
"22","0","DuPAGE","50000","Write-in","300","6TH CONGRESS","York 048-0449","1108","99","Nonpartisan","2"
"22","0","DuPAGE","50000","Write-in","300","6TH CONGRESS","York 064-0472","628","99","Nonpartisan","5"
"22","0","DuPAGE","50000","Write-in","300","6TH CONGRESS","York 067-0475","1111","99","Nonpartisan","5"
"22","0","DuPAGE","50000","Write-in","300","6TH CONGRESS","York 068-0478","24","99","Nonpartisan","1"
"22","0","DuPAGE","50000","Write-in","300","6TH CONGRESS","York 070-0481","184","99","Nonpartisan","1"
"22","0","DuPAGE","50000","Write-in","300","6TH CONGRESS","York 081-0501","858","99","Nonpartisan","3"
"22","0","DuPAGE","195","Niki Conforti","300","6TH CONGRESS","Milton 036-0328","1163","12","Republican","371"
"22","0","DuPAGE","195","Niki Conforti","300","6TH CONGRESS","Milton 055-0351","1129","12","Republican","400"
"22","0","DuPAGE","195","Niki Conforti","300","6TH CONGRESS","Milton 061-0360","983","12","Republican","332"
"22","0","DuPAGE","195","Niki Conforti","300","6TH CONGRESS","Milton 073-0380","339","12","Republican","85"
"22","0","DuPAGE","195","Niki Conforti","300","6TH CONGRESS","Milton 075-0383","887","12","Republican","275"
"22","0","DuPAGE","195","Niki Conforti","300","6TH CONGRESS","Milton 079-0389","2","12","Republican","2"
"22","0","DuPAGE","195","Niki Conforti","300","6TH CONGRESS","York 015-0412","1066","12","Republican","300"
"22","0","DuPAGE","195","Niki Conforti","300","6TH CONGRESS","York 017-0415","842","12","Republican","248"
"22","0","DuPAGE","195","Niki Conforti","300","6TH CONGRESS","York 022-0421","1119","12","Republican","276"
"22","0","DuPAGE","195","Niki Conforti","300","6TH CONGRESS","York 041-0441","0","12","Republican","0"
"22","0","DuPAGE","195","Niki Conforti","300","6TH CONGRESS","York 046-0447","1072","12","Republican","359"
"22","0","DuPAGE","195","Niki Conforti","300","6TH CONGRESS","York 049-0450","984","12","Republican","362"
"22","0","DuPAGE","195","Niki Conforti","300","6TH CONGRESS","York 063-0470","113","12","Republican","33"
"22","0","DuPAGE","195","Niki Conforti","300","6TH CONGRESS","York 065-0473","1230","12","Republican","378"
"22","0","DuPAGE","195","Niki Conforti","300","6TH CONGRESS","York 068-0476","838","12","Republican","292"
"22","0","DuPAGE","195","Niki Conforti","300","6TH CONGRESS","York 069-0479","945","12","Republican","253"
"22","0","DuPAGE","195","Niki Conforti","300","6TH CONGRESS","York 081-0502","426","12","Republican","159"
"22","0","DuPAGE","195","Niki Conforti","300","6TH CONGRESS","York 084-0505","932","12","Republican","282"
"22","0","DuPAGE","195","Niki Conforti","300","6TH CONGRESS","Lisle 006-0595","1263","12","Republican","312"
"22","0","DuPAGE","195","Niki Conforti","300","6TH CONGRESS","Lisle 009-0598","1065","12","Republican","314"
"22","0","DuPAGE","195","Niki Conforti","300","6TH CONGRESS","Lisle 010-0601","636","12","Republican","177"
"22","0","DuPAGE","195","Niki Conforti","300","6TH CONGRESS","Downers Grove 001-0691","594","12","Republican","199"
"22","0","DuPAGE","195","Niki Conforti","300","6TH CONGRESS","Downers Grove 015-0714","132","12","Republican","33"
"22","0","DuPAGE","195","Niki Conforti","300","6TH CONGRESS","Downers Grove 015-0717","91","12","Republican","17"
"22","0","DuPAGE","195","Niki Conforti","300","6TH CONGRESS","Downers Grove 016-0720","85","12","Republican","27"
"22","0","DuPAGE","195","Niki Conforti","300","6TH CONGRESS","Downers Grove 037-0749","1038","12","Republican","297"
"22","0","DuPAGE","195","Niki Conforti","300","6TH CONGRESS","Downers Grove 039-0752","438","12","Republican","129"
"22","0","DuPAGE","195","Niki Conforti","300","6TH CONGRESS","Downers Grove 055-0772","443","12","Republican","146"
"22","0","DuPAGE","195","Niki Conforti","300","6TH CONGRESS","Downers Grove 058-0775","1075","12","Republican","375"
"22","0","DuPAGE","195","Niki Conforti","300","6TH CONGRESS","Downers Grove 061-0778","852","12","Republican","280"
"22","0","DuPAGE","195","Niki Conforti","300","6TH CONGRESS","Downers Grove 064-0781","910","12","Republican","342"
"22","0","DuPAGE","195","Niki Conforti","300","6TH CONGRESS","Downers Grove 081-0804","803","12","Republican","272"
"22","0","DuPAGE","195","Niki Conforti","300","6TH CONGRESS","Downers Grove 084-0807","999","12","Republican","423"
"22","0","DuPAGE","195","Niki Conforti","300","6TH CONGRESS","FEDERAL-F06","0","12","Republican","36"
"22","0","DuPAGE","50000","Write-in","300","6TH CONGRESS","Addison 053-0211","992","99","Nonpartisan","0"
"22","0","DuPAGE","50000","Write-in","300","6TH CONGRESS","Milton 043-0336","1039","99","Nonpartisan","3"
"22","0","DuPAGE","50000","Write-in","300","6TH CONGRESS","Milton 046-0339","908","99","Nonpartisan","8"
"22","0","DuPAGE","50000","Write-in","300","6TH CONGRESS","Milton 062-0362","11","99","Nonpartisan","0"
"22","0","DuPAGE","190","Sean Casten","300","6TH CONGRESS","Downers Grove 056-0773","1012","11","Democratic","426"
"22","0","DuPAGE","190","Sean Casten","300","6TH CONGRESS","Downers Grove 059-0776","1318","11","Democratic","573"
"22","0","DuPAGE","190","Sean Casten","300","6TH CONGRESS","Downers Grove 078-0799","1266","11","Democratic","563"
"22","0","DuPAGE","190","Sean Casten","300","6TH CONGRESS","Downers Grove 080-0802","478","11","Democratic","161"
"22","0","DuPAGE","190","Sean Casten","300","6TH CONGRESS","Downers Grove 082-0805","955","11","Democratic","426"
"22","0","DuPAGE","195","Niki Conforti","300","6TH CONGRESS","Milton 042-0335","1077","12","Republican","346"
"22","0","DuPAGE","195","Niki Conforti","300","6TH CONGRESS","Milton 045-0338","1271","12","Republican","397"
"22","0","DuPAGE","195","Niki Conforti","300","6TH CONGRESS","Milton 050-0344","725","12","Republican","281"
"22","0","DuPAGE","195","Niki Conforti","300","6TH CONGRESS","Milton 065-0367","1","12","Republican","0"
"22","0","DuPAGE","195","Niki Conforti","300","6TH CONGRESS","York 002-0396","956","12","Republican","252"
"22","0","DuPAGE","195","Niki Conforti","300","6TH CONGRESS","York 007-0402","0","12","Republican","0"
"22","0","DuPAGE","195","Niki Conforti","300","6TH CONGRESS","York 008-0405","0","12","Republican","0"
"22","0","DuPAGE","195","Niki Conforti","300","6TH CONGRESS","York 026-0425","951","12","Republican","269"
"22","0","DuPAGE","195","Niki Conforti","300","6TH CONGRESS","York 031-0431","977","12","Republican","300"
"22","0","DuPAGE","195","Niki Conforti","300","6TH CONGRESS","York 034-0434","1062","12","Republican","330"
"22","0","DuPAGE","195","Niki Conforti","300","6TH CONGRESS","York 055-0457","89","12","Republican","27"
"22","0","DuPAGE","195","Niki Conforti","300","6TH CONGRESS","York 057-0460","5","12","Republican","3"
"22","0","DuPAGE","195","Niki Conforti","300","6TH CONGRESS","York 060-0466","1175","12","Republican","334"
"22","0","DuPAGE","195","Niki Conforti","300","6TH CONGRESS","York 073-0486","872","12","Republican","243"
"22","0","DuPAGE","195","Niki Conforti","300","6TH CONGRESS","York 074-0489","305","12","Republican","124"
"22","0","DuPAGE","195","Niki Conforti","300","6TH CONGRESS","York 076-0492","815","12","Republican","321"
"22","0","DuPAGE","195","Niki Conforti","300","6TH CONGRESS","York 077-0495","752","12","Republican","291"
"22","0","DuPAGE","195","Niki Conforti","300","6TH CONGRESS","Lisle 002-0585","959","12","Republican","335"
"22","0","DuPAGE","195","Niki Conforti","300","6TH CONGRESS","Lisle 016-0608","1180","12","Republican","396"
"22","0","DuPAGE","195","Niki Conforti","300","6TH CONGRESS","Lisle 018-0611","13","12","Republican","3"
"22","0","DuPAGE","195","Niki Conforti","300","6TH CONGRESS","Downers Grove 005-0698","1156","12","Republican","381"
"22","0","DuPAGE","195","Niki Conforti","300","6TH CONGRESS","Downers Grove 009-0704","1141","12","Republican","356"
"22","0","DuPAGE","195","Niki Conforti","300","6TH CONGRESS","Downers Grove 019-0727","883","12","Republican","317"
"22","0","DuPAGE","195","Niki Conforti","300","6TH CONGRESS","Downers Grove 025-0736","1022","12","Republican","302"
"22","0","DuPAGE","195","Niki Conforti","300","6TH CONGRESS","Downers Grove 045-0759","1126","12","Republican","335"
"22","0","DuPAGE","195","Niki Conforti","300","6TH CONGRESS","Downers Grove 047-0762","1110","12","Republican","239"
"22","0","DuPAGE","195","Niki Conforti","300","6TH CONGRESS","Downers Grove 049-0765","960","12","Republican","234"
"22","0","DuPAGE","195","Niki Conforti","300","6TH CONGRESS","Downers Grove 069-0788","1055","12","Republican","296"
"22","0","DuPAGE","195","Niki Conforti","300","6TH CONGRESS","Downers Grove 072-0791","691","12","Republican","256"
"22","0","DuPAGE","195","Niki Conforti","300","6TH CONGRESS","Downers Grove 074-0794","950","12","Republican","348"
"22","0","DuPAGE","195","Niki Conforti","300","6TH CONGRESS","Downers Grove 092-0817","950","12","Republican","379"
"22","0","DuPAGE","50000","Write-in","300","6TH CONGRESS","Addison 045-0201","1191","99","Nonpartisan","1"
"22","0","DuPAGE","50000","Write-in","300","6TH CONGRESS","Milton 011-0288","474","99","Nonpartisan","3"
"22","0","DuPAGE","50000","Write-in","300","6TH CONGRESS","York 081-0502","426","99","Nonpartisan","1"
"22","0","DuPAGE","50000","Write-in","300","6TH CONGRESS","Lisle 003-0586","59","99","Nonpartisan","2"
"22","0","DuPAGE","50000","Write-in","300","6TH CONGRESS","Lisle 003-0589","2","99","Nonpartisan","0"
"22","0","DuPAGE","50000","Write-in","300","6TH CONGRESS","Lisle 024-0618","777","99","Nonpartisan","2"
"22","0","DuPAGE","50000","Write-in","300","6TH CONGRESS","Lisle 046-0650","1","99","Nonpartisan","0"
"22","0","DuPAGE","50000","Write-in","300","6TH CONGRESS","Downers Grove 010-0705","449","99","Nonpartisan","1"
"22","0","DuPAGE","50000","Write-in","300","6TH CONGRESS","Downers Grove 012-0708","1104","99","Nonpartisan","0"
"22","0","DuPAGE","50000","Write-in","300","6TH CONGRESS","Downers Grove 013-0711","0","99","Nonpartisan","0"
"22","0","DuPAGE","50000","Write-in","300","6TH CONGRESS","Downers Grove 015-0714","132","99","Nonpartisan","0"
"22","0","DuPAGE","50000","Write-in","300","6TH CONGRESS","Downers Grove 026-0737","1067","99","Nonpartisan","1"
"22","0","DuPAGE","50000","Write-in","300","6TH CONGRESS","Downers Grove 029-0740","925","99","Nonpartisan","2"
"22","0","DuPAGE","50000","Write-in","300","6TH CONGRESS","Downers Grove 050-0766","931","99","Nonpartisan","1"
"22","0","DuPAGE","50000","Write-in","300","6TH CONGRESS","Downers Grove 053-0769","1191","99","Nonpartisan","2"
"22","0","DuPAGE","50000","Write-in","300","6TH CONGRESS","Downers Grove 055-0772","443","99","Nonpartisan","1"
"22","0","DuPAGE","50000","Write-in","300","6TH CONGRESS","Downers Grove 058-0775","1075","99","Nonpartisan","1"
"22","0","DuPAGE","50000","Write-in","300","6TH CONGRESS","Downers Grove 075-0795","899","99","Nonpartisan","3"
"22","0","DuPAGE","50000","Write-in","300","6TH CONGRESS","Downers Grove 080-0801","552","99","Nonpartisan","0"
"22","0","DuPAGE","50000","Write-in","300","6TH CONGRESS","Downers Grove 081-0804","803","99","Nonpartisan","1"
"22","0","DuPAGE","50000","Write-in","300","6TH CONGRESS","FEDERAL-F06","0","99","Nonpartisan","3"
"22","0","DuPAGE","195","Niki Conforti","300","6TH CONGRESS","Milton 065-0365","874","12","Republican","253"
"22","0","DuPAGE","195","Niki Conforti","300","6TH CONGRESS","Milton 066-0368","1057","12","Republican","375"
"22","0","DuPAGE","195","Niki Conforti","300","6TH CONGRESS","Milton 078-0388","645","12","Republican","226"
"22","0","DuPAGE","195","Niki Conforti","300","6TH CONGRESS","Milton 080-0391","971","12","Republican","293"
"22","0","DuPAGE","195","Niki Conforti","300","6TH CONGRESS","York 001-0394","587","12","Republican","192"
"22","0","DuPAGE","195","Niki Conforti","300","6TH CONGRESS","York 003-0397","988","12","Republican","375"
"22","0","DuPAGE","195","Niki Conforti","300","6TH CONGRESS","York 021-0420","920","12","Republican","289"
"22","0","DuPAGE","195","Niki Conforti","300","6TH CONGRESS","York 024-0423","1193","12","Republican","354"
"22","0","DuPAGE","195","Niki Conforti","300","6TH CONGRESS","York 027-0426","825","12","Republican","269"
"22","0","DuPAGE","195","Niki Conforti","300","6TH CONGRESS","York 048-0449","1108","12","Republican","424"
"22","0","DuPAGE","195","Niki Conforti","300","6TH CONGRESS","York 054-0455","981","12","Republican","374"
"22","0","DuPAGE","195","Niki Conforti","300","6TH CONGRESS","York 055-0458","551","12","Republican","216"
"22","0","DuPAGE","195","Niki Conforti","300","6TH CONGRESS","York 068-0478","24","12","Republican","12"
"22","0","DuPAGE","195","Niki Conforti","300","6TH CONGRESS","York 070-0481","184","12","Republican","57"
"22","0","DuPAGE","195","Niki Conforti","300","6TH CONGRESS","York 073-0487","210","12","Republican","48"
"22","0","DuPAGE","195","Niki Conforti","300","6TH CONGRESS","Lisle 010-0600","602","12","Republican","219"
"22","0","DuPAGE","195","Niki Conforti","300","6TH CONGRESS","Lisle 017-0609","985","12","Republican","321"
"22","0","DuPAGE","195","Niki Conforti","300","6TH CONGRESS","Lisle 033-0629","620","12","Republican","195"
"22","0","DuPAGE","195","Niki Conforti","300","6TH CONGRESS","Downers Grove 003-0693","1134","12","Republican","401"
"22","0","DuPAGE","195","Niki Conforti","300","6TH CONGRESS","Downers Grove 004-0696","181","12","Republican","57"
"22","0","DuPAGE","195","Niki Conforti","300","6TH CONGRESS","Downers Grove 016-0719","43","12","Republican","14"
"22","0","DuPAGE","195","Niki Conforti","300","6TH CONGRESS","Downers Grove 017-0722","0","12","Republican","0"
"22","0","DuPAGE","195","Niki Conforti","300","6TH CONGRESS","Downers Grove 018-0725","104","12","Republican","37"
"22","0","DuPAGE","195","Niki Conforti","300","6TH CONGRESS","Downers Grove 039-0751","779","12","Republican","257"
"22","0","DuPAGE","195","Niki Conforti","300","6TH CONGRESS","Downers Grove 044-0757","539","12","Republican","139"
"22","0","DuPAGE","195","Niki Conforti","300","6TH CONGRESS","Downers Grove 046-0760","1242","12","Republican","403"
"22","0","DuPAGE","195","Niki Conforti","300","6TH CONGRESS","Downers Grove 063-0780","1037","12","Republican","331"
"22","0","DuPAGE","195","Niki Conforti","300","6TH CONGRESS","Downers Grove 065-0783","534","12","Republican","185"
"22","0","DuPAGE","195","Niki Conforti","300","6TH CONGRESS","Downers Grove 068-0786","1012","12","Republican","280"
"22","0","DuPAGE","195","Niki Conforti","300","6TH CONGRESS","Downers Grove 070-0789","869","12","Republican","330"
"22","0","DuPAGE","195","Niki Conforti","300","6TH CONGRESS","Downers Grove 087-0812","1128","12","Republican","389"
"22","0","DuPAGE","195","Niki Conforti","300","6TH CONGRESS","Downers Grove 090-0815","1138","12","Republican","411"
"22","0","DuPAGE","195","Niki Conforti","300","6TH CONGRESS","Downers Grove 093-0818","1194","12","Republican","486"
"22","0","DuPAGE","50000","Write-in","300","6TH CONGRESS","Addison 049-0206","0","99","Nonpartisan","0"
"22","0","DuPAGE","50000","Write-in","300","6TH CONGRESS","Addison 051-0209","1127","99","Nonpartisan","0"
"22","0","DuPAGE","50000","Write-in","300","6TH CONGRESS","Milton 033-0325","1316","99","Nonpartisan","0"
"22","0","DuPAGE","50000","Write-in","300","6TH CONGRESS","Milton 036-0328","1163","99","Nonpartisan","0"
"22","0","DuPAGE","50000","Write-in","300","6TH CONGRESS","Milton 041-0334","888","99","Nonpartisan","1"
"22","0","DuPAGE","195","Niki Conforti","300","6TH CONGRESS","York 036-0436","1011","12","Republican","347"
"22","0","DuPAGE","195","Niki Conforti","300","6TH CONGRESS","York 039-0439","926","12","Republican","322"
"22","0","DuPAGE","195","Niki Conforti","300","6TH CONGRESS","York 041-0442","1189","12","Republican","465"
"22","0","DuPAGE","195","Niki Conforti","300","6TH CONGRESS","York 062-0468","1057","12","Republican","223"
"22","0","DuPAGE","195","Niki Conforti","300","6TH CONGRESS","York 064-0471","676","12","Republican","225"
"22","0","DuPAGE","195","Niki Conforti","300","6TH CONGRESS","York 077-0494","456","12","Republican","191"
"22","0","DuPAGE","195","Niki Conforti","300","6TH CONGRESS","York 079-0497","704","12","Republican","251"
"22","0","DuPAGE","195","Niki Conforti","300","6TH CONGRESS","York 080-0500","24","12","Republican","1"
"22","0","DuPAGE","195","Niki Conforti","300","6TH CONGRESS","York 082-0503","797","12","Republican","367"
"22","0","DuPAGE","195","Niki Conforti","300","6TH CONGRESS","Lisle 003-0587","1089","12","Republican","322"
"22","0","DuPAGE","195","Niki Conforti","300","6TH CONGRESS","Lisle 003-0590","0","12","Republican","0"
"22","0","DuPAGE","195","Niki Conforti","300","6TH CONGRESS","Lisle 025-0619","742","12","Republican","198"
"22","0","DuPAGE","195","Niki Conforti","300","6TH CONGRESS","Downers Grove 010-0706","624","12","Republican","208"
"22","0","DuPAGE","195","Niki Conforti","300","6TH CONGRESS","Downers Grove 012-0709","2","12","Republican","0"
"22","0","DuPAGE","195","Niki Conforti","300","6TH CONGRESS","Downers Grove 014-0712","1079","12","Republican","312"
"22","0","DuPAGE","195","Niki Conforti","300","6TH CONGRESS","Downers Grove 024-0735","51","12","Republican","11"
"22","0","DuPAGE","195","Niki Conforti","300","6TH CONGRESS","Downers Grove 027-0738","1030","12","Republican","273"
"22","0","DuPAGE","195","Niki Conforti","300","6TH CONGRESS","Downers Grove 030-0741","918","12","Republican","314"
"22","0","DuPAGE","195","Niki Conforti","300","6TH CONGRESS","Downers Grove 048-0764","998","12","Republican","258"
"22","0","DuPAGE","195","Niki Conforti","300","6TH CONGRESS","Downers Grove 051-0767","1180","12","Republican","387"
"22","0","DuPAGE","195","Niki Conforti","300","6TH CONGRESS","Downers Grove 054-0770","1068","12","Republican","337"
"22","0","DuPAGE","195","Niki Conforti","300","6TH CONGRESS","Downers Grove 056-0773","1012","12","Republican","319"
"22","0","DuPAGE","195","Niki Conforti","300","6TH CONGRESS","Downers Grove 078-0799","1266","12","Republican","433"
"22","0","DuPAGE","195","Niki Conforti","300","6TH CONGRESS","Downers Grove 080-0802","478","12","Republican","161"
"22","0","DuPAGE","195","Niki Conforti","300","6TH CONGRESS","Downers Grove 082-0805","955","12","Republican","311"
"22","0","DuPAGE","50000","Write-in","300","6TH CONGRESS","Addison 044-0199","790","99","Nonpartisan","6"
"22","0","DuPAGE","50000","Write-in","300","6TH CONGRESS","Milton 050-0344","725","99","Nonpartisan","1"
"22","0","DuPAGE","50000","Write-in","300","6TH CONGRESS","Milton 052-0347","1060","99","Nonpartisan","2"
"22","0","DuPAGE","50000","Write-in","300","6TH CONGRESS","Milton 054-0350","1278","99","Nonpartisan","8"
"22","0","DuPAGE","50000","Write-in","300","6TH CONGRESS","Milton 073-0379","555","99","Nonpartisan","0"
"22","0","DuPAGE","50000","Write-in","300","6TH CONGRESS","York 007-0402","0","99","Nonpartisan","0"
"22","0","DuPAGE","50000","Write-in","300","6TH CONGRESS","York 008-0405","0","99","Nonpartisan","0"
"22","0","DuPAGE","50000","Write-in","300","6TH CONGRESS","York 031-0431","977","99","Nonpartisan","3"
"22","0","DuPAGE","50000","Write-in","300","6TH CONGRESS","York 034-0434","1062","99","Nonpartisan","3"
"22","0","DuPAGE","50000","Write-in","300","6TH CONGRESS","York 037-0437","1155","99","Nonpartisan","2"
"22","0","DuPAGE","50000","Write-in","300","6TH CONGRESS","York 040-0440","1131","99","Nonpartisan","1"
"22","0","DuPAGE","50000","Write-in","300","6TH CONGRESS","York 057-0460","5","99","Nonpartisan","0"
"22","0","DuPAGE","50000","Write-in","300","6TH CONGRESS","York 060-0466","1175","99","Nonpartisan","7"
"22","0","DuPAGE","50000","Write-in","300","6TH CONGRESS","York 063-0469","806","99","Nonpartisan","8"
"22","0","DuPAGE","50000","Write-in","300","6TH CONGRESS","York 083-0504","836","99","Nonpartisan","0"
"22","0","DuPAGE","50000","Write-in","300","6TH CONGRESS","Lisle 008-0597","1138","99","Nonpartisan","2"
"22","0","DuPAGE","50000","Write-in","300","6TH CONGRESS","Lisle 010-0600","602","99","Nonpartisan","2"
"22","0","DuPAGE","50000","Write-in","300","6TH CONGRESS","Lisle 033-0629","620","99","Nonpartisan","1"
"22","0","DuPAGE","50000","Write-in","300","6TH CONGRESS","Downers Grove 014-0713","0","99","Nonpartisan","0"
"22","0","DuPAGE","50000","Write-in","300","6TH CONGRESS","Downers Grove 015-0716","6","99","Nonpartisan","0"
"22","0","DuPAGE","50000","Write-in","300","6TH CONGRESS","Downers Grove 016-0719","43","99","Nonpartisan","0"
"22","0","DuPAGE","50000","Write-in","300","6TH CONGRESS","Downers Grove 017-0722","0","99","Nonpartisan","0"
"22","0","DuPAGE","50000","Write-in","300","6TH CONGRESS","Downers Grove 031-0742","1126","99","Nonpartisan","4"
"22","0","DuPAGE","50000","Write-in","300","6TH CONGRESS","Downers Grove 036-0748","404","99","Nonpartisan","0"
"22","0","DuPAGE","50000","Write-in","300","6TH CONGRESS","Downers Grove 039-0751","779","99","Nonpartisan","2"
"22","0","DuPAGE","50000","Write-in","300","6TH CONGRESS","Downers Grove 057-0774","1232","99","Nonpartisan","2"
"22","0","DuPAGE","50000","Write-in","300","6TH CONGRESS","Downers Grove 060-0777","1049","99","Nonpartisan","3"
"22","0","DuPAGE","50000","Write-in","300","6TH CONGRESS","Downers Grove 063-0780","1037","99","Nonpartisan","2"
"22","0","DuPAGE","50000","Write-in","300","6TH CONGRESS","Downers Grove 065-0783","534","99","Nonpartisan","2"
"22","0","DuPAGE","50000","Write-in","300","6TH CONGRESS","Downers Grove 080-0803","52","99","Nonpartisan","0"
"22","0","DuPAGE","50000","Write-in","300","6TH CONGRESS","Downers Grove 083-0806","1315","99","Nonpartisan","5"
"22","0","DuPAGE","50000","Write-in","300","6TH CONGRESS","Downers Grove 087-0812","1128","99","Nonpartisan","4"
"22","0","DuPAGE","50000","Write-in","300","6TH CONGRESS","Milton 061-0360","983","99","Nonpartisan","2"
"22","0","DuPAGE","50000","Write-in","300","6TH CONGRESS","Milton 063-0363","672","99","Nonpartisan","1"
"22","0","DuPAGE","50000","Write-in","300","6TH CONGRESS","Milton 079-0389","2","99","Nonpartisan","0"
"22","0","DuPAGE","50000","Write-in","300","6TH CONGRESS","Milton 081-0392","905","99","Nonpartisan","2"
"22","0","DuPAGE","50000","Write-in","300","6TH CONGRESS","York 001-0395","510","99","Nonpartisan","4"
"22","0","DuPAGE","50000","Write-in","300","6TH CONGRESS","York 017-0415","842","99","Nonpartisan","2"
"22","0","DuPAGE","50000","Write-in","300","6TH CONGRESS","York 022-0421","1119","99","Nonpartisan","0"
"22","0","DuPAGE","50000","Write-in","300","6TH CONGRESS","York 025-0424","1172","99","Nonpartisan","3"
"22","0","DuPAGE","50000","Write-in","300","6TH CONGRESS","York 046-0447","1072","99","Nonpartisan","10"
"22","0","DuPAGE","50000","Write-in","300","6TH CONGRESS","York 049-0450","984","99","Nonpartisan","1"
"22","0","DuPAGE","50000","Write-in","300","6TH CONGRESS","York 068-0476","838","99","Nonpartisan","6"
"22","0","DuPAGE","50000","Write-in","300","6TH CONGRESS","York 069-0479","945","99","Nonpartisan","5"
"22","0","DuPAGE","50000","Write-in","300","6TH CONGRESS","York 070-0482","0","99","Nonpartisan","0"
"22","0","DuPAGE","50000","Write-in","300","6TH CONGRESS","York 084-0505","932","99","Nonpartisan","1"
"22","0","DuPAGE","50000","Write-in","300","6TH CONGRESS","Lisle 006-0595","1263","99","Nonpartisan","0"
"22","0","DuPAGE","50000","Write-in","300","6TH CONGRESS","Lisle 009-0598","1065","99","Nonpartisan","0"
"22","0","DuPAGE","50000","Write-in","300","6TH CONGRESS","Lisle 010-0601","636","99","Nonpartisan","0"
"22","0","DuPAGE","50000","Write-in","300","6TH CONGRESS","Downers Grove 001-0691","594","99","Nonpartisan","0"
"22","0","DuPAGE","50000","Write-in","300","6TH CONGRESS","Downers Grove 003-0694","39","99","Nonpartisan","0"
"22","0","DuPAGE","50000","Write-in","300","6TH CONGRESS","Downers Grove 015-0717","91","99","Nonpartisan","0"
"22","0","DuPAGE","50000","Write-in","300","6TH CONGRESS","Downers Grove 016-0720","85","99","Nonpartisan","0"
"22","0","DuPAGE","50000","Write-in","300","6TH CONGRESS","Downers Grove 018-0723","586","99","Nonpartisan","2"
"22","0","DuPAGE","50000","Write-in","300","6TH CONGRESS","Downers Grove 018-0726","87","99","Nonpartisan","0"
"22","0","DuPAGE","50000","Write-in","300","6TH CONGRESS","Downers Grove 037-0749","1038","99","Nonpartisan","0"
"22","0","DuPAGE","50000","Write-in","300","6TH CONGRESS","Downers Grove 039-0752","438","99","Nonpartisan","2"
"22","0","DuPAGE","50000","Write-in","300","6TH CONGRESS","Downers Grove 061-0778","852","99","Nonpartisan","0"
"22","0","DuPAGE","50000","Write-in","300","6TH CONGRESS","Downers Grove 064-0781","910","99","Nonpartisan","2"
"22","0","DuPAGE","50000","Write-in","300","6TH CONGRESS","Downers Grove 066-0784","888","99","Nonpartisan","1"
"22","0","DuPAGE","50000","Write-in","300","6TH CONGRESS","Downers Grove 069-0787","196","99","Nonpartisan","1"
"22","0","DuPAGE","50000","Write-in","300","6TH CONGRESS","Downers Grove 084-0807","999","99","Nonpartisan","2"
"22","0","DuPAGE","50000","Write-in","300","6TH CONGRESS","Downers Grove 088-0813","741","99","Nonpartisan","0"
"22","0","DuPAGE","50000","Write-in","300","6TH CONGRESS","Downers Grove 091-0816","924","99","Nonpartisan","2"
"22","0","DuPAGE","50000","Write-in","300","6TH CONGRESS","York 076-0492","815","99","Nonpartisan","1"
"22","0","DuPAGE","50000","Write-in","300","6TH CONGRESS","York 077-0495","752","99","Nonpartisan","4"
"22","0","DuPAGE","50000","Write-in","300","6TH CONGRESS","York 079-0498","422","99","Nonpartisan","4"
"22","0","DuPAGE","50000","Write-in","300","6TH CONGRESS","Lisle 002-0585","959","99","Nonpartisan","5"
"22","0","DuPAGE","50000","Write-in","300","6TH CONGRESS","Lisle 003-0588","0","99","Nonpartisan","0"
"22","0","DuPAGE","50000","Write-in","300","6TH CONGRESS","Lisle 018-0611","13","99","Nonpartisan","0"
"22","0","DuPAGE","50000","Write-in","300","6TH CONGRESS","Lisle 023-0617","1262","99","Nonpartisan","3"
"22","0","DuPAGE","50000","Write-in","300","6TH CONGRESS","Lisle 025-0620","382","99","Nonpartisan","1"
"22","0","DuPAGE","50000","Write-in","300","6TH CONGRESS","Lisle 046-0649","649","99","Nonpartisan","1"
"22","0","DuPAGE","50000","Write-in","300","6TH CONGRESS","Downers Grove 009-0704","1141","99","Nonpartisan","3"
"22","0","DuPAGE","50000","Write-in","300","6TH CONGRESS","Downers Grove 013-0710","1076","99","Nonpartisan","0"
"22","0","DuPAGE","50000","Write-in","300","6TH CONGRESS","Downers Grove 025-0736","1022","99","Nonpartisan","0"
"22","0","DuPAGE","50000","Write-in","300","6TH CONGRESS","Downers Grove 028-0739","993","99","Nonpartisan","0"
"22","0","DuPAGE","50000","Write-in","300","6TH CONGRESS","Downers Grove 047-0762","1110","99","Nonpartisan","1"
"22","0","DuPAGE","50000","Write-in","300","6TH CONGRESS","Downers Grove 049-0765","960","99","Nonpartisan","2"
"22","0","DuPAGE","50000","Write-in","300","6TH CONGRESS","Downers Grove 052-0768","946","99","Nonpartisan","2"
"22","0","DuPAGE","50000","Write-in","300","6TH CONGRESS","Downers Grove 055-0771","494","99","Nonpartisan","0"
"22","0","DuPAGE","50000","Write-in","300","6TH CONGRESS","Downers Grove 072-0791","691","99","Nonpartisan","2"
"22","0","DuPAGE","50000","Write-in","300","6TH CONGRESS","Downers Grove 074-0794","950","99","Nonpartisan","3"
"22","0","DuPAGE","50000","Write-in","300","6TH CONGRESS","Downers Grove 079-0800","950","99","Nonpartisan","0"
"22","0","DuPAGE","50000","Write-in","300","6TH CONGRESS","Milton 065-0365","874","99","Nonpartisan","1"
"22","0","DuPAGE","50000","Write-in","300","6TH CONGRESS","Milton 066-0368","1057","99","Nonpartisan","2"
"22","0","DuPAGE","50000","Write-in","300","6TH CONGRESS","York 001-0394","587","99","Nonpartisan","0"
"22","0","DuPAGE","50000","Write-in","300","6TH CONGRESS","York 003-0397","988","99","Nonpartisan","0"
"22","0","DuPAGE","50000","Write-in","300","6TH CONGRESS","York 006-0400","988","99","Nonpartisan","2"
"22","0","DuPAGE","50000","Write-in","300","6TH CONGRESS","York 024-0423","1193","99","Nonpartisan","1"
"22","0","DuPAGE","50000","Write-in","300","6TH CONGRESS","York 027-0426","825","99","Nonpartisan","2"
"22","0","DuPAGE","50000","Write-in","300","6TH CONGRESS","York 032-0432","765","99","Nonpartisan","0"
"22","0","DuPAGE","50000","Write-in","300","6TH CONGRESS","York 054-0455","981","99","Nonpartisan","1"
"22","0","DuPAGE","50000","Write-in","300","6TH CONGRESS","York 055-0458","551","99","Nonpartisan","1"
"22","0","DuPAGE","50000","Write-in","300","6TH CONGRESS","York 057-0461","1127","99","Nonpartisan","1"
"22","0","DuPAGE","50000","Write-in","300","6TH CONGRESS","York 073-0487","210","99","Nonpartisan","2"
"22","0","DuPAGE","50000","Write-in","300","6TH CONGRESS","York 074-0490","17","99","Nonpartisan","0"
"22","0","DuPAGE","50000","Write-in","300","6TH CONGRESS","York 076-0493","37","99","Nonpartisan","0"
"22","0","DuPAGE","50000","Write-in","300","6TH CONGRESS","Lisle 017-0609","985","99","Nonpartisan","1"
"22","0","DuPAGE","50000","Write-in","300","6TH CONGRESS","Lisle 019-0612","903","99","Nonpartisan","1"
"22","0","DuPAGE","50000","Write-in","300","6TH CONGRESS","Downers Grove 003-0693","1134","99","Nonpartisan","1"
"22","0","DuPAGE","50000","Write-in","300","6TH CONGRESS","Downers Grove 004-0696","181","99","Nonpartisan","0"
"22","0","DuPAGE","50000","Write-in","300","6TH CONGRESS","Downers Grove 007-0702","1135","99","Nonpartisan","0"
"22","0","DuPAGE","50000","Write-in","300","6TH CONGRESS","Downers Grove 018-0725","104","99","Nonpartisan","0"
"22","0","DuPAGE","50000","Write-in","300","6TH CONGRESS","Downers Grove 024-0734","909","99","Nonpartisan","0"
"22","0","DuPAGE","50000","Write-in","300","6TH CONGRESS","Downers Grove 044-0757","539","99","Nonpartisan","0"
"22","0","DuPAGE","50000","Write-in","300","6TH CONGRESS","Downers Grove 046-0760","1242","99","Nonpartisan","3"
"22","0","DuPAGE","50000","Write-in","300","6TH CONGRESS","Downers Grove 047-0763","111","99","Nonpartisan","0"
"22","0","DuPAGE","50000","Write-in","300","6TH CONGRESS","Downers Grove 068-0786","1012","99","Nonpartisan","2"
"22","0","DuPAGE","50000","Write-in","300","6TH CONGRESS","Downers Grove 070-0789","869","99","Nonpartisan","4"
"22","0","DuPAGE","50000","Write-in","300","6TH CONGRESS","Downers Grove 072-0792","346","99","Nonpartisan","1"
"22","0","DuPAGE","50000","Write-in","300","6TH CONGRESS","Downers Grove 090-0815","1138","99","Nonpartisan","2"
"22","0","DuPAGE","50000","Write-in","300","6TH CONGRESS","Downers Grove 093-0818","1194","99","Nonpartisan","4"
"22","0","DuPAGE","50000","Write-in","300","6TH CONGRESS","Downers Grove 095-0821","819","99","Nonpartisan","6"
"22","0","DuPAGE","50000","Write-in","300","6TH CONGRESS","Milton 032-0323","1029","99","Nonpartisan","4"
"22","0","DuPAGE","50000","Write-in","300","6TH CONGRESS","Milton 034-0326","1215","99","Nonpartisan","1"
"22","0","DuPAGE","50000","Write-in","300","6TH CONGRESS","Milton 053-0349","7","99","Nonpartisan","0"
"22","0","DuPAGE","50000","Write-in","300","6TH CONGRESS","Milton 056-0352","1100","99","Nonpartisan","4"
"22","0","DuPAGE","50000","Write-in","300","6TH CONGRESS","Milton 072-0378","1226","99","Nonpartisan","2"
"22","0","DuPAGE","50000","Write-in","300","6TH CONGRESS","Milton 073-0381","4","99","Nonpartisan","0"
"22","0","DuPAGE","50000","Write-in","300","6TH CONGRESS","Milton 076-0384","1260","99","Nonpartisan","1"
"22","0","DuPAGE","50000","Write-in","300","6TH CONGRESS","Milton 078-0387","162","99","Nonpartisan","1"
"22","0","DuPAGE","50000","Write-in","300","6TH CONGRESS","York 010-0407","1303","99","Nonpartisan","1"
"22","0","DuPAGE","50000","Write-in","300","6TH CONGRESS","York 013-0410","1204","99","Nonpartisan","3"
"22","0","DuPAGE","50000","Write-in","300","6TH CONGRESS","York 016-0413","543","99","Nonpartisan","1"
"22","0","DuPAGE","50000","Write-in","300","6TH CONGRESS","York 017-0416","367","99","Nonpartisan","0"
"22","0","DuPAGE","50000","Write-in","300","6TH CONGRESS","York 039-0439","926","99","Nonpartisan","3"
"22","0","DuPAGE","50000","Write-in","300","6TH CONGRESS","York 041-0442","1189","99","Nonpartisan","2"
"22","0","DuPAGE","50000","Write-in","300","6TH CONGRESS","York 044-0445","1224","99","Nonpartisan","6"
"22","0","DuPAGE","50000","Write-in","300","6TH CONGRESS","York 062-0468","1057","99","Nonpartisan","7"
"22","0","DuPAGE","50000","Write-in","300","6TH CONGRESS","York 064-0471","676","99","Nonpartisan","1"
"22","0","DuPAGE","50000","Write-in","300","6TH CONGRESS","York 066-0474","1111","99","Nonpartisan","6"
"22","0","DuPAGE","50000","Write-in","300","6TH CONGRESS","York 068-0477","354","99","Nonpartisan","0"
"22","0","DuPAGE","50000","Write-in","300","6TH CONGRESS","York 079-0497","704","99","Nonpartisan","4"
"22","0","DuPAGE","50000","Write-in","300","6TH CONGRESS","York 080-0500","24","99","Nonpartisan","0"
"22","0","DuPAGE","50000","Write-in","300","6TH CONGRESS","York 082-0503","797","99","Nonpartisan","2"
"22","0","DuPAGE","50000","Write-in","300","6TH CONGRESS","York 084-0506","232","99","Nonpartisan","1"
"22","0","DuPAGE","50000","Write-in","300","6TH CONGRESS","Lisle 003-0590","0","99","Nonpartisan","0"
"22","0","DuPAGE","50000","Write-in","300","6TH CONGRESS","Lisle 007-0596","1099","99","Nonpartisan","1"
"22","0","DuPAGE","50000","Write-in","300","6TH CONGRESS","Lisle 025-0619","742","99","Nonpartisan","1"
"22","0","DuPAGE","50000","Write-in","300","6TH CONGRESS","Lisle 033-0628","293","99","Nonpartisan","0"
"22","0","DuPAGE","50000","Write-in","300","6TH CONGRESS","Downers Grove 012-0709","2","99","Nonpartisan","0"
"22","0","DuPAGE","50000","Write-in","300","6TH CONGRESS","Downers Grove 014-0712","1079","99","Nonpartisan","1"
"22","0","DuPAGE","50000","Write-in","300","6TH CONGRESS","Downers Grove 015-0715","973","99","Nonpartisan","2"
"22","0","DuPAGE","50000","Write-in","300","6TH CONGRESS","Downers Grove 016-0718","1033","99","Nonpartisan","0"
"22","0","DuPAGE","50000","Write-in","300","6TH CONGRESS","Downers Grove 030-0741","918","99","Nonpartisan","1"
"22","0","DuPAGE","50000","Write-in","300","6TH CONGRESS","Downers Grove 036-0747","486","99","Nonpartisan","0"
"22","0","DuPAGE","50000","Write-in","300","6TH CONGRESS","Downers Grove 054-0770","1068","99","Nonpartisan","2"
"22","0","DuPAGE","50000","Write-in","300","6TH CONGRESS","Downers Grove 056-0773","1012","99","Nonpartisan","2"
"22","0","DuPAGE","50000","Write-in","300","6TH CONGRESS","Downers Grove 059-0776","1318","99","Nonpartisan","3"
"22","0","DuPAGE","50000","Write-in","300","6TH CONGRESS","Downers Grove 062-0779","1193","99","Nonpartisan","1"
"22","0","DuPAGE","50000","Write-in","300","6TH CONGRESS","Downers Grove 078-0799","1266","99","Nonpartisan","2"
"22","0","DuPAGE","50000","Write-in","300","6TH CONGRESS","Downers Grove 080-0802","478","99","Nonpartisan","1"
"22","0","DuPAGE","50000","Write-in","300","6TH CONGRESS","Downers Grove 082-0805","955","99","Nonpartisan","1"
"105","0","CITY OF CHICAGO","0","Over Votes","300","6TH CONGRESS","Ward 13 Precinct 21","704","0","","0"
"105","0","CITY OF CHICAGO","0","Under Votes","300","6TH CONGRESS","Ward 13 Precinct 21","704","0","","32"
"105","0","CITY OF CHICAGO","0","Over Votes","300","6TH CONGRESS","Ward 13 Precinct 34","835","0","","1"
"105","0","CITY OF CHICAGO","0","Under Votes","300","6TH CONGRESS","Ward 13 Precinct 34","835","0","","43"
"105","0","CITY OF CHICAGO","0","Under Votes","300","6TH CONGRESS","Ward 19 Precinct 01","1442","0","","65"
"105","0","CITY OF CHICAGO","0","Over Votes","300","6TH CONGRESS","Ward 19 Precinct 01","1442","0","","0"
"105","0","CITY OF CHICAGO","0","Under Votes","300","6TH CONGRESS","Ward 19 Precinct 23","981","0","","35"
"105","0","CITY OF CHICAGO","0","Over Votes","300","6TH CONGRESS","Ward 19 Precinct 23","981","0","","0"
"105","0","CITY OF CHICAGO","0","Under Votes","300","6TH CONGRESS","Ward 19 Precinct 34","1547","0","","59"
"105","0","CITY OF CHICAGO","0","Over Votes","300","6TH CONGRESS","Ward 19 Precinct 34","1547","0","","0"
"105","0","CITY OF CHICAGO","0","Under Votes","300","6TH CONGRESS","Ward 13 Precinct 15","666","0","","31"
"105","0","CITY OF CHICAGO","0","Over Votes","300","6TH CONGRESS","Ward 13 Precinct 15","666","0","","0"
"105","0","CITY OF CHICAGO","0","Under Votes","300","6TH CONGRESS","Ward 13 Precinct 30","788","0","","35"
"105","0","CITY OF CHICAGO","0","Over Votes","300","6TH CONGRESS","Ward 13 Precinct 30","788","0","","0"
"105","0","CITY OF CHICAGO","0","Under Votes","300","6TH CONGRESS","Ward 13 Precinct 40","710","0","","37"
"105","0","CITY OF CHICAGO","0","Over Votes","300","6TH CONGRESS","Ward 13 Precinct 40","710","0","","1"
"105","0","CITY OF CHICAGO","0","Under Votes","300","6TH CONGRESS","Ward 19 Precinct 19","1030","0","","26"
"105","0","CITY OF CHICAGO","0","Over Votes","300","6TH CONGRESS","Ward 19 Precinct 19","1030","0","","0"
"105","0","CITY OF CHICAGO","0","Under Votes","300","6TH CONGRESS","Ward 19 Precinct 30","981","0","","53"
"105","0","CITY OF CHICAGO","0","Over Votes","300","6TH CONGRESS","Ward 19 Precinct 30","981","0","","0"
"105","0","CITY OF CHICAGO","0","Under Votes","300","6TH CONGRESS","Ward 23 Precinct 06","446","0","","17"
"105","0","CITY OF CHICAGO","0","Over Votes","300","6TH CONGRESS","Ward 23 Precinct 06","446","0","","0"
"105","0","CITY OF CHICAGO","0","Over Votes","300","6TH CONGRESS","Ward 19 Precinct 22","953","0","","0"
"105","0","CITY OF CHICAGO","0","Under Votes","300","6TH CONGRESS","Ward 19 Precinct 22","953","0","","34"
"105","0","CITY OF CHICAGO","0","Over Votes","300","6TH CONGRESS","Ward 19 Precinct 33","722","0","","0"
"105","0","CITY OF CHICAGO","0","Under Votes","300","6TH CONGRESS","Ward 19 Precinct 33","722","0","","31"
"105","0","CITY OF CHICAGO","0","Over Votes","300","6TH CONGRESS","Ward 23 Precinct 08","694","0","","0"
"105","0","CITY OF CHICAGO","0","Under Votes","300","6TH CONGRESS","Ward 23 Precinct 08","694","0","","30"
"105","0","CITY OF CHICAGO","0","Over Votes","300","6TH CONGRESS","Ward 23 Precinct 10","1119","0","","0"
"105","0","CITY OF CHICAGO","0","Under Votes","300","6TH CONGRESS","Ward 23 Precinct 10","1119","0","","70"
"105","0","CITY OF CHICAGO","0","Over Votes","300","6TH CONGRESS","Ward 13 Precinct 09","838","0","","0"
"105","0","CITY OF CHICAGO","0","Under Votes","300","6TH CONGRESS","Ward 13 Precinct 09","838","0","","42"
"105","0","CITY OF CHICAGO","0","Over Votes","300","6TH CONGRESS","Ward 13 Precinct 11","589","0","","0"
"105","0","CITY OF CHICAGO","0","Under Votes","300","6TH CONGRESS","Ward 13 Precinct 11","589","0","","41"
"105","0","CITY OF CHICAGO","0","Over Votes","300","6TH CONGRESS","Ward 13 Precinct 37","790","0","","0"
"105","0","CITY OF CHICAGO","0","Under Votes","300","6TH CONGRESS","Ward 13 Precinct 37","790","0","","37"
"105","0","CITY OF CHICAGO","0","Over Votes","300","6TH CONGRESS","Ward 13 Precinct 39","777","0","","0"
"105","0","CITY OF CHICAGO","0","Under Votes","300","6TH CONGRESS","Ward 13 Precinct 39","777","0","","35"
"105","0","CITY OF CHICAGO","0","Over Votes","300","6TH CONGRESS","Ward 19 Precinct 04","1013","0","","0"
"105","0","CITY OF CHICAGO","0","Under Votes","300","6TH CONGRESS","Ward 19 Precinct 04","1013","0","","39"
"105","0","CITY OF CHICAGO","0","Over Votes","300","6TH CONGRESS","Ward 19 Precinct 07","1368","0","","2"
"105","0","CITY OF CHICAGO","0","Under Votes","300","6TH CONGRESS","Ward 19 Precinct 07","1368","0","","63"
"105","0","CITY OF CHICAGO","0","Under Votes","300","6TH CONGRESS","Ward 19 Precinct 15","829","0","","38"
"105","0","CITY OF CHICAGO","0","Over Votes","300","6TH CONGRESS","Ward 19 Precinct 15","829","0","","1"
"105","0","CITY OF CHICAGO","0","Over Votes","300","6TH CONGRESS","Ward 19 Precinct 18","895","0","","0"
"105","0","CITY OF CHICAGO","0","Under Votes","300","6TH CONGRESS","Ward 19 Precinct 18","895","0","","51"
"105","0","CITY OF CHICAGO","0","Over Votes","300","6TH CONGRESS","Ward 19 Precinct 29","1306","0","","0"
"105","0","CITY OF CHICAGO","0","Under Votes","300","6TH CONGRESS","Ward 19 Precinct 29","1306","0","","52"
"105","0","CITY OF CHICAGO","0","Under Votes","300","6TH CONGRESS","Ward 23 Precinct 02","974","0","","54"
"105","0","CITY OF CHICAGO","0","Over Votes","300","6TH CONGRESS","Ward 23 Precinct 02","974","0","","0"
"105","0","CITY OF CHICAGO","0","Over Votes","300","6TH CONGRESS","Ward 23 Precinct 05","759","0","","0"
"105","0","CITY OF CHICAGO","0","Under Votes","300","6TH CONGRESS","Ward 23 Precinct 05","759","0","","37"
"105","0","CITY OF CHICAGO","0","Over Votes","300","6TH CONGRESS","Ward 13 Precinct 13","609","0","","0"
"105","0","CITY OF CHICAGO","0","Under Votes","300","6TH CONGRESS","Ward 13 Precinct 13","609","0","","21"
"105","0","CITY OF CHICAGO","0","Over Votes","300","6TH CONGRESS","Ward 19 Precinct 06","1079","0","","0"
"105","0","CITY OF CHICAGO","0","Under Votes","300","6TH CONGRESS","Ward 19 Precinct 06","1079","0","","43"
"105","0","CITY OF CHICAGO","0","Over Votes","300","6TH CONGRESS","Ward 19 Precinct 17","885","0","","0"
"105","0","CITY OF CHICAGO","0","Under Votes","300","6TH CONGRESS","Ward 19 Precinct 17","885","0","","40"
"105","0","CITY OF CHICAGO","0","Over Votes","300","6TH CONGRESS","Ward 19 Precinct 31","1405","0","","0"
"105","0","CITY OF CHICAGO","0","Under Votes","300","6TH CONGRESS","Ward 19 Precinct 31","1405","0","","10"
"105","0","CITY OF CHICAGO","0","Over Votes","300","6TH CONGRESS","Ward 23 Precinct 04","437","0","","0"
"105","0","CITY OF CHICAGO","0","Under Votes","300","6TH CONGRESS","Ward 23 Precinct 04","437","0","","26"
"105","0","CITY OF CHICAGO","0","Over Votes","300","6TH CONGRESS","Ward 23 Precinct 07","682","0","","0"
"105","0","CITY OF CHICAGO","0","Under Votes","300","6TH CONGRESS","Ward 23 Precinct 07","682","0","","46"
"105","0","CITY OF CHICAGO","0","Under Votes","300","6TH CONGRESS","Ward 13 Precinct 20","820","0","","42"
"105","0","CITY OF CHICAGO","0","Over Votes","300","6TH CONGRESS","Ward 13 Precinct 20","820","0","","0"
"105","0","CITY OF CHICAGO","0","Under Votes","300","6TH CONGRESS","Ward 13 Precinct 23","803","0","","46"
"105","0","CITY OF CHICAGO","0","Over Votes","300","6TH CONGRESS","Ward 13 Precinct 23","803","0","","0"
"105","0","CITY OF CHICAGO","0","Over Votes","300","6TH CONGRESS","Ward 19 Precinct 03","1006","0","","0"
"105","0","CITY OF CHICAGO","0","Under Votes","300","6TH CONGRESS","Ward 19 Precinct 03","1006","0","","36"
"105","0","CITY OF CHICAGO","0","Over Votes","300","6TH CONGRESS","Ward 19 Precinct 25","867","0","","1"
"105","0","CITY OF CHICAGO","0","Under Votes","300","6TH CONGRESS","Ward 19 Precinct 25","867","0","","25"
"105","0","CITY OF CHICAGO","0","Over Votes","300","6TH CONGRESS","Ward 19 Precinct 36","835","0","","0"
"105","0","CITY OF CHICAGO","0","Under Votes","300","6TH CONGRESS","Ward 19 Precinct 36","835","0","","15"
"105","0","CITY OF CHICAGO","0","Over Votes","300","6TH CONGRESS","Ward 23 Precinct 01","546","0","","0"
"105","0","CITY OF CHICAGO","0","Under Votes","300","6TH CONGRESS","Ward 23 Precinct 01","546","0","","21"
"105","0","CITY OF CHICAGO","0","Over Votes","300","6TH CONGRESS","Ward 13 Precinct 03","857","0","","0"
"105","0","CITY OF CHICAGO","0","Under Votes","300","6TH CONGRESS","Ward 13 Precinct 03","857","0","","45"
"105","0","CITY OF CHICAGO","0","Over Votes","300","6TH CONGRESS","Ward 13 Precinct 19","540","0","","0"
"105","0","CITY OF CHICAGO","0","Under Votes","300","6TH CONGRESS","Ward 13 Precinct 19","540","0","","33"
"105","0","CITY OF CHICAGO","0","Over Votes","300","6TH CONGRESS","Ward 13 Precinct 31","616","0","","0"
"105","0","CITY OF CHICAGO","0","Under Votes","300","6TH CONGRESS","Ward 13 Precinct 31","616","0","","26"
"105","0","CITY OF CHICAGO","0","Over Votes","300","6TH CONGRESS","Ward 19 Precinct 10","916","0","","0"
"105","0","CITY OF CHICAGO","0","Under Votes","300","6TH CONGRESS","Ward 19 Precinct 10","916","0","","33"
"105","0","CITY OF CHICAGO","0","Over Votes","300","6TH CONGRESS","Ward 19 Precinct 11","923","0","","0"
"105","0","CITY OF CHICAGO","0","Under Votes","300","6TH CONGRESS","Ward 19 Precinct 11","923","0","","36"
"105","0","CITY OF CHICAGO","0","Over Votes","300","6TH CONGRESS","Ward 19 Precinct 12","1325","0","","1"
"105","0","CITY OF CHICAGO","0","Under Votes","300","6TH CONGRESS","Ward 19 Precinct 12","1325","0","","67"
"105","0","CITY OF CHICAGO","0","Over Votes","300","6TH CONGRESS","Ward 19 Precinct 21","1494","0","","0"
"105","0","CITY OF CHICAGO","0","Under Votes","300","6TH CONGRESS","Ward 19 Precinct 21","1494","0","","88"
"105","0","CITY OF CHICAGO","0","Over Votes","300","6TH CONGRESS","Ward 19 Precinct 24","926","0","","0"
"105","0","CITY OF CHICAGO","0","Under Votes","300","6TH CONGRESS","Ward 19 Precinct 24","926","0","","31"
"105","0","CITY OF CHICAGO","0","Over Votes","300","6TH CONGRESS","Ward 19 Precinct 35","977","0","","0"
"105","0","CITY OF CHICAGO","0","Under Votes","300","6TH CONGRESS","Ward 19 Precinct 35","977","0","","25"
"105","0","CITY OF CHICAGO","0","Over Votes","300","6TH CONGRESS","Ward 23 Precinct 09","991","0","","1"
"105","0","CITY OF CHICAGO","0","Under Votes","300","6TH CONGRESS","Ward 23 Precinct 09","991","0","","51"
"105","0","CITY OF CHICAGO","0","Over Votes","300","6TH CONGRESS","Ward 13 Precinct 07","621","0","","0"
"105","0","CITY OF CHICAGO","0","Under Votes","300","6TH CONGRESS","Ward 13 Precinct 07","621","0","","32"
"105","0","CITY OF CHICAGO","0","Under Votes","300","6TH CONGRESS","Ward 13 Precinct 10","870","0","","40"
"105","0","CITY OF CHICAGO","0","Over Votes","300","6TH CONGRESS","Ward 13 Precinct 10","870","0","","0"
"105","0","CITY OF CHICAGO","0","Over Votes","300","6TH CONGRESS","Ward 13 Precinct 35","944","0","","0"
"105","0","CITY OF CHICAGO","0","Under Votes","300","6TH CONGRESS","Ward 13 Precinct 35","944","0","","34"
"105","0","CITY OF CHICAGO","0","Under Votes","300","6TH CONGRESS","Ward 19 Precinct 02","1209","0","","39"
"105","0","CITY OF CHICAGO","0","Over Votes","300","6TH CONGRESS","Ward 19 Precinct 02","1209","0","","0"
"105","0","CITY OF CHICAGO","0","Under Votes","300","6TH CONGRESS","Ward 19 Precinct 05","939","0","","28"
"105","0","CITY OF CHICAGO","0","Over Votes","300","6TH CONGRESS","Ward 19 Precinct 05","939","0","","0"
"105","0","CITY OF CHICAGO","0","Under Votes","300","6TH CONGRESS","Ward 19 Precinct 16","925","0","","42"
"105","0","CITY OF CHICAGO","0","Over Votes","300","6TH CONGRESS","Ward 19 Precinct 16","925","0","","0"
"105","0","CITY OF CHICAGO","0","Over Votes","300","6TH CONGRESS","Ward 19 Precinct 26","806","0","","0"
"105","0","CITY OF CHICAGO","0","Under Votes","300","6TH CONGRESS","Ward 19 Precinct 26","806","0","","7"
"105","0","CITY OF CHICAGO","0","Under Votes","300","6TH CONGRESS","Ward 23 Precinct 03","587","0","","29"
"105","0","CITY OF CHICAGO","0","Over Votes","300","6TH CONGRESS","Ward 23 Precinct 03","587","0","","0"
"16","0","COOK","0","Under Votes","300","6TH CONGRESS","7900038","770","0","","44"
"16","0","COOK","0","Over Votes","300","6TH CONGRESS","7900038","770","0","","3"
"16","0","COOK","0","Under Votes","300","6TH CONGRESS","7900039","953","0","","27"
"16","0","COOK","0","Over Votes","300","6TH CONGRESS","7900039","953","0","","0"
"16","0","COOK","0","Over Votes","300","6TH CONGRESS","8600006","1442","0","","1"
"16","0","COOK","0","Under Votes","300","6TH CONGRESS","8600006","1442","0","","36"
"16","0","COOK","0","Over Votes","300","6TH CONGRESS","8600007","1383","0","","0"
"16","0","COOK","0","Under Votes","300","6TH CONGRESS","8600007","1383","0","","46"
"16","0","COOK","0","Over Votes","300","6TH CONGRESS","8600013","1366","0","","0"
"16","0","COOK","0","Under Votes","300","6TH CONGRESS","8600013","1366","0","","66"
"16","0","COOK","0","Over Votes","300","6TH CONGRESS","8600014","1076","0","","0"
"16","0","COOK","0","Under Votes","300","6TH CONGRESS","8600014","1076","0","","35"
"16","0","COOK","0","Over Votes","300","6TH CONGRESS","8600015","1615","0","","0"
"16","0","COOK","0","Under Votes","300","6TH CONGRESS","8600015","1615","0","","7"
"16","0","COOK","0","Over Votes","300","6TH CONGRESS","8600023","1628","0","","0"
"16","0","COOK","0","Under Votes","300","6TH CONGRESS","8600023","1628","0","","80"
"16","0","COOK","0","Over Votes","300","6TH CONGRESS","8600032","1641","0","","0"
"16","0","COOK","0","Under Votes","300","6TH CONGRESS","8600032","1641","0","","92"
"16","0","COOK","0","Over Votes","300","6TH CONGRESS","8600046","776","0","","0"
"16","0","COOK","0","Under Votes","300","6TH CONGRESS","8600046","776","0","","23"
"16","0","COOK","0","Over Votes","300","6TH CONGRESS","8600058","939","0","","0"
"16","0","COOK","0","Under Votes","300","6TH CONGRESS","8600058","939","0","","42"
"16","0","COOK","0","Over Votes","300","6TH CONGRESS","8800009","1557","0","","0"
"16","0","COOK","0","Under Votes","300","6TH CONGRESS","8800009","1557","0","","52"
"16","0","COOK","0","Over Votes","300","6TH CONGRESS","8800018","1230","0","","0"
"16","0","COOK","0","Under Votes","300","6TH CONGRESS","8800018","1230","0","","77"
"16","0","COOK","0","Over Votes","300","6TH CONGRESS","8800035","1436","0","","0"
"16","0","COOK","0","Under Votes","300","6TH CONGRESS","8800035","1436","0","","66"
"16","0","COOK","0","Over Votes","300","6TH CONGRESS","8900023","1181","0","","0"
"16","0","COOK","0","Under Votes","300","6TH CONGRESS","8900023","1181","0","","5"
"16","0","COOK","0","Over Votes","300","6TH CONGRESS","9700009","1221","0","","0"
"16","0","COOK","0","Under Votes","300","6TH CONGRESS","9700009","1221","0","","34"
"16","0","COOK","0","Over Votes","300","6TH CONGRESS","9700010","1154","0","","0"
"16","0","COOK","0","Under Votes","300","6TH CONGRESS","9700010","1154","0","","34"
"16","0","COOK","0","Over Votes","300","6TH CONGRESS","9700034","1117","0","","0"
"16","0","COOK","0","Under Votes","300","6TH CONGRESS","9700034","1117","0","","49"
"16","0","COOK","0","Over Votes","300","6TH CONGRESS","9700036","1092","0","","0"
"16","0","COOK","0","Under Votes","300","6TH CONGRESS","9700036","1092","0","","31"
"16","0","COOK","0","Over Votes","300","6TH CONGRESS","9700043","638","0","","0"
"16","0","COOK","0","Under Votes","300","6TH CONGRESS","9700043","638","0","","9"
"16","0","COOK","0","Over Votes","300","6TH CONGRESS","9700045","1702","0","","0"
"16","0","COOK","0","Under Votes","300","6TH CONGRESS","9700045","1702","0","","62"
"16","0","COOK","0","Over Votes","300","6TH CONGRESS","9700053","1626","0","","0"
"16","0","COOK","0","Under Votes","300","6TH CONGRESS","9700053","1626","0","","71"
"16","0","COOK","0","Over Votes","300","6TH CONGRESS","9700072","1401","0","","0"
"16","0","COOK","0","Under Votes","300","6TH CONGRESS","9700072","1401","0","","82"
"16","0","COOK","0","Over Votes","300","6TH CONGRESS","9700074","1756","0","","0"
"16","0","COOK","0","Under Votes","300","6TH CONGRESS","9700074","1756","0","","69"
"16","0","COOK","0","Over Votes","300","6TH CONGRESS","7200019","1562","0","","0"
"16","0","COOK","0","Under Votes","300","6TH CONGRESS","7200019","1562","0","","43"
"16","0","COOK","0","Over Votes","300","6TH CONGRESS","7200020","1424","0","","0"
"16","0","COOK","0","Under Votes","300","6TH CONGRESS","7200020","1424","0","","50"
"16","0","COOK","0","Over Votes","300","6TH CONGRESS","7200034","1287","0","","0"
"16","0","COOK","0","Under Votes","300","6TH CONGRESS","7200034","1287","0","","50"
"16","0","COOK","0","Under Votes","300","6TH CONGRESS","7200050","1699","0","","57"
"16","0","COOK","0","Over Votes","300","6TH CONGRESS","7200050","1699","0","","0"
"16","0","COOK","0","Over Votes","300","6TH CONGRESS","7900004","691","0","","0"
"16","0","COOK","0","Under Votes","300","6TH CONGRESS","7900004","691","0","","32"
"16","0","COOK","0","Over Votes","300","6TH CONGRESS","7900021","1373","0","","0"
"16","0","COOK","0","Under Votes","300","6TH CONGRESS","7900021","1373","0","","25"
"16","0","COOK","0","Over Votes","300","6TH CONGRESS","7900024","1602","0","","1"
"16","0","COOK","0","Under Votes","300","6TH CONGRESS","7900024","1602","0","","36"
"16","0","COOK","0","Under Votes","300","6TH CONGRESS","7900032","409","0","","16"
"16","0","COOK","0","Over Votes","300","6TH CONGRESS","7900032","409","0","","0"
"16","0","COOK","0","Over Votes","300","6TH CONGRESS","7900035","1058","0","","0"
"16","0","COOK","0","Under Votes","300","6TH CONGRESS","7900035","1058","0","","48"
"16","0","COOK","0","Over Votes","300","6TH CONGRESS","7900042","872","0","","0"
"16","0","COOK","0","Under Votes","300","6TH CONGRESS","7900042","872","0","","20"
"16","0","COOK","0","Over Votes","300","6TH CONGRESS","7900043","786","0","","0"
"16","0","COOK","0","Under Votes","300","6TH CONGRESS","7900043","786","0","","13"
"16","0","COOK","0","Over Votes","300","6TH CONGRESS","7900048","1052","0","","0"
"16","0","COOK","0","Under Votes","300","6TH CONGRESS","7900048","1052","0","","38"
"16","0","COOK","0","Under Votes","300","6TH CONGRESS","8600002","1154","0","","52"
"16","0","COOK","0","Over Votes","300","6TH CONGRESS","8600002","1154","0","","0"
"16","0","COOK","0","Under Votes","300","6TH CONGRESS","8600018","1317","0","","64"
"16","0","COOK","0","Over Votes","300","6TH CONGRESS","8600018","1317","0","","0"
"16","0","COOK","0","Under Votes","300","6TH CONGRESS","8600020","1392","0","","49"
"16","0","COOK","0","Over Votes","300","6TH CONGRESS","8600020","1392","0","","1"
"16","0","COOK","0","Under Votes","300","6TH CONGRESS","8600021","1156","0","","50"
"16","0","COOK","0","Over Votes","300","6TH CONGRESS","8600021","1156","0","","0"
"16","0","COOK","0","Under Votes","300","6TH CONGRESS","8800007","1222","0","","68"
"16","0","COOK","0","Over Votes","300","6TH CONGRESS","8800007","1222","0","","0"
"16","0","COOK","0","Under Votes","300","6TH CONGRESS","8800022","265","0","","11"
"16","0","COOK","0","Over Votes","300","6TH CONGRESS","8800022","265","0","","0"
"16","0","COOK","0","Under Votes","300","6TH CONGRESS","8800031","1190","0","","67"
"16","0","COOK","0","Over Votes","300","6TH CONGRESS","8800031","1190","0","","0"
"16","0","COOK","0","Under Votes","300","6TH CONGRESS","8900046","250","0","","4"
"16","0","COOK","0","Over Votes","300","6TH CONGRESS","8900046","250","0","","0"
"16","0","COOK","0","Under Votes","300","6TH CONGRESS","9700003","963","0","","35"
"16","0","COOK","0","Over Votes","300","6TH CONGRESS","9700003","963","0","","0"
"16","0","COOK","0","Under Votes","300","6TH CONGRESS","9700005","1761","0","","71"
"16","0","COOK","0","Over Votes","300","6TH CONGRESS","9700005","1761","0","","0"
"16","0","COOK","0","Under Votes","300","6TH CONGRESS","9700027","864","0","","41"
"16","0","COOK","0","Over Votes","300","6TH CONGRESS","9700027","864","0","","0"
"16","0","COOK","0","Under Votes","300","6TH CONGRESS","9700030","1686","0","","69"
"16","0","COOK","0","Over Votes","300","6TH CONGRESS","9700030","1686","0","","0"
"16","0","COOK","0","Under Votes","300","6TH CONGRESS","9700040","1123","0","","43"
"16","0","COOK","0","Over Votes","300","6TH CONGRESS","9700040","1123","0","","0"
"16","0","COOK","0","Under Votes","300","6TH CONGRESS","9700049","1090","0","","55"
"16","0","COOK","0","Over Votes","300","6TH CONGRESS","9700049","1090","0","","0"
"16","0","COOK","0","Under Votes","300","6TH CONGRESS","9700050","1101","0","","32"
"16","0","COOK","0","Over Votes","300","6TH CONGRESS","9700050","1101","0","","0"
"16","0","COOK","0","Under Votes","300","6TH CONGRESS","9700058","1854","0","","39"
"16","0","COOK","0","Over Votes","300","6TH CONGRESS","9700058","1854","0","","0"
"16","0","COOK","0","Under Votes","300","6TH CONGRESS","9700060","599","0","","25"
"16","0","COOK","0","Over Votes","300","6TH CONGRESS","9700060","599","0","","0"
"16","0","COOK","0","Under Votes","300","6TH CONGRESS","9700067","1600","0","","63"
"16","0","COOK","0","Over Votes","300","6TH CONGRESS","9700067","1600","0","","0"
"16","0","COOK","0","Under Votes","300","6TH CONGRESS","9700076","1197","0","","57"
"16","0","COOK","0","Over Votes","300","6TH CONGRESS","9700076","1197","0","","1"
"16","0","COOK","0","Under Votes","300","6TH CONGRESS","7200058","1096","0","","42"
"16","0","COOK","0","Over Votes","300","6TH CONGRESS","7200058","1096","0","","0"
"16","0","COOK","0","Under Votes","300","6TH CONGRESS","7200064","1197","0","","42"
"16","0","COOK","0","Over Votes","300","6TH CONGRESS","7200064","1197","0","","0"
"16","0","COOK","0","Under Votes","300","6TH CONGRESS","7900023","1257","0","","44"
"16","0","COOK","0","Over Votes","300","6TH CONGRESS","7900023","1257","0","","0"
"16","0","COOK","0","Under Votes","300","6TH CONGRESS","7900025","984","0","","29"
"16","0","COOK","0","Over Votes","300","6TH CONGRESS","7900025","984","0","","0"
"16","0","COOK","0","Under Votes","300","6TH CONGRESS","7900034","460","0","","19"
"16","0","COOK","0","Over Votes","300","6TH CONGRESS","7900034","460","0","","0"
"16","0","COOK","0","Under Votes","300","6TH CONGRESS","7900036","1789","0","","79"
"16","0","COOK","0","Over Votes","300","6TH CONGRESS","7900036","1789","0","","0"
"16","0","COOK","0","Under Votes","300","6TH CONGRESS","7900050","1119","0","","11"
"16","0","COOK","0","Over Votes","300","6TH CONGRESS","7900050","1119","0","","0"
"16","0","COOK","0","Under Votes","300","6TH CONGRESS","7900051","1022","0","","54"
"16","0","COOK","0","Over Votes","300","6TH CONGRESS","7900051","1022","0","","1"
"16","0","COOK","0","Under Votes","300","6TH CONGRESS","7900066","959","0","","15"
"16","0","COOK","0","Over Votes","300","6TH CONGRESS","7900066","959","0","","0"
"16","0","COOK","0","Under Votes","300","6TH CONGRESS","7900068","847","0","","21"
"16","0","COOK","0","Over Votes","300","6TH CONGRESS","7900068","847","0","","0"
"16","0","COOK","0","Over Votes","300","6TH CONGRESS","8600001","1608","0","","0"
"16","0","COOK","0","Under Votes","300","6TH CONGRESS","8600001","1608","0","","72"
"16","0","COOK","0","Over Votes","300","6TH CONGRESS","8600010","1109","0","","0"
"16","0","COOK","0","Under Votes","300","6TH CONGRESS","8600010","1109","0","","41"
"16","0","COOK","0","Over Votes","300","6TH CONGRESS","8600019","754","0","","0"
"16","0","COOK","0","Under Votes","300","6TH CONGRESS","8600019","754","0","","22"
"16","0","COOK","0","Over Votes","300","6TH CONGRESS","8600031","809","0","","1"
"16","0","COOK","0","Under Votes","300","6TH CONGRESS","8600031","809","0","","22"
"16","0","COOK","0","Over Votes","300","6TH CONGRESS","8600041","914","0","","0"
"16","0","COOK","0","Under Votes","300","6TH CONGRESS","8600041","914","0","","30"
"16","0","COOK","0","Over Votes","300","6TH CONGRESS","8600054","1056","0","","0"
"16","0","COOK","0","Under Votes","300","6TH CONGRESS","8600054","1056","0","","46"
"16","0","COOK","0","Over Votes","300","6TH CONGRESS","8800005","791","0","","0"
"16","0","COOK","0","Under Votes","300","6TH CONGRESS","8800005","791","0","","56"
"16","0","COOK","0","Over Votes","300","6TH CONGRESS","8800006","772","0","","0"
"16","0","COOK","0","Under Votes","300","6TH CONGRESS","8800006","772","0","","21"
"16","0","COOK","0","Over Votes","300","6TH CONGRESS","8800015","1775","0","","0"
"16","0","COOK","0","Under Votes","300","6TH CONGRESS","8800015","1775","0","","81"
"16","0","COOK","0","Over Votes","300","6TH CONGRESS","8800016","1206","0","","0"
"16","0","COOK","0","Under Votes","300","6TH CONGRESS","8800016","1206","0","","58"
"16","0","COOK","0","Over Votes","300","6TH CONGRESS","8800030","1061","0","","0"
"16","0","COOK","0","Under Votes","300","6TH CONGRESS","8800030","1061","0","","58"
"16","0","COOK","0","Over Votes","300","6TH CONGRESS","8800033","1256","0","","0"
"16","0","COOK","0","Under Votes","300","6TH CONGRESS","8800033","1256","0","","52"
"16","0","COOK","0","Over Votes","300","6TH CONGRESS","9700006","1427","0","","1"
"16","0","COOK","0","Under Votes","300","6TH CONGRESS","9700006","1427","0","","64"
"16","0","COOK","0","Over Votes","300","6TH CONGRESS","9700016","1362","0","","0"
"16","0","COOK","0","Under Votes","300","6TH CONGRESS","9700016","1362","0","","56"
"16","0","COOK","0","Over Votes","300","6TH CONGRESS","9700022","865","0","","0"
"16","0","COOK","0","Under Votes","300","6TH CONGRESS","9700022","865","0","","40"
"16","0","COOK","0","Over Votes","300","6TH CONGRESS","9700023","1682","0","","1"
"16","0","COOK","0","Under Votes","300","6TH CONGRESS","9700023","1682","0","","73"
"16","0","COOK","0","Over Votes","300","6TH CONGRESS","9700032","1422","0","","0"
"16","0","COOK","0","Under Votes","300","6TH CONGRESS","9700032","1422","0","","59"
"16","0","COOK","0","Over Votes","300","6TH CONGRESS","9700039","885","0","","0"
"16","0","COOK","0","Under Votes","300","6TH CONGRESS","9700039","885","0","","32"
"16","0","COOK","0","Over Votes","300","6TH CONGRESS","9700041","1633","0","","1"
"16","0","COOK","0","Under Votes","300","6TH CONGRESS","9700041","1633","0","","62"
"16","0","COOK","0","Over Votes","300","6TH CONGRESS","9700042","1268","0","","0"
"16","0","COOK","0","Under Votes","300","6TH CONGRESS","9700042","1268","0","","46"
"16","0","COOK","0","Over Votes","300","6TH CONGRESS","9700048","729","0","","0"
"16","0","COOK","0","Under Votes","300","6TH CONGRESS","9700048","729","0","","27"
"16","0","COOK","0","Over Votes","300","6TH CONGRESS","7200009","1397","0","","0"
"16","0","COOK","0","Under Votes","300","6TH CONGRESS","7200009","1397","0","","46"
"16","0","COOK","0","Over Votes","300","6TH CONGRESS","7200022","887","0","","0"
"16","0","COOK","0","Under Votes","300","6TH CONGRESS","7200022","887","0","","28"
"16","0","COOK","0","Over Votes","300","6TH CONGRESS","7200044","1384","0","","1"
"16","0","COOK","0","Under Votes","300","6TH CONGRESS","7200044","1384","0","","65"
"16","0","COOK","0","Over Votes","300","6TH CONGRESS","7200059","879","0","","0"
"16","0","COOK","0","Under Votes","300","6TH CONGRESS","7200059","879","0","","37"
"16","0","COOK","0","Over Votes","300","6TH CONGRESS","7900012","1613","0","","0"
"16","0","COOK","0","Under Votes","300","6TH CONGRESS","7900012","1613","0","","13"
"16","0","COOK","0","Over Votes","300","6TH CONGRESS","7900026","1411","0","","0"
"16","0","COOK","0","Under Votes","300","6TH CONGRESS","7900026","1411","0","","17"
"16","0","COOK","0","Over Votes","300","6TH CONGRESS","7900044","1407","0","","0"
"16","0","COOK","0","Under Votes","300","6TH CONGRESS","7900044","1407","0","","32"
"16","0","COOK","0","Over Votes","300","6TH CONGRESS","7900052","1096","0","","0"
"16","0","COOK","0","Under Votes","300","6TH CONGRESS","7900052","1096","0","","30"
"16","0","COOK","0","Over Votes","300","6TH CONGRESS","7900058","1214","0","","0"
"16","0","COOK","0","Under Votes","300","6TH CONGRESS","7900058","1214","0","","51"
"16","0","COOK","0","Under Votes","300","6TH CONGRESS","8600003","1426","0","","61"
"16","0","COOK","0","Over Votes","300","6TH CONGRESS","8600003","1426","0","","0"
"16","0","COOK","0","Under Votes","300","6TH CONGRESS","8600004","1461","0","","60"
"16","0","COOK","0","Over Votes","300","6TH CONGRESS","8600004","1461","0","","0"
"16","0","COOK","0","Under Votes","300","6TH CONGRESS","8600005","1482","0","","44"
"16","0","COOK","0","Over Votes","300","6TH CONGRESS","8600005","1482","0","","0"
"16","0","COOK","0","Over Votes","300","6TH CONGRESS","8600029","1820","0","","0"
"16","0","COOK","0","Under Votes","300","6TH CONGRESS","8600029","1820","0","","136"
"16","0","COOK","0","Under Votes","300","6TH CONGRESS","8600030","683","0","","23"
"16","0","COOK","0","Over Votes","300","6TH CONGRESS","8600030","683","0","","1"
"16","0","COOK","0","Under Votes","300","6TH CONGRESS","8600044","895","0","","40"
"16","0","COOK","0","Over Votes","300","6TH CONGRESS","8600044","895","0","","0"
"16","0","COOK","0","Over Votes","300","6TH CONGRESS","8600053","1357","0","","1"
"16","0","COOK","0","Under Votes","300","6TH CONGRESS","8600053","1357","0","","58"
"16","0","COOK","0","Under Votes","300","6TH CONGRESS","8600056","785","0","","38"
"16","0","COOK","0","Over Votes","300","6TH CONGRESS","8600056","785","0","","0"
"16","0","COOK","0","Under Votes","300","6TH CONGRESS","8800008","1668","0","","66"
"16","0","COOK","0","Over Votes","300","6TH CONGRESS","8800008","1668","0","","1"
"16","0","COOK","0","Over Votes","300","6TH CONGRESS","8800014","625","0","","0"
"16","0","COOK","0","Under Votes","300","6TH CONGRESS","8800014","625","0","","28"
"16","0","COOK","0","Under Votes","300","6TH CONGRESS","8800017","1458","0","","78"
"16","0","COOK","0","Over Votes","300","6TH CONGRESS","8800017","1458","0","","0"
"16","0","COOK","0","Over Votes","300","6TH CONGRESS","8800023","839","0","","0"
"16","0","COOK","0","Under Votes","300","6TH CONGRESS","8800023","839","0","","35"
"16","0","COOK","0","Under Votes","300","6TH CONGRESS","8800025","1135","0","","96"
"16","0","COOK","0","Over Votes","300","6TH CONGRESS","8800025","1135","0","","0"
"16","0","COOK","0","Under Votes","300","6TH CONGRESS","8800032","637","0","","26"
"16","0","COOK","0","Over Votes","300","6TH CONGRESS","8800032","637","0","","0"
"16","0","COOK","0","Under Votes","300","6TH CONGRESS","8800034","708","0","","23"
"16","0","COOK","0","Over Votes","300","6TH CONGRESS","8800034","708","0","","0"
"16","0","COOK","0","Under Votes","300","6TH CONGRESS","9700008","1205","0","","33"
"16","0","COOK","0","Over Votes","300","6TH CONGRESS","9700008","1205","0","","0"
"16","0","COOK","0","Under Votes","300","6TH CONGRESS","9700031","1257","0","","37"
"16","0","COOK","0","Over Votes","300","6TH CONGRESS","9700031","1257","0","","0"
"16","0","COOK","0","Under Votes","300","6TH CONGRESS","9700052","1611","0","","59"
"16","0","COOK","0","Over Votes","300","6TH CONGRESS","9700052","1611","0","","0"
"16","0","COOK","0","Over Votes","300","6TH CONGRESS","9700061","942","0","","0"
"16","0","COOK","0","Under Votes","300","6TH CONGRESS","9700061","942","0","","38"
"16","0","COOK","0","Under Votes","300","6TH CONGRESS","9700062","1622","0","","66"
"16","0","COOK","0","Over Votes","300","6TH CONGRESS","9700062","1622","0","","0"
"16","0","COOK","0","Under Votes","300","6TH CONGRESS","9700063","1754","0","","66"
"16","0","COOK","0","Over Votes","300","6TH CONGRESS","9700063","1754","0","","0"
"16","0","COOK","0","Over Votes","300","6TH CONGRESS","9700070","1285","0","","0"
"16","0","COOK","0","Under Votes","300","6TH CONGRESS","9700070","1285","0","","47"
"16","0","COOK","0","Over Votes","300","6TH CONGRESS","7200016","907","0","","0"
"16","0","COOK","0","Under Votes","300","6TH CONGRESS","7200016","907","0","","31"
"16","0","COOK","0","Over Votes","300","6TH CONGRESS","7200033","1387","0","","0"
"16","0","COOK","0","Under Votes","300","6TH CONGRESS","7200033","1387","0","","56"
"16","0","COOK","0","Over Votes","300","6TH CONGRESS","7200060","818","0","","0"
"16","0","COOK","0","Under Votes","300","6TH CONGRESS","7200060","818","0","","42"
"16","0","COOK","0","Over Votes","300","6TH CONGRESS","7900017","1063","0","","0"
"16","0","COOK","0","Under Votes","300","6TH CONGRESS","7900017","1063","0","","28"
"16","0","COOK","0","Over Votes","300","6TH CONGRESS","7900020","1533","0","","0"
"16","0","COOK","0","Under Votes","300","6TH CONGRESS","7900020","1533","0","","36"
"16","0","COOK","0","Over Votes","300","6TH CONGRESS","7900027","862","0","","1"
"16","0","COOK","0","Under Votes","300","6TH CONGRESS","7900027","862","0","","19"
"16","0","COOK","0","Over Votes","300","6TH CONGRESS","7900028","1391","0","","0"
"16","0","COOK","0","Under Votes","300","6TH CONGRESS","7900028","1391","0","","36"
"16","0","COOK","0","Over Votes","300","6TH CONGRESS","7900046","848","0","","1"
"16","0","COOK","0","Under Votes","300","6TH CONGRESS","7900046","848","0","","22"
"16","0","COOK","0","Over Votes","300","6TH CONGRESS","7900047","925","0","","0"
"16","0","COOK","0","Under Votes","300","6TH CONGRESS","7900047","925","0","","19"
"16","0","COOK","0","Under Votes","300","6TH CONGRESS","8600024","1621","0","","62"
"16","0","COOK","0","Over Votes","300","6TH CONGRESS","8600024","1621","0","","0"
"16","0","COOK","0","Under Votes","300","6TH CONGRESS","8600045","1406","0","","68"
"16","0","COOK","0","Over Votes","300","6TH CONGRESS","8600045","1406","0","","0"
"16","0","COOK","0","Under Votes","300","6TH CONGRESS","8600048","970","0","","42"
"16","0","COOK","0","Over Votes","300","6TH CONGRESS","8600048","970","0","","0"
"16","0","COOK","0","Under Votes","300","6TH CONGRESS","8800001","592","0","","20"
"16","0","COOK","0","Over Votes","300","6TH CONGRESS","8800001","592","0","","0"
"16","0","COOK","0","Under Votes","300","6TH CONGRESS","8800002","731","0","","26"
"16","0","COOK","0","Over Votes","300","6TH CONGRESS","8800002","731","0","","0"
"16","0","COOK","0","Under Votes","300","6TH CONGRESS","8800019","1198","0","","73"
"16","0","COOK","0","Over Votes","300","6TH CONGRESS","8800019","1198","0","","0"
"16","0","COOK","0","Under Votes","300","6TH CONGRESS","8800027","1155","0","","37"
"16","0","COOK","0","Over Votes","300","6TH CONGRESS","8800027","1155","0","","0"
"16","0","COOK","0","Under Votes","300","6TH CONGRESS","9700025","1259","0","","44"
"16","0","COOK","0","Over Votes","300","6TH CONGRESS","9700025","1259","0","","0"
"16","0","COOK","0","Under Votes","300","6TH CONGRESS","9700046","1205","0","","27"
"16","0","COOK","0","Over Votes","300","6TH CONGRESS","9700046","1205","0","","1"
"16","0","COOK","0","Under Votes","300","6TH CONGRESS","9700054","1042","0","","24"
"16","0","COOK","0","Over Votes","300","6TH CONGRESS","9700054","1042","0","","0"
"16","0","COOK","0","Under Votes","300","6TH CONGRESS","9700065","1337","0","","44"
"16","0","COOK","0","Over Votes","300","6TH CONGRESS","9700065","1337","0","","0"
"16","0","COOK","0","Under Votes","300","6TH CONGRESS","9700075","1359","0","","43"
"16","0","COOK","0","Over Votes","300","6TH CONGRESS","9700075","1359","0","","1"
"16","0","COOK","0","Under Votes","300","6TH CONGRESS","7200011","1119","0","","31"
"16","0","COOK","0","Over Votes","300","6TH CONGRESS","7200011","1119","0","","0"
"16","0","COOK","0","Over Votes","300","6TH CONGRESS","7900029","1147","0","","0"
"16","0","COOK","0","Under Votes","300","6TH CONGRESS","7900029","1147","0","","50"
"16","0","COOK","0","Under Votes","300","6TH CONGRESS","7900040","1164","0","","21"
"16","0","COOK","0","Over Votes","300","6TH CONGRESS","7900040","1164","0","","0"
"16","0","COOK","0","Under Votes","300","6TH CONGRESS","7900053","1012","0","","31"
"16","0","COOK","0","Over Votes","300","6TH CONGRESS","7900053","1012","0","","0"
"16","0","COOK","0","Over Votes","300","6TH CONGRESS","8600009","1653","0","","0"
"16","0","COOK","0","Under Votes","300","6TH CONGRESS","8600009","1653","0","","83"
"16","0","COOK","0","Over Votes","300","6TH CONGRESS","8600016","1677","0","","0"
"16","0","COOK","0","Under Votes","300","6TH CONGRESS","8600016","1677","0","","92"
"16","0","COOK","0","Over Votes","300","6TH CONGRESS","8600017","645","0","","0"
"16","0","COOK","0","Under Votes","300","6TH CONGRESS","8600017","645","0","","39"
"16","0","COOK","0","Over Votes","300","6TH CONGRESS","8600025","1590","0","","0"
"16","0","COOK","0","Under Votes","300","6TH CONGRESS","8600025","1590","0","","59"
"16","0","COOK","0","Over Votes","300","6TH CONGRESS","8600026","1629","0","","0"
"16","0","COOK","0","Under Votes","300","6TH CONGRESS","8600026","1629","0","","79"
"16","0","COOK","0","Over Votes","300","6TH CONGRESS","8600027","1343","0","","1"
"16","0","COOK","0","Under Votes","300","6TH CONGRESS","8600027","1343","0","","60"
"16","0","COOK","0","Over Votes","300","6TH CONGRESS","8600035","1770","0","","0"
"16","0","COOK","0","Under Votes","300","6TH CONGRESS","8600035","1770","0","","46"
"16","0","COOK","0","Over Votes","300","6TH CONGRESS","8600036","781","0","","0"
"16","0","COOK","0","Under Votes","300","6TH CONGRESS","8600036","781","0","","38"
"16","0","COOK","0","Over Votes","300","6TH CONGRESS","8600037","999","0","","0"
"16","0","COOK","0","Under Votes","300","6TH CONGRESS","8600037","999","0","","31"
"16","0","COOK","0","Over Votes","300","6TH CONGRESS","8600038","639","0","","0"
"16","0","COOK","0","Under Votes","300","6TH CONGRESS","8600038","639","0","","19"
"16","0","COOK","0","Over Votes","300","6TH CONGRESS","8800004","858","0","","0"
"16","0","COOK","0","Under Votes","300","6TH CONGRESS","8800004","858","0","","38"
"16","0","COOK","0","Over Votes","300","6TH CONGRESS","8800010","1184","0","","0"
"16","0","COOK","0","Under Votes","300","6TH CONGRESS","8800010","1184","0","","39"
"16","0","COOK","0","Over Votes","300","6TH CONGRESS","8800011","967","0","","0"
"16","0","COOK","0","Under Votes","300","6TH CONGRESS","8800011","967","0","","36"
"16","0","COOK","0","Over Votes","300","6TH CONGRESS","8800013","1511","0","","1"
"16","0","COOK","0","Under Votes","300","6TH CONGRESS","8800013","1511","0","","84"
"16","0","COOK","0","Over Votes","300","6TH CONGRESS","8800021","785","0","","0"
"16","0","COOK","0","Under Votes","300","6TH CONGRESS","8800021","785","0","","48"
"16","0","COOK","0","Over Votes","300","6TH CONGRESS","9400012","1360","0","","0"
"16","0","COOK","0","Under Votes","300","6TH CONGRESS","9400012","1360","0","","13"
"16","0","COOK","0","Over Votes","300","6TH CONGRESS","9700001","659","0","","0"
"16","0","COOK","0","Under Votes","300","6TH CONGRESS","9700001","659","0","","37"
"16","0","COOK","0","Over Votes","300","6TH CONGRESS","9700013","1095","0","","0"
"16","0","COOK","0","Under Votes","300","6TH CONGRESS","9700013","1095","0","","35"
"16","0","COOK","0","Over Votes","300","6TH CONGRESS","9700021","1668","0","","0"
"16","0","COOK","0","Under Votes","300","6TH CONGRESS","9700021","1668","0","","75"
"16","0","COOK","0","Over Votes","300","6TH CONGRESS","9700026","959","0","","0"
"16","0","COOK","0","Under Votes","300","6TH CONGRESS","9700026","959","0","","49"
"16","0","COOK","0","Over Votes","300","6TH CONGRESS","9700038","1142","0","","1"
"16","0","COOK","0","Under Votes","300","6TH CONGRESS","9700038","1142","0","","54"
"16","0","COOK","0","Over Votes","300","6TH CONGRESS","9700056","1513","0","","0"
"16","0","COOK","0","Under Votes","300","6TH CONGRESS","9700056","1513","0","","45"
"16","0","COOK","0","Over Votes","300","6TH CONGRESS","9700057","1078","0","","0"
"16","0","COOK","0","Under Votes","300","6TH CONGRESS","9700057","1078","0","","63"
"16","0","COOK","0","Over Votes","300","6TH CONGRESS","7200027","1565","0","","0"
"16","0","COOK","0","Under Votes","300","6TH CONGRESS","7200027","1565","0","","51"
"16","0","COOK","0","Under Votes","300","6TH CONGRESS","7900008","1596","0","","79"
"16","0","COOK","0","Over Votes","300","6TH CONGRESS","7900008","1596","0","","3"
"16","0","COOK","0","Over Votes","300","6TH CONGRESS","7900010","837","0","","0"
"16","0","COOK","0","Under Votes","300","6TH CONGRESS","7900010","837","0","","13"
"16","0","COOK","0","Over Votes","300","6TH CONGRESS","7900031","869","0","","0"
"16","0","COOK","0","Under Votes","300","6TH CONGRESS","7900031","869","0","","19"
"16","0","COOK","0","Over Votes","300","6TH CONGRESS","7900033","446","0","","0"
"16","0","COOK","0","Under Votes","300","6TH CONGRESS","7900033","446","0","","18"
"16","0","COOK","0","Over Votes","300","6TH CONGRESS","7900041","636","0","","0"
"16","0","COOK","0","Under Votes","300","6TH CONGRESS","7900041","636","0","","23"
"16","0","COOK","0","Over Votes","300","6TH CONGRESS","7900049","663","0","","0"
"16","0","COOK","0","Under Votes","300","6TH CONGRESS","7900049","663","0","","21"
"16","0","COOK","0","Over Votes","300","6TH CONGRESS","7900054","534","0","","0"
"16","0","COOK","0","Under Votes","300","6TH CONGRESS","7900054","534","0","","13"
"16","0","COOK","0","Over Votes","300","6TH CONGRESS","7900055","1026","0","","0"
"16","0","COOK","0","Under Votes","300","6TH CONGRESS","7900055","1026","0","","28"
"16","0","COOK","0","Over Votes","300","6TH CONGRESS","7900065","1527","0","","0"
"16","0","COOK","0","Under Votes","300","6TH CONGRESS","7900065","1527","0","","46"
"16","0","COOK","0","Over Votes","300","6TH CONGRESS","8600008","1440","0","","0"
"16","0","COOK","0","Under Votes","300","6TH CONGRESS","8600008","1440","0","","57"
"16","0","COOK","0","Over Votes","300","6TH CONGRESS","8600040","1171","0","","0"
"16","0","COOK","0","Under Votes","300","6TH CONGRESS","8600040","1171","0","","42"
"16","0","COOK","0","Over Votes","300","6TH CONGRESS","8600049","1512","0","","0"
"16","0","COOK","0","Under Votes","300","6TH CONGRESS","8600049","1512","0","","61"
"16","0","COOK","0","Under Votes","300","6TH CONGRESS","8600050","940","0","","26"
"16","0","COOK","0","Over Votes","300","6TH CONGRESS","8600050","940","0","","0"
"16","0","COOK","0","Over Votes","300","6TH CONGRESS","8600051","1237","0","","0"
"16","0","COOK","0","Under Votes","300","6TH CONGRESS","8600051","1237","0","","44"
"16","0","COOK","0","Over Votes","300","6TH CONGRESS","8600061","803","0","","0"
"16","0","COOK","0","Under Votes","300","6TH CONGRESS","8600061","803","0","","29"
"16","0","COOK","0","Under Votes","300","6TH CONGRESS","8600062","1070","0","","51"
"16","0","COOK","0","Over Votes","300","6TH CONGRESS","8600062","1070","0","","0"
"16","0","COOK","0","Under Votes","300","6TH CONGRESS","8800003","784","0","","25"
"16","0","COOK","0","Over Votes","300","6TH CONGRESS","8800003","784","0","","0"
"16","0","COOK","0","Over Votes","300","6TH CONGRESS","8800012","1145","0","","0"
"16","0","COOK","0","Under Votes","300","6TH CONGRESS","8800012","1145","0","","63"
"16","0","COOK","0","Over Votes","300","6TH CONGRESS","8800020","1217","0","","0"
"16","0","COOK","0","Under Votes","300","6TH CONGRESS","8800020","1217","0","","35"
"16","0","COOK","0","Over Votes","300","6TH CONGRESS","8800028","861","0","","0"
"16","0","COOK","0","Under Votes","300","6TH CONGRESS","8800028","861","0","","29"
"16","0","COOK","0","Under Votes","300","6TH CONGRESS","8800029","997","0","","40"
"16","0","COOK","0","Over Votes","300","6TH CONGRESS","8800029","997","0","","0"
"16","0","COOK","0","Over Votes","300","6TH CONGRESS","9700002","1073","0","","1"
"16","0","COOK","0","Under Votes","300","6TH CONGRESS","9700002","1073","0","","37"
"16","0","COOK","0","Over Votes","300","6TH CONGRESS","9700004","1770","0","","0"
"16","0","COOK","0","Under Votes","300","6TH CONGRESS","9700004","1770","0","","63"
"16","0","COOK","0","Over Votes","300","6TH CONGRESS","9700012","694","0","","0"
"16","0","COOK","0","Under Votes","300","6TH CONGRESS","9700012","694","0","","18"
"16","0","COOK","0","Over Votes","300","6TH CONGRESS","9700028","803","0","","0"
"16","0","COOK","0","Under Votes","300","6TH CONGRESS","9700028","803","0","","28"
"16","0","COOK","0","Under Votes","300","6TH CONGRESS","9700047","1202","0","","68"
"16","0","COOK","0","Over Votes","300","6TH CONGRESS","9700047","1202","0","","0"
"16","0","COOK","0","Over Votes","300","6TH CONGRESS","9700066","1570","0","","0"
"16","0","COOK","0","Under Votes","300","6TH CONGRESS","9700066","1570","0","","77"
"16","0","COOK","0","Over Votes","300","6TH CONGRESS","9700078","1462","0","","0"
"16","0","COOK","0","Under Votes","300","6TH CONGRESS","9700078","1462","0","","50"
"16","0","COOK","0","Under Votes","300","6TH CONGRESS","9700077","970","0","","28"
"16","0","COOK","0","Over Votes","300","6TH CONGRESS","9700077","970","0","","0"
"16","0","COOK","0","Over Votes","300","6TH CONGRESS","7200015","1392","0","","0"
"16","0","COOK","0","Under Votes","300","6TH CONGRESS","7200015","1392","0","","57"
"16","0","COOK","0","Over Votes","300","6TH CONGRESS","7200024","758","0","","0"
"16","0","COOK","0","Under Votes","300","6TH CONGRESS","7200024","758","0","","24"
"16","0","COOK","0","Under Votes","300","6TH CONGRESS","7200030","1036","0","","3"
"16","0","COOK","0","Over Votes","300","6TH CONGRESS","7200030","1036","0","","0"
"16","0","COOK","0","Over Votes","300","6TH CONGRESS","7200052","992","0","","0"
"16","0","COOK","0","Under Votes","300","6TH CONGRESS","7200052","992","0","","25"
"16","0","COOK","0","Under Votes","300","6TH CONGRESS","7200053","625","0","","13"
"16","0","COOK","0","Over Votes","300","6TH CONGRESS","7200053","625","0","","0"
"16","0","COOK","0","Under Votes","300","6TH CONGRESS","7200065","1252","0","","39"
"16","0","COOK","0","Over Votes","300","6TH CONGRESS","7200065","1252","0","","0"
"16","0","COOK","0","Over Votes","300","6TH CONGRESS","7900005","1181","0","","0"
"16","0","COOK","0","Under Votes","300","6TH CONGRESS","7900005","1181","0","","46"
"16","0","COOK","0","Over Votes","300","6TH CONGRESS","7900013","1362","0","","0"
"16","0","COOK","0","Under Votes","300","6TH CONGRESS","7900013","1362","0","","21"
"16","0","COOK","0","Under Votes","300","6TH CONGRESS","7900061","940","0","","29"
"16","0","COOK","0","Over Votes","300","6TH CONGRESS","7900061","940","0","","0"
"16","0","COOK","0","Under Votes","300","6TH CONGRESS","7900062","1057","0","","29"
"16","0","COOK","0","Over Votes","300","6TH CONGRESS","7900062","1057","0","","0"
"16","0","COOK","0","Under Votes","300","6TH CONGRESS","7900063","1437","0","","37"
"16","0","COOK","0","Over Votes","300","6TH CONGRESS","7900063","1437","0","","0"
"16","0","COOK","0","Over Votes","300","6TH CONGRESS","7900069","1183","0","","0"
"16","0","COOK","0","Under Votes","300","6TH CONGRESS","7900069","1183","0","","37"
"16","0","COOK","0","Under Votes","300","6TH CONGRESS","8600012","536","0","","19"
"16","0","COOK","0","Over Votes","300","6TH CONGRESS","8600012","536","0","","0"
"16","0","COOK","0","Under Votes","300","6TH CONGRESS","8600022","1014","0","","51"
"16","0","COOK","0","Over Votes","300","6TH CONGRESS","8600022","1014","0","","0"
"16","0","COOK","0","Over Votes","300","6TH CONGRESS","8600033","1498","0","","0"
"16","0","COOK","0","Under Votes","300","6TH CONGRESS","8600033","1498","0","","55"
"16","0","COOK","0","Over Votes","300","6TH CONGRESS","8600034","1339","0","","0"
"16","0","COOK","0","Under Votes","300","6TH CONGRESS","8600034","1339","0","","85"
"16","0","COOK","0","Under Votes","300","6TH CONGRESS","8600042","1446","0","","55"
"16","0","COOK","0","Over Votes","300","6TH CONGRESS","8600042","1446","0","","0"
"16","0","COOK","0","Under Votes","300","6TH CONGRESS","8600043","679","0","","35"
"16","0","COOK","0","Over Votes","300","6TH CONGRESS","8600043","679","0","","0"
"16","0","COOK","0","Over Votes","300","6TH CONGRESS","8600055","763","0","","0"
"16","0","COOK","0","Under Votes","300","6TH CONGRESS","8600055","763","0","","26"
"16","0","COOK","0","Under Votes","300","6TH CONGRESS","8800024","1615","0","","51"
"16","0","COOK","0","Over Votes","300","6TH CONGRESS","8800024","1615","0","","0"
"16","0","COOK","0","Over Votes","300","6TH CONGRESS","8800026","760","0","","1"
"16","0","COOK","0","Under Votes","300","6TH CONGRESS","8800026","760","0","","60"
"16","0","COOK","0","Under Votes","300","6TH CONGRESS","9700007","1728","0","","56"
"16","0","COOK","0","Over Votes","300","6TH CONGRESS","9700007","1728","0","","0"
"16","0","COOK","0","Over Votes","300","6TH CONGRESS","9700011","1044","0","","0"
"16","0","COOK","0","Under Votes","300","6TH CONGRESS","9700011","1044","0","","23"
"16","0","COOK","0","Over Votes","300","6TH CONGRESS","9700033","1150","0","","0"
"16","0","COOK","0","Under Votes","300","6TH CONGRESS","9700033","1150","0","","50"
"16","0","COOK","0","Over Votes","300","6TH CONGRESS","9700035","1747","0","","0"
"16","0","COOK","0","Under Votes","300","6TH CONGRESS","9700035","1747","0","","72"
"16","0","COOK","0","Under Votes","300","6TH CONGRESS","9700051","796","0","","31"
"16","0","COOK","0","Over Votes","300","6TH CONGRESS","9700051","796","0","","0"
"16","0","COOK","0","Over Votes","300","6TH CONGRESS","9700064","1314","0","","0"
"16","0","COOK","0","Under Votes","300","6TH CONGRESS","9700064","1314","0","","68"
"16","0","COOK","0","Over Votes","300","6TH CONGRESS","9700073","1483","0","","0"
"16","0","COOK","0","Under Votes","300","6TH CONGRESS","9700073","1483","0","","18"
"16","0","COOK","0","Under Votes","300","6TH CONGRESS","9700071","930","0","","43"
"16","0","COOK","0","Over Votes","300","6TH CONGRESS","9700071","930","0","","0"
"16","0","COOK","0","Over Votes","300","6TH CONGRESS","9700079","1015","0","","0"
"16","0","COOK","0","Under Votes","300","6TH CONGRESS","9700079","1015","0","","45"
"16","0","COOK","0","Under Votes","300","6TH CONGRESS","9700081","543","0","","18"
"16","0","COOK","0","Over Votes","300","6TH CONGRESS","9700081","543","0","","0"
"16","0","COOK","0","Under Votes","300","6TH CONGRESS","9700082","1561","0","","62"
"16","0","COOK","0","Over Votes","300","6TH CONGRESS","9700082","1561","0","","0"
"22","0","DuPAGE","0","Under Votes","300","6TH CONGRESS","Addison 040-0195","1121","0","","23"
"22","0","DuPAGE","0","Over Votes","300","6TH CONGRESS","Addison 040-0195","1121","0","","2"
"22","0","DuPAGE","0","Under Votes","300","6TH CONGRESS","Addison 045-0201","1191","0","","21"
"22","0","DuPAGE","0","Over Votes","300","6TH CONGRESS","Addison 045-0201","1191","0","","1"
"22","0","DuPAGE","0","Under Votes","300","6TH CONGRESS","Downers Grove 010-0706","624","0","","10"
"22","0","DuPAGE","0","Over Votes","300","6TH CONGRESS","Downers Grove 010-0706","624","0","","0"
"22","0","DuPAGE","0","Under Votes","300","6TH CONGRESS","Downers Grove 012-0709","2","0","","0"
"22","0","DuPAGE","0","Over Votes","300","6TH CONGRESS","Downers Grove 012-0709","2","0","","0"
"22","0","DuPAGE","0","Under Votes","300","6TH CONGRESS","Downers Grove 014-0712","1079","0","","8"
"22","0","DuPAGE","0","Over Votes","300","6TH CONGRESS","Downers Grove 014-0712","1079","0","","0"
"22","0","DuPAGE","0","Under Votes","300","6TH CONGRESS","Downers Grove 015-0715","973","0","","7"
"22","0","DuPAGE","0","Over Votes","300","6TH CONGRESS","Downers Grove 015-0715","973","0","","0"
"22","0","DuPAGE","0","Under Votes","300","6TH CONGRESS","Downers Grove 027-0738","1030","0","","11"
"22","0","DuPAGE","0","Over Votes","300","6TH CONGRESS","Downers Grove 027-0738","1030","0","","0"
"22","0","DuPAGE","0","Under Votes","300","6TH CONGRESS","Downers Grove 030-0741","918","0","","19"
"22","0","DuPAGE","0","Over Votes","300","6TH CONGRESS","Downers Grove 030-0741","918","0","","0"
"22","0","DuPAGE","0","Under Votes","300","6TH CONGRESS","Downers Grove 051-0767","1180","0","","29"
"22","0","DuPAGE","0","Over Votes","300","6TH CONGRESS","Downers Grove 051-0767","1180","0","","2"
"22","0","DuPAGE","0","Under Votes","300","6TH CONGRESS","Downers Grove 054-0770","1068","0","","10"
"22","0","DuPAGE","0","Over Votes","300","6TH CONGRESS","Downers Grove 054-0770","1068","0","","0"
"22","0","DuPAGE","0","Under Votes","300","6TH CONGRESS","Downers Grove 056-0773","1012","0","","11"
"22","0","DuPAGE","0","Over Votes","300","6TH CONGRESS","Downers Grove 056-0773","1012","0","","0"
"22","0","DuPAGE","0","Under Votes","300","6TH CONGRESS","Downers Grove 059-0776","1318","0","","16"
"22","0","DuPAGE","0","Over Votes","300","6TH CONGRESS","Downers Grove 059-0776","1318","0","","0"
"22","0","DuPAGE","0","Under Votes","300","6TH CONGRESS","Downers Grove 078-0799","1266","0","","16"
"22","0","DuPAGE","0","Over Votes","300","6TH CONGRESS","Downers Grove 078-0799","1266","0","","1"
"22","0","DuPAGE","0","Under Votes","300","6TH CONGRESS","Downers Grove 080-0802","478","0","","5"
"22","0","DuPAGE","0","Over Votes","300","6TH CONGRESS","Downers Grove 080-0802","478","0","","1"
"22","0","DuPAGE","0","Under Votes","300","6TH CONGRESS","Downers Grove 082-0805","955","0","","22"
"22","0","DuPAGE","0","Over Votes","300","6TH CONGRESS","Downers Grove 082-0805","955","0","","0"
"22","0","DuPAGE","0","Under Votes","300","6TH CONGRESS","Lisle 003-0587","1089","0","","24"
"22","0","DuPAGE","0","Over Votes","300","6TH CONGRESS","Lisle 003-0587","1089","0","","2"
"22","0","DuPAGE","0","Under Votes","300","6TH CONGRESS","Lisle 003-0590","0","0","","0"
"22","0","DuPAGE","0","Over Votes","300","6TH CONGRESS","Lisle 003-0590","0","0","","0"
"22","0","DuPAGE","0","Under Votes","300","6TH CONGRESS","Lisle 025-0619","742","0","","9"
"22","0","DuPAGE","0","Over Votes","300","6TH CONGRESS","Lisle 025-0619","742","0","","2"
"22","0","DuPAGE","0","Under Votes","300","6TH CONGRESS","Milton 011-0288","474","0","","12"
"22","0","DuPAGE","0","Over Votes","300","6TH CONGRESS","Milton 011-0288","474","0","","0"
"22","0","DuPAGE","0","Under Votes","300","6TH CONGRESS","Milton 032-0323","1029","0","","13"
"22","0","DuPAGE","0","Over Votes","300","6TH CONGRESS","Milton 032-0323","1029","0","","1"
"22","0","DuPAGE","0","Under Votes","300","6TH CONGRESS","Milton 051-0346","379","0","","8"
"22","0","DuPAGE","0","Over Votes","300","6TH CONGRESS","Milton 051-0346","379","0","","0"
"22","0","DuPAGE","0","Under Votes","300","6TH CONGRESS","Milton 053-0349","7","0","","0"
"22","0","DuPAGE","0","Over Votes","300","6TH CONGRESS","Milton 053-0349","7","0","","0"
"22","0","DuPAGE","0","Under Votes","300","6TH CONGRESS","Milton 056-0352","1100","0","","26"
"22","0","DuPAGE","0","Over Votes","300","6TH CONGRESS","Milton 056-0352","1100","0","","0"
"22","0","DuPAGE","0","Under Votes","300","6TH CONGRESS","Milton 072-0378","1226","0","","26"
"22","0","DuPAGE","0","Over Votes","300","6TH CONGRESS","Milton 072-0378","1226","0","","1"
"22","0","DuPAGE","0","Under Votes","300","6TH CONGRESS","Milton 073-0381","4","0","","0"
"22","0","DuPAGE","0","Over Votes","300","6TH CONGRESS","Milton 073-0381","4","0","","0"
"22","0","DuPAGE","0","Under Votes","300","6TH CONGRESS","Milton 076-0384","1260","0","","19"
"22","0","DuPAGE","0","Over Votes","300","6TH CONGRESS","Milton 076-0384","1260","0","","3"
"22","0","DuPAGE","0","Under Votes","300","6TH CONGRESS","Addison 044-0200","196","0","","1"
"22","0","DuPAGE","0","Over Votes","300","6TH CONGRESS","Addison 044-0200","196","0","","0"
"22","0","DuPAGE","0","Over Votes","300","6TH CONGRESS","Addison 049-0206","0","0","","0"
"22","0","DuPAGE","0","Under Votes","300","6TH CONGRESS","Addison 049-0206","0","0","","0"
"22","0","DuPAGE","0","Under Votes","300","6TH CONGRESS","Addison 051-0209","1127","0","","17"
"22","0","DuPAGE","0","Over Votes","300","6TH CONGRESS","Addison 051-0209","1127","0","","1"
"22","0","DuPAGE","0","Under Votes","300","6TH CONGRESS","Downers Grove 001-0691","594","0","","20"
"22","0","DuPAGE","0","Over Votes","300","6TH CONGRESS","Downers Grove 001-0691","594","0","","1"
"22","0","DuPAGE","0","Over Votes","300","6TH CONGRESS","Downers Grove 015-0714","132","0","","0"
"22","0","DuPAGE","0","Under Votes","300","6TH CONGRESS","Downers Grove 015-0714","132","0","","1"
"22","0","DuPAGE","0","Over Votes","300","6TH CONGRESS","Downers Grove 015-0717","91","0","","0"
"22","0","DuPAGE","0","Under Votes","300","6TH CONGRESS","Downers Grove 015-0717","91","0","","0"
"22","0","DuPAGE","0","Under Votes","300","6TH CONGRESS","Downers Grove 016-0720","85","0","","2"
"22","0","DuPAGE","0","Over Votes","300","6TH CONGRESS","Downers Grove 016-0720","85","0","","0"
"22","0","DuPAGE","0","Under Votes","300","6TH CONGRESS","Downers Grove 018-0723","586","0","","12"
"22","0","DuPAGE","0","Over Votes","300","6TH CONGRESS","Downers Grove 018-0723","586","0","","0"
"22","0","DuPAGE","0","Over Votes","300","6TH CONGRESS","Downers Grove 037-0749","1038","0","","1"
"22","0","DuPAGE","0","Under Votes","300","6TH CONGRESS","Downers Grove 037-0749","1038","0","","10"
"22","0","DuPAGE","0","Under Votes","300","6TH CONGRESS","Downers Grove 039-0752","438","0","","1"
"22","0","DuPAGE","0","Over Votes","300","6TH CONGRESS","Downers Grove 039-0752","438","0","","0"
"22","0","DuPAGE","0","Over Votes","300","6TH CONGRESS","Downers Grove 058-0775","1075","0","","0"
"22","0","DuPAGE","0","Under Votes","300","6TH CONGRESS","Downers Grove 058-0775","1075","0","","20"
"22","0","DuPAGE","0","Over Votes","300","6TH CONGRESS","Downers Grove 061-0778","852","0","","0"
"22","0","DuPAGE","0","Under Votes","300","6TH CONGRESS","Downers Grove 061-0778","852","0","","13"
"22","0","DuPAGE","0","Under Votes","300","6TH CONGRESS","Downers Grove 064-0781","910","0","","8"
"22","0","DuPAGE","0","Over Votes","300","6TH CONGRESS","Downers Grove 064-0781","910","0","","0"
"22","0","DuPAGE","0","Under Votes","300","6TH CONGRESS","Downers Grove 066-0784","888","0","","10"
"22","0","DuPAGE","0","Over Votes","300","6TH CONGRESS","Downers Grove 066-0784","888","0","","1"
"22","0","DuPAGE","0","Over Votes","300","6TH CONGRESS","Downers Grove 081-0804","803","0","","1"
"22","0","DuPAGE","0","Under Votes","300","6TH CONGRESS","Downers Grove 081-0804","803","0","","15"
"22","0","DuPAGE","0","Over Votes","300","6TH CONGRESS","Downers Grove 084-0807","999","0","","0"
"22","0","DuPAGE","0","Under Votes","300","6TH CONGRESS","Downers Grove 084-0807","999","0","","9"
"22","0","DuPAGE","0","Under Votes","300","6TH CONGRESS","Downers Grove 088-0813","741","0","","27"
"22","0","DuPAGE","0","Over Votes","300","6TH CONGRESS","Downers Grove 088-0813","741","0","","0"
"22","0","DuPAGE","0","Over Votes","300","6TH CONGRESS","Lisle 006-0595","1263","0","","1"
"22","0","DuPAGE","0","Under Votes","300","6TH CONGRESS","Lisle 006-0595","1263","0","","27"
"22","0","DuPAGE","0","Over Votes","300","6TH CONGRESS","Lisle 009-0598","1065","0","","0"
"22","0","DuPAGE","0","Under Votes","300","6TH CONGRESS","Lisle 009-0598","1065","0","","11"
"22","0","DuPAGE","0","Under Votes","300","6TH CONGRESS","Lisle 010-0601","636","0","","6"
"22","0","DuPAGE","0","Over Votes","300","6TH CONGRESS","Lisle 010-0601","636","0","","1"
"22","0","DuPAGE","0","Under Votes","300","6TH CONGRESS","Milton 031-0322","350","0","","6"
"22","0","DuPAGE","0","Over Votes","300","6TH CONGRESS","Milton 031-0322","350","0","","0"
"22","0","DuPAGE","0","Over Votes","300","6TH CONGRESS","Milton 033-0325","1316","0","","0"
"22","0","DuPAGE","0","Under Votes","300","6TH CONGRESS","Milton 033-0325","1316","0","","14"
"22","0","DuPAGE","0","Under Votes","300","6TH CONGRESS","Milton 036-0328","1163","0","","18"
"22","0","DuPAGE","0","Over Votes","300","6TH CONGRESS","Milton 036-0328","1163","0","","1"
"22","0","DuPAGE","0","Over Votes","300","6TH CONGRESS","Milton 055-0351","1129","0","","1"
"22","0","DuPAGE","0","Under Votes","300","6TH CONGRESS","Milton 055-0351","1129","0","","11"
"22","0","DuPAGE","0","Under Votes","300","6TH CONGRESS","Milton 061-0360","983","0","","18"
"22","0","DuPAGE","0","Over Votes","300","6TH CONGRESS","Milton 061-0360","983","0","","0"
"22","0","DuPAGE","0","Over Votes","300","6TH CONGRESS","Milton 075-0383","887","0","","0"
"22","0","DuPAGE","0","Under Votes","300","6TH CONGRESS","Milton 075-0383","887","0","","12"
"22","0","DuPAGE","0","Under Votes","300","6TH CONGRESS","Addison 049-0207","641","0","","16"
"22","0","DuPAGE","0","Over Votes","300","6TH CONGRESS","Addison 049-0207","641","0","","0"
"22","0","DuPAGE","0","Under Votes","300","6TH CONGRESS","Addison 052-0210","1222","0","","18"
"22","0","DuPAGE","0","Over Votes","300","6TH CONGRESS","Addison 052-0210","1222","0","","4"
"22","0","DuPAGE","0","Under Votes","300","6TH CONGRESS","Downers Grove 002-0692","1130","0","","14"
"22","0","DuPAGE","0","Over Votes","300","6TH CONGRESS","Downers Grove 002-0692","1130","0","","0"
"22","0","DuPAGE","0","Under Votes","300","6TH CONGRESS","Downers Grove 004-0695","847","0","","12"
"22","0","DuPAGE","0","Over Votes","300","6TH CONGRESS","Downers Grove 004-0695","847","0","","0"
"22","0","DuPAGE","0","Under Votes","300","6TH CONGRESS","Downers Grove 016-0718","1033","0","","15"
"22","0","DuPAGE","0","Over Votes","300","6TH CONGRESS","Downers Grove 016-0718","1033","0","","1"
"22","0","DuPAGE","0","Under Votes","300","6TH CONGRESS","Downers Grove 017-0721","955","0","","16"
"22","0","DuPAGE","0","Over Votes","300","6TH CONGRESS","Downers Grove 017-0721","955","0","","0"
"22","0","DuPAGE","0","Under Votes","300","6TH CONGRESS","Downers Grove 018-0724","41","0","","0"
"22","0","DuPAGE","0","Over Votes","300","6TH CONGRESS","Downers Grove 018-0724","41","0","","0"
"22","0","DuPAGE","0","Under Votes","300","6TH CONGRESS","Downers Grove 019-0727","883","0","","16"
"22","0","DuPAGE","0","Over Votes","300","6TH CONGRESS","Downers Grove 019-0727","883","0","","0"
"22","0","DuPAGE","0","Under Votes","300","6TH CONGRESS","Downers Grove 036-0747","486","0","","3"
"22","0","DuPAGE","0","Over Votes","300","6TH CONGRESS","Downers Grove 036-0747","486","0","","0"
"22","0","DuPAGE","0","Under Votes","300","6TH CONGRESS","Downers Grove 038-0750","1088","0","","29"
"22","0","DuPAGE","0","Over Votes","300","6TH CONGRESS","Downers Grove 038-0750","1088","0","","1"
"22","0","DuPAGE","0","Under Votes","300","6TH CONGRESS","Downers Grove 040-0753","1179","0","","27"
"22","0","DuPAGE","0","Over Votes","300","6TH CONGRESS","Downers Grove 040-0753","1179","0","","1"
"22","0","DuPAGE","0","Under Votes","300","6TH CONGRESS","Downers Grove 062-0779","1193","0","","13"
"22","0","DuPAGE","0","Over Votes","300","6TH CONGRESS","Downers Grove 062-0779","1193","0","","1"
"22","0","DuPAGE","0","Under Votes","300","6TH CONGRESS","Downers Grove 065-0782","382","0","","12"
"22","0","DuPAGE","0","Over Votes","300","6TH CONGRESS","Downers Grove 065-0782","382","0","","0"
"22","0","DuPAGE","0","Under Votes","300","6TH CONGRESS","Downers Grove 067-0785","889","0","","6"
"22","0","DuPAGE","0","Over Votes","300","6TH CONGRESS","Downers Grove 067-0785","889","0","","0"
"22","0","DuPAGE","0","Under Votes","300","6TH CONGRESS","Downers Grove 086-0811","1202","0","","22"
"22","0","DuPAGE","0","Over Votes","300","6TH CONGRESS","Downers Grove 086-0811","1202","0","","0"
"22","0","DuPAGE","0","Under Votes","300","6TH CONGRESS","Downers Grove 089-0814","1115","0","","18"
"22","0","DuPAGE","0","Over Votes","300","6TH CONGRESS","Downers Grove 089-0814","1115","0","","2"
"22","0","DuPAGE","0","Under Votes","300","6TH CONGRESS","Downers Grove 092-0817","950","0","","11"
"22","0","DuPAGE","0","Over Votes","300","6TH CONGRESS","Downers Grove 092-0817","950","0","","1"
"22","0","DuPAGE","0","Under Votes","300","6TH CONGRESS","Lisle 007-0596","1099","0","","15"
"22","0","DuPAGE","0","Over Votes","300","6TH CONGRESS","Lisle 007-0596","1099","0","","0"
"22","0","DuPAGE","0","Under Votes","300","6TH CONGRESS","Lisle 009-0599","146","0","","3"
"22","0","DuPAGE","0","Over Votes","300","6TH CONGRESS","Lisle 009-0599","146","0","","0"
"22","0","DuPAGE","0","Under Votes","300","6TH CONGRESS","Lisle 033-0628","293","0","","5"
"22","0","DuPAGE","0","Over Votes","300","6TH CONGRESS","Lisle 033-0628","293","0","","0"
"22","0","DuPAGE","0","Under Votes","300","6TH CONGRESS","Milton 034-0326","1215","0","","8"
"22","0","DuPAGE","0","Over Votes","300","6TH CONGRESS","Milton 034-0326","1215","0","","1"
"22","0","DuPAGE","0","Under Votes","300","6TH CONGRESS","Milton 042-0335","1077","0","","11"
"22","0","DuPAGE","0","Over Votes","300","6TH CONGRESS","Milton 042-0335","1077","0","","0"
"22","0","DuPAGE","0","Under Votes","300","6TH CONGRESS","Milton 062-0361","1187","0","","12"
"22","0","DuPAGE","0","Over Votes","300","6TH CONGRESS","Milton 062-0361","1187","0","","0"
"22","0","DuPAGE","0","Under Votes","300","6TH CONGRESS","Milton 064-0364","1166","0","","13"
"22","0","DuPAGE","0","Over Votes","300","6TH CONGRESS","Milton 064-0364","1166","0","","0"
"22","0","DuPAGE","0","Under Votes","300","6TH CONGRESS","Milton 078-0387","162","0","","2"
"22","0","DuPAGE","0","Over Votes","300","6TH CONGRESS","Milton 078-0387","162","0","","0"
"22","0","DuPAGE","0","Under Votes","300","6TH CONGRESS","Milton 079-0390","952","0","","18"
"22","0","DuPAGE","0","Over Votes","300","6TH CONGRESS","Milton 079-0390","952","0","","1"
"22","0","DuPAGE","0","Under Votes","300","6TH CONGRESS","Downers Grove 003-0694","39","0","","0"
"22","0","DuPAGE","0","Over Votes","300","6TH CONGRESS","Downers Grove 003-0694","39","0","","0"
"22","0","DuPAGE","0","Under Votes","300","6TH CONGRESS","Downers Grove 004-0697","83","0","","2"
"22","0","DuPAGE","0","Over Votes","300","6TH CONGRESS","Downers Grove 004-0697","83","0","","0"
"22","0","DuPAGE","0","Under Votes","300","6TH CONGRESS","Downers Grove 008-0703","1182","0","","13"
"22","0","DuPAGE","0","Over Votes","300","6TH CONGRESS","Downers Grove 008-0703","1182","0","","0"
"22","0","DuPAGE","0","Under Votes","300","6TH CONGRESS","Downers Grove 018-0726","87","0","","1"
"22","0","DuPAGE","0","Over Votes","300","6TH CONGRESS","Downers Grove 018-0726","87","0","","0"
"22","0","DuPAGE","0","Under Votes","300","6TH CONGRESS","Downers Grove 024-0735","51","0","","1"
"22","0","DuPAGE","0","Over Votes","300","6TH CONGRESS","Downers Grove 024-0735","51","0","","0"
"22","0","DuPAGE","0","Under Votes","300","6TH CONGRESS","Downers Grove 044-0758","311","0","","3"
"22","0","DuPAGE","0","Over Votes","300","6TH CONGRESS","Downers Grove 044-0758","311","0","","0"
"22","0","DuPAGE","0","Over Votes","300","6TH CONGRESS","Downers Grove 046-0761","13","0","","0"
"22","0","DuPAGE","0","Under Votes","300","6TH CONGRESS","Downers Grove 046-0761","13","0","","0"
"22","0","DuPAGE","0","Under Votes","300","6TH CONGRESS","Downers Grove 048-0764","998","0","","18"
"22","0","DuPAGE","0","Over Votes","300","6TH CONGRESS","Downers Grove 048-0764","998","0","","1"
"22","0","DuPAGE","0","Under Votes","300","6TH CONGRESS","Downers Grove 069-0787","196","0","","6"
"22","0","DuPAGE","0","Over Votes","300","6TH CONGRESS","Downers Grove 069-0787","196","0","","0"
"22","0","DuPAGE","0","Over Votes","300","6TH CONGRESS","Downers Grove 071-0790","947","0","","1"
"22","0","DuPAGE","0","Under Votes","300","6TH CONGRESS","Downers Grove 071-0790","947","0","","8"
"22","0","DuPAGE","0","Under Votes","300","6TH CONGRESS","Downers Grove 073-0793","1129","0","","24"
"22","0","DuPAGE","0","Over Votes","300","6TH CONGRESS","Downers Grove 073-0793","1129","0","","1"
"22","0","DuPAGE","0","Under Votes","300","6TH CONGRESS","Downers Grove 091-0816","924","0","","22"
"22","0","DuPAGE","0","Over Votes","300","6TH CONGRESS","Downers Grove 091-0816","924","0","","0"
"22","0","DuPAGE","0","Under Votes","300","6TH CONGRESS","Downers Grove 096-0822","1040","0","","16"
"22","0","DuPAGE","0","Over Votes","300","6TH CONGRESS","Downers Grove 096-0822","1040","0","","0"
"22","0","DuPAGE","0","Under Votes","300","6TH CONGRESS","Lisle 015-0607","50","0","","0"
"22","0","DuPAGE","0","Over Votes","300","6TH CONGRESS","Lisle 015-0607","50","0","","0"
"22","0","DuPAGE","0","Over Votes","300","6TH CONGRESS","Lisle 018-0610","1098","0","","0"
"22","0","DuPAGE","0","Under Votes","300","6TH CONGRESS","Lisle 018-0610","1098","0","","18"
"22","0","DuPAGE","0","Under Votes","300","6TH CONGRESS","Lisle 019-0613","131","0","","2"
"22","0","DuPAGE","0","Over Votes","300","6TH CONGRESS","Lisle 019-0613","131","0","","0"
"22","0","DuPAGE","0","Under Votes","300","6TH CONGRESS","Milton 041-0334","888","0","","14"
"22","0","DuPAGE","0","Over Votes","300","6TH CONGRESS","Milton 041-0334","888","0","","0"
"22","0","DuPAGE","0","Over Votes","300","6TH CONGRESS","Milton 044-0337","1064","0","","1"
"22","0","DuPAGE","0","Under Votes","300","6TH CONGRESS","Milton 044-0337","1064","0","","12"
"22","0","DuPAGE","0","Under Votes","300","6TH CONGRESS","Milton 063-0363","672","0","","7"
"22","0","DuPAGE","0","Over Votes","300","6TH CONGRESS","Milton 063-0363","672","0","","0"
"22","0","DuPAGE","0","Under Votes","300","6TH CONGRESS","Milton 065-0366","5","0","","0"
"22","0","DuPAGE","0","Over Votes","300","6TH CONGRESS","Milton 065-0366","5","0","","0"
"22","0","DuPAGE","0","Over Votes","300","6TH CONGRESS","Milton 067-0369","882","0","","0"
"22","0","DuPAGE","0","Under Votes","300","6TH CONGRESS","Milton 067-0369","882","0","","10"
"22","0","DuPAGE","0","Under Votes","300","6TH CONGRESS","York 001-0395","510","0","","6"
"22","0","DuPAGE","0","Over Votes","300","6TH CONGRESS","York 001-0395","510","0","","0"
"22","0","DuPAGE","0","Over Votes","300","6TH CONGRESS","York 004-0398","1155","0","","0"
"22","0","DuPAGE","0","Under Votes","300","6TH CONGRESS","York 004-0398","1155","0","","23"
"22","0","DuPAGE","0","Under Votes","300","6TH CONGRESS","York 007-0401","1079","0","","22"
"22","0","DuPAGE","0","Over Votes","300","6TH CONGRESS","York 007-0401","1079","0","","0"
"22","0","DuPAGE","0","Under Votes","300","6TH CONGRESS","York 025-0424","1172","0","","12"
"22","0","DuPAGE","0","Over Votes","300","6TH CONGRESS","York 025-0424","1172","0","","0"
"22","0","DuPAGE","0","Over Votes","300","6TH CONGRESS","York 028-0427","870","0","","1"
"22","0","DuPAGE","0","Under Votes","300","6TH CONGRESS","York 028-0427","870","0","","17"
"22","0","DuPAGE","0","Under Votes","300","6TH CONGRESS","York 033-0433","1012","0","","6"
"22","0","DuPAGE","0","Over Votes","300","6TH CONGRESS","Addison 050-0208","975","0","","0"
"22","0","DuPAGE","0","Under Votes","300","6TH CONGRESS","Addison 050-0208","975","0","","19"
"22","0","DuPAGE","0","Over Votes","300","6TH CONGRESS","Addison 053-0211","992","0","","1"
"22","0","DuPAGE","0","Under Votes","300","6TH CONGRESS","Addison 053-0211","992","0","","19"
"22","0","DuPAGE","0","Over Votes","300","6TH CONGRESS","Downers Grove 003-0693","1134","0","","0"
"22","0","DuPAGE","0","Under Votes","300","6TH CONGRESS","Downers Grove 003-0693","1134","0","","16"
"22","0","DuPAGE","0","Over Votes","300","6TH CONGRESS","Downers Grove 004-0696","181","0","","0"
"22","0","DuPAGE","0","Under Votes","300","6TH CONGRESS","Downers Grove 004-0696","181","0","","0"
"22","0","DuPAGE","0","Over Votes","300","6TH CONGRESS","Downers Grove 017-0722","0","0","","0"
"22","0","DuPAGE","0","Under Votes","300","6TH CONGRESS","Downers Grove 017-0722","0","0","","0"
"22","0","DuPAGE","0","Over Votes","300","6TH CONGRESS","Downers Grove 018-0725","104","0","","0"
"22","0","DuPAGE","0","Under Votes","300","6TH CONGRESS","Downers Grove 018-0725","104","0","","1"
"22","0","DuPAGE","0","Over Votes","300","6TH CONGRESS","Downers Grove 039-0751","779","0","","1"
"22","0","DuPAGE","0","Under Votes","300","6TH CONGRESS","Downers Grove 039-0751","779","0","","9"
"22","0","DuPAGE","0","Over Votes","300","6TH CONGRESS","Downers Grove 044-0757","539","0","","0"
"22","0","DuPAGE","0","Under Votes","300","6TH CONGRESS","Downers Grove 044-0757","539","0","","5"
"22","0","DuPAGE","0","Over Votes","300","6TH CONGRESS","Downers Grove 046-0760","1242","0","","0"
"22","0","DuPAGE","0","Under Votes","300","6TH CONGRESS","Downers Grove 046-0760","1242","0","","14"
"22","0","DuPAGE","0","Over Votes","300","6TH CONGRESS","Downers Grove 065-0783","534","0","","1"
"22","0","DuPAGE","0","Under Votes","300","6TH CONGRESS","Downers Grove 065-0783","534","0","","6"
"22","0","DuPAGE","0","Over Votes","300","6TH CONGRESS","Downers Grove 068-0786","1012","0","","1"
"22","0","DuPAGE","0","Under Votes","300","6TH CONGRESS","Downers Grove 068-0786","1012","0","","12"
"22","0","DuPAGE","0","Over Votes","300","6TH CONGRESS","Downers Grove 070-0789","869","0","","0"
"22","0","DuPAGE","0","Under Votes","300","6TH CONGRESS","Downers Grove 070-0789","869","0","","10"
"22","0","DuPAGE","0","Over Votes","300","6TH CONGRESS","Downers Grove 087-0812","1128","0","","1"
"22","0","DuPAGE","0","Under Votes","300","6TH CONGRESS","Downers Grove 087-0812","1128","0","","18"
"22","0","DuPAGE","0","Over Votes","300","6TH CONGRESS","Downers Grove 090-0815","1138","0","","1"
"22","0","DuPAGE","0","Under Votes","300","6TH CONGRESS","Downers Grove 090-0815","1138","0","","24"
"22","0","DuPAGE","0","Over Votes","300","6TH CONGRESS","Downers Grove 093-0818","1194","0","","0"
"22","0","DuPAGE","0","Under Votes","300","6TH CONGRESS","Downers Grove 093-0818","1194","0","","33"
"22","0","DuPAGE","0","Over Votes","300","6TH CONGRESS","Downers Grove 095-0821","819","0","","1"
"22","0","DuPAGE","0","Under Votes","300","6TH CONGRESS","Downers Grove 095-0821","819","0","","21"
"22","0","DuPAGE","0","Over Votes","300","6TH CONGRESS","Lisle 010-0600","602","0","","0"
"22","0","DuPAGE","0","Under Votes","300","6TH CONGRESS","Lisle 010-0600","602","0","","10"
"22","0","DuPAGE","0","Over Votes","300","6TH CONGRESS","Lisle 017-0609","985","0","","0"
"22","0","DuPAGE","0","Under Votes","300","6TH CONGRESS","Lisle 017-0609","985","0","","19"
"22","0","DuPAGE","0","Over Votes","300","6TH CONGRESS","Milton 043-0336","1039","0","","0"
"22","0","DuPAGE","0","Under Votes","300","6TH CONGRESS","Milton 043-0336","1039","0","","11"
"22","0","DuPAGE","0","Over Votes","300","6TH CONGRESS","Milton 046-0339","908","0","","1"
"22","0","DuPAGE","0","Under Votes","300","6TH CONGRESS","Milton 046-0339","908","0","","25"
"22","0","DuPAGE","0","Over Votes","300","6TH CONGRESS","Milton 062-0362","11","0","","0"
"22","0","DuPAGE","0","Under Votes","300","6TH CONGRESS","Milton 062-0362","11","0","","1"
"22","0","DuPAGE","0","Over Votes","300","6TH CONGRESS","Milton 065-0365","874","0","","0"
"22","0","DuPAGE","0","Under Votes","300","6TH CONGRESS","Milton 065-0365","874","0","","14"
"22","0","DuPAGE","0","Over Votes","300","6TH CONGRESS","Milton 066-0368","1057","0","","2"
"22","0","DuPAGE","0","Under Votes","300","6TH CONGRESS","Milton 066-0368","1057","0","","13"
"22","0","DuPAGE","0","Over Votes","300","6TH CONGRESS","Milton 080-0391","971","0","","0"
"22","0","DuPAGE","0","Under Votes","300","6TH CONGRESS","Milton 080-0391","971","0","","16"
"22","0","DuPAGE","0","Over Votes","300","6TH CONGRESS","York 001-0394","587","0","","0"
"22","0","DuPAGE","0","Under Votes","300","6TH CONGRESS","York 001-0394","587","0","","9"
"22","0","DuPAGE","0","Over Votes","300","6TH CONGRESS","York 003-0397","988","0","","0"
"22","0","DuPAGE","0","Under Votes","300","6TH CONGRESS","York 003-0397","988","0","","9"
"22","0","DuPAGE","0","Over Votes","300","6TH CONGRESS","Addison 044-0199","790","0","","2"
"22","0","DuPAGE","0","Under Votes","300","6TH CONGRESS","Addison 044-0199","790","0","","25"
"22","0","DuPAGE","0","Over Votes","300","6TH CONGRESS","Addison 046-0202","1174","0","","2"
"22","0","DuPAGE","0","Under Votes","300","6TH CONGRESS","Addison 046-0202","1174","0","","21"
"22","0","DuPAGE","0","Over Votes","300","6TH CONGRESS","Addison 048-0205","898","0","","1"
"22","0","DuPAGE","0","Under Votes","300","6TH CONGRESS","Addison 048-0205","898","0","","13"
"22","0","DuPAGE","0","Under Votes","300","6TH CONGRESS","Downers Grove 013-0710","1076","0","","10"
"22","0","DuPAGE","0","Over Votes","300","6TH CONGRESS","Downers Grove 013-0710","1076","0","","0"
"22","0","DuPAGE","0","Under Votes","300","6TH CONGRESS","Downers Grove 014-0713","0","0","","0"
"22","0","DuPAGE","0","Over Votes","300","6TH CONGRESS","Downers Grove 014-0713","0","0","","0"
"22","0","DuPAGE","0","Over Votes","300","6TH CONGRESS","Downers Grove 015-0716","6","0","","0"
"22","0","DuPAGE","0","Under Votes","300","6TH CONGRESS","Downers Grove 015-0716","6","0","","0"
"22","0","DuPAGE","0","Over Votes","300","6TH CONGRESS","Downers Grove 016-0719","43","0","","0"
"22","0","DuPAGE","0","Under Votes","300","6TH CONGRESS","Downers Grove 016-0719","43","0","","0"
"22","0","DuPAGE","0","Under Votes","300","6TH CONGRESS","Downers Grove 028-0739","993","0","","5"
"22","0","DuPAGE","0","Over Votes","300","6TH CONGRESS","Downers Grove 028-0739","993","0","","0"
"22","0","DuPAGE","0","Under Votes","300","6TH CONGRESS","Downers Grove 031-0742","1126","0","","15"
"22","0","DuPAGE","0","Over Votes","300","6TH CONGRESS","Downers Grove 031-0742","1126","0","","0"
"22","0","DuPAGE","0","Over Votes","300","6TH CONGRESS","Downers Grove 036-0748","404","0","","0"
"22","0","DuPAGE","0","Under Votes","300","6TH CONGRESS","Downers Grove 036-0748","404","0","","2"
"22","0","DuPAGE","0","Under Votes","300","6TH CONGRESS","Downers Grove 055-0771","494","0","","2"
"22","0","DuPAGE","0","Over Votes","300","6TH CONGRESS","Downers Grove 055-0771","494","0","","0"
"22","0","DuPAGE","0","Under Votes","300","6TH CONGRESS","Downers Grove 057-0774","1232","0","","29"
"22","0","DuPAGE","0","Over Votes","300","6TH CONGRESS","Downers Grove 057-0774","1232","0","","0"
"22","0","DuPAGE","0","Over Votes","300","6TH CONGRESS","Downers Grove 060-0777","1049","0","","2"
"22","0","DuPAGE","0","Under Votes","300","6TH CONGRESS","Downers Grove 060-0777","1049","0","","19"
"22","0","DuPAGE","0","Over Votes","300","6TH CONGRESS","Downers Grove 063-0780","1037","0","","0"
"22","0","DuPAGE","0","Under Votes","300","6TH CONGRESS","Downers Grove 063-0780","1037","0","","10"
"22","0","DuPAGE","0","Under Votes","300","6TH CONGRESS","Downers Grove 079-0800","950","0","","13"
"22","0","DuPAGE","0","Over Votes","300","6TH CONGRESS","Downers Grove 079-0800","950","0","","0"
"22","0","DuPAGE","0","Under Votes","300","6TH CONGRESS","Downers Grove 080-0803","52","0","","1"
"22","0","DuPAGE","0","Over Votes","300","6TH CONGRESS","Downers Grove 080-0803","52","0","","0"
"22","0","DuPAGE","0","Under Votes","300","6TH CONGRESS","Downers Grove 083-0806","1315","0","","24"
"22","0","DuPAGE","0","Over Votes","300","6TH CONGRESS","Downers Grove 083-0806","1315","0","","1"
"22","0","DuPAGE","0","Over Votes","300","6TH CONGRESS","Lisle 008-0597","1138","0","","0"
"22","0","DuPAGE","0","Under Votes","300","6TH CONGRESS","Lisle 008-0597","1138","0","","17"
"22","0","DuPAGE","0","Under Votes","300","6TH CONGRESS","Lisle 025-0620","382","0","","2"
"22","0","DuPAGE","0","Over Votes","300","6TH CONGRESS","Lisle 025-0620","382","0","","0"
"22","0","DuPAGE","0","Over Votes","300","6TH CONGRESS","Lisle 033-0629","620","0","","0"
"22","0","DuPAGE","0","Under Votes","300","6TH CONGRESS","Lisle 033-0629","620","0","","5"
"22","0","DuPAGE","0","Under Votes","300","6TH CONGRESS","Lisle 046-0649","649","0","","4"
"22","0","DuPAGE","0","Over Votes","300","6TH CONGRESS","Lisle 046-0649","649","0","","1"
"22","0","DuPAGE","0","Over Votes","300","6TH CONGRESS","Milton 031-0321","934","0","","2"
"22","0","DuPAGE","0","Under Votes","300","6TH CONGRESS","Milton 031-0321","934","0","","17"
"22","0","DuPAGE","0","Over Votes","300","6TH CONGRESS","Milton 032-0324","192","0","","0"
"22","0","DuPAGE","0","Under Votes","300","6TH CONGRESS","Milton 032-0324","192","0","","1"
"22","0","DuPAGE","0","Over Votes","300","6TH CONGRESS","Milton 035-0327","1246","0","","1"
"22","0","DuPAGE","0","Under Votes","300","6TH CONGRESS","Milton 035-0327","1246","0","","12"
"22","0","DuPAGE","0","Under Votes","300","6TH CONGRESS","Milton 052-0347","1060","0","","25"
"22","0","DuPAGE","0","Over Votes","300","6TH CONGRESS","Milton 052-0347","1060","0","","1"
"22","0","DuPAGE","0","Under Votes","300","6TH CONGRESS","Milton 054-0350","1278","0","","16"
"22","0","DuPAGE","0","Over Votes","300","6TH CONGRESS","Milton 054-0350","1278","0","","0"
"22","0","DuPAGE","0","Over Votes","300","6TH CONGRESS","Downers Grove 007-0702","1135","0","","0"
"22","0","DuPAGE","0","Under Votes","300","6TH CONGRESS","Downers Grove 007-0702","1135","0","","11"
"22","0","DuPAGE","0","Over Votes","300","6TH CONGRESS","Downers Grove 010-0705","449","0","","0"
"22","0","DuPAGE","0","Under Votes","300","6TH CONGRESS","Downers Grove 010-0705","449","0","","7"
"22","0","DuPAGE","0","Over Votes","300","6TH CONGRESS","Downers Grove 012-0708","1104","0","","0"
"22","0","DuPAGE","0","Under Votes","300","6TH CONGRESS","Downers Grove 012-0708","1104","0","","12"
"22","0","DuPAGE","0","Over Votes","300","6TH CONGRESS","Downers Grove 013-0711","0","0","","0"
"22","0","DuPAGE","0","Under Votes","300","6TH CONGRESS","Downers Grove 013-0711","0","0","","0"
"22","0","DuPAGE","0","Over Votes","300","6TH CONGRESS","Downers Grove 024-0734","909","0","","0"
"22","0","DuPAGE","0","Under Votes","300","6TH CONGRESS","Downers Grove 024-0734","909","0","","10"
"22","0","DuPAGE","0","Over Votes","300","6TH CONGRESS","Downers Grove 026-0737","1067","0","","0"
"22","0","DuPAGE","0","Under Votes","300","6TH CONGRESS","Downers Grove 026-0737","1067","0","","7"
"22","0","DuPAGE","0","Over Votes","300","6TH CONGRESS","Downers Grove 029-0740","925","0","","0"
"22","0","DuPAGE","0","Under Votes","300","6TH CONGRESS","Downers Grove 029-0740","925","0","","12"
"22","0","DuPAGE","0","Over Votes","300","6TH CONGRESS","Downers Grove 047-0763","111","0","","0"
"22","0","DuPAGE","0","Under Votes","300","6TH CONGRESS","Downers Grove 047-0763","111","0","","2"
"22","0","DuPAGE","0","Over Votes","300","6TH CONGRESS","Downers Grove 050-0766","931","0","","0"
"22","0","DuPAGE","0","Under Votes","300","6TH CONGRESS","Downers Grove 050-0766","931","0","","26"
"22","0","DuPAGE","0","Over Votes","300","6TH CONGRESS","Downers Grove 053-0769","1191","0","","0"
"22","0","DuPAGE","0","Under Votes","300","6TH CONGRESS","Downers Grove 053-0769","1191","0","","18"
"22","0","DuPAGE","0","Over Votes","300","6TH CONGRESS","Downers Grove 055-0772","443","0","","0"
"22","0","DuPAGE","0","Under Votes","300","6TH CONGRESS","Downers Grove 055-0772","443","0","","7"
"22","0","DuPAGE","0","Over Votes","300","6TH CONGRESS","Downers Grove 072-0792","346","0","","0"
"22","0","DuPAGE","0","Under Votes","300","6TH CONGRESS","Downers Grove 072-0792","346","0","","2"
"22","0","DuPAGE","0","Over Votes","300","6TH CONGRESS","Downers Grove 075-0795","899","0","","0"
"22","0","DuPAGE","0","Under Votes","300","6TH CONGRESS","Downers Grove 075-0795","899","0","","24"
"22","0","DuPAGE","0","Over Votes","300","6TH CONGRESS","Downers Grove 080-0801","552","0","","1"
"22","0","DuPAGE","0","Under Votes","300","6TH CONGRESS","Downers Grove 080-0801","552","0","","4"
"22","0","DuPAGE","0","Over Votes","300","6TH CONGRESS","Lisle 003-0586","59","0","","0"
"22","0","DuPAGE","0","Under Votes","300","6TH CONGRESS","Lisle 003-0586","59","0","","1"
"22","0","DuPAGE","0","Over Votes","300","6TH CONGRESS","Lisle 003-0589","2","0","","0"
"22","0","DuPAGE","0","Under Votes","300","6TH CONGRESS","Lisle 003-0589","2","0","","0"
"22","0","DuPAGE","0","Over Votes","300","6TH CONGRESS","Lisle 019-0612","903","0","","1"
"22","0","DuPAGE","0","Under Votes","300","6TH CONGRESS","Lisle 019-0612","903","0","","15"
"22","0","DuPAGE","0","Over Votes","300","6TH CONGRESS","Lisle 024-0618","777","0","","0"
"22","0","DuPAGE","0","Under Votes","300","6TH CONGRESS","Lisle 024-0618","777","0","","13"
"22","0","DuPAGE","0","Over Votes","300","6TH CONGRESS","Lisle 046-0650","1","0","","0"
"22","0","DuPAGE","0","Under Votes","300","6TH CONGRESS","Lisle 046-0650","1","0","","0"
"22","0","DuPAGE","0","Over Votes","300","6TH CONGRESS","Milton 051-0345","709","0","","2"
"22","0","DuPAGE","0","Under Votes","300","6TH CONGRESS","Milton 051-0345","709","0","","18"
"22","0","DuPAGE","0","Over Votes","300","6TH CONGRESS","Milton 053-0348","765","0","","2"
"22","0","DuPAGE","0","Under Votes","300","6TH CONGRESS","Milton 053-0348","765","0","","9"
"22","0","DuPAGE","0","Over Votes","300","6TH CONGRESS","Milton 072-0377","8","0","","0"
"22","0","DuPAGE","0","Under Votes","300","6TH CONGRESS","Milton 072-0377","8","0","","0"
"22","0","DuPAGE","0","Over Votes","300","6TH CONGRESS","Milton 073-0380","339","0","","0"
"22","0","DuPAGE","0","Under Votes","300","6TH CONGRESS","Milton 073-0380","339","0","","4"
"22","0","DuPAGE","0","Over Votes","300","6TH CONGRESS","York 006-0400","988","0","","0"
"22","0","DuPAGE","0","Under Votes","300","6TH CONGRESS","York 006-0400","988","0","","17"
"22","0","DuPAGE","0","Over Votes","300","6TH CONGRESS","York 008-0403","151","0","","0"
"22","0","DuPAGE","0","Under Votes","300","6TH CONGRESS","York 008-0403","151","0","","1"
"22","0","DuPAGE","0","Over Votes","300","6TH CONGRESS","York 009-0406","1100","0","","0"
"22","0","DuPAGE","0","Under Votes","300","6TH CONGRESS","York 009-0406","1100","0","","23"
"22","0","DuPAGE","0","Under Votes","300","6TH CONGRESS","Downers Grove 005-0698","1156","0","","22"
"22","0","DuPAGE","0","Over Votes","300","6TH CONGRESS","Downers Grove 005-0698","1156","0","","3"
"22","0","DuPAGE","0","Under Votes","300","6TH CONGRESS","Downers Grove 009-0704","1141","0","","8"
"22","0","DuPAGE","0","Over Votes","300","6TH CONGRESS","Downers Grove 009-0704","1141","0","","0"
"22","0","DuPAGE","0","Under Votes","300","6TH CONGRESS","Downers Grove 025-0736","1022","0","","12"
"22","0","DuPAGE","0","Over Votes","300","6TH CONGRESS","Downers Grove 025-0736","1022","0","","0"
"22","0","DuPAGE","0","Under Votes","300","6TH CONGRESS","Downers Grove 045-0759","1126","0","","12"
"22","0","DuPAGE","0","Over Votes","300","6TH CONGRESS","Downers Grove 045-0759","1126","0","","1"
"22","0","DuPAGE","0","Under Votes","300","6TH CONGRESS","Downers Grove 047-0762","1110","0","","14"
"22","0","DuPAGE","0","Over Votes","300","6TH CONGRESS","Downers Grove 047-0762","1110","0","","0"
"22","0","DuPAGE","0","Under Votes","300","6TH CONGRESS","Downers Grove 049-0765","960","0","","24"
"22","0","DuPAGE","0","Over Votes","300","6TH CONGRESS","Downers Grove 049-0765","960","0","","0"
"22","0","DuPAGE","0","Under Votes","300","6TH CONGRESS","Downers Grove 052-0768","946","0","","23"
"22","0","DuPAGE","0","Over Votes","300","6TH CONGRESS","Downers Grove 052-0768","946","0","","0"
"22","0","DuPAGE","0","Under Votes","300","6TH CONGRESS","Downers Grove 069-0788","1055","0","","17"
"22","0","DuPAGE","0","Over Votes","300","6TH CONGRESS","Downers Grove 069-0788","1055","0","","0"
"22","0","DuPAGE","0","Under Votes","300","6TH CONGRESS","Downers Grove 072-0791","691","0","","12"
"22","0","DuPAGE","0","Over Votes","300","6TH CONGRESS","Downers Grove 072-0791","691","0","","0"
"22","0","DuPAGE","0","Under Votes","300","6TH CONGRESS","Downers Grove 074-0794","950","0","","14"
"22","0","DuPAGE","0","Over Votes","300","6TH CONGRESS","Downers Grove 074-0794","950","0","","0"
"22","0","DuPAGE","0","Under Votes","300","6TH CONGRESS","Lisle 002-0585","959","0","","16"
"22","0","DuPAGE","0","Over Votes","300","6TH CONGRESS","Lisle 002-0585","959","0","","1"
"22","0","DuPAGE","0","Under Votes","300","6TH CONGRESS","Lisle 003-0588","0","0","","0"
"22","0","DuPAGE","0","Over Votes","300","6TH CONGRESS","Lisle 003-0588","0","0","","0"
"22","0","DuPAGE","0","Under Votes","300","6TH CONGRESS","Lisle 016-0608","1180","0","","25"
"22","0","DuPAGE","0","Over Votes","300","6TH CONGRESS","Lisle 016-0608","1180","0","","1"
"22","0","DuPAGE","0","Under Votes","300","6TH CONGRESS","Lisle 018-0611","13","0","","1"
"22","0","DuPAGE","0","Over Votes","300","6TH CONGRESS","Lisle 018-0611","13","0","","0"
"22","0","DuPAGE","0","Under Votes","300","6TH CONGRESS","Lisle 023-0617","1262","0","","30"
"22","0","DuPAGE","0","Over Votes","300","6TH CONGRESS","Lisle 023-0617","1262","0","","1"
"22","0","DuPAGE","0","Under Votes","300","6TH CONGRESS","Milton 045-0338","1271","0","","21"
"22","0","DuPAGE","0","Over Votes","300","6TH CONGRESS","Milton 045-0338","1271","0","","0"
"22","0","DuPAGE","0","Under Votes","300","6TH CONGRESS","Milton 050-0344","725","0","","6"
"22","0","DuPAGE","0","Over Votes","300","6TH CONGRESS","Milton 050-0344","725","0","","0"
"22","0","DuPAGE","0","Under Votes","300","6TH CONGRESS","Milton 065-0367","1","0","","0"
"22","0","DuPAGE","0","Over Votes","300","6TH CONGRESS","Milton 065-0367","1","0","","0"
"22","0","DuPAGE","0","Under Votes","300","6TH CONGRESS","York 002-0396","956","0","","10"
"22","0","DuPAGE","0","Over Votes","300","6TH CONGRESS","York 002-0396","956","0","","0"
"22","0","DuPAGE","0","Under Votes","300","6TH CONGRESS","York 007-0402","0","0","","0"
"22","0","DuPAGE","0","Over Votes","300","6TH CONGRESS","York 007-0402","0","0","","0"
"22","0","DuPAGE","0","Under Votes","300","6TH CONGRESS","York 008-0405","0","0","","0"
"22","0","DuPAGE","0","Over Votes","300","6TH CONGRESS","York 008-0405","0","0","","0"
"22","0","DuPAGE","0","Under Votes","300","6TH CONGRESS","York 031-0431","977","0","","20"
"22","0","DuPAGE","0","Over Votes","300","6TH CONGRESS","York 031-0431","977","0","","0"
"22","0","DuPAGE","0","Under Votes","300","6TH CONGRESS","York 034-0434","1062","0","","16"
"22","0","DuPAGE","0","Over Votes","300","6TH CONGRESS","York 034-0434","1062","0","","0"
"22","0","DuPAGE","0","Under Votes","300","6TH CONGRESS","York 037-0437","1155","0","","26"
"22","0","DuPAGE","0","Over Votes","300","6TH CONGRESS","York 037-0437","1155","0","","0"
"22","0","DuPAGE","0","Under Votes","300","6TH CONGRESS","York 055-0457","89","0","","5"
"22","0","DuPAGE","0","Over Votes","300","6TH CONGRESS","York 055-0457","89","0","","0"
"22","0","DuPAGE","0","Under Votes","300","6TH CONGRESS","York 057-0460","5","0","","0"
"22","0","DuPAGE","0","Over Votes","300","6TH CONGRESS","York 057-0460","5","0","","0"
"22","0","DuPAGE","0","Under Votes","300","6TH CONGRESS","York 060-0466","1175","0","","25"
"22","0","DuPAGE","0","Over Votes","300","6TH CONGRESS","York 060-0466","1175","0","","1"
"22","0","DuPAGE","0","Under Votes","300","6TH CONGRESS","York 008-0404","672","0","","9"
"22","0","DuPAGE","0","Over Votes","300","6TH CONGRESS","York 008-0404","672","0","","0"
"22","0","DuPAGE","0","Under Votes","300","6TH CONGRESS","York 010-0407","1303","0","","41"
"22","0","DuPAGE","0","Over Votes","300","6TH CONGRESS","York 010-0407","1303","0","","0"
"22","0","DuPAGE","0","Under Votes","300","6TH CONGRESS","York 013-0410","1204","0","","18"
"22","0","DuPAGE","0","Over Votes","300","6TH CONGRESS","York 013-0410","1204","0","","0"
"22","0","DuPAGE","0","Under Votes","300","6TH CONGRESS","York 016-0413","543","0","","9"
"22","0","DuPAGE","0","Over Votes","300","6TH CONGRESS","York 016-0413","543","0","","1"
"22","0","DuPAGE","0","Under Votes","300","6TH CONGRESS","York 036-0436","1011","0","","23"
"22","0","DuPAGE","0","Over Votes","300","6TH CONGRESS","York 036-0436","1011","0","","0"
"22","0","DuPAGE","0","Under Votes","300","6TH CONGRESS","York 039-0439","926","0","","17"
"22","0","DuPAGE","0","Over Votes","300","6TH CONGRESS","York 039-0439","926","0","","0"
"22","0","DuPAGE","0","Under Votes","300","6TH CONGRESS","York 041-0442","1189","0","","28"
"22","0","DuPAGE","0","Over Votes","300","6TH CONGRESS","York 041-0442","1189","0","","0"
"22","0","DuPAGE","0","Under Votes","300","6TH CONGRESS","York 062-0468","1057","0","","25"
"22","0","DuPAGE","0","Over Votes","300","6TH CONGRESS","York 062-0468","1057","0","","1"
"22","0","DuPAGE","0","Under Votes","300","6TH CONGRESS","York 064-0471","676","0","","23"
"22","0","DuPAGE","0","Over Votes","300","6TH CONGRESS","York 064-0471","676","0","","0"
"22","0","DuPAGE","0","Under Votes","300","6TH CONGRESS","York 066-0474","1111","0","","28"
"22","0","DuPAGE","0","Over Votes","300","6TH CONGRESS","York 066-0474","1111","0","","1"
"22","0","DuPAGE","0","Under Votes","300","6TH CONGRESS","York 077-0494","456","0","","9"
"22","0","DuPAGE","0","Over Votes","300","6TH CONGRESS","York 077-0494","456","0","","0"
"22","0","DuPAGE","0","Under Votes","300","6TH CONGRESS","York 079-0497","704","0","","16"
"22","0","DuPAGE","0","Over Votes","300","6TH CONGRESS","York 079-0497","704","0","","1"
"22","0","DuPAGE","0","Under Votes","300","6TH CONGRESS","York 080-0500","24","0","","0"
"22","0","DuPAGE","0","Over Votes","300","6TH CONGRESS","York 080-0500","24","0","","0"
"22","0","DuPAGE","0","Under Votes","300","6TH CONGRESS","York 082-0503","797","0","","15"
"22","0","DuPAGE","0","Over Votes","300","6TH CONGRESS","York 082-0503","797","0","","2"
"22","0","DuPAGE","0","Under Votes","300","6TH CONGRESS","Milton 081-0393","0","0","","0"
"22","0","DuPAGE","0","Over Votes","300","6TH CONGRESS","Milton 081-0393","0","0","","0"
"22","0","DuPAGE","0","Under Votes","300","6TH CONGRESS","York 017-0416","367","0","","8"
"22","0","DuPAGE","0","Over Votes","300","6TH CONGRESS","York 017-0416","367","0","","1"
"22","0","DuPAGE","0","Under Votes","300","6TH CONGRESS","York 023-0422","1323","0","","20"
"22","0","DuPAGE","0","Over Votes","300","6TH CONGRESS","York 023-0422","1323","0","","0"
"22","0","DuPAGE","0","Under Votes","300","6TH CONGRESS","York 026-0425","951","0","","19"
"22","0","DuPAGE","0","Over Votes","300","6TH CONGRESS","York 026-0425","951","0","","1"
"22","0","DuPAGE","0","Under Votes","300","6TH CONGRESS","York 044-0445","1224","0","","35"
"22","0","DuPAGE","0","Over Votes","300","6TH CONGRESS","York 044-0445","1224","0","","2"
"22","0","DuPAGE","0","Under Votes","300","6TH CONGRESS","York 047-0448","1162","0","","20"
"22","0","DuPAGE","0","Over Votes","300","6TH CONGRESS","York 047-0448","1162","0","","0"
"22","0","DuPAGE","0","Under Votes","300","6TH CONGRESS","York 050-0451","1191","0","","21"
"22","0","DuPAGE","0","Over Votes","300","6TH CONGRESS","York 050-0451","1191","0","","0"
"22","0","DuPAGE","0","Under Votes","300","6TH CONGRESS","York 053-0454","1330","0","","29"
"22","0","DuPAGE","0","Over Votes","300","6TH CONGRESS","York 053-0454","1330","0","","0"
"22","0","DuPAGE","0","Under Votes","300","6TH CONGRESS","York 068-0477","354","0","","6"
"22","0","DuPAGE","0","Over Votes","300","6TH CONGRESS","York 068-0477","354","0","","1"
"22","0","DuPAGE","0","Under Votes","300","6TH CONGRESS","York 070-0480","702","0","","18"
"22","0","DuPAGE","0","Over Votes","300","6TH CONGRESS","York 070-0480","702","0","","2"
"22","0","DuPAGE","0","Under Votes","300","6TH CONGRESS","York 073-0486","872","0","","34"
"22","0","DuPAGE","0","Over Votes","300","6TH CONGRESS","York 073-0486","872","0","","1"
"22","0","DuPAGE","0","Under Votes","300","6TH CONGRESS","York 084-0506","232","0","","2"
"22","0","DuPAGE","0","Over Votes","300","6TH CONGRESS","York 084-0506","232","0","","0"
"22","0","DuPAGE","0","Under Votes","300","6TH CONGRESS","Milton 079-0389","2","0","","0"
"22","0","DuPAGE","0","Over Votes","300","6TH CONGRESS","Milton 079-0389","2","0","","0"
"22","0","DuPAGE","0","Under Votes","300","6TH CONGRESS","Milton 081-0392","905","0","","11"
"22","0","DuPAGE","0","Over Votes","300","6TH CONGRESS","Milton 081-0392","905","0","","0"
"22","0","DuPAGE","0","Over Votes","300","6TH CONGRESS","York 015-0412","1066","0","","0"
"22","0","DuPAGE","0","Under Votes","300","6TH CONGRESS","York 015-0412","1066","0","","17"
"22","0","DuPAGE","0","Over Votes","300","6TH CONGRESS","York 017-0415","842","0","","0"
"22","0","DuPAGE","0","Under Votes","300","6TH CONGRESS","York 017-0415","842","0","","16"
"22","0","DuPAGE","0","Under Votes","300","6TH CONGRESS","York 022-0421","1119","0","","18"
"22","0","DuPAGE","0","Over Votes","300","6TH CONGRESS","York 022-0421","1119","0","","1"
"22","0","DuPAGE","0","Over Votes","300","6TH CONGRESS","York 046-0447","1072","0","","0"
"22","0","DuPAGE","0","Under Votes","300","6TH CONGRESS","York 046-0447","1072","0","","31"
"22","0","DuPAGE","0","Under Votes","300","6TH CONGRESS","York 049-0450","984","0","","16"
"22","0","DuPAGE","0","Over Votes","300","6TH CONGRESS","York 049-0450","984","0","","0"
"22","0","DuPAGE","0","Over Votes","300","6TH CONGRESS","York 065-0473","1230","0","","0"
"22","0","DuPAGE","0","Under Votes","300","6TH CONGRESS","York 065-0473","1230","0","","26"
"22","0","DuPAGE","0","Over Votes","300","6TH CONGRESS","York 068-0476","838","0","","0"
"22","0","DuPAGE","0","Under Votes","300","6TH CONGRESS","York 068-0476","838","0","","15"
"22","0","DuPAGE","0","Under Votes","300","6TH CONGRESS","York 069-0479","945","0","","20"
"22","0","DuPAGE","0","Over Votes","300","6TH CONGRESS","York 069-0479","945","0","","2"
"22","0","DuPAGE","0","Under Votes","300","6TH CONGRESS","York 070-0482","0","0","","0"
"22","0","DuPAGE","0","Over Votes","300","6TH CONGRESS","York 070-0482","0","0","","0"
"22","0","DuPAGE","0","Over Votes","300","6TH CONGRESS","York 081-0502","426","0","","1"
"22","0","DuPAGE","0","Under Votes","300","6TH CONGRESS","York 081-0502","426","0","","1"
"22","0","DuPAGE","0","Over Votes","300","6TH CONGRESS","York 084-0505","932","0","","1"
"22","0","DuPAGE","0","Under Votes","300","6TH CONGRESS","York 084-0505","932","0","","16"
"22","0","DuPAGE","0","Over Votes","300","6TH CONGRESS","FEDERAL-F06","0","0","","0"
"22","0","DuPAGE","0","Under Votes","300","6TH CONGRESS","FEDERAL-F06","0","0","","45"
"22","0","DuPAGE","0","Over Votes","300","6TH CONGRESS","York 033-0433","1012","0","","0"
"22","0","DuPAGE","0","Under Votes","300","6TH CONGRESS","York 055-0456","398","0","","5"
"22","0","DuPAGE","0","Over Votes","300","6TH CONGRESS","York 055-0456","398","0","","0"
"22","0","DuPAGE","0","Over Votes","300","6TH CONGRESS","York 056-0459","662","0","","0"
"22","0","DuPAGE","0","Under Votes","300","6TH CONGRESS","York 056-0459","662","0","","22"
"22","0","DuPAGE","0","Over Votes","300","6TH CONGRESS","York 074-0488","818","0","","1"
"22","0","DuPAGE","0","Under Votes","300","6TH CONGRESS","York 074-0488","818","0","","16"
"22","0","DuPAGE","0","Under Votes","300","6TH CONGRESS","York 075-0491","1138","0","","20"
"22","0","DuPAGE","0","Over Votes","300","6TH CONGRESS","York 075-0491","1138","0","","3"
"22","0","DuPAGE","0","Over Votes","300","6TH CONGRESS","York 021-0420","920","0","","0"
"22","0","DuPAGE","0","Under Votes","300","6TH CONGRESS","York 021-0420","920","0","","12"
"22","0","DuPAGE","0","Over Votes","300","6TH CONGRESS","York 024-0423","1193","0","","1"
"22","0","DuPAGE","0","Under Votes","300","6TH CONGRESS","York 024-0423","1193","0","","22"
"22","0","DuPAGE","0","Over Votes","300","6TH CONGRESS","York 027-0426","825","0","","0"
"22","0","DuPAGE","0","Under Votes","300","6TH CONGRESS","York 027-0426","825","0","","18"
"22","0","DuPAGE","0","Over Votes","300","6TH CONGRESS","York 048-0449","1108","0","","0"
"22","0","DuPAGE","0","Under Votes","300","6TH CONGRESS","York 048-0449","1108","0","","17"
"22","0","DuPAGE","0","Over Votes","300","6TH CONGRESS","York 054-0455","981","0","","1"
"22","0","DuPAGE","0","Under Votes","300","6TH CONGRESS","York 054-0455","981","0","","17"
"22","0","DuPAGE","0","Over Votes","300","6TH CONGRESS","York 055-0458","551","0","","0"
"22","0","DuPAGE","0","Under Votes","300","6TH CONGRESS","York 055-0458","551","0","","9"
"22","0","DuPAGE","0","Over Votes","300","6TH CONGRESS","York 070-0481","184","0","","0"
"22","0","DuPAGE","0","Under Votes","300","6TH CONGRESS","York 070-0481","184","0","","2"
"22","0","DuPAGE","0","Over Votes","300","6TH CONGRESS","York 073-0487","210","0","","0"
"22","0","DuPAGE","0","Under Votes","300","6TH CONGRESS","York 073-0487","210","0","","4"
"22","0","DuPAGE","0","Over Votes","300","6TH CONGRESS","York 074-0490","17","0","","0"
"22","0","DuPAGE","0","Under Votes","300","6TH CONGRESS","York 074-0490","17","0","","0"
"22","0","DuPAGE","0","Over Votes","300","6TH CONGRESS","York 032-0432","765","0","","0"
"22","0","DuPAGE","0","Under Votes","300","6TH CONGRESS","York 032-0432","765","0","","13"
"22","0","DuPAGE","0","Over Votes","300","6TH CONGRESS","York 035-0435","991","0","","0"
"22","0","DuPAGE","0","Under Votes","300","6TH CONGRESS","York 035-0435","991","0","","21"
"22","0","DuPAGE","0","Over Votes","300","6TH CONGRESS","York 038-0438","1196","0","","0"
"22","0","DuPAGE","0","Under Votes","300","6TH CONGRESS","York 038-0438","1196","0","","18"
"22","0","DuPAGE","0","Over Votes","300","6TH CONGRESS","York 041-0441","0","0","","0"
"22","0","DuPAGE","0","Under Votes","300","6TH CONGRESS","York 041-0441","0","0","","0"
"22","0","DuPAGE","0","Over Votes","300","6TH CONGRESS","York 057-0461","1127","0","","1"
"22","0","DuPAGE","0","Under Votes","300","6TH CONGRESS","York 057-0461","1127","0","","30"
"22","0","DuPAGE","0","Over Votes","300","6TH CONGRESS","York 061-0467","1200","0","","1"
"22","0","DuPAGE","0","Under Votes","300","6TH CONGRESS","York 061-0467","1200","0","","20"
"22","0","DuPAGE","0","Over Votes","300","6TH CONGRESS","York 063-0470","113","0","","0"
"22","0","DuPAGE","0","Under Votes","300","6TH CONGRESS","York 063-0470","113","0","","6"
"22","0","DuPAGE","0","Over Votes","300","6TH CONGRESS","York 076-0493","37","0","","0"
"22","0","DuPAGE","0","Under Votes","300","6TH CONGRESS","York 076-0493","37","0","","1"
"22","0","DuPAGE","0","Over Votes","300","6TH CONGRESS","York 080-0499","1100","0","","0"
"22","0","DuPAGE","0","Under Votes","300","6TH CONGRESS","York 080-0499","1100","0","","20"
"22","0","DuPAGE","0","Under Votes","300","6TH CONGRESS","Milton 073-0379","555","0","","2"
"22","0","DuPAGE","0","Over Votes","300","6TH CONGRESS","Milton 073-0379","555","0","","0"
"22","0","DuPAGE","0","Under Votes","300","6TH CONGRESS","Milton 074-0382","898","0","","11"
"22","0","DuPAGE","0","Over Votes","300","6TH CONGRESS","Milton 074-0382","898","0","","1"
"22","0","DuPAGE","0","Over Votes","300","6TH CONGRESS","Milton 078-0388","645","0","","0"
"22","0","DuPAGE","0","Under Votes","300","6TH CONGRESS","Milton 078-0388","645","0","","9"
"22","0","DuPAGE","0","Under Votes","300","6TH CONGRESS","York 014-0411","1014","0","","21"
"22","0","DuPAGE","0","Over Votes","300","6TH CONGRESS","York 014-0411","1014","0","","1"
"22","0","DuPAGE","0","Under Votes","300","6TH CONGRESS","York 016-0414","530","0","","8"
"22","0","DuPAGE","0","Over Votes","300","6TH CONGRESS","York 016-0414","530","0","","0"
"22","0","DuPAGE","0","Over Votes","300","6TH CONGRESS","York 018-0417","1231","0","","0"
"22","0","DuPAGE","0","Under Votes","300","6TH CONGRESS","York 018-0417","1231","0","","28"
"22","0","DuPAGE","0","Under Votes","300","6TH CONGRESS","York 040-0440","1131","0","","18"
"22","0","DuPAGE","0","Over Votes","300","6TH CONGRESS","York 040-0440","1131","0","","1"
"22","0","DuPAGE","0","Under Votes","300","6TH CONGRESS","York 042-0443","1175","0","","17"
"22","0","DuPAGE","0","Over Votes","300","6TH CONGRESS","York 042-0443","1175","0","","0"
"22","0","DuPAGE","0","Over Votes","300","6TH CONGRESS","York 045-0446","1156","0","","0"
"22","0","DuPAGE","0","Under Votes","300","6TH CONGRESS","York 045-0446","1156","0","","17"
"22","0","DuPAGE","0","Under Votes","300","6TH CONGRESS","York 063-0469","806","0","","26"
"22","0","DuPAGE","0","Over Votes","300","6TH CONGRESS","York 063-0469","806","0","","0"
"22","0","DuPAGE","0","Under Votes","300","6TH CONGRESS","York 064-0472","628","0","","16"
"22","0","DuPAGE","0","Over Votes","300","6TH CONGRESS","York 064-0472","628","0","","0"
"22","0","DuPAGE","0","Over Votes","300","6TH CONGRESS","York 067-0475","1111","0","","0"
"22","0","DuPAGE","0","Under Votes","300","6TH CONGRESS","York 067-0475","1111","0","","19"
"22","0","DuPAGE","0","Over Votes","300","6TH CONGRESS","York 068-0478","24","0","","0"
"22","0","DuPAGE","0","Under Votes","300","6TH CONGRESS","York 068-0478","24","0","","0"
"22","0","DuPAGE","0","Under Votes","300","6TH CONGRESS","York 079-0498","422","0","","10"
"22","0","DuPAGE","0","Over Votes","300","6TH CONGRESS","York 079-0498","422","0","","1"
"22","0","DuPAGE","0","Under Votes","300","6TH CONGRESS","York 081-0501","858","0","","9"
"22","0","DuPAGE","0","Over Votes","300","6TH CONGRESS","York 081-0501","858","0","","2"
"22","0","DuPAGE","0","Under Votes","300","6TH CONGRESS","York 083-0504","836","0","","8"
"22","0","DuPAGE","0","Over Votes","300","6TH CONGRESS","York 083-0504","836","0","","0"
"22","0","DuPAGE","0","Under Votes","300","6TH CONGRESS","York 074-0489","305","0","","2"
"22","0","DuPAGE","0","Over Votes","300","6TH CONGRESS","York 074-0489","305","0","","0"
"22","0","DuPAGE","0","Under Votes","300","6TH CONGRESS","York 076-0492","815","0","","10"
"22","0","DuPAGE","0","Over Votes","300","6TH CONGRESS","York 076-0492","815","0","","1"
"22","0","DuPAGE","0","Under Votes","300","6TH CONGRESS","York 077-0495","752","0","","21"
"22","0","DuPAGE","0","Over Votes","300","6TH CONGRESS","York 077-0495","752","0","","0"
